scope_type,scope,method,reference,family,n_configs,n_clusters,mean_ref,mean_method,mean_diff,ci_lo,ci_hi,margin,wilcoxon_p,holm_p,verdict
emp_m,m=0.6,rl301,atc,policy-vs-rule,180,180,456.44054111111114,449.76718111111114,-6.67336000000001,-11.149092111111106,-2.903226111111134,4.564405411111111,1.493563929839868e-05,0.0009857521936943129,inconclusive
emp_m,m=0.6,v2rl302,atc,policy-vs-rule,180,180,456.44054111111114,450.2457377777778,-6.194803333333338,-10.40096986111111,-2.4439451666666705,4.564405411111111,6.944066746215754e-05,0.004096999380267295,inconclusive
emp_m,m=0.6,v2rl303,atc,policy-vs-rule,180,180,456.44054111111114,450.34826333333336,-6.092277777777787,-10.515846527777795,-2.2922595833333386,4.564405411111111,8.182189731955665e-05,0.0047456700445342856,inconclusive
emp_m,m=0.6,v2rl310,atc,policy-vs-rule,180,180,456.44054111111114,450.37308222222225,-6.067458888888891,-9.958210583333337,-2.4852794722222327,4.564405411111111,0.0001220143180257783,0.006710787491417806,inconclusive
emp_m,m=0.6,v2rl305,atc,policy-vs-rule,180,180,456.44054111111114,450.53495888888887,-5.905582222222234,-10.130748583333363,-2.024033555555581,4.564405411111111,0.00023828896387732192,0.01119958130223413,inconclusive
emp_m,m=0.6,v2rl304,atc,policy-vs-rule,180,180,456.44054111111114,450.5671966666667,-5.873344444444446,-10.093347305555552,-2.322189,4.564405411111111,0.00013273589812356102,0.007035002600548734,inconclusive
emp_m,m=0.6,v2at302,atc,policy-vs-rule,180,180,456.44054111111114,450.73348,-5.707061111111126,-10.10702563888891,-1.6014965277777795,4.564405411111111,0.000348284822914622,0.014976247385328746,inconclusive
emp_m,m=0.6,v2rl308,atc,policy-vs-rule,180,180,456.44054111111114,450.9750855555555,-5.465455555555574,-9.228710722222237,-2.2004607222222385,4.564405411111111,0.00010024109986649712,0.005613501592523839,inconclusive
emp_m,m=0.6,v2rl307,atc,policy-vs-rule,180,180,456.44054111111114,451.133908888889,-5.306632222222236,-9.755184972222231,-1.4231259166666659,4.564405411111111,0.0003587552389978604,0.015067720037910137,inconclusive
emp_m,m=0.6,rl302,atc,policy-vs-rule,180,180,456.44054111111114,451.1882166666667,-5.252324444444459,-8.93436422222226,-2.1320486111111174,4.564405411111111,1.3580427617147279e-05,0.0009098886503488677,inconclusive
emp_m,m=0.6,v2at310,atc,policy-vs-rule,180,180,456.44054111111114,451.2267455555555,-5.213795555555565,-8.855449805555542,-2.0488091944444635,4.564405411111111,0.00024053538605254301,0.01119958130223413,inconclusive
emp_m,m=0.6,rollcp2,atc,optimizer-vs-rule,48,48,515.1568375,510.04646249999996,-5.110374999999994,-11.759243437499995,-0.4929883333333402,5.151568375000001,0.9316900688045499,1.0,inconclusive
emp_m,m=0.6,v2rl301,atc,policy-vs-rule,180,180,456.44054111111114,451.6493433333334,-4.791197777777791,-8.959667805555549,-1.038429750000005,4.564405411111111,0.0020928377886427884,0.07534216039114039,inconclusive
emp_m,m=0.6,rl303,atc,policy-vs-rule,180,180,456.44054111111114,451.66047777777777,-4.780063333333334,-8.533674472222186,-1.3995188055555585,4.564405411111111,0.0003111318282396968,0.013716308919427853,inconclusive
emp_m,m=0.6,edd,atc,rule-vs-rule,180,180,456.44054111111114,451.7136088888889,-4.726932222222232,-8.017174555555572,-1.8255357500000062,4.564405411111111,0.00011890609974290849,0.0009512487979432679,inconclusive
emp_m,m=0.6,pfifo,atc,rule-vs-rule,180,180,456.44054111111114,451.7136088888889,-4.726932222222232,-8.076187444444459,-1.8278810555555618,4.564405411111111,0.00011890609974290849,0.0009512487979432679,inconclusive
emp_m,m=0.6,v2rl309,atc,policy-vs-rule,180,180,456.44054111111114,453.4443677777777,-2.9961733333333376,-5.543409972222221,-0.7730043333333494,4.564405411111111,0.0022963469943226514,0.0803721448012928,inconclusive
emp_m,m=0.6,v2rl306,atc,policy-vs-rule,180,180,456.44054111111114,453.91020555555554,-2.53033555555557,-6.454147194444447,1.1018846111110898,4.564405411111111,0.015855887069854146,0.4122530638162078,inconclusive
emp_m,m=0.6,v2at309,atc,policy-vs-rule,180,180,456.44054111111114,454.16026777777773,-2.280273333333338,-4.193699027777793,-0.5326496666666649,4.564405411111111,0.00037653898208648103,0.01541437947368979,equivalent
emp_m,m=0.6,v2at308,atc,policy-vs-rule,180,180,456.44054111111114,454.7867177777777,-1.653823333333347,-3.7571292222222303,0.13499294444443038,4.564405411111111,0.0817418442205618,1.0,equivalent
emp_m,m=0.6,v2at306,atc,policy-vs-rule,180,180,456.44054111111114,455.0103877777778,-1.4301533333333456,-3.4183705000000137,0.3309033333333257,4.564405411111111,0.1890338170879361,1.0,equivalent
emp_m,m=0.6,wmdd,atc,rule-vs-rule,180,180,456.44054111111114,455.0836822222222,-1.3568588888889024,-3.162414888888932,0.5232628611110977,4.564405411111111,0.006308526046010378,0.018925578138031134,equivalent
emp_m,m=0.6,v2at307,atc,policy-vs-rule,180,180,456.44054111111114,455.959341111111,-0.4812000000000133,-2.2440363055555674,1.300050527777775,4.564405411111111,0.891320915742294,1.0,equivalent
emp_m,m=0.6,v2at304,atc,policy-vs-rule,180,180,456.44054111111114,456.7358433333334,0.29530222222222335,-1.0943268333333132,1.7181449444444457,4.564405411111111,0.3128633760208328,1.0,equivalent
emp_m,m=0.6,v2at303,atc,policy-vs-rule,180,180,456.44054111111114,457.78533888888893,1.3447977777777662,-0.041033888888883215,2.7768576944444243,4.564405411111111,0.007074967369633561,0.21224902108900684,equivalent
emp_m,m=0.6,v2at305,atc,policy-vs-rule,180,180,456.44054111111114,458.3245488888889,1.884007777777766,-3.6818025833333277,8.99004830555554,4.564405411111111,0.23878336784992327,1.0,inconclusive
emp_m,m=0.6,v2at301,atc,policy-vs-rule,180,180,456.44054111111114,460.80076,4.360218888888873,-0.142495333333327,10.532083361111063,4.564405411111111,0.29443578316765706,1.0,inconclusive
emp_m,m=0.6,wspt,atc,rule-vs-rule,180,180,456.44054111111114,463.7768022222222,7.336261111111104,4.239666444444457,11.288086194444448,4.564405411111111,3.704361412490384e-10,6.667850542482692e-09,inconclusive
emp_m,m=0.6,random,atc,rule-vs-rule,180,180,456.44054111111114,479.31515777777776,22.874616666666654,5.337207861111106,54.739185249999984,4.564405411111111,2.31535670195526e-08,3.2414993827373637e-07,worse
emp_m,m=0.6,lpt,atc,rule-vs-rule,180,180,456.44054111111114,536.7492233333334,80.3086822222222,16.171345472222214,183.10282099999992,4.564405411111111,0.0006040525666137902,0.0024162102664551607,worse
emp_m,m=0.6,rl301,edd,policy-vs-rule,180,180,451.7136088888889,449.76718111111114,-1.946427777777777,-3.373054305555532,-0.7539442222222235,4.517136088888889,0.0004409382679493639,0.01719659245002519,equivalent
emp_m,m=0.6,v2rl302,edd,policy-vs-rule,180,180,451.7136088888889,450.2457377777778,-1.4678711111111056,-3.052919666666656,-0.007219472222214109,4.517136088888889,0.0012433854792003867,0.04600526273041431,equivalent
emp_m,m=0.6,v2rl303,edd,policy-vs-rule,180,180,451.7136088888889,450.34826333333336,-1.3653455555555543,-3.086653583333322,0.29739025000000197,4.517136088888889,0.00723749486912432,0.21224902108900684,equivalent
emp_m,m=0.6,v2rl310,edd,policy-vs-rule,180,180,451.7136088888889,450.37308222222225,-1.3405266666666587,-2.59313422222222,-0.2812822499999942,4.517136088888889,0.003940289016585944,0.1260892485307502,equivalent
emp_m,m=0.6,v2rl305,edd,policy-vs-rule,180,180,451.7136088888889,450.53495888888887,-1.1786500000000015,-3.249903055555565,1.1260433055555266,4.517136088888889,0.019136708854110035,0.45928101249864084,equivalent
emp_m,m=0.6,v2rl304,edd,policy-vs-rule,180,180,451.7136088888889,450.5671966666667,-1.1464122222222122,-2.5204627777777864,0.013734138888900101,4.517136088888889,0.032427612126453696,0.6162873437021006,equivalent
emp_m,m=0.6,v2at302,edd,policy-vs-rule,180,180,451.7136088888889,450.73348,-0.980128888888892,-2.9547180277777896,1.2725777777777645,4.517136088888889,0.014339678173575664,0.3871713106865429,equivalent
emp_m,m=0.6,v2rl308,edd,policy-vs-rule,180,180,451.7136088888889,450.9750855555555,-0.7385233333333421,-1.6921184722222282,0.16580166666665874,4.517136088888889,0.11241357383313315,1.0,equivalent
emp_m,m=0.6,rollcp2,edd,optimizer-vs-rule,48,48,510.69773333333325,510.04646249999996,-0.6512708333333269,-1.9964078124999853,0.3929163541666664,5.106977333333332,0.17021959595917513,0.5106587878775254,equivalent
emp_m,m=0.6,v2rl307,edd,policy-vs-rule,180,180,451.7136088888889,451.133908888889,-0.5797000000000025,-2.8142856944444476,1.86234577777775,4.517136088888889,0.030814367185105027,0.6162873437021006,equivalent
emp_m,m=0.6,rl302,edd,policy-vs-rule,180,180,451.7136088888889,451.1882166666667,-0.5253922222222258,-2.3763795555555625,1.4359206111111062,4.517136088888889,0.026398980713274567,0.5807775756920405,equivalent
emp_m,m=0.6,v2at310,edd,policy-vs-rule,180,180,451.7136088888889,451.2267455555555,-0.4868633333333326,-1.6403456111111052,0.6638677500000061,4.517136088888889,0.24881125102715607,1.0,equivalent
emp_m,m=0.6,v2rl301,edd,policy-vs-rule,180,180,451.7136088888889,451.6493433333334,-0.06426555555555764,-2.4916477777777737,2.828554888888872,4.517136088888889,0.048674875673469,0.827472886448973,equivalent
emp_m,m=0.6,rl303,edd,policy-vs-rule,180,180,451.7136088888889,451.66047777777777,-0.053131111111101526,-1.9991615277777763,2.239734194444448,4.517136088888889,0.26513225086229597,1.0,equivalent
emp_m,m=0.6,pfifo,edd,rule-vs-rule,180,180,451.7136088888889,451.7136088888889,0.0,0.0,0.0,4.517136088888889,1.0,1.0,equivalent
emp_m,m=0.6,v2rl309,edd,policy-vs-rule,180,180,451.7136088888889,453.4443677777777,1.7307588888888956,0.1752413611111068,3.735110722222236,4.517136088888889,0.07155485678840796,1.0,equivalent
emp_m,m=0.6,v2rl306,edd,policy-vs-rule,180,180,451.7136088888889,453.91020555555554,2.1965966666666636,-0.9945493888888883,6.416387249999979,4.517136088888889,0.25281290101640796,1.0,inconclusive
emp_m,m=0.6,v2at309,edd,policy-vs-rule,180,180,451.7136088888889,454.16026777777773,2.4466588888888947,0.8800269722222274,4.280691944444473,4.517136088888889,0.0032159320975066147,0.10612575921771829,equivalent
emp_m,m=0.6,v2at308,edd,policy-vs-rule,180,180,451.7136088888889,454.7867177777777,3.073108888888886,0.25704147222222046,6.223868888888884,4.517136088888889,0.00662912155778059,0.2055027682911983,inconclusive
emp_m,m=0.6,v2at306,edd,policy-vs-rule,180,180,451.7136088888889,455.0103877777778,3.2967788888888867,1.3487141666666649,5.617865999999999,4.517136088888889,0.0003759604749680436,0.01541437947368979,inconclusive
emp_m,m=0.6,wmdd,edd,rule-vs-rule,180,180,451.7136088888889,455.0836822222222,3.3700733333333304,1.6959803611111073,5.341586583333323,4.517136088888889,1.821529714896801e-05,0.00020036826863864811,inconclusive
emp_m,m=0.6,v2at307,edd,policy-vs-rule,180,180,451.7136088888889,455.959341111111,4.24573222222222,1.1857433333333323,7.517520166666662,4.517136088888889,0.00012622926971487844,0.0068163805646034355,inconclusive
emp_m,m=0.6,atc,edd,rule-vs-rule,180,180,451.7136088888889,456.44054111111114,4.726932222222232,1.8405593333333345,8.070829722222243,4.517136088888889,0.00011890609974290849,0.0009512487979432679,inconclusive
emp_m,m=0.6,v2at304,edd,policy-vs-rule,180,180,451.7136088888889,456.7358433333334,5.0222344444444555,2.3448164166666916,8.15314372222222,4.517136088888889,0.00016891209875471262,0.008445604937735631,inconclusive
emp_m,m=0.6,v2at303,edd,policy-vs-rule,180,180,451.7136088888889,457.78533888888893,6.07173,2.2667003055555526,10.374058999999994,4.517136088888889,1.166196997404656e-05,0.0007930139582351661,inconclusive
emp_m,m=0.6,v2at305,edd,policy-vs-rule,180,180,451.7136088888889,458.3245488888889,6.6109399999999985,0.29017952777778455,15.501686694444432,4.517136088888889,0.9090071978307225,1.0,inconclusive
emp_m,m=0.6,v2at301,edd,policy-vs-rule,180,180,451.7136088888889,460.80076,9.087151111111107,2.603558027777778,17.5844640555555,4.517136088888889,5.7915441569540844e-05,0.0035907573773115323,inconclusive
emp_m,m=0.6,wspt,edd,rule-vs-rule,180,180,451.7136088888889,463.7768022222222,12.063193333333338,6.457269861111109,18.99051905555556,4.517136088888889,1.3715752508367479e-09,2.3316779264224714e-08,worse
emp_m,m=0.6,random,edd,rule-vs-rule,180,180,451.7136088888889,479.31515777777776,27.60154888888888,7.746442999999997,64.16067377777777,4.517136088888889,1.1957750927807627e-08,1.793662639171144e-07,worse
emp_m,m=0.6,lpt,edd,rule-vs-rule,180,180,451.7136088888889,536.7492233333334,85.03561444444443,19.51414861111111,190.06017444444439,4.517136088888889,1.2499734857520773e-05,0.00014999681829024929,worse
emp_m,m=0.6,rl301,wmdd,policy-vs-rule,180,180,455.0836822222222,449.76718111111114,-5.316501111111108,-8.345056000000007,-2.751169555555559,4.550836822222222,6.28108477823397e-06,0.00043339484969814396,inconclusive
emp_m,m=0.6,v2rl302,wmdd,policy-vs-rule,180,180,455.0836822222222,450.2457377777778,-4.837944444444435,-7.963180749999971,-2.219945138888886,4.550836822222222,3.458491896137269e-05,0.002213434813527852,inconclusive
emp_m,m=0.6,v2rl303,wmdd,policy-vs-rule,180,180,455.0836822222222,450.34826333333336,-4.735418888888884,-7.847550416666675,-1.9514921111111125,4.550836822222222,0.00014305384791016862,0.007438800091328768,inconclusive
emp_m,m=0.6,v2rl310,wmdd,policy-vs-rule,180,180,455.0836822222222,450.37308222222225,-4.710599999999988,-7.401061138888878,-2.393142277777757,4.550836822222222,5.877456668415793e-05,0.0035907573773115323,inconclusive
emp_m,m=0.6,v2rl305,wmdd,policy-vs-rule,180,180,455.0836822222222,450.53495888888887,-4.5487233333333315,-7.951915138888883,-1.353023027777776,4.550836822222222,0.0003048068648761745,0.013716308919427853,inconclusive
emp_m,m=0.6,v2rl304,wmdd,policy-vs-rule,180,180,455.0836822222222,450.5671966666667,-4.516485555555542,-7.46612991666664,-2.0651898888888898,4.550836822222222,5.5648397659557105e-05,0.0035058490525520978,inconclusive
emp_m,m=0.6,v2at302,wmdd,policy-vs-rule,180,180,455.0836822222222,450.73348,-4.350202222222222,-7.597385944444449,-1.2895373888888886,4.550836822222222,0.00021519523566044334,0.01032937131170128,inconclusive
emp_m,m=0.6,v2rl308,wmdd,policy-vs-rule,180,180,455.0836822222222,450.9750855555555,-4.1085966666666724,-6.588143666666687,-1.9671823888888933,4.550836822222222,6.32604563950427e-05,0.003795627383702562,inconclusive
emp_m,m=0.6,v2rl307,wmdd,policy-vs-rule,180,180,455.0836822222222,451.133908888889,-3.949773333333332,-7.158437833333303,-0.90797494444445,4.550836822222222,0.00014771976188914803,0.00753370785634655,inconclusive
emp_m,m=0.6,rl302,wmdd,policy-vs-rule,180,180,455.0836822222222,451.1882166666667,-3.8954655555555555,-6.509512638888903,-1.7724944166666652,4.550836822222222,1.9496331812351264e-05,0.001267261567802832,inconclusive
emp_m,m=0.6,v2at310,wmdd,policy-vs-rule,180,180,455.0836822222222,451.2267455555555,-3.8569366666666625,-6.22231930555556,-1.81156041666668,4.550836822222222,8.903407221320521e-05,0.005074942116152697,inconclusive
emp_m,m=0.6,rollcp2,wmdd,optimizer-vs-rule,48,48,513.6243833333333,510.04646249999996,-3.5779208333333457,-7.915030625000042,-0.367398958333325,5.136243833333333,0.8863972494842908,1.0,inconclusive
emp_m,m=0.6,v2rl301,wmdd,policy-vs-rule,180,180,455.0836822222222,451.6493433333334,-3.4343388888888877,-6.5786981666666735,-0.3274132500000088,4.550836822222222,0.0029472179607470846,0.10020541066540087,inconclusive
emp_m,m=0.6,rl303,wmdd,policy-vs-rule,180,180,455.0836822222222,451.66047777777777,-3.4232044444444316,-6.256963111111081,-0.6184141666666474,4.550836822222222,0.0005849790896741733,0.022229205407618583,inconclusive
emp_m,m=0.6,edd,wmdd,rule-vs-rule,180,180,455.0836822222222,451.7136088888889,-3.3700733333333304,-5.311227750000014,-1.707547555555549,4.550836822222222,1.821529714896801e-05,0.00020036826863864811,inconclusive
emp_m,m=0.6,pfifo,wmdd,rule-vs-rule,180,180,455.0836822222222,451.7136088888889,-3.3700733333333304,-5.394060416666654,-1.6958420833333283,4.550836822222222,1.821529714896801e-05,0.00020036826863864811,inconclusive
emp_m,m=0.6,v2rl309,wmdd,policy-vs-rule,180,180,455.0836822222222,453.4443677777777,-1.6393144444444345,-3.2807200833333314,-0.2928013611111038,4.550836822222222,0.017544485258678084,0.4386121314669521,equivalent
emp_m,m=0.6,v2rl306,wmdd,policy-vs-rule,180,180,455.0836822222222,453.91020555555554,-1.1734766666666667,-4.530813777777781,2.2519512777777866,4.550836822222222,0.04276119836352022,0.769701570543364,equivalent
emp_m,m=0.6,v2at309,wmdd,policy-vs-rule,180,180,455.0836822222222,454.16026777777773,-0.9234144444444355,-1.8146519166666577,-0.14524436111110417,4.550836822222222,0.027247400579327702,0.5807775756920405,equivalent
emp_m,m=0.6,v2at308,wmdd,policy-vs-rule,180,180,455.0836822222222,454.7867177777777,-0.29696444444444425,-2.832660333333327,1.8111146388888797,4.550836822222222,0.9616750144091413,1.0,equivalent
emp_m,m=0.6,v2at306,wmdd,policy-vs-rule,180,180,455.0836822222222,455.0103877777778,-0.07329444444444301,-1.206711222222227,0.9945771388888924,4.550836822222222,0.9248941074579895,1.0,equivalent
emp_m,m=0.6,v2at307,wmdd,policy-vs-rule,180,180,455.0836822222222,455.959341111111,0.8756588888888893,-1.6669503888888817,3.1538281111111295,4.550836822222222,0.07249395284280363,1.0,equivalent
emp_m,m=0.6,atc,wmdd,rule-vs-rule,180,180,455.0836822222222,456.44054111111114,1.3568588888889024,-0.4884581944444258,3.178831194444471,4.550836822222222,0.006308526046010378,0.018925578138031134,equivalent
emp_m,m=0.6,v2at304,wmdd,policy-vs-rule,180,180,455.0836822222222,456.7358433333334,1.652161111111126,0.2668682500000125,3.2109215277778143,4.550836822222222,0.01970151322424328,0.45928101249864084,equivalent
emp_m,m=0.6,v2at303,wmdd,policy-vs-rule,180,180,455.0836822222222,457.78533888888893,2.701656666666669,-0.1699027777777825,5.583858472222226,4.550836822222222,0.00019381666224116414,0.009497016449817043,inconclusive
emp_m,m=0.6,v2at305,wmdd,policy-vs-rule,180,180,455.0836822222222,458.3245488888889,3.240866666666669,-2.3344939444444424,10.951613444444435,4.550836822222222,0.4284300285458069,1.0,inconclusive
emp_m,m=0.6,v2at301,wmdd,policy-vs-rule,180,180,455.0836822222222,460.80076,5.717077777777775,0.42905363888889253,12.546487333333312,4.550836822222222,0.013487642636120376,0.37765399381137055,inconclusive
emp_m,m=0.6,wspt,wmdd,rule-vs-rule,180,180,455.0836822222222,463.7768022222222,8.693120000000006,4.394790138888888,13.853388361111113,4.550836822222222,3.3833353035890285e-09,5.4133364857424456e-08,inconclusive
emp_m,m=0.6,random,wmdd,rule-vs-rule,180,180,455.0836822222222,479.31515777777776,24.23147555555556,5.564564249999995,56.83971161111112,4.550836822222222,2.2316724856385043e-07,2.9011742313300558e-06,worse
emp_m,m=0.6,lpt,wmdd,rule-vs-rule,180,180,455.0836822222222,536.7492233333334,81.66554111111111,16.771584499999996,189.42595374999993,4.550836822222222,0.00037297862528716183,0.0018648931264358092,worse
emp_m,m=0.8,rl301,atc,policy-vs-rule,180,180,448.1663633333332,446.21380777777773,-1.9525555555555447,-3.3965303333333106,-0.7779823888888822,4.481663633333333,0.0006549583433856954,0.04519212569361298,equivalent
emp_m,m=0.8,v2at302,atc,policy-vs-rule,180,180,448.1663633333332,446.2681099999999,-1.8982533333333256,-3.425994833333311,-0.6403090000000045,4.481663633333333,0.0027077077180259045,0.16246246308155426,equivalent
emp_m,m=0.8,v2rl301,atc,policy-vs-rule,180,180,448.1663633333332,446.28743666666657,-1.8789266666666578,-3.3874746666666353,-0.6170337222222186,4.481663633333333,0.004455352355471741,0.24504437955094574,equivalent
emp_m,m=0.8,v2rl307,atc,policy-vs-rule,180,180,448.1663633333332,446.29960777777774,-1.8667555555555453,-3.3444967777777697,-0.6294760555555521,4.481663633333333,0.0031429285311656034,0.1854327833387706,equivalent
emp_m,m=0.8,v2rl305,atc,policy-vs-rule,180,180,448.1663633333332,446.3163366666667,-1.8500266666666565,-3.339780888888866,-0.6314207222222146,4.481663633333333,0.002282193441519148,0.14377818681570634,equivalent
emp_m,m=0.8,rl302,atc,policy-vs-rule,180,180,448.1663633333332,446.31804555555556,-1.848317777777769,-3.326143333333319,-0.658034944444442,4.481663633333333,0.0017853777699830878,0.11426417727891762,equivalent
emp_m,m=0.8,v2rl303,atc,policy-vs-rule,180,180,448.1663633333332,446.31832333333347,-1.8480399999999928,-3.2254889999999836,-0.6873815555555572,4.481663633333333,0.0011233790034369743,0.07577454401465913,equivalent
emp_m,m=0.8,v2rl302,atc,policy-vs-rule,180,180,448.1663633333332,446.3246544444444,-1.8417088888888786,-3.2906076111110902,-0.6288908333333296,4.481663633333333,0.002282193441519148,0.14377818681570634,equivalent
emp_m,m=0.8,v2rl310,atc,policy-vs-rule,180,180,448.1663633333332,446.37114777777776,-1.7952155555555473,-3.321291611111089,-0.5539016666666663,4.481663633333333,0.009871788182927657,0.4541022564146722,equivalent
emp_m,m=0.8,rollcp2,atc,optimizer-vs-rule,48,48,507.82965416666667,506.0364666666667,-1.7931874999999977,-4.895887916666661,-0.014438125000000308,5.078296541666667,0.113725149057248,0.113725149057248,equivalent
emp_m,m=0.8,v2rl308,atc,policy-vs-rule,180,180,448.1663633333332,446.4653388888888,-1.7010244444444365,-3.178713722222213,-0.5236727777777801,4.481663633333333,0.0042856952994814864,0.24428463207044473,equivalent
emp_m,m=0.8,rl303,atc,policy-vs-rule,180,180,448.1663633333332,446.59543666666667,-1.5709266666666581,-2.8310242777777583,-0.5328270555555588,4.481663633333333,0.0011233790034369743,0.07577454401465913,equivalent
emp_m,m=0.8,v2rl304,atc,policy-vs-rule,180,180,448.1663633333332,446.63492999999994,-1.5314333333333268,-2.8025152777777733,-0.5064822222222172,4.481663633333333,0.003765222173888809,0.21838288608555093,equivalent
emp_m,m=0.8,edd,atc,rule-vs-rule,180,180,448.1663633333332,446.6359855555555,-1.530377777777769,-2.7720891944444372,-0.5461265555555547,4.481663633333333,0.0023655770533978757,0.02838692464077451,equivalent
emp_m,m=0.8,pfifo,atc,rule-vs-rule,180,180,448.1663633333332,446.6359855555555,-1.530377777777769,-2.7301864444444064,-0.5365563333333154,4.481663633333333,0.0023655770533978757,0.02838692464077451,equivalent
emp_m,m=0.8,v2at305,atc,policy-vs-rule,180,180,448.1663633333332,446.66172555555556,-1.5046377777777673,-3.027923444444435,-0.3005040555555511,4.481663633333333,0.02772031386394524,0.9424906713741382,equivalent
emp_m,m=0.8,v2at310,atc,policy-vs-rule,180,180,448.1663633333332,446.7143077777777,-1.4520555555555468,-2.6647889999999834,-0.4445081666666677,4.481663633333333,0.0042856952994814864,0.24428463207044473,equivalent
emp_m,m=0.8,v2rl306,atc,policy-vs-rule,180,180,448.1663633333332,446.7369966666667,-1.429366666666656,-2.963072277777759,-0.11571222222221923,4.481663633333333,0.015085824244536002,0.6034329697814401,equivalent
emp_m,m=0.8,v2rl309,atc,policy-vs-rule,180,180,448.1663633333332,447.14385666666664,-1.0225066666666573,-1.9660754999999865,-0.2594636111111143,4.481663633333333,0.007169734292803208,0.3656564489329636,equivalent
emp_m,m=0.8,v2at309,atc,policy-vs-rule,180,180,448.1663633333332,447.5261677777778,-0.6401955555555465,-1.3360115555555285,-0.15708444444444214,4.481663633333333,0.007685794055213263,0.3799111541031623,equivalent
emp_m,m=0.8,wmdd,atc,rule-vs-rule,180,180,448.1663633333332,447.546668888889,-0.6196944444444333,-1.3454613611110955,-0.07385294444443716,4.481663633333333,0.05046060861109359,0.25230304305546797,equivalent
emp_m,m=0.8,v2at308,atc,policy-vs-rule,180,180,448.1663633333332,447.6761966666667,-0.49016666666665776,-1.2600598888888839,0.060207666666678816,4.481663633333333,0.19801240045685709,1.0,equivalent
emp_m,m=0.8,v2at306,atc,policy-vs-rule,180,180,448.1663633333332,447.8619255555556,-0.3044377777777661,-0.8760559444444315,0.16293183333334288,4.481663633333333,0.4703377962613965,1.0,equivalent
emp_m,m=0.8,v2at304,atc,policy-vs-rule,180,180,448.1663633333332,447.9981022222223,-0.16826111111110137,-0.6332500833333279,0.16726180555555742,4.481663633333333,0.6944398006355911,1.0,equivalent
emp_m,m=0.8,v2at307,atc,policy-vs-rule,180,180,448.1663633333332,448.12008888888886,-0.04627444444443572,-0.8287461111111004,0.714630083333344,4.481663633333333,0.6318194543788418,1.0,equivalent
emp_m,m=0.8,v2at303,atc,policy-vs-rule,180,180,448.1663633333332,448.22959666666674,0.06323333333334094,-0.4797803888888859,0.5456760000000029,4.481663633333333,0.38341175034774766,1.0,equivalent
emp_m,m=0.8,v2at301,atc,policy-vs-rule,180,180,448.1663633333332,449.8277633333333,1.661400000000005,-0.27267233333333113,4.487831555555557,4.481663633333333,0.14853614643738033,1.0,inconclusive
emp_m,m=0.8,wspt,atc,rule-vs-rule,180,180,448.1663633333332,450.36247,2.196106666666666,1.364366055555555,3.164319055555552,4.481663633333333,3.631423132845855e-07,6.173419325837953e-06,equivalent
emp_m,m=0.8,random,atc,rule-vs-rule,180,180,448.1663633333332,450.5859366666666,2.419573333333342,0.6498272222222278,4.9254523888889095,4.481663633333333,0.0017063576642319274,0.022182649635015057,inconclusive
emp_m,m=0.8,lpt,atc,rule-vs-rule,180,180,448.1663633333332,455.3309055555556,7.164542222222232,-0.07875855555555093,18.2864936111111,4.481663633333333,0.20456441569175576,0.4091288313835115,inconclusive
emp_m,m=0.8,rollcp2,edd,optimizer-vs-rule,48,48,506.54738333333336,506.0364666666667,-0.5109166666666655,-1.33013729166667,0.06076729166666382,5.065473833333334,0.028524000718169275,0.08557200215450783,equivalent
emp_m,m=0.8,rl301,edd,policy-vs-rule,180,180,446.6359855555555,446.21380777777773,-0.42217777777777565,-0.8995014166666649,-0.061889611111111666,4.466359855555555,0.02312980249735946,0.8326728899049406,equivalent
emp_m,m=0.8,v2at302,edd,policy-vs-rule,180,180,446.6359855555555,446.2681099999999,-0.3678755555555565,-0.9578027222222232,0.19164655555555385,4.466359855555555,0.1094211588192293,1.0,equivalent
emp_m,m=0.8,v2rl301,edd,policy-vs-rule,180,180,446.6359855555555,446.28743666666657,-0.348548888888889,-0.9326081944444455,0.19280158333333222,4.466359855555555,0.12404279309009482,1.0,equivalent
emp_m,m=0.8,v2rl307,edd,policy-vs-rule,180,180,446.6359855555555,446.29960777777774,-0.3363777777777764,-0.8871995555555524,0.2007669722222217,4.466359855555555,0.07473549830588254,1.0,equivalent
emp_m,m=0.8,v2rl305,edd,policy-vs-rule,180,180,446.6359855555555,446.3163366666667,-0.31964888888888776,-0.8295907777777778,0.18312511111110982,4.466359855555555,0.0735939238114404,1.0,equivalent
emp_m,m=0.8,rl302,edd,policy-vs-rule,180,180,446.6359855555555,446.31804555555556,-0.3179400000000003,-0.7478098333333324,0.06788069444444408,4.466359855555555,0.03304694365260125,1.0,equivalent
emp_m,m=0.8,v2rl303,edd,policy-vs-rule,180,180,446.6359855555555,446.31832333333347,-0.317662222222224,-0.77113702777778,0.07584805555555338,4.466359855555555,0.03546470751403722,1.0,equivalent
emp_m,m=0.8,v2rl302,edd,policy-vs-rule,180,180,446.6359855555555,446.3246544444444,-0.3113311111111099,-0.8421499999999991,0.20727613888888904,4.466359855555555,0.04132685891250041,1.0,equivalent
emp_m,m=0.8,v2rl310,edd,policy-vs-rule,180,180,446.6359855555555,446.37114777777776,-0.26483777777777856,-0.7743528333333364,0.25697861111110887,4.466359855555555,0.17873740941968186,1.0,equivalent
emp_m,m=0.8,v2rl308,edd,policy-vs-rule,180,180,446.6359855555555,446.4653388888888,-0.17064666666666772,-0.5702468333333335,0.2898924999999985,4.466359855555555,0.09948088075636449,1.0,equivalent
emp_m,m=0.8,rl303,edd,policy-vs-rule,180,180,446.6359855555555,446.59543666666667,-0.04054888888888929,-0.6346062777777788,0.6854968333333334,4.466359855555555,0.3454475304692258,1.0,equivalent
emp_m,m=0.8,v2rl304,edd,policy-vs-rule,180,180,446.6359855555555,446.63492999999994,-0.0010555555555577536,-0.41082597222222456,0.4383464444444423,4.466359855555555,0.972125329731665,1.0,equivalent
emp_m,m=0.8,pfifo,edd,rule-vs-rule,180,180,446.6359855555555,446.6359855555555,0.0,0.0,0.0,4.466359855555555,1.0,1.0,equivalent
emp_m,m=0.8,v2at305,edd,policy-vs-rule,180,180,446.6359855555555,446.66172555555556,0.02574000000000151,-0.5364612777777776,0.6642197500000011,4.466359855555555,0.4955208830566151,1.0,equivalent
emp_m,m=0.8,v2at310,edd,policy-vs-rule,180,180,446.6359855555555,446.7143077777777,0.07832222222222214,-0.47842830555555627,0.6299205555555563,4.466359855555555,0.7221076526150257,1.0,equivalent
emp_m,m=0.8,v2rl306,edd,policy-vs-rule,180,180,446.6359855555555,446.7369966666667,0.10101111111111279,-0.556518694444446,0.9390802500000056,4.466359855555555,0.33053567270784123,1.0,equivalent
emp_m,m=0.8,v2rl309,edd,policy-vs-rule,180,180,446.6359855555555,447.14385666666664,0.5078711111111116,0.11498405555555632,1.0099372777777784,4.466359855555555,0.030286568823091303,0.999456771162013,equivalent
emp_m,m=0.8,v2at309,edd,policy-vs-rule,180,180,446.6359855555555,447.5261677777778,0.8901822222222223,0.19031477777777683,1.773723083333333,4.466359855555555,0.02079521585359911,0.7694229865831671,equivalent
emp_m,m=0.8,wmdd,edd,rule-vs-rule,180,180,446.6359855555555,447.546668888889,0.9106833333333355,0.32232688888888894,1.6625650277777875,4.466359855555555,0.005033508200606249,0.04530157380545624,equivalent
emp_m,m=0.8,v2at308,edd,policy-vs-rule,180,180,446.6359855555555,447.6761966666667,1.0402111111111112,0.14238455555555504,2.1054288888888903,4.466359855555555,0.05973901545539241,1.0,equivalent
emp_m,m=0.8,v2at306,edd,policy-vs-rule,180,180,446.6359855555555,447.8619255555556,1.2259400000000027,0.39216061111111367,2.248621916666672,4.466359855555555,0.010746783005343858,0.4836052352404736,equivalent
emp_m,m=0.8,v2at304,edd,policy-vs-rule,180,180,446.6359855555555,447.9981022222223,1.3621166666666675,0.3664616111111104,2.544286527777778,4.466359855555555,0.013103614110038467,0.5617503158219312,equivalent
emp_m,m=0.8,v2at307,edd,policy-vs-rule,180,180,446.6359855555555,448.12008888888886,1.4841033333333333,0.5041787777777771,2.721146833333337,4.466359855555555,0.0011143315296273401,0.07577454401465913,equivalent
emp_m,m=0.8,atc,edd,rule-vs-rule,180,180,446.6359855555555,448.1663633333332,1.530377777777769,0.5274171666666684,2.756036583333318,4.466359855555555,0.0023655770533978757,0.02838692464077451,equivalent
emp_m,m=0.8,v2at303,edd,policy-vs-rule,180,180,446.6359855555555,448.22959666666674,1.59361111111111,0.5532028888888969,2.873590999999987,4.466359855555555,0.0013232490063517005,0.08601118541286053,equivalent
emp_m,m=0.8,v2at301,edd,policy-vs-rule,180,180,446.6359855555555,449.8277633333333,3.191777777777774,0.6526683333333354,6.870562333333322,4.466359855555555,0.00513664098583828,0.27737861323526714,inconclusive
emp_m,m=0.8,wspt,edd,rule-vs-rule,180,180,446.6359855555555,450.36247,3.726484444444435,2.182704305555553,5.5673639999999915,4.466359855555555,2.4735962576351706e-07,4.452473263743307e-06,inconclusive
emp_m,m=0.8,random,edd,rule-vs-rule,180,180,446.6359855555555,450.5859366666666,3.949951111111111,1.5798970555555576,7.260414305555555,4.466359855555555,6.9487600923465525e-06,0.00010423140138519828,inconclusive
emp_m,m=0.8,lpt,edd,rule-vs-rule,180,180,446.6359855555555,455.3309055555556,8.69492,1.1445353055555556,20.200114749999987,4.466359855555555,0.0176206611104818,0.1057239666628908,inconclusive
emp_m,m=0.8,rl301,wmdd,policy-vs-rule,180,180,447.546668888889,446.21380777777773,-1.3328611111111113,-2.3734981111111098,-0.48269891666666354,4.47546668888889,0.002610776740525937,0.15925738117208216,equivalent
emp_m,m=0.8,v2at302,wmdd,policy-vs-rule,180,180,447.546668888889,446.2681099999999,-1.2785588888888921,-2.419085666666673,-0.3553110277777799,4.47546668888889,0.011285575373529618,0.49656531643530316,equivalent
emp_m,m=0.8,v2rl301,wmdd,policy-vs-rule,180,180,447.546668888889,446.28743666666657,-1.2592322222222245,-2.359845638888884,-0.3304896111111147,4.47546668888889,0.01306396083306817,0.5617503158219312,equivalent
emp_m,m=0.8,v2rl307,wmdd,policy-vs-rule,180,180,447.546668888889,446.29960777777774,-1.2470611111111118,-2.332609055555561,-0.3386323888888916,4.47546668888889,0.007598223082063245,0.3799111541031623,equivalent
emp_m,m=0.8,v2rl305,wmdd,policy-vs-rule,180,180,447.546668888889,446.3163366666667,-1.2303322222222233,-2.3390539166666624,-0.3445070000000041,4.47546668888889,0.008360653818070695,0.40131138326739335,equivalent
emp_m,m=0.8,rl302,wmdd,policy-vs-rule,180,180,447.546668888889,446.31804555555556,-1.2286233333333358,-2.2882440277777825,-0.3678983611111116,4.47546668888889,0.005385665016640753,0.2800545808653192,equivalent
emp_m,m=0.8,v2rl303,wmdd,policy-vs-rule,180,180,447.546668888889,446.31832333333347,-1.2283455555555596,-2.2241649722222268,-0.4119435000000009,4.47546668888889,0.005233909190788298,0.2773971871117798,equivalent
emp_m,m=0.8,v2rl302,wmdd,policy-vs-rule,180,180,447.546668888889,446.3246544444444,-1.2220144444444454,-2.291158777777779,-0.34440827777778055,4.47546668888889,0.008360653818070695,0.40131138326739335,equivalent
emp_m,m=0.8,rollcp2,wmdd,optimizer-vs-rule,48,48,507.2193041666667,506.0364666666667,-1.1828374999999969,-3.3753731249999905,0.0606681249999884,5.072193041666667,0.028524000718169275,0.08557200215450783,equivalent
emp_m,m=0.8,v2rl310,wmdd,policy-vs-rule,180,180,447.546668888889,446.37114777777776,-1.1755211111111141,-2.2499888888888884,-0.2664668333333367,4.47546668888889,0.042833322418377666,1.0,equivalent
emp_m,m=0.8,v2rl308,wmdd,policy-vs-rule,180,180,447.546668888889,446.4653388888888,-1.0813300000000032,-2.0695354722222206,-0.24163175000000173,4.47546668888889,0.018566712279734197,0.7055350666298995,equivalent
emp_m,m=0.8,rl303,wmdd,policy-vs-rule,180,180,447.546668888889,446.59543666666667,-0.9512322222222249,-1.880814138888897,-0.1977696388888919,4.47546668888889,0.013150364234284668,0.5617503158219312,equivalent
emp_m,m=0.8,v2rl304,wmdd,policy-vs-rule,180,180,447.546668888889,446.63492999999994,-0.9117388888888933,-1.744461694444444,-0.2158470555555558,4.47546668888889,0.017058718531494516,0.6652900227282861,equivalent
emp_m,m=0.8,edd,wmdd,rule-vs-rule,180,180,447.546668888889,446.6359855555555,-0.9106833333333355,-1.6457830555555595,-0.3121433888888909,4.47546668888889,0.005033508200606249,0.04530157380545624,equivalent
emp_m,m=0.8,pfifo,wmdd,rule-vs-rule,180,180,447.546668888889,446.6359855555555,-0.9106833333333355,-1.6313223888888857,-0.3134396666666689,4.47546668888889,0.005033508200606249,0.04530157380545624,equivalent
emp_m,m=0.8,v2at305,wmdd,policy-vs-rule,180,180,447.546668888889,446.66172555555556,-0.8849433333333341,-1.9527273611111093,-0.02169991666666285,4.47546668888889,0.07586833499439012,1.0,equivalent
emp_m,m=0.8,v2at310,wmdd,policy-vs-rule,180,180,447.546668888889,446.7143077777777,-0.8323611111111134,-1.6845847222222288,-0.1415065277777803,4.47546668888889,0.025842854459788903,0.9044999060926117,equivalent
emp_m,m=0.8,v2rl306,wmdd,policy-vs-rule,180,180,447.546668888889,446.7369966666667,-0.8096722222222228,-1.9000394999999988,0.16855255555555382,4.47546668888889,0.055719324352751155,1.0,equivalent
emp_m,m=0.8,v2rl309,wmdd,policy-vs-rule,180,180,447.546668888889,447.14385666666664,-0.402812222222224,-0.9107216944444498,0.024285611111109627,4.47546668888889,0.038607051842430073,1.0,equivalent
emp_m,m=0.8,v2at309,wmdd,policy-vs-rule,180,180,447.546668888889,447.5261677777778,-0.020501111111113187,-0.4052593333333363,0.376537250000002,4.47546668888889,0.8657723749926214,1.0,equivalent
emp_m,m=0.8,v2at308,wmdd,policy-vs-rule,180,180,447.546668888889,447.6761966666667,0.12952777777777555,-0.513978666666673,0.7386584722222215,4.47546668888889,0.5524933360016062,1.0,equivalent
emp_m,m=0.8,v2at306,wmdd,policy-vs-rule,180,180,447.546668888889,447.8619255555556,0.31525666666666724,-0.2758441111111112,0.9412422222222255,4.47546668888889,0.24537722677371787,1.0,equivalent
emp_m,m=0.8,v2at304,wmdd,policy-vs-rule,180,180,447.546668888889,447.9981022222223,0.45143333333333197,-0.3093851944444487,1.3295785000000018,4.47546668888889,0.23931654122149526,1.0,equivalent
emp_m,m=0.8,v2at307,wmdd,policy-vs-rule,180,180,447.546668888889,448.12008888888886,0.5734199999999976,-0.13776344444444538,1.366336416666666,4.47546668888889,0.042833322418377666,1.0,equivalent
emp_m,m=0.8,atc,wmdd,rule-vs-rule,180,180,447.546668888889,448.1663633333332,0.6196944444444333,0.06939402777777522,1.3552555555555392,4.47546668888889,0.05046060861109359,0.25230304305546797,equivalent
emp_m,m=0.8,v2at303,wmdd,policy-vs-rule,180,180,447.546668888889,448.22959666666674,0.6829277777777742,-0.09041711111110733,1.5708286111110983,4.47546668888889,0.04418697638786797,1.0,equivalent
emp_m,m=0.8,v2at301,wmdd,policy-vs-rule,180,180,447.546668888889,449.8277633333333,2.2810944444444385,0.17906461111111288,5.351195805555531,4.47546668888889,0.039235867249424204,1.0,inconclusive
emp_m,m=0.8,wspt,wmdd,rule-vs-rule,180,180,447.546668888889,450.36247,2.815801111111099,1.6690818888888783,4.169287861111097,4.47546668888889,3.6474706049101315e-07,6.173419325837953e-06,equivalent
emp_m,m=0.8,random,wmdd,rule-vs-rule,180,180,447.546668888889,450.5859366666666,3.0392677777777757,1.0777980277777761,5.844316416666665,4.47546668888889,0.0002669815329454508,0.0037377414612363115,inconclusive
emp_m,m=0.8,lpt,wmdd,rule-vs-rule,180,180,447.546668888889,455.3309055555556,7.784236666666663,0.6093272777777755,19.168039666666655,4.47546668888889,0.12585852473931722,0.3775755742179516,inconclusive
emp_m,m=1.0,v2rl302,atc,policy-vs-rule,180,180,445.5551500000001,444.6810166666667,-0.8741333333333341,-1.653575388888892,-0.2644853888888892,4.455551500000001,0.012792160247732852,0.8442825763503682,equivalent
emp_m,m=1.0,v2rl308,atc,policy-vs-rule,180,180,445.5551500000001,444.70772111111114,-0.8474288888888906,-1.5946568333333329,-0.23488033333333763,4.455551500000001,0.022909099354356588,1.0,equivalent
emp_m,m=1.0,v2rl310,atc,policy-vs-rule,180,180,445.5551500000001,444.7120755555556,-0.8430744444444431,-1.5905411111111099,-0.22627875,4.455551500000001,0.032854219928643694,1.0,equivalent
emp_m,m=1.0,v2at302,atc,policy-vs-rule,180,180,445.5551500000001,444.7160244444445,-0.8391255555555579,-1.5895300833333372,-0.2249746388888898,4.455551500000001,0.04986020375690694,1.0,equivalent
emp_m,m=1.0,v2rl303,atc,policy-vs-rule,180,180,445.5551500000001,444.73146333333335,-0.8236866666666659,-1.538556333333331,-0.24746444444444474,4.455551500000001,0.012792160247732852,0.8442825763503682,equivalent
emp_m,m=1.0,v2rl301,atc,policy-vs-rule,180,180,445.5551500000001,444.75599888888894,-0.7991511111111137,-1.539076388888888,-0.22100211111111287,4.455551500000001,0.0280561241492436,1.0,equivalent
emp_m,m=1.0,v2rl305,atc,policy-vs-rule,180,180,445.5551500000001,444.76037666666673,-0.7947733333333371,-1.5603831666666708,-0.17863316666667026,4.455551500000001,0.05462393825457164,1.0,equivalent
emp_m,m=1.0,v2rl304,atc,policy-vs-rule,180,180,445.5551500000001,444.7625444444445,-0.7926055555555543,-1.517027472222219,-0.20868980555555497,4.455551500000001,0.02182427562605354,1.0,equivalent
emp_m,m=1.0,rl301,atc,policy-vs-rule,180,180,445.5551500000001,444.7627211111112,-0.7924288888888893,-1.4681456111111126,-0.22933772222222262,4.455551500000001,0.012515318690073973,0.8385263522349562,equivalent
emp_m,m=1.0,rl302,atc,policy-vs-rule,180,180,445.5551500000001,444.76439444444446,-0.7907555555555549,-1.5088164444444419,-0.2155720555555554,4.455551500000001,0.012792160247732852,0.8442825763503682,equivalent
emp_m,m=1.0,v2at310,atc,policy-vs-rule,180,180,445.5551500000001,444.7653422222222,-0.789807777777778,-1.552112388888885,-0.2094814444444428,4.455551500000001,0.009344113002204883,0.6353996841499321,equivalent
emp_m,m=1.0,v2rl307,atc,policy-vs-rule,180,180,445.5551500000001,444.7699366666667,-0.7852133333333323,-1.492516055555553,-0.20930827777777755,4.455551500000001,0.02182427562605354,1.0,equivalent
emp_m,m=1.0,v2rl306,atc,policy-vs-rule,180,180,445.5551500000001,444.85855888888887,-0.6965911111111108,-1.3795286111111082,-0.1720341111111119,4.455551500000001,0.012792160247732852,0.8442825763503682,equivalent
emp_m,m=1.0,edd,atc,rule-vs-rule,180,180,445.5551500000001,444.8689277777778,-0.6862222222222215,-1.3733932222222205,-0.17014972222222213,4.455551500000001,0.017290280592906253,0.24206392830068754,equivalent
emp_m,m=1.0,pfifo,atc,rule-vs-rule,180,180,445.5551500000001,444.8689277777778,-0.6862222222222215,-1.3424241666666643,-0.16760033333333324,4.455551500000001,0.017290280592906253,0.24206392830068754,equivalent
emp_m,m=1.0,v2at305,atc,policy-vs-rule,180,180,445.5551500000001,444.89322555555555,-0.6619244444444417,-1.35724583333333,-0.1342895555555537,4.455551500000001,0.04085984371280629,1.0,equivalent
emp_m,m=1.0,rl303,atc,policy-vs-rule,180,180,445.5551500000001,444.9024455555555,-0.6527044444444429,-1.3540973333333306,-0.12940161111110904,4.455551500000001,0.032854219928643694,1.0,equivalent
emp_m,m=1.0,v2rl309,atc,policy-vs-rule,180,180,445.5551500000001,444.95305222222225,-0.6020977777777768,-1.3033651666666644,-0.08595405555555577,4.455551500000001,0.07446183141740546,1.0,equivalent
emp_m,m=1.0,rollcp2,atc,optimizer-vs-rule,48,48,506.2956541666667,505.80811666666676,-0.48753749999998713,-1.5527924999999734,0.0636172916666946,5.062956541666667,0.006706840891103933,0.006706840891103933,equivalent
emp_m,m=1.0,v2at309,atc,policy-vs-rule,180,180,445.5551500000001,445.18099,-0.3741600000000004,-0.8052791111111115,-0.05699999999999995,4.455551500000001,0.017960477526078766,1.0,equivalent
emp_m,m=1.0,v2at308,atc,policy-vs-rule,180,180,445.5551500000001,445.25143333333335,-0.3037166666666629,-0.7910445000000011,0.08491905555556581,4.455551500000001,0.1386406338132186,1.0,equivalent
emp_m,m=1.0,v2at307,atc,policy-vs-rule,180,180,445.5551500000001,445.25178555555556,-0.3033644444444448,-0.785721500000001,0.03884444444444439,4.455551500000001,0.17552335081205495,1.0,equivalent
emp_m,m=1.0,wmdd,atc,rule-vs-rule,180,180,445.5551500000001,445.3319900000001,-0.2231599999999964,-0.619868888888879,0.0020488888888893246,4.455551500000001,0.11585149752593009,0.6951089851555805,equivalent
emp_m,m=1.0,v2at306,atc,policy-vs-rule,180,180,445.5551500000001,445.4323655555556,-0.12278444444444415,-0.3424444444444444,0.06610444444444473,4.455551500000001,0.22491588401596185,1.0,equivalent
emp_m,m=1.0,lpt,atc,rule-vs-rule,180,180,445.5551500000001,445.5785988888889,0.023448888888888558,-1.0487836666666643,1.4687793333333334,4.455551500000001,0.43262594902013973,1.0,equivalent
emp_m,m=1.0,v2at303,atc,policy-vs-rule,180,180,445.5551500000001,445.63895222222226,0.08380222222222594,-0.21258100000000082,0.40561755555556994,4.455551500000001,0.4838398513935682,1.0,equivalent
emp_m,m=1.0,v2at304,atc,policy-vs-rule,180,180,445.5551500000001,445.6654066666666,0.11025666666666846,-0.12573752777777727,0.4096277222222245,4.455551500000001,0.5281061253470647,1.0,equivalent
emp_m,m=1.0,v2at301,atc,policy-vs-rule,180,180,445.5551500000001,445.8835966666666,0.32844666666666755,-0.18517850000000008,0.9049913333333357,4.455551500000001,0.19144640357050802,1.0,equivalent
emp_m,m=1.0,random,atc,rule-vs-rule,180,180,445.5551500000001,446.3160666666667,0.7609166666666632,-0.07256766666666997,1.8921251666666643,4.455551500000001,0.040135536373545506,0.40135536373545505,equivalent
emp_m,m=1.0,wspt,atc,rule-vs-rule,180,180,445.5551500000001,446.6459477777778,1.0907977777777802,0.5483858333333353,1.722373055555563,4.455551500000001,5.270288664905682e-05,0.0008432461863849091,equivalent
emp_m,m=1.0,v2rl302,edd,policy-vs-rule,180,180,444.8689277777778,444.6810166666667,-0.1879111111111126,-0.4063898333333375,-0.02611333333333366,4.4486892777777785,0.03546586462402558,1.0,equivalent
emp_m,m=1.0,v2rl308,edd,policy-vs-rule,180,180,444.8689277777778,444.70772111111114,-0.16120666666666905,-0.351767666666671,-0.010180000000000038,4.4486892777777785,0.06607796498102106,1.0,equivalent
emp_m,m=1.0,v2rl310,edd,policy-vs-rule,180,180,444.8689277777778,444.7120755555556,-0.15685222222222175,-0.352251333333332,-0.003617777777777952,4.4486892777777785,0.1230251939731705,1.0,equivalent
emp_m,m=1.0,v2at302,edd,policy-vs-rule,180,180,444.8689277777778,444.7160244444445,-0.1529033333333364,-0.366272722222227,0.008772222222220528,4.4486892777777785,0.1730709208049953,1.0,equivalent
emp_m,m=1.0,v2rl303,edd,policy-vs-rule,180,180,444.8689277777778,444.73146333333335,-0.13746444444444436,-0.3251210555555552,0.003893333333333102,4.4486892777777785,0.16142946236708333,1.0,equivalent
emp_m,m=1.0,v2rl301,edd,policy-vs-rule,180,180,444.8689277777778,444.75599888888894,-0.11292888888889223,-0.33010166666667096,0.05068055555555545,4.4486892777777785,0.6566419342620566,1.0,equivalent
emp_m,m=1.0,v2rl305,edd,policy-vs-rule,180,180,444.8689277777778,444.76037666666673,-0.10855111111111565,-0.3411466666666705,0.07983966666666031,4.4486892777777785,0.5935291566024776,1.0,equivalent
emp_m,m=1.0,v2rl304,edd,policy-vs-rule,180,180,444.8689277777778,444.7625444444445,-0.10638333333333286,-0.3141843055555539,0.0669063055555554,4.4486892777777785,0.23588521058805278,1.0,equivalent
emp_m,m=1.0,rl301,edd,policy-vs-rule,180,180,444.8689277777778,444.7627211111112,-0.10620666666666767,-0.2775391111111125,0.01512483333333169,4.4486892777777785,0.21352435403618242,1.0,equivalent
emp_m,m=1.0,rl302,edd,policy-vs-rule,180,180,444.8689277777778,444.76439444444446,-0.10453333333333335,-0.238068944444444,-0.010188888888888907,4.4486892777777785,0.06297905121445523,1.0,equivalent
emp_m,m=1.0,v2at310,edd,policy-vs-rule,180,180,444.8689277777778,444.7653422222222,-0.10358555555555647,-0.35304075000000446,0.13250111111111126,4.4486892777777785,0.344118496135312,1.0,equivalent
emp_m,m=1.0,v2rl307,edd,policy-vs-rule,180,180,444.8689277777778,444.7699366666667,-0.09899111111111078,-0.2983819444444437,0.05770611111111136,4.4486892777777785,0.40081416938293446,1.0,equivalent
emp_m,m=1.0,rollcp2,edd,optimizer-vs-rule,48,48,505.82771249999996,505.80811666666676,-0.019595833333321266,-0.1450474999999873,0.05329395833337911,5.058277125,0.0006916092756661167,0.00207482782699835,equivalent
emp_m,m=1.0,v2rl306,edd,policy-vs-rule,180,180,444.8689277777778,444.85855888888887,-0.010368888888889356,-0.1734904444444436,0.16113633333333097,4.4486892777777785,0.9527650219907529,1.0,equivalent
emp_m,m=1.0,pfifo,edd,rule-vs-rule,180,180,444.8689277777778,444.8689277777778,0.0,0.0,0.0,4.4486892777777785,1.0,1.0,equivalent
emp_m,m=1.0,v2at305,edd,policy-vs-rule,180,180,444.8689277777778,444.89322555555555,0.02429777777777989,-0.16979222222222176,0.26137272222223024,4.4486892777777785,0.9527650219907529,1.0,equivalent
emp_m,m=1.0,rl303,edd,policy-vs-rule,180,180,444.8689277777778,444.9024455555555,0.03351777777777861,-0.20666266666666694,0.3681114444444472,4.4486892777777785,0.30962890273063304,1.0,equivalent
emp_m,m=1.0,v2rl309,edd,policy-vs-rule,180,180,444.8689277777778,444.95305222222225,0.08412444444444465,-0.08813438888888869,0.28496255555555683,4.4486892777777785,0.44126813332892967,1.0,equivalent
emp_m,m=1.0,v2at309,edd,policy-vs-rule,180,180,444.8689277777778,445.18099,0.31206222222222113,-0.017097777777778194,0.81304222222222,4.4486892777777785,0.3454475304692257,1.0,equivalent
emp_m,m=1.0,v2at308,edd,policy-vs-rule,180,180,444.8689277777778,445.25143333333335,0.38250555555555854,-0.07607555555555558,1.0583784444444542,4.4486892777777785,0.3104944343172349,1.0,equivalent
emp_m,m=1.0,v2at307,edd,policy-vs-rule,180,180,444.8689277777778,445.25178555555556,0.3828577777777767,-0.04511111111111177,0.9445980555555521,4.4486892777777785,0.12819017434510785,1.0,equivalent
emp_m,m=1.0,wmdd,edd,rule-vs-rule,180,180,444.8689277777778,445.3319900000001,0.4630622222222251,0.10517333333333327,0.9378005555555572,4.4486892777777785,0.043114446783075355,0.40135536373545505,equivalent
emp_m,m=1.0,v2at306,edd,policy-vs-rule,180,180,444.8689277777778,445.4323655555556,0.5634377777777774,0.12488055555555568,1.1268150555555538,4.4486892777777785,0.02506184434388362,1.0,equivalent
emp_m,m=1.0,atc,edd,rule-vs-rule,180,180,444.8689277777778,445.5551500000001,0.6862222222222215,0.17484000000000038,1.3405241666666643,4.4486892777777785,0.017290280592906253,0.24206392830068754,equivalent
emp_m,m=1.0,lpt,edd,rule-vs-rule,180,180,444.8689277777778,445.5785988888889,0.70967111111111,-0.07620227777778207,2.107501388888894,4.4486892777777785,0.1823383541807685,0.729353416723074,equivalent
emp_m,m=1.0,v2at303,edd,policy-vs-rule,180,180,444.8689277777778,445.63895222222226,0.7700244444444474,0.1281719444444442,1.6271305000000047,4.4486892777777785,0.038151710173415135,1.0,equivalent
emp_m,m=1.0,v2at304,edd,policy-vs-rule,180,180,444.8689277777778,445.6654066666666,0.79647888888889,0.17168444444444445,1.6366216666666673,4.4486892777777785,0.017960477526078766,1.0,equivalent
emp_m,m=1.0,v2at301,edd,policy-vs-rule,180,180,444.8689277777778,445.8835966666666,1.0146688888888893,0.28983999999999965,1.9355834444444449,4.4486892777777785,0.002976637011170516,0.20538795377076563,equivalent
emp_m,m=1.0,random,edd,rule-vs-rule,180,180,444.8689277777778,446.3160666666667,1.4471388888888845,0.4718036388888853,2.8144874166666654,4.4486892777777785,0.00025021619831076065,0.0037532429746614097,equivalent
emp_m,m=1.0,wspt,edd,rule-vs-rule,180,180,444.8689277777778,446.6459477777778,1.7770200000000016,0.8064506111111106,2.9670826111111106,4.4486892777777785,3.072115880664133e-05,0.000552980858519544,equivalent
emp_m,m=1.0,v2rl302,wmdd,policy-vs-rule,180,180,445.3319900000001,444.6810166666667,-0.6509733333333377,-1.2714762777777868,-0.1619928888888888,4.453319900000001,0.020879263166351643,1.0,equivalent
emp_m,m=1.0,v2rl308,wmdd,policy-vs-rule,180,180,445.3319900000001,444.70772111111114,-0.6242688888888941,-1.2069895555555703,-0.15341038888889344,4.453319900000001,0.03665792867221451,1.0,equivalent
emp_m,m=1.0,v2rl310,wmdd,policy-vs-rule,180,180,445.3319900000001,444.7120755555556,-0.6199144444444469,-1.2306476666666752,-0.13542177777777795,4.453319900000001,0.038151710173415135,1.0,equivalent
emp_m,m=1.0,v2at302,wmdd,policy-vs-rule,180,180,445.3319900000001,444.7160244444445,-0.6159655555555615,-1.2172646388888946,-0.13734397222222414,4.453319900000001,0.05933611988090862,1.0,equivalent
emp_m,m=1.0,v2rl303,wmdd,policy-vs-rule,180,180,445.3319900000001,444.73146333333335,-0.6005266666666694,-1.1643006111111147,-0.14921100000000034,4.453319900000001,0.020879263166351643,1.0,equivalent
emp_m,m=1.0,v2rl301,wmdd,policy-vs-rule,180,180,445.3319900000001,444.75599888888894,-0.5759911111111173,-1.1509592777777884,-0.12189661111111341,4.453319900000001,0.06188375105213765,1.0,equivalent
emp_m,m=1.0,v2rl305,wmdd,policy-vs-rule,180,180,445.3319900000001,444.76037666666673,-0.5716133333333407,-1.172046833333347,-0.09476600000000478,4.453319900000001,0.09116079400519664,1.0,equivalent
emp_m,m=1.0,v2rl304,wmdd,policy-vs-rule,180,180,445.3319900000001,444.7625444444445,-0.569445555555558,-1.1513386944444541,-0.11589111111111126,4.453319900000001,0.02506184434388362,1.0,equivalent
emp_m,m=1.0,rl301,wmdd,policy-vs-rule,180,180,445.3319900000001,444.7627211111112,-0.5692688888888928,-1.0930810000000166,-0.14454661111111144,4.453319900000001,0.02182427562605354,1.0,equivalent
emp_m,m=1.0,rl302,wmdd,policy-vs-rule,180,180,445.3319900000001,444.76439444444446,-0.5675955555555584,-1.1165513333333412,-0.146821666666667,4.453319900000001,0.020879263166351643,1.0,equivalent
emp_m,m=1.0,v2at310,wmdd,policy-vs-rule,180,180,445.3319900000001,444.7653422222222,-0.5666477777777815,-1.1414213055555678,-0.12155666666666605,4.453319900000001,0.017960477526078766,1.0,equivalent
emp_m,m=1.0,v2rl307,wmdd,policy-vs-rule,180,180,445.3319900000001,444.7699366666667,-0.5620533333333358,-1.1194612222222315,-0.11605022222222261,4.453319900000001,0.02506184434388362,1.0,equivalent
emp_m,m=1.0,v2rl306,wmdd,policy-vs-rule,180,180,445.3319900000001,444.85855888888887,-0.47343111111111447,-0.979479666666675,-0.1021856666666679,4.453319900000001,0.020879263166351643,1.0,equivalent
emp_m,m=1.0,edd,wmdd,rule-vs-rule,180,180,445.3319900000001,444.8689277777778,-0.4630622222222251,-0.9178533333333386,-0.10517333333333327,4.453319900000001,0.043114446783075355,0.40135536373545505,equivalent
emp_m,m=1.0,pfifo,wmdd,rule-vs-rule,180,180,445.3319900000001,444.8689277777778,-0.4630622222222251,-0.9367542222222263,-0.10517333333333327,4.453319900000001,0.043114446783075355,0.40135536373545505,equivalent
emp_m,m=1.0,v2at305,wmdd,policy-vs-rule,180,180,445.3319900000001,444.89322555555555,-0.43876444444444523,-0.9320715555555621,-0.061197055555552896,4.453319900000001,0.0663160312989308,1.0,equivalent
emp_m,m=1.0,rl303,wmdd,policy-vs-rule,180,180,445.3319900000001,444.9024455555555,-0.4295444444444465,-0.9450865000000065,-0.04086466666666493,4.453319900000001,0.038151710173415135,1.0,equivalent
emp_m,m=1.0,rollcp2,wmdd,optimizer-vs-rule,48,48,506.2221124999999,505.80811666666676,-0.4139958333333211,-1.3251462499999878,0.053208958333378076,5.062221125,0.0006916092756661167,0.00207482782699835,equivalent
emp_m,m=1.0,v2rl309,wmdd,policy-vs-rule,180,180,445.3319900000001,444.95305222222225,-0.3789377777777804,-0.8742037222222295,-0.026397222222222343,4.453319900000001,0.12348527214454898,1.0,equivalent
emp_m,m=1.0,v2at309,wmdd,policy-vs-rule,180,180,445.3319900000001,445.18099,-0.151000000000004,-0.43102072222223,0.09295294444443745,4.453319900000001,0.3104944343172349,1.0,equivalent
emp_m,m=1.0,v2at308,wmdd,policy-vs-rule,180,180,445.3319900000001,445.25143333333335,-0.08055666666666654,-0.4742022222222232,0.30893136111111114,4.453319900000001,0.7353166906373405,1.0,equivalent
emp_m,m=1.0,v2at307,wmdd,policy-vs-rule,180,180,445.3319900000001,445.25178555555556,-0.08020444444444842,-0.4362165555555573,0.2009086111111038,4.453319900000001,1.0,1.0,equivalent
emp_m,m=1.0,v2at306,wmdd,policy-vs-rule,180,180,445.3319900000001,445.4323655555556,0.10037555555555223,-0.2159577777777814,0.5000008888888887,4.453319900000001,0.6120898800892568,1.0,equivalent
emp_m,m=1.0,atc,wmdd,rule-vs-rule,180,180,445.3319900000001,445.5551500000001,0.2231599999999964,-0.0020488888888893246,0.6100471111111099,4.453319900000001,0.11585149752593009,0.6951089851555805,equivalent
emp_m,m=1.0,lpt,wmdd,rule-vs-rule,180,180,445.3319900000001,445.5785988888889,0.24660888888888494,-0.7104580000000026,1.663668055555557,4.453319900000001,0.6378701798979456,1.0,equivalent
emp_m,m=1.0,v2at303,wmdd,policy-vs-rule,180,180,445.3319900000001,445.63895222222226,0.30696222222222236,-0.1730273888888895,0.9842302222222246,4.453319900000001,0.32698934959801507,1.0,equivalent
emp_m,m=1.0,v2at304,wmdd,policy-vs-rule,180,180,445.3319900000001,445.6654066666666,0.33341666666666486,-0.08888888888888889,0.9805370833333282,4.453319900000001,0.30701389803382517,1.0,equivalent
emp_m,m=1.0,v2at301,wmdd,policy-vs-rule,180,180,445.3319900000001,445.8835966666666,0.5516066666666639,0.06451722222222185,1.1623144444444404,4.453319900000001,0.03546470751403722,1.0,equivalent
emp_m,m=1.0,random,wmdd,rule-vs-rule,180,180,445.3319900000001,446.3160666666667,0.9840766666666596,0.0740499999999979,2.24935516666666,4.453319900000001,0.03638546131456511,0.4002400744602162,equivalent
emp_m,m=1.0,wspt,wmdd,rule-vs-rule,180,180,445.3319900000001,446.6459477777778,1.3139577777777767,0.603140888888889,2.2058557222222195,4.453319900000001,4.5860005101597447e-05,0.0007796200867271566,equivalent
emp_pooled,ALL,rollcp2,atc,optimizer-vs-rule,160,64,513.86338,510.40927375,-3.454106249999994,-8.375902433192687,0.44694244384947357,5.1386338,0.031600493046739175,0.031600493046739175,inconclusive
emp_pooled,ALL,v2at309,atc,policy-vs-rule,587,227,454.39123918228285,452.4539345826236,-1.937304599659285,-3.311709049684642,-0.7953099668325039,4.543912391822828,2.9491709043516643e-06,0.00018874693787850652,equivalent
emp_pooled,ALL,wmdd,atc,rule-vs-rule,587,227,454.39123918228285,452.7353189097105,-1.655920272572403,-2.826976583998832,-0.6230929332549179,4.543912391822828,3.846863128904835e-06,2.4422053201015886e-05,equivalent
emp_pooled,ALL,v2rl310,atc,policy-vs-rule,587,227,454.39123918228285,453.82924020442937,-0.5619989778534898,-3.750124618903976,3.1185775401069575,4.543912391822828,0.00011888560167956512,0.007014250499094342,equivalent
emp_pooled,ALL,edd,atc,rule-vs-rule,587,227,454.39123918228285,453.97671345826234,-0.4145257240204431,-3.6438396789187233,3.7604194783392026,4.543912391822828,6.556088916122119e-07,7.211697807734331e-06,equivalent
emp_pooled,ALL,pfifo,atc,rule-vs-rule,587,227,454.39123918228285,453.97671345826234,-0.4145257240204431,-3.641563135029541,3.7832687336612163,4.543912391822828,6.556088916122119e-07,7.211697807734331e-06,equivalent
emp_pooled,ALL,rl302,atc,policy-vs-rule,587,227,454.39123918228285,455.2612166950597,0.8699775127768332,-2.9085061391363927,5.958611987339231,4.543912391822828,4.7276119637285985e-05,0.002931119417511731,inconclusive
emp_pooled,ALL,v2at301,atc,policy-vs-rule,587,227,454.39123918228285,455.59340817717214,1.2021689948892642,-0.9986376100711482,4.0213059876320125,4.543912391822828,0.2862900577108779,1.0,equivalent
emp_pooled,ALL,v2at308,atc,policy-vs-rule,587,227,454.39123918228285,455.5951948892674,1.2039557069846663,-1.082637580283658,4.135479032652259,4.543912391822828,0.18324550872620515,1.0,equivalent
emp_pooled,ALL,v2rl302,atc,policy-vs-rule,587,227,454.39123918228285,456.5339826235094,2.142743441226577,-2.040995521069454,7.534377042507052,4.543912391822828,0.001657606361196133,0.0828135613636864,inconclusive
emp_pooled,ALL,v2at304,atc,policy-vs-rule,587,227,454.39123918228285,457.0473475298126,2.6561083475298175,0.10091939355993573,6.005794669038145,4.543912391822828,0.06352470542955009,1.0,inconclusive
emp_pooled,ALL,v2at307,atc,policy-vs-rule,587,227,454.39123918228285,457.30935025553663,2.9181110732538293,-0.13524118526718237,7.202930397534557,4.543912391822828,0.3937184455626167,1.0,inconclusive
emp_pooled,ALL,v2at306,atc,policy-vs-rule,587,227,454.39123918228285,457.309597955707,2.918358773424189,-0.6886272998296435,7.930644371014488,4.543912391822828,0.44580411334804515,1.0,inconclusive
emp_pooled,ALL,v2rl304,atc,policy-vs-rule,587,227,454.39123918228285,457.5425393526406,3.151300170357753,-2.718230761766055,12.309511825346851,4.543912391822828,0.00010977716213431468,0.006586629728058881,inconclusive
emp_pooled,ALL,v2rl309,atc,policy-vs-rule,587,227,454.39123918228285,458.792254855196,4.4010156729131165,-0.9347828769558905,13.81872193462207,4.543912391822828,0.022012932726860605,0.765211952071771,inconclusive
emp_pooled,ALL,wspt,atc,rule-vs-rule,587,227,454.39123918228285,458.82677035775134,4.435531175468481,2.9605839870983583,6.111260587986684,4.543912391822828,2.19208125652666e-21,3.945746261747988e-20,inconclusive
emp_pooled,ALL,v2rl308,atc,policy-vs-rule,587,227,454.39123918228285,458.945202044293,4.553962862010216,-3.0529868307155357,16.985700297352476,4.543912391822828,0.00013314696676262712,0.0077225240722323734,inconclusive
emp_pooled,ALL,v2at303,atc,policy-vs-rule,587,227,454.39123918228285,460.30467666098815,5.913437478705279,0.16675686482645888,16.577633943124113,4.543912391822828,0.006112700674600099,0.24450802698400398,inconclusive
emp_pooled,ALL,rl301,atc,policy-vs-rule,587,227,454.39123918228285,460.79956899488917,6.408329812606473,-1.8157402263802667,19.356133769497397,4.543912391822828,0.0010631525525527626,0.05528393273274365,inconclusive
emp_pooled,ALL,v2at310,atc,policy-vs-rule,587,227,454.39123918228285,462.26442759795566,7.873188415672908,-0.9508083412319648,21.121414507279823,4.543912391822828,0.0017126546667404026,0.0828135613636864,inconclusive
emp_pooled,ALL,v2at302,atc,policy-vs-rule,587,227,454.39123918228285,463.0935805792164,8.70234139693356,-0.7988605496394884,22.976478552397868,4.543912391822828,0.002345592339478014,0.10555165527651063,inconclusive
emp_pooled,ALL,v2rl305,atc,policy-vs-rule,587,227,454.39123918228285,465.3382814310051,10.947042248722315,0.8516229689466346,25.138274853264,4.543912391822828,0.016692752900462852,0.6176318573171256,inconclusive
emp_pooled,ALL,v2rl307,atc,policy-vs-rule,587,227,454.39123918228285,466.40601771720617,12.014778534923341,1.0062196116763664,27.442078728012117,4.543912391822828,0.003979958742238067,0.17113822591623687,inconclusive
emp_pooled,ALL,rl303,atc,policy-vs-rule,587,227,454.39123918228285,469.3603860306644,14.96914684838161,2.7399404261394786,32.48116523800044,4.543912391822828,0.03802250332637578,1.0,inconclusive
emp_pooled,ALL,v2rl301,atc,policy-vs-rule,587,227,454.39123918228285,469.45230868824535,15.061069505962523,1.7963774344895178,32.689383551458775,4.543912391822828,0.021255887557549192,0.765211952071771,inconclusive
emp_pooled,ALL,v2rl306,atc,policy-vs-rule,587,227,454.39123918228285,470.6698378194209,16.278598637137986,3.7494916026711222,32.616544596594395,4.543912391822828,0.13628564526404538,1.0,inconclusive
emp_pooled,ALL,v2at305,atc,policy-vs-rule,587,227,454.39123918228285,470.86559761499154,16.474358432708698,4.412038140060908,32.81423710193208,4.543912391822828,0.6214248722421196,1.0,inconclusive
emp_pooled,ALL,random,atc,rule-vs-rule,587,227,454.39123918228285,473.53533458262353,19.144095400340714,8.725053147420692,33.020658121022485,4.543912391822828,1.889721538382996e-14,2.6456101537361945e-13,worse
emp_pooled,ALL,v2rl303,atc,policy-vs-rule,587,227,454.39123918228285,478.33551516183985,23.944275979557073,6.758983120162437,45.53977916224199,4.543912391822828,0.0212870827593154,0.765211952071771,worse
emp_pooled,ALL,lpt,atc,rule-vs-rule,587,227,454.39123918228285,520.6950470187394,66.30380783645654,30.275675002152436,111.42316911163213,4.543912391822828,3.4888647430022695e-06,2.4422053201015886e-05,worse
emp_pooled,ALL,rollcp2,edd,optimizer-vs-rule,160,64,515.9453837499999,510.40927375,-5.536109999999998,-16.1593942042297,1.33749915625001,5.159453837499999,0.0004931852089917846,0.001479555626975354,inconclusive
emp_pooled,ALL,v2at309,edd,policy-vs-rule,587,227,453.97671345826234,452.4539345826236,-1.5227788756388425,-5.578188834643614,1.3726632606878995,4.539767134582624,0.0025816434714735076,0.11359231274483433,inconclusive
emp_pooled,ALL,wmdd,edd,rule-vs-rule,587,227,453.97671345826234,452.7353189097105,-1.2413945485519604,-5.954317718631537,2.103781534286304,4.539767134582624,7.318486454963268e-06,2.9273945819853074e-05,inconclusive
emp_pooled,ALL,v2rl310,edd,policy-vs-rule,587,227,453.97671345826234,453.82924020442937,-0.14747325383304719,-1.6462563161159713,1.3743169951721501,4.539767134582624,0.030535369686065853,1.0,equivalent
emp_pooled,ALL,pfifo,edd,rule-vs-rule,587,227,453.97671345826234,453.97671345826234,0.0,0.0,0.0,4.539767134582624,1.0,1.0,equivalent
emp_pooled,ALL,atc,edd,rule-vs-rule,587,227,453.97671345826234,454.39123918228285,0.4145257240204431,-3.8622232888674364,3.632035350047817,4.539767134582624,6.556088916122119e-07,7.211697807734331e-06,equivalent
emp_pooled,ALL,rl302,edd,policy-vs-rule,587,227,453.97671345826234,455.2612166950597,1.2845032367972762,-1.7498239284684638,4.795721107763573,4.539767134582624,0.07637507536995977,1.0,inconclusive
emp_pooled,ALL,v2at301,edd,policy-vs-rule,587,227,453.97671345826234,455.59340817717214,1.6166947189097063,-3.4527833499599025,6.5518559833952255,4.539767134582624,2.3524578268356908e-07,1.529097587443199e-05,inconclusive
emp_pooled,ALL,v2at308,edd,policy-vs-rule,587,227,453.97671345826234,455.5951948892674,1.618481431005109,-0.5270881328439273,4.025517304654054,4.539767134582624,0.0021138883037499384,0.09723886197249716,equivalent
emp_pooled,ALL,v2rl302,edd,policy-vs-rule,587,227,453.97671345826234,456.5339826235094,2.5572691652470203,-1.0587839980477873,6.562674718462357,4.539767134582624,0.0533740349202916,1.0,inconclusive
emp_pooled,ALL,v2at304,edd,policy-vs-rule,587,227,453.97671345826234,457.0473475298126,3.07063407155026,0.864406115222102,5.524590029088559,4.539767134582624,2.244970565741715e-07,1.481680573389532e-05,inconclusive
emp_pooled,ALL,v2at307,edd,policy-vs-rule,587,227,453.97671345826234,457.30935025553663,3.3326367972742728,1.3510632479201297,5.607582794916231,4.539767134582624,7.393058293555962e-08,4.953349056682495e-06,inconclusive
emp_pooled,ALL,v2at306,edd,policy-vs-rule,587,227,453.97671345826234,457.309597955707,3.3328844974446312,1.6883999653631603,5.351111760057662,4.539767134582624,2.4008155569816804e-08,1.6325545787475426e-06,inconclusive
emp_pooled,ALL,v2rl304,edd,policy-vs-rule,587,227,453.97671345826234,457.5425393526406,3.5658258943781957,-0.5668011107229126,10.035661299552295,4.539767134582624,0.29978304729040006,1.0,inconclusive
emp_pooled,ALL,v2rl309,edd,policy-vs-rule,587,227,453.97671345826234,458.792254855196,4.815541396933559,-0.4974739517470832,12.342502510899818,4.539767134582624,0.00010415093658974554,0.006353207131974478,inconclusive
emp_pooled,ALL,wspt,edd,rule-vs-rule,587,227,453.97671345826234,458.82677035775134,4.850056899488925,0.20132089124869634,9.026088550833691,4.539767134582624,3.962647092863436e-19,6.340235348581497e-18,inconclusive
emp_pooled,ALL,v2rl308,edd,policy-vs-rule,587,227,453.97671345826234,458.945202044293,4.968488586030661,-0.14098729590238687,14.201143955477852,4.539767134582624,0.4236414817247628,1.0,inconclusive
emp_pooled,ALL,v2at303,edd,policy-vs-rule,587,227,453.97671345826234,460.30467666098815,6.327963202725723,0.6710014285892225,15.06800706386375,4.539767134582624,6.861769578053615e-09,4.7346210088569947e-07,inconclusive
emp_pooled,ALL,rl301,edd,policy-vs-rule,587,227,453.97671345826234,460.79956899488917,6.822855536626917,0.575889746886709,17.278963228921217,4.539767134582624,0.12432009586270983,1.0,inconclusive
emp_pooled,ALL,v2at310,edd,policy-vs-rule,587,227,453.97671345826234,462.26442759795566,8.287714139693351,1.371442417396383,18.58790945022411,4.539767134582624,0.6016225668862378,1.0,inconclusive
emp_pooled,ALL,v2at302,edd,policy-vs-rule,587,227,453.97671345826234,463.0935805792164,9.116867120954003,1.2883423759854509,20.249710712047694,4.539767134582624,0.22729977440408988,1.0,inconclusive
emp_pooled,ALL,v2rl305,edd,policy-vs-rule,587,227,453.97671345826234,465.3382814310051,11.36156797274276,2.9693687999682026,23.187612419227495,4.539767134582624,0.8603054273612264,1.0,inconclusive
emp_pooled,ALL,v2rl307,edd,policy-vs-rule,587,227,453.97671345826234,466.40601771720617,12.429304258943782,3.064999981663725,25.285337557878883,4.539767134582624,0.5959568280458571,1.0,inconclusive
emp_pooled,ALL,rl303,edd,policy-vs-rule,587,227,453.97671345826234,469.3603860306644,15.383672572402045,4.831028558248696,29.486774788477877,4.539767134582624,0.2672435661314939,1.0,worse
emp_pooled,ALL,v2rl301,edd,policy-vs-rule,587,227,453.97671345826234,469.45230868824535,15.47559522998296,3.542720937073538,31.456254457988717,4.539767134582624,0.7007656144097334,1.0,inconclusive
emp_pooled,ALL,v2rl306,edd,policy-vs-rule,587,227,453.97671345826234,470.6698378194209,16.693124361158425,5.393159137334129,31.33482728768084,4.539767134582624,0.49822462057107486,1.0,worse
emp_pooled,ALL,v2at305,edd,policy-vs-rule,587,227,453.97671345826234,470.86559761499154,16.888884156729137,6.008801722584739,30.735226843033512,4.539767134582624,0.130811520048837,1.0,worse
emp_pooled,ALL,random,edd,rule-vs-rule,587,227,453.97671345826234,473.53533458262353,19.558621124361157,8.675797123258066,34.38565632960454,4.539767134582624,1.5885357213829128e-17,2.3828035820743693e-16,worse
emp_pooled,ALL,v2rl303,edd,policy-vs-rule,587,227,453.97671345826234,478.33551516183985,24.358801703577516,8.53974832897671,45.26287537680804,4.539767134582624,0.5536462645906615,1.0,worse
emp_pooled,ALL,lpt,edd,rule-vs-rule,587,227,453.97671345826234,520.6950470187394,66.71833356047698,30.45273472613466,112.7188092818601,4.539767134582624,4.635404345130664e-10,5.562485214156797e-09,worse
emp_pooled,ALL,rollcp2,wmdd,optimizer-vs-rule,160,64,511.93480375,510.40927375,-1.5255299999999998,-4.326889449132689,1.134899651898738,5.1193480375,0.005401636006228212,0.010803272012456424,equivalent
emp_pooled,ALL,v2at309,wmdd,policy-vs-rule,587,227,452.7353189097105,452.4539345826236,-0.2813843270868821,-1.372610280618451,0.8675667999653918,4.527353189097105,0.12772944160862854,1.0,equivalent
emp_pooled,ALL,v2rl310,wmdd,policy-vs-rule,587,227,452.7353189097105,453.82924020442937,1.093921294718913,-2.1407381714770657,5.125878994724327,4.527353189097105,0.00039039809050301407,0.021862293068168788,inconclusive
emp_pooled,ALL,edd,wmdd,rule-vs-rule,587,227,452.7353189097105,453.97671345826234,1.2413945485519604,-2.0842275513604593,6.044703318275515,4.527353189097105,7.318486454963268e-06,2.9273945819853074e-05,inconclusive
emp_pooled,ALL,pfifo,wmdd,rule-vs-rule,587,227,452.7353189097105,453.97671345826234,1.2413945485519604,-2.0758386160348166,5.914189486325746,4.527353189097105,7.318486454963268e-06,2.9273945819853074e-05,inconclusive
emp_pooled,ALL,atc,wmdd,rule-vs-rule,587,227,452.7353189097105,454.39123918228285,1.655920272572403,0.6336904600393343,2.840441824175093,4.527353189097105,3.846863128904835e-06,2.4422053201015886e-05,equivalent
emp_pooled,ALL,rl302,wmdd,policy-vs-rule,587,227,452.7353189097105,455.2612166950597,2.525897785349236,-1.634639305529281,8.254623089452041,4.527353189097105,0.00042770995416731864,0.023096337525035208,inconclusive
emp_pooled,ALL,v2at301,wmdd,policy-vs-rule,587,227,452.7353189097105,455.59340817717214,2.8580892674616667,0.4144227713387537,6.059240327774767,4.527353189097105,0.00015867249637304182,0.009044332293263384,inconclusive
emp_pooled,ALL,v2at308,wmdd,policy-vs-rule,587,227,452.7353189097105,455.5951948892674,2.859875979557069,0.16362646389843855,6.509403589982721,4.527353189097105,0.15369581888525544,1.0,inconclusive
emp_pooled,ALL,v2rl302,wmdd,policy-vs-rule,587,227,452.7353189097105,456.5339826235094,3.7986637137989794,-0.8198115747175589,9.942449877897365,4.527353189097105,0.004701914374407985,0.19748040372513537,inconclusive
emp_pooled,ALL,v2at304,wmdd,policy-vs-rule,587,227,452.7353189097105,457.0473475298126,4.31202862010222,1.3110651309329062,8.284412136579231,4.527353189097105,0.00039146687914642844,0.021862293068168788,inconclusive
emp_pooled,ALL,v2at307,wmdd,policy-vs-rule,587,227,452.7353189097105,457.30935025553663,4.574031345826233,1.0559902177592484,9.602563907652478,4.527353189097105,0.0016562712272737278,0.0828135613636864,inconclusive
emp_pooled,ALL,v2at306,wmdd,policy-vs-rule,587,227,452.7353189097105,457.309597955707,4.574279045996592,0.616643089823944,10.323583023865433,4.527353189097105,0.06086901356017752,1.0,inconclusive
emp_pooled,ALL,v2rl304,wmdd,policy-vs-rule,587,227,452.7353189097105,457.5425393526406,4.807220442930155,-1.3872999128415846,14.2398921986141,4.527353189097105,0.001323425170633598,0.0674946837023135,inconclusive
emp_pooled,ALL,v2rl309,wmdd,policy-vs-rule,587,227,452.7353189097105,458.792254855196,6.056935945485519,0.3571168521832178,15.715387219683652,4.527353189097105,0.26644240585492496,1.0,inconclusive
emp_pooled,ALL,wspt,wmdd,rule-vs-rule,587,227,452.7353189097105,458.82677035775134,6.091451448040883,3.858080569864494,8.671576505963168,4.527353189097105,6.7369536703617765e-21,1.1452821239615021e-19,inconclusive
emp_pooled,ALL,v2rl308,wmdd,policy-vs-rule,587,227,452.7353189097105,458.945202044293,6.20988313458262,-1.6465820506353646,18.995585797804726,4.527353189097105,0.0006760291064728866,0.03582954264306299,inconclusive
emp_pooled,ALL,v2at303,wmdd,policy-vs-rule,587,227,452.7353189097105,460.30467666098815,7.569357751277683,1.3036285315547733,18.596374206210694,4.527353189097105,5.5375818833589435e-06,0.00034886765865161344,inconclusive
emp_pooled,ALL,rl301,wmdd,policy-vs-rule,587,227,452.7353189097105,460.79956899488917,8.064250085178875,-0.6381346894880034,21.343260388601024,4.527353189097105,0.0017493818995030141,0.0828135613636864,inconclusive
emp_pooled,ALL,v2at310,wmdd,policy-vs-rule,587,227,452.7353189097105,462.26442759795566,9.529108688245312,0.21698756814712244,23.77108588395672,4.527353189097105,0.007132414097255254,0.2781641497929549,inconclusive
emp_pooled,ALL,v2at302,wmdd,policy-vs-rule,587,227,452.7353189097105,463.0935805792164,10.358261669505962,0.4235077184433124,24.91557044656266,4.527353189097105,0.004796558046351582,0.19748040372513537,inconclusive
emp_pooled,ALL,v2rl305,wmdd,policy-vs-rule,587,227,452.7353189097105,465.3382814310051,12.602962521294721,1.727678806100157,27.251920669108657,4.527353189097105,0.04035979420731834,1.0,inconclusive
emp_pooled,ALL,v2rl307,wmdd,policy-vs-rule,587,227,452.7353189097105,466.40601771720617,13.670698807495743,2.1258674116862095,29.22086520549982,4.527353189097105,0.009465324964979167,0.35968234866920834,inconclusive
emp_pooled,ALL,rl303,wmdd,policy-vs-rule,587,227,452.7353189097105,469.3603860306644,16.625067120954007,3.955573666176835,34.620538292465284,4.527353189097105,0.18412533542664566,1.0,inconclusive
emp_pooled,ALL,v2rl301,wmdd,policy-vs-rule,587,227,452.7353189097105,469.45230868824535,16.716989778534927,3.173693274211913,34.51515349610061,4.527353189097105,0.04772904029632746,1.0,inconclusive
emp_pooled,ALL,v2rl306,wmdd,policy-vs-rule,587,227,452.7353189097105,470.6698378194209,17.93451890971039,4.882808075102502,36.030188697761346,4.527353189097105,0.3955706886814644,1.0,worse
emp_pooled,ALL,v2at305,wmdd,policy-vs-rule,587,227,452.7353189097105,470.86559761499154,18.130278705281096,5.43409666459894,35.10464946422263,4.527353189097105,0.9658825082775451,1.0,worse
emp_pooled,ALL,random,wmdd,rule-vs-rule,587,227,452.7353189097105,473.53533458262353,20.800015672913116,9.522168643695078,35.23874692300694,4.527353189097105,8.103323277565457e-14,1.0534320260835095e-12,worse
emp_pooled,ALL,v2rl303,wmdd,policy-vs-rule,587,227,452.7353189097105,478.33551516183985,25.600196252129475,8.067819815307825,48.29235113820804,4.527353189097105,0.056785372891378603,1.0,worse
emp_pooled,ALL,lpt,wmdd,rule-vs-rule,587,227,452.7353189097105,520.6950470187394,67.95972810902894,30.56127836342445,113.8247796894313,4.527353189097105,9.292918098985943e-07,7.434334479188754e-06,worse
emp_ubin,u_bin=0.5-0.8,rollcp2,atc,optimizer-vs-rule,47,29,800.9613829787233,796.8183234042552,-4.143059574468073,-11.455747038759677,-0.15020568571428297,8.009613829787234,0.5089331940579511,0.5089331940579511,inconclusive
emp_ubin,u_bin=0.5-0.8,v2rl303,atc,policy-vs-rule,152,103,689.9868828947368,686.4705381578948,-3.5163447368421057,-7.365719387083871,-0.7699773239436624,6.899868828947368,0.00039023125084089363,0.025365031304658087,inconclusive
emp_ubin,u_bin=0.5-0.8,rl301,atc,policy-vs-rule,152,103,689.9868828947368,686.5391223684211,-3.4477605263157853,-7.107646301369865,-0.7666105957602326,6.899868828947368,0.00019643672621231134,0.012964823930012548,inconclusive
emp_ubin,u_bin=0.5-0.8,v2at302,atc,policy-vs-rule,152,103,689.9868828947368,686.6463539473683,-3.3405289473684245,-6.933616885267608,-0.6772538774193547,6.899868828947368,0.0020976124386958965,0.10963167135028423,inconclusive
emp_ubin,u_bin=0.5-0.8,v2rl305,atc,policy-vs-rule,152,103,689.9868828947368,686.7131302631578,-3.27375263157895,-6.813606496069723,-0.6031272432455006,6.899868828947368,0.002972118525693996,0.1426616892333118,equivalent
emp_ubin,u_bin=0.5-0.8,v2rl306,atc,policy-vs-rule,152,103,689.9868828947368,686.7175013157894,-3.269381578947369,-6.6754794247982385,-0.6567308563598967,6.899868828947368,0.0007795932575314031,0.04755518870941559,equivalent
emp_ubin,u_bin=0.5-0.8,v2rl310,atc,policy-vs-rule,152,103,689.9868828947368,686.7226328947368,-3.2642499999999997,-6.901769666950098,-0.6257422765563908,6.899868828947368,0.0023768628621326426,0.12122000596876477,inconclusive
emp_ubin,u_bin=0.5-0.8,v2rl301,atc,policy-vs-rule,152,103,689.9868828947368,686.7666539473685,-3.2202289473684247,-6.655301676542357,-0.6412722919630179,6.899868828947368,0.0037047645370513476,0.1630096396302593,equivalent
emp_ubin,u_bin=0.5-0.8,v2rl302,atc,policy-vs-rule,152,103,689.9868828947368,686.8481539473684,-3.1387289473684192,-6.3938476174496675,-0.6453135099337716,6.899868828947368,0.0007795932575314031,0.04755518870941559,equivalent
emp_ubin,u_bin=0.5-0.8,v2rl308,atc,policy-vs-rule,152,103,689.9868828947368,686.8531697368421,-3.1337131578947406,-6.552036634550097,-0.5805906646352272,6.899868828947368,0.002902103448847165,0.14220306899351107,equivalent
emp_ubin,u_bin=0.5-0.8,v2rl307,atc,policy-vs-rule,152,103,689.9868828947368,686.9368407894736,-3.050042105263156,-6.226969222024383,-0.63305061542305,6.899868828947368,0.002068522100948759,0.10963167135028423,equivalent
emp_ubin,u_bin=0.5-0.8,rl302,atc,policy-vs-rule,152,103,689.9868828947368,687.0469842105263,-2.9398986842105246,-5.8513039434984435,-0.6905389636191612,6.899868828947368,0.000624865006410599,0.039991360410278336,equivalent
emp_ubin,u_bin=0.5-0.8,v2at310,atc,policy-vs-rule,152,103,689.9868828947368,687.4182500000001,-2.568632894736839,-5.191711846829636,-0.48315847355080516,6.899868828947368,0.0011143315296273401,0.06351689718875839,equivalent
emp_ubin,u_bin=0.5-0.8,edd,atc,rule-vs-rule,152,103,689.9868828947368,687.4565263157896,-2.5303565789473668,-5.350946125134266,-0.5288218232434811,6.899868828947368,0.0008052762369668134,0.010468591080568574,equivalent
emp_ubin,u_bin=0.5-0.8,pfifo,atc,rule-vs-rule,152,103,689.9868828947368,687.4565263157896,-2.5303565789473668,-5.311930884068162,-0.5590621690140839,6.899868828947368,0.0008052762369668134,0.010468591080568574,equivalent
emp_ubin,u_bin=0.5-0.8,rl303,atc,policy-vs-rule,152,103,689.9868828947368,687.5163828947368,-2.4705000000000017,-4.581949740259735,-0.7634828123903108,6.899868828947368,0.0001401336206158955,0.009388952581264999,equivalent
emp_ubin,u_bin=0.5-0.8,v2rl304,atc,policy-vs-rule,152,103,689.9868828947368,687.5180828947368,-2.4687999999999977,-5.0048292811296395,-0.4946224991511061,6.899868828947368,0.0033036189932807813,0.15527009268419673,equivalent
emp_ubin,u_bin=0.5-0.8,v2rl309,atc,policy-vs-rule,152,103,689.9868828947368,688.0116223684211,-1.9752605263157867,-4.006816184210517,-0.3731888787541679,6.899868828947368,0.0018466307707454858,0.09971806162025623,equivalent
emp_ubin,u_bin=0.5-0.8,v2at305,atc,policy-vs-rule,152,103,689.9868828947368,688.2782644736842,-1.7086184210526314,-4.115030493335799,0.14912160626215332,6.899868828947368,0.04585027897847891,0.7794547426341415,equivalent
emp_ubin,u_bin=0.5-0.8,v2at309,atc,policy-vs-rule,152,103,689.9868828947368,689.1565118421054,-0.8303710526315774,-1.655512968460102,-0.18670777449664444,6.899868828947368,0.0009815397525216685,0.05791084539877844,equivalent
emp_ubin,u_bin=0.5-0.8,wmdd,atc,rule-vs-rule,152,103,689.9868828947368,689.2394947368421,-0.7473881578947326,-1.6178528385620836,-0.10967632592242148,6.899868828947368,0.0028648155524898344,0.02578333997240851,equivalent
emp_ubin,u_bin=0.5-0.8,v2at306,atc,policy-vs-rule,152,103,689.9868828947368,689.4324039473685,-0.5544789473684205,-1.5178602152317835,0.2623638487903291,6.899868828947368,0.18395865830225,1.0,equivalent
emp_ubin,u_bin=0.5-0.8,v2at308,atc,policy-vs-rule,152,103,689.9868828947368,689.9338065789474,-0.05307631578947012,-0.32527374445431034,0.27688069013594785,6.899868828947368,0.437890005937993,1.0,equivalent
emp_ubin,u_bin=0.5-0.8,v2at304,atc,policy-vs-rule,152,103,689.9868828947368,690.1194289473684,0.13254605263158095,-0.0568097426231579,0.3466720375838471,6.899868828947368,0.42652824883677154,1.0,equivalent
emp_ubin,u_bin=0.5-0.8,v2at307,atc,policy-vs-rule,152,103,689.9868828947368,690.2545723684211,0.2676894736842101,-0.06483695891094643,0.6341759060402701,6.899868828947368,0.1125770388163409,1.0,equivalent
emp_ubin,u_bin=0.5-0.8,v2at303,atc,policy-vs-rule,152,103,689.9868828947368,690.6682828947369,0.6814000000000062,-0.03585088359393494,1.5519626427738955,6.899868828947368,0.02944771221270799,0.6478496686795758,equivalent
emp_ubin,u_bin=0.5-0.8,wspt,atc,rule-vs-rule,152,103,689.9868828947368,692.7714986842105,2.7846157894736794,1.198708683048977,4.896643230546324,6.899868828947368,2.1108930153378587e-06,3.377428824540574e-05,equivalent
emp_ubin,u_bin=0.5-0.8,random,atc,rule-vs-rule,152,103,689.9868828947368,693.8408565789474,3.8539736842105223,0.652062152639203,8.32069447909157,6.899868828947368,0.0015770372454708284,0.015770372454708283,inconclusive
emp_ubin,u_bin=0.5-0.8,v2at301,atc,policy-vs-rule,152,103,689.9868828947368,694.2396144736842,4.2527315789473645,0.06465598096907593,10.194726189822745,6.899868828947368,0.09092968495079874,1.0,inconclusive
emp_ubin,u_bin=0.5-0.8,lpt,atc,rule-vs-rule,152,103,689.9868828947368,707.2899986842104,17.303115789473683,1.2480047037378394,40.17648516778524,6.899868828947368,0.08804999262777848,0.20813165384610977,inconclusive
emp_ubin,u_bin=0.5-0.8,v2rl303,edd,policy-vs-rule,152,103,687.4565263157896,686.4705381578948,-0.9859881578947386,-2.153764973544974,-0.11271459231712526,6.874565263157896,0.008598123025862353,0.3095324289310447,equivalent
emp_ubin,u_bin=0.5-0.8,rl301,edd,policy-vs-rule,152,103,687.4565263157896,686.5391223684211,-0.9174039473684189,-1.9868658044766148,-0.1272522387096767,6.874565263157896,0.012264459334142642,0.37540755468543946,equivalent
emp_ubin,u_bin=0.5-0.8,v2at302,edd,policy-vs-rule,152,103,687.4565263157896,686.6463539473683,-0.8101723684210578,-1.8468304649991665,0.02337732277120189,6.874565263157896,0.02221539887260256,0.555384971815064,equivalent
emp_ubin,u_bin=0.5-0.8,v2rl305,edd,policy-vs-rule,152,103,687.4565263157896,686.7131302631578,-0.7433960526315836,-1.6525247862112646,0.06265352146117692,6.874565263157896,0.032867374098865816,0.6902148560761822,equivalent
emp_ubin,u_bin=0.5-0.8,v2rl306,edd,policy-vs-rule,152,103,687.4565263157896,686.7175013157894,-0.7390250000000024,-1.662900404312673,0.02679515542210676,6.874565263157896,0.01293336967877969,0.37540755468543946,equivalent
emp_ubin,u_bin=0.5-0.8,v2rl310,edd,policy-vs-rule,152,103,687.4565263157896,686.7226328947368,-0.7338934210526328,-1.6934234359083316,0.08275707645564728,6.874565263157896,0.024460321084768356,0.5870477060344406,equivalent
emp_ubin,u_bin=0.5-0.8,v2rl301,edd,policy-vs-rule,152,103,687.4565263157896,686.7666539473685,-0.6898723684210583,-1.589413861290332,0.07756415284787029,6.874565263157896,0.03292049815056434,0.6902148560761822,equivalent
emp_ubin,u_bin=0.5-0.8,v2rl302,edd,policy-vs-rule,152,103,687.4565263157896,686.8481539473684,-0.6083723684210528,-1.4427516475079019,0.08826119264507334,6.874565263157896,0.012895434145475297,0.37540755468543946,equivalent
emp_ubin,u_bin=0.5-0.8,v2rl308,edd,policy-vs-rule,152,103,687.4565263157896,686.8531697368421,-0.6033565789473742,-1.440589305104624,0.1342736566558406,6.874565263157896,0.039363924349644745,0.7456222468562067,equivalent
emp_ubin,u_bin=0.5-0.8,v2rl307,edd,policy-vs-rule,152,103,687.4565263157896,686.9368407894736,-0.5196855263157889,-1.3177838994816777,0.1841101144907685,6.874565263157896,0.049436621878748865,0.7909859500599818,equivalent
emp_ubin,u_bin=0.5-0.8,rollcp2,edd,optimizer-vs-rule,47,29,797.2926893617023,796.8183234042552,-0.4743659574467983,-1.1355458619192187,0.03740541062800847,7.972926893617023,0.02414529434428439,0.07243588303285317,equivalent
emp_ubin,u_bin=0.5-0.8,rl302,edd,policy-vs-rule,152,103,687.4565263157896,687.0469842105263,-0.4095421052631578,-1.3026677887413096,0.35969293317327045,6.874565263157896,0.06631697597474191,0.9947546396211286,equivalent
emp_ubin,u_bin=0.5-0.8,v2at310,edd,policy-vs-rule,152,103,687.4565263157896,687.4182500000001,-0.03827631578947208,-0.8874185000000009,0.8424462879330975,6.874565263157896,0.8201374695011017,1.0,equivalent
emp_ubin,u_bin=0.5-0.8,pfifo,edd,rule-vs-rule,152,103,687.4565263157896,687.4565263157896,0.0,0.0,0.0,6.874565263157896,1.0,1.0,equivalent
emp_ubin,u_bin=0.5-0.8,rl303,edd,policy-vs-rule,152,103,687.4565263157896,687.5163828947368,0.059856578947365,-1.0455750000000028,1.7682483716049264,6.874565263157896,0.1022419711196503,1.0,equivalent
emp_ubin,u_bin=0.5-0.8,v2rl304,edd,policy-vs-rule,152,103,687.4565263157896,687.5180828947368,0.06155657894736908,-0.6257763585434256,0.8293353779444624,6.874565263157896,0.6872428648621585,1.0,equivalent
emp_ubin,u_bin=0.5-0.8,v2rl309,edd,policy-vs-rule,152,103,687.4565263157896,688.0116223684211,0.5550960526315798,-0.3325793936473336,1.8107964391233808,6.874565263157896,0.5348569507731826,1.0,equivalent
emp_ubin,u_bin=0.5-0.8,v2at305,edd,policy-vs-rule,152,103,687.4565263157896,688.2782644736842,0.8217381578947351,-1.1561022037430526,3.837791527586198,6.874565263157896,0.3758830998648378,1.0,equivalent
emp_ubin,u_bin=0.5-0.8,v2at309,edd,policy-vs-rule,152,103,687.4565263157896,689.1565118421054,1.6999855263157893,0.17219448707482862,3.915475752765143,6.874565263157896,0.03924327615032667,0.7456222468562067,equivalent
emp_ubin,u_bin=0.5-0.8,wmdd,edd,rule-vs-rule,152,103,687.4565263157896,689.2394947368421,1.782968421052634,0.3486058753246747,3.7247250980392135,6.874565263157896,0.0033456181158508813,0.02578333997240851,equivalent
emp_ubin,u_bin=0.5-0.8,v2at306,edd,policy-vs-rule,152,103,687.4565263157896,689.4324039473685,1.9758776315789461,0.23415345161880227,4.503326611266765,6.874565263157896,0.010796814335247871,0.3670916873984276,equivalent
emp_ubin,u_bin=0.5-0.8,v2at308,edd,policy-vs-rule,152,103,687.4565263157896,689.9338065789474,2.4772802631578963,0.38252558155383976,5.3987616411564705,6.874565263157896,0.013150364234284668,0.37540755468543946,equivalent
emp_ubin,u_bin=0.5-0.8,atc,edd,rule-vs-rule,152,103,687.4565263157896,689.9868828947368,2.5303565789473668,0.536419292929296,5.338120399999998,6.874565263157896,0.0008052762369668134,0.010468591080568574,equivalent
emp_ubin,u_bin=0.5-0.8,v2at304,edd,policy-vs-rule,152,103,687.4565263157896,690.1194289473684,2.6629026315789477,0.5644175760663175,5.47671795597484,6.874565263157896,0.0006533107814151376,0.04115857922915367,equivalent
emp_ubin,u_bin=0.5-0.8,v2at307,edd,policy-vs-rule,152,103,687.4565263157896,690.2545723684211,2.7980460526315767,0.7493890417624006,5.7131599764705845,6.874565263157896,7.940617241431468e-05,0.005399619724173399,equivalent
emp_ubin,u_bin=0.5-0.8,v2at303,edd,policy-vs-rule,152,103,687.4565263157896,690.6682828947369,3.211756578947373,0.8999950595912685,6.49277739864866,6.874565263157896,4.241260246543988e-05,0.0029264695701153517,equivalent
emp_ubin,u_bin=0.5-0.8,wspt,edd,rule-vs-rule,152,103,687.4565263157896,692.7714986842105,5.314972368421046,1.9580491512345624,10.066506232876696,6.874565263157896,1.2908334475869406e-06,2.323500205656493e-05,inconclusive
emp_ubin,u_bin=0.5-0.8,random,edd,rule-vs-rule,152,103,687.4565263157896,693.8408565789474,6.3843302631578895,1.6874206270837904,13.262144565913527,6.874565263157896,3.410972956658962e-06,5.116459434988443e-05,inconclusive
emp_ubin,u_bin=0.5-0.8,v2at301,edd,policy-vs-rule,152,103,687.4565263157896,694.2396144736842,6.783088157894731,0.8670122292993695,15.544625316494615,6.874565263157896,0.006410751381988034,0.25643005527952134,inconclusive
emp_ubin,u_bin=0.5-0.8,lpt,edd,rule-vs-rule,152,103,687.4565263157896,707.2899986842104,19.83347236842105,2.3153385487528317,44.93139872942907,6.874565263157896,0.021411701897956752,0.08564680759182701,inconclusive
emp_ubin,u_bin=0.5-0.8,v2rl303,wmdd,policy-vs-rule,152,103,689.2394947368421,686.4705381578948,-2.768956578947373,-5.79498653873044,-0.5229598313872433,6.8923949473684205,0.0014755269125835014,0.08262950710467608,equivalent
emp_ubin,u_bin=0.5-0.8,rollcp2,wmdd,optimizer-vs-rule,47,29,799.5804340425533,796.8183234042552,-2.762110638297869,-7.712773500000014,0.039442714285737306,7.995804340425533,0.09638507154603707,0.19277014309207413,equivalent
emp_ubin,u_bin=0.5-0.8,rl301,wmdd,policy-vs-rule,152,103,689.2394947368421,686.5391223684211,-2.700372368421053,-5.665198082191779,-0.5898122544343111,6.8923949473684205,0.0010088325774685678,0.05851228949317693,equivalent
emp_ubin,u_bin=0.5-0.8,v2at302,wmdd,policy-vs-rule,152,103,689.2394947368421,686.6463539473683,-2.593140789473692,-5.304210316455713,-0.44077791728612237,6.8923949473684205,0.007184128373726576,0.2735071133089225,equivalent
emp_ubin,u_bin=0.5-0.8,v2rl305,wmdd,policy-vs-rule,152,103,689.2394947368421,686.7131302631578,-2.5263644736842177,-5.29908957075684,-0.4122231842886572,6.8923949473684205,0.011731486083919983,0.37540755468543946,equivalent
emp_ubin,u_bin=0.5-0.8,v2rl306,wmdd,policy-vs-rule,152,103,689.2394947368421,686.7175013157894,-2.5219934210526365,-5.162764883753511,-0.47939869237180366,6.8923949473684205,0.0033036189932807813,0.15527009268419673,equivalent
emp_ubin,u_bin=0.5-0.8,v2rl310,wmdd,policy-vs-rule,152,103,689.2394947368421,686.7226328947368,-2.516861842105267,-5.279765383217651,-0.403827829669058,6.8923949473684205,0.007013002905356987,0.2735071133089225,equivalent
emp_ubin,u_bin=0.5-0.8,v2rl301,wmdd,policy-vs-rule,152,103,689.2394947368421,686.7666539473685,-2.4728407894736923,-5.114951616685511,-0.44493465106383356,6.8923949473684205,0.011731486083919983,0.37540755468543946,equivalent
emp_ubin,u_bin=0.5-0.8,v2rl302,wmdd,policy-vs-rule,152,103,689.2394947368421,686.8481539473684,-2.391340789473687,-4.88309572303068,-0.43793905994300414,6.8923949473684205,0.0033036189932807813,0.15527009268419673,equivalent
emp_ubin,u_bin=0.5-0.8,v2rl308,wmdd,policy-vs-rule,152,103,689.2394947368421,686.8531697368421,-2.3863250000000082,-5.076541744966456,-0.35166933797332267,6.8923949473684205,0.009882125340139674,0.3458743869048886,equivalent
emp_ubin,u_bin=0.5-0.8,v2rl307,wmdd,policy-vs-rule,152,103,689.2394947368421,686.9368407894736,-2.302653947368423,-4.703890030187081,-0.42236453499520304,6.8923949473684205,0.0042740329557000925,0.18378341709510398,equivalent
emp_ubin,u_bin=0.5-0.8,rl302,wmdd,policy-vs-rule,152,103,689.2394947368421,687.0469842105263,-2.192510526315792,-4.456386612083574,-0.47061630126582216,6.8923949473684205,0.0017127074115255536,0.09419890763390545,equivalent
emp_ubin,u_bin=0.5-0.8,v2at310,wmdd,policy-vs-rule,152,103,689.2394947368421,687.4182500000001,-1.821244736842106,-3.8485023784328525,-0.28122473185300745,6.8923949473684205,0.007481778161526851,0.2768257919764935,equivalent
emp_ubin,u_bin=0.5-0.8,edd,wmdd,rule-vs-rule,152,103,689.2394947368421,687.4565263157896,-1.782968421052634,-3.7536348368421133,-0.3706377062010861,6.8923949473684205,0.0033456181158508813,0.02578333997240851,equivalent
emp_ubin,u_bin=0.5-0.8,pfifo,wmdd,rule-vs-rule,152,103,689.2394947368421,687.4565263157896,-1.782968421052634,-3.678593315703483,-0.3199722326516953,6.8923949473684205,0.0033456181158508813,0.02578333997240851,equivalent
emp_ubin,u_bin=0.5-0.8,rl303,wmdd,policy-vs-rule,152,103,689.2394947368421,687.5163828947368,-1.7231118421052691,-3.355233112206967,-0.4221912828947501,6.8923949473684205,0.004847272608650018,0.20358544956330077,equivalent
emp_ubin,u_bin=0.5-0.8,v2rl304,wmdd,policy-vs-rule,152,103,689.2394947368421,687.5180828947368,-1.721411842105265,-3.544418366370321,-0.2895559094311374,6.8923949473684205,0.011322371449485434,0.37363825783301935,equivalent
emp_ubin,u_bin=0.5-0.8,v2rl309,wmdd,policy-vs-rule,152,103,689.2394947368421,688.0116223684211,-1.2278723684210542,-2.7446660617580396,-0.18241183412215226,6.8923949473684205,0.015085824244536002,0.39223143035793606,equivalent
emp_ubin,u_bin=0.5-0.8,v2at305,wmdd,policy-vs-rule,152,103,689.2394947368421,688.2782644736842,-0.9612302631578988,-3.1923187086092777,1.1120675629629577,6.8923949473684205,0.1304865137017562,1.0,equivalent
emp_ubin,u_bin=0.5-0.8,v2at309,wmdd,policy-vs-rule,152,103,689.2394947368421,689.1565118421054,-0.08298289473684481,-0.8604780441981696,0.6287957970112046,6.8923949473684205,1.0,1.0,equivalent
emp_ubin,u_bin=0.5-0.8,v2at306,wmdd,policy-vs-rule,152,103,689.2394947368421,689.4324039473685,0.1929092105263121,-0.8297226702978512,1.2525627387729188,6.8923949473684205,0.31429135223587323,1.0,equivalent
emp_ubin,u_bin=0.5-0.8,v2at308,wmdd,policy-vs-rule,152,103,689.2394947368421,689.9338065789474,0.6943118421052624,-0.07817114707952143,1.8156972611751918,6.8923949473684205,0.12404279309009482,1.0,equivalent
emp_ubin,u_bin=0.5-0.8,atc,wmdd,rule-vs-rule,152,103,689.2394947368421,689.9868828947368,0.7473881578947326,0.11192671891892403,1.6739283708005321,6.8923949473684205,0.0028648155524898344,0.02578333997240851,equivalent
emp_ubin,u_bin=0.5-0.8,v2at304,wmdd,policy-vs-rule,152,103,689.2394947368421,690.1194289473684,0.8799342105263136,0.1305832833333347,1.9553201392404964,6.8923949473684205,0.005856197810192868,0.2401041102179076,equivalent
emp_ubin,u_bin=0.5-0.8,v2at307,wmdd,policy-vs-rule,152,103,689.2394947368421,690.2545723684211,1.0150776315789427,0.23218974025974218,2.1590255881087455,6.8923949473684205,0.0024906653810712197,0.12453326905356099,equivalent
emp_ubin,u_bin=0.5-0.8,v2at303,wmdd,policy-vs-rule,152,103,689.2394947368421,690.6682828947369,1.4287881578947388,0.29040269736842295,3.023781557575759,6.8923949473684205,0.0007422049985808419,0.0460167099120122,equivalent
emp_ubin,u_bin=0.5-0.8,wspt,wmdd,rule-vs-rule,152,103,689.2394947368421,692.7714986842105,3.532003947368412,1.4691374607594938,6.4271646851351205,6.8923949473684205,1.903011611974859e-06,3.23511974035726e-05,equivalent
emp_ubin,u_bin=0.5-0.8,random,wmdd,rule-vs-rule,152,103,689.2394947368421,693.8408565789474,4.601361842105256,0.9940449922077871,9.857369275710274,6.8923949473684205,0.0003074101185422315,0.004303741659591241,inconclusive
emp_ubin,u_bin=0.5-0.8,v2at301,wmdd,policy-vs-rule,152,103,689.2394947368421,694.2396144736842,5.000119736842097,0.32185294005102266,11.858476666666661,6.8923949473684205,0.026813880683487962,0.6167192557202231,inconclusive
emp_ubin,u_bin=0.5-0.8,lpt,wmdd,rule-vs-rule,152,103,689.2394947368421,707.2899986842104,18.050503947368416,1.537636516129029,41.11761742851135,6.8923949473684205,0.06937721794870326,0.20813165384610977,inconclusive
emp_ubin,u_bin=0.8-1.0,rollcp2,atc,optimizer-vs-rule,13,13,859.7268153846154,851.3487692307692,-8.37804615384613,-25.059126923076878,0.42627692307695497,8.597268153846155,0.9375,1.0,inconclusive
emp_ubin,u_bin=0.8-1.0,v2rl305,atc,policy-vs-rule,64,64,628.28586875,622.246240625,-6.039628124999999,-12.87062203125,-1.092774375000003,6.2828586875,0.025842854459788903,1.0,inconclusive
emp_ubin,u_bin=0.8-1.0,v2rl302,atc,policy-vs-rule,64,64,628.28586875,622.78010625,-5.505762499999997,-12.669413125000002,0.15907499999999494,6.2828586875,0.011007912955186742,0.6788641294580915,inconclusive
emp_ubin,u_bin=0.8-1.0,v2rl301,atc,policy-vs-rule,64,64,628.28586875,622.944753125,-5.341115624999989,-12.29803054687499,-0.12485468750000048,6.2828586875,0.05553298081594267,1.0,inconclusive
emp_ubin,u_bin=0.8-1.0,v2rl307,atc,policy-vs-rule,64,64,628.28586875,623.008478125,-5.277390624999991,-12.339321874999987,0.4164914062499992,6.2828586875,0.021943664659377984,1.0,inconclusive
emp_ubin,u_bin=0.8-1.0,v2at302,atc,policy-vs-rule,64,64,628.28586875,623.0639156249999,-5.221953124999996,-12.155670859374977,0.28689140625004533,6.2828586875,0.023789604192528985,1.0,inconclusive
emp_ubin,u_bin=0.8-1.0,v2rl303,atc,policy-vs-rule,64,64,628.28586875,623.181346875,-5.104521874999993,-11.83374101562503,0.397411171875011,6.2828586875,0.011007912955186742,0.6788641294580915,inconclusive
emp_ubin,u_bin=0.8-1.0,rl302,atc,policy-vs-rule,64,64,628.28586875,623.2158718750001,-5.069996874999986,-11.952883125000024,0.4587859375000023,6.2828586875,0.011007912955186742,0.6788641294580915,inconclusive
emp_ubin,u_bin=0.8-1.0,rl303,atc,policy-vs-rule,64,64,628.28586875,623.259890625,-5.0259781249999795,-10.59780257812502,-0.8873851562500035,6.2828586875,0.030327342511675306,1.0,inconclusive
emp_ubin,u_bin=0.8-1.0,rl301,atc,policy-vs-rule,64,64,628.28586875,623.441528125,-4.844340624999989,-11.040396562499991,0.25564203125001317,6.2828586875,0.015906444101703374,0.8589479814919821,inconclusive
emp_ubin,u_bin=0.8-1.0,v2rl310,atc,policy-vs-rule,64,64,628.28586875,623.96456875,-4.321299999999989,-10.573392890624998,0.7681882031250005,6.2828586875,0.07354388753800377,1.0,inconclusive
emp_ubin,u_bin=0.8-1.0,v2at310,atc,policy-vs-rule,64,64,628.28586875,624.748875,-3.536993749999998,-9.148704843750004,1.1640146875000246,6.2828586875,0.06403929052055472,1.0,inconclusive
emp_ubin,u_bin=0.8-1.0,v2rl308,atc,policy-vs-rule,64,64,628.28586875,624.7824406249999,-3.503428124999995,-9.135459687500042,1.196750000000014,6.2828586875,0.0735939238114404,1.0,inconclusive
emp_ubin,u_bin=0.8-1.0,v2rl304,atc,policy-vs-rule,64,64,628.28586875,624.8747718750001,-3.411096874999987,-8.473386406249993,1.1347766406250093,6.2828586875,0.0735939238114404,1.0,inconclusive
emp_ubin,u_bin=0.8-1.0,edd,atc,rule-vs-rule,64,64,628.28586875,625.2417375,-3.0441312499999933,-7.607487968750006,1.3948341406250129,6.2828586875,0.05973901545539241,0.3584340927323545,inconclusive
emp_ubin,u_bin=0.8-1.0,pfifo,atc,rule-vs-rule,64,64,628.28586875,625.2417375,-3.0441312499999933,-7.765493671874999,1.4595598437499997,6.2828586875,0.05973901545539241,0.3584340927323545,inconclusive
emp_ubin,u_bin=0.8-1.0,v2rl306,atc,policy-vs-rule,64,64,628.28586875,626.674603125,-1.6112656249999917,-6.664259453124949,3.091468671874978,6.2828586875,0.15781136896845493,1.0,inconclusive
emp_ubin,u_bin=0.8-1.0,v2rl309,atc,policy-vs-rule,64,64,628.28586875,627.257353125,-1.0285156249999856,-4.190963359374973,2.241246328125017,6.2828586875,0.20942675696103719,1.0,equivalent
emp_ubin,u_bin=0.8-1.0,v2at309,atc,policy-vs-rule,64,64,628.28586875,627.341959375,-0.9439093749999801,-3.492644765624997,2.175272499999995,6.2828586875,0.05046060861109359,1.0,equivalent
emp_ubin,u_bin=0.8-1.0,v2at308,atc,policy-vs-rule,64,64,628.28586875,627.3635125000001,-0.9223562499999889,-3.610636484374965,1.559000312500013,6.2828586875,0.5067455281526702,1.0,equivalent
emp_ubin,u_bin=0.8-1.0,v2at305,atc,policy-vs-rule,64,64,628.28586875,627.50036875,-0.7854999999999928,-5.980194687499964,4.302818124999981,6.2828586875,0.4703377962613965,1.0,equivalent
emp_ubin,u_bin=0.8-1.0,v2at301,atc,policy-vs-rule,64,64,628.28586875,627.828325,-0.4575437499999817,-2.7213136718749746,1.6549588281249812,6.2828586875,0.7332713908212207,1.0,equivalent
emp_ubin,u_bin=0.8-1.0,wmdd,atc,rule-vs-rule,64,64,628.28586875,628.198315625,-0.08755312499997903,-3.274775624999991,4.234371093749999,6.2828586875,0.24112136827741826,0.7233641048322548,equivalent
emp_ubin,u_bin=0.8-1.0,v2at306,atc,policy-vs-rule,64,64,628.28586875,628.4064156250001,0.12054687500001515,-2.0925221874999567,3.1296539062500073,6.2828586875,0.5076243443095237,1.0,equivalent
emp_ubin,u_bin=0.8-1.0,v2at307,atc,policy-vs-rule,64,64,628.28586875,629.4311656250001,1.1452968750000094,-2.199447343749973,5.126115078125019,6.2828586875,0.5508255431498549,1.0,equivalent
emp_ubin,u_bin=0.8-1.0,v2at303,atc,policy-vs-rule,64,64,628.28586875,629.9932000000001,1.7073312499999942,-1.0146832812500022,4.600152031249982,6.2828586875,0.06397378298732984,1.0,equivalent
emp_ubin,u_bin=0.8-1.0,v2at304,atc,policy-vs-rule,64,64,628.28586875,630.214303125,1.928434375000021,0.05551234375000044,4.749578906250035,6.2828586875,0.07446183141740546,1.0,equivalent
emp_ubin,u_bin=0.8-1.0,wspt,atc,rule-vs-rule,64,64,628.28586875,634.473375,6.187506249999994,2.892298437500001,10.054242656249988,6.2828586875,0.00016242747372303843,0.0029236945270146916,inconclusive
emp_ubin,u_bin=0.8-1.0,random,atc,rule-vs-rule,64,64,628.28586875,637.047259375,8.761390625000006,3.394683359375015,14.980744062499998,6.2828586875,0.0009022546344924854,0.014371381874565483,inconclusive
emp_ubin,u_bin=0.8-1.0,lpt,atc,rule-vs-rule,64,64,628.28586875,661.6025562500001,33.316687500000015,9.892356875000024,66.05095968749998,6.2828586875,0.012946026127481566,0.09062218289237096,worse
emp_ubin,u_bin=0.8-1.0,v2rl305,edd,policy-vs-rule,64,64,625.2417375,622.246240625,-2.995496875000006,-6.833397343749998,-0.13694945312500406,6.252417375,0.04685328478814715,1.0,inconclusive
emp_ubin,u_bin=0.8-1.0,v2rl302,edd,policy-vs-rule,64,64,625.2417375,622.78010625,-2.4616312500000035,-5.500103046875008,-0.5504006249999998,6.252417375,0.005062032126267864,0.3391561524599469,equivalent
emp_ubin,u_bin=0.8-1.0,v2rl301,edd,policy-vs-rule,64,64,625.2417375,622.944753125,-2.2969843749999956,-5.325829765624989,-0.07407593750000131,6.252417375,0.04685328478814715,1.0,equivalent
emp_ubin,u_bin=0.8-1.0,rollcp2,edd,optimizer-vs-rule,13,13,853.5895076923077,851.3487692307692,-2.240738461538432,-6.6556561538461025,0.42588076923078794,8.535895076923078,0.9375,1.0,equivalent
emp_ubin,u_bin=0.8-1.0,v2rl307,edd,policy-vs-rule,64,64,625.2417375,623.008478125,-2.2332593749999976,-5.184042734374997,-0.3995233593749996,6.252417375,0.010862224704815628,0.6788641294580915,equivalent
emp_ubin,u_bin=0.8-1.0,v2at302,edd,policy-vs-rule,64,64,625.2417375,623.0639156249999,-2.177821875000003,-5.14244164062501,-0.3123590625000045,6.252417375,0.01898115409498292,1.0,equivalent
emp_ubin,u_bin=0.8-1.0,v2rl303,edd,policy-vs-rule,64,64,625.2417375,623.181346875,-2.060390625,-4.5364499218750005,-0.38115187500000014,6.252417375,0.012515318690073973,0.6883425279540685,equivalent
emp_ubin,u_bin=0.8-1.0,rl302,edd,policy-vs-rule,64,64,625.2417375,623.2158718750001,-2.0258656249999927,-4.835406249999989,-0.34003421875,6.252417375,0.011718685599768628,0.6788641294580915,equivalent
emp_ubin,u_bin=0.8-1.0,rl303,edd,policy-vs-rule,64,64,625.2417375,623.259890625,-1.9818468749999862,-5.179643828124959,0.25619523437499936,6.252417375,0.10974463874701328,1.0,equivalent
emp_ubin,u_bin=0.8-1.0,rl301,edd,policy-vs-rule,64,64,625.2417375,623.441528125,-1.8002093749999961,-3.7962632812499972,-0.43576875000000115,6.252417375,0.011718685599768628,0.6788641294580915,equivalent
emp_ubin,u_bin=0.8-1.0,v2rl310,edd,policy-vs-rule,64,64,625.2417375,623.96456875,-1.277168749999996,-3.4049524999999905,0.3090363281249996,6.252417375,0.09116079400519664,1.0,equivalent
emp_ubin,u_bin=0.8-1.0,v2at310,edd,policy-vs-rule,64,64,625.2417375,624.748875,-0.49286250000000464,-2.354032890625006,1.2092553906249945,6.252417375,0.3742593192802244,1.0,equivalent
emp_ubin,u_bin=0.8-1.0,v2rl308,edd,policy-vs-rule,64,64,625.2417375,624.7824406249999,-0.4592968750000015,-2.2254290625000017,1.1426338281249973,6.252417375,0.4445867389117455,1.0,equivalent
emp_ubin,u_bin=0.8-1.0,v2rl304,edd,policy-vs-rule,64,64,625.2417375,624.8747718750001,-0.3669656249999935,-1.6546185156249889,1.0407581250000197,6.252417375,0.3328797545683888,1.0,equivalent
emp_ubin,u_bin=0.8-1.0,pfifo,edd,rule-vs-rule,64,64,625.2417375,625.2417375,0.0,0.0,0.0,6.252417375,1.0,1.0,equivalent
emp_ubin,u_bin=0.8-1.0,v2rl306,edd,policy-vs-rule,64,64,625.2417375,626.674603125,1.4328656250000016,-1.6264092187499959,6.485233281250005,6.252417375,0.3328797545683888,1.0,inconclusive
emp_ubin,u_bin=0.8-1.0,v2rl309,edd,policy-vs-rule,64,64,625.2417375,627.257353125,2.0156156250000077,0.15136679687500437,4.480217343749999,6.252417375,0.10974463874701328,1.0,equivalent
emp_ubin,u_bin=0.8-1.0,v2at309,edd,policy-vs-rule,64,64,625.2417375,627.341959375,2.1002218750000132,0.12478500000000106,4.845277421875025,6.252417375,0.0687035743228782,1.0,equivalent
emp_ubin,u_bin=0.8-1.0,v2at308,edd,policy-vs-rule,64,64,625.2417375,627.3635125000001,2.1217750000000044,-3.9388549218749924,8.094298125000005,6.252417375,0.21322298815094953,1.0,inconclusive
emp_ubin,u_bin=0.8-1.0,v2at305,edd,policy-vs-rule,64,64,625.2417375,627.50036875,2.2586312500000005,-1.2386977343749792,8.164268124999978,6.252417375,0.9593536340401635,1.0,inconclusive
emp_ubin,u_bin=0.8-1.0,v2at301,edd,policy-vs-rule,64,64,625.2417375,627.828325,2.586587500000012,-3.469632499999998,8.634965156249999,6.252417375,0.04132685891250041,1.0,inconclusive
emp_ubin,u_bin=0.8-1.0,wmdd,edd,rule-vs-rule,64,64,625.2417375,628.198315625,2.9565781250000143,0.8642853124999981,5.540257812500013,6.252417375,0.007685794055213263,0.08454373460734589,equivalent
emp_ubin,u_bin=0.8-1.0,atc,edd,rule-vs-rule,64,64,625.2417375,628.28586875,3.0441312499999933,-1.4873020312499892,7.703638437499966,6.252417375,0.05973901545539241,0.3584340927323545,inconclusive
emp_ubin,u_bin=0.8-1.0,v2at306,edd,policy-vs-rule,64,64,625.2417375,628.4064156250001,3.1646781250000084,0.6528621875000002,6.47270914062502,6.252417375,0.032854219928643694,1.0,inconclusive
emp_ubin,u_bin=0.8-1.0,v2at307,edd,policy-vs-rule,64,64,625.2417375,629.4311656250001,4.189428125000003,-2.470584765624996,11.009524062499999,6.252417375,0.06084060818276912,1.0,inconclusive
emp_ubin,u_bin=0.8-1.0,v2at303,edd,policy-vs-rule,64,64,625.2417375,629.9932000000001,4.751462499999987,-2.440060156250015,12.436336015624978,6.252417375,0.026183648097068732,1.0,inconclusive
emp_ubin,u_bin=0.8-1.0,v2at304,edd,policy-vs-rule,64,64,625.2417375,630.214303125,4.972565625000014,1.0538634375000067,10.039150234375022,6.252417375,0.011007912955186742,0.6788641294580915,inconclusive
emp_ubin,u_bin=0.8-1.0,wspt,edd,rule-vs-rule,64,64,625.2417375,634.473375,9.231637499999987,2.256321953124986,17.329040312500005,6.252417375,0.0005427262946132943,0.009226347008426002,inconclusive
emp_ubin,u_bin=0.8-1.0,random,edd,rule-vs-rule,64,64,625.2417375,637.047259375,11.805521874999998,3.6824648437499987,21.970313749999995,6.252417375,0.00128324613424932,0.01796544587949048,inconclusive
emp_ubin,u_bin=0.8-1.0,lpt,edd,rule-vs-rule,64,64,625.2417375,661.6025562500001,36.360818750000014,10.880033671875001,70.60878179687501,6.252417375,0.0023655770533978757,0.030752501694172384,worse
emp_ubin,u_bin=0.8-1.0,rollcp2,wmdd,optimizer-vs-rule,13,13,857.8859692307693,851.3487692307692,-6.537200000000026,-17.810938461538566,0.42049615384615996,8.578859692307693,0.9375,1.0,inconclusive
emp_ubin,u_bin=0.8-1.0,v2rl305,wmdd,policy-vs-rule,64,64,628.198315625,622.246240625,-5.95207500000002,-11.768843828125036,-1.2450195312500032,6.28198315625,0.02079521585359911,1.0,inconclusive
emp_ubin,u_bin=0.8-1.0,v2rl302,wmdd,policy-vs-rule,64,64,628.198315625,622.78010625,-5.418209375000018,-10.640170234375043,-1.514304609375004,6.28198315625,0.0033456181158508813,0.2308476499937108,inconclusive
emp_ubin,u_bin=0.8-1.0,v2rl301,wmdd,policy-vs-rule,64,64,628.198315625,622.944753125,-5.25356250000001,-10.475087734375007,-1.22837132812501,6.28198315625,0.02079521585359911,1.0,inconclusive
emp_ubin,u_bin=0.8-1.0,v2rl307,wmdd,policy-vs-rule,64,64,628.198315625,623.008478125,-5.189837500000012,-10.376838281250016,-1.415382187500003,6.28198315625,0.005847075797320481,0.37421285102851076,inconclusive
emp_ubin,u_bin=0.8-1.0,v2at302,wmdd,policy-vs-rule,64,64,628.198315625,623.0639156249999,-5.134400000000017,-10.378858593750042,-1.309581015625008,6.28198315625,0.010775621102509389,0.6788641294580915,inconclusive
emp_ubin,u_bin=0.8-1.0,v2rl303,wmdd,policy-vs-rule,64,64,628.198315625,623.181346875,-5.016968750000014,-9.664905703124997,-1.3419400000000081,6.28198315625,0.005062032126267864,0.3391561524599469,inconclusive
emp_ubin,u_bin=0.8-1.0,rl302,wmdd,policy-vs-rule,64,64,628.198315625,623.2158718750001,-4.982443750000007,-9.936479765625005,-1.3455067187500018,6.28198315625,0.0033456181158508813,0.2308476499937108,inconclusive
emp_ubin,u_bin=0.8-1.0,rl303,wmdd,policy-vs-rule,64,64,628.198315625,623.259890625,-4.9384250000000005,-9.958044687499994,-1.002237187500008,6.28198315625,0.026231237263180107,1.0,inconclusive
emp_ubin,u_bin=0.8-1.0,rl301,wmdd,policy-vs-rule,64,64,628.198315625,623.441528125,-4.75678750000001,-9.03874937500002,-1.4229865625000087,6.28198315625,0.005062032126267864,0.3391561524599469,inconclusive
emp_ubin,u_bin=0.8-1.0,v2rl310,wmdd,policy-vs-rule,64,64,628.198315625,623.96456875,-4.23374687500001,-8.37459531250002,-0.9689507031250068,6.28198315625,0.030919460197507687,1.0,inconclusive
emp_ubin,u_bin=0.8-1.0,v2at310,wmdd,policy-vs-rule,64,64,628.198315625,624.748875,-3.449440625000019,-7.137076171875042,-0.5301222656250001,6.28198315625,0.032854219928643694,1.0,inconclusive
emp_ubin,u_bin=0.8-1.0,v2rl308,wmdd,policy-vs-rule,64,64,628.198315625,624.7824406249999,-3.4158750000000158,-6.979634609375008,-0.5318478125000167,6.28198315625,0.032854219928643694,1.0,inconclusive
emp_ubin,u_bin=0.8-1.0,v2rl304,wmdd,policy-vs-rule,64,64,628.198315625,624.8747718750001,-3.323543750000008,-6.714010234375017,-0.5169243750000071,6.28198315625,0.032854219928643694,1.0,inconclusive
emp_ubin,u_bin=0.8-1.0,edd,wmdd,rule-vs-rule,64,64,628.198315625,625.2417375,-2.9565781250000143,-5.57361289062502,-0.8819871875000027,6.28198315625,0.007685794055213263,0.08454373460734589,equivalent
emp_ubin,u_bin=0.8-1.0,pfifo,wmdd,rule-vs-rule,64,64,628.198315625,625.2417375,-2.9565781250000143,-5.461148203125018,-0.9054593750000112,6.28198315625,0.007685794055213263,0.08454373460734589,equivalent
emp_ubin,u_bin=0.8-1.0,v2rl306,wmdd,policy-vs-rule,64,64,628.198315625,626.674603125,-1.5237125000000127,-5.545695781250033,2.923089218749997,6.28198315625,0.09116079400519664,1.0,equivalent
emp_ubin,u_bin=0.8-1.0,v2rl309,wmdd,policy-vs-rule,64,64,628.198315625,627.257353125,-0.9409625000000066,-2.8556993750000164,0.8173024999999964,6.28198315625,0.2858975599599568,1.0,equivalent
emp_ubin,u_bin=0.8-1.0,v2at309,wmdd,policy-vs-rule,64,64,628.198315625,627.341959375,-0.856356250000001,-2.4490376562500096,0.5165257812500096,6.28198315625,0.23672357063785732,1.0,equivalent
emp_ubin,u_bin=0.8-1.0,v2at308,wmdd,policy-vs-rule,64,64,628.198315625,627.3635125000001,-0.8348031250000099,-7.098415312499995,4.078994140624996,6.28198315625,0.7536837177261574,1.0,inconclusive
emp_ubin,u_bin=0.8-1.0,v2at305,wmdd,policy-vs-rule,64,64,628.198315625,627.50036875,-0.6979468750000137,-4.917208437500013,4.408393359374976,6.28198315625,0.32806478170083675,1.0,equivalent
emp_ubin,u_bin=0.8-1.0,v2at301,wmdd,policy-vs-rule,64,64,628.198315625,627.828325,-0.3699906250000027,-6.50775953125,4.304842109375002,6.28198315625,0.3634879469815159,1.0,inconclusive
emp_ubin,u_bin=0.8-1.0,atc,wmdd,rule-vs-rule,64,64,628.198315625,628.28586875,0.08755312499997903,-4.356992031249989,3.258877343749966,6.28198315625,0.24112136827741826,0.7233641048322548,equivalent
emp_ubin,u_bin=0.8-1.0,v2at306,wmdd,policy-vs-rule,64,64,628.198315625,628.4064156250001,0.20809999999999418,-1.863431328125016,2.233762890625001,6.28198315625,0.7221076526150257,1.0,equivalent
emp_ubin,u_bin=0.8-1.0,v2at307,wmdd,policy-vs-rule,64,64,628.198315625,629.4311656250001,1.2328499999999885,-5.59835765625,7.236549453124988,6.28198315625,0.17700734666467977,1.0,inconclusive
emp_ubin,u_bin=0.8-1.0,v2at303,wmdd,policy-vs-rule,64,64,628.198315625,629.9932000000001,1.7948843749999732,-5.0156875781250045,7.904078749999966,6.28198315625,0.12515345696288432,1.0,inconclusive
emp_ubin,u_bin=0.8-1.0,v2at304,wmdd,policy-vs-rule,64,64,628.198315625,630.214303125,2.0159875,-0.6092909375000007,5.192766250000009,6.28198315625,0.11666446478102344,1.0,equivalent
emp_ubin,u_bin=0.8-1.0,wspt,wmdd,rule-vs-rule,64,64,628.198315625,634.473375,6.275059374999973,-0.008999218750022948,12.683907656249978,6.28198315625,0.0008982113671603427,0.014371381874565483,inconclusive
emp_ubin,u_bin=0.8-1.0,random,wmdd,rule-vs-rule,64,64,628.198315625,637.047259375,8.848943749999984,1.4406673437499948,17.377686484374966,6.28198315625,0.008028938002710003,0.08454373460734589,inconclusive
emp_ubin,u_bin=0.8-1.0,lpt,wmdd,rule-vs-rule,64,64,628.198315625,661.6025562500001,33.404240625,9.071632656249996,66.01622632812499,6.28198315625,0.005213241256099401,0.06255889507319282,worse
emp_ubin,u_bin=1.0-1.2,v2rl304,atc,policy-vs-rule,37,37,615.2800540540541,605.007491891892,-10.272562162162176,-23.5639824324325,-2.112661081081082,6.15280054054054,0.007685794055213263,0.5303197898097152,inconclusive
emp_ubin,u_bin=1.0-1.2,rl301,atc,policy-vs-rule,37,37,615.2800540540541,607.1126702702702,-8.16738378378383,-16.140264594594754,-2.406092972972975,6.15280054054054,0.007685794055213263,0.5303197898097152,inconclusive
emp_ubin,u_bin=1.0-1.2,v2rl310,atc,policy-vs-rule,37,37,615.2800540540541,607.8297405405407,-7.450313513513503,-14.338619729729698,-2.2555381081081127,6.15280054054054,0.007685794055213263,0.5303197898097152,inconclusive
emp_ubin,u_bin=1.0-1.2,v2rl308,atc,policy-vs-rule,37,37,615.2800540540541,607.9174810810811,-7.362572972973024,-16.63369351351363,-1.4095243243243272,6.15280054054054,0.007685794055213263,0.5303197898097152,inconclusive
emp_ubin,u_bin=1.0-1.2,edd,atc,rule-vs-rule,37,37,615.2800540540541,608.1954216216217,-7.084632432432435,-15.716476486486512,-1.3820104054054014,6.15280054054054,0.012515318690073973,0.14062422719722353,inconclusive
emp_ubin,u_bin=1.0-1.2,pfifo,atc,rule-vs-rule,37,37,615.2800540540541,608.1954216216217,-7.084632432432435,-15.673609459459476,-1.440722432432436,6.15280054054054,0.012515318690073973,0.14062422719722353,inconclusive
emp_ubin,u_bin=1.0-1.2,v2rl303,atc,policy-vs-rule,37,37,615.2800540540541,608.3252864864866,-6.954767567567595,-16.899217567567614,0.6997394594594469,6.15280054054054,0.08583095844428565,1.0,inconclusive
emp_ubin,u_bin=1.0-1.2,v2rl302,atc,policy-vs-rule,37,37,615.2800540540541,608.8892648648649,-6.390789189189188,-15.354247567567555,0.7611799999999882,6.15280054054054,0.08583095844428565,1.0,inconclusive
emp_ubin,u_bin=1.0-1.2,v2at310,atc,policy-vs-rule,37,37,615.2800540540541,609.0518486486486,-6.228205405405449,-12.421789729729792,-1.434756756756774,6.15280054054054,0.007685794055213263,0.5303197898097152,inconclusive
emp_ubin,u_bin=1.0-1.2,rl302,atc,policy-vs-rule,37,37,615.2800540540541,610.5823081081081,-4.697745945945972,-8.444875135135172,-1.6227468918919048,6.15280054054054,0.007685794055213263,0.5303197898097152,inconclusive
emp_ubin,u_bin=1.0-1.2,v2at302,atc,policy-vs-rule,37,37,615.2800540540541,611.3606972972973,-3.9193567567567804,-13.091932297297346,6.209464594594597,6.15280054054054,0.10974463874701328,1.0,inconclusive
emp_ubin,u_bin=1.0-1.2,v2at309,atc,policy-vs-rule,37,37,615.2800540540541,611.5662,-3.713854054054088,-8.381080135135187,-0.33965405405407134,6.15280054054054,0.027707849358079864,1.0,inconclusive
emp_ubin,u_bin=1.0-1.2,rollcp2,atc,optimizer-vs-rule,7,7,587.7621142857143,584.1934000000001,-3.568714285714236,-8.256117142857127,0.01851428571428317,5.877621142857143,0.5,1.0,inconclusive
emp_ubin,u_bin=1.0-1.2,v2rl305,atc,policy-vs-rule,37,37,615.2800540540541,611.7744216216216,-3.5056324324324795,-12.719454594594675,6.561062432432434,6.15280054054054,0.10974463874701328,1.0,inconclusive
emp_ubin,u_bin=1.0-1.2,v2at308,atc,policy-vs-rule,37,37,615.2800540540541,612.4168864864865,-2.8631675675675887,-6.482605945945959,-0.05358567567568345,6.15280054054054,0.09289194088370532,1.0,inconclusive
emp_ubin,u_bin=1.0-1.2,rl303,atc,policy-vs-rule,37,37,615.2800540540541,612.5505675675677,-2.7294864864864845,-12.48242216216217,7.387796891891902,6.15280054054054,0.21352435403618242,1.0,inconclusive
emp_ubin,u_bin=1.0-1.2,wmdd,atc,rule-vs-rule,37,37,615.2800540540541,612.6987675675676,-2.581286486486525,-6.35427270270281,0.28125418918916495,6.15280054054054,0.2626182904425206,0.7878548713275618,inconclusive
emp_ubin,u_bin=1.0-1.2,v2rl309,atc,policy-vs-rule,37,37,615.2800540540541,613.0337513513514,-2.246302702702732,-5.241411891891911,-0.3525002702703374,6.15280054054054,0.011718685599768628,0.7031211359861177,equivalent
emp_ubin,u_bin=1.0-1.2,v2rl307,atc,policy-vs-rule,37,37,615.2800540540541,613.0900702702703,-2.1899837837838407,-9.227240810810985,6.939162162162175,6.15280054054054,0.10974463874701328,1.0,inconclusive
emp_ubin,u_bin=1.0-1.2,v2at307,atc,policy-vs-rule,37,37,615.2800540540541,613.5448378378379,-1.7352162162162263,-5.471015405405433,1.6293271621621677,6.15280054054054,0.5146697234497355,1.0,equivalent
emp_ubin,u_bin=1.0-1.2,v2at306,atc,policy-vs-rule,37,37,615.2800540540541,614.5290594594595,-0.7509945945946154,-2.5084470270270214,1.003334054054124,6.15280054054054,0.40081416938293446,1.0,equivalent
emp_ubin,u_bin=1.0-1.2,v2rl301,atc,policy-vs-rule,37,37,615.2800540540541,615.3411567567567,0.061102702702649406,-6.697537567567565,8.967312432432369,6.15280054054054,0.3139380937749148,1.0,inconclusive
emp_ubin,u_bin=1.0-1.2,v2at304,atc,policy-vs-rule,37,37,615.2800540540541,615.6132486486487,0.3331945945945741,-2.5691891891892,3.423172567567583,6.15280054054054,0.7353166906373405,1.0,equivalent
emp_ubin,u_bin=1.0-1.2,v2at303,atc,policy-vs-rule,37,37,615.2800540540541,617.1086648648649,1.8286108108107764,-1.3470682432432513,5.300895405405288,6.15280054054054,0.21352435403618242,1.0,equivalent
emp_ubin,u_bin=1.0-1.2,v2rl306,atc,policy-vs-rule,37,37,615.2800540540541,619.4963891891891,4.216335135135076,-3.865686486486511,14.279851351351319,6.15280054054054,0.9527650219907529,1.0,inconclusive
emp_ubin,u_bin=1.0-1.2,v2at301,atc,policy-vs-rule,37,37,615.2800540540541,622.6792324324324,7.3991783783783,-4.7455948648648665,29.000761081080885,6.15280054054054,0.32698934959801507,1.0,inconclusive
emp_ubin,u_bin=1.0-1.2,wspt,atc,rule-vs-rule,37,37,615.2800540540541,627.0799621621622,11.799908108108088,2.947332972972959,26.164458243243153,6.15280054054054,0.0014541215484221539,0.02617418787159877,inconclusive
emp_ubin,u_bin=1.0-1.2,v2at305,atc,policy-vs-rule,37,37,615.2800540540541,628.8031567567567,13.523102702702676,-4.424714324324352,43.43324351351341,6.15280054054054,0.8589549227374824,1.0,inconclusive
emp_ubin,u_bin=1.0-1.2,random,atc,rule-vs-rule,37,37,615.2800540540541,695.379691891892,80.09963783783782,3.733498108108103,226.8618971621621,6.15280054054054,0.007132413699395206,0.09272137809213768,inconclusive
emp_ubin,u_bin=1.0-1.2,lpt,atc,rule-vs-rule,37,37,615.2800540540541,837.9189297297296,222.63887567567556,4.502330540540529,646.6928127027024,6.15280054054054,0.046399461870904636,0.18559784748361854,inconclusive
emp_ubin,u_bin=1.0-1.2,v2rl304,edd,policy-vs-rule,37,37,608.1954216216217,605.007491891892,-3.1879297297297393,-8.109617567567607,-0.24787364864863295,6.081954216216217,0.038151710173415135,1.0,inconclusive
emp_ubin,u_bin=1.0-1.2,rollcp2,edd,optimizer-vs-rule,7,7,585.3573142857143,584.1934000000001,-1.1639142857142457,-3.455914285714146,0.01851428571428317,5.853573142857143,0.5,1.0,equivalent
emp_ubin,u_bin=1.0-1.2,rl301,edd,policy-vs-rule,37,37,608.1954216216217,607.1126702702702,-1.0827513513513938,-3.2244937837837777,0.663331216216122,6.081954216216217,0.1386406338132186,1.0,equivalent
emp_ubin,u_bin=1.0-1.2,v2rl310,edd,policy-vs-rule,37,37,608.1954216216217,607.8297405405407,-0.36568108108106745,-2.4555518918919157,2.080745675675742,6.081954216216217,0.16142946236708333,1.0,equivalent
emp_ubin,u_bin=1.0-1.2,v2rl308,edd,policy-vs-rule,37,37,608.1954216216217,607.9174810810811,-0.27794054054058853,-1.9045656756757812,1.5267241891891337,6.081954216216217,0.5146697234497355,1.0,equivalent
emp_ubin,u_bin=1.0-1.2,pfifo,edd,rule-vs-rule,37,37,608.1954216216217,608.1954216216217,0.0,0.0,0.0,6.081954216216217,1.0,1.0,equivalent
emp_ubin,u_bin=1.0-1.2,v2rl303,edd,policy-vs-rule,37,37,608.1954216216217,608.3252864864866,0.12986486486484122,-3.2995694594594918,4.8228025675675426,6.081954216216217,0.16142946236708333,1.0,equivalent
emp_ubin,u_bin=1.0-1.2,v2rl302,edd,policy-vs-rule,37,37,608.1954216216217,608.8892648648649,0.693843243243248,-2.6383971621621587,5.392793243243232,6.081954216216217,0.40081416938293446,1.0,equivalent
emp_ubin,u_bin=1.0-1.2,v2at310,edd,policy-vs-rule,37,37,608.1954216216217,609.0518486486486,0.8564270270269874,-1.9899808108108075,4.421321351351251,6.081954216216217,0.9527650219907529,1.0,equivalent
emp_ubin,u_bin=1.0-1.2,rl302,edd,policy-vs-rule,37,37,608.1954216216217,610.5823081081081,2.386886486486464,-1.5506918918919124,9.207922972972952,6.081954216216217,0.2626182904425206,1.0,inconclusive
emp_ubin,u_bin=1.0-1.2,v2at302,edd,policy-vs-rule,37,37,608.1954216216217,611.3606972972973,3.1652756756756553,-2.3956559459459763,11.931709999999951,6.081954216216217,0.5146697234497355,1.0,inconclusive
emp_ubin,u_bin=1.0-1.2,v2at309,edd,policy-vs-rule,37,37,608.1954216216217,611.5662,3.3707783783783483,0.2401414864864745,8.070680540540456,6.081954216216217,0.1386406338132186,1.0,inconclusive
emp_ubin,u_bin=1.0-1.2,v2rl305,edd,policy-vs-rule,37,37,608.1954216216217,611.7744216216216,3.578999999999956,-1.584075675675659,12.246338918918816,6.081954216216217,0.6744240722352938,1.0,inconclusive
emp_ubin,u_bin=1.0-1.2,v2at308,edd,policy-vs-rule,37,37,608.1954216216217,612.4168864864865,4.221464864864847,-0.6830663513513674,11.8932079729729,6.081954216216217,0.20757844233562428,1.0,inconclusive
emp_ubin,u_bin=1.0-1.2,rl303,edd,policy-vs-rule,37,37,608.1954216216217,612.5505675675677,4.355145945945951,-0.24131891891892648,12.421331756756768,6.081954216216217,0.4838398513935682,1.0,inconclusive
emp_ubin,u_bin=1.0-1.2,wmdd,edd,rule-vs-rule,37,37,608.1954216216217,612.6987675675676,4.503345945945911,0.814000405405402,10.33909121621611,6.081954216216217,0.011718685599768628,0.14062422719722353,inconclusive
emp_ubin,u_bin=1.0-1.2,v2rl309,edd,policy-vs-rule,37,37,608.1954216216217,613.0337513513514,4.838329729729704,0.24411986486485404,12.739281621621576,6.081954216216217,0.09289194088370532,1.0,inconclusive
emp_ubin,u_bin=1.0-1.2,v2rl307,edd,policy-vs-rule,37,37,608.1954216216217,613.0900702702703,4.894648648648595,-2.1091567567567653,14.999298513513368,6.081954216216217,0.6744240722352938,1.0,inconclusive
emp_ubin,u_bin=1.0-1.2,v2at307,edd,policy-vs-rule,37,37,608.1954216216217,613.5448378378379,5.34941621621621,0.397418918918915,12.717869594594577,6.081954216216217,0.03665792867221451,1.0,inconclusive
emp_ubin,u_bin=1.0-1.2,v2at306,edd,policy-vs-rule,37,37,608.1954216216217,614.5290594594595,6.333637837837821,1.0995087837837778,14.04648959459452,6.081954216216217,0.050612432239184685,1.0,inconclusive
emp_ubin,u_bin=1.0-1.2,atc,edd,rule-vs-rule,37,37,608.1954216216217,615.2800540540541,7.084632432432435,1.4192552702702599,15.791844054054067,6.081954216216217,0.012515318690073973,0.14062422719722353,inconclusive
emp_ubin,u_bin=1.0-1.2,v2rl301,edd,policy-vs-rule,37,37,608.1954216216217,615.3411567567567,7.145735135135086,-1.8967814864864905,19.8267893243242,6.081954216216217,1.0,1.0,inconclusive
emp_ubin,u_bin=1.0-1.2,v2at304,edd,policy-vs-rule,37,37,608.1954216216217,615.6132486486487,7.417827027027009,0.5548817567567566,16.9621886486486,6.081954216216217,0.20262160771231197,1.0,inconclusive
emp_ubin,u_bin=1.0-1.2,v2at303,edd,policy-vs-rule,37,37,608.1954216216217,617.1086648648649,8.913243243243212,1.3927947297297405,20.441186756756693,6.081954216216217,0.02182427562605354,1.0,inconclusive
emp_ubin,u_bin=1.0-1.2,v2rl306,edd,policy-vs-rule,37,37,608.1954216216217,619.4963891891891,11.300967567567513,-0.21687608108108886,27.658373918918826,6.081954216216217,0.5754030229127536,1.0,inconclusive
emp_ubin,u_bin=1.0-1.2,v2at301,edd,policy-vs-rule,37,37,608.1954216216217,622.6792324324324,14.483810810810736,-0.2964851351351461,42.478143783783594,6.081954216216217,0.3862707203664827,1.0,inconclusive
emp_ubin,u_bin=1.0-1.2,wspt,edd,rule-vs-rule,37,37,608.1954216216217,627.0799621621622,18.884540540540524,5.073056486486482,41.257096621621585,6.081954216216217,0.0014737808438751421,0.02617418787159877,inconclusive
emp_ubin,u_bin=1.0-1.2,v2at305,edd,policy-vs-rule,37,37,608.1954216216217,628.8031567567567,20.607735135135112,-0.47534527027028584,58.428625945945896,6.081954216216217,0.7670968684102772,1.0,inconclusive
emp_ubin,u_bin=1.0-1.2,random,edd,rule-vs-rule,37,37,608.1954216216217,695.379691891892,87.18427027027025,6.658657972972967,241.2798931081081,6.081954216216217,0.0028648155524898344,0.04297223328734752,worse
emp_ubin,u_bin=1.0-1.2,lpt,edd,rule-vs-rule,37,37,608.1954216216217,837.9189297297296,229.723508108108,7.650719054054054,660.1768606756752,6.081954216216217,0.012063323418854825,0.14062422719722353,worse
emp_ubin,u_bin=1.0-1.2,v2rl304,wmdd,policy-vs-rule,37,37,612.6987675675676,605.007491891892,-7.69127567567565,-18.28751797297292,-1.2196004054053957,6.126987675675677,0.010862224704815628,0.6625957069937533,inconclusive
emp_ubin,u_bin=1.0-1.2,rl301,wmdd,policy-vs-rule,37,37,612.6987675675676,607.1126702702702,-5.586097297297305,-10.994690000000022,-1.4893186486486414,6.126987675675677,0.007685794055213263,0.5303197898097152,inconclusive
emp_ubin,u_bin=1.0-1.2,v2rl310,wmdd,policy-vs-rule,37,37,612.6987675675676,607.8297405405407,-4.869027027026979,-9.275594594594502,-1.3856394594594512,6.126987675675677,0.007685794055213263,0.5303197898097152,inconclusive
emp_ubin,u_bin=1.0-1.2,v2rl308,wmdd,policy-vs-rule,37,37,612.6987675675676,607.9174810810811,-4.7812864864865,-11.314272972972983,-0.6897112162162171,6.126987675675677,0.011718685599768628,0.7031211359861177,inconclusive
emp_ubin,u_bin=1.0-1.2,edd,wmdd,rule-vs-rule,37,37,612.6987675675676,608.1954216216217,-4.503345945945911,-10.27567675675666,-0.7769398648648635,6.126987675675677,0.011718685599768628,0.14062422719722353,inconclusive
emp_ubin,u_bin=1.0-1.2,pfifo,wmdd,rule-vs-rule,37,37,612.6987675675676,608.1954216216217,-4.503345945945911,-10.201972702702598,-0.8037891891891881,6.126987675675677,0.011718685599768628,0.14062422719722353,inconclusive
emp_ubin,u_bin=1.0-1.2,v2rl303,wmdd,policy-vs-rule,37,37,612.6987675675676,608.3252864864866,-4.37348108108107,-11.705409729729709,2.3142947297297365,6.126987675675677,0.08583095844428565,1.0,inconclusive
emp_ubin,u_bin=1.0-1.2,v2rl302,wmdd,policy-vs-rule,37,37,612.6987675675676,608.8892648648649,-3.8095027027026633,-10.576784864864711,2.4739160810810774,6.126987675675677,0.08583095844428565,1.0,inconclusive
emp_ubin,u_bin=1.0-1.2,v2at310,wmdd,policy-vs-rule,37,37,612.6987675675676,609.0518486486486,-3.6469189189189235,-7.54945648648649,-0.4854691891892172,6.126987675675677,0.011718685599768628,0.7031211359861177,inconclusive
emp_ubin,u_bin=1.0-1.2,rl302,wmdd,policy-vs-rule,37,37,612.6987675675676,610.5823081081081,-2.1164594594594472,-5.126702297297322,0.6115028378378818,6.126987675675677,0.0663160312989308,1.0,equivalent
emp_ubin,u_bin=1.0-1.2,rollcp2,wmdd,optimizer-vs-rule,7,7,585.5506571428571,584.1934000000001,-1.3572571428570654,-3.8035428571426046,0.01851428571428317,5.85550657142857,0.5,1.0,equivalent
emp_ubin,u_bin=1.0-1.2,v2at302,wmdd,policy-vs-rule,37,37,612.6987675675676,611.3606972972973,-1.3380702702702556,-8.798404729729706,8.691173783783782,6.126987675675677,0.10974463874701328,1.0,inconclusive
emp_ubin,u_bin=1.0-1.2,v2at309,wmdd,policy-vs-rule,37,37,612.6987675675676,611.5662,-1.132567567567563,-2.4815417567567346,-0.18351378378380612,6.126987675675677,0.017960477526078766,1.0,equivalent
emp_ubin,u_bin=1.0-1.2,v2rl305,wmdd,policy-vs-rule,37,37,612.6987675675676,611.7744216216216,-0.9243459459459548,-8.227328378378381,8.834698378378379,6.126987675675677,0.10974463874701328,1.0,inconclusive
emp_ubin,u_bin=1.0-1.2,v2at308,wmdd,policy-vs-rule,37,37,612.6987675675676,612.4168864864865,-0.281881081081064,-3.0910054054054212,2.1002000000000587,6.126987675675677,0.916511907863894,1.0,equivalent
emp_ubin,u_bin=1.0-1.2,rl303,wmdd,policy-vs-rule,37,37,612.6987675675676,612.5505675675677,-0.14819999999995975,-7.679651621621519,9.401768108108119,6.126987675675677,0.20757844233562428,1.0,inconclusive
emp_ubin,u_bin=1.0-1.2,v2rl309,wmdd,policy-vs-rule,37,37,612.6987675675676,613.0337513513514,0.33498378378379273,-1.353405405405412,2.9247725675676293,6.126987675675677,0.23672357063785732,1.0,equivalent
emp_ubin,u_bin=1.0-1.2,v2rl307,wmdd,policy-vs-rule,37,37,612.6987675675676,613.0900702702703,0.3913027027026839,-5.934506081081144,9.637129729729748,6.126987675675677,0.1386406338132186,1.0,inconclusive
emp_ubin,u_bin=1.0-1.2,v2at307,wmdd,policy-vs-rule,37,37,612.6987675675676,613.5448378378379,0.8460702702702985,-2.2358713513513586,4.064566081081141,6.126987675675677,0.5076243443095237,1.0,equivalent
emp_ubin,u_bin=1.0-1.2,v2at306,wmdd,policy-vs-rule,37,37,612.6987675675676,614.5290594594595,1.8302918918919096,-0.31404256756757104,4.531305135135152,6.126987675675677,0.5076243443095237,1.0,equivalent
emp_ubin,u_bin=1.0-1.2,atc,wmdd,rule-vs-rule,37,37,612.6987675675676,615.2800540540541,2.581286486486525,-0.2261687837837533,6.477911216216263,6.126987675675677,0.2626182904425206,0.7878548713275618,inconclusive
emp_ubin,u_bin=1.0-1.2,v2rl301,wmdd,policy-vs-rule,37,37,612.6987675675676,615.3411567567567,2.642389189189174,-4.915202297297353,12.660672432432406,6.126987675675677,0.5939546753269146,1.0,inconclusive
emp_ubin,u_bin=1.0-1.2,v2at304,wmdd,policy-vs-rule,37,37,612.6987675675676,615.6132486486487,2.914481081081099,-1.7270179729729938,8.540654054054087,6.126987675675677,0.44126813332892967,1.0,inconclusive
emp_ubin,u_bin=1.0-1.2,v2at303,wmdd,policy-vs-rule,37,37,612.6987675675676,617.1086648648649,4.409897297297301,-0.3958641891891781,10.598679189189223,6.126987675675677,0.05933611988090862,1.0,inconclusive
emp_ubin,u_bin=1.0-1.2,v2rl306,wmdd,policy-vs-rule,37,37,612.6987675675676,619.4963891891891,6.797621621621601,-2.060001891891909,18.689840945945907,6.126987675675677,0.8589549227374824,1.0,inconclusive
emp_ubin,u_bin=1.0-1.2,v2at301,wmdd,policy-vs-rule,37,37,612.6987675675676,622.6792324324324,9.980464864864825,-2.476910945945974,33.1700406756756,6.126987675675677,0.6464622026641696,1.0,inconclusive
emp_ubin,u_bin=1.0-1.2,wspt,wmdd,rule-vs-rule,37,37,612.6987675675676,627.0799621621622,14.381194594594612,3.633410135135108,31.260699864864943,6.126987675675677,0.0014688499662158375,0.02617418787159877,inconclusive
emp_ubin,u_bin=1.0-1.2,v2at305,wmdd,policy-vs-rule,37,37,612.6987675675676,628.8031567567567,16.104389189189202,-2.8186367567567854,48.48023878378383,6.126987675675677,0.9527650219907529,1.0,inconclusive
emp_ubin,u_bin=1.0-1.2,random,wmdd,rule-vs-rule,37,37,612.6987675675676,695.379691891892,82.68092432432435,4.787413783783774,231.81474351351355,6.126987675675677,0.003510363671504142,0.04914509140105799,inconclusive
emp_ubin,u_bin=1.0-1.2,lpt,wmdd,rule-vs-rule,37,37,612.6987675675676,837.9189297297296,225.22016216216207,5.54594432432432,652.3309897297296,6.126987675675677,0.034170472692229406,0.17085236346114702,inconclusive
emp_ubin,u_bin=<0.5,rl302,atc,policy-vs-rule,180,85,249.57915222222226,248.96509444444447,-0.6140577777777777,-1.3852769401620069,-0.039965405405405365,2.495791522222223,0.017960477526078766,1.0,equivalent
emp_ubin,u_bin=<0.5,v2rl302,atc,policy-vs-rule,180,85,249.57915222222226,248.96509444444447,-0.6140577777777777,-1.4024799009287923,-0.03953271020593928,2.495791522222223,0.017960477526078766,1.0,equivalent
emp_ubin,u_bin=<0.5,v2rl310,atc,policy-vs-rule,180,85,249.57915222222226,248.97042666666667,-0.6087255555555563,-1.3682774379991622,-0.03954802259887006,2.495791522222223,0.017960477526078766,1.0,equivalent
emp_ubin,u_bin=<0.5,v2at302,atc,policy-vs-rule,180,85,249.57915222222226,248.9815377777778,-0.5976144444444451,-1.3378137844508442,-0.040659887005649695,2.495791522222223,0.017960477526078766,1.0,equivalent
emp_ubin,u_bin=<0.5,v2rl303,atc,policy-vs-rule,180,85,249.57915222222226,249.00200111111113,-0.5771511111111124,-1.317051428571434,-0.04043146067415728,2.495791522222223,0.017960477526078766,1.0,equivalent
emp_ubin,u_bin=<0.5,v2rl305,atc,policy-vs-rule,180,85,249.57915222222226,249.00271222222221,-0.5764399999999992,-1.2960164443625628,-0.039982222222222204,2.495791522222223,0.017960477526078766,1.0,equivalent
emp_ubin,u_bin=<0.5,v2at305,atc,policy-vs-rule,180,85,249.57915222222226,249.0065388888889,-0.5726133333333331,-1.31502453030303,-0.0401780434782609,2.495791522222223,0.017960477526078766,1.0,equivalent
emp_ubin,u_bin=<0.5,v2rl307,atc,policy-vs-rule,180,85,249.57915222222226,249.01915666666667,-0.5599955555555545,-1.2686375869730804,-0.03998180180180179,2.495791522222223,0.017960477526078766,1.0,equivalent
emp_ubin,u_bin=<0.5,rl301,atc,policy-vs-rule,180,85,249.57915222222226,249.02275222222227,-0.556400000000001,-1.2878792610234118,-0.03953796791443846,2.495791522222223,0.017960477526078766,1.0,equivalent
emp_ubin,u_bin=<0.5,v2rl301,atc,policy-vs-rule,180,85,249.57915222222226,249.02718333333334,-0.5519688888888892,-1.260946157934473,-0.03976132596685081,2.495791522222223,0.017960477526078766,1.0,equivalent
emp_ubin,u_bin=<0.5,v2rl308,atc,policy-vs-rule,180,85,249.57915222222226,249.04898333333335,-0.5301688888888902,-1.2461926249825959,-0.03999955555555556,2.495791522222223,0.017960477526078766,1.0,equivalent
emp_ubin,u_bin=<0.5,edd,atc,rule-vs-rule,180,85,249.57915222222226,249.0512566666667,-0.5278955555555563,-1.233448298856835,-0.038461538461538464,2.495791522222223,0.027707849358079864,0.3879098910131181,equivalent
emp_ubin,u_bin=<0.5,pfifo,atc,rule-vs-rule,180,85,249.57915222222226,249.0512566666667,-0.5278955555555563,-1.220700148532898,-0.03888888888888889,2.495791522222223,0.027707849358079864,0.3879098910131181,equivalent
emp_ubin,u_bin=<0.5,v2rl304,atc,policy-vs-rule,180,85,249.57915222222226,249.08746222222226,-0.4916900000000008,-1.162701109555677,-0.04,2.495791522222223,0.017960477526078766,1.0,equivalent
emp_ubin,u_bin=<0.5,rollcp2,atc,optimizer-vs-rule,54,27,321.68779629629637,321.20141481481477,-0.4863814814814852,-1.6706892708333323,0.17260732142856725,3.216877962962964,0.000738192425648678,0.001476384851297356,equivalent
emp_ubin,u_bin=<0.5,v2at310,atc,policy-vs-rule,180,85,249.57915222222226,249.1044977777778,-0.47465444444444527,-1.1316606076526017,-0.04,2.495791522222223,0.017960477526078766,1.0,equivalent
emp_ubin,u_bin=<0.5,v2rl309,atc,policy-vs-rule,180,85,249.57915222222226,249.19312333333335,-0.38602888888888964,-0.9895520304860541,0.01506589595375727,2.495791522222223,0.04252247799805163,1.0,equivalent
emp_ubin,u_bin=<0.5,rl303,atc,policy-vs-rule,180,85,249.57915222222226,249.19709222222224,-0.38206000000000034,-1.0010453128787238,0.013751171355499766,2.495791522222223,0.04252247799805163,1.0,equivalent
emp_ubin,u_bin=<0.5,v2rl306,atc,policy-vs-rule,180,85,249.57915222222226,249.21915666666666,-0.3599955555555545,-1.165708508977359,0.34805623655913975,2.495791522222223,0.16142946236708333,1.0,equivalent
emp_ubin,u_bin=<0.5,lpt,atc,rule-vs-rule,180,85,249.57915222222226,249.3015388888889,-0.2776133333333345,-1.0318005860572033,0.36908972972972987,2.495791522222223,0.16142946236708333,0.9268119802074407,equivalent
emp_ubin,u_bin=<0.5,v2at309,atc,policy-vs-rule,180,85,249.57915222222226,249.36243000000002,-0.21672222222222218,-0.6149795484588115,0.009942857142857194,2.495791522222223,0.07473549830588248,1.0,equivalent
emp_ubin,u_bin=<0.5,wmdd,atc,rule-vs-rule,180,85,249.57915222222226,249.56140111111114,-0.017751111111109216,-0.0862397650231106,0.04187675675676056,2.495791522222223,0.4652088184521418,1.0,equivalent
emp_ubin,u_bin=<0.5,v2at307,atc,policy-vs-rule,180,85,249.57915222222226,249.60081222222223,0.021659999999999967,-0.2209845247998013,0.2928284943996617,2.495791522222223,0.8657723749926214,1.0,equivalent
emp_ubin,u_bin=<0.5,v2at306,atc,policy-vs-rule,180,85,249.57915222222226,249.62249000000003,0.04333777777777815,-0.3258426966292135,0.35461200831600886,2.495791522222223,0.7348605992017886,1.0,equivalent
emp_ubin,u_bin=<0.5,v2at308,atc,policy-vs-rule,180,85,249.57915222222226,249.70684444444447,0.12769222222222285,-0.330728940749934,0.8107461525719271,2.495791522222223,0.32639577651464435,1.0,equivalent
emp_ubin,u_bin=<0.5,v2at304,atc,policy-vs-rule,180,85,249.57915222222226,249.72127111111112,0.14211888888888985,-0.21329374121537767,0.5542232874354575,2.495791522222223,0.38001089264974997,1.0,equivalent
emp_ubin,u_bin=<0.5,v2at303,atc,policy-vs-rule,180,85,249.57915222222226,249.7891077777778,0.20995555555555684,-0.032432432432432434,0.5648731829573952,2.495791522222223,0.12545785464424308,1.0,equivalent
emp_ubin,u_bin=<0.5,random,atc,rule-vs-rule,180,85,249.57915222222226,249.84987444444445,0.2707222222222217,-0.17010367724867909,0.7286834365288071,2.495791522222223,0.11666446478102344,0.9268119802074407,equivalent
emp_ubin,u_bin=<0.5,v2at301,atc,policy-vs-rule,180,85,249.57915222222226,249.86541222222223,0.2862600000000002,0.006438857142857159,0.7466741850845786,2.495791522222223,0.027707849358079864,1.0,equivalent
emp_ubin,u_bin=<0.5,wspt,atc,rule-vs-rule,180,85,249.57915222222226,250.41222333333337,0.8330711111111115,0.28729134830139885,1.5212837957317074,2.495791522222223,0.00028961940975555264,0.004923529965844395,equivalent
emp_ubin,u_bin=<0.5,rl302,edd,policy-vs-rule,180,85,249.0512566666667,248.96509444444447,-0.08616222222222139,-0.2334027354699588,-0.0010994413407821012,2.4905125666666668,0.06788915486182899,1.0,equivalent
emp_ubin,u_bin=<0.5,v2rl302,edd,policy-vs-rule,180,85,249.0512566666667,248.96509444444447,-0.08616222222222139,-0.23574364118020202,-0.0010933333333333116,2.4905125666666668,0.06788915486182899,1.0,equivalent
emp_ubin,u_bin=<0.5,v2rl310,edd,policy-vs-rule,180,85,249.0512566666667,248.97042666666667,-0.08082999999999996,-0.2220140885274902,-0.0010994413407821012,2.4905125666666668,0.06788915486182899,1.0,equivalent
emp_ubin,u_bin=<0.5,v2at302,edd,policy-vs-rule,180,85,249.0512566666667,248.9815377777778,-0.06971888888888884,-0.21622247993321644,0.015513227513226396,2.4905125666666668,0.27332167829229814,1.0,equivalent
emp_ubin,u_bin=<0.5,v2rl303,edd,policy-vs-rule,180,85,249.0512566666667,249.00200111111113,-0.04925555555555611,-0.18863181818181796,0.043268965517240014,2.4905125666666668,0.4652088184521418,1.0,equivalent
emp_ubin,u_bin=<0.5,v2rl305,edd,policy-vs-rule,180,85,249.0512566666667,249.00271222222221,-0.048544444444442864,-0.18894048381558803,0.04184981515042138,2.4905125666666668,0.892738400944348,1.0,equivalent
emp_ubin,u_bin=<0.5,v2at305,edd,policy-vs-rule,180,85,249.0512566666667,249.0065388888889,-0.044717777777776746,-0.18408496551723885,0.04354772350577653,2.4905125666666668,0.892738400944348,1.0,equivalent
emp_ubin,u_bin=<0.5,v2rl307,edd,policy-vs-rule,180,85,249.0512566666667,249.01915666666667,-0.03209999999999821,-0.1773655995429489,0.06268924311377588,2.4905125666666668,0.6858304344516057,1.0,equivalent
emp_ubin,u_bin=<0.5,rl301,edd,policy-vs-rule,180,85,249.0512566666667,249.02275222222227,-0.028504444444444724,-0.08011820505696107,-0.0010695652173912831,2.4905125666666668,0.06788915486182899,1.0,equivalent
emp_ubin,u_bin=<0.5,v2rl301,edd,policy-vs-rule,180,85,249.0512566666667,249.02718333333334,-0.024073333333332888,-0.1784022580645157,0.08386157076350165,2.4905125666666668,0.6858304344516057,1.0,equivalent
emp_ubin,u_bin=<0.5,v2rl308,edd,policy-vs-rule,180,85,249.0512566666667,249.04898333333335,-0.002273333333333956,-0.031464406779661794,0.028179230636535553,2.4905125666666668,0.7150006546880893,1.0,equivalent
emp_ubin,u_bin=<0.5,pfifo,edd,rule-vs-rule,180,85,249.0512566666667,249.0512566666667,0.0,0.0,0.0,2.4905125666666668,1.0,1.0,equivalent
emp_ubin,u_bin=<0.5,v2rl304,edd,policy-vs-rule,180,85,249.0512566666667,249.08746222222226,0.03620555555555553,-0.0021866666666666233,0.10857790697674466,2.4905125666666668,0.28504940740261275,1.0,equivalent
emp_ubin,u_bin=<0.5,rollcp2,edd,optimizer-vs-rule,54,27,321.1507592592593,321.20141481481477,0.050655555555551846,-0.12394855125725082,0.23475937430477825,3.211507592592593,5.972640243812133e-05,0.00017917920731436399,equivalent
emp_ubin,u_bin=<0.5,v2at310,edd,policy-vs-rule,180,85,249.0512566666667,249.1044977777778,0.05324111111111102,-0.06700823679417253,0.23734148657467793,2.4905125666666668,0.7150006546880893,1.0,equivalent
emp_ubin,u_bin=<0.5,v2rl309,edd,policy-vs-rule,180,85,249.0512566666667,249.19312333333335,0.14186666666666667,0.009853551912568327,0.3118607127805771,2.4905125666666668,0.045799589111186666,1.0,equivalent
emp_ubin,u_bin=<0.5,rl303,edd,policy-vs-rule,180,85,249.0512566666667,249.19709222222224,0.14583555555555594,-0.0021391304347825662,0.46206771428571597,2.4905125666666668,0.28504940740261275,1.0,equivalent
emp_ubin,u_bin=<0.5,v2rl306,edd,policy-vs-rule,180,85,249.0512566666667,249.21915666666666,0.16790000000000177,-0.13084064534023598,0.6414907391369289,2.4905125666666668,0.3454475304692257,1.0,equivalent
emp_ubin,u_bin=<0.5,lpt,edd,rule-vs-rule,180,85,249.0512566666667,249.3015388888889,0.2502822222222218,0.010108278246752667,0.6931050319921239,2.4905125666666668,0.11585149752593009,0.9268119802074407,equivalent
emp_ubin,u_bin=<0.5,v2at309,edd,policy-vs-rule,180,85,249.0512566666667,249.36243000000002,0.31117333333333413,0.0111731843575419,0.7128403675634735,2.4905125666666668,0.027707849358079864,1.0,equivalent
emp_ubin,u_bin=<0.5,wmdd,edd,rule-vs-rule,180,85,249.0512566666667,249.56140111111114,0.5101444444444471,0.0446927374301676,1.2242277243836752,2.4905125666666668,0.027707849358079864,0.3879098910131181,equivalent
emp_ubin,u_bin=<0.5,atc,edd,rule-vs-rule,180,85,249.0512566666667,249.57915222222226,0.5278955555555563,0.03910071384233396,1.235886774506007,2.4905125666666668,0.027707849358079864,0.3879098910131181,equivalent
emp_ubin,u_bin=<0.5,v2at307,edd,policy-vs-rule,180,85,249.0512566666667,249.60081222222223,0.5495555555555562,0.09375,1.172286066927426,2.4905125666666668,0.017960477526078766,1.0,equivalent
emp_ubin,u_bin=<0.5,v2at306,edd,policy-vs-rule,180,85,249.0512566666667,249.62249000000003,0.5712333333333345,0.1465932486481847,1.1166567921032478,2.4905125666666668,0.011616044899262472,0.7782750082505857,equivalent
emp_ubin,u_bin=<0.5,v2at308,edd,policy-vs-rule,180,85,249.0512566666667,249.70684444444447,0.6555877777777792,0.07036711686283939,1.443218512061592,2.4905125666666668,0.027991815485665747,1.0,equivalent
emp_ubin,u_bin=<0.5,v2at304,edd,policy-vs-rule,180,85,249.0512566666667,249.72127111111112,0.6700144444444461,0.13712337662337665,1.31801265554723,2.4905125666666668,0.007473541540877042,0.5156743663205159,equivalent
emp_ubin,u_bin=<0.5,v2at303,edd,policy-vs-rule,180,85,249.0512566666667,249.7891077777778,0.7378511111111131,0.17097204301075306,1.483004516351771,2.4905125666666668,0.0075792819433897285,0.5156743663205159,equivalent
emp_ubin,u_bin=<0.5,random,edd,rule-vs-rule,180,85,249.0512566666667,249.84987444444445,0.798617777777778,0.23714292586304475,1.5274254496047432,2.4905125666666668,0.0022090203462313877,0.03313530519347081,equivalent
emp_ubin,u_bin=<0.5,v2at301,edd,policy-vs-rule,180,85,249.0512566666667,249.86541222222223,0.8141555555555565,0.04440270937277265,1.83282714438503,2.4905125666666668,0.017960477526078766,1.0,equivalent
emp_ubin,u_bin=<0.5,wspt,edd,rule-vs-rule,180,85,249.0512566666667,250.41222333333337,1.3609666666666678,0.4445657952257701,2.513273305760417,2.4905125666666668,0.00019540793740897315,0.003517342873361517,inconclusive
emp_ubin,u_bin=<0.5,rl302,wmdd,policy-vs-rule,180,85,249.56140111111114,248.96509444444447,-0.5963066666666685,-1.381025695238103,-0.04537081081081077,2.4956140111111114,0.017960477526078766,1.0,equivalent
emp_ubin,u_bin=<0.5,v2rl302,wmdd,policy-vs-rule,180,85,249.56140111111114,248.96509444444447,-0.5963066666666685,-1.3858685721840371,-0.04503736263736262,2.4956140111111114,0.017960477526078766,1.0,equivalent
emp_ubin,u_bin=<0.5,v2rl310,wmdd,policy-vs-rule,180,85,249.56140111111114,248.97042666666667,-0.590974444444447,-1.372943568965529,-0.0457118633540373,2.4956140111111114,0.017960477526078766,1.0,equivalent
emp_ubin,u_bin=<0.5,v2at302,wmdd,policy-vs-rule,180,85,249.56140111111114,248.9815377777778,-0.579863333333336,-1.324893507075948,-0.045792178770949696,2.4956140111111114,0.017960477526078766,1.0,equivalent
emp_ubin,u_bin=<0.5,v2rl303,wmdd,policy-vs-rule,180,85,249.56140111111114,249.00200111111113,-0.5594000000000032,-1.3002842317460417,-0.045615400966183564,2.4956140111111114,0.017960477526078766,1.0,equivalent
emp_ubin,u_bin=<0.5,v2rl305,wmdd,policy-vs-rule,180,85,249.56140111111114,249.00271222222221,-0.5586888888888899,-1.2879956284153038,-0.04488320388065807,2.4956140111111114,0.017960477526078766,1.0,equivalent
emp_ubin,u_bin=<0.5,v2at305,wmdd,policy-vs-rule,180,85,249.56140111111114,249.0065388888889,-0.5548622222222238,-1.2759125683060164,-0.04479125683060107,2.4956140111111114,0.017960477526078766,1.0,equivalent
emp_ubin,u_bin=<0.5,v2rl307,wmdd,policy-vs-rule,180,85,249.56140111111114,249.01915666666667,-0.5422444444444453,-1.2689032043723942,-0.045790231444533126,2.4956140111111114,0.017960477526078766,1.0,equivalent
emp_ubin,u_bin=<0.5,rl301,wmdd,policy-vs-rule,180,85,249.56140111111114,249.02275222222227,-0.5386488888888918,-1.2718864002455588,-0.04545245208845212,2.4956140111111114,0.017960477526078766,1.0,equivalent
emp_ubin,u_bin=<0.5,v2rl301,wmdd,policy-vs-rule,180,85,249.56140111111114,249.02718333333334,-0.53421777777778,-1.2328836544637192,-0.045713768996960495,2.4956140111111114,0.017960477526078766,1.0,equivalent
emp_ubin,u_bin=<0.5,v2rl308,wmdd,policy-vs-rule,180,85,249.56140111111114,249.04898333333335,-0.5124177777777811,-1.2449154603733816,-0.04503502407704656,2.4956140111111114,0.017960477526078766,1.0,equivalent
emp_ubin,u_bin=<0.5,edd,wmdd,rule-vs-rule,180,85,249.56140111111114,249.0512566666667,-0.5101444444444471,-1.2260019215392408,-0.04419889502762431,2.4956140111111114,0.027707849358079864,0.3879098910131181,equivalent
emp_ubin,u_bin=<0.5,pfifo,wmdd,rule-vs-rule,180,85,249.56140111111114,249.0512566666667,-0.5101444444444471,-1.232234771777572,-0.04419889502762431,2.4956140111111114,0.027707849358079864,0.3879098910131181,equivalent
emp_ubin,u_bin=<0.5,v2rl304,wmdd,policy-vs-rule,180,85,249.56140111111114,249.08746222222226,-0.4739388888888916,-1.157350792349739,-0.04537081081081077,2.4956140111111114,0.017960477526078766,1.0,equivalent
emp_ubin,u_bin=<0.5,v2at310,wmdd,policy-vs-rule,180,85,249.56140111111114,249.1044977777778,-0.45690333333333605,-1.1551288518272942,-0.033221123460219805,2.4956140111111114,0.017960477526078766,1.0,equivalent
emp_ubin,u_bin=<0.5,rollcp2,wmdd,optimizer-vs-rule,54,27,321.64948518518526,321.20141481481477,-0.4480703703703739,-1.4990366037735918,0.17119392413792814,3.2164948518518526,0.000738192425648678,0.001476384851297356,equivalent
emp_ubin,u_bin=<0.5,v2rl309,wmdd,policy-vs-rule,180,85,249.56140111111114,249.19312333333335,-0.3682777777777804,-0.9851347126326019,0.009392895942408379,2.4956140111111114,0.04252247799805163,1.0,equivalent
emp_ubin,u_bin=<0.5,rl303,wmdd,policy-vs-rule,180,85,249.56140111111114,249.19709222222224,-0.3643088888888911,-1.014865766313091,0.03169398907103924,2.4956140111111114,0.06297905121445523,1.0,equivalent
emp_ubin,u_bin=<0.5,v2rl306,wmdd,policy-vs-rule,180,85,249.56140111111114,249.21915666666666,-0.3422444444444453,-1.159396875829504,0.3616053274268101,2.4956140111111114,0.16142946236708333,1.0,equivalent
emp_ubin,u_bin=<0.5,lpt,wmdd,rule-vs-rule,180,85,249.56140111111114,249.3015388888889,-0.25986222222222527,-1.0135920941558543,0.4058403031924382,2.4956140111111114,0.16142946236708333,0.9268119802074407,equivalent
emp_ubin,u_bin=<0.5,v2at309,wmdd,policy-vs-rule,180,85,249.56140111111114,249.36243000000002,-0.19897111111111296,-0.6278403698412758,0.04564145077720217,2.4956140111111114,0.22491588401596185,1.0,equivalent
emp_ubin,u_bin=<0.5,atc,wmdd,rule-vs-rule,180,85,249.56140111111114,249.57915222222226,0.017751111111109216,-0.04035000000000366,0.08945008254793643,2.4956140111111114,0.4652088184521418,1.0,equivalent
emp_ubin,u_bin=<0.5,v2at307,wmdd,policy-vs-rule,180,85,249.56140111111114,249.60081222222223,0.03941111111110918,-0.24799208664021538,0.35140335195530736,2.4956140111111114,0.7791707483631414,1.0,equivalent
emp_ubin,u_bin=<0.5,v2at306,wmdd,policy-vs-rule,180,85,249.56140111111114,249.62249000000003,0.06108888888888736,-0.33975061291650127,0.41780404469273846,2.4956140111111114,0.5754030229127536,1.0,equivalent
emp_ubin,u_bin=<0.5,v2at308,wmdd,policy-vs-rule,180,85,249.56140111111114,249.70684444444447,0.14544333333333206,-0.32654771704814856,0.8441953952523922,2.4956140111111114,0.48330324160257043,1.0,equivalent
emp_ubin,u_bin=<0.5,v2at304,wmdd,policy-vs-rule,180,85,249.56140111111114,249.72127111111112,0.15986999999999907,-0.23603586956522063,0.5873913822079615,2.4956140111111114,0.5020185349191402,1.0,equivalent
emp_ubin,u_bin=<0.5,v2at303,wmdd,policy-vs-rule,180,85,249.56140111111114,249.7891077777778,0.22770666666666603,-0.05550089790399632,0.606007801442571,2.4956140111111114,0.16091546335226525,1.0,equivalent
emp_ubin,u_bin=<0.5,random,wmdd,rule-vs-rule,180,85,249.56140111111114,249.84987444444445,0.2884733333333309,-0.19566571494633062,0.8021668324382384,2.4956140111111114,0.11666446478102344,0.9268119802074407,equivalent
emp_ubin,u_bin=<0.5,v2at301,wmdd,policy-vs-rule,180,85,249.56140111111114,249.86541222222223,0.3040111111111094,0.0007005524861878614,0.8068920705630778,2.4956140111111114,0.027991815485665747,1.0,equivalent
emp_ubin,u_bin=<0.5,wspt,wmdd,rule-vs-rule,180,85,249.56140111111114,250.41222333333337,0.8508222222222208,0.2947485760899105,1.577809655612246,2.4956140111111114,0.00029133231050973,0.004923529965844395,equivalent
emp_ubin,u_bin=>=1.2,rl301,atc,policy-vs-rule,107,53,282.7220429906542,278.4336373831776,-4.288405607476627,-9.762925458776579,-0.4723499545454545,2.827220429906542,0.0499499764547464,1.0,inconclusive
emp_ubin,u_bin=>=1.2,v2rl307,atc,policy-vs-rule,107,53,282.7220429906542,278.5224149532711,-4.199628037383172,-9.59134576923075,-0.47439449541284406,2.827220429906542,0.043114446783075355,1.0,inconclusive
emp_ubin,u_bin=>=1.2,v2rl302,atc,policy-vs-rule,107,53,282.7220429906542,278.72698691588784,-3.9950560747663526,-8.91912404336734,-0.4751848845208845,2.827220429906542,0.03569190011680441,1.0,inconclusive
emp_ubin,u_bin=>=1.2,v2at302,atc,policy-vs-rule,107,53,282.7220429906542,278.7459028037383,-3.9761401869158894,-9.197925481859993,-0.47022339680589686,2.827220429906542,0.16142946236708333,1.0,inconclusive
emp_ubin,u_bin=>=1.2,v2rl305,atc,policy-vs-rule,107,53,282.7220429906542,278.78321495327106,-3.938828037383169,-8.995621736445043,-0.4632031332217172,2.827220429906542,0.03569190011680441,1.0,inconclusive
emp_ubin,u_bin=>=1.2,v2rl301,atc,policy-vs-rule,107,53,282.7220429906542,278.8335401869159,-3.888502803738311,-8.882086417569074,-0.48773727288609486,2.827220429906542,0.03569190011680441,1.0,inconclusive
emp_ubin,u_bin=>=1.2,v2rl304,atc,policy-vs-rule,107,53,282.7220429906542,278.8587514018692,-3.8632915887850396,-8.567433188775487,-0.46221651376146755,2.827220429906542,0.09096894797535775,1.0,inconclusive
emp_ubin,u_bin=>=1.2,v2at310,atc,policy-vs-rule,107,53,282.7220429906542,278.8964598130841,-3.825583177570085,-8.562078071853726,-0.4225252173913044,2.827220429906542,0.2070209972198611,1.0,inconclusive
emp_ubin,u_bin=>=1.2,v2rl310,atc,policy-vs-rule,107,53,282.7220429906542,278.8989271028037,-3.8231158878504656,-8.563035686274507,-0.41963878640776703,2.827220429906542,0.47668869326164165,1.0,inconclusive
emp_ubin,u_bin=>=1.2,rl303,atc,policy-vs-rule,107,53,282.7220429906542,279.0423738317757,-3.6796691588784993,-8.41475943450113,-0.4659241441441441,2.827220429906542,0.02506184434388362,1.0,inconclusive
emp_ubin,u_bin=>=1.2,v2rl308,atc,policy-vs-rule,107,53,282.7220429906542,279.2256485981309,-3.4963943925233636,-7.710280681372546,-0.48056244520897046,2.827220429906542,0.03569190011680441,1.0,inconclusive
emp_ubin,u_bin=>=1.2,rl302,atc,policy-vs-rule,107,53,282.7220429906542,279.31306915887853,-3.408973831775711,-7.842736234791071,-0.46768562500000094,2.827220429906542,0.02506184434388362,1.0,inconclusive
emp_ubin,u_bin=>=1.2,v2rl303,atc,policy-vs-rule,107,53,282.7220429906542,279.40303925233644,-3.3190037383177518,-7.83216096320345,-0.41608410164835274,2.827220429906542,0.03569190011680441,1.0,inconclusive
emp_ubin,u_bin=>=1.2,v2rl306,atc,policy-vs-rule,107,53,282.7220429906542,279.6447439252336,-3.077299065420551,-7.563577523249833,-0.07743960117227348,2.827220429906542,0.03569190011680441,1.0,inconclusive
emp_ubin,u_bin=>=1.2,edd,atc,rule-vs-rule,107,53,282.7220429906542,279.794523364486,-2.92751962616823,-6.837457600274615,-0.10123713131904893,2.827220429906542,0.027707849358079864,0.33249419229695837,inconclusive
emp_ubin,u_bin=>=1.2,pfifo,atc,rule-vs-rule,107,53,282.7220429906542,279.794523364486,-2.92751962616823,-6.765434442919253,-0.10117068965517202,2.827220429906542,0.027707849358079864,0.33249419229695837,inconclusive
emp_ubin,u_bin=>=1.2,v2rl309,atc,policy-vs-rule,107,53,282.7220429906542,279.7960897196262,-2.9259532710280274,-6.714593723404233,-0.2822017592592595,2.827220429906542,0.3328797545683888,1.0,inconclusive
emp_ubin,u_bin=>=1.2,v2at308,atc,policy-vs-rule,107,53,282.7220429906542,280.00675140186917,-2.7152915887850537,-6.0892001719255875,-0.4122938053097344,2.827220429906542,0.09096894797535775,1.0,inconclusive
emp_ubin,u_bin=>=1.2,v2at306,atc,policy-vs-rule,107,53,282.7220429906542,280.4998392523364,-2.2222037383177606,-5.367995067346949,-0.006401239486813376,2.827220429906542,0.20757844233562428,1.0,inconclusive
emp_ubin,u_bin=>=1.2,v2at309,atc,policy-vs-rule,107,53,282.7220429906542,280.57265981308416,-2.149383177570089,-4.887819969492939,-0.3214020012870017,2.827220429906542,0.07961580146011343,1.0,inconclusive
emp_ubin,u_bin=>=1.2,v2at307,atc,policy-vs-rule,107,53,282.7220429906542,280.8226542056075,-1.8993887850467386,-4.353228762376256,-0.24620567831216603,2.827220429906542,0.07473549830588248,1.0,inconclusive
emp_ubin,u_bin=>=1.2,wmdd,atc,rule-vs-rule,107,53,282.7220429906542,281.0581252336449,-1.6639177570093526,-3.906645512526472,-0.03231724137931098,2.827220429906542,0.07473549830588248,0.4484129898352949,inconclusive
emp_ubin,u_bin=>=1.2,v2at304,atc,policy-vs-rule,107,53,282.7220429906542,281.4251943925234,-1.2968485981308298,-3.183091323584852,-0.041536333333333335,2.827220429906542,0.043114446783075355,1.0,inconclusive
emp_ubin,u_bin=>=1.2,v2at305,atc,policy-vs-rule,107,53,282.7220429906542,281.4308074766355,-1.2912355140186846,-6.346067017841948,2.775181294642856,2.827220429906542,0.2626182904425206,1.0,inconclusive
emp_ubin,u_bin=>=1.2,v2at303,atc,policy-vs-rule,107,53,282.7220429906542,282.25697196261683,-0.4650710280373791,-1.6611568096304556,0.5095285714285832,2.827220429906542,0.5001842570707944,1.0,equivalent
emp_ubin,u_bin=>=1.2,rollcp2,atc,optimizer-vs-rule,23,10,134.7145043478261,134.71933913043478,0.004834782608695506,0.0,0.014164705882351695,1.347145043478261,0.10247043485974937,0.3074113045792481,equivalent
emp_ubin,u_bin=>=1.2,v2at301,atc,policy-vs-rule,107,53,282.7220429906542,284.5966504672897,1.8746074766355187,-1.1778968361430713,6.139222923779446,2.827220429906542,0.025042852716365662,1.0,inconclusive
emp_ubin,u_bin=>=1.2,wspt,atc,rule-vs-rule,107,53,282.7220429906542,287.4543644859813,4.732321495327109,2.0454916379585333,8.244209812864199,2.827220429906542,2.5527446889909943e-06,4.5949404401837894e-05,inconclusive
emp_ubin,u_bin=>=1.2,random,atc,rule-vs-rule,107,53,282.7220429906542,287.68437570093454,4.9623327102803785,1.5905686216216215,9.601484550339999,2.827220429906542,5.294305891659896e-05,0.0006882597659157865,inconclusive
emp_ubin,u_bin=>=1.2,lpt,atc,rule-vs-rule,107,53,282.7220429906542,308.88458130841127,26.162538317757008,-0.09449512295081856,80.78653887755102,2.827220429906542,0.40081416938293446,0.8016283387658689,inconclusive
emp_ubin,u_bin=>=1.2,rl301,edd,policy-vs-rule,107,53,279.794523364486,278.4336373831776,-1.360885981308398,-3.411515073469346,-0.0999919200000001,2.79794523364486,0.09096894797535775,1.0,inconclusive
emp_ubin,u_bin=>=1.2,v2rl307,edd,policy-vs-rule,107,53,279.794523364486,278.5224149532711,-1.2721084112149412,-3.4745244861659796,0.04447857142857092,2.79794523364486,0.22491588401596185,1.0,inconclusive
emp_ubin,u_bin=>=1.2,v2rl302,edd,policy-vs-rule,107,53,279.794523364486,278.72698691588784,-1.0675364485981227,-2.747349571222401,0.011948231945347842,2.79794523364486,0.39802471950693785,1.0,equivalent
emp_ubin,u_bin=>=1.2,v2at302,edd,policy-vs-rule,107,53,279.794523364486,278.7459028037383,-1.0486205607476595,-2.7936819796007795,0.05322831858406999,2.79794523364486,0.49896229860376107,1.0,equivalent
emp_ubin,u_bin=>=1.2,v2rl305,edd,policy-vs-rule,107,53,279.794523364486,278.78321495327106,-1.011308411214939,-2.635310884879665,0.0345028561983462,2.79794523364486,0.39802471950693785,1.0,equivalent
emp_ubin,u_bin=>=1.2,v2rl301,edd,policy-vs-rule,107,53,279.794523364486,278.8335401869159,-0.9609831775700809,-2.679731866821414,0.06209523809523873,2.79794523364486,1.0,1.0,equivalent
emp_ubin,u_bin=>=1.2,v2rl304,edd,policy-vs-rule,107,53,279.794523364486,278.8587514018692,-0.9357719626168097,-2.3333251699028854,0.017277192982456512,2.79794523364486,0.3454475304692257,1.0,equivalent
emp_ubin,u_bin=>=1.2,v2at310,edd,policy-vs-rule,107,53,279.794523364486,278.8964598130841,-0.8980635514018552,-2.2488027822922425,0.007631578947367464,2.79794523364486,0.17552335081205495,1.0,equivalent
emp_ubin,u_bin=>=1.2,v2rl310,edd,policy-vs-rule,107,53,279.794523364486,278.8989271028037,-0.8955962616822357,-2.2938698936169963,0.038211808731808954,2.79794523364486,0.5073484933824012,1.0,equivalent
emp_ubin,u_bin=>=1.2,rl303,edd,policy-vs-rule,107,53,279.794523364486,279.0423738317757,-0.7521495327102694,-2.3676417612902845,0.41687059691545797,2.79794523364486,0.49896229860376107,1.0,equivalent
emp_ubin,u_bin=>=1.2,v2rl308,edd,policy-vs-rule,107,53,279.794523364486,279.2256485981309,-0.568874766355134,-1.5973367363636293,0.029734426229507272,2.79794523364486,0.39802471950693785,1.0,equivalent
emp_ubin,u_bin=>=1.2,rl302,edd,policy-vs-rule,107,53,279.794523364486,279.31306915887853,-0.4814542056074812,-2.1052718837616906,0.9586753083180249,2.79794523364486,0.6120898800892568,1.0,equivalent
emp_ubin,u_bin=>=1.2,v2rl303,edd,policy-vs-rule,107,53,279.794523364486,279.40303925233644,-0.39148411214952183,-2.1346044147752337,1.2614930305480774,2.79794523364486,0.7353166906373405,1.0,equivalent
emp_ubin,u_bin=>=1.2,v2rl306,edd,policy-vs-rule,107,53,279.794523364486,279.6447439252336,-0.14977943925232154,-2.3367133425361604,2.344235767326731,2.79794523364486,0.7353166906373405,1.0,equivalent
emp_ubin,u_bin=>=1.2,pfifo,edd,rule-vs-rule,107,53,279.794523364486,279.794523364486,0.0,0.0,0.0,2.79794523364486,1.0,1.0,equivalent
emp_ubin,u_bin=>=1.2,v2rl309,edd,policy-vs-rule,107,53,279.794523364486,279.7960897196262,0.0015663551402026559,-0.873447631578947,0.7185256179480622,2.79794523364486,0.18231443298387762,1.0,equivalent
emp_ubin,u_bin=>=1.2,rollcp2,edd,optimizer-vs-rule,23,10,134.7145043478261,134.71933913043478,0.004834782608695506,0.0,0.01389999999999958,1.347145043478261,0.10247043485974937,0.3074113045792481,equivalent
emp_ubin,u_bin=>=1.2,v2at308,edd,policy-vs-rule,107,53,279.794523364486,280.00675140186917,0.21222803738317636,-1.0747771428571435,1.7766846331236883,2.79794523364486,0.7531523647659145,1.0,equivalent
emp_ubin,u_bin=>=1.2,v2at306,edd,policy-vs-rule,107,53,279.794523364486,280.4998392523364,0.7053158878504692,-0.4766825688073372,2.1174431565656624,2.79794523364486,0.12348527214454898,1.0,equivalent
emp_ubin,u_bin=>=1.2,v2at309,edd,policy-vs-rule,107,53,279.794523364486,280.57265981308416,0.7781364485981407,-0.6023352064220189,2.438470707857419,2.79794523364486,0.17295491798842066,1.0,equivalent
emp_ubin,u_bin=>=1.2,v2at307,edd,policy-vs-rule,107,53,279.794523364486,280.8226542056075,1.0281308411214913,-0.18686254554455617,3.0003657048374848,2.79794523364486,0.13801073756865956,1.0,inconclusive
emp_ubin,u_bin=>=1.2,wmdd,edd,rule-vs-rule,107,53,279.794523364486,281.0581252336449,1.2636018691588775,0.07341846487603211,2.886362150920971,2.79794523364486,0.043114446783075355,0.3880300210476782,inconclusive
emp_ubin,u_bin=>=1.2,v2at304,edd,policy-vs-rule,107,53,279.794523364486,281.4251943925234,1.6306710280374004,-0.29612761904761986,4.374641583717391,2.79794523364486,0.13801073756865956,1.0,inconclusive
emp_ubin,u_bin=>=1.2,v2at305,edd,policy-vs-rule,107,53,279.794523364486,281.4308074766355,1.6362841121495453,-2.1706643859648893,7.276449484536097,2.79794523364486,0.6120898800892568,1.0,inconclusive
emp_ubin,u_bin=>=1.2,v2at303,edd,policy-vs-rule,107,53,279.794523364486,282.25697196261683,2.462448598130851,-0.13954388908481832,6.274099471677579,2.79794523364486,0.11585149752593009,1.0,inconclusive
emp_ubin,u_bin=>=1.2,atc,edd,rule-vs-rule,107,53,279.794523364486,282.7220429906542,2.92751962616823,0.10044285714285676,6.703258207083136,2.79794523364486,0.027707849358079864,0.33249419229695837,inconclusive
emp_ubin,u_bin=>=1.2,v2at301,edd,policy-vs-rule,107,53,279.794523364486,284.5966504672897,4.802127102803748,1.2502809227240652,9.714698567099587,2.79794523364486,8.807368035275503e-05,0.006077083944340097,inconclusive
emp_ubin,u_bin=>=1.2,wspt,edd,rule-vs-rule,107,53,279.794523364486,287.4543644859813,7.659841121495339,2.811745402693787,14.521326909819896,2.79794523364486,2.557909636120417e-06,4.5949404401837894e-05,worse
emp_ubin,u_bin=>=1.2,random,edd,rule-vs-rule,107,53,279.794523364486,287.68437570093454,7.889852336448608,2.056414166666666,15.938085088815832,2.79794523364486,3.523779909879043e-05,0.0005285669864818564,inconclusive
emp_ubin,u_bin=>=1.2,lpt,edd,rule-vs-rule,107,53,279.794523364486,308.88458130841127,29.090057943925242,0.0,86.03132946808513,2.79794523364486,0.12819017434510785,0.5127606973804314,inconclusive
emp_ubin,u_bin=>=1.2,rl301,wmdd,policy-vs-rule,107,53,281.0581252336449,278.4336373831776,-2.6244878504672755,-5.904503554639141,-0.43713850710067437,2.810581252336449,0.0687035743228782,1.0,inconclusive
emp_ubin,u_bin=>=1.2,v2rl307,wmdd,policy-vs-rule,107,53,281.0581252336449,278.5224149532711,-2.5357102803738187,-5.821255595179494,-0.42386785472972927,2.810581252336449,0.046399461870904594,1.0,inconclusive
emp_ubin,u_bin=>=1.2,v2rl302,wmdd,policy-vs-rule,107,53,281.0581252336449,278.72698691588784,-2.331138317757,-5.152830937499965,-0.43531094853055524,2.810581252336449,0.0687035743228782,1.0,inconclusive
emp_ubin,u_bin=>=1.2,v2at302,wmdd,policy-vs-rule,107,53,281.0581252336449,278.7459028037383,-2.312222429906537,-5.218216054806821,-0.4009460652709358,2.810581252336449,0.12348527214454898,1.0,inconclusive
emp_ubin,u_bin=>=1.2,v2rl305,wmdd,policy-vs-rule,107,53,281.0581252336449,278.78321495327106,-2.2749102803738164,-5.068388114507021,-0.4293929203539831,2.810581252336449,0.0687035743228782,1.0,inconclusive
emp_ubin,u_bin=>=1.2,v2rl301,wmdd,policy-vs-rule,107,53,281.0581252336449,278.8335401869159,-2.2245850467289583,-5.05057159929352,-0.36195952315107527,2.810581252336449,0.0687035743228782,1.0,inconclusive
emp_ubin,u_bin=>=1.2,v2rl304,wmdd,policy-vs-rule,107,53,281.0581252336449,278.8587514018692,-2.199373831775687,-4.763939712063013,-0.4121026814831356,2.810581252336449,0.09096894797535775,1.0,inconclusive
emp_ubin,u_bin=>=1.2,v2at310,wmdd,policy-vs-rule,107,53,281.0581252336449,278.8964598130841,-2.1616654205607326,-4.810970582352894,-0.3862237869062896,2.810581252336449,0.16091546335226525,1.0,inconclusive
emp_ubin,u_bin=>=1.2,v2rl310,wmdd,policy-vs-rule,107,53,281.0581252336449,278.8989271028037,-2.159198130841113,-4.767221381683136,-0.3669002861389816,2.810581252336449,0.37370860751857005,1.0,inconclusive
emp_ubin,u_bin=>=1.2,rl303,wmdd,policy-vs-rule,107,53,281.0581252336449,279.0423738317757,-2.0157514018691467,-4.49282338273192,-0.2497785714285722,2.810581252336449,0.0687035743228782,1.0,inconclusive
emp_ubin,u_bin=>=1.2,v2rl308,wmdd,policy-vs-rule,107,53,281.0581252336449,279.2256485981309,-1.8324766355140114,-3.9722866290701004,-0.4023161201476212,2.810581252336449,0.0687035743228782,1.0,inconclusive
emp_ubin,u_bin=>=1.2,rl302,wmdd,policy-vs-rule,107,53,281.0581252336449,279.31306915887853,-1.7450560747663586,-4.123764680851073,-0.037202266304349085,2.810581252336449,0.0499499764547464,1.0,inconclusive
emp_ubin,u_bin=>=1.2,v2rl303,wmdd,policy-vs-rule,107,53,281.0581252336449,279.40303925233644,-1.6550859813083993,-4.1479811397058395,0.07515398398169257,2.810581252336449,0.2626182904425206,1.0,inconclusive
emp_ubin,u_bin=>=1.2,v2rl306,wmdd,policy-vs-rule,107,53,281.0581252336449,279.6447439252336,-1.413381308411199,-4.129446166666622,0.6760829137031751,2.810581252336449,0.2626182904425206,1.0,inconclusive
emp_ubin,u_bin=>=1.2,edd,wmdd,rule-vs-rule,107,53,281.0581252336449,279.794523364486,-1.2636018691588775,-2.9399294251658157,-0.06862616822429816,2.810581252336449,0.043114446783075355,0.3880300210476782,inconclusive
emp_ubin,u_bin=>=1.2,pfifo,wmdd,rule-vs-rule,107,53,281.0581252336449,279.794523364486,-1.2636018691588775,-2.9353075818181784,-0.06675454545454458,2.810581252336449,0.043114446783075355,0.3880300210476782,inconclusive
emp_ubin,u_bin=>=1.2,v2rl309,wmdd,policy-vs-rule,107,53,281.0581252336449,279.7960897196262,-1.2620355140186745,-2.9528523597359193,-0.07048996592398456,2.810581252336449,0.3739447986092539,1.0,inconclusive
emp_ubin,u_bin=>=1.2,v2at308,wmdd,policy-vs-rule,107,53,281.0581252336449,280.00675140186917,-1.051373831775701,-2.9482499231485786,0.31754703535353546,2.810581252336449,0.23672357063785732,1.0,inconclusive
emp_ubin,u_bin=>=1.2,v2at306,wmdd,policy-vs-rule,107,53,281.0581252336449,280.4998392523364,-0.5582859813084082,-1.7618095603395942,0.45155570345767404,2.810581252336449,0.44126813332892967,1.0,equivalent
emp_ubin,u_bin=>=1.2,v2at309,wmdd,policy-vs-rule,107,53,281.0581252336449,280.57265981308416,-0.48546542056073677,-1.5182777068452151,0.13034708590749675,2.810581252336449,0.3454475304692257,1.0,equivalent
emp_ubin,u_bin=>=1.2,v2at307,wmdd,policy-vs-rule,107,53,281.0581252336449,280.8226542056075,-0.23547102803738612,-1.4024721794871846,1.0442682075471656,2.810581252336449,0.463071015014588,1.0,equivalent
emp_ubin,u_bin=>=1.2,rollcp2,wmdd,optimizer-vs-rule,23,10,134.7145043478261,134.71933913043478,0.004834782608695506,0.0,0.01414736842105257,1.347145043478261,0.10247043485974937,0.3074113045792481,equivalent
emp_ubin,u_bin=>=1.2,v2at304,wmdd,policy-vs-rule,107,53,281.0581252336449,281.4251943925234,0.3670691588785228,-0.7289329341368531,1.6234627930746774,2.810581252336449,0.463071015014588,1.0,equivalent
emp_ubin,u_bin=>=1.2,v2at305,wmdd,policy-vs-rule,107,53,281.0581252336449,281.4308074766355,0.3726822429906678,-3.35854556122446,4.85307450630252,2.810581252336449,1.0,1.0,inconclusive
emp_ubin,u_bin=>=1.2,v2at303,wmdd,policy-vs-rule,107,53,281.0581252336449,282.25697196261683,1.1988467289719735,-0.4122602448453613,3.8151532828854626,2.810581252336449,0.22491588401596185,1.0,inconclusive
emp_ubin,u_bin=>=1.2,atc,wmdd,rule-vs-rule,107,53,281.0581252336449,282.7220429906542,1.6639177570093526,0.030558943050193514,3.8747130892857276,2.810581252336449,0.07473549830588248,0.4484129898352949,inconclusive
emp_ubin,u_bin=>=1.2,v2at301,wmdd,policy-vs-rule,107,53,281.0581252336449,284.5966504672897,3.538525233644872,0.6327689285714286,8.004920224596166,2.810581252336449,0.0003959829986083323,0.026926843905366593,inconclusive
emp_ubin,u_bin=>=1.2,wspt,wmdd,rule-vs-rule,107,53,281.0581252336449,287.4543644859813,6.3962392523364615,2.6043322498907826,11.839628156953552,2.810581252336449,3.7814135375227703e-06,6.0502616600364325e-05,inconclusive
emp_ubin,u_bin=>=1.2,random,wmdd,rule-vs-rule,107,53,281.0581252336449,287.68437570093454,6.626250467289731,1.8870521278688526,13.281494056429771,2.810581252336449,4.8891057892846485e-05,0.0006844748104998508,inconclusive
emp_ubin,u_bin=>=1.2,lpt,wmdd,rule-vs-rule,107,53,281.0581252336449,308.88458130841127,27.826456074766366,-0.06256524792315502,83.20214669166667,2.810581252336449,0.2626182904425206,0.7878548713275618,inconclusive
gen_all,ALL,v2rl310,atc,policy-vs-rule,300,300,3357.982747666667,3327.4247600000003,-30.557987666666715,-45.094657500000096,-15.590892941666864,33.57982747666667,1.8712216348809548e-10,7.1106422125476285e-09,inconclusive
gen_all,ALL,v2rl304,atc,policy-vs-rule,300,300,3357.982747666667,3327.798242,-30.184505666666677,-44.630181433333206,-16.335549258333316,33.57982747666667,1.2585120254415584e-08,4.278940886501298e-07,inconclusive
gen_all,ALL,v2rl308,atc,policy-vs-rule,300,300,3357.982747666667,3328.363465333334,-29.619282333333278,-45.471001158333124,-14.866758983333115,33.57982747666667,2.6508398409169644e-07,7.4223515545675e-06,inconclusive
gen_all,ALL,rl301,atc,policy-vs-rule,300,300,3357.982747666667,3330.7672553333337,-27.215492333333252,-44.52342432499994,-8.285444483333244,33.57982747666667,3.4536880888410827e-10,1.2778645928712006e-08,inconclusive
gen_all,ALL,pfifo,atc,rule-vs-rule,300,300,3357.982747666667,3333.9263703333336,-24.05637733333358,-39.545789475000404,-6.835392441666891,33.57982747666667,5.3906770261947166e-14,3.23440621571683e-13,inconclusive
gen_all,ALL,edd,atc,rule-vs-rule,300,300,3357.982747666667,3334.1229350000003,-23.859812666666866,-39.645473241666984,-6.313536324999992,33.57982747666667,6.253037774041004e-14,3.23440621571683e-13,inconclusive
gen_all,ALL,v2at310,atc,policy-vs-rule,300,300,3357.982747666667,3342.649289333334,-15.333458333333322,-29.653866716666872,0.9079004083333057,33.57982747666667,9.419652984089992e-08,2.7316993653860977e-06,equivalent
gen_all,ALL,v2rl305,atc,policy-vs-rule,300,300,3357.982747666667,3348.4978573333337,-9.484890333333594,-31.947208558333433,15.786267333333118,33.57982747666667,5.450383820988486e-08,1.7441228227163156e-06,equivalent
gen_all,ALL,wmdd,atc,rule-vs-rule,300,300,3357.982747666667,3354.937094666667,-3.0456530000003066,-7.794142175000451,1.5230662583331727,33.57982747666667,0.023525224830435263,0.07057567449130579,equivalent
gen_all,ALL,v2at302,atc,policy-vs-rule,300,300,3357.982747666667,3358.8488500000003,0.8661023333334045,-22.940406883333353,29.58539008333336,33.57982747666667,6.26255021001483e-08,1.9413905651045977e-06,equivalent
gen_all,ALL,v2at307,atc,policy-vs-rule,300,300,3357.982747666667,3361.893639333334,3.910891666666577,-3.822457041667035,12.029690441666835,33.57982747666667,0.357986922051162,1.0,equivalent
gen_all,ALL,v2rl302,atc,policy-vs-rule,300,300,3357.982747666667,3375.0660693333334,17.08332166666661,-10.05470969166684,50.099172649999815,33.57982747666667,0.0008232441199297406,0.01481839415873533,inconclusive
gen_all,ALL,v2rl307,atc,policy-vs-rule,300,300,3357.982747666667,3377.8326159999997,19.849868333333326,-10.435706716666807,58.60106060833349,33.57982747666667,0.00014730965088126502,0.0030935026685065654,inconclusive
gen_all,ALL,v2rl306,atc,policy-vs-rule,300,300,3357.982747666667,3389.0762866666664,31.093538999999954,-5.471730075000012,76.94732614166652,33.57982747666667,0.0076499235771852235,0.12239877723496358,inconclusive
gen_all,ALL,v2at308,atc,policy-vs-rule,300,300,3357.982747666667,3398.0860673333336,40.103319666666636,27.318070058333504,54.66489744999984,33.57982747666667,6.895254016803595e-10,2.482291446049294e-08,inconclusive
gen_all,ALL,v2rl301,atc,policy-vs-rule,300,300,3357.982747666667,3405.9251986666677,47.94245100000006,8.420990508333338,95.3481931999999,33.57982747666667,0.013196450132973297,0.19683082261833537,inconclusive
gen_all,ALL,v2at303,atc,policy-vs-rule,300,300,3357.982747666667,3420.812794333333,62.830046666666625,44.4227858583334,82.68396469166638,33.57982747666667,1.2157821566956812e-17,5.349441489460998e-16,worse
gen_all,ALL,v2at306,atc,policy-vs-rule,300,300,3357.982747666667,3589.0747103333333,231.09196266666646,190.03958417499962,274.53211284999986,33.57982747666667,1.2400244457089582e-34,7.316144229682854e-33,worse
gen_all,ALL,v2at309,atc,policy-vs-rule,300,300,3357.982747666667,3658.4123599999994,300.42961233333324,205.84583021666646,405.90495882500016,33.57982747666667,3.4071557878764036e-08,1.124361409999213e-06,worse
gen_all,ALL,v2at304,atc,policy-vs-rule,300,300,3357.982747666667,3823.130965333334,465.1482176666666,360.42547075833335,579.2355521249997,33.57982747666667,5.934684921888992e-34,3.4421172546956153e-32,worse
gen_all,ALL,v2rl309,atc,policy-vs-rule,300,300,3357.982747666667,3919.4518896666673,561.4691420000001,419.7915854166668,717.2861473833331,33.57982747666667,1.1083277382076048e-27,5.763304238679545e-26,worse
gen_all,ALL,v2rl303,atc,policy-vs-rule,300,300,3357.982747666667,3978.4179933333335,620.4352456666664,459.98804656666675,803.6401671499998,33.57982747666667,2.0491382210922442e-22,9.835863461242772e-21,worse
gen_all,ALL,rl302,atc,policy-vs-rule,300,300,3357.982747666667,4058.342224,700.3594763333332,515.3704835833333,904.1052398583329,33.57982747666667,8.045966356099598e-12,3.137926878878843e-10,worse
gen_all,ALL,wspt,atc,rule-vs-rule,300,300,3357.982747666667,4064.612578999999,706.6298313333333,597.1237663083332,825.6143978999997,33.57982747666667,1.178672098144472e-46,1.768008147216708e-45,worse
gen_all,ALL,v2at305,atc,policy-vs-rule,300,300,3357.982747666667,4466.044722333333,1108.0619746666664,847.8498304333335,1396.083254833333,33.57982747666667,4.622545876703457e-24,2.311272938351729e-22,worse
gen_all,ALL,rl303,atc,policy-vs-rule,300,300,3357.982747666667,4690.7130849999985,1332.7303373333325,1027.0916572583328,1654.455223641666,33.57982747666667,9.454330129664725e-36,5.767141379095482e-34,worse
gen_all,ALL,v2at301,atc,policy-vs-rule,300,300,3357.982747666667,6897.662659666666,3539.6799119999996,2958.802290941666,4150.5681560833345,33.57982747666667,3.023715948361988e-46,2.056126844886152e-44,worse
gen_all,ALL,random,atc,rule-vs-rule,300,300,3357.982747666667,13236.397561333331,9878.414813666663,8191.1922516666655,11642.659778174995,33.57982747666667,1.526148886523596e-45,1.8313786638283152e-44,worse
gen_all,ALL,lpt,atc,rule-vs-rule,300,300,3357.982747666667,43030.63908933333,39672.65634166667,33823.97703351666,45614.328003916664,33.57982747666667,5.588040871311064e-49,1.0058473568359915e-47,worse
gen_all,ALL,v2rl310,edd,policy-vs-rule,300,300,3334.1229350000003,3327.4247600000003,-6.698174999999851,-19.267123249999795,6.695862416666748,33.341229350000006,0.0006136850593176752,0.012273701186353504,equivalent
gen_all,ALL,v2rl304,edd,policy-vs-rule,300,300,3334.1229350000003,3327.798242,-6.324692999999807,-13.0133598916662,-0.7668447583333106,33.341229350000006,0.10228328318542183,0.7465273739828123,equivalent
gen_all,ALL,v2rl308,edd,policy-vs-rule,300,300,3334.1229350000003,3328.363465333334,-5.759469666666413,-16.39820643333305,6.356028233333551,33.341229350000006,0.013122054841222358,0.19683082261833537,equivalent
gen_all,ALL,rl301,edd,policy-vs-rule,300,300,3334.1229350000003,3330.7672553333337,-3.3556796666663873,-13.022837058333256,8.07817017500024,33.341229350000006,0.0006432809024265422,0.012273701186353504,equivalent
gen_all,ALL,pfifo,edd,rule-vs-rule,300,300,3334.1229350000003,3333.9263703333336,-0.1965646666667082,-0.6150586666667164,0.026229999999904975,33.341229350000006,0.6858304344516057,0.6858304344516057,equivalent
gen_all,ALL,v2at310,edd,policy-vs-rule,300,300,3334.1229350000003,3342.649289333334,8.526354333333545,3.982552341666979,13.649988475000175,33.341229350000006,0.01695096902989108,0.20341162835869295,equivalent
gen_all,ALL,v2rl305,edd,policy-vs-rule,300,300,3334.1229350000003,3348.4978573333337,14.374922333333274,-2.881032574999901,36.30994344999969,33.341229350000006,0.014238679963158257,0.19683082261833537,inconclusive
gen_all,ALL,wmdd,edd,rule-vs-rule,300,300,3334.1229350000003,3354.937094666667,20.814159666666555,3.916745574999921,35.342529324999866,33.341229350000006,2.8502828543799555e-14,2.2802262835039644e-13,inconclusive
gen_all,ALL,atc,edd,rule-vs-rule,300,300,3334.1229350000003,3357.982747666667,23.859812666666866,6.631945216666783,39.0460808166668,33.341229350000006,6.253037774041004e-14,3.23440621571683e-13,inconclusive
gen_all,ALL,v2at302,edd,policy-vs-rule,300,300,3334.1229350000003,3358.8488500000003,24.725915000000267,1.0711570666669534,54.20845883333355,33.341229350000006,0.02939410891949645,0.32333519811446093,inconclusive
gen_all,ALL,v2at307,edd,policy-vs-rule,300,300,3334.1229350000003,3361.893639333334,27.770704333333445,14.302026341666537,40.85721644166669,33.341229350000006,9.385733455321355e-14,3.848150716681756e-12,inconclusive
gen_all,ALL,v2rl302,edd,policy-vs-rule,300,300,3334.1229350000003,3375.0660693333334,40.94313433333347,9.959124100000022,77.70448155833347,33.341229350000006,0.8173253040851498,1.0,inconclusive
gen_all,ALL,v2rl307,edd,policy-vs-rule,300,300,3334.1229350000003,3377.8326159999997,43.70968100000019,18.174973808333398,73.28793540833344,33.341229350000006,0.9019816142563772,1.0,inconclusive
gen_all,ALL,v2rl306,edd,policy-vs-rule,300,300,3334.1229350000003,3389.0762866666664,54.95335166666681,21.438420991666806,95.6098928416669,33.341229350000006,0.4648616655373432,1.0,inconclusive
gen_all,ALL,v2at308,edd,policy-vs-rule,300,300,3334.1229350000003,3398.0860673333336,63.96313233333351,40.19174437500016,89.13745018333358,33.341229350000006,9.248808515187271e-21,4.254451916986145e-19,worse
gen_all,ALL,v2rl301,edd,policy-vs-rule,300,300,3334.1229350000003,3405.9251986666677,71.80226366666695,28.89296876666687,124.58502430000048,33.341229350000006,0.09331592174785154,0.7465273739828123,inconclusive
gen_all,ALL,v2at303,edd,policy-vs-rule,300,300,3334.1229350000003,3420.812794333333,86.68985933333349,59.211496691666625,116.04147314166681,33.341229350000006,4.758301534729579e-21,2.2364017213229025e-19,worse
gen_all,ALL,v2at306,edd,policy-vs-rule,300,300,3334.1229350000003,3589.0747103333333,254.95177533333336,210.2234709499998,301.96755423333354,33.341229350000006,3.959264544675841e-36,2.4547440176990214e-34,worse
gen_all,ALL,v2at309,edd,policy-vs-rule,300,300,3334.1229350000003,3658.4123599999994,324.2894250000001,231.47322447499997,427.4833046083336,33.341229350000006,4.769564264684759e-28,2.57556470292977e-26,worse
gen_all,ALL,v2at304,edd,policy-vs-rule,300,300,3334.1229350000003,3823.130965333334,489.00803033333347,383.6459490083333,602.1147631166667,33.341229350000006,2.5006654390121055e-39,1.6504391897479896e-37,worse
gen_all,ALL,v2rl309,edd,policy-vs-rule,300,300,3334.1229350000003,3919.4518896666673,585.3289546666671,438.8851049750003,751.1632955583342,33.341229350000006,4.738149223477413e-33,2.7007450573821254e-31,worse
gen_all,ALL,v2rl303,edd,policy-vs-rule,300,300,3334.1229350000003,3978.4179933333335,644.2950583333333,473.38190341666683,834.3357783749998,33.341229350000006,2.4962052263000125e-31,1.397874926728007e-29,worse
gen_all,ALL,rl302,edd,policy-vs-rule,300,300,3334.1229350000003,4058.342224,724.219289,544.1461008333334,917.9759502249992,33.341229350000006,2.121079719224156e-17,9.12064279266387e-16,worse
gen_all,ALL,wspt,edd,rule-vs-rule,300,300,3334.1229350000003,4064.612578999999,730.4896440000001,616.0105974083338,856.5351366083335,33.341229350000006,1.3508547588343867e-46,1.8911966623681413e-45,worse
gen_all,ALL,v2at305,edd,policy-vs-rule,300,300,3334.1229350000003,4466.044722333333,1131.9217873333332,868.1005912999999,1412.0709104583332,33.341229350000006,4.254060221314019e-30,2.3397331217227104e-28,worse
gen_all,ALL,rl303,edd,policy-vs-rule,300,300,3334.1229350000003,4690.7130849999985,1356.5901499999993,1057.104734466666,1681.7303269999993,33.341229350000006,7.993888831429156e-39,5.196027740428951e-37,worse
gen_all,ALL,v2at301,edd,policy-vs-rule,300,300,3334.1229350000003,6897.662659666666,3563.539724666667,2974.717789616666,4184.972618683333,33.341229350000006,1.6280661159807507e-45,1.090804297707103e-43,worse
gen_all,ALL,random,edd,rule-vs-rule,300,300,3334.1229350000003,13236.397561333331,9902.27462633333,8231.783004158333,11693.673689474997,33.341229350000006,1.526148886523596e-45,1.8313786638283152e-44,worse
gen_all,ALL,lpt,edd,rule-vs-rule,300,300,3334.1229350000003,43030.63908933333,39696.51615433333,33896.155551791664,45704.663159749995,33.341229350000006,5.646719428560811e-49,1.0058473568359915e-47,worse
gen_all,ALL,v2rl310,wmdd,policy-vs-rule,300,300,3354.937094666667,3327.4247600000003,-27.512334666666405,-41.99762938333283,-13.339309349999606,33.54937094666667,7.101474159148261e-08,2.1304422477444784e-06,inconclusive
gen_all,ALL,v2rl304,wmdd,policy-vs-rule,300,300,3354.937094666667,3327.798242,-27.13885266666637,-40.59264808333305,-13.814070349999449,33.54937094666667,6.815208641953503e-07,1.840106333327446e-05,inconclusive
gen_all,ALL,v2rl308,wmdd,policy-vs-rule,300,300,3354.937094666667,3328.363465333334,-26.573629333332967,-42.12919081666636,-11.136181499999578,33.54937094666667,4.443309829803274e-05,0.0009775281625567203,inconclusive
gen_all,ALL,rl301,wmdd,policy-vs-rule,300,300,3354.937094666667,3330.7672553333337,-24.169839333332945,-41.44963226666625,-5.3506348166660995,33.54937094666667,2.299407682367744e-06,5.5185784376825855e-05,inconclusive
gen_all,ALL,pfifo,wmdd,rule-vs-rule,300,300,3354.937094666667,3333.9263703333336,-21.010724333333265,-35.80606072499994,-3.545241699999864,33.54937094666667,1.73587956871021e-14,1.562291611839189e-13,inconclusive
gen_all,ALL,edd,wmdd,rule-vs-rule,300,300,3354.937094666667,3334.1229350000003,-20.814159666666555,-35.63536315833345,-4.048120491666612,33.54937094666667,2.8502828543799555e-14,2.2802262835039644e-13,inconclusive
gen_all,ALL,v2at310,wmdd,policy-vs-rule,300,300,3354.937094666667,3342.649289333334,-12.287805333333013,-26.005735683333103,4.318821633333396,33.54937094666667,1.7922653378512862e-06,4.4806633446282154e-05,equivalent
gen_all,ALL,v2rl305,wmdd,policy-vs-rule,300,300,3354.937094666667,3348.4978573333337,-6.439237333333284,-28.379350866666808,18.57931681666654,33.54937094666667,1.0158163263072486e-05,0.0002336377550506672,equivalent
gen_all,ALL,atc,wmdd,rule-vs-rule,300,300,3354.937094666667,3357.982747666667,3.0456530000003066,-1.447390574999774,8.012834283333715,33.54937094666667,0.023525224830435263,0.07057567449130579,equivalent
gen_all,ALL,v2at302,wmdd,policy-vs-rule,300,300,3354.937094666667,3358.8488500000003,3.911755333333711,-20.64858259999938,33.34835325000012,33.54937094666667,1.003145811584524e-06,2.6081791101197622e-05,equivalent
gen_all,ALL,v2at307,wmdd,policy-vs-rule,300,300,3354.937094666667,3361.893639333334,6.9565446666668835,-0.12694031666678798,14.724704183333609,33.54937094666667,0.16974452892635983,0.9964150652810289,equivalent
gen_all,ALL,v2rl302,wmdd,policy-vs-rule,300,300,3354.937094666667,3375.0660693333334,20.128974666666917,-7.548653483332971,54.07718138333354,33.54937094666667,0.0352966749628563,0.352966749628563,inconclusive
gen_all,ALL,v2rl307,wmdd,policy-vs-rule,300,300,3354.937094666667,3377.8326159999997,22.895521333333622,-7.602968833332571,62.527018350000006,33.54937094666667,0.003306474149050262,0.05621006053385445,inconclusive
gen_all,ALL,v2rl306,wmdd,policy-vs-rule,300,300,3354.937094666667,3389.0762866666664,34.13919200000026,-3.155645433332943,82.05632096666636,33.54937094666667,0.06705455306001967,0.6034909775401771,inconclusive
gen_all,ALL,v2at308,wmdd,policy-vs-rule,300,300,3354.937094666667,3398.0860673333336,43.14897266666695,29.037497666666965,59.654287316666874,33.54937094666667,1.0718538477803469e-14,4.501786160677457e-13,inconclusive
gen_all,ALL,v2rl301,wmdd,policy-vs-rule,300,300,3354.937094666667,3405.9251986666677,50.98810400000037,9.271084266667039,101.0017752999999,33.54937094666667,0.16606917754683814,0.9964150652810289,inconclusive
gen_all,ALL,v2at303,wmdd,policy-vs-rule,300,300,3354.937094666667,3420.812794333333,65.87569966666693,47.02614525000032,87.27959176666697,33.54937094666667,1.9459128454561632e-19,8.756607804552735e-18,worse
gen_all,ALL,v2at306,wmdd,policy-vs-rule,300,300,3354.937094666667,3589.0747103333333,234.13761566666682,192.23382817500027,278.4721239833336,33.54937094666667,2.094254598385988e-35,1.2565527590315929e-33,worse
gen_all,ALL,v2at309,wmdd,policy-vs-rule,300,300,3354.937094666667,3658.4123599999994,303.47526533333354,205.5659568500004,410.2776545666669,33.54937094666667,4.076218339590524e-09,1.4266764188566833e-07,worse
gen_all,ALL,v2at304,wmdd,policy-vs-rule,300,300,3354.937094666667,3823.130965333334,468.1938706666668,360.9594832583335,583.744988458334,33.54937094666667,3.423946612637604e-36,2.1570863659616906e-34,worse
gen_all,ALL,v2rl309,wmdd,policy-vs-rule,300,300,3354.937094666667,3919.4518896666673,564.5147950000005,424.45550984166687,725.0390906500005,33.54937094666667,5.104097395152249e-28,2.705171619430692e-26,worse
gen_all,ALL,v2rl303,wmdd,policy-vs-rule,300,300,3354.937094666667,3978.4179933333335,623.4808986666668,458.90250020000013,803.9492951166668,33.54937094666667,6.338435890665078e-24,3.105833586425888e-22,worse
gen_all,ALL,rl302,wmdd,policy-vs-rule,300,300,3354.937094666667,4058.342224,703.4051293333335,524.7772453,907.387044966667,33.54937094666667,3.854546975745939e-12,1.5418187902983755e-10,worse
gen_all,ALL,wspt,wmdd,rule-vs-rule,300,300,3354.937094666667,4064.612578999999,709.6754843333337,598.8113544833333,830.2055634333337,33.54937094666667,1.506539813576811e-46,1.958501757649854e-45,worse
gen_all,ALL,v2at305,wmdd,policy-vs-rule,300,300,3354.937094666667,4466.044722333333,1111.1076276666668,851.4156442499999,1398.6780612,33.54937094666667,2.6009008119533236e-24,1.326459414096195e-22,worse
gen_all,ALL,rl303,wmdd,policy-vs-rule,300,300,3354.937094666667,4690.7130849999985,1335.7759903333329,1032.4982457249998,1661.0119911833328,33.54937094666667,1.7750295056618383e-36,1.1360188836235765e-34,worse
gen_all,ALL,v2at301,wmdd,policy-vs-rule,300,300,3354.937094666667,6897.662659666666,3542.725565,2969.766165541666,4148.979501825,33.54937094666667,2.5057274189205076e-46,1.7289519190551502e-44,worse
gen_all,ALL,random,wmdd,rule-vs-rule,300,300,3354.937094666667,13236.397561333331,9881.460466666666,8215.220443749999,11724.617714916663,33.54937094666667,1.526148886523596e-45,1.8313786638283152e-44,worse
gen_all,ALL,lpt,wmdd,rule-vs-rule,300,300,3354.937094666667,43030.63908933333,39675.70199466667,33870.3278445,45578.550703383335,33.54937094666667,5.646719428560811e-49,1.0058473568359915e-47,worse
gen_utarget,u_target=0.7,rl301,atc,policy-vs-rule,60,60,2258.745656666667,2257.4997200000003,-1.2459366666666665,-2.549968000000137,-0.13864700000017047,22.58745656666667,0.08366602726012,1.0,equivalent
gen_utarget,u_target=0.7,v2rl307,atc,policy-vs-rule,60,60,2258.745656666667,2257.542603333334,-1.2030533333334255,-2.434403416666894,-0.224723666666643,22.58745656666667,0.06186574638446707,1.0,equivalent
gen_utarget,u_target=0.7,v2at302,atc,policy-vs-rule,60,60,2258.745656666667,2257.5733499999997,-1.1723066666667503,-2.423886999999912,-0.15070208333343485,22.58745656666667,0.09377774829077586,1.0,equivalent
gen_utarget,u_target=0.7,v2rl301,atc,policy-vs-rule,60,60,2258.745656666667,2257.6351066666666,-1.1105500000000739,-2.470413666666918,0.0799848333334881,22.58745656666667,0.3271713975221079,1.0,equivalent
gen_utarget,u_target=0.7,v2rl302,atc,policy-vs-rule,60,60,2258.745656666667,2257.7369066666665,-1.008750000000009,-2.3895803333332637,0.20961958333325498,22.58745656666667,0.2396777232184626,1.0,equivalent
gen_utarget,u_target=0.7,v2rl304,atc,policy-vs-rule,60,60,2258.745656666667,2257.76573,-0.9799266666666675,-2.359798500000211,0.12441466666681318,22.58745656666667,0.4051305894807967,1.0,equivalent
gen_utarget,u_target=0.7,v2rl310,atc,policy-vs-rule,60,60,2258.745656666667,2257.7987566666666,-0.9468999999999916,-2.1905828333334663,0.21410800000009308,22.58745656666667,0.1273999122001946,1.0,equivalent
gen_utarget,u_target=0.7,v2rl306,atc,policy-vs-rule,60,60,2258.745656666667,2257.8458233333336,-0.8998333333334129,-2.254471000000334,0.3098734166665496,22.58745656666667,0.3271713975221079,1.0,equivalent
gen_utarget,u_target=0.7,v2rl305,atc,policy-vs-rule,60,60,2258.745656666667,2257.8483766666664,-0.8972800000000236,-2.207254750000055,0.2651736666666969,22.58745656666667,0.3694259800860126,1.0,equivalent
gen_utarget,u_target=0.7,v2rl308,atc,policy-vs-rule,60,60,2258.745656666667,2257.8569666666667,-0.8886900000000824,-2.145051583333576,0.165546833333224,22.58745656666667,0.5128136262533662,1.0,equivalent
gen_utarget,u_target=0.7,edd,atc,rule-vs-rule,60,60,2258.745656666667,2258.26579,-0.4798666666667536,-1.800225250000001,0.7153990833332325,22.58745656666667,0.6807963540832085,1.0,equivalent
gen_utarget,u_target=0.7,pfifo,atc,rule-vs-rule,60,60,2258.745656666667,2258.26579,-0.4798666666667536,-1.7635134166668076,0.7097286666666283,22.58745656666667,0.6807963540832085,1.0,equivalent
gen_utarget,u_target=0.7,v2at310,atc,policy-vs-rule,60,60,2258.745656666667,2258.3029,-0.44275666666666375,-1.6032631666664545,0.6567456666665111,22.58745656666667,0.2796415340373015,1.0,equivalent
gen_utarget,u_target=0.7,v2rl309,atc,policy-vs-rule,60,60,2258.745656666667,2258.65359,-0.09206666666675242,-2.11425216666664,2.2035405000000465,22.58745656666667,0.5306006079407641,1.0,equivalent
gen_utarget,u_target=0.7,v2at307,atc,policy-vs-rule,60,60,2258.745656666667,2258.7754533333336,0.029796666666572,-0.5791450000001558,0.7106159999998505,22.58745656666667,0.7316942357149899,1.0,equivalent
gen_utarget,u_target=0.7,v2at309,atc,policy-vs-rule,60,60,2258.745656666667,2259.1000766666666,0.3544199999999554,-0.9936713333333747,1.881064000000102,22.58745656666667,0.7498782331919757,1.0,equivalent
gen_utarget,u_target=0.7,wmdd,atc,rule-vs-rule,60,60,2258.745656666667,2259.15484,0.4091833333331529,-0.7988095000003868,1.6920309166663599,22.58745656666667,0.2618894876660973,1.0,equivalent
gen_utarget,u_target=0.7,v2rl303,atc,policy-vs-rule,60,60,2258.745656666667,2259.7019233333335,0.9562666666665793,-1.2824617499999933,4.346360833333308,22.58745656666667,0.6521909795586408,1.0,equivalent
gen_utarget,u_target=0.7,rl303,atc,policy-vs-rule,60,60,2258.745656666667,2259.8812699999994,1.135613333333289,-0.8015463333334474,3.6151045833332542,22.58745656666667,0.48032542720912763,1.0,equivalent
gen_utarget,u_target=0.7,v2at303,atc,policy-vs-rule,60,60,2258.745656666667,2260.1489933333332,1.4033366666666411,-0.11384941666666427,3.0648499166666032,22.58745656666667,0.04757850903792886,1.0,equivalent
gen_utarget,u_target=0.7,v2at308,atc,policy-vs-rule,60,60,2258.745656666667,2260.9255866666663,2.1799299999999024,-0.1905956666666497,5.670401833333011,22.58745656666667,0.0858958258699641,1.0,equivalent
gen_utarget,u_target=0.7,v2at306,atc,policy-vs-rule,60,60,2258.745656666667,2262.4918733333334,3.7462166666667027,0.9040696666667671,7.382942833333238,22.58745656666667,0.0029472179607470846,0.17978029560557215,equivalent
gen_utarget,u_target=0.7,rl302,atc,policy-vs-rule,60,60,2258.745656666667,2263.5731,4.82744333333335,-0.9789569999998143,12.544444583333553,22.58745656666667,0.741454998400758,1.0,equivalent
gen_utarget,u_target=0.7,v2at304,atc,policy-vs-rule,60,60,2258.745656666667,2264.6439466666675,5.898289999999945,1.6802838333332684,11.530755333333378,22.58745656666667,0.0013097564973623772,0.08251465933382976,equivalent
gen_utarget,u_target=0.7,v2at305,atc,policy-vs-rule,60,60,2258.745656666667,2265.4995766666666,6.753919999999865,-0.08639558333387601,15.699839499999719,22.58745656666667,0.3539660363660794,1.0,equivalent
gen_utarget,u_target=0.7,wspt,atc,rule-vs-rule,60,60,2258.745656666667,2269.0487866666667,10.303130000000083,5.688486333333403,16.487585333333506,22.58745656666667,2.0228499668543346e-07,2.4274199602252017e-06,equivalent
gen_utarget,u_target=0.7,random,atc,rule-vs-rule,60,60,2258.745656666667,2304.0525633333327,45.306906666666464,22.725564999999843,73.1391519166664,22.58745656666667,7.739732463297963e-08,1.1609598694946945e-06,worse
gen_utarget,u_target=0.7,v2at301,atc,policy-vs-rule,60,60,2258.745656666667,2334.254026666667,75.50837000000006,34.425309250000105,134.70034541666675,22.58745656666667,8.401732591987415e-08,5.629160836631568e-06,worse
gen_utarget,u_target=0.7,lpt,atc,rule-vs-rule,60,60,2258.745656666667,2574.50371,315.75805333333335,201.73434674999993,455.9378036666668,22.58745656666667,1.1100954635085601e-09,1.9981718343154083e-08,worse
gen_utarget,u_target=0.7,rl301,edd,policy-vs-rule,60,60,2258.26579,2257.4997200000003,-0.7660699999999129,-1.508222416666544,-0.060301416666715325,22.5826579,0.045484489171984846,1.0,equivalent
gen_utarget,u_target=0.7,v2rl307,edd,policy-vs-rule,60,60,2258.26579,2257.542603333334,-0.7231866666666719,-1.551510999999855,0.09645258333337496,22.5826579,0.02422117460396644,1.0,equivalent
gen_utarget,u_target=0.7,v2at302,edd,policy-vs-rule,60,60,2258.26579,2257.5733499999997,-0.6924399999999967,-1.5430458333332677,0.08695466666661791,22.5826579,0.09377774829077586,1.0,equivalent
gen_utarget,u_target=0.7,v2rl301,edd,policy-vs-rule,60,60,2258.26579,2257.6351066666666,-0.6306833333333202,-1.5950966666667246,0.24762025000000246,22.5826579,0.27812610258252823,1.0,equivalent
gen_utarget,u_target=0.7,v2rl302,edd,policy-vs-rule,60,60,2258.26579,2257.7369066666665,-0.5288833333332552,-1.32997408333316,0.20862349999992696,22.5826579,0.21698598574255135,1.0,equivalent
gen_utarget,u_target=0.7,v2rl304,edd,policy-vs-rule,60,60,2258.26579,2257.76573,-0.5000599999999139,-1.1513203333333712,0.12213458333348019,22.5826579,0.20354090606892605,1.0,equivalent
gen_utarget,u_target=0.7,v2rl310,edd,policy-vs-rule,60,60,2258.26579,2257.7987566666666,-0.467033333333238,-1.3031228333332125,0.29163716666676337,22.5826579,0.17790738330384115,1.0,equivalent
gen_utarget,u_target=0.7,v2rl306,edd,policy-vs-rule,60,60,2258.26579,2257.8458233333336,-0.4199666666666592,-1.1605441666666738,0.34906791666655995,22.5826579,0.17013873841797622,1.0,equivalent
gen_utarget,u_target=0.7,v2rl305,edd,policy-vs-rule,60,60,2258.26579,2257.8483766666664,-0.41741333333327,-1.1029256666667158,0.2963148333333325,22.5826579,0.08821318483432393,1.0,equivalent
gen_utarget,u_target=0.7,v2rl308,edd,policy-vs-rule,60,60,2258.26579,2257.8569666666667,-0.40882333333332876,-1.382840000000134,0.5411288333332368,22.5826579,0.3570307878560457,1.0,equivalent
gen_utarget,u_target=0.7,pfifo,edd,rule-vs-rule,60,60,2258.26579,2258.26579,0.0,0.0,0.0,22.5826579,1.0,1.0,equivalent
gen_utarget,u_target=0.7,v2at310,edd,policy-vs-rule,60,60,2258.26579,2258.3029,0.03711000000008984,-0.521027166666662,0.6346782499999836,22.5826579,0.7687975045487456,1.0,equivalent
gen_utarget,u_target=0.7,v2rl309,edd,policy-vs-rule,60,60,2258.26579,2258.65359,0.3878000000000012,-1.0464196666668728,2.443208833333284,22.5826579,0.38855107096863606,1.0,equivalent
gen_utarget,u_target=0.7,atc,edd,rule-vs-rule,60,60,2258.26579,2258.745656666667,0.4798666666667536,-0.7072768333332435,1.7446887500001542,22.5826579,0.6807963540832085,1.0,equivalent
gen_utarget,u_target=0.7,v2at307,edd,policy-vs-rule,60,60,2258.26579,2258.7754533333336,0.5096633333333256,-0.3615484166666152,1.56969874999985,22.5826579,0.9359149665170619,1.0,equivalent
gen_utarget,u_target=0.7,v2at309,edd,policy-vs-rule,60,60,2258.26579,2259.1000766666666,0.8342866666667089,-0.42371241666653514,2.343256749999912,22.5826579,0.8844579257532612,1.0,equivalent
gen_utarget,u_target=0.7,wmdd,edd,rule-vs-rule,60,60,2258.26579,2259.15484,0.8890499999999065,0.31556941666671123,1.6201352499997808,22.5826579,0.0014737808438751421,0.01326402759487628,equivalent
gen_utarget,u_target=0.7,v2rl303,edd,policy-vs-rule,60,60,2258.26579,2259.7019233333335,1.436133333333333,-0.6523658333333421,4.737449166666604,22.5826579,0.8936443871266052,1.0,equivalent
gen_utarget,u_target=0.7,rl303,edd,policy-vs-rule,60,60,2258.26579,2259.8812699999994,1.6154800000000427,-0.3263235833334432,4.190848249999854,22.5826579,0.907540882973728,1.0,equivalent
gen_utarget,u_target=0.7,v2at303,edd,policy-vs-rule,60,60,2258.26579,2260.1489933333332,1.8832033333333948,0.4061894166667657,3.7639760833335916,22.5826579,0.09367559653193051,1.0,equivalent
gen_utarget,u_target=0.7,v2at308,edd,policy-vs-rule,60,60,2258.26579,2260.9255866666663,2.6597966666666566,0.3033725000000887,6.591428833333341,22.5826579,0.03962497007380688,1.0,equivalent
gen_utarget,u_target=0.7,v2at306,edd,policy-vs-rule,60,60,2258.26579,2262.4918733333334,4.226083333333455,1.3026855000000717,8.540476249999983,22.5826579,0.01534582286114023,0.8133286116404322,equivalent
gen_utarget,u_target=0.7,rl302,edd,policy-vs-rule,60,60,2258.26579,2263.5731,5.307310000000103,-0.32790891666673466,12.8433451666667,22.5826579,0.780670449239729,1.0,equivalent
gen_utarget,u_target=0.7,v2at304,edd,policy-vs-rule,60,60,2258.26579,2264.6439466666675,6.3781566666666984,2.175980166666731,11.94514616666665,22.5826579,0.0012105677651908404,0.07747633697221379,equivalent
gen_utarget,u_target=0.7,v2at305,edd,policy-vs-rule,60,60,2258.26579,2265.4995766666666,7.233786666666619,0.5004434166666393,16.151324750000214,22.5826579,0.4414077589535903,1.0,equivalent
gen_utarget,u_target=0.7,wspt,edd,rule-vs-rule,60,60,2258.26579,2269.0487866666667,10.782996666666834,5.7256560833335595,17.383900083333483,22.5826579,2.1906265066619186e-06,2.4096891573281106e-05,equivalent
gen_utarget,u_target=0.7,random,edd,rule-vs-rule,60,60,2258.26579,2304.0525633333327,45.78677333333322,23.993026916666548,73.64706433333323,22.5826579,7.739732463297963e-08,1.1609598694946945e-06,worse
gen_utarget,u_target=0.7,v2at301,edd,policy-vs-rule,60,60,2258.26579,2334.254026666667,75.98823666666682,35.379878000000154,134.35983391666676,22.5826579,3.780218792411368e-08,2.608350966763844e-06,worse
gen_utarget,u_target=0.7,lpt,edd,rule-vs-rule,60,60,2258.26579,2574.50371,316.2379200000002,200.92274833333346,454.9137483333335,22.5826579,1.1812325186599061e-09,2.0080952817218404e-08,worse
gen_utarget,u_target=0.7,rl301,wmdd,policy-vs-rule,60,60,2259.15484,2257.4997200000003,-1.6551199999998194,-2.682619500000006,-0.7818246666666483,22.5915484,0.0007726592908711714,0.05022285390662614,equivalent
gen_utarget,u_target=0.7,v2rl307,wmdd,policy-vs-rule,60,60,2259.15484,2257.542603333334,-1.6122366666665784,-2.6023304166665384,-0.7575237499999219,22.5915484,0.0004863114371764245,0.032096554853644016,equivalent
gen_utarget,u_target=0.7,v2at302,wmdd,policy-vs-rule,60,60,2259.15484,2257.5733499999997,-1.5814899999999033,-2.6429728333333258,-0.6424903333333539,22.5915484,0.0015359768966223925,0.09523056759058833,equivalent
gen_utarget,u_target=0.7,v2rl301,wmdd,policy-vs-rule,60,60,2259.15484,2257.6351066666666,-1.5197333333332268,-2.8416180833331945,-0.39769291666650247,22.5915484,0.03303323305084945,1.0,equivalent
gen_utarget,u_target=0.7,v2rl302,wmdd,policy-vs-rule,60,60,2259.15484,2257.7369066666665,-1.4179333333331618,-2.5333382499996695,-0.4489354999998771,22.5915484,0.010253901433485788,0.5742184802752042,equivalent
gen_utarget,u_target=0.7,v2rl304,wmdd,policy-vs-rule,60,60,2259.15484,2257.76573,-1.3891099999998204,-2.4275707499997328,-0.45964699999972125,22.5915484,0.008854094604319108,0.5135374870505083,equivalent
gen_utarget,u_target=0.7,v2rl310,wmdd,policy-vs-rule,60,60,2259.15484,2257.7987566666666,-1.3560833333331446,-2.5222922499998264,-0.33486058333315444,22.5915484,0.006835856425301226,0.41015138551807356,equivalent
gen_utarget,u_target=0.7,v2rl306,wmdd,policy-vs-rule,60,60,2259.15484,2257.8458233333336,-1.3090166666665657,-2.322295416666862,-0.405409833333091,22.5915484,0.012818902807827298,0.6922207516226742,equivalent
gen_utarget,u_target=0.7,v2rl305,wmdd,policy-vs-rule,60,60,2259.15484,2257.8483766666664,-1.3064633333331765,-2.2518005833331705,-0.42560708333323516,22.5915484,0.007258914275110764,0.4282759422315351,equivalent
gen_utarget,u_target=0.7,v2rl308,wmdd,policy-vs-rule,60,60,2259.15484,2257.8569666666667,-1.2978733333332353,-2.4629715000001773,-0.29316299999985146,22.5915484,0.02422117460396644,1.0,equivalent
gen_utarget,u_target=0.7,edd,wmdd,rule-vs-rule,60,60,2259.15484,2258.26579,-0.8890499999999065,-1.6192534166663857,-0.32191716666669745,22.5915484,0.0014737808438751421,0.01326402759487628,equivalent
gen_utarget,u_target=0.7,pfifo,wmdd,rule-vs-rule,60,60,2259.15484,2258.26579,-0.8890499999999065,-1.5971064999998816,-0.32265074999998716,22.5915484,0.0014737808438751421,0.01326402759487628,equivalent
gen_utarget,u_target=0.7,v2at310,wmdd,policy-vs-rule,60,60,2259.15484,2258.3029,-0.8519399999998166,-1.597661249999731,-0.1300064166665412,22.5915484,0.009688756083014904,0.5522590967318495,equivalent
gen_utarget,u_target=0.7,v2rl309,wmdd,policy-vs-rule,60,60,2259.15484,2258.65359,-0.5012499999999053,-2.3354839999998362,1.7557445000000798,22.5915484,0.10384051945457581,1.0,equivalent
gen_utarget,u_target=0.7,atc,wmdd,rule-vs-rule,60,60,2259.15484,2258.745656666667,-0.4091833333331529,-1.6833234999998417,0.7895394166668025,22.5915484,0.2618894876660973,1.0,equivalent
gen_utarget,u_target=0.7,v2at307,wmdd,policy-vs-rule,60,60,2259.15484,2258.7754533333336,-0.3793866666665809,-1.3201633333331486,0.7107573333334796,22.5915484,0.06703303320262344,1.0,equivalent
gen_utarget,u_target=0.7,v2at309,wmdd,policy-vs-rule,60,60,2259.15484,2259.1000766666666,-0.054763333333197564,-1.2608679999998849,1.3845575833334802,22.5915484,0.15033186602705045,1.0,equivalent
gen_utarget,u_target=0.7,v2rl303,wmdd,policy-vs-rule,60,60,2259.15484,2259.7019233333335,0.5470833333334265,-1.7478208333333054,3.965903500000027,22.5915484,0.21335807338945145,1.0,equivalent
gen_utarget,u_target=0.7,rl303,wmdd,policy-vs-rule,60,60,2259.15484,2259.8812699999994,0.726430000000136,-1.0413619166665153,3.1000791666669407,22.5915484,0.416225955324509,1.0,equivalent
gen_utarget,u_target=0.7,v2at303,wmdd,policy-vs-rule,60,60,2259.15484,2260.1489933333332,0.9941533333334883,-0.1302479999999935,2.3524035000003565,22.5915484,0.5038329688781412,1.0,equivalent
gen_utarget,u_target=0.7,v2at308,wmdd,policy-vs-rule,60,60,2259.15484,2260.9255866666663,1.7707466666667497,-0.3110470833333227,5.298294916666911,22.5915484,0.543523855518597,1.0,equivalent
gen_utarget,u_target=0.7,v2at306,wmdd,policy-vs-rule,60,60,2259.15484,2262.4918733333334,3.3370333333335496,0.7778492500000479,7.19045825000027,22.5915484,0.04225360193237963,1.0,equivalent
gen_utarget,u_target=0.7,rl302,wmdd,policy-vs-rule,60,60,2259.15484,2263.5731,4.418260000000197,-1.3057327499998352,12.325806999999969,22.5915484,0.42221868501052773,1.0,equivalent
gen_utarget,u_target=0.7,v2at304,wmdd,policy-vs-rule,60,60,2259.15484,2264.6439466666675,5.489106666666792,1.2528717500001438,11.137820416666772,22.5915484,0.011947472843969775,0.6571110064183376,equivalent
gen_utarget,u_target=0.7,v2at305,wmdd,policy-vs-rule,60,60,2259.15484,2265.4995766666666,6.344736666666713,-0.39201183333325446,15.390926500000164,22.5915484,0.7773375530768246,1.0,equivalent
gen_utarget,u_target=0.7,wspt,wmdd,rule-vs-rule,60,60,2259.15484,2269.0487866666667,9.893946666666928,5.268160583333615,16.214921333333983,22.5915484,4.433091859772292e-06,4.4330918597722916e-05,equivalent
gen_utarget,u_target=0.7,random,wmdd,rule-vs-rule,60,60,2259.15484,2304.0525633333327,44.89772333333331,23.295850166666657,72.1844975833331,22.5915484,7.739732463297963e-08,1.1609598694946945e-06,worse
gen_utarget,u_target=0.7,v2at301,wmdd,policy-vs-rule,60,60,2259.15484,2334.254026666667,75.09918666666691,34.79132166666683,133.64834475000018,22.5915484,3.780218792411368e-08,2.608350966763844e-06,worse
gen_utarget,u_target=0.7,lpt,wmdd,rule-vs-rule,60,60,2259.15484,2574.50371,315.3488700000003,198.6824288333335,456.50420900000074,22.5915484,1.1812325186599061e-09,2.0080952817218404e-08,worse
gen_utarget,u_target=0.9,v2at302,atc,policy-vs-rule,60,60,3011.7549599999998,2990.305363333334,-21.44959666666635,-31.730938999999758,-11.814857333333261,30.117549599999997,3.6030126246331043e-06,0.00019816569435482075,inconclusive
gen_utarget,u_target=0.9,v2rl301,atc,policy-vs-rule,60,60,3011.7549599999998,2990.81525,-20.93970999999992,-31.296689833332543,-11.700538750000174,30.117549599999997,1.8341078384328097e-05,0.0008987128408320768,inconclusive
gen_utarget,u_target=0.9,v2rl310,atc,policy-vs-rule,60,60,3011.7549599999998,2990.9405066666664,-20.814453333333486,-30.903369499999524,-11.611980999999941,30.117549599999997,6.765419678287829e-07,3.923943413406941e-05,inconclusive
gen_utarget,u_target=0.9,rl301,atc,policy-vs-rule,60,60,3011.7549599999998,2991.6407800000006,-20.11417999999977,-30.959350749999956,-10.67333816666631,30.117549599999997,6.866214563094421e-05,0.0032271208446543777,inconclusive
gen_utarget,u_target=0.9,v2rl305,atc,policy-vs-rule,60,60,3011.7549599999998,2991.9940766666664,-19.760883333333187,-29.44617966666673,-11.031016083333178,30.117549599999997,4.019626446529321e-06,0.000213040201666054,equivalent
gen_utarget,u_target=0.9,v2rl302,atc,policy-vs-rule,60,60,3011.7549599999998,2993.4771466666666,-18.277813333333295,-27.801622500000605,-9.786462833333621,30.117549599999997,0.0001556956601897668,0.00685060904834974,equivalent
gen_utarget,u_target=0.9,v2rl306,atc,policy-vs-rule,60,60,3011.7549599999998,2993.64152,-18.113439999999773,-28.421765166666745,-9.306411249999876,30.117549599999997,0.0018584682365910521,0.06504638828068683,equivalent
gen_utarget,u_target=0.9,v2rl307,atc,policy-vs-rule,60,60,3011.7549599999998,2993.9890733333327,-17.765886666666507,-26.805648333332954,-9.94355366666651,30.117549599999997,4.407167742928807e-06,0.00022917272263229797,equivalent
gen_utarget,u_target=0.9,v2rl308,atc,policy-vs-rule,60,60,3011.7549599999998,2995.2900400000003,-16.464920000000212,-25.0243901666662,-8.634138083332957,30.117549599999997,0.00048528573220556583,0.018440857823811503,equivalent
gen_utarget,u_target=0.9,v2rl304,atc,policy-vs-rule,60,60,3011.7549599999998,2997.739743333333,-14.015216666666635,-22.074626666667022,-7.000164000000508,30.117549599999997,0.00026498741898774234,0.011129471597485178,equivalent
gen_utarget,u_target=0.9,edd,atc,rule-vs-rule,60,60,3011.7549599999998,3000.471016666667,-11.283943333333362,-17.64324924999985,-5.649404750000056,30.117549599999997,4.138725435993392e-05,0.0003724852892394053,equivalent
gen_utarget,u_target=0.9,pfifo,atc,rule-vs-rule,60,60,3011.7549599999998,3000.471016666667,-11.283943333333362,-17.65471749999957,-5.511217583333259,30.117549599999997,4.138725435993392e-05,0.0003724852892394053,equivalent
gen_utarget,u_target=0.9,v2at310,atc,policy-vs-rule,60,60,3011.7549599999998,3005.028436666667,-6.7265233333333905,-12.906694166666448,-1.1939717500003582,30.117549599999997,0.0031652845200996335,0.08891991150486442,equivalent
gen_utarget,u_target=0.9,v2at307,atc,policy-vs-rule,60,60,3011.7549599999998,3008.8876033333336,-2.867356666666548,-9.891540749999676,3.6057443333335164,30.117549599999997,0.74419647834799,1.0,equivalent
gen_utarget,u_target=0.9,wmdd,atc,rule-vs-rule,60,60,3011.7549599999998,3008.92093,-2.8340300000001313,-7.6101495833336905,1.979271249999567,30.117549599999997,0.09292576873190468,0.27877730619571406,equivalent
gen_utarget,u_target=0.9,v2at308,atc,policy-vs-rule,60,60,3011.7549599999998,3022.1899733333335,10.435013333333524,2.6682855833340056,20.83046525000018,30.117549599999997,0.02236515992041769,0.38020771864710073,equivalent
gen_utarget,u_target=0.9,v2at303,atc,policy-vs-rule,60,60,3011.7549599999998,3026.2878900000005,14.532930000000174,7.212378916666769,22.70675066666676,30.117549599999997,0.00039141365133115157,0.015265132401914912,equivalent
gen_utarget,u_target=0.9,v2rl309,atc,policy-vs-rule,60,60,3011.7549599999998,3050.3211933333328,38.566233333333265,6.608541416667108,78.01857433333251,30.117549599999997,0.13969105181486083,1.0,inconclusive
gen_utarget,u_target=0.9,v2at309,atc,policy-vs-rule,60,60,3011.7549599999998,3060.1377099999995,48.38275000000008,18.777491083333253,83.40520933333333,30.117549599999997,0.029058627528118094,0.4358794129217714,inconclusive
gen_utarget,u_target=0.9,v2rl303,atc,policy-vs-rule,60,60,3011.7549599999998,3065.29547,53.54051000000007,22.197497749999673,88.4996191666663,30.117549599999997,0.04857964308643552,0.6315353601236617,inconclusive
gen_utarget,u_target=0.9,rl303,atc,policy-vs-rule,60,60,3011.7549599999998,3071.2015733333333,59.446613333333154,37.51930116666654,83.14228333333348,30.117549599999997,5.2448565281694034e-06,0.0002674876829366396,worse
gen_utarget,u_target=0.9,v2at304,atc,policy-vs-rule,60,60,3011.7549599999998,3113.4813500000005,101.72639,59.17276175000031,150.5214127499997,30.117549599999997,1.028563264846544e-06,5.8628106096253e-05,worse
gen_utarget,u_target=0.9,v2at306,atc,policy-vs-rule,60,60,3011.7549599999998,3126.6480633333335,114.89310333333313,70.58978000000009,165.5734607499994,30.117549599999997,6.366438946211754e-09,4.0745209255755227e-07,worse
gen_utarget,u_target=0.9,rl302,atc,policy-vs-rule,60,60,3011.7549599999998,3154.20148,142.44651999999985,65.99513733333316,228.93775983333327,30.117549599999997,0.0390421505369268,0.5465901075169752,worse
gen_utarget,u_target=0.9,v2at305,atc,policy-vs-rule,60,60,3011.7549599999998,3209.6515533333327,197.8965933333331,101.63091833333263,308.24082874999993,30.117549599999997,0.010862894497079676,0.245100119126792,worse
gen_utarget,u_target=0.9,wspt,atc,rule-vs-rule,60,60,3011.7549599999998,3214.8376066666674,203.0826466666668,145.51519558333334,265.5902372500002,30.117549599999997,5.143753751233159e-11,7.715630626849738e-10,worse
gen_utarget,u_target=0.9,v2at301,atc,policy-vs-rule,60,60,3011.7549599999998,4626.060289999999,1614.30533,1208.2394455,2031.6725479999989,30.117549599999997,3.503864964208263e-10,2.4176668253037013e-08,worse
gen_utarget,u_target=0.9,random,atc,rule-vs-rule,60,60,3011.7549599999998,4924.664566666667,1912.9096066666668,1493.7400433333337,2348.7211375833335,30.117549599999997,5.145276051717656e-10,6.174331262061187e-09,worse
gen_utarget,u_target=0.9,lpt,atc,rule-vs-rule,60,60,3011.7549599999998,16524.004736666666,13512.249776666667,10798.053097249996,16357.111402916667,30.117549599999997,2.3900953516978203e-11,4.3021716330560765e-10,worse
gen_utarget,u_target=0.9,v2at302,edd,policy-vs-rule,60,60,3000.471016666667,2990.305363333334,-10.165653333332987,-16.290734833332866,-4.871044499999648,30.00471016666667,0.0023486394938546282,0.07985374279105736,equivalent
gen_utarget,u_target=0.9,v2rl301,edd,policy-vs-rule,60,60,3000.471016666667,2990.81525,-9.655766666666558,-16.583559416666347,-3.9669196666667306,30.00471016666667,0.02625908517089832,0.42014536273437314,equivalent
gen_utarget,u_target=0.9,v2rl310,edd,policy-vs-rule,60,60,3000.471016666667,2990.9405066666664,-9.530510000000127,-16.457781083333153,-3.706995666667088,30.00471016666667,0.0025759033582020297,0.07985374279105736,equivalent
gen_utarget,u_target=0.9,rl301,edd,policy-vs-rule,60,60,3000.471016666667,2991.6407800000006,-8.83023666666641,-14.903524916666187,-3.285387583332751,30.00471016666667,0.06754708525463336,0.6754708525463337,equivalent
gen_utarget,u_target=0.9,v2rl305,edd,policy-vs-rule,60,60,3000.471016666667,2991.9940766666664,-8.476939999999825,-14.473404416665883,-3.448446916666761,30.00471016666667,0.012614038812042015,0.26074609800443926,equivalent
gen_utarget,u_target=0.9,v2rl302,edd,policy-vs-rule,60,60,3000.471016666667,2993.4771466666666,-6.993869999999934,-13.161413166666996,-1.9318527499997455,30.00471016666667,0.24770096759107896,1.0,equivalent
gen_utarget,u_target=0.9,v2rl306,edd,policy-vs-rule,60,60,3000.471016666667,2993.64152,-6.829496666666412,-13.058700666666056,-1.0860310833331706,30.00471016666667,0.20162934688866563,1.0,equivalent
gen_utarget,u_target=0.9,v2rl307,edd,policy-vs-rule,60,60,3000.471016666667,2993.9890733333327,-6.481943333333144,-12.025129166666929,-1.9261411666660506,30.00471016666667,0.05129684468648303,0.6315353601236617,equivalent
gen_utarget,u_target=0.9,v2rl308,edd,policy-vs-rule,60,60,3000.471016666667,2995.2900400000003,-5.180976666666849,-10.794049750000562,-0.6005185833331275,30.00471016666667,0.22471533650341335,1.0,equivalent
gen_utarget,u_target=0.9,v2rl304,edd,policy-vs-rule,60,60,3000.471016666667,2997.739743333333,-2.7312733333332733,-7.266671583333409,1.0853427500003414,30.00471016666667,0.6769123266802801,1.0,equivalent
gen_utarget,u_target=0.9,pfifo,edd,rule-vs-rule,60,60,3000.471016666667,3000.471016666667,0.0,0.0,0.0,30.00471016666667,1.0,1.0,equivalent
gen_utarget,u_target=0.9,v2at310,edd,policy-vs-rule,60,60,3000.471016666667,3005.028436666667,4.55741999999997,0.3545010833331776,9.434745999999919,30.00471016666667,0.242245382836086,1.0,equivalent
gen_utarget,u_target=0.9,v2at307,edd,policy-vs-rule,60,60,3000.471016666667,3008.8876033333336,8.416586666666813,3.608956666666842,14.243144500000032,30.00471016666667,0.0008879379453151352,0.031965766031344864,equivalent
gen_utarget,u_target=0.9,wmdd,edd,rule-vs-rule,60,60,3000.471016666667,3008.92093,8.44991333333323,4.741054999999743,12.660687666666458,30.00471016666667,6.97777990772386e-05,0.0004186667944634316,equivalent
gen_utarget,u_target=0.9,atc,edd,rule-vs-rule,60,60,3000.471016666667,3011.7549599999998,11.283943333333362,5.493442916666769,17.625020416666512,30.00471016666667,4.138725435993392e-05,0.0003724852892394053,equivalent
gen_utarget,u_target=0.9,v2at308,edd,policy-vs-rule,60,60,3000.471016666667,3022.1899733333335,21.718956666666884,12.614177250000044,31.91691316666677,30.00471016666667,2.230462599441737e-06,0.00012490590556873726,inconclusive
gen_utarget,u_target=0.9,v2at303,edd,policy-vs-rule,60,60,3000.471016666667,3026.2878900000005,25.81687333333354,15.53675400000016,36.945041583333776,30.00471016666667,3.767617606786766e-06,0.00020345135076648536,inconclusive
gen_utarget,u_target=0.9,v2rl309,edd,policy-vs-rule,60,60,3000.471016666667,3050.3211933333328,49.85017666666663,19.31382133333338,86.94011349999954,30.00471016666667,0.004879936568100848,0.1317582873387229,inconclusive
gen_utarget,u_target=0.9,v2at309,edd,policy-vs-rule,60,60,3000.471016666667,3060.1377099999995,59.666693333333434,31.375077333333987,92.32982775000012,30.00471016666667,1.36813350670845e-07,8.2088010402507e-06,worse
gen_utarget,u_target=0.9,v2rl303,edd,policy-vs-rule,60,60,3000.471016666667,3065.29547,64.82445333333344,35.815412666666845,98.27677691666652,30.00471016666667,1.8442277752621745e-05,0.0008987128408320768,worse
gen_utarget,u_target=0.9,rl303,edd,policy-vs-rule,60,60,3000.471016666667,3071.2015733333333,70.7305566666665,49.51707633333319,93.83666466666666,30.00471016666667,1.69973152848348e-09,1.104825493514262e-07,worse
gen_utarget,u_target=0.9,v2at304,edd,policy-vs-rule,60,60,3000.471016666667,3113.4813500000005,113.01033333333336,71.81888116666656,158.60921108333335,30.00471016666667,3.670538902169519e-10,2.4225556754318824e-08,worse
gen_utarget,u_target=0.9,v2at306,edd,policy-vs-rule,60,60,3000.471016666667,3126.6480633333335,126.1770466666665,81.51278374999946,176.70432491666642,30.00471016666667,7.721177213087002e-09,4.864341644244811e-07,worse
gen_utarget,u_target=0.9,rl302,edd,policy-vs-rule,60,60,3000.471016666667,3154.20148,153.7304633333332,78.19482750000009,238.39050258333322,30.00471016666667,0.0007660037549049143,0.02834213893148183,worse
gen_utarget,u_target=0.9,v2at305,edd,policy-vs-rule,60,60,3000.471016666667,3209.6515533333327,209.18053666666646,113.0649744166666,315.32819824999956,30.00471016666667,0.00035318048117166705,0.014127219246866681,worse
gen_utarget,u_target=0.9,wspt,edd,rule-vs-rule,60,60,3000.471016666667,3214.8376066666674,214.36659000000014,153.91781500000056,278.7519214166667,30.00471016666667,5.143753751233159e-11,7.715630626849738e-10,worse
gen_utarget,u_target=0.9,v2at301,edd,policy-vs-rule,60,60,3000.471016666667,4626.060289999999,1625.5892733333335,1221.8118347500006,2042.9177653333331,30.00471016666667,3.503864964208263e-10,2.4176668253037013e-08,worse
gen_utarget,u_target=0.9,random,edd,rule-vs-rule,60,60,3000.471016666667,4924.664566666667,1924.1935500000002,1496.2179640833328,2371.8902845,30.00471016666667,5.145276051717656e-10,6.174331262061187e-09,worse
gen_utarget,u_target=0.9,lpt,edd,rule-vs-rule,60,60,3000.471016666667,16524.004736666666,13523.533720000001,10714.114204750002,16358.838059166665,30.00471016666667,2.3900953516978203e-11,4.3021716330560765e-10,worse
gen_utarget,u_target=0.9,v2at302,wmdd,policy-vs-rule,60,60,3008.92093,2990.305363333334,-18.61556666666622,-28.40292300000011,-9.836213999999748,30.089209300000004,9.883085425419528e-05,0.004546219295692983,equivalent
gen_utarget,u_target=0.9,v2rl301,wmdd,policy-vs-rule,60,60,3008.92093,2990.81525,-18.105679999999786,-28.23020291666581,-9.374869166666638,30.089209300000004,0.0024799531054515997,0.07985374279105736,equivalent
gen_utarget,u_target=0.9,v2rl310,wmdd,policy-vs-rule,60,60,3008.92093,2990.9405066666664,-17.98042333333336,-28.188382333333823,-9.536175666666619,30.089209300000004,0.00020560406044598664,0.008840974599177426,equivalent
gen_utarget,u_target=0.9,rl301,wmdd,policy-vs-rule,60,60,3008.92093,2991.6407800000006,-17.28014999999964,-27.064245249999644,-8.425905833332921,30.089209300000004,0.01241648085735425,0.26074609800443926,equivalent
gen_utarget,u_target=0.9,v2rl305,wmdd,policy-vs-rule,60,60,3008.92093,2991.9940766666664,-16.926853333333057,-26.235017250000087,-8.729504666666292,30.089209300000004,0.00033968854623560665,0.013927230395659873,equivalent
gen_utarget,u_target=0.9,v2rl302,wmdd,policy-vs-rule,60,60,3008.92093,2993.4771466666666,-15.443783333333164,-24.690701833333083,-7.521708249999872,30.089209300000004,0.006360701273750994,0.16537823311752584,equivalent
gen_utarget,u_target=0.9,v2rl306,wmdd,policy-vs-rule,60,60,3008.92093,2993.64152,-15.279409999999642,-24.394025416665908,-7.183222749999893,30.089209300000004,0.01735451403225376,0.3123812525805677,equivalent
gen_utarget,u_target=0.9,v2rl307,wmdd,policy-vs-rule,60,60,3008.92093,2993.9890733333327,-14.931856666666373,-23.484493416666457,-7.704052333332623,30.089209300000004,0.0023836489846712065,0.07985374279105736,equivalent
gen_utarget,u_target=0.9,v2rl308,wmdd,policy-vs-rule,60,60,3008.92093,2995.2900400000003,-13.630890000000079,-22.133380833333263,-6.314131916666707,30.089209300000004,0.010656526918556173,0.245100119126792,equivalent
gen_utarget,u_target=0.9,v2rl304,wmdd,policy-vs-rule,60,60,3008.92093,2997.739743333333,-11.181186666666504,-18.305658499999584,-4.840413333332979,30.089209300000004,0.002605170010121772,0.07985374279105736,equivalent
gen_utarget,u_target=0.9,edd,wmdd,rule-vs-rule,60,60,3008.92093,3000.471016666667,-8.44991333333323,-12.728354749999848,-4.70731416666663,30.089209300000004,6.97777990772386e-05,0.0004186667944634316,equivalent
gen_utarget,u_target=0.9,pfifo,wmdd,rule-vs-rule,60,60,3008.92093,3000.471016666667,-8.44991333333323,-12.569090166666566,-4.752393166666778,30.089209300000004,6.97777990772386e-05,0.0004186667944634316,equivalent
gen_utarget,u_target=0.9,v2at310,wmdd,policy-vs-rule,60,60,3008.92093,3005.028436666667,-3.892493333333259,-8.376285083332984,0.22012375000023138,30.089209300000004,0.242245382836086,1.0,equivalent
gen_utarget,u_target=0.9,v2at307,wmdd,policy-vs-rule,60,60,3008.92093,3008.8876033333336,-0.03332666666641728,-4.579193916666392,4.627826750000294,30.089209300000004,0.44841267568410736,1.0,equivalent
gen_utarget,u_target=0.9,atc,wmdd,rule-vs-rule,60,60,3008.92093,3011.7549599999998,2.8340300000001313,-1.828552916666729,7.571183666667202,30.089209300000004,0.09292576873190468,0.27877730619571406,equivalent
gen_utarget,u_target=0.9,v2at308,wmdd,policy-vs-rule,60,60,3008.92093,3022.1899733333335,13.269043333333654,6.978544666666776,20.86577925000065,30.089209300000004,0.00012094090088461574,0.0054423405398077085,equivalent
gen_utarget,u_target=0.9,v2at303,wmdd,policy-vs-rule,60,60,3008.92093,3026.2878900000005,17.366960000000304,10.230841999999884,25.616251500000523,30.089209300000004,6.293665564863979e-06,0.00031468327824319894,equivalent
gen_utarget,u_target=0.9,v2rl309,wmdd,policy-vs-rule,60,60,3008.92093,3050.3211933333328,41.4002633333334,10.34161775000043,78.81133616666591,30.089209300000004,0.05819761786201184,0.6401737964821302,inconclusive
gen_utarget,u_target=0.9,v2at309,wmdd,policy-vs-rule,60,60,3008.92093,3060.1377099999995,51.21678000000021,21.6829113333342,84.99245408333337,30.089209300000004,0.006601425002511375,0.16537823311752584,inconclusive
gen_utarget,u_target=0.9,v2rl303,wmdd,policy-vs-rule,60,60,3008.92093,3065.29547,56.37454000000021,25.77496475000031,90.68260041666693,30.089209300000004,0.014256271373663577,0.27086915609960793,inconclusive
gen_utarget,u_target=0.9,rl303,wmdd,policy-vs-rule,60,60,3008.92093,3071.2015733333333,62.28064333333329,41.6596793333336,85.31513349999976,30.089209300000004,1.9601408282201147e-07,1.1564830886498676e-05,worse
gen_utarget,u_target=0.9,v2at304,wmdd,policy-vs-rule,60,60,3008.92093,3113.4813500000005,104.56042000000012,62.313828333333625,152.6243356666671,30.089209300000004,1.0314999763044887e-08,6.39529985308783e-07,worse
gen_utarget,u_target=0.9,v2at306,wmdd,policy-vs-rule,60,60,3008.92093,3126.6480633333335,117.72713333333327,73.30733174999993,168.24624666666637,30.089209300000004,1.0456552194408759e-08,6.39529985308783e-07,worse
gen_utarget,u_target=0.9,rl302,wmdd,policy-vs-rule,60,60,3008.92093,3154.20148,145.28054999999998,69.49316658333409,231.81710416666644,30.089209300000004,0.010161786691625643,0.24388288059901542,worse
gen_utarget,u_target=0.9,v2at305,wmdd,policy-vs-rule,60,60,3008.92093,3209.6515533333327,200.73062333333326,106.25204341666638,308.25419124999974,30.089209300000004,0.0030662038449953246,0.08891991150486442,worse
gen_utarget,u_target=0.9,wspt,wmdd,rule-vs-rule,60,60,3008.92093,3214.8376066666674,205.9166766666669,149.8631573333334,267.707085916667,30.089209300000004,5.143753751233159e-11,7.715630626849738e-10,worse
gen_utarget,u_target=0.9,v2at301,wmdd,policy-vs-rule,60,60,3008.92093,4626.060289999999,1617.1393600000004,1218.334568666667,2034.85255625,30.089209300000004,3.503864964208263e-10,2.4176668253037013e-08,worse
gen_utarget,u_target=0.9,random,wmdd,rule-vs-rule,60,60,3008.92093,4924.664566666667,1915.7436366666668,1488.109815416667,2367.5254367500006,30.089209300000004,5.145276051717656e-10,6.174331262061187e-09,worse
gen_utarget,u_target=0.9,lpt,wmdd,rule-vs-rule,60,60,3008.92093,16524.004736666666,13515.083806666664,10737.927470833334,16295.225735166663,30.089209300000004,2.3900953516978203e-11,4.3021716330560765e-10,worse
gen_utarget,u_target=1.0,rl301,atc,policy-vs-rule,60,60,3141.090583333333,3104.7001566666668,-36.39042666666616,-54.490862999999386,-20.599405166666415,31.41090583333333,2.363931532256878e-05,0.0011346871354833016,inconclusive
gen_utarget,u_target=1.0,v2at302,atc,policy-vs-rule,60,60,3141.090583333333,3107.801110000001,-33.28947333333306,-50.971076416665944,-17.058286999999748,31.41090583333333,0.0009204719192876615,0.036818876771506456,inconclusive
gen_utarget,u_target=1.0,v2rl310,atc,policy-vs-rule,60,60,3141.090583333333,3108.1841466666674,-32.90643666666639,-49.894993333332685,-17.441050249999844,31.41090583333333,0.001277789180877414,0.04727819969246432,inconclusive
gen_utarget,u_target=1.0,v2rl305,atc,policy-vs-rule,60,60,3141.090583333333,3108.8595066666667,-32.23107666666672,-48.73647675000033,-17.115702666666827,31.41090583333333,0.00030248157819483463,0.013309189440572723,inconclusive
gen_utarget,u_target=1.0,v2rl308,atc,policy-vs-rule,60,60,3141.090583333333,3113.1698966666672,-27.920686666666406,-43.691271666666324,-14.115974916666515,31.41090583333333,0.001609139571225135,0.053535399213557745,inconclusive
gen_utarget,u_target=1.0,v2rl307,atc,policy-vs-rule,60,60,3141.090583333333,3113.953936666667,-27.136646666666266,-42.220193083332475,-13.414536749999707,31.41090583333333,0.00237974812600189,0.07377219190605859,inconclusive
gen_utarget,u_target=1.0,v2rl302,atc,policy-vs-rule,60,60,3141.090583333333,3115.30158,-25.789003333333326,-41.5320317500002,-11.314169000000186,31.41090583333333,0.003509351719908419,0.08459075317504741,inconclusive
gen_utarget,u_target=1.0,v2rl306,atc,policy-vs-rule,60,60,3141.090583333333,3115.71928,-25.371303333333277,-41.093114333333574,-10.608248916666644,31.41090583333333,0.010554115371195164,0.14619405987906609,inconclusive
gen_utarget,u_target=1.0,v2rl304,atc,policy-vs-rule,60,60,3141.090583333333,3117.9107866666677,-23.17979666666628,-37.18585816666619,-10.178325833332904,31.41090583333333,0.0033836301270018963,0.08459075317504741,inconclusive
gen_utarget,u_target=1.0,v2rl301,atc,policy-vs-rule,60,60,3141.090583333333,3118.047176666667,-23.043406666666478,-37.665412666666484,-10.061070749999644,31.41090583333333,0.002057989407295614,0.06585566103345965,inconclusive
gen_utarget,u_target=1.0,edd,atc,rule-vs-rule,60,60,3141.090583333333,3120.22592,-20.864663333333233,-31.367668083333278,-11.200555083333454,31.41090583333333,6.598349333852976e-05,0.00039590096003117855,equivalent
gen_utarget,u_target=1.0,pfifo,atc,rule-vs-rule,60,60,3141.090583333333,3120.22592,-20.864663333333233,-31.331125333333397,-11.256529916666755,31.41090583333333,6.598349333852976e-05,0.00039590096003117855,equivalent
gen_utarget,u_target=1.0,v2at310,atc,policy-vs-rule,60,60,3141.090583333333,3126.658810000001,-14.431773333333059,-25.256550249999258,-5.020326666666593,31.41090583333333,0.003813335356353971,0.08459075317504741,equivalent
gen_utarget,u_target=1.0,v2at307,atc,policy-vs-rule,60,60,3141.090583333333,3134.974646666667,-6.11593666666675,-14.049708916666857,1.2809700833333975,31.41090583333333,0.09254540640638156,0.647817844844671,equivalent
gen_utarget,u_target=1.0,wmdd,atc,rule-vs-rule,60,60,3141.090583333333,3139.4984933333326,-1.5920900000001836,-7.404677083333553,3.8787634999999425,31.41090583333333,0.8151111910140539,1.0,equivalent
gen_utarget,u_target=1.0,v2at308,atc,policy-vs-rule,60,60,3141.090583333333,3153.165906666667,12.075323333333467,3.0706951666669626,21.766655499999914,31.41090583333333,0.01822554796567623,0.18298721575189414,equivalent
gen_utarget,u_target=1.0,v2at303,atc,policy-vs-rule,60,60,3141.090583333333,3170.673733333334,29.583150000000096,14.096315083333842,46.608142250000135,31.41090583333333,0.0030321944363549728,0.08357449505220496,inconclusive
gen_utarget,u_target=1.0,v2rl309,atc,policy-vs-rule,60,60,3141.090583333333,3242.6971466666664,101.6065633333333,53.12830441666614,157.90201733333348,31.41090583333333,2.1869030718061328e-05,0.0010715825051850051,worse
gen_utarget,u_target=1.0,v2rl303,atc,policy-vs-rule,60,60,3141.090583333333,3276.3831999999998,135.29261666666653,81.97667041666683,194.11828758333286,31.41090583333333,1.458314662261637e-05,0.0007291573311308185,worse
gen_utarget,u_target=1.0,v2at309,atc,policy-vs-rule,60,60,3141.090583333333,3280.8403899999994,139.74980666666661,66.58209183333364,229.06243683333344,31.41090583333333,0.003153172444408979,0.08357449505220496,worse
gen_utarget,u_target=1.0,v2at306,atc,policy-vs-rule,60,60,3141.090583333333,3295.9623516666666,154.87176833333316,105.6459958333334,211.68442979166574,31.41090583333333,5.615941931581683e-09,3.36956515894901e-07,worse
gen_utarget,u_target=1.0,v2at304,atc,policy-vs-rule,60,60,3141.090583333333,3376.2230583333335,235.13247500000023,149.12571750000058,338.53541991666657,31.41090583333333,1.6313755684305058e-08,9.461978296896934e-07,worse
gen_utarget,u_target=1.0,rl303,atc,policy-vs-rule,60,60,3141.090583333333,3464.59616,323.50557666666646,230.98706300000006,425.2144886666666,31.41090583333333,6.636372114102994e-10,4.313641874166946e-08,worse
gen_utarget,u_target=1.0,rl302,atc,policy-vs-rule,60,60,3141.090583333333,3467.79491,326.70432666666665,164.2189703333332,532.3929830833329,31.41090583333333,0.013682410497671289,0.16418892597205548,worse
gen_utarget,u_target=1.0,wspt,atc,rule-vs-rule,60,60,3141.090583333333,3527.015606666667,385.92502333333334,298.53486866666685,479.68477933333276,31.41090583333333,1.6295557943119345e-11,2.9332004297614823e-10,worse
gen_utarget,u_target=1.0,v2at305,atc,policy-vs-rule,60,60,3141.090583333333,3612.5492233333334,471.45864,277.41145175000014,696.5269558333333,31.41090583333333,5.751105014987242e-06,0.0002990574607793366,worse
gen_utarget,u_target=1.0,v2at301,atc,policy-vs-rule,60,60,3141.090583333333,6040.129153333333,2899.0385699999997,2158.5136821666665,3666.9705439166664,31.41090583333333,2.3900953516978203e-11,1.649165792671496e-09,worse
gen_utarget,u_target=1.0,random,atc,rule-vs-rule,60,60,3141.090583333333,8149.989089999999,5008.8985066666655,3956.2537409166653,6124.193874333332,31.41090583333333,3.5060510731588664e-11,4.2072612877906397e-10,worse
gen_utarget,u_target=1.0,lpt,atc,rule-vs-rule,60,60,3141.090583333333,29770.909659999998,26629.819076666667,21844.145344249995,31675.293883083326,31.41090583333333,1.6295557943119345e-11,2.9332004297614823e-10,worse
gen_utarget,u_target=1.0,rl301,edd,policy-vs-rule,60,60,3120.22592,3104.7001566666668,-15.525763333332922,-24.8658590833323,-7.452609333332778,31.2022592,0.0014190429084318188,0.051085544703545475,equivalent
gen_utarget,u_target=1.0,v2at302,edd,policy-vs-rule,60,60,3120.22592,3107.801110000001,-12.42480999999983,-20.92445849999991,-4.703228916666267,31.2022592,0.004245440731658124,0.0849088146331625,equivalent
gen_utarget,u_target=1.0,v2rl310,edd,policy-vs-rule,60,60,3120.22592,3108.1841466666674,-12.041773333333158,-19.87901341666662,-5.0480644166664765,31.2022592,0.003551333900584717,0.08459075317504741,equivalent
gen_utarget,u_target=1.0,v2rl305,edd,policy-vs-rule,60,60,3120.22592,3108.8595066666667,-11.36641333333349,-18.985995000000294,-4.485375000000243,31.2022592,0.004039824419099392,0.08483631280108724,equivalent
gen_utarget,u_target=1.0,v2rl308,edd,policy-vs-rule,60,60,3120.22592,3113.1698966666672,-7.0560233333331706,-13.733441250000261,-0.7615780000000005,31.2022592,0.02317811165427539,0.2086030048884785,equivalent
gen_utarget,u_target=1.0,v2rl307,edd,policy-vs-rule,60,60,3120.22592,3113.953936666667,-6.271983333333035,-12.778350916666307,-0.05747699999963997,31.2022592,0.07628861573611223,0.6103089258888978,equivalent
gen_utarget,u_target=1.0,v2rl302,edd,policy-vs-rule,60,60,3120.22592,3115.30158,-4.9243400000000905,-11.45261041666699,1.476960666666862,31.2022592,0.163853622838108,0.8639552184240177,equivalent
gen_utarget,u_target=1.0,v2rl306,edd,policy-vs-rule,60,60,3120.22592,3115.71928,-4.506640000000043,-11.621729000000208,2.2162105833333556,31.2022592,0.15737607169087242,0.8639552184240177,equivalent
gen_utarget,u_target=1.0,v2rl304,edd,policy-vs-rule,60,60,3120.22592,3117.9107866666677,-2.3151333333330446,-7.945392583333298,2.6205624166668784,31.2022592,0.6066712699901526,0.9986467939810795,equivalent
gen_utarget,u_target=1.0,v2rl301,edd,policy-vs-rule,60,60,3120.22592,3118.047176666667,-2.1787433333332418,-7.843109333333287,3.322242666666874,31.2022592,0.49932339699053974,0.9986467939810795,equivalent
gen_utarget,u_target=1.0,pfifo,edd,rule-vs-rule,60,60,3120.22592,3120.22592,0.0,0.0,0.0,31.2022592,1.0,1.0,equivalent
gen_utarget,u_target=1.0,v2at310,edd,policy-vs-rule,60,60,3120.22592,3126.658810000001,6.432890000000177,-0.1623028333332938,13.744048083333427,31.2022592,0.14399253640400295,0.8639552184240177,equivalent
gen_utarget,u_target=1.0,v2at307,edd,policy-vs-rule,60,60,3120.22592,3134.974646666667,14.748726666666483,5.928695999999689,24.618497416666717,31.2022592,0.00242825779123144,0.07377219190605859,equivalent
gen_utarget,u_target=1.0,wmdd,edd,rule-vs-rule,60,60,3120.22592,3139.4984933333326,19.27257333333305,10.675369166666421,28.894135333333168,31.2022592,4.009964816469138e-05,0.0003608968334822224,equivalent
gen_utarget,u_target=1.0,atc,edd,rule-vs-rule,60,60,3120.22592,3141.090583333333,20.864663333333233,11.318422500000047,31.60558749999977,31.2022592,6.598349333852976e-05,0.00039590096003117855,inconclusive
gen_utarget,u_target=1.0,v2at308,edd,policy-vs-rule,60,60,3120.22592,3153.165906666667,32.939986666666705,18.718155916666607,48.5851267500002,31.2022592,0.0003210168863901163,0.013803726114775,inconclusive
gen_utarget,u_target=1.0,v2at303,edd,policy-vs-rule,60,60,3120.22592,3170.673733333334,50.44781333333333,27.076421166666137,76.8816169166666,31.2022592,0.0001846678915275841,0.008494723010268868,inconclusive
gen_utarget,u_target=1.0,v2rl309,edd,policy-vs-rule,60,60,3120.22592,3242.6971466666664,122.47122666666652,75.72463799999981,177.2220186666666,31.2022592,6.4948539772039e-08,3.5721696874621447e-06,worse
gen_utarget,u_target=1.0,v2rl303,edd,policy-vs-rule,60,60,3120.22592,3276.3831999999998,156.1572799999998,102.98253116666663,215.8254759166664,31.2022592,2.444028419189526e-08,1.3686559147461347e-06,worse
gen_utarget,u_target=1.0,v2at309,edd,policy-vs-rule,60,60,3120.22592,3280.8403899999994,160.61446999999987,88.28649341666637,246.23400833333312,31.2022592,7.168039107084997e-08,3.870741117825899e-06,worse
gen_utarget,u_target=1.0,v2at306,edd,policy-vs-rule,60,60,3120.22592,3295.9623516666666,175.73643166666642,124.59894679166662,230.0350106666664,31.2022592,1.1635688520273068e-09,7.330483767772032e-08,worse
gen_utarget,u_target=1.0,v2at304,edd,policy-vs-rule,60,60,3120.22592,3376.2230583333335,255.99713833333345,169.54472050000024,357.0555951250004,31.2022592,4.059736481808147e-09,2.4764392539029696e-07,worse
gen_utarget,u_target=1.0,rl303,edd,policy-vs-rule,60,60,3120.22592,3464.59616,344.3702399999997,251.1146745,443.7049774999998,31.2022592,4.940698219171445e-10,3.260860824653153e-08,worse
gen_utarget,u_target=1.0,rl302,edd,policy-vs-rule,60,60,3120.22592,3467.79491,347.56898999999976,183.0867960000001,546.5441497499999,31.2022592,0.00046304923027993926,0.019448067671757448,worse
gen_utarget,u_target=1.0,wspt,edd,rule-vs-rule,60,60,3120.22592,3527.015606666667,406.7896866666666,313.6462527500002,507.6045922499998,31.2022592,1.6295557943119345e-11,2.9332004297614823e-10,worse
gen_utarget,u_target=1.0,v2at305,edd,policy-vs-rule,60,60,3120.22592,3612.5492233333334,492.32330333333334,300.63167391666667,721.8336314166664,31.2022592,1.3043975761800733e-08,7.695945699462433e-07,worse
gen_utarget,u_target=1.0,v2at301,edd,policy-vs-rule,60,60,3120.22592,6040.129153333333,2919.903233333333,2194.525533416667,3687.4715196666652,31.2022592,2.3900953516978203e-11,1.649165792671496e-09,worse
gen_utarget,u_target=1.0,random,edd,rule-vs-rule,60,60,3120.22592,8149.989089999999,5029.76317,3979.7332754999993,6192.263105499999,31.2022592,3.5060510731588664e-11,4.2072612877906397e-10,worse
gen_utarget,u_target=1.0,lpt,edd,rule-vs-rule,60,60,3120.22592,29770.909659999998,26650.683739999997,21757.283931416663,31574.756214833327,31.2022592,1.6295557943119345e-11,2.9332004297614823e-10,worse
gen_utarget,u_target=1.0,rl301,wmdd,policy-vs-rule,60,60,3139.4984933333326,3104.7001566666668,-34.79833666666597,-52.370373916665685,-18.82162816666666,31.394984933333326,0.00018857054669039856,0.008494723010268868,inconclusive
gen_utarget,u_target=1.0,v2at302,wmdd,policy-vs-rule,60,60,3139.4984933333326,3107.801110000001,-31.69738333333288,-49.089849249999915,-16.369128249999676,31.394984933333326,0.0014264408234965801,0.051085544703545475,inconclusive
gen_utarget,u_target=1.0,v2rl310,wmdd,policy-vs-rule,60,60,3139.4984933333326,3108.1841466666674,-31.314346666666207,-48.26827891666612,-16.387882999999356,31.394984933333326,0.0010535247881061122,0.04003394194803226,inconclusive
gen_utarget,u_target=1.0,v2rl305,wmdd,policy-vs-rule,60,60,3139.4984933333326,3108.8595066666667,-30.63898666666654,-46.80964499999943,-15.980355666666993,31.394984933333326,0.0008188224191846758,0.03357171918657171,inconclusive
gen_utarget,u_target=1.0,v2rl308,wmdd,policy-vs-rule,60,60,3139.4984933333326,3113.1698966666672,-26.32859666666622,-41.35560808333234,-13.035549249999857,31.394984933333326,0.0015745705651046395,0.053535399213557745,inconclusive
gen_utarget,u_target=1.0,v2rl307,wmdd,policy-vs-rule,60,60,3139.4984933333326,3113.953936666667,-25.544556666666086,-39.57463699999905,-12.621758999999667,31.394984933333326,0.0026149379061465774,0.07583319927825075,inconclusive
gen_utarget,u_target=1.0,v2rl302,wmdd,policy-vs-rule,60,60,3139.4984933333326,3115.30158,-24.196913333333143,-38.656529833332776,-10.99326574999925,31.394984933333326,0.004844244917669567,0.09204065343572178,inconclusive
gen_utarget,u_target=1.0,v2rl306,wmdd,policy-vs-rule,60,60,3139.4984933333326,3115.71928,-23.779213333333093,-39.198181416666,-9.885227166666581,31.394984933333326,0.01044243284850472,0.14619405987906609,inconclusive
gen_utarget,u_target=1.0,v2rl304,wmdd,policy-vs-rule,60,60,3139.4984933333326,3117.9107866666677,-21.587706666666097,-34.816809083331925,-9.874491416666256,31.394984933333326,0.00524338768355973,0.09299202243706567,inconclusive
gen_utarget,u_target=1.0,v2rl301,wmdd,policy-vs-rule,60,60,3139.4984933333326,3118.047176666667,-21.45131666666629,-34.74472433333244,-9.341374916666387,31.394984933333326,0.005166223468725871,0.09299202243706567,inconclusive
gen_utarget,u_target=1.0,edd,wmdd,rule-vs-rule,60,60,3139.4984933333326,3120.22592,-19.27257333333305,-28.926005166666087,-10.509608666666542,31.394984933333326,4.009964816469138e-05,0.0003608968334822224,equivalent
gen_utarget,u_target=1.0,pfifo,wmdd,rule-vs-rule,60,60,3139.4984933333326,3120.22592,-19.27257333333305,-28.94836858333239,-10.676197916666258,31.394984933333326,4.009964816469138e-05,0.0003608968334822224,equivalent
gen_utarget,u_target=1.0,v2at310,wmdd,policy-vs-rule,60,60,3139.4984933333326,3126.658810000001,-12.839683333332873,-22.29136466666643,-4.821142999999665,31.394984933333326,0.002984803394721606,0.08357449505220496,equivalent
gen_utarget,u_target=1.0,v2at307,wmdd,policy-vs-rule,60,60,3139.4984933333326,3134.974646666667,-4.523846666666566,-12.140636083333083,2.615940833333458,31.394984933333326,0.19765298606564796,0.8639552184240177,equivalent
gen_utarget,u_target=1.0,atc,wmdd,rule-vs-rule,60,60,3139.4984933333326,3141.090583333333,1.5920900000001836,-3.8219503333329956,7.38944450000017,31.394984933333326,0.8151111910140539,1.0,equivalent
gen_utarget,u_target=1.0,v2at308,wmdd,policy-vs-rule,60,60,3139.4984933333326,3153.165906666667,13.66741333333365,5.161175750000425,23.313784666666628,31.394984933333326,0.006569184106727758,0.09853776160091637,equivalent
gen_utarget,u_target=1.0,v2at303,wmdd,policy-vs-rule,60,60,3139.4984933333326,3170.673733333334,31.175240000000276,15.397659583333509,49.86008816666721,31.394984933333326,0.0010252294903404613,0.03998395012327799,inconclusive
gen_utarget,u_target=1.0,v2rl309,wmdd,policy-vs-rule,60,60,3139.4984933333326,3242.6971466666664,103.19865333333347,53.879075083334364,162.21645891666685,31.394984933333326,3.4932884819715804e-05,0.0016418455865266429,worse
gen_utarget,u_target=1.0,v2rl303,wmdd,policy-vs-rule,60,60,3139.4984933333326,3276.3831999999998,136.88470666666672,81.59865083333354,196.15376233333347,31.394984933333326,1.0105534192586328e-05,0.0005153822438219028,worse
gen_utarget,u_target=1.0,v2at309,wmdd,policy-vs-rule,60,60,3139.4984933333326,3280.8403899999994,141.34189666666677,68.33201766666691,229.8050481666669,31.394984933333326,0.005366084947406902,0.09299202243706567,worse
gen_utarget,u_target=1.0,v2at306,wmdd,policy-vs-rule,60,60,3139.4984933333326,3295.9623516666666,156.46385833333335,107.01038475000009,214.27818845833315,31.394984933333326,2.1335307568119577e-09,1.3227890692234137e-07,worse
gen_utarget,u_target=1.0,v2at304,wmdd,policy-vs-rule,60,60,3139.4984933333326,3376.2230583333335,236.7245650000004,149.12417941666737,339.50181304166733,31.394984933333326,1.7980842234090466e-08,1.0249080073431566e-06,worse
gen_utarget,u_target=1.0,rl303,wmdd,policy-vs-rule,60,60,3139.4984933333326,3464.59616,325.09766666666667,233.6708486666669,427.0936924999998,31.394984933333326,7.685258543072309e-10,4.918565467566278e-08,worse
gen_utarget,u_target=1.0,rl302,wmdd,policy-vs-rule,60,60,3139.4984933333326,3467.79491,328.29641666666674,163.02610608333373,532.2017487499994,31.394984933333326,0.016635201431990376,0.18298721575189414,worse
gen_utarget,u_target=1.0,wspt,wmdd,rule-vs-rule,60,60,3139.4984933333326,3527.015606666667,387.51711333333355,298.2002352500003,482.65679458333364,31.394984933333326,1.6295557943119345e-11,2.9332004297614823e-10,worse
gen_utarget,u_target=1.0,v2at305,wmdd,policy-vs-rule,60,60,3139.4984933333326,3612.5492233333334,473.05073000000027,275.38969350000036,695.5605161666667,31.394984933333326,1.9003987393009222e-06,0.00010072113318294888,worse
gen_utarget,u_target=1.0,v2at301,wmdd,policy-vs-rule,60,60,3139.4984933333326,6040.129153333333,2900.6306600000003,2172.9509149166665,3678.4630583333333,31.394984933333326,2.3900953516978203e-11,1.649165792671496e-09,worse
gen_utarget,u_target=1.0,random,wmdd,rule-vs-rule,60,60,3139.4984933333326,8149.989089999999,5010.4905966666665,3942.2954747499984,6152.844772333332,31.394984933333326,3.5060510731588664e-11,4.2072612877906397e-10,worse
gen_utarget,u_target=1.0,lpt,wmdd,rule-vs-rule,60,60,3139.4984933333326,29770.909659999998,26631.411166666665,21843.563081,31494.89293933333,31.394984933333326,1.6295557943119345e-11,2.9332004297614823e-10,worse
gen_utarget,u_target=1.1,rl301,atc,policy-vs-rule,60,60,3736.40786,3688.4963466666663,-47.91151333333385,-81.38683708333373,-18.122512833333516,37.3640786,0.004915551535570292,0.16221320067381964,inconclusive
gen_utarget,u_target=1.1,v2rl305,atc,policy-vs-rule,60,60,3736.40786,3691.86675,-44.54111000000054,-83.6011689166676,-4.06998666666693,37.3640786,0.005677714341630439,0.18168685893217404,inconclusive
gen_utarget,u_target=1.1,v2at302,atc,policy-vs-rule,60,60,3736.40786,3692.2680299999997,-44.13982999999994,-72.72584883333408,-18.802818500000082,37.3640786,0.0009186147969957985,0.03398874748884454,inconclusive
gen_utarget,u_target=1.1,v2rl310,atc,policy-vs-rule,60,60,3736.40786,3692.38104,-44.02682000000023,-86.35262866666672,2.6598842500003337,37.3640786,0.0009983393445953807,0.035940216405433704,inconclusive
gen_utarget,u_target=1.1,v2rl304,atc,policy-vs-rule,60,60,3736.40786,3695.7638099999995,-40.64405000000003,-67.56501024999963,-18.00573966666648,37.3640786,0.006544895661700574,0.2028917655127178,inconclusive
gen_utarget,u_target=1.1,pfifo,atc,rule-vs-rule,60,60,3736.40786,3698.8281899999997,-37.57967000000029,-61.10211416666666,-17.844341833333743,37.3640786,2.0219032078358267e-05,0.0001819712887052244,inconclusive
gen_utarget,u_target=1.1,edd,atc,rule-vs-rule,60,60,3736.40786,3699.834936666666,-36.57292333333362,-60.121241000001405,-16.520604916667033,37.3640786,2.2521036247396093e-05,0.0001819712887052244,inconclusive
gen_utarget,u_target=1.1,v2rl308,atc,policy-vs-rule,60,60,3736.40786,3700.3478600000003,-36.05999999999998,-70.80568150000005,-4.21459999999983,37.3640786,0.05415661628788324,1.0,inconclusive
gen_utarget,u_target=1.1,v2at310,atc,policy-vs-rule,60,60,3736.40786,3718.3501966666663,-18.05766333333333,-35.07177316666705,-3.7371541666673203,37.3640786,0.05641157794050247,1.0,equivalent
gen_utarget,u_target=1.1,v2rl307,atc,policy-vs-rule,60,60,3736.40786,3722.2297000000003,-14.178160000000098,-62.976452249999774,37.15615208333286,37.3640786,0.098203461108213,1.0,inconclusive
gen_utarget,u_target=1.1,v2rl302,atc,policy-vs-rule,60,60,3736.40786,3726.1474566666666,-10.260403333333022,-45.533112750000114,31.009102999999676,37.3640786,0.14462730132479232,1.0,inconclusive
gen_utarget,u_target=1.1,v2at307,atc,policy-vs-rule,60,60,3736.40786,3734.890516666667,-1.5173433333333284,-14.549407083333675,10.776737500000165,37.3640786,0.441158223886819,1.0,equivalent
gen_utarget,u_target=1.1,wmdd,atc,rule-vs-rule,60,60,3736.40786,3737.1529633333334,0.7451033333331907,-8.154435166666572,9.54802266666689,37.3640786,0.8185393095248638,1.0,equivalent
gen_utarget,u_target=1.1,v2rl301,atc,policy-vs-rule,60,60,3736.40786,3741.8924266666672,5.484566666666977,-37.58288249999982,55.74282850000144,37.3640786,0.30995962608799965,1.0,inconclusive
gen_utarget,u_target=1.1,v2rl306,atc,policy-vs-rule,60,60,3736.40786,3744.836483333333,8.42862333333304,-43.507968833332754,73.23780666666605,37.3640786,0.34451308897386745,1.0,inconclusive
gen_utarget,u_target=1.1,v2at303,atc,policy-vs-rule,60,60,3736.40786,3774.5763033333337,38.1684433333331,19.819167249999317,60.21571933333231,37.3640786,2.414391652769792e-05,0.0009899005776356146,inconclusive
gen_utarget,u_target=1.1,v2at308,atc,policy-vs-rule,60,60,3736.40786,3778.251296666667,41.843436666666854,18.506858916666783,71.78000433333283,37.3640786,0.0006106420186779496,0.023204396709762085,inconclusive
gen_utarget,u_target=1.1,v2at306,atc,policy-vs-rule,60,60,3736.40786,3945.444926666666,209.03706666666645,150.73956549999917,273.5941800000003,37.3640786,1.5076943763557494e-10,9.196935695770072e-09,worse
gen_utarget,u_target=1.1,v2at309,atc,policy-vs-rule,60,60,3736.40786,4037.686223333333,301.27836333333323,164.36763575000043,452.76390241666655,37.3640786,0.001013951411816003,0.035940216405433704,worse
gen_utarget,u_target=1.1,v2rl303,atc,policy-vs-rule,60,60,3736.40786,4155.03327,418.6254099999998,256.22002249999963,608.4836859166663,37.3640786,1.3112848345740091e-06,6.031910239040442e-05,worse
gen_utarget,u_target=1.1,v2rl309,atc,policy-vs-rule,60,60,3736.40786,4196.1345,459.7266399999999,309.7282189999996,626.7528782499998,37.3640786,9.745376089158193e-11,6.237040697061244e-09,worse
gen_utarget,u_target=1.1,v2at304,atc,policy-vs-rule,60,60,3736.40786,4217.017406666667,480.60954666666635,322.3667964999997,643.7020713749998,37.3640786,2.0119628588297057e-10,1.1468188295329322e-08,worse
gen_utarget,u_target=1.1,rl302,atc,policy-vs-rule,60,60,3736.40786,4478.806213333333,742.3983533333335,447.19971308333413,1072.5874030833336,37.3640786,0.0001706674586722307,0.006656030888216998,worse
gen_utarget,u_target=1.1,wspt,atc,rule-vs-rule,60,60,3736.40786,4509.238141666667,772.8302816666667,624.0627720416668,936.8909257499997,37.3640786,1.6295557943119345e-11,2.9332004297614823e-10,worse
gen_utarget,u_target=1.1,v2at305,atc,policy-vs-rule,60,60,3736.40786,4945.759529999999,1209.3516700000002,806.346757916667,1634.7830968333328,37.3640786,3.2664711036566538e-09,1.7312296849380266e-07,worse
gen_utarget,u_target=1.1,rl303,atc,policy-vs-rule,60,60,3736.40786,5063.400149999999,1326.9922899999983,989.4625216666653,1683.9602705833302,37.3640786,4.954008315515231e-10,2.6751644903782245e-08,worse
gen_utarget,u_target=1.1,v2at301,atc,policy-vs-rule,60,60,3736.40786,8464.521763333332,4728.113903333333,3580.056055916667,5897.524402416664,37.3640786,1.6295557943119345e-11,1.1243934980752348e-09,worse
gen_utarget,u_target=1.1,random,atc,rule-vs-rule,60,60,3736.40786,14661.981143333336,10925.573283333331,8899.136615333331,13037.650945249998,37.3640786,1.6295557943119345e-11,2.9332004297614823e-10,worse
gen_utarget,u_target=1.1,lpt,atc,rule-vs-rule,60,60,3736.40786,52750.15262333332,49013.744763333336,40751.92830491667,57116.983443749996,37.3640786,1.6295557943119345e-11,2.9332004297614823e-10,worse
gen_utarget,u_target=1.1,rl301,edd,policy-vs-rule,60,60,3699.834936666666,3688.4963466666663,-11.338590000000229,-30.925304333333685,10.32590866666658,36.998349366666666,0.22758485936587003,1.0,equivalent
gen_utarget,u_target=1.1,v2rl305,edd,policy-vs-rule,60,60,3699.834936666666,3691.86675,-7.968186666666916,-33.23518800000033,27.28044116666631,36.998349366666666,0.2525882922698065,1.0,equivalent
gen_utarget,u_target=1.1,v2at302,edd,policy-vs-rule,60,60,3699.834936666666,3692.2680299999997,-7.5669066666663145,-25.509431916665342,12.190832249999856,36.998349366666666,0.3202027778610119,1.0,equivalent
gen_utarget,u_target=1.1,v2rl310,edd,policy-vs-rule,60,60,3699.834936666666,3692.38104,-7.453896666666604,-35.78956366666631,36.36541449999997,36.998349366666666,0.047498192268905996,1.0,equivalent
gen_utarget,u_target=1.1,v2rl304,edd,policy-vs-rule,60,60,3699.834936666666,3695.7638099999995,-4.0711266666664105,-12.30271466666641,4.501883916667491,36.998349366666666,0.5525629281728892,1.0,equivalent
gen_utarget,u_target=1.1,pfifo,edd,rule-vs-rule,60,60,3699.834936666666,3698.8281899999997,-1.0067466666666671,-3.020240000000001,0.0,36.998349366666666,0.31731050786291415,0.9519315235887424,equivalent
gen_utarget,u_target=1.1,v2rl308,edd,policy-vs-rule,60,60,3699.834936666666,3700.3478600000003,0.5129233333336373,-21.66641583333359,28.94998825000009,36.998349366666666,0.5277561255172449,1.0,equivalent
gen_utarget,u_target=1.1,v2at310,edd,policy-vs-rule,60,60,3699.834936666666,3718.3501966666663,18.515260000000293,5.32319191666681,34.524992166667225,36.998349366666666,0.02455864369061137,0.6723812963962728,equivalent
gen_utarget,u_target=1.1,v2rl307,edd,policy-vs-rule,60,60,3699.834936666666,3722.2297000000003,22.394763333333525,-18.433993166665577,75.78517750000033,36.998349366666666,0.8185393095248638,1.0,inconclusive
gen_utarget,u_target=1.1,v2rl302,edd,policy-vs-rule,60,60,3699.834936666666,3726.1474566666666,26.3125200000006,-9.104593499999178,74.152719333334,36.998349366666666,0.8073691126849867,1.0,inconclusive
gen_utarget,u_target=1.1,v2at307,edd,policy-vs-rule,60,60,3699.834936666666,3734.890516666667,35.0555800000003,18.09177141666654,53.613559083333286,36.998349366666666,8.734429855530458e-06,0.0003755804837878097,inconclusive
gen_utarget,u_target=1.1,atc,edd,rule-vs-rule,60,60,3699.834936666666,3736.40786,36.57292333333362,16.42765708333331,60.018802000000036,36.998349366666666,2.2521036247396093e-05,0.0001819712887052244,inconclusive
gen_utarget,u_target=1.1,wmdd,edd,rule-vs-rule,60,60,3699.834936666666,3737.1529633333334,37.31802666666681,18.44591341666649,58.8810315,36.998349366666666,0.00019407449007020094,0.0009703724503510047,inconclusive
gen_utarget,u_target=1.1,v2rl301,edd,policy-vs-rule,60,60,3699.834936666666,3741.8924266666672,42.0574900000006,-6.398586749999447,103.33095983333307,36.998349366666666,0.29645951808280346,1.0,inconclusive
gen_utarget,u_target=1.1,v2rl306,edd,policy-vs-rule,60,60,3699.834936666666,3744.836483333333,45.00154666666666,-12.059734166666527,122.10589183333303,36.998349366666666,0.6213805358575619,1.0,inconclusive
gen_utarget,u_target=1.1,v2at303,edd,policy-vs-rule,60,60,3699.834936666666,3774.5763033333337,74.74136666666672,40.19308850000031,113.42677291666644,36.998349366666666,1.0709063694689745e-06,5.03325993650418e-05,worse
gen_utarget,u_target=1.1,v2at308,edd,policy-vs-rule,60,60,3699.834936666666,3778.251296666667,78.41636000000047,39.752694500000544,125.9985818333344,36.998349366666666,3.5802889004507225e-07,1.754341561220854e-05,worse
gen_utarget,u_target=1.1,v2at306,edd,policy-vs-rule,60,60,3699.834936666666,3945.444926666666,245.60999000000012,181.81977691666697,314.84961616666686,36.998349366666666,1.3688636356646112e-10,8.48695454112059e-09,worse
gen_utarget,u_target=1.1,v2at309,edd,policy-vs-rule,60,60,3699.834936666666,4037.686223333333,337.8512866666669,208.1355752500007,484.5852199166664,36.998349366666666,5.358061656374043e-08,2.679030828187021e-06,worse
gen_utarget,u_target=1.1,v2rl303,edd,policy-vs-rule,60,60,3699.834936666666,4155.03327,455.1983333333335,280.0045668333333,666.5172855833334,36.998349366666666,7.319306280667348e-09,3.7328462031403476e-07,worse
gen_utarget,u_target=1.1,v2rl309,edd,policy-vs-rule,60,60,3699.834936666666,4196.1345,496.2995633333336,336.0357923333335,675.3594085000001,36.998349366666666,1.6295557943119345e-11,1.1243934980752348e-09,worse
gen_utarget,u_target=1.1,v2at304,edd,policy-vs-rule,60,60,3699.834936666666,4217.017406666667,517.1824700000001,361.0267345000002,683.4761612083331,36.998349366666666,1.5821779595052358e-10,9.493067757031414e-09,worse
gen_utarget,u_target=1.1,rl302,edd,policy-vs-rule,60,60,3699.834936666666,4478.806213333333,778.9712766666672,481.81702233333425,1101.5965426666676,36.998349366666666,2.0713421580762392e-05,0.0008699637063920205,worse
gen_utarget,u_target=1.1,wspt,edd,rule-vs-rule,60,60,3699.834936666666,4509.238141666667,809.4032050000002,641.6017618750002,997.6482217083338,36.998349366666666,1.6295557943119345e-11,2.9332004297614823e-10,worse
gen_utarget,u_target=1.1,v2at305,edd,policy-vs-rule,60,60,3699.834936666666,4945.759529999999,1245.9245933333339,847.3496714166672,1672.4779809166669,36.998349366666666,3.5559781156110877e-10,1.9557879635860983e-08,worse
gen_utarget,u_target=1.1,rl303,edd,policy-vs-rule,60,60,3699.834936666666,5063.400149999999,1363.565213333332,1013.3732499999979,1725.1355884166649,36.998349366666666,1.1276582719676042e-10,7.104247113395907e-09,worse
gen_utarget,u_target=1.1,v2at301,edd,policy-vs-rule,60,60,3699.834936666666,8464.521763333332,4764.686826666667,3605.301827666666,5953.4274553333335,36.998349366666666,1.6295557943119345e-11,1.1243934980752348e-09,worse
gen_utarget,u_target=1.1,random,edd,rule-vs-rule,60,60,3699.834936666666,14661.981143333336,10962.146206666666,8899.010275500003,13009.501590333333,36.998349366666666,1.6295557943119345e-11,2.9332004297614823e-10,worse
gen_utarget,u_target=1.1,lpt,edd,rule-vs-rule,60,60,3699.834936666666,52750.15262333332,49050.31768666666,40745.39426699999,57310.05458441666,36.998349366666666,1.6295557943119345e-11,2.9332004297614823e-10,worse
gen_utarget,u_target=1.1,rl301,wmdd,policy-vs-rule,60,60,3737.1529633333334,3688.4963466666663,-48.65661666666704,-82.11505441666735,-18.26244450000008,37.37152963333334,0.2739240263084811,1.0,inconclusive
gen_utarget,u_target=1.1,v2rl305,wmdd,policy-vs-rule,60,60,3737.1529633333334,3691.86675,-45.286213333333734,-83.48872658333468,-5.4615351666671925,37.37152963333334,0.12559677728090787,1.0,inconclusive
gen_utarget,u_target=1.1,v2at302,wmdd,policy-vs-rule,60,60,3737.1529633333334,3692.2680299999997,-44.88493333333313,-73.1074899166663,-19.418421083333214,37.37152963333334,0.024013617728438314,0.6723812963962728,inconclusive
gen_utarget,u_target=1.1,v2rl310,wmdd,policy-vs-rule,60,60,3737.1529633333334,3692.38104,-44.77192333333342,-86.37257800000094,-1.0146600000000991,37.37152963333334,0.021058948242952798,0.6107094990456311,inconclusive
gen_utarget,u_target=1.1,v2rl304,wmdd,policy-vs-rule,60,60,3737.1529633333334,3695.7638099999995,-41.38915333333322,-66.25887033333254,-20.368372916666445,37.37152963333334,0.037355258504673215,0.9712367211215036,inconclusive
gen_utarget,u_target=1.1,pfifo,wmdd,rule-vs-rule,60,60,3737.1529633333334,3698.8281899999997,-38.32477333333348,-59.447930583334326,-19.51661583333358,37.37152963333334,0.0001565633285571863,0.0009393799713431179,inconclusive
gen_utarget,u_target=1.1,edd,wmdd,rule-vs-rule,60,60,3737.1529633333334,3699.834936666666,-37.31802666666681,-58.581044583333224,-18.535628333333364,37.37152963333334,0.00019407449007020094,0.0009703724503510047,inconclusive
gen_utarget,u_target=1.1,v2rl308,wmdd,policy-vs-rule,60,60,3737.1529633333334,3700.3478600000003,-36.80510333333318,-70.97557791666665,-3.6731774999998006,37.37152963333334,0.3986709137770713,1.0,inconclusive
gen_utarget,u_target=1.1,v2at310,wmdd,policy-vs-rule,60,60,3737.1529633333334,3718.3501966666663,-18.80276666666652,-33.22684241666583,-7.057173583333604,37.37152963333334,0.020017195369436427,0.6005158610830929,equivalent
gen_utarget,u_target=1.1,v2rl307,wmdd,policy-vs-rule,60,60,3737.1529633333334,3722.2297000000003,-14.923263333333288,-63.411168916666554,38.49358425000036,37.37152963333334,0.5066119849771247,1.0,inconclusive
gen_utarget,u_target=1.1,v2rl302,wmdd,policy-vs-rule,60,60,3737.1529633333334,3726.1474566666666,-11.005506666666212,-48.88675991666656,31.70833850000091,37.37152963333334,0.7688831502776781,1.0,inconclusive
gen_utarget,u_target=1.1,v2at307,wmdd,policy-vs-rule,60,60,3737.1529633333334,3734.890516666667,-2.262446666666519,-12.76761500000037,7.284099250000029,37.37152963333334,0.4622042223473982,1.0,equivalent
gen_utarget,u_target=1.1,atc,wmdd,rule-vs-rule,60,60,3737.1529633333334,3736.40786,-0.7451033333331907,-9.841001249999536,7.82476616666689,37.37152963333334,0.8185393095248638,1.0,equivalent
gen_utarget,u_target=1.1,v2rl301,wmdd,policy-vs-rule,60,60,3737.1529633333334,3741.8924266666672,4.739463333333786,-39.774242333332325,57.158522000001255,37.37152963333334,0.9252859228635083,1.0,inconclusive
gen_utarget,u_target=1.1,v2rl306,wmdd,policy-vs-rule,60,60,3737.1529633333334,3744.836483333333,7.683519999999849,-47.08440791666661,75.79732933333291,37.37152963333334,0.9850361569539915,1.0,inconclusive
gen_utarget,u_target=1.1,v2at303,wmdd,policy-vs-rule,60,60,3737.1529633333334,3774.5763033333337,37.42333999999991,18.85980208333303,58.62501099999964,37.37152963333334,2.1573328849428243e-06,9.707997982242709e-05,inconclusive
gen_utarget,u_target=1.1,v2at308,wmdd,policy-vs-rule,60,60,3737.1529633333334,3778.251296666667,41.09833333333366,16.818855083333766,74.41687350000113,37.37152963333334,5.921754360084566e-06,0.00026055719184372094,inconclusive
gen_utarget,u_target=1.1,v2at306,wmdd,policy-vs-rule,60,60,3737.1529633333334,3945.444926666666,208.2919633333333,148.86768800000084,273.5527553333317,37.37152963333334,2.2141376721762468e-10,1.2399170964186983e-08,worse
gen_utarget,u_target=1.1,v2at309,wmdd,policy-vs-rule,60,60,3737.1529633333334,4037.686223333333,300.5332600000001,165.31925283333317,451.95586091666615,37.37152963333334,0.001131301985717117,0.03846426751438198,worse
gen_utarget,u_target=1.1,v2rl303,wmdd,policy-vs-rule,60,60,3737.1529633333334,4155.03327,417.8803066666666,254.6885304166668,612.7785494999994,37.37152963333334,5.05592656102171e-07,2.4268447492904208e-05,worse
gen_utarget,u_target=1.1,v2rl309,wmdd,policy-vs-rule,60,60,3737.1529633333334,4196.1345,458.9815366666668,306.5395197500004,628.6973585000005,37.37152963333334,6.272166049929201e-11,4.076907932453981e-09,worse
gen_utarget,u_target=1.1,v2at304,wmdd,policy-vs-rule,60,60,3737.1529633333334,4217.017406666667,479.8644433333332,322.3757806666668,655.0915397499992,37.37152963333334,1.742088718600998e-10,1.0278323439745888e-08,worse
gen_utarget,u_target=1.1,rl302,wmdd,policy-vs-rule,60,60,3737.1529633333334,4478.806213333333,741.6532500000004,444.4288235000005,1071.8855039166665,37.37152963333334,0.00010140401371014285,0.004056160548405714,worse
gen_utarget,u_target=1.1,wspt,wmdd,rule-vs-rule,60,60,3737.1529633333334,4509.238141666667,772.0851783333333,616.4664126666663,937.5132433333326,37.37152963333334,1.6295557943119345e-11,2.9332004297614823e-10,worse
gen_utarget,u_target=1.1,v2at305,wmdd,policy-vs-rule,60,60,3737.1529633333334,4945.759529999999,1208.6065666666666,805.2761479166668,1637.3950238333334,37.37152963333334,6.459939526707243e-09,3.359168553887766e-07,worse
gen_utarget,u_target=1.1,rl303,wmdd,policy-vs-rule,60,60,3737.1529633333334,5063.400149999999,1326.2471866666647,990.9353849166652,1689.936867499997,37.37152963333334,1.8278611114425503e-10,1.0601594446366791e-08,worse
gen_utarget,u_target=1.1,v2at301,wmdd,policy-vs-rule,60,60,3737.1529633333334,8464.521763333332,4727.368799999999,3588.087928,5913.75613325,37.37152963333334,1.6295557943119345e-11,1.1243934980752348e-09,worse
gen_utarget,u_target=1.1,random,wmdd,rule-vs-rule,60,60,3737.1529633333334,14661.981143333336,10924.82818,8856.774145,12990.777149833337,37.37152963333334,1.6295557943119345e-11,2.9332004297614823e-10,worse
gen_utarget,u_target=1.1,lpt,wmdd,rule-vs-rule,60,60,3737.1529633333334,52750.15262333332,49012.99966,40623.243743499996,57256.39449016666,37.37152963333334,1.6295557943119345e-11,2.9332004297614823e-10,worse
gen_utarget,u_target=1.3,v2rl304,atc,policy-vs-rule,60,60,4641.9146783333335,4569.811140000001,-72.10353833333374,-134.70350316666693,-9.248994250000234,46.41914678333334,0.009266681419844637,0.2780004425953391,inconclusive
gen_utarget,u_target=1.3,v2rl308,atc,policy-vs-rule,60,60,4641.9146783333335,4575.152563333334,-66.76211499999971,-132.7593298749992,-0.6220143750000681,46.41914678333334,0.030382385933825584,0.8203244202132908,inconclusive
gen_utarget,u_target=1.3,v2rl310,atc,policy-vs-rule,60,60,4641.9146783333335,4587.819350000001,-54.09532833333348,-110.37632154166697,-0.12838116666686275,46.41914678333334,0.0804722223705682,1.0,inconclusive
gen_utarget,u_target=1.3,edd,atc,rule-vs-rule,60,60,4641.9146783333335,4591.817011666667,-50.097666666667344,-120.90754270833506,35.053152291666045,46.41914678333334,0.0010775558816488004,0.009698002934839203,inconclusive
gen_utarget,u_target=1.3,pfifo,atc,rule-vs-rule,60,60,4641.9146783333335,4591.840934999999,-50.073743333334214,-121.5485096250023,35.23581720833265,46.41914678333334,0.0010775558816488004,0.009698002934839203,inconclusive
gen_utarget,u_target=1.3,v2at310,atc,policy-vs-rule,60,60,4641.9146783333335,4604.906103333333,-37.00857500000017,-104.28993720833455,41.35574233333419,46.41914678333334,0.0035018420165831266,0.11205894453066005,inconclusive
gen_utarget,u_target=1.3,rl301,atc,policy-vs-rule,60,60,4641.9146783333335,4611.499273333335,-30.41540499999983,-104.7231060416666,57.53834158333385,46.41914678333334,0.06586876918987035,1.0,inconclusive
gen_utarget,u_target=1.3,wmdd,atc,rule-vs-rule,60,60,4641.9146783333335,4629.958246666666,-11.956431666667564,-33.04676083333447,7.334249749999031,46.41914678333334,0.008846078582778921,0.02653823574833676,equivalent
gen_utarget,u_target=1.3,v2at307,atc,policy-vs-rule,60,60,4641.9146783333335,4671.939976666666,30.025298333332938,-4.9103019166670885,67.31431237500023,46.41914678333334,0.033557989080058644,0.8725077160815248,inconclusive
gen_utarget,u_target=1.3,v2rl305,atc,policy-vs-rule,60,60,4641.9146783333335,4691.920576666666,50.00589833333251,-49.56370104166714,167.00969174999847,46.41914678333334,0.48692639585837794,1.0,inconclusive
gen_utarget,u_target=1.3,v2at302,atc,policy-vs-rule,60,60,4641.9146783333335,4746.2963966666675,104.38171833333311,-9.132784083333554,241.85894637500033,46.41914678333334,0.8394454964160425,1.0,inconclusive
gen_utarget,u_target=1.3,v2at308,atc,policy-vs-rule,60,60,4641.9146783333335,4775.897573333334,133.98289499999944,82.09349125000021,191.7121156249997,46.41914678333334,8.521418918061298e-05,0.003067710810502067,worse
gen_utarget,u_target=1.3,v2rl302,atc,policy-vs-rule,60,60,4641.9146783333335,4782.6672566666675,140.7525783333327,15.30610133333321,294.3558178333323,46.41914678333334,0.49191858571636415,1.0,inconclusive
gen_utarget,u_target=1.3,v2rl307,atc,policy-vs-rule,60,60,4641.9146783333335,4801.447766666667,159.53308833333293,22.594319166666935,335.9196691666659,46.41914678333334,0.44799172662692044,1.0,inconclusive
gen_utarget,u_target=1.3,v2rl306,atc,policy-vs-rule,60,60,4641.9146783333335,4833.338326666667,191.42364833333315,19.832504041665914,405.4654476666675,46.41914678333334,0.5070584786814771,1.0,inconclusive
gen_utarget,u_target=1.3,v2at303,atc,policy-vs-rule,60,60,4641.9146783333335,4872.377051666666,230.46237333333312,155.91982212499985,313.13869045833303,46.41914678333334,3.2926346206531915e-08,1.4816855792939361e-06,worse
gen_utarget,u_target=1.3,v2rl301,atc,policy-vs-rule,60,60,4641.9146783333335,4921.236033333333,279.3213549999998,101.15295333333316,497.17764770833486,46.41914678333334,0.043170622829296824,1.0,worse
gen_utarget,u_target=1.3,v2at306,atc,policy-vs-rule,60,60,4641.9146783333335,5314.826336666666,672.911658333333,537.053014166666,810.9631371666669,46.41914678333334,1.3116706248915898e-09,6.296018999479631e-08,worse
gen_utarget,u_target=1.3,v2at309,atc,policy-vs-rule,60,60,4641.9146783333335,5654.2974,1012.3827216666664,606.6431606249994,1469.6562489999994,46.41914678333334,0.0002842235335029564,0.009947823672603474,worse
gen_utarget,u_target=1.3,v2at304,atc,policy-vs-rule,60,60,4641.9146783333335,6144.289065,1502.3743866666666,1111.7857045833332,1925.1307951249998,46.41914678333334,2.679770894249959e-10,1.4202785739524782e-08,worse
gen_utarget,u_target=1.3,wspt,atc,rule-vs-rule,60,60,4641.9146783333335,6802.922753333333,2161.0080749999997,1846.1193917499997,2489.1846747499994,46.41914678333334,1.6295557943119345e-11,2.9332004297614823e-10,worse
gen_utarget,u_target=1.3,v2rl309,atc,policy-vs-rule,60,60,4641.9146783333335,6849.453018333335,2207.5383400000005,1678.9929442500008,2779.0401743750012,46.41914678333334,1.6295557943119345e-11,1.1243934980752348e-09,worse
gen_utarget,u_target=1.3,rl302,atc,policy-vs-rule,60,60,4641.9146783333335,6927.335416666667,2285.420738333333,1588.664082458333,3040.1950477916657,46.41914678333334,1.1100756519178191e-07,4.773325303246622e-06,worse
gen_utarget,u_target=1.3,v2rl303,atc,policy-vs-rule,60,60,4641.9146783333335,7135.676103333333,2493.7614249999992,1882.634360833332,3170.5955662083315,46.41914678333334,1.8964365613380834e-11,1.1243934980752348e-09,worse
gen_utarget,u_target=1.3,v2at305,atc,policy-vs-rule,60,60,4641.9146783333335,8296.763728333333,3654.8490499999984,2673.3758926250002,4726.312385624999,46.41914678333334,2.8103691851533563e-10,1.4613919762797453e-08,worse
gen_utarget,u_target=1.3,rl303,atc,policy-vs-rule,60,60,4641.9146783333335,9594.486271666663,4952.571593333331,3884.731170166666,6058.684457249996,46.41914678333334,1.6295557943119345e-11,1.1243934980752348e-09,worse
gen_utarget,u_target=1.3,v2at301,atc,policy-vs-rule,60,60,4641.9146783333335,13023.348065000002,8381.433386666666,6365.327302458334,10470.650197458335,46.41914678333334,1.6295557943119345e-11,1.1243934980752348e-09,worse
gen_utarget,u_target=1.3,random,atc,rule-vs-rule,60,60,4641.9146783333335,36141.300443333326,31499.385764999988,26221.134509374995,36756.28083508332,46.41914678333334,1.6295557943119345e-11,2.9332004297614823e-10,worse
gen_utarget,u_target=1.3,lpt,atc,rule-vs-rule,60,60,4641.9146783333335,113533.62471666667,108891.71003833335,91496.6769418333,126303.71965737501,46.41914678333334,1.6295557943119345e-11,2.9332004297614823e-10,worse
gen_utarget,u_target=1.3,v2rl304,edd,policy-vs-rule,60,60,4591.817011666667,4569.811140000001,-22.00587166666639,-53.981320583332995,3.3202867916667715,45.91817011666667,0.16061131553141894,1.0,inconclusive
gen_utarget,u_target=1.3,v2rl308,edd,policy-vs-rule,60,60,4591.817011666667,4575.152563333334,-16.664448333332352,-64.7741421666659,35.343207583333225,45.91817011666667,0.3066943509582656,1.0,inconclusive
gen_utarget,u_target=1.3,v2rl310,edd,policy-vs-rule,60,60,4591.817011666667,4587.819350000001,-3.997661666666131,-58.72298137499976,46.710525666666776,45.91817011666667,0.9026168724545751,1.0,inconclusive
gen_utarget,u_target=1.3,pfifo,edd,rule-vs-rule,60,60,4591.817011666667,4591.840934999999,0.023923333333126115,-0.09761266666683391,0.15779999999970945,45.91817011666667,0.7150006546880893,0.7150006546880893,equivalent
gen_utarget,u_target=1.3,v2at310,edd,policy-vs-rule,60,60,4591.817011666667,4604.906103333333,13.089091666667192,-2.1017495833329956,32.683699708333705,45.91817011666667,0.5463387504673842,1.0,equivalent
gen_utarget,u_target=1.3,rl301,edd,policy-vs-rule,60,60,4591.817011666667,4611.499273333335,19.682261666667532,-22.72014066666727,72.03843779166702,45.91817011666667,0.7074924815262489,1.0,inconclusive
gen_utarget,u_target=1.3,wmdd,edd,rule-vs-rule,60,60,4591.817011666667,4629.958246666666,38.14123499999979,-44.45761675000021,104.99420862500048,45.91817011666667,0.0017372500486610586,0.010423500291966351,inconclusive
gen_utarget,u_target=1.3,atc,edd,rule-vs-rule,60,60,4591.817011666667,4641.9146783333335,50.097666666667344,-33.56516391666633,120.43175775000066,45.91817011666667,0.0010775558816488004,0.009698002934839203,inconclusive
gen_utarget,u_target=1.3,v2at307,edd,policy-vs-rule,60,60,4591.817011666667,4671.939976666666,80.12296500000029,17.917282041667406,139.97888487500006,45.91817011666667,1.5953235614504755e-05,0.0006221761889656854,inconclusive
gen_utarget,u_target=1.3,v2rl305,edd,policy-vs-rule,60,60,4591.817011666667,4691.920576666666,100.10356499999986,21.290585750000364,200.2575856666656,45.91817011666667,0.21496609716428117,1.0,inconclusive
gen_utarget,u_target=1.3,v2at302,edd,policy-vs-rule,60,60,4591.817011666667,4746.2963966666675,154.47938500000046,44.54332666666672,294.48124545833366,45.91817011666667,0.07164176726272269,1.0,inconclusive
gen_utarget,u_target=1.3,v2at308,edd,policy-vs-rule,60,60,4591.817011666667,4775.897573333334,184.08056166666677,79.51739445833326,291.2021417083335,45.91817011666667,1.0483941524191523e-06,4.2984160249185246e-05,worse
gen_utarget,u_target=1.3,v2rl302,edd,policy-vs-rule,60,60,4591.817011666667,4782.6672566666675,190.85024500000006,46.38131679166639,369.20195058333377,45.91817011666667,0.08975839359138074,1.0,worse
gen_utarget,u_target=1.3,v2rl307,edd,policy-vs-rule,60,60,4591.817011666667,4801.447766666667,209.63075500000028,98.37029620833418,338.818466083334,45.91817011666667,0.0014118039568645842,0.04800133453339586,worse
gen_utarget,u_target=1.3,v2rl306,edd,policy-vs-rule,60,60,4591.817011666667,4833.338326666667,241.52131500000056,98.59845141666791,424.5743597916669,45.91817011666667,0.001934795894248923,0.06384826451021446,worse
gen_utarget,u_target=1.3,v2at303,edd,policy-vs-rule,60,60,4591.817011666667,4872.377051666666,280.56004000000047,159.2169013750002,400.9760949166675,45.91817011666667,1.6955032708522425e-07,7.1211137375794185e-06,worse
gen_utarget,u_target=1.3,v2rl301,edd,policy-vs-rule,60,60,4591.817011666667,4921.236033333333,329.4190216666672,131.32820116666673,570.889976583336,45.91817011666667,7.615589008936385e-05,0.002817767933306462,worse
gen_utarget,u_target=1.3,v2at306,edd,policy-vs-rule,60,60,4591.817011666667,5314.826336666666,723.0093250000002,566.237413291667,876.6602675833346,45.91817011666667,7.899273547265943e-10,3.949636773632971e-08,worse
gen_utarget,u_target=1.3,v2at309,edd,policy-vs-rule,60,60,4591.817011666667,5654.2974,1062.4803883333336,684.1540742500001,1494.9220783333342,45.91817011666667,1.1967087534917336e-09,5.8638728921094946e-08,worse
gen_utarget,u_target=1.3,v2at304,edd,policy-vs-rule,60,60,4591.817011666667,6144.289065,1552.4720533333339,1160.4999441666669,1964.5162983333332,45.91817011666667,4.66436967744965e-11,2.6586907161463003e-09,worse
gen_utarget,u_target=1.3,wspt,edd,rule-vs-rule,60,60,4591.817011666667,6802.922753333333,2211.1057416666667,1853.6891862916664,2566.3353416250015,45.91817011666667,1.6295557943119345e-11,2.9332004297614823e-10,worse
gen_utarget,u_target=1.3,v2rl309,edd,policy-vs-rule,60,60,4591.817011666667,6849.453018333335,2257.636006666668,1692.3835765000013,2877.8442972083353,45.91817011666667,1.6295557943119345e-11,1.1243934980752348e-09,worse
gen_utarget,u_target=1.3,rl302,edd,policy-vs-rule,60,60,4591.817011666667,6927.335416666667,2335.5184050000007,1620.499972541666,3080.967413374999,45.91817011666667,3.5478009505865103e-09,1.66746644677566e-07,worse
gen_utarget,u_target=1.3,v2rl303,edd,policy-vs-rule,60,60,4591.817011666667,7135.676103333333,2543.8590916666667,1893.389935458334,3256.7514421666665,45.91817011666667,1.7141493981716166e-11,1.1243934980752348e-09,worse
gen_utarget,u_target=1.3,v2at305,edd,policy-vs-rule,60,60,4591.817011666667,8296.763728333333,3704.9467166666664,2681.5632276666665,4748.339403958332,45.91817011666667,1.3688636356646112e-10,7.528749996155361e-09,worse
gen_utarget,u_target=1.3,rl303,edd,policy-vs-rule,60,60,4591.817011666667,9594.486271666663,5002.669259999999,3943.629681291667,6096.738657583331,45.91817011666667,1.6295557943119345e-11,1.1243934980752348e-09,worse
gen_utarget,u_target=1.3,v2at301,edd,policy-vs-rule,60,60,4591.817011666667,13023.348065000002,8431.531053333334,6364.6001505,10560.764796708334,45.91817011666667,2.8351372108013892e-11,1.6443795822648057e-09,worse
gen_utarget,u_target=1.3,random,edd,rule-vs-rule,60,60,4591.817011666667,36141.300443333326,31549.48343166666,26268.661289666663,36780.941862874985,45.91817011666667,1.6295557943119345e-11,2.9332004297614823e-10,worse
gen_utarget,u_target=1.3,lpt,edd,rule-vs-rule,60,60,4591.817011666667,113533.62471666667,108941.80770499998,91405.30569754167,126471.11702504166,45.91817011666667,1.6295557943119345e-11,2.9332004297614823e-10,worse
gen_utarget,u_target=1.3,v2rl304,wmdd,policy-vs-rule,60,60,4629.958246666666,4569.811140000001,-60.14710666666619,-119.28204266666698,2.0178405000003696,46.29958246666666,0.05735433725391764,1.0,inconclusive
gen_utarget,u_target=1.3,v2rl308,wmdd,policy-vs-rule,60,60,4629.958246666666,4575.152563333334,-54.80568333333214,-122.28075349999702,9.72422983333383,46.29958246666666,0.1617477547377998,1.0,inconclusive
gen_utarget,u_target=1.3,v2rl310,wmdd,policy-vs-rule,60,60,4629.958246666666,4587.819350000001,-42.13889666666592,-98.5435013333318,11.46894358333347,46.29958246666666,0.20610511683896904,1.0,inconclusive
gen_utarget,u_target=1.3,edd,wmdd,rule-vs-rule,60,60,4629.958246666666,4591.817011666667,-38.14123499999979,-107.57004174999992,45.97755416666699,46.29958246666666,0.0017372500486610586,0.010423500291966351,inconclusive
gen_utarget,u_target=1.3,pfifo,wmdd,rule-vs-rule,60,60,4629.958246666666,4591.840934999999,-38.11731166666666,-104.84564808333292,46.65619233333321,46.29958246666666,0.0017372500486610586,0.010423500291966351,inconclusive
gen_utarget,u_target=1.3,v2at310,wmdd,policy-vs-rule,60,60,4629.958246666666,4604.906103333333,-25.052143333332605,-92.33915299999889,54.82325733333372,46.29958246666666,0.018976438385410015,0.5313402747914804,inconclusive
gen_utarget,u_target=1.3,rl301,wmdd,policy-vs-rule,60,60,4629.958246666666,4611.499273333335,-18.458973333332263,-96.49694916666594,72.70399941666801,46.29958246666666,0.22111725090854328,1.0,inconclusive
gen_utarget,u_target=1.3,atc,wmdd,rule-vs-rule,60,60,4629.958246666666,4641.9146783333335,11.956431666667564,-6.990439541665928,33.71016175000068,46.29958246666666,0.008846078582778921,0.02653823574833676,equivalent
gen_utarget,u_target=1.3,v2at307,wmdd,policy-vs-rule,60,60,4629.958246666666,4671.939976666666,41.9817300000005,9.800826749999853,77.5960031666691,46.29958246666666,0.00883369398743928,0.2738445136106177,inconclusive
gen_utarget,u_target=1.3,v2rl305,wmdd,policy-vs-rule,60,60,4629.958246666666,4691.920576666666,61.96233000000007,-36.331169083333,181.15108799999976,46.29958246666666,0.9066225825523561,1.0,inconclusive
gen_utarget,u_target=1.3,v2at302,wmdd,policy-vs-rule,60,60,4629.958246666666,4746.2963966666675,116.33815000000068,0.7256723333357481,252.2590416666661,46.29958246666666,0.8210296924286358,1.0,inconclusive
gen_utarget,u_target=1.3,v2at308,wmdd,policy-vs-rule,60,60,4629.958246666666,4775.897573333334,145.939326666667,88.80091591666681,211.30915424999978,46.29958246666666,5.199402396393858e-06,0.0002079760958557543,worse
gen_utarget,u_target=1.3,v2rl302,wmdd,policy-vs-rule,60,60,4629.958246666666,4782.6672566666675,152.70901000000023,24.65461816666711,304.5805511666662,46.29958246666666,0.12921172765838138,1.0,inconclusive
gen_utarget,u_target=1.3,v2rl307,wmdd,policy-vs-rule,60,60,4629.958246666666,4801.447766666667,171.4895200000005,34.25088516666772,352.0680084166667,46.29958246666666,0.2407971089253762,1.0,inconclusive
gen_utarget,u_target=1.3,v2rl306,wmdd,policy-vs-rule,60,60,4629.958246666666,4833.338326666667,203.38008000000076,27.5767233333341,427.55975466666695,46.29958246666666,0.25801131709619407,1.0,inconclusive
gen_utarget,u_target=1.3,v2at303,wmdd,policy-vs-rule,60,60,4629.958246666666,4872.377051666666,242.41880500000067,163.90998170833416,331.75706004166756,46.29958246666666,2.1239596585799573e-08,9.770214429467804e-07,worse
gen_utarget,u_target=1.3,v2rl301,wmdd,policy-vs-rule,60,60,4629.958246666666,4921.236033333333,291.2777866666674,101.19030375000035,511.4952794166676,46.29958246666666,0.0157569530406571,0.4569516381790559,worse
gen_utarget,u_target=1.3,v2at306,wmdd,policy-vs-rule,60,60,4629.958246666666,5314.826336666666,684.8680900000006,548.3399144583341,827.8912972500012,46.29958246666666,4.509772286257968e-10,2.2999838659915636e-08,worse
gen_utarget,u_target=1.3,v2at309,wmdd,policy-vs-rule,60,60,4629.958246666666,5654.2974,1024.339153333334,609.1176087500006,1475.573029,46.29958246666666,5.479833412881591e-05,0.0020823366968950045,worse
gen_utarget,u_target=1.3,v2at304,wmdd,policy-vs-rule,60,60,4629.958246666666,6144.289065,1514.3308183333343,1109.1426979583339,1947.4960010000007,46.29958246666666,1.0741730388842177e-10,6.015369017751619e-09,worse
gen_utarget,u_target=1.3,wspt,wmdd,rule-vs-rule,60,60,4629.958246666666,6802.922753333333,2172.964506666667,1860.483377208334,2496.2117614583335,46.29958246666666,1.6295557943119345e-11,2.9332004297614823e-10,worse
gen_utarget,u_target=1.3,v2rl309,wmdd,policy-vs-rule,60,60,4629.958246666666,6849.453018333335,2219.494771666669,1685.4607291666682,2813.335103916668,46.29958246666666,1.6295557943119345e-11,1.1243934980752348e-09,worse
gen_utarget,u_target=1.3,rl302,wmdd,policy-vs-rule,60,60,4629.958246666666,6927.335416666667,2297.37717,1576.5334969166672,3083.840657000001,46.29958246666666,6.275145279907656e-08,2.7610639231593686e-06,worse
gen_utarget,u_target=1.3,v2rl303,wmdd,policy-vs-rule,60,60,4629.958246666666,7135.676103333333,2505.7178566666676,1886.790962,3186.0269382500005,46.29958246666666,1.7141493981716166e-11,1.1243934980752348e-09,worse
gen_utarget,u_target=1.3,v2at305,wmdd,policy-vs-rule,60,60,4629.958246666666,8296.763728333333,3666.805481666666,2656.961509958334,4745.107084958332,46.29958246666666,2.55510608922137e-10,1.3797572881795398e-08,worse
gen_utarget,u_target=1.3,rl303,wmdd,policy-vs-rule,60,60,4629.958246666666,9594.486271666663,4964.528024999998,3893.8271405416667,6051.886531666664,46.29958246666666,1.6295557943119345e-11,1.1243934980752348e-09,worse
gen_utarget,u_target=1.3,v2at301,wmdd,policy-vs-rule,60,60,4629.958246666666,13023.348065000002,8393.389818333333,6382.618162166668,10554.655766166667,46.29958246666666,1.6295557943119345e-11,1.1243934980752348e-09,worse
gen_utarget,u_target=1.3,random,wmdd,rule-vs-rule,60,60,4629.958246666666,36141.300443333326,31511.342196666657,26247.70484591666,36906.04144699999,46.29958246666666,1.6295557943119345e-11,2.9332004297614823e-10,worse
gen_utarget,u_target=1.3,lpt,wmdd,rule-vs-rule,60,60,4629.958246666666,113533.62471666667,108903.66647000003,91725.46790375,126333.6401819167,46.29958246666666,1.6295557943119345e-11,2.9332004297614823e-10,worse
stress,campus=2|m=1.0,wmdd,atc,rule-vs-rule,17,17,1252.115717647059,1218.2288470588235,-33.88687058823534,-59.726277058823605,-12.245820588235329,12.52115717647059,0.004741768038406972,0.05326911188150586,inconclusive
stress,campus=2|m=1.0,v2at309,atc,policy-vs-rule,17,17,1252.115717647059,1220.1060352941179,-32.00968235294123,-68.71211529411775,-1.8516755882353146,12.52115717647059,0.15485982528200376,1.0,inconclusive
stress,campus=2|m=1.0,v2at301,atc,policy-vs-rule,17,17,1252.115717647059,1226.389917647059,-25.72580000000001,-47.65132735294123,-6.4281429411764055,12.52115717647059,0.028401837044201694,0.997482576890875,inconclusive
stress,campus=2|m=1.0,rollcp2,atc,optimizer-vs-rule,8,8,1001.5293250000001,976.783175,-24.746150000000014,-102.6647487500002,36.45127500000011,10.015293250000001,0.6875,1.0,inconclusive
stress,campus=2|m=1.0,wspt,atc,rule-vs-rule,17,17,1252.115717647059,1291.2388588235294,39.12314117647055,17.14198382352939,63.63765852941168,12.52115717647059,0.004439092656792155,0.05326911188150586,worse
stress,campus=2|m=1.0,edd,atc,rule-vs-rule,17,17,1252.115717647059,1311.322141176471,59.206423529411786,-39.08787088235294,189.2894902941175,12.52115717647059,0.5302845968336095,1.0,inconclusive
stress,campus=2|m=1.0,pfifo,atc,rule-vs-rule,17,17,1252.115717647059,1311.322141176471,59.206423529411786,-38.70787529411764,192.99070735294123,12.52115717647059,0.5302845968336095,1.0,inconclusive
stress,campus=2|m=1.0,v2at308,atc,policy-vs-rule,17,17,1252.115717647059,1319.6044941176472,67.48877647058819,-1.6615750000000047,154.76752411764693,12.52115717647059,0.23931654122149526,1.0,inconclusive
stress,campus=2|m=1.0,v2rl310,atc,policy-vs-rule,17,17,1252.115717647059,1324.8887411764708,72.77302352941177,-13.895599705882422,172.92786441176466,12.52115717647059,0.3078214719088427,1.0,inconclusive
stress,campus=2|m=1.0,v2at304,atc,policy-vs-rule,17,17,1252.115717647059,1341.317011764706,89.2012941176471,7.542419411764728,185.09459147058828,12.52115717647059,0.07473549830588254,1.0,inconclusive
stress,campus=2|m=1.0,v2at307,atc,policy-vs-rule,17,17,1252.115717647059,1361.6734941176471,109.55777647058818,15.613609117646979,240.73249176470583,12.52115717647059,0.05973901545539241,1.0,worse
stress,campus=2|m=1.0,rl302,atc,policy-vs-rule,17,17,1252.115717647059,1365.7115058823529,113.59578823529422,-0.040645294117547096,266.7919794117649,12.52115717647059,0.1823383541807685,1.0,inconclusive
stress,campus=2|m=1.0,v2at306,atc,policy-vs-rule,17,17,1252.115717647059,1372.5512588235292,120.43554117647054,3.928262058823488,272.3743579411762,12.52115717647059,0.15793931050013033,1.0,inconclusive
stress,campus=2|m=1.0,v2rl302,atc,policy-vs-rule,17,17,1252.115717647059,1420.4514,168.33568235294118,49.33580058823526,312.3001932352942,12.52115717647059,0.018602929901135743,0.7627201259465655,worse
stress,campus=2|m=1.0,v2at303,atc,policy-vs-rule,17,17,1252.115717647059,1440.5019882352942,188.38627058823528,-7.051674705882372,527.1081444117647,12.52115717647059,0.24886387493792206,1.0,inconclusive
stress,campus=2|m=1.0,v2rl304,atc,policy-vs-rule,17,17,1252.115717647059,1447.724082352941,195.60836470588234,10.361429117647054,476.56231529411764,12.52115717647059,0.20942675696103719,1.0,inconclusive
stress,campus=2|m=1.0,v2rl309,atc,policy-vs-rule,17,17,1252.115717647059,1453.0060823529411,200.89036470588223,33.656321470588196,486.4044561764703,12.52115717647059,0.02079521585359911,0.7902182024367662,worse
stress,campus=2|m=1.0,v2rl308,atc,policy-vs-rule,17,17,1252.115717647059,1494.214529411765,242.09881176470589,-5.60569823529412,639.2162194117643,12.52115717647059,0.23931654122149526,1.0,inconclusive
stress,campus=2|m=1.0,rl301,atc,policy-vs-rule,17,17,1252.115717647059,1573.115223529412,320.9995058823529,62.22440588235291,713.2177617647061,12.52115717647059,0.012063323418854825,0.5911028475238864,worse
stress,campus=2|m=1.0,v2at310,atc,policy-vs-rule,17,17,1252.115717647059,1602.9145529411765,350.79883529411757,70.00577147058819,751.8253847058821,12.52115717647059,0.034170472692229406,1.0,worse
stress,campus=2|m=1.0,random,atc,rule-vs-rule,17,17,1252.115717647059,1636.0305647058824,383.9148470588235,195.58356176470588,603.9546379411762,12.52115717647059,0.0014737808438751421,0.02652805518975256,worse
stress,campus=2|m=1.0,v2at302,atc,policy-vs-rule,17,17,1252.115717647059,1642.0141647058826,389.89844705882354,90.23886205882356,798.4266967647061,12.52115717647059,0.034170472692229406,1.0,worse
stress,campus=2|m=1.0,v2rl305,atc,policy-vs-rule,17,17,1252.115717647059,1720.644105882353,468.5283882352941,168.09562823529407,874.3041676470589,12.52115717647059,0.004741768038406972,0.2939896183812323,worse
stress,campus=2|m=1.0,v2rl307,atc,policy-vs-rule,17,17,1252.115717647059,1751.246494117647,499.1307764705883,169.13478499999997,936.3272902941176,12.52115717647059,0.022909099354356588,0.8476366761111938,worse
stress,campus=2|m=1.0,v2at305,atc,policy-vs-rule,17,17,1252.115717647059,1823.9573764705883,571.8416588235295,215.53012882352954,999.3561664705879,12.52115717647059,0.004741768038406972,0.2939896183812323,worse
stress,campus=2|m=1.0,rl303,atc,policy-vs-rule,17,17,1252.115717647059,1843.148317647059,591.0326,227.19149441176472,1061.328250882353,12.52115717647059,0.0028734139278525227,0.19539214709397154,worse
stress,campus=2|m=1.0,v2rl301,atc,policy-vs-rule,17,17,1252.115717647059,1851.2520352941176,599.136317647059,198.9041385294118,1085.0717629411763,12.52115717647059,0.012063323418854825,0.5911028475238864,worse
stress,campus=2|m=1.0,v2rl306,atc,policy-vs-rule,17,17,1252.115717647059,1863.508082352941,611.3923647058822,234.78788529411747,1067.4865079411761,12.52115717647059,0.006039559048656822,0.3261361886274684,worse
stress,campus=2|m=1.0,v2rl303,atc,policy-vs-rule,17,17,1252.115717647059,2171.692823529412,919.577105882353,439.3952561764705,1470.2986535294121,12.52115717647059,0.0028734139278525227,0.19539214709397154,worse
stress,campus=2|m=1.0,lpt,atc,rule-vs-rule,17,17,1252.115717647059,2615.1118352941176,1362.9961176470586,659.3353773529411,2165.39883235294,12.52115717647059,0.0014737808438751421,0.02652805518975256,worse
stress,campus=2|m=1.0,rollcp2,edd,optimizer-vs-rule,8,8,1080.4252999999999,976.783175,-103.64212500000005,-280.4918237499999,33.90300250000001,10.804253,0.5625,1.0,inconclusive
stress,campus=2|m=1.0,wmdd,edd,rule-vs-rule,17,17,1311.322141176471,1218.2288470588235,-93.09329411764713,-239.07439352941188,16.540296176470566,13.11322141176471,0.8588630128278887,1.0,inconclusive
stress,campus=2|m=1.0,v2at309,edd,policy-vs-rule,17,17,1311.322141176471,1220.1060352941179,-91.21610588235302,-211.69657000000012,0.4232991176469546,13.11322141176471,0.5829195472688132,1.0,inconclusive
stress,campus=2|m=1.0,v2at301,edd,policy-vs-rule,17,17,1311.322141176471,1226.389917647059,-84.93222352941179,-218.3294623529413,13.992747352941068,13.11322141176471,0.875329249147922,1.0,inconclusive
stress,campus=2|m=1.0,atc,edd,rule-vs-rule,17,17,1311.322141176471,1252.115717647059,-59.206423529411786,-196.25824735294125,40.42476411764708,13.11322141176471,0.5302845968336095,1.0,inconclusive
stress,campus=2|m=1.0,wspt,edd,rule-vs-rule,17,17,1311.322141176471,1291.2388588235294,-20.083282352941236,-154.95873264705887,88.9992938235293,13.11322141176471,0.15195618574341052,1.0,inconclusive
stress,campus=2|m=1.0,pfifo,edd,rule-vs-rule,17,17,1311.322141176471,1311.322141176471,0.0,0.0,0.0,13.11322141176471,1.0,1.0,equivalent
stress,campus=2|m=1.0,v2at308,edd,policy-vs-rule,17,17,1311.322141176471,1319.6044941176472,8.282352941176407,-50.857305588235334,77.67363735294104,13.11322141176471,0.8139453463016609,1.0,inconclusive
stress,campus=2|m=1.0,v2rl310,edd,policy-vs-rule,17,17,1311.322141176471,1324.8887411764708,13.566599999999994,-38.73943470588226,60.373473235294064,13.11322141176471,0.43276758066778476,1.0,inconclusive
stress,campus=2|m=1.0,v2at304,edd,policy-vs-rule,17,17,1311.322141176471,1341.317011764706,29.99487058823531,-34.06739588235287,96.34981411764699,13.11322141176471,0.15195618574341052,1.0,inconclusive
stress,campus=2|m=1.0,v2at307,edd,policy-vs-rule,17,17,1311.322141176471,1361.6734941176471,50.3513529411764,0.45612970588230345,105.85619470588217,13.11322141176471,0.05973901545539241,1.0,inconclusive
stress,campus=2|m=1.0,rl302,edd,policy-vs-rule,17,17,1311.322141176471,1365.7115058823529,54.38936470588245,-50.103238529411676,164.24741352941192,13.11322141176471,0.1823383541807685,1.0,inconclusive
stress,campus=2|m=1.0,v2at306,edd,policy-vs-rule,17,17,1311.322141176471,1372.5512588235292,61.22911764705874,21.584953529411763,109.3886952941175,13.11322141176471,0.009632975772588674,0.49128176440202237,worse
stress,campus=2|m=1.0,v2rl302,edd,policy-vs-rule,17,17,1311.322141176471,1420.4514,109.12925882352938,-13.181891764705806,229.10217999999983,13.11322141176471,0.05973901545539241,1.0,inconclusive
stress,campus=2|m=1.0,v2at303,edd,policy-vs-rule,17,17,1311.322141176471,1440.5019882352942,129.1798470588235,-52.58061764705891,407.8610041176467,13.11322141176471,0.13295729296233563,1.0,inconclusive
stress,campus=2|m=1.0,v2rl304,edd,policy-vs-rule,17,17,1311.322141176471,1447.724082352941,136.4019411764705,-2.513571470588318,338.9856905882352,13.11322141176471,0.1823383541807685,1.0,inconclusive
stress,campus=2|m=1.0,v2rl309,edd,policy-vs-rule,17,17,1311.322141176471,1453.0060823529411,141.68394117647048,-40.20258529411779,373.4657911764703,13.11322141176471,0.0280561241492436,0.997482576890875,inconclusive
stress,campus=2|m=1.0,v2rl308,edd,policy-vs-rule,17,17,1311.322141176471,1494.214529411765,182.8923882352941,11.652092058823447,476.81551676470593,13.11322141176471,0.04986020375690694,1.0,inconclusive
stress,campus=2|m=1.0,rl301,edd,policy-vs-rule,17,17,1311.322141176471,1573.115223529412,261.7930823529412,64.47766970588236,573.0379276470587,13.11322141176471,0.004741768038406972,0.2939896183812323,worse
stress,campus=2|m=1.0,v2at310,edd,policy-vs-rule,17,17,1311.322141176471,1602.9145529411765,291.5924117647058,70.29068411764703,601.8094097058819,13.11322141176471,0.018602929901135743,0.7627201259465655,worse
stress,campus=2|m=1.0,random,edd,rule-vs-rule,17,17,1311.322141176471,1636.0305647058824,324.70842352941173,120.31808911764692,566.1716647058824,13.11322141176471,0.0057715890441035304,0.05326911188150586,worse
stress,campus=2|m=1.0,v2at302,edd,policy-vs-rule,17,17,1311.322141176471,1642.0141647058826,330.69202352941176,81.98223294117648,668.4775955882352,13.11322141176471,0.015022338553107788,0.6459605577836349,worse
stress,campus=2|m=1.0,v2rl305,edd,policy-vs-rule,17,17,1311.322141176471,1720.644105882353,409.3219647058823,163.09070970588246,731.8340826470585,13.11322141176471,0.002217721464237049,0.1530227810323564,worse
stress,campus=2|m=1.0,v2rl307,edd,policy-vs-rule,17,17,1311.322141176471,1751.246494117647,439.9243529411765,155.73723588235296,788.7467758823527,13.11322141176471,0.006039559048656822,0.3261361886274684,worse
stress,campus=2|m=1.0,v2at305,edd,policy-vs-rule,17,17,1311.322141176471,1823.9573764705883,512.6352352941177,208.29533941176481,879.4646891176474,13.11322141176471,0.004741768038406972,0.2939896183812323,worse
stress,campus=2|m=1.0,rl303,edd,policy-vs-rule,17,17,1311.322141176471,1843.148317647059,531.8261764705883,226.4319976470588,915.487297647059,13.11322141176471,0.0028734139278525227,0.19539214709397154,worse
stress,campus=2|m=1.0,v2rl301,edd,policy-vs-rule,17,17,1311.322141176471,1851.2520352941176,539.9298941176471,177.1448164705884,969.7808452941175,13.11322141176471,0.00764908205529392,0.39775226687528387,worse
stress,campus=2|m=1.0,v2rl306,edd,policy-vs-rule,17,17,1311.322141176471,1863.508082352941,552.1859411764704,221.03877382352937,930.208442058823,13.11322141176471,0.004741768038406972,0.2939896183812323,worse
stress,campus=2|m=1.0,v2rl303,edd,policy-vs-rule,17,17,1311.322141176471,2171.692823529412,860.3706823529412,397.77174735294113,1376.6546326470586,13.11322141176471,0.0028734139278525227,0.19539214709397154,worse
stress,campus=2|m=1.0,lpt,edd,rule-vs-rule,17,17,1311.322141176471,2615.1118352941176,1303.7896941176468,628.0265744117646,2114.1120958823517,13.11322141176471,0.0014737808438751421,0.02652805518975256,worse
stress,campus=2|m=1.0,rollcp2,wmdd,optimizer-vs-rule,8,8,976.255875,976.783175,0.5272999999999826,-37.08107500000017,42.94132500000006,9.76255875,0.84375,1.0,inconclusive
stress,campus=2|m=1.0,v2at309,wmdd,policy-vs-rule,17,17,1218.2288470588235,1220.1060352941179,1.8771882352941,-33.20045705882346,38.54835794117645,12.182288470588235,0.8139453463016609,1.0,inconclusive
stress,campus=2|m=1.0,v2at301,wmdd,policy-vs-rule,17,17,1218.2288470588235,1226.389917647059,8.161070588235324,-12.429684117647032,31.413760294117765,12.182288470588235,0.480176889906077,1.0,inconclusive
stress,campus=2|m=1.0,atc,wmdd,rule-vs-rule,17,17,1218.2288470588235,1252.115717647059,33.88687058823534,12.480271176470561,59.21145470588242,12.182288470588235,0.004741768038406972,0.05326911188150586,worse
stress,campus=2|m=1.0,wspt,wmdd,rule-vs-rule,17,17,1218.2288470588235,1291.2388588235294,73.01001176470588,35.24266588235293,115.30256999999992,12.182288470588235,0.0014737808438751421,0.02652805518975256,worse
stress,campus=2|m=1.0,edd,wmdd,rule-vs-rule,17,17,1218.2288470588235,1311.322141176471,93.09329411764713,-15.439030882352903,243.54268970588237,12.182288470588235,0.8588630128278887,1.0,inconclusive
stress,campus=2|m=1.0,pfifo,wmdd,rule-vs-rule,17,17,1218.2288470588235,1311.322141176471,93.09329411764713,-16.15176794117648,238.0897123529413,12.182288470588235,0.8588630128278887,1.0,inconclusive
stress,campus=2|m=1.0,v2at308,wmdd,policy-vs-rule,17,17,1218.2288470588235,1319.6044941176472,101.37564705882353,21.7873308823529,207.63072176470567,12.182288470588235,0.034170472692229406,1.0,worse
stress,campus=2|m=1.0,v2rl310,wmdd,policy-vs-rule,17,17,1218.2288470588235,1324.8887411764708,106.65989411764711,8.515928235294115,226.9247529411767,12.182288470588235,0.15793931050013033,1.0,inconclusive
stress,campus=2|m=1.0,v2at304,wmdd,policy-vs-rule,17,17,1218.2288470588235,1341.317011764706,123.08816470588242,30.42448588235309,235.59530852941182,12.182288470588235,0.027707849358079864,0.997482576890875,worse
stress,campus=2|m=1.0,v2at307,wmdd,policy-vs-rule,17,17,1218.2288470588235,1361.6734941176471,143.4446470588235,38.420796176470596,294.69335470588226,12.182288470588235,0.015022338553107788,0.6459605577836349,worse
stress,campus=2|m=1.0,rl302,wmdd,policy-vs-rule,17,17,1218.2288470588235,1365.7115058823529,147.48265882352956,15.947896176470667,319.1209070588236,12.182288470588235,0.09948088075636449,1.0,worse
stress,campus=2|m=1.0,v2at306,wmdd,policy-vs-rule,17,17,1218.2288470588235,1372.5512588235292,154.32241176470586,27.043694117647103,322.47890088235283,12.182288470588235,0.034170472692229406,1.0,worse
stress,campus=2|m=1.0,v2rl302,wmdd,policy-vs-rule,17,17,1218.2288470588235,1420.4514,202.22255294117647,68.3052038235295,370.6464279411766,12.182288470588235,0.012063323418854825,0.5911028475238864,worse
stress,campus=2|m=1.0,v2at303,wmdd,policy-vs-rule,17,17,1218.2288470588235,1440.5019882352942,222.27314117647057,20.108616176470594,570.0837776470589,12.182288470588235,0.046399461870904636,1.0,worse
stress,campus=2|m=1.0,v2rl304,wmdd,policy-vs-rule,17,17,1218.2288470588235,1447.724082352941,229.49523529411763,30.637345294117594,514.3002294117647,12.182288470588235,0.08437944259396049,1.0,worse
stress,campus=2|m=1.0,v2rl309,wmdd,policy-vs-rule,17,17,1218.2288470588235,1453.0060823529411,234.7772352941176,54.918683235294246,522.9121579411761,12.182288470588235,0.012063323418854825,0.5911028475238864,worse
stress,campus=2|m=1.0,v2rl308,wmdd,policy-vs-rule,17,17,1218.2288470588235,1494.214529411765,275.98568235294124,14.974024705882485,680.7490011764706,12.182288470588235,0.13609738111439368,1.0,worse
stress,campus=2|m=1.0,rl301,wmdd,policy-vs-rule,17,17,1218.2288470588235,1573.115223529412,354.8863764705883,82.17986647058818,753.7329699999999,12.182288470588235,0.009632975772588674,0.49128176440202237,worse
stress,campus=2|m=1.0,v2at310,wmdd,policy-vs-rule,17,17,1218.2288470588235,1602.9145529411765,384.685705882353,86.81808470588243,795.2515355882352,12.182288470588235,0.018602929901135743,0.7627201259465655,worse
stress,campus=2|m=1.0,random,wmdd,rule-vs-rule,17,17,1218.2288470588235,1636.0305647058824,417.80171764705887,217.15164823529415,654.5515132352942,12.182288470588235,0.0018714329102470324,0.02652805518975256,worse
stress,campus=2|m=1.0,v2at302,wmdd,policy-vs-rule,17,17,1218.2288470588235,1642.0141647058826,423.78531764705895,109.36180764705891,842.3357858823532,12.182288470588235,0.0280561241492436,0.997482576890875,worse
stress,campus=2|m=1.0,v2rl305,wmdd,policy-vs-rule,17,17,1218.2288470588235,1720.644105882353,502.4152588235294,183.97969000000018,913.673713529412,12.182288470588235,0.004741768038406972,0.2939896183812323,worse
stress,campus=2|m=1.0,v2rl307,wmdd,policy-vs-rule,17,17,1218.2288470588235,1751.246494117647,533.0176470588236,184.83448382352958,962.8531567647059,12.182288470588235,0.012063323418854825,0.5911028475238864,worse
stress,campus=2|m=1.0,v2at305,wmdd,policy-vs-rule,17,17,1218.2288470588235,1823.9573764705883,605.7285294117648,240.58713470588248,1060.3695120588236,12.182288470588235,0.004741768038406972,0.2939896183812323,worse
stress,campus=2|m=1.0,rl303,wmdd,policy-vs-rule,17,17,1218.2288470588235,1843.148317647059,624.9194705882354,249.9591070588235,1104.4852791176468,12.182288470588235,0.0028734139278525227,0.19539214709397154,worse
stress,campus=2|m=1.0,v2rl301,wmdd,policy-vs-rule,17,17,1218.2288470588235,1851.2520352941176,633.0231882352942,227.21582411764703,1125.2998000000002,12.182288470588235,0.012063323418854825,0.5911028475238864,worse
stress,campus=2|m=1.0,v2rl306,wmdd,policy-vs-rule,17,17,1218.2288470588235,1863.508082352941,645.2792352941175,262.20147735294114,1097.029490294117,12.182288470588235,0.004741768038406972,0.2939896183812323,worse
stress,campus=2|m=1.0,v2rl303,wmdd,policy-vs-rule,17,17,1218.2288470588235,2171.692823529412,953.4639764705884,458.97342176470585,1496.5389476470586,12.182288470588235,0.0028734139278525227,0.19539214709397154,worse
stress,campus=2|m=1.0,lpt,wmdd,rule-vs-rule,17,17,1218.2288470588235,2615.1118352941176,1396.8829882352936,667.1497532352942,2218.3695123529405,12.182288470588235,0.0018714329102470324,0.02652805518975256,worse
transfer,campus=1|m=1.0,edd,atc,rule-vs-rule,30,30,80.41734666666666,80.41734666666666,0.0,0.0,0.0,1.0,1.0,1.0,equivalent
transfer,campus=1|m=1.0,pfifo,atc,rule-vs-rule,30,30,80.41734666666666,80.41734666666666,0.0,0.0,0.0,1.0,1.0,1.0,equivalent
transfer,campus=1|m=1.0,wmdd,atc,rule-vs-rule,30,30,80.41734666666666,80.41734666666666,0.0,0.0,0.0,1.0,1.0,1.0,equivalent
transfer,campus=1|m=1.0,lpt,atc,rule-vs-rule,30,30,80.41734666666666,80.41734666666666,0.0,0.0,0.0,1.0,1.0,1.0,equivalent
transfer,campus=1|m=1.0,rl301,atc,policy-vs-rule,30,30,80.41734666666666,80.41734666666666,0.0,0.0,0.0,1.0,1.0,1.0,equivalent
transfer,campus=1|m=1.0,rl302,atc,policy-vs-rule,30,30,80.41734666666666,80.41734666666666,0.0,0.0,0.0,1.0,1.0,1.0,equivalent
transfer,campus=1|m=1.0,rl303,atc,policy-vs-rule,30,30,80.41734666666666,80.41734666666666,0.0,0.0,0.0,1.0,1.0,1.0,equivalent
transfer,campus=1|m=1.0,v2rl301,atc,policy-vs-rule,30,30,80.41734666666666,80.41734666666666,0.0,0.0,0.0,1.0,1.0,1.0,equivalent
transfer,campus=1|m=1.0,v2rl302,atc,policy-vs-rule,30,30,80.41734666666666,80.41734666666666,0.0,0.0,0.0,1.0,1.0,1.0,equivalent
transfer,campus=1|m=1.0,v2rl303,atc,policy-vs-rule,30,30,80.41734666666666,80.41734666666666,0.0,0.0,0.0,1.0,1.0,1.0,equivalent
transfer,campus=1|m=1.0,v2rl304,atc,policy-vs-rule,30,30,80.41734666666666,80.41734666666666,0.0,0.0,0.0,1.0,1.0,1.0,equivalent
transfer,campus=1|m=1.0,v2rl305,atc,policy-vs-rule,30,30,80.41734666666666,80.41734666666666,0.0,0.0,0.0,1.0,1.0,1.0,equivalent
transfer,campus=1|m=1.0,v2rl306,atc,policy-vs-rule,30,30,80.41734666666666,80.41734666666666,0.0,0.0,0.0,1.0,1.0,1.0,equivalent
transfer,campus=1|m=1.0,v2rl307,atc,policy-vs-rule,30,30,80.41734666666666,80.41734666666666,0.0,0.0,0.0,1.0,1.0,1.0,equivalent
transfer,campus=1|m=1.0,v2rl308,atc,policy-vs-rule,30,30,80.41734666666666,80.41734666666666,0.0,0.0,0.0,1.0,1.0,1.0,equivalent
transfer,campus=1|m=1.0,v2rl309,atc,policy-vs-rule,30,30,80.41734666666666,80.41734666666666,0.0,0.0,0.0,1.0,1.0,1.0,equivalent
transfer,campus=1|m=1.0,v2rl310,atc,policy-vs-rule,30,30,80.41734666666666,80.41734666666666,0.0,0.0,0.0,1.0,1.0,1.0,equivalent
transfer,campus=1|m=1.0,v2at301,atc,policy-vs-rule,30,30,80.41734666666666,80.41734666666666,0.0,0.0,0.0,1.0,1.0,1.0,equivalent
transfer,campus=1|m=1.0,v2at302,atc,policy-vs-rule,30,30,80.41734666666666,80.41734666666666,0.0,0.0,0.0,1.0,1.0,1.0,equivalent
transfer,campus=1|m=1.0,v2at304,atc,policy-vs-rule,30,30,80.41734666666666,80.41734666666666,0.0,0.0,0.0,1.0,1.0,1.0,equivalent
transfer,campus=1|m=1.0,v2at305,atc,policy-vs-rule,30,30,80.41734666666666,80.41734666666666,0.0,0.0,0.0,1.0,1.0,1.0,equivalent
transfer,campus=1|m=1.0,v2at306,atc,policy-vs-rule,30,30,80.41734666666666,80.41734666666666,0.0,0.0,0.0,1.0,1.0,1.0,equivalent
transfer,campus=1|m=1.0,v2at307,atc,policy-vs-rule,30,30,80.41734666666666,80.41734666666666,0.0,0.0,0.0,1.0,1.0,1.0,equivalent
transfer,campus=1|m=1.0,v2at308,atc,policy-vs-rule,30,30,80.41734666666666,80.41734666666666,0.0,0.0,0.0,1.0,1.0,1.0,equivalent
transfer,campus=1|m=1.0,v2at309,atc,policy-vs-rule,30,30,80.41734666666666,80.41734666666666,0.0,0.0,0.0,1.0,1.0,1.0,equivalent
transfer,campus=1|m=1.0,v2at310,atc,policy-vs-rule,30,30,80.41734666666666,80.41734666666666,0.0,0.0,0.0,1.0,1.0,1.0,equivalent
transfer,campus=1|m=1.0,v2at303,atc,policy-vs-rule,30,30,80.41734666666666,80.42038666666667,0.003040000000000494,0.0,0.009120000000001483,1.0,0.31731050786291415,1.0,equivalent
transfer,campus=1|m=1.0,rollcp2,atc,optimizer-vs-rule,8,8,100.0454,100.056025,0.010625000000000995,0.0031999999999996476,0.021175000000003052,1.000454,0.25,0.75,equivalent
transfer,campus=1|m=1.0,random,atc,rule-vs-rule,30,30,80.41734666666666,81.12109333333335,0.7037466666666667,0.0,1.7748666666666664,1.0,0.17971249487899976,1.0,inconclusive
transfer,campus=1|m=1.0,wspt,atc,rule-vs-rule,30,30,80.41734666666666,81.29713333333332,0.8797866666666664,0.0,2.292906666666666,1.0,0.17971249487899976,1.0,inconclusive
transfer,campus=1|m=1.0,pfifo,edd,rule-vs-rule,30,30,80.41734666666666,80.41734666666666,0.0,0.0,0.0,1.0,1.0,1.0,equivalent
transfer,campus=1|m=1.0,atc,edd,rule-vs-rule,30,30,80.41734666666666,80.41734666666666,0.0,0.0,0.0,1.0,1.0,1.0,equivalent
transfer,campus=1|m=1.0,wmdd,edd,rule-vs-rule,30,30,80.41734666666666,80.41734666666666,0.0,0.0,0.0,1.0,1.0,1.0,equivalent
transfer,campus=1|m=1.0,lpt,edd,rule-vs-rule,30,30,80.41734666666666,80.41734666666666,0.0,0.0,0.0,1.0,1.0,1.0,equivalent
transfer,campus=1|m=1.0,rl301,edd,policy-vs-rule,30,30,80.41734666666666,80.41734666666666,0.0,0.0,0.0,1.0,1.0,1.0,equivalent
transfer,campus=1|m=1.0,rl302,edd,policy-vs-rule,30,30,80.41734666666666,80.41734666666666,0.0,0.0,0.0,1.0,1.0,1.0,equivalent
transfer,campus=1|m=1.0,rl303,edd,policy-vs-rule,30,30,80.41734666666666,80.41734666666666,0.0,0.0,0.0,1.0,1.0,1.0,equivalent
transfer,campus=1|m=1.0,v2rl301,edd,policy-vs-rule,30,30,80.41734666666666,80.41734666666666,0.0,0.0,0.0,1.0,1.0,1.0,equivalent
transfer,campus=1|m=1.0,v2rl302,edd,policy-vs-rule,30,30,80.41734666666666,80.41734666666666,0.0,0.0,0.0,1.0,1.0,1.0,equivalent
transfer,campus=1|m=1.0,v2rl303,edd,policy-vs-rule,30,30,80.41734666666666,80.41734666666666,0.0,0.0,0.0,1.0,1.0,1.0,equivalent
transfer,campus=1|m=1.0,v2rl304,edd,policy-vs-rule,30,30,80.41734666666666,80.41734666666666,0.0,0.0,0.0,1.0,1.0,1.0,equivalent
transfer,campus=1|m=1.0,v2rl305,edd,policy-vs-rule,30,30,80.41734666666666,80.41734666666666,0.0,0.0,0.0,1.0,1.0,1.0,equivalent
transfer,campus=1|m=1.0,v2rl306,edd,policy-vs-rule,30,30,80.41734666666666,80.41734666666666,0.0,0.0,0.0,1.0,1.0,1.0,equivalent
transfer,campus=1|m=1.0,v2rl307,edd,policy-vs-rule,30,30,80.41734666666666,80.41734666666666,0.0,0.0,0.0,1.0,1.0,1.0,equivalent
transfer,campus=1|m=1.0,v2rl308,edd,policy-vs-rule,30,30,80.41734666666666,80.41734666666666,0.0,0.0,0.0,1.0,1.0,1.0,equivalent
transfer,campus=1|m=1.0,v2rl309,edd,policy-vs-rule,30,30,80.41734666666666,80.41734666666666,0.0,0.0,0.0,1.0,1.0,1.0,equivalent
transfer,campus=1|m=1.0,v2rl310,edd,policy-vs-rule,30,30,80.41734666666666,80.41734666666666,0.0,0.0,0.0,1.0,1.0,1.0,equivalent
transfer,campus=1|m=1.0,v2at301,edd,policy-vs-rule,30,30,80.41734666666666,80.41734666666666,0.0,0.0,0.0,1.0,1.0,1.0,equivalent
transfer,campus=1|m=1.0,v2at302,edd,policy-vs-rule,30,30,80.41734666666666,80.41734666666666,0.0,0.0,0.0,1.0,1.0,1.0,equivalent
transfer,campus=1|m=1.0,v2at304,edd,policy-vs-rule,30,30,80.41734666666666,80.41734666666666,0.0,0.0,0.0,1.0,1.0,1.0,equivalent
transfer,campus=1|m=1.0,v2at305,edd,policy-vs-rule,30,30,80.41734666666666,80.41734666666666,0.0,0.0,0.0,1.0,1.0,1.0,equivalent
transfer,campus=1|m=1.0,v2at306,edd,policy-vs-rule,30,30,80.41734666666666,80.41734666666666,0.0,0.0,0.0,1.0,1.0,1.0,equivalent
transfer,campus=1|m=1.0,v2at307,edd,policy-vs-rule,30,30,80.41734666666666,80.41734666666666,0.0,0.0,0.0,1.0,1.0,1.0,equivalent
transfer,campus=1|m=1.0,v2at308,edd,policy-vs-rule,30,30,80.41734666666666,80.41734666666666,0.0,0.0,0.0,1.0,1.0,1.0,equivalent
transfer,campus=1|m=1.0,v2at309,edd,policy-vs-rule,30,30,80.41734666666666,80.41734666666666,0.0,0.0,0.0,1.0,1.0,1.0,equivalent
transfer,campus=1|m=1.0,v2at310,edd,policy-vs-rule,30,30,80.41734666666666,80.41734666666666,0.0,0.0,0.0,1.0,1.0,1.0,equivalent
transfer,campus=1|m=1.0,v2at303,edd,policy-vs-rule,30,30,80.41734666666666,80.42038666666667,0.003040000000000494,0.0,0.009120000000001483,1.0,0.31731050786291415,1.0,equivalent
transfer,campus=1|m=1.0,rollcp2,edd,optimizer-vs-rule,8,8,100.0454,100.056025,0.010625000000000995,0.0031999999999996476,0.021100000000004115,1.000454,0.25,0.75,equivalent
transfer,campus=1|m=1.0,random,edd,rule-vs-rule,30,30,80.41734666666666,81.12109333333335,0.7037466666666667,0.0,1.7748666666666664,1.0,0.17971249487899976,1.0,inconclusive
transfer,campus=1|m=1.0,wspt,edd,rule-vs-rule,30,30,80.41734666666666,81.29713333333332,0.8797866666666664,0.0,2.292906666666666,1.0,0.17971249487899976,1.0,inconclusive
transfer,campus=1|m=1.0,edd,wmdd,rule-vs-rule,30,30,80.41734666666666,80.41734666666666,0.0,0.0,0.0,1.0,1.0,1.0,equivalent
transfer,campus=1|m=1.0,pfifo,wmdd,rule-vs-rule,30,30,80.41734666666666,80.41734666666666,0.0,0.0,0.0,1.0,1.0,1.0,equivalent
transfer,campus=1|m=1.0,atc,wmdd,rule-vs-rule,30,30,80.41734666666666,80.41734666666666,0.0,0.0,0.0,1.0,1.0,1.0,equivalent
transfer,campus=1|m=1.0,lpt,wmdd,rule-vs-rule,30,30,80.41734666666666,80.41734666666666,0.0,0.0,0.0,1.0,1.0,1.0,equivalent
transfer,campus=1|m=1.0,rl301,wmdd,policy-vs-rule,30,30,80.41734666666666,80.41734666666666,0.0,0.0,0.0,1.0,1.0,1.0,equivalent
transfer,campus=1|m=1.0,rl302,wmdd,policy-vs-rule,30,30,80.41734666666666,80.41734666666666,0.0,0.0,0.0,1.0,1.0,1.0,equivalent
transfer,campus=1|m=1.0,rl303,wmdd,policy-vs-rule,30,30,80.41734666666666,80.41734666666666,0.0,0.0,0.0,1.0,1.0,1.0,equivalent
transfer,campus=1|m=1.0,v2rl301,wmdd,policy-vs-rule,30,30,80.41734666666666,80.41734666666666,0.0,0.0,0.0,1.0,1.0,1.0,equivalent
transfer,campus=1|m=1.0,v2rl302,wmdd,policy-vs-rule,30,30,80.41734666666666,80.41734666666666,0.0,0.0,0.0,1.0,1.0,1.0,equivalent
transfer,campus=1|m=1.0,v2rl303,wmdd,policy-vs-rule,30,30,80.41734666666666,80.41734666666666,0.0,0.0,0.0,1.0,1.0,1.0,equivalent
transfer,campus=1|m=1.0,v2rl304,wmdd,policy-vs-rule,30,30,80.41734666666666,80.41734666666666,0.0,0.0,0.0,1.0,1.0,1.0,equivalent
transfer,campus=1|m=1.0,v2rl305,wmdd,policy-vs-rule,30,30,80.41734666666666,80.41734666666666,0.0,0.0,0.0,1.0,1.0,1.0,equivalent
transfer,campus=1|m=1.0,v2rl306,wmdd,policy-vs-rule,30,30,80.41734666666666,80.41734666666666,0.0,0.0,0.0,1.0,1.0,1.0,equivalent
transfer,campus=1|m=1.0,v2rl307,wmdd,policy-vs-rule,30,30,80.41734666666666,80.41734666666666,0.0,0.0,0.0,1.0,1.0,1.0,equivalent
transfer,campus=1|m=1.0,v2rl308,wmdd,policy-vs-rule,30,30,80.41734666666666,80.41734666666666,0.0,0.0,0.0,1.0,1.0,1.0,equivalent
transfer,campus=1|m=1.0,v2rl309,wmdd,policy-vs-rule,30,30,80.41734666666666,80.41734666666666,0.0,0.0,0.0,1.0,1.0,1.0,equivalent
transfer,campus=1|m=1.0,v2rl310,wmdd,policy-vs-rule,30,30,80.41734666666666,80.41734666666666,0.0,0.0,0.0,1.0,1.0,1.0,equivalent
transfer,campus=1|m=1.0,v2at301,wmdd,policy-vs-rule,30,30,80.41734666666666,80.41734666666666,0.0,0.0,0.0,1.0,1.0,1.0,equivalent
transfer,campus=1|m=1.0,v2at302,wmdd,policy-vs-rule,30,30,80.41734666666666,80.41734666666666,0.0,0.0,0.0,1.0,1.0,1.0,equivalent
transfer,campus=1|m=1.0,v2at304,wmdd,policy-vs-rule,30,30,80.41734666666666,80.41734666666666,0.0,0.0,0.0,1.0,1.0,1.0,equivalent
transfer,campus=1|m=1.0,v2at305,wmdd,policy-vs-rule,30,30,80.41734666666666,80.41734666666666,0.0,0.0,0.0,1.0,1.0,1.0,equivalent
transfer,campus=1|m=1.0,v2at306,wmdd,policy-vs-rule,30,30,80.41734666666666,80.41734666666666,0.0,0.0,0.0,1.0,1.0,1.0,equivalent
transfer,campus=1|m=1.0,v2at307,wmdd,policy-vs-rule,30,30,80.41734666666666,80.41734666666666,0.0,0.0,0.0,1.0,1.0,1.0,equivalent
transfer,campus=1|m=1.0,v2at308,wmdd,policy-vs-rule,30,30,80.41734666666666,80.41734666666666,0.0,0.0,0.0,1.0,1.0,1.0,equivalent
transfer,campus=1|m=1.0,v2at309,wmdd,policy-vs-rule,30,30,80.41734666666666,80.41734666666666,0.0,0.0,0.0,1.0,1.0,1.0,equivalent
transfer,campus=1|m=1.0,v2at310,wmdd,policy-vs-rule,30,30,80.41734666666666,80.41734666666666,0.0,0.0,0.0,1.0,1.0,1.0,equivalent
transfer,campus=1|m=1.0,v2at303,wmdd,policy-vs-rule,30,30,80.41734666666666,80.42038666666667,0.003040000000000494,0.0,0.009120000000001483,1.0,0.31731050786291415,1.0,equivalent
transfer,campus=1|m=1.0,rollcp2,wmdd,optimizer-vs-rule,8,8,100.0454,100.056025,0.010625000000000995,0.0031999999999996476,0.020856249999999396,1.000454,0.25,0.75,equivalent
transfer,campus=1|m=1.0,random,wmdd,rule-vs-rule,30,30,80.41734666666666,81.12109333333335,0.7037466666666667,0.0,1.7748666666666664,1.0,0.17971249487899976,1.0,inconclusive
transfer,campus=1|m=1.0,wspt,wmdd,rule-vs-rule,30,30,80.41734666666666,81.29713333333332,0.8797866666666664,0.0,2.292906666666666,1.0,0.17971249487899976,1.0,inconclusive
