scope_type,scope,method,family,n_rows,coverage,mean,best_method,mean_best,pct_from_best,ratio_to_best,n_configs,n_clusters,mean_diff,ci_lo,ci_hi,margin,wilcoxon_p,holm_p,verdict,in_equivalence_set
emp_m,m=0.6,rl301,policy-vs-policy,180,1.0,449.76718111111114,rl301,449.76718111111114,0.0,1.0,180,180,0.0,0.0,0.0,4.497671811111111,1.0,1.0,equivalent,1
emp_m,m=0.6,v2rl302,policy-vs-policy,180,1.0,450.2457377777778,rl301,449.76718111111114,0.10640097516328359,1.0010640097516328,180,180,0.47855666666667107,-0.33117050000000897,1.5603825277777659,4.497671811111111,0.9679000486136345,1.0,equivalent,1
emp_m,m=0.6,v2rl303,policy-vs-policy,180,1.0,450.3482633333333,rl301,449.76718111111114,0.12919622565315925,1.0012919622565315,180,180,0.5810822222222224,-0.4586552777777853,1.954622944444437,4.497671811111111,0.5754862281364963,1.0,equivalent,1
emp_m,m=0.6,v2rl310,policy-vs-policy,180,1.0,450.37308222222225,rl301,449.76718111111114,0.13471438925674445,1.0013471438925674,180,180,0.6059011111111179,0.14636469444444203,1.1919465833333962,4.497671811111111,0.05816729844884184,0.4955245211417102,equivalent,1
emp_m,m=0.6,v2rl305,policy-vs-policy,180,1.0,450.53495888888887,rl301,449.76718111111114,0.17070560281454836,1.0017070560281456,180,180,0.7677777777777752,-0.7609508888888896,2.772851888888879,4.497671811111111,0.2772406362261136,1.0,equivalent,1
emp_m,m=0.6,v2rl304,policy-vs-policy,180,1.0,450.5671966666667,rl301,449.76718111111114,0.177873261801623,1.0017787326180163,180,180,0.8000155555555646,-0.6812919444444198,2.2416491111111116,4.497671811111111,0.01245330404618514,0.13698634450803654,equivalent,1
emp_m,m=0.6,v2at302,policy-vs-policy,180,1.0,450.73348,rl301,449.76718111111114,0.2148442415255122,1.0021484424152551,180,180,0.9662988888888847,-0.17480133333333747,2.7924734999999865,4.497671811111111,0.23432097173768163,1.0,equivalent,1
emp_m,m=0.6,v2rl308,policy-vs-policy,180,1.0,450.97508555555555,rl301,449.76718111111114,0.26856215730556093,1.0026856215730555,180,180,1.2079044444444347,0.2768576111111165,2.3703657777777614,4.497671811111111,0.004969596485643009,0.05963515782771611,equivalent,1
emp_m,m=0.6,v2rl307,policy-vs-policy,180,1.0,451.1339088888889,rl301,449.76718111111114,0.3038745011144208,1.0030387450111442,180,180,1.366727777777774,-0.15925249999999824,3.504499972222214,4.497671811111111,0.5227810104666994,1.0,equivalent,1
emp_m,m=0.6,rl302,policy-vs-policy,180,1.0,451.1882166666667,rl301,449.76718111111114,0.3159491432978697,1.0031594914329787,180,180,1.4210355555555512,0.04860519444443395,3.1764271111111295,4.497671811111111,0.4204264735837405,1.0,equivalent,1
emp_m,m=0.6,v2at310,policy-vs-policy,180,1.0,451.2267455555556,rl301,449.76718111111114,0.3245155506541747,1.0032451555065418,180,180,1.4595644444444442,0.555376472222222,2.5570746388888783,4.497671811111111,0.0007787676862143366,0.010902747607000713,equivalent,1
emp_m,m=0.6,v2rl301,policy-vs-policy,180,1.0,451.6493433333334,rl301,449.76718111111114,0.41847478012346623,1.0041847478012347,180,180,1.8821622222222187,0.014764611111110902,4.452718388888889,4.497671811111111,0.14917758906284398,1.0,equivalent,1
emp_m,m=0.6,rl303,policy-vs-policy,180,1.0,451.66047777777777,rl301,449.76718111111114,0.42095038192635625,1.0042095038192635,180,180,1.893296666666675,0.0027287777777799953,4.236169000000003,4.497671811111111,0.0031851432686599455,0.04140686249257929,equivalent,1
emp_m,m=0.6,edd,rule-vs-policy,180,1.0,451.7136088888889,rl301,449.76718111111114,0.4327634072742486,1.0043276340727425,180,180,1.946427777777777,0.7583012777777786,3.4230362777777636,4.497671811111111,0.0004409382679493639,0.0008818765358987278,equivalent,1
emp_m,m=0.6,pfifo,rule-vs-policy,180,1.0,451.7136088888889,rl301,449.76718111111114,0.4327634072742486,1.0043276340727425,180,180,1.946427777777777,0.757605944444454,3.4006736944444413,4.497671811111111,0.0004409382679493639,0.0008818765358987278,equivalent,1
emp_m,m=0.6,v2rl309,policy-vs-policy,180,1.0,453.44436777777776,rl301,449.76718111111114,0.8175755860137329,1.0081757558601374,180,180,3.6771866666666724,1.5958203888888967,6.208857861111148,4.497671811111111,2.256819062805369e-05,0.00036109105004885906,inconclusive,0
emp_m,m=0.6,v2rl306,policy-vs-policy,180,1.0,453.91020555555554,rl301,449.76718111111114,0.9211486783471856,1.0092114867834718,180,180,4.14302444444444,0.9463881666666654,8.262460333333326,4.497671811111111,0.05372470829093752,0.4955245211417102,inconclusive,0
emp_m,m=0.6,v2at309,policy-vs-policy,180,1.0,454.16026777777785,rl301,449.76718111111114,0.9767468261721457,1.0097674682617215,180,180,4.3930866666666715,2.047996111111107,7.2079441388889,4.497671811111111,1.4886906460778572e-05,0.00025307740983323575,inconclusive,0
emp_m,m=0.6,v2at308,policy-vs-policy,180,1.0,454.7867177777778,rl301,449.76718111111114,1.1160299989577602,1.0111602999895777,180,180,5.019536666666663,1.458753916666661,9.05436266666666,4.497671811111111,0.0001191864215383877,0.0017877963230758156,inconclusive,0
emp_m,m=0.6,v2at306,policy-vs-policy,180,1.0,455.0103877777778,rl301,449.76718111111114,1.1657601725661175,1.011657601725661,180,180,5.243206666666664,2.63577555555555,8.343424944444454,4.497671811111111,5.374799694784892e-07,1.1824559328526763e-05,inconclusive,0
emp_m,m=0.6,wmdd,rule-vs-policy,180,1.0,455.0836822222222,rl301,449.76718111111114,1.1820562580793674,1.0118205625807937,180,180,5.316501111111108,2.715037944444442,8.28330075,4.497671811111111,6.28108477823397e-06,2.512433911293588e-05,inconclusive,0
emp_m,m=0.6,v2at307,policy-vs-policy,180,1.0,455.95934111111114,rl301,449.76718111111114,1.3767478508998372,1.0137674785089983,180,180,6.192159999999998,2.4198033888888855,10.345298388888878,4.497671811111111,7.6029625551400735e-06,0.00013685332599252132,inconclusive,0
emp_m,m=0.6,atc,rule-vs-policy,180,1.0,456.44054111111114,rl301,449.76718111111114,1.4837365375379414,1.0148373653753795,180,180,6.67336000000001,2.934184861111108,10.97055583333333,4.497671811111111,1.493563929839868e-05,4.480691789519604e-05,inconclusive,0
emp_m,m=0.6,v2at304,policy-vs-policy,180,1.0,456.7358433333334,rl301,449.76718111111114,1.5493932227350948,1.0154939322273508,180,180,6.968662222222233,3.467836777777792,10.883905638888917,4.497671811111111,5.383190614355775e-07,1.1824559328526763e-05,inconclusive,0
emp_m,m=0.6,v2at303,policy-vs-policy,180,1.0,457.78533888888893,rl301,449.76718111111114,1.7827351826715365,1.0178273518267154,180,180,8.018157777777777,3.3834133888888696,13.263726888888874,4.497671811111111,9.841805930879843e-07,1.9683611861759685e-05,inconclusive,0
emp_m,m=0.6,v2at305,policy-vs-policy,180,1.0,458.3245488888889,rl301,449.76718111111114,1.9026216534157772,1.0190262165341577,180,180,8.557367777777776,1.9839933611111027,17.770981055555556,4.497671811111111,0.04955245211417102,0.4955245211417102,inconclusive,0
emp_m,m=0.6,v2at301,policy-vs-policy,180,1.0,460.80076,rl301,449.76718111111114,2.4531756322529747,1.0245317563225298,180,180,11.033578888888885,3.968718638888888,20.07172552777776,4.497671811111111,1.9323105621784395e-06,3.671390068139035e-05,inconclusive,0
emp_m,m=0.6,wspt,rule-vs-policy,180,1.0,463.7768022222222,rl301,449.76718111111114,3.114860687812194,1.031148606878122,180,180,14.00962111111111,7.661341972222229,21.522312250000002,4.497671811111111,1.3016993124080623e-09,9.111895186856436e-09,worse,0
emp_m,m=0.6,random,rule-vs-policy,180,1.0,479.3151577777778,rl301,449.76718111111114,6.5696159941396655,1.0656961599413965,180,180,29.547976666666667,9.070002138888883,64.80630719444446,4.497671811111111,9.527038850477683e-09,5.71622331028661e-08,worse,0
emp_m,m=0.6,lpt,rule-vs-policy,180,1.0,536.7492233333334,rl301,449.76718111111114,19.339348417405773,1.1933934841740577,180,180,86.98204222222219,20.209031749999998,195.52161605555548,4.497671811111111,2.1266360107314253e-06,1.0633180053657127e-05,worse,0
emp_m,m=0.8,rl301,policy-vs-policy,180,1.0,446.2138077777778,rl301,446.2138077777778,0.0,1.0,180,180,0.0,0.0,0.0,4.462138077777778,1.0,1.0,equivalent,1
emp_m,m=0.8,v2at302,policy-vs-policy,180,1.0,446.26811,rl301,446.2138077777778,0.012169552191274675,1.0001216955219128,180,180,0.05430222222221914,-0.47009366666667357,0.7319814444444389,4.4621380777777775,0.6784023758521882,1.0,equivalent,1
emp_m,m=0.8,v2rl301,policy-vs-policy,180,1.0,446.2874366666666,rl301,446.2138077777778,0.016500809164897552,1.0001650080916489,180,180,0.07362888888888663,-0.43574666666666456,0.7390898333333268,4.4621380777777775,0.7670968684102772,1.0,equivalent,1
emp_m,m=0.8,v2rl307,policy-vs-policy,180,1.0,446.29960777777785,rl301,446.2138077777778,0.019228450241681634,1.0001922845024167,180,180,0.08579999999999931,-0.4286765555555571,0.751526611111108,4.4621380777777775,0.8589549227374824,1.0,equivalent,1
emp_m,m=0.8,v2rl305,policy-vs-policy,180,1.0,446.3163366666667,rl301,446.2138077777778,0.022977524922306612,1.000229775249223,180,180,0.10252888888888789,-0.43543599999999666,0.784272611111109,4.4621380777777775,0.9593536340401635,1.0,equivalent,1
emp_m,m=0.8,rl302,policy-vs-policy,180,1.0,446.31804555555556,rl301,446.2138077777778,0.023360500271583033,1.0002336050027159,180,180,0.1042377777777754,-0.3863671111111135,0.6713492777777754,4.4621380777777775,0.7988593499960496,1.0,equivalent,1
emp_m,m=0.8,v2rl303,policy-vs-policy,180,1.0,446.31832333333335,rl301,446.2138077777778,0.023422752441496792,1.000234227524415,180,180,0.10451555555555167,-0.2293311111111128,0.6010085555555507,4.4621380777777775,0.8589549227374824,1.0,equivalent,1
emp_m,m=0.8,v2rl302,policy-vs-policy,180,1.0,446.32465444444443,rl301,446.2138077777778,0.02484160389806885,1.0002484160389806,180,180,0.11084666666666579,-0.27128400000000263,0.7169726666666641,4.4621380777777775,0.26039294361048326,1.0,equivalent,1
emp_m,m=0.8,v2rl310,policy-vs-policy,180,1.0,446.37114777777776,rl301,446.2138077777778,0.03526112308885218,1.0003526112308885,180,180,0.1573399999999971,-0.3348845555555582,0.8025218888888864,4.4621380777777775,0.44086703541808714,1.0,equivalent,1
emp_m,m=0.8,v2rl308,policy-vs-policy,180,1.0,446.4653388888889,rl301,446.2138077777778,0.056370086879148906,1.0005637008687915,180,180,0.25153111111110793,-0.23574072222222436,0.911290333333329,4.4621380777777775,0.5939546753269146,1.0,equivalent,1
emp_m,m=0.8,rl303,policy-vs-policy,180,1.0,446.59543666666667,rl301,446.2138077777778,0.08552601516063825,1.0008552601516063,180,180,0.3816288888888864,-0.3113005555555581,1.3451960555555509,4.4621380777777775,1.0,1.0,equivalent,1
emp_m,m=0.8,v2rl304,policy-vs-policy,180,1.0,446.63493,rl301,446.2138077777778,0.09437677966969935,1.000943767796697,180,180,0.4211222222222179,0.030570888888887506,1.0463087777777706,4.4621380777777775,0.038151710173415135,0.5341239424278119,equivalent,1
emp_m,m=0.8,edd,rule-vs-policy,180,1.0,446.6359855555556,rl301,446.2138077777778,0.09461333791536143,1.0009461333791536,180,180,0.42217777777777565,0.06301927777777933,0.887361638888887,4.4621380777777775,0.02312980249735946,0.04625960499471892,equivalent,1
emp_m,m=0.8,pfifo,rule-vs-policy,180,1.0,446.6359855555556,rl301,446.2138077777778,0.09461333791536143,1.0009461333791536,180,180,0.42217777777777565,0.06103077777777631,0.8938409444444377,4.4621380777777775,0.02312980249735946,0.04625960499471892,equivalent,1
emp_m,m=0.8,v2at305,policy-vs-policy,180,1.0,446.66172555555556,rl301,446.2138077777778,0.10038187298785828,1.0010038187298786,180,180,0.4479177777777772,-0.32169672222222395,1.4491165555555596,4.4621380777777775,1.0,1.0,equivalent,1
emp_m,m=0.8,v2at310,policy-vs-policy,180,1.0,446.7143077777778,rl301,446.2138077777778,0.11216595974305794,1.0011216595974306,180,180,0.5004999999999978,-0.07204249999999886,1.2407509999999968,4.4621380777777775,0.09260069782067576,1.0,equivalent,1
emp_m,m=0.8,v2rl306,policy-vs-policy,180,1.0,446.7369966666667,rl301,446.2138077777778,0.11725071698127894,1.0011725071698128,180,180,0.5231888888888885,-0.3434347222222233,1.7520251666666664,4.4621380777777775,0.8784817434328712,1.0,equivalent,1
emp_m,m=0.8,v2rl309,policy-vs-policy,180,1.0,447.14385666666664,rl301,446.2138077777778,0.2084312212391304,1.0020843122123912,180,180,0.9300488888888873,0.2691582222222224,1.7851159999999953,4.4621380777777775,0.004741768038406972,0.07586828861451156,equivalent,1
emp_m,m=0.8,v2at309,policy-vs-policy,180,1.0,447.5261677777778,rl301,446.2138077777778,0.2941101277290797,1.0029411012772909,180,180,1.312359999999998,0.4259651111111149,2.456353666666666,4.4621380777777775,0.0035022723892946398,0.059538630618008875,equivalent,1
emp_m,m=0.8,wmdd,rule-vs-policy,180,1.0,447.54666888888886,rl301,446.2138077777778,0.2987045868770739,1.0029870458687706,180,180,1.3328611111111113,0.4683218055555575,2.346582722222219,4.4621380777777775,0.002610776740525937,0.010443106962103748,equivalent,1
emp_m,m=0.8,v2at308,policy-vs-policy,180,1.0,447.67619666666667,rl301,446.2138077777778,0.32773277370591286,1.003277327737059,180,180,1.4623888888888867,0.4703216111111101,2.6829717777777775,4.4621380777777775,0.006039559048656822,0.09059338572985233,equivalent,1
emp_m,m=0.8,v2at306,policy-vs-policy,180,1.0,447.8619255555556,rl301,446.2138077777778,0.36935606855954095,1.0036935606855955,180,180,1.6481177777777785,0.6522703333333342,2.8866277222222227,4.4621380777777775,0.0012063162374292998,0.021713692273727395,equivalent,1
emp_m,m=0.8,v2at304,policy-vs-policy,180,1.0,447.9981022222222,rl301,446.2138077777778,0.39987432332731004,1.003998743233273,180,180,1.7842944444444433,0.6729548055555596,3.0918098888888856,4.4621380777777775,0.0009350911193154891,0.017766731266994292,equivalent,1
emp_m,m=0.8,v2at307,policy-vs-policy,180,1.0,448.12008888888886,rl301,446.2138077777778,0.42721248824743485,1.0042721248824744,180,180,1.906281111111109,0.8161760833333291,3.26002080555555,4.4621380777777775,7.453303968322738e-05,0.001565193833347775,equivalent,1
emp_m,m=0.8,atc,rule-vs-policy,180,1.0,448.1663633333333,rl301,446.2138077777778,0.4375829527283344,1.0043758295272833,180,180,1.9525555555555447,0.77025016666666,3.354114166666651,4.4621380777777775,0.0006549583433856954,0.003274791716928477,equivalent,1
emp_m,m=0.8,v2at303,policy-vs-policy,180,1.0,448.2295966666666,rl301,446.2138077777778,0.4517540366865413,1.0045175403668654,180,180,2.0157888888888857,0.8772220000000046,3.3890014999999933,4.4621380777777775,4.941316961381802e-05,0.0010870897315039965,equivalent,1
emp_m,m=0.8,v2at301,policy-vs-policy,180,1.0,449.8277633333334,rl301,446.2138077777778,0.8099156710442762,1.0080991567104427,180,180,3.6139555555555494,0.9594624444444491,7.479428722222207,4.4621380777777775,0.00016209061549089657,0.0032418123098179315,inconclusive,0
emp_m,m=0.8,wspt,rule-vs-policy,180,1.0,450.36247000000003,rl301,446.2138077777778,0.929747611998674,1.0092974761199867,180,180,4.14866222222221,2.4075952222222234,6.2342822777777505,4.4621380777777775,1.137860004742304e-07,7.965020033196128e-07,inconclusive,0
emp_m,m=0.8,random,rule-vs-policy,180,1.0,450.5859366666667,rl301,446.2138077777778,0.97982823764753,1.0097982823764753,180,180,4.372128888888887,1.7666678888888867,7.824214333333328,4.4621380777777775,6.485474821931096e-06,3.891284893158658e-05,inconclusive,0
emp_m,m=0.8,lpt,rule-vs-policy,180,1.0,455.33090555555555,rl301,446.2138077777778,2.0432128317997345,1.0204321283179973,180,180,9.117097777777776,1.3133642222222235,20.97050905555554,4.4621380777777775,0.0031429285311656034,0.010443106962103748,inconclusive,0
emp_m,m=1.0,v2rl302,policy-vs-policy,180,1.0,444.68101666666666,v2rl302,444.68101666666666,0.0,1.0,180,180,0.0,0.0,0.0,4.446810166666666,1.0,1.0,equivalent,1
emp_m,m=1.0,v2rl308,policy-vs-policy,180,1.0,444.70772111111114,v2rl302,444.68101666666666,0.006005303452045958,1.0000600530345205,180,180,0.026704444444443552,0.0,0.0645444444444441,4.446810166666667,0.10880943004054568,0.9792848703649111,equivalent,1
emp_m,m=1.0,v2rl310,policy-vs-policy,180,1.0,444.7120755555556,v2rl302,444.68101666666666,0.0069845322208160225,1.000069845322208,180,180,0.031058888888890836,-0.003246666666665574,0.0825688888888917,4.446810166666667,0.27332167829229814,0.9792848703649111,equivalent,1
emp_m,m=1.0,v2at302,policy-vs-policy,180,1.0,444.71602444444443,v2rl302,444.68101666666666,0.00787255953496348,1.0000787255953496,180,180,0.0350077777777762,-0.0005833333333328024,0.08187852777777521,4.446810166666667,0.13801073756865956,0.9792848703649111,equivalent,1
emp_m,m=1.0,v2rl303,policy-vs-policy,180,1.0,444.73146333333335,v2rl302,444.68101666666666,0.011344461484961939,1.0001134446148496,180,180,0.05044666666666823,0.0,0.12979450000000672,4.446810166666667,0.10880943004054568,0.9792848703649111,equivalent,1
emp_m,m=1.0,v2rl301,policy-vs-policy,180,1.0,444.75599888888894,v2rl302,444.68101666666666,0.01686202455511642,1.000168620245551,180,180,0.07498222222222037,0.014309222222222638,0.15945366666666724,4.446810166666667,0.043114446783075355,0.6898311485292057,equivalent,1
emp_m,m=1.0,v2rl305,policy-vs-policy,180,1.0,444.76037666666673,v2rl302,444.68101666666666,0.017846500530863337,1.0001784650053087,180,180,0.07935999999999695,0.011111111111111112,0.18044444444444202,4.446810166666667,0.043114446783075355,0.6898311485292057,equivalent,1
emp_m,m=1.0,v2rl304,policy-vs-policy,180,1.0,444.7625444444445,v2rl302,444.68101666666666,0.018333991045748,1.0001833399104574,180,180,0.08152777777777974,-0.002406666666666663,0.19521222222222528,4.446810166666667,0.14412703481601533,0.9792848703649111,equivalent,1
emp_m,m=1.0,rl301,policy-vs-policy,180,1.0,444.7627211111111,v2rl302,444.68101666666666,0.018373719898565427,1.0001837371989857,180,180,0.08170444444444493,-0.0024057222222228433,0.21273188888888814,4.446810166666667,0.11585149752593009,0.9792848703649111,equivalent,1
emp_m,m=1.0,rl302,policy-vs-policy,180,1.0,444.76439444444446,v2rl302,444.68101666666666,0.018750019598947322,1.0001875001959895,180,180,0.08337777777777926,0.0,0.24023555555555984,4.446810166666667,0.17971249487899976,0.9792848703649111,equivalent,1
emp_m,m=1.0,v2at310,policy-vs-policy,180,1.0,444.7653422222222,v2rl302,444.68101666666666,0.018963156149020426,1.0001896315614902,180,180,0.08432555555555613,-0.0061444444444444125,0.2591211111111128,4.446810166666667,0.5929800980174267,0.9792848703649111,equivalent,1
emp_m,m=1.0,v2rl307,policy-vs-policy,180,1.0,444.7699366666667,v2rl302,444.68101666666666,0.01999635618956152,1.0001999635618957,180,180,0.08892000000000182,0.012000000000001402,0.18329366666666883,4.446810166666667,0.046399461870904594,0.6898311485292057,equivalent,1
emp_m,m=1.0,v2rl306,policy-vs-policy,180,1.0,444.8585588888889,v2rl302,444.68101666666666,0.03992574802340689,1.000399257480234,180,180,0.17754222222222324,0.007160000000000208,0.48380000000000284,4.446810166666667,0.06788915486182899,0.7467807034801189,equivalent,1
emp_m,m=1.0,edd,rule-vs-policy,180,1.0,444.8689277777778,v2rl302,444.68101666666666,0.042257506857323886,1.0004225750685733,180,180,0.1879111111111126,0.023322222222222265,0.4062266666666695,4.446810166666667,0.03546586462402558,0.07093172924805116,equivalent,1
emp_m,m=1.0,pfifo,rule-vs-policy,180,1.0,444.8689277777778,v2rl302,444.68101666666666,0.042257506857323886,1.0004225750685733,180,180,0.1879111111111126,0.026617777777777955,0.4040193333333374,4.446810166666667,0.03546586462402558,0.07093172924805116,equivalent,1
emp_m,m=1.0,v2at305,policy-vs-policy,180,1.0,444.89322555555555,v2rl302,444.68101666666666,0.0477215983896954,1.000477215983897,180,180,0.2122088888888925,0.007160000000000208,0.5875911111111211,4.446810166666667,0.06788915486182899,0.7467807034801189,equivalent,1
emp_m,m=1.0,rl303,policy-vs-policy,180,1.0,444.9024455555555,v2rl302,444.68101666666666,0.04979499474672541,1.0004979499474673,180,180,0.2214288888888912,-0.004084444444444399,0.5969333333333389,4.446810166666667,0.28504940740261275,0.9792848703649111,equivalent,1
emp_m,m=1.0,v2rl309,policy-vs-policy,180,1.0,444.95305222222225,v2rl302,444.68101666666666,0.061175437079543225,1.0006117543707955,180,180,0.27203555555555725,0.02955555555555551,0.6347733333333385,4.446810166666667,0.043114446783075355,0.6898311485292057,equivalent,1
emp_m,m=1.0,v2at309,policy-vs-policy,180,1.0,445.18099,v2rl302,444.68101666666666,0.1124341527059439,1.0011243415270594,180,180,0.4999733333333337,0.06025055555555541,1.1122845555555534,4.446810166666667,0.05933611988090862,0.7120334385709034,equivalent,1
emp_m,m=1.0,v2at308,policy-vs-policy,180,1.0,445.25143333333335,v2rl302,444.68101666666666,0.1282754705704635,1.0012827547057046,180,180,0.5704166666666711,0.05885111111111251,1.3502448888888965,4.446810166666667,0.027991815485665747,0.4758608632563177,equivalent,1
emp_m,m=1.0,v2at307,policy-vs-policy,180,1.0,445.25178555555556,v2rl302,444.68101666666666,0.1283546784091171,1.0012835467840913,180,180,0.5707688888888893,0.09751911111111242,1.2098826666666649,4.446810166666667,0.009344113002204883,0.1766662409576641,equivalent,1
emp_m,m=1.0,wmdd,rule-vs-policy,180,1.0,445.33198999999996,v2rl302,444.68101666666666,0.14639107785913597,1.0014639107785914,180,180,0.6509733333333377,0.16524922222222213,1.2735096111111235,4.446810166666667,0.020879263166351643,0.06263778949905494,equivalent,1
emp_m,m=1.0,v2at306,policy-vs-policy,180,1.0,445.4323655555556,v2rl302,444.68101666666666,0.16896356280756744,1.0016896356280758,180,180,0.75134888888889,0.22239333333333333,1.4315291666666696,4.446810166666667,0.00929822320829811,0.1766662409576641,equivalent,1
emp_m,m=1.0,atc,rule-vs-policy,180,1.0,445.55514999999997,v2rl302,444.68101666666666,0.1965753653901884,1.001965753653902,180,180,0.8741333333333341,0.2628995,1.6410129444444428,4.446810166666667,0.012792160247732852,0.05116864099093141,equivalent,1
emp_m,m=1.0,lpt,rule-vs-policy,180,1.0,445.5785988888889,v2rl302,444.68101666666666,0.2018485585354027,1.002018485585354,180,180,0.8975822222222226,0.07433955555555252,2.4381644444444497,4.446810166666667,0.007685794055213263,0.038428970276066315,equivalent,1
emp_m,m=1.0,v2at303,policy-vs-policy,180,1.0,445.63895222222226,v2rl302,444.68101666666666,0.2154208341827335,1.0021542083418273,180,180,0.95793555555556,0.2348172777777783,1.898994611111124,4.446810166666667,0.003688569677208209,0.07745996322137239,equivalent,1
emp_m,m=1.0,v2at304,policy-vs-policy,180,1.0,445.6654066666666,v2rl302,444.68101666666666,0.22136991755999827,1.0022136991755999,180,180,0.9843900000000025,0.2617641944444452,1.894909333333336,4.446810166666667,0.005822758233189511,0.11645516466379022,equivalent,1
emp_m,m=1.0,v2at301,policy-vs-policy,180,1.0,445.8835966666666,v2rl302,444.68101666666666,0.27043655000487915,1.0027043655000487,180,180,1.2025800000000015,0.4071175555555555,2.2333205555555566,4.446810166666667,0.0007748336777427583,0.017046340910340685,equivalent,1
emp_m,m=1.0,random,rule-vs-policy,180,1.0,446.3160666666667,v2rl302,444.68101666666666,0.36769053292546333,1.0036769053292547,180,180,1.6350499999999972,0.5723388888888871,3.181273361111108,4.446810166666667,0.0001318338889828333,0.0007910033338969998,equivalent,1
emp_m,m=1.0,wspt,rule-vs-policy,180,1.0,446.6459477777778,v2rl302,444.68101666666666,0.441874295835759,1.0044187429583575,180,180,1.9649311111111145,0.8907340555555577,3.3120528888888994,4.446810166666667,1.7564851371585654e-05,0.00012295395960109956,equivalent,1
emp_m_ubin,m=0.6|u_bin=0.5-0.8,v2rl303,policy-vs-policy,48,1.0,422.37986666666666,v2rl303,422.37986666666666,0.0,1.0,48,48,0.0,0.0,0.0,4.223798666666666,1.0,1.0,equivalent,1
emp_m_ubin,m=0.6|u_bin=0.5-0.8,rl301,policy-vs-policy,48,1.0,422.7670166666667,v2rl303,422.37986666666666,0.09165919840245376,1.0009165919840246,48,48,0.3871500000000066,0.005533333333333464,0.9959166666666898,4.223798666666666,0.06788915486182899,1.0,equivalent,1
emp_m_ubin,m=0.6|u_bin=0.5-0.8,v2at302,policy-vs-policy,48,1.0,423.01489999999995,v2rl303,422.37986666666666,0.15034649694476368,1.0015034649694476,48,48,0.6350333333333325,-0.04393333333333042,1.9490333333333278,4.223798666666666,0.5929800980174267,1.0,equivalent,1
emp_m_ubin,m=0.6|u_bin=0.5-0.8,v2rl310,policy-vs-policy,48,1.0,423.09708333333333,v2rl303,422.37986666666666,0.16980370592159047,1.001698037059216,48,48,0.7172166666666655,-0.02953333333333319,2.098366666666666,4.223798666666666,0.28504940740261275,1.0,equivalent,1
emp_m_ubin,m=0.6|u_bin=0.5-0.8,v2rl305,policy-vs-policy,48,1.0,423.15597499999996,v2rl303,422.37986666666666,0.1837465264284924,1.001837465264285,48,48,0.776108333333338,-0.02953333333333319,2.1911000000000107,4.223798666666666,0.28504940740261275,1.0,equivalent,1
emp_m_ubin,m=0.6|u_bin=0.5-0.8,v2rl301,policy-vs-policy,48,1.0,423.3277666666666,v2rl303,422.37986666666666,0.2244188406707392,1.0022441884067075,48,48,0.9478999999999971,-0.02953333333333319,2.7745333333333284,4.223798666666666,0.28504940740261275,1.0,equivalent,1
emp_m_ubin,m=0.6|u_bin=0.5-0.8,v2rl306,policy-vs-policy,48,1.0,423.3361,v2rl303,422.37986666666666,0.2263917882449566,1.0022639178824495,48,48,0.9562333333333323,-0.02953333333333319,2.7911999999999986,4.223798666666666,0.28504940740261275,1.0,equivalent,1
emp_m_ubin,m=0.6|u_bin=0.5-0.8,v2rl308,policy-vs-policy,48,1.0,423.3609333333334,v2rl303,422.37986666666666,0.23227117201610312,1.002322711720161,48,48,0.9810666666666611,-0.020966666666666356,2.8617666666666537,4.223798666666666,0.27332167829229814,1.0,equivalent,1
emp_m_ubin,m=0.6|u_bin=0.5-0.8,v2rl302,policy-vs-policy,48,1.0,423.4946333333333,v2rl303,422.37986666666666,0.2639251428966405,1.0026392514289664,48,48,1.1147666666666705,-0.02953333333333319,3.2932333333333426,4.223798666666666,0.28504940740261275,1.0,equivalent,1
emp_m_ubin,m=0.6|u_bin=0.5-0.8,v2rl307,policy-vs-policy,48,1.0,423.84657500000003,v2rl303,422.37986666666666,0.34724863779808607,1.003472486377981,48,48,1.4667083333333366,-0.02953333333333319,4.262900000000006,4.223798666666666,0.28504940740261275,1.0,inconclusive,0
emp_m_ubin,m=0.6|u_bin=0.5-0.8,v2at310,policy-vs-policy,48,1.0,424.08402083333334,v2rl303,422.37986666666666,0.40346481950371127,1.004034648195037,48,48,1.704154166666676,-0.02953333333333319,4.936654166666692,4.223798666666666,0.28504940740261275,1.0,inconclusive,0
emp_m_ubin,m=0.6|u_bin=0.5-0.8,rl302,policy-vs-policy,48,1.0,424.3874791666667,v2rl303,422.37986666666666,0.47530970541842044,1.0047530970541843,48,48,2.0076125000000054,-0.02953333333333319,5.984320833333352,4.223798666666666,0.28504940740261275,1.0,inconclusive,0
emp_m_ubin,m=0.6|u_bin=0.5-0.8,v2rl304,policy-vs-policy,48,1.0,424.5663916666667,v2rl303,422.37986666666666,0.5176679033628222,1.0051766790336283,48,48,2.1865250000000103,-0.020966666666666356,6.2155841666666936,4.223798666666666,0.27332167829229814,1.0,inconclusive,0
emp_m_ubin,m=0.6|u_bin=0.5-0.8,edd,rule-vs-policy,48,1.0,424.7407166666667,v2rl303,422.37986666666666,0.558939993667634,1.0055893999366763,48,48,2.3608500000000046,0.04870833333333321,5.669375000000007,4.223798666666666,0.06788915486182899,0.20366746458548696,inconclusive,0
emp_m_ubin,m=0.6|u_bin=0.5-0.8,pfifo,rule-vs-policy,48,1.0,424.7407166666667,v2rl303,422.37986666666666,0.558939993667634,1.0055893999366763,48,48,2.3608500000000046,0.04870833333333321,5.669375000000007,4.223798666666666,0.06788915486182899,0.20366746458548696,inconclusive,0
emp_m_ubin,m=0.6|u_bin=0.5-0.8,v2rl309,policy-vs-policy,48,1.0,425.15663333333333,v2rl303,422.37986666666666,0.6574098070962365,1.0065740980709623,48,48,2.776766666666672,-0.020966666666666356,7.899833333333343,4.223798666666666,0.27332167829229814,1.0,inconclusive,0
emp_m_ubin,m=0.6|u_bin=0.5-0.8,rl303,policy-vs-policy,48,1.0,425.61265000000003,v2rl303,422.37986666666666,0.7653734442519292,1.0076537344425194,48,48,3.232783333333328,-0.020966666666666356,8.851016666666654,4.223798666666666,0.27332167829229814,1.0,inconclusive,0
emp_m_ubin,m=0.6|u_bin=0.5-0.8,v2at309,policy-vs-policy,48,1.0,426.9642166666667,v2rl303,422.37986666666666,1.0853618654172033,1.0108536186541721,48,48,4.58435000000001,0.05727500000000004,11.593550000000041,4.223798666666666,0.043114446783075355,0.732945595312281,inconclusive,0
emp_m_ubin,m=0.6|u_bin=0.5-0.8,wmdd,rule-vs-policy,48,1.0,427.7049541666667,v2rl303,422.37986666666666,1.2607342158669934,1.0126073421586699,48,48,5.32508750000001,0.10750833333333354,13.003160312500032,4.223798666666666,0.027707849358079864,0.1385392467903993,inconclusive,0
emp_m_ubin,m=0.6|u_bin=0.5-0.8,v2at305,policy-vs-policy,48,1.0,427.98685,v2rl303,422.37986666666666,1.327474099933428,1.0132747409993343,48,48,5.606983333333335,-0.014766666666666595,16.50258333333333,4.223798666666666,0.14412703481601533,1.0,inconclusive,0
emp_m_ubin,m=0.6|u_bin=0.5-0.8,v2at306,policy-vs-policy,48,1.0,428.05406666666664,v2rl303,422.37986666666666,1.3433878950669647,1.0134338789506696,48,48,5.674200000000006,0.43593333333333345,13.729435000000002,4.223798666666666,0.011616044899262472,0.22070485308598697,inconclusive,0
emp_m_ubin,m=0.6|u_bin=0.5-0.8,v2at308,policy-vs-policy,48,1.0,428.42578333333336,v2rl303,422.37986666666666,1.431393194561996,1.01431393194562,48,48,6.045916666666668,0.0,15.273166666666668,4.223798666666666,0.13801073756865956,1.0,inconclusive,0
emp_m_ubin,m=0.6|u_bin=0.5-0.8,atc,rule-vs-policy,48,1.0,428.50320000000005,v2rl303,422.37986666666666,1.4497218775263732,1.0144972187752637,48,48,6.123333333333349,0.10217500000000317,14.823595000000022,4.223798666666666,0.027707849358079864,0.1385392467903993,inconclusive,0
emp_m_ubin,m=0.6|u_bin=0.5-0.8,v2at307,policy-vs-policy,48,1.0,428.8296041666667,v2rl303,422.37986666666666,1.526999274586642,1.0152699927458664,48,48,6.449737500000002,0.545763958333343,15.366282083333337,4.223798666666666,0.007685794055213263,0.1614016751594785,inconclusive,0
emp_m_ubin,m=0.6|u_bin=0.5-0.8,v2at304,policy-vs-policy,48,1.0,429.02320833333334,v2rl303,422.37986666666666,1.5728357791043748,1.0157283577910436,48,48,6.643341666666672,0.4543500000000063,15.926060833333336,4.223798666666666,0.007685794055213263,0.1614016751594785,inconclusive,0
emp_m_ubin,m=0.6|u_bin=0.5-0.8,v2at303,policy-vs-policy,48,1.0,430.57430833333336,v2rl303,422.37986666666666,1.9400644569864376,1.0194006445698645,48,48,8.194441666666675,1.1163212500000044,18.80026750000001,4.223798666666666,0.003283460986069043,0.07223614169351894,inconclusive,0
emp_m_ubin,m=0.6|u_bin=0.5-0.8,wspt,rule-vs-policy,48,1.0,433.7403583333333,v2rl303,422.37986666666666,2.6896385370641007,1.026896385370641,48,48,11.360491666666661,1.777650416666667,25.311679374999997,4.223798666666666,0.002200340526906492,0.015402383688345442,inconclusive,0
emp_m_ubin,m=0.6|u_bin=0.5-0.8,random,rule-vs-policy,48,1.0,434.2677166666667,v2rl303,422.37986666666666,2.8144925784025725,1.0281449257840258,48,48,11.88785,1.363052916666665,29.796487499999994,4.223798666666666,0.0033456181158508813,0.02007370869510529,inconclusive,0
emp_m_ubin,m=0.6|u_bin=0.5-0.8,v2at301,policy-vs-policy,48,1.0,435.8061,v2rl303,422.37986666666666,3.178710538286395,1.031787105382864,48,48,13.426233333333334,0.20823375000000025,35.027899999999995,4.223798666666666,0.017960477526078766,0.3232885954694178,inconclusive,0
emp_m_ubin,m=0.6|u_bin=0.5-0.8,lpt,rule-vs-policy,48,1.0,459.7131583333333,v2rl303,422.37986666666666,8.838795267703725,1.0883879526770373,48,48,37.33329166666669,0.014533333333334989,103.28248333333336,4.223798666666666,0.07961580146011343,0.20366746458548696,inconclusive,0
emp_m_ubin,m=0.6|u_bin=0.8-1.0,v2rl305,policy-vs-policy,27,1.0,677.0946740740741,v2rl305,677.0946740740741,0.0,1.0,27,27,0.0,0.0,0.0,6.770946740740741,1.0,1.0,equivalent,1
emp_m_ubin,m=0.6|u_bin=0.8-1.0,v2rl302,policy-vs-policy,27,1.0,678.3601333333334,v2rl305,677.0946740740741,0.1868954679033308,1.0018689546790334,27,27,1.265459259259265,-3.0351777777777644,7.29287407407407,6.770946740740741,0.5001842570707944,1.0,inconclusive,0
emp_m_ubin,m=0.6|u_bin=0.8-1.0,v2rl301,policy-vs-policy,27,1.0,678.7504074074074,v2rl305,677.0946740740741,0.2445349811084375,1.0024453498110844,27,27,1.6557333333333577,-0.08293333333330742,4.992785185185223,6.770946740740741,0.34523107177184,1.0,equivalent,1
emp_m_ubin,m=0.6|u_bin=0.8-1.0,v2rl307,policy-vs-policy,27,1.0,678.8054148148149,v2rl305,677.0946740740741,0.2526590159759009,1.002526590159759,27,27,1.710740740740751,-2.4911111111111066,7.642059259259268,6.770946740740741,0.6858304344516057,1.0,inconclusive,0
emp_m_ubin,m=0.6|u_bin=0.8-1.0,rl302,policy-vs-policy,27,1.0,678.9031925925926,v2rl305,677.0946740740741,0.2670997997424363,1.0026709979974244,27,27,1.808518518518541,-2.3274074074073834,7.811481481481506,6.770946740740741,0.892738400944348,1.0,inconclusive,0
emp_m_ubin,m=0.6|u_bin=0.8-1.0,rl303,policy-vs-policy,27,1.0,679.0075333333334,v2rl305,677.0946740740741,0.2825098664193699,1.0028250986641938,27,27,1.912859259259297,-0.09822962962962939,4.738578518518621,6.770946740740741,0.13801073756865956,1.0,equivalent,1
emp_m_ubin,m=0.6|u_bin=0.8-1.0,v2at302,policy-vs-policy,27,1.0,679.0328666666667,v2rl305,677.0946740740741,0.28625134221341725,1.0028625134221343,27,27,1.9381925925925998,-1.771684444444415,7.586607407407406,6.770946740740741,0.6858304344516057,1.0,inconclusive,0
emp_m_ubin,m=0.6|u_bin=0.8-1.0,v2rl303,policy-vs-policy,27,1.0,679.2151777777777,v2rl305,677.0946740740741,0.313176839945381,1.0031317683994538,27,27,2.120503703703708,-1.6494222222222392,7.969659259259275,6.770946740740741,0.892738400944348,1.0,inconclusive,0
emp_m_ubin,m=0.6|u_bin=0.8-1.0,rl301,policy-vs-policy,27,1.0,679.8319037037037,v2rl305,677.0946740740741,0.40426098955404827,1.0040426098955404,27,27,2.7372296296296437,-1.631683333333346,8.84624629629632,6.770946740740741,0.3454475304692257,1.0,inconclusive,0
emp_m_ubin,m=0.6|u_bin=0.8-1.0,v2rl310,policy-vs-policy,27,1.0,681.0346666666667,v2rl305,677.0946740740741,0.5818968518664744,1.0058189685186647,27,27,3.9399925925926067,0.005148148148148519,9.870666666666697,6.770946740740741,0.07961580146011343,0.9947404694839619,inconclusive,0
emp_m_ubin,m=0.6|u_bin=0.8-1.0,v2at310,policy-vs-policy,27,1.0,682.7305481481482,v2rl305,677.0946740740741,0.8323613063093622,1.0083236130630937,27,27,5.635874074074077,0.6355555555555585,11.909651851851866,6.770946740740741,0.046399461870904594,0.7887908518053781,inconclusive,0
emp_m_ubin,m=0.6|u_bin=0.8-1.0,v2rl308,policy-vs-policy,27,1.0,683.010362962963,v2rl305,677.0946740740741,0.8736871098533732,1.0087368710985338,27,27,5.91568888888889,1.0217481481481416,12.375318518518535,6.770946740740741,0.027707849358079864,0.5818648365196771,inconclusive,0
emp_m_ubin,m=0.6|u_bin=0.8-1.0,v2rl304,policy-vs-policy,27,1.0,683.2292222222223,v2rl305,677.0946740740741,0.9060103975174896,1.009060103975175,27,27,6.134548148148168,0.4937607407407391,13.094392592592621,6.770946740740741,0.027707849358079864,0.5818648365196771,inconclusive,0
emp_m_ubin,m=0.6|u_bin=0.8-1.0,edd,rule-vs-policy,27,1.0,683.4089481481482,v2rl305,677.0946740740741,0.9325540896786483,1.0093255408967865,27,27,6.3142740740740795,-0.2998000000000005,14.967976851851894,6.770946740740741,0.09289194088370532,0.27867582265111596,inconclusive,0
emp_m_ubin,m=0.6|u_bin=0.8-1.0,pfifo,rule-vs-policy,27,1.0,683.4089481481482,v2rl305,677.0946740740741,0.9325540896786483,1.0093255408967865,27,27,6.3142740740740795,-0.35616740740741387,14.905790000000051,6.770946740740741,0.09289194088370532,0.27867582265111596,inconclusive,0
emp_m_ubin,m=0.6|u_bin=0.8-1.0,v2rl306,policy-vs-policy,27,1.0,686.7319481481483,v2rl305,677.0946740740741,1.4233274079807439,1.0142332740798075,27,27,9.637274074074087,-1.9154370370370426,29.236488888888946,6.770946740740741,0.22491588401596185,1.0,inconclusive,0
emp_m_ubin,m=0.6|u_bin=0.8-1.0,v2rl309,policy-vs-policy,27,1.0,687.5044814814814,v2rl305,677.0946740740741,1.5374227277216073,1.0153742272772162,27,27,10.409807407407428,1.1766851851851867,22.4596792592593,6.770946740740741,0.017960477526078766,0.39513050557373286,inconclusive,0
emp_m_ubin,m=0.6|u_bin=0.8-1.0,v2at301,policy-vs-policy,27,1.0,687.5065481481482,v2rl305,677.0946740740741,1.5377279533785095,1.0153772795337852,27,27,10.411874074074108,-3.0860803703703623,28.514113518518588,6.770946740740741,0.3139380937749148,1.0,inconclusive,0
emp_m_ubin,m=0.6|u_bin=0.8-1.0,v2at308,policy-vs-policy,27,1.0,687.7210518518519,v2rl305,677.0946740740741,1.5694079697657373,1.0156940796976575,27,27,10.626377777777794,-1.7719037037037004,28.47876944444448,6.770946740740741,0.0663160312989308,0.9947404694839619,inconclusive,0
emp_m_ubin,m=0.6|u_bin=0.8-1.0,v2at309,policy-vs-policy,27,1.0,688.063637037037,v2rl305,677.0946740740741,1.6200043188883364,1.0162000431888834,27,27,10.968962962962994,1.146480740740741,24.25938555555559,6.770946740740741,0.0687035743228782,0.9947404694839619,inconclusive,0
emp_m_ubin,m=0.6|u_bin=0.8-1.0,atc,rule-vs-policy,27,1.0,688.3666518518519,v2rl305,677.0946740740741,1.6647565265806024,1.016647565265806,27,27,11.2719777777778,0.1281329629629669,26.492932037037065,6.770946740740741,0.1688069535565081,0.27867582265111596,inconclusive,0
emp_m_ubin,m=0.6|u_bin=0.8-1.0,v2at305,policy-vs-policy,27,1.0,688.5322814814814,v2rl305,677.0946740740741,1.6892183390820823,1.0168921833908209,27,27,11.437607407407402,0.018518518518518517,31.621755555555527,6.770946740740741,0.06788915486182899,0.9947404694839619,inconclusive,0
emp_m_ubin,m=0.6|u_bin=0.8-1.0,v2at306,policy-vs-policy,27,1.0,688.5985555555555,v2rl305,677.0946740740741,1.6990063460790046,1.01699006346079,27,27,11.503881481481505,0.738158518518515,25.17638074074081,6.770946740740741,0.038151710173415135,0.6965006447720757,inconclusive,0
emp_m_ubin,m=0.6|u_bin=0.8-1.0,wmdd,rule-vs-policy,27,1.0,689.6335185185185,v2rl305,677.0946740740741,1.851859854250258,1.0185185985425025,27,27,12.538844444444475,1.8731703703703706,26.15367759259264,6.770946740740741,0.0499499764547464,0.1997999058189856,inconclusive,0
emp_m_ubin,m=0.6|u_bin=0.8-1.0,v2at303,policy-vs-policy,27,1.0,691.4156296296297,v2rl305,677.0946740740741,2.115059548376974,1.0211505954837699,27,27,14.320955555555567,-1.484360370370367,35.576201481481505,6.770946740740741,0.07536823868947248,0.9947404694839619,inconclusive,0
emp_m_ubin,m=0.6|u_bin=0.8-1.0,v2at307,policy-vs-policy,27,1.0,691.4908074074075,v2rl305,677.0946740740741,2.1261625418956513,1.0212616254189566,27,27,14.396133333333346,0.17704851851852607,32.49299000000004,6.770946740740741,0.05933611988090862,0.9493779180945379,inconclusive,0
emp_m_ubin,m=0.6|u_bin=0.8-1.0,v2at304,policy-vs-policy,27,1.0,692.4862296296296,v2rl305,677.0946740740741,2.2731762846316115,1.0227317628463162,27,27,15.391555555555586,2.430046296296305,32.992935555555604,6.770946740740741,0.03665792867221451,0.6965006447720757,inconclusive,0
emp_m_ubin,m=0.6|u_bin=0.8-1.0,wspt,rule-vs-policy,27,1.0,697.3408296296298,v2rl305,677.0946740740741,2.9901513526512757,1.0299015135265128,27,27,20.246155555555568,3.5290299999999992,42.239136296296344,6.770946740740741,0.012063323418854825,0.060316617094274126,inconclusive,0
emp_m_ubin,m=0.6|u_bin=0.8-1.0,random,rule-vs-policy,27,1.0,701.8650518518518,v2rl305,677.0946740740741,3.6583329815215584,1.0365833298152156,27,27,24.77037777777778,5.274982407407407,49.73747314814815,6.770946740740741,0.0033456181158508813,0.023419326810956168,inconclusive,0
emp_m_ubin,m=0.6|u_bin=0.8-1.0,lpt,rule-vs-policy,27,1.0,763.7500444444444,v2rl305,677.0946740740741,12.798117263124448,1.1279811726312445,27,27,86.65537037037039,25.031516851851848,170.93938407407413,6.770946740740741,0.005062032126267864,0.030372192757607185,worse,0
emp_m_ubin,m=0.6|u_bin=1.0-1.2,v2rl304,policy-vs-policy,18,1.0,1039.1574666666666,v2rl304,1039.1574666666666,0.0,1.0,18,18,0.0,0.0,0.0,10.391574666666665,1.0,1.0,equivalent,1
emp_m_ubin,m=0.6|u_bin=1.0-1.2,rl301,policy-vs-policy,18,1.0,1043.8510666666666,v2rl304,1039.1574666666666,0.4516736058352973,1.004516736058353,18,18,4.693599999999922,-1.0405777777777605,15.451933333333121,10.391574666666665,0.7150006546880893,1.0,inconclusive,0
emp_m_ubin,m=0.6|u_bin=1.0-1.2,edd,rule-vs-policy,18,1.0,1044.3244222222222,v2rl304,1039.1574666666666,0.4972254659469313,1.0049722546594693,18,18,5.166955555555567,0.17555555555550484,14.14178555555561,10.391574666666665,0.09096894797535775,0.1819378959507155,inconclusive,0
emp_m_ubin,m=0.6|u_bin=1.0-1.2,pfifo,rule-vs-policy,18,1.0,1044.3244222222222,v2rl304,1039.1574666666666,0.4972254659469313,1.0049722546594693,18,18,5.166955555555567,0.1879994444443559,14.137223888888942,10.391574666666665,0.09096894797535775,0.1819378959507155,inconclusive,0
emp_m_ubin,m=0.6|u_bin=1.0-1.2,v2rl308,policy-vs-policy,18,1.0,1044.4874444444442,v2rl304,1039.1574666666666,0.5129133888509505,1.0051291338885096,18,18,5.329977777777698,-0.3682000000000774,13.89470388888871,10.391574666666665,0.3454475304692257,1.0,inconclusive,0
emp_m_ubin,m=0.6|u_bin=1.0-1.2,v2rl310,policy-vs-policy,18,1.0,1044.9587555555559,v2rl304,1039.1574666666666,0.5582685083809534,1.0055826850838094,18,18,5.801288888888937,-0.676533333333383,18.342155555555767,10.391574666666665,0.5001842570707944,1.0,inconclusive,0
emp_m_ubin,m=0.6|u_bin=1.0-1.2,v2rl303,policy-vs-policy,18,1.0,1046.1996,v2rl304,1039.1574666666666,0.677677210550448,1.0067767721055045,18,18,7.042133333333305,-1.1451166666667036,18.58252777777767,10.391574666666665,0.24886387493792206,1.0,inconclusive,0
emp_m_ubin,m=0.6|u_bin=1.0-1.2,v2rl302,policy-vs-policy,18,1.0,1047.5029555555557,v2rl304,1039.1574666666666,0.8031014698531852,1.0080310146985318,18,18,8.345488888888907,-0.15764444444443548,21.1005555555556,10.391574666666665,0.22491588401596185,1.0,inconclusive,0
emp_m_ubin,m=0.6|u_bin=1.0-1.2,v2at310,policy-vs-policy,18,1.0,1047.8371555555557,v2rl304,1039.1574666666666,0.8352621395033809,1.0083526213950338,18,18,8.679688888888816,0.0014083333332631153,23.561577777777657,10.391574666666665,0.13801073756865956,1.0,inconclusive,0
emp_m_ubin,m=0.6|u_bin=1.0-1.2,rl302,policy-vs-policy,18,1.0,1050.2483000000002,v2rl304,1039.1574666666666,1.0672909245323534,1.0106729092453235,18,18,11.090833333333308,-0.1626333333333605,32.8257777777778,10.391574666666665,0.22491588401596185,1.0,inconclusive,0
emp_m_ubin,m=0.6|u_bin=1.0-1.2,v2at309,policy-vs-policy,18,1.0,1050.6392555555556,v2rl304,1039.1574666666666,1.1049132838086086,1.0110491328380862,18,18,11.481788888888847,0.6903666666666418,29.65218888888881,10.391574666666665,0.09096894797535775,1.0,inconclusive,0
emp_m_ubin,m=0.6|u_bin=1.0-1.2,wmdd,rule-vs-policy,18,1.0,1052.3241222222223,v2rl304,1039.1574666666666,1.267051046439648,1.0126705104643965,18,18,13.16665555555549,1.316388888888868,32.881377777777644,10.391574666666665,0.027991815485665747,0.08397544645699724,inconclusive,0
emp_m_ubin,m=0.6|u_bin=1.0-1.2,rl303,policy-vs-policy,18,1.0,1052.5447666666669,v2rl304,1039.1574666666666,1.2882840598685323,1.0128828405986854,18,18,13.38730000000002,0.3395150000000384,31.94182166666675,10.391574666666665,0.046399461870904594,0.7887908518053781,inconclusive,0
emp_m_ubin,m=0.6|u_bin=1.0-1.2,v2at302,policy-vs-policy,18,1.0,1052.5831222222223,v2rl304,1039.1574666666666,1.2919750842595192,1.0129197508425951,18,18,13.425655555555522,-0.3700444444444126,33.52369527777764,10.391574666666665,0.27332167829229814,1.0,inconclusive,0
emp_m_ubin,m=0.6|u_bin=1.0-1.2,v2rl305,policy-vs-policy,18,1.0,1052.8622,v2rl304,1039.1574666666666,1.3188312429005127,1.013188312429005,18,18,13.704733333333252,-0.08732666666659417,34.78102222222198,10.391574666666665,0.22491588401596185,1.0,inconclusive,0
emp_m_ubin,m=0.6|u_bin=1.0-1.2,v2rl309,policy-vs-policy,18,1.0,1054.1284888888888,v2rl304,1039.1574666666666,1.4406885099180586,1.0144068850991805,18,18,14.971022222222182,0.920222222222214,39.55363833333331,10.391574666666665,0.046399461870904594,0.7887908518053781,inconclusive,0
emp_m_ubin,m=0.6|u_bin=1.0-1.2,v2at308,policy-vs-policy,18,1.0,1054.387888888889,v2rl304,1039.1574666666666,1.4656510404604437,1.0146565104046044,18,18,15.230422222222204,1.7543111111111058,38.22233333333331,10.391574666666665,0.017960477526078766,0.39513050557373286,inconclusive,0
emp_m_ubin,m=0.6|u_bin=1.0-1.2,v2at306,policy-vs-policy,18,1.0,1054.8720666666668,v2rl304,1039.1574666666666,1.5122443425642114,1.015122443425642,18,18,15.714599999999953,1.2558022222222027,39.91410333333322,10.391574666666665,0.04252247799805163,0.7654046039649294,inconclusive,0
emp_m_ubin,m=0.6|u_bin=1.0-1.2,atc,rule-vs-policy,18,1.0,1055.6066222222225,v2rl304,1039.1574666666666,1.5829319504694885,1.0158293195046948,18,18,16.44915555555558,2.2076444444444343,41.127706666666775,10.391574666666665,0.017960477526078766,0.07184191010431507,inconclusive,0
emp_m_ubin,m=0.6|u_bin=1.0-1.2,v2rl307,policy-vs-policy,18,1.0,1055.993877777778,v2rl304,1039.1574666666666,1.6201982520626046,1.016201982520626,18,18,16.83641111111102,-0.6775988888888783,42.775777777777506,10.391574666666665,0.34523107177184,1.0,inconclusive,0
emp_m_ubin,m=0.6|u_bin=1.0-1.2,v2at307,policy-vs-policy,18,1.0,1056.028788888889,v2rl304,1039.1574666666666,1.6235578113431726,1.0162355781134318,18,18,16.871322222222222,2.8532633333333406,38.61168472222225,10.391574666666665,0.017960477526078766,0.39513050557373286,inconclusive,0
emp_m_ubin,m=0.6|u_bin=1.0-1.2,v2at304,policy-vs-policy,18,1.0,1057.6248555555555,v2rl304,1039.1574666666666,1.7771501895788069,1.017771501895788,18,18,18.467388888888873,2.12651111111112,43.947077777777736,10.391574666666665,0.027707849358079864,0.5264491378035174,inconclusive,0
emp_m_ubin,m=0.6|u_bin=1.0-1.2,v2at303,policy-vs-policy,18,1.0,1060.6190333333334,v2rl304,1039.1574666666666,2.0652853253809247,1.0206528532538093,18,18,21.46156666666659,3.2212555555554983,52.255132222222144,10.391574666666665,0.017960477526078766,0.39513050557373286,inconclusive,0
emp_m_ubin,m=0.6|u_bin=1.0-1.2,v2rl301,policy-vs-policy,18,1.0,1060.7651777777778,v2rl304,1039.1574666666666,2.079349069243846,1.0207934906924385,18,18,21.607711111111016,0.23653333333330315,54.49414277777754,10.391574666666665,0.046399461870904594,0.7887908518053781,inconclusive,0
emp_m_ubin,m=0.6|u_bin=1.0-1.2,v2rl306,policy-vs-policy,18,1.0,1064.557111111111,v2rl304,1039.1574666666666,2.4442536631064753,1.0244425366310648,18,18,25.399644444444334,0.32021111111113154,67.07882222222194,10.391574666666665,0.046399461870904594,0.7887908518053781,inconclusive,0
emp_m_ubin,m=0.6|u_bin=1.0-1.2,v2at301,policy-vs-policy,18,1.0,1074.1297555555554,v2rl304,1039.1574666666666,3.3654465286257773,1.0336544652862578,18,18,34.972288888888755,0.17010499999998557,100.91327666666632,10.391574666666665,0.06297905121445523,0.8187276657879179,inconclusive,0
emp_m_ubin,m=0.6|u_bin=1.0-1.2,wspt,rule-vs-policy,18,1.0,1075.715588888889,v2rl304,1039.1574666666666,3.518054134710778,1.0351805413471078,18,18,36.558122222222195,6.426718055555537,89.26111027777772,10.391574666666665,0.007685794055213263,0.0483730086547036,inconclusive,0
emp_m_ubin,m=0.6|u_bin=1.0-1.2,v2at305,policy-vs-policy,18,1.0,1084.980888888889,v2rl304,1039.1574666666666,4.409670689198961,1.0440967068919895,18,18,45.82342222222217,-0.21533333333334465,129.51235555555544,10.391574666666665,0.22491588401596185,1.0,inconclusive,0
emp_m_ubin,m=0.6|u_bin=1.0-1.2,random,rule-vs-policy,18,1.0,1218.6678111111112,v2rl304,1039.1574666666666,17.274604687224624,1.1727460468722462,18,18,179.51034444444443,11.86239222222222,502.13283944444447,10.391574666666665,0.0069104298078147995,0.0483730086547036,worse,0
emp_m_ubin,m=0.6|u_bin=1.0-1.2,lpt,rule-vs-policy,18,1.0,1505.7630444444444,v2rl304,1039.1574666666666,44.90229755789767,1.4490229755789767,18,18,466.6055777777775,12.097377777777751,1353.1040038888882,10.391574666666665,0.011718685599768628,0.058593427998843144,worse,0
emp_m_ubin,m=0.6|u_bin=<0.5,rl302,policy-vs-policy,34,1.0,147.94444705882353,rl302,147.94444705882353,0.0,1.0,34,34,0.0,0.0,0.0,1.4794444705882352,1.0,1.0,equivalent,1
emp_m_ubin,m=0.6|u_bin=<0.5,v2at302,policy-vs-policy,34,1.0,147.94444705882353,rl302,147.94444705882353,0.0,1.0,34,34,0.0,0.0,0.0,1.4794444705882352,1.0,1.0,equivalent,1
emp_m_ubin,m=0.6|u_bin=<0.5,v2at305,policy-vs-policy,34,1.0,147.94444705882353,rl302,147.94444705882353,0.0,1.0,34,34,0.0,0.0,0.0,1.4794444705882352,1.0,1.0,equivalent,1
emp_m_ubin,m=0.6|u_bin=<0.5,v2rl301,policy-vs-policy,34,1.0,147.94444705882353,rl302,147.94444705882353,0.0,1.0,34,34,0.0,0.0,0.0,1.4794444705882352,1.0,1.0,equivalent,1
emp_m_ubin,m=0.6|u_bin=<0.5,v2rl302,policy-vs-policy,34,1.0,147.94444705882353,rl302,147.94444705882353,0.0,1.0,34,34,0.0,0.0,0.0,1.4794444705882352,1.0,1.0,equivalent,1
emp_m_ubin,m=0.6|u_bin=<0.5,v2rl303,policy-vs-policy,34,1.0,147.94444705882353,rl302,147.94444705882353,0.0,1.0,34,34,0.0,0.0,0.0,1.4794444705882352,1.0,1.0,equivalent,1
emp_m_ubin,m=0.6|u_bin=<0.5,v2rl305,policy-vs-policy,34,1.0,147.94444705882353,rl302,147.94444705882353,0.0,1.0,34,34,0.0,0.0,0.0,1.4794444705882352,1.0,1.0,equivalent,1
emp_m_ubin,m=0.6|u_bin=<0.5,v2rl307,policy-vs-policy,34,1.0,147.94444705882353,rl302,147.94444705882353,0.0,1.0,34,34,0.0,0.0,0.0,1.4794444705882352,1.0,1.0,equivalent,1
emp_m_ubin,m=0.6|u_bin=<0.5,v2rl310,policy-vs-policy,34,1.0,147.94444705882353,rl302,147.94444705882353,0.0,1.0,34,34,0.0,0.0,0.0,1.4794444705882352,1.0,1.0,equivalent,1
emp_m_ubin,m=0.6|u_bin=<0.5,v2at310,policy-vs-policy,34,1.0,148.12482352941174,rl302,147.94444705882353,0.1219217579126142,1.0012192175791261,34,34,0.18037647058823456,0.0,0.5411294117647036,1.4794444705882352,0.31731050786291415,1.0,equivalent,1
emp_m_ubin,m=0.6|u_bin=<0.5,rl301,policy-vs-policy,34,1.0,148.14837647058823,rl302,147.94444705882353,0.13784188309793144,1.0013784188309793,34,34,0.20392941176470708,0.0,0.6117882352941213,1.4794444705882352,0.31731050786291415,1.0,equivalent,1
emp_m_ubin,m=0.6|u_bin=<0.5,edd,rule-vs-policy,34,1.0,148.2699294117647,rl302,147.94444705882353,0.2200030885997133,1.002200030885997,34,34,0.3254823529411761,0.0,0.9764470588235283,1.4794444705882352,0.31731050786291415,0.8985624743949988,equivalent,1
emp_m_ubin,m=0.6|u_bin=<0.5,pfifo,rule-vs-policy,34,1.0,148.2699294117647,rl302,147.94444705882353,0.2200030885997133,1.002200030885997,34,34,0.3254823529411761,0.0,0.9764470588235283,1.4794444705882352,0.31731050786291415,0.8985624743949988,equivalent,1
emp_m_ubin,m=0.6|u_bin=<0.5,rl303,policy-vs-policy,34,1.0,148.2699294117647,rl302,147.94444705882353,0.2200030885997133,1.002200030885997,34,34,0.3254823529411761,0.0,0.9764470588235283,1.4794444705882352,0.31731050786291415,1.0,equivalent,1
emp_m_ubin,m=0.6|u_bin=<0.5,v2rl304,policy-vs-policy,34,1.0,148.2699294117647,rl302,147.94444705882353,0.2200030885997133,1.002200030885997,34,34,0.3254823529411761,0.0,0.9764470588235283,1.4794444705882352,0.31731050786291415,1.0,equivalent,1
emp_m_ubin,m=0.6|u_bin=<0.5,v2rl308,policy-vs-policy,34,1.0,148.32875294117648,rl302,147.94444705882353,0.2597636410105648,1.0025976364101057,34,34,0.38430588235294083,0.0,1.1529176470588225,1.4794444705882352,0.31731050786291415,1.0,equivalent,1
emp_m_ubin,m=0.6|u_bin=<0.5,v2at309,policy-vs-policy,34,1.0,148.5954117647059,rl302,147.94444705882353,0.4400061771994266,1.0044000617719944,34,34,0.6509647058823522,0.0,1.894070588235292,1.4794444705882352,0.17971249487899976,1.0,inconclusive,0
emp_m_ubin,m=0.6|u_bin=<0.5,v2rl309,policy-vs-policy,34,1.0,148.6228705882353,rl302,147.94444705882353,0.45856640306480334,1.004585664030648,34,34,0.6784235294117643,0.0,1.7411529411764695,1.4794444705882352,0.17971249487899976,1.0,inconclusive,0
emp_m_ubin,m=0.6|u_bin=<0.5,wmdd,rule-vs-policy,34,1.0,148.77188235294116,rl302,147.94444705882353,0.559287834431962,1.0055928783443195,34,34,0.8274352941176463,0.0,2.24701176470588,1.4794444705882352,0.17971249487899976,0.8985624743949988,inconclusive,0
emp_m_ubin,m=0.6|u_bin=<0.5,atc,rule-vs-policy,34,1.0,148.86011764705881,rl302,147.94444705882353,0.6189286630482393,1.0061892866304825,34,34,0.9156705882352933,0.0,2.541129411764704,1.4794444705882352,0.17971249487899976,0.8985624743949988,inconclusive,0
emp_m_ubin,m=0.6|u_bin=<0.5,v2at301,policy-vs-policy,34,1.0,148.98952941176472,rl302,147.94444705882353,0.7064018783521242,1.0070640187835211,34,34,1.0450823529411768,0.0,2.9293647058823535,1.4794444705882352,0.17971249487899976,1.0,inconclusive,0
emp_m_ubin,m=0.6|u_bin=<0.5,v2rl306,policy-vs-policy,34,1.0,149.0032705882353,rl302,147.94444705882353,0.7156899433952895,1.0071568994339528,34,34,1.0588235294117647,0.0,3.176470588235294,1.4794444705882352,0.31731050786291415,1.0,inconclusive,0
emp_m_ubin,m=0.6|u_bin=<0.5,v2at307,policy-vs-policy,34,1.0,149.12482352941174,rl302,147.94444705882353,0.7978511488970521,1.0079785114889706,34,34,1.1803764705882345,0.0,3.070541176470586,1.4794444705882352,0.17971249487899976,1.0,inconclusive,0
emp_m_ubin,m=0.6|u_bin=<0.5,v2at304,policy-vs-policy,34,1.0,149.43070588235295,rl302,147.94444705882353,1.0046060214334918,1.0100460602143349,34,34,1.486258823529412,0.0,3.5176000000000007,1.4794444705882352,0.10880943004054568,1.0,inconclusive,0
emp_m_ubin,m=0.6|u_bin=<0.5,v2at303,policy-vs-policy,34,1.0,149.44444705882353,rl302,147.94444705882353,1.0138940864766568,1.0101389408647665,34,34,1.5,0.0,3.5,1.4794444705882352,0.10880943004054568,1.0,inconclusive,0
emp_m_ubin,m=0.6|u_bin=<0.5,lpt,rule-vs-policy,34,1.0,149.4464,rl302,147.94444705882353,1.0152141368167058,1.0101521413681671,34,34,1.5019529411764703,0.0,4.062729411764705,1.4794444705882352,0.17971249487899976,0.8985624743949988,inconclusive,0
emp_m_ubin,m=0.6|u_bin=<0.5,v2at306,policy-vs-policy,34,1.0,149.59150588235295,rl302,147.94444705882353,1.1132954675037856,1.0111329546750378,34,34,1.6470588235294117,0.17647058823529413,3.6470588235294117,1.4794444705882352,0.06788915486182899,1.0,inconclusive,0
emp_m_ubin,m=0.6|u_bin=<0.5,random,rule-vs-policy,34,1.0,149.84050588235294,rl302,147.94444705882353,1.2816018858589076,1.012816018858589,34,34,1.896058823529412,0.0,4.378388235294118,1.4794444705882352,0.10880943004054568,0.6528565802432741,inconclusive,0
emp_m_ubin,m=0.6|u_bin=<0.5,v2at308,policy-vs-policy,34,1.0,149.91698823529413,rl302,147.94444705882353,1.333298556103499,1.013332985561035,34,34,1.9725411764705878,0.0,5.474494117647058,1.4794444705882352,0.17971249487899976,1.0,inconclusive,0
emp_m_ubin,m=0.6|u_bin=<0.5,wspt,rule-vs-policy,34,1.0,150.56014117647058,rl302,147.94444705882353,1.7680245319427488,1.0176802453194276,34,34,2.61569411764706,0.3514705882352955,5.611788235294121,1.4794444705882352,0.043114446783075355,0.3018011274815275,inconclusive,0
emp_m_ubin,m=0.6|u_bin=>=1.2,rl301,policy-vs-policy,53,1.0,348.74434716981136,rl301,348.74434716981136,0.0,1.0,53,53,0.0,0.0,0.0,3.4874434716981138,1.0,1.0,equivalent,1
emp_m_ubin,m=0.6|u_bin=>=1.2,v2rl307,policy-vs-policy,53,1.0,348.9381283018868,rl301,348.74434716981136,0.055565382965505485,1.000555653829655,53,53,0.19378113207546865,-0.489237735849057,1.070581132075463,3.487443471698114,0.5929800980174267,1.0,equivalent,1
emp_m_ubin,m=0.6|u_bin=>=1.2,v2rl302,policy-vs-policy,53,1.0,349.3509886792453,rl301,348.74434716981136,0.17395020574728928,1.0017395020574729,53,53,0.6066415094339518,0.0,1.5242264150943106,3.487443471698114,0.10880943004054568,1.0,equivalent,1
emp_m_ubin,m=0.6|u_bin=>=1.2,v2at302,policy-vs-policy,53,1.0,349.3738943396226,rl301,348.74434716981136,0.18051824349849777,1.001805182434985,53,53,0.629547169811302,0.0,1.5716301886792043,3.487443471698114,0.10880943004054568,1.0,equivalent,1
emp_m_ubin,m=0.6|u_bin=>=1.2,v2rl305,policy-vs-policy,53,1.0,349.4645056603774,rl301,348.74434716981136,0.20650040535722367,1.0020650040535721,53,53,0.7201584905660398,0.0,1.8028981132075566,3.487443471698114,0.10880943004054568,1.0,equivalent,1
emp_m_ubin,m=0.6|u_bin=>=1.2,v2rl301,policy-vs-policy,53,1.0,349.56610566037733,rl301,348.74434716981136,0.2356334940579945,1.00235633494058,53,53,0.8217584905660362,0.008739622641509443,1.84757490566037,3.487443471698114,0.06788915486182899,0.8825590132037768,equivalent,1
emp_m_ubin,m=0.6|u_bin=>=1.2,v2rl304,policy-vs-policy,53,1.0,349.61712452830193,rl301,348.74434716981136,0.25026279725348255,1.0025026279725349,53,53,0.8727773584905647,0.0,2.2916690566037685,3.487443471698114,0.10880943004054568,1.0,equivalent,1
emp_m_ubin,m=0.6|u_bin=>=1.2,v2rl310,policy-vs-policy,53,1.0,349.6450943396227,rl301,348.74434716981136,0.25828294483372116,1.0025828294483372,53,53,0.9007471698113086,0.03773584905660377,2.3588679245282673,3.487443471698114,0.04216819709715596,0.7168593506516513,equivalent,1
emp_m_ubin,m=0.6|u_bin=>=1.2,v2at310,policy-vs-policy,53,1.0,349.69327547169814,rl301,348.74434716981136,0.2720985471413897,1.0027209854714139,53,53,0.9489283018867938,0.044060377358490437,2.6144379245283007,3.487443471698114,0.04216819709715596,0.7168593506516513,equivalent,1
emp_m_ubin,m=0.6|u_bin=>=1.2,rl303,policy-vs-policy,53,1.0,349.986641509434,rl301,348.74434716981136,0.3562192046134347,1.0035621920461344,53,53,1.2422943396226367,0.008716981132075266,3.166309433962251,3.487443471698114,0.06788915486182899,0.8825590132037768,equivalent,1
emp_m_ubin,m=0.6|u_bin=>=1.2,v2rl308,policy-vs-policy,53,1.0,350.357720754717,rl301,348.74434716981136,0.46262358028129674,1.004626235802813,53,53,1.613373584905646,0.0,4.4934792452829795,3.487443471698114,0.10880943004054568,1.0,inconclusive,0
emp_m_ubin,m=0.6|u_bin=>=1.2,rl302,policy-vs-policy,53,1.0,350.5342113207547,rl301,348.74434716981136,0.513231014486328,1.0051323101448633,53,53,1.7898641509433602,0.0,4.785577358490491,3.487443471698114,0.10880943004054568,1.0,inconclusive,0
emp_m_ubin,m=0.6|u_bin=>=1.2,v2rl303,policy-vs-policy,53,1.0,350.7158490566038,rl301,348.74434716981136,0.5653143635995581,1.0056531436359957,53,53,1.9715018867924479,0.0,5.375954716981119,3.487443471698114,0.10880943004054568,1.0,inconclusive,0
emp_m_ubin,m=0.6|u_bin=>=1.2,v2rl306,policy-vs-policy,53,1.0,351.20381886792455,rl301,348.74434716981136,0.705236290730648,1.0070523629073065,53,53,2.459471698113211,0.0,7.0084830188679295,3.487443471698114,0.10880943004054568,1.0,inconclusive,0
emp_m_ubin,m=0.6|u_bin=>=1.2,v2rl309,policy-vs-policy,53,1.0,351.3652150943397,rl301,348.74434716981136,0.7515155287240203,1.0075151552872401,53,53,2.6208679245283073,0.27553584905660394,6.298387075471716,3.487443471698114,0.017960477526078766,0.3771700280476541,inconclusive,0
emp_m_ubin,m=0.6|u_bin=>=1.2,edd,rule-vs-policy,53,1.0,351.5063471698113,rl301,348.74434716981136,0.791984163303173,1.0079198416330317,53,53,2.761999999999973,0.22100377358490567,6.449320754716905,3.487443471698114,0.07961580146011343,0.17245778713230142,inconclusive,0
emp_m_ubin,m=0.6|u_bin=>=1.2,pfifo,rule-vs-policy,53,1.0,351.5063471698113,rl301,348.74434716981136,0.791984163303173,1.0079198416330317,53,53,2.761999999999973,0.22100377358490567,6.508739622641433,3.487443471698114,0.07961580146011343,0.17245778713230142,inconclusive,0
emp_m_ubin,m=0.6|u_bin=>=1.2,v2at308,policy-vs-policy,53,1.0,351.9347849056604,rl301,348.74434716981136,0.9148356845754303,1.0091483568457542,53,53,3.1904377358490272,0.022030188679245218,9.069177358490482,3.487443471698114,0.06788915486182899,0.8825590132037768,inconclusive,0
emp_m_ubin,m=0.6|u_bin=>=1.2,v2at306,policy-vs-policy,53,1.0,352.62840000000006,rl301,348.74434716981136,1.1137249568944159,1.0111372495689441,53,53,3.8840528301886557,0.45144905660377277,8.393383584905589,3.487443471698114,0.027707849358079864,0.5541569871615972,inconclusive,0
emp_m_ubin,m=0.6|u_bin=>=1.2,v2at309,policy-vs-policy,53,1.0,353.0773018867925,rl301,348.74434716981136,1.242444430180634,1.0124244443018064,53,53,4.332954716981125,0.11459245283018826,9.738219811320725,3.487443471698114,0.027707849358079864,0.5541569871615972,inconclusive,0
emp_m_ubin,m=0.6|u_bin=>=1.2,v2at307,policy-vs-policy,53,1.0,353.5820075471698,rl301,348.74434716981136,1.3871652448614038,1.013871652448614,53,53,4.837660377358455,0.4512528301886763,12.257729811320656,3.487443471698114,0.043114446783075355,0.7168593506516513,inconclusive,0
emp_m_ubin,m=0.6|u_bin=>=1.2,wmdd,rule-vs-policy,53,1.0,354.0573924528302,rl301,348.74434716981136,1.5234785384010205,1.0152347853840102,53,53,5.313045283018838,0.9182307547169799,11.4234395283018,3.487443471698114,0.046399461870904594,0.17245778713230142,inconclusive,0
emp_m_ubin,m=0.6|u_bin=>=1.2,v2at304,policy-vs-policy,53,1.0,354.7984566037736,rl301,348.74434716981136,1.7359734955114192,1.0173597349551142,53,53,6.054109433962272,0.21875849056603613,13.270412452830238,3.487443471698114,0.043114446783075355,0.7168593506516513,inconclusive,0
emp_m_ubin,m=0.6|u_bin=>=1.2,v2at305,policy-vs-policy,53,1.0,354.80964528301894,rl301,348.74434716981136,1.739181770953336,1.0173918177095334,53,53,6.065298113207546,-0.14220377358490566,16.93659622641509,3.487443471698114,0.27332167829229814,1.0,inconclusive,0
emp_m_ubin,m=0.6|u_bin=>=1.2,v2at303,policy-vs-policy,53,1.0,356.47770566037735,rl301,348.74434716981136,2.2174864061095296,1.0221748640610953,53,53,7.73335849056603,0.47513207547169733,18.079105660377348,3.487443471698114,0.027707849358079864,0.5541569871615972,inconclusive,0
emp_m_ubin,m=0.6|u_bin=>=1.2,atc,rule-vs-policy,53,1.0,357.4166226415095,rl301,348.74434716981136,2.4867142771135455,1.0248671427711356,53,53,8.672275471698097,0.9958377358490562,18.990392452830143,3.487443471698114,0.027707849358079864,0.1385392467903993,inconclusive,0
emp_m_ubin,m=0.6|u_bin=>=1.2,v2at301,policy-vs-policy,53,1.0,359.67523773584907,rl301,348.74434716981136,3.1343563429044514,1.0313435634290444,53,53,10.93089056603773,2.9128955660377343,21.25408622641508,3.487443471698114,0.002217721464237049,0.04878987221321508,inconclusive,0
emp_m_ubin,m=0.6|u_bin=>=1.2,wspt,rule-vs-policy,53,1.0,365.0973471698113,rl301,348.74434716981136,4.689108263032953,1.0468910826303295,53,53,16.352999999999998,4.594028113207548,32.23309754716976,3.487443471698114,0.0002930525201924893,0.0020513676413474254,worse,0
emp_m_ubin,m=0.6|u_bin=>=1.2,random,rule-vs-policy,53,1.0,366.99856226415096,rl301,348.74434716981136,5.234268380972844,1.0523426838097285,53,53,18.254215094339617,4.395991886792454,35.86843698113205,3.487443471698114,0.0006549583433856954,0.003929750060314172,worse,0
emp_m_ubin,m=0.6|u_bin=>=1.2,lpt,rule-vs-policy,53,1.0,410.2351886792453,rl301,348.74434716981136,17.632068306900095,1.176320683069001,53,53,61.490841509433956,0.7770000000000024,173.80330188679244,3.487443471698114,0.043114446783075355,0.17245778713230142,inconclusive,0
emp_m_ubin,m=0.8|u_bin=0.5-0.8,rl301,policy-vs-policy,52,1.0,756.7845500000001,rl301,756.7845500000001,0.0,1.0,52,52,0.0,0.0,0.0,7.567845500000001,1.0,1.0,equivalent,1
emp_m_ubin,m=0.8|u_bin=0.5-0.8,rl302,policy-vs-policy,52,1.0,756.9125884615385,rl301,756.7845500000001,0.016918746760670646,1.0001691874676066,52,52,0.12803846153845308,-1.4403951923076959,2.0211163461538253,7.5678455000000024,0.8657723749926214,1.0,equivalent,1
emp_m_ubin,m=0.8|u_bin=0.5-0.8,v2at302,policy-vs-policy,52,1.0,756.919573076923,rl301,756.7845500000001,0.017841679897263804,1.0001784167989727,52,52,0.13502307692306642,-1.6646980769230955,2.4107182692307543,7.5678455000000024,0.49896229860376107,1.0,equivalent,1
emp_m_ubin,m=0.8|u_bin=0.5-0.8,v2rl305,policy-vs-policy,52,1.0,756.919573076923,rl301,756.7845500000001,0.017841679897263804,1.0001784167989727,52,52,0.13502307692306642,-1.655899999999996,2.481834615384606,7.5678455000000024,0.49896229860376107,1.0,equivalent,1
emp_m_ubin,m=0.8|u_bin=0.5-0.8,v2rl306,policy-vs-policy,52,1.0,756.9294653846154,rl301,756.7845500000001,0.019148829692053566,1.0001914882969205,52,52,0.14491538461537454,-1.6435538461538455,2.4502769230769164,7.5678455000000024,0.49896229860376107,1.0,equivalent,1
emp_m_ubin,m=0.8|u_bin=0.5-0.8,v2rl301,policy-vs-policy,52,1.0,756.9895269230769,rl301,756.7845500000001,0.027085241509866458,1.0002708524150987,52,52,0.20497692307691295,-1.5924065384615376,2.517997115384585,7.5678455000000024,0.6120898800892568,1.0,equivalent,1
emp_m_ubin,m=0.8|u_bin=0.5-0.8,v2rl307,policy-vs-policy,52,1.0,757.0013884615385,rl301,756.7845500000001,0.02865260152818565,1.0002865260152818,52,52,0.216838461538456,-1.5401624999999972,2.5157230769230656,7.5678455000000024,0.7531523647659145,1.0,equivalent,1
emp_m_ubin,m=0.8|u_bin=0.5-0.8,v2rl303,policy-vs-policy,52,1.0,757.09025,rl301,756.7845500000001,0.04039458786518407,1.0004039458786518,52,52,0.3056999999999907,-0.8504282692307837,2.016915384615378,7.5678455000000024,0.7353166906373405,1.0,equivalent,1
emp_m_ubin,m=0.8|u_bin=0.5-0.8,v2rl310,policy-vs-policy,52,1.0,757.130326923077,rl301,756.7845500000001,0.045690272492596336,1.000456902724926,52,52,0.3457769230769171,-1.3202461538461552,2.5778153846153704,7.5678455000000024,0.6858304344516057,1.0,equivalent,1
emp_m_ubin,m=0.8|u_bin=0.5-0.8,rl303,policy-vs-policy,52,1.0,757.1880115384615,rl301,756.7845500000001,0.05331260243902212,1.0005331260243902,52,52,0.40346153846153004,-1.4669230769230763,3.109615384615368,7.5678455000000024,0.5001842570707944,1.0,equivalent,1
emp_m_ubin,m=0.8|u_bin=0.5-0.8,v2rl302,policy-vs-policy,52,1.0,757.1898192307692,rl301,756.7845500000001,0.053551467292657584,1.0005355146729267,52,52,0.40526923076922333,-0.9061234615384668,2.4766988461538366,7.5678455000000024,0.3104944343172349,1.0,equivalent,1
emp_m_ubin,m=0.8|u_bin=0.5-0.8,v2at305,policy-vs-policy,52,1.0,757.1986961538461,rl301,756.7845500000001,0.054724446190925896,1.0005472444619092,52,52,0.4141461538461438,-1.4503976923077024,2.761713269230757,7.5678455000000024,0.8886378608950078,1.0,equivalent,1
emp_m_ubin,m=0.8|u_bin=0.5-0.8,v2rl308,policy-vs-policy,52,1.0,757.29665,rl301,756.7845500000001,0.06766787191941465,1.000676678719194,52,52,0.5120999999999929,-1.0312021153846225,2.6691230769230723,7.5678455000000024,1.0,1.0,equivalent,1
emp_m_ubin,m=0.8|u_bin=0.5-0.8,edd,rule-vs-policy,52,1.0,757.4608538461538,rl301,756.7845500000001,0.08936544042207266,1.0008936544042206,52,52,0.676303846153838,-0.08949951923076788,1.615041923076906,7.5678455000000024,0.12348527214454898,0.24697054428909795,equivalent,1
emp_m_ubin,m=0.8|u_bin=0.5-0.8,pfifo,rule-vs-policy,52,1.0,757.4608538461538,rl301,756.7845500000001,0.08936544042207266,1.0008936544042206,52,52,0.676303846153838,-0.07854663461538341,1.6539163461538458,7.5678455000000024,0.12348527214454898,0.24697054428909795,equivalent,1
emp_m_ubin,m=0.8|u_bin=0.5-0.8,v2rl304,policy-vs-policy,52,1.0,758.0626038461539,rl301,756.7845500000001,0.1688794844125521,1.0016887948441255,52,52,1.278053846153835,-0.04661538461539294,3.4924742307692145,7.5678455000000024,0.11585149752593009,1.0,equivalent,1
emp_m_ubin,m=0.8|u_bin=0.5-0.8,v2at310,policy-vs-policy,52,1.0,758.3103423076924,rl301,756.7845500000001,0.20161515026863502,1.0020161515026864,52,52,1.5257923076923003,-0.42586923076922945,4.119823076923069,7.5678455000000024,0.23672357063785732,1.0,equivalent,1
emp_m_ubin,m=0.8|u_bin=0.5-0.8,v2rl309,policy-vs-policy,52,1.0,758.9027269230769,rl301,756.7845500000001,0.27989167102801144,1.0027989167102802,52,52,2.118176923076917,0.2208444230769239,4.568897307692295,7.5678455000000024,0.04252247799805163,0.6803596479688261,equivalent,1
emp_m_ubin,m=0.8|u_bin=0.5-0.8,wmdd,rule-vs-policy,52,1.0,759.3210038461538,rl301,756.7845500000001,0.3351619488206619,1.0033516194882066,52,52,2.5364538461538313,0.4054153846153804,5.251837499999978,7.5678455000000024,0.0499499764547464,0.1498499293642392,equivalent,1
emp_m_ubin,m=0.8|u_bin=0.5-0.8,v2at306,policy-vs-policy,52,1.0,759.716503846154,rl301,756.7845500000001,0.38742252945754163,1.0038742252945754,52,52,2.931953846153836,0.4405853846153756,6.369429999999985,7.5678455000000024,0.02506184434388362,0.5012368868776724,equivalent,1
emp_m_ubin,m=0.8|u_bin=0.5-0.8,v2at309,policy-vs-policy,52,1.0,759.7923653846154,rl301,756.7845500000001,0.3974467217407326,1.0039744672174074,52,52,3.007815384615374,0.4176003846153756,6.320752692307679,7.5678455000000024,0.03569190011680441,0.6424542021024794,equivalent,1
emp_m_ubin,m=0.8|u_bin=0.5-0.8,v2at308,policy-vs-policy,52,1.0,760.4075884615385,rl301,756.7845500000001,0.4787410712254082,1.004787410712254,52,52,3.6230384615384534,0.6997538461538463,7.394191923076906,7.5678455000000024,0.06297905121445523,0.9446857682168284,equivalent,1
emp_m_ubin,m=0.8|u_bin=0.5-0.8,v2at304,policy-vs-policy,52,1.0,760.4897615384616,rl301,756.7845500000001,0.48959925760396744,1.0048959925760397,52,52,3.7052115384615294,0.8167692307692326,7.419778076923075,7.5678455000000024,0.02506184434388362,0.5012368868776724,equivalent,1
emp_m_ubin,m=0.8|u_bin=0.5-0.8,atc,rule-vs-policy,52,1.0,760.5938346153846,rl301,756.7845500000001,0.5033512662731437,1.0050335126627314,52,52,3.809284615384595,0.8557873076923063,7.7508521153845455,7.5678455000000024,0.011718685599768628,0.058593427998843144,inconclusive,0
emp_m_ubin,m=0.8|u_bin=0.5-0.8,v2at303,policy-vs-policy,52,1.0,760.6133192307692,rl301,756.7845500000001,0.5059259244614766,1.0050592592446148,52,52,3.828769230769225,0.8905811538461522,7.5835896153845965,7.5678455000000024,0.0034780645955223275,0.0765174211014912,inconclusive,0
emp_m_ubin,m=0.8|u_bin=0.5-0.8,v2at307,policy-vs-policy,52,1.0,761.1016461538462,rl301,756.7845500000001,0.5704524694440626,1.0057045246944407,52,52,4.317096153846145,1.0914825961538435,8.57374182692306,7.5678455000000024,0.005847075797320481,0.1227885917437301,inconclusive,0
emp_m_ubin,m=0.8|u_bin=0.5-0.8,wspt,rule-vs-policy,52,1.0,762.7711423076923,rl301,756.7845500000001,0.7910563591305163,1.0079105635913053,52,52,5.9865923076922805,2.003652499999997,11.209837499999958,7.5678455000000024,0.0014737808438751421,0.010316465907125994,inconclusive,0
emp_m_ubin,m=0.8|u_bin=0.5-0.8,v2at301,policy-vs-policy,52,1.0,765.9050346153846,rl301,756.7845500000001,1.2051626338545756,1.0120516263385457,52,52,9.120484615384596,0.40086499999999764,21.826942499999912,7.5678455000000024,0.03569190011680441,0.6424542021024794,inconclusive,0
emp_m_ubin,m=0.8|u_bin=0.5-0.8,random,rule-vs-policy,52,1.0,766.3573807692308,rl301,756.7845500000001,1.2649347518036245,1.0126493475180363,52,52,9.57283076923076,2.0534126923076856,20.923577115384603,7.5678455000000024,0.0023655770533978757,0.014193462320387255,inconclusive,0
emp_m_ubin,m=0.8|u_bin=0.5-0.8,lpt,rule-vs-policy,52,1.0,783.0240038461538,rl301,756.7845500000001,3.4672290609201473,1.0346722906092014,52,52,26.239453846153825,1.7731963461538485,67.11846673076916,7.5678455000000024,0.02182427562605354,0.08729710250421416,inconclusive,0
emp_m_ubin,m=0.8|u_bin=0.8-1.0,v2at305,policy-vs-policy,24,1.0,746.5306666666667,v2at305,746.5306666666667,0.0,1.0,24,24,0.0,0.0,0.0,7.465306666666667,1.0,1.0,equivalent,1
emp_m_ubin,m=0.8|u_bin=0.8-1.0,rl301,policy-vs-policy,24,1.0,746.614,v2at305,746.5306666666667,0.011162747500442657,1.0001116274750044,24,24,0.08333333333333333,0.0,0.25,7.465306666666667,0.31731050786291415,1.0,equivalent,1
emp_m_ubin,m=0.8|u_bin=0.8-1.0,rl302,policy-vs-policy,24,1.0,746.614,v2at305,746.5306666666667,0.011162747500442657,1.0001116274750044,24,24,0.08333333333333333,0.0,0.25,7.465306666666667,0.31731050786291415,1.0,equivalent,1
emp_m_ubin,m=0.8|u_bin=0.8-1.0,rl303,policy-vs-policy,24,1.0,746.614,v2at305,746.5306666666667,0.011162747500442657,1.0001116274750044,24,24,0.08333333333333333,0.0,0.25,7.465306666666667,0.31731050786291415,1.0,equivalent,1
emp_m_ubin,m=0.8|u_bin=0.8-1.0,v2at302,policy-vs-policy,24,1.0,746.614,v2at305,746.5306666666667,0.011162747500442657,1.0001116274750044,24,24,0.08333333333333333,0.0,0.25,7.465306666666667,0.31731050786291415,1.0,equivalent,1
emp_m_ubin,m=0.8|u_bin=0.8-1.0,v2rl301,policy-vs-policy,24,1.0,746.614,v2at305,746.5306666666667,0.011162747500442657,1.0001116274750044,24,24,0.08333333333333333,0.0,0.25,7.465306666666667,0.31731050786291415,1.0,equivalent,1
emp_m_ubin,m=0.8|u_bin=0.8-1.0,v2rl302,policy-vs-policy,24,1.0,746.614,v2at305,746.5306666666667,0.011162747500442657,1.0001116274750044,24,24,0.08333333333333333,0.0,0.25,7.465306666666667,0.31731050786291415,1.0,equivalent,1
emp_m_ubin,m=0.8|u_bin=0.8-1.0,v2rl303,policy-vs-policy,24,1.0,746.614,v2at305,746.5306666666667,0.011162747500442657,1.0001116274750044,24,24,0.08333333333333333,0.0,0.25,7.465306666666667,0.31731050786291415,1.0,equivalent,1
emp_m_ubin,m=0.8|u_bin=0.8-1.0,v2rl304,policy-vs-policy,24,1.0,746.614,v2at305,746.5306666666667,0.011162747500442657,1.0001116274750044,24,24,0.08333333333333333,0.0,0.25,7.465306666666667,0.31731050786291415,1.0,equivalent,1
emp_m_ubin,m=0.8|u_bin=0.8-1.0,v2rl305,policy-vs-policy,24,1.0,746.614,v2at305,746.5306666666667,0.011162747500442657,1.0001116274750044,24,24,0.08333333333333333,0.0,0.25,7.465306666666667,0.31731050786291415,1.0,equivalent,1
emp_m_ubin,m=0.8|u_bin=0.8-1.0,v2rl306,policy-vs-policy,24,1.0,746.614,v2at305,746.5306666666667,0.011162747500442657,1.0001116274750044,24,24,0.08333333333333333,0.0,0.25,7.465306666666667,0.31731050786291415,1.0,equivalent,1
emp_m_ubin,m=0.8|u_bin=0.8-1.0,v2rl307,policy-vs-policy,24,1.0,746.614,v2at305,746.5306666666667,0.011162747500442657,1.0001116274750044,24,24,0.08333333333333333,0.0,0.25,7.465306666666667,0.31731050786291415,1.0,equivalent,1
emp_m_ubin,m=0.8|u_bin=0.8-1.0,v2rl308,policy-vs-policy,24,1.0,746.614,v2at305,746.5306666666667,0.011162747500442657,1.0001116274750044,24,24,0.08333333333333333,0.0,0.25,7.465306666666667,0.31731050786291415,1.0,equivalent,1
emp_m_ubin,m=0.8|u_bin=0.8-1.0,v2rl310,policy-vs-policy,24,1.0,746.6556666666667,v2at305,746.5306666666667,0.01674412125065637,1.0001674412125066,24,24,0.125,0.0,0.3333333333333333,7.465306666666667,0.17971249487899976,1.0,equivalent,1
emp_m_ubin,m=0.8|u_bin=0.8-1.0,edd,rule-vs-policy,24,1.0,746.9473333333334,v2at305,746.5306666666667,0.05581373750219805,1.000558137375022,24,24,0.4166666666666667,0.0,1.25,7.465306666666667,0.31731050786291415,0.8985624743949988,equivalent,1
emp_m_ubin,m=0.8|u_bin=0.8-1.0,pfifo,rule-vs-policy,24,1.0,746.9473333333334,v2at305,746.5306666666667,0.05581373750219805,1.000558137375022,24,24,0.4166666666666667,0.0,1.25,7.465306666666667,0.31731050786291415,0.8985624743949988,equivalent,1
emp_m_ubin,m=0.8|u_bin=0.8-1.0,v2at310,policy-vs-policy,24,1.0,746.9473333333334,v2at305,746.5306666666667,0.05581373750219805,1.000558137375022,24,24,0.4166666666666667,0.0,1.25,7.465306666666667,0.31731050786291415,1.0,equivalent,1
emp_m_ubin,m=0.8|u_bin=0.8-1.0,v2rl309,policy-vs-policy,24,1.0,747.1973333333334,v2at305,746.5306666666667,0.08930198000351079,1.0008930198000352,24,24,0.6666666666666666,0.0,2.0,7.465306666666667,0.31731050786291415,1.0,equivalent,1
emp_m_ubin,m=0.8|u_bin=0.8-1.0,v2at309,policy-vs-policy,24,1.0,747.3114,v2at305,746.5306666666667,0.10458154878210682,1.001045815487821,24,24,0.7807333333333398,0.0,2.31146666666668,7.465306666666667,0.17971249487899976,1.0,equivalent,1
emp_m_ubin,m=0.8|u_bin=0.8-1.0,wmdd,rule-vs-policy,24,1.0,747.3114,v2at305,746.5306666666667,0.10458154878210682,1.001045815487821,24,24,0.7807333333333398,0.0,2.31146666666668,7.465306666666667,0.17971249487899976,0.8985624743949988,equivalent,1
emp_m_ubin,m=0.8|u_bin=0.8-1.0,v2at304,policy-vs-policy,24,1.0,747.4780666666667,v2at305,746.5306666666667,0.1269070437829769,1.0012690704378298,24,24,0.9474000000000066,0.0,2.81146666666668,7.465306666666667,0.17971249487899976,1.0,equivalent,1
emp_m_ubin,m=0.8|u_bin=0.8-1.0,atc,rule-vs-policy,24,1.0,747.8034333333334,v2at305,746.5306666666667,0.1704908751236893,1.0017049087512369,24,24,1.2727666666666266,0.0,3.78756666666654,7.465306666666667,0.17971249487899976,0.8985624743949988,equivalent,1
emp_m_ubin,m=0.8|u_bin=0.8-1.0,v2at306,policy-vs-policy,24,1.0,747.864,v2at305,746.5306666666667,0.17860396000700635,1.00178603960007,24,24,1.3333333333333333,0.0,4.0,7.465306666666667,0.31731050786291415,1.0,equivalent,1
emp_m_ubin,m=0.8|u_bin=0.8-1.0,v2at308,policy-vs-policy,24,1.0,748.1973333333334,v2at305,746.5306666666667,0.22325495000876175,1.0022325495000877,24,24,1.6666666666666667,0.0,5.0,7.465306666666667,0.31731050786291415,1.0,equivalent,1
emp_m_ubin,m=0.8|u_bin=0.8-1.0,v2at303,policy-vs-policy,24,1.0,748.6367666666666,v2at305,746.5306666666667,0.282118350128055,1.0028211835012806,24,24,2.10609999999996,0.0,6.28756666666654,7.465306666666667,0.17971249487899976,1.0,equivalent,1
emp_m_ubin,m=0.8|u_bin=0.8-1.0,lpt,rule-vs-policy,24,1.0,748.7342833333333,v2at305,746.5306666666667,0.29518099725307234,1.0029518099725308,24,24,2.203616666666676,0.0,6.490566666666685,7.465306666666667,0.17971249487899976,0.8985624743949988,equivalent,1
emp_m_ubin,m=0.8|u_bin=0.8-1.0,v2at301,policy-vs-policy,24,1.0,748.8451,v2at305,746.5306666666667,0.31002521887915396,1.0031002521887915,24,24,2.3144333333333313,0.0,6.506833333333314,7.465306666666667,0.10880943004054568,1.0,equivalent,1
emp_m_ubin,m=0.8|u_bin=0.8-1.0,v2at307,policy-vs-policy,24,1.0,749.4701,v2at305,746.5306666666667,0.39374582513243583,1.0039374582513243,24,24,2.9394333333333313,0.030733333333339868,7.151501666666639,7.465306666666667,0.06788915486182899,1.0,equivalent,1
emp_m_ubin,m=0.8|u_bin=0.8-1.0,random,rule-vs-policy,24,1.0,751.489,v2at305,746.5306666666667,0.664183476276041,1.0066418347627604,24,24,4.958333333333333,0.2916666666666667,11.5,7.465306666666667,0.06788915486182899,0.4073349291709739,inconclusive,0
emp_m_ubin,m=0.8|u_bin=0.8-1.0,wspt,rule-vs-policy,24,1.0,751.8841666666667,v2at305,746.5306666666667,0.7171172249231181,1.0071711722492311,24,24,5.353499999999959,0.7390666666666732,11.629233333333199,7.465306666666667,0.027707849358079864,0.19395494550655906,inconclusive,0
emp_m_ubin,m=0.8|u_bin=1.0-1.2,rl301,policy-vs-policy,13,1.0,279.9884307692308,rl301,279.9884307692308,0.0,1.0,13,13,0.0,0.0,0.0,2.7998843076923077,1.0,1.0,equivalent,1
emp_m_ubin,m=0.8|u_bin=1.0-1.2,v2at302,policy-vs-policy,13,1.0,279.9884307692308,rl301,279.9884307692308,0.0,1.0,13,13,0.0,0.0,0.0,2.7998843076923077,1.0,1.0,equivalent,1
emp_m_ubin,m=0.8|u_bin=1.0-1.2,v2at310,policy-vs-policy,13,1.0,279.9884307692308,rl301,279.9884307692308,0.0,1.0,13,13,0.0,0.0,0.0,2.7998843076923077,1.0,1.0,equivalent,1
emp_m_ubin,m=0.8|u_bin=1.0-1.2,v2rl301,policy-vs-policy,13,1.0,279.9884307692308,rl301,279.9884307692308,0.0,1.0,13,13,0.0,0.0,0.0,2.7998843076923077,1.0,1.0,equivalent,1
emp_m_ubin,m=0.8|u_bin=1.0-1.2,v2rl302,policy-vs-policy,13,1.0,279.9884307692308,rl301,279.9884307692308,0.0,1.0,13,13,0.0,0.0,0.0,2.7998843076923077,1.0,1.0,equivalent,1
emp_m_ubin,m=0.8|u_bin=1.0-1.2,v2rl303,policy-vs-policy,13,1.0,280.1879076923077,rl301,279.9884307692308,0.07124470197889718,1.000712447019789,13,13,0.19947692307690745,0.0,0.5984307692307224,2.7998843076923077,1.0,1.0,equivalent,1
emp_m_ubin,m=0.8|u_bin=1.0-1.2,v2rl307,policy-vs-policy,13,1.0,280.1879076923077,rl301,279.9884307692308,0.07124470197889718,1.000712447019789,13,13,0.19947692307690745,0.0,0.5984307692307224,2.7998843076923077,1.0,1.0,equivalent,1
emp_m_ubin,m=0.8|u_bin=1.0-1.2,v2at308,policy-vs-policy,13,1.0,280.49559999999997,rl301,279.9884307692308,0.1811393525710379,1.0018113935257105,13,13,0.5071692307692152,0.0,1.5215076923076454,2.7998843076923077,1.0,1.0,equivalent,1
emp_m_ubin,m=0.8|u_bin=1.0-1.2,v2rl304,policy-vs-policy,13,1.0,280.49559999999997,rl301,279.9884307692308,0.1811393525710379,1.0018113935257105,13,13,0.5071692307692152,0.0,1.5215076923076454,2.7998843076923077,1.0,1.0,equivalent,1
emp_m_ubin,m=0.8|u_bin=1.0-1.2,v2rl310,policy-vs-policy,13,1.0,280.49559999999997,rl301,279.9884307692308,0.1811393525710379,1.0018113935257105,13,13,0.5071692307692152,0.0,1.5215076923076454,2.7998843076923077,1.0,1.0,equivalent,1
emp_m_ubin,m=0.8|u_bin=1.0-1.2,v2rl305,policy-vs-policy,13,1.0,280.77953846153844,rl301,279.9884307692308,0.28255013613748237,1.0028255013613747,13,13,0.7911076923076927,0.0,2.373323076923078,2.7998843076923077,1.0,1.0,equivalent,1
emp_m_ubin,m=0.8|u_bin=1.0-1.2,rl302,policy-vs-policy,13,1.0,281.00584615384616,rl301,279.9884307692308,0.36337765164802605,1.0036337765164802,13,13,1.0174153846153682,0.0,3.052246153846104,2.7998843076923077,1.0,1.0,inconclusive,0
emp_m_ubin,m=0.8|u_bin=1.0-1.2,v2rl308,policy-vs-policy,13,1.0,281.3979076923077,rl301,279.9884307692308,0.5034054154325447,1.0050340541543255,13,13,1.4094769230769089,0.0,4.228430769230727,2.7998843076923077,1.0,1.0,inconclusive,0
emp_m_ubin,m=0.8|u_bin=1.0-1.2,v2at307,policy-vs-policy,13,1.0,281.4339076923077,rl301,279.9884307692308,0.5162630895518274,1.0051626308955184,13,13,1.4454769230769147,0.0,3.2940307692307353,2.7998843076923077,0.25,1.0,inconclusive,0
emp_m_ubin,m=0.8|u_bin=1.0-1.2,v2at301,policy-vs-policy,13,1.0,282.36892307692307,rl301,279.9884307692308,0.8502109537712715,1.0085021095377127,13,13,2.380492307692291,0.0,5.991753846153813,2.7998843076923077,0.25,1.0,inconclusive,0
emp_m_ubin,m=0.8|u_bin=1.0-1.2,edd,rule-vs-policy,13,1.0,282.4146923076923,rl301,279.9884307692308,0.8665577830468524,1.0086655778304685,13,13,2.4262615384615347,0.0,7.054938461538445,2.7998843076923077,0.5,1.0,inconclusive,0
emp_m_ubin,m=0.8|u_bin=1.0-1.2,pfifo,rule-vs-policy,13,1.0,282.4146923076923,rl301,279.9884307692308,0.8665577830468524,1.0086655778304685,13,13,2.4262615384615347,0.0,7.166861538461524,2.7998843076923077,0.5,1.0,inconclusive,0
emp_m_ubin,m=0.8|u_bin=1.0-1.2,v2rl309,policy-vs-policy,13,1.0,282.6104615384615,rl301,279.9884307692308,0.9364782544861013,1.009364782544861,13,13,2.6220307692307623,0.0,7.866092307692288,2.7998843076923077,1.0,1.0,inconclusive,0
emp_m_ubin,m=0.8|u_bin=1.0-1.2,v2at309,policy-vs-policy,13,1.0,283.26483076923074,rl301,279.9884307692308,1.1701912079004464,1.0117019120790045,13,13,3.276399999999984,0.0,9.829199999999954,2.7998843076923077,1.0,1.0,inconclusive,0
emp_m_ubin,m=0.8|u_bin=1.0-1.2,rl303,policy-vs-policy,13,1.0,283.4280923076923,rl301,279.9884307692308,1.2285013095046453,1.0122850130950465,13,13,3.439661538461538,0.0,10.318984615384615,2.7998843076923077,1.0,1.0,inconclusive,0
emp_m_ubin,m=0.8|u_bin=1.0-1.2,wmdd,rule-vs-policy,13,1.0,284.1554,rl301,279.9884307692308,1.488264789841859,1.0148826478984185,13,13,4.166969230769234,0.0,11.04629230769231,2.7998843076923077,0.5,1.0,inconclusive,0
emp_m_ubin,m=0.8|u_bin=1.0-1.2,v2at305,policy-vs-policy,13,1.0,284.7739076923077,rl301,279.9884307692308,1.7091695217296958,1.017091695217297,13,13,4.785476923076938,0.0,14.356430769230814,2.7998843076923077,1.0,1.0,inconclusive,0
emp_m_ubin,m=0.8|u_bin=1.0-1.2,v2at304,policy-vs-policy,13,1.0,285.1109846153846,rl301,279.9884307692308,1.8295591114533922,1.018295591114534,13,13,5.1225538461538305,0.0,14.55279999999997,2.7998843076923077,0.5,1.0,inconclusive,0
emp_m_ubin,m=0.8|u_bin=1.0-1.2,v2at303,policy-vs-policy,13,1.0,285.22138461538464,rl301,279.9884307692308,1.8689893120858676,1.0186898931208588,13,13,5.232953846153875,0.0,12.927446153846212,2.7998843076923077,0.25,1.0,inconclusive,0
emp_m_ubin,m=0.8|u_bin=1.0-1.2,v2at306,policy-vs-policy,13,1.0,285.8367692307693,rl301,279.9884307692308,2.0887786132701898,1.020887786132702,13,13,5.84833846153849,0.0,14.777969230769346,2.7998843076923077,0.5,1.0,inconclusive,0
emp_m_ubin,m=0.8|u_bin=1.0-1.2,v2rl306,policy-vs-policy,13,1.0,286.5644923076923,rl301,279.9884307692308,2.3486904513856857,1.0234869045138568,13,13,6.576061538461545,0.0,19.728184615384635,2.7998843076923077,1.0,1.0,inconclusive,0
emp_m_ubin,m=0.8|u_bin=1.0-1.2,atc,rule-vs-policy,13,1.0,286.9571384615384,rl301,279.9884307692308,2.488927015006318,1.0248892701500631,13,13,6.968707692307676,0.0,17.213815384615337,2.7998843076923077,0.5,1.0,inconclusive,0
emp_m_ubin,m=0.8|u_bin=1.0-1.2,random,rule-vs-policy,13,1.0,289.156,rl301,279.9884307692308,3.274267156533061,1.0327426715653305,13,13,9.167569230769216,0.0,21.964246153846112,2.7998843076923077,0.25,1.0,inconclusive,0
emp_m_ubin,m=0.8|u_bin=1.0-1.2,wspt,rule-vs-policy,13,1.0,292.6983076923077,rl301,279.9884307692308,4.539429321475264,1.0453942932147526,13,13,12.709876923076926,0.2646153846153844,27.50667692307692,2.7998843076923077,0.125,0.875,inconclusive,0
emp_m_ubin,m=0.8|u_bin=1.0-1.2,lpt,rule-vs-policy,13,1.0,297.32812307692313,rl301,279.9884307692308,6.193003139470397,1.061930031394704,13,13,17.33969230769234,0.0,51.58141538461546,2.7998843076923077,0.5,1.0,inconclusive,0
emp_m_ubin,m=0.8|u_bin=<0.5,rl302,policy-vs-policy,61,1.0,223.94036721311474,rl302,223.94036721311474,0.0,1.0,61,61,0.0,0.0,0.0,2.2394036721311474,1.0,1.0,equivalent,1
emp_m_ubin,m=0.8|u_bin=<0.5,v2at305,policy-vs-policy,61,1.0,223.94036721311474,rl302,223.94036721311474,0.0,1.0,61,61,0.0,0.0,0.0,2.239403672131148,1.0,1.0,equivalent,1
emp_m_ubin,m=0.8|u_bin=<0.5,v2rl302,policy-vs-policy,61,1.0,223.94036721311474,rl302,223.94036721311474,0.0,1.0,61,61,0.0,0.0,0.0,2.239403672131148,1.0,1.0,equivalent,1
emp_m_ubin,m=0.8|u_bin=<0.5,lpt,rule-vs-policy,61,1.0,223.9640524590164,rl302,223.94036721311474,0.010576586167292406,1.000105765861673,61,61,0.023685245901635395,0.0,0.07105573770490618,2.239403672131148,0.31731050786291415,0.9519315235887424,equivalent,1
emp_m_ubin,m=0.8|u_bin=<0.5,rl301,policy-vs-policy,61,1.0,223.9640524590164,rl302,223.94036721311474,0.010576586167292406,1.000105765861673,61,61,0.023685245901635395,0.0,0.07105573770490618,2.239403672131148,0.31731050786291415,1.0,equivalent,1
emp_m_ubin,m=0.8|u_bin=<0.5,v2rl303,policy-vs-policy,61,1.0,223.9640524590164,rl302,223.94036721311474,0.010576586167292406,1.000105765861673,61,61,0.023685245901635395,0.0,0.07105573770490618,2.239403672131148,0.31731050786291415,1.0,equivalent,1
emp_m_ubin,m=0.8|u_bin=<0.5,v2rl308,policy-vs-policy,61,1.0,223.9640524590164,rl302,223.94036721311474,0.010576586167292406,1.000105765861673,61,61,0.023685245901635395,0.0,0.07105573770490618,2.239403672131148,0.31731050786291415,1.0,equivalent,1
emp_m_ubin,m=0.8|u_bin=<0.5,v2rl310,policy-vs-policy,61,1.0,223.9640524590164,rl302,223.94036721311474,0.010576586167292406,1.000105765861673,61,61,0.023685245901635395,0.0,0.07105573770490618,2.239403672131148,0.31731050786291415,1.0,equivalent,1
emp_m_ubin,m=0.8|u_bin=<0.5,edd,rule-vs-policy,61,1.0,223.97280655737703,rl302,223.94036721311474,0.014485706469979646,1.0001448570646998,61,61,0.03243934426229286,0.0,0.09731803278687859,2.239403672131148,0.31731050786291415,0.9519315235887424,equivalent,1
emp_m_ubin,m=0.8|u_bin=<0.5,pfifo,rule-vs-policy,61,1.0,223.97280655737703,rl302,223.94036721311474,0.014485706469979646,1.0001448570646998,61,61,0.03243934426229286,0.0,0.09731803278687859,2.239403672131148,0.31731050786291415,0.9519315235887424,equivalent,1
emp_m_ubin,m=0.8|u_bin=<0.5,v2rl305,policy-vs-policy,61,1.0,223.97760000000002,rl302,223.94036721311474,0.016626206051475585,1.0001662620605147,61,61,0.03723278688524812,0.0,0.11169836065574436,2.239403672131148,0.31731050786291415,1.0,equivalent,1
emp_m_ubin,m=0.8|u_bin=<0.5,v2rl306,policy-vs-policy,61,1.0,223.97760000000002,rl302,223.94036721311474,0.016626206051475585,1.0001662620605147,61,61,0.03723278688524812,0.0,0.11169836065574436,2.239403672131148,0.31731050786291415,1.0,equivalent,1
emp_m_ubin,m=0.8|u_bin=<0.5,v2rl307,policy-vs-policy,61,1.0,223.97760000000002,rl302,223.94036721311474,0.016626206051475585,1.0001662620605147,61,61,0.03723278688524812,0.0,0.11169836065574436,2.239403672131148,0.31731050786291415,1.0,equivalent,1
emp_m_ubin,m=0.8|u_bin=<0.5,v2at302,policy-vs-policy,61,1.0,223.99683934426227,rl302,223.94036721311474,0.0252174861773748,1.0002521748617736,61,61,0.05647213114753703,0.0,0.1694163934426111,2.239403672131148,0.31731050786291415,1.0,equivalent,1
emp_m_ubin,m=0.8|u_bin=<0.5,v2at310,policy-vs-policy,61,1.0,223.99683934426227,rl302,223.94036721311474,0.0252174861773748,1.0002521748617736,61,61,0.05647213114753703,0.0,0.1694163934426111,2.239403672131148,0.31731050786291415,1.0,equivalent,1
emp_m_ubin,m=0.8|u_bin=<0.5,v2rl304,policy-vs-policy,61,1.0,223.99683934426227,rl302,223.94036721311474,0.0252174861773748,1.0002521748617736,61,61,0.05647213114753703,0.0,0.1694163934426111,2.239403672131148,0.31731050786291415,1.0,equivalent,1
emp_m_ubin,m=0.8|u_bin=<0.5,rl303,policy-vs-policy,61,1.0,224.00093770491802,rl302,223.94036721311474,0.02704759867863986,1.0002704759867864,61,61,0.06057049180327474,0.0,0.1817114754098242,2.239403672131148,0.31731050786291415,1.0,equivalent,1
emp_m_ubin,m=0.8|u_bin=<0.5,v2rl301,policy-vs-policy,61,1.0,224.00128524590164,rl302,223.94036721311474,0.0272027922187553,1.0002720279221875,61,61,0.060918032786883514,0.0,0.18275409836065054,2.239403672131148,0.31731050786291415,1.0,equivalent,1
emp_m_ubin,m=0.8|u_bin=<0.5,v2rl309,policy-vs-policy,61,1.0,224.03838032786882,rl302,223.94036721311474,0.04376750649015713,1.0004376750649016,61,61,0.09801311475409615,0.0,0.29403934426228845,2.239403672131148,0.31731050786291415,1.0,equivalent,1
emp_m_ubin,m=0.8|u_bin=<0.5,v2at309,policy-vs-policy,61,1.0,224.2876393442623,rl302,223.94036721311474,0.15507348472687987,1.0015507348472688,61,61,0.3472721311475412,0.0,0.9609377049180332,2.239403672131148,0.17971249487899976,1.0,equivalent,1
emp_m_ubin,m=0.8|u_bin=<0.5,v2at306,policy-vs-policy,61,1.0,224.42999344262296,rl302,223.94036721311474,0.21864134439069718,1.002186413443907,61,61,0.4896262295081976,0.0,1.27433442622951,2.239403672131148,0.17971249487899976,1.0,equivalent,1
emp_m_ubin,m=0.8|u_bin=<0.5,v2at308,policy-vs-policy,61,1.0,224.44747540983607,rl302,223.94036721311474,0.22644787227607754,1.0022644787227608,61,61,0.5071081967213117,0.0,1.3748721311475414,2.239403672131148,0.17971249487899976,1.0,equivalent,1
emp_m_ubin,m=0.8|u_bin=<0.5,v2at307,policy-vs-policy,61,1.0,224.4649573770492,rl302,223.94036721311474,0.23425440016145793,1.0023425440016145,61,61,0.5245901639344263,0.0,1.4426229508196722,2.239403672131148,0.10880943004054568,1.0,equivalent,1
emp_m_ubin,m=0.8|u_bin=<0.5,atc,rule-vs-policy,61,1.0,224.51304918032787,rl302,223.94036721311474,0.25572967229625504,1.0025572967229626,61,61,0.5726819672131149,0.0,1.6371672131147545,2.239403672131148,0.17971249487899976,0.8985624743949988,equivalent,1
emp_m_ubin,m=0.8|u_bin=<0.5,wmdd,rule-vs-policy,61,1.0,224.5601573770492,rl302,223.94036721311474,0.2767657174307592,1.0027676571743076,61,61,0.6197901639344322,0.0,1.7784918032787063,2.239403672131148,0.17971249487899976,0.8985624743949988,equivalent,1
emp_m_ubin,m=0.8|u_bin=<0.5,random,rule-vs-policy,61,1.0,224.59610491803278,rl302,223.94036721311474,0.29281800020181287,1.0029281800020182,61,61,0.6557377049180327,0.06557377049180328,1.5081967213114753,2.239403672131148,0.06559969214707187,0.3935981528824312,equivalent,1
emp_m_ubin,m=0.8|u_bin=<0.5,v2at304,policy-vs-policy,61,1.0,224.62671475409837,rl302,223.94036721311474,0.3064867444512423,1.0030648674445124,61,61,0.6863475409836074,0.0,1.6022032786885263,2.239403672131148,0.10880943004054568,1.0,equivalent,1
emp_m_ubin,m=0.8|u_bin=<0.5,v2at301,policy-vs-policy,61,1.0,224.6441967213115,rl302,223.94036721311474,0.3142932723366227,1.0031429327233663,61,61,0.7038295081967215,0.0,1.9978229508196725,2.239403672131148,0.17971249487899976,1.0,equivalent,1
emp_m_ubin,m=0.8|u_bin=<0.5,v2at303,policy-vs-policy,61,1.0,224.72507540983608,rl302,223.94036721311474,0.3504094444815149,1.0035040944448153,61,61,0.7847081967213123,0.09836065573770492,1.7683147540983615,2.239403672131148,0.06559969214707187,1.0,equivalent,1
emp_m_ubin,m=0.8|u_bin=<0.5,wspt,rule-vs-policy,61,1.0,225.3174163934426,rl302,223.94036721311474,0.6149178004238033,1.006149178004238,61,61,1.3770491803278688,0.2786885245901639,2.9672131147540983,2.239403672131148,0.017960477526078766,0.12572334268255136,inconclusive,0
emp_m_ubin,m=0.8|u_bin=>=1.2,rl301,policy-vs-policy,30,1.0,191.50986666666668,rl301,191.50986666666668,0.0,1.0,30,30,0.0,0.0,0.0,1.915098666666667,1.0,1.0,equivalent,1
emp_m_ubin,m=0.8|u_bin=>=1.2,lpt,rule-vs-policy,30,1.0,191.52064000000001,rl301,191.50986666666668,0.005625471690231203,1.0000562547169023,30,30,0.010773333333332857,0.0,0.03231999999999857,1.915098666666667,0.31731050786291415,1.0,equivalent,1
emp_m_ubin,m=0.8|u_bin=>=1.2,rl302,policy-vs-policy,30,1.0,191.52064000000001,rl301,191.50986666666668,0.005625471690231203,1.0000562547169023,30,30,0.010773333333332857,0.0,0.03231999999999857,1.915098666666667,0.31731050786291415,1.0,equivalent,1
emp_m_ubin,m=0.8|u_bin=>=1.2,v2at305,policy-vs-policy,30,1.0,191.52064000000001,rl301,191.50986666666668,0.005625471690231203,1.0000562547169023,30,30,0.010773333333332857,0.0,0.03231999999999857,1.915098666666667,0.31731050786291415,1.0,equivalent,1
emp_m_ubin,m=0.8|u_bin=>=1.2,v2rl301,policy-vs-policy,30,1.0,191.52064000000001,rl301,191.50986666666668,0.005625471690231203,1.0000562547169023,30,30,0.010773333333332857,0.0,0.03231999999999857,1.915098666666667,0.31731050786291415,1.0,equivalent,1
emp_m_ubin,m=0.8|u_bin=>=1.2,v2rl302,policy-vs-policy,30,1.0,191.52064000000001,rl301,191.50986666666668,0.005625471690231203,1.0000562547169023,30,30,0.010773333333332857,0.0,0.03231999999999857,1.915098666666667,0.31731050786291415,1.0,equivalent,1
emp_m_ubin,m=0.8|u_bin=>=1.2,v2rl303,policy-vs-policy,30,1.0,191.52064000000001,rl301,191.50986666666668,0.005625471690231203,1.0000562547169023,30,30,0.010773333333332857,0.0,0.03231999999999857,1.915098666666667,0.31731050786291415,1.0,equivalent,1
emp_m_ubin,m=0.8|u_bin=>=1.2,v2rl305,policy-vs-policy,30,1.0,191.52064000000001,rl301,191.50986666666668,0.005625471690231203,1.0000562547169023,30,30,0.010773333333332857,0.0,0.03231999999999857,1.915098666666667,0.31731050786291415,1.0,equivalent,1
emp_m_ubin,m=0.8|u_bin=>=1.2,v2rl306,policy-vs-policy,30,1.0,191.52064000000001,rl301,191.50986666666668,0.005625471690231203,1.0000562547169023,30,30,0.010773333333332857,0.0,0.03231999999999857,1.915098666666667,0.31731050786291415,1.0,equivalent,1
emp_m_ubin,m=0.8|u_bin=>=1.2,v2rl308,policy-vs-policy,30,1.0,191.52064000000001,rl301,191.50986666666668,0.005625471690231203,1.0000562547169023,30,30,0.010773333333332857,0.0,0.03231999999999857,1.915098666666667,0.31731050786291415,1.0,equivalent,1
emp_m_ubin,m=0.8|u_bin=>=1.2,rl303,policy-vs-policy,30,1.0,191.53478666666666,rl301,191.50986666666668,0.013012384392369142,1.0001301238439237,30,30,0.024919999999999713,0.0,0.07475999999999913,1.915098666666667,0.31731050786291415,1.0,equivalent,1
emp_m_ubin,m=0.8|u_bin=>=1.2,atc,rule-vs-policy,30,1.0,191.53482666666665,rl301,191.50986666666668,0.013033271044676147,1.0001303327104467,30,30,0.024959999999999618,0.0,0.07487999999999886,1.915098666666667,0.31731050786291415,1.0,equivalent,1
emp_m_ubin,m=0.8|u_bin=>=1.2,edd,rule-vs-policy,30,1.0,191.53482666666665,rl301,191.50986666666668,0.013033271044676147,1.0001303327104467,30,30,0.024959999999999618,0.0,0.07487999999999886,1.915098666666667,0.31731050786291415,1.0,equivalent,1
emp_m_ubin,m=0.8|u_bin=>=1.2,pfifo,rule-vs-policy,30,1.0,191.53482666666665,rl301,191.50986666666668,0.013033271044676147,1.0001303327104467,30,30,0.024959999999999618,0.0,0.07487999999999886,1.915098666666667,0.31731050786291415,1.0,equivalent,1
emp_m_ubin,m=0.8|u_bin=>=1.2,v2at303,policy-vs-policy,30,1.0,191.53482666666665,rl301,191.50986666666668,0.013033271044676147,1.0001303327104467,30,30,0.024959999999999618,0.0,0.07487999999999886,1.915098666666667,0.31731050786291415,1.0,equivalent,1
emp_m_ubin,m=0.8|u_bin=>=1.2,v2at304,policy-vs-policy,30,1.0,191.53482666666665,rl301,191.50986666666668,0.013033271044676147,1.0001303327104467,30,30,0.024959999999999618,0.0,0.07487999999999886,1.915098666666667,0.31731050786291415,1.0,equivalent,1
emp_m_ubin,m=0.8|u_bin=>=1.2,v2at307,policy-vs-policy,30,1.0,191.53482666666665,rl301,191.50986666666668,0.013033271044676147,1.0001303327104467,30,30,0.024959999999999618,0.0,0.07487999999999886,1.915098666666667,0.31731050786291415,1.0,equivalent,1
emp_m_ubin,m=0.8|u_bin=>=1.2,v2at309,policy-vs-policy,30,1.0,191.53482666666665,rl301,191.50986666666668,0.013033271044676147,1.0001303327104467,30,30,0.024959999999999618,0.0,0.07487999999999886,1.915098666666667,0.31731050786291415,1.0,equivalent,1
emp_m_ubin,m=0.8|u_bin=>=1.2,v2at310,policy-vs-policy,30,1.0,191.53482666666665,rl301,191.50986666666668,0.013033271044676147,1.0001303327104467,30,30,0.024959999999999618,0.0,0.07487999999999886,1.915098666666667,0.31731050786291415,1.0,equivalent,1
emp_m_ubin,m=0.8|u_bin=>=1.2,v2rl307,policy-vs-policy,30,1.0,191.53482666666665,rl301,191.50986666666668,0.013033271044676147,1.0001303327104467,30,30,0.024959999999999618,0.0,0.07487999999999886,1.915098666666667,0.31731050786291415,1.0,equivalent,1
emp_m_ubin,m=0.8|u_bin=>=1.2,wmdd,rule-vs-policy,30,1.0,191.53482666666665,rl301,191.50986666666668,0.013033271044676147,1.0001303327104467,30,30,0.024959999999999618,0.0,0.07487999999999886,1.915098666666667,0.31731050786291415,1.0,equivalent,1
emp_m_ubin,m=0.8|u_bin=>=1.2,v2at308,policy-vs-policy,30,1.0,191.5348666666667,rl301,191.50986666666668,0.013054157697012835,1.0001305415769701,30,30,0.025,0.0,0.075,1.915098666666667,0.31731050786291415,1.0,equivalent,1
emp_m_ubin,m=0.8|u_bin=>=1.2,v2rl304,policy-vs-policy,30,1.0,191.5348666666667,rl301,191.50986666666668,0.013054157697012835,1.0001305415769701,30,30,0.025,0.0,0.075,1.915098666666667,0.31731050786291415,1.0,equivalent,1
emp_m_ubin,m=0.8|u_bin=>=1.2,v2at302,policy-vs-policy,30,1.0,191.53497333333334,rl301,191.50986666666668,0.01310985543651302,1.0001310985543652,30,30,0.02510666666666642,0.0,0.07531999999999925,1.915098666666667,0.31731050786291415,1.0,equivalent,1
emp_m_ubin,m=0.8|u_bin=>=1.2,v2rl310,policy-vs-policy,30,1.0,191.60145333333332,rl301,191.50986666666668,0.04782347158439347,1.0004782347158439,30,30,0.09158666666666639,0.0,0.24142666666666582,1.915098666666667,0.17971249487899976,1.0,equivalent,1
emp_m_ubin,m=0.8|u_bin=>=1.2,v2rl309,policy-vs-policy,30,1.0,191.66464,rl301,191.50986666666668,0.08081742002499603,1.00080817420025,30,30,0.15477333333333257,0.0,0.4535466666666649,1.915098666666667,0.17971249487899976,1.0,equivalent,1
emp_m_ubin,m=0.8|u_bin=>=1.2,v2at306,policy-vs-policy,30,1.0,191.83482666666666,rl301,191.50986666666668,0.16968316340880046,1.001696831634088,30,30,0.32495999999999964,0.0,0.9499199999999992,1.915098666666667,0.17971249487899976,1.0,equivalent,1
emp_m_ubin,m=0.8|u_bin=>=1.2,random,rule-vs-policy,30,1.0,191.99194666666665,rl301,191.50986666666668,0.25172593370296387,1.0025172593370297,30,30,0.48208000000000006,0.03333333333333333,1.067432,1.915098666666667,0.06788915486182899,0.4073349291709739,equivalent,1
emp_m_ubin,m=0.8|u_bin=>=1.2,v2at301,policy-vs-policy,30,1.0,193.18537333333333,rl301,191.50986666666668,0.8748931299623114,1.0087489312996232,30,30,1.675506666666667,0.14734666666666668,3.7648400000000004,1.915098666666667,0.043114446783075355,0.9485178292276578,inconclusive,0
emp_m_ubin,m=0.8|u_bin=>=1.2,wspt,rule-vs-policy,30,1.0,193.54949333333334,rl301,191.50986666666668,1.065024325987728,1.0106502432598772,30,30,2.0396266666666665,0.6502933333333332,3.7569746666666664,1.915098666666667,0.017960477526078766,0.12572334268255136,inconclusive,0
emp_m_ubin,m=1.0|u_bin=0.5-0.8,rl303,policy-vs-policy,52,1.0,859.6020461538462,rl303,859.6020461538462,0.0,1.0,52,52,0.0,0.0,0.0,8.596020461538462,1.0,1.0,equivalent,1
emp_m_ubin,m=1.0|u_bin=0.5-0.8,v2rl302,policy-vs-policy,52,1.0,859.6020461538462,rl303,859.6020461538462,0.0,1.0,52,52,0.0,0.0,0.0,8.596020461538462,1.0,1.0,equivalent,1
emp_m_ubin,m=1.0|u_bin=0.5-0.8,v2at310,policy-vs-policy,52,1.0,859.6039076923078,rl303,859.6020461538462,0.0002165581701271053,1.0000021655817013,52,52,0.0018615384615384956,0.0,0.005584615384615487,8.596020461538462,0.31731050786291415,1.0,equivalent,1
emp_m_ubin,m=1.0|u_bin=0.5-0.8,v2at305,policy-vs-policy,52,1.0,859.6268307692309,rl303,859.6020461538462,0.0028832662155170016,1.0000288326621551,52,52,0.024784615384616106,0.0,0.07435384615384831,8.596020461538462,0.31731050786291415,1.0,equivalent,1
emp_m_ubin,m=1.0|u_bin=0.5-0.8,v2rl303,policy-vs-policy,52,1.0,859.6268307692309,rl303,859.6020461538462,0.0028832662155170016,1.0000288326621551,52,52,0.024784615384616106,0.0,0.07435384615384831,8.596020461538462,0.31731050786291415,1.0,equivalent,1
emp_m_ubin,m=1.0|u_bin=0.5-0.8,v2rl306,policy-vs-policy,52,1.0,859.6268307692309,rl303,859.6020461538462,0.0028832662155170016,1.0000288326621551,52,52,0.024784615384616106,0.0,0.07435384615384831,8.596020461538462,0.31731050786291415,1.0,equivalent,1
emp_m_ubin,m=1.0|u_bin=0.5-0.8,v2rl308,policy-vs-policy,52,1.0,859.6332923076923,rl303,859.6020461538462,0.0036349557316489776,1.0000363495573166,52,52,0.031246153846146065,0.0,0.0937384615384382,8.596020461538462,0.31731050786291415,1.0,equivalent,1
emp_m_ubin,m=1.0|u_bin=0.5-0.8,rl302,policy-vs-policy,52,1.0,859.6363076923078,rl303,859.6020461538462,0.003985744172536136,1.0000398574417253,52,52,0.03426153846153896,0.0,0.10278461538461688,8.596020461538462,0.31731050786291415,1.0,equivalent,1
emp_m_ubin,m=1.0|u_bin=0.5-0.8,v2rl310,policy-vs-policy,52,1.0,859.6616,rl303,859.6020461538462,0.006928071707164284,1.0000692807170717,52,52,0.059553846153846186,0.0,0.17866153846153857,8.596020461538462,0.31731050786291415,1.0,equivalent,1
emp_m_ubin,m=1.0|u_bin=0.5-0.8,v2rl304,policy-vs-policy,52,1.0,859.6982,rl303,859.6020461538462,0.011185855895066373,1.0001118585589506,52,52,0.09615384615384616,0.0,0.28846153846153844,8.596020461538462,0.31731050786291415,1.0,equivalent,1
emp_m_ubin,m=1.0|u_bin=0.5-0.8,v2rl301,policy-vs-policy,52,1.0,859.7181384615385,rl303,859.6020461538462,0.01350535497346786,1.0001350535497346,52,52,0.11609230769230058,0.0,0.2714923076922997,8.596020461538462,0.10880943004054568,1.0,equivalent,1
emp_m_ubin,m=1.0|u_bin=0.5-0.8,v2rl307,policy-vs-policy,52,1.0,859.7248461538462,rl303,859.6020461538462,0.01428568028071048,1.000142856802807,52,52,0.12280000000000076,0.0,0.34361538461538615,8.596020461538462,0.17971249487899976,1.0,equivalent,1
emp_m_ubin,m=1.0|u_bin=0.5-0.8,v2at302,policy-vs-policy,52,1.0,859.7252461538462,rl303,859.6020461538462,0.014332213441235519,1.0001433221344123,52,52,0.12319999999999272,0.0,0.2776461538461315,8.596020461538462,0.10880943004054568,1.0,equivalent,1
emp_m_ubin,m=1.0|u_bin=0.5-0.8,v2rl309,policy-vs-policy,52,1.0,859.7558923076923,rl303,859.6020461538462,0.01789736943210355,1.000178973694321,52,52,0.15384615384615385,0.0,0.46153846153846156,8.596020461538462,0.31731050786291415,1.0,equivalent,1
emp_m_ubin,m=1.0|u_bin=0.5-0.8,rl301,policy-vs-policy,52,1.0,859.7756384615385,rl303,859.6020461538462,0.020194496798720516,1.0002019449679873,52,52,0.17359230769230458,-0.05918461538461683,0.5673692307692235,8.596020461538462,0.5929800980174267,1.0,equivalent,1
emp_m_ubin,m=1.0|u_bin=0.5-0.8,v2rl305,policy-vs-policy,52,1.0,859.7902153846154,rl303,859.6020461538462,0.021890272552410734,1.0002189027255242,52,52,0.18816923076922018,0.0,0.5260461538461221,8.596020461538462,0.10880943004054568,1.0,equivalent,1
emp_m_ubin,m=1.0|u_bin=0.5-0.8,edd,rule-vs-policy,52,1.0,859.9591,rl303,859.6020461538462,0.04153710984651382,1.0004153710984651,52,52,0.3570538461538467,0.0018615384615384956,0.8185923076923083,8.596020461538462,0.06559969214707187,0.2623987685882875,equivalent,1
emp_m_ubin,m=1.0|u_bin=0.5-0.8,pfifo,rule-vs-policy,52,1.0,859.9591,rl303,859.6020461538462,0.04153710984651382,1.0004153710984651,52,52,0.3570538461538467,0.0018615384615384956,0.8204538461538468,8.596020461538462,0.06559969214707187,0.2623987685882875,equivalent,1
emp_m_ubin,m=1.0|u_bin=0.5-0.8,lpt,rule-vs-policy,52,1.0,860.0884615384615,rl303,859.6020461538462,0.056586112933497454,1.0005658611293349,52,52,0.48641538461537476,0.07621538461538681,1.0202319230769126,8.596020461538462,0.027707849358079864,0.1385392467903993,equivalent,1
emp_m_ubin,m=1.0|u_bin=0.5-0.8,v2at306,policy-vs-policy,52,1.0,860.4206153846154,rl303,859.6020461538462,0.09522653353743678,1.0009522653353744,52,52,0.8185692307692284,0.0,2.2807692307692236,8.596020461538462,0.10880943004054568,1.0,equivalent,1
emp_m_ubin,m=1.0|u_bin=0.5-0.8,v2at309,policy-vs-policy,52,1.0,860.5443153846154,rl303,859.6020461538462,0.1096169134293253,1.0010961691342932,52,52,0.9422692307692273,-0.047748653846156563,2.7020692307692227,8.596020461538462,0.22491588401596185,1.0,equivalent,1
emp_m_ubin,m=1.0|u_bin=0.5-0.8,wmdd,rule-vs-policy,52,1.0,860.5744846153847,rl303,859.6020461538462,0.1131265875749677,1.0011312658757496,52,52,0.9724384615384708,0.0018615384615384956,2.4615384615384963,8.596020461538462,0.06788915486182899,0.2623987685882875,equivalent,1
emp_m_ubin,m=1.0|u_bin=0.5-0.8,v2at307,policy-vs-policy,52,1.0,860.7228538461538,rl303,859.6020461538462,0.1303868106552893,1.001303868106553,52,52,1.1208076923076886,0.08025384615384522,2.9342230769230686,8.596020461538462,0.043114446783075355,0.9485178292276578,equivalent,1
emp_m_ubin,m=1.0|u_bin=0.5-0.8,atc,rule-vs-policy,52,1.0,860.7494846153846,rl303,859.6020461538462,0.13348484530399063,1.00133484845304,52,52,1.147438461538458,0.010730769230768544,3.0393630769230695,8.596020461538462,0.07961580146011343,0.2623987685882875,equivalent,1
emp_m_ubin,m=1.0|u_bin=0.5-0.8,v2at304,policy-vs-policy,52,1.0,860.7609923076924,rl303,859.6020461538462,0.13482356853752048,1.0013482356853751,52,52,1.1589461538461547,0.04750000000000053,3.112607692307694,8.596020461538462,0.06788915486182899,1.0,equivalent,1
emp_m_ubin,m=1.0|u_bin=0.5-0.8,v2at303,policy-vs-policy,52,1.0,860.8099923076924,rl303,859.6020461538462,0.14052388070164581,1.0014052388070165,52,52,1.2079461538461613,0.06307692307692256,3.2237576923077134,8.596020461538462,0.043114446783075355,0.9485178292276578,equivalent,1
emp_m_ubin,m=1.0|u_bin=0.5-0.8,v2at308,policy-vs-policy,52,1.0,860.8520461538462,rl303,859.6020461538462,0.14541612663591574,1.0014541612663592,52,52,1.2500000000000087,0.0,3.557692307692334,8.596020461538462,0.10880943004054568,1.0,equivalent,1
emp_m_ubin,m=1.0|u_bin=0.5-0.8,random,rule-vs-policy,52,1.0,860.9303076923078,rl303,859.6020461538462,0.15452051846603412,1.0015452051846603,52,52,1.3282615384615277,0.3966153846153692,2.5106119230769135,8.596020461538462,0.017960477526078766,0.12103196415034377,equivalent,1
emp_m_ubin,m=1.0|u_bin=0.5-0.8,v2at301,policy-vs-policy,52,1.0,861.1282076923077,rl303,859.6020461538462,0.17754279963501957,1.0017754279963502,52,52,1.5261615384615395,0.12859230769230726,3.799962307692308,8.596020461538462,0.046399461870904594,0.9485178292276578,equivalent,1
emp_m_ubin,m=1.0|u_bin=0.5-0.8,wspt,rule-vs-policy,52,1.0,861.8775230769231,rl303,859.6020461538462,0.2647128323226029,1.0026471283232261,52,52,2.2754769230769316,0.4120763461538461,4.970154807692334,8.596020461538462,0.017290280592906253,0.12103196415034377,equivalent,1
emp_m_ubin,m=1.0|u_bin=0.8-1.0,v2at302,policy-vs-policy,13,1.0,278.72824615384616,v2at302,278.72824615384616,0.0,1.0,13,13,0.0,0.0,0.0,2.7872824615384615,1.0,1.0,equivalent,1
emp_m_ubin,m=1.0|u_bin=0.8-1.0,v2at310,policy-vs-policy,13,1.0,278.72824615384616,v2at302,278.72824615384616,0.0,1.0,13,13,0.0,0.0,0.0,2.7872824615384615,1.0,1.0,equivalent,1
emp_m_ubin,m=1.0|u_bin=0.8-1.0,v2rl301,policy-vs-policy,13,1.0,278.72824615384616,v2at302,278.72824615384616,0.0,1.0,13,13,0.0,0.0,0.0,2.7872824615384615,1.0,1.0,equivalent,1
emp_m_ubin,m=1.0|u_bin=0.8-1.0,v2rl302,policy-vs-policy,13,1.0,278.72824615384616,v2at302,278.72824615384616,0.0,1.0,13,13,0.0,0.0,0.0,2.7872824615384615,1.0,1.0,equivalent,1
emp_m_ubin,m=1.0|u_bin=0.8-1.0,v2rl305,policy-vs-policy,13,1.0,278.72824615384616,v2at302,278.72824615384616,0.0,1.0,13,13,0.0,0.0,0.0,2.7872824615384615,1.0,1.0,equivalent,1
emp_m_ubin,m=1.0|u_bin=0.8-1.0,rl301,policy-vs-policy,13,1.0,278.9277230769231,v2at302,278.72824615384616,0.07156681313411865,1.0007156681313412,13,13,0.19947692307694245,0.0,0.5984307692308273,2.7872824615384615,1.0,1.0,equivalent,1
emp_m_ubin,m=1.0|u_bin=0.8-1.0,v2at307,policy-vs-policy,13,1.0,278.9277230769231,v2at302,278.72824615384616,0.07156681313411865,1.0007156681313412,13,13,0.19947692307694245,0.0,0.5984307692308273,2.7872824615384615,1.0,1.0,equivalent,1
emp_m_ubin,m=1.0|u_bin=0.8-1.0,v2at308,policy-vs-policy,13,1.0,278.9277230769231,v2at302,278.72824615384616,0.07156681313411865,1.0007156681313412,13,13,0.19947692307694245,0.0,0.5984307692308273,2.7872824615384615,1.0,1.0,equivalent,1
emp_m_ubin,m=1.0|u_bin=0.8-1.0,v2rl303,policy-vs-policy,13,1.0,278.9277230769231,v2at302,278.72824615384616,0.07156681313411865,1.0007156681313412,13,13,0.19947692307694245,0.0,0.5984307692308273,2.7872824615384615,1.0,1.0,equivalent,1
emp_m_ubin,m=1.0|u_bin=0.8-1.0,v2rl304,policy-vs-policy,13,1.0,278.9277230769231,v2at302,278.72824615384616,0.07156681313411865,1.0007156681313412,13,13,0.19947692307694245,0.0,0.5984307692308273,2.7872824615384615,1.0,1.0,equivalent,1
emp_m_ubin,m=1.0|u_bin=0.8-1.0,v2rl307,policy-vs-policy,13,1.0,278.9277230769231,v2at302,278.72824615384616,0.07156681313411865,1.0007156681313412,13,13,0.19947692307694245,0.0,0.5984307692308273,2.7872824615384615,1.0,1.0,equivalent,1
emp_m_ubin,m=1.0|u_bin=0.8-1.0,v2rl308,policy-vs-policy,13,1.0,278.9277230769231,v2at302,278.72824615384616,0.07156681313411865,1.0007156681313412,13,13,0.19947692307694245,0.0,0.5984307692308273,2.7872824615384615,1.0,1.0,equivalent,1
emp_m_ubin,m=1.0|u_bin=0.8-1.0,v2rl310,policy-vs-policy,13,1.0,278.9277230769231,v2at302,278.72824615384616,0.07156681313411865,1.0007156681313412,13,13,0.19947692307694245,0.0,0.5984307692308273,2.7872824615384615,1.0,1.0,equivalent,1
emp_m_ubin,m=1.0|u_bin=0.8-1.0,edd,rule-vs-policy,13,1.0,279.74566153846155,v2at302,278.72824615384616,0.3650205526905299,1.0036502055269052,13,13,1.017415384615403,0.0,3.0522461538462093,2.7872824615384615,1.0,1.0,inconclusive,0
emp_m_ubin,m=1.0|u_bin=0.8-1.0,pfifo,rule-vs-policy,13,1.0,279.74566153846155,v2at302,278.72824615384616,0.3650205526905299,1.0036502055269052,13,13,1.017415384615403,0.0,3.0522461538462093,2.7872824615384615,1.0,1.0,inconclusive,0
emp_m_ubin,m=1.0|u_bin=0.8-1.0,rl302,policy-vs-policy,13,1.0,279.74566153846155,v2at302,278.72824615384616,0.3650205526905299,1.0036502055269052,13,13,1.017415384615403,0.0,3.0522461538462093,2.7872824615384615,1.0,1.0,inconclusive,0
emp_m_ubin,m=1.0|u_bin=0.8-1.0,rl303,policy-vs-policy,13,1.0,279.74566153846155,v2at302,278.72824615384616,0.3650205526905299,1.0036502055269052,13,13,1.017415384615403,0.0,3.0522461538462093,2.7872824615384615,1.0,1.0,inconclusive,0
emp_m_ubin,m=1.0|u_bin=0.8-1.0,v2at309,policy-vs-policy,13,1.0,279.74566153846155,v2at302,278.72824615384616,0.3650205526905299,1.0036502055269052,13,13,1.017415384615403,0.0,3.0522461538462093,2.7872824615384615,1.0,1.0,inconclusive,0
emp_m_ubin,m=1.0|u_bin=0.8-1.0,v2at301,policy-vs-policy,13,1.0,280.4656615384616,v2at302,278.72824615384616,0.6233366759881371,1.0062333667598813,13,13,1.737415384615403,0.0,4.174276923076997,2.7872824615384615,0.25,1.0,inconclusive,0
emp_m_ubin,m=1.0|u_bin=0.8-1.0,v2rl306,policy-vs-policy,13,1.0,280.5135384615385,v2at302,278.72824615384616,0.6405135942723619,1.0064051359427235,13,13,1.7852923076923162,0.0,5.3558769230769485,2.7872824615384615,1.0,1.0,inconclusive,0
emp_m_ubin,m=1.0|u_bin=0.8-1.0,v2rl309,policy-vs-policy,13,1.0,280.70104615384616,v2at302,278.72824615384616,0.7077861778354192,1.0070778617783542,13,13,1.972800000000024,0.0,5.918400000000072,2.7872824615384615,1.0,1.0,inconclusive,0
emp_m_ubin,m=1.0|u_bin=0.8-1.0,wmdd,rule-vs-policy,13,1.0,280.70104615384616,v2at302,278.72824615384616,0.7077861778354192,1.0070778617783542,13,13,1.972800000000024,0.0,5.918400000000072,2.7872824615384615,1.0,1.0,inconclusive,0
emp_m_ubin,m=1.0|u_bin=0.8-1.0,v2at305,policy-vs-policy,13,1.0,280.9935384615385,v2at302,278.72824615384616,0.8127243431374332,1.0081272434313744,13,13,2.2652923076923517,0.0,6.7958769230770555,2.7872824615384615,1.0,1.0,inconclusive,0
emp_m_ubin,m=1.0|u_bin=0.8-1.0,atc,rule-vs-policy,13,1.0,282.8548923076923,v2at302,278.72824615384616,1.480526717614549,1.0148052671761454,13,13,4.126646153846178,0.0,10.22609230769238,2.7872824615384615,0.5,1.0,inconclusive,0
emp_m_ubin,m=1.0|u_bin=0.8-1.0,v2at306,policy-vs-policy,13,1.0,282.8548923076923,v2at302,278.72824615384616,1.480526717614549,1.0148052671761454,13,13,4.126646153846178,0.0,10.22609230769238,2.7872824615384615,0.5,1.0,inconclusive,0
emp_m_ubin,m=1.0|u_bin=0.8-1.0,v2at303,policy-vs-policy,13,1.0,283.38926153846154,v2at302,278.72824615384616,1.6722436455337575,1.0167224364553376,13,13,4.661015384615404,0.0,12.706646153846192,2.7872824615384615,0.25,1.0,inconclusive,0
emp_m_ubin,m=1.0|u_bin=0.8-1.0,v2at304,policy-vs-policy,13,1.0,284.39335384615384,v2at302,278.72824615384616,2.0324842460282215,1.0203248424602822,13,13,5.665107692307716,0.0,14.76923076923077,2.7872824615384615,0.5,1.0,inconclusive,0
emp_m_ubin,m=1.0|u_bin=0.8-1.0,wspt,rule-vs-policy,13,1.0,287.14412307692305,v2at302,278.72824615384616,3.0193843068318547,1.0301938430683186,13,13,8.415876923076933,0.15384615384615385,20.37816923076924,2.7872824615384615,0.125,0.875,inconclusive,0
emp_m_ubin,m=1.0|u_bin=0.8-1.0,lpt,rule-vs-policy,13,1.0,288.59150769230774,v2at302,278.72824615384616,3.538665949563463,1.0353866594956347,13,13,9.863261538461582,0.0,29.589784615384744,2.7872824615384615,1.0,1.0,inconclusive,0
emp_m_ubin,m=1.0|u_bin=0.8-1.0,random,rule-vs-policy,13,1.0,291.1486307692308,v2at302,278.72824615384616,4.456091116265671,1.0445609111626568,13,13,12.42038461538463,0.07384615384615227,31.25627692307696,2.7872824615384615,0.125,0.875,inconclusive,0
emp_m_ubin,m=1.0|u_bin=1.0-1.2,atc,rule-vs-rule,6,1.0,5.666666666666667,atc,5.666666666666667,0.0,1.0,6,6,0.0,0.0,0.0,1.0,1.0,1.0,equivalent,1
emp_m_ubin,m=1.0|u_bin=1.0-1.2,edd,rule-vs-rule,6,1.0,5.666666666666667,atc,5.666666666666667,0.0,1.0,6,6,0.0,0.0,0.0,1.0,1.0,1.0,equivalent,1
emp_m_ubin,m=1.0|u_bin=1.0-1.2,lpt,rule-vs-rule,6,1.0,5.666666666666667,atc,5.666666666666667,0.0,1.0,6,6,0.0,0.0,0.0,1.0,1.0,1.0,equivalent,1
emp_m_ubin,m=1.0|u_bin=1.0-1.2,pfifo,rule-vs-rule,6,1.0,5.666666666666667,atc,5.666666666666667,0.0,1.0,6,6,0.0,0.0,0.0,1.0,1.0,1.0,equivalent,1
emp_m_ubin,m=1.0|u_bin=1.0-1.2,random,rule-vs-rule,6,1.0,5.666666666666667,atc,5.666666666666667,0.0,1.0,6,6,0.0,0.0,0.0,1.0,1.0,1.0,equivalent,1
emp_m_ubin,m=1.0|u_bin=1.0-1.2,rl301,policy-vs-rule,6,1.0,5.666666666666667,atc,5.666666666666667,0.0,1.0,6,6,0.0,0.0,0.0,1.0,1.0,1.0,equivalent,1
emp_m_ubin,m=1.0|u_bin=1.0-1.2,rl302,policy-vs-rule,6,1.0,5.666666666666667,atc,5.666666666666667,0.0,1.0,6,6,0.0,0.0,0.0,1.0,1.0,1.0,equivalent,1
emp_m_ubin,m=1.0|u_bin=1.0-1.2,rl303,policy-vs-rule,6,1.0,5.666666666666667,atc,5.666666666666667,0.0,1.0,6,6,0.0,0.0,0.0,1.0,1.0,1.0,equivalent,1
emp_m_ubin,m=1.0|u_bin=1.0-1.2,v2at301,policy-vs-rule,6,1.0,5.666666666666667,atc,5.666666666666667,0.0,1.0,6,6,0.0,0.0,0.0,1.0,1.0,1.0,equivalent,1
emp_m_ubin,m=1.0|u_bin=1.0-1.2,v2at302,policy-vs-rule,6,1.0,5.666666666666667,atc,5.666666666666667,0.0,1.0,6,6,0.0,0.0,0.0,1.0,1.0,1.0,equivalent,1
emp_m_ubin,m=1.0|u_bin=1.0-1.2,v2at303,policy-vs-rule,6,1.0,5.666666666666667,atc,5.666666666666667,0.0,1.0,6,6,0.0,0.0,0.0,1.0,1.0,1.0,equivalent,1
emp_m_ubin,m=1.0|u_bin=1.0-1.2,v2at304,policy-vs-rule,6,1.0,5.666666666666667,atc,5.666666666666667,0.0,1.0,6,6,0.0,0.0,0.0,1.0,1.0,1.0,equivalent,1
emp_m_ubin,m=1.0|u_bin=1.0-1.2,v2at305,policy-vs-rule,6,1.0,5.666666666666667,atc,5.666666666666667,0.0,1.0,6,6,0.0,0.0,0.0,1.0,1.0,1.0,equivalent,1
emp_m_ubin,m=1.0|u_bin=1.0-1.2,v2at306,policy-vs-rule,6,1.0,5.666666666666667,atc,5.666666666666667,0.0,1.0,6,6,0.0,0.0,0.0,1.0,1.0,1.0,equivalent,1
emp_m_ubin,m=1.0|u_bin=1.0-1.2,v2at307,policy-vs-rule,6,1.0,5.666666666666667,atc,5.666666666666667,0.0,1.0,6,6,0.0,0.0,0.0,1.0,1.0,1.0,equivalent,1
emp_m_ubin,m=1.0|u_bin=1.0-1.2,v2at308,policy-vs-rule,6,1.0,5.666666666666667,atc,5.666666666666667,0.0,1.0,6,6,0.0,0.0,0.0,1.0,1.0,1.0,equivalent,1
emp_m_ubin,m=1.0|u_bin=1.0-1.2,v2at309,policy-vs-rule,6,1.0,5.666666666666667,atc,5.666666666666667,0.0,1.0,6,6,0.0,0.0,0.0,1.0,1.0,1.0,equivalent,1
emp_m_ubin,m=1.0|u_bin=1.0-1.2,v2at310,policy-vs-rule,6,1.0,5.666666666666667,atc,5.666666666666667,0.0,1.0,6,6,0.0,0.0,0.0,1.0,1.0,1.0,equivalent,1
emp_m_ubin,m=1.0|u_bin=1.0-1.2,v2rl301,policy-vs-rule,6,1.0,5.666666666666667,atc,5.666666666666667,0.0,1.0,6,6,0.0,0.0,0.0,1.0,1.0,1.0,equivalent,1
emp_m_ubin,m=1.0|u_bin=1.0-1.2,v2rl302,policy-vs-rule,6,1.0,5.666666666666667,atc,5.666666666666667,0.0,1.0,6,6,0.0,0.0,0.0,1.0,1.0,1.0,equivalent,1
emp_m_ubin,m=1.0|u_bin=1.0-1.2,v2rl303,policy-vs-rule,6,1.0,5.666666666666667,atc,5.666666666666667,0.0,1.0,6,6,0.0,0.0,0.0,1.0,1.0,1.0,equivalent,1
emp_m_ubin,m=1.0|u_bin=1.0-1.2,v2rl304,policy-vs-rule,6,1.0,5.666666666666667,atc,5.666666666666667,0.0,1.0,6,6,0.0,0.0,0.0,1.0,1.0,1.0,equivalent,1
emp_m_ubin,m=1.0|u_bin=1.0-1.2,v2rl305,policy-vs-rule,6,1.0,5.666666666666667,atc,5.666666666666667,0.0,1.0,6,6,0.0,0.0,0.0,1.0,1.0,1.0,equivalent,1
emp_m_ubin,m=1.0|u_bin=1.0-1.2,v2rl306,policy-vs-rule,6,1.0,5.666666666666667,atc,5.666666666666667,0.0,1.0,6,6,0.0,0.0,0.0,1.0,1.0,1.0,equivalent,1
emp_m_ubin,m=1.0|u_bin=1.0-1.2,v2rl307,policy-vs-rule,6,1.0,5.666666666666667,atc,5.666666666666667,0.0,1.0,6,6,0.0,0.0,0.0,1.0,1.0,1.0,equivalent,1
emp_m_ubin,m=1.0|u_bin=1.0-1.2,v2rl308,policy-vs-rule,6,1.0,5.666666666666667,atc,5.666666666666667,0.0,1.0,6,6,0.0,0.0,0.0,1.0,1.0,1.0,equivalent,1
emp_m_ubin,m=1.0|u_bin=1.0-1.2,v2rl309,policy-vs-rule,6,1.0,5.666666666666667,atc,5.666666666666667,0.0,1.0,6,6,0.0,0.0,0.0,1.0,1.0,1.0,equivalent,1
emp_m_ubin,m=1.0|u_bin=1.0-1.2,v2rl310,policy-vs-rule,6,1.0,5.666666666666667,atc,5.666666666666667,0.0,1.0,6,6,0.0,0.0,0.0,1.0,1.0,1.0,equivalent,1
emp_m_ubin,m=1.0|u_bin=1.0-1.2,wmdd,rule-vs-rule,6,1.0,5.666666666666667,atc,5.666666666666667,0.0,1.0,6,6,0.0,0.0,0.0,1.0,1.0,1.0,equivalent,1
emp_m_ubin,m=1.0|u_bin=1.0-1.2,wspt,rule-vs-rule,6,1.0,5.666666666666667,atc,5.666666666666667,0.0,1.0,6,6,0.0,0.0,0.0,1.0,1.0,1.0,equivalent,1
emp_m_ubin,m=1.0|u_bin=<0.5,v2at302,policy-vs-policy,85,1.0,307.3265694117647,v2at302,307.3265694117647,0.0,1.0,85,85,0.0,0.0,0.0,3.073265694117647,1.0,1.0,equivalent,1
emp_m_ubin,m=1.0|u_bin=<0.5,v2rl310,policy-vs-policy,85,1.0,307.3265694117647,v2at302,307.3265694117647,0.0,1.0,85,85,0.0,0.0,0.0,3.073265694117647,1.0,1.0,equivalent,1
emp_m_ubin,m=1.0|u_bin=<0.5,rl302,policy-vs-policy,85,1.0,307.33227529411766,v2at302,307.3265694117647,0.001856618633361697,1.0000185661863337,85,85,0.005705882352939999,0.0,0.017117647058819997,3.073265694117647,0.31731050786291415,1.0,equivalent,1
emp_m_ubin,m=1.0|u_bin=<0.5,v2rl302,policy-vs-policy,85,1.0,307.33227529411766,v2at302,307.3265694117647,0.001856618633361697,1.0000185661863337,85,85,0.005705882352939999,0.0,0.017117647058819997,3.073265694117647,0.31731050786291415,1.0,equivalent,1
emp_m_ubin,m=1.0|u_bin=<0.5,v2rl308,policy-vs-policy,85,1.0,307.3392023529412,v2at302,307.3265694117647,0.004110591935045297,1.0000411059193504,85,85,0.012632941176469317,0.0,0.03789882352940795,3.073265694117647,0.31731050786291415,1.0,equivalent,1
emp_m_ubin,m=1.0|u_bin=<0.5,rl301,policy-vs-policy,85,1.0,307.35580470588235,v2at302,307.3265694117647,0.009512777946147674,1.0000951277794614,85,85,0.02923529411764588,0.0,0.08770588235293765,3.073265694117647,0.31731050786291415,1.0,equivalent,1
emp_m_ubin,m=1.0|u_bin=<0.5,edd,rule-vs-policy,85,1.0,307.36126352941176,v2at302,307.3265694117647,0.011289006906714761,1.0001128900690672,85,85,0.03469411764705763,0.0,0.10176705882352588,3.073265694117647,0.17971249487899976,0.5440471502027284,equivalent,1
emp_m_ubin,m=1.0|u_bin=<0.5,pfifo,rule-vs-policy,85,1.0,307.36126352941176,v2at302,307.3265694117647,0.011289006906714761,1.0001128900690672,85,85,0.03469411764705763,0.0,0.10176705882352588,3.073265694117647,0.17971249487899976,0.5440471502027284,equivalent,1
emp_m_ubin,m=1.0|u_bin=<0.5,v2rl305,policy-vs-policy,85,1.0,307.3852164705882,v2at302,307.3265694117647,0.019082977087130144,1.0001908297708713,85,85,0.058647058823528234,0.0,0.14670588235293883,3.073265694117647,0.17971249487899976,1.0,equivalent,1
emp_m_ubin,m=1.0|u_bin=<0.5,v2rl303,policy-vs-policy,85,1.0,307.39343294117646,v2at302,307.3265694117647,0.02175650791916285,1.0002175650791916,85,85,0.06686352941176343,0.0,0.20059058823529033,3.073265694117647,0.31731050786291415,1.0,equivalent,1
emp_m_ubin,m=1.0|u_bin=<0.5,v2at305,policy-vs-policy,85,1.0,307.42004,v2at302,307.3265694117647,0.03041409287006449,1.0003041409287006,85,85,0.09347058823529338,0.0,0.2509999999999978,3.073265694117647,0.17971249487899976,1.0,equivalent,1
emp_m_ubin,m=1.0|u_bin=<0.5,v2rl301,policy-vs-policy,85,1.0,307.42004,v2at302,307.3265694117647,0.03041409287006449,1.0003041409287006,85,85,0.09347058823529338,0.0,0.2509999999999978,3.073265694117647,0.17971249487899976,1.0,equivalent,1
emp_m_ubin,m=1.0|u_bin=<0.5,v2rl306,policy-vs-policy,85,1.0,307.42004,v2at302,307.3265694117647,0.03041409287006449,1.0003041409287006,85,85,0.09347058823529338,0.0,0.25623529411764406,3.073265694117647,0.17971249487899976,1.0,equivalent,1
emp_m_ubin,m=1.0|u_bin=<0.5,v2rl307,policy-vs-policy,85,1.0,307.42004,v2at302,307.3265694117647,0.03041409287006449,1.0003041409287006,85,85,0.09347058823529338,0.0,0.25623529411764406,3.073265694117647,0.17971249487899976,1.0,equivalent,1
emp_m_ubin,m=1.0|u_bin=<0.5,v2rl304,policy-vs-policy,85,1.0,307.4206870588235,v2at302,307.3265694117647,0.030624637251162403,1.0003062463725116,85,85,0.09411764705882353,0.0,0.2823529411764706,3.073265694117647,0.31731050786291415,1.0,equivalent,1
emp_m_ubin,m=1.0|u_bin=<0.5,lpt,rule-vs-policy,85,1.0,307.42696705882355,v2at302,307.3265694117647,0.03266806617176658,1.0003266806617177,85,85,0.10039764705882269,0.0,0.2717811764705857,3.073265694117647,0.17971249487899976,0.5440471502027284,equivalent,1
emp_m_ubin,m=1.0|u_bin=<0.5,v2rl309,policy-vs-policy,85,1.0,307.4734517647059,v2at302,307.3265694117647,0.04779357451011455,1.0004779357451012,85,85,0.1468823529411753,0.0,0.41711764705882,3.073265694117647,0.17971249487899976,1.0,equivalent,1
emp_m_ubin,m=1.0|u_bin=<0.5,v2at310,policy-vs-policy,85,1.0,307.51480470588234,v2at302,307.3265694117647,0.061249274502343305,1.0006124927450235,85,85,0.18823529411764706,0.0,0.5647058823529412,3.073265694117647,0.31731050786291415,1.0,equivalent,1
emp_m_ubin,m=1.0|u_bin=<0.5,rl303,policy-vs-policy,85,1.0,307.64990352941174,v2at302,307.3265694117647,0.10520864442860399,1.001052086444286,85,85,0.3233341176470597,0.0,0.9700023529411791,3.073265694117647,0.31731050786291415,1.0,equivalent,1
emp_m_ubin,m=1.0|u_bin=<0.5,v2at309,policy-vs-policy,85,1.0,307.66408705882355,v2at302,307.3265694117647,0.10982377726237016,1.0010982377726236,85,85,0.3375176470588224,0.0,0.9654941176470556,3.073265694117647,0.10880943004054568,1.0,equivalent,1
emp_m_ubin,m=1.0|u_bin=<0.5,v2at306,policy-vs-policy,85,1.0,307.71420470588237,v2at302,307.3265694117647,0.1261313965986154,1.001261313965986,85,85,0.38763529411764586,0.0,1.1559599999999965,3.073265694117647,0.10880943004054568,1.0,equivalent,1
emp_m_ubin,m=1.0|u_bin=<0.5,v2at308,policy-vs-policy,85,1.0,307.7500988235294,v2at302,307.3265694117647,0.13781086763027706,1.0013781086763027,85,85,0.4235294117647059,0.0,1.1294117647058823,3.073265694117647,0.17971249487899976,1.0,equivalent,1
emp_m_ubin,m=1.0|u_bin=<0.5,wmdd,rule-vs-policy,85,1.0,307.8192776470588,v2at302,307.3265694117647,0.16032074162581525,1.0016032074162582,85,85,0.49270823529411634,0.0,1.2381999999999962,3.073265694117647,0.10880943004054568,0.5440471502027284,equivalent,1
emp_m_ubin,m=1.0|u_bin=<0.5,v2at307,policy-vs-policy,85,1.0,307.82988,v2at302,307.3265694117647,0.1637706070121646,1.0016377060701216,85,85,0.503310588235293,0.0,1.3687552941176437,3.073265694117647,0.10880943004054568,1.0,equivalent,1
emp_m_ubin,m=1.0|u_bin=<0.5,v2at304,policy-vs-policy,85,1.0,307.8465317647059,v2at302,307.3265694117647,0.16918887095783328,1.0016918887095783,85,85,0.5199623529411764,0.0023152941176470127,1.230475294117647,3.073265694117647,0.06788915486182899,1.0,equivalent,1
emp_m_ubin,m=1.0|u_bin=<0.5,atc,rule-vs-policy,85,1.0,307.8553811764706,v2at302,307.3265694117647,0.17206835247536825,1.0017206835247536,85,85,0.5288117647058812,0.0,1.3488258823529375,3.073265694117647,0.10880943004054568,0.5440471502027284,equivalent,1
emp_m_ubin,m=1.0|u_bin=<0.5,v2at303,policy-vs-policy,85,1.0,307.9141011764706,v2at302,307.3265694117647,0.19117506365637232,1.0019117506365638,85,85,0.5875317647058831,0.0,1.5226705882352964,3.073265694117647,0.10880943004054568,1.0,equivalent,1
emp_m_ubin,m=1.0|u_bin=<0.5,random,rule-vs-policy,85,1.0,307.97691529411765,v2at302,307.3265694117647,0.21161394655780633,1.002116139465578,85,85,0.6503458823529387,0.07417411764705749,1.5561952941176433,3.073265694117647,0.043114446783075355,0.25868668069845213,equivalent,1
emp_m_ubin,m=1.0|u_bin=<0.5,v2at301,policy-vs-policy,85,1.0,308.31569647058825,v2at302,307.3265694117647,0.3218488595752669,1.0032184885957527,85,85,0.9891270588235282,0.0,2.6694564705882318,3.073265694117647,0.10880943004054568,1.0,equivalent,1
emp_m_ubin,m=1.0|u_bin=<0.5,wspt,rule-vs-policy,85,1.0,308.36227058823533,v2at302,307.3265694117647,0.33700346131901704,1.0033700346131902,85,85,1.0357011764705875,0.1332047058823528,2.4600543529411736,3.073265694117647,0.027707849358079864,0.19395494550655906,equivalent,1
emp_m_ubin,m=1.0|u_bin=>=1.2,atc,rule-vs-rule,24,1.0,231.75553333333335,atc,231.75553333333335,0.0,1.0,24,24,0.0,0.0,0.0,2.3175553333333334,1.0,1.0,equivalent,1
emp_m_ubin,m=1.0|u_bin=>=1.2,edd,rule-vs-rule,24,1.0,231.75553333333335,atc,231.75553333333335,0.0,1.0,24,24,0.0,0.0,0.0,2.3175553333333334,1.0,1.0,equivalent,1
emp_m_ubin,m=1.0|u_bin=>=1.2,pfifo,rule-vs-rule,24,1.0,231.75553333333335,atc,231.75553333333335,0.0,1.0,24,24,0.0,0.0,0.0,2.3175553333333334,1.0,1.0,equivalent,1
emp_m_ubin,m=1.0|u_bin=>=1.2,v2at303,policy-vs-rule,24,1.0,231.75553333333335,atc,231.75553333333335,0.0,1.0,24,24,0.0,0.0,0.0,2.3175553333333334,1.0,1.0,equivalent,1
emp_m_ubin,m=1.0|u_bin=>=1.2,v2at304,policy-vs-rule,24,1.0,231.75553333333335,atc,231.75553333333335,0.0,1.0,24,24,0.0,0.0,0.0,2.3175553333333334,1.0,1.0,equivalent,1
emp_m_ubin,m=1.0|u_bin=>=1.2,v2at307,policy-vs-rule,24,1.0,231.75553333333335,atc,231.75553333333335,0.0,1.0,24,24,0.0,0.0,0.0,2.3175553333333334,1.0,1.0,equivalent,1
emp_m_ubin,m=1.0|u_bin=>=1.2,v2at308,policy-vs-rule,24,1.0,231.75553333333335,atc,231.75553333333335,0.0,1.0,24,24,0.0,0.0,0.0,2.3175553333333334,1.0,1.0,equivalent,1
emp_m_ubin,m=1.0|u_bin=>=1.2,v2at309,policy-vs-rule,24,1.0,231.75553333333335,atc,231.75553333333335,0.0,1.0,24,24,0.0,0.0,0.0,2.3175553333333334,1.0,1.0,equivalent,1
emp_m_ubin,m=1.0|u_bin=>=1.2,v2at310,policy-vs-rule,24,1.0,231.75553333333335,atc,231.75553333333335,0.0,1.0,24,24,0.0,0.0,0.0,2.3175553333333334,1.0,1.0,equivalent,1
emp_m_ubin,m=1.0|u_bin=>=1.2,v2rl304,policy-vs-rule,24,1.0,231.75553333333335,atc,231.75553333333335,0.0,1.0,24,24,0.0,0.0,0.0,2.3175553333333334,1.0,1.0,equivalent,1
emp_m_ubin,m=1.0|u_bin=>=1.2,v2rl307,policy-vs-rule,24,1.0,231.75553333333335,atc,231.75553333333335,0.0,1.0,24,24,0.0,0.0,0.0,2.3175553333333334,1.0,1.0,equivalent,1
emp_m_ubin,m=1.0|u_bin=>=1.2,wmdd,rule-vs-rule,24,1.0,231.75553333333335,atc,231.75553333333335,0.0,1.0,24,24,0.0,0.0,0.0,2.3175553333333334,1.0,1.0,equivalent,1
emp_m_ubin,m=1.0|u_bin=>=1.2,rl303,policy-vs-rule,24,1.0,231.75826666666669,atc,231.75553333333335,0.0011794036992452126,1.0000117940369924,24,24,0.002733333333333475,0.0,0.008200000000000426,2.3175553333333334,0.31731050786291415,1.0,equivalent,1
emp_m_ubin,m=1.0|u_bin=>=1.2,lpt,rule-vs-rule,24,1.0,231.77358333333333,atc,231.75553333333335,0.007788379306580295,1.0000778837930657,24,24,0.018049999999999972,0.0,0.054149999999999913,2.3175553333333334,0.31731050786291415,1.0,equivalent,1
emp_m_ubin,m=1.0|u_bin=>=1.2,rl302,policy-vs-rule,24,1.0,231.77358333333333,atc,231.75553333333335,0.007788379306580295,1.0000778837930657,24,24,0.018049999999999972,0.0,0.054149999999999913,2.3175553333333334,0.31731050786291415,1.0,equivalent,1
emp_m_ubin,m=1.0|u_bin=>=1.2,v2at305,policy-vs-rule,24,1.0,231.77358333333333,atc,231.75553333333335,0.007788379306580295,1.0000778837930657,24,24,0.018049999999999972,0.0,0.054149999999999913,2.3175553333333334,0.31731050786291415,1.0,equivalent,1
emp_m_ubin,m=1.0|u_bin=>=1.2,v2rl301,policy-vs-rule,24,1.0,231.77358333333333,atc,231.75553333333335,0.007788379306580295,1.0000778837930657,24,24,0.018049999999999972,0.0,0.054149999999999913,2.3175553333333334,0.31731050786291415,1.0,equivalent,1
emp_m_ubin,m=1.0|u_bin=>=1.2,v2rl302,policy-vs-rule,24,1.0,231.77358333333333,atc,231.75553333333335,0.007788379306580295,1.0000778837930657,24,24,0.018049999999999972,0.0,0.054149999999999913,2.3175553333333334,0.31731050786291415,1.0,equivalent,1
emp_m_ubin,m=1.0|u_bin=>=1.2,v2rl303,policy-vs-rule,24,1.0,231.77358333333333,atc,231.75553333333335,0.007788379306580295,1.0000778837930657,24,24,0.018049999999999972,0.0,0.054149999999999913,2.3175553333333334,0.31731050786291415,1.0,equivalent,1
emp_m_ubin,m=1.0|u_bin=>=1.2,v2rl305,policy-vs-rule,24,1.0,231.77358333333333,atc,231.75553333333335,0.007788379306580295,1.0000778837930657,24,24,0.018049999999999972,0.0,0.054149999999999913,2.3175553333333334,0.31731050786291415,1.0,equivalent,1
emp_m_ubin,m=1.0|u_bin=>=1.2,v2rl306,policy-vs-rule,24,1.0,231.77358333333333,atc,231.75553333333335,0.007788379306580295,1.0000778837930657,24,24,0.018049999999999972,0.0,0.054149999999999913,2.3175553333333334,0.31731050786291415,1.0,equivalent,1
emp_m_ubin,m=1.0|u_bin=>=1.2,v2rl308,policy-vs-rule,24,1.0,231.77358333333333,atc,231.75553333333335,0.007788379306580295,1.0000778837930657,24,24,0.018049999999999972,0.0,0.054149999999999913,2.3175553333333334,0.31731050786291415,1.0,equivalent,1
emp_m_ubin,m=1.0|u_bin=>=1.2,v2at302,policy-vs-rule,24,1.0,231.78941666666665,atc,231.75553333333335,0.014620290979017429,1.0001462029097903,24,24,0.03388333333333312,0.0,0.10164999999999935,2.3175553333333334,0.31731050786291415,1.0,equivalent,1
emp_m_ubin,m=1.0|u_bin=>=1.2,v2rl310,policy-vs-rule,24,1.0,231.78965000000002,atc,231.75553333333335,0.014720971782626937,1.0001472097178263,24,24,0.0341166666666665,0.0,0.1023499999999995,2.3175553333333334,0.31731050786291415,1.0,equivalent,1
emp_m_ubin,m=1.0|u_bin=>=1.2,rl301,policy-vs-rule,24,1.0,231.81886666666665,atc,231.75553333333335,0.027327646689760798,1.0002732764668976,24,24,0.06333333333333317,0.0,0.1899999999999995,2.3175553333333334,0.31731050786291415,1.0,equivalent,1
emp_m_ubin,m=1.0|u_bin=>=1.2,v2rl309,policy-vs-rule,24,1.0,231.91191666666668,atc,231.75553333333335,0.0674777128658292,1.0006747771286584,24,24,0.15638333333333296,0.0,0.4510999999999989,2.3175553333333334,0.17971249487899976,1.0,equivalent,1
emp_m_ubin,m=1.0|u_bin=>=1.2,v2at306,policy-vs-rule,24,1.0,232.0472,atc,231.75553333333335,0.12585100449237335,1.0012585100449238,24,24,0.2916666666666667,0.0,0.875,2.3175553333333334,0.31731050786291415,1.0,equivalent,1
emp_m_ubin,m=1.0|u_bin=>=1.2,random,rule-vs-rule,24,1.0,232.14775,atc,231.75553333333335,0.1692372393553734,1.0016923723935538,24,24,0.3922166666666662,0.0,0.9333333333333323,2.3175553333333334,0.10880943004054568,0.5440471502027284,equivalent,1
emp_m_ubin,m=1.0|u_bin=>=1.2,v2at301,policy-vs-rule,24,1.0,233.0622,atc,231.75553333333335,0.5638125001258409,1.0056381250012585,24,24,1.3066666666666666,0.0,3.0566666666666666,2.3175553333333334,0.10880943004054568,1.0,inconclusive,0
emp_m_ubin,m=1.0|u_bin=>=1.2,wspt,rule-vs-rule,24,1.0,233.3738666666667,atc,231.75553333333335,0.6982932877834226,1.0069829328778341,24,24,1.6183333333333323,0.5549999999999996,2.870166666666664,2.3175553333333334,0.027281171477617997,0.163687028865708,inconclusive,0
emp_ubin,u_bin=0.5-0.8,v2rl303,policy-vs-policy,152,1.0,686.4705381578948,v2rl303,686.4705381578948,0.0,1.0,152,103,0.0,0.0,0.0,6.864705381578948,1.0,1.0,equivalent,1
emp_ubin,u_bin=0.5-0.8,rl301,policy-vs-policy,152,1.0,686.539122368421,v2rl303,686.4705381578948,0.009990845449860758,1.0000999084544986,152,103,0.06858421052631974,-0.5512570988288473,0.5511745401895354,6.864705381578948,0.12404279309009482,1.0,equivalent,1
emp_ubin,u_bin=0.5-0.8,v2at302,policy-vs-policy,152,1.0,686.6463539473684,v2rl303,686.4705381578948,0.02561155646175628,1.0002561155646175,152,103,0.1758157894736808,-0.20378251759973146,0.6374993680815768,6.864705381578948,0.3862707203664827,1.0,equivalent,1
emp_ubin,u_bin=0.5-0.8,v2rl305,policy-vs-policy,152,1.0,686.7131302631578,v2rl303,686.4705381578948,0.03533904104814537,1.0003533904104815,152,103,0.24259210526315506,-0.17036022197558273,0.7096048554275873,6.864705381578948,0.24774620591207197,1.0,equivalent,1
emp_ubin,u_bin=0.5-0.8,v2rl306,policy-vs-policy,152,1.0,686.7175013157895,v2rl303,686.4705381578948,0.03597578398009755,1.000359757839801,152,103,0.24696315789473625,-0.19738400362976405,0.8506209210526321,6.864705381578948,0.49896229860376107,1.0,equivalent,1
emp_ubin,u_bin=0.5-0.8,v2rl310,policy-vs-policy,152,1.0,686.7226328947369,v2rl303,686.4705381578948,0.03672331481531081,1.000367233148153,152,103,0.2520947368421058,-0.12338451851852272,0.7112773446823477,6.864705381578948,0.3328797545683888,1.0,equivalent,1
emp_ubin,u_bin=0.5-0.8,v2rl301,policy-vs-policy,152,1.0,686.7666539473685,v2rl303,686.4705381578948,0.04313597933398343,1.0004313597933399,152,103,0.29611578947368034,-0.15980156936214976,0.9137123872172085,6.864705381578948,0.24081567902619183,1.0,equivalent,1
emp_ubin,u_bin=0.5-0.8,v2rl302,policy-vs-policy,152,1.0,686.8481539473684,v2rl303,686.4705381578948,0.05500830239370169,1.000550083023937,152,103,0.3776157894736858,-0.006214789169251681,1.031771750537639,6.864705381578948,0.40081416938293446,1.0,equivalent,1
emp_ubin,u_bin=0.5-0.8,v2rl308,policy-vs-policy,152,1.0,686.8531697368421,v2rl303,686.4705381578948,0.055738965866488015,1.0005573896586648,152,103,0.3826315789473645,-0.0405678582342961,0.966877548387091,6.864705381578948,0.21322298815094953,1.0,equivalent,1
emp_ubin,u_bin=0.5-0.8,v2rl307,policy-vs-policy,152,1.0,686.9368407894736,v2rl303,686.4705381578948,0.06792755197188106,1.000679275519719,152,103,0.4663026315789497,-0.13670676666666512,1.3730164910153762,6.864705381578948,0.3139380937749148,1.0,equivalent,1
emp_ubin,u_bin=0.5-0.8,rl302,policy-vs-policy,152,1.0,687.0469842105264,v2rl303,686.4705381578948,0.08397243881411753,1.0008397243881413,152,103,0.5764460526315808,-0.21009296512141296,1.905816130136994,6.864705381578948,0.8886378608950078,1.0,equivalent,1
emp_ubin,u_bin=0.5-0.8,v2at310,policy-vs-policy,152,1.0,687.4182500000001,v2rl303,686.4705381578948,0.13805571971790592,1.001380557197179,152,103,0.9477118421052665,0.03863489795918418,2.487222038469252,6.864705381578948,0.04085984371280629,0.5311779682664818,equivalent,1
emp_ubin,u_bin=0.5-0.8,edd,rule-vs-policy,152,1.0,687.4565263157896,v2rl303,686.4705381578948,0.14363153305029297,1.001436315330503,152,103,0.9859881578947386,0.12581272760747295,2.1446866879251743,6.864705381578948,0.008598123025862353,0.017196246051724706,equivalent,1
emp_ubin,u_bin=0.5-0.8,pfifo,rule-vs-policy,152,1.0,687.4565263157896,v2rl303,686.4705381578948,0.14363153305029297,1.001436315330503,152,103,0.9859881578947386,0.10823213405272715,2.1615804719677034,6.864705381578948,0.008598123025862353,0.017196246051724706,equivalent,1
emp_ubin,u_bin=0.5-0.8,rl303,policy-vs-policy,152,1.0,687.5163828947368,v2rl303,686.4705381578948,0.1523510010565755,1.0015235100105657,152,103,1.0458447368421036,-0.5735152295302018,3.69234723625689,6.864705381578948,0.5076243443095237,1.0,equivalent,1
emp_ubin,u_bin=0.5-0.8,v2rl304,policy-vs-policy,152,1.0,687.5180828947368,v2rl303,686.4705381578948,0.15259864460506484,1.0015259864460506,152,103,1.0475447368421076,0.17144054051927438,2.5241758941176564,6.864705381578948,0.009632975772588674,0.13486166081624143,equivalent,1
emp_ubin,u_bin=0.5-0.8,v2rl309,policy-vs-policy,152,1.0,688.0116223684211,v2rl303,686.4705381578948,0.2244938602407727,1.0022449386024077,152,103,1.5410842105263185,0.27148251136216217,3.627525419032873,6.864705381578948,0.004649433819808542,0.07439094111693667,equivalent,1
emp_ubin,u_bin=0.5-0.8,v2at305,policy-vs-policy,152,1.0,688.2782644736842,v2rl303,686.4705381578948,0.2633363291366213,1.0026333632913662,152,103,1.8077263157894738,-0.13151895424836657,5.401226246031026,6.864705381578948,0.25997449371051173,1.0,equivalent,1
emp_ubin,u_bin=0.5-0.8,v2at309,policy-vs-policy,152,1.0,689.1565118421053,v2rl303,686.4705381578948,0.391272973115223,1.0039127297311523,152,103,2.685973684210528,0.3700955742374503,5.855663536398479,6.864705381578948,0.005678762213784087,0.0851814332067613,equivalent,1
emp_ubin,u_bin=0.5-0.8,wmdd,rule-vs-policy,152,1.0,689.2394947368421,v2rl303,686.4705381578948,0.40336131341886977,1.0040336131341887,152,103,2.768956578947373,0.5471770132972746,5.827370969367675,6.864705381578948,0.0014755269125835014,0.004426580737750504,equivalent,1
emp_ubin,u_bin=0.5-0.8,v2at306,policy-vs-policy,152,1.0,689.4324039473684,v2rl303,686.4705381578948,0.4314629142601756,1.0043146291426017,152,103,2.9618657894736846,0.4400423742790021,6.609893792761291,6.864705381578948,0.0006959335898894122,0.01252680461800942,equivalent,1
emp_ubin,u_bin=0.5-0.8,v2at308,policy-vs-policy,152,1.0,689.9338065789474,v2rl303,686.4705381578948,0.504503577144924,1.0050450357714493,152,103,3.463268421052635,0.5550149945887448,7.328643321052645,6.864705381578948,0.003438000192244509,0.05844600326815665,inconclusive,0
emp_ubin,u_bin=0.5-0.8,atc,rule-vs-policy,152,1.0,689.9868828947368,v2rl303,686.4705381578948,0.5122353460758773,1.0051223534607587,152,103,3.5163447368421057,0.7349004940083126,7.335173306787546,6.864705381578948,0.00039023125084089363,0.0019511562542044681,inconclusive,0
emp_ubin,u_bin=0.5-0.8,v2at304,policy-vs-policy,152,1.0,690.1194289473684,v2rl303,686.4705381578948,0.5315436842002309,1.0053154368420023,152,103,3.648890789473686,0.8292130771948429,7.60723975602287,6.864705381578948,6.846584032678956e-05,0.0013693168065357913,inconclusive,0
emp_ubin,u_bin=0.5-0.8,v2at307,policy-vs-policy,152,1.0,690.2545723684211,v2rl303,686.4705381578948,0.551230387931953,1.0055123038793194,152,103,3.7840342105263156,0.9401864388927985,7.741420869809992,6.864705381578948,1.812588280620125e-05,0.00039876942173642745,inconclusive,0
emp_ubin,u_bin=0.5-0.8,v2at303,policy-vs-policy,152,1.0,690.6682828947369,v2rl303,686.4705381578948,0.6114967072157962,1.0061149670721579,152,103,4.197744736842112,1.06698928571429,8.626190971991983,6.864705381578948,2.5702349752814122e-05,0.0005397493448090966,inconclusive,0
emp_ubin,u_bin=0.5-0.8,wspt,rule-vs-policy,152,1.0,692.7714986842105,v2rl303,686.4705381578948,0.9178777785895987,1.009178777785896,152,103,6.300960526315784,2.09383670691824,12.214993665954292,6.864705381578948,5.857629526598924e-07,4.100340668619246e-06,inconclusive,0
emp_ubin,u_bin=0.5-0.8,random,rule-vs-policy,152,1.0,693.8408565789474,v2rl303,686.4705381578948,1.0736540042680423,1.0107365400426804,152,103,7.370318421052628,1.9287515894039684,15.148487746971396,6.864705381578948,1.1349072802850038e-05,6.809443681710022e-05,inconclusive,0
emp_ubin,u_bin=0.5-0.8,v2at301,policy-vs-policy,152,1.0,694.2396144736842,v2rl303,686.4705381578948,1.1317421337028284,1.0113174213370282,152,103,7.76907631578947,0.8881238903500845,17.343562026143765,6.864705381578948,0.0006140039068703473,0.011666074230536599,inconclusive,0
emp_ubin,u_bin=0.5-0.8,lpt,rule-vs-policy,152,1.0,707.2899986842106,v2rl303,686.4705381578948,3.0328265189914223,1.0303282651899142,152,103,20.81946052631579,2.634550825031928,46.69802130077711,6.864705381578948,0.0006806104529480628,0.0027224418117922514,inconclusive,0
emp_ubin,u_bin=0.8-1.0,v2rl305,policy-vs-policy,64,1.0,622.246240625,v2rl305,622.246240625,0.0,1.0,64,64,0.0,0.0,0.0,6.222462406250001,1.0,1.0,equivalent,1
emp_ubin,u_bin=0.8-1.0,v2rl302,policy-vs-policy,64,1.0,622.78010625,v2rl305,622.246240625,0.08579652075740105,1.000857965207574,64,64,0.5338656250000025,-1.2804656249999944,3.0766812499999983,6.222462406250001,0.5001842570707944,1.0,equivalent,1
emp_ubin,u_bin=0.8-1.0,v2rl301,policy-vs-policy,64,1.0,622.944753125,v2rl305,622.246240625,0.11225660428231575,1.0011225660428231,64,64,0.6985125000000103,-0.03498749999998907,2.111471406250021,6.222462406250001,0.34523107177184,1.0,equivalent,1
emp_ubin,u_bin=0.8-1.0,v2rl307,policy-vs-policy,64,1.0,623.008478125,v2rl305,622.246240625,0.12249772682183799,1.0012249772682185,64,64,0.7622375000000083,-0.9541299999999884,3.2740079687500048,6.222462406250001,0.6001794871405538,1.0,equivalent,1
emp_ubin,u_bin=0.8-1.0,v2at302,policy-vs-policy,64,1.0,623.063915625,v2rl305,622.246240625,0.13140698112996468,1.0013140698112997,64,64,0.817675000000003,-0.7474293749999876,3.2639249999999986,6.222462406250001,0.6858304344516057,1.0,equivalent,1
emp_ubin,u_bin=0.8-1.0,v2rl303,policy-vs-policy,64,1.0,623.181346875,v2rl305,622.246240625,0.15027913211026317,1.0015027913211025,64,64,0.9351062500000058,-0.6539499999999947,3.3955890625000102,6.222462406250001,0.6001794871405538,1.0,equivalent,1
emp_ubin,u_bin=0.8-1.0,rl302,policy-vs-policy,64,1.0,623.2158718750001,v2rl305,622.246240625,0.15582757864894417,1.0015582757864894,64,64,0.9696312500000133,-0.8256249999999987,3.5497043750000197,6.222462406250001,0.6001794871405538,1.0,equivalent,1
emp_ubin,u_bin=0.8-1.0,rl303,policy-vs-policy,64,1.0,623.259890625,v2rl305,622.246240625,0.162901747543199,1.001629017475432,64,64,1.0136500000000197,0.02498749999999994,2.295147890625036,6.222462406250001,0.07473549830588248,0.7473549830588249,equivalent,1
emp_ubin,u_bin=0.8-1.0,rl301,policy-vs-policy,64,1.0,623.441528125,v2rl305,622.246240625,0.19209236182758968,1.001920923618276,64,64,1.1952875000000098,-0.6301499999999969,3.8478504687500115,6.222462406250001,0.23672357063785732,1.0,equivalent,1
emp_ubin,u_bin=0.8-1.0,v2rl310,policy-vs-policy,64,1.0,623.96456875,v2rl305,622.246240625,0.276149217594957,1.0027614921759496,64,64,1.71832812500001,0.06046625000000436,4.27584390625,6.222462406250001,0.04252247799805163,0.5102697359766195,equivalent,1
emp_ubin,u_bin=0.8-1.0,v2at310,policy-vs-policy,64,1.0,624.748875,v2rl305,622.246240625,0.40219357090630986,1.0040219357090632,64,64,2.5026343750000013,0.3470531250000022,5.336087421875006,6.222462406250001,0.027991815485665747,0.3934685589477016,equivalent,1
emp_ubin,u_bin=0.8-1.0,v2rl308,policy-vs-policy,64,1.0,624.782440625,v2rl305,622.246240625,0.4075878381286135,1.0040758783812862,64,64,2.5362000000000045,0.4024624999999986,5.460302968750003,6.222462406250001,0.017960477526078766,0.30532811794333903,equivalent,1
emp_ubin,u_bin=0.8-1.0,v2rl304,policy-vs-policy,64,1.0,624.874771875,v2rl305,622.246240625,0.42242621624515714,1.0042242621624515,64,64,2.6285312500000124,0.23138921875000631,5.800544687500006,6.222462406250001,0.017960477526078766,0.30532811794333903,equivalent,1
emp_ubin,u_bin=0.8-1.0,edd,rule-vs-policy,64,1.0,625.2417375,v2rl305,622.246240625,0.4814005580799017,1.004814005580799,64,64,2.995496875000006,0.11804273437499803,6.663782812500019,6.222462406250001,0.04685328478814715,0.0937065695762943,inconclusive,0
emp_ubin,u_bin=0.8-1.0,pfifo,rule-vs-policy,64,1.0,625.2417375,v2rl305,622.246240625,0.4814005580799017,1.004814005580799,64,64,2.995496875000006,0.15295820312500336,6.793249062500001,6.222462406250001,0.04685328478814715,0.0937065695762943,inconclusive,0
emp_ubin,u_bin=0.8-1.0,v2rl306,policy-vs-policy,64,1.0,626.674603125,v2rl305,622.246240625,0.7116736447538797,1.0071167364475389,64,64,4.4283625000000075,-0.45086250000000305,13.005501406250016,6.222462406250001,0.17295491798842066,1.0,inconclusive,0
emp_ubin,u_bin=0.8-1.0,v2rl309,policy-vs-policy,64,1.0,627.257353125,v2rl305,622.246240625,0.8053262796681067,1.0080532627966812,64,64,5.011112500000014,1.0197925000000043,10.565208125000021,6.222462406250001,0.007685794055213263,0.16063072316117233,inconclusive,0
emp_ubin,u_bin=0.8-1.0,v2at309,policy-vs-policy,64,1.0,627.341959375,v2rl305,622.246240625,0.8189231878495041,1.008189231878495,64,64,5.095718750000019,0.822978437500004,10.955194375000037,6.222462406250001,0.026231237263180107,0.3934685589477016,inconclusive,0
emp_ubin,u_bin=0.8-1.0,v2at308,policy-vs-policy,64,1.0,627.3635125000001,v2rl305,622.246240625,0.8223869492341344,1.0082238694923413,64,64,5.117271875000011,-0.37140906249998545,13.04983476562502,6.222462406250001,0.032854219928643694,0.427104859072368,inconclusive,0
emp_ubin,u_bin=0.8-1.0,v2at305,policy-vs-policy,64,1.0,627.50036875,v2rl305,622.246240625,0.8443808547115664,1.0084438085471157,64,64,5.2541281250000065,0.006475000000001785,13.800760937499994,6.222462406250001,0.11585149752593009,1.0,inconclusive,0
emp_ubin,u_bin=0.8-1.0,v2at301,policy-vs-policy,64,1.0,627.8283250000001,v2rl305,622.246240625,0.8970860747014291,1.0089708607470143,64,64,5.582084375000017,-0.3151170312499862,13.59626570312502,6.222462406250001,0.060892661900952515,0.6698192809104777,inconclusive,0
emp_ubin,u_bin=0.8-1.0,wmdd,rule-vs-policy,64,1.0,628.1983156250001,v2rl305,622.246240625,0.9565465584848886,1.009565465584849,64,64,5.95207500000002,1.1808009375000086,11.748019453125016,6.222462406250001,0.02079521585359911,0.08318086341439644,inconclusive,0
emp_ubin,u_bin=0.8-1.0,atc,rule-vs-policy,64,1.0,628.28586875,v2rl305,622.246240625,0.9706170532960657,1.0097061705329606,64,64,6.039628124999999,1.1491787500000081,12.718414140625047,6.222462406250001,0.025842854459788903,0.08318086341439644,inconclusive,0
emp_ubin,u_bin=0.8-1.0,v2at306,policy-vs-policy,64,1.0,628.406415625,v2rl305,622.246240625,0.9899899103950461,1.0098998991039505,64,64,6.160175000000015,1.5221646875000077,12.211402187500022,6.222462406250001,0.00764908205529392,0.16063072316117233,inconclusive,0
emp_ubin,u_bin=0.8-1.0,v2at307,policy-vs-policy,64,1.0,629.4311656250001,v2rl305,622.246240625,1.154675517650906,1.0115467551765092,64,64,7.184925000000009,0.9292179687500002,15.116866250000015,6.222462406250001,0.010593539088689496,0.20127724268510042,inconclusive,0
emp_ubin,u_bin=0.8-1.0,v2at303,policy-vs-policy,64,1.0,629.9932,v2rl305,622.246240625,1.2449989841993607,1.0124499898419936,64,64,7.746959374999993,0.709933281250019,17.383836953124977,6.222462406250001,0.01306396083306817,0.23515129499522705,inconclusive,0
emp_ubin,u_bin=0.8-1.0,v2at304,policy-vs-policy,64,1.0,630.214303125,v2rl305,622.246240625,1.2805320433911578,1.0128053204339116,64,64,7.968062500000021,2.167913281250014,15.896606875000032,6.222462406250001,0.006318521553682498,0.13900747418101495,inconclusive,0
emp_ubin,u_bin=0.8-1.0,wspt,rule-vs-policy,64,1.0,634.473375,v2rl305,622.246240625,1.9649993164633257,1.0196499931646332,64,64,12.227134374999991,4.635051640625,22.432587109375024,6.222462406250001,0.00025932861168342106,0.0015559716701005265,inconclusive,0
emp_ubin,u_bin=0.8-1.0,random,rule-vs-policy,64,1.0,637.0472593750001,v2rl305,622.246240625,2.378643338227886,1.0237864333822788,64,64,14.801018750000004,5.768380390624998,26.451475468750036,6.222462406250001,0.00013162704518922692,0.0009213893163245884,inconclusive,0
emp_ubin,u_bin=0.8-1.0,lpt,rule-vs-policy,64,1.0,661.60255625,v2rl305,622.246240625,6.324878007373655,1.0632487800737365,64,64,39.356315625000015,11.943731328125011,77.36774406250002,6.222462406250001,0.0014737808438751421,0.007368904219375711,worse,0
emp_ubin,u_bin=1.0-1.2,v2rl304,policy-vs-policy,37,1.0,605.007491891892,v2rl304,605.007491891892,0.0,1.0,37,37,0.0,0.0,0.0,6.05007491891892,1.0,1.0,equivalent,1
emp_ubin,u_bin=1.0-1.2,rl301,policy-vs-policy,37,1.0,607.1126702702702,v2rl304,605.007491891892,0.3479590594482114,1.0034795905944822,37,37,2.1051783783783455,-0.8288972972972678,7.41904864864852,6.05007491891892,0.5001842570707944,1.0,inconclusive,0
emp_ubin,u_bin=1.0-1.2,v2rl310,policy-vs-policy,37,1.0,607.8297405405406,v2rl304,605.007491891892,0.46648160336383315,1.0046648160336384,37,37,2.8222486486486718,-0.3293386486486735,8.910810810810897,6.05007491891892,0.5001842570707944,1.0,inconclusive,0
emp_ubin,u_bin=1.0-1.2,v2rl308,policy-vs-policy,37,1.0,607.9174810810811,v2rl304,605.007491891892,0.4809839924608879,1.0048098399246088,37,37,2.909989189189151,0.04630216216212548,7.191691351351268,6.05007491891892,0.17629637444051116,1.0,inconclusive,0
emp_ubin,u_bin=1.0-1.2,edd,rule-vs-policy,37,1.0,608.1954216216217,v2rl304,605.007491891892,0.526924008785558,1.0052692400878556,37,37,3.1879297297297393,0.2754756756756541,8.054783648648703,6.05007491891892,0.038151710173415135,0.07630342034683027,inconclusive,0
emp_ubin,u_bin=1.0-1.2,pfifo,rule-vs-policy,37,1.0,608.1954216216217,v2rl304,605.007491891892,0.526924008785558,1.0052692400878556,37,37,3.1879297297297393,0.2424852702702503,8.074779189189217,6.05007491891892,0.038151710173415135,0.07630342034683027,inconclusive,0
emp_ubin,u_bin=1.0-1.2,v2rl303,policy-vs-policy,37,1.0,608.3252864864864,v2rl304,605.007491891892,0.5483890098979701,1.0054838900989798,37,37,3.317794594594581,-0.6418810810810961,9.033103243243227,6.05007491891892,0.49896229860376107,1.0,inconclusive,0
emp_ubin,u_bin=1.0-1.2,v2rl302,policy-vs-policy,37,1.0,608.8892648648649,v2rl304,605.007491891892,0.6416074222212413,1.0064160742222124,37,37,3.8817729729729873,-0.3563891891891782,10.265779189189216,6.05007491891892,0.463071015014588,1.0,inconclusive,0
emp_ubin,u_bin=1.0-1.2,v2at310,policy-vs-policy,37,1.0,609.0518486486486,v2rl304,605.007491891892,0.6684804421362995,1.006684804421363,37,37,4.044356756756727,-0.24966486486488754,11.51358054054046,6.05007491891892,0.24886387493792206,1.0,inconclusive,0
emp_ubin,u_bin=1.0-1.2,rl302,policy-vs-policy,37,1.0,610.5823081081081,v2rl304,605.007491891892,0.9214458152879073,1.009214458152879,37,37,5.574816216216203,0.010005405405394954,16.248944594594608,6.05007491891892,0.11585149752593009,1.0,inconclusive,0
emp_ubin,u_bin=1.0-1.2,v2at302,policy-vs-policy,37,1.0,611.3606972972973,v2rl304,605.007491891892,1.0501035921949509,1.0105010359219495,37,37,6.353205405405395,-0.47250810810808963,16.715575405405357,6.05007491891892,0.5001842570707944,1.0,inconclusive,0
emp_ubin,u_bin=1.0-1.2,v2at309,policy-vs-policy,37,1.0,611.5662,v2rl304,605.007491891892,1.084070560448529,1.0108407056044852,37,37,6.558708108108087,0.7755378378378169,16.155077432432392,6.05007491891892,0.0499499764547464,0.6493496939117032,inconclusive,0
emp_ubin,u_bin=1.0-1.2,v2rl305,policy-vs-policy,37,1.0,611.7744216216216,v2rl304,605.007491891892,1.1184869312228025,1.011184869312228,37,37,6.7669297297296955,0.025081081081102515,17.046010810810692,6.05007491891892,0.11585149752593009,1.0,inconclusive,0
emp_ubin,u_bin=1.0-1.2,v2at308,policy-vs-policy,37,1.0,612.4168864864865,v2rl304,605.007491891892,1.224678155872911,1.012246781558729,37,37,7.409394594594586,0.5673621621621584,19.047213513513498,6.05007491891892,0.017960477526078766,0.30532811794333903,inconclusive,0
emp_ubin,u_bin=1.0-1.2,rl303,policy-vs-policy,37,1.0,612.5505675675677,v2rl304,605.007491891892,1.2467739287141872,1.012467739287142,37,37,7.5430756756756905,0.3145837837837892,17.5195452702703,6.05007491891892,0.027991815485665747,0.44786904777065195,inconclusive,0
emp_ubin,u_bin=1.0-1.2,wmdd,rule-vs-policy,37,1.0,612.6987675675675,v2rl304,605.007491891892,1.2712694931470228,1.0127126949314702,37,37,7.69127567567565,1.2710702702702597,18.399042702702648,6.05007491891892,0.010862224704815628,0.032586674114446885,inconclusive,0
emp_ubin,u_bin=1.0-1.2,v2rl309,policy-vs-policy,37,1.0,613.0337513513514,v2rl304,605.007491891892,1.3266380279624086,1.013266380279624,37,37,8.026259459459443,0.8228756756756705,20.29825810810809,6.05007491891892,0.027991815485665747,0.44786904777065195,inconclusive,0
emp_ubin,u_bin=1.0-1.2,v2rl307,policy-vs-policy,37,1.0,613.0900702702702,v2rl304,605.007491891892,1.3359468249068387,1.0133594682490683,37,37,8.082578378378335,-0.454875675675671,20.617490810810654,6.05007491891892,0.463071015014588,1.0,inconclusive,0
emp_ubin,u_bin=1.0-1.2,v2at307,policy-vs-policy,37,1.0,613.5448378378378,v2rl304,605.007491891892,1.411114087075036,1.0141111408707504,37,37,8.53734594594595,1.5575333783783702,19.654559864864893,6.05007491891892,0.005033508200606249,0.1107371804133375,inconclusive,0
emp_ubin,u_bin=1.0-1.2,v2at306,policy-vs-policy,37,1.0,614.5290594594594,v2rl304,605.007491891892,1.5737933323425426,1.0157379333234253,37,37,9.52156756756756,1.7769802702702728,21.88786891891889,6.05007491891892,0.015155973880974605,0.2879635037385175,inconclusive,0
emp_ubin,u_bin=1.0-1.2,atc,rule-vs-policy,37,1.0,615.2800540540541,v2rl304,605.007491891892,1.697923133156456,1.0169792313315646,37,37,10.272562162162176,2.098765675675676,23.755072972973036,6.05007491891892,0.007685794055213263,0.03074317622085305,inconclusive,0
emp_ubin,u_bin=1.0-1.2,v2rl301,policy-vs-policy,37,1.0,615.3411567567567,v2rl304,605.007491891892,1.7080226283728868,1.0170802262837288,37,37,10.333664864864824,-0.12237270270269802,26.984022972972873,6.05007491891892,0.12819017434510785,1.0,inconclusive,0
emp_ubin,u_bin=1.0-1.2,v2at304,policy-vs-policy,37,1.0,615.6132486486487,v2rl304,605.007491891892,1.7529959378836641,1.0175299593788367,37,37,10.60575675675675,1.8519183783783895,24.223357567567543,6.05007491891892,0.011718685599768628,0.23437371199537257,inconclusive,0
emp_ubin,u_bin=1.0-1.2,v2at303,policy-vs-policy,37,1.0,617.1086648648649,v2rl304,605.007491891892,2.0001691111513122,1.020001691111513,37,37,12.101172972972952,2.4426990540540734,27.444029189189155,6.05007491891892,0.005062032126267864,0.1107371804133375,inconclusive,0
emp_ubin,u_bin=1.0-1.2,v2rl306,policy-vs-policy,37,1.0,619.4963891891891,v2rl304,605.007491891892,2.3948294015318035,1.023948294015318,37,37,14.488897297297251,0.31532432432432117,35.04311378378364,6.05007491891892,0.027991815485665747,0.44786904777065195,inconclusive,0
emp_ubin,u_bin=1.0-1.2,v2at301,policy-vs-policy,37,1.0,622.6792324324324,v2rl304,605.007491891892,2.9209126791603737,1.0292091267916037,37,37,17.671740540540476,0.6571440540540315,50.15161162162147,6.05007491891892,0.016604878103722735,0.29888780586700925,inconclusive,0
emp_ubin,u_bin=1.0-1.2,wspt,rule-vs-policy,37,1.0,627.0799621621622,v2rl304,605.007491891892,3.6482970155044607,1.0364829701550446,37,37,22.072470270270262,5.6519581081080945,49.19627675675673,6.05007491891892,0.0014737808438751421,0.010316465907125994,inconclusive,0
emp_ubin,u_bin=1.0-1.2,v2at305,policy-vs-policy,37,1.0,628.8031567567568,v2rl304,605.007491891892,3.93311904129559,1.0393311904129559,37,37,23.79566486486485,0.023989189189183593,66.0775243243243,6.05007491891892,0.11585149752593009,1.0,inconclusive,0
emp_ubin,u_bin=1.0-1.2,random,rule-vs-policy,37,1.0,695.379691891892,v2rl304,605.007491891892,14.937368745203656,1.1493736874520366,37,37,90.37219999999999,7.176102297297297,249.14198081081082,6.05007491891892,0.0023655770533978757,0.014193462320387255,worse,0
emp_ubin,u_bin=1.0-1.2,lpt,rule-vs-policy,37,1.0,837.9189297297296,v2rl304,605.007491891892,38.49728159720976,1.3849728159720975,37,37,232.91143783783775,8.456014864864887,668.0775137837834,6.05007491891892,0.005062032126267864,0.025310160631339323,worse,0
emp_ubin,u_bin=<0.5,rl302,policy-vs-policy,180,1.0,248.96509444444447,rl302,248.96509444444447,0.0,1.0,180,85,0.0,0.0,0.0,2.489650944444445,1.0,1.0,equivalent,1
emp_ubin,u_bin=<0.5,v2rl302,policy-vs-policy,180,1.0,248.96509444444447,rl302,248.96509444444447,0.0,1.0,180,85,0.0,0.0,0.0,2.489650944444445,1.0,1.0,equivalent,1
emp_ubin,u_bin=<0.5,v2rl310,policy-vs-policy,180,1.0,248.97042666666667,rl302,248.96509444444447,0.0021417549452433433,1.0000214175494524,180,85,0.00533222222222144,-0.007907608695650542,0.024627272727268622,2.489650944444445,0.6547208460185769,1.0,equivalent,1
emp_ubin,u_bin=<0.5,v2at302,policy-vs-policy,180,1.0,248.9815377777778,rl302,248.96509444444447,0.006604674189370295,1.0000660467418938,180,85,0.01644333333333255,-0.008038674033147513,0.058529997023806214,2.489650944444445,0.6547208460185769,1.0,equivalent,1
emp_ubin,u_bin=<0.5,v2rl303,policy-vs-policy,180,1.0,249.00200111111113,rl302,248.96509444444447,0.014824032561274658,1.0001482403256128,180,85,0.03690666666666528,0.0,0.10391572550640576,2.489650944444445,0.17971249487899976,1.0,equivalent,1
emp_ubin,u_bin=<0.5,v2rl305,policy-vs-policy,180,1.0,249.00271222222221,rl302,248.96509444444447,0.01510965939288901,1.0001510965939289,180,85,0.03761777777777853,0.0,0.10464914285714517,2.489650944444445,0.10880943004054568,1.0,equivalent,1
emp_ubin,u_bin=<0.5,v2at305,policy-vs-policy,180,1.0,249.0065388888889,rl302,248.96509444444447,0.01664668878057732,1.0001664668878059,180,85,0.041444444444444645,0.0,0.11558139534883784,2.489650944444445,0.17971249487899976,1.0,equivalent,1
emp_ubin,u_bin=<0.5,v2rl307,policy-vs-policy,180,1.0,249.01915666666667,rl302,248.96509444444447,0.021714779874197815,1.000217147798742,180,85,0.05406222222222318,0.0,0.14116994219653398,2.489650944444445,0.10880943004054568,1.0,equivalent,1
emp_ubin,u_bin=<0.5,rl301,policy-vs-policy,180,1.0,249.0227522222222,rl302,248.96509444444447,0.02315898054158777,1.000231589805416,180,85,0.05765777777777667,0.0,0.15131717805363198,2.489650944444445,0.10880943004054568,1.0,equivalent,1
emp_ubin,u_bin=<0.5,v2rl301,policy-vs-policy,180,1.0,249.0271833333333,rl302,248.96509444444447,0.024938792736140858,1.0002493879273615,180,85,0.062088888888888506,0.0,0.16208695652173705,2.489650944444445,0.10880943004054568,1.0,equivalent,1
emp_ubin,u_bin=<0.5,v2rl308,policy-vs-policy,180,1.0,249.04898333333335,rl302,248.96509444444447,0.033695040293127664,1.0003369504029314,180,85,0.08388888888888743,0.0,0.2470285385951022,2.489650944444445,0.10880943004054568,1.0,equivalent,1
emp_ubin,u_bin=<0.5,edd,rule-vs-policy,180,1.0,249.05125666666666,rl302,248.96509444444447,0.034608153570464525,1.0003460815357046,180,85,0.08616222222222139,0.0010754098360655523,0.23203023255813854,2.489650944444445,0.06788915486182899,0.13577830972365798,equivalent,1
emp_ubin,u_bin=<0.5,pfifo,rule-vs-policy,180,1.0,249.05125666666666,rl302,248.96509444444447,0.034608153570464525,1.0003460815357046,180,85,0.08616222222222139,0.0010933333333333116,0.23098145576226112,2.489650944444445,0.06788915486182899,0.13577830972365798,equivalent,1
emp_ubin,u_bin=<0.5,v2rl304,policy-vs-policy,180,1.0,249.0874622222222,rl302,248.96509444444447,0.0491505759274344,1.0004915057592743,180,85,0.12236777777777692,0.0,0.2936022727272723,2.489650944444445,0.10880943004054568,1.0,equivalent,1
emp_ubin,u_bin=<0.5,v2at310,policy-vs-policy,180,1.0,249.1044977777778,rl302,248.96509444444447,0.05599312371253997,1.0005599312371254,180,85,0.1394033333333324,0.0,0.36391555555555644,2.489650944444445,0.10880943004054568,1.0,equivalent,1
emp_ubin,u_bin=<0.5,v2rl309,policy-vs-policy,180,1.0,249.19312333333332,rl302,248.96509444444447,0.09159070647942869,1.0009159070647944,180,85,0.22802888888888806,0.04432666666666592,0.4739577815506498,2.489650944444445,0.04216819709715596,0.6325229564573395,equivalent,1
emp_ubin,u_bin=<0.5,rl303,policy-vs-policy,180,1.0,249.19709222222224,rl302,248.96509444444447,0.09318486123344215,1.0009318486123344,180,85,0.23199777777777733,0.0,0.6178458046387122,2.489650944444445,0.10880943004054568,1.0,equivalent,1
emp_ubin,u_bin=<0.5,v2rl306,policy-vs-policy,180,1.0,249.21915666666666,rl302,248.96509444444447,0.10204732626841445,1.0010204732626842,180,85,0.2540622222222232,0.0,0.7081068105330782,2.489650944444445,0.06788915486182899,0.9504481680656058,equivalent,1
emp_ubin,u_bin=<0.5,lpt,rule-vs-policy,180,1.0,249.3015388888889,rl302,248.96509444444447,0.13513719471204858,1.0013513719471205,180,85,0.3364444444444432,0.022037988826814296,0.8392362988505714,2.489650944444445,0.043114446783075355,0.12934334034922607,equivalent,1
emp_ubin,u_bin=<0.5,v2at309,policy-vs-policy,180,1.0,249.36243,rl302,248.96509444444447,0.1595948847536851,1.0015959488475368,180,85,0.39733555555555555,0.011494252873563218,0.8888295398020969,2.489650944444445,0.017960477526078766,0.3232885954694178,equivalent,1
emp_ubin,u_bin=<0.5,wmdd,rule-vs-policy,180,1.0,249.5614011111111,rl302,248.96509444444447,0.2395141648259043,1.002395141648259,180,85,0.5963066666666685,0.0457902314445331,1.3686784827586265,2.489650944444445,0.017960477526078766,0.08980238763039383,equivalent,1
emp_ubin,u_bin=<0.5,atc,rule-vs-policy,180,1.0,249.57915222222223,rl302,248.96509444444447,0.24664412461032115,1.0024664412461033,180,85,0.6140577777777777,0.03977244224008036,1.396941976744186,2.489650944444445,0.017960477526078766,0.08980238763039383,equivalent,1
emp_ubin,u_bin=<0.5,v2at307,policy-vs-policy,180,1.0,249.60081222222223,rl302,248.96509444444447,0.25534413938481415,1.0025534413938482,180,85,0.6357177777777777,0.09783814687714477,1.3363017222222218,2.489650944444445,0.011718685599768628,0.22265502639560394,equivalent,1
emp_ubin,u_bin=<0.5,v2at306,policy-vs-policy,180,1.0,249.62249,rl302,248.96509444444447,0.26405129483009493,1.002640512948301,180,85,0.6573955555555558,0.1622469683397683,1.313840000000001,2.489650944444445,0.007632441648205508,0.15264883296411016,equivalent,1
emp_ubin,u_bin=<0.5,v2at308,policy-vs-policy,180,1.0,249.70684444444447,rl302,248.96509444444447,0.29793333143956635,1.0029793333143957,180,85,0.7417500000000006,0.12849726775956338,1.586246899576527,2.489650944444445,0.027707849358079864,0.4433255897292778,equivalent,1
emp_ubin,u_bin=<0.5,v2at304,policy-vs-policy,180,1.0,249.72127111111112,rl302,248.96509444444447,0.3037279857861299,1.0030372798578613,180,85,0.7561766666666675,0.14149731397459162,1.4961537791588395,2.489650944444445,0.004948477274859319,0.10886650004690501,equivalent,1
emp_ubin,u_bin=<0.5,v2at303,policy-vs-policy,180,1.0,249.7891077777778,rl302,248.96509444444447,0.33097544664727574,1.0033097544664729,180,85,0.8240133333333345,0.19585768447360202,1.6615933922975146,2.489650944444445,0.0049767307542139365,0.10886650004690501,equivalent,1
emp_ubin,u_bin=<0.5,random,rule-vs-policy,180,1.0,249.84987444444445,rl302,248.96509444444447,0.3553831519933863,1.003553831519934,180,85,0.8847799999999993,0.24096642149664113,1.7256641649865583,2.489650944444445,0.0022090203462313877,0.013254122077388325,equivalent,1
emp_ubin,u_bin=<0.5,v2at301,policy-vs-policy,180,1.0,249.86541222222223,rl302,248.96509444444447,0.3616240982643694,1.0036162409826437,180,85,0.9003177777777779,0.04499243243243243,2.0279460202371347,2.489650944444445,0.017960477526078766,0.3232885954694178,equivalent,1
emp_ubin,u_bin=<0.5,wspt,rule-vs-policy,180,1.0,250.41222333333332,rl302,248.96509444444447,0.581257743025403,1.005812577430254,180,85,1.4471288888888894,0.45854061532724194,2.6693578020299036,2.489650944444445,0.00019540793740897315,0.001367855561862812,inconclusive,0
emp_ubin,u_bin=>=1.2,rl301,policy-vs-policy,107,1.0,278.4336373831776,rl301,278.4336373831776,0.0,1.0,107,53,0.0,0.0,0.0,2.784336373831776,1.0,1.0,equivalent,1
emp_ubin,u_bin=>=1.2,v2rl307,policy-vs-policy,107,1.0,278.52241495327104,rl301,278.4336373831776,0.0318846425768832,1.0003188464257688,107,53,0.08877757009345637,-0.24520353982300933,0.5381692307692263,2.784336373831776,0.892738400944348,1.0,equivalent,1
emp_ubin,u_bin=>=1.2,v2rl302,policy-vs-policy,107,1.0,278.72698691588784,rl301,278.4336373831776,0.10535707375992545,1.0010535707375992,107,53,0.2933495327102751,-0.005412612612612801,0.8002885018501664,2.784336373831776,0.22491588401596185,1.0,equivalent,1
emp_ubin,u_bin=>=1.2,v2at302,policy-vs-policy,107,1.0,278.7459028037383,rl301,278.4336373831776,0.11215075286718462,1.001121507528672,107,53,0.3122654205607383,0.0,0.817118017647037,2.784336373831776,0.07961580146011343,1.0,equivalent,1
emp_ubin,u_bin=>=1.2,v2rl305,policy-vs-policy,107,1.0,278.78321495327106,rl301,278.4336373831776,0.12555148629990187,1.0012555148629991,107,53,0.3495775700934588,-0.005412612612612801,0.9455372549019703,2.784336373831776,0.22491588401596185,1.0,equivalent,1
emp_ubin,u_bin=>=1.2,v2rl301,policy-vs-policy,107,1.0,278.8335401869159,rl301,278.4336373831776,0.14362589502358578,1.001436258950236,107,53,0.3999028037383169,-0.0027069213759214695,0.9370682588378669,2.784336373831776,0.11585149752593009,1.0,equivalent,1
emp_ubin,u_bin=>=1.2,v2rl304,policy-vs-policy,107,1.0,278.8587514018692,rl301,278.4336373831776,0.15268055350171794,1.0015268055350173,107,53,0.42511401869158816,0.0,1.186922727272725,2.784336373831776,0.22491588401596185,1.0,equivalent,1
emp_ubin,u_bin=>=1.2,v2at310,policy-vs-policy,107,1.0,278.8964598130841,rl301,278.4336373831776,0.16622360511333548,1.0016622360511334,107,53,0.46282242990654265,0.019417475728155338,1.3276207256235841,2.784336373831776,0.0625089161964483,1.0,equivalent,1
emp_ubin,u_bin=>=1.2,v2rl310,policy-vs-policy,107,1.0,278.8989271028037,rl301,278.4336373831776,0.16710973717080052,1.001671097371708,107,53,0.4652897196261621,0.031244679203539825,1.2448469442998231,2.784336373831776,0.02488399513396536,0.47279590754534184,equivalent,1
emp_ubin,u_bin=>=1.2,rl303,policy-vs-policy,107,1.0,279.0423738317757,rl301,278.4336373831776,0.21862891794225686,1.0021862891794227,107,53,0.6087364485981285,-0.002147368421052738,1.632305392156855,2.784336373831776,0.11585149752593009,1.0,equivalent,1
emp_ubin,u_bin=>=1.2,v2rl308,policy-vs-policy,107,1.0,279.2256485981309,rl301,278.4336373831776,0.28445241832017554,1.0028445241832018,107,53,0.7920112149532639,-0.005461818181818371,2.3599266784869735,2.784336373831776,0.22491588401596185,1.0,equivalent,1
emp_ubin,u_bin=>=1.2,rl302,policy-vs-policy,107,1.0,279.31306915887853,rl301,278.4336373831776,0.315849688265456,1.0031584968826546,107,53,0.8794317757009166,-0.012985714285714727,2.458736233421729,2.784336373831776,0.22491588401596185,1.0,equivalent,1
emp_ubin,u_bin=>=1.2,v2rl303,policy-vs-policy,107,1.0,279.40303925233644,rl301,278.4336373831776,0.34816262800344155,1.0034816262800343,107,53,0.9694018691588759,-0.0053642857142859,2.812312169312162,2.784336373831776,0.22491588401596185,1.0,inconclusive,0
emp_ubin,u_bin=>=1.2,v2rl306,policy-vs-policy,107,1.0,279.6447439252336,rl301,278.4336373831776,0.4349713466513806,1.0043497134665138,107,53,1.2111065420560763,-0.0053168141592922205,3.673264150943401,2.784336373831776,0.22491588401596185,1.0,inconclusive,0
emp_ubin,u_bin=>=1.2,edd,rule-vs-policy,107,1.0,279.794523364486,rl301,278.4336373831776,0.48876493303701013,1.00488764933037,107,53,1.360885981308398,0.09827482450738811,3.306751688659754,2.784336373831776,0.09096894797535775,0.2519162048578209,inconclusive,0
emp_ubin,u_bin=>=1.2,pfifo,rule-vs-policy,107,1.0,279.794523364486,rl301,278.4336373831776,0.48876493303701013,1.00488764933037,107,53,1.360885981308398,0.09683185840707959,3.360638673469358,2.784336373831776,0.09096894797535775,0.2519162048578209,inconclusive,0
emp_ubin,u_bin=>=1.2,v2rl309,policy-vs-policy,107,1.0,279.7960897196262,rl301,278.4336373831776,0.48932749263107345,1.0048932749263106,107,53,1.3624523364486005,0.1541752041690463,3.3254010799168263,2.784336373831776,0.009925485845323257,0.2084352027517884,inconclusive,0
emp_ubin,u_bin=>=1.2,v2at308,policy-vs-policy,107,1.0,280.00675140186917,rl301,278.4336373831776,0.5649870588468683,1.0056498705884687,107,53,1.5731140186915744,0.00361454545454546,4.795443271490367,2.784336373831776,0.11585149752593009,1.0,inconclusive,0
emp_ubin,u_bin=>=1.2,v2at306,policy-vs-policy,107,1.0,280.49983925233647,rl301,278.4336373831776,0.7420805505318266,1.0074208055053182,107,53,2.066201869158867,0.31943008849557514,4.537658482374719,2.784336373831776,0.012515318690073973,0.25030637380147946,inconclusive,0
emp_ubin,u_bin=>=1.2,v2at309,policy-vs-policy,107,1.0,280.5726598130841,rl301,278.4336373831776,0.7682342011582468,1.0076823420115826,107,53,2.1390224299065386,0.04857834338803103,5.080649814241474,2.784336373831776,0.0499499764547464,0.8990995761854352,inconclusive,0
emp_ubin,u_bin=>=1.2,v2at307,policy-vs-policy,107,1.0,280.8226542056075,rl301,278.4336373831776,0.8580201892568531,1.0085802018925685,107,53,2.389016822429889,0.21835094339622488,6.341653137755043,2.784336373831776,0.06297905121445523,1.0,inconclusive,0
emp_ubin,u_bin=>=1.2,wmdd,rule-vs-policy,107,1.0,281.05812523364483,rl301,278.4336373831776,0.9425900818353491,1.0094259008183535,107,53,2.6244878504672755,0.4252454932412999,5.9082367718067905,2.784336373831776,0.0687035743228782,0.2519162048578209,inconclusive,0
emp_ubin,u_bin=>=1.2,v2at304,policy-vs-policy,107,1.0,281.4251943925234,rl301,278.4336373831776,1.0744237073729874,1.0107442370737298,107,53,2.991557009345798,0.09928113207547111,6.87846169448759,2.784336373831776,0.06297905121445523,1.0,inconclusive,0
emp_ubin,u_bin=>=1.2,v2at305,policy-vs-policy,107,1.0,281.43080747663555,rl301,278.4336373831776,1.0764396578037292,1.0107643965780373,107,53,2.997170093457943,-0.07548687147234316,8.884620891089106,2.784336373831776,0.463071015014588,1.0,inconclusive,0
emp_ubin,u_bin=>=1.2,v2at303,policy-vs-policy,107,1.0,282.25697196261683,rl301,278.4336373831776,1.373158291998175,1.0137315829199818,107,53,3.823334579439248,0.2254554102160406,9.413711482054445,2.784336373831776,0.0499499764547464,0.8990995761854352,inconclusive,0
emp_ubin,u_bin=>=1.2,atc,rule-vs-policy,107,1.0,282.7220429906542,rl301,278.4336373831776,1.5401894856457052,1.0154018948564572,107,53,4.288405607476627,0.4924114423076924,9.931586867138341,2.784336373831776,0.0499499764547464,0.24974988227373202,inconclusive,0
emp_ubin,u_bin=>=1.2,v2at301,policy-vs-policy,107,1.0,284.5966504672897,rl301,278.4336373831776,2.213458525354326,1.0221345852535433,107,53,6.163013084112147,1.7495176202617693,12.039264179245276,2.784336373831776,9.17561366117837e-05,0.0020186350054592415,inconclusive,0
emp_ubin,u_bin=>=1.2,wspt,rule-vs-policy,107,1.0,287.45436448598133,rl301,278.4336373831776,3.2398122538583576,1.0323981225385837,107,53,9.020727102803736,3.0447203742015105,17.609799090369087,2.784336373831776,1.5748207717041728e-06,1.102374540192921e-05,worse,0
emp_ubin,u_bin=>=1.2,random,rule-vs-policy,107,1.0,287.6843757009346,rl301,278.4336373831776,3.3224212436036327,1.0332242124360362,107,53,9.250738317757005,2.297703392857143,18.97066955920608,2.784336373831776,5.294305891659896e-05,0.00031765835349959376,inconclusive,0
emp_ubin,u_bin=>=1.2,lpt,rule-vs-policy,107,1.0,308.88458130841127,rl301,278.4336373831776,10.93651766051793,1.1093651766051793,107,53,30.450943925233638,0.38492761904762013,91.48787950557802,2.784336373831776,0.06297905121445523,0.2519162048578209,inconclusive,0
gen_all,ALL,v2rl310,policy-vs-policy,300,1.0,3327.4247600000003,v2rl310,3327.4247600000003,0.0,1.0,300,300,0.0,0.0,0.0,33.2742476,1.0,1.0,equivalent,1
gen_all,ALL,v2rl304,policy-vs-policy,300,1.0,3327.798242,v2rl310,3327.4247600000003,0.011224355979111979,1.0001122435597911,300,300,0.3734820000000432,-10.79849458333323,9.913642383333535,33.2742476,6.954316017624112e-05,0.00036324119260406013,equivalent,1
gen_all,ALL,v2rl308,policy-vs-policy,300,1.0,3328.3634653333334,v2rl310,3327.4247600000003,0.02821116632350294,1.000282111663235,300,300,0.9387053333334383,-6.83446978333318,7.969602699999982,33.2742476,6.054019876734336e-05,0.00036324119260406013,equivalent,1
gen_all,ALL,rl301,policy-vs-policy,300,1.0,3330.7672553333337,v2rl310,3327.4247600000003,0.10045292003336892,1.0010045292003338,300,300,3.3424953333334626,-5.956097033333278,14.057320333333509,33.2742476,0.5878416000607312,0.5878416000607312,equivalent,1
gen_all,ALL,pfifo,rule-vs-policy,300,1.0,3333.9263703333336,v2rl310,3327.4247600000003,0.195394661105222,1.0019539466110523,300,300,6.501610333333144,-6.4805211916669325,18.87800599999995,33.2742476,0.0006357724736103192,0.0012273701186353504,equivalent,1
gen_all,ALL,edd,rule-vs-policy,300,1.0,3334.122935,v2rl310,3327.4247600000003,0.2013020724170946,1.0020130207241709,300,300,6.698174999999851,-6.4275260999999775,19.575943274999695,33.2742476,0.0006136850593176752,0.0012273701186353504,equivalent,1
gen_all,ALL,v2at310,policy-vs-policy,300,1.0,3342.6492893333334,v2rl310,3327.4247600000003,0.4575469148499413,1.0045754691484994,300,300,15.224529333333393,3.0672831833334926,27.51830423333332,33.2742476,9.994706653937348e-05,0.00039978826615749393,equivalent,1
gen_all,ALL,v2rl305,policy-vs-policy,300,1.0,3348.4978573333333,v2rl310,3327.4247600000003,0.6333155173532143,1.0063331551735322,300,300,21.073097333333127,5.2337159666664785,40.3377699833331,33.2742476,0.1175021504724866,0.33168988970506036,inconclusive,0
gen_all,ALL,wmdd,rule-vs-policy,300,1.0,3354.9370946666663,v2rl310,3327.4247600000003,0.8268356657496889,1.0082683566574968,300,300,27.512334666666405,12.957033466666468,42.09295118333313,33.2742476,7.101474159148261e-08,2.130442247744478e-07,inconclusive,0
gen_all,ALL,atc,rule-vs-policy,300,1.0,3357.982747666667,v2rl310,3327.4247600000003,0.9183675025206753,1.0091836750252068,300,300,30.557987666666715,16.22176891666664,45.425176783333534,33.2742476,1.8712216348809548e-10,7.484886539523819e-10,inconclusive,0
gen_all,ALL,v2at302,policy-vs-policy,300,1.0,3358.8488500000003,v2rl310,3327.4247600000003,0.9443967111671061,1.009443967111671,300,300,31.424090000000117,9.795784800000277,57.89562623333373,33.2742476,0.11056329656835345,0.33168988970506036,inconclusive,0
gen_all,ALL,v2at307,policy-vs-policy,300,1.0,3361.8936393333333,v2rl310,3327.4247600000003,1.0359025919291711,1.0103590259192916,300,300,34.46887933333329,20.184443616666535,49.077510333332995,33.2742476,3.782055838968566e-13,4.160261422865423e-12,inconclusive,0
gen_all,ALL,v2rl302,policy-vs-policy,300,1.0,3375.0660693333334,v2rl310,3327.4247600000003,1.431777208189467,1.0143177720818948,300,300,47.641309333333325,21.057072316667004,80.2090405666666,33.2742476,9.846289951738677e-06,6.892402966217074e-05,inconclusive,0
gen_all,ALL,v2rl307,policy-vs-policy,300,1.0,3377.832616,v2rl310,3327.4247600000003,1.514920986522917,1.0151492098652293,300,300,50.40785600000004,24.364010516666657,84.17012136666648,33.2742476,9.925193862716618e-08,7.940155090173294e-07,inconclusive,0
gen_all,ALL,v2rl306,policy-vs-policy,300,1.0,3389.076286666667,v2rl310,3327.4247600000003,1.852830074711187,1.018528300747112,300,300,61.65152666666666,28.41819631666659,103.4637285500001,33.2742476,9.528757769060986e-10,9.483859260813102e-09,inconclusive,0
gen_all,ALL,v2at308,policy-vs-policy,300,1.0,3398.0860673333336,v2rl310,3327.4247600000003,2.123603460032355,1.0212360346003235,300,300,70.66130733333335,50.14438091666658,92.10102606666648,33.2742476,9.719991005716077e-20,1.1663989206859292e-18,worse,0
gen_all,ALL,v2rl301,policy-vs-policy,300,1.0,3405.925198666667,v2rl310,3327.4247600000003,2.35919500300486,1.0235919500300485,300,300,78.50043866666677,38.84505525000028,124.58376846666707,33.2742476,9.483859260813102e-10,9.483859260813102e-09,worse,0
gen_all,ALL,v2at303,policy-vs-policy,300,1.0,3420.8127943333334,v2rl310,3327.4247600000003,2.806615958863426,1.0280661595886342,300,300,93.38803433333334,68.38169976666651,120.09469671666666,33.2742476,4.430298309944797e-21,5.759387802928237e-20,worse,0
gen_all,ALL,v2at306,policy-vs-policy,300,1.0,3589.0747103333333,v2rl310,3327.4247600000003,7.863437018282359,1.0786343701828236,300,300,261.6499503333332,218.16688584166667,308.56139174166657,33.2742476,8.401661694236752e-37,1.5122991049626154e-35,worse,0
gen_all,ALL,v2at309,policy-vs-policy,300,1.0,3658.4123600000003,v2rl310,3327.4247600000003,9.947260234969217,1.0994726023496921,300,300,330.9875999999999,238.14219208333304,435.61076664999996,33.2742476,2.151833313017393e-28,3.2277499695260894e-27,worse,0
gen_all,ALL,v2at304,policy-vs-policy,300,1.0,3823.1309653333333,v2rl310,3327.4247600000003,14.897593216603127,1.1489759321660313,300,300,495.70620533333323,390.91915546666655,608.5212173416663,33.2742476,5.573640032882562e-39,1.1147280065765122e-37,worse,0
gen_all,ALL,v2rl309,policy-vs-policy,300,1.0,3919.4518896666664,v2rl310,3327.4247600000003,17.792352115173475,1.1779235211517347,300,300,592.0271296666667,445.96339308333353,754.1746691416669,33.2742476,1.2443196061019236e-36,2.1153433303732702e-35,worse,0
gen_all,ALL,v2rl303,policy-vs-policy,300,1.0,3978.4179933333335,v2rl310,3327.4247600000003,19.564476443137757,1.1956447644313777,300,300,650.9932333333333,484.3815331166663,838.4865864999996,33.2742476,8.840200397044086e-34,1.4144320635270538e-32,worse,0
gen_all,ALL,rl302,policy-vs-policy,300,1.0,4058.342224,v2rl310,3327.4247600000003,21.966461053803048,1.2196646105380304,300,300,730.9174639999999,548.8812761833332,923.2742162333332,33.2742476,4.5835211131036895e-28,6.416929558345165e-27,worse,0
gen_all,ALL,wspt,rule-vs-policy,300,1.0,4064.612579,v2rl310,3327.4247600000003,22.1549057355695,1.221549057355695,300,300,737.187819,620.2922645166668,864.0155727166668,33.2742476,1.5405315312352948e-46,9.243189187411768e-46,worse,0
gen_all,ALL,v2at305,policy-vs-policy,300,1.0,4466.044722333333,v2rl310,3327.4247600000003,34.21925496320863,1.3421925496320863,300,300,1138.6199623333332,879.789794725,1425.743099291666,33.2742476,1.6643311123393212e-37,3.16222911344471e-36,worse,0
gen_all,ALL,rl303,policy-vs-policy,300,1.0,4690.713084999999,v2rl310,3327.4247600000003,40.97127428359939,1.409712742835994,300,300,1363.2883249999993,1062.4970599916662,1687.4775753999986,33.2742476,6.293250098833624e-41,1.3215825207550612e-39,worse,0
gen_all,ALL,v2at301,policy-vs-policy,300,1.0,6897.662659666667,v2rl310,3327.4247600000003,107.29732923147048,2.072973292314705,300,300,3570.2378996666675,2976.422481141666,4197.786183783333,33.2742476,3.9486267045705445e-46,8.686978750055198e-45,worse,0
gen_all,ALL,random,rule-vs-policy,300,1.0,13236.397561333331,v2rl310,3327.4247600000003,297.7970507538488,3.9779705075384877,300,300,9908.972801333332,8212.65551008333,11708.936949533329,33.2742476,1.1325598492617364e-45,5.662799246308682e-45,worse,0
gen_all,ALL,lpt,rule-vs-policy,300,1.0,43030.63908933334,v2rl310,3327.4247600000003,1193.2114831451013,12.932114831451015,300,300,39703.214329333336,33820.5915937,45677.8268593,33.2742476,5.588040871311064e-49,3.9116286099177447e-48,worse,0
gen_utarget,u_target=0.7,rl301,policy-vs-policy,60,1.0,2257.4997200000003,rl301,2257.4997200000003,0.0,1.0,60,60,0.0,0.0,0.0,22.574997200000002,1.0,1.0,equivalent,1
gen_utarget,u_target=0.7,v2rl307,policy-vs-policy,60,1.0,2257.5426033333333,rl301,2257.4997200000003,0.0018995941817023046,1.000018995941817,60,60,0.04288333333324109,-0.600253749999994,0.6478314166666532,22.574997200000002,0.7188875621362669,1.0,equivalent,1
gen_utarget,u_target=0.7,v2at302,policy-vs-policy,60,1.0,2257.57335,rl301,2257.4997200000003,0.0032615729405214016,1.0000326157294053,60,60,0.07362999999991615,-0.5619738333333781,0.6991464999998624,22.574997200000002,0.7547935522345166,1.0,equivalent,1
gen_utarget,u_target=0.7,v2rl301,policy-vs-policy,60,1.0,2257.6351066666666,rl301,2257.4997200000003,0.005997195280554163,1.0000599719528056,60,60,0.13538666666659271,-0.5538085833334216,0.8203649166665645,22.574997200000002,0.4802415427194643,1.0,equivalent,1
gen_utarget,u_target=0.7,v2rl302,policy-vs-policy,60,1.0,2257.7369066666665,rl301,2257.4997200000003,0.010506608907409981,1.000105066089074,60,60,0.2371866666666577,-0.4351925833332753,0.967909083333356,22.574997200000002,0.8475855521355773,1.0,equivalent,1
gen_utarget,u_target=0.7,v2rl304,policy-vs-policy,60,1.0,2257.76573,rl301,2257.4997200000003,0.011783390165816886,1.000117833901658,60,60,0.266009999999999,-0.4046465833333013,0.9856695000001287,22.574997200000002,0.4254511364591589,1.0,equivalent,1
gen_utarget,u_target=0.7,v2rl310,policy-vs-policy,60,1.0,2257.7987566666666,rl301,2257.4997200000003,0.013246365614890303,1.0001324636561488,60,60,0.29903666666667494,-0.39239458333340804,1.0654600833334809,22.574997200000002,0.6004574855558895,1.0,equivalent,1
gen_utarget,u_target=0.7,v2rl306,policy-vs-policy,60,1.0,2257.8458233333336,rl301,2257.4997200000003,0.015331268051422103,1.0001533126805142,60,60,0.3461033333332537,-0.35358941666689325,1.0646708333334507,22.574997200000002,0.3623707584699263,1.0,equivalent,1
gen_utarget,u_target=0.7,v2rl305,policy-vs-policy,60,1.0,2257.848376666667,rl301,2257.4997200000003,0.015444372532039856,1.0001544437253205,60,60,0.3486566666666429,-0.3782533333334676,1.0977032499998969,22.574997200000002,0.3930404723199349,1.0,equivalent,1
gen_utarget,u_target=0.7,v2rl308,policy-vs-policy,60,1.0,2257.8569666666667,rl301,2257.4997200000003,0.01582488199229852,1.000158248819923,60,60,0.35724666666658417,-0.277088333333299,1.0000445833333353,22.574997200000002,0.29430458645671864,1.0,equivalent,1
gen_utarget,u_target=0.7,edd,rule-vs-policy,60,1.0,2258.26579,rl301,2257.4997200000003,0.03393444496195429,1.0003393444496196,60,60,0.7660699999999129,0.05049524999988199,1.486995000000048,22.574997200000002,0.045484489171984846,0.13645346751595455,equivalent,1
gen_utarget,u_target=0.7,pfifo,rule-vs-policy,60,1.0,2258.26579,rl301,2257.4997200000003,0.03393444496195429,1.0003393444496196,60,60,0.7660699999999129,0.06367908333312884,1.5012878333332402,22.574997200000002,0.045484489171984846,0.13645346751595455,equivalent,1
gen_utarget,u_target=0.7,v2at310,policy-vs-policy,60,1.0,2258.3029,rl301,2257.4997200000003,0.03557829898645054,1.0003557829898646,60,60,0.8031800000000028,0.09018816666682326,1.5367691666667023,22.574997200000002,0.0368261284160903,0.5523919262413545,equivalent,1
gen_utarget,u_target=0.7,v2rl309,policy-vs-policy,60,1.0,2258.65359,rl301,2257.4997200000003,0.05111274166623783,1.0005111274166625,60,60,1.153869999999914,-0.26351508333343493,3.1053752499999168,22.574997200000002,0.1631073882292975,1.0,equivalent,1
gen_utarget,u_target=0.7,atc,rule-vs-policy,60,1.0,2258.7456566666665,rl301,2257.4997200000003,0.055190999831718206,1.0005519099983171,60,60,1.2459366666666665,0.1654528333332828,2.5393803333332574,22.574997200000002,0.08366602726012,0.13645346751595455,equivalent,1
gen_utarget,u_target=0.7,v2at307,policy-vs-policy,60,1.0,2258.7754533333336,rl301,2257.4997200000003,0.05651089663627474,1.0005651089663627,60,60,1.2757333333332386,0.21327533333334595,2.5543440833332105,22.574997200000002,0.03430851926047363,0.5489363081675781,equivalent,1
gen_utarget,u_target=0.7,v2at309,policy-vs-policy,60,1.0,2259.1000766666666,rl301,2257.4997200000003,0.07089066955305567,1.0007089066955306,60,60,1.6003566666666218,0.30085258333344234,3.128492499999987,22.574997200000002,0.04960102826809589,0.6448133674852465,equivalent,1
gen_utarget,u_target=0.7,wmdd,rule-vs-policy,60,1.0,2259.15484,rl301,2257.4997200000003,0.07331650964722587,1.0007331650964724,60,60,1.6551199999998194,0.7827864999997259,2.70739991666628,22.574997200000002,0.0007726592908711714,0.0030906371634846857,equivalent,1
gen_utarget,u_target=0.7,v2rl303,policy-vs-policy,60,1.0,2259.7019233333335,rl301,2257.4997200000003,0.09755054735215084,1.0009755054735214,60,60,2.202203333333246,0.18701866666663047,5.473934499999917,22.574997200000002,0.06564114341025874,0.787693720923105,equivalent,1
gen_utarget,u_target=0.7,rl303,policy-vs-policy,60,1.0,2259.88127,rl301,2257.4997200000003,0.10549502969593308,1.0010549502969592,60,60,2.3815499999999554,0.5133274166667418,4.816248166666549,22.574997200000002,0.0368261284160903,0.5523919262413545,equivalent,1
gen_utarget,u_target=0.7,v2at303,policy-vs-policy,60,1.0,2260.1489933333337,rl301,2257.4997200000003,0.11735431503546054,1.0011735431503546,60,60,2.6492733333333076,1.171985833333305,4.46334308333331,22.574997200000002,0.0005287248371505039,0.00951704706870907,equivalent,1
gen_utarget,u_target=0.7,v2at308,policy-vs-policy,60,1.0,2260.9255866666663,rl301,2257.4997200000003,0.15175490992601426,1.00151754909926,60,60,3.4258666666665696,1.1235864166667224,7.1754195833333565,22.574997200000002,0.0003896820816017588,0.0074039595504334175,equivalent,1
gen_utarget,u_target=0.7,v2at306,policy-vs-policy,60,1.0,2262.4918733333334,rl301,2257.4997200000003,0.22113638770830654,1.002211363877083,60,60,4.992153333333368,2.08481400000003,8.91264908333325,22.574997200000002,0.00018417555129966804,0.0036835110259933607,equivalent,1
gen_utarget,u_target=0.7,rl302,policy-vs-policy,60,1.0,2263.5731,rl301,2257.4997200000003,0.2690312626040908,1.002690312626041,60,60,6.073380000000016,0.5210261666667467,13.625082916666562,22.574997200000002,0.2347504335271582,1.0,equivalent,1
gen_utarget,u_target=0.7,v2at304,policy-vs-policy,60,1.0,2264.6439466666666,rl301,2257.4997200000003,0.31646633677838626,1.0031646633677838,60,60,7.144226666666611,2.9359195833332645,12.702900249999828,22.574997200000002,8.495383476045264e-05,0.0017840305299695054,equivalent,1
gen_utarget,u_target=0.7,v2at305,policy-vs-policy,60,1.0,2265.4995766666666,rl301,2257.4997200000003,0.354368002608937,1.0035436800260893,60,60,7.999856666666532,1.3614767499999036,17.009718249999974,22.574997200000002,0.01879260906824234,0.31947435416011977,equivalent,1
gen_utarget,u_target=0.7,wspt,rule-vs-policy,60,1.0,2269.0487866666667,rl301,2257.4997200000003,0.5115866267600899,1.005115866267601,60,60,11.54906666666675,6.44794858333347,18.132340333333634,22.574997200000002,8.407079595415299e-07,4.203539797707649e-06,equivalent,1
gen_utarget,u_target=0.7,random,rule-vs-policy,60,1.0,2304.052563333333,rl301,2257.4997200000003,2.0621417101807182,1.020621417101807,60,60,46.552843333333136,24.585359083333117,73.89135683333322,22.574997200000002,7.739732463297963e-08,4.643839477978778e-07,worse,0
gen_utarget,u_target=0.7,v2at301,policy-vs-policy,60,1.0,2334.254026666667,rl301,2257.4997200000003,3.399969709261656,1.0339996970926166,60,60,76.75430666666674,35.916722000000235,136.65032208333344,22.574997200000002,2.4249905341003518e-08,5.334979175020774e-07,worse,0
gen_utarget,u_target=0.7,lpt,rule-vs-policy,60,1.0,2574.50371,rl301,2257.4997200000003,14.042260434920436,1.1404226043492043,60,60,317.0039900000001,201.6460504166668,457.4468952499999,22.574997200000002,1.1100954635085601e-09,7.770668244559921e-09,worse,0
gen_utarget,u_target=0.9,v2at302,policy-vs-policy,60,1.0,2990.305363333334,v2at302,2990.305363333334,0.0,1.0,60,60,0.0,0.0,0.0,29.90305363333334,1.0,1.0,equivalent,1
gen_utarget,u_target=0.9,v2rl301,policy-vs-policy,60,1.0,2990.81525,v2at302,2990.305363333334,0.017051324353640058,1.0001705132435363,60,60,0.5098866666664283,-1.6802337500003532,2.5170711666662897,29.90305363333334,0.19229979128250618,0.5768993738475185,equivalent,1
gen_utarget,u_target=0.9,v2rl310,policy-vs-policy,60,1.0,2990.940506666667,v2at302,2990.305363333334,0.021240082739408243,1.000212400827394,60,60,0.63514333333286,-1.7588239166673891,3.1516300833328454,29.90305363333334,0.5818740177287838,0.5818740177287838,equivalent,1
gen_utarget,u_target=0.9,rl301,policy-vs-policy,60,1.0,2991.6407800000006,v2at302,2990.305363333334,0.04465820390925497,1.0004465820390926,60,60,1.3354166666665777,-0.9750422499996269,3.5117089166667044,29.90305363333334,0.19435098047556754,0.5768993738475185,equivalent,1
gen_utarget,u_target=0.9,v2rl305,policy-vs-policy,60,1.0,2991.9940766666673,v2at302,2990.305363333334,0.05647293932051881,1.0005647293932052,60,60,1.688713333333161,-0.18495533333335362,3.824712083333496,29.90305363333334,0.13926257569945166,0.5570503027978067,equivalent,1
gen_utarget,u_target=0.9,v2rl302,policy-vs-policy,60,1.0,2993.4771466666666,v2at302,2990.305363333334,0.10606887752082747,1.0010606887752083,60,60,3.1717833333330536,0.9172448333328123,5.6644375833331075,29.90305363333334,0.0011900317058376204,0.009520253646700963,equivalent,1
gen_utarget,u_target=0.9,v2rl306,policy-vs-policy,60,1.0,2993.64152,v2at302,2990.305363333334,0.11156575203234177,1.0011156575203235,60,60,3.3361566666665756,0.27344225000017736,6.955639916666393,29.90305363333334,0.024126809941339256,0.12063404970669628,equivalent,1
gen_utarget,u_target=0.9,v2rl307,policy-vs-policy,60,1.0,2993.989073333333,v2at302,2990.305363333334,0.12318842233199406,1.0012318842233199,60,60,3.6837099999998433,1.4162331666667578,6.124848833333186,29.90305363333334,0.008853477415938543,0.053120864495631255,equivalent,1
gen_utarget,u_target=0.9,v2rl308,policy-vs-policy,60,1.0,2995.29004,v2at302,2990.305363333334,0.1666945699856396,1.0016669456998564,60,60,4.984676666666138,2.2664014166658952,8.038378999999594,29.90305363333334,0.0031842367955562663,0.022289657568893863,equivalent,1
gen_utarget,u_target=0.9,v2rl304,policy-vs-policy,60,1.0,2997.7397433333335,v2at302,2990.305363333334,0.248616080857792,1.002486160808578,60,60,7.434379999999714,3.7456952499993967,11.59276116666649,29.90305363333334,0.0005384937914633668,0.005384937914633668,equivalent,1
gen_utarget,u_target=0.9,edd,rule-vs-policy,60,1.0,3000.471016666667,v2at302,2990.305363333334,0.339953686937217,1.0033995368693722,60,60,10.165653333332987,4.775848333333134,16.334825333332926,29.90305363333334,0.0023486394938546282,0.0046972789877092564,equivalent,1
gen_utarget,u_target=0.9,pfifo,rule-vs-policy,60,1.0,3000.471016666667,v2at302,2990.305363333334,0.339953686937217,1.0033995368693722,60,60,10.165653333332987,4.947675083332824,16.369366666666647,29.90305363333334,0.0023486394938546282,0.0046972789877092564,equivalent,1
gen_utarget,u_target=0.9,v2at310,policy-vs-policy,60,1.0,3005.028436666667,v2at302,2990.305363333334,0.49236019551264476,1.0049236019551264,60,60,14.723073333332957,7.553133833332905,22.77495466666583,29.90305363333334,0.0010401903513192964,0.009361713161873668,equivalent,1
gen_utarget,u_target=0.9,v2at307,policy-vs-policy,60,1.0,3008.8876033333336,v2at302,2990.305363333334,0.6214161345477391,1.0062141613454774,60,60,18.5822399999998,9.945787916666646,28.70706683333282,29.90305363333334,2.545461758312028e-06,3.0545541099744336e-05,equivalent,1
gen_utarget,u_target=0.9,wmdd,rule-vs-policy,60,1.0,3008.9209299999998,v2at302,2990.305363333334,0.622530624963161,1.0062253062496316,60,60,18.61556666666622,9.998838499999794,28.569775166666076,29.90305363333334,9.883085425419528e-05,0.00029649256276258586,equivalent,1
gen_utarget,u_target=0.9,atc,rule-vs-policy,60,1.0,3011.75496,v2at302,2990.305363333334,0.7173045579116445,1.0071730455791164,60,60,21.44959666666635,12.378710333333242,32.107858999999486,29.90305363333334,3.6030126246331043e-06,1.4412050498532417e-05,inconclusive,0
gen_utarget,u_target=0.9,v2at308,policy-vs-policy,60,1.0,3022.1899733333335,v2at302,2990.305363333334,1.0662660205530785,1.0106626602055309,60,60,31.884609999999874,18.527127083333514,47.45824308333278,29.90305363333334,2.9406206450376884e-06,3.234682709541457e-05,inconclusive,0
gen_utarget,u_target=0.9,v2at303,policy-vs-policy,60,1.0,3026.28789,v2at302,2990.305363333334,1.2033060940156295,1.0120330609401562,60,60,35.98252666666652,21.27821433333298,52.399846833332916,29.90305363333334,5.341990110500343e-07,6.944587143650445e-06,inconclusive,0
gen_utarget,u_target=0.9,v2rl309,policy-vs-policy,60,1.0,3050.3211933333337,v2at302,2990.305363333334,2.007013421970369,1.0200701342197036,60,60,60.01582999999962,29.275612999999936,97.64797583333295,29.90305363333334,3.121726299407503e-08,4.994762079052005e-07,inconclusive,0
gen_utarget,u_target=0.9,v2at309,policy-vs-policy,60,1.0,3060.1377100000004,v2at302,2990.305363333334,2.3352914897234283,1.0233529148972342,60,60,69.83234666666642,41.6600653333333,102.84462199999975,29.90305363333334,7.417041383136907e-09,1.4092378627960122e-07,worse,0
gen_utarget,u_target=0.9,v2rl303,policy-vs-policy,60,1.0,3065.29547,v2at302,2990.305363333334,2.507774208821058,1.0250777420882107,60,60,74.99010666666642,46.873555583333236,106.96936833333301,29.90305363333334,5.157203216137767e-08,7.220084502592874e-07,worse,0
gen_utarget,u_target=0.9,rl303,policy-vs-policy,60,1.0,3071.2015733333333,v2at302,2990.305363333334,2.7052825772222584,1.0270528257722227,60,60,80.8962099999995,57.709112249999556,105.80080674999965,29.90305363333334,1.1786678718505623e-09,2.3573357437011247e-08,worse,0
gen_utarget,u_target=0.9,v2at304,policy-vs-policy,60,1.0,3113.48135,v2at302,2990.305363333334,4.119177532068505,1.041191775320685,60,60,123.17598666666635,81.87446949999922,169.21970208333335,29.90305363333334,1.725496113933899e-10,3.796091450654578e-09,worse,0
gen_utarget,u_target=0.9,v2at306,policy-vs-policy,60,1.0,3126.6480633333335,v2at302,2990.305363333334,4.559490869120358,1.0455949086912035,60,60,136.3426999999995,90.40765874999964,188.330905583333,29.90305363333334,7.565732427476083e-09,1.4092378627960122e-07,worse,0
gen_utarget,u_target=0.9,rl302,policy-vs-policy,60,1.0,3154.20148,v2at302,2990.305363333334,5.48091571771684,1.0548091571771685,60,60,163.89611666666622,89.18981008333313,250.41650583333333,29.90305363333334,1.2435555788619395e-08,2.1140444840652972e-07,worse,0
gen_utarget,u_target=0.9,v2at305,policy-vs-policy,60,1.0,3209.6515533333336,v2at302,2990.305363333334,7.33524384130093,1.0733524384130093,60,60,219.34618999999947,125.07808908333284,327.9788617499992,29.90305363333334,4.066272330658402e-08,6.099408495987603e-07,worse,0
gen_utarget,u_target=0.9,wspt,rule-vs-policy,60,1.0,3214.837606666667,v2at302,2990.305363333334,7.508672729096936,1.0750867272909694,60,60,224.53224333333316,161.63082616666657,294.07713091666636,29.90305363333334,5.143753751233159e-11,3.086252250739896e-10,worse,0
gen_utarget,u_target=0.9,v2at301,policy-vs-policy,60,1.0,4626.060289999999,v2at302,2990.305363333334,54.701936020449345,1.5470193602044935,60,60,1635.7549266666663,1228.6332760833332,2066.611511583332,29.90305363333334,3.503864964208263e-10,7.358116424837352e-09,worse,0
gen_utarget,u_target=0.9,random,rule-vs-policy,60,1.0,4924.664566666667,v2at302,2990.305363333334,64.68768130011568,1.6468768130011568,60,60,1934.3592033333334,1496.5725596666664,2383.435434333333,29.90305363333334,5.145276051717656e-10,2.572638025858828e-09,worse,0
gen_utarget,u_target=0.9,lpt,rule-vs-policy,60,1.0,16524.004736666666,v2at302,2990.305363333334,452.5858642826743,5.525858642826742,60,60,13533.699373333333,10837.199852333333,16378.539786083331,29.90305363333334,2.3900953516978203e-11,1.6730667461884742e-10,worse,0
gen_utarget,u_target=1.0,rl301,policy-vs-policy,60,1.0,3104.700156666667,rl301,3104.700156666667,0.0,1.0,60,60,0.0,0.0,0.0,31.047001566666673,1.0,1.0,equivalent,1
gen_utarget,u_target=1.0,v2at302,policy-vs-policy,60,1.0,3107.8011100000003,rl301,3104.700156666667,0.09987931770720233,1.000998793177072,60,60,3.100953333333092,-2.6703183333334937,8.87827525000027,31.04700156666667,0.5400665072609449,0.5400665072609449,equivalent,1
gen_utarget,u_target=1.0,v2rl310,policy-vs-policy,60,1.0,3108.184146666667,rl301,3104.700156666667,0.11221663362623317,1.0011221663362624,60,60,3.4839899999997646,-0.23673300000064448,7.651858916666672,31.04700156666667,0.08142693555746508,0.24428080667239524,equivalent,1
gen_utarget,u_target=1.0,v2rl305,policy-vs-policy,60,1.0,3108.8595066666667,rl301,3104.700156666667,0.13396945888858708,1.001339694588886,60,60,4.159349999999432,-0.45567025000027384,9.192639249998969,31.04700156666667,0.20238317609393375,0.4047663521878675,equivalent,1
gen_utarget,u_target=1.0,v2rl308,policy-vs-policy,60,1.0,3113.169896666667,rl301,3104.700156666667,0.2728037998069677,1.0027280379980696,60,60,8.469739999999751,3.2593888333327574,14.248180166666394,31.04700156666667,0.002075066558187572,0.016600532465500577,equivalent,1
gen_utarget,u_target=1.0,v2rl307,policy-vs-policy,60,1.0,3113.953936666667,rl301,3104.700156666667,0.2980571241357744,1.0029805712413578,60,60,9.253779999999887,3.0784092499997984,16.820094416666773,31.04700156666667,0.01092423368457405,0.0436969347382962,equivalent,1
gen_utarget,u_target=1.0,v2rl302,policy-vs-policy,60,1.0,3115.30158,rl301,3104.700156666667,0.341463677597605,1.003414636775976,60,60,10.60142333333283,3.35558008333177,19.130981333333306,31.04700156666667,0.0028868018767603484,0.020207613137322437,equivalent,1
gen_utarget,u_target=1.0,v2rl306,policy-vs-policy,60,1.0,3115.71928,rl301,3104.700156666667,0.3549174727766031,1.003549174727766,60,60,11.01912333333288,4.890811083332717,18.1401421666663,31.04700156666667,0.000928172354749679,0.00928172354749679,equivalent,1
gen_utarget,u_target=1.0,v2rl304,policy-vs-policy,60,1.0,3117.9107866666673,rl301,3104.700156666667,0.42550421404247646,1.0042550421404248,60,60,13.210629999999876,6.282456333333536,21.005283750000135,31.04700156666667,0.0009794870808700292,0.00928172354749679,equivalent,1
gen_utarget,u_target=1.0,v2rl301,policy-vs-policy,60,1.0,3118.047176666667,rl301,3104.700156666667,0.42989723085947235,1.0042989723085947,60,60,13.347019999999679,5.441927249999929,23.03960441666579,31.04700156666667,0.004792009505746745,0.025472644389948746,equivalent,1
gen_utarget,u_target=1.0,edd,rule-vs-policy,60,1.0,3120.22592,rl301,3104.700156666667,0.5000728749922738,1.0050007287499227,60,60,15.525763333332922,7.456152333332999,24.946342083333217,31.04700156666667,0.0014190429084318188,0.0028380858168636377,equivalent,1
gen_utarget,u_target=1.0,pfifo,rule-vs-policy,60,1.0,3120.22592,rl301,3104.700156666667,0.5000728749922738,1.0050007287499227,60,60,15.525763333332922,7.32167500000005,24.7577624999994,31.04700156666667,0.0014190429084318188,0.0028380858168636377,equivalent,1
gen_utarget,u_target=1.0,v2at310,policy-vs-policy,60,1.0,3126.6588100000004,rl301,3104.700156666667,0.7072713056100347,1.0070727130561004,60,60,21.958653333333096,10.750504916666205,34.609421916666236,31.04700156666667,0.004245440731658124,0.025472644389948746,inconclusive,0
gen_utarget,u_target=1.0,v2at307,policy-vs-policy,60,1.0,3134.9746466666666,rl301,3104.700156666667,0.9751179976266455,1.0097511799762664,60,60,30.274489999999407,15.671416916666276,47.30666958333263,31.04700156666667,0.0002392407714770509,0.00263164848624756,inconclusive,0
gen_utarget,u_target=1.0,wmdd,rule-vs-policy,60,1.0,3139.498493333333,rl301,3104.700156666667,1.1208276133185993,1.011208276133186,60,60,34.79833666666597,19.16925608333311,52.34756108333258,31.04700156666667,0.00018857054669039856,0.0005657116400711957,inconclusive,0
gen_utarget,u_target=1.0,atc,rule-vs-policy,60,1.0,3141.090583333333,rl301,3104.700156666667,1.172107605577479,1.0117210760557749,60,60,36.39042666666616,20.33812274999976,54.21369699999928,31.04700156666667,2.363931532256878e-05,9.455726129027512e-05,inconclusive,0
gen_utarget,u_target=1.0,v2at308,policy-vs-policy,60,1.0,3153.165906666667,rl301,3104.700156666667,1.5610444665946308,1.0156104446659464,60,60,48.465749999999616,27.990025499999817,72.08612683333214,31.04700156666667,4.487318151616948e-05,0.0005833513597102032,inconclusive,0
gen_utarget,u_target=1.0,v2at303,policy-vs-policy,60,1.0,3170.6737333333335,rl301,3104.700156666667,2.1249580744537413,1.0212495807445374,60,60,65.97357666666625,36.546872666666296,99.87172558333253,31.04700156666667,7.030941389405315e-05,0.0008437129667286378,worse,0
gen_utarget,u_target=1.0,v2rl309,policy-vs-policy,60,1.0,3242.6971466666664,rl301,3104.700156666667,4.4447767267857,1.044447767267857,60,60,137.99698999999947,93.05924491666595,192.47539558333253,31.04700156666667,8.28377818738703e-10,1.4910800737296655e-08,worse,0
gen_utarget,u_target=1.0,v2rl303,policy-vs-policy,60,1.0,3276.3831999999998,rl301,3104.700156666667,5.529778550907102,1.055297785509071,60,60,171.68304333333268,116.87704716666588,235.66096374999918,31.04700156666667,1.3444224717787864e-08,2.1510759548460582e-07,worse,0
gen_utarget,u_target=1.0,v2at309,policy-vs-policy,60,1.0,3280.84039,rl301,3104.700156666667,5.673341206722003,1.05673341206722,60,60,176.1402333333328,105.0757363333329,262.48312591666587,31.04700156666667,3.228856318808694e-08,4.84328447821304e-07,worse,0
gen_utarget,u_target=1.0,v2at306,policy-vs-policy,60,1.0,3295.9623516666666,rl301,3104.700156666667,6.1604079411438635,1.0616040794114385,60,60,191.2621949999993,138.63663408333247,248.64940995833274,31.04700156666667,3.937540818373336e-10,7.875081636746672e-09,worse,0
gen_utarget,u_target=1.0,v2at304,policy-vs-policy,60,1.0,3376.223058333334,rl301,3104.700156666667,8.745543465240289,1.0874554346524028,60,60,271.52290166666637,185.68149254166605,371.2551700833332,31.04700156666667,1.69973152848348e-09,2.889543598421916e-08,worse,0
gen_utarget,u_target=1.0,rl303,policy-vs-policy,60,1.0,3464.59616,rl301,3104.700156666667,11.591972982013564,1.1159197298201355,60,60,359.8960033333326,265.1497814999992,462.1997076666649,31.04700156666667,2.0130912676936575e-10,4.2274916621566805e-09,worse,0
gen_utarget,u_target=1.0,rl302,policy-vs-policy,60,1.0,3467.7949099999996,rl301,3104.700156666667,11.695002255005706,1.116950022550057,60,60,363.09475333333273,201.52892674999927,563.6702843333328,31.04700156666667,6.368946028415556e-07,8.916524439781779e-06,worse,0
gen_utarget,u_target=1.0,wspt,rule-vs-policy,60,1.0,3527.015606666667,rl301,3104.700156666667,13.602455267481119,1.1360245526748112,60,60,422.31544999999954,325.1474256666662,529.1238011666665,31.04700156666667,1.6295557943119345e-11,1.1406890560183541e-10,worse,0
gen_utarget,u_target=1.0,v2at305,policy-vs-policy,60,1.0,3612.5492233333334,rl301,3104.700156666667,16.357427160113062,1.1635742716011306,60,60,507.84906666666626,317.03670366666654,732.9653269166661,31.04700156666667,4.85084114292319e-10,9.216598171554061e-09,worse,0
gen_utarget,u_target=1.0,v2at301,policy-vs-policy,60,1.0,6040.129153333332,rl301,3104.700156666667,94.54790635300066,1.9454790635300065,60,60,2935.428996666666,2195.2828890833334,3704.1453884166663,31.04700156666667,2.3900953516978203e-11,5.258209773735205e-10,worse,0
gen_utarget,u_target=1.0,random,rule-vs-policy,60,1.0,8149.989089999999,rl301,3104.700156666667,162.50486935106028,2.6250486935106028,60,60,5045.288933333332,3982.568069666666,6205.234911583331,31.04700156666667,3.5060510731588664e-11,1.753025536579433e-10,worse,0
gen_utarget,u_target=1.0,lpt,rule-vs-policy,60,1.0,29770.909659999998,rl301,3104.700156666667,858.8980628636056,9.588980628636055,60,60,26666.20950333333,21842.835319749996,31589.15911083333,31.04700156666667,1.6295557943119345e-11,1.1406890560183541e-10,worse,0
gen_utarget,u_target=1.1,rl301,policy-vs-policy,60,1.0,3688.4963466666663,rl301,3688.4963466666663,0.0,1.0,60,60,0.0,0.0,0.0,36.88496346666666,1.0,1.0,equivalent,1
gen_utarget,u_target=1.1,v2rl305,policy-vs-policy,60,1.0,3691.8667499999997,rl301,3688.4963466666663,0.09137607893740256,1.000913760789374,60,60,3.3704033333333103,-11.24913075000024,22.653797583333095,36.88496346666666,0.9948303989564481,1.0,equivalent,1
gen_utarget,u_target=1.1,v2at302,policy-vs-policy,60,1.0,3692.26803,rl301,3688.4963466666663,0.10225530890771657,1.001022553089077,60,60,3.771683333333913,-9.828779416666078,21.844743250000054,36.88496346666666,0.9638249419986004,1.0,equivalent,1
gen_utarget,u_target=1.1,v2rl310,policy-vs-policy,60,1.0,3692.3810399999998,rl301,3688.4963466666663,0.105319159034658,1.0010531915903467,60,60,3.8846933333336247,-14.168896916667139,30.62317291666705,36.88496346666666,0.27352482060423267,0.820574461812698,equivalent,1
gen_utarget,u_target=1.1,v2rl304,policy-vs-policy,60,1.0,3695.76381,rl301,3688.4963466666663,0.1970305146133943,1.001970305146134,60,60,7.267463333333818,-11.285062416666657,23.884705833334195,36.88496346666666,0.01626494382233237,0.09845226633483178,equivalent,1
gen_utarget,u_target=1.1,pfifo,rule-vs-policy,60,1.0,3698.8281899999997,rl301,3688.4963466666663,0.28010989742935166,1.0028010989742935,60,60,10.33184333333356,-10.958867583332855,30.050166166667033,36.88496346666666,0.39172073941517005,0.6827545780976101,equivalent,1
gen_utarget,u_target=1.1,edd,rule-vs-policy,60,1.0,3699.8349366666666,rl301,3688.4963466666663,0.30740412716545323,1.0030740412716546,60,60,11.338590000000229,-10.275056333332994,31.43857800000033,36.88496346666666,0.22758485936587003,0.6827545780976101,equivalent,1
gen_utarget,u_target=1.1,v2rl308,policy-vs-policy,60,1.0,3700.3478600000003,rl301,3688.4963466666663,0.32131015512715116,1.0032131015512715,60,60,11.851513333333866,3.715855000000305,21.79970900000032,36.88496346666666,0.014064609476404541,0.09845226633483178,equivalent,1
gen_utarget,u_target=1.1,v2at310,policy-vs-policy,60,1.0,3718.3501966666668,rl301,3688.4963466666663,0.809377241947919,1.0080937724194792,60,60,29.85385000000052,8.896127583333426,52.578301833334216,36.88496346666666,0.12253929082642427,0.4901571633056971,inconclusive,0
gen_utarget,u_target=1.1,v2rl307,policy-vs-policy,60,1.0,3722.2297000000003,rl301,3688.4963466666663,0.9145556932384974,1.009145556932385,60,60,33.73335333333375,6.411035916667412,68.70424166666676,36.88496346666666,0.0503682382022735,0.2518411910113675,inconclusive,0
gen_utarget,u_target=1.1,v2rl302,policy-vs-policy,60,1.0,3726.147456666667,rl301,3688.4963466666663,1.0207712428406337,1.0102077124284063,60,60,37.65111000000083,9.9017830000013,73.13421641666721,36.88496346666666,0.005024096930327523,0.045216872372947706,inconclusive,0
gen_utarget,u_target=1.1,v2at307,policy-vs-policy,60,1.0,3734.890516666667,rl301,3688.4963466666663,1.257807128965368,1.0125780712896537,60,60,46.39417000000052,15.767257416666741,77.90715641666732,36.88496346666666,0.008644728829807895,0.06915783063846316,inconclusive,0
gen_utarget,u_target=1.1,atc,rule-vs-policy,60,1.0,3736.4078600000003,rl301,3688.4963466666663,1.2989443076616318,1.0129894430766164,60,60,47.91151333333385,18.473107250000854,83.20526458333384,36.88496346666666,0.004915551535570292,0.019662206142281168,inconclusive,0
gen_utarget,u_target=1.1,wmdd,rule-vs-policy,60,1.0,3737.1529633333334,rl301,3688.4963466666663,1.3191450416004509,1.0131914504160044,60,60,48.65661666666704,19.008384999999944,82.04709650000079,36.88496346666666,0.2739240263084811,0.6827545780976101,inconclusive,0
gen_utarget,u_target=1.1,v2rl301,policy-vs-policy,60,1.0,3741.892426666667,rl301,3688.4963466666663,1.4476381425253422,1.0144763814252533,60,60,53.39608000000082,14.925699583334364,102.84435125000016,36.88496346666666,0.0014020172113986431,0.015422189325385074,inconclusive,0
gen_utarget,u_target=1.1,v2rl306,policy-vs-policy,60,1.0,3744.836483333333,rl301,3688.4963466666663,1.5274554011035386,1.0152745540110353,60,60,56.34013666666689,9.353646916667344,121.60247333333321,36.88496346666666,0.00377719785115791,0.0377719785115791,inconclusive,0
gen_utarget,u_target=1.1,v2at303,policy-vs-policy,60,1.0,3774.5763033333333,rl301,3688.4963466666663,2.33374113937942,1.0233374113937943,60,60,86.07995666666694,47.4039099999997,129.94214158333344,36.88496346666666,5.4532637934013746e-05,0.0006543916552081649,worse,0
gen_utarget,u_target=1.1,v2at308,policy-vs-policy,60,1.0,3778.2512966666673,rl301,3688.4963466666663,2.4333750548814677,1.0243337505488146,60,60,89.7549500000007,47.2565494166675,139.6642042500014,36.88496346666666,4.664153053835013e-05,0.0006063398969985517,worse,0
gen_utarget,u_target=1.1,v2at306,policy-vs-policy,60,1.0,3945.4449266666666,rl301,3688.4963466666663,6.966214843406512,1.0696621484340652,60,60,256.94858000000033,190.1219345833333,330.4372887500004,36.88496346666666,3.09047858118837e-10,5.5628614461390654e-09,worse,0
gen_utarget,u_target=1.1,v2at309,policy-vs-policy,60,1.0,4037.686223333333,rl301,3688.4963466666663,9.466998035181286,1.094669980351813,60,60,349.18987666666715,220.32489266666735,492.27542183333435,36.88496346666666,2.088932898112546e-07,2.9245060573575643e-06,worse,0
gen_utarget,u_target=1.1,v2rl303,policy-vs-policy,60,1.0,4155.03327,rl301,3688.4963466666663,12.648431216556522,1.1264843121655652,60,60,466.5369233333337,293.251171166667,681.8021839166669,36.88496346666666,1.2726693725124743e-08,2.036270996019959e-07,worse,0
gen_utarget,u_target=1.1,v2rl309,policy-vs-policy,60,1.0,4196.1345,rl301,3688.4963466666663,13.762739762290717,1.1376273976229072,60,60,507.63815333333383,339.19929425000055,693.2308951666673,36.88496346666666,8.418065988886178e-11,1.7677938576660973e-09,worse,0
gen_utarget,u_target=1.1,v2at304,policy-vs-policy,60,1.0,4217.017406666667,rl301,3688.4963466666663,14.328902900436127,1.1432890290043614,60,60,528.5210600000003,374.09562929166657,689.6687506250009,36.88496346666666,2.3225357931142554e-10,4.645071586228511e-09,worse,0
gen_utarget,u_target=1.1,rl302,policy-vs-policy,60,1.0,4478.806213333333,rl301,3688.4963466666663,21.426342671611383,1.2142634267161139,60,60,790.3098666666676,489.6284999166675,1103.7135799166667,36.88496346666666,2.6539139267506863e-08,3.9808708901260297e-07,worse,0
gen_utarget,u_target=1.1,wspt,rule-vs-policy,60,1.0,4509.238141666667,rl301,3688.4963466666663,22.251392379491268,1.2225139237949127,60,60,820.7417950000004,645.2926869999998,1011.5336114166671,36.88496346666666,1.6295557943119345e-11,1.1406890560183541e-10,worse,0
gen_utarget,u_target=1.1,v2at305,policy-vs-policy,60,1.0,4945.75953,rl301,3688.4963466666663,34.086062860534916,1.3408606286053493,60,60,1257.263183333334,858.2492514166678,1678.57434475,36.88496346666666,2.788409687607814e-10,5.297978406454847e-09,worse,0
gen_utarget,u_target=1.1,rl303,policy-vs-policy,60,1.0,5063.400149999999,rl301,3688.4963466666663,37.27545520211366,1.3727545520211366,60,60,1374.903803333332,1028.276836916666,1740.4496925833305,36.88496346666666,5.974270835092659e-10,1.0156260419657519e-08,worse,0
gen_utarget,u_target=1.1,v2at301,policy-vs-policy,60,1.0,8464.521763333332,rl301,3688.4963466666663,129.48434721869282,2.2948434721869284,60,60,4776.025416666667,3604.972289583334,5939.581214000001,36.88496346666666,1.6295557943119345e-11,3.5850227474862555e-10,worse,0
gen_utarget,u_target=1.1,random,rule-vs-policy,60,1.0,14661.981143333333,rl301,3688.4963466666663,297.50564363669554,3.9750564363669554,60,60,10973.484796666666,8886.502024083335,13069.533219083334,36.88496346666666,1.6295557943119345e-11,1.1406890560183541e-10,worse,0
gen_utarget,u_target=1.1,lpt,rule-vs-policy,60,1.0,52750.152623333335,rl301,3688.4963466666663,1330.1261995556595,14.301261995556594,60,60,49061.656276666676,40661.97645550001,57259.273545,36.88496346666666,1.6295557943119345e-11,1.1406890560183541e-10,worse,0
gen_utarget,u_target=1.3,v2rl304,policy-vs-policy,60,1.0,4569.811140000001,v2rl304,4569.811140000001,0.0,1.0,60,60,0.0,0.0,0.0,45.69811140000001,1.0,1.0,equivalent,1
gen_utarget,u_target=1.3,v2rl308,policy-vs-policy,60,1.0,4575.152563333334,v2rl304,4569.811140000001,0.1168849908605478,1.0011688499086056,60,60,5.341423333334038,-22.290455166665737,47.019545166666404,45.69811140000001,0.3437529601514414,1.0,inconclusive,0
gen_utarget,u_target=1.3,v2rl310,policy-vs-policy,60,1.0,4587.819350000001,v2rl304,4569.811140000001,0.3940690205416226,1.0039406902054162,60,60,18.008210000000258,-18.57041424999902,60.21728008333421,45.69811140000001,0.9799467688402274,1.0,inconclusive,0
gen_utarget,u_target=1.3,edd,rule-vs-policy,60,1.0,4591.817011666667,v2rl304,4569.811140000001,0.4815488210015234,1.0048154882100153,60,60,22.00587166666639,-3.1586234166665483,53.14659641666596,45.69811140000001,0.16061131553141894,0.29758826398117477,inconclusive,0
gen_utarget,u_target=1.3,pfifo,rule-vs-policy,60,1.0,4591.840934999999,v2rl304,4569.811140000001,0.4820723291422182,1.0048207232914221,60,60,22.029794999999517,-2.3266059583341505,53.40295487499951,45.69811140000001,0.14879413199058739,0.29758826398117477,inconclusive,0
gen_utarget,u_target=1.3,v2at310,policy-vs-policy,60,1.0,4604.906103333334,v2rl304,4569.811140000001,0.7679740422124532,1.0076797404221245,60,60,35.094963333333574,6.07977491666681,70.80451291666837,45.69811140000001,0.13367654833744314,0.6157898504419729,inconclusive,0
gen_utarget,u_target=1.3,rl301,policy-vs-policy,60,1.0,4611.499273333334,v2rl304,4569.811140000001,0.9122506829315727,1.0091225068293157,60,60,41.688133333333916,-8.782319833332796,100.02555975000087,45.69811140000001,0.41466690867045475,1.0,inconclusive,0
gen_utarget,u_target=1.3,wmdd,rule-vs-policy,60,1.0,4629.958246666666,v2rl304,4569.811140000001,1.3161836413805366,1.0131618364138053,60,60,60.14710666666619,-0.2893996666670079,120.3264213333328,45.69811140000001,0.05735433725391764,0.17206301176175293,inconclusive,0
gen_utarget,u_target=1.3,atc,rule-vs-policy,60,1.0,4641.9146783333335,v2rl304,4569.811140000001,1.5778231555830298,1.0157782315558304,60,60,72.10353833333374,11.119855791666275,134.14074237500043,45.69811140000001,0.009266681419844637,0.03706672567937855,inconclusive,0
gen_utarget,u_target=1.3,v2at307,policy-vs-policy,60,1.0,4671.939976666667,v2rl304,4569.811140000001,2.2348590245387214,1.0223485902453873,60,60,102.1288366666667,51.82129750000074,157.07230008333272,45.69811140000001,1.42762489273107e-05,0.0001570387382004177,worse,0
gen_utarget,u_target=1.3,v2rl305,policy-vs-policy,60,1.0,4691.920576666666,v2rl304,4569.811140000001,2.6720893473655827,1.0267208934736558,60,60,122.10943666666624,41.64337908333336,225.57065183333228,45.69811140000001,0.12315797008839457,0.6157898504419729,inconclusive,0
gen_utarget,u_target=1.3,v2at302,policy-vs-policy,60,1.0,4746.2963966666675,v2rl304,4569.811140000001,3.8619814092944504,1.0386198140929446,60,60,176.48525666666686,59.91401916666765,322.4896639166666,45.69811140000001,0.06652020252066859,0.39912121512401155,worse,0
gen_utarget,u_target=1.3,v2at308,policy-vs-policy,60,1.0,4775.897573333334,v2rl304,4569.811140000001,4.509736333071587,1.045097363330716,60,60,206.08643333333322,111.24522341666582,306.3030353333323,45.69811140000001,6.17640453978853e-07,7.411685447746236e-06,worse,0
gen_utarget,u_target=1.3,v2rl302,policy-vs-policy,60,1.0,4782.667256666667,v2rl304,4569.811140000001,4.657875569594456,1.0465787556959445,60,60,212.85611666666642,66.61875133333405,390.5183330000007,45.69811140000001,0.015820869531080726,0.11074608671756508,worse,0
gen_utarget,u_target=1.3,v2rl307,policy-vs-policy,60,1.0,4801.447766666667,v2rl304,4569.811140000001,5.068844632092747,1.0506884463209274,60,60,231.63662666666667,108.19716858333291,376.2124171666677,45.69811140000001,0.00822004356182422,0.06576034849459376,worse,0
gen_utarget,u_target=1.3,v2rl306,policy-vs-policy,60,1.0,4833.338326666667,v2rl304,4569.811140000001,5.7666975416114505,1.0576669754161145,60,60,263.5271866666669,108.50481208333439,458.78602866666677,45.69811140000001,5.777884715162269e-05,0.0005777884715162269,worse,0
gen_utarget,u_target=1.3,v2at303,policy-vs-policy,60,1.0,4872.377051666667,v2rl304,4569.811140000001,6.620971904468387,1.066209719044684,60,60,302.56591166666686,193.62014808333234,415.48861929166753,45.69811140000001,1.6069434133490493e-07,2.089026437353764e-06,worse,0
gen_utarget,u_target=1.3,v2rl301,policy-vs-policy,60,1.0,4921.236033333334,v2rl304,4569.811140000001,7.69014041427832,1.0769014041427831,60,60,351.4248933333336,147.4240600000006,597.0963187500016,45.69811140000001,0.00012866681853853162,0.0011580013668467846,worse,0
gen_utarget,u_target=1.3,v2at306,policy-vs-policy,60,1.0,5314.826336666667,v2rl304,4569.811140000001,16.30297563383913,1.1630297563383913,60,60,745.0151966666668,591.8243517916662,902.7612305833336,45.69811140000001,9.076696935103127e-10,1.4522715096165003e-08,worse,0
gen_utarget,u_target=1.3,v2at309,policy-vs-policy,60,1.0,5654.2973999999995,v2rl304,4569.811140000001,23.731533465516446,1.2373153346551644,60,60,1084.4862600000001,699.497251749999,1516.2285515000003,45.69811140000001,2.1641214402421174e-09,3.0297700163389646e-08,worse,0
gen_utarget,u_target=1.3,v2at304,policy-vs-policy,60,1.0,6144.289065000001,v2rl304,4569.811140000001,34.453894849580145,1.3445389484958015,60,60,1574.4779250000001,1179.5543292500008,1994.822046208334,45.69811140000001,7.633193187178702e-11,1.2976428418203794e-09,worse,0
gen_utarget,u_target=1.3,wspt,rule-vs-policy,60,1.0,6802.922753333333,v2rl304,4569.811140000001,48.86660618831027,1.4886660618831027,60,60,2233.1116133333335,1883.7637144583332,2589.0794649583345,45.69811140000001,1.6295557943119345e-11,1.1406890560183541e-10,worse,0
gen_utarget,u_target=1.3,v2rl309,policy-vs-policy,60,1.0,6849.453018333335,v2rl304,4569.811140000001,49.884815991177575,1.4988481599117758,60,60,2279.6418783333343,1729.6080458333345,2889.0387883750013,45.69811140000001,1.6295557943119345e-11,3.5850227474862555e-10,worse,0
gen_utarget,u_target=1.3,rl302,policy-vs-policy,60,1.0,6927.335416666667,v2rl304,4569.811140000001,51.58909645151475,1.5158909645151475,60,60,2357.524276666666,1650.708196333333,3093.5708355833317,45.69811140000001,1.3116706248915898e-09,1.967505937337385e-08,worse,0
gen_utarget,u_target=1.3,v2rl303,policy-vs-policy,60,1.0,7135.676103333333,v2rl304,4569.811140000001,56.14816202958733,1.5614816202958735,60,60,2565.864963333333,1914.1338230000003,3277.272856416665,45.69811140000001,1.7141493981716166e-11,3.5850227474862555e-10,worse,0
gen_utarget,u_target=1.3,v2at305,policy-vs-policy,60,1.0,8296.763728333333,v2rl304,4569.811140000001,81.555943433,1.8155594343299999,60,60,3726.9525883333326,2732.121502374999,4813.076067999999,45.69811140000001,5.970871816020806e-11,1.074756926883745e-09,worse,0
gen_utarget,u_target=1.3,rl303,policy-vs-policy,60,1.0,9594.486271666665,v2rl304,4569.811140000001,109.95367155734719,2.099536715573472,60,60,5024.675131666666,3938.560427291667,6114.387085916665,45.69811140000001,1.6295557943119345e-11,3.5850227474862555e-10,worse,0
gen_utarget,u_target=1.3,v2at301,policy-vs-policy,60,1.0,13023.348065,v2rl304,4569.811140000001,184.98657091111207,2.8498657091111204,60,60,8453.536925,6349.000228125001,10623.05846225,45.69811140000001,1.7141493981716166e-11,3.5850227474862555e-10,worse,0
gen_utarget,u_target=1.3,random,rule-vs-policy,60,1.0,36141.300443333326,v2rl304,4569.811140000001,690.8707676556918,7.908707676556918,60,60,31571.489303333325,26216.568338999998,36896.477074833325,45.69811140000001,1.6295557943119345e-11,1.1406890560183541e-10,worse,0
gen_utarget,u_target=1.3,lpt,rule-vs-policy,60,1.0,113533.62471666667,v2rl304,4569.811140000001,2384.427063580283,24.84427063580283,60,60,108963.81357666668,91347.33095141669,126031.38629883331,45.69811140000001,1.6295557943119345e-11,1.1406890560183541e-10,worse,0
stress,campus=2|m=1.0,wmdd,rule-vs-rule,17,1.0,1218.2288470588235,wmdd,1218.2288470588235,0.0,1.0,17,17,0.0,0.0,0.0,12.182288470588235,1.0,1.0,equivalent,1
stress,campus=2|m=1.0,v2at309,policy-vs-rule,17,1.0,1220.1060352941176,wmdd,1218.2288470588235,0.15409159287487537,1.0015409159287487,17,17,1.8771882352941,-32.53418147058825,37.45844588235288,12.182288470588235,0.8139453463016609,0.960353779812154,inconclusive,0
stress,campus=2|m=1.0,v2at301,policy-vs-rule,17,1.0,1226.3899176470588,wmdd,1218.2288470588235,0.6699127678628427,1.0066991276786283,17,17,8.161070588235324,-12.49159735294117,31.4923355882354,12.182288470588235,0.480176889906077,0.960353779812154,inconclusive,0
stress,campus=2|m=1.0,atc,rule-vs-rule,17,1.0,1252.1157176470588,wmdd,1218.2288470588235,2.7816506455292496,1.0278165064552924,17,17,33.88687058823534,12.320760000000067,59.461952941176534,12.182288470588235,0.004741768038406972,0.014225304115220917,worse,0
stress,campus=2|m=1.0,wspt,rule-vs-rule,17,1.0,1291.2388588235294,wmdd,1218.2288470588235,5.993127805253867,1.0599312780525387,17,17,73.01001176470588,35.21711176470586,113.92594147058831,12.182288470588235,0.0014737808438751421,0.008842685063250852,worse,0
stress,campus=2|m=1.0,edd,rule-vs-rule,17,1.0,1311.3221411764705,wmdd,1218.2288470588235,7.641691816968763,1.0764169181696877,17,17,93.09329411764713,-17.24791117647057,242.40648529411772,12.182288470588235,0.8588630128278887,1.0,inconclusive,0
stress,campus=2|m=1.0,pfifo,rule-vs-rule,17,1.0,1311.3221411764705,wmdd,1218.2288470588235,7.641691816968763,1.0764169181696877,17,17,93.09329411764713,-16.389175882352987,241.6933029411764,12.182288470588235,0.8588630128278887,1.0,inconclusive,0
stress,campus=2|m=1.0,v2at308,policy-vs-rule,17,1.0,1319.604494117647,wmdd,1218.2288470588235,8.321560214534012,1.08321560214534,17,17,101.37564705882353,19.904746764705983,206.2252197058824,12.182288470588235,0.034170472692229406,0.30753425423006464,worse,0
stress,campus=2|m=1.0,v2rl310,policy-vs-rule,17,1.0,1324.8887411764706,wmdd,1218.2288470588235,8.755324943680055,1.0875532494368005,17,17,106.65989411764711,9.845770294117656,226.40966617647067,12.182288470588235,0.15793931050013033,0.5443895244575747,inconclusive,0
stress,campus=2|m=1.0,v2at304,policy-vs-rule,17,1.0,1341.317011764706,wmdd,1218.2288470588235,10.103862258971695,1.1010386225897169,17,17,123.08816470588242,33.49547205882369,233.41067117647077,12.182288470588235,0.027707849358079864,0.3047863429388785,worse,0
stress,campus=2|m=1.0,v2at307,policy-vs-rule,17,1.0,1361.6734941176471,wmdd,1218.2288470588235,11.774852270584697,1.117748522705847,17,17,143.4446470588235,36.7126805882353,291.7636367647059,12.182288470588235,0.015022338553107788,0.20507649812053202,worse,0
stress,campus=2|m=1.0,rl302,policy-vs-rule,17,1.0,1365.711505882353,wmdd,1218.2288470588235,12.106318051784589,1.121063180517846,17,17,147.48265882352956,14.645049705882437,324.3069455882355,12.182288470588235,0.09948088075636449,0.506276655563763,worse,0
stress,campus=2|m=1.0,v2at306,policy-vs-rule,17,1.0,1372.5512588235295,wmdd,1218.2288470588235,12.667768632904023,1.1266776863290402,17,17,154.32241176470586,26.40667647058823,323.0881338235292,12.182288470588235,0.034170472692229406,0.30753425423006464,worse,0
stress,campus=2|m=1.0,v2rl302,policy-vs-rule,17,1.0,1420.4514,wmdd,1218.2288470588235,16.599717978227446,1.1659971797822744,17,17,202.22255294117647,67.39359117647068,367.7740394117647,12.182288470588235,0.012063323418854825,0.20507649812053202,worse,0
stress,campus=2|m=1.0,v2at303,policy-vs-rule,17,1.0,1440.5019882352942,wmdd,1218.2288470588235,18.24559824807186,1.1824559824807186,17,17,222.27314117647057,20.456404705882345,564.9837108823529,12.182288470588235,0.046399461870904636,0.32479623309633243,worse,0
stress,campus=2|m=1.0,v2rl304,policy-vs-rule,17,1.0,1447.7240823529412,wmdd,1218.2288470588235,18.8384338335272,1.188384338335272,17,17,229.49523529411763,33.03737205882359,520.3425738235293,12.182288470588235,0.08437944259396049,0.506276655563763,worse,0
stress,campus=2|m=1.0,v2rl309,policy-vs-rule,17,1.0,1453.0060823529411,wmdd,1218.2288470588235,19.272014109741498,1.192720141097415,17,17,234.7772352941176,57.099894117647096,525.7912141176469,12.182288470588235,0.012063323418854825,0.20507649812053202,worse,0
stress,campus=2|m=1.0,v2rl308,policy-vs-rule,17,1.0,1494.2145294117647,wmdd,1218.2288470588235,22.654666487274124,1.2265466648727412,17,17,275.98568235294124,15.247808823529455,683.8380873529409,12.182288470588235,0.13609738111439368,0.5443895244575747,worse,0
stress,campus=2|m=1.0,rl301,policy-vs-rule,17,1.0,1573.1152235294119,wmdd,1218.2288470588235,29.131339101630417,1.2913133910163042,17,17,354.8863764705883,79.73864941176484,757.9843655882353,12.182288470588235,0.009632975772588674,0.17339356390659613,worse,0
stress,campus=2|m=1.0,v2at310,policy-vs-rule,17,1.0,1602.9145529411765,wmdd,1218.2288470588235,31.577458275684556,1.3157745827568454,17,17,384.685705882353,89.71188529411775,791.9126770588233,12.182288470588235,0.018602929901135743,0.22323515881362893,worse,0
stress,campus=2|m=1.0,random,rule-vs-rule,17,1.0,1636.0305647058824,wmdd,1218.2288470588235,34.2958319084103,1.342958319084103,17,17,417.80171764705887,215.39784558823533,661.251451764706,12.182288470588235,0.0018714329102470324,0.009357164551235163,worse,0
stress,campus=2|m=1.0,v2at302,policy-vs-rule,17,1.0,1642.0141647058826,wmdd,1218.2288470588235,34.787003991097926,1.3478700399109793,17,17,423.78531764705895,107.72284294117655,845.7850576470586,12.182288470588235,0.0280561241492436,0.3047863429388785,worse,0
stress,campus=2|m=1.0,v2rl305,policy-vs-rule,17,1.0,1720.644105882353,wmdd,1218.2288470588235,41.24145147576446,1.4124145147576446,17,17,502.4152588235294,188.44146500000002,917.3618438235292,12.182288470588235,0.004741768038406972,0.09957712880654643,worse,0
stress,campus=2|m=1.0,v2rl307,policy-vs-rule,17,1.0,1751.246494117647,wmdd,1218.2288470588235,43.75349084416207,1.4375349084416207,17,17,533.0176470588236,193.12754735294124,968.1324120588234,12.182288470588235,0.012063323418854825,0.20507649812053202,worse,0
stress,campus=2|m=1.0,v2at305,policy-vs-rule,17,1.0,1823.9573764705883,wmdd,1218.2288470588235,49.72206419788684,1.4972206419788683,17,17,605.7285294117648,239.81481735294122,1061.3837620588235,12.182288470588235,0.004741768038406972,0.09957712880654643,worse,0
stress,campus=2|m=1.0,rl303,policy-vs-rule,17,1.0,1843.148317647059,wmdd,1218.2288470588235,51.297379149819186,1.5129737914981918,17,17,624.9194705882354,252.20824441176478,1121.5070570588236,12.182288470588235,0.0028734139278525227,0.06608852034060803,worse,0
stress,campus=2|m=1.0,v2rl301,policy-vs-rule,17,1.0,1851.2520352941178,wmdd,1218.2288470588235,51.96258402217331,1.519625840221733,17,17,633.0231882352942,225.05518117647065,1116.0518982352937,12.182288470588235,0.012063323418854825,0.20507649812053202,worse,0
stress,campus=2|m=1.0,v2rl306,policy-vs-rule,17,1.0,1863.508082352941,wmdd,1218.2288470588235,52.96863859791358,1.5296863859791359,17,17,645.2792352941175,260.127394117647,1105.5040597058812,12.182288470588235,0.004741768038406972,0.09957712880654643,worse,0
stress,campus=2|m=1.0,v2rl303,policy-vs-rule,17,1.0,2171.692823529412,wmdd,1218.2288470588235,78.26640936738134,1.7826640936738134,17,17,953.4639764705884,451.92441588235295,1507.92646,12.182288470588235,0.0028734139278525227,0.06608852034060803,worse,0
stress,campus=2|m=1.0,lpt,rule-vs-rule,17,1.0,2615.111835294117,wmdd,1218.2288470588235,114.66507229801657,2.1466507229801657,17,17,1396.8829882352936,683.1075429411763,2224.13401352941,12.182288470588235,0.0018714329102470324,0.009357164551235163,worse,0
transfer,campus=1|m=1.0,atc,rule-vs-rule,30,1.0,80.41734666666666,atc,80.41734666666666,0.0,1.0,30,30,0.0,0.0,0.0,1.0,1.0,1.0,equivalent,1
transfer,campus=1|m=1.0,edd,rule-vs-rule,30,1.0,80.41734666666666,atc,80.41734666666666,0.0,1.0,30,30,0.0,0.0,0.0,1.0,1.0,1.0,equivalent,1
transfer,campus=1|m=1.0,lpt,rule-vs-rule,30,1.0,80.41734666666666,atc,80.41734666666666,0.0,1.0,30,30,0.0,0.0,0.0,1.0,1.0,1.0,equivalent,1
transfer,campus=1|m=1.0,pfifo,rule-vs-rule,30,1.0,80.41734666666666,atc,80.41734666666666,0.0,1.0,30,30,0.0,0.0,0.0,1.0,1.0,1.0,equivalent,1
transfer,campus=1|m=1.0,rl301,policy-vs-rule,30,1.0,80.41734666666666,atc,80.41734666666666,0.0,1.0,30,30,0.0,0.0,0.0,1.0,1.0,1.0,equivalent,1
transfer,campus=1|m=1.0,rl302,policy-vs-rule,30,1.0,80.41734666666666,atc,80.41734666666666,0.0,1.0,30,30,0.0,0.0,0.0,1.0,1.0,1.0,equivalent,1
transfer,campus=1|m=1.0,rl303,policy-vs-rule,30,1.0,80.41734666666666,atc,80.41734666666666,0.0,1.0,30,30,0.0,0.0,0.0,1.0,1.0,1.0,equivalent,1
transfer,campus=1|m=1.0,v2at301,policy-vs-rule,30,1.0,80.41734666666666,atc,80.41734666666666,0.0,1.0,30,30,0.0,0.0,0.0,1.0,1.0,1.0,equivalent,1
transfer,campus=1|m=1.0,v2at302,policy-vs-rule,30,1.0,80.41734666666666,atc,80.41734666666666,0.0,1.0,30,30,0.0,0.0,0.0,1.0,1.0,1.0,equivalent,1
transfer,campus=1|m=1.0,v2at304,policy-vs-rule,30,1.0,80.41734666666666,atc,80.41734666666666,0.0,1.0,30,30,0.0,0.0,0.0,1.0,1.0,1.0,equivalent,1
transfer,campus=1|m=1.0,v2at305,policy-vs-rule,30,1.0,80.41734666666666,atc,80.41734666666666,0.0,1.0,30,30,0.0,0.0,0.0,1.0,1.0,1.0,equivalent,1
transfer,campus=1|m=1.0,v2at306,policy-vs-rule,30,1.0,80.41734666666666,atc,80.41734666666666,0.0,1.0,30,30,0.0,0.0,0.0,1.0,1.0,1.0,equivalent,1
transfer,campus=1|m=1.0,v2at307,policy-vs-rule,30,1.0,80.41734666666666,atc,80.41734666666666,0.0,1.0,30,30,0.0,0.0,0.0,1.0,1.0,1.0,equivalent,1
transfer,campus=1|m=1.0,v2at308,policy-vs-rule,30,1.0,80.41734666666666,atc,80.41734666666666,0.0,1.0,30,30,0.0,0.0,0.0,1.0,1.0,1.0,equivalent,1
transfer,campus=1|m=1.0,v2at309,policy-vs-rule,30,1.0,80.41734666666666,atc,80.41734666666666,0.0,1.0,30,30,0.0,0.0,0.0,1.0,1.0,1.0,equivalent,1
transfer,campus=1|m=1.0,v2at310,policy-vs-rule,30,1.0,80.41734666666666,atc,80.41734666666666,0.0,1.0,30,30,0.0,0.0,0.0,1.0,1.0,1.0,equivalent,1
transfer,campus=1|m=1.0,v2rl301,policy-vs-rule,30,1.0,80.41734666666666,atc,80.41734666666666,0.0,1.0,30,30,0.0,0.0,0.0,1.0,1.0,1.0,equivalent,1
transfer,campus=1|m=1.0,v2rl302,policy-vs-rule,30,1.0,80.41734666666666,atc,80.41734666666666,0.0,1.0,30,30,0.0,0.0,0.0,1.0,1.0,1.0,equivalent,1
transfer,campus=1|m=1.0,v2rl303,policy-vs-rule,30,1.0,80.41734666666666,atc,80.41734666666666,0.0,1.0,30,30,0.0,0.0,0.0,1.0,1.0,1.0,equivalent,1
transfer,campus=1|m=1.0,v2rl304,policy-vs-rule,30,1.0,80.41734666666666,atc,80.41734666666666,0.0,1.0,30,30,0.0,0.0,0.0,1.0,1.0,1.0,equivalent,1
transfer,campus=1|m=1.0,v2rl305,policy-vs-rule,30,1.0,80.41734666666666,atc,80.41734666666666,0.0,1.0,30,30,0.0,0.0,0.0,1.0,1.0,1.0,equivalent,1
transfer,campus=1|m=1.0,v2rl306,policy-vs-rule,30,1.0,80.41734666666666,atc,80.41734666666666,0.0,1.0,30,30,0.0,0.0,0.0,1.0,1.0,1.0,equivalent,1
transfer,campus=1|m=1.0,v2rl307,policy-vs-rule,30,1.0,80.41734666666666,atc,80.41734666666666,0.0,1.0,30,30,0.0,0.0,0.0,1.0,1.0,1.0,equivalent,1
transfer,campus=1|m=1.0,v2rl308,policy-vs-rule,30,1.0,80.41734666666666,atc,80.41734666666666,0.0,1.0,30,30,0.0,0.0,0.0,1.0,1.0,1.0,equivalent,1
transfer,campus=1|m=1.0,v2rl309,policy-vs-rule,30,1.0,80.41734666666666,atc,80.41734666666666,0.0,1.0,30,30,0.0,0.0,0.0,1.0,1.0,1.0,equivalent,1
transfer,campus=1|m=1.0,v2rl310,policy-vs-rule,30,1.0,80.41734666666666,atc,80.41734666666666,0.0,1.0,30,30,0.0,0.0,0.0,1.0,1.0,1.0,equivalent,1
transfer,campus=1|m=1.0,wmdd,rule-vs-rule,30,1.0,80.41734666666666,atc,80.41734666666666,0.0,1.0,30,30,0.0,0.0,0.0,1.0,1.0,1.0,equivalent,1
transfer,campus=1|m=1.0,v2at303,policy-vs-rule,30,1.0,80.42038666666667,atc,80.41734666666666,0.0037802789149631363,1.0000378027891497,30,30,0.003040000000000494,0.0,0.009120000000001483,1.0,0.31731050786291415,1.0,equivalent,1
transfer,campus=1|m=1.0,random,rule-vs-rule,30,1.0,81.12109333333333,atc,80.41734666666666,0.8751179886396084,1.0087511798863962,30,30,0.7037466666666667,0.0,1.7748666666666664,1.0,0.17971249487899976,1.0,inconclusive,0
transfer,campus=1|m=1.0,wspt,rule-vs-rule,30,1.0,81.29713333333332,atc,80.41734666666666,1.0940259821222578,1.0109402598212225,30,30,0.8797866666666664,0.0,2.292906666666666,1.0,0.17971249487899976,1.0,inconclusive,0
