scope_type,scope,family,reference,set_rankable,n_configs,n_clusters,mean_edd,mean_family,mean_diff,ci_lo,ci_hi,margin,wilcoxon_p,holm_p,verdict,mean_own,best_family,mean_best,pct_from_best,n_configs_vs_best,n_clusters_vs_best,diff_vs_best,ci_lo_vs_best,ci_hi_vs_best,margin_vs_best,wilcoxon_p_vs_best,verdict_vs_best,in_best_set,seed_n,seed_min_mean,seed_median_mean,seed_max_mean,seed_sd,seed_spread_pct,seed_best,seed_worst
overall,ALL,pfifo,edd,0,887,527,1428.0960668545658,1428.029585005637,-0.06648184892898812,-0.2127027978846303,0.007990624023210277,14.280960668545658,0.6858304344516057,0.6858304344516057,equivalent,,,,,,,,,,,,,,,,,,,,,
overall,ALL,wspt,edd,0,887,527,1428.0960668545658,1678.3710122886132,250.2749454340474,202.13490905472597,304.5188914817001,14.280960668545658,8.901929918378347e-65,8.011736926540512e-64,worse,,,,,,,,,,,,,,,,,,,,,
overall,ALL,atc,edd,0,887,527,1428.0960668545658,1436.440227395716,8.34416054115001,1.9747982315489236,14.142974581425772,14.280960668545658,7.35902745760126e-20,2.2077082372803783e-19,equivalent,,,,,,,,,,,,,,,,,,,,,
overall,ALL,wmdd,edd,0,887,527,1428.0960668545658,1434.3142735062006,6.218206651634689,-0.2997476526147132,11.92976030406361,14.280960668545658,1.24992440898752e-18,2.49984881797504e-18,equivalent,,,,,,,,,,,,,,,,,,,,,
overall,ALL,lpt,edd,0,887,527,1428.0960668545658,14898.353685907554,13470.257619052987,11052.645290110064,16122.366224748537,14.280960668545658,2.5519063043943776e-60,1.5311437826366265e-59,worse,,,,,,,,,,,,,,,,,,,,,
overall,ALL,random,edd,0,887,527,1428.0960668545658,4790.174193686584,3362.0781268320175,2693.3347075107285,4108.477936877758,14.280960668545658,6.103514096208877e-63,4.272459867346214e-62,worse,,,,,,,,,,,,,,,,,,,,,
overall,ALL,mlp_pool,edd,0,887,527,1428.0960668545658,1483.0436791544532,54.94761229988731,39.68300754749711,72.71658390696184,14.280960668545658,1.814677334847365e-27,7.25870933938946e-27,worse,,,,,,,,,,,,,,10.0,1425.73302367531,1447.3705669673054,1662.1289125140925,86.9511672743064,16.58065604943286,v2rl310,v2rl303
overall,ALL,attn_pool,edd,0,887,527,1428.0960668545658,1633.6407220293124,205.54465517474634,168.64794248572116,246.50426427227964,14.280960668545658,9.96473213689066e-65,8.011736926540512e-64,worse,,,,,,,,,,,,,,10.0,1436.4644935738445,1489.0675482525367,2634.421790868095,370.8389903175201,83.39623448079796,v2at310,v2at301
overall,ALL,v1_pool,edd,0,887,527,1428.0960668545658,1667.489288650883,239.39322179631714,188.13838275383912,297.1298070880491,14.280960668545658,2.025879052641548e-36,1.012939526320774e-35,worse,,,,,,,,,,,,,,3.0,1431.476351296505,1673.890644193912,1897.100870462232,232.87825408712985,32.52757328083034,rl301,rl303
overall,ALL,rollcp2,edd,0,160,64,515.9453837499999,510.40927375,-5.536109999999998,-16.1593942042297,1.33749915625001,5.159453837499999,0.0004931852089917846,0.0004931852089917846,inconclusive,,,,,,,,,,,,,,,,,,,,,
overall,ALL,edd,edd,0,887,527,1428.0960668545658,1428.0960668545658,0.0,0.0,0.0,14.280960668545658,1.0,1.0,reference,,,,,,,,,,,,,,,,,,,,,
emp_m,m=1.0,pfifo,edd,1,180,180,444.8689277777778,444.8689277777778,0.0,0.0,0.0,4.4486892777777785,1.0,1.0,equivalent,444.8689277777778,mlp_pool,444.7692744444445,0.02240562445726439,180.0,180.0,0.09965333333333001,-0.02287220555556147,0.257088533333332,4.447692744444446,0.6009589593685324,equivalent,1.0,,,,,,,,
emp_m,m=1.0,wspt,edd,1,180,180,444.8689277777778,446.6459477777778,1.7770200000000016,0.8064506111111106,2.9670826111111106,4.4486892777777785,3.072115880664133e-05,0.000276490429259772,equivalent,446.6459477777778,mlp_pool,444.7692744444445,0.42194311549003544,180.0,180.0,1.8766733333333316,0.8743041111111088,3.103562127777783,4.447692744444446,2.272981654121265e-05,equivalent,1.0,,,,,,,,
emp_m,m=1.0,atc,edd,1,180,180,444.8689277777778,445.5551500000001,0.6862222222222215,0.17484000000000038,1.3405241666666643,4.4486892777777785,0.017290280592906253,0.10374168355743751,equivalent,445.55514999999997,mlp_pool,444.7692744444445,0.17669286093044964,180.0,180.0,0.7858755555555516,0.206786938888885,1.5070274333333293,4.447692744444446,0.3388634843676721,equivalent,1.0,,,,,,,,
emp_m,m=1.0,wmdd,edd,1,180,180,444.8689277777778,445.3319900000001,0.4630622222222251,0.10517333333333327,0.9378005555555572,4.4486892777777785,0.043114446783075355,0.21557223391537678,equivalent,445.33198999999996,mlp_pool,444.7692744444445,0.12651853171700445,180.0,180.0,0.5627155555555551,0.1273572111111153,1.1178766666666662,4.447692744444446,0.5253644261147148,equivalent,1.0,,,,,,,,
emp_m,m=1.0,lpt,edd,1,180,180,444.8689277777778,445.5785988888889,0.70967111111111,-0.07620227777778207,2.107501388888894,4.4486892777777785,0.1823383541807685,0.729353416723074,equivalent,445.5785988888889,mlp_pool,444.7692744444445,0.1819650076897386,180.0,180.0,0.8093244444444401,0.03471349444443984,2.2498342388888926,4.447692744444446,0.10395918339133761,equivalent,1.0,,,,,,,,
emp_m,m=1.0,random,edd,1,180,180,444.8689277777778,446.3160666666667,1.4471388888888845,0.4718036388888853,2.8144874166666654,4.4486892777777785,0.00025021619831076065,0.0020017295864860852,equivalent,446.3160666666667,mlp_pool,444.7692744444445,0.34777407323253184,180.0,180.0,1.5467922222222146,0.5338108222222169,2.964390427777775,4.447692744444446,8.492017308270738e-05,equivalent,1.0,,,,,,,,
emp_m,m=1.0,mlp_pool,edd,1,180,180,444.8689277777778,444.76927444444453,-0.09965333333333001,-0.26032747777777454,0.024417238888889668,4.4486892777777785,0.6009589593685324,1.0,equivalent,444.7692744444445,mlp_pool,444.7692744444445,0.0,180.0,180.0,0.0,0.0,0.0,4.447692744444445,1.0,equivalent,1.0,10.0,444.68101666666666,444.75818777777783,444.95305222222225,0.08050311731987342,0.06117543707955253,v2rl302,v2rl309
emp_m,m=1.0,attn_pool,edd,1,180,180,444.8689277777778,445.26791222222226,0.39898444444444825,0.06656556111111486,0.8345761055555554,4.4486892777777785,0.005402904847771946,0.03782033393440362,equivalent,445.2679122222222,mlp_pool,444.7692744444445,0.11211156130345844,180.0,180.0,0.4986377777777782,0.12881139444443956,1.0022526833333396,4.447692744444446,0.0008918026969621409,equivalent,1.0,10.0,444.71602444444443,445.25160944444445,445.8835966666666,0.3954489245220185,0.26254332159061367,v2at302,v2at301
emp_m,m=1.0,v1_pool,edd,1,180,180,444.8689277777778,444.80985370370377,-0.05907407407407703,-0.20152188888889727,0.07346279629629461,4.4486892777777785,0.20917434878385366,0.729353416723074,equivalent,444.80985370370365,mlp_pool,444.7692744444445,0.009123665142980523,180.0,180.0,0.04057925925925299,-0.03008466666666777,0.1332612574073971,4.447692744444446,0.22916285462135044,equivalent,1.0,3.0,444.7627211111111,444.76439444444446,444.9024455555555,0.08019126064057144,0.03141550265168824,rl301,rl303
emp_m,m=1.0,rollcp2,edd,0,48,48,505.82771249999996,505.80811666666676,-0.019595833333321266,-0.1450474999999873,0.05329395833337911,5.058277125,0.0006916092756661167,0.0006916092756661167,equivalent,,,,,,,,,,,,,,,,,,,,,
emp_m,m=1.0,edd,edd,1,180,180,444.8689277777778,444.8689277777778,0.0,0.0,0.0,4.4486892777777785,1.0,1.0,reference,444.8689277777778,mlp_pool,444.7692744444445,0.02240562445726439,180.0,180.0,0.09965333333333001,-0.022876288888900278,0.25212089999999976,4.447692744444446,0.6009589593685324,equivalent,1.0,,,,,,,,
emp_m,m=0.8,pfifo,edd,1,180,180,446.6359855555555,446.6359855555555,0.0,0.0,0.0,4.466359855555555,1.0,1.0,equivalent,446.6359855555556,v1_pool,446.3757633333334,0.058296673699073646,180.0,180.0,0.2602222222222278,0.003320407407424874,0.5547296666666691,4.463757633333334,0.01438819879662623,equivalent,1.0,,,,,,,,
emp_m,m=0.8,wspt,edd,1,180,180,446.6359855555555,450.36247,3.726484444444435,2.182704305555553,5.5673639999999915,4.466359855555555,2.4735962576351706e-07,2.2262366318716536e-06,inconclusive,450.36247000000003,v1_pool,446.3757633333334,0.8931279415566165,180.0,180.0,3.9867066666666626,2.339699944444442,5.937044055555531,4.463757633333334,2.0415700579766923e-08,inconclusive,0.0,,,,,,,,
emp_m,m=0.8,atc,edd,1,180,180,446.6359855555555,448.1663633333332,1.530377777777769,0.5274171666666684,2.756036583333318,4.466359855555555,0.0023655770533978757,0.014193462320387255,equivalent,448.1663633333333,v1_pool,446.3757633333334,0.40114185112303846,180.0,180.0,1.7905999999999964,0.6997683518518544,3.1096038333333262,4.463757633333334,4.8498817042630433e-05,equivalent,1.0,,,,,,,,
emp_m,m=0.8,wmdd,edd,1,180,180,446.6359855555555,447.546668888889,0.9106833333333355,0.32232688888888894,1.6625650277777875,4.466359855555555,0.005033508200606249,0.025167541003031247,equivalent,447.54666888888886,v1_pool,446.3757633333334,0.2623138735875058,180.0,180.0,1.1709055555555634,0.44425413888890025,2.0316537592592696,4.463757633333334,0.0006469159440025263,equivalent,1.0,,,,,,,,
emp_m,m=0.8,lpt,edd,1,180,180,446.6359855555555,455.3309055555556,8.69492,1.1445353055555556,20.200114749999987,4.466359855555555,0.0176206611104818,0.05755279518650492,inconclusive,455.33090555555555,v1_pool,446.3757633333334,2.006189170162192,180.0,180.0,8.955142222222227,1.3072519629629644,20.708313944444445,4.463757633333334,0.0022597509547453627,inconclusive,0.0,,,,,,,,
emp_m,m=0.8,random,edd,1,180,180,446.6359855555555,450.5859366666666,3.949951111111111,1.5798970555555576,7.260414305555555,4.466359855555555,6.9487600923465525e-06,5.559008073877242e-05,inconclusive,450.5859366666667,v1_pool,446.3757633333334,0.9431903967844601,180.0,180.0,4.210173333333339,1.6891287592592719,7.589816962962966,4.463757633333334,1.68609920445769e-06,inconclusive,0.0,,,,,,,,
emp_m,m=0.8,mlp_pool,edd,1,180,180,446.6359855555555,446.48986288888887,-0.1461226666666645,-0.5080279944444414,0.27441538888889094,4.466359855555555,0.2667702324557396,0.5335404649114792,equivalent,446.48986288888887,v1_pool,446.3757633333334,0.025561324096860776,180.0,180.0,0.11409955555556327,-0.21594387222221284,0.5748965037037064,4.463757633333334,0.09847993233824166,equivalent,1.0,10.0,446.2874366666666,446.3479011111111,447.14385666666664,0.2765916601499792,0.19189874722815858,v2rl301,v2rl309
emp_m,m=0.8,attn_pool,edd,1,180,180,446.6359855555555,447.6883984444445,1.0524128888888917,0.3439700055555597,1.952417780555558,4.466359855555555,0.000139005036374323,0.000973035254620261,equivalent,447.6883984444445,v1_pool,446.3757633333334,0.29406504988284393,180.0,180.0,1.3126351111111196,0.5211587101851932,2.2958480259259306,4.463757633333334,8.393977109561893e-08,equivalent,1.0,10.0,446.26811,447.7690611111111,449.8277633333334,1.0126290950518286,0.7976490485357424,v2at302,v2at301
emp_m,m=0.8,v1_pool,edd,1,180,180,446.6359855555555,446.3757633333334,-0.2602222222222278,-0.5545668240740702,-0.004339259259263195,4.466359855555555,0.01438819879662623,0.05755279518650492,equivalent,446.3757633333334,v1_pool,446.3757633333334,0.0,180.0,180.0,0.0,0.0,0.0,4.463757633333334,1.0,equivalent,1.0,3.0,446.2138077777778,446.31804555555556,446.59543666666667,0.19725277846546296,0.08552601516063074,rl301,rl303
emp_m,m=0.8,rollcp2,edd,0,48,48,506.54738333333336,506.0364666666667,-0.5109166666666655,-1.33013729166667,0.06076729166666382,5.065473833333334,0.028524000718169275,0.028524000718169275,equivalent,,,,,,,,,,,,,,,,,,,,,
emp_m,m=0.8,edd,edd,1,180,180,446.6359855555555,446.6359855555555,0.0,0.0,0.0,4.466359855555555,1.0,1.0,reference,446.6359855555556,v1_pool,446.3757633333334,0.058296673699073646,180.0,180.0,0.2602222222222278,0.00571853703703732,0.5490877314814855,4.463757633333334,0.01438819879662623,equivalent,1.0,,,,,,,,
emp_m,m=0.6,pfifo,edd,1,180,180,451.7136088888889,451.7136088888889,0.0,0.0,0.0,4.517136088888889,1.0,1.0,equivalent,451.7136088888889,v1_pool,450.8719585185185,0.1866717045646226,180.0,180.0,0.8416503703703653,-0.5144788518518449,2.2946924814814946,4.508719585185186,0.06684468354013212,equivalent,1.0,,,,,,,,
emp_m,m=0.6,wspt,edd,1,180,180,451.7136088888889,463.7768022222222,12.063193333333338,6.457269861111109,18.99051905555556,4.517136088888889,1.3715752508367479e-09,1.234417725753073e-08,worse,463.7768022222222,v1_pool,450.8719585185185,2.862197007351405,180.0,180.0,12.9048437037037,7.018207925925917,19.786336120370365,4.508719585185186,3.212545933261972e-10,worse,0.0,,,,,,,,
emp_m,m=0.6,atc,edd,1,180,180,451.7136088888889,456.44054111111114,4.726932222222232,1.8405593333333345,8.070829722222243,4.517136088888889,0.00011890609974290849,0.00047562439897163395,inconclusive,456.44054111111114,v1_pool,450.8719585185185,1.2350696217369477,180.0,180.0,5.568582592592598,2.3193860740740746,9.311428138888914,4.508719585185186,2.8202631770611356e-05,inconclusive,0.0,,,,,,,,
emp_m,m=0.6,wmdd,edd,1,180,180,451.7136088888889,455.0836822222222,3.3700733333333304,1.6959803611111073,5.341586583333323,4.517136088888889,1.821529714896801e-05,9.107648574484004e-05,inconclusive,455.0836822222222,v1_pool,450.8719585185185,0.9341285533796834,180.0,180.0,4.211723703703695,1.9819678333333275,6.771143333333331,4.508719585185186,3.015244097701224e-05,inconclusive,0.0,,,,,,,,
emp_m,m=0.6,lpt,edd,1,180,180,451.7136088888889,536.7492233333334,85.03561444444443,19.51414861111111,190.06017444444439,4.517136088888889,1.2499734857520773e-05,7.499840914512464e-05,worse,536.7492233333334,v1_pool,450.8719585185185,19.0469296642425,180.0,180.0,85.87726481481481,19.98135307407407,193.16378171296287,4.508719585185186,4.378281444595327e-07,worse,0.0,,,,,,,,
emp_m,m=0.6,random,edd,1,180,180,451.7136088888889,479.31515777777776,27.60154888888888,7.746442999999997,64.16067377777777,4.517136088888889,1.1957750927807627e-08,9.566200742246102e-08,worse,479.3151577777778,v1_pool,450.8719585185185,6.308487081946362,180.0,180.0,28.44319925925926,8.46354099074073,62.915679416666634,4.508719585185186,2.7557921804979795e-09,worse,0.0,,,,,,,,
emp_m,m=0.6,mlp_pool,edd,1,180,180,451.7136088888889,451.31821500000007,-0.3953938888888819,-1.746209855555552,1.0218538833333284,4.517136088888889,0.21165437807736898,0.42330875615473795,equivalent,451.31821500000007,v1_pool,450.8719585185185,0.09897632200234208,180.0,180.0,0.4462564814814833,-0.09368239444444325,1.0421757305555623,4.508719585185186,0.02278402370181374,equivalent,1.0,10.0,450.2457377777778,450.7711411111111,453.91020555555554,1.3191790997095927,0.8138817250917363,v2rl302,v2rl306
emp_m,m=0.6,attn_pool,edd,1,180,180,451.7136088888889,455.55234311111104,3.838734222222217,1.3042425833333327,7.040137813888879,4.517136088888889,1.6006157433507811e-06,1.1204310203455469e-05,inconclusive,455.5523431111111,v1_pool,450.8719585185185,1.0380740039747565,180.0,180.0,4.680384592592583,2.1569375194444325,7.767745333333326,4.508719585185186,1.0261760393208352e-08,inconclusive,0.0,10.0,450.73348,455.4848644444445,460.80076,3.100781306018729,2.2335327741795474,v2at302,v2at301
emp_m,m=0.6,v1_pool,edd,1,180,180,451.7136088888889,450.87195851851857,-0.8416503703703653,-2.2697543240740714,0.4960714907407435,4.517136088888889,0.06684468354013212,0.20053405062039636,equivalent,450.8719585185185,v1_pool,450.8719585185185,0.0,180.0,180.0,0.0,0.0,0.0,4.508719585185185,1.0,equivalent,1.0,3.0,449.76718111111114,451.1882166666667,451.66047777777777,0.985473226021546,0.4209503819263549,rl301,rl303
emp_m,m=0.6,rollcp2,edd,0,48,48,510.69773333333325,510.04646249999996,-0.6512708333333269,-1.9964078124999853,0.3929163541666664,5.106977333333332,0.17021959595917513,0.17021959595917513,equivalent,,,,,,,,,,,,,,,,,,,,,
emp_m,m=0.6,edd,edd,1,180,180,451.7136088888889,451.7136088888889,0.0,0.0,0.0,4.517136088888889,1.0,1.0,reference,451.7136088888889,v1_pool,450.8719585185185,0.1866717045646226,180.0,180.0,0.8416503703703653,-0.5222087222222291,2.2827543333333264,4.508719585185186,0.06684468354013212,equivalent,1.0,,,,,,,,
emp_ubin,u_bin=<0.5,pfifo,edd,1,180,85,249.0512566666667,249.0512566666667,0.0,0.0,0.0,2.4905125666666668,1.0,1.0,equivalent,249.05125666666666,edd,249.05125666666666,0.0,180.0,85.0,0.0,0.0,0.0,2.4905125666666668,1.0,equivalent,1.0,,,,,,,,
emp_ubin,u_bin=<0.5,wspt,edd,1,180,85,249.0512566666667,250.41222333333337,1.3609666666666678,0.4445657952257701,2.513273305760417,2.4905125666666668,0.00019540793740897315,0.0017586714366807585,inconclusive,250.41222333333332,edd,249.05125666666666,0.5464604695764256,180.0,85.0,1.3609666666666678,0.4274015826876838,2.5200075406698588,2.4905125666666668,0.00019540793740897315,inconclusive,0.0,,,,,,,,
emp_ubin,u_bin=<0.5,atc,edd,1,180,85,249.0512566666667,249.57915222222226,0.5278955555555563,0.03910071384233396,1.235886774506007,2.4905125666666668,0.027707849358079864,0.16624709614847918,equivalent,249.57915222222223,edd,249.05125666666666,0.21196261469265182,180.0,85.0,0.5278955555555563,0.03888888888888889,1.2311608305647856,2.4905125666666668,0.027707849358079864,equivalent,1.0,,,,,,,,
emp_ubin,u_bin=<0.5,wmdd,edd,1,180,85,249.0512566666667,249.56140111111114,0.5101444444444471,0.0446927374301676,1.2242277243836752,2.4905125666666668,0.027707849358079864,0.16624709614847918,equivalent,249.5614011111111,edd,249.05125666666666,0.2048351216019895,180.0,85.0,0.5101444444444471,0.043950039032006255,1.24174318181819,2.4905125666666668,0.027707849358079864,equivalent,1.0,,,,,,,,
emp_ubin,u_bin=<0.5,lpt,edd,1,180,85,249.0512566666667,249.3015388888889,0.2502822222222218,0.010108278246752667,0.6931050319921239,2.4905125666666668,0.11585149752593009,0.46340599010372036,equivalent,249.3015388888889,edd,249.05125666666666,0.10049426193308474,180.0,85.0,0.2502822222222218,0.010186060687272395,0.6919765998396138,2.4905125666666668,0.11585149752593009,equivalent,1.0,,,,,,,,
emp_ubin,u_bin=<0.5,random,edd,1,180,85,249.0512566666667,249.84987444444445,0.798617777777778,0.23714292586304475,1.5274254496047432,2.4905125666666668,0.0022090203462313877,0.015463142423619713,equivalent,249.84987444444445,edd,249.05125666666666,0.3206640225255609,180.0,85.0,0.798617777777778,0.2268034346906399,1.5093095953757227,2.4905125666666668,0.0022090203462313877,equivalent,1.0,,,,,,,,
emp_ubin,u_bin=<0.5,mlp_pool,edd,1,180,85,249.0512566666667,249.05353,0.0022733333333385354,-0.10302521946454025,0.08453817655917217,2.4905125666666668,0.21312246884125097,0.6393674065237529,equivalent,249.05353,edd,249.05125666666666,0.0009127973750309406,180.0,85.0,0.0022733333333385354,-0.1048087560439487,0.08181430224719674,2.4905125666666668,0.21312246884125097,equivalent,1.0,10.0,248.96509444444447,249.02317,249.21915666666666,0.08814818118734943,0.1020473262684174,v2rl302,v2rl306
emp_ubin,u_bin=<0.5,attn_pool,edd,1,180,85,249.0512566666667,249.4760942222222,0.42483755555556335,0.0967449218123514,0.8727087299196943,2.4905125666666668,0.0006516660806139112,0.00521332864491129,equivalent,249.47609422222223,edd,249.05125666666666,0.17058237779710447,180.0,85.0,0.42483755555556335,0.08681107276863984,0.8551133559541466,2.4905125666666668,0.0006516660806139112,equivalent,1.0,10.0,248.9815377777778,249.61165111111112,249.86541222222223,0.3359830397508459,0.35499597774728553,v2at302,v2at301
emp_ubin,u_bin=<0.5,v1_pool,edd,1,180,85,249.0512566666667,249.06164629629632,0.010389629629631731,-0.08019319050687217,0.12419900177562798,2.4905125666666668,0.7150006546880893,1.0,equivalent,249.06164629629632,edd,249.05125666666666,0.004171683278660364,180.0,85.0,0.010389629629631731,-0.08359418587975506,0.12417525911330154,2.4905125666666668,0.7150006546880893,equivalent,1.0,3.0,248.96509444444447,249.0227522222222,249.19709222222224,0.12079033062301073,0.09318486123344183,rl302,rl303
emp_ubin,u_bin=<0.5,rollcp2,edd,0,54,27,321.1507592592593,321.20141481481477,0.050655555555551846,-0.12394855125725082,0.23475937430477825,3.211507592592593,5.972640243812133e-05,5.972640243812133e-05,equivalent,,,,,,,,,,,,,,,,,,,,,
emp_ubin,u_bin=<0.5,edd,edd,1,180,85,249.05125666666666,249.05125666666666,0.0,0.0,0.0,2.4905125666666668,1.0,1.0,reference,249.05125666666666,edd,249.05125666666666,0.0,180.0,85.0,0.0,0.0,0.0,2.4905125666666668,1.0,equivalent,1.0,,,,,,,,
emp_ubin,u_bin=0.5-0.8,pfifo,edd,1,152,103,687.4565263157896,687.4565263157896,0.0,0.0,0.0,6.874565263157896,1.0,1.0,equivalent,687.4565263157896,mlp_pool,686.955832631579,0.07288586258777321,152.0,103.0,0.5006936842105245,-0.14742352136054643,1.2473323829215888,6.869558326315789,0.11907362445115961,equivalent,1.0,,,,,,,,
emp_ubin,u_bin=0.5-0.8,wspt,edd,1,152,103,687.4565263157896,692.7714986842105,5.314972368421046,1.9580491512345624,10.066506232876696,6.874565263157896,1.2908334475869406e-06,1.1617501028282465e-05,inconclusive,692.7714986842105,mlp_pool,686.955832631579,0.8465851480368041,152.0,103.0,5.81566605263157,1.9815611866603489,11.023814699220772,6.869558326315789,1.1840358330164846e-06,inconclusive,0.0,,,,,,,,
emp_ubin,u_bin=0.5-0.8,atc,edd,1,152,103,687.4565263157896,689.9868828947368,2.5303565789473668,0.536419292929296,5.338120399999998,6.874565263157896,0.0008052762369668134,0.00483165742180088,equivalent,689.9868828947368,mlp_pool,686.955832631579,0.44122927838701037,152.0,103.0,3.031050263157891,0.5524191950529742,6.235471247459148,6.869558326315789,0.005469344169613165,equivalent,1.0,,,,,,,,
emp_ubin,u_bin=0.5-0.8,wmdd,edd,1,152,103,687.4565263157896,689.2394947368421,1.782968421052634,0.3486058753246747,3.7247250980392135,6.874565263157896,0.0033456181158508813,0.016728090579254406,equivalent,689.2394947368421,mlp_pool,686.955832631579,0.3324321589227678,152.0,103.0,2.2836621052631587,0.4234679585126485,4.750334873440295,6.869558326315789,0.03872129228608237,equivalent,1.0,,,,,,,,
emp_ubin,u_bin=0.5-0.8,lpt,edd,1,152,103,687.4565263157896,707.2899986842104,19.83347236842105,2.3153385487528317,44.93139872942907,6.874565263157896,0.021411701897956752,0.08564680759182701,inconclusive,707.2899986842106,mlp_pool,686.955832631579,2.9600397997547736,152.0,103.0,20.334166052631574,2.526990027926958,44.7730421222222,6.869558326315789,0.004017819696394056,inconclusive,0.0,,,,,,,,
emp_ubin,u_bin=0.5-0.8,random,edd,1,152,103,687.4565263157896,693.8408565789474,6.3843302631578895,1.6874206270837904,13.262144565913527,6.874565263157896,3.410972956658962e-06,2.7287783653271697e-05,inconclusive,693.8408565789474,mlp_pool,686.955832631579,1.0022513268419813,152.0,103.0,6.885023947368414,1.789853210492137,14.035552139752706,6.869558326315789,2.5361976298103345e-06,inconclusive,0.0,,,,,,,,
emp_ubin,u_bin=0.5-0.8,mlp_pool,edd,1,152,103,687.4565263157896,686.9558326315789,-0.5006936842105245,-1.2309857749469342,0.14483490729798787,6.874565263157896,0.11907362445115961,0.23814724890231923,equivalent,686.955832631579,mlp_pool,686.955832631579,0.0,152.0,103.0,0.0,0.0,0.0,6.86955832631579,1.0,equivalent,1.0,10.0,686.4705381578948,686.8074039473684,688.0116223684211,0.4588270140783172,0.2244938602407709,v2rl303,v2rl309
emp_ubin,u_bin=0.5-0.8,attn_pool,edd,1,152,103,687.4565263157896,689.6147489473684,2.1582226315789454,0.39352399717067943,4.8370317548666195,6.874565263157896,0.0001990909855883277,0.0013936368991182939,equivalent,689.6147489473684,mlp_pool,686.955832631579,0.38705782664420374,152.0,103.0,2.6589163157894697,0.48248155467405834,5.695670139072845,6.869558326315789,1.0526619428863837e-05,equivalent,1.0,10.0,686.6463539473684,689.6831052631578,694.2396144736842,2.079812673013229,1.1058473525219936,v2at302,v2at301
emp_ubin,u_bin=0.5-0.8,v1_pool,edd,1,152,103,687.4565263157896,687.0341631578948,-0.42236315789474727,-1.0588319664502195,0.1788258173304749,6.874565263157896,0.040843580174106255,0.12253074052231877,equivalent,687.0341631578948,mlp_pool,686.955832631579,0.01140255640827736,152.0,103.0,0.07833052631577728,-0.6049615235849318,0.7742990309786151,6.869558326315789,0.3114526119855543,equivalent,1.0,3.0,686.539122368421,687.0469842105264,687.5163828947368,0.4887564000774942,0.14234593404442997,rl301,rl303
emp_ubin,u_bin=0.5-0.8,rollcp2,edd,0,47,29,797.2926893617023,796.8183234042552,-0.4743659574467983,-1.1355458619192187,0.03740541062800847,7.972926893617023,0.02414529434428439,0.02414529434428439,equivalent,,,,,,,,,,,,,,,,,,,,,
emp_ubin,u_bin=0.5-0.8,edd,edd,1,152,103,687.4565263157896,687.4565263157896,0.0,0.0,0.0,6.874565263157896,1.0,1.0,reference,687.4565263157896,mlp_pool,686.955832631579,0.07288586258777321,152.0,103.0,0.5006936842105245,-0.14518592702703106,1.2384417384737696,6.869558326315789,0.11907362445115961,equivalent,1.0,,,,,,,,
emp_ubin,u_bin=0.8-1.0,pfifo,edd,1,64,64,625.2417375,625.2417375,0.0,0.0,0.0,6.252417375,1.0,1.0,equivalent,625.2417375,v1_pool,623.3057635416667,0.31059779510668534,64.0,64.0,1.9359739583333349,0.29486875000001306,4.3134097395833315,6.233057635416667,0.023789604192528985,equivalent,1.0,,,,,,,,
emp_ubin,u_bin=0.8-1.0,wspt,edd,1,64,64,625.2417375,634.473375,9.231637499999987,2.256321953124986,17.329040312500005,6.252417375,0.0005427262946132943,0.004884536651519648,inconclusive,634.473375,v1_pool,623.3057635416667,1.7916746661988485,64.0,64.0,11.167611458333322,3.47453416666664,20.804540885416564,6.233057635416667,0.00025485671508745163,inconclusive,0.0,,,,,,,,
emp_ubin,u_bin=0.8-1.0,atc,edd,1,64,64,625.2417375,628.28586875,3.0441312499999933,-1.4873020312499892,7.703638437499966,6.252417375,0.05973901545539241,0.17921704636617725,inconclusive,628.28586875,v1_pool,623.3057635416667,0.7989826983206391,64.0,64.0,4.9801052083333275,0.15892184895835798,11.160787343750002,6.233057635416667,0.010176440395772814,inconclusive,0.0,,,,,,,,
emp_ubin,u_bin=0.8-1.0,wmdd,edd,1,64,64,625.2417375,628.198315625,2.9565781250000143,0.8642853124999981,5.540257812500013,6.252417375,0.007685794055213263,0.046114764331279576,equivalent,628.1983156250001,v1_pool,623.3057635416667,0.7849361211636426,64.0,64.0,4.892552083333349,1.4085647916666786,9.516241536458368,6.233057635416667,0.013468600262199907,inconclusive,0.0,,,,,,,,
emp_ubin,u_bin=0.8-1.0,lpt,edd,1,64,64,625.2417375,661.6025562500001,36.360818750000014,10.880033671875001,70.60878179687501,6.252417375,0.0023655770533978757,0.01655903937378513,worse,661.60255625,v1_pool,623.3057635416667,6.144142240997145,64.0,64.0,38.29679270833335,11.648119427083346,75.46910372395834,6.233057635416667,0.0005479180011768553,worse,0.0,,,,,,,,
emp_ubin,u_bin=0.8-1.0,random,edd,1,64,64,625.2417375,637.047259375,11.805521874999998,3.6824648437499987,21.970313749999995,6.252417375,0.00128324613424932,0.01026596907399456,inconclusive,637.0472593750001,v1_pool,623.3057635416667,2.204615557419723,64.0,64.0,13.741495833333333,4.806771510416674,24.474225338541647,6.233057635416667,0.0005428952606188753,inconclusive,0.0,,,,,,,,
emp_ubin,u_bin=0.8-1.0,mlp_pool,edd,1,64,64,625.2417375,624.1714662500001,-1.0702712499999893,-2.3710446953124866,0.05550814062500935,6.252417375,0.09619703646278294,0.19239407292556587,equivalent,624.17146625,v1_pool,623.3057635416667,0.13888893043669367,64.0,64.0,0.8657027083333455,0.006066481770861302,2.1265027708333815,6.233057635416667,0.04940475292575037,equivalent,1.0,10.0,622.246240625,623.5729578125,627.257353125,1.7055206532609342,0.8053262796681171,v2rl305,v2rl309
emp_ubin,u_bin=0.8-1.0,attn_pool,edd,1,64,64,625.2417375,627.5892040625,2.3474665625000015,-0.8271576718749941,5.980956664062477,6.252417375,0.009850910466175594,0.04925455233087797,equivalent,627.5892040625,v1_pool,623.3057635416667,0.6872133664374475,64.0,64.0,4.283440520833336,0.4651425989583442,9.639008005208346,6.233057635416667,0.000280582545825065,inconclusive,0.0,10.0,623.063915625,627.6643468750001,630.214303125,2.2473154471081407,1.1476170133889685,v2at302,v2at304
emp_ubin,u_bin=0.8-1.0,v1_pool,edd,1,64,64,625.2417375,623.3057635416667,-1.9359739583333349,-4.340285338541705,-0.29951679687501437,6.252417375,0.023789604192528985,0.09515841677011594,equivalent,623.3057635416667,v1_pool,623.3057635416667,0.0,64.0,64.0,0.0,0.0,0.0,6.233057635416667,1.0,equivalent,1.0,3.0,623.2158718750001,623.259890625,623.441528125,0.1196178463007835,0.03620836056710264,rl302,rl301
emp_ubin,u_bin=0.8-1.0,rollcp2,edd,0,13,13,853.5895076923077,851.3487692307692,-2.240738461538432,-6.6556561538461025,0.42588076923078794,8.535895076923078,0.9375,0.9375,equivalent,,,,,,,,,,,,,,,,,,,,,
emp_ubin,u_bin=0.8-1.0,edd,edd,1,64,64,625.2417375,625.2417375,0.0,0.0,0.0,6.252417375,1.0,1.0,reference,625.2417375,v1_pool,623.3057635416667,0.31059779510668534,64.0,64.0,1.9359739583333349,0.2923930208333456,4.319890729166684,6.233057635416667,0.023789604192528985,equivalent,1.0,,,,,,,,
emp_ubin,u_bin=1.0-1.2,pfifo,edd,1,37,37,608.1954216216217,608.1954216216217,0.0,0.0,0.0,6.081954216216217,1.0,1.0,equivalent,608.1954216216217,edd,608.1954216216217,0.0,37.0,37.0,0.0,0.0,0.0,6.081954216216217,1.0,equivalent,1.0,,,,,,,,
emp_ubin,u_bin=1.0-1.2,wspt,edd,1,37,37,608.1954216216217,627.0799621621622,18.884540540540524,5.073056486486482,41.257096621621585,6.081954216216217,0.0014737808438751421,0.01326402759487628,inconclusive,627.0799621621622,edd,608.1954216216217,3.1050119532615064,37.0,37.0,18.884540540540524,5.075701756756737,41.65690081081077,6.081954216216217,0.0014737808438751421,inconclusive,0.0,,,,,,,,
emp_ubin,u_bin=1.0-1.2,atc,edd,1,37,37,608.1954216216217,615.2800540540541,7.084632432432435,1.4192552702702599,15.791844054054067,6.081954216216217,0.012515318690073973,0.0820307991983804,inconclusive,615.2800540540541,edd,608.1954216216217,1.16486119108604,37.0,37.0,7.084632432432435,1.4456651351351395,15.78026527027028,6.081954216216217,0.012515318690073973,inconclusive,0.0,,,,,,,,
emp_ubin,u_bin=1.0-1.2,wmdd,edd,1,37,37,608.1954216216217,612.6987675675676,4.503345945945911,0.814000405405402,10.33909121621611,6.081954216216217,0.011718685599768628,0.0820307991983804,inconclusive,612.6987675675675,edd,608.1954216216217,0.7404439076405169,37.0,37.0,4.503345945945911,0.8313359459459322,10.438304594594507,6.081954216216217,0.011718685599768628,inconclusive,0.0,,,,,,,,
emp_ubin,u_bin=1.0-1.2,lpt,edd,1,37,37,608.1954216216217,837.9189297297296,229.723508108108,7.650719054054054,660.1768606756752,6.081954216216217,0.012063323418854825,0.0820307991983804,worse,837.9189297297296,edd,608.1954216216217,37.771331374971524,37.0,37.0,229.723508108108,7.670086081081071,661.7741533783781,6.081954216216217,0.012063323418854825,worse,0.0,,,,,,,,
emp_ubin,u_bin=1.0-1.2,random,edd,1,37,37,608.1954216216217,695.379691891892,87.18427027027025,6.658657972972967,241.2798931081081,6.081954216216217,0.0028648155524898344,0.022918524419918675,worse,695.379691891892,edd,608.1954216216217,14.334910650562328,37.0,37.0,87.18427027027025,6.650467297297283,241.4911228378378,6.081954216216217,0.0028648155524898344,worse,0.0,,,,,,,,
emp_ubin,u_bin=1.0-1.2,mlp_pool,edd,1,37,37,608.1954216216217,611.0705054054055,2.8750837837837686,-0.9972332432432487,8.421829148648621,6.081954216216217,0.9593536340401635,1.0,inconclusive,611.0705054054055,edd,608.1954216216217,0.47272368083896515,37.0,37.0,2.8750837837837686,-0.9801055675675701,8.349450013513488,6.081954216216217,0.9593536340401635,inconclusive,0.0,10.0,605.007491891892,610.3318432432433,619.4963891891891,4.309688630186231,2.394829401531795,v2rl304,v2rl306
emp_ubin,u_bin=1.0-1.2,attn_pool,edd,1,37,37,608.1954216216217,615.6673832432433,7.471961621621576,0.5941221891891693,19.03678044594583,6.081954216216217,0.11666446478102344,0.46665785912409374,inconclusive,615.6673832432432,edd,608.1954216216217,1.2285461803870779,37.0,37.0,7.471961621621576,0.5300450810810632,18.882659202702595,6.081954216216217,0.11666446478102344,inconclusive,0.0,10.0,609.0518486486486,614.0369486486486,628.8031567567568,5.956267036788335,3.2429600455087693,v2at310,v2at305
emp_ubin,u_bin=1.0-1.2,v1_pool,edd,1,37,37,608.1954216216217,610.0818486486487,1.886427027027037,-1.029061801801799,6.0338124774774755,6.081954216216217,0.5046692719548943,1.0,equivalent,610.0818486486487,edd,608.1954216216217,0.31016790984668635,37.0,37.0,1.886427027027037,-1.0063969819819618,5.96147018018019,6.081954216216217,0.5046692719548943,equivalent,1.0,3.0,607.1126702702702,610.5823081081081,612.5505675675677,2.7532755958876725,0.8956982062121366,rl301,rl303
emp_ubin,u_bin=1.0-1.2,rollcp2,edd,0,7,7,585.3573142857143,584.1934000000001,-1.1639142857142457,-3.455914285714146,0.01851428571428317,5.853573142857143,0.5,0.5,equivalent,,,,,,,,,,,,,,,,,,,,,
emp_ubin,u_bin=1.0-1.2,edd,edd,1,37,37,608.1954216216217,608.1954216216217,0.0,0.0,0.0,6.081954216216217,1.0,1.0,reference,608.1954216216217,edd,608.1954216216217,0.0,37.0,37.0,0.0,0.0,0.0,6.081954216216217,1.0,equivalent,1.0,,,,,,,,
emp_ubin,u_bin=>=1.2,pfifo,edd,1,107,53,279.794523364486,279.794523364486,0.0,0.0,0.0,2.79794523364486,1.0,1.0,equivalent,279.794523364486,v1_pool,278.9296934579439,0.3100530086347606,107.0,53.0,0.864829906542053,-0.31121498556105776,2.515133534155294,2.7892969345794394,0.3850334425833509,equivalent,1.0,,,,,,,,
emp_ubin,u_bin=>=1.2,wspt,edd,1,107,53,279.794523364486,287.4543644859813,7.659841121495339,2.811745402693787,14.521326909819896,2.79794523364486,2.557909636120417e-06,2.3021186725083755e-05,worse,287.45436448598133,v1_pool,278.9296934579439,3.056207792851113,107.0,53.0,8.524671028037393,3.0078244927972073,16.377327395147145,2.7892969345794394,7.778308007616978e-07,worse,0.0,,,,,,,,
emp_ubin,u_bin=>=1.2,atc,edd,1,107,53,279.794523364486,282.7220429906542,2.92751962616823,0.10044285714285676,6.703258207083136,2.79794523364486,0.027707849358079864,0.16624709614847918,inconclusive,282.7220429906542,v1_pool,278.9296934579439,1.359607679518014,107.0,53.0,3.792349532710283,0.4718060128936315,8.614571453061217,2.7892969345794394,0.0205438533979482,inconclusive,0.0,,,,,,,,
emp_ubin,u_bin=>=1.2,wmdd,edd,1,107,53,279.794523364486,281.0581252336449,1.2636018691588775,0.07341846487603211,2.886362150920971,2.79794523364486,0.043114446783075355,0.21557223391537678,inconclusive,281.05812523364483,v1_pool,278.9296934579439,0.7630710625729137,107.0,53.0,2.1284317757009306,0.2972442424242494,4.881465069778388,2.7892969345794394,0.05000563560015015,inconclusive,0.0,,,,,,,,
emp_ubin,u_bin=>=1.2,lpt,edd,1,107,53,279.794523364486,308.88458130841127,29.090057943925242,0.0,86.03132946808513,2.79794523364486,0.12819017434510785,0.5127606973804314,inconclusive,308.88458130841127,v1_pool,278.9296934579439,10.739225171444087,107.0,53.0,29.95488785046729,0.37348362593829565,88.81432325149719,2.7892969345794394,0.05867619965239266,inconclusive,0.0,,,,,,,,
emp_ubin,u_bin=>=1.2,random,edd,1,107,53,279.794523364486,287.68437570093454,7.889852336448608,2.056414166666666,15.938085088815832,2.79794523364486,3.523779909879043e-05,0.00028190239279032343,inconclusive,287.6843757009346,v1_pool,278.9296934579439,3.1386698685454477,107.0,53.0,8.754682242990661,2.397619350820942,18.098572136274527,2.7892969345794394,2.6666246149746306e-05,inconclusive,0.0,,,,,,,,
emp_ubin,u_bin=>=1.2,mlp_pool,edd,1,107,53,279.794523364486,279.06933570093463,-0.7251876635513933,-2.185601597193332,0.2699467459893,2.79794523364486,0.42643498438261274,1.0,equivalent,279.0693357009346,v1_pool,278.9296934579439,0.050063598916083606,107.0,53.0,0.13964224299065972,-0.04123698915259201,0.42613948598132007,2.7892969345794394,0.02672591027647051,equivalent,1.0,10.0,278.52241495327104,278.87883925233643,279.7960897196262,0.424556271519124,0.4572970425266609,v2rl307,v2rl309
emp_ubin,u_bin=>=1.2,attn_pool,edd,1,107,53,279.794523364486,280.9253891588785,1.1308657943925318,-0.17171296638655503,2.7695922286132957,2.79794523364486,0.00028397354847820976,0.0019878148393474683,equivalent,280.92538915887855,v1_pool,278.9296934579439,0.7154834166967321,107.0,53.0,1.9956957009345848,0.42950271375704213,4.310170794429479,2.7892969345794394,3.609596829753269e-05,inconclusive,0.0,10.0,278.7459028037383,280.6976570093458,284.5966504672897,1.6925720362608236,2.0989537800205182,v2at302,v2at301
emp_ubin,u_bin=>=1.2,v1_pool,edd,1,107,53,279.794523364486,278.9296934579439,-0.864829906542053,-2.516745564081165,0.2993443142857157,2.79794523364486,0.3850334425833509,1.0,equivalent,278.9296934579439,v1_pool,278.9296934579439,0.0,107.0,53.0,0.0,0.0,0.0,2.7892969345794394,1.0,equivalent,1.0,3.0,278.4336373831776,279.0423738317757,279.31306915887853,0.4504139340798356,0.3158496882654571,rl301,rl302
emp_ubin,u_bin=>=1.2,rollcp2,edd,0,23,10,134.7145043478261,134.71933913043478,0.004834782608695506,0.0,0.01389999999999958,1.347145043478261,0.10247043485974937,0.10247043485974937,equivalent,,,,,,,,,,,,,,,,,,,,,
emp_ubin,u_bin=>=1.2,edd,edd,1,107,53,279.794523364486,279.794523364486,0.0,0.0,0.0,2.79794523364486,1.0,1.0,reference,279.794523364486,v1_pool,278.9296934579439,0.3100530086347606,107.0,53.0,0.864829906542053,-0.2816444936818453,2.532954140402532,2.7892969345794394,0.3850334425833509,equivalent,1.0,,,,,,,,
emp_m_ubin,m=1.0|u_bin=<0.5,pfifo,edd,1,85,85,307.36126352941176,307.36126352941176,0.0,0.0,0.0,3.0736126352941175,1.0,1.0,equivalent,307.36126352941176,edd,307.36126352941176,0.0,85.0,85.0,0.0,0.0,0.0,3.0736126352941175,1.0,equivalent,1.0,,,,,,,,
emp_m_ubin,m=1.0|u_bin=<0.5,wspt,edd,1,85,85,307.36126352941176,308.3622705882353,1.0010070588235298,0.13088941176470578,2.3765364705882366,3.0736126352941175,0.027707849358079864,0.24553054329856197,equivalent,308.36227058823533,edd,307.36126352941176,0.3256776886355386,85.0,85.0,1.0010070588235298,0.13088941176470578,2.376102823529413,3.0736126352941175,0.027707849358079864,equivalent,1.0,,,,,,,,
emp_m_ubin,m=1.0|u_bin=<0.5,atc,edd,1,85,85,307.36126352941176,307.8553811764706,0.49411764705882355,0.0,1.2470588235294118,3.0736126352941175,0.17971249487899976,1.0,equivalent,307.8553811764706,edd,307.36126352941176,0.16076119722599533,85.0,85.0,0.49411764705882355,0.0,1.2470588235294118,3.0736126352941175,0.17971249487899976,equivalent,1.0,,,,,,,,
emp_m_ubin,m=1.0|u_bin=<0.5,wmdd,edd,1,85,85,307.36126352941176,307.8192776470588,0.4580141176470587,0.0,1.1513223529411762,3.0736126352941175,0.17971249487899976,1.0,equivalent,307.8192776470588,edd,307.36126352941176,0.14901491241534587,85.0,85.0,0.4580141176470587,0.0,1.1513223529411762,3.0736126352941175,0.17971249487899976,equivalent,1.0,,,,,,,,
emp_m_ubin,m=1.0|u_bin=<0.5,lpt,edd,1,85,85,307.36126352941176,307.42696705882355,0.06570352941176505,-0.004630588235294025,0.17464470588235384,3.0736126352941175,0.28504940740261275,1.0,equivalent,307.42696705882355,edd,307.36126352941176,0.021376646054002364,85.0,85.0,0.06570352941176505,-0.004630588235294025,0.17464470588235384,3.0736126352941175,0.28504940740261275,equivalent,1.0,,,,,,,,
emp_m_ubin,m=1.0|u_bin=<0.5,random,edd,1,85,85,307.36126352941176,307.97691529411765,0.615651764705881,0.07058823529411765,1.413981176470587,3.0736126352941175,0.043114446783075355,0.3018011274815275,equivalent,307.97691529411765,edd,307.36126352941176,0.20030232750750493,85.0,85.0,0.615651764705881,0.07417411764705749,1.4603117647058812,3.0736126352941175,0.043114446783075355,equivalent,1.0,,,,,,,,
emp_m_ubin,m=1.0|u_bin=<0.5,mlp_pool,edd,1,85,85,307.36126352941176,307.39309552941177,0.031832000000006515,-0.00463058823529135,0.08832423529412849,3.0736126352941175,0.2228009911811345,1.0,equivalent,307.39309552941177,edd,307.36126352941176,0.01035654253710552,85.0,85.0,0.031832000000006515,-0.00463058823529135,0.08600894117648282,3.0736126352941175,0.2228009911811345,equivalent,1.0,10.0,307.3265694117647,307.4067364705882,307.4734517647059,0.047712010794992044,0.04779357451012434,v2rl310,v2rl309
emp_m_ubin,m=1.0|u_bin=<0.5,attn_pool,edd,1,85,85,307.36126352941176,307.7296014117647,0.3683378823529501,0.00039952941176746954,0.9836363411764923,3.0736126352941175,0.027281171477617997,0.24553054329856197,equivalent,307.7296014117647,edd,307.36126352941176,0.11983874549555452,85.0,85.0,0.3683378823529501,0.00039952941176613207,0.9898000000000128,3.0736126352941175,0.027281171477617997,equivalent,1.0,10.0,307.3265694117647,307.7321517647059,308.31569647058825,0.28099547293098875,0.3218488595752689,v2at302,v2at301
emp_m_ubin,m=1.0|u_bin=<0.5,v1_pool,edd,1,85,85,307.36126352941176,307.4459945098039,0.08473098039215757,-0.006945882352941039,0.2611388235294137,3.0736126352941175,0.6547208460185769,1.0,equivalent,307.4459945098039,edd,307.36126352941176,0.0275672280297011,85.0,85.0,0.08473098039215757,-0.006945882352941039,0.2611388235294137,3.0736126352941175,0.6547208460185769,equivalent,1.0,3.0,307.33227529411766,307.35580470588235,307.64990352941174,0.17698184797477506,0.10335010697790636,rl302,rl303
emp_m_ubin,m=1.0|u_bin=<0.5,rollcp2,edd,0,27,27,392.1724518518518,392.1029333333333,-0.06951851851852624,-0.28235407407407204,0.0488151851851604,3.921724518518518,0.015627960247733892,0.015627960247733892,equivalent,,,,,,,,,,,,,,,,,,,,,
emp_m_ubin,m=1.0|u_bin=<0.5,edd,edd,1,85,85,307.36126352941176,307.36126352941176,0.0,0.0,0.0,3.0736126352941175,1.0,1.0,reference,307.36126352941176,edd,307.36126352941176,0.0,85.0,85.0,0.0,0.0,0.0,3.0736126352941175,1.0,equivalent,1.0,,,,,,,,
emp_m_ubin,m=1.0|u_bin=0.5-0.8,pfifo,edd,1,52,52,859.9591,859.9591,0.0,0.0,0.0,8.599591,1.0,1.0,equivalent,859.9591,v1_pool,859.6713307692308,0.03347433146475771,52.0,52.0,0.28776923076924005,0.004694871794878981,0.6823589743589764,8.596713307692307,0.07530413361253725,equivalent,1.0,,,,,,,,
emp_m_ubin,m=1.0|u_bin=0.5-0.8,wspt,edd,1,52,52,859.9591,861.8775230769231,1.9184230769230848,0.2597538461538464,4.253313461538495,8.599591,0.027991815485665747,0.25192633937099174,equivalent,861.8775230769231,v1_pool,859.6713307692308,0.25663206724809395,52.0,52.0,2.2061923076923247,0.43035089743589855,4.741162243589759,8.596713307692307,0.01343541568384909,equivalent,1.0,,,,,,,,
emp_m_ubin,m=1.0|u_bin=0.5-0.8,atc,edd,1,52,52,859.9591,860.7494846153845,0.7903846153846115,-0.010361538461539182,2.2258923076922987,8.599591,0.14412703481601533,0.864762208896092,equivalent,860.7494846153846,v1_pool,859.6713307692308,0.1254146564581901,52.0,52.0,1.0781538461538516,0.013564102564125331,2.8370615384615334,8.596713307692307,0.07530413361253725,equivalent,1.0,,,,,,,,
emp_m_ubin,m=1.0|u_bin=0.5-0.8,wmdd,edd,1,52,52,859.9591,860.5744846153847,0.6153846153846241,0.0,1.6923076923077185,8.599591,0.17971249487899976,0.8985624743949988,equivalent,860.5744846153847,v1_pool,859.6713307692308,0.10505803948884612,52.0,52.0,0.9031538461538642,0.004694871794887179,2.287563525641089,8.596713307692307,0.07530413361253725,equivalent,1.0,,,,,,,,
emp_m_ubin,m=1.0|u_bin=0.5-0.8,lpt,edd,1,52,52,859.9591,860.0884615384614,0.12936153846152804,-0.49199211538463083,0.8030638461538245,8.599591,0.6120898800892568,1.0,equivalent,860.0884615384615,v1_pool,859.6713307692308,0.04852212168776242,52.0,52.0,0.4171307692307681,-0.007535897435899568,0.9639760897435659,8.596713307692307,0.1533092238491398,equivalent,1.0,,,,,,,,
emp_m_ubin,m=1.0|u_bin=0.5-0.8,random,edd,1,52,52,859.9591,860.9303076923077,0.971207692307681,0.16059230769230645,1.9977390384615208,8.599591,0.027991815485665747,0.25192633937099174,equivalent,860.9303076923078,v1_pool,859.6713307692308,0.14644863426472712,52.0,52.0,1.258976923076921,0.3900866025640887,2.342456410256401,8.596713307692307,0.006665264798522939,equivalent,1.0,,,,,,,,
emp_m_ubin,m=1.0|u_bin=0.5-0.8,mlp_pool,edd,1,52,52,859.9591,859.6837892307692,-0.27531076923076697,-0.7065857692307773,0.05722153846154888,8.599591,1.0,1.0,equivalent,859.6837892307692,v1_pool,859.6713307692308,0.0014492121689355967,52.0,52.0,0.012458461538473058,-0.14371503846154843,0.12744412820514217,8.596713307692307,0.07336592680281463,equivalent,1.0,10.0,859.6020461538462,859.6799000000001,859.7902153846154,0.06307962806372394,0.021890272552416157,v2rl302,v2rl305
emp_m_ubin,m=1.0|u_bin=0.5-0.8,attn_pool,edd,1,52,52,859.9591,860.4195007692307,0.4604007692307634,-0.10929230769231263,1.4598760961538226,8.599591,0.3457785861511603,1.0,equivalent,860.4195007692308,v1_pool,859.6713307692308,0.08702977210261267,52.0,52.0,0.7481700000000034,0.058784871794892925,1.9599269230769119,8.596713307692307,0.005955284663891048,equivalent,1.0,10.0,859.6039076923078,860.6335846153846,861.1282076923077,0.5618987069538176,0.1773258574512493,v2at310,v2at301
emp_m_ubin,m=1.0|u_bin=0.5-0.8,v1_pool,edd,1,52,52,859.9591,859.6713307692306,-0.28776923076924005,-0.6922230769230774,-0.004694871794895925,8.599591,0.07530413361253725,0.5271289352877607,equivalent,859.6713307692308,v1_pool,859.6713307692308,0.0,52.0,52.0,0.0,0.0,0.0,8.596713307692308,1.0,equivalent,1.0,3.0,859.6020461538462,859.6363076923078,859.7756384615385,0.09194310338655191,0.020194496798731087,rl303,rl301
emp_m_ubin,m=1.0|u_bin=0.5-0.8,rollcp2,edd,0,11,11,1128.2794545454547,1128.358690909091,0.07923636363643606,0.026654545454551804,0.13974636363649542,11.282794545454546,0.015625,0.015625,equivalent,,,,,,,,,,,,,,,,,,,,,
emp_m_ubin,m=1.0|u_bin=0.5-0.8,edd,edd,1,52,52,859.9591,859.9591,0.0,0.0,0.0,8.599591,1.0,1.0,reference,859.9591,v1_pool,859.6713307692308,0.03347433146475771,52.0,52.0,0.28776923076924005,0.004694871794887179,0.691753589743609,8.596713307692307,0.07530413361253725,equivalent,1.0,,,,,,,,
emp_m_ubin,m=1.0|u_bin=0.8-1.0,pfifo,edd,1,13,13,279.74566153846155,279.74566153846155,0.0,0.0,0.0,2.7974566153846157,1.0,1.0,equivalent,279.74566153846155,mlp_pool,279.20379384615387,0.19407604919804722,13.0,13.0,0.5418676923076978,0.0,1.6256030769230934,2.792037938461539,1.0,equivalent,1.0,,,,,,,,
emp_m_ubin,m=1.0|u_bin=0.8-1.0,wspt,edd,1,13,13,279.74566153846155,287.14412307692305,7.398461538461531,0.15384615384615385,17.79769230769225,2.7974566153846157,0.125,1.0,inconclusive,287.14412307692305,mlp_pool,279.20379384615387,2.8439188169285545,13.0,13.0,7.940329230769228,0.15384615384615385,19.26175692307686,2.792037938461539,0.125,inconclusive,0.0,,,,,,,,
emp_m_ubin,m=1.0|u_bin=0.8-1.0,atc,edd,1,13,13,279.74566153846155,282.8548923076923,3.109230769230775,0.0,8.372307692307704,2.7974566153846157,0.5,1.0,inconclusive,282.8548923076923,mlp_pool,279.20379384615387,1.307682252895977,13.0,13.0,3.6510984615384725,0.0,8.799449230769264,2.792037938461539,0.5,inconclusive,0.0,,,,,,,,
emp_m_ubin,m=1.0|u_bin=0.8-1.0,wmdd,edd,1,13,13,279.74566153846155,280.70104615384616,0.9553846153846209,0.0,2.866153846153863,2.7974566153846157,1.0,1.0,inconclusive,280.70104615384616,mlp_pool,279.20379384615387,0.5362578663659938,13.0,13.0,1.4972523076923188,0.0,4.491756923076957,2.792037938461539,1.0,inconclusive,0.0,,,,,,,,
emp_m_ubin,m=1.0|u_bin=0.8-1.0,lpt,edd,1,13,13,279.74566153846155,288.59150769230774,8.845846153846178,0.0,26.537538461538535,2.7974566153846157,1.0,1.0,inconclusive,288.59150769230774,mlp_pool,279.20379384615387,3.362316004676736,13.0,13.0,9.387713846153876,0.0,28.16314153846163,2.792037938461539,1.0,inconclusive,0.0,,,,,,,,
emp_m_ubin,m=1.0|u_bin=0.8-1.0,random,edd,1,13,13,279.74566153846155,291.14863076923075,11.402969230769228,0.04923076923076818,28.179415384615368,2.7974566153846157,0.125,1.0,inconclusive,291.1486307692308,mlp_pool,279.20379384615387,4.278178587236084,13.0,13.0,11.944836923076926,0.04923076923076818,29.80501846153846,2.792037938461539,0.125,inconclusive,0.0,,,,,,,,
emp_m_ubin,m=1.0|u_bin=0.8-1.0,mlp_pool,edd,1,13,13,279.74566153846155,279.20379384615387,-0.5418676923076978,-1.6256030769230934,0.0,2.7974566153846157,1.0,1.0,equivalent,279.20379384615387,mlp_pool,279.20379384615387,0.0,13.0,13.0,0.0,0.0,0.0,2.792037938461539,1.0,equivalent,1.0,10.0,278.72824615384616,278.9277230769231,280.70104615384616,0.7466002650172773,0.7077861778354233,v2rl301,v2rl309
emp_m_ubin,m=1.0|u_bin=0.8-1.0,attn_pool,edd,1,13,13,279.74566153846155,280.7154307692308,0.9697692307692485,-0.17819999999996414,3.0720000000000143,2.7974566153846157,0.625,1.0,inconclusive,280.7154307692308,mlp_pool,279.20379384615387,0.541409879233186,13.0,13.0,1.5116369230769462,0.015384615384618883,3.9974276923077356,2.792037938461539,0.125,inconclusive,0.0,10.0,278.72824615384616,280.10566153846156,284.39335384615384,2.12455403718903,2.032484246028221,v2at302,v2at304
emp_m_ubin,m=1.0|u_bin=0.8-1.0,v1_pool,edd,1,13,13,279.74566153846155,279.4730153846154,-0.2726461538461623,-0.8179384615384782,0.0,2.7974566153846157,0.5,1.0,equivalent,279.4730153846154,mlp_pool,279.20379384615387,0.09642474221172945,13.0,13.0,0.2692215384615355,-2.62354240896037e-14,0.8076646153846329,2.792037938461539,1.0,equivalent,1.0,3.0,278.9277230769231,279.74566153846155,279.74566153846155,0.47223699094977856,0.2932438742608845,rl301,rl303
emp_m_ubin,m=1.0|u_bin=0.8-1.0,rollcp2,edd,0,3,3,118.0,118.02159999999999,0.021599999999997028,0.0,0.06479999999999109,1.18,1.0,1.0,equivalent,,,,,,,,,,,,,,,,,,,,,
emp_m_ubin,m=1.0|u_bin=0.8-1.0,edd,edd,1,13,13,279.74566153846155,279.74566153846155,0.0,0.0,0.0,2.7974566153846157,1.0,1.0,reference,279.74566153846155,mlp_pool,279.20379384615387,0.19407604919804722,13.0,13.0,0.5418676923076978,0.0,1.6256030769230934,2.792037938461539,1.0,equivalent,1.0,,,,,,,,
emp_m_ubin,m=1.0|u_bin=1.0-1.2,pfifo,edd,1,6,6,5.666666666666667,5.666666666666667,0.0,0.0,0.0,1.0,1.0,1.0,equivalent,5.666666666666667,atc,5.666666666666667,0.0,6.0,6.0,0.0,0.0,0.0,1.0,1.0,equivalent,1.0,,,,,,,,
emp_m_ubin,m=1.0|u_bin=1.0-1.2,wspt,edd,1,6,6,5.666666666666667,5.666666666666667,0.0,0.0,0.0,1.0,1.0,1.0,equivalent,5.666666666666667,atc,5.666666666666667,0.0,6.0,6.0,0.0,0.0,0.0,1.0,1.0,equivalent,1.0,,,,,,,,
emp_m_ubin,m=1.0|u_bin=1.0-1.2,atc,edd,1,6,6,5.666666666666667,5.666666666666667,0.0,0.0,0.0,1.0,1.0,1.0,equivalent,5.666666666666667,atc,5.666666666666667,0.0,6.0,6.0,0.0,0.0,0.0,1.0,1.0,equivalent,1.0,,,,,,,,
emp_m_ubin,m=1.0|u_bin=1.0-1.2,wmdd,edd,1,6,6,5.666666666666667,5.666666666666667,0.0,0.0,0.0,1.0,1.0,1.0,equivalent,5.666666666666667,atc,5.666666666666667,0.0,6.0,6.0,0.0,0.0,0.0,1.0,1.0,equivalent,1.0,,,,,,,,
emp_m_ubin,m=1.0|u_bin=1.0-1.2,lpt,edd,1,6,6,5.666666666666667,5.666666666666667,0.0,0.0,0.0,1.0,1.0,1.0,equivalent,5.666666666666667,atc,5.666666666666667,0.0,6.0,6.0,0.0,0.0,0.0,1.0,1.0,equivalent,1.0,,,,,,,,
emp_m_ubin,m=1.0|u_bin=1.0-1.2,random,edd,1,6,6,5.666666666666667,5.666666666666667,0.0,0.0,0.0,1.0,1.0,1.0,equivalent,5.666666666666667,atc,5.666666666666667,0.0,6.0,6.0,0.0,0.0,0.0,1.0,1.0,equivalent,1.0,,,,,,,,
emp_m_ubin,m=1.0|u_bin=1.0-1.2,mlp_pool,edd,1,6,6,5.666666666666667,5.666666666666667,0.0,0.0,0.0,1.0,1.0,1.0,equivalent,5.666666666666667,atc,5.666666666666667,0.0,6.0,6.0,0.0,0.0,0.0,1.0,1.0,equivalent,1.0,10.0,5.666666666666667,5.666666666666667,5.666666666666667,9.362222582871203e-16,0.0,v2rl301,v2rl310
emp_m_ubin,m=1.0|u_bin=1.0-1.2,attn_pool,edd,1,6,6,5.666666666666667,5.666666666666667,0.0,0.0,0.0,1.0,1.0,1.0,equivalent,5.666666666666667,atc,5.666666666666667,0.0,6.0,6.0,0.0,0.0,0.0,1.0,1.0,equivalent,1.0,10.0,5.666666666666667,5.666666666666667,5.666666666666667,9.362222582871203e-16,0.0,v2at301,v2at310
emp_m_ubin,m=1.0|u_bin=1.0-1.2,v1_pool,edd,1,6,6,5.666666666666667,5.666666666666667,0.0,0.0,0.0,1.0,1.0,1.0,equivalent,5.666666666666667,atc,5.666666666666667,0.0,6.0,6.0,0.0,0.0,0.0,1.0,1.0,equivalent,1.0,3.0,5.666666666666667,5.666666666666667,5.666666666666667,0.0,0.0,rl301,rl303
emp_m_ubin,m=1.0|u_bin=1.0-1.2,rollcp2,edd,0,1,1,34.0,34.0,0.0,0.0,0.0,1.0,1.0,1.0,equivalent,,,,,,,,,,,,,,,,,,,,,
emp_m_ubin,m=1.0|u_bin=1.0-1.2,edd,edd,1,6,6,5.666666666666667,5.666666666666667,0.0,0.0,0.0,1.0,1.0,1.0,reference,5.666666666666667,atc,5.666666666666667,0.0,6.0,6.0,0.0,0.0,0.0,1.0,1.0,equivalent,1.0,,,,,,,,
emp_m_ubin,m=1.0|u_bin=>=1.2,pfifo,edd,1,24,24,231.75553333333335,231.75553333333335,0.0,0.0,0.0,2.3175553333333334,1.0,1.0,equivalent,231.75553333333335,atc,231.75553333333335,0.0,24.0,24.0,0.0,0.0,0.0,2.3175553333333334,1.0,equivalent,1.0,,,,,,,,
emp_m_ubin,m=1.0|u_bin=>=1.2,wspt,edd,1,24,24,231.75553333333335,233.3738666666667,1.6183333333333323,0.5366666666666665,2.8483749999999977,2.3175553333333334,0.027281171477617997,0.24553054329856197,inconclusive,233.3738666666667,atc,231.75553333333335,0.6982932877834226,24.0,24.0,1.6183333333333323,0.5549999999999996,2.8416666666666663,2.3175553333333334,0.027281171477617997,inconclusive,0.0,,,,,,,,
emp_m_ubin,m=1.0|u_bin=>=1.2,atc,edd,1,24,24,231.75553333333335,231.75553333333335,0.0,0.0,0.0,2.3175553333333334,1.0,1.0,equivalent,231.75553333333335,atc,231.75553333333335,0.0,24.0,24.0,0.0,0.0,0.0,2.3175553333333334,1.0,equivalent,1.0,,,,,,,,
emp_m_ubin,m=1.0|u_bin=>=1.2,wmdd,edd,1,24,24,231.75553333333335,231.75553333333335,0.0,0.0,0.0,2.3175553333333334,1.0,1.0,equivalent,231.75553333333335,atc,231.75553333333335,0.0,24.0,24.0,0.0,0.0,0.0,2.3175553333333334,1.0,equivalent,1.0,,,,,,,,
emp_m_ubin,m=1.0|u_bin=>=1.2,lpt,edd,1,24,24,231.75553333333335,231.77358333333336,0.018049999999999972,0.0,0.054149999999999913,2.3175553333333334,0.31731050786291415,1.0,equivalent,231.77358333333333,atc,231.75553333333335,0.007788379306580295,24.0,24.0,0.018049999999999972,0.0,0.054149999999999913,2.3175553333333334,0.31731050786291415,equivalent,1.0,,,,,,,,
emp_m_ubin,m=1.0|u_bin=>=1.2,random,edd,1,24,24,231.75553333333335,232.14775,0.3922166666666662,0.0,0.9260999999999994,2.3175553333333334,0.10880943004054568,0.7616660102838197,equivalent,232.14775,atc,231.75553333333335,0.1692372393553734,24.0,24.0,0.3922166666666662,0.0,0.9335554166666624,2.3175553333333334,0.10880943004054568,equivalent,1.0,,,,,,,,
emp_m_ubin,m=1.0|u_bin=>=1.2,mlp_pool,edd,1,24,24,231.75553333333335,231.78541333333337,0.02987999999999992,0.0,0.07580666666666647,2.3175553333333334,0.17971249487899976,1.0,equivalent,231.78541333333337,atc,231.75553333333335,0.012892896048804827,24.0,24.0,0.02987999999999992,0.0,0.07580666666666647,2.3175553333333334,0.17971249487899976,equivalent,1.0,10.0,231.75553333333335,231.77358333333333,231.91191666666668,0.04551723103384009,0.0674777128658377,v2rl304,v2rl309
emp_m_ubin,m=1.0|u_bin=>=1.2,attn_pool,edd,1,24,24,231.75553333333335,231.92056000000002,0.1650266666666664,0.005193333333333309,0.35520366666666553,2.3175553333333334,0.06788915486182899,0.5431132388946319,equivalent,231.92056000000002,atc,231.75553333333335,0.07120721749038857,24.0,24.0,0.1650266666666664,0.005193333333333309,0.35519333333333236,2.3175553333333334,0.06788915486182899,equivalent,1.0,10.0,231.75553333333335,231.75553333333335,233.0622,0.41117488816112785,0.5638125001258487,v2at303,v2at301
emp_m_ubin,m=1.0|u_bin=>=1.2,v1_pool,edd,1,24,24,231.75553333333335,231.78357222222223,0.028038888888888874,0.0,0.08411666666666662,2.3175553333333334,0.31731050786291415,1.0,equivalent,231.78357222222223,atc,231.75553333333335,0.012098476565199523,24.0,24.0,0.028038888888888874,0.0,0.08411666666666662,2.3175553333333334,0.31731050786291415,equivalent,1.0,3.0,231.75826666666669,231.77358333333333,231.81886666666665,0.03151068748734112,0.026147934600806444,rl303,rl301
emp_m_ubin,m=1.0|u_bin=>=1.2,rollcp2,edd,0,6,6,148.66666666666666,148.66666666666666,0.0,0.0,0.0,1.4866666666666666,1.0,1.0,equivalent,,,,,,,,,,,,,,,,,,,,,
emp_m_ubin,m=1.0|u_bin=>=1.2,edd,edd,1,24,24,231.75553333333335,231.75553333333335,0.0,0.0,0.0,2.3175553333333334,1.0,1.0,reference,231.75553333333335,atc,231.75553333333335,0.0,24.0,24.0,0.0,0.0,0.0,2.3175553333333334,1.0,equivalent,1.0,,,,,,,,
emp_m_ubin,m=0.8|u_bin=<0.5,pfifo,edd,1,61,61,223.97280655737706,223.97280655737706,0.0,0.0,0.0,2.239728065573771,1.0,1.0,equivalent,223.97280655737703,lpt,223.9640524590164,0.003908706894934471,61.0,61.0,0.008754098360657468,0.0,0.026262295081972403,2.2396405245901643,0.31731050786291415,equivalent,1.0,,,,,,,,
emp_m_ubin,m=0.8|u_bin=<0.5,wspt,edd,1,61,61,223.97280655737706,225.31741639344264,1.344609836065576,0.26229508196721313,2.8866360655737795,2.239728065573771,0.017960477526078766,0.1616442977347089,inconclusive,225.3174163934426,lpt,223.9640524590164,0.6042773023469388,61.0,61.0,1.3533639344262334,0.2786885245901639,2.8469770491803397,2.2396405245901643,0.017960477526078766,inconclusive,0.0,,,,,,,,
emp_m_ubin,m=0.8|u_bin=<0.5,atc,edd,1,61,61,223.97280655737706,224.5130491803279,0.5402426229508221,0.0,1.539849180327876,2.239728065573771,0.17971249487899976,1.0,equivalent,224.51304918032787,lpt,223.9640524590164,0.24512716004366117,61.0,61.0,0.5489967213114796,0.0,1.5661114754098484,2.2396405245901643,0.17971249487899976,equivalent,1.0,,,,,,,,
emp_m_ubin,m=0.8|u_bin=<0.5,wmdd,edd,1,61,61,223.97280655737706,224.5601573770492,0.5873508196721393,0.0,1.6811737704918277,2.239728065573771,0.17971249487899976,1.0,equivalent,224.5601573770492,lpt,223.9640524590164,0.26616098051801856,61.0,61.0,0.5961049180327967,0.0,1.7074360655738001,2.2396405245901643,0.17971249487899976,equivalent,1.0,,,,,,,,
emp_m_ubin,m=0.8|u_bin=<0.5,lpt,edd,1,61,61,223.97280655737706,223.96405245901641,-0.008754098360657468,-0.026262295081972403,0.0,2.239728065573771,0.31731050786291415,1.0,equivalent,223.9640524590164,lpt,223.9640524590164,0.0,61.0,61.0,0.0,0.0,0.0,2.239640524590164,1.0,equivalent,1.0,,,,,,,,
emp_m_ubin,m=0.8|u_bin=<0.5,random,edd,1,61,61,223.97280655737706,224.5961049180328,0.62329836065574,0.06557377049180328,1.4108786885245967,2.239728065573771,0.06559969214707187,0.4591978450295031,equivalent,224.59610491803278,lpt,223.9640524590164,0.28221156568510175,61.0,61.0,0.6320524590163974,0.06557377049180328,1.4371409836065692,2.2396405245901643,0.06559969214707187,equivalent,1.0,,,,,,,,
emp_m_ubin,m=0.8|u_bin=<0.5,mlp_pool,edd,1,61,61,223.97280655737706,223.98018295081968,0.007376393442629079,0.0,0.022129180327887236,2.239728065573771,0.31731050786291415,1.0,equivalent,223.98018295081968,lpt,223.9640524590164,0.0072022682328661426,61.0,61.0,0.016130491803286545,0.0,0.04839147540985964,2.2396405245901643,0.31731050786291415,equivalent,1.0,10.0,223.94036721311474,223.97760000000002,224.03838032786882,0.02686501890498691,0.04376750649015548,v2rl302,v2rl309
emp_m_ubin,m=0.8|u_bin=<0.5,attn_pool,edd,1,61,61,223.97280655737706,224.35600983606557,0.3832032786885346,0.019672131147545457,0.9915731147541176,2.239728065573771,0.043114446783075355,0.34491557426460284,equivalent,224.35600983606557,lpt,223.9640524590164,0.17500905736687628,61.0,61.0,0.39195737704919204,0.019672131147545457,1.0211140983606808,2.2396405245901643,0.043114446783075355,equivalent,1.0,10.0,223.94036721311474,224.43873442622953,224.72507540983608,0.2893846962197065,0.35040944448152533,v2at305,v2at303
emp_m_ubin,m=0.8|u_bin=<0.5,v1_pool,edd,1,61,61,223.97280655737706,223.96845245901642,-0.0043540983606511815,-0.013062295081953544,0.0,2.239728065573771,0.31731050786291415,1.0,equivalent,223.9684524590164,lpt,223.9640524590164,0.0019646009936389775,61.0,61.0,0.004400000000006286,0.0,0.013200000000018858,2.2396405245901643,0.31731050786291415,equivalent,1.0,3.0,223.94036721311474,223.9640524590164,224.00093770491802,0.03052402528046776,0.02704759867864226,rl302,rl303
emp_m_ubin,m=0.8|u_bin=<0.5,rollcp2,edd,0,18,18,234.25368888888886,234.27164444444446,0.017955555555556342,0.005066666666665911,0.03611222222222248,2.3425368888888887,0.011616044899262472,0.011616044899262472,equivalent,,,,,,,,,,,,,,,,,,,,,
emp_m_ubin,m=0.8|u_bin=<0.5,edd,edd,1,61,61,223.97280655737706,223.97280655737706,0.0,0.0,0.0,2.239728065573771,1.0,1.0,reference,223.97280655737703,lpt,223.9640524590164,0.003908706894934471,61.0,61.0,0.008754098360657468,0.0,0.026262295081972403,2.2396405245901643,0.31731050786291415,equivalent,1.0,,,,,,,,
emp_m_ubin,m=0.8|u_bin=0.5-0.8,pfifo,edd,1,52,52,757.4608538461539,757.4608538461539,0.0,0.0,0.0,7.574608538461539,1.0,1.0,equivalent,757.4608538461538,v1_pool,756.9617166666667,0.06593955394271167,52.0,52.0,0.49913717948720004,-0.2698084615384501,1.3444886858974596,7.569617166666668,0.13609738111439368,equivalent,1.0,,,,,,,,
emp_m_ubin,m=0.8|u_bin=0.5-0.8,wspt,edd,1,52,52,757.4608538461539,762.7711423076923,5.310288461538443,1.6744473076923028,10.025275192307623,7.574608538461539,0.002217721464237049,0.019959493178133444,inconclusive,762.7711423076923,v1_pool,756.9617166666667,0.7674662420984595,52.0,52.0,5.809425641025642,1.9816213461538545,10.705266153846138,7.569617166666668,0.00043777719457466354,inconclusive,0.0,,,,,,,,
emp_m_ubin,m=0.8|u_bin=0.5-0.8,atc,edd,1,52,52,757.4608538461539,760.5938346153847,3.132980769230757,0.434553846153844,6.4770908653845956,7.574608538461539,0.027707849358079864,0.16624709614847918,equivalent,760.5938346153846,v1_pool,756.9617166666667,0.4798284865332672,52.0,52.0,3.632117948717957,0.7042621794871957,7.392510256410249,7.569617166666668,0.002217721464237049,equivalent,1.0,,,,,,,,
emp_m_ubin,m=0.8|u_bin=0.5-0.8,wmdd,edd,1,52,52,757.4608538461539,759.3210038461538,1.8601499999999935,0.22692307692307606,3.8926192307692156,7.574608538461539,0.06788915486182899,0.27155661944731596,equivalent,759.3210038461538,v1_pool,756.9617166666667,0.3116785337409603,52.0,52.0,2.3592871794871937,0.4394394871795113,4.8361328846153935,7.569617166666668,0.022909099354356588,equivalent,1.0,,,,,,,,
emp_m_ubin,m=0.8|u_bin=0.5-0.8,lpt,edd,1,52,52,757.4608538461539,783.0240038461537,25.56314999999999,1.6448909615384573,66.02738538461533,7.574608538461539,0.0280561241492436,0.16624709614847918,inconclusive,783.0240038461538,v1_pool,756.9617166666667,3.4430125864560552,52.0,52.0,26.06228717948719,1.9812539743589959,65.26193115384615,7.569617166666668,0.007132413699395206,inconclusive,0.0,,,,,,,,
emp_m_ubin,m=0.8|u_bin=0.5-0.8,random,edd,1,52,52,757.4608538461539,766.3573807692308,8.896526923076921,1.7009580769230757,19.715445865384602,7.574608538461539,0.002976637011170516,0.02381309608936413,inconclusive,766.3573807692308,v1_pool,756.9617166666667,1.241233723673441,52.0,52.0,9.395664102564123,1.9763952564102658,20.134917820512864,7.569617166666668,0.0009350911193154891,inconclusive,0.0,,,,,,,,
emp_m_ubin,m=0.8|u_bin=0.5-0.8,mlp_pool,edd,1,52,52,757.4608538461539,757.3512330769232,-0.10962076923076908,-1.1823999999999821,1.2879067692307589,7.574608538461539,0.30763534293707706,0.6152706858741541,equivalent,757.3512330769231,v1_pool,756.9617166666667,0.05145787451070603,52.0,52.0,0.38951641025643097,-0.7514881923077018,1.955292307692304,7.569617166666668,0.3461355883010687,equivalent,1.0,10.0,756.919573076923,757.1102884615384,758.9027269230769,0.6391459494036289,0.2620032453503951,v2rl305,v2rl309
emp_m_ubin,m=0.8|u_bin=0.5-0.8,attn_pool,edd,1,52,52,757.4608538461539,760.0454830769231,2.584629230769227,0.36903637499997455,5.556225028846153,7.574608538461539,0.019970875425605675,0.13979612797923974,equivalent,760.0454830769231,v1_pool,756.9617166666667,0.4073873674663508,52.0,52.0,3.0837664102564273,0.627993019230782,6.223980301282073,7.569617166666668,0.0005385174873341328,equivalent,1.0,10.0,756.919573076923,760.099976923077,765.9050346153846,2.5201253218065953,1.187109153742072,v2at302,v2at301
emp_m_ubin,m=0.8|u_bin=0.5-0.8,v1_pool,edd,1,52,52,757.4608538461539,756.9617166666668,-0.49913717948720004,-1.3381199358974445,0.2561666346153689,7.574608538461539,0.13609738111439368,0.40829214334318104,equivalent,756.9617166666667,v1_pool,756.9617166666667,0.0,52.0,52.0,0.0,0.0,0.0,7.569617166666667,1.0,equivalent,1.0,3.0,756.7845500000001,756.9125884615385,757.1880115384615,0.20616859280394623,0.053312602439015144,rl301,rl303
emp_m_ubin,m=0.8|u_bin=0.5-0.8,rollcp2,edd,0,18,18,936.8235111111111,935.4217555555556,-1.4017555555555627,-3.5613211111111402,0.12618722222223813,9.368235111111112,0.6378701798979456,0.6378701798979456,equivalent,,,,,,,,,,,,,,,,,,,,,
emp_m_ubin,m=0.8|u_bin=0.5-0.8,edd,edd,1,52,52,757.4608538461539,757.4608538461539,0.0,0.0,0.0,7.574608538461539,1.0,1.0,reference,757.4608538461538,v1_pool,756.9617166666667,0.06593955394271167,52.0,52.0,0.49913717948720004,-0.25687426282048326,1.3174000320513304,7.569617166666668,0.13609738111439368,equivalent,1.0,,,,,,,,
emp_m_ubin,m=0.8|u_bin=0.8-1.0,pfifo,edd,1,24,24,746.9473333333334,746.9473333333334,0.0,0.0,0.0,7.469473333333334,1.0,1.0,equivalent,746.9473333333334,v1_pool,746.614,0.044646006280805235,24.0,24.0,0.3333333333333333,-1.8947806286936004e-14,1.0000000000000095,7.46614,0.4142161782425252,equivalent,1.0,,,,,,,,
emp_m_ubin,m=0.8|u_bin=0.8-1.0,wspt,edd,1,24,24,746.9473333333334,751.8841666666667,4.9368333333332926,0.7695266666666801,10.607026666666565,7.469473333333334,0.027707849358079864,0.24937064422271876,inconclusive,751.8841666666667,v1_pool,746.614,0.7058756823025931,24.0,24.0,5.270166666666626,0.749999999999981,11.642766666666517,7.46614,0.027991815485665747,inconclusive,0.0,,,,,,,,
emp_m_ubin,m=0.8|u_bin=0.8-1.0,atc,edd,1,24,24,746.9473333333334,747.8034333333334,0.85609999999996,0.0,2.53756666666654,7.469473333333334,0.17971249487899976,1.0,equivalent,747.8034333333334,v1_pool,746.614,0.1593103442117802,24.0,24.0,1.1894333333332934,-9.473903143468002e-15,3.53756666666654,7.46614,0.1974660733580187,equivalent,1.0,,,,,,,,
emp_m_ubin,m=0.8|u_bin=0.8-1.0,wmdd,edd,1,24,24,746.9473333333334,747.3114,0.3640666666666732,0.0,1.0614666666666797,7.469473333333334,0.17971249487899976,1.0,equivalent,747.3114,v1_pool,746.614,0.09340837434069224,24.0,24.0,0.6974000000000066,-9.473903143468002e-15,2.061466666666689,7.46614,0.1974660733580187,equivalent,1.0,,,,,,,,
emp_m_ubin,m=0.8|u_bin=0.8-1.0,lpt,edd,1,24,24,746.9473333333334,748.7342833333333,1.7869500000000091,-0.8891499999999724,6.25,7.469473333333334,0.6547208460185769,1.0,equivalent,748.7342833333333,v1_pool,746.614,0.2839865490512239,24.0,24.0,2.1202833333333424,-9.473903143468002e-15,6.323900000000019,7.46614,0.1974660733580187,equivalent,1.0,,,,,,,,
emp_m_ubin,m=0.8|u_bin=0.8-1.0,random,edd,1,24,24,746.9473333333334,751.489,4.541666666666667,0.2916666666666667,10.833333333333334,7.469473333333334,0.06788915486182899,0.4752240840328029,inconclusive,751.489,v1_pool,746.614,0.6529478418567024,24.0,24.0,4.875,0.2916666666666761,11.541666666666657,7.46614,0.07961580146011343,inconclusive,0.0,,,,,,,,
emp_m_ubin,m=0.8|u_bin=0.8-1.0,mlp_pool,edd,1,24,24,746.9473333333334,746.6765,-0.2708333333333375,-0.8250000000000449,0.012500000000012909,7.469473333333334,0.892738400944348,1.0,equivalent,746.6765,v1_pool,746.614,0.00837112617765003,24.0,24.0,0.06249999999999586,-1.4210854715202004e-14,0.18333333333331703,7.46614,0.29317745956451147,equivalent,1.0,10.0,746.614,746.614,747.1973333333334,0.18347006685588613,0.07813051099141433,v2rl301,v2rl309
emp_m_ubin,m=0.8|u_bin=0.8-1.0,attn_pool,edd,1,24,24,746.9473333333334,747.7894766666667,0.8421433333333385,0.05286666666665596,2.187363333333355,7.469473333333334,0.046399461870904594,0.37119569496723676,equivalent,747.7894766666667,v1_pool,746.614,0.15744101592880233,24.0,24.0,1.1754766666666718,0.04869999999999427,3.1540300000000165,7.46614,0.04206273335676607,equivalent,1.0,10.0,746.5306666666667,747.6710333333333,749.4701,0.9904950184093823,0.39374582513242995,v2at305,v2at307
emp_m_ubin,m=0.8|u_bin=0.8-1.0,v1_pool,edd,1,24,24,746.9473333333334,746.614,-0.3333333333333333,-1.0000000000000189,1.8947806286936004e-14,7.469473333333334,0.4142161782425252,1.0,equivalent,746.614,v1_pool,746.614,0.0,24.0,24.0,0.0,0.0,0.0,7.46614,1.0,equivalent,1.0,3.0,746.614,746.614,746.614,0.0,0.0,rl301,rl303
emp_m_ubin,m=0.8|u_bin=0.8-1.0,rollcp2,edd,0,2,2,977.334,977.4822,0.14820000000008804,0.0,0.2964000000001761,9.77334,1.0,1.0,equivalent,,,,,,,,,,,,,,,,,,,,,
emp_m_ubin,m=0.8|u_bin=0.8-1.0,edd,edd,1,24,24,746.9473333333334,746.9473333333334,0.0,0.0,0.0,7.469473333333334,1.0,1.0,reference,746.9473333333334,v1_pool,746.614,0.044646006280805235,24.0,24.0,0.3333333333333333,-1.8947806286936004e-14,1.0000000000000095,7.46614,0.4142161782425252,equivalent,1.0,,,,,,,,
emp_m_ubin,m=0.8|u_bin=1.0-1.2,pfifo,edd,1,13,13,282.4146923076923,282.4146923076923,0.0,0.0,0.0,2.824146923076923,1.0,1.0,equivalent,282.4146923076923,mlp_pool,281.26962769230767,0.4071056746437121,13.0,13.0,1.1450646153846178,0.0,3.3232707692307732,2.8126962769230768,0.5,inconclusive,0.0,,,,,,,,
emp_m_ubin,m=0.8|u_bin=1.0-1.2,wspt,edd,1,13,13,282.4146923076923,292.6983076923077,10.283615384615391,0.2646153846153844,22.248107692307713,2.824146923076923,0.125,1.0,inconclusive,292.6983076923077,mlp_pool,281.26962769230767,4.063247103417203,13.0,13.0,11.42868000000001,0.2646153846153844,24.283470538461554,2.8126962769230768,0.125,inconclusive,0.0,,,,,,,,
emp_m_ubin,m=0.8|u_bin=1.0-1.2,atc,edd,1,13,13,282.4146923076923,286.9571384615384,4.542446153846142,-0.22384615384616013,12.040084999999975,2.824146923076923,0.5,1.0,inconclusive,286.9571384615384,mlp_pool,281.26962769230767,2.0220849353320705,13.0,13.0,5.68751076923076,0.0,14.76923076923077,2.8126962769230768,0.5,inconclusive,0.0,,,,,,,,
emp_m_ubin,m=0.8|u_bin=1.0-1.2,wmdd,edd,1,13,13,282.4146923076923,284.1554,1.7407076923076987,0.0,4.501292307692333,2.824146923076923,0.5,1.0,inconclusive,284.1554,mlp_pool,281.26962769230767,1.0259807755884631,13.0,13.0,2.8857723076923163,0.0,7.930009230769254,2.8126962769230768,0.5,inconclusive,0.0,,,,,,,,
emp_m_ubin,m=0.8|u_bin=1.0-1.2,lpt,edd,1,13,13,282.4146923076923,297.32812307692313,14.913430769230803,0.0,44.63338461538471,2.824146923076923,0.5,1.0,inconclusive,297.32812307692313,mlp_pool,281.26962769230767,5.709288811724283,13.0,13.0,16.05849538461542,0.0,47.95665538461549,2.8126962769230768,0.5,inconclusive,0.0,,,,,,,,
emp_m_ubin,m=0.8|u_bin=1.0-1.2,random,edd,1,13,13,282.4146923076923,289.156,6.741307692307681,-0.20230769230769852,16.432615384615367,2.824146923076923,0.375,1.0,inconclusive,289.156,mlp_pool,281.26962769230767,2.8038478140695537,13.0,13.0,7.886372307692299,0.0,20.382412307692274,2.8126962769230768,0.25,inconclusive,0.0,,,,,,,,
emp_m_ubin,m=0.8|u_bin=1.0-1.2,mlp_pool,edd,1,13,13,282.4146923076923,281.26962769230767,-1.1450646153846178,-3.3232707692307732,0.0,2.824146923076923,0.5,1.0,inconclusive,281.26962769230767,mlp_pool,281.26962769230767,0.0,13.0,13.0,0.0,0.0,0.0,2.8126962769230768,1.0,equivalent,1.0,10.0,279.9884307692308,280.49559999999997,286.5644923076923,2.025160489549236,2.348690451385682,v2rl301,v2rl306
emp_m_ubin,m=0.8|u_bin=1.0-1.2,attn_pool,edd,1,13,13,282.4146923076923,282.84831692307694,0.43362461538461206,-2.0076184615384487,3.3390338461538316,2.824146923076923,1.0,1.0,inconclusive,282.84831692307694,mlp_pool,281.26962769230767,0.5612725567711362,13.0,13.0,1.5786892307692297,0.02646153846153842,4.082175384615382,2.8126962769230768,0.125,inconclusive,0.0,10.0,279.9884307692308,282.8168769230769,285.8367692307693,2.3018565604961876,2.0887786132701924,v2at302,v2at306
emp_m_ubin,m=0.8|u_bin=1.0-1.2,v1_pool,edd,1,13,13,282.4146923076923,281.4741230769231,-0.9405692307692299,-2.5978615384615122,0.0,2.824146923076923,0.5,1.0,equivalent,281.4741230769231,mlp_pool,281.26962769230767,0.07270439623830732,13.0,13.0,0.2044953846153878,-2.62354240896037e-14,0.6134861538461897,2.8126962769230768,1.0,equivalent,1.0,3.0,279.9884307692308,281.00584615384616,283.4280923076923,1.7669975473405812,1.2285013095046482,rl301,rl303
emp_m_ubin,m=0.8|u_bin=1.0-1.2,rollcp2,edd,0,3,3,118.0,118.02159999999999,0.021599999999997028,0.0,0.06479999999999109,1.18,1.0,1.0,equivalent,,,,,,,,,,,,,,,,,,,,,
emp_m_ubin,m=0.8|u_bin=1.0-1.2,edd,edd,1,13,13,282.4146923076923,282.4146923076923,0.0,0.0,0.0,2.824146923076923,1.0,1.0,reference,282.4146923076923,mlp_pool,281.26962769230767,0.4071056746437121,13.0,13.0,1.1450646153846178,0.0,3.3232707692307732,2.8126962769230768,0.5,inconclusive,0.0,,,,,,,,
emp_m_ubin,m=0.8|u_bin=>=1.2,pfifo,edd,1,30,30,191.53482666666665,191.53482666666665,0.0,0.0,0.0,1.9153482666666666,1.0,1.0,equivalent,191.53482666666665,lpt,191.52064000000001,0.007407382654230744,30.0,30.0,0.014186666666666764,0.0,0.04256000000000029,1.9152064,0.31731050786291415,equivalent,1.0,,,,,,,,
emp_m_ubin,m=0.8|u_bin=>=1.2,wspt,edd,1,30,30,191.53482666666665,193.54949333333334,2.0146666666666673,0.6506666666666668,3.6800999999999986,1.9153482666666666,0.027707849358079864,0.24937064422271876,inconclusive,193.54949333333334,lpt,191.52064000000001,1.0593392614672394,30.0,30.0,2.0288533333333336,0.6008320000000009,3.7600093333333335,1.9152064,0.017960477526078766,inconclusive,0.0,,,,,,,,
emp_m_ubin,m=0.8|u_bin=>=1.2,atc,edd,1,30,30,191.53482666666665,191.53482666666665,0.0,0.0,0.0,1.9153482666666666,1.0,1.0,equivalent,191.53482666666665,lpt,191.52064000000001,0.007407382654230744,30.0,30.0,0.014186666666666764,0.0,0.04256000000000029,1.9152064,0.31731050786291415,equivalent,1.0,,,,,,,,
emp_m_ubin,m=0.8|u_bin=>=1.2,wmdd,edd,1,30,30,191.53482666666665,191.53482666666665,0.0,0.0,0.0,1.9153482666666666,1.0,1.0,equivalent,191.53482666666665,lpt,191.52064000000001,0.007407382654230744,30.0,30.0,0.014186666666666764,0.0,0.04256000000000029,1.9152064,0.31731050786291415,equivalent,1.0,,,,,,,,
emp_m_ubin,m=0.8|u_bin=>=1.2,lpt,edd,1,30,30,191.53482666666665,191.52064,-0.014186666666666764,-0.04256000000000029,0.0,1.9153482666666666,0.31731050786291415,1.0,equivalent,191.52064000000001,lpt,191.52064000000001,0.0,30.0,30.0,0.0,0.0,0.0,1.9152064000000002,1.0,equivalent,1.0,,,,,,,,
emp_m_ubin,m=0.8|u_bin=>=1.2,random,edd,1,30,30,191.53482666666665,191.99194666666662,0.45712000000000047,0.016746666666667426,1.0161653333333334,1.9153482666666666,0.07961580146011343,0.5573106102207941,equivalent,191.99194666666665,lpt,191.52064000000001,0.24608661847967664,30.0,30.0,0.4713066666666672,0.03333333333333333,1.0465813333333338,1.9152064,0.07961580146011343,equivalent,1.0,,,,,,,,
emp_m_ubin,m=0.8|u_bin=>=1.2,mlp_pool,edd,1,30,30,191.53482666666665,191.54596266666664,0.011136000000004512,-0.016458666666662174,0.04653333333333783,1.9153482666666666,0.5929800980174267,1.0,equivalent,191.54596266666667,lpt,191.52064000000001,0.013221899564795471,30.0,30.0,0.025322666666671274,0.0,0.06171200000000465,1.9152064,0.10880943004054568,equivalent,1.0,10.0,191.52064000000001,191.52064000000001,191.66464,0.04860050288820925,0.07518771867094376,v2rl301,v2rl309
emp_m_ubin,m=0.8|u_bin=>=1.2,attn_pool,edd,1,30,30,191.53482666666665,191.7284813333333,0.19365466666666675,0.008352000000000004,0.42731733333333316,1.9153482666666666,0.043114446783075355,0.34491557426460284,equivalent,191.72848133333335,lpt,191.52064000000001,0.10852163679764981,30.0,30.0,0.20784133333333354,0.025025333333333514,0.43574133333333387,1.9152064,0.043114446783075355,equivalent,1.0,10.0,191.52064000000001,191.53482666666665,193.18537333333333,0.5206282832895167,0.8692187606167856,v2at305,v2at301
emp_m_ubin,m=0.8|u_bin=>=1.2,v1_pool,edd,1,30,30,191.53482666666665,191.52176444444441,-0.013062222222229674,-0.03918666666668145,0.0,1.9153482666666666,0.17971249487899976,1.0,equivalent,191.52176444444441,lpt,191.52064000000001,0.0005871139760186142,30.0,30.0,0.0011244444444370894,-2.2737367544323207e-14,0.0033733333333340054,1.9152064,0.6547208460185769,equivalent,1.0,3.0,191.50986666666668,191.52064000000001,191.53478666666666,0.012497995098463808,0.01301238439237462,rl301,rl303
emp_m_ubin,m=0.8|u_bin=>=1.2,rollcp2,edd,0,7,7,132.3166857142857,132.32,0.0033142857142861104,0.0,0.009942857142858332,1.3231668571428572,1.0,1.0,equivalent,,,,,,,,,,,,,,,,,,,,,
emp_m_ubin,m=0.8|u_bin=>=1.2,edd,edd,1,30,30,191.53482666666665,191.53482666666665,0.0,0.0,0.0,1.9153482666666666,1.0,1.0,reference,191.53482666666665,lpt,191.52064000000001,0.007407382654230744,30.0,30.0,0.014186666666666764,0.0,0.04256000000000029,1.9152064,0.31731050786291415,equivalent,1.0,,,,,,,,
emp_m_ubin,m=0.6|u_bin=<0.5,pfifo,edd,1,34,34,148.2699294117647,148.2699294117647,0.0,0.0,0.0,1.4826992941176471,1.0,1.0,equivalent,148.2699294117647,v1_pool,148.12091764705883,0.1006014323114978,34.0,34.0,0.14901176470588115,0.0,0.4470352941176434,1.4812091764705884,0.31731050786291415,equivalent,1.0,,,,,,,,
emp_m_ubin,m=0.6|u_bin=<0.5,wspt,edd,1,34,34,148.2699294117647,150.56014117647058,2.2902117647058837,0.35294117647058826,4.9294588235294166,1.4826992941176471,0.043114446783075355,0.3880300210476782,inconclusive,150.56014117647058,v1_pool,148.12091764705883,1.646778569941018,34.0,34.0,2.4392235294117652,0.35294117647058826,5.172564705882354,1.4812091764705884,0.043114446783075355,inconclusive,0.0,,,,,,,,
emp_m_ubin,m=0.6|u_bin=<0.5,atc,edd,1,34,34,148.2699294117647,148.86011764705881,0.5901882352941172,0.0,1.5372235294117633,1.4826992941176471,0.17971249487899976,1.0,inconclusive,148.86011764705881,v1_pool,148.12091764705883,0.4990517286433112,34.0,34.0,0.7391999999999984,0.0,2.011717647058819,1.4812091764705884,0.17971249487899976,inconclusive,0.0,,,,,,,,
emp_m_ubin,m=0.6|u_bin=<0.5,wmdd,edd,1,34,34,148.2699294117647,148.77188235294116,0.5019529411764703,0.0,1.270564705882352,1.4826992941176471,0.17971249487899976,1.0,equivalent,148.77188235294116,v1_pool,148.12091764705883,0.43948195583924426,34.0,34.0,0.6509647058823513,0.0,1.7175999999999954,1.4812091764705884,0.17971249487899976,inconclusive,0.0,,,,,,,,
emp_m_ubin,m=0.6|u_bin=<0.5,lpt,edd,1,34,34,148.2699294117647,149.4464,1.1764705882352942,0.0,3.411764705882353,1.4826992941176471,0.17971249487899976,1.0,inconclusive,149.4464,v1_pool,148.12091764705883,0.8948650696990189,34.0,34.0,1.3254823529411752,0.0,3.976447058823526,1.4812091764705884,0.17971249487899976,inconclusive,0.0,,,,,,,,
emp_m_ubin,m=0.6|u_bin=<0.5,random,edd,1,34,34,148.2699294117647,149.84050588235297,1.570576470588236,0.0,3.5372235294117664,1.4826992941176471,0.10880943004054568,0.7616660102838197,inconclusive,149.84050588235294,v1_pool,148.12091764705883,1.160935445587456,34.0,34.0,1.719588235294117,0.0,3.986223529411763,1.4812091764705884,0.10880943004054568,inconclusive,0.0,,,,,,,,
emp_m_ubin,m=0.6|u_bin=<0.5,mlp_pool,edd,1,34,34,148.2699294117647,148.1891505882353,-0.0807788235294115,-0.6188070588235282,0.3176470588235289,1.4826992941176471,1.0,1.0,equivalent,148.1891505882353,v1_pool,148.12091764705883,0.046065702441194775,34.0,34.0,0.06823294117646964,-0.14236000000000235,0.34705882352941125,1.4812091764705884,0.5929800980174267,equivalent,1.0,10.0,147.94444705882353,147.94444705882353,149.0032705882353,0.3706147073769556,0.7156899433952812,v2rl301,v2rl306
emp_m_ubin,m=0.6|u_bin=<0.5,attn_pool,edd,1,34,34,148.2699294117647,148.91071294117648,0.6407835294117658,0.058823529411764705,1.3113717647058838,1.4826992941176471,0.06788915486182899,0.5431132388946319,equivalent,148.91071294117648,v1_pool,148.12091764705883,0.5332098306328142,34.0,34.0,0.7897952941176468,0.058823529411764705,1.7266494117647055,1.4812091764705884,0.06788915486182899,inconclusive,0.0,10.0,147.94444705882353,149.05717647058822,149.91698823529413,0.7201670835266754,1.3332985561034905,v2at302,v2at308
emp_m_ubin,m=0.6|u_bin=<0.5,v1_pool,edd,1,34,34,148.2699294117647,148.12091764705883,-0.14901176470588115,-0.4470352941176434,0.0,1.4826992941176471,0.31731050786291415,1.0,equivalent,148.12091764705883,v1_pool,148.12091764705883,0.0,34.0,34.0,0.0,0.0,0.0,1.4812091764705884,1.0,equivalent,1.0,3.0,147.94444705882353,148.14837647058823,148.2699294117647,0.1644693915634337,0.2200030885997073,rl302,rl303
emp_m_ubin,m=0.6|u_bin=<0.5,rollcp2,edd,0,9,9,281.87982222222223,282.35639999999995,0.4765777777777771,0.01613333333333205,1.365466666666666,2.8187982222222225,0.03125,0.03125,equivalent,,,,,,,,,,,,,,,,,,,,,
emp_m_ubin,m=0.6|u_bin=<0.5,edd,edd,1,34,34,148.2699294117647,148.2699294117647,0.0,0.0,0.0,1.4826992941176471,1.0,1.0,reference,148.2699294117647,v1_pool,148.12091764705883,0.1006014323114978,34.0,34.0,0.14901176470588115,0.0,0.4470352941176434,1.4812091764705884,0.31731050786291415,equivalent,1.0,,,,,,,,
emp_m_ubin,m=0.6|u_bin=0.5-0.8,pfifo,edd,1,48,48,424.7407166666667,424.7407166666667,0.0,0.0,0.0,4.247407166666667,1.0,1.0,equivalent,424.7407166666667,mlp_pool,423.57219583333335,0.2758728842044014,48.0,48.0,1.1685208333333303,0.05942833333333223,3.016372770833336,4.235721958333333,0.17629637444051116,equivalent,1.0,,,,,,,,
emp_m_ubin,m=0.6|u_bin=0.5-0.8,wspt,edd,1,48,48,424.7407166666667,433.7403583333334,8.999641666666657,1.6386941666666666,19.84353958333332,4.247407166666667,0.002200340526906492,0.019803064742158427,inconclusive,433.7403583333333,mlp_pool,423.57219583333335,2.4005736448293438,48.0,48.0,10.168162499999987,1.7837799999999946,22.057251062499997,4.235721958333333,0.001877422094587835,inconclusive,0.0,,,,,,,,
emp_m_ubin,m=0.6|u_bin=0.5-0.8,atc,edd,1,48,48,424.7407166666667,428.50320000000005,3.762483333333345,0.05346666666666996,9.43855000000002,4.247407166666667,0.043114446783075355,0.25868668069845213,inconclusive,428.50320000000005,mlp_pool,423.57219583333335,1.16414727292604,48.0,48.0,4.931004166666676,0.12212499999999989,11.736699229166696,4.235721958333333,0.03569190011680441,inconclusive,0.0,,,,,,,,
emp_m_ubin,m=0.6|u_bin=0.5-0.8,wmdd,edd,1,48,48,424.7407166666667,427.7049541666667,2.964237500000005,0.0502333333333335,7.307416666666673,4.247407166666667,0.043114446783075355,0.25868668069845213,inconclusive,427.7049541666667,mlp_pool,423.57219583333335,0.975691599681748,48.0,48.0,4.132758333333336,0.10966166666666588,10.024486666666677,4.235721958333333,0.03569190011680441,inconclusive,0.0,,,,,,,,
emp_m_ubin,m=0.6|u_bin=0.5-0.8,lpt,edd,1,48,48,424.7407166666667,459.7131583333333,34.972441666666676,-0.3315616666666602,97.70588333333338,4.247407166666667,0.463071015014588,1.0,inconclusive,459.7131583333333,mlp_pool,423.57219583333335,8.532420884920558,48.0,48.0,36.14096250000001,0.027626666666665283,108.24620083333336,4.235721958333333,0.2620327985527309,inconclusive,0.0,,,,,,,,
emp_m_ubin,m=0.6|u_bin=0.5-0.8,random,edd,1,48,48,424.7407166666667,434.26771666666673,9.526999999999996,1.1479864583333304,23.56529979166665,4.247407166666667,0.0033456181158508813,0.02676494492680705,inconclusive,434.2677166666667,mlp_pool,423.57219583333335,2.52507622987175,48.0,48.0,10.695520833333326,1.3603552499999945,26.069739749999986,4.235721958333333,0.0028734139278525227,inconclusive,0.0,,,,,,,,
emp_m_ubin,m=0.6|u_bin=0.5-0.8,mlp_pool,edd,1,48,48,424.7407166666667,423.57219583333335,-1.1685208333333303,-3.0240750000000034,-0.059428333333332306,4.247407166666667,0.17629637444051116,0.7051854977620446,equivalent,423.57219583333335,mlp_pool,423.57219583333335,0.0,48.0,48.0,0.0,0.0,0.0,4.235721958333333,1.0,equivalent,1.0,10.0,422.37986666666666,423.3485166666667,425.15663333333333,0.786052488374141,0.657409807096232,v2rl303,v2rl309
emp_m_ubin,m=0.6|u_bin=0.5-0.8,attn_pool,edd,1,48,48,424.7407166666667,428.2763058333333,3.5355891666666692,0.20910264583333282,9.421396583333333,4.247407166666667,0.005213241256099401,0.03649268879269581,inconclusive,428.2763058333333,mlp_pool,423.57219583333335,1.110580450339787,48.0,48.0,4.704109999999999,0.3666909166666655,11.393937416666663,4.235721958333333,0.002217721464237049,inconclusive,0.0,10.0,423.01489999999995,428.23992499999997,435.8061,3.49566969212149,3.0238178371494895,v2at302,v2at301
emp_m_ubin,m=0.6|u_bin=0.5-0.8,v1_pool,edd,1,48,48,424.7407166666667,424.2557152777778,-0.48500138888888955,-2.085233333333344,0.7854736111111199,4.247407166666667,0.5001842570707944,1.0,equivalent,424.2557152777778,mlp_pool,423.57219583333335,0.1613702342052266,48.0,48.0,0.6835194444444408,0.0031411111111054137,1.8542866666666633,4.235721958333333,0.17552335081205495,equivalent,1.0,3.0,422.7670166666667,424.3874791666667,425.61265000000003,1.4273852173662926,0.6730972902687427,rl301,rl303
emp_m_ubin,m=0.6|u_bin=0.5-0.8,rollcp2,edd,0,18,18,455.49217777777784,455.6068888888888,0.11471111111110055,-1.2507888888888874,1.5488227777777726,4.554921777777778,0.08583095844428565,0.08583095844428565,equivalent,,,,,,,,,,,,,,,,,,,,,
emp_m_ubin,m=0.6|u_bin=0.5-0.8,edd,edd,1,48,48,424.7407166666667,424.7407166666667,0.0,0.0,0.0,4.247407166666667,1.0,1.0,reference,424.7407166666667,mlp_pool,423.57219583333335,0.2758728842044014,48.0,48.0,1.1685208333333303,0.05942833333333238,3.0542700833333356,4.235721958333333,0.17629637444051116,equivalent,1.0,,,,,,,,
emp_m_ubin,m=0.6|u_bin=0.8-1.0,pfifo,edd,1,27,27,683.4089481481482,683.4089481481482,0.0,0.0,0.0,6.834089481481482,1.0,1.0,equivalent,683.4089481481482,v1_pool,679.2475432098765,0.6126492439864185,27.0,27.0,4.1614049382716045,0.3673474691358232,9.690803395061792,6.792475432098764,0.050612432239184685,inconclusive,0.0,,,,,,,,
emp_m_ubin,m=0.6|u_bin=0.8-1.0,wspt,edd,1,27,27,683.4089481481482,697.3408296296298,13.93188148148149,-1.0974211111111116,31.868096481481505,6.834089481481482,0.02285662637668524,0.18285301101348192,inconclusive,697.3408296296298,v1_pool,679.2475432098765,2.663724970465249,27.0,27.0,18.093286419753095,1.8195121604938478,39.88617604938273,6.792475432098764,0.013103614110038467,inconclusive,0.0,,,,,,,,
emp_m_ubin,m=0.6|u_bin=0.8-1.0,atc,edd,1,27,27,683.4089481481482,688.3666518518518,4.957703703703721,-5.254072592592594,15.762587407407457,6.834089481481482,0.2626182904425206,0.5252365808850412,inconclusive,688.3666518518519,v1_pool,679.2475432098765,1.342530971681069,27.0,27.0,9.119108641975323,-1.8610880864197399,23.183427592592672,6.792475432098764,0.06188375105213765,inconclusive,0.0,,,,,,,,
emp_m_ubin,m=0.6|u_bin=0.8-1.0,wmdd,edd,1,27,27,683.4089481481482,689.6335185185185,6.224570370370396,1.558555555555552,11.914457037037062,6.834089481481482,0.027707849358079864,0.18361866084226075,inconclusive,689.6335185185185,v1_pool,679.2475432098765,1.5290412769933048,27.0,27.0,10.385975308642001,2.2950739506173123,20.650395000000017,6.792475432098764,0.038151710173415135,inconclusive,0.0,,,,,,,,
emp_m_ubin,m=0.6|u_bin=0.8-1.0,lpt,edd,1,27,27,683.4089481481482,763.7500444444444,80.3410962962963,22.47623444444444,159.17055962962968,6.834089481481482,0.005062032126267864,0.04555828913641078,worse,763.7500444444444,v1_pool,679.2475432098765,12.44060461893462,27.0,27.0,84.5025012345679,25.055179506172855,166.60009820987656,6.792475432098764,0.0033456181158508813,worse,0.0,,,,,,,,
emp_m_ubin,m=0.6|u_bin=0.8-1.0,random,edd,1,27,27,683.4089481481482,701.8650518518518,18.456103703703704,0.8351418518518487,39.6386961111111,6.834089481481482,0.026231237263180107,0.18361866084226075,inconclusive,701.8650518518518,v1_pool,679.2475432098765,3.3297888035182552,27.0,27.0,22.61750864197531,3.269237407407464,47.04810827160488,6.792475432098764,0.018602929901135743,inconclusive,0.0,,,,,,,,
emp_m_ubin,m=0.6|u_bin=0.8-1.0,mlp_pool,edd,1,27,27,683.4089481481482,681.373648888889,-2.0352992592592276,-4.964499870370326,0.5341318518518686,6.834089481481482,0.16142946236708333,0.48428838710125,equivalent,681.373648888889,v1_pool,679.2475432098765,0.3130089612051042,27.0,27.0,2.126105679012377,0.15677407407410512,4.972417734567949,6.792475432098764,0.038151710173415135,equivalent,1.0,10.0,677.0946740740741,680.1249222222223,687.5044814814814,3.6218855535803147,1.5374227277216157,v2rl305,v2rl309
emp_m_ubin,m=0.6|u_bin=0.8-1.0,attn_pool,edd,1,27,27,683.4089481481482,687.7578155555557,4.348867407407398,-3.37202564814815,12.888577259259206,6.834089481481482,0.09948088075636449,0.39792352302545797,inconclusive,687.7578155555556,v1_pool,679.2475432098765,1.2528970374280015,27.0,27.0,8.510272345679002,-0.0509736728394925,20.829173160493816,6.792475432098764,0.013103614110038467,inconclusive,0.0,10.0,679.0328666666667,688.2979592592592,692.4862296296296,4.116842603503384,1.9812535774600626,v2at302,v2at304
emp_m_ubin,m=0.6|u_bin=0.8-1.0,v1_pool,edd,1,27,27,683.4089481481482,679.2475432098764,-4.1614049382716045,-9.711608209876538,-0.3380456790123388,6.834089481481482,0.050612432239184685,0.2530621611959234,inconclusive,679.2475432098765,v1_pool,679.2475432098765,0.0,27.0,27.0,0.0,0.0,0.0,6.792475432098765,1.0,equivalent,1.0,3.0,678.9031925925926,679.0075333333334,679.8319037037037,0.508753022206239,0.13679580848109385,rl302,rl301
emp_m_ubin,m=0.6|u_bin=0.8-1.0,rollcp2,edd,0,8,8,1098.49945,1094.8131,-3.6863499999999725,-10.266424999999913,0.6555000000000248,10.9849945,0.8125,0.8125,equivalent,,,,,,,,,,,,,,,,,,,,,
emp_m_ubin,m=0.6|u_bin=0.8-1.0,edd,edd,1,27,27,683.4089481481482,683.4089481481482,0.0,0.0,0.0,6.834089481481482,1.0,1.0,reference,683.4089481481482,v1_pool,679.2475432098765,0.6126492439864185,27.0,27.0,4.1614049382716045,0.3877022839506364,9.669160370370367,6.792475432098764,0.050612432239184685,inconclusive,0.0,,,,,,,,
emp_m_ubin,m=0.6|u_bin=1.0-1.2,pfifo,edd,1,18,18,1044.3244222222224,1044.3244222222224,0.0,0.0,0.0,10.443244222222225,1.0,1.0,equivalent,1044.3244222222222,edd,1044.3244222222222,0.0,18.0,18.0,0.0,0.0,0.0,10.443244222222225,1.0,equivalent,1.0,,,,,,,,
emp_m_ubin,m=0.6|u_bin=1.0-1.2,wspt,edd,1,18,18,1044.3244222222224,1075.715588888889,31.391166666666624,5.799163611111122,75.13887666666658,10.443244222222225,0.007685794055213263,0.06219386827033319,inconclusive,1075.715588888889,edd,1044.3244222222222,3.0058826547280573,18.0,18.0,31.391166666666624,5.781872499999962,75.04705972222214,10.443244222222225,0.007685794055213263,inconclusive,0.0,,,,,,,,
emp_m_ubin,m=0.6|u_bin=1.0-1.2,atc,edd,1,18,18,1044.3244222222224,1055.6066222222223,11.282200000000016,1.5601333333333338,27.309021666666688,10.443244222222225,0.027991815485665747,0.16624709614847918,inconclusive,1055.6066222222225,edd,1044.3244222222222,1.0803347848547764,18.0,18.0,11.282200000000016,1.5992222222222254,27.437288888888943,10.443244222222225,0.027991815485665747,inconclusive,0.0,,,,,,,,
emp_m_ubin,m=0.6|u_bin=1.0-1.2,wmdd,edd,1,18,18,1044.3244222222224,1052.3241222222223,7.999699999999923,0.8243111111110895,19.35539749999982,10.443244222222225,0.027707849358079864,0.16624709614847918,inconclusive,1052.3241222222223,edd,1044.3244222222222,0.7660167501376135,18.0,18.0,7.999699999999923,0.8290886111110604,19.46994138888869,10.443244222222225,0.027707849358079864,inconclusive,0.0,,,,,,,,
emp_m_ubin,m=0.6|u_bin=1.0-1.2,lpt,edd,1,18,18,1044.3244222222224,1505.7630444444444,461.43862222222197,11.023764444444412,1340.6265755555548,10.443244222222225,0.02182427562605354,0.15276992938237477,worse,1505.7630444444444,edd,1044.3244222222222,44.18537117424919,18.0,18.0,461.43862222222197,11.047807222222183,1339.9922738888881,10.443244222222225,0.02182427562605354,worse,0.0,,,,,,,,
emp_m_ubin,m=0.6|u_bin=1.0-1.2,random,edd,1,18,18,1044.3244222222224,1218.6678111111114,174.34338888888885,11.051664166666631,488.24128444444443,10.443244222222225,0.0069104298078147995,0.06219386827033319,worse,1218.6678111111112,edd,1044.3244222222222,16.694370559476425,18.0,18.0,174.34338888888885,11.419877777777762,488.066021111111,10.443244222222225,0.0069104298078147995,worse,0.0,,,,,,,,
emp_m_ubin,m=0.6|u_bin=1.0-1.2,mlp_pool,edd,1,18,18,1044.3244222222224,1051.061307777778,6.736885555555526,-0.7937527222222371,17.579110055555482,10.443244222222225,0.4838398513935682,1.0,inconclusive,1051.0613077777778,edd,1044.3244222222222,0.6450950884802731,18.0,18.0,6.736885555555526,-0.8017171666666815,17.571875555555494,10.443244222222225,0.4838398513935682,inconclusive,0.0,10.0,1039.1574666666666,1050.1825777777779,1064.557111111111,7.970356113339259,2.444253663106477,v2rl304,v2rl306
emp_m_ubin,m=0.6|u_bin=1.0-1.2,attn_pool,edd,1,18,18,1044.3244222222224,1059.3702811111111,15.045858888888798,1.2632682222221834,38.24392066666648,10.443244222222225,0.0687035743228782,0.2748142972915128,inconclusive,1059.3702811111111,edd,1044.3244222222222,1.440726518381402,18.0,18.0,15.045858888888798,1.2391304444444076,38.12504055555539,10.443244222222225,0.0687035743228782,inconclusive,0.0,10.0,1047.8371555555557,1055.4504277777778,1084.980888888889,11.49823301853282,3.544800175905194,v2at310,v2at305
emp_m_ubin,m=0.6|u_bin=1.0-1.2,v1_pool,edd,1,18,18,1044.3244222222224,1048.881377777778,4.556955555555575,-1.135770555555558,12.705348148148143,10.443244222222225,0.9056129970352024,1.0,inconclusive,1048.881377777778,edd,1044.3244222222222,0.43635439893850186,18.0,18.0,4.556955555555575,-1.1524299999999768,12.71311981481485,10.443244222222225,0.9056129970352024,inconclusive,0.0,3.0,1043.8510666666666,1050.2483000000002,1052.5447666666669,4.505159508131206,0.8328486962955184,rl301,rl303
emp_m_ubin,m=0.6|u_bin=1.0-1.2,rollcp2,edd,0,3,3,1236.5004000000001,1233.7630000000001,-2.7373999999999037,-7.989599999999655,0.0,12.365004,0.5,0.5,equivalent,,,,,,,,,,,,,,,,,,,,,
emp_m_ubin,m=0.6|u_bin=1.0-1.2,edd,edd,1,18,18,1044.3244222222224,1044.3244222222224,0.0,0.0,0.0,10.443244222222225,1.0,1.0,reference,1044.3244222222222,edd,1044.3244222222222,0.0,18.0,18.0,0.0,0.0,0.0,10.443244222222223,1.0,equivalent,1.0,,,,,,,,
emp_m_ubin,m=0.6|u_bin=>=1.2,pfifo,edd,1,53,53,351.5063471698113,351.5063471698113,0.0,0.0,0.0,3.515063471698113,1.0,1.0,equivalent,351.5063471698113,v1_pool,349.7550666666667,0.5007162640516196,53.0,53.0,1.7512805031446437,-0.5600251572326951,5.005098616352175,3.497550666666667,0.30962890273063304,inconclusive,0.0,,,,,,,,
emp_m_ubin,m=0.6|u_bin=>=1.2,wspt,edd,1,53,53,351.5063471698113,365.0973471698113,13.591000000000026,4.1785617924528315,25.74083943396231,3.515063471698113,0.0002930525201924893,0.0026374726817324037,worse,365.0973471698113,v1_pool,349.7550666666667,4.386578484584619,53.0,53.0,15.342280503144668,4.514053207547179,29.56924654088055,3.497550666666667,0.00019643672621231134,worse,0.0,,,,,,,,
emp_m_ubin,m=0.6|u_bin=>=1.2,atc,edd,1,53,53,351.5063471698113,357.41662264150955,5.9102754716981245,0.21225660377358413,13.01705216981133,3.515063471698113,0.027707849358079864,0.16624709614847918,inconclusive,357.4166226415095,v1_pool,349.7550666666667,2.1905489598366845,53.0,53.0,7.661555974842769,0.9826050314465706,16.345203113207535,3.497550666666667,0.011616044899262472,inconclusive,0.0,,,,,,,,
emp_m_ubin,m=0.6|u_bin=>=1.2,wmdd,edd,1,53,53,351.5063471698113,354.0573924528302,2.551045283018866,0.13854716981131895,5.602456603773582,3.515063471698113,0.043114446783075355,0.21557223391537678,inconclusive,354.0573924528302,v1_pool,349.7550666666667,1.230096772340338,53.0,53.0,4.30232578616351,0.6222251572327064,9.447964779874162,3.497550666666667,0.03546586462402558,inconclusive,0.0,,,,,,,,
emp_m_ubin,m=0.6|u_bin=>=1.2,lpt,edd,1,53,53,351.5063471698113,410.23518867924537,58.72884150943398,0.0,164.40315094339627,3.515063471698113,0.13801073756865956,0.5520429502746382,inconclusive,410.2351886792453,v1_pool,349.7550666666667,17.292136062240104,53.0,53.0,60.48012201257862,0.773865408805047,164.5213319496854,3.497550666666667,0.01775592261403605,inconclusive,0.0,,,,,,,,
emp_m_ubin,m=0.6|u_bin=>=1.2,random,edd,1,53,53,351.5063471698113,366.99856226415096,15.492215094339642,3.6287104716981107,30.55157679245287,3.515063471698113,0.0006549583433856954,0.005239666747085563,worse,366.99856226415096,v1_pool,349.7550666666667,4.930163203016045,53.0,53.0,17.243495597484287,4.547179339622639,33.05595025157235,3.497550666666667,0.00043777719457466354,worse,0.0,,,,,,,,
emp_m_ubin,m=0.6|u_bin=>=1.2,mlp_pool,edd,1,53,53,351.5063471698113,350.0224550943397,-1.4838920754716836,-4.237493575471629,0.5276462264150874,3.515063471698113,0.9593272374483622,1.0,inconclusive,350.0224550943397,v1_pool,349.7550666666667,0.0764501941948471,53.0,53.0,0.2673884276729604,-0.09186826729559677,0.8209123144654195,3.497550666666667,0.05917104905405072,equivalent,1.0,10.0,348.9381283018868,349.6311094339623,351.3652150943397,0.8329806691236914,0.6955636531508658,v2rl307,v2rl309
emp_m_ubin,m=0.6|u_bin=>=1.2,attn_pool,edd,1,53,53,351.5063471698113,353.6050709433962,2.0987237735849225,-0.4810093773584722,5.194623113207586,3.515063471698113,0.008971156804419326,0.06279809763093527,inconclusive,353.60507094339624,v1_pool,349.7550666666667,1.1007715523385853,53.0,53.0,3.850004276729566,0.7184278867924561,8.162042125786192,3.497550666666667,0.000803313257091444,inconclusive,0.0,10.0,349.3738943396226,353.32965471698117,359.67523773584907,3.076829838957202,2.9485154910322553,v2at302,v2at301
emp_m_ubin,m=0.6|u_bin=>=1.2,v1_pool,edd,1,53,53,351.5063471698113,349.7550666666667,-1.7512805031446437,-4.863001886792428,0.5600251572326993,3.515063471698113,0.30962890273063304,0.9288867081918991,inconclusive,349.7550666666667,v1_pool,349.7550666666667,0.0,53.0,53.0,0.0,0.0,0.0,3.497550666666667,1.0,equivalent,1.0,3.0,348.74434716981136,349.986641509434,350.5342113207547,0.9171279085057104,0.5132310144863261,rl301,rl302
emp_m_ubin,m=0.6|u_bin=>=1.2,rollcp2,edd,0,10,10,128.02168,128.03047999999998,0.008799999999999386,0.0,0.021759999999997604,1.2802168,0.5,0.5,equivalent,,,,,,,,,,,,,,,,,,,,,
emp_m_ubin,m=0.6|u_bin=>=1.2,edd,edd,1,53,53,351.5063471698113,351.5063471698113,0.0,0.0,0.0,3.515063471698113,1.0,1.0,reference,351.5063471698113,v1_pool,349.7550666666667,0.5007162640516196,53.0,53.0,1.7512805031446437,-0.5600251572326906,4.9804276729559245,3.497550666666667,0.30962890273063304,inconclusive,0.0,,,,,,,,
gen_all,ALL,pfifo,edd,1,300,300,3334.1229350000003,3333.9263703333336,-0.1965646666667082,-0.6150586666667164,0.026229999999904975,33.341229350000006,0.6858304344516057,0.6858304344516057,equivalent,3333.9263703333336,pfifo,3333.9263703333336,0.0,300.0,300.0,0.0,0.0,0.0,33.33926370333334,1.0,equivalent,1.0,,,,,,,,
gen_all,ALL,wspt,edd,1,300,300,3334.1229350000003,4064.612578999999,730.4896440000001,616.0105974083338,856.5351366083335,33.341229350000006,1.3508547588343867e-46,9.455983311840707e-46,worse,4064.612579,pfifo,3333.9263703333336,21.91668703810069,300.0,300.0,730.686208666667,610.4370711166669,857.2387973666667,33.33926370333334,1.3508547588343867e-46,worse,0.0,,,,,,,,
gen_all,ALL,atc,edd,1,300,300,3334.1229350000003,3357.982747666667,23.859812666666866,6.631945216666783,39.0460808166668,33.341229350000006,6.253037774041004e-14,1.2506075548082008e-13,inconclusive,3357.982747666667,pfifo,3333.9263703333336,0.721562945942568,300.0,300.0,24.05637733333358,7.015702550000123,39.47455726666711,33.33926370333334,5.3906770261947166e-14,inconclusive,0.0,,,,,,,,
gen_all,ALL,wmdd,edd,1,300,300,3334.1229350000003,3354.937094666667,20.814159666666555,3.916745574999921,35.342529324999866,33.341229350000006,2.8502828543799555e-14,8.550848563139866e-14,inconclusive,3354.9370946666663,pfifo,3333.9263703333336,0.6302096087152652,300.0,300.0,21.010724333333265,3.888506558333344,35.87147335000004,33.33926370333334,1.73587956871021e-14,inconclusive,0.0,,,,,,,,
gen_all,ALL,lpt,edd,1,300,300,3334.1229350000003,43030.63908933333,39696.51615433333,33896.155551791664,45704.663159749995,33.341229350000006,5.646719428560811e-49,5.08204748570473e-48,worse,43030.63908933334,pfifo,3333.9263703333336,1190.6895446833469,300.0,300.0,39696.712719,33984.7201303,45724.45284421666,33.33926370333334,5.646719428560811e-49,worse,0.0,,,,,,,,
gen_all,ALL,random,edd,1,300,300,3334.1229350000003,13236.397561333331,9902.27462633333,8231.783004158333,11693.673689474997,33.341229350000006,1.526148886523596e-45,9.156893319141576e-45,worse,13236.397561333331,pfifo,3333.9263703333336,297.0212923451553,300.0,300.0,9902.471190999997,8191.311885449999,11685.339074475,33.33926370333334,1.526148886523596e-45,worse,0.0,,,,,,,,
gen_all,ALL,mlp_pool,edd,1,300,300,3334.1229350000003,3477.7854378333336,143.66250283333346,103.95818979500008,188.35099800333344,33.341229350000006,6.079458174025584e-29,2.4317832696102337e-28,worse,3477.7854378333336,pfifo,3333.9263703333336,4.315004337831752,300.0,300.0,143.85906750000018,104.92391494000015,187.99854182500016,33.33926370333334,6.079458174025584e-29,worse,0.0,10.0,3327.4247600000003,3376.449342666667,3978.4179933333335,250.205237915368,19.564476443137767,v2rl310,v2rl303
gen_all,ALL,attn_pool,edd,1,300,300,3334.1229350000003,3931.6616058,597.5386708000001,512.0866386091668,688.8410166450003,33.341229350000006,1.449576374452419e-48,1.1596610995619352e-47,worse,3931.6616058,pfifo,3333.9263703333336,17.928867319493424,300.0,300.0,597.7352354666668,509.7835418850003,690.3961972683336,33.33926370333334,1.449576374452419e-48,worse,0.0,10.0,3342.6492893333334,3504.9437523333336,6897.662659666667,1097.0613402867073,106.35316668361448,v2at310,v2at301
gen_all,ALL,v1_pool,edd,1,300,300,3334.1229350000003,4026.607521444444,692.4845864444443,558.5056671333334,835.2800193833332,33.341229350000006,2.4496480156397147e-38,1.2248240078198573e-37,worse,4026.607521444444,pfifo,3333.9263703333336,20.776738120999795,300.0,300.0,692.681151111111,561.0501445666663,832.3506531472219,33.33926370333334,1.4816648190718014e-38,worse,0.0,3.0,3330.7672553333337,4058.342224,4690.713084999999,680.5280915705509,40.82980663056166,rl301,rl303
gen_all,ALL,edd,edd,1,300,300,3334.122935,3334.122935,0.0,0.0,0.0,33.34122935,1.0,1.0,reference,3334.122935,pfifo,3333.9263703333336,0.005895891055525548,300.0,300.0,0.1965646666667082,-0.02426799999991393,0.6155686666667172,33.33926370333334,0.6858304344516057,equivalent,1.0,,,,,,,,
gen_utarget,u_target=0.7,pfifo,edd,1,60,60,2258.26579,2258.26579,0.0,0.0,0.0,22.5826579,1.0,1.0,equivalent,2258.26579,mlp_pool,2258.038578333333,0.010062346535925689,60.0,60.0,0.22721166666665446,-0.5355324249999776,0.9666148666666626,22.58038578333333,0.3539660363660794,equivalent,1.0,,,,,,,,
gen_utarget,u_target=0.7,wspt,edd,1,60,60,2258.26579,2269.0487866666667,10.782996666666834,5.7256560833335595,17.383900083333483,22.5826579,2.1906265066619186e-06,1.314375903997151e-05,equivalent,2269.0487866666667,mlp_pool,2258.038578333333,0.4876005414159164,60.0,60.0,11.01020833333349,5.958571408333408,17.587379925000253,22.58038578333333,2.6348758113416766e-06,equivalent,1.0,,,,,,,,
gen_utarget,u_target=0.7,atc,edd,1,60,60,2258.26579,2258.745656666667,0.4798666666667536,-0.7072768333332435,1.7446887500001542,22.5826579,0.6807963540832085,1.0,equivalent,2258.7456566666665,mlp_pool,2258.038578333333,0.03131382874136959,60.0,60.0,0.7070783333334081,-0.41807300833327765,1.9827152750000931,22.58038578333333,0.646509942416081,equivalent,1.0,,,,,,,,
gen_utarget,u_target=0.7,wmdd,edd,1,60,60,2258.26579,2259.15484,0.8890499999999065,0.31556941666671123,1.6201352499997808,22.5826579,0.0014737808438751421,0.007368904219375711,equivalent,2259.15484,mlp_pool,2258.038578333333,0.0494350130851587,60.0,60.0,1.1162616666665608,0.1495759500000181,2.2105412333332524,22.58038578333333,0.027843774894231732,equivalent,1.0,,,,,,,,
gen_utarget,u_target=0.7,lpt,edd,1,60,60,2258.26579,2574.50371,316.2379200000002,200.92274833333346,454.9137483333335,22.5826579,1.1812325186599061e-09,1.0631092667939155e-08,worse,2574.50371,mlp_pool,2258.038578333333,14.015045389536743,60.0,60.0,316.4651316666669,202.18110113333364,456.4289449916667,22.58038578333333,1.1100954635085601e-09,worse,0.0,,,,,,,,
gen_utarget,u_target=0.7,random,edd,1,60,60,2258.26579,2304.0525633333327,45.78677333333322,23.993026916666548,73.64706433333323,22.5826579,7.739732463297963e-08,5.417812724308575e-07,worse,2304.052563333333,mlp_pool,2258.038578333333,2.037785600366631,60.0,60.0,46.01398499999987,24.059503349999833,73.31948909999994,22.58038578333333,8.813115083091411e-08,worse,0.0,,,,,,,,
gen_utarget,u_target=0.7,mlp_pool,edd,1,60,60,2258.26579,2258.038578333333,-0.22721166666665446,-0.982841216666557,0.5232412583334568,22.5826579,0.3539660363660794,1.0,equivalent,2258.038578333333,mlp_pool,2258.038578333333,0.0,60.0,60.0,0.0,0.0,0.0,22.58038578333333,1.0,equivalent,1.0,10.0,2257.5426033333333,2257.82229,2259.7019233333335,0.6568457392350878,0.0956491362250178,v2rl307,v2rl303
gen_utarget,u_target=0.7,attn_pool,edd,1,60,60,2258.26579,2268.171578333333,9.905788333333385,5.36504012500012,15.998777708333268,22.5826579,8.056282097638929e-09,6.445025678111143e-08,equivalent,2268.1715783333334,mlp_pool,2258.038578333333,0.4487522975572663,60.0,60.0,10.13300000000004,5.6325446666666545,16.418230316666637,22.58038578333333,9.092251284717495e-08,equivalent,1.0,10.0,2257.57335,2260.53729,2334.254026666667,23.37113992695769,3.3965973538209404,v2at302,v2at301
gen_utarget,u_target=0.7,v1_pool,edd,1,60,60,2258.26579,2260.3180300000004,2.052240000000057,-0.2798867499999784,5.072831666666636,22.5826579,0.7880636259032816,1.0,equivalent,2260.3180300000004,mlp_pool,2258.038578333333,0.10094830480485856,60.0,60.0,2.279451666666712,0.12086858888884344,5.2470656583334065,22.58038578333333,0.12870964834139376,equivalent,1.0,3.0,2257.4997200000003,2259.88127,2263.5731,3.060156144594516,0.2690312626040914,rl301,rl302
gen_utarget,u_target=0.7,edd,edd,1,60,60,2258.2657899999995,2258.2657899999995,0.0,0.0,0.0,22.582657899999994,1.0,1.0,reference,2258.26579,mlp_pool,2258.038578333333,0.010062346535925689,60.0,60.0,0.22721166666665446,-0.5354669583332584,1.0008429250000406,22.58038578333333,0.3539660363660794,equivalent,1.0,,,,,,,,
gen_utarget,u_target=0.9,pfifo,edd,1,60,60,3000.471016666667,3000.471016666667,0.0,0.0,0.0,30.00471016666667,1.0,1.0,equivalent,3000.471016666667,edd,3000.471016666667,0.0,60.0,60.0,0.0,0.0,0.0,30.00471016666667,1.0,equivalent,1.0,,,,,,,,
gen_utarget,u_target=0.9,wspt,edd,1,60,60,3000.471016666667,3214.8376066666674,214.36659000000014,153.91781500000056,278.7519214166667,30.00471016666667,5.143753751233159e-11,3.6006276258632115e-10,worse,3214.837606666667,edd,3000.471016666667,7.144431284597035,60.0,60.0,214.36659000000014,154.32774833333306,278.53059074999993,30.00471016666667,5.143753751233159e-11,worse,0.0,,,,,,,,
gen_utarget,u_target=0.9,atc,edd,1,60,60,3000.471016666667,3011.7549599999998,11.283943333333362,5.493442916666769,17.625020416666512,30.00471016666667,4.138725435993392e-05,0.0001655490174397357,equivalent,3011.75496,edd,3000.471016666667,0.3760723989885128,60.0,60.0,11.283943333333362,5.618534583333262,17.603581500000104,30.00471016666667,4.138725435993392e-05,equivalent,1.0,,,,,,,,
gen_utarget,u_target=0.9,wmdd,edd,1,60,60,3000.471016666667,3008.92093,8.44991333333323,4.741054999999743,12.660687666666458,30.00471016666667,6.97777990772386e-05,0.0002093333972317158,equivalent,3008.9209299999998,edd,3000.471016666667,0.28161956194198584,60.0,60.0,8.44991333333323,4.76388208333321,12.675711666666382,30.00471016666667,6.97777990772386e-05,equivalent,1.0,,,,,,,,
gen_utarget,u_target=0.9,lpt,edd,1,60,60,3000.471016666667,16524.004736666666,13523.533720000001,10714.114204750002,16358.838059166665,30.00471016666667,2.3900953516978203e-11,2.1510858165280383e-10,worse,16524.004736666666,edd,3000.471016666667,450.71369277960196,60.0,60.0,13523.533720000001,10834.355796250002,16338.69704275,30.00471016666667,2.3900953516978203e-11,worse,0.0,,,,,,,,
gen_utarget,u_target=0.9,random,edd,1,60,60,3000.471016666667,4924.664566666667,1924.1935500000002,1496.2179640833328,2371.8902845,30.00471016666667,5.145276051717656e-10,3.0871656310305934e-09,worse,4924.664566666667,edd,3000.471016666667,64.12971627826812,60.0,60.0,1924.1935500000002,1489.2750891666672,2364.835498,30.00471016666667,5.145276051717656e-10,worse,0.0,,,,,,,,
gen_utarget,u_target=0.9,mlp_pool,edd,1,60,60,3000.471016666667,3006.3504020000005,5.879385333333376,-0.30042407500004825,11.802231108333435,30.00471016666667,0.015590881445035504,0.031181762890071008,equivalent,3006.3504020000005,edd,3000.471016666667,0.19594874606938395,60.0,60.0,5.879385333333376,-0.39876575000012116,11.898681300000066,30.00471016666667,0.015590881445035504,equivalent,1.0,10.0,2990.81525,2993.8152966666667,3065.29547,27.42540450860486,2.490298255634471,v2rl301,v2rl303
gen_utarget,u_target=0.9,attn_pool,edd,1,60,60,3000.471016666667,3218.8678233333335,218.3968066666667,180.70581829999992,256.3589579999999,30.00471016666667,2.3900953516978203e-11,2.1510858165280383e-10,worse,3218.8678233333335,edd,3000.471016666667,7.2787507512501035,60.0,60.0,218.3968066666667,181.83531466666653,256.66721501666655,30.00471016666667,2.3900953516978203e-11,worse,0.0,10.0,2990.305363333334,3043.2128000000002,4626.060289999999,499.2116675604988,54.70193602044935,v2at302,v2at301
gen_utarget,u_target=0.9,v1_pool,edd,1,60,60,3000.471016666667,3072.347944444445,71.87692777777777,44.08833938888887,104.69747569444407,30.00471016666667,9.882513428414918e-08,4.941256714207458e-07,worse,3072.3479444444447,edd,3000.471016666667,2.3955214824114033,60.0,60.0,71.87692777777777,43.41441661111117,103.72077294444448,30.00471016666667,9.882513428414918e-08,worse,0.0,3.0,2991.6407800000006,3071.2015733333333,3154.20148,81.28641289395021,5.4338308625409,rl301,rl302
gen_utarget,u_target=0.9,edd,edd,1,60,60,3000.4710166666673,3000.4710166666673,0.0,0.0,0.0,30.004710166666673,1.0,1.0,reference,3000.471016666667,edd,3000.471016666667,0.0,60.0,60.0,0.0,0.0,0.0,30.00471016666667,1.0,equivalent,1.0,,,,,,,,
gen_utarget,u_target=1.0,pfifo,edd,1,60,60,3120.22592,3120.22592,0.0,0.0,0.0,31.2022592,1.0,1.0,equivalent,3120.22592,edd,3120.22592,0.0,60.0,60.0,0.0,0.0,0.0,31.2022592,1.0,equivalent,1.0,,,,,,,,
gen_utarget,u_target=1.0,wspt,edd,1,60,60,3120.22592,3527.015606666667,406.7896866666666,313.6462527500002,507.6045922499998,31.2022592,1.6295557943119345e-11,1.4666002148807411e-10,worse,3527.015606666667,edd,3120.22592,13.037186956855578,60.0,60.0,406.7896866666666,311.8730219166668,507.2694394166666,31.2022592,1.6295557943119345e-11,worse,0.0,,,,,,,,
gen_utarget,u_target=1.0,atc,edd,1,60,60,3120.22592,3141.090583333333,20.864663333333233,11.318422500000047,31.60558749999977,31.2022592,6.598349333852976e-05,0.00013196698667705952,inconclusive,3141.090583333333,edd,3120.22592,0.6686907893301932,60.0,60.0,20.864663333333233,11.273137749999812,31.63461533333338,31.2022592,6.598349333852976e-05,inconclusive,0.0,,,,,,,,
gen_utarget,u_target=1.0,wmdd,edd,1,60,60,3120.22592,3139.4984933333326,19.27257333333305,10.675369166666421,28.894135333333168,31.2022592,4.009964816469138e-05,0.00012029894449407413,equivalent,3139.498493333333,edd,3120.22592,0.6176659584102546,60.0,60.0,19.27257333333305,10.548013249999647,29.048040083332545,31.2022592,4.009964816469138e-05,equivalent,1.0,,,,,,,,
gen_utarget,u_target=1.0,lpt,edd,1,60,60,3120.22592,29770.909659999998,26650.683739999997,21757.283931416663,31574.756214833327,31.2022592,1.6295557943119345e-11,1.4666002148807411e-10,worse,29770.909659999998,edd,3120.22592,854.1267338744497,60.0,60.0,26650.683739999997,21765.125899666662,31590.26519941666,31.2022592,1.6295557943119345e-11,worse,0.0,,,,,,,,
gen_utarget,u_target=1.0,random,edd,1,60,60,3120.22592,8149.989089999999,5029.76317,3979.7332754999993,6192.263105499999,31.2022592,3.5060510731588664e-11,2.1036306438953199e-10,worse,8149.989089999999,edd,3120.22592,161.19868557466503,60.0,60.0,5029.76317,3960.6746488333324,6168.576125333332,31.2022592,3.5060510731588664e-11,worse,0.0,,,,,,,,
gen_utarget,u_target=1.0,mlp_pool,edd,1,60,60,3120.22592,3143.022665666667,22.796745666666705,14.667665350000268,32.25645610833335,31.2022592,6.98492037969754e-07,2.793968151879016e-06,inconclusive,3143.0226656666664,edd,3120.22592,0.7306120214098645,60.0,60.0,22.796745666666705,14.554575883333523,32.56857396666675,31.2022592,6.98492037969754e-07,inconclusive,0.0,10.0,3108.184146666667,3115.51043,3276.3831999999998,62.0083972082348,5.411489326130048,v2rl310,v2rl303
gen_utarget,u_target=1.0,attn_pool,edd,1,60,60,3120.22592,3529.8978383333333,409.6719183333332,343.92273237499995,480.27259464166633,31.2022592,1.6295557943119345e-11,1.4666002148807411e-10,worse,3529.8978383333333,edd,3120.22592,13.12955948822236,60.0,60.0,409.6719183333332,341.68272025833323,480.857271,31.2022592,1.6295557943119345e-11,worse,0.0,10.0,3107.8011100000003,3225.7570616666667,6040.129153333332,895.4306514531816,94.35378711649061,v2at302,v2at301
gen_utarget,u_target=1.0,v1_pool,edd,1,60,60,3120.22592,3345.6970755555553,225.47115555555544,159.03707466666657,306.4621541111109,31.2022592,2.8103691851533563e-10,1.4051845925766782e-09,worse,3345.6970755555553,edd,3120.22592,7.226116356201395,60.0,60.0,225.47115555555544,157.5463613333335,308.50084102777765,31.2022592,2.8103691851533563e-10,worse,0.0,3.0,3104.700156666667,3464.59616,3467.7949099999996,208.71558203891658,11.695002255005704,rl301,rl302
gen_utarget,u_target=1.0,edd,edd,1,60,60,3120.22592,3120.22592,0.0,0.0,0.0,31.2022592,1.0,1.0,reference,3120.22592,edd,3120.22592,0.0,60.0,60.0,0.0,0.0,0.0,31.2022592,1.0,equivalent,1.0,,,,,,,,
gen_utarget,u_target=1.1,pfifo,edd,1,60,60,3699.834936666666,3698.8281899999997,-1.0067466666666671,-3.020240000000001,0.0,36.998349366666666,0.31731050786291415,0.31731050786291415,equivalent,3698.8281899999997,pfifo,3698.8281899999997,0.0,60.0,60.0,0.0,0.0,0.0,36.9882819,1.0,equivalent,1.0,,,,,,,,
gen_utarget,u_target=1.1,wspt,edd,1,60,60,3699.834936666666,4509.238141666667,809.4032050000002,641.6017618750002,997.6482217083338,36.998349366666666,1.6295557943119345e-11,1.4666002148807411e-10,worse,4509.238141666667,pfifo,3698.8281899999997,21.909910653802687,60.0,60.0,810.4099516666669,640.3375049166665,998.9211180000007,36.9882819,1.6295557943119345e-11,worse,0.0,,,,,,,,
gen_utarget,u_target=1.1,atc,edd,1,60,60,3699.834936666666,3736.40786,36.57292333333362,16.42765708333331,60.018802000000036,36.998349366666666,2.2521036247396093e-05,6.756310874218827e-05,inconclusive,3736.4078600000003,pfifo,3698.8281899999997,1.0159885258147265,60.0,60.0,37.57967000000029,18.099872333333614,61.419901416667145,36.9882819,2.0219032078358267e-05,inconclusive,0.0,,,,,,,,
gen_utarget,u_target=1.1,wmdd,edd,1,60,60,3699.834936666666,3737.1529633333334,37.31802666666681,18.44591341666649,58.8810315,36.998349366666666,0.00019407449007020094,0.0003881489801404019,inconclusive,3737.1529633333334,pfifo,3698.8281899999997,1.0361328335537998,60.0,60.0,38.32477333333348,19.80290541666648,59.58392974999958,36.9882819,0.0001565633285571863,inconclusive,0.0,,,,,,,,
gen_utarget,u_target=1.1,lpt,edd,1,60,60,3699.834936666666,52750.15262333332,49050.31768666666,40745.39426699999,57310.05458441666,36.998349366666666,1.6295557943119345e-11,1.4666002148807411e-10,worse,52750.152623333335,pfifo,3698.8281899999997,1326.1314641741535,60.0,60.0,49051.32443333333,40821.29554099999,57314.91279783333,36.9882819,1.6295557943119345e-11,worse,0.0,,,,,,,,
gen_utarget,u_target=1.1,random,edd,1,60,60,3699.834936666666,14661.981143333336,10962.146206666666,8899.010275500003,13009.501590333333,36.998349366666666,1.6295557943119345e-11,1.4666002148807411e-10,worse,14661.981143333333,pfifo,3698.8281899999997,296.395301165187,60.0,60.0,10963.152953333334,8906.720494750003,12985.459701,36.9882819,1.6295557943119345e-11,worse,0.0,,,,,,,,
gen_utarget,u_target=1.1,mlp_pool,edd,1,60,60,3699.834936666666,3806.6633296666673,106.82839300000022,65.77977766666741,155.51224623333405,36.998349366666666,2.368757449511698e-09,9.475029798046792e-09,worse,3806.663329666667,pfifo,3698.8281899999997,2.9153865529144016,60.0,60.0,107.83513966666689,67.47642410000044,157.53946830833362,36.9882819,2.368757449511698e-09,worse,0.0,10.0,3691.8667499999997,3724.1885783333337,4196.1345,195.6526000800143,13.65888273188627,v2rl305,v2rl309
gen_utarget,u_target=1.1,attn_pool,edd,1,60,60,3699.834936666666,4430.876619333333,731.041682666667,614.5756062625006,856.4748202833335,36.998349366666666,1.6295557943119345e-11,1.4666002148807411e-10,worse,4430.876619333333,pfifo,3698.8281899999997,19.791360715603645,60.0,60.0,732.0484293333337,616.0642759208334,854.3285984875004,36.9882819,1.6295557943119345e-11,worse,0.0,10.0,3692.26803,3861.848111666667,8464.521763333332,1466.8810093722802,129.24992699767066,v2at302,v2at301
gen_utarget,u_target=1.1,v1_pool,edd,1,60,60,3699.834936666666,4410.234236666666,710.3992999999995,566.2972545833327,858.0918011944439,36.998349366666666,1.4366410357796407e-10,7.183205178898204e-10,worse,4410.234236666666,pfifo,3698.8281899999997,19.233281734739524,60.0,60.0,711.4060466666663,565.7693646388877,859.7669621111103,36.9882819,1.0741730388842177e-10,worse,0.0,3.0,3688.4963466666663,4478.806213333333,5063.400149999999,690.0121043091171,37.27545520211366,rl301,rl303
gen_utarget,u_target=1.1,edd,edd,1,60,60,3699.834936666666,3699.834936666666,0.0,0.0,0.0,36.998349366666666,1.0,1.0,reference,3699.8349366666666,pfifo,3698.8281899999997,0.027217989453760312,60.0,60.0,1.0067466666666671,0.0,3.020240000000001,36.9882819,0.31731050786291415,equivalent,1.0,,,,,,,,
gen_utarget,u_target=1.3,pfifo,edd,1,60,60,4591.817011666667,4591.840934999999,0.023923333333126115,-0.09761266666683391,0.15779999999970945,45.91817011666667,0.7150006546880893,0.7150006546880893,equivalent,4591.840934999999,edd,4591.817011666667,0.0005209992748294194,60.0,60.0,0.023923333333126115,-0.10014333333350199,0.15779999999970945,45.91817011666667,0.7150006546880893,equivalent,1.0,,,,,,,,
gen_utarget,u_target=1.3,wspt,edd,1,60,60,4591.817011666667,6802.922753333333,2211.1057416666667,1853.6891862916664,2566.3353416250015,45.91817011666667,1.6295557943119345e-11,1.4666002148807411e-10,worse,6802.922753333333,edd,4591.817011666667,48.15317631449153,60.0,60.0,2211.1057416666667,1863.630044208333,2574.151985416667,45.91817011666667,1.6295557943119345e-11,worse,0.0,,,,,,,,
gen_utarget,u_target=1.3,atc,edd,1,60,60,4591.817011666667,4641.9146783333335,50.097666666667344,-33.56516391666633,120.43175775000066,45.91817011666667,0.0010775558816488004,0.0032326676449464012,inconclusive,4641.9146783333335,edd,4591.817011666667,1.0910205380436726,60.0,60.0,50.097666666667344,-32.54633212499946,121.21809950000156,45.91817011666667,0.0010775558816488004,inconclusive,0.0,,,,,,,,
gen_utarget,u_target=1.3,wmdd,edd,1,60,60,4591.817011666667,4629.958246666666,38.14123499999979,-44.45761675000021,104.99420862500048,45.91817011666667,0.0017372500486610586,0.003474500097322117,inconclusive,4629.958246666666,edd,4591.817011666667,0.8306349077738013,60.0,60.0,38.14123499999979,-47.2825088750002,106.66652974999987,45.91817011666667,0.0017372500486610586,inconclusive,0.0,,,,,,,,
gen_utarget,u_target=1.3,lpt,edd,1,60,60,4591.817011666667,113533.62471666667,108941.80770499998,91405.30569754167,126471.11702504166,45.91817011666667,1.6295557943119345e-11,1.4666002148807411e-10,worse,113533.62471666667,edd,4591.817011666667,2372.5206694475396,60.0,60.0,108941.80770499998,91585.20567625,126639.25585508332,45.91817011666667,1.6295557943119345e-11,worse,0.0,,,,,,,,
gen_utarget,u_target=1.3,random,edd,1,60,60,4591.817011666667,36141.300443333326,31549.48343166666,26268.661289666663,36780.941862874985,45.91817011666667,1.6295557943119345e-11,1.4666002148807411e-10,worse,36141.300443333326,edd,4591.817011666667,687.0805903525174,60.0,60.0,31549.48343166666,26165.29663666666,36849.31315295831,45.91817011666667,1.6295557943119345e-11,worse,0.0,,,,,,,,
gen_utarget,u_target=1.3,mlp_pool,edd,1,60,60,4591.817011666667,5174.852213499999,583.0352018333338,432.65450834583345,748.9021045833332,45.91817011666667,1.6295557943119345e-11,1.4666002148807411e-10,worse,5174.8522135,edd,4591.817011666667,12.697265599913619,60.0,60.0,583.0352018333338,434.1174996375003,756.8252348458335,45.91817011666667,1.6295557943119345e-11,worse,0.0,10.0,4569.811140000001,4792.057511666667,7135.676103333333,967.6349130872757,56.14816202958735,v2rl304,v2rl303
gen_utarget,u_target=1.3,attn_pool,edd,1,60,60,4591.817011666667,6210.494169666667,1618.6771580000002,1350.0985502874998,1916.7648819499998,45.91817011666667,1.6295557943119345e-11,1.4666002148807411e-10,worse,6210.4941696666665,edd,4591.817011666667,35.2513428537623,60.0,60.0,1618.6771580000002,1345.0317891666668,1914.3349066000007,45.91817011666667,1.6295557943119345e-11,worse,0.0,10.0,4604.906103333334,5093.601694166668,13023.348065,2641.990404512479,182.81462798064103,v2at310,v2at301
gen_utarget,u_target=1.3,v1_pool,edd,1,60,60,4591.817011666667,7044.440320555555,2452.6233088888885,2018.3396200277775,2872.3781798472214,45.91817011666667,1.6295557943119345e-11,1.4666002148807411e-10,worse,7044.440320555555,edd,4591.817011666667,53.412914814710206,60.0,60.0,2452.6233088888885,2022.483180666668,2869.8702826388885,45.91817011666667,1.6295557943119345e-11,worse,0.0,3.0,4611.499273333334,6927.335416666667,9594.486271666665,2493.5567018369316,108.05568217582034,rl301,rl303
gen_utarget,u_target=1.3,edd,edd,1,60,60,4591.817011666667,4591.817011666667,0.0,0.0,0.0,45.91817011666667,1.0,1.0,reference,4591.817011666667,edd,4591.817011666667,0.0,60.0,60.0,0.0,0.0,0.0,45.91817011666667,1.0,equivalent,1.0,,,,,,,,
transfer,campus=1|m=1.0,pfifo,edd,1,30,30,80.41734666666666,80.41734666666666,0.0,0.0,0.0,1.0,1.0,1.0,equivalent,80.41734666666666,atc,80.41734666666666,0.0,30.0,30.0,0.0,0.0,0.0,1.0,1.0,equivalent,1.0,,,,,,,,
transfer,campus=1|m=1.0,wspt,edd,1,30,30,80.41734666666666,81.29713333333332,0.8797866666666664,0.0,2.292906666666666,1.0,0.17971249487899976,1.0,inconclusive,81.29713333333332,atc,80.41734666666666,1.0940259821222578,30.0,30.0,0.8797866666666664,0.0,2.292906666666666,1.0,0.17971249487899976,inconclusive,0.0,,,,,,,,
transfer,campus=1|m=1.0,atc,edd,1,30,30,80.41734666666666,80.41734666666666,0.0,0.0,0.0,1.0,1.0,1.0,equivalent,80.41734666666666,atc,80.41734666666666,0.0,30.0,30.0,0.0,0.0,0.0,1.0,1.0,equivalent,1.0,,,,,,,,
transfer,campus=1|m=1.0,wmdd,edd,1,30,30,80.41734666666666,80.41734666666666,0.0,0.0,0.0,1.0,1.0,1.0,equivalent,80.41734666666666,atc,80.41734666666666,0.0,30.0,30.0,0.0,0.0,0.0,1.0,1.0,equivalent,1.0,,,,,,,,
transfer,campus=1|m=1.0,lpt,edd,1,30,30,80.41734666666666,80.41734666666666,0.0,0.0,0.0,1.0,1.0,1.0,equivalent,80.41734666666666,atc,80.41734666666666,0.0,30.0,30.0,0.0,0.0,0.0,1.0,1.0,equivalent,1.0,,,,,,,,
transfer,campus=1|m=1.0,random,edd,1,30,30,80.41734666666666,81.12109333333335,0.7037466666666667,0.0,1.7748666666666664,1.0,0.17971249487899976,1.0,inconclusive,81.12109333333333,atc,80.41734666666666,0.8751179886396084,30.0,30.0,0.7037466666666667,0.0,1.7748666666666664,1.0,0.17971249487899976,inconclusive,0.0,,,,,,,,
transfer,campus=1|m=1.0,mlp_pool,edd,1,30,30,80.41734666666666,80.41734666666666,1.8947806286936005e-15,0.0,5.684341886080802e-15,1.0,0.31731050786291415,1.0,equivalent,80.41734666666666,atc,80.41734666666666,0.0,30.0,30.0,1.8947806286936005e-15,0.0,5.684341886080802e-15,1.0,0.31731050786291415,equivalent,1.0,10.0,80.41734666666666,80.41734666666666,80.41734666666666,1.4979556132593925e-14,0.0,v2rl301,v2rl310
transfer,campus=1|m=1.0,attn_pool,edd,1,30,30,80.41734666666666,80.41765066666667,0.00030400000000175474,0.0,0.0009120000000033694,1.0,0.17971249487899976,1.0,equivalent,80.41765066666667,atc,80.41734666666666,0.00037802789151221785,30.0,30.0,0.00030400000000175474,0.0,0.0009120000000033694,1.0,0.17971249487899976,equivalent,1.0,10.0,80.41734666666666,80.41734666666666,80.42038666666667,0.0009613324086952383,0.0037802789149665728,v2at301,v2at303
transfer,campus=1|m=1.0,v1_pool,edd,1,30,30,80.41734666666666,80.41734666666666,0.0,0.0,0.0,1.0,1.0,1.0,equivalent,80.41734666666666,atc,80.41734666666666,0.0,30.0,30.0,0.0,0.0,0.0,1.0,1.0,equivalent,1.0,3.0,80.41734666666666,80.41734666666666,80.41734666666666,0.0,0.0,rl301,rl303
transfer,campus=1|m=1.0,rollcp2,edd,0,8,8,100.0454,100.056025,0.010625000000000995,0.0031999999999996476,0.021100000000004115,1.000454,0.25,0.25,equivalent,,,,,,,,,,,,,,,,,,,,,
transfer,campus=1|m=1.0,edd,edd,1,30,30,80.41734666666666,80.41734666666666,0.0,0.0,0.0,1.0,1.0,1.0,reference,80.41734666666666,atc,80.41734666666666,0.0,30.0,30.0,0.0,0.0,0.0,1.0,1.0,equivalent,1.0,,,,,,,,
stress,campus=2|m=1.0,pfifo,edd,1,17,17,1311.322141176471,1311.322141176471,0.0,0.0,0.0,13.11322141176471,1.0,1.0,equivalent,1311.3221411764705,wmdd,1218.2288470588235,7.641691816968763,17.0,17.0,93.09329411764713,-16.38864147058817,242.38037970588198,12.182288470588235,0.8588630128278887,inconclusive,0.0,,,,,,,,
stress,campus=2|m=1.0,wspt,edd,1,17,17,1311.322141176471,1291.2388588235294,-20.083282352941236,-154.9587326470589,88.9992938235293,13.11322141176471,0.15195618574341052,0.6078247429736421,inconclusive,1291.2388588235294,wmdd,1218.2288470588235,5.993127805253867,17.0,17.0,73.01001176470588,35.37806764705879,115.08493941176476,12.182288470588235,0.0014737808438751421,worse,0.0,,,,,,,,
stress,campus=2|m=1.0,atc,edd,1,17,17,1311.322141176471,1252.115717647059,-59.206423529411786,-196.25824735294125,40.42476411764708,13.11322141176471,0.5302845968336095,1.0,inconclusive,1252.1157176470588,wmdd,1218.2288470588235,2.7816506455292496,17.0,17.0,33.88687058823534,12.50560470588241,60.33192823529413,12.182288470588235,0.004741768038406972,worse,0.0,,,,,,,,
stress,campus=2|m=1.0,wmdd,edd,1,17,17,1311.322141176471,1218.2288470588235,-93.09329411764713,-239.07439352941188,16.540296176470566,13.11322141176471,0.8588630128278887,1.0,inconclusive,1218.2288470588235,wmdd,1218.2288470588235,0.0,17.0,17.0,0.0,0.0,0.0,12.182288470588235,1.0,equivalent,1.0,,,,,,,,
stress,campus=2|m=1.0,lpt,edd,1,17,17,1311.322141176471,2615.1118352941176,1303.7896941176468,628.0265744117646,2114.1120958823517,13.11322141176471,0.0014737808438751421,0.01326402759487628,worse,2615.111835294117,wmdd,1218.2288470588235,114.66507229801657,17.0,17.0,1396.8829882352936,685.336984117647,2235.4700841176464,12.182288470588235,0.0018714329102470324,worse,0.0,,,,,,,,
stress,campus=2|m=1.0,random,edd,1,17,17,1311.322141176471,1636.0305647058824,324.70842352941173,120.31808911764692,566.1716647058826,13.11322141176471,0.0057715890441035304,0.03462953426462118,worse,1636.0305647058824,wmdd,1218.2288470588235,34.2958319084103,17.0,17.0,417.80171764705887,211.89454058823526,659.5493088235295,12.182288470588235,0.0018714329102470324,worse,0.0,,,,,,,,
stress,campus=2|m=1.0,mlp_pool,edd,1,17,17,1311.322141176471,1649.8628376470588,338.5406964705882,134.8402090294118,591.3045620294115,13.11322141176471,0.0028734139278525227,0.02298731142282018,worse,1649.8628376470588,wmdd,1218.2288470588235,35.43127316598451,17.0,17.0,431.63399058823535,172.7221276176471,760.6700535882352,12.182288470588235,0.0028734139278525227,worse,0.0,10.0,1324.8887411764706,1607.4293176470587,2171.692823529412,265.80567105106036,63.91510894726142,v2rl310,v2rl303
stress,campus=2|m=1.0,attn_pool,edd,1,17,17,1311.322141176471,1435.1030294117645,123.78088823529409,32.42847776470583,234.13841505882343,13.11322141176471,0.015906444101703374,0.07953222050851687,worse,1435.1030294117645,wmdd,1218.2288470588235,17.802417245047312,17.0,17.0,216.87418235294118,63.615256235294204,412.8160268529412,12.182288470588235,0.0057715890441035304,worse,0.0,10.0,1220.1060352941176,1367.1123764705883,1823.9573764705883,195.34442438405208,49.491710040669275,v2at309,v2at305
stress,campus=2|m=1.0,v1_pool,edd,1,17,17,1311.322141176471,1593.991682352941,282.6695411764706,109.33180156862745,500.83602323529414,13.11322141176471,0.0028734139278525227,0.02298731142282018,worse,1593.9916823529413,wmdd,1218.2288470588235,30.84501210107806,17.0,17.0,375.7628352941178,121.47313039215699,684.2693675490196,12.182288470588235,0.0028734139278525227,worse,0.0,3.0,1365.711505882353,1573.1152235294119,1843.148317647059,239.4020618264799,34.958833524379344,rl302,rl303
stress,campus=2|m=1.0,rollcp2,edd,0,8,8,1080.4252999999999,976.783175,-103.64212500000005,-280.4918237499999,33.90300250000001,10.804253,0.5625,0.5625,inconclusive,,,,,,,,,,,,,,,,,,,,,
stress,campus=2|m=1.0,edd,edd,1,17,17,1311.322141176471,1311.322141176471,0.0,0.0,0.0,13.11322141176471,1.0,1.0,reference,1311.3221411764705,wmdd,1218.2288470588235,7.641691816968763,17.0,17.0,93.09329411764713,-16.21738705882354,238.09937176470578,12.182288470588235,0.8588630128278887,inconclusive,0.0,,,,,,,,
emp_pooled,ALL,pfifo,edd,0,587,227,453.97671345826234,453.97671345826234,0.0,0.0,0.0,4.539767134582624,1.0,1.0,equivalent,,,,,,,,,,,,,,,,,,,,,
emp_pooled,ALL,wspt,edd,0,587,227,453.97671345826234,458.82677035775134,4.850056899488925,0.20132089124869634,9.026088550833691,4.539767134582624,3.962647092863436e-19,3.5663823835770925e-18,inconclusive,,,,,,,,,,,,,,,,,,,,,
emp_pooled,ALL,atc,edd,0,587,227,453.97671345826234,454.39123918228285,0.4145257240204431,-3.8622232888674364,3.632035350047817,4.539767134582624,6.556088916122119e-07,3.2780444580610595e-06,equivalent,,,,,,,,,,,,,,,,,,,,,
emp_pooled,ALL,wmdd,edd,0,587,227,453.97671345826234,452.7353189097105,-1.2413945485519604,-5.954317718631537,2.103781534286304,4.539767134582624,7.318486454963268e-06,2.9273945819853074e-05,inconclusive,,,,,,,,,,,,,,,,,,,,,
emp_pooled,ALL,lpt,edd,0,587,227,453.97671345826234,520.6950470187394,66.71833356047698,30.45273472613466,112.7188092818601,4.539767134582624,4.635404345130664e-10,2.7812426070783985e-09,worse,,,,,,,,,,,,,,,,,,,,,
emp_pooled,ALL,random,edd,0,587,227,453.97671345826234,473.53533458262353,19.558621124361157,8.675797123258066,34.38565632960454,4.539767134582624,1.5885357213829128e-17,1.2708285771063302e-16,worse,,,,,,,,,,,,,,,,,,,,,
emp_pooled,ALL,mlp_pool,edd,0,587,227,453.97671345826234,463.58451798977853,9.607804531516187,2.711836150575996,19.163493128462918,4.539767134582624,0.4845358375617812,1.0,inconclusive,,,,,,,,,,,,,,10.0,453.82924020442937,462.14174173764906,478.33551516183985,7.739733178893897,5.399888942010778,v2rl310,v2rl303
emp_pooled,ALL,attn_pool,edd,0,587,227,453.97671345826234,459.183711584327,5.206998126064735,2.136052271295363,9.25591742492902,4.539767134582624,8.739929072288312e-13,6.117950350601818e-12,inconclusive,,,,,,,,,,,,,,10.0,452.4539345826235,457.3094741056218,470.86559761499154,5.2190689189465616,4.069290070237153,v2at309,v2at305
emp_pooled,ALL,v1_pool,edd,0,587,227,453.97671345826234,461.8070572402044,7.83034378194208,1.9883578480134887,15.673636774750305,4.539767134582624,0.6439518267419773,1.0,inconclusive,,,,,,,,,,,,,,3.0,455.2612166950596,460.7995689948893,469.3603860306644,7.1033737344905985,3.0969405735803424,rl302,rl303
emp_pooled,ALL,rollcp2,edd,0,160,64,515.9453837499999,510.40927375,-5.536109999999998,-16.1593942042297,1.33749915625001,5.159453837499999,0.0004931852089917846,0.0004931852089917846,inconclusive,,,,,,,,,,,,,,,,,,,,,
emp_pooled,ALL,edd,edd,0,587,227,453.97671345826245,453.97671345826245,0.0,0.0,0.0,4.5397671345826245,1.0,1.0,reference,,,,,,,,,,,,,,,,,,,,,
