scope_type,scope,method,family,n_configs,n_clusters,mean,mean_method,mean_edd,mean_diff_vs_edd,ci_lo,ci_hi,margin,wilcoxon_p,holm_p,verdict,in_set_vs_edd,in_equivalence_set,membership,best_method,pct_from_best
emp_m,m=0.6,rl301,policy-vs-rule,180,180,449.7671811111112,449.76718111111114,451.7136088888889,-1.946427777777777,-3.373054305555532,-0.7539442222222235,4.517136088888889,0.0004409382679493639,0.00793688882308855,equivalent,1,1,in both,rl301,0.0
emp_m,m=0.6,v2rl302,policy-vs-rule,180,180,450.2457377777778,450.2457377777778,451.7136088888889,-1.4678711111111056,-3.052919666666656,-0.007219472222214109,4.517136088888889,0.0012433854792003867,0.021137553146406574,equivalent,1,1,in both,rl301,0.1064009751632835
emp_m,m=0.6,v2rl303,policy-vs-rule,180,180,450.3482633333333,450.34826333333336,451.7136088888889,-1.3653455555555543,-3.086653583333322,0.29739025000000197,4.517136088888889,0.00723749486912432,0.09408743329861616,equivalent,1,1,in both,rl301,0.1291962256531592
emp_m,m=0.6,v2rl310,policy-vs-rule,180,180,450.3730822222223,450.37308222222225,451.7136088888889,-1.3405266666666587,-2.59313422222222,-0.2812822499999942,4.517136088888889,0.003940289016585944,0.059104335248789164,equivalent,1,1,in both,rl301,0.1347143892567444
emp_m,m=0.6,v2rl305,policy-vs-rule,180,180,450.53495888888887,450.53495888888887,451.7136088888889,-1.1786500000000015,-3.249903055555565,1.1260433055555266,4.517136088888889,0.019136708854110035,0.21050379739521038,equivalent,1,1,in both,rl301,0.1707056028145483
emp_m,m=0.6,v2rl304,policy-vs-rule,180,180,450.5671966666667,450.5671966666667,451.7136088888889,-1.1464122222222122,-2.5204627777777864,0.013734138888900101,4.517136088888889,0.032427612126453696,0.27732930466594524,equivalent,1,1,in both,rl301,0.177873261801623
emp_m,m=0.6,v2at302,policy-vs-rule,180,180,450.73348,450.73348,451.7136088888889,-0.980128888888892,-2.9547180277777896,1.2725777777777645,4.517136088888889,0.014339678173575664,0.17207613808290798,equivalent,1,1,in both,rl301,0.2148442415255122
emp_m,m=0.6,v2rl308,policy-vs-rule,180,180,450.9750855555556,450.9750855555555,451.7136088888889,-0.7385233333333421,-1.6921184722222282,0.16580166666665874,4.517136088888889,0.11241357383313315,0.5620678691656658,equivalent,1,1,in both,rl301,0.2685621573055609
emp_m,m=0.6,v2rl307,policy-vs-rule,180,180,451.1339088888889,451.133908888889,451.7136088888889,-0.5797000000000025,-2.8142856944444476,1.86234577777775,4.517136088888889,0.030814367185105027,0.27732930466594524,equivalent,1,1,in both,rl301,0.3038745011144208
emp_m,m=0.6,rl302,policy-vs-rule,180,180,451.1882166666667,451.1882166666667,451.7136088888889,-0.5253922222222258,-2.3763795555555625,1.4359206111111062,4.517136088888889,0.026398980713274567,0.26398980713274567,equivalent,1,1,in both,rl301,0.3159491432978697
emp_m,m=0.6,v2at310,policy-vs-rule,180,180,451.2267455555556,451.2267455555555,451.7136088888889,-0.4868633333333326,-1.6403456111111052,0.6638677500000061,4.517136088888889,0.24881125102715607,0.9952450041086243,equivalent,1,1,in both,rl301,0.3245155506541747
emp_m,m=0.6,v2rl301,policy-vs-rule,180,180,451.6493433333334,451.6493433333334,451.7136088888889,-0.06426555555555764,-2.4916477777777737,2.828554888888872,4.517136088888889,0.048674875673469,0.340724129714283,equivalent,1,1,in both,rl301,0.4184747801234662
emp_m,m=0.6,rl303,policy-vs-rule,180,180,451.66047777777777,451.66047777777777,451.7136088888889,-0.053131111111101526,-1.9991615277777763,2.239734194444448,4.517136088888889,0.26513225086229597,0.9952450041086243,equivalent,1,1,in both,rl301,0.4209503819263562
emp_m,m=0.6,pfifo,rule-vs-rule,180,180,451.7136088888889,451.7136088888889,451.7136088888889,0.0,0.0,0.0,4.517136088888889,1.0,1.0,equivalent,1,1,in both,rl301,0.4327634072742486
emp_m,m=0.6,edd,rule-vs-rule,180,180,451.7136088888889,451.7136088888889,451.7136088888889,0.0,0.0,0.0,4.517136088888889,1.0,1.0,equivalent,1,1,in both,rl301,0.4327634072742486
emp_m,m=0.6,v2rl309,policy-vs-rule,180,180,453.44436777777776,453.4443677777777,451.7136088888889,1.7307588888888956,0.1752413611111068,3.735110722222236,4.517136088888889,0.07155485678840796,0.4293291407304478,equivalent,1,0,joins,rl301,0.8175755860137329
emp_m,m=0.6,v2rl306,policy-vs-rule,180,180,453.91020555555554,453.91020555555554,451.7136088888889,2.1965966666666636,-0.9945493888888883,6.416387249999979,4.517136088888889,0.25281290101640796,0.9952450041086243,inconclusive,0,0,out of both,rl301,0.9211486783471856
emp_m,m=0.6,v2at309,policy-vs-rule,180,180,454.16026777777785,454.16026777777773,451.7136088888889,2.4466588888888947,0.8800269722222274,4.280691944444473,4.517136088888889,0.0032159320975066147,0.051454913560105835,equivalent,1,0,joins,rl301,0.9767468261721456
emp_m,m=0.6,v2at308,policy-vs-rule,180,180,454.7867177777778,454.7867177777777,451.7136088888889,3.073108888888886,0.25704147222222046,6.223868888888884,4.517136088888889,0.00662912155778059,0.09280770180892826,inconclusive,0,0,out of both,rl301,1.1160299989577602
emp_m,m=0.6,v2at306,policy-vs-rule,180,180,455.0103877777778,455.0103877777778,451.7136088888889,3.2967788888888867,1.3487141666666649,5.617865999999999,4.517136088888889,0.0003759604749680436,0.007143249024392829,inconclusive,0,0,out of both,rl301,1.1657601725661175
emp_m,m=0.6,wmdd,rule-vs-rule,180,180,455.0836822222222,455.0836822222222,451.7136088888889,3.3700733333333304,1.6959803611111073,5.341586583333323,4.517136088888889,1.821529714896801e-05,5.464589144690403e-05,inconclusive,0,0,out of both,rl301,1.1820562580793674
emp_m,m=0.6,v2at307,policy-vs-rule,180,180,455.9593411111112,455.959341111111,451.7136088888889,4.24573222222222,1.1857433333333323,7.517520166666662,4.517136088888889,0.00012622926971487844,0.0026508146640124475,inconclusive,0,0,out of both,rl301,1.3767478508998372
emp_m,m=0.6,atc,rule-vs-rule,180,180,456.4405411111112,456.44054111111114,451.7136088888889,4.726932222222232,1.8405593333333345,8.070829722222243,4.517136088888889,0.00011890609974290849,0.00023781219948581698,inconclusive,0,0,out of both,rl301,1.4837365375379414
emp_m,m=0.6,v2at304,policy-vs-rule,180,180,456.7358433333334,456.7358433333334,451.7136088888889,5.0222344444444555,2.3448164166666916,8.15314372222222,4.517136088888889,0.00016891209875471262,0.0033782419750942524,inconclusive,0,0,out of both,rl301,1.5493932227350948
emp_m,m=0.6,v2at303,policy-vs-rule,180,180,457.7853388888889,457.78533888888893,451.7136088888889,6.07173,2.2667003055555526,10.374058999999994,4.517136088888889,1.166196997404656e-05,0.0002682253094030709,inconclusive,0,0,out of both,rl301,1.7827351826715363
emp_m,m=0.6,v2at305,policy-vs-rule,180,180,458.3245488888889,458.3245488888889,451.7136088888889,6.6109399999999985,0.29017952777778455,15.501686694444432,4.517136088888889,0.9090071978307225,0.9952450041086243,inconclusive,0,0,out of both,rl301,1.9026216534157767
emp_m,m=0.6,v2at301,policy-vs-rule,180,180,460.80076,460.80076,451.7136088888889,9.087151111111107,2.603558027777778,17.5844640555555,4.517136088888889,5.7915441569540844e-05,0.0012741397145298987,inconclusive,0,0,out of both,rl301,2.4531756322529747
emp_m,m=0.6,wspt,rule-vs-rule,180,180,463.7768022222222,463.7768022222222,451.7136088888889,12.063193333333338,6.457269861111109,18.99051905555556,4.517136088888889,1.3715752508367479e-09,8.229451505020487e-09,worse,0,0,out of both,rl301,3.114860687812194
emp_m,m=0.6,random,rule-vs-rule,180,180,479.3151577777778,479.31515777777776,451.7136088888889,27.60154888888888,7.746442999999997,64.16067377777777,4.517136088888889,1.1957750927807627e-08,5.978875463903813e-08,worse,0,0,out of both,rl301,6.5696159941396655
emp_m,m=0.6,lpt,rule-vs-rule,180,180,536.7492233333334,536.7492233333334,451.7136088888889,85.03561444444443,19.51414861111111,190.06017444444439,4.517136088888889,1.2499734857520773e-05,4.999893943008309e-05,worse,0,0,out of both,rl301,19.339348417405773
emp_m,m=0.8,rl301,policy-vs-rule,180,180,446.2138077777778,446.21380777777773,446.6359855555555,-0.42217777777777565,-0.8995014166666649,-0.061889611111111666,4.466359855555555,0.02312980249735946,0.39320664245511083,equivalent,1,1,in both,rl301,0.0
emp_m,m=0.8,v2at302,policy-vs-rule,180,180,446.26811,446.2681099999999,446.6359855555555,-0.3678755555555565,-0.9578027222222232,0.19164655555555385,4.466359855555555,0.1094211588192293,0.8953279268072805,equivalent,1,1,in both,rl301,0.0121695521912746
emp_m,m=0.8,v2rl301,policy-vs-rule,180,180,446.2874366666666,446.28743666666657,446.6359855555555,-0.348548888888889,-0.9326081944444455,0.19280158333333222,4.466359855555555,0.12404279309009482,0.8953279268072805,equivalent,1,1,in both,rl301,0.0165008091648975
emp_m,m=0.8,v2rl307,policy-vs-rule,180,180,446.29960777777785,446.29960777777774,446.6359855555555,-0.3363777777777764,-0.8871995555555524,0.2007669722222217,4.466359855555555,0.07473549830588254,0.8095331619258445,equivalent,1,1,in both,rl301,0.0192284502416816
emp_m,m=0.8,v2rl305,policy-vs-rule,180,180,446.3163366666667,446.3163366666667,446.6359855555555,-0.31964888888888776,-0.8295907777777778,0.18312511111110982,4.466359855555555,0.0735939238114404,0.8095331619258445,equivalent,1,1,in both,rl301,0.0229775249223066
emp_m,m=0.8,rl302,policy-vs-rule,180,180,446.3180455555556,446.31804555555556,446.6359855555555,-0.3179400000000003,-0.7478098333333324,0.06788069444444408,4.466359855555555,0.03304694365260125,0.4957041547890188,equivalent,1,1,in both,rl301,0.023360500271583
emp_m,m=0.8,v2rl303,policy-vs-rule,180,180,446.31832333333335,446.31832333333347,446.6359855555555,-0.317662222222224,-0.77113702777778,0.07584805555555338,4.466359855555555,0.03546470751403722,0.4965059051965211,equivalent,1,1,in both,rl301,0.0234227524414967
emp_m,m=0.8,v2rl302,policy-vs-rule,180,180,446.3246544444444,446.3246544444444,446.6359855555555,-0.3113311111111099,-0.8421499999999991,0.20727613888888904,4.466359855555555,0.04132685891250041,0.5372491658625054,equivalent,1,1,in both,rl301,0.0248416038980688
emp_m,m=0.8,v2rl310,policy-vs-rule,180,180,446.37114777777776,446.37114777777776,446.6359855555555,-0.26483777777777856,-0.7743528333333364,0.25697861111110887,4.466359855555555,0.17873740941968186,1.0,equivalent,1,1,in both,rl301,0.0352611230888521
emp_m,m=0.8,v2rl308,policy-vs-rule,180,180,446.4653388888889,446.4653388888888,446.6359855555555,-0.17064666666666772,-0.5702468333333335,0.2898924999999985,4.466359855555555,0.09948088075636449,0.8953279268072805,equivalent,1,1,in both,rl301,0.0563700868791489
emp_m,m=0.8,rl303,policy-vs-rule,180,180,446.5954366666666,446.59543666666667,446.6359855555555,-0.04054888888888929,-0.6346062777777788,0.6854968333333334,4.466359855555555,0.3454475304692258,1.0,equivalent,1,1,in both,rl301,0.0855260151606382
emp_m,m=0.8,v2rl304,policy-vs-rule,180,180,446.63493,446.63492999999994,446.6359855555555,-0.0010555555555577536,-0.41082597222222456,0.4383464444444423,4.466359855555555,0.972125329731665,1.0,equivalent,1,1,in both,rl301,0.0943767796696993
emp_m,m=0.8,pfifo,rule-vs-rule,180,180,446.6359855555556,446.6359855555555,446.6359855555555,0.0,0.0,0.0,4.466359855555555,1.0,1.0,equivalent,1,1,in both,rl301,0.0946133379153614
emp_m,m=0.8,edd,rule-vs-rule,180,180,446.6359855555556,446.6359855555555,446.6359855555555,0.0,0.0,0.0,4.466359855555555,1.0,1.0,equivalent,1,1,in both,rl301,0.0946133379153614
emp_m,m=0.8,v2at305,policy-vs-rule,180,180,446.6617255555556,446.66172555555556,446.6359855555555,0.02574000000000151,-0.5364612777777776,0.6642197500000011,4.466359855555555,0.4955208830566151,1.0,equivalent,1,1,in both,rl301,0.1003818729878582
emp_m,m=0.8,v2at310,policy-vs-rule,180,180,446.7143077777778,446.7143077777777,446.6359855555555,0.07832222222222214,-0.47842830555555627,0.6299205555555563,4.466359855555555,0.7221076526150257,1.0,equivalent,1,1,in both,rl301,0.1121659597430579
emp_m,m=0.8,v2rl306,policy-vs-rule,180,180,446.7369966666667,446.7369966666667,446.6359855555555,0.10101111111111279,-0.556518694444446,0.9390802500000056,4.466359855555555,0.33053567270784123,1.0,equivalent,1,1,in both,rl301,0.1172507169812789
emp_m,m=0.8,v2rl309,policy-vs-rule,180,180,447.1438566666666,447.14385666666664,446.6359855555555,0.5078711111111116,0.11498405555555632,1.0099372777777784,4.466359855555555,0.030286568823091303,0.48458510116946085,equivalent,1,1,in both,rl301,0.2084312212391304
emp_m,m=0.8,v2at309,policy-vs-rule,180,180,447.5261677777778,447.5261677777778,446.6359855555555,0.8901822222222223,0.19031477777777683,1.773723083333333,4.466359855555555,0.02079521585359911,0.374313885364784,equivalent,1,1,in both,rl301,0.2941101277290797
emp_m,m=0.8,wmdd,rule-vs-rule,180,180,447.54666888888886,447.546668888889,446.6359855555555,0.9106833333333355,0.32232688888888894,1.6625650277777875,4.466359855555555,0.005033508200606249,0.015100524601818748,equivalent,1,1,in both,rl301,0.2987045868770739
emp_m,m=0.8,v2at308,policy-vs-rule,180,180,447.6761966666666,447.6761966666667,446.6359855555555,1.0402111111111112,0.14238455555555504,2.1054288888888903,4.466359855555555,0.05973901545539241,0.716868185464709,equivalent,1,1,in both,rl301,0.3277327737059128
emp_m,m=0.8,v2at306,policy-vs-rule,180,180,447.8619255555556,447.8619255555556,446.6359855555555,1.2259400000000027,0.39216061111111367,2.248621916666672,4.466359855555555,0.010746783005343858,0.21493566010687717,equivalent,1,1,in both,rl301,0.3693560685595409
emp_m,m=0.8,v2at304,policy-vs-rule,180,180,447.9981022222222,447.9981022222223,446.6359855555555,1.3621166666666675,0.3664616111111104,2.544286527777778,4.466359855555555,0.013103614110038467,0.24896866809073087,equivalent,1,1,in both,rl301,0.39987432332731
emp_m,m=0.8,v2at307,policy-vs-rule,180,180,448.12008888888886,448.12008888888886,446.6359855555555,1.4841033333333333,0.5041787777777771,2.721146833333337,4.466359855555555,0.0011143315296273401,0.025629625181428823,equivalent,1,1,in both,rl301,0.4272124882474348
emp_m,m=0.8,atc,rule-vs-rule,180,180,448.1663633333333,448.1663633333332,446.6359855555555,1.530377777777769,0.5274171666666684,2.756036583333318,4.466359855555555,0.0023655770533978757,0.009462308213591503,equivalent,1,1,in both,rl301,0.4375829527283344
emp_m,m=0.8,v2at303,policy-vs-rule,180,180,448.2295966666666,448.22959666666674,446.6359855555555,1.59361111111111,0.5532028888888969,2.873590999999987,4.466359855555555,0.0013232490063517005,0.029111478139737412,equivalent,1,1,in both,rl301,0.4517540366865413
emp_m,m=0.8,v2at301,policy-vs-rule,180,180,449.8277633333334,449.8277633333333,446.6359855555555,3.191777777777774,0.6526683333333354,6.870562333333322,4.466359855555555,0.00513664098583828,0.10786946070260389,inconclusive,0,0,out of both,rl301,0.8099156710442762
emp_m,m=0.8,wspt,rule-vs-rule,180,180,450.36247,450.36247,446.6359855555555,3.726484444444435,2.182704305555553,5.5673639999999915,4.466359855555555,2.4735962576351706e-07,1.4841577545811023e-06,inconclusive,0,0,out of both,rl301,0.929747611998674
emp_m,m=0.8,random,rule-vs-rule,180,180,450.5859366666667,450.5859366666666,446.6359855555555,3.949951111111111,1.5798970555555576,7.260414305555555,4.466359855555555,6.9487600923465525e-06,3.474380046173276e-05,inconclusive,0,0,out of both,rl301,0.97982823764753
emp_m,m=0.8,lpt,rule-vs-rule,180,180,455.3309055555556,455.3309055555556,446.6359855555555,8.69492,1.1445353055555556,20.200114749999987,4.466359855555555,0.0176206611104818,0.0352413222209636,inconclusive,0,0,out of both,rl301,2.0432128317997345
emp_m,m=1.0,v2rl302,policy-vs-rule,180,180,444.68101666666666,444.6810166666667,444.8689277777778,-0.1879111111111126,-0.4063898333333375,-0.02611333333333366,4.4486892777777785,0.03546586462402558,0.7093172924805116,equivalent,1,1,in both,v2rl302,0.0
emp_m,m=1.0,v2rl308,policy-vs-rule,180,180,444.7077211111112,444.70772111111114,444.8689277777778,-0.16120666666666905,-0.351767666666671,-0.010180000000000038,4.4486892777777785,0.06607796498102106,1.0,equivalent,1,1,in both,v2rl302,0.0060053034520459
emp_m,m=1.0,v2rl310,policy-vs-rule,180,180,444.7120755555556,444.7120755555556,444.8689277777778,-0.15685222222222175,-0.352251333333332,-0.003617777777777952,4.4486892777777785,0.1230251939731705,1.0,equivalent,1,1,in both,v2rl302,0.006984532220816
emp_m,m=1.0,v2at302,policy-vs-rule,180,180,444.7160244444444,444.7160244444445,444.8689277777778,-0.1529033333333364,-0.366272722222227,0.008772222222220528,4.4486892777777785,0.1730709208049953,1.0,equivalent,1,1,in both,v2rl302,0.0078725595349634
emp_m,m=1.0,v2rl303,policy-vs-rule,180,180,444.73146333333335,444.73146333333335,444.8689277777778,-0.13746444444444436,-0.3251210555555552,0.003893333333333102,4.4486892777777785,0.16142946236708333,1.0,equivalent,1,1,in both,v2rl302,0.0113444614849619
emp_m,m=1.0,v2rl301,policy-vs-rule,180,180,444.75599888888894,444.75599888888894,444.8689277777778,-0.11292888888889223,-0.33010166666667096,0.05068055555555545,4.4486892777777785,0.6566419342620566,1.0,equivalent,1,1,in both,v2rl302,0.0168620245551164
emp_m,m=1.0,v2rl305,policy-vs-rule,180,180,444.76037666666673,444.76037666666673,444.8689277777778,-0.10855111111111565,-0.3411466666666705,0.07983966666666031,4.4486892777777785,0.5935291566024776,1.0,equivalent,1,1,in both,v2rl302,0.0178465005308633
emp_m,m=1.0,v2rl304,policy-vs-rule,180,180,444.7625444444445,444.7625444444445,444.8689277777778,-0.10638333333333286,-0.3141843055555539,0.0669063055555554,4.4486892777777785,0.23588521058805278,1.0,equivalent,1,1,in both,v2rl302,0.018333991045748
emp_m,m=1.0,rl301,policy-vs-rule,180,180,444.7627211111111,444.7627211111112,444.8689277777778,-0.10620666666666767,-0.2775391111111125,0.01512483333333169,4.4486892777777785,0.21352435403618242,1.0,equivalent,1,1,in both,v2rl302,0.0183737198985654
emp_m,m=1.0,rl302,policy-vs-rule,180,180,444.76439444444446,444.76439444444446,444.8689277777778,-0.10453333333333335,-0.238068944444444,-0.010188888888888907,4.4486892777777785,0.06297905121445523,1.0,equivalent,1,1,in both,v2rl302,0.0187500195989473
emp_m,m=1.0,v2at310,policy-vs-rule,180,180,444.7653422222222,444.7653422222222,444.8689277777778,-0.10358555555555647,-0.35304075000000446,0.13250111111111126,4.4486892777777785,0.344118496135312,1.0,equivalent,1,1,in both,v2rl302,0.0189631561490204
emp_m,m=1.0,v2rl307,policy-vs-rule,180,180,444.7699366666667,444.7699366666667,444.8689277777778,-0.09899111111111078,-0.2983819444444437,0.05770611111111136,4.4486892777777785,0.40081416938293446,1.0,equivalent,1,1,in both,v2rl302,0.0199963561895615
emp_m,m=1.0,v2rl306,policy-vs-rule,180,180,444.8585588888889,444.85855888888887,444.8689277777778,-0.010368888888889356,-0.1734904444444436,0.16113633333333097,4.4486892777777785,0.9527650219907529,1.0,equivalent,1,1,in both,v2rl302,0.0399257480234068
emp_m,m=1.0,pfifo,rule-vs-rule,180,180,444.8689277777778,444.8689277777778,444.8689277777778,0.0,0.0,0.0,4.4486892777777785,1.0,1.0,equivalent,1,1,in both,v2rl302,0.0422575068573238
emp_m,m=1.0,edd,rule-vs-rule,180,180,444.8689277777778,444.8689277777778,444.8689277777778,0.0,0.0,0.0,4.4486892777777785,1.0,1.0,equivalent,1,1,in both,v2rl302,0.0422575068573238
emp_m,m=1.0,v2at305,policy-vs-rule,180,180,444.8932255555556,444.89322555555555,444.8689277777778,0.02429777777777989,-0.16979222222222176,0.26137272222223024,4.4486892777777785,0.9527650219907529,1.0,equivalent,1,1,in both,v2rl302,0.0477215983896954
emp_m,m=1.0,rl303,policy-vs-rule,180,180,444.9024455555555,444.9024455555555,444.8689277777778,0.03351777777777861,-0.20666266666666694,0.3681114444444472,4.4486892777777785,0.30962890273063304,1.0,equivalent,1,1,in both,v2rl302,0.0497949947467254
emp_m,m=1.0,v2rl309,policy-vs-rule,180,180,444.9530522222223,444.95305222222225,444.8689277777778,0.08412444444444465,-0.08813438888888869,0.28496255555555683,4.4486892777777785,0.44126813332892967,1.0,equivalent,1,1,in both,v2rl302,0.0611754370795432
emp_m,m=1.0,v2at309,policy-vs-rule,180,180,445.18099,445.18099,444.8689277777778,0.31206222222222113,-0.017097777777778194,0.81304222222222,4.4486892777777785,0.3454475304692257,1.0,equivalent,1,1,in both,v2rl302,0.1124341527059439
emp_m,m=1.0,v2at308,policy-vs-rule,180,180,445.25143333333335,445.25143333333335,444.8689277777778,0.38250555555555854,-0.07607555555555558,1.0583784444444542,4.4486892777777785,0.3104944343172349,1.0,equivalent,1,1,in both,v2rl302,0.1282754705704635
emp_m,m=1.0,v2at307,policy-vs-rule,180,180,445.2517855555556,445.25178555555556,444.8689277777778,0.3828577777777767,-0.04511111111111177,0.9445980555555521,4.4486892777777785,0.12819017434510785,1.0,equivalent,1,1,in both,v2rl302,0.1283546784091171
emp_m,m=1.0,wmdd,rule-vs-rule,180,180,445.33199,445.3319900000001,444.8689277777778,0.4630622222222251,0.10517333333333327,0.9378005555555572,4.4486892777777785,0.043114446783075355,0.12934334034922607,equivalent,1,1,in both,v2rl302,0.1463910778591359
emp_m,m=1.0,v2at306,policy-vs-rule,180,180,445.4323655555556,445.4323655555556,444.8689277777778,0.5634377777777774,0.12488055555555568,1.1268150555555538,4.4486892777777785,0.02506184434388362,0.526298731221556,equivalent,1,1,in both,v2rl302,0.1689635628075674
emp_m,m=1.0,atc,rule-vs-rule,180,180,445.55515,445.5551500000001,444.8689277777778,0.6862222222222215,0.17484000000000038,1.3405241666666643,4.4486892777777785,0.017290280592906253,0.06916112237162501,equivalent,1,1,in both,v2rl302,0.1965753653901884
emp_m,m=1.0,lpt,rule-vs-rule,180,180,445.5785988888889,445.5785988888889,444.8689277777778,0.70967111111111,-0.07620227777778207,2.107501388888894,4.4486892777777785,0.1823383541807685,0.364676708361537,equivalent,1,1,in both,v2rl302,0.2018485585354027
emp_m,m=1.0,v2at303,policy-vs-rule,180,180,445.6389522222223,445.63895222222226,444.8689277777778,0.7700244444444474,0.1281719444444442,1.6271305000000047,4.4486892777777785,0.038151710173415135,0.7248824932948875,equivalent,1,1,in both,v2rl302,0.2154208341827335
emp_m,m=1.0,v2at304,policy-vs-rule,180,180,445.6654066666666,445.6654066666666,444.8689277777778,0.79647888888889,0.17168444444444445,1.6366216666666673,4.4486892777777785,0.017960477526078766,0.39513050557373286,equivalent,1,1,in both,v2rl302,0.2213699175599982
emp_m,m=1.0,v2at301,policy-vs-rule,180,180,445.8835966666666,445.8835966666666,444.8689277777778,1.0146688888888893,0.28983999999999965,1.9355834444444449,4.4486892777777785,0.002976637011170516,0.06846265125692187,equivalent,1,1,in both,v2rl302,0.2704365500048791
emp_m,m=1.0,random,rule-vs-rule,180,180,446.3160666666667,446.3160666666667,444.8689277777778,1.4471388888888845,0.4718036388888853,2.8144874166666654,4.4486892777777785,0.00025021619831076065,0.0012510809915538034,equivalent,1,1,in both,v2rl302,0.3676905329254633
emp_m,m=1.0,wspt,rule-vs-rule,180,180,446.6459477777778,446.6459477777778,444.8689277777778,1.7770200000000016,0.8064506111111106,2.9670826111111106,4.4486892777777785,3.072115880664133e-05,0.000184326952839848,equivalent,1,1,in both,v2rl302,0.441874295835759
emp_m_ubin,m=0.6|u_bin=0.5-0.8,v2rl303,policy-vs-rule,48,48,422.37986666666666,422.37986666666666,424.7407166666667,-2.3608500000000046,-5.655416666666682,-0.04870833333333321,4.247407166666667,0.06788915486182899,1.0,inconclusive,0,1,leaves,v2rl303,0.0
emp_m_ubin,m=0.6|u_bin=0.5-0.8,rl301,policy-vs-rule,48,48,422.7670166666667,422.7670166666667,424.7407166666667,-1.973699999999998,-4.717741666666673,-0.03460833333333291,4.247407166666667,0.07961580146011343,1.0,inconclusive,0,1,leaves,v2rl303,0.0916591984024537
emp_m_ubin,m=0.6|u_bin=0.5-0.8,v2at302,policy-vs-rule,48,48,423.0149,423.01489999999995,424.7407166666667,-1.725816666666672,-4.159231041666686,-0.0634749999999998,4.247407166666667,0.06788915486182899,1.0,equivalent,1,1,in both,v2rl303,0.1503464969447636
emp_m_ubin,m=0.6|u_bin=0.5-0.8,v2rl310,policy-vs-rule,48,48,423.0970833333333,423.09708333333333,424.7407166666667,-1.643633333333339,-3.9281302083333407,-0.0634749999999998,4.247407166666667,0.06788915486182899,1.0,equivalent,1,1,in both,v2rl303,0.1698037059215904
emp_m_ubin,m=0.6|u_bin=0.5-0.8,v2rl305,policy-vs-rule,48,48,423.155975,423.15597499999996,424.7407166666667,-1.5847416666666667,-3.82077500000001,-0.0634749999999998,4.247407166666667,0.06788915486182899,1.0,equivalent,1,1,in both,v2rl303,0.1837465264284924
emp_m_ubin,m=0.6|u_bin=0.5-0.8,v2rl301,policy-vs-rule,48,48,423.3277666666666,423.3277666666666,424.7407166666667,-1.4129500000000075,-3.539308333333374,-0.0634749999999998,4.247407166666667,0.06788915486182899,1.0,equivalent,1,1,in both,v2rl303,0.2244188406707392
emp_m_ubin,m=0.6|u_bin=0.5-0.8,v2rl306,policy-vs-rule,48,48,423.3361,423.3361,424.7407166666667,-1.4046166666666722,-3.442500000000033,-0.0634749999999998,4.247407166666667,0.06788915486182899,1.0,equivalent,1,1,in both,v2rl303,0.2263917882449566
emp_m_ubin,m=0.6|u_bin=0.5-0.8,v2rl308,policy-vs-rule,48,48,423.3609333333334,423.3609333333333,424.7407166666667,-1.3797833333333436,-3.455975000000041,-0.05490833333333297,4.247407166666667,0.07961580146011343,1.0,equivalent,1,1,in both,v2rl303,0.2322711720161031
emp_m_ubin,m=0.6|u_bin=0.5-0.8,v2rl302,policy-vs-rule,48,48,423.4946333333333,423.4946333333334,424.7407166666667,-1.246083333333334,-3.288173333333347,-0.0634749999999998,4.247407166666667,0.06788915486182899,1.0,equivalent,1,1,in both,v2rl303,0.2639251428966405
emp_m_ubin,m=0.6|u_bin=0.5-0.8,v2rl307,policy-vs-rule,48,48,423.846575,423.84657500000003,424.7407166666667,-0.894141666666668,-2.6963166666666765,0.24403333333333896,4.247407166666667,0.27332167829229814,1.0,equivalent,1,0,joins,v2rl303,0.347248637798086
emp_m_ubin,m=0.6|u_bin=0.5-0.8,v2at310,policy-vs-rule,48,48,424.0840208333333,424.0840208333334,424.7407166666667,-0.6566958333333286,-2.573941666666665,0.7579708333333587,4.247407166666667,0.4652088184521418,1.0,equivalent,1,0,joins,v2rl303,0.4034648195037112
emp_m_ubin,m=0.6|u_bin=0.5-0.8,rl302,policy-vs-rule,48,48,424.3874791666667,424.38747916666665,424.7407166666667,-0.35323749999999937,-2.889250000000027,2.0993958333333627,4.247407166666667,0.4652088184521418,1.0,equivalent,1,0,joins,v2rl303,0.4753097054184204
emp_m_ubin,m=0.6|u_bin=0.5-0.8,v2rl304,policy-vs-rule,48,48,424.5663916666667,424.56639166666673,424.7407166666667,-0.1743249999999943,-1.991725000000012,1.8087083333333613,4.247407166666667,0.6858304344516057,1.0,equivalent,1,0,joins,v2rl303,0.5176679033628222
emp_m_ubin,m=0.6|u_bin=0.5-0.8,pfifo,rule-vs-rule,48,48,424.7407166666667,424.7407166666667,424.7407166666667,0.0,0.0,0.0,4.247407166666667,1.0,1.0,equivalent,1,0,joins,v2rl303,0.558939993667634
emp_m_ubin,m=0.6|u_bin=0.5-0.8,edd,rule-vs-rule,48,48,424.7407166666667,424.7407166666667,424.7407166666667,0.0,0.0,0.0,4.247407166666667,1.0,1.0,equivalent,1,0,joins,v2rl303,0.558939993667634
emp_m_ubin,m=0.6|u_bin=0.5-0.8,v2rl309,policy-vs-rule,48,48,425.1566333333333,425.15663333333333,424.7407166666667,0.4159166666666672,-1.7080889583333352,3.3599000000000045,4.247407166666667,0.6858304344516057,1.0,equivalent,1,0,joins,v2rl303,0.6574098070962365
emp_m_ubin,m=0.6|u_bin=0.5-0.8,rl303,policy-vs-rule,48,48,425.61265,425.61265,424.7407166666667,0.8719333333333233,-0.6776000000000106,3.5045166666666687,4.247407166666667,0.6858304344516057,1.0,equivalent,1,0,joins,v2rl303,0.7653734442519292
emp_m_ubin,m=0.6|u_bin=0.5-0.8,v2at309,policy-vs-rule,48,48,426.9642166666667,426.9642166666667,424.7407166666667,2.2235000000000062,0.008566666666666833,5.949864166666687,4.247407166666667,0.06788915486182899,1.0,inconclusive,0,0,out of both,v2rl303,1.0853618654172033
emp_m_ubin,m=0.6|u_bin=0.5-0.8,wmdd,rule-vs-rule,48,48,427.7049541666667,427.7049541666667,424.7407166666667,2.964237500000005,0.0502333333333335,7.307416666666673,4.247407166666667,0.043114446783075355,0.17245778713230142,inconclusive,0,0,out of both,v2rl303,1.2607342158669934
emp_m_ubin,m=0.6|u_bin=0.5-0.8,v2at305,policy-vs-rule,48,48,427.98685,427.98685,424.7407166666667,3.2461333333333298,-2.612583333333341,12.644599999999997,4.247407166666667,0.892738400944348,1.0,inconclusive,0,0,out of both,v2rl303,1.327474099933428
emp_m_ubin,m=0.6|u_bin=0.5-0.8,v2at306,policy-vs-rule,48,48,428.0540666666666,428.05406666666676,424.7407166666667,3.3133500000000016,0.1511916666666734,8.483216874999982,4.247407166666667,0.06536424567212028,1.0,inconclusive,0,0,out of both,v2rl303,1.3433878950669649
emp_m_ubin,m=0.6|u_bin=0.5-0.8,v2at308,policy-vs-rule,48,48,428.42578333333336,428.42578333333336,424.7407166666667,3.6850666666666636,-0.046341666666666136,9.652499999999995,4.247407166666667,0.13801073756865956,1.0,inconclusive,0,0,out of both,v2rl303,1.431393194561996
emp_m_ubin,m=0.6|u_bin=0.5-0.8,atc,rule-vs-rule,48,48,428.5032000000001,428.50320000000005,424.7407166666667,3.762483333333345,0.05346666666666996,9.43855000000002,4.247407166666667,0.043114446783075355,0.17245778713230142,inconclusive,0,0,out of both,v2rl303,1.4497218775263732
emp_m_ubin,m=0.6|u_bin=0.5-0.8,v2at307,policy-vs-rule,48,48,428.8296041666667,428.82960416666674,424.7407166666667,4.0888874999999985,0.41481666666666683,9.664167083333327,4.247407166666667,0.011616044899262472,0.2555529877837744,inconclusive,0,0,out of both,v2rl303,1.526999274586642
emp_m_ubin,m=0.6|u_bin=0.5-0.8,v2at304,policy-vs-rule,48,48,429.0232083333333,429.02320833333334,424.7407166666667,4.282491666666668,0.3333333333333333,10.506466666666654,4.247407166666667,0.011616044899262472,0.2555529877837744,inconclusive,0,0,out of both,v2rl303,1.5728357791043748
emp_m_ubin,m=0.6|u_bin=0.5-0.8,v2at303,policy-vs-rule,48,48,430.57430833333336,430.57430833333336,424.7407166666667,5.8335916666666705,1.0044362500000044,13.371056249999997,4.247407166666667,0.004780851001183842,0.10995957302722836,inconclusive,0,0,out of both,v2rl303,1.9400644569864376
emp_m_ubin,m=0.6|u_bin=0.5-0.8,wspt,rule-vs-rule,48,48,433.7403583333333,433.7403583333334,424.7407166666667,8.999641666666657,1.6386941666666666,19.84353958333332,4.247407166666667,0.002200340526906492,0.01320204316143895,inconclusive,0,0,out of both,v2rl303,2.6896385370641007
emp_m_ubin,m=0.6|u_bin=0.5-0.8,random,rule-vs-rule,48,48,434.2677166666667,434.26771666666673,424.7407166666667,9.526999999999996,1.1479864583333304,23.56529979166665,4.247407166666667,0.0033456181158508813,0.016728090579254406,inconclusive,0,0,out of both,v2rl303,2.8144925784025725
emp_m_ubin,m=0.6|u_bin=0.5-0.8,v2at301,policy-vs-rule,48,48,435.8061,435.80609999999996,424.7407166666667,11.06538333333333,0.14830500000000676,29.347951666666656,4.247407166666667,0.027707849358079864,0.5541569871615972,inconclusive,0,0,out of both,v2rl303,3.178710538286395
emp_m_ubin,m=0.6|u_bin=0.5-0.8,lpt,rule-vs-rule,48,48,459.7131583333333,459.7131583333333,424.7407166666667,34.972441666666676,-0.3315616666666602,97.70588333333338,4.247407166666667,0.463071015014588,0.926142030029176,inconclusive,0,0,out of both,v2rl303,8.838795267703725
emp_m_ubin,m=0.6|u_bin=0.8-1.0,v2rl305,policy-vs-rule,27,27,677.0946740740741,677.0946740740741,683.4089481481482,-6.3142740740740795,-14.860608518518573,0.44802129629629567,6.834089481481482,0.09289194088370532,1.0,inconclusive,0,1,leaves,v2rl305,0.0
emp_m_ubin,m=0.6|u_bin=0.8-1.0,v2rl302,policy-vs-rule,27,27,678.3601333333334,678.3601333333334,683.4089481481482,-5.048814814814814,-11.941440000000002,-0.7916594444444436,6.834089481481482,0.011718685599768628,0.26952976879467844,inconclusive,0,0,out of both,v2rl305,0.1868954679033308
emp_m_ubin,m=0.6|u_bin=0.8-1.0,v2rl301,policy-vs-rule,27,27,678.7504074074074,678.7504074074075,683.4089481481482,-4.6585407407407216,-11.632748148148131,0.4830962962962952,6.834089481481482,0.09289194088370532,1.0,inconclusive,0,1,leaves,v2rl305,0.2445349811084375
emp_m_ubin,m=0.6|u_bin=0.8-1.0,v2rl307,policy-vs-rule,27,27,678.8054148148149,678.8054148148148,683.4089481481482,-4.603533333333328,-11.263888148148135,-0.5214444444444426,6.834089481481482,0.027991815485665747,0.5818648365196771,inconclusive,0,0,out of both,v2rl305,0.2526590159759009
emp_m_ubin,m=0.6|u_bin=0.8-1.0,rl302,policy-vs-rule,27,27,678.9031925925926,678.9031925925926,683.4089481481482,-4.505755555555538,-10.997281481481453,-0.6617407407407254,6.834089481481482,0.017960477526078766,0.39513050557373286,inconclusive,0,0,out of both,v2rl305,0.2670997997424363
emp_m_ubin,m=0.6|u_bin=0.8-1.0,rl303,policy-vs-rule,27,27,679.0075333333334,679.0075333333334,683.4089481481482,-4.401414814814782,-11.679650925925898,0.8785531481481448,6.834089481481482,0.16142946236708333,1.0,inconclusive,0,1,leaves,v2rl305,0.2825098664193699
emp_m_ubin,m=0.6|u_bin=0.8-1.0,v2at302,policy-vs-rule,27,27,679.0328666666667,679.0328666666666,683.4089481481482,-4.37608148148148,-11.00528962962963,-0.22673611111111444,6.834089481481482,0.0583979067493014,1.0,inconclusive,0,0,out of both,v2rl305,0.2862513422134172
emp_m_ubin,m=0.6|u_bin=0.8-1.0,v2rl303,policy-vs-rule,27,27,679.2151777777777,679.2151777777777,683.4089481481482,-4.1937703703703715,-9.747405925925932,-0.42929962962963053,6.834089481481482,0.03569190011680441,0.6781461022192838,inconclusive,0,0,out of both,v2rl305,0.313176839945381
emp_m_ubin,m=0.6|u_bin=0.8-1.0,rl301,policy-vs-rule,27,27,679.8319037037037,679.8319037037036,683.4089481481482,-3.577044444444436,-7.978069259259265,-0.6370370370370387,6.834089481481482,0.027707849358079864,0.5818648365196771,inconclusive,0,0,out of both,v2rl305,0.4042609895540482
emp_m_ubin,m=0.6|u_bin=0.8-1.0,v2rl310,policy-vs-rule,27,27,681.0346666666667,681.0346666666667,683.4089481481482,-2.3742814814814723,-7.223470370370367,1.1477696296296327,6.834089481481482,0.20757844233562428,1.0,inconclusive,0,0,out of both,v2rl305,0.5818968518664744
emp_m_ubin,m=0.6|u_bin=0.8-1.0,v2at310,policy-vs-rule,27,27,682.7305481481482,682.730548148148,683.4089481481482,-0.6784000000000021,-4.986899259259265,3.1813959259259277,6.834089481481482,0.5754030229127536,1.0,equivalent,1,0,joins,v2rl305,0.8323613063093622
emp_m_ubin,m=0.6|u_bin=0.8-1.0,v2rl308,policy-vs-rule,27,27,683.010362962963,683.010362962963,683.4089481481482,-0.39858518518518915,-4.375333333333338,3.35154444444444,6.834089481481482,0.8886378608950078,1.0,equivalent,1,0,joins,v2rl305,0.8736871098533732
emp_m_ubin,m=0.6|u_bin=0.8-1.0,v2rl304,policy-vs-rule,27,27,683.2292222222223,683.2292222222221,683.4089481481482,-0.17972592592591102,-2.9989585185185055,3.103845925925943,6.834089481481482,0.6744240722352938,1.0,equivalent,1,0,joins,v2rl305,0.9060103975174896
emp_m_ubin,m=0.6|u_bin=0.8-1.0,pfifo,rule-vs-rule,27,27,683.4089481481482,683.4089481481482,683.4089481481482,0.0,0.0,0.0,6.834089481481482,1.0,1.0,equivalent,1,0,joins,v2rl305,0.9325540896786484
emp_m_ubin,m=0.6|u_bin=0.8-1.0,edd,rule-vs-rule,27,27,683.4089481481482,683.4089481481482,683.4089481481482,0.0,0.0,0.0,6.834089481481482,1.0,1.0,equivalent,1,0,joins,v2rl305,0.9325540896786484
emp_m_ubin,m=0.6|u_bin=0.8-1.0,v2rl306,policy-vs-rule,27,27,686.7319481481483,686.7319481481483,683.4089481481482,3.3230000000000084,-3.6698409259259193,15.081923888888898,6.834089481481482,0.20757844233562428,1.0,inconclusive,0,0,out of both,v2rl305,1.423327407980744
emp_m_ubin,m=0.6|u_bin=0.8-1.0,v2rl309,policy-vs-rule,27,27,687.5044814814814,687.5044814814815,683.4089481481482,4.095533333333349,-0.17632592592591814,9.740763148148146,6.834089481481482,0.23672357063785732,1.0,inconclusive,0,0,out of both,v2rl305,1.5374227277216073
emp_m_ubin,m=0.6|u_bin=0.8-1.0,v2at301,policy-vs-rule,27,27,687.5065481481482,687.506548148148,683.4089481481482,4.097600000000029,-9.705974074074067,18.06821222222225,6.834089481481482,0.26039294361048326,1.0,inconclusive,0,0,out of both,v2rl305,1.5377279533785095
emp_m_ubin,m=0.6|u_bin=0.8-1.0,v2at308,policy-vs-rule,27,27,687.7210518518519,687.7210518518518,683.4089481481482,4.3121037037037135,-9.984770740740725,17.96573944444443,6.834089481481482,0.21352435403618242,1.0,inconclusive,0,0,out of both,v2rl305,1.5694079697657373
emp_m_ubin,m=0.6|u_bin=0.8-1.0,v2at309,policy-vs-rule,27,27,688.063637037037,688.0636370370371,683.4089481481482,4.654688888888915,-0.06116296296296174,10.990562592592632,6.834089481481482,0.11585149752593009,1.0,inconclusive,0,0,out of both,v2rl305,1.6200043188883364
emp_m_ubin,m=0.6|u_bin=0.8-1.0,atc,rule-vs-rule,27,27,688.3666518518519,688.3666518518518,683.4089481481482,4.957703703703721,-5.254072592592594,15.762587407407457,6.834089481481482,0.2626182904425206,0.5252365808850412,inconclusive,0,0,out of both,v2rl305,1.6647565265806024
emp_m_ubin,m=0.6|u_bin=0.8-1.0,v2at305,policy-vs-rule,27,27,688.5322814814814,688.5322814814814,683.4089481481482,5.123333333333322,-2.9894074074073673,18.645372592592516,6.834089481481482,0.779434528427275,1.0,inconclusive,0,0,out of both,v2rl305,1.6892183390820823
emp_m_ubin,m=0.6|u_bin=0.8-1.0,v2at306,policy-vs-rule,27,27,688.5985555555555,688.5985555555555,683.4089481481482,5.189607407407425,-0.19857092592593087,12.547408518518559,6.834089481481482,0.20757844233562428,1.0,inconclusive,0,0,out of both,v2rl305,1.6990063460790046
emp_m_ubin,m=0.6|u_bin=0.8-1.0,wmdd,rule-vs-rule,27,27,689.6335185185185,689.6335185185185,683.4089481481482,6.224570370370396,1.558555555555552,11.914457037037062,6.834089481481482,0.027707849358079864,0.1142831318834262,inconclusive,0,0,out of both,v2rl305,1.851859854250258
emp_m_ubin,m=0.6|u_bin=0.8-1.0,v2at303,policy-vs-rule,27,27,691.4156296296297,691.4156296296295,683.4089481481482,8.006681481481488,-8.162586111111114,25.532958148148175,6.834089481481482,0.06188375105213765,1.0,inconclusive,0,0,out of both,v2rl305,2.115059548376974
emp_m_ubin,m=0.6|u_bin=0.8-1.0,v2at307,policy-vs-rule,27,27,691.4908074074075,691.4908074074075,683.4089481481482,8.081859259259268,-7.542968333333321,23.604689259259263,6.834089481481482,0.13941397332153205,1.0,inconclusive,0,0,out of both,v2rl305,2.126162541895652
emp_m_ubin,m=0.6|u_bin=0.8-1.0,v2at304,policy-vs-rule,27,27,692.4862296296296,692.4862296296296,683.4089481481482,9.077281481481506,0.6510022222222329,19.761739629629666,6.834089481481482,0.07446183141740546,1.0,inconclusive,0,0,out of both,v2rl305,2.2731762846316115
emp_m_ubin,m=0.6|u_bin=0.8-1.0,wspt,rule-vs-rule,27,27,697.3408296296298,697.3408296296298,683.4089481481482,13.93188148148149,-1.0974211111111116,31.868096481481505,6.834089481481482,0.02285662637668524,0.1142831318834262,inconclusive,0,0,out of both,v2rl305,2.990151352651276
emp_m_ubin,m=0.6|u_bin=0.8-1.0,random,rule-vs-rule,27,27,701.8650518518518,701.8650518518518,683.4089481481482,18.456103703703704,0.8351418518518487,39.6386961111111,6.834089481481482,0.026231237263180107,0.1142831318834262,inconclusive,0,0,out of both,v2rl305,3.6583329815215584
emp_m_ubin,m=0.6|u_bin=0.8-1.0,lpt,rule-vs-rule,27,27,763.7500444444444,763.7500444444444,683.4089481481482,80.3410962962963,22.47623444444444,159.17055962962968,6.834089481481482,0.005062032126267864,0.030372192757607185,worse,0,0,out of both,v2rl305,12.798117263124448
emp_m_ubin,m=0.6|u_bin=1.0-1.2,v2rl304,policy-vs-rule,18,18,1039.1574666666666,1039.1574666666666,1044.3244222222224,-5.166955555555567,-14.050254444444526,-0.18995555555553287,10.443244222222225,0.09096894797535775,1.0,inconclusive,0,1,leaves,v2rl304,0.0
emp_m_ubin,m=0.6|u_bin=1.0-1.2,rl301,policy-vs-rule,18,18,1043.8510666666666,1043.8510666666666,1044.3244222222224,-0.4733555555556453,-2.6350711111110927,2.1247077777775125,10.443244222222225,0.39802471950693785,1.0,equivalent,1,0,joins,v2rl304,0.4516736058352973
emp_m_ubin,m=0.6|u_bin=1.0-1.2,pfifo,rule-vs-rule,18,18,1044.3244222222222,1044.3244222222224,1044.3244222222224,0.0,0.0,0.0,10.443244222222225,1.0,1.0,equivalent,1,0,joins,v2rl304,0.4972254659469313
emp_m_ubin,m=0.6|u_bin=1.0-1.2,edd,rule-vs-rule,18,18,1044.3244222222222,1044.3244222222224,1044.3244222222224,0.0,0.0,0.0,10.443244222222225,1.0,1.0,equivalent,1,0,joins,v2rl304,0.4972254659469313
emp_m_ubin,m=0.6|u_bin=1.0-1.2,v2rl308,policy-vs-rule,18,18,1044.4874444444442,1044.4874444444442,1044.3244222222224,0.16302222222213125,-2.8905250000001366,3.63740555555549,10.443244222222225,0.8657723749926214,1.0,equivalent,1,0,joins,v2rl304,0.5129133888509505
emp_m_ubin,m=0.6|u_bin=1.0-1.2,v2rl310,policy-vs-rule,18,18,1044.958755555556,1044.9587555555559,1044.3244222222224,0.63433333333337,-2.2261555555555663,5.126899444444581,10.443244222222225,0.3454475304692257,1.0,equivalent,1,0,joins,v2rl304,0.5582685083809534
emp_m_ubin,m=0.6|u_bin=1.0-1.2,v2rl303,policy-vs-rule,18,18,1046.1996,1046.1996,1044.3244222222224,1.8751777777777379,-3.932200000000075,10.879333333333312,10.443244222222225,0.3454475304692257,1.0,inconclusive,0,0,out of both,v2rl304,0.677677210550448
emp_m_ubin,m=0.6|u_bin=1.0-1.2,v2rl302,policy-vs-rule,18,18,1047.5029555555557,1047.5029555555557,1044.3244222222224,3.1785333333333403,-1.7517977777777756,11.429022222222208,10.443244222222225,0.7531523647659145,1.0,inconclusive,0,0,out of both,v2rl304,0.8031014698531852
emp_m_ubin,m=0.6|u_bin=1.0-1.2,v2at310,policy-vs-rule,18,18,1047.8371555555557,1047.8371555555555,1044.3244222222224,3.5127333333332493,-0.6814444444444392,9.99494944444421,10.443244222222225,0.49896229860376107,1.0,equivalent,1,0,joins,v2rl304,0.8352621395033809
emp_m_ubin,m=0.6|u_bin=1.0-1.2,rl302,policy-vs-rule,18,18,1050.2483000000002,1050.2483,1044.3244222222224,5.923877777777741,-1.1059111111111106,19.161966666666622,10.443244222222225,0.6001794871405538,1.0,inconclusive,0,0,out of both,v2rl304,1.0672909245323534
emp_m_ubin,m=0.6|u_bin=1.0-1.2,v2at309,policy-vs-rule,18,18,1050.6392555555556,1050.6392555555556,1044.3244222222224,6.314833333333279,0.17599999999998298,15.525322499999909,10.443244222222225,0.17629637444051116,1.0,inconclusive,0,0,out of both,v2rl304,1.1049132838086086
emp_m_ubin,m=0.6|u_bin=1.0-1.2,wmdd,rule-vs-rule,18,18,1052.3241222222225,1052.3241222222223,1044.3244222222224,7.999699999999923,0.8243111111110895,19.35539749999982,10.443244222222225,0.027707849358079864,0.08729710250421416,inconclusive,0,0,out of both,v2rl304,1.267051046439648
emp_m_ubin,m=0.6|u_bin=1.0-1.2,rl303,policy-vs-rule,18,18,1052.5447666666669,1052.5447666666669,1044.3244222222224,8.220344444444454,-0.7182666666666822,24.59116666666668,10.443244222222225,0.7531523647659145,1.0,inconclusive,0,0,out of both,v2rl304,1.2882840598685323
emp_m_ubin,m=0.6|u_bin=1.0-1.2,v2at302,policy-vs-rule,18,18,1052.5831222222223,1052.583122222222,1044.3244222222224,8.258699999999955,-1.8140661111110885,25.707158333333236,10.443244222222225,1.0,1.0,inconclusive,0,0,out of both,v2rl304,1.2919750842595192
emp_m_ubin,m=0.6|u_bin=1.0-1.2,v2rl305,policy-vs-rule,18,18,1052.8622,1052.8622,1044.3244222222224,8.537777777777684,-1.3802888888888656,24.95825444444433,10.443244222222225,0.916511907863894,1.0,inconclusive,0,0,out of both,v2rl304,1.318831242900513
emp_m_ubin,m=0.6|u_bin=1.0-1.2,v2rl309,policy-vs-rule,18,18,1054.1284888888888,1054.1284888888888,1044.3244222222224,9.804066666666616,0.4780444444443977,25.596155555555452,10.443244222222225,0.11585149752593009,1.0,inconclusive,0,0,out of both,v2rl304,1.4406885099180586
emp_m_ubin,m=0.6|u_bin=1.0-1.2,v2at308,policy-vs-rule,18,18,1054.387888888889,1054.387888888889,1044.3244222222224,10.063466666666638,1.1430016666666507,24.156852777777736,10.443244222222225,0.046399461870904594,0.9743886992889965,inconclusive,0,0,out of both,v2rl304,1.4656510404604437
emp_m_ubin,m=0.6|u_bin=1.0-1.2,v2at306,policy-vs-rule,18,18,1054.8720666666668,1054.8720666666668,1044.3244222222224,10.547644444444385,0.92515555555555,25.65293333333318,10.443244222222225,0.11585149752593009,1.0,inconclusive,0,0,out of both,v2rl304,1.5122443425642114
emp_m_ubin,m=0.6|u_bin=1.0-1.2,atc,rule-vs-rule,18,18,1055.6066222222223,1055.6066222222223,1044.3244222222224,11.282200000000016,1.5601333333333338,27.309021666666688,10.443244222222225,0.027991815485665747,0.08729710250421416,inconclusive,0,0,out of both,v2rl304,1.5829319504694883
emp_m_ubin,m=0.6|u_bin=1.0-1.2,v2rl307,policy-vs-rule,18,18,1055.993877777778,1055.993877777778,1044.3244222222224,11.669455555555453,-1.9946444444444578,32.00967777777759,10.443244222222225,0.916511907863894,1.0,inconclusive,0,0,out of both,v2rl304,1.6201982520626046
emp_m_ubin,m=0.6|u_bin=1.0-1.2,v2at307,policy-vs-rule,18,18,1056.028788888889,1056.028788888889,1044.3244222222224,11.704366666666656,2.051400000000004,26.009074444444398,10.443244222222225,0.017960477526078766,0.4130909830998116,inconclusive,0,0,out of both,v2rl304,1.6235578113431726
emp_m_ubin,m=0.6|u_bin=1.0-1.2,v2at304,policy-vs-rule,18,18,1057.6248555555555,1057.6248555555555,1044.3244222222224,13.300433333333308,1.142222222222208,30.739932222222112,10.443244222222225,0.17629637444051116,1.0,inconclusive,0,0,out of both,v2rl304,1.7771501895788069
emp_m_ubin,m=0.6|u_bin=1.0-1.2,v2at303,policy-vs-rule,18,18,1060.6190333333334,1060.6190333333334,1044.3244222222224,16.294611111111024,2.7423736111111143,37.88506027777768,10.443244222222225,0.017960477526078766,0.4130909830998116,inconclusive,0,0,out of both,v2rl304,2.0652853253809247
emp_m_ubin,m=0.6|u_bin=1.0-1.2,v2rl301,policy-vs-rule,18,18,1060.7651777777778,1060.7651777777778,1044.3244222222224,16.44075555555545,-0.7852222222222736,42.282242777777526,10.443244222222225,0.6001794871405538,1.0,inconclusive,0,0,out of both,v2rl304,2.079349069243846
emp_m_ubin,m=0.6|u_bin=1.0-1.2,v2rl306,policy-vs-rule,18,18,1064.557111111111,1064.557111111111,1044.3244222222224,20.23268888888877,-0.729851666666713,53.42967666666633,10.443244222222225,0.7531523647659145,1.0,inconclusive,0,0,out of both,v2rl304,2.4442536631064757
emp_m_ubin,m=0.6|u_bin=1.0-1.2,v2at301,policy-vs-rule,18,18,1074.1297555555554,1074.1297555555554,1044.3244222222224,29.805333333333188,-0.3753777777778077,87.01288888888853,10.443244222222225,0.3454475304692257,1.0,inconclusive,0,0,out of both,v2rl304,3.3654465286257773
emp_m_ubin,m=0.6|u_bin=1.0-1.2,wspt,rule-vs-rule,18,18,1075.715588888889,1075.715588888889,1044.3244222222224,31.391166666666624,5.799163611111122,75.13887666666658,10.443244222222225,0.007685794055213263,0.041462578846888795,inconclusive,0,0,out of both,v2rl304,3.518054134710778
emp_m_ubin,m=0.6|u_bin=1.0-1.2,v2at305,policy-vs-rule,18,18,1084.980888888889,1084.980888888889,1044.3244222222224,40.6564666666666,-1.6068888888889508,109.38750277777591,10.443244222222225,1.0,1.0,inconclusive,0,0,out of both,v2rl304,4.409670689198961
emp_m_ubin,m=0.6|u_bin=1.0-1.2,random,rule-vs-rule,18,18,1218.6678111111112,1218.6678111111114,1044.3244222222224,174.34338888888885,11.051664166666631,488.24128444444443,10.443244222222225,0.0069104298078147995,0.041462578846888795,worse,0,0,out of both,v2rl304,17.274604687224624
emp_m_ubin,m=0.6|u_bin=1.0-1.2,lpt,rule-vs-rule,18,18,1505.7630444444444,1505.7630444444444,1044.3244222222224,461.43862222222197,11.023764444444412,1340.6265755555548,10.443244222222225,0.02182427562605354,0.08729710250421416,worse,0,0,out of both,v2rl304,44.90229755789767
emp_m_ubin,m=0.6|u_bin=<0.5,rl302,policy-vs-rule,34,34,147.94444705882353,147.94444705882353,148.2699294117647,-0.3254823529411761,-0.9764470588235283,0.0,1.4826992941176471,0.31731050786291415,1.0,equivalent,1,1,in both,rl302,0.0
emp_m_ubin,m=0.6|u_bin=<0.5,v2rl301,policy-vs-rule,34,34,147.94444705882353,147.94444705882353,148.2699294117647,-0.3254823529411761,-0.9764470588235283,0.0,1.4826992941176471,0.31731050786291415,1.0,equivalent,1,1,in both,rl302,0.0
emp_m_ubin,m=0.6|u_bin=<0.5,v2rl302,policy-vs-rule,34,34,147.94444705882353,147.94444705882353,148.2699294117647,-0.3254823529411761,-0.9764470588235283,0.0,1.4826992941176471,0.31731050786291415,1.0,equivalent,1,1,in both,rl302,0.0
emp_m_ubin,m=0.6|u_bin=<0.5,v2rl303,policy-vs-rule,34,34,147.94444705882353,147.94444705882353,148.2699294117647,-0.3254823529411761,-0.9764470588235283,0.0,1.4826992941176471,0.31731050786291415,1.0,equivalent,1,1,in both,rl302,0.0
emp_m_ubin,m=0.6|u_bin=<0.5,v2rl305,policy-vs-rule,34,34,147.94444705882353,147.94444705882353,148.2699294117647,-0.3254823529411761,-0.9764470588235283,0.0,1.4826992941176471,0.31731050786291415,1.0,equivalent,1,1,in both,rl302,0.0
emp_m_ubin,m=0.6|u_bin=<0.5,v2rl307,policy-vs-rule,34,34,147.94444705882353,147.94444705882353,148.2699294117647,-0.3254823529411761,-0.9764470588235283,0.0,1.4826992941176471,0.31731050786291415,1.0,equivalent,1,1,in both,rl302,0.0
emp_m_ubin,m=0.6|u_bin=<0.5,v2rl310,policy-vs-rule,34,34,147.94444705882353,147.94444705882353,148.2699294117647,-0.3254823529411761,-0.9764470588235283,0.0,1.4826992941176471,0.31731050786291415,1.0,equivalent,1,1,in both,rl302,0.0
emp_m_ubin,m=0.6|u_bin=<0.5,v2at302,policy-vs-rule,34,34,147.94444705882353,147.94444705882353,148.2699294117647,-0.3254823529411761,-0.9764470588235283,0.0,1.4826992941176471,0.31731050786291415,1.0,equivalent,1,1,in both,rl302,0.0
emp_m_ubin,m=0.6|u_bin=<0.5,v2at305,policy-vs-rule,34,34,147.94444705882353,147.94444705882353,148.2699294117647,-0.3254823529411761,-0.9764470588235283,0.0,1.4826992941176471,0.31731050786291415,1.0,equivalent,1,1,in both,rl302,0.0
emp_m_ubin,m=0.6|u_bin=<0.5,v2at310,policy-vs-rule,34,34,148.12482352941174,148.12482352941174,148.2699294117647,-0.14510588235294156,-0.43531764705882464,0.0,1.4826992941176471,0.31731050786291415,1.0,equivalent,1,1,in both,rl302,0.1219217579126142
emp_m_ubin,m=0.6|u_bin=<0.5,rl301,policy-vs-rule,34,34,148.14837647058823,148.14837647058823,148.2699294117647,-0.121552941176469,-0.36465882352940704,0.0,1.4826992941176471,0.31731050786291415,1.0,equivalent,1,1,in both,rl302,0.1378418830979314
emp_m_ubin,m=0.6|u_bin=<0.5,pfifo,rule-vs-rule,34,34,148.2699294117647,148.2699294117647,148.2699294117647,0.0,0.0,0.0,1.4826992941176471,1.0,1.0,equivalent,1,1,in both,rl302,0.2200030885997133
emp_m_ubin,m=0.6|u_bin=<0.5,rl303,policy-vs-rule,34,34,148.2699294117647,148.2699294117647,148.2699294117647,0.0,0.0,0.0,1.4826992941176471,1.0,1.0,equivalent,1,1,in both,rl302,0.2200030885997133
emp_m_ubin,m=0.6|u_bin=<0.5,v2rl304,policy-vs-rule,34,34,148.2699294117647,148.2699294117647,148.2699294117647,0.0,0.0,0.0,1.4826992941176471,1.0,1.0,equivalent,1,1,in both,rl302,0.2200030885997133
emp_m_ubin,m=0.6|u_bin=<0.5,edd,rule-vs-rule,34,34,148.2699294117647,148.2699294117647,148.2699294117647,0.0,0.0,0.0,1.4826992941176471,1.0,1.0,equivalent,1,1,in both,rl302,0.2200030885997133
emp_m_ubin,m=0.6|u_bin=<0.5,v2rl308,policy-vs-rule,34,34,148.32875294117648,148.32875294117648,148.2699294117647,0.058823529411764705,0.0,0.17647058823529413,1.4826992941176471,0.31731050786291415,1.0,equivalent,1,1,in both,rl302,0.2597636410105648
emp_m_ubin,m=0.6|u_bin=<0.5,v2at309,policy-vs-rule,34,34,148.5954117647059,148.5954117647059,148.2699294117647,0.3254823529411761,0.0,0.9176235294117636,1.4826992941176471,0.17971249487899976,1.0,equivalent,1,0,joins,rl302,0.4400061771994266
emp_m_ubin,m=0.6|u_bin=<0.5,v2rl309,policy-vs-rule,34,34,148.6228705882353,148.6228705882353,148.2699294117647,0.35294117647058826,0.0,1.0,1.4826992941176471,0.17971249487899976,1.0,equivalent,1,0,joins,rl302,0.4585664030648033
emp_m_ubin,m=0.6|u_bin=<0.5,wmdd,rule-vs-rule,34,34,148.77188235294116,148.77188235294116,148.2699294117647,0.5019529411764703,0.0,1.270564705882352,1.4826992941176471,0.17971249487899976,0.718849979515999,equivalent,1,0,joins,rl302,0.559287834431962
emp_m_ubin,m=0.6|u_bin=<0.5,atc,rule-vs-rule,34,34,148.8601176470588,148.86011764705881,148.2699294117647,0.5901882352941172,0.0,1.5372235294117633,1.4826992941176471,0.17971249487899976,0.718849979515999,inconclusive,0,0,out of both,rl302,0.6189286630482393
emp_m_ubin,m=0.6|u_bin=<0.5,v2at301,policy-vs-rule,34,34,148.98952941176472,148.98952941176472,148.2699294117647,0.7196000000000007,0.0,1.9529176470588254,1.4826992941176471,0.17971249487899976,1.0,inconclusive,0,0,out of both,rl302,0.7064018783521242
emp_m_ubin,m=0.6|u_bin=<0.5,v2rl306,policy-vs-rule,34,34,149.0032705882353,149.0032705882353,148.2699294117647,0.7333411764705886,-0.9764470588235283,3.176470588235294,1.4826992941176471,0.6547208460185769,1.0,inconclusive,0,0,out of both,rl302,0.7156899433952895
emp_m_ubin,m=0.6|u_bin=<0.5,v2at307,policy-vs-rule,34,34,149.12482352941174,149.12482352941174,148.2699294117647,0.8548941176470585,0.0,2.1803764705882345,1.4826992941176471,0.17971249487899976,1.0,inconclusive,0,0,out of both,rl302,0.7978511488970521
emp_m_ubin,m=0.6|u_bin=<0.5,v2at304,policy-vs-rule,34,34,149.43070588235295,149.43070588235295,148.2699294117647,1.160776470588236,0.0,2.572541176470589,1.4826992941176471,0.10880943004054568,1.0,inconclusive,0,0,out of both,rl302,1.0046060214334918
emp_m_ubin,m=0.6|u_bin=<0.5,v2at303,policy-vs-rule,34,34,149.44444705882353,149.44444705882353,148.2699294117647,1.1745176470588239,0.0,2.7333411764705886,1.4826992941176471,0.10880943004054568,1.0,inconclusive,0,0,out of both,rl302,1.0138940864766568
emp_m_ubin,m=0.6|u_bin=<0.5,lpt,rule-vs-rule,34,34,149.4464,149.4464,148.2699294117647,1.1764705882352942,0.0,3.411764705882353,1.4826992941176471,0.17971249487899976,0.718849979515999,inconclusive,0,0,out of both,rl302,1.0152141368167058
emp_m_ubin,m=0.6|u_bin=<0.5,v2at306,policy-vs-rule,34,34,149.59150588235295,149.59150588235295,148.2699294117647,1.3215764705882356,0.17647058823529413,2.7608000000000006,1.4826992941176471,0.06788915486182899,1.0,inconclusive,0,0,out of both,rl302,1.1132954675037856
emp_m_ubin,m=0.6|u_bin=<0.5,random,rule-vs-rule,34,34,149.84050588235294,149.84050588235297,148.2699294117647,1.570576470588236,0.0,3.5372235294117664,1.4826992941176471,0.10880943004054568,0.5440471502027284,inconclusive,0,0,out of both,rl302,1.2816018858589076
emp_m_ubin,m=0.6|u_bin=<0.5,v2at308,policy-vs-rule,34,34,149.91698823529413,149.91698823529413,148.2699294117647,1.6470588235294117,0.0,4.823529411764706,1.4826992941176471,0.17971249487899976,1.0,inconclusive,0,0,out of both,rl302,1.333298556103499
emp_m_ubin,m=0.6|u_bin=<0.5,wspt,rule-vs-rule,34,34,150.56014117647058,150.56014117647058,148.2699294117647,2.2902117647058837,0.35294117647058826,4.9294588235294166,1.4826992941176471,0.043114446783075355,0.25868668069845213,inconclusive,0,0,out of both,rl302,1.7680245319427488
emp_m_ubin,m=0.6|u_bin=>=1.2,rl301,policy-vs-rule,53,53,348.74434716981136,348.7443471698114,351.5063471698113,-2.761999999999973,-6.5141509433961495,-0.22100377358490567,3.515063471698113,0.07961580146011343,1.0,inconclusive,0,1,leaves,rl301,0.0
emp_m_ubin,m=0.6|u_bin=>=1.2,v2rl307,policy-vs-rule,53,53,348.9381283018868,348.9381283018868,351.5063471698113,-2.568218867924504,-6.639112264150868,0.07848301886792368,3.515063471698113,0.22491588401596185,1.0,inconclusive,0,1,leaves,rl301,0.0555653829655054
emp_m_ubin,m=0.6|u_bin=>=1.2,v2rl302,policy-vs-rule,53,53,349.3509886792453,349.3509886792453,351.5063471698113,-2.1553584905660212,-5.360407547169778,0.026098113207546944,3.515063471698113,0.22491588401596185,1.0,inconclusive,0,1,leaves,rl301,0.1739502057472892
emp_m_ubin,m=0.6|u_bin=>=1.2,v2at302,policy-vs-rule,53,53,349.3738943396226,349.3738943396227,351.5063471698113,-2.132452830188671,-5.3554188679245005,0.06594716981132043,3.515063471698113,0.22491588401596185,1.0,inconclusive,0,1,leaves,rl301,0.1805182434984977
emp_m_ubin,m=0.6|u_bin=>=1.2,v2rl305,policy-vs-rule,53,53,349.4645056603774,349.4645056603774,351.5063471698113,-2.0418415094339335,-5.208815094339499,0.06508679245282865,3.515063471698113,0.22491588401596185,1.0,inconclusive,0,1,leaves,rl301,0.2065004053572236
emp_m_ubin,m=0.6|u_bin=>=1.2,v2rl301,policy-vs-rule,53,53,349.56610566037733,349.56610566037745,351.5063471698113,-1.940241509433937,-5.236626415094265,0.13050698113207448,3.515063471698113,0.6858304344516057,1.0,inconclusive,0,1,leaves,rl301,0.2356334940579945
emp_m_ubin,m=0.6|u_bin=>=1.2,v2rl304,policy-vs-rule,53,53,349.617124528302,349.61712452830193,351.5063471698113,-1.8892226415094084,-4.536483018867848,0.03259622641509425,3.515063471698113,0.22491588401596185,1.0,inconclusive,0,1,leaves,rl301,0.2502627972534825
emp_m_ubin,m=0.6|u_bin=>=1.2,v2rl310,policy-vs-rule,53,53,349.6450943396227,349.6450943396227,351.5063471698113,-1.8612528301886644,-4.463136792452787,0.018649056603774094,3.515063471698113,0.17552335081205495,1.0,inconclusive,0,1,leaves,rl301,0.2582829448337211
emp_m_ubin,m=0.6|u_bin=>=1.2,v2at310,policy-vs-rule,53,53,349.69327547169814,349.6932754716982,351.5063471698113,-1.8130716981131794,-4.38363679245271,0.0,3.515063471698113,0.17552335081205495,1.0,inconclusive,0,1,leaves,rl301,0.2720985471413897
emp_m_ubin,m=0.6|u_bin=>=1.2,rl303,policy-vs-rule,53,53,349.986641509434,349.986641509434,351.5063471698113,-1.5197056603773365,-4.576626415094272,0.8083698113207517,3.515063471698113,0.34523107177184,1.0,inconclusive,0,1,leaves,rl301,0.3562192046134347
emp_m_ubin,m=0.6|u_bin=>=1.2,v2rl308,policy-vs-rule,53,53,350.357720754717,350.357720754717,351.5063471698113,-1.148626415094327,-3.077818867924484,0.05415094339622436,3.515063471698113,0.22491588401596185,1.0,equivalent,1,0,joins,rl301,0.4626235802812967
emp_m_ubin,m=0.6|u_bin=>=1.2,rl302,policy-vs-rule,53,53,350.5342113207547,350.5342113207547,351.5063471698113,-0.972135849056613,-4.125420000000029,1.8813433962264112,3.515063471698113,0.6858304344516057,1.0,inconclusive,0,0,out of both,rl301,0.513231014486328
emp_m_ubin,m=0.6|u_bin=>=1.2,v2rl303,policy-vs-rule,53,53,350.7158490566038,350.7158490566038,351.5063471698113,-0.7904981132075252,-4.229407169811274,2.551531132075486,3.515063471698113,0.6858304344516057,1.0,inconclusive,0,0,out of both,rl301,0.5653143635995581
emp_m_ubin,m=0.6|u_bin=>=1.2,v2rl306,policy-vs-rule,53,53,351.2038188679245,351.20381886792455,351.5063471698113,-0.3025283018867623,-4.513207547169688,4.684573584905659,3.515063471698113,0.6858304344516057,1.0,inconclusive,0,0,out of both,rl301,0.705236290730648
emp_m_ubin,m=0.6|u_bin=>=1.2,v2rl309,policy-vs-rule,53,53,351.3652150943397,351.36521509433965,351.5063471698113,-0.141132075471666,-1.826015094339591,1.1862764150943648,3.515063471698113,0.6120898800892568,1.0,equivalent,1,0,joins,rl301,0.7515155287240203
emp_m_ubin,m=0.6|u_bin=>=1.2,pfifo,rule-vs-rule,53,53,351.5063471698113,351.5063471698113,351.5063471698113,0.0,0.0,0.0,3.515063471698113,1.0,1.0,equivalent,1,0,joins,rl301,0.791984163303173
emp_m_ubin,m=0.6|u_bin=>=1.2,edd,rule-vs-rule,53,53,351.5063471698113,351.5063471698113,351.5063471698113,0.0,0.0,0.0,3.515063471698113,1.0,1.0,equivalent,1,0,joins,rl301,0.791984163303173
emp_m_ubin,m=0.6|u_bin=>=1.2,v2at308,policy-vs-rule,53,53,351.9347849056604,351.9347849056604,351.5063471698113,0.4284377358490539,-2.069003773584911,3.5532905660377336,3.515063471698113,0.892738400944348,1.0,inconclusive,0,0,out of both,rl301,0.9148356845754304
emp_m_ubin,m=0.6|u_bin=>=1.2,v2at306,policy-vs-rule,53,53,352.62840000000006,352.6284,351.5063471698113,1.122052830188683,-1.1094113207547156,3.7127839622641576,3.515063471698113,0.24886387493792206,1.0,inconclusive,0,0,out of both,rl301,1.113724956894416
emp_m_ubin,m=0.6|u_bin=>=1.2,v2at309,policy-vs-rule,53,53,353.0773018867925,353.0773018867925,351.5063471698113,1.5709547169811517,-1.2066603773584916,4.758137075471736,3.515063471698113,0.17295491798842066,1.0,inconclusive,0,0,out of both,rl301,1.242444430180634
emp_m_ubin,m=0.6|u_bin=>=1.2,v2at307,policy-vs-rule,53,53,353.5820075471698,353.5820075471698,351.5063471698113,2.0756603773584823,-0.3560075471698147,5.943720754716972,3.515063471698113,0.13801073756865956,1.0,inconclusive,0,0,out of both,rl301,1.3871652448614038
emp_m_ubin,m=0.6|u_bin=>=1.2,wmdd,rule-vs-rule,53,53,354.0573924528302,354.0573924528302,351.5063471698113,2.551045283018866,0.13854716981131895,5.602456603773582,3.515063471698113,0.043114446783075355,0.12934334034922607,inconclusive,0,0,out of both,rl301,1.5234785384010203
emp_m_ubin,m=0.6|u_bin=>=1.2,v2at304,policy-vs-rule,53,53,354.7984566037736,354.7984566037736,351.5063471698113,3.292109433962299,-0.5715462264150959,8.419992452830298,3.515063471698113,0.13801073756865956,1.0,inconclusive,0,0,out of both,rl301,1.7359734955114192
emp_m_ubin,m=0.6|u_bin=>=1.2,v2at305,policy-vs-rule,53,53,354.80964528301894,354.80964528301894,351.5063471698113,3.3032981132075725,-4.206679245282943,14.116656603773611,3.515063471698113,0.6858304344516057,1.0,inconclusive,0,0,out of both,rl301,1.739181770953336
emp_m_ubin,m=0.6|u_bin=>=1.2,v2at303,policy-vs-rule,53,53,356.4777056603773,356.4777056603774,351.5063471698113,4.9713584905660575,-0.2791536792452846,12.038679245283083,3.515063471698113,0.11585149752593009,1.0,inconclusive,0,0,out of both,rl301,2.2174864061095296
emp_m_ubin,m=0.6|u_bin=>=1.2,atc,rule-vs-rule,53,53,357.4166226415095,357.41662264150955,351.5063471698113,5.9102754716981245,0.21225660377358413,13.01705216981133,3.515063471698113,0.027707849358079864,0.11083139743231946,inconclusive,0,0,out of both,rl301,2.486714277113545
emp_m_ubin,m=0.6|u_bin=>=1.2,v2at301,policy-vs-rule,53,53,359.67523773584907,359.6752377358491,351.5063471698113,8.168890566037756,1.976375849056603,16.296450283018874,3.515063471698113,0.002217721464237049,0.05100759367745213,inconclusive,0,0,out of both,rl301,3.1343563429044514
emp_m_ubin,m=0.6|u_bin=>=1.2,wspt,rule-vs-rule,53,53,365.0973471698113,365.0973471698113,351.5063471698113,13.591000000000026,4.1785617924528315,25.74083943396231,3.515063471698113,0.0002930525201924893,0.0017583151211549358,worse,0,0,out of both,rl301,4.689108263032953
emp_m_ubin,m=0.6|u_bin=>=1.2,random,rule-vs-rule,53,53,366.99856226415096,366.99856226415096,351.5063471698113,15.492215094339642,3.6287104716981107,30.55157679245287,3.515063471698113,0.0006549583433856954,0.003274791716928477,worse,0,0,out of both,rl301,5.234268380972844
emp_m_ubin,m=0.6|u_bin=>=1.2,lpt,rule-vs-rule,53,53,410.2351886792453,410.23518867924537,351.5063471698113,58.72884150943398,0.0,164.40315094339627,3.515063471698113,0.13801073756865956,0.2760214751373191,inconclusive,0,0,out of both,rl301,17.632068306900095
emp_m_ubin,m=0.8|u_bin=0.5-0.8,rl301,policy-vs-rule,52,52,756.7845500000001,756.7845500000002,757.4608538461539,-0.676303846153838,-1.627314423076918,0.07709807692307923,7.574608538461539,0.12348527214454898,1.0,equivalent,1,1,in both,rl301,0.0
emp_m_ubin,m=0.8|u_bin=0.5-0.8,rl302,policy-vs-rule,52,52,756.9125884615385,756.9125884615386,757.4608538461539,-0.5482653846153849,-1.8503060576923052,0.6565924999999972,7.574608538461539,0.2626182904425206,1.0,equivalent,1,1,in both,rl301,0.0169187467606706
emp_m_ubin,m=0.8|u_bin=0.5-0.8,v2rl305,policy-vs-rule,52,52,756.919573076923,756.9195730769231,757.4608538461539,-0.5412807692307715,-2.0552778846153883,1.087628173076921,7.574608538461539,0.26039294361048326,1.0,equivalent,1,1,in both,rl301,0.0178416798972638
emp_m_ubin,m=0.8|u_bin=0.5-0.8,v2at302,policy-vs-rule,52,52,756.919573076923,756.9195730769231,757.4608538461539,-0.5412807692307715,-2.087002884615388,1.0924571153846065,7.574608538461539,0.26039294361048326,1.0,equivalent,1,1,in both,rl301,0.0178416798972638
emp_m_ubin,m=0.8|u_bin=0.5-0.8,v2rl306,policy-vs-rule,52,52,756.9294653846154,756.9294653846155,757.4608538461539,-0.5313884615384634,-2.022763653846149,1.0793605769230723,7.574608538461539,0.26039294361048326,1.0,equivalent,1,1,in both,rl301,0.0191488296920535
emp_m_ubin,m=0.8|u_bin=0.5-0.8,v2rl301,policy-vs-rule,52,52,756.9895269230769,756.9895269230769,757.4608538461539,-0.471326923076925,-1.9708225000000024,1.1329001923076865,7.574608538461539,0.3139380937749148,1.0,equivalent,1,1,in both,rl301,0.0270852415098664
emp_m_ubin,m=0.8|u_bin=0.5-0.8,v2rl307,policy-vs-rule,52,52,757.0013884615385,757.0013884615385,757.4608538461539,-0.45946538461538194,-1.874873749999994,1.1255932692307753,7.574608538461539,0.21352435403618242,1.0,equivalent,1,1,in both,rl301,0.0286526015281856
emp_m_ubin,m=0.8|u_bin=0.5-0.8,v2rl303,policy-vs-rule,52,52,757.09025,757.09025,757.4608538461539,-0.3706038461538472,-1.3440480769230827,0.6592791346153833,7.574608538461539,0.26039294361048326,1.0,equivalent,1,1,in both,rl301,0.040394587865184
emp_m_ubin,m=0.8|u_bin=0.5-0.8,v2rl310,policy-vs-rule,52,52,757.130326923077,757.130326923077,757.4608538461539,-0.33052692307692083,-1.7644910576923085,1.295020576923076,7.574608538461539,0.3742593192802244,1.0,equivalent,1,1,in both,rl301,0.0456902724925963
emp_m_ubin,m=0.8|u_bin=0.5-0.8,rl303,policy-vs-rule,52,52,757.1880115384615,757.1880115384616,757.4608538461539,-0.2728423076923079,-2.1559846153846136,2.19748644230768,7.574608538461539,0.2626182904425206,1.0,equivalent,1,1,in both,rl301,0.0533126024390221
emp_m_ubin,m=0.8|u_bin=0.5-0.8,v2rl302,policy-vs-rule,52,52,757.1898192307692,757.1898192307692,757.4608538461539,-0.2710346153846146,-1.476759519230763,1.2183221153846104,7.574608538461539,0.26039294361048326,1.0,equivalent,1,1,in both,rl301,0.0535514672926575
emp_m_ubin,m=0.8|u_bin=0.5-0.8,v2at305,policy-vs-rule,52,52,757.1986961538461,757.1986961538462,757.4608538461539,-0.26215769230769415,-1.8210723076923083,1.453521538461529,7.574608538461539,0.5750621301739497,1.0,equivalent,1,1,in both,rl301,0.0547244461909258
emp_m_ubin,m=0.8|u_bin=0.5-0.8,v2rl308,policy-vs-rule,52,52,757.29665,757.2966500000001,757.4608538461539,-0.16420384615384512,-1.4114645192307564,1.3396440384615307,7.574608538461539,0.6120898800892568,1.0,equivalent,1,1,in both,rl301,0.0676678719194146
emp_m_ubin,m=0.8|u_bin=0.5-0.8,pfifo,rule-vs-rule,52,52,757.4608538461538,757.4608538461539,757.4608538461539,0.0,0.0,0.0,7.574608538461539,1.0,1.0,equivalent,1,1,in both,rl301,0.0893654404220726
emp_m_ubin,m=0.8|u_bin=0.5-0.8,edd,rule-vs-rule,52,52,757.4608538461538,757.4608538461539,757.4608538461539,0.0,0.0,0.0,7.574608538461539,1.0,1.0,equivalent,1,1,in both,rl301,0.0893654404220726
emp_m_ubin,m=0.8|u_bin=0.5-0.8,v2rl304,policy-vs-rule,52,52,758.0626038461539,758.0626038461539,757.4608538461539,0.6017499999999972,-0.1553434615384652,1.8565060576922998,7.574608538461539,0.40081416938293446,1.0,equivalent,1,1,in both,rl301,0.1688794844125521
emp_m_ubin,m=0.8|u_bin=0.5-0.8,v2at310,policy-vs-rule,52,52,758.3103423076924,758.3103423076924,757.4608538461539,0.8494884615384624,-0.4877496153846193,2.513991057692303,7.574608538461539,0.32698934959801507,1.0,equivalent,1,1,in both,rl301,0.201615150268635
emp_m_ubin,m=0.8|u_bin=0.5-0.8,v2rl309,policy-vs-rule,52,52,758.9027269230769,758.9027269230769,757.4608538461539,1.4418730769230794,0.14745596153847076,3.102636153846143,7.574608538461539,0.09289194088370532,1.0,equivalent,1,1,in both,rl301,0.2798916710280114
emp_m_ubin,m=0.8|u_bin=0.5-0.8,wmdd,rule-vs-rule,52,52,759.3210038461538,759.3210038461538,757.4608538461539,1.8601499999999935,0.22692307692307606,3.8926192307692156,7.574608538461539,0.06788915486182899,0.13577830972365798,equivalent,1,1,in both,rl301,0.3351619488206619
emp_m_ubin,m=0.8|u_bin=0.5-0.8,v2at306,policy-vs-rule,52,52,759.716503846154,759.716503846154,757.4608538461539,2.255649999999998,-0.07692307692307693,5.297880096153835,7.574608538461539,0.11585149752593009,1.0,equivalent,1,1,in both,rl301,0.3874225294575416
emp_m_ubin,m=0.8|u_bin=0.5-0.8,v2at309,policy-vs-rule,52,52,759.7923653846154,759.7923653846154,757.4608538461539,2.331511538461536,-0.013646153846153744,5.325949423076915,7.574608538461539,0.13801073756865956,1.0,equivalent,1,1,in both,rl301,0.3974467217407326
emp_m_ubin,m=0.8|u_bin=0.5-0.8,v2at308,policy-vs-rule,52,52,760.4075884615385,760.4075884615385,757.4608538461539,2.9467346153846155,0.35167692307692333,6.188542500000003,7.574608538461539,0.07473549830588248,1.0,equivalent,1,1,in both,rl301,0.4787410712254082
emp_m_ubin,m=0.8|u_bin=0.5-0.8,v2at304,policy-vs-rule,52,52,760.4897615384616,760.4897615384616,757.4608538461539,3.0289076923076914,0.43238461538461553,6.312048076923072,7.574608538461539,0.043114446783075355,0.9054033824445824,equivalent,1,1,in both,rl301,0.4895992576039674
emp_m_ubin,m=0.8|u_bin=0.5-0.8,atc,rule-vs-rule,52,52,760.5938346153846,760.5938346153847,757.4608538461539,3.132980769230757,0.434553846153844,6.4770908653845956,7.574608538461539,0.027707849358079864,0.11083139743231946,equivalent,1,0,joins,rl301,0.5033512662731437
emp_m_ubin,m=0.8|u_bin=0.5-0.8,v2at303,policy-vs-rule,52,52,760.6133192307692,760.6133192307692,757.4608538461539,3.152465384615387,0.5631284615384669,6.414067884615387,7.574608538461539,0.009925485845323257,0.21836068859711166,equivalent,1,0,joins,rl301,0.5059259244614766
emp_m_ubin,m=0.8|u_bin=0.5-0.8,v2at307,policy-vs-rule,52,52,761.1016461538462,761.1016461538462,757.4608538461539,3.6407923076923066,0.8874307692307704,7.271789711538462,7.574608538461539,0.007685794055213263,0.17677326326990506,equivalent,1,0,joins,rl301,0.5704524694440626
emp_m_ubin,m=0.8|u_bin=0.5-0.8,wspt,rule-vs-rule,52,52,762.7711423076923,762.7711423076923,757.4608538461539,5.310288461538443,1.6744473076923028,10.025275192307623,7.574608538461539,0.002217721464237049,0.013306328785422296,inconclusive,0,0,out of both,rl301,0.7910563591305163
emp_m_ubin,m=0.8|u_bin=0.5-0.8,v2at301,policy-vs-rule,52,52,765.9050346153846,765.9050346153847,757.4608538461539,8.444180769230758,-0.0029876923076944148,20.510399999999944,7.574608538461539,0.21352435403618242,1.0,inconclusive,0,0,out of both,rl301,1.2051626338545756
emp_m_ubin,m=0.8|u_bin=0.5-0.8,random,rule-vs-rule,52,52,766.3573807692308,766.3573807692308,757.4608538461539,8.896526923076921,1.7009580769230757,19.715445865384602,7.574608538461539,0.002976637011170516,0.014883185055852581,inconclusive,0,0,out of both,rl301,1.2649347518036245
emp_m_ubin,m=0.8|u_bin=0.5-0.8,lpt,rule-vs-rule,52,52,783.0240038461538,783.0240038461537,757.4608538461539,25.56314999999999,1.6448909615384573,66.02738538461533,7.574608538461539,0.0280561241492436,0.11083139743231946,inconclusive,0,0,out of both,rl301,3.4672290609201477
emp_m_ubin,m=0.8|u_bin=0.8-1.0,v2at305,policy-vs-rule,24,24,746.5306666666667,746.5306666666667,746.9473333333334,-0.4166666666666667,-1.25,0.0,7.469473333333334,0.31731050786291415,1.0,equivalent,1,1,in both,v2at305,0.0
emp_m_ubin,m=0.8|u_bin=0.8-1.0,rl301,policy-vs-rule,24,24,746.614,746.614,746.9473333333334,-0.3333333333333333,-1.0,0.0,7.469473333333334,0.31731050786291415,1.0,equivalent,1,1,in both,v2at305,0.0111627475004426
emp_m_ubin,m=0.8|u_bin=0.8-1.0,rl302,policy-vs-rule,24,24,746.614,746.614,746.9473333333334,-0.3333333333333333,-1.0,0.0,7.469473333333334,0.31731050786291415,1.0,equivalent,1,1,in both,v2at305,0.0111627475004426
emp_m_ubin,m=0.8|u_bin=0.8-1.0,rl303,policy-vs-rule,24,24,746.614,746.614,746.9473333333334,-0.3333333333333333,-1.0,0.0,7.469473333333334,0.31731050786291415,1.0,equivalent,1,1,in both,v2at305,0.0111627475004426
emp_m_ubin,m=0.8|u_bin=0.8-1.0,v2rl301,policy-vs-rule,24,24,746.614,746.614,746.9473333333334,-0.3333333333333333,-1.0,0.0,7.469473333333334,0.31731050786291415,1.0,equivalent,1,1,in both,v2at305,0.0111627475004426
emp_m_ubin,m=0.8|u_bin=0.8-1.0,v2rl302,policy-vs-rule,24,24,746.614,746.614,746.9473333333334,-0.3333333333333333,-1.0,0.0,7.469473333333334,0.31731050786291415,1.0,equivalent,1,1,in both,v2at305,0.0111627475004426
emp_m_ubin,m=0.8|u_bin=0.8-1.0,v2rl303,policy-vs-rule,24,24,746.614,746.614,746.9473333333334,-0.3333333333333333,-1.0,0.0,7.469473333333334,0.31731050786291415,1.0,equivalent,1,1,in both,v2at305,0.0111627475004426
emp_m_ubin,m=0.8|u_bin=0.8-1.0,v2rl304,policy-vs-rule,24,24,746.614,746.614,746.9473333333334,-0.3333333333333333,-1.0,0.0,7.469473333333334,0.31731050786291415,1.0,equivalent,1,1,in both,v2at305,0.0111627475004426
emp_m_ubin,m=0.8|u_bin=0.8-1.0,v2rl305,policy-vs-rule,24,24,746.614,746.614,746.9473333333334,-0.3333333333333333,-1.0,0.0,7.469473333333334,0.31731050786291415,1.0,equivalent,1,1,in both,v2at305,0.0111627475004426
emp_m_ubin,m=0.8|u_bin=0.8-1.0,v2rl306,policy-vs-rule,24,24,746.614,746.614,746.9473333333334,-0.3333333333333333,-1.0,0.0,7.469473333333334,0.31731050786291415,1.0,equivalent,1,1,in both,v2at305,0.0111627475004426
emp_m_ubin,m=0.8|u_bin=0.8-1.0,v2rl307,policy-vs-rule,24,24,746.614,746.614,746.9473333333334,-0.3333333333333333,-1.0,0.0,7.469473333333334,0.31731050786291415,1.0,equivalent,1,1,in both,v2at305,0.0111627475004426
emp_m_ubin,m=0.8|u_bin=0.8-1.0,v2rl308,policy-vs-rule,24,24,746.614,746.614,746.9473333333334,-0.3333333333333333,-1.0,0.0,7.469473333333334,0.31731050786291415,1.0,equivalent,1,1,in both,v2at305,0.0111627475004426
emp_m_ubin,m=0.8|u_bin=0.8-1.0,v2at302,policy-vs-rule,24,24,746.614,746.614,746.9473333333334,-0.3333333333333333,-1.0,0.0,7.469473333333334,0.31731050786291415,1.0,equivalent,1,1,in both,v2at305,0.0111627475004426
emp_m_ubin,m=0.8|u_bin=0.8-1.0,v2rl310,policy-vs-rule,24,24,746.6556666666667,746.6556666666667,746.9473333333334,-0.2916666666666667,-1.0,0.125,7.469473333333334,0.6547208460185769,1.0,equivalent,1,1,in both,v2at305,0.0167441212506563
emp_m_ubin,m=0.8|u_bin=0.8-1.0,pfifo,rule-vs-rule,24,24,746.9473333333334,746.9473333333334,746.9473333333334,0.0,0.0,0.0,7.469473333333334,1.0,1.0,equivalent,1,1,in both,v2at305,0.055813737502198
emp_m_ubin,m=0.8|u_bin=0.8-1.0,v2at310,policy-vs-rule,24,24,746.9473333333334,746.9473333333334,746.9473333333334,0.0,0.0,0.0,7.469473333333334,1.0,1.0,equivalent,1,1,in both,v2at305,0.055813737502198
emp_m_ubin,m=0.8|u_bin=0.8-1.0,edd,rule-vs-rule,24,24,746.9473333333334,746.9473333333334,746.9473333333334,0.0,0.0,0.0,7.469473333333334,1.0,1.0,equivalent,1,1,in both,v2at305,0.055813737502198
emp_m_ubin,m=0.8|u_bin=0.8-1.0,v2rl309,policy-vs-rule,24,24,747.1973333333334,747.1973333333334,746.9473333333334,0.25,0.0,0.75,7.469473333333334,0.31731050786291415,1.0,equivalent,1,1,in both,v2at305,0.0893019800035107
emp_m_ubin,m=0.8|u_bin=0.8-1.0,wmdd,rule-vs-rule,24,24,747.3114,747.3114,746.9473333333334,0.3640666666666732,0.0,1.0614666666666797,7.469473333333334,0.17971249487899976,0.718849979515999,equivalent,1,1,in both,v2at305,0.1045815487821068
emp_m_ubin,m=0.8|u_bin=0.8-1.0,v2at309,policy-vs-rule,24,24,747.3114,747.3114,746.9473333333334,0.3640666666666732,0.0,1.0614666666666797,7.469473333333334,0.17971249487899976,1.0,equivalent,1,1,in both,v2at305,0.1045815487821068
emp_m_ubin,m=0.8|u_bin=0.8-1.0,v2at304,policy-vs-rule,24,24,747.4780666666667,747.4780666666667,746.9473333333334,0.5307333333333398,0.0,1.5614666666666797,7.469473333333334,0.17971249487899976,1.0,equivalent,1,1,in both,v2at305,0.1269070437829769
emp_m_ubin,m=0.8|u_bin=0.8-1.0,atc,rule-vs-rule,24,24,747.8034333333334,747.8034333333334,746.9473333333334,0.85609999999996,0.0,2.53756666666654,7.469473333333334,0.17971249487899976,0.718849979515999,equivalent,1,1,in both,v2at305,0.1704908751236893
emp_m_ubin,m=0.8|u_bin=0.8-1.0,v2at306,policy-vs-rule,24,24,747.864,747.864,746.9473333333334,0.9166666666666666,0.0,2.75,7.469473333333334,0.31731050786291415,1.0,equivalent,1,1,in both,v2at305,0.1786039600070063
emp_m_ubin,m=0.8|u_bin=0.8-1.0,v2at308,policy-vs-rule,24,24,748.1973333333334,748.1973333333334,746.9473333333334,1.25,0.0,3.75,7.469473333333334,0.31731050786291415,1.0,equivalent,1,1,in both,v2at305,0.2232549500087617
emp_m_ubin,m=0.8|u_bin=0.8-1.0,v2at303,policy-vs-rule,24,24,748.6367666666666,748.6367666666666,746.9473333333334,1.6894333333332934,0.0,5.03756666666654,7.469473333333334,0.17971249487899976,1.0,equivalent,1,1,in both,v2at305,0.282118350128055
emp_m_ubin,m=0.8|u_bin=0.8-1.0,lpt,rule-vs-rule,24,24,748.7342833333333,748.7342833333333,746.9473333333334,1.7869500000000091,-0.8891499999999724,6.25,7.469473333333334,0.6547208460185769,1.0,equivalent,1,1,in both,v2at305,0.2951809972530723
emp_m_ubin,m=0.8|u_bin=0.8-1.0,v2at301,policy-vs-rule,24,24,748.8451,748.8451,746.9473333333334,1.8977666666666646,0.0,5.256833333333314,7.469473333333334,0.10880943004054568,1.0,equivalent,1,1,in both,v2at305,0.3100252188791539
emp_m_ubin,m=0.8|u_bin=0.8-1.0,v2at307,policy-vs-rule,24,24,749.4701,749.4701,746.9473333333334,2.5227666666666644,0.030733333333339868,6.3481333333333225,7.469473333333334,0.06788915486182899,1.0,equivalent,1,1,in both,v2at305,0.3937458251324358
emp_m_ubin,m=0.8|u_bin=0.8-1.0,random,rule-vs-rule,24,24,751.489,751.489,746.9473333333334,4.541666666666667,0.2916666666666667,10.833333333333334,7.469473333333334,0.06788915486182899,0.33944577430914497,inconclusive,0,0,out of both,v2at305,0.664183476276041
emp_m_ubin,m=0.8|u_bin=0.8-1.0,wspt,rule-vs-rule,24,24,751.8841666666667,751.8841666666667,746.9473333333334,4.9368333333332926,0.7695266666666801,10.607026666666565,7.469473333333334,0.027707849358079864,0.16624709614847918,inconclusive,0,0,out of both,v2at305,0.7171172249231181
emp_m_ubin,m=0.8|u_bin=1.0-1.2,rl301,policy-vs-rule,13,13,279.9884307692308,279.9884307692308,282.4146923076923,-2.4262615384615347,-7.054938461538445,0.0,2.824146923076923,0.5,1.0,inconclusive,0,1,leaves,rl301,0.0
emp_m_ubin,m=0.8|u_bin=1.0-1.2,v2rl301,policy-vs-rule,13,13,279.9884307692308,279.9884307692308,282.4146923076923,-2.4262615384615347,-7.166861538461524,0.0,2.824146923076923,0.5,1.0,inconclusive,0,1,leaves,rl301,0.0
emp_m_ubin,m=0.8|u_bin=1.0-1.2,v2rl302,policy-vs-rule,13,13,279.9884307692308,279.9884307692308,282.4146923076923,-2.4262615384615347,-7.054938461538445,0.0,2.824146923076923,0.5,1.0,inconclusive,0,1,leaves,rl301,0.0
emp_m_ubin,m=0.8|u_bin=1.0-1.2,v2at302,policy-vs-rule,13,13,279.9884307692308,279.9884307692308,282.4146923076923,-2.4262615384615347,-7.054938461538445,0.0,2.824146923076923,0.5,1.0,inconclusive,0,1,leaves,rl301,0.0
emp_m_ubin,m=0.8|u_bin=1.0-1.2,v2at310,policy-vs-rule,13,13,279.9884307692308,279.9884307692308,282.4146923076923,-2.4262615384615347,-7.166861538461524,0.0,2.824146923076923,0.5,1.0,inconclusive,0,1,leaves,rl301,0.0
emp_m_ubin,m=0.8|u_bin=1.0-1.2,v2rl303,policy-vs-rule,13,13,280.1879076923077,280.1879076923077,282.4146923076923,-2.2267846153846276,-6.568430769230802,0.0,2.824146923076923,0.5,1.0,inconclusive,0,1,leaves,rl301,0.0712447019788971
emp_m_ubin,m=0.8|u_bin=1.0-1.2,v2rl307,policy-vs-rule,13,13,280.1879076923077,280.1879076923077,282.4146923076923,-2.2267846153846276,-6.4565076923077225,0.0,2.824146923076923,0.5,1.0,inconclusive,0,1,leaves,rl301,0.0712447019788971
emp_m_ubin,m=0.8|u_bin=1.0-1.2,v2rl304,policy-vs-rule,13,13,280.4956,280.49559999999997,282.4146923076923,-1.9190923076923196,-5.6453538461538795,0.0,2.824146923076923,0.5,1.0,inconclusive,0,1,leaves,rl301,0.1811393525710379
emp_m_ubin,m=0.8|u_bin=1.0-1.2,v2rl310,policy-vs-rule,13,13,280.4956,280.49559999999997,282.4146923076923,-1.9190923076923196,-5.6453538461538795,0.0,2.824146923076923,0.5,1.0,inconclusive,0,1,leaves,rl301,0.1811393525710379
emp_m_ubin,m=0.8|u_bin=1.0-1.2,v2at308,policy-vs-rule,13,13,280.4956,280.49559999999997,282.4146923076923,-1.9190923076923196,-5.6453538461538795,0.0,2.824146923076923,0.5,1.0,inconclusive,0,1,leaves,rl301,0.1811393525710379
emp_m_ubin,m=0.8|u_bin=1.0-1.2,v2rl305,policy-vs-rule,13,13,280.77953846153844,280.77953846153844,282.4146923076923,-1.6351538461538422,-4.793538461538446,0.0,2.824146923076923,0.5,1.0,inconclusive,0,1,leaves,rl301,0.2825501361374823
emp_m_ubin,m=0.8|u_bin=1.0-1.2,rl302,policy-vs-rule,13,13,281.00584615384616,281.00584615384616,282.4146923076923,-1.4088461538461667,-4.002692307692341,0.0,2.824146923076923,0.5,1.0,inconclusive,0,0,out of both,rl301,0.363377651648026
emp_m_ubin,m=0.8|u_bin=1.0-1.2,v2rl308,policy-vs-rule,13,13,281.3979076923077,281.3979076923077,282.4146923076923,-1.016784615384626,-2.938430769230798,0.0,2.824146923076923,0.5,1.0,inconclusive,0,0,out of both,rl301,0.5034054154325447
emp_m_ubin,m=0.8|u_bin=1.0-1.2,v2at307,policy-vs-rule,13,13,281.4339076923077,281.4339076923077,282.4146923076923,-0.9807846153846203,-4.391523076923101,1.2353538461538496,2.824146923076923,1.0,1.0,inconclusive,0,0,out of both,rl301,0.5162630895518274
emp_m_ubin,m=0.8|u_bin=1.0-1.2,v2at301,policy-vs-rule,13,13,282.36892307692307,282.368923076923,282.4146923076923,-0.0457692307692438,-2.044615384615414,1.8003846153846024,2.824146923076923,1.0,1.0,equivalent,1,0,joins,rl301,0.8502109537712715
emp_m_ubin,m=0.8|u_bin=1.0-1.2,pfifo,rule-vs-rule,13,13,282.4146923076923,282.4146923076923,282.4146923076923,0.0,0.0,0.0,2.824146923076923,1.0,1.0,equivalent,1,0,joins,rl301,0.8665577830468524
emp_m_ubin,m=0.8|u_bin=1.0-1.2,edd,rule-vs-rule,13,13,282.4146923076923,282.4146923076923,282.4146923076923,0.0,0.0,0.0,2.824146923076923,1.0,1.0,equivalent,1,0,joins,rl301,0.8665577830468524
emp_m_ubin,m=0.8|u_bin=1.0-1.2,v2rl309,policy-vs-rule,13,13,282.6104615384615,282.6104615384615,282.4146923076923,0.19576923076922761,-0.3357692307692402,0.9230769230769231,2.824146923076923,1.0,1.0,equivalent,1,0,joins,rl301,0.9364782544861012
emp_m_ubin,m=0.8|u_bin=1.0-1.2,v2at309,policy-vs-rule,13,13,283.26483076923074,283.26483076923074,282.4146923076923,0.8501384615384495,-0.3357692307692402,2.8861846153845887,2.824146923076923,1.0,1.0,inconclusive,0,0,out of both,rl301,1.1701912079004464
emp_m_ubin,m=0.8|u_bin=1.0-1.2,rl303,policy-vs-rule,13,13,283.4280923076923,283.4280923076923,282.4146923076923,1.0134000000000032,-0.3357692307692402,3.37596923076925,2.824146923076923,1.0,1.0,inconclusive,0,0,out of both,rl301,1.228501309504645
emp_m_ubin,m=0.8|u_bin=1.0-1.2,wmdd,rule-vs-rule,13,13,284.1554,284.1554,282.4146923076923,1.7407076923076987,0.0,4.501292307692333,2.824146923076923,0.5,1.0,inconclusive,0,0,out of both,rl301,1.488264789841859
emp_m_ubin,m=0.8|u_bin=1.0-1.2,v2at305,policy-vs-rule,13,13,284.7739076923077,284.7739076923077,282.4146923076923,2.359215384615403,-0.3357692307692402,7.4134153846154485,2.824146923076923,1.0,1.0,inconclusive,0,0,out of both,rl301,1.7091695217296958
emp_m_ubin,m=0.8|u_bin=1.0-1.2,v2at304,policy-vs-rule,13,13,285.1109846153846,285.1109846153846,282.4146923076923,2.6962923076922958,-4.498430769230795,12.811153846153843,2.824146923076923,1.0,1.0,inconclusive,0,0,out of both,rl301,1.829559111453392
emp_m_ubin,m=0.8|u_bin=1.0-1.2,v2at303,policy-vs-rule,13,13,285.22138461538464,285.22138461538464,282.4146923076923,2.80669230769234,-3.663769230769127,11.580384615384613,2.824146923076923,0.75,1.0,inconclusive,0,0,out of both,rl301,1.868989312085868
emp_m_ubin,m=0.8|u_bin=1.0-1.2,v2at306,policy-vs-rule,13,13,285.8367692307693,285.8367692307693,282.4146923076923,3.4220769230769554,-0.22384615384616013,8.615384615384615,2.824146923076923,0.5,1.0,inconclusive,0,0,out of both,rl301,2.0887786132701898
emp_m_ubin,m=0.8|u_bin=1.0-1.2,v2rl306,policy-vs-rule,13,13,286.5644923076923,286.5644923076923,282.4146923076923,4.14980000000001,-0.3357692307692402,12.78516923076927,2.824146923076923,1.0,1.0,inconclusive,0,0,out of both,rl301,2.3486904513856857
emp_m_ubin,m=0.8|u_bin=1.0-1.2,atc,rule-vs-rule,13,13,286.9571384615384,286.9571384615384,282.4146923076923,4.542446153846142,-0.22384615384616013,12.040084999999975,2.824146923076923,0.5,1.0,inconclusive,0,0,out of both,rl301,2.488927015006318
emp_m_ubin,m=0.8|u_bin=1.0-1.2,random,rule-vs-rule,13,13,289.156,289.156,282.4146923076923,6.741307692307681,-0.20230769230769852,16.432615384615367,2.824146923076923,0.375,1.0,inconclusive,0,0,out of both,rl301,3.274267156533061
emp_m_ubin,m=0.8|u_bin=1.0-1.2,wspt,rule-vs-rule,13,13,292.6983076923077,292.6983076923077,282.4146923076923,10.283615384615391,0.2646153846153844,22.248107692307713,2.824146923076923,0.125,0.75,inconclusive,0,0,out of both,rl301,4.539429321475264
emp_m_ubin,m=0.8|u_bin=1.0-1.2,lpt,rule-vs-rule,13,13,297.32812307692313,297.32812307692313,282.4146923076923,14.913430769230803,0.0,44.63338461538471,2.824146923076923,0.5,1.0,inconclusive,0,0,out of both,rl301,6.193003139470397
emp_m_ubin,m=0.8|u_bin=<0.5,rl302,policy-vs-rule,61,61,223.94036721311477,223.9403672131148,223.97280655737706,-0.03243934426229286,-0.09731803278687859,0.0,2.239728065573771,0.31731050786291415,1.0,equivalent,1,1,in both,rl302,0.0
emp_m_ubin,m=0.8|u_bin=<0.5,v2rl302,policy-vs-rule,61,61,223.94036721311477,223.9403672131148,223.97280655737706,-0.03243934426229286,-0.09731803278687859,0.0,2.239728065573771,0.31731050786291415,1.0,equivalent,1,1,in both,rl302,0.0
emp_m_ubin,m=0.8|u_bin=<0.5,v2at305,policy-vs-rule,61,61,223.94036721311477,223.9403672131148,223.97280655737706,-0.03243934426229286,-0.09731803278687859,0.0,2.239728065573771,0.31731050786291415,1.0,equivalent,1,1,in both,rl302,0.0
emp_m_ubin,m=0.8|u_bin=<0.5,lpt,rule-vs-rule,61,61,223.9640524590164,223.96405245901641,223.97280655737706,-0.008754098360657468,-0.026262295081972403,0.0,2.239728065573771,0.31731050786291415,0.718849979515999,equivalent,1,1,in both,rl302,0.0105765861672924
emp_m_ubin,m=0.8|u_bin=<0.5,rl301,policy-vs-rule,61,61,223.9640524590164,223.96405245901641,223.97280655737706,-0.008754098360657468,-0.026262295081972403,0.0,2.239728065573771,0.31731050786291415,1.0,equivalent,1,1,in both,rl302,0.0105765861672924
emp_m_ubin,m=0.8|u_bin=<0.5,v2rl303,policy-vs-rule,61,61,223.9640524590164,223.96405245901641,223.97280655737706,-0.008754098360657468,-0.026262295081972403,0.0,2.239728065573771,0.31731050786291415,1.0,equivalent,1,1,in both,rl302,0.0105765861672924
emp_m_ubin,m=0.8|u_bin=<0.5,v2rl308,policy-vs-rule,61,61,223.9640524590164,223.96405245901641,223.97280655737706,-0.008754098360657468,-0.026262295081972403,0.0,2.239728065573771,0.31731050786291415,1.0,equivalent,1,1,in both,rl302,0.0105765861672924
emp_m_ubin,m=0.8|u_bin=<0.5,v2rl310,policy-vs-rule,61,61,223.9640524590164,223.96405245901641,223.97280655737706,-0.008754098360657468,-0.026262295081972403,0.0,2.239728065573771,0.31731050786291415,1.0,equivalent,1,1,in both,rl302,0.0105765861672924
emp_m_ubin,m=0.8|u_bin=<0.5,pfifo,rule-vs-rule,61,61,223.97280655737703,223.97280655737706,223.97280655737706,0.0,0.0,0.0,2.239728065573771,1.0,1.0,equivalent,1,1,in both,rl302,0.0144857064699796
emp_m_ubin,m=0.8|u_bin=<0.5,edd,rule-vs-rule,61,61,223.97280655737703,223.97280655737706,223.97280655737706,0.0,0.0,0.0,2.239728065573771,1.0,1.0,equivalent,1,1,in both,rl302,0.0144857064699796
emp_m_ubin,m=0.8|u_bin=<0.5,v2rl305,policy-vs-rule,61,61,223.9776,223.97760000000002,223.97280655737706,0.004793442622955257,0.0,0.014380327868865771,2.239728065573771,0.31731050786291415,1.0,equivalent,1,1,in both,rl302,0.0166262060514755
emp_m_ubin,m=0.8|u_bin=<0.5,v2rl306,policy-vs-rule,61,61,223.9776,223.97760000000002,223.97280655737706,0.004793442622955257,0.0,0.014380327868865771,2.239728065573771,0.31731050786291415,1.0,equivalent,1,1,in both,rl302,0.0166262060514755
emp_m_ubin,m=0.8|u_bin=<0.5,v2rl307,policy-vs-rule,61,61,223.9776,223.97760000000002,223.97280655737706,0.004793442622955257,0.0,0.014380327868865771,2.239728065573771,0.31731050786291415,1.0,equivalent,1,1,in both,rl302,0.0166262060514755
emp_m_ubin,m=0.8|u_bin=<0.5,v2rl304,policy-vs-rule,61,61,223.99683934426227,223.99683934426233,223.97280655737706,0.024032786885244174,0.0,0.07209836065573251,2.239728065573771,0.31731050786291415,1.0,equivalent,1,1,in both,rl302,0.0252174861773748
emp_m_ubin,m=0.8|u_bin=<0.5,v2at302,policy-vs-rule,61,61,223.99683934426227,223.99683934426233,223.97280655737706,0.024032786885244174,0.0,0.07209836065573251,2.239728065573771,0.31731050786291415,1.0,equivalent,1,1,in both,rl302,0.0252174861773748
emp_m_ubin,m=0.8|u_bin=<0.5,v2at310,policy-vs-rule,61,61,223.99683934426227,223.99683934426233,223.97280655737706,0.024032786885244174,0.0,0.07209836065573251,2.239728065573771,0.31731050786291415,1.0,equivalent,1,1,in both,rl302,0.0252174861773748
emp_m_ubin,m=0.8|u_bin=<0.5,rl303,policy-vs-rule,61,61,224.000937704918,224.00093770491804,223.97280655737706,0.028131147540981876,0.0,0.08439344262294562,2.239728065573771,0.31731050786291415,1.0,equivalent,1,1,in both,rl302,0.0270475986786398
emp_m_ubin,m=0.8|u_bin=<0.5,v2rl301,policy-vs-rule,61,61,224.00128524590164,224.00128524590167,223.97280655737706,0.028478688524590654,0.0,0.08543606557377195,2.239728065573771,0.31731050786291415,1.0,equivalent,1,1,in both,rl302,0.0272027922187553
emp_m_ubin,m=0.8|u_bin=<0.5,v2rl309,policy-vs-rule,61,61,224.0383803278688,224.03838032786888,223.97280655737706,0.06557377049180328,0.0,0.19672131147540983,2.239728065573771,0.31731050786291415,1.0,equivalent,1,1,in both,rl302,0.0437675064901571
emp_m_ubin,m=0.8|u_bin=<0.5,v2at309,policy-vs-rule,61,61,224.2876393442623,224.28763934426232,223.97280655737706,0.31483278688524835,0.0,0.8636196721311546,2.239728065573771,0.17971249487899976,1.0,equivalent,1,1,in both,rl302,0.1550734847268798
emp_m_ubin,m=0.8|u_bin=<0.5,v2at306,policy-vs-rule,61,61,224.42999344262296,224.429993442623,223.97280655737706,0.45718688524590473,0.0,1.1770163934426314,2.239728065573771,0.17971249487899976,1.0,equivalent,1,1,in both,rl302,0.2186413443906971
emp_m_ubin,m=0.8|u_bin=<0.5,v2at308,policy-vs-rule,61,61,224.44747540983607,224.4474754098361,223.97280655737706,0.4746688524590188,0.0,1.2775540983606628,2.239728065573771,0.17971249487899976,1.0,equivalent,1,1,in both,rl302,0.2264478722760775
emp_m_ubin,m=0.8|u_bin=<0.5,v2at307,policy-vs-rule,61,61,224.4649573770492,224.46495737704922,223.97280655737706,0.49215081967213337,0.0,1.378091803278695,2.239728065573771,0.10880943004054568,1.0,equivalent,1,1,in both,rl302,0.2342544001614579
emp_m_ubin,m=0.8|u_bin=<0.5,atc,rule-vs-rule,61,61,224.51304918032787,224.5130491803279,223.97280655737706,0.5402426229508221,0.0,1.539849180327876,2.239728065573771,0.17971249487899976,0.718849979515999,equivalent,1,1,in both,rl302,0.255729672296255
emp_m_ubin,m=0.8|u_bin=<0.5,wmdd,rule-vs-rule,61,61,224.5601573770492,224.5601573770492,223.97280655737706,0.5873508196721393,0.0,1.6811737704918277,2.239728065573771,0.17971249487899976,0.718849979515999,equivalent,1,1,in both,rl302,0.2767657174307592
emp_m_ubin,m=0.8|u_bin=<0.5,random,rule-vs-rule,61,61,224.5961049180328,224.5961049180328,223.97280655737706,0.62329836065574,0.06557377049180328,1.4108786885245967,2.239728065573771,0.06559969214707187,0.3279984607353593,equivalent,1,1,in both,rl302,0.2928180002018128
emp_m_ubin,m=0.8|u_bin=<0.5,v2at304,policy-vs-rule,61,61,224.6267147540984,224.6267147540984,223.97280655737706,0.6539081967213146,0.0,1.5048852459016477,2.239728065573771,0.10880943004054568,1.0,equivalent,1,1,in both,rl302,0.3064867444512423
emp_m_ubin,m=0.8|u_bin=<0.5,v2at301,policy-vs-rule,61,61,224.6441967213115,224.64419672131152,223.97280655737706,0.6713901639344286,0.0,1.900504918032794,2.239728065573771,0.17971249487899976,1.0,equivalent,1,1,in both,rl302,0.3142932723366227
emp_m_ubin,m=0.8|u_bin=<0.5,v2at303,policy-vs-rule,61,61,224.72507540983608,224.7250754098361,223.97280655737706,0.7522688524590195,0.09836065573770492,1.6969049180327949,2.239728065573771,0.06559969214707187,1.0,equivalent,1,1,in both,rl302,0.3504094444815149
emp_m_ubin,m=0.8|u_bin=<0.5,wspt,rule-vs-rule,61,61,225.3174163934426,225.31741639344264,223.97280655737706,1.344609836065576,0.26229508196721313,2.8866360655737795,2.239728065573771,0.017960477526078766,0.1077628651564726,inconclusive,0,0,out of both,rl302,0.6149178004238033
emp_m_ubin,m=0.8|u_bin=>=1.2,rl301,policy-vs-rule,30,30,191.50986666666668,191.50986666666668,191.53482666666665,-0.024959999999999618,-0.07487999999999886,0.0,1.9153482666666666,0.31731050786291415,1.0,equivalent,1,1,in both,rl301,0.0
emp_m_ubin,m=0.8|u_bin=>=1.2,lpt,rule-vs-rule,30,30,191.52064,191.52064,191.53482666666665,-0.014186666666666764,-0.04256000000000029,0.0,1.9153482666666666,0.31731050786291415,1.0,equivalent,1,1,in both,rl301,0.0056254716902312
emp_m_ubin,m=0.8|u_bin=>=1.2,rl302,policy-vs-rule,30,30,191.52064,191.52064,191.53482666666665,-0.014186666666666764,-0.04256000000000029,0.0,1.9153482666666666,0.31731050786291415,1.0,equivalent,1,1,in both,rl301,0.0056254716902312
emp_m_ubin,m=0.8|u_bin=>=1.2,v2rl301,policy-vs-rule,30,30,191.52064,191.52064,191.53482666666665,-0.014186666666666764,-0.04256000000000029,0.0,1.9153482666666666,0.31731050786291415,1.0,equivalent,1,1,in both,rl301,0.0056254716902312
emp_m_ubin,m=0.8|u_bin=>=1.2,v2rl302,policy-vs-rule,30,30,191.52064,191.52064,191.53482666666665,-0.014186666666666764,-0.04256000000000029,0.0,1.9153482666666666,0.31731050786291415,1.0,equivalent,1,1,in both,rl301,0.0056254716902312
emp_m_ubin,m=0.8|u_bin=>=1.2,v2rl303,policy-vs-rule,30,30,191.52064,191.52064,191.53482666666665,-0.014186666666666764,-0.04256000000000029,0.0,1.9153482666666666,0.31731050786291415,1.0,equivalent,1,1,in both,rl301,0.0056254716902312
emp_m_ubin,m=0.8|u_bin=>=1.2,v2rl305,policy-vs-rule,30,30,191.52064,191.52064,191.53482666666665,-0.014186666666666764,-0.04256000000000029,0.0,1.9153482666666666,0.31731050786291415,1.0,equivalent,1,1,in both,rl301,0.0056254716902312
emp_m_ubin,m=0.8|u_bin=>=1.2,v2rl306,policy-vs-rule,30,30,191.52064,191.52064,191.53482666666665,-0.014186666666666764,-0.04256000000000029,0.0,1.9153482666666666,0.31731050786291415,1.0,equivalent,1,1,in both,rl301,0.0056254716902312
emp_m_ubin,m=0.8|u_bin=>=1.2,v2rl308,policy-vs-rule,30,30,191.52064,191.52064,191.53482666666665,-0.014186666666666764,-0.04256000000000029,0.0,1.9153482666666666,0.31731050786291415,1.0,equivalent,1,1,in both,rl301,0.0056254716902312
emp_m_ubin,m=0.8|u_bin=>=1.2,v2at305,policy-vs-rule,30,30,191.52064,191.52064,191.53482666666665,-0.014186666666666764,-0.04256000000000029,0.0,1.9153482666666666,0.31731050786291415,1.0,equivalent,1,1,in both,rl301,0.0056254716902312
emp_m_ubin,m=0.8|u_bin=>=1.2,rl303,policy-vs-rule,30,30,191.53478666666663,191.53478666666663,191.53482666666665,-3.9999999999906775e-05,-0.00011999999999972033,0.0,1.9153482666666666,0.31731050786291415,1.0,equivalent,1,1,in both,rl301,0.0130123843923691
emp_m_ubin,m=0.8|u_bin=>=1.2,pfifo,rule-vs-rule,30,30,191.53482666666665,191.53482666666665,191.53482666666665,0.0,0.0,0.0,1.9153482666666666,1.0,1.0,equivalent,1,1,in both,rl301,0.0130332710446761
emp_m_ubin,m=0.8|u_bin=>=1.2,atc,rule-vs-rule,30,30,191.53482666666665,191.53482666666665,191.53482666666665,0.0,0.0,0.0,1.9153482666666666,1.0,1.0,equivalent,1,1,in both,rl301,0.0130332710446761
emp_m_ubin,m=0.8|u_bin=>=1.2,wmdd,rule-vs-rule,30,30,191.53482666666665,191.53482666666665,191.53482666666665,0.0,0.0,0.0,1.9153482666666666,1.0,1.0,equivalent,1,1,in both,rl301,0.0130332710446761
emp_m_ubin,m=0.8|u_bin=>=1.2,v2rl307,policy-vs-rule,30,30,191.53482666666665,191.53482666666665,191.53482666666665,0.0,0.0,0.0,1.9153482666666666,1.0,1.0,equivalent,1,1,in both,rl301,0.0130332710446761
emp_m_ubin,m=0.8|u_bin=>=1.2,v2at303,policy-vs-rule,30,30,191.53482666666665,191.53482666666665,191.53482666666665,0.0,0.0,0.0,1.9153482666666666,1.0,1.0,equivalent,1,1,in both,rl301,0.0130332710446761
emp_m_ubin,m=0.8|u_bin=>=1.2,v2at304,policy-vs-rule,30,30,191.53482666666665,191.53482666666665,191.53482666666665,0.0,0.0,0.0,1.9153482666666666,1.0,1.0,equivalent,1,1,in both,rl301,0.0130332710446761
emp_m_ubin,m=0.8|u_bin=>=1.2,v2at307,policy-vs-rule,30,30,191.53482666666665,191.53482666666665,191.53482666666665,0.0,0.0,0.0,1.9153482666666666,1.0,1.0,equivalent,1,1,in both,rl301,0.0130332710446761
emp_m_ubin,m=0.8|u_bin=>=1.2,v2at309,policy-vs-rule,30,30,191.53482666666665,191.53482666666665,191.53482666666665,0.0,0.0,0.0,1.9153482666666666,1.0,1.0,equivalent,1,1,in both,rl301,0.0130332710446761
emp_m_ubin,m=0.8|u_bin=>=1.2,v2at310,policy-vs-rule,30,30,191.53482666666665,191.53482666666665,191.53482666666665,0.0,0.0,0.0,1.9153482666666666,1.0,1.0,equivalent,1,1,in both,rl301,0.0130332710446761
emp_m_ubin,m=0.8|u_bin=>=1.2,edd,rule-vs-rule,30,30,191.53482666666665,191.53482666666665,191.53482666666665,0.0,0.0,0.0,1.9153482666666666,1.0,1.0,equivalent,1,1,in both,rl301,0.0130332710446761
emp_m_ubin,m=0.8|u_bin=>=1.2,v2rl304,policy-vs-rule,30,30,191.5348666666667,191.5348666666667,191.53482666666665,4.000000000038047e-05,0.0,0.00012000000000114141,1.9153482666666666,0.31731050786291415,1.0,equivalent,1,1,in both,rl301,0.0130541576970128
emp_m_ubin,m=0.8|u_bin=>=1.2,v2at308,policy-vs-rule,30,30,191.5348666666667,191.5348666666667,191.53482666666665,4.000000000038047e-05,0.0,0.00012000000000114141,1.9153482666666666,0.31731050786291415,1.0,equivalent,1,1,in both,rl301,0.0130541576970128
emp_m_ubin,m=0.8|u_bin=>=1.2,v2at302,policy-vs-rule,30,30,191.5349733333333,191.5349733333333,191.53482666666665,0.00014666666666679856,0.0,0.00044000000000039564,1.9153482666666666,0.31731050786291415,1.0,equivalent,1,1,in both,rl301,0.013109855436513
emp_m_ubin,m=0.8|u_bin=>=1.2,v2rl310,policy-vs-rule,30,30,191.60145333333327,191.6014533333333,191.53482666666665,0.06662666666666676,0.0,0.16658666666666685,1.9153482666666666,0.17971249487899976,1.0,equivalent,1,1,in both,rl301,0.0478234715843934
emp_m_ubin,m=0.8|u_bin=>=1.2,v2rl309,policy-vs-rule,30,30,191.66464,191.66463999999996,191.53482666666665,0.12981333333333295,-0.04256000000000029,0.43199999999999916,1.9153482666666666,0.6547208460185769,1.0,equivalent,1,1,in both,rl301,0.080817420024996
emp_m_ubin,m=0.8|u_bin=>=1.2,v2at306,policy-vs-rule,30,30,191.83482666666663,191.83482666666666,191.53482666666665,0.3,0.0,0.9,1.9153482666666666,0.31731050786291415,1.0,equivalent,1,1,in both,rl301,0.1696831634088004
emp_m_ubin,m=0.8|u_bin=>=1.2,random,rule-vs-rule,30,30,191.99194666666665,191.99194666666662,191.53482666666665,0.45712000000000047,0.016746666666667426,1.0161653333333334,1.9153482666666666,0.07961580146011343,0.39807900730056717,equivalent,1,1,in both,rl301,0.2517259337029638
emp_m_ubin,m=0.8|u_bin=>=1.2,v2at301,policy-vs-rule,30,30,193.18537333333333,193.18537333333333,191.53482666666665,1.6505466666666673,0.12238666666666707,3.7611733333333333,1.9153482666666666,0.043114446783075355,0.9916322760107332,inconclusive,0,0,out of both,rl301,0.8748931299623114
emp_m_ubin,m=0.8|u_bin=>=1.2,wspt,rule-vs-rule,30,30,193.54949333333332,193.54949333333334,191.53482666666665,2.0146666666666673,0.6506666666666668,3.6800999999999986,1.9153482666666666,0.027707849358079864,0.16624709614847918,inconclusive,0,0,out of both,rl301,1.065024325987728
emp_m_ubin,m=1.0|u_bin=0.5-0.8,rl303,policy-vs-rule,52,52,859.6020461538462,859.6020461538462,859.9591,-0.3570538461538467,-0.8204538461538468,-0.0018615384615384956,8.599591,0.06559969214707187,1.0,equivalent,1,1,in both,rl303,0.0
emp_m_ubin,m=1.0|u_bin=0.5-0.8,v2rl302,policy-vs-rule,52,52,859.6020461538462,859.6020461538462,859.9591,-0.3570538461538467,-0.8185923076923083,-0.0018615384615384956,8.599591,0.06559969214707187,1.0,equivalent,1,1,in both,rl303,0.0
emp_m_ubin,m=1.0|u_bin=0.5-0.8,v2at310,policy-vs-rule,52,52,859.6039076923078,859.6039076923078,859.9591,-0.3551923076923082,-0.8167307692307697,0.0,8.599591,0.10247043485974937,1.0,equivalent,1,1,in both,rl303,0.0002165581701271
emp_m_ubin,m=1.0|u_bin=0.5-0.8,v2rl303,policy-vs-rule,52,52,859.6268307692309,859.6268307692307,859.9591,-0.3322692307692306,-0.7708846153846145,-0.0018615384615384956,8.599591,0.06788915486182899,1.0,equivalent,1,1,in both,rl303,0.002883266215517
emp_m_ubin,m=1.0|u_bin=0.5-0.8,v2rl306,policy-vs-rule,52,52,859.6268307692309,859.6268307692307,859.9591,-0.3322692307692306,-0.7917384615384605,-0.0018615384615384956,8.599591,0.06788915486182899,1.0,equivalent,1,1,in both,rl303,0.002883266215517
emp_m_ubin,m=1.0|u_bin=0.5-0.8,v2at305,policy-vs-rule,52,52,859.6268307692309,859.6268307692307,859.9591,-0.3322692307692306,-0.7708846153846145,-0.0018615384615384956,8.599591,0.06788915486182899,1.0,equivalent,1,1,in both,rl303,0.002883266215517
emp_m_ubin,m=1.0|u_bin=0.5-0.8,v2rl308,policy-vs-rule,52,52,859.6332923076923,859.6332923076922,859.9591,-0.3258076923077006,-0.8167307692307697,0.02938461538460757,8.599591,0.13621686984456766,1.0,equivalent,1,1,in both,rl303,0.0036349557316489
emp_m_ubin,m=1.0|u_bin=0.5-0.8,rl302,policy-vs-rule,52,52,859.6363076923078,859.6363076923076,859.9591,-0.32279230769230777,-0.7482076923076918,-0.0018615384615384956,8.599591,0.06788915486182899,1.0,equivalent,1,1,in both,rl303,0.0039857441725361
emp_m_ubin,m=1.0|u_bin=0.5-0.8,v2rl310,policy-vs-rule,52,52,859.6616,859.6616,859.9591,-0.29750000000000054,-0.7963461538461554,0.06788461538461486,8.599591,0.2692941367197367,1.0,equivalent,1,1,in both,rl303,0.0069280717071642
emp_m_ubin,m=1.0|u_bin=0.5-0.8,v2rl304,policy-vs-rule,52,52,859.6982,859.6982,859.9591,-0.2609000000000006,-0.7692307692307693,0.16405288461538028,8.599591,0.2692941367197367,1.0,equivalent,1,1,in both,rl303,0.0111858558950663
emp_m_ubin,m=1.0|u_bin=0.5-0.8,v2rl301,policy-vs-rule,52,52,859.7181384615385,859.7181384615384,859.9591,-0.24096153846154614,-0.7065409615384765,0.11696923076921505,8.599591,0.3454475304692257,1.0,equivalent,1,1,in both,rl303,0.0135053549734678
emp_m_ubin,m=1.0|u_bin=0.5-0.8,v2rl307,policy-vs-rule,52,52,859.7248461538462,859.7248461538461,859.9591,-0.23425384615384595,-0.7071903846153857,0.18326923076923024,8.599591,0.27332167829229814,1.0,equivalent,1,1,in both,rl303,0.0142856802807104
emp_m_ubin,m=1.0|u_bin=0.5-0.8,v2at302,policy-vs-rule,52,52,859.7252461538462,859.725246153846,859.9591,-0.233853846153854,-0.6857153846153997,0.11706153846150777,8.599591,0.34523107177184,1.0,equivalent,1,1,in both,rl303,0.0143322134412355
emp_m_ubin,m=1.0|u_bin=0.5-0.8,v2rl309,policy-vs-rule,52,52,859.7558923076923,859.7558923076923,859.9591,-0.20320769230769287,-0.5602615384615396,0.0,8.599591,0.10880943004054568,1.0,equivalent,1,1,in both,rl303,0.0178973694321035
emp_m_ubin,m=1.0|u_bin=0.5-0.8,rl301,policy-vs-rule,52,52,859.7756384615385,859.7756384615384,859.9591,-0.18346153846154215,-0.5672384615384658,0.0652190384615345,8.599591,0.22491588401596185,1.0,equivalent,1,1,in both,rl303,0.0201944967987205
emp_m_ubin,m=1.0|u_bin=0.5-0.8,v2rl305,policy-vs-rule,52,52,859.7902153846154,859.7902153846153,859.9591,-0.1688846153846265,-0.7103846153846164,0.3251153846153629,8.599591,0.46183801815063774,1.0,equivalent,1,1,in both,rl303,0.0218902725524107
emp_m_ubin,m=1.0|u_bin=0.5-0.8,pfifo,rule-vs-rule,52,52,859.9591,859.9591,859.9591,0.0,0.0,0.0,8.599591,1.0,1.0,equivalent,1,1,in both,rl303,0.0415371098465138
emp_m_ubin,m=1.0|u_bin=0.5-0.8,edd,rule-vs-rule,52,52,859.9591,859.9591,859.9591,0.0,0.0,0.0,8.599591,1.0,1.0,equivalent,1,1,in both,rl303,0.0415371098465138
emp_m_ubin,m=1.0|u_bin=0.5-0.8,lpt,rule-vs-rule,52,52,860.0884615384615,860.0884615384614,859.9591,0.12936153846152804,-0.49199211538463083,0.8030638461538245,8.599591,0.6120898800892568,1.0,equivalent,1,1,in both,rl303,0.0565861129334974
emp_m_ubin,m=1.0|u_bin=0.5-0.8,v2at306,policy-vs-rule,52,52,860.4206153846154,860.4206153846153,859.9591,0.46151538461538166,-0.1040384615384631,1.488584615384608,8.599591,0.5929800980174267,1.0,equivalent,1,1,in both,rl303,0.0952265335374367
emp_m_ubin,m=1.0|u_bin=0.5-0.8,v2at309,policy-vs-rule,52,52,860.5443153846154,860.5443153846153,859.9591,0.5852153846153806,-0.11760000000000304,1.91500826923076,8.599591,0.7150006546880893,1.0,equivalent,1,1,in both,rl303,0.1096169134293253
emp_m_ubin,m=1.0|u_bin=0.5-0.8,wmdd,rule-vs-rule,52,52,860.5744846153847,860.5744846153847,859.9591,0.6153846153846241,0.0,1.6923076923077185,8.599591,0.17971249487899976,0.5765081392640613,equivalent,1,1,in both,rl303,0.1131265875749677
emp_m_ubin,m=1.0|u_bin=0.5-0.8,v2at307,policy-vs-rule,52,52,860.7228538461538,860.7228538461537,859.9591,0.763753846153842,-0.01596153846153925,2.178638461538453,8.599591,0.14412703481601533,1.0,equivalent,1,1,in both,rl303,0.1303868106552893
emp_m_ubin,m=1.0|u_bin=0.5-0.8,atc,rule-vs-rule,52,52,860.7494846153846,860.7494846153845,859.9591,0.7903846153846115,-0.010361538461539182,2.2258923076922987,8.599591,0.14412703481601533,0.5765081392640613,equivalent,1,1,in both,rl303,0.1334848453039906
emp_m_ubin,m=1.0|u_bin=0.5-0.8,v2at304,policy-vs-rule,52,52,860.7609923076924,860.7609923076923,859.9591,0.8018923076923081,0.0,2.3498461538461553,8.599591,0.17971249487899976,1.0,equivalent,1,1,in both,rl303,0.1348235685375204
emp_m_ubin,m=1.0|u_bin=0.5-0.8,v2at303,policy-vs-rule,52,52,860.8099923076924,860.8099923076923,859.9591,0.8508923076923147,-0.01596153846153925,2.4711100000000217,8.599591,0.14412703481601533,1.0,equivalent,1,1,in both,rl303,0.1405238807016458
emp_m_ubin,m=1.0|u_bin=0.5-0.8,v2at308,policy-vs-rule,52,52,860.8520461538462,860.8520461538462,859.9591,0.892946153846162,-0.1077615384615401,2.786600000000026,8.599591,0.5929800980174267,1.0,equivalent,1,1,in both,rl303,0.1454161266359157
emp_m_ubin,m=1.0|u_bin=0.5-0.8,random,rule-vs-rule,52,52,860.9303076923078,860.9303076923077,859.9591,0.971207692307681,0.16059230769230645,1.9977390384615208,8.599591,0.027991815485665747,0.16795089291399448,equivalent,1,1,in both,rl303,0.1545205184660341
emp_m_ubin,m=1.0|u_bin=0.5-0.8,v2at301,policy-vs-rule,52,52,861.1282076923077,861.1282076923076,859.9591,1.1691076923076928,-0.028823076923077798,3.155839038461539,8.599591,0.22491588401596185,1.0,equivalent,1,1,in both,rl303,0.1775427996350195
emp_m_ubin,m=1.0|u_bin=0.5-0.8,wspt,rule-vs-rule,52,52,861.8775230769231,861.8775230769231,859.9591,1.9184230769230848,0.2597538461538464,4.253313461538495,8.599591,0.027991815485665747,0.16795089291399448,equivalent,1,1,in both,rl303,0.2647128323226029
emp_m_ubin,m=1.0|u_bin=0.8-1.0,v2rl301,policy-vs-rule,13,13,278.72824615384616,278.72824615384616,279.74566153846155,-1.017415384615403,-3.0522461538462093,0.0,2.7974566153846157,1.0,1.0,inconclusive,0,1,leaves,v2at302,0.0
emp_m_ubin,m=1.0|u_bin=0.8-1.0,v2rl302,policy-vs-rule,13,13,278.72824615384616,278.72824615384616,279.74566153846155,-1.017415384615403,-3.0522461538462093,0.0,2.7974566153846157,1.0,1.0,inconclusive,0,1,leaves,v2at302,0.0
emp_m_ubin,m=1.0|u_bin=0.8-1.0,v2rl305,policy-vs-rule,13,13,278.72824615384616,278.72824615384616,279.74566153846155,-1.017415384615403,-3.0522461538462093,0.0,2.7974566153846157,1.0,1.0,inconclusive,0,1,leaves,v2at302,0.0
emp_m_ubin,m=1.0|u_bin=0.8-1.0,v2at302,policy-vs-rule,13,13,278.72824615384616,278.72824615384616,279.74566153846155,-1.017415384615403,-3.0522461538462093,0.0,2.7974566153846157,1.0,1.0,inconclusive,0,1,leaves,v2at302,0.0
emp_m_ubin,m=1.0|u_bin=0.8-1.0,v2at310,policy-vs-rule,13,13,278.72824615384616,278.72824615384616,279.74566153846155,-1.017415384615403,-3.0522461538462093,0.0,2.7974566153846157,1.0,1.0,inconclusive,0,1,leaves,v2at302,0.0
emp_m_ubin,m=1.0|u_bin=0.8-1.0,rl301,policy-vs-rule,13,13,278.9277230769231,278.9277230769231,279.74566153846155,-0.8179384615384606,-2.453815384615382,0.0,2.7974566153846157,1.0,1.0,equivalent,1,1,in both,v2at302,0.0715668131341186
emp_m_ubin,m=1.0|u_bin=0.8-1.0,v2rl303,policy-vs-rule,13,13,278.9277230769231,278.9277230769231,279.74566153846155,-0.8179384615384606,-2.453815384615382,0.0,2.7974566153846157,1.0,1.0,equivalent,1,1,in both,v2at302,0.0715668131341186
emp_m_ubin,m=1.0|u_bin=0.8-1.0,v2rl304,policy-vs-rule,13,13,278.9277230769231,278.9277230769231,279.74566153846155,-0.8179384615384606,-2.453815384615382,0.0,2.7974566153846157,1.0,1.0,equivalent,1,1,in both,v2at302,0.0715668131341186
emp_m_ubin,m=1.0|u_bin=0.8-1.0,v2rl307,policy-vs-rule,13,13,278.9277230769231,278.9277230769231,279.74566153846155,-0.8179384615384606,-2.453815384615382,0.0,2.7974566153846157,1.0,1.0,equivalent,1,1,in both,v2at302,0.0715668131341186
emp_m_ubin,m=1.0|u_bin=0.8-1.0,v2rl308,policy-vs-rule,13,13,278.9277230769231,278.9277230769231,279.74566153846155,-0.8179384615384606,-2.453815384615382,0.0,2.7974566153846157,1.0,1.0,equivalent,1,1,in both,v2at302,0.0715668131341186
emp_m_ubin,m=1.0|u_bin=0.8-1.0,v2rl310,policy-vs-rule,13,13,278.9277230769231,278.9277230769231,279.74566153846155,-0.8179384615384606,-2.453815384615382,0.0,2.7974566153846157,1.0,1.0,equivalent,1,1,in both,v2at302,0.0715668131341186
emp_m_ubin,m=1.0|u_bin=0.8-1.0,v2at307,policy-vs-rule,13,13,278.9277230769231,278.9277230769231,279.74566153846155,-0.8179384615384606,-2.453815384615382,0.0,2.7974566153846157,1.0,1.0,equivalent,1,1,in both,v2at302,0.0715668131341186
emp_m_ubin,m=1.0|u_bin=0.8-1.0,v2at308,policy-vs-rule,13,13,278.9277230769231,278.9277230769231,279.74566153846155,-0.8179384615384606,-2.453815384615382,0.0,2.7974566153846157,1.0,1.0,equivalent,1,1,in both,v2at302,0.0715668131341186
emp_m_ubin,m=1.0|u_bin=0.8-1.0,pfifo,rule-vs-rule,13,13,279.74566153846155,279.74566153846155,279.74566153846155,0.0,0.0,0.0,2.7974566153846157,1.0,1.0,equivalent,1,0,joins,v2at302,0.3650205526905299
emp_m_ubin,m=1.0|u_bin=0.8-1.0,rl302,policy-vs-rule,13,13,279.74566153846155,279.74566153846155,279.74566153846155,0.0,0.0,0.0,2.7974566153846157,1.0,1.0,equivalent,1,0,joins,v2at302,0.3650205526905299
emp_m_ubin,m=1.0|u_bin=0.8-1.0,rl303,policy-vs-rule,13,13,279.74566153846155,279.74566153846155,279.74566153846155,0.0,0.0,0.0,2.7974566153846157,1.0,1.0,equivalent,1,0,joins,v2at302,0.3650205526905299
emp_m_ubin,m=1.0|u_bin=0.8-1.0,v2at309,policy-vs-rule,13,13,279.74566153846155,279.74566153846155,279.74566153846155,0.0,0.0,0.0,2.7974566153846157,1.0,1.0,equivalent,1,0,joins,v2at302,0.3650205526905299
emp_m_ubin,m=1.0|u_bin=0.8-1.0,edd,rule-vs-rule,13,13,279.74566153846155,279.74566153846155,279.74566153846155,0.0,0.0,0.0,2.7974566153846157,1.0,1.0,equivalent,1,0,joins,v2at302,0.3650205526905299
emp_m_ubin,m=1.0|u_bin=0.8-1.0,v2at301,policy-vs-rule,13,13,280.4656615384616,280.4656615384616,279.74566153846155,0.72,0.0,2.0553846153846154,2.7974566153846157,0.5,1.0,equivalent,1,0,joins,v2at302,0.6233366759881371
emp_m_ubin,m=1.0|u_bin=0.8-1.0,v2rl306,policy-vs-rule,13,13,280.5135384615385,280.5135384615385,279.74566153846155,0.7678769230769131,0.0,2.303630769230739,2.7974566153846157,1.0,1.0,equivalent,1,0,joins,v2at302,0.6405135942723619
emp_m_ubin,m=1.0|u_bin=0.8-1.0,wmdd,rule-vs-rule,13,13,280.70104615384616,280.70104615384616,279.74566153846155,0.9553846153846209,0.0,2.866153846153863,2.7974566153846157,1.0,1.0,inconclusive,0,0,out of both,v2at302,0.7077861778354192
emp_m_ubin,m=1.0|u_bin=0.8-1.0,v2rl309,policy-vs-rule,13,13,280.70104615384616,280.70104615384616,279.74566153846155,0.9553846153846209,0.0,2.866153846153863,2.7974566153846157,1.0,1.0,inconclusive,0,0,out of both,v2at302,0.7077861778354192
emp_m_ubin,m=1.0|u_bin=0.8-1.0,v2at305,policy-vs-rule,13,13,280.9935384615385,280.9935384615385,279.74566153846155,1.2478769230769489,0.0,3.7436307692308466,2.7974566153846157,1.0,1.0,inconclusive,0,0,out of both,v2at302,0.8127243431374332
emp_m_ubin,m=1.0|u_bin=0.8-1.0,atc,rule-vs-rule,13,13,282.8548923076923,282.8548923076923,279.74566153846155,3.109230769230775,0.0,8.372307692307704,2.7974566153846157,0.5,1.0,inconclusive,0,0,out of both,v2at302,1.480526717614549
emp_m_ubin,m=1.0|u_bin=0.8-1.0,v2at306,policy-vs-rule,13,13,282.8548923076923,282.8548923076923,279.74566153846155,3.109230769230775,0.0,8.372307692307704,2.7974566153846157,0.5,1.0,inconclusive,0,0,out of both,v2at302,1.480526717614549
emp_m_ubin,m=1.0|u_bin=0.8-1.0,v2at303,policy-vs-rule,13,13,283.38926153846154,283.38926153846154,279.74566153846155,3.643600000000001,-0.40510769230769045,11.23076923076923,2.7974566153846157,0.75,1.0,inconclusive,0,0,out of both,v2at302,1.6722436455337577
emp_m_ubin,m=1.0|u_bin=0.8-1.0,v2at304,policy-vs-rule,13,13,284.39335384615384,284.39335384615384,279.74566153846155,4.647692307692314,0.0,12.987692307692319,2.7974566153846157,0.5,1.0,inconclusive,0,0,out of both,v2at302,2.032484246028221
emp_m_ubin,m=1.0|u_bin=0.8-1.0,wspt,rule-vs-rule,13,13,287.14412307692305,287.14412307692305,279.74566153846155,7.398461538461531,0.15384615384615385,17.79769230769225,2.7974566153846157,0.125,0.75,inconclusive,0,0,out of both,v2at302,3.0193843068318547
emp_m_ubin,m=1.0|u_bin=0.8-1.0,lpt,rule-vs-rule,13,13,288.59150769230774,288.59150769230774,279.74566153846155,8.845846153846178,0.0,26.537538461538535,2.7974566153846157,1.0,1.0,inconclusive,0,0,out of both,v2at302,3.538665949563463
emp_m_ubin,m=1.0|u_bin=0.8-1.0,random,rule-vs-rule,13,13,291.1486307692308,291.14863076923075,279.74566153846155,11.402969230769228,0.04923076923076818,28.179415384615368,2.7974566153846157,0.125,0.75,inconclusive,0,0,out of both,v2at302,4.456091116265671
emp_m_ubin,m=1.0|u_bin=1.0-1.2,pfifo,rule-vs-rule,6,6,5.666666666666667,5.666666666666667,5.666666666666667,0.0,0.0,0.0,1.0,1.0,1.0,equivalent,1,1,in both,atc,0.0
emp_m_ubin,m=1.0|u_bin=1.0-1.2,wspt,rule-vs-rule,6,6,5.666666666666667,5.666666666666667,5.666666666666667,0.0,0.0,0.0,1.0,1.0,1.0,equivalent,1,1,in both,atc,0.0
emp_m_ubin,m=1.0|u_bin=1.0-1.2,atc,rule-vs-rule,6,6,5.666666666666667,5.666666666666667,5.666666666666667,0.0,0.0,0.0,1.0,1.0,1.0,equivalent,1,1,in both,atc,0.0
emp_m_ubin,m=1.0|u_bin=1.0-1.2,wmdd,rule-vs-rule,6,6,5.666666666666667,5.666666666666667,5.666666666666667,0.0,0.0,0.0,1.0,1.0,1.0,equivalent,1,1,in both,atc,0.0
emp_m_ubin,m=1.0|u_bin=1.0-1.2,lpt,rule-vs-rule,6,6,5.666666666666667,5.666666666666667,5.666666666666667,0.0,0.0,0.0,1.0,1.0,1.0,equivalent,1,1,in both,atc,0.0
emp_m_ubin,m=1.0|u_bin=1.0-1.2,random,rule-vs-rule,6,6,5.666666666666667,5.666666666666667,5.666666666666667,0.0,0.0,0.0,1.0,1.0,1.0,equivalent,1,1,in both,atc,0.0
emp_m_ubin,m=1.0|u_bin=1.0-1.2,rl301,policy-vs-rule,6,6,5.666666666666667,5.666666666666667,5.666666666666667,0.0,0.0,0.0,1.0,1.0,1.0,equivalent,1,1,in both,atc,0.0
emp_m_ubin,m=1.0|u_bin=1.0-1.2,rl302,policy-vs-rule,6,6,5.666666666666667,5.666666666666667,5.666666666666667,0.0,0.0,0.0,1.0,1.0,1.0,equivalent,1,1,in both,atc,0.0
emp_m_ubin,m=1.0|u_bin=1.0-1.2,rl303,policy-vs-rule,6,6,5.666666666666667,5.666666666666667,5.666666666666667,0.0,0.0,0.0,1.0,1.0,1.0,equivalent,1,1,in both,atc,0.0
emp_m_ubin,m=1.0|u_bin=1.0-1.2,v2rl301,policy-vs-rule,6,6,5.666666666666667,5.666666666666667,5.666666666666667,0.0,0.0,0.0,1.0,1.0,1.0,equivalent,1,1,in both,atc,0.0
emp_m_ubin,m=1.0|u_bin=1.0-1.2,v2rl302,policy-vs-rule,6,6,5.666666666666667,5.666666666666667,5.666666666666667,0.0,0.0,0.0,1.0,1.0,1.0,equivalent,1,1,in both,atc,0.0
emp_m_ubin,m=1.0|u_bin=1.0-1.2,v2rl303,policy-vs-rule,6,6,5.666666666666667,5.666666666666667,5.666666666666667,0.0,0.0,0.0,1.0,1.0,1.0,equivalent,1,1,in both,atc,0.0
emp_m_ubin,m=1.0|u_bin=1.0-1.2,v2rl304,policy-vs-rule,6,6,5.666666666666667,5.666666666666667,5.666666666666667,0.0,0.0,0.0,1.0,1.0,1.0,equivalent,1,1,in both,atc,0.0
emp_m_ubin,m=1.0|u_bin=1.0-1.2,v2rl305,policy-vs-rule,6,6,5.666666666666667,5.666666666666667,5.666666666666667,0.0,0.0,0.0,1.0,1.0,1.0,equivalent,1,1,in both,atc,0.0
emp_m_ubin,m=1.0|u_bin=1.0-1.2,v2rl306,policy-vs-rule,6,6,5.666666666666667,5.666666666666667,5.666666666666667,0.0,0.0,0.0,1.0,1.0,1.0,equivalent,1,1,in both,atc,0.0
emp_m_ubin,m=1.0|u_bin=1.0-1.2,v2rl307,policy-vs-rule,6,6,5.666666666666667,5.666666666666667,5.666666666666667,0.0,0.0,0.0,1.0,1.0,1.0,equivalent,1,1,in both,atc,0.0
emp_m_ubin,m=1.0|u_bin=1.0-1.2,v2rl308,policy-vs-rule,6,6,5.666666666666667,5.666666666666667,5.666666666666667,0.0,0.0,0.0,1.0,1.0,1.0,equivalent,1,1,in both,atc,0.0
emp_m_ubin,m=1.0|u_bin=1.0-1.2,v2rl309,policy-vs-rule,6,6,5.666666666666667,5.666666666666667,5.666666666666667,0.0,0.0,0.0,1.0,1.0,1.0,equivalent,1,1,in both,atc,0.0
emp_m_ubin,m=1.0|u_bin=1.0-1.2,v2rl310,policy-vs-rule,6,6,5.666666666666667,5.666666666666667,5.666666666666667,0.0,0.0,0.0,1.0,1.0,1.0,equivalent,1,1,in both,atc,0.0
emp_m_ubin,m=1.0|u_bin=1.0-1.2,v2at301,policy-vs-rule,6,6,5.666666666666667,5.666666666666667,5.666666666666667,0.0,0.0,0.0,1.0,1.0,1.0,equivalent,1,1,in both,atc,0.0
emp_m_ubin,m=1.0|u_bin=1.0-1.2,v2at302,policy-vs-rule,6,6,5.666666666666667,5.666666666666667,5.666666666666667,0.0,0.0,0.0,1.0,1.0,1.0,equivalent,1,1,in both,atc,0.0
emp_m_ubin,m=1.0|u_bin=1.0-1.2,v2at303,policy-vs-rule,6,6,5.666666666666667,5.666666666666667,5.666666666666667,0.0,0.0,0.0,1.0,1.0,1.0,equivalent,1,1,in both,atc,0.0
emp_m_ubin,m=1.0|u_bin=1.0-1.2,v2at304,policy-vs-rule,6,6,5.666666666666667,5.666666666666667,5.666666666666667,0.0,0.0,0.0,1.0,1.0,1.0,equivalent,1,1,in both,atc,0.0
emp_m_ubin,m=1.0|u_bin=1.0-1.2,v2at305,policy-vs-rule,6,6,5.666666666666667,5.666666666666667,5.666666666666667,0.0,0.0,0.0,1.0,1.0,1.0,equivalent,1,1,in both,atc,0.0
emp_m_ubin,m=1.0|u_bin=1.0-1.2,v2at306,policy-vs-rule,6,6,5.666666666666667,5.666666666666667,5.666666666666667,0.0,0.0,0.0,1.0,1.0,1.0,equivalent,1,1,in both,atc,0.0
emp_m_ubin,m=1.0|u_bin=1.0-1.2,v2at307,policy-vs-rule,6,6,5.666666666666667,5.666666666666667,5.666666666666667,0.0,0.0,0.0,1.0,1.0,1.0,equivalent,1,1,in both,atc,0.0
emp_m_ubin,m=1.0|u_bin=1.0-1.2,v2at308,policy-vs-rule,6,6,5.666666666666667,5.666666666666667,5.666666666666667,0.0,0.0,0.0,1.0,1.0,1.0,equivalent,1,1,in both,atc,0.0
emp_m_ubin,m=1.0|u_bin=1.0-1.2,v2at309,policy-vs-rule,6,6,5.666666666666667,5.666666666666667,5.666666666666667,0.0,0.0,0.0,1.0,1.0,1.0,equivalent,1,1,in both,atc,0.0
emp_m_ubin,m=1.0|u_bin=1.0-1.2,v2at310,policy-vs-rule,6,6,5.666666666666667,5.666666666666667,5.666666666666667,0.0,0.0,0.0,1.0,1.0,1.0,equivalent,1,1,in both,atc,0.0
emp_m_ubin,m=1.0|u_bin=1.0-1.2,edd,rule-vs-rule,6,6,5.666666666666667,5.666666666666667,5.666666666666667,0.0,0.0,0.0,1.0,1.0,1.0,equivalent,1,1,in both,atc,0.0
emp_m_ubin,m=1.0|u_bin=<0.5,v2rl310,policy-vs-rule,85,85,307.3265694117647,307.3265694117647,307.36126352941176,-0.03469411764705763,-0.10176705882352588,0.0,3.0736126352941175,0.17971249487899976,1.0,equivalent,1,1,in both,v2at302,0.0
emp_m_ubin,m=1.0|u_bin=<0.5,v2at302,policy-vs-rule,85,85,307.3265694117647,307.3265694117647,307.36126352941176,-0.03469411764705763,-0.10408235294117289,0.0,3.0736126352941175,0.17971249487899976,1.0,equivalent,1,1,in both,v2at302,0.0
emp_m_ubin,m=1.0|u_bin=<0.5,rl302,policy-vs-rule,85,85,307.33227529411766,307.33227529411766,307.36126352941176,-0.02898823529411763,-0.08696470588235289,0.0,3.0736126352941175,0.17971249487899976,1.0,equivalent,1,1,in both,v2at302,0.0018566186333616
emp_m_ubin,m=1.0|u_bin=<0.5,v2rl302,policy-vs-rule,85,85,307.33227529411766,307.33227529411766,307.36126352941176,-0.02898823529411763,-0.08464941176470588,0.0,3.0736126352941175,0.17971249487899976,1.0,equivalent,1,1,in both,v2at302,0.0018566186333616
emp_m_ubin,m=1.0|u_bin=<0.5,v2rl308,policy-vs-rule,85,85,307.3392023529412,307.3392023529412,307.36126352941176,-0.022061176470588313,-0.06386823529411793,0.0,3.0736126352941175,0.17971249487899976,1.0,equivalent,1,1,in both,v2at302,0.0041105919350452
emp_m_ubin,m=1.0|u_bin=<0.5,rl301,policy-vs-rule,85,85,307.35580470588235,307.35580470588235,307.36126352941176,-0.005458823529411749,-0.014061176470588233,0.0,3.0736126352941175,0.17971249487899976,1.0,equivalent,1,1,in both,v2at302,0.0095127779461476
emp_m_ubin,m=1.0|u_bin=<0.5,pfifo,rule-vs-rule,85,85,307.36126352941176,307.36126352941176,307.36126352941176,0.0,0.0,0.0,3.0736126352941175,1.0,1.0,equivalent,1,1,in both,v2at302,0.0112890069067147
emp_m_ubin,m=1.0|u_bin=<0.5,edd,rule-vs-rule,85,85,307.36126352941176,307.36126352941176,307.36126352941176,0.0,0.0,0.0,3.0736126352941175,1.0,1.0,equivalent,1,1,in both,v2at302,0.0112890069067147
emp_m_ubin,m=1.0|u_bin=<0.5,v2rl305,policy-vs-rule,85,85,307.3852164705882,307.3852164705882,307.36126352941176,0.023952941176470604,-0.01174588235294122,0.08823529411764706,3.0736126352941175,1.0,1.0,equivalent,1,1,in both,v2at302,0.0190829770871301
emp_m_ubin,m=1.0|u_bin=<0.5,v2rl303,policy-vs-rule,85,85,307.39343294117646,307.39343294117646,307.36126352941176,0.03216941176470581,-0.006945882352941039,0.10345411764705846,3.0736126352941175,0.6547208460185769,1.0,equivalent,1,1,in both,v2at302,0.0217565079191628
emp_m_ubin,m=1.0|u_bin=<0.5,v2rl301,policy-vs-rule,85,85,307.42004,307.42004,307.36126352941176,0.058776470588235735,-0.004630588235294025,0.15159529411764786,3.0736126352941175,0.28504940740261275,1.0,equivalent,1,1,in both,v2at302,0.0304140928700644
emp_m_ubin,m=1.0|u_bin=<0.5,v2rl306,policy-vs-rule,85,85,307.42004,307.42004,307.36126352941176,0.058776470588235735,-0.004630588235294025,0.15159529411764786,3.0736126352941175,0.28504940740261275,1.0,equivalent,1,1,in both,v2at302,0.0304140928700644
emp_m_ubin,m=1.0|u_bin=<0.5,v2rl307,policy-vs-rule,85,85,307.42004,307.42004,307.36126352941176,0.058776470588235735,-0.004630588235294025,0.15159529411764786,3.0736126352941175,0.28504940740261275,1.0,equivalent,1,1,in both,v2at302,0.0304140928700644
emp_m_ubin,m=1.0|u_bin=<0.5,v2at305,policy-vs-rule,85,85,307.42004,307.42004,307.36126352941176,0.058776470588235735,-0.004630588235294025,0.15159529411764786,3.0736126352941175,0.28504940740261275,1.0,equivalent,1,1,in both,v2at302,0.0304140928700644
emp_m_ubin,m=1.0|u_bin=<0.5,v2rl304,policy-vs-rule,85,85,307.4206870588235,307.4206870588235,307.36126352941176,0.0594235294117659,-0.006945882352941039,0.18521647058823873,3.0736126352941175,0.6547208460185769,1.0,equivalent,1,1,in both,v2at302,0.0306246372511624
emp_m_ubin,m=1.0|u_bin=<0.5,lpt,rule-vs-rule,85,85,307.42696705882355,307.42696705882355,307.36126352941176,0.06570352941176505,-0.004630588235294025,0.17464470588235384,3.0736126352941175,0.28504940740261275,0.718849979515999,equivalent,1,1,in both,v2at302,0.0326680661717665
emp_m_ubin,m=1.0|u_bin=<0.5,v2rl309,policy-vs-rule,85,85,307.4734517647059,307.4734517647059,307.36126352941176,0.11218823529411766,-0.004630588235294025,0.31998117647058816,3.0736126352941175,0.28504940740261275,1.0,equivalent,1,1,in both,v2at302,0.0477935745101145
emp_m_ubin,m=1.0|u_bin=<0.5,v2at310,policy-vs-rule,85,85,307.51480470588234,307.51480470588234,307.36126352941176,0.15354117647058943,-0.006945882352941039,0.46756941176470934,3.0736126352941175,0.6547208460185769,1.0,equivalent,1,1,in both,v2at302,0.0612492745023433
emp_m_ubin,m=1.0|u_bin=<0.5,rl303,policy-vs-rule,85,85,307.64990352941174,307.64990352941174,307.36126352941176,0.28864000000000206,-0.006945882352941039,0.8728658823529473,3.0736126352941175,0.6547208460185769,1.0,equivalent,1,1,in both,v2at302,0.1052086444286039
emp_m_ubin,m=1.0|u_bin=<0.5,v2at309,policy-vs-rule,85,85,307.66408705882355,307.66408705882355,307.36126352941176,0.3028235294117648,0.0,0.8614117647058827,3.0736126352941175,0.17971249487899976,1.0,equivalent,1,1,in both,v2at302,0.1098237772623701
emp_m_ubin,m=1.0|u_bin=<0.5,v2at306,policy-vs-rule,85,85,307.7142047058824,307.71420470588237,307.36126352941176,0.35294117647058826,0.0,1.035294117647059,3.0736126352941175,0.17971249487899976,1.0,equivalent,1,1,in both,v2at302,0.1261313965986154
emp_m_ubin,m=1.0|u_bin=<0.5,v2at308,policy-vs-rule,85,85,307.7500988235294,307.7500988235294,307.36126352941176,0.3888352941176483,-0.004630588235294025,1.0322752941176505,3.0736126352941175,0.28504940740261275,1.0,equivalent,1,1,in both,v2at302,0.137810867630277
emp_m_ubin,m=1.0|u_bin=<0.5,wmdd,rule-vs-rule,85,85,307.8192776470588,307.8192776470588,307.36126352941176,0.4580141176470587,0.0,1.1513223529411762,3.0736126352941175,0.17971249487899976,0.718849979515999,equivalent,1,1,in both,v2at302,0.1603207416258152
emp_m_ubin,m=1.0|u_bin=<0.5,v2at307,policy-vs-rule,85,85,307.82988,307.82988,307.36126352941176,0.46861647058823536,0.0,1.2646729411764708,3.0736126352941175,0.17971249487899976,1.0,equivalent,1,1,in both,v2at302,0.1637706070121646
emp_m_ubin,m=1.0|u_bin=<0.5,v2at304,policy-vs-rule,85,85,307.8465317647059,307.8465317647059,307.36126352941176,0.4852682352941188,0.0,1.1410729411764753,3.0736126352941175,0.10880943004054568,1.0,equivalent,1,1,in both,v2at302,0.1691888709578332
emp_m_ubin,m=1.0|u_bin=<0.5,atc,rule-vs-rule,85,85,307.8553811764706,307.8553811764706,307.36126352941176,0.49411764705882355,0.0,1.2470588235294118,3.0736126352941175,0.17971249487899976,0.718849979515999,equivalent,1,1,in both,v2at302,0.1720683524753682
emp_m_ubin,m=1.0|u_bin=<0.5,v2at303,policy-vs-rule,85,85,307.9141011764706,307.9141011764706,307.36126352941176,0.5528376470588254,0.0,1.4232188235294174,3.0736126352941175,0.17971249487899976,1.0,equivalent,1,1,in both,v2at302,0.1911750636563723
emp_m_ubin,m=1.0|u_bin=<0.5,random,rule-vs-rule,85,85,307.97691529411765,307.97691529411765,307.36126352941176,0.615651764705881,0.07058823529411765,1.413981176470587,3.0736126352941175,0.043114446783075355,0.21557223391537678,equivalent,1,1,in both,v2at302,0.2116139465578063
emp_m_ubin,m=1.0|u_bin=<0.5,v2at301,policy-vs-rule,85,85,308.31569647058825,308.31569647058825,307.36126352941176,0.9544329411764706,0.0,2.635294117647059,3.0736126352941175,0.10880943004054568,1.0,equivalent,1,1,in both,v2at302,0.3218488595752669
emp_m_ubin,m=1.0|u_bin=<0.5,wspt,rule-vs-rule,85,85,308.36227058823533,308.3622705882353,307.36126352941176,1.0010070588235298,0.13088941176470578,2.3765364705882366,3.0736126352941175,0.027707849358079864,0.16624709614847918,equivalent,1,1,in both,v2at302,0.337003461319017
emp_m_ubin,m=1.0|u_bin=>=1.2,pfifo,rule-vs-rule,24,24,231.75553333333332,231.75553333333335,231.75553333333335,0.0,0.0,0.0,2.3175553333333334,1.0,1.0,equivalent,1,1,in both,atc,0.0
emp_m_ubin,m=1.0|u_bin=>=1.2,atc,rule-vs-rule,24,24,231.75553333333332,231.75553333333335,231.75553333333335,0.0,0.0,0.0,2.3175553333333334,1.0,1.0,equivalent,1,1,in both,atc,0.0
emp_m_ubin,m=1.0|u_bin=>=1.2,wmdd,rule-vs-rule,24,24,231.75553333333332,231.75553333333335,231.75553333333335,0.0,0.0,0.0,2.3175553333333334,1.0,1.0,equivalent,1,1,in both,atc,0.0
emp_m_ubin,m=1.0|u_bin=>=1.2,v2rl304,policy-vs-rule,24,24,231.75553333333332,231.75553333333335,231.75553333333335,0.0,0.0,0.0,2.3175553333333334,1.0,1.0,equivalent,1,1,in both,atc,0.0
emp_m_ubin,m=1.0|u_bin=>=1.2,v2rl307,policy-vs-rule,24,24,231.75553333333332,231.75553333333335,231.75553333333335,0.0,0.0,0.0,2.3175553333333334,1.0,1.0,equivalent,1,1,in both,atc,0.0
emp_m_ubin,m=1.0|u_bin=>=1.2,v2at303,policy-vs-rule,24,24,231.75553333333332,231.75553333333335,231.75553333333335,0.0,0.0,0.0,2.3175553333333334,1.0,1.0,equivalent,1,1,in both,atc,0.0
emp_m_ubin,m=1.0|u_bin=>=1.2,v2at304,policy-vs-rule,24,24,231.75553333333332,231.75553333333335,231.75553333333335,0.0,0.0,0.0,2.3175553333333334,1.0,1.0,equivalent,1,1,in both,atc,0.0
emp_m_ubin,m=1.0|u_bin=>=1.2,v2at307,policy-vs-rule,24,24,231.75553333333332,231.75553333333335,231.75553333333335,0.0,0.0,0.0,2.3175553333333334,1.0,1.0,equivalent,1,1,in both,atc,0.0
emp_m_ubin,m=1.0|u_bin=>=1.2,v2at308,policy-vs-rule,24,24,231.75553333333332,231.75553333333335,231.75553333333335,0.0,0.0,0.0,2.3175553333333334,1.0,1.0,equivalent,1,1,in both,atc,0.0
emp_m_ubin,m=1.0|u_bin=>=1.2,v2at309,policy-vs-rule,24,24,231.75553333333332,231.75553333333335,231.75553333333335,0.0,0.0,0.0,2.3175553333333334,1.0,1.0,equivalent,1,1,in both,atc,0.0
emp_m_ubin,m=1.0|u_bin=>=1.2,v2at310,policy-vs-rule,24,24,231.75553333333332,231.75553333333335,231.75553333333335,0.0,0.0,0.0,2.3175553333333334,1.0,1.0,equivalent,1,1,in both,atc,0.0
emp_m_ubin,m=1.0|u_bin=>=1.2,edd,rule-vs-rule,24,24,231.75553333333332,231.75553333333335,231.75553333333335,0.0,0.0,0.0,2.3175553333333334,1.0,1.0,equivalent,1,1,in both,atc,0.0
emp_m_ubin,m=1.0|u_bin=>=1.2,rl303,policy-vs-rule,24,24,231.75826666666669,231.75826666666669,231.75553333333335,0.002733333333333475,0.0,0.008200000000000426,2.3175553333333334,0.31731050786291415,1.0,equivalent,1,1,in both,atc,0.0011794036992452
emp_m_ubin,m=1.0|u_bin=>=1.2,lpt,rule-vs-rule,24,24,231.7735833333333,231.77358333333336,231.75553333333335,0.018049999999999972,0.0,0.054149999999999913,2.3175553333333334,0.31731050786291415,1.0,equivalent,1,1,in both,atc,0.0077883793065802
emp_m_ubin,m=1.0|u_bin=>=1.2,rl302,policy-vs-rule,24,24,231.7735833333333,231.77358333333336,231.75553333333335,0.018049999999999972,0.0,0.054149999999999913,2.3175553333333334,0.31731050786291415,1.0,equivalent,1,1,in both,atc,0.0077883793065802
emp_m_ubin,m=1.0|u_bin=>=1.2,v2rl301,policy-vs-rule,24,24,231.7735833333333,231.77358333333336,231.75553333333335,0.018049999999999972,0.0,0.054149999999999913,2.3175553333333334,0.31731050786291415,1.0,equivalent,1,1,in both,atc,0.0077883793065802
emp_m_ubin,m=1.0|u_bin=>=1.2,v2rl302,policy-vs-rule,24,24,231.7735833333333,231.77358333333336,231.75553333333335,0.018049999999999972,0.0,0.054149999999999913,2.3175553333333334,0.31731050786291415,1.0,equivalent,1,1,in both,atc,0.0077883793065802
emp_m_ubin,m=1.0|u_bin=>=1.2,v2rl303,policy-vs-rule,24,24,231.7735833333333,231.77358333333336,231.75553333333335,0.018049999999999972,0.0,0.054149999999999913,2.3175553333333334,0.31731050786291415,1.0,equivalent,1,1,in both,atc,0.0077883793065802
emp_m_ubin,m=1.0|u_bin=>=1.2,v2rl305,policy-vs-rule,24,24,231.7735833333333,231.77358333333336,231.75553333333335,0.018049999999999972,0.0,0.054149999999999913,2.3175553333333334,0.31731050786291415,1.0,equivalent,1,1,in both,atc,0.0077883793065802
emp_m_ubin,m=1.0|u_bin=>=1.2,v2rl306,policy-vs-rule,24,24,231.7735833333333,231.77358333333336,231.75553333333335,0.018049999999999972,0.0,0.054149999999999913,2.3175553333333334,0.31731050786291415,1.0,equivalent,1,1,in both,atc,0.0077883793065802
emp_m_ubin,m=1.0|u_bin=>=1.2,v2rl308,policy-vs-rule,24,24,231.7735833333333,231.77358333333336,231.75553333333335,0.018049999999999972,0.0,0.054149999999999913,2.3175553333333334,0.31731050786291415,1.0,equivalent,1,1,in both,atc,0.0077883793065802
emp_m_ubin,m=1.0|u_bin=>=1.2,v2at305,policy-vs-rule,24,24,231.7735833333333,231.77358333333336,231.75553333333335,0.018049999999999972,0.0,0.054149999999999913,2.3175553333333334,0.31731050786291415,1.0,equivalent,1,1,in both,atc,0.0077883793065802
emp_m_ubin,m=1.0|u_bin=>=1.2,v2at302,policy-vs-rule,24,24,231.78941666666665,231.78941666666665,231.75553333333335,0.03388333333333312,0.0,0.10164999999999935,2.3175553333333334,0.31731050786291415,1.0,equivalent,1,1,in both,atc,0.0146202909790174
emp_m_ubin,m=1.0|u_bin=>=1.2,v2rl310,policy-vs-rule,24,24,231.78965,231.78965000000002,231.75553333333335,0.0341166666666665,0.0,0.1023499999999995,2.3175553333333334,0.31731050786291415,1.0,equivalent,1,1,in both,atc,0.0147209717826269
emp_m_ubin,m=1.0|u_bin=>=1.2,rl301,policy-vs-rule,24,24,231.81886666666665,231.81886666666665,231.75553333333335,0.06333333333333317,0.0,0.1899999999999995,2.3175553333333334,0.31731050786291415,1.0,equivalent,1,1,in both,atc,0.0273276466897607
emp_m_ubin,m=1.0|u_bin=>=1.2,v2rl309,policy-vs-rule,24,24,231.91191666666668,231.91191666666668,231.75553333333335,0.15638333333333296,0.0,0.4510999999999989,2.3175553333333334,0.17971249487899976,1.0,equivalent,1,1,in both,atc,0.0674777128658292
emp_m_ubin,m=1.0|u_bin=>=1.2,v2at306,policy-vs-rule,24,24,232.0472,232.0472,231.75553333333335,0.2916666666666667,0.0,0.875,2.3175553333333334,0.31731050786291415,1.0,equivalent,1,1,in both,atc,0.1258510044923733
emp_m_ubin,m=1.0|u_bin=>=1.2,random,rule-vs-rule,24,24,232.14775,232.14775,231.75553333333335,0.3922166666666662,0.0,0.9260999999999994,2.3175553333333334,0.10880943004054568,0.5440471502027284,equivalent,1,1,in both,atc,0.1692372393553734
emp_m_ubin,m=1.0|u_bin=>=1.2,v2at301,policy-vs-rule,24,24,233.0622,233.0622,231.75553333333335,1.3066666666666666,0.0,2.8900833333333322,2.3175553333333334,0.10880943004054568,1.0,inconclusive,0,0,out of both,atc,0.5638125001258409
emp_m_ubin,m=1.0|u_bin=>=1.2,wspt,rule-vs-rule,24,24,233.3738666666667,233.3738666666667,231.75553333333335,1.6183333333333323,0.5366666666666665,2.8483749999999977,2.3175553333333334,0.027281171477617997,0.163687028865708,inconclusive,0,0,out of both,atc,0.6982932877834226
emp_ubin,u_bin=0.5-0.8,v2rl303,policy-vs-rule,152,103,686.4705381578948,686.4705381578948,687.4565263157896,-0.9859881578947386,-2.153764973544974,-0.11271459231712526,6.874565263157896,0.008598123025862353,0.1633643374913847,equivalent,1,1,in both,v2rl303,0.0
emp_ubin,u_bin=0.5-0.8,rl301,policy-vs-rule,152,103,686.539122368421,686.5391223684211,687.4565263157896,-0.9174039473684189,-1.9868658044766148,-0.1272522387096767,6.874565263157896,0.012264459334142642,0.20849580868042492,equivalent,1,1,in both,v2rl303,0.0099908454498607
emp_ubin,u_bin=0.5-0.8,v2at302,policy-vs-rule,152,103,686.6463539473684,686.6463539473683,687.4565263157896,-0.8101723684210578,-1.8468304649991665,0.02337732277120189,6.874565263157896,0.02221539887260256,0.2888001853438333,equivalent,1,1,in both,v2rl303,0.0256115564617562
emp_ubin,u_bin=0.5-0.8,v2rl305,policy-vs-rule,152,103,686.7131302631578,686.7131302631578,687.4565263157896,-0.7433960526315836,-1.6525247862112646,0.06265352146117692,6.874565263157896,0.032867374098865816,0.36154111508752396,equivalent,1,1,in both,v2rl303,0.0353390410481453
emp_ubin,u_bin=0.5-0.8,v2rl306,policy-vs-rule,152,103,686.7175013157895,686.7175013157894,687.4565263157896,-0.7390250000000024,-1.662900404312673,0.02679515542210676,6.874565263157896,0.01293336967877969,0.20849580868042492,equivalent,1,1,in both,v2rl303,0.0359757839800975
emp_ubin,u_bin=0.5-0.8,v2rl310,policy-vs-rule,152,103,686.7226328947369,686.7226328947368,687.4565263157896,-0.7338934210526328,-1.6934234359083316,0.08275707645564728,6.874565263157896,0.024460321084768356,0.2935238530172203,equivalent,1,1,in both,v2rl303,0.0367233148153108
emp_ubin,u_bin=0.5-0.8,v2rl301,policy-vs-rule,152,103,686.7666539473685,686.7666539473685,687.4565263157896,-0.6898723684210583,-1.589413861290332,0.07756415284787029,6.874565263157896,0.03292049815056434,0.36154111508752396,equivalent,1,1,in both,v2rl303,0.0431359793339834
emp_ubin,u_bin=0.5-0.8,v2rl302,policy-vs-rule,152,103,686.8481539473684,686.8481539473684,687.4565263157896,-0.6083723684210528,-1.4427516475079019,0.08826119264507334,6.874565263157896,0.012895434145475297,0.20849580868042492,equivalent,1,1,in both,v2rl303,0.0550083023937016
emp_ubin,u_bin=0.5-0.8,v2rl308,policy-vs-rule,152,103,686.8531697368421,686.8531697368421,687.4565263157896,-0.6033565789473742,-1.440589305104624,0.1342736566558406,6.874565263157896,0.039363924349644745,0.36154111508752396,equivalent,1,1,in both,v2rl303,0.055738965866488
emp_ubin,u_bin=0.5-0.8,v2rl307,policy-vs-rule,152,103,686.9368407894736,686.9368407894736,687.4565263157896,-0.5196855263157889,-1.3177838994816777,0.1841101144907685,6.874565263157896,0.049436621878748865,0.36154111508752396,equivalent,1,1,in both,v2rl303,0.067927551971881
emp_ubin,u_bin=0.5-0.8,rl302,policy-vs-rule,152,103,687.0469842105264,687.0469842105263,687.4565263157896,-0.4095421052631578,-1.3026677887413096,0.35969293317327045,6.874565263157896,0.06631697597474191,0.3979018558484515,equivalent,1,1,in both,v2rl303,0.0839724388141175
emp_ubin,u_bin=0.5-0.8,v2at310,policy-vs-rule,152,103,687.4182500000001,687.4182500000001,687.4565263157896,-0.03827631578947208,-0.8874185000000009,0.8424462879330975,6.874565263157896,0.8201374695011017,1.0,equivalent,1,1,in both,v2rl303,0.1380557197179059
emp_ubin,u_bin=0.5-0.8,pfifo,rule-vs-rule,152,103,687.4565263157896,687.4565263157896,687.4565263157896,0.0,0.0,0.0,6.874565263157896,1.0,1.0,equivalent,1,1,in both,v2rl303,0.1436315330502929
emp_ubin,u_bin=0.5-0.8,edd,rule-vs-rule,152,103,687.4565263157896,687.4565263157896,687.4565263157896,0.0,0.0,0.0,6.874565263157896,1.0,1.0,equivalent,1,1,in both,v2rl303,0.1436315330502929
emp_ubin,u_bin=0.5-0.8,rl303,policy-vs-rule,152,103,687.5163828947368,687.5163828947368,687.4565263157896,0.059856578947365,-1.0455750000000028,1.7682483716049264,6.874565263157896,0.1022419711196503,0.5112098555982515,equivalent,1,1,in both,v2rl303,0.1523510010565755
emp_ubin,u_bin=0.5-0.8,v2rl304,policy-vs-rule,152,103,687.5180828947368,687.5180828947368,687.4565263157896,0.06155657894736908,-0.6257763585434256,0.8293353779444624,6.874565263157896,0.6872428648621585,1.0,equivalent,1,1,in both,v2rl303,0.1525986446050648
emp_ubin,u_bin=0.5-0.8,v2rl309,policy-vs-rule,152,103,688.0116223684211,688.0116223684211,687.4565263157896,0.5550960526315798,-0.3325793936473336,1.8107964391233808,6.874565263157896,0.5348569507731826,1.0,equivalent,1,1,in both,v2rl303,0.2244938602407727
emp_ubin,u_bin=0.5-0.8,v2at305,policy-vs-rule,152,103,688.2782644736842,688.2782644736842,687.4565263157896,0.8217381578947351,-1.1561022037430526,3.837791527586198,6.874565263157896,0.3758830998648378,1.0,equivalent,1,1,in both,v2rl303,0.2633363291366213
emp_ubin,u_bin=0.5-0.8,v2at309,policy-vs-rule,152,103,689.1565118421053,689.1565118421054,687.4565263157896,1.6999855263157893,0.17219448707482862,3.915475752765143,6.874565263157896,0.03924327615032667,0.36154111508752396,equivalent,1,1,in both,v2rl303,0.391272973115223
emp_ubin,u_bin=0.5-0.8,wmdd,rule-vs-rule,152,103,689.2394947368421,689.2394947368421,687.4565263157896,1.782968421052634,0.3486058753246747,3.7247250980392135,6.874565263157896,0.0033456181158508813,0.010036854347552644,equivalent,1,1,in both,v2rl303,0.4033613134188697
emp_ubin,u_bin=0.5-0.8,v2at306,policy-vs-rule,152,103,689.4324039473684,689.4324039473685,687.4565263157896,1.9758776315789461,0.23415345161880227,4.503326611266765,6.874565263157896,0.010796814335247871,0.19434265803446168,equivalent,1,1,in both,v2rl303,0.4314629142601756
emp_ubin,u_bin=0.5-0.8,v2at308,policy-vs-rule,152,103,689.9338065789474,689.9338065789474,687.4565263157896,2.4772802631578963,0.38252558155383976,5.3987616411564705,6.874565263157896,0.013150364234284668,0.20849580868042492,equivalent,1,0,joins,v2rl303,0.504503577144924
emp_ubin,u_bin=0.5-0.8,atc,rule-vs-rule,152,103,689.9868828947368,689.9868828947368,687.4565263157896,2.5303565789473668,0.536419292929296,5.338120399999998,6.874565263157896,0.0008052762369668134,0.0032211049478672537,equivalent,1,0,joins,v2rl303,0.5122353460758773
emp_ubin,u_bin=0.5-0.8,v2at304,policy-vs-rule,152,103,690.1194289473684,690.1194289473684,687.4565263157896,2.6629026315789477,0.5644175760663175,5.47671795597484,6.874565263157896,0.0006533107814151376,0.013719526409717889,equivalent,1,0,joins,v2rl303,0.5315436842002309
emp_ubin,u_bin=0.5-0.8,v2at307,policy-vs-rule,152,103,690.2545723684211,690.2545723684211,687.4565263157896,2.7980460526315767,0.7493890417624006,5.7131599764705845,6.874565263157896,7.940617241431468e-05,0.001746935793114923,equivalent,1,0,joins,v2rl303,0.551230387931953
emp_ubin,u_bin=0.5-0.8,v2at303,policy-vs-rule,152,103,690.6682828947369,690.6682828947369,687.4565263157896,3.211756578947373,0.8999950595912685,6.49277739864866,6.874565263157896,4.241260246543988e-05,0.0009754898567051173,equivalent,1,0,joins,v2rl303,0.6114967072157962
emp_ubin,u_bin=0.5-0.8,wspt,rule-vs-rule,152,103,692.7714986842105,692.7714986842105,687.4565263157896,5.314972368421046,1.9580491512345624,10.066506232876696,6.874565263157896,1.2908334475869406e-06,7.745000685521643e-06,inconclusive,0,0,out of both,v2rl303,0.9178777785895988
emp_ubin,u_bin=0.5-0.8,random,rule-vs-rule,152,103,693.8408565789474,693.8408565789474,687.4565263157896,6.3843302631578895,1.6874206270837904,13.262144565913527,6.874565263157896,3.410972956658962e-06,1.7054864783294812e-05,inconclusive,0,0,out of both,v2rl303,1.0736540042680425
emp_ubin,u_bin=0.5-0.8,v2at301,policy-vs-rule,152,103,694.2396144736842,694.2396144736842,687.4565263157896,6.783088157894731,0.8670122292993695,15.544625316494615,6.874565263157896,0.006410751381988034,0.12821502763976067,inconclusive,0,0,out of both,v2rl303,1.1317421337028284
emp_ubin,u_bin=0.5-0.8,lpt,rule-vs-rule,152,103,707.2899986842106,707.2899986842104,687.4565263157896,19.83347236842105,2.3153385487528317,44.93139872942907,6.874565263157896,0.021411701897956752,0.042823403795913505,inconclusive,0,0,out of both,v2rl303,3.0328265189914223
emp_ubin,u_bin=0.8-1.0,v2rl305,policy-vs-rule,64,64,622.246240625,622.246240625,625.2417375,-2.995496875000006,-6.833397343749998,-0.13694945312500406,6.252417375,0.04685328478814715,0.6090927022459129,inconclusive,0,1,leaves,v2rl305,0.0
emp_ubin,u_bin=0.8-1.0,v2rl302,policy-vs-rule,64,64,622.78010625,622.78010625,625.2417375,-2.4616312500000035,-5.500103046875008,-0.5504006249999998,6.252417375,0.005062032126267864,0.11642673890416089,equivalent,1,1,in both,v2rl305,0.085796520757401
emp_ubin,u_bin=0.8-1.0,v2rl301,policy-vs-rule,64,64,622.944753125,622.944753125,625.2417375,-2.2969843749999956,-5.325829765624989,-0.07407593750000131,6.252417375,0.04685328478814715,0.6090927022459129,equivalent,1,1,in both,v2rl305,0.1122566042823157
emp_ubin,u_bin=0.8-1.0,v2rl307,policy-vs-rule,64,64,623.008478125,623.008478125,625.2417375,-2.2332593749999976,-5.184042734374997,-0.3995233593749996,6.252417375,0.010862224704815628,0.2389689435059438,equivalent,1,1,in both,v2rl305,0.1224977268218379
emp_ubin,u_bin=0.8-1.0,v2at302,policy-vs-rule,64,64,623.063915625,623.0639156249999,625.2417375,-2.177821875000003,-5.14244164062501,-0.3123590625000045,6.252417375,0.01898115409498292,0.32267961961470965,equivalent,1,1,in both,v2rl305,0.1314069811299646
emp_ubin,u_bin=0.8-1.0,v2rl303,policy-vs-rule,64,64,623.181346875,623.181346875,625.2417375,-2.060390625,-4.5364499218750005,-0.38115187500000014,6.252417375,0.012515318690073973,0.2389689435059438,equivalent,1,1,in both,v2rl305,0.1502791321102631
emp_ubin,u_bin=0.8-1.0,rl302,policy-vs-rule,64,64,623.2158718750001,623.2158718750001,625.2417375,-2.0258656249999927,-4.835406249999989,-0.34003421875,6.252417375,0.011718685599768628,0.2389689435059438,equivalent,1,1,in both,v2rl305,0.1558275786489441
emp_ubin,u_bin=0.8-1.0,rl303,policy-vs-rule,64,64,623.259890625,623.259890625,625.2417375,-1.9818468749999862,-5.179643828124959,0.25619523437499936,6.252417375,0.10974463874701328,0.8779571099761062,equivalent,1,1,in both,v2rl305,0.162901747543199
emp_ubin,u_bin=0.8-1.0,rl301,policy-vs-rule,64,64,623.441528125,623.441528125,625.2417375,-1.8002093749999961,-3.7962632812499972,-0.43576875000000115,6.252417375,0.011718685599768628,0.2389689435059438,equivalent,1,1,in both,v2rl305,0.1920923618275896
emp_ubin,u_bin=0.8-1.0,v2rl310,policy-vs-rule,64,64,623.96456875,623.96456875,625.2417375,-1.277168749999996,-3.4049524999999905,0.3090363281249996,6.252417375,0.09116079400519664,0.8204471460467697,equivalent,1,1,in both,v2rl305,0.276149217594957
emp_ubin,u_bin=0.8-1.0,v2at310,policy-vs-rule,64,64,624.748875,624.748875,625.2417375,-0.49286250000000464,-2.354032890625006,1.2092553906249945,6.252417375,0.3742593192802244,1.0,equivalent,1,1,in both,v2rl305,0.4021935709063098
emp_ubin,u_bin=0.8-1.0,v2rl308,policy-vs-rule,64,64,624.782440625,624.7824406249999,625.2417375,-0.4592968750000015,-2.2254290625000017,1.1426338281249973,6.252417375,0.4445867389117455,1.0,equivalent,1,1,in both,v2rl305,0.4075878381286135
emp_ubin,u_bin=0.8-1.0,v2rl304,policy-vs-rule,64,64,624.874771875,624.8747718750001,625.2417375,-0.3669656249999935,-1.6546185156249889,1.0407581250000197,6.252417375,0.3328797545683888,1.0,equivalent,1,1,in both,v2rl305,0.4224262162451571
emp_ubin,u_bin=0.8-1.0,pfifo,rule-vs-rule,64,64,625.2417375,625.2417375,625.2417375,0.0,0.0,0.0,6.252417375,1.0,1.0,equivalent,1,0,joins,v2rl305,0.4814005580799017
emp_ubin,u_bin=0.8-1.0,edd,rule-vs-rule,64,64,625.2417375,625.2417375,625.2417375,0.0,0.0,0.0,6.252417375,1.0,1.0,equivalent,1,0,joins,v2rl305,0.4814005580799017
emp_ubin,u_bin=0.8-1.0,v2rl306,policy-vs-rule,64,64,626.674603125,626.674603125,625.2417375,1.4328656250000016,-1.6264092187499959,6.485233281250005,6.252417375,0.3328797545683888,1.0,inconclusive,0,0,out of both,v2rl305,0.7116736447538797
emp_ubin,u_bin=0.8-1.0,v2rl309,policy-vs-rule,64,64,627.257353125,627.257353125,625.2417375,2.0156156250000077,0.15136679687500437,4.480217343749999,6.252417375,0.10974463874701328,0.8779571099761062,equivalent,1,0,joins,v2rl305,0.8053262796681067
emp_ubin,u_bin=0.8-1.0,v2at309,policy-vs-rule,64,64,627.341959375,627.341959375,625.2417375,2.1002218750000132,0.12478500000000106,4.845277421875025,6.252417375,0.0687035743228782,0.687035743228782,equivalent,1,0,joins,v2rl305,0.8189231878495041
emp_ubin,u_bin=0.8-1.0,v2at308,policy-vs-rule,64,64,627.3635125000001,627.3635125000001,625.2417375,2.1217750000000044,-3.9388549218749924,8.094298125000005,6.252417375,0.21322298815094953,1.0,inconclusive,0,0,out of both,v2rl305,0.8223869492341344
emp_ubin,u_bin=0.8-1.0,v2at305,policy-vs-rule,64,64,627.50036875,627.50036875,625.2417375,2.2586312500000005,-1.2386977343749792,8.164268124999978,6.252417375,0.9593536340401635,1.0,inconclusive,0,0,out of both,v2rl305,0.8443808547115664
emp_ubin,u_bin=0.8-1.0,v2at301,policy-vs-rule,64,64,627.8283250000001,627.828325,625.2417375,2.586587500000012,-3.469632499999998,8.634965156249999,6.252417375,0.04132685891250041,0.5785760247750057,inconclusive,0,0,out of both,v2rl305,0.8970860747014291
emp_ubin,u_bin=0.8-1.0,wmdd,rule-vs-rule,64,64,628.1983156250001,628.198315625,625.2417375,2.9565781250000143,0.8642853124999981,5.540257812500013,6.252417375,0.007685794055213263,0.023057382165639788,equivalent,1,0,joins,v2rl305,0.9565465584848886
emp_ubin,u_bin=0.8-1.0,atc,rule-vs-rule,64,64,628.28586875,628.28586875,625.2417375,3.0441312499999933,-1.4873020312499892,7.703638437499966,6.252417375,0.05973901545539241,0.11947803091078482,inconclusive,0,0,out of both,v2rl305,0.9706170532960656
emp_ubin,u_bin=0.8-1.0,v2at306,policy-vs-rule,64,64,628.406415625,628.4064156250001,625.2417375,3.1646781250000084,0.6528621875000002,6.47270914062502,6.252417375,0.032854219928643694,0.4928132989296554,inconclusive,0,0,out of both,v2rl305,0.989989910395046
emp_ubin,u_bin=0.8-1.0,v2at307,policy-vs-rule,64,64,629.4311656250001,629.4311656250001,625.2417375,4.189428125000003,-2.470584765624996,11.009524062499999,6.252417375,0.06084060818276912,0.6692466900104603,inconclusive,0,0,out of both,v2rl305,1.154675517650906
emp_ubin,u_bin=0.8-1.0,v2at303,policy-vs-rule,64,64,629.9932,629.9932000000001,625.2417375,4.751462499999987,-2.440060156250015,12.436336015624978,6.252417375,0.026183648097068732,0.4189383695530997,inconclusive,0,0,out of both,v2rl305,1.2449989841993607
emp_ubin,u_bin=0.8-1.0,v2at304,policy-vs-rule,64,64,630.214303125,630.214303125,625.2417375,4.972565625000014,1.0538634375000067,10.039150234375022,6.252417375,0.011007912955186742,0.2389689435059438,inconclusive,0,0,out of both,v2rl305,1.2805320433911578
emp_ubin,u_bin=0.8-1.0,wspt,rule-vs-rule,64,64,634.473375,634.473375,625.2417375,9.231637499999987,2.256321953124986,17.329040312500005,6.252417375,0.0005427262946132943,0.0032563577676797658,inconclusive,0,0,out of both,v2rl305,1.9649993164633257
emp_ubin,u_bin=0.8-1.0,random,rule-vs-rule,64,64,637.0472593750001,637.047259375,625.2417375,11.805521874999998,3.6824648437499987,21.970313749999995,6.252417375,0.00128324613424932,0.0064162306712466,inconclusive,0,0,out of both,v2rl305,2.378643338227886
emp_ubin,u_bin=0.8-1.0,lpt,rule-vs-rule,64,64,661.60255625,661.6025562500001,625.2417375,36.360818750000014,10.880033671875001,70.60878179687501,6.252417375,0.0023655770533978757,0.009462308213591503,worse,0,0,out of both,v2rl305,6.324878007373655
emp_ubin,u_bin=1.0-1.2,v2rl304,policy-vs-rule,37,37,605.007491891892,605.007491891892,608.1954216216217,-3.1879297297297393,-8.109617567567607,-0.24787364864863295,6.081954216216217,0.038151710173415135,0.8064744307887193,inconclusive,0,1,leaves,v2rl304,0.0
emp_ubin,u_bin=1.0-1.2,rl301,policy-vs-rule,37,37,607.1126702702702,607.1126702702702,608.1954216216217,-1.0827513513513938,-3.2244937837837777,0.663331216216122,6.081954216216217,0.1386406338132186,1.0,equivalent,1,0,joins,v2rl304,0.3479590594482114
emp_ubin,u_bin=1.0-1.2,v2rl310,policy-vs-rule,37,37,607.8297405405406,607.8297405405407,608.1954216216217,-0.36568108108106745,-2.4555518918919157,2.080745675675742,6.081954216216217,0.16142946236708333,1.0,equivalent,1,0,joins,v2rl304,0.4664816033638331
emp_ubin,u_bin=1.0-1.2,v2rl308,policy-vs-rule,37,37,607.9174810810811,607.9174810810811,608.1954216216217,-0.27794054054058853,-1.9045656756757812,1.5267241891891337,6.081954216216217,0.5146697234497355,1.0,equivalent,1,0,joins,v2rl304,0.4809839924608879
emp_ubin,u_bin=1.0-1.2,pfifo,rule-vs-rule,37,37,608.1954216216217,608.1954216216217,608.1954216216217,0.0,0.0,0.0,6.081954216216217,1.0,1.0,equivalent,1,0,joins,v2rl304,0.526924008785558
emp_ubin,u_bin=1.0-1.2,edd,rule-vs-rule,37,37,608.1954216216217,608.1954216216217,608.1954216216217,0.0,0.0,0.0,6.081954216216217,1.0,1.0,equivalent,1,0,joins,v2rl304,0.526924008785558
emp_ubin,u_bin=1.0-1.2,v2rl303,policy-vs-rule,37,37,608.3252864864864,608.3252864864866,608.1954216216217,0.12986486486484122,-3.2995694594594918,4.8228025675675426,6.081954216216217,0.16142946236708333,1.0,equivalent,1,0,joins,v2rl304,0.5483890098979701
emp_ubin,u_bin=1.0-1.2,v2rl302,policy-vs-rule,37,37,608.8892648648649,608.8892648648649,608.1954216216217,0.693843243243248,-2.6383971621621587,5.392793243243232,6.081954216216217,0.40081416938293446,1.0,equivalent,1,0,joins,v2rl304,0.6416074222212413
emp_ubin,u_bin=1.0-1.2,v2at310,policy-vs-rule,37,37,609.0518486486486,609.0518486486486,608.1954216216217,0.8564270270269874,-1.9899808108108075,4.421321351351251,6.081954216216217,0.9527650219907529,1.0,equivalent,1,0,joins,v2rl304,0.6684804421362995
emp_ubin,u_bin=1.0-1.2,rl302,policy-vs-rule,37,37,610.5823081081081,610.5823081081081,608.1954216216217,2.386886486486464,-1.5506918918919124,9.207922972972952,6.081954216216217,0.2626182904425206,1.0,inconclusive,0,0,out of both,v2rl304,0.9214458152879073
emp_ubin,u_bin=1.0-1.2,v2at302,policy-vs-rule,37,37,611.3606972972973,611.3606972972973,608.1954216216217,3.1652756756756553,-2.3956559459459763,11.931709999999951,6.081954216216217,0.5146697234497355,1.0,inconclusive,0,0,out of both,v2rl304,1.0501035921949509
emp_ubin,u_bin=1.0-1.2,v2at309,policy-vs-rule,37,37,611.5662,611.5662,608.1954216216217,3.3707783783783483,0.2401414864864745,8.070680540540456,6.081954216216217,0.1386406338132186,1.0,inconclusive,0,0,out of both,v2rl304,1.084070560448529
emp_ubin,u_bin=1.0-1.2,v2rl305,policy-vs-rule,37,37,611.7744216216216,611.7744216216216,608.1954216216217,3.578999999999956,-1.584075675675659,12.246338918918816,6.081954216216217,0.6744240722352938,1.0,inconclusive,0,0,out of both,v2rl304,1.1184869312228023
emp_ubin,u_bin=1.0-1.2,v2at308,policy-vs-rule,37,37,612.4168864864865,612.4168864864865,608.1954216216217,4.221464864864847,-0.6830663513513674,11.8932079729729,6.081954216216217,0.20757844233562428,1.0,inconclusive,0,0,out of both,v2rl304,1.224678155872911
emp_ubin,u_bin=1.0-1.2,rl303,policy-vs-rule,37,37,612.5505675675677,612.5505675675677,608.1954216216217,4.355145945945951,-0.24131891891892648,12.421331756756768,6.081954216216217,0.4838398513935682,1.0,inconclusive,0,0,out of both,v2rl304,1.2467739287141872
emp_ubin,u_bin=1.0-1.2,wmdd,rule-vs-rule,37,37,612.6987675675675,612.6987675675676,608.1954216216217,4.503345945945911,0.814000405405402,10.33909121621611,6.081954216216217,0.011718685599768628,0.046874742399074514,inconclusive,0,0,out of both,v2rl304,1.2712694931470228
emp_ubin,u_bin=1.0-1.2,v2rl309,policy-vs-rule,37,37,613.0337513513514,613.0337513513514,608.1954216216217,4.838329729729704,0.24411986486485404,12.739281621621576,6.081954216216217,0.09289194088370532,1.0,inconclusive,0,0,out of both,v2rl304,1.3266380279624086
emp_ubin,u_bin=1.0-1.2,v2rl307,policy-vs-rule,37,37,613.0900702702702,613.0900702702703,608.1954216216217,4.894648648648595,-2.1091567567567653,14.999298513513368,6.081954216216217,0.6744240722352938,1.0,inconclusive,0,0,out of both,v2rl304,1.3359468249068387
emp_ubin,u_bin=1.0-1.2,v2at307,policy-vs-rule,37,37,613.5448378378378,613.5448378378379,608.1954216216217,5.34941621621621,0.397418918918915,12.717869594594577,6.081954216216217,0.03665792867221451,0.8064744307887193,inconclusive,0,0,out of both,v2rl304,1.411114087075036
emp_ubin,u_bin=1.0-1.2,v2at306,policy-vs-rule,37,37,614.5290594594594,614.5290594594595,608.1954216216217,6.333637837837821,1.0995087837837778,14.04648959459452,6.081954216216217,0.050612432239184685,1.0,inconclusive,0,0,out of both,v2rl304,1.5737933323425426
emp_ubin,u_bin=1.0-1.2,atc,rule-vs-rule,37,37,615.2800540540541,615.2800540540541,608.1954216216217,7.084632432432435,1.4192552702702599,15.791844054054067,6.081954216216217,0.012515318690073973,0.046874742399074514,inconclusive,0,0,out of both,v2rl304,1.697923133156456
emp_ubin,u_bin=1.0-1.2,v2rl301,policy-vs-rule,37,37,615.3411567567567,615.3411567567567,608.1954216216217,7.145735135135086,-1.8967814864864905,19.8267893243242,6.081954216216217,1.0,1.0,inconclusive,0,0,out of both,v2rl304,1.7080226283728868
emp_ubin,u_bin=1.0-1.2,v2at304,policy-vs-rule,37,37,615.6132486486487,615.6132486486487,608.1954216216217,7.417827027027009,0.5548817567567566,16.9621886486486,6.081954216216217,0.20262160771231197,1.0,inconclusive,0,0,out of both,v2rl304,1.752995937883664
emp_ubin,u_bin=1.0-1.2,v2at303,policy-vs-rule,37,37,617.1086648648649,617.1086648648649,608.1954216216217,8.913243243243212,1.3927947297297405,20.441186756756693,6.081954216216217,0.02182427562605354,0.5019583393992314,inconclusive,0,0,out of both,v2rl304,2.000169111151312
emp_ubin,u_bin=1.0-1.2,v2rl306,policy-vs-rule,37,37,619.4963891891891,619.4963891891891,608.1954216216217,11.300967567567513,-0.21687608108108886,27.658373918918826,6.081954216216217,0.5754030229127536,1.0,inconclusive,0,0,out of both,v2rl304,2.3948294015318035
emp_ubin,u_bin=1.0-1.2,v2at301,policy-vs-rule,37,37,622.6792324324324,622.6792324324324,608.1954216216217,14.483810810810736,-0.2964851351351461,42.478143783783594,6.081954216216217,0.3862707203664827,1.0,inconclusive,0,0,out of both,v2rl304,2.9209126791603737
emp_ubin,u_bin=1.0-1.2,wspt,rule-vs-rule,37,37,627.0799621621622,627.0799621621622,608.1954216216217,18.884540540540524,5.073056486486482,41.257096621621585,6.081954216216217,0.0014737808438751421,0.008842685063250852,inconclusive,0,0,out of both,v2rl304,3.6482970155044607
emp_ubin,u_bin=1.0-1.2,v2at305,policy-vs-rule,37,37,628.8031567567568,628.8031567567567,608.1954216216217,20.607735135135112,-0.47534527027028584,58.428625945945896,6.081954216216217,0.7670968684102772,1.0,inconclusive,0,0,out of both,v2rl304,3.93311904129559
emp_ubin,u_bin=1.0-1.2,random,rule-vs-rule,37,37,695.379691891892,695.379691891892,608.1954216216217,87.18427027027025,6.658657972972967,241.2798931081081,6.081954216216217,0.0028648155524898344,0.014324077762449173,worse,0,0,out of both,v2rl304,14.937368745203656
emp_ubin,u_bin=1.0-1.2,lpt,rule-vs-rule,37,37,837.9189297297296,837.9189297297296,608.1954216216217,229.723508108108,7.650719054054054,660.1768606756752,6.081954216216217,0.012063323418854825,0.046874742399074514,worse,0,0,out of both,v2rl304,38.49728159720976
emp_ubin,u_bin=<0.5,rl302,policy-vs-rule,180,85,248.96509444444447,248.96509444444447,249.0512566666667,-0.08616222222222139,-0.2334027354699588,-0.0010994413407821012,2.4905125666666668,0.06788915486182899,1.0,equivalent,1,1,in both,rl302,0.0
emp_ubin,u_bin=<0.5,v2rl302,policy-vs-rule,180,85,248.96509444444447,248.96509444444447,249.0512566666667,-0.08616222222222139,-0.23574364118020202,-0.0010933333333333116,2.4905125666666668,0.06788915486182899,1.0,equivalent,1,1,in both,rl302,0.0
emp_ubin,u_bin=<0.5,v2rl310,policy-vs-rule,180,85,248.97042666666667,248.97042666666667,249.0512566666667,-0.08082999999999996,-0.2220140885274902,-0.0010994413407821012,2.4905125666666668,0.06788915486182899,1.0,equivalent,1,1,in both,rl302,0.0021417549452433
emp_ubin,u_bin=<0.5,v2at302,policy-vs-rule,180,85,248.9815377777778,248.9815377777778,249.0512566666667,-0.06971888888888884,-0.21622247993321644,0.015513227513226396,2.4905125666666668,0.27332167829229814,1.0,equivalent,1,1,in both,rl302,0.0066046741893702
emp_ubin,u_bin=<0.5,v2rl303,policy-vs-rule,180,85,249.00200111111116,249.00200111111113,249.0512566666667,-0.04925555555555611,-0.18863181818181796,0.043268965517240014,2.4905125666666668,0.4652088184521418,1.0,equivalent,1,1,in both,rl302,0.0148240325612746
emp_ubin,u_bin=<0.5,v2rl305,policy-vs-rule,180,85,249.0027122222222,249.00271222222221,249.0512566666667,-0.048544444444442864,-0.18894048381558803,0.04184981515042138,2.4905125666666668,0.892738400944348,1.0,equivalent,1,1,in both,rl302,0.015109659392889
emp_ubin,u_bin=<0.5,v2at305,policy-vs-rule,180,85,249.0065388888889,249.0065388888889,249.0512566666667,-0.044717777777776746,-0.18408496551723885,0.04354772350577653,2.4905125666666668,0.892738400944348,1.0,equivalent,1,1,in both,rl302,0.0166466887805773
emp_ubin,u_bin=<0.5,v2rl307,policy-vs-rule,180,85,249.01915666666667,249.01915666666667,249.0512566666667,-0.03209999999999821,-0.1773655995429489,0.06268924311377588,2.4905125666666668,0.6858304344516057,1.0,equivalent,1,1,in both,rl302,0.0217147798741978
emp_ubin,u_bin=<0.5,rl301,policy-vs-rule,180,85,249.0227522222222,249.02275222222227,249.0512566666667,-0.028504444444444724,-0.08011820505696107,-0.0010695652173912831,2.4905125666666668,0.06788915486182899,1.0,equivalent,1,1,in both,rl302,0.0231589805415877
emp_ubin,u_bin=<0.5,v2rl301,policy-vs-rule,180,85,249.0271833333333,249.02718333333334,249.0512566666667,-0.024073333333332888,-0.1784022580645157,0.08386157076350165,2.4905125666666668,0.6858304344516057,1.0,equivalent,1,1,in both,rl302,0.0249387927361408
emp_ubin,u_bin=<0.5,v2rl308,policy-vs-rule,180,85,249.04898333333333,249.04898333333335,249.0512566666667,-0.002273333333333956,-0.031464406779661794,0.028179230636535553,2.4905125666666668,0.7150006546880893,1.0,equivalent,1,1,in both,rl302,0.0336950402931276
emp_ubin,u_bin=<0.5,pfifo,rule-vs-rule,180,85,249.05125666666663,249.0512566666667,249.0512566666667,0.0,0.0,0.0,2.4905125666666668,1.0,1.0,equivalent,1,1,in both,rl302,0.0346081535704645
emp_ubin,u_bin=<0.5,edd,rule-vs-rule,180,85,249.05125666666663,249.05125666666666,249.05125666666666,0.0,0.0,0.0,2.4905125666666668,1.0,1.0,equivalent,1,1,in both,rl302,0.0346081535704645
emp_ubin,u_bin=<0.5,v2rl304,policy-vs-rule,180,85,249.0874622222222,249.08746222222226,249.0512566666667,0.03620555555555553,-0.0021866666666666233,0.10857790697674466,2.4905125666666668,0.28504940740261275,1.0,equivalent,1,1,in both,rl302,0.0491505759274344
emp_ubin,u_bin=<0.5,v2at310,policy-vs-rule,180,85,249.1044977777778,249.1044977777778,249.0512566666667,0.05324111111111102,-0.06700823679417253,0.23734148657467793,2.4905125666666668,0.7150006546880893,1.0,equivalent,1,1,in both,rl302,0.0559931237125399
emp_ubin,u_bin=<0.5,v2rl309,policy-vs-rule,180,85,249.1931233333333,249.19312333333335,249.0512566666667,0.14186666666666667,0.009853551912568327,0.3118607127805771,2.4905125666666668,0.045799589111186666,0.7327934257789867,equivalent,1,1,in both,rl302,0.0915907064794286
emp_ubin,u_bin=<0.5,rl303,policy-vs-rule,180,85,249.19709222222224,249.19709222222224,249.0512566666667,0.14583555555555594,-0.0021391304347825662,0.46206771428571597,2.4905125666666668,0.28504940740261275,1.0,equivalent,1,1,in both,rl302,0.0931848612334421
emp_ubin,u_bin=<0.5,v2rl306,policy-vs-rule,180,85,249.21915666666663,249.21915666666666,249.0512566666667,0.16790000000000177,-0.13084064534023598,0.6414907391369289,2.4905125666666668,0.3454475304692257,1.0,equivalent,1,1,in both,rl302,0.1020473262684144
emp_ubin,u_bin=<0.5,lpt,rule-vs-rule,180,85,249.3015388888889,249.3015388888889,249.0512566666667,0.2502822222222218,0.010108278246752667,0.6931050319921239,2.4905125666666668,0.11585149752593009,0.23170299505186018,equivalent,1,1,in both,rl302,0.1351371947120485
emp_ubin,u_bin=<0.5,v2at309,policy-vs-rule,180,85,249.36243,249.36243000000002,249.0512566666667,0.31117333333333413,0.0111731843575419,0.7128403675634735,2.4905125666666668,0.027707849358079864,0.4987412884454375,equivalent,1,1,in both,rl302,0.1595948847536851
emp_ubin,u_bin=<0.5,wmdd,rule-vs-rule,180,85,249.5614011111111,249.56140111111114,249.0512566666667,0.5101444444444471,0.0446927374301676,1.2242277243836752,2.4905125666666668,0.027707849358079864,0.11083139743231946,equivalent,1,1,in both,rl302,0.2395141648259043
emp_ubin,u_bin=<0.5,atc,rule-vs-rule,180,85,249.57915222222223,249.57915222222226,249.0512566666667,0.5278955555555563,0.03910071384233396,1.235886774506007,2.4905125666666668,0.027707849358079864,0.11083139743231946,equivalent,1,1,in both,rl302,0.2466441246103211
emp_ubin,u_bin=<0.5,v2at307,policy-vs-rule,180,85,249.60081222222223,249.60081222222223,249.0512566666667,0.5495555555555562,0.09375,1.172286066927426,2.4905125666666668,0.017960477526078766,0.3592095505215753,equivalent,1,1,in both,rl302,0.2553441393848141
emp_ubin,u_bin=<0.5,v2at306,policy-vs-rule,180,85,249.62249,249.62249000000003,249.0512566666667,0.5712333333333345,0.1465932486481847,1.1166567921032478,2.4905125666666668,0.011616044899262472,0.24393694288451193,equivalent,1,1,in both,rl302,0.2640512948300949
emp_ubin,u_bin=<0.5,v2at308,policy-vs-rule,180,85,249.70684444444447,249.70684444444447,249.0512566666667,0.6555877777777792,0.07036711686283939,1.443218512061592,2.4905125666666668,0.027991815485665747,0.4987412884454375,equivalent,1,1,in both,rl302,0.2979333314395663
emp_ubin,u_bin=<0.5,v2at304,policy-vs-rule,180,85,249.72127111111112,249.72127111111112,249.0512566666667,0.6700144444444461,0.13712337662337665,1.31801265554723,2.4905125666666668,0.007473541540877042,0.17189145544017198,equivalent,1,1,in both,rl302,0.3037279857861299
emp_ubin,u_bin=<0.5,v2at303,policy-vs-rule,180,85,249.7891077777778,249.7891077777778,249.0512566666667,0.7378511111111131,0.17097204301075306,1.483004516351771,2.4905125666666668,0.0075792819433897285,0.17189145544017198,equivalent,1,1,in both,rl302,0.3309754466472757
emp_ubin,u_bin=<0.5,random,rule-vs-rule,180,85,249.84987444444445,249.84987444444445,249.0512566666667,0.798617777777778,0.23714292586304475,1.5274254496047432,2.4905125666666668,0.0022090203462313877,0.011045101731156939,equivalent,1,1,in both,rl302,0.3553831519933863
emp_ubin,u_bin=<0.5,v2at301,policy-vs-rule,180,85,249.86541222222223,249.86541222222223,249.0512566666667,0.8141555555555565,0.04440270937277265,1.83282714438503,2.4905125666666668,0.017960477526078766,0.3592095505215753,equivalent,1,1,in both,rl302,0.3616240982643694
emp_ubin,u_bin=<0.5,wspt,rule-vs-rule,180,85,250.4122233333333,250.41222333333337,249.0512566666667,1.3609666666666678,0.4445657952257701,2.513273305760417,2.4905125666666668,0.00019540793740897315,0.001172447624453839,inconclusive,0,0,out of both,rl302,0.581257743025403
emp_ubin,u_bin=>=1.2,rl301,policy-vs-rule,107,53,278.4336373831776,278.4336373831776,279.794523364486,-1.360885981308398,-3.411515073469346,-0.0999919200000001,2.79794523364486,0.09096894797535775,1.0,inconclusive,0,1,leaves,rl301,0.0
emp_ubin,u_bin=>=1.2,v2rl307,policy-vs-rule,107,53,278.52241495327104,278.5224149532711,279.794523364486,-1.2721084112149412,-3.4745244861659796,0.04447857142857092,2.79794523364486,0.22491588401596185,1.0,inconclusive,0,1,leaves,rl301,0.0318846425768832
emp_ubin,u_bin=>=1.2,v2rl302,policy-vs-rule,107,53,278.72698691588784,278.72698691588784,279.794523364486,-1.0675364485981227,-2.747349571222401,0.011948231945347842,2.79794523364486,0.39802471950693785,1.0,equivalent,1,1,in both,rl301,0.1053570737599254
emp_ubin,u_bin=>=1.2,v2at302,policy-vs-rule,107,53,278.7459028037383,278.7459028037383,279.794523364486,-1.0486205607476595,-2.7936819796007795,0.05322831858406999,2.79794523364486,0.49896229860376107,1.0,equivalent,1,1,in both,rl301,0.1121507528671846
emp_ubin,u_bin=>=1.2,v2rl305,policy-vs-rule,107,53,278.78321495327106,278.78321495327106,279.794523364486,-1.011308411214939,-2.635310884879665,0.0345028561983462,2.79794523364486,0.39802471950693785,1.0,equivalent,1,1,in both,rl301,0.1255514862999018
emp_ubin,u_bin=>=1.2,v2rl301,policy-vs-rule,107,53,278.8335401869159,278.8335401869159,279.794523364486,-0.9609831775700809,-2.679731866821414,0.06209523809523873,2.79794523364486,1.0,1.0,equivalent,1,1,in both,rl301,0.1436258950235857
emp_ubin,u_bin=>=1.2,v2rl304,policy-vs-rule,107,53,278.8587514018692,278.8587514018692,279.794523364486,-0.9357719626168097,-2.3333251699028854,0.017277192982456512,2.79794523364486,0.3454475304692257,1.0,equivalent,1,1,in both,rl301,0.1526805535017179
emp_ubin,u_bin=>=1.2,v2at310,policy-vs-rule,107,53,278.8964598130841,278.8964598130841,279.794523364486,-0.8980635514018552,-2.2488027822922425,0.007631578947367464,2.79794523364486,0.17552335081205495,1.0,equivalent,1,1,in both,rl301,0.1662236051133354
emp_ubin,u_bin=>=1.2,v2rl310,policy-vs-rule,107,53,278.8989271028037,278.8989271028037,279.794523364486,-0.8955962616822357,-2.2938698936169963,0.038211808731808954,2.79794523364486,0.5073484933824012,1.0,equivalent,1,1,in both,rl301,0.1671097371708005
emp_ubin,u_bin=>=1.2,rl303,policy-vs-rule,107,53,279.0423738317757,279.0423738317757,279.794523364486,-0.7521495327102694,-2.3676417612902845,0.41687059691545797,2.79794523364486,0.49896229860376107,1.0,equivalent,1,1,in both,rl301,0.2186289179422568
emp_ubin,u_bin=>=1.2,v2rl308,policy-vs-rule,107,53,279.2256485981309,279.2256485981309,279.794523364486,-0.568874766355134,-1.5973367363636293,0.029734426229507272,2.79794523364486,0.39802471950693785,1.0,equivalent,1,1,in both,rl301,0.2844524183201755
emp_ubin,u_bin=>=1.2,rl302,policy-vs-rule,107,53,279.31306915887853,279.31306915887853,279.794523364486,-0.4814542056074812,-2.1052718837616906,0.9586753083180249,2.79794523364486,0.6120898800892568,1.0,equivalent,1,1,in both,rl301,0.315849688265456
emp_ubin,u_bin=>=1.2,v2rl303,policy-vs-rule,107,53,279.40303925233644,279.40303925233644,279.794523364486,-0.39148411214952183,-2.1346044147752337,1.2614930305480774,2.79794523364486,0.7353166906373405,1.0,equivalent,1,0,joins,rl301,0.3481626280034415
emp_ubin,u_bin=>=1.2,v2rl306,policy-vs-rule,107,53,279.6447439252336,279.6447439252336,279.794523364486,-0.14977943925232154,-2.3367133425361604,2.344235767326731,2.79794523364486,0.7353166906373405,1.0,equivalent,1,0,joins,rl301,0.4349713466513806
emp_ubin,u_bin=>=1.2,pfifo,rule-vs-rule,107,53,279.794523364486,279.794523364486,279.794523364486,0.0,0.0,0.0,2.79794523364486,1.0,1.0,equivalent,1,0,joins,rl301,0.4887649330370101
emp_ubin,u_bin=>=1.2,edd,rule-vs-rule,107,53,279.794523364486,279.794523364486,279.794523364486,0.0,0.0,0.0,2.79794523364486,1.0,1.0,equivalent,1,0,joins,rl301,0.4887649330370101
emp_ubin,u_bin=>=1.2,v2rl309,policy-vs-rule,107,53,279.7960897196262,279.7960897196262,279.794523364486,0.0015663551402026559,-0.873447631578947,0.7185256179480622,2.79794523364486,0.18231443298387762,1.0,equivalent,1,0,joins,rl301,0.4893274926310734
emp_ubin,u_bin=>=1.2,v2at308,policy-vs-rule,107,53,280.0067514018692,280.00675140186917,279.794523364486,0.21222803738317636,-1.0747771428571435,1.7766846331236883,2.79794523364486,0.7531523647659145,1.0,equivalent,1,0,joins,rl301,0.5649870588468683
emp_ubin,u_bin=>=1.2,v2at306,policy-vs-rule,107,53,280.49983925233647,280.4998392523364,279.794523364486,0.7053158878504692,-0.4766825688073372,2.1174431565656624,2.79794523364486,0.12348527214454898,1.0,equivalent,1,0,joins,rl301,0.7420805505318266
emp_ubin,u_bin=>=1.2,v2at309,policy-vs-rule,107,53,280.5726598130841,280.57265981308416,279.794523364486,0.7781364485981407,-0.6023352064220189,2.438470707857419,2.79794523364486,0.17295491798842066,1.0,equivalent,1,0,joins,rl301,0.7682342011582468
emp_ubin,u_bin=>=1.2,v2at307,policy-vs-rule,107,53,280.8226542056075,280.8226542056075,279.794523364486,1.0281308411214913,-0.18686254554455617,3.0003657048374848,2.79794523364486,0.13801073756865956,1.0,inconclusive,0,0,out of both,rl301,0.8580201892568531
emp_ubin,u_bin=>=1.2,wmdd,rule-vs-rule,107,53,281.05812523364483,281.0581252336449,279.794523364486,1.2636018691588775,0.07341846487603211,2.886362150920971,2.79794523364486,0.043114446783075355,0.12934334034922607,inconclusive,0,0,out of both,rl301,0.9425900818353492
emp_ubin,u_bin=>=1.2,v2at304,policy-vs-rule,107,53,281.4251943925234,281.4251943925234,279.794523364486,1.6306710280374004,-0.29612761904761986,4.374641583717391,2.79794523364486,0.13801073756865956,1.0,inconclusive,0,0,out of both,rl301,1.0744237073729874
emp_ubin,u_bin=>=1.2,v2at305,policy-vs-rule,107,53,281.43080747663555,281.4308074766355,279.794523364486,1.6362841121495453,-2.1706643859648893,7.276449484536097,2.79794523364486,0.6120898800892568,1.0,inconclusive,0,0,out of both,rl301,1.0764396578037292
emp_ubin,u_bin=>=1.2,v2at303,policy-vs-rule,107,53,282.25697196261683,282.25697196261683,279.794523364486,2.462448598130851,-0.13954388908481832,6.274099471677579,2.79794523364486,0.11585149752593009,1.0,inconclusive,0,0,out of both,rl301,1.373158291998175
emp_ubin,u_bin=>=1.2,atc,rule-vs-rule,107,53,282.7220429906542,282.7220429906542,279.794523364486,2.92751962616823,0.10044285714285676,6.703258207083136,2.79794523364486,0.027707849358079864,0.11083139743231946,inconclusive,0,0,out of both,rl301,1.5401894856457052
emp_ubin,u_bin=>=1.2,v2at301,policy-vs-rule,107,53,284.5966504672897,284.5966504672897,279.794523364486,4.802127102803748,1.2502809227240652,9.714698567099587,2.79794523364486,8.807368035275503e-05,0.0020256946481133657,inconclusive,0,0,out of both,rl301,2.213458525354326
emp_ubin,u_bin=>=1.2,wspt,rule-vs-rule,107,53,287.45436448598133,287.4543644859813,279.794523364486,7.659841121495339,2.811745402693787,14.521326909819896,2.79794523364486,2.557909636120417e-06,1.53474578167225e-05,worse,0,0,out of both,rl301,3.2398122538583576
emp_ubin,u_bin=>=1.2,random,rule-vs-rule,107,53,287.6843757009346,287.68437570093454,279.794523364486,7.889852336448608,2.056414166666666,15.938085088815832,2.79794523364486,3.523779909879043e-05,0.00017618899549395214,inconclusive,0,0,out of both,rl301,3.3224212436036327
emp_ubin,u_bin=>=1.2,lpt,rule-vs-rule,107,53,308.88458130841127,308.88458130841127,279.794523364486,29.090057943925242,0.0,86.03132946808513,2.79794523364486,0.12819017434510785,0.2563803486902157,inconclusive,0,0,out of both,rl301,10.93651766051793
gen_all,ALL,v2rl310,policy-vs-rule,300,300,3327.4247600000003,3327.4247600000003,3334.1229350000003,-6.698174999999851,-19.267123249999795,6.695862416666748,33.341229350000006,0.0006136850593176752,0.006750535652494428,equivalent,1,1,in both,v2rl310,0.0
gen_all,ALL,v2rl304,policy-vs-rule,300,300,3327.798242,3327.798242,3334.1229350000003,-6.324692999999807,-13.0133598916662,-0.7668447583333106,33.341229350000006,0.10228328318542183,0.4665796087392577,equivalent,1,1,in both,v2rl310,0.0112243559791119
gen_all,ALL,v2rl308,policy-vs-rule,300,300,3328.3634653333334,3328.363465333334,3334.1229350000003,-5.759469666666413,-16.39820643333305,6.356028233333551,33.341229350000006,0.013122054841222358,0.11809849357100123,equivalent,1,1,in both,v2rl310,0.0282111663235029
gen_all,ALL,rl301,policy-vs-rule,300,300,3330.7672553333337,3330.7672553333337,3334.1229350000003,-3.3556796666663873,-13.022837058333256,8.07817017500024,33.341229350000006,0.0006432809024265422,0.006750535652494428,equivalent,1,1,in both,v2rl310,0.1004529200333689
gen_all,ALL,pfifo,rule-vs-rule,300,300,3333.9263703333336,3333.9263703333336,3334.1229350000003,-0.1965646666667082,-0.6150586666667164,0.026229999999904975,33.341229350000006,0.6858304344516057,0.6858304344516057,equivalent,1,1,in both,v2rl310,0.195394661105222
gen_all,ALL,edd,rule-vs-rule,300,300,3334.122935,3334.122935,3334.122935,0.0,0.0,0.0,33.34122935,1.0,1.0,equivalent,1,1,in both,v2rl310,0.2013020724170946
gen_all,ALL,v2at310,policy-vs-rule,300,300,3342.6492893333334,3342.649289333334,3334.1229350000003,8.526354333333545,3.982552341666979,13.649988475000175,33.341229350000006,0.01695096902989108,0.11865678320923756,equivalent,1,1,in both,v2rl310,0.4575469148499413
gen_all,ALL,v2rl305,policy-vs-rule,300,300,3348.4978573333333,3348.4978573333337,3334.1229350000003,14.374922333333274,-2.881032574999901,36.30994344999969,33.341229350000006,0.014238679963158257,0.11809849357100123,inconclusive,0,0,out of both,v2rl310,0.6333155173532143
gen_all,ALL,wmdd,rule-vs-rule,300,300,3354.9370946666663,3354.937094666667,3334.1229350000003,20.814159666666555,3.916745574999921,35.342529324999866,33.341229350000006,2.8502828543799555e-14,8.550848563139866e-14,inconclusive,0,0,out of both,v2rl310,0.8268356657496889
gen_all,ALL,atc,rule-vs-rule,300,300,3357.982747666667,3357.982747666667,3334.1229350000003,23.859812666666866,6.631945216666783,39.0460808166668,33.341229350000006,6.253037774041004e-14,1.2506075548082008e-13,inconclusive,0,0,out of both,v2rl310,0.9183675025206752
gen_all,ALL,v2at302,policy-vs-rule,300,300,3358.8488500000003,3358.8488500000003,3334.1229350000003,24.725915000000267,1.0711570666669534,54.20845883333355,33.341229350000006,0.02939410891949645,0.1763646535169787,inconclusive,0,0,out of both,v2rl310,0.944396711167106
gen_all,ALL,v2at307,policy-vs-rule,300,300,3361.8936393333333,3361.893639333334,3334.1229350000003,27.770704333333445,14.302026341666537,40.85721644166669,33.341229350000006,9.385733455321355e-14,1.1262880146385627e-12,inconclusive,0,0,out of both,v2rl310,1.0359025919291711
gen_all,ALL,v2rl302,policy-vs-rule,300,300,3375.0660693333334,3375.0660693333334,3334.1229350000003,40.94313433333347,9.959124100000022,77.70448155833347,33.341229350000006,0.8173253040851498,1.0,inconclusive,0,0,out of both,v2rl310,1.431777208189467
gen_all,ALL,v2rl307,policy-vs-rule,300,300,3377.832616,3377.8326159999997,3334.1229350000003,43.70968100000019,18.174973808333398,73.28793540833344,33.341229350000006,0.9019816142563772,1.0,inconclusive,0,0,out of both,v2rl310,1.514920986522917
gen_all,ALL,v2rl306,policy-vs-rule,300,300,3389.076286666667,3389.0762866666664,3334.1229350000003,54.95335166666681,21.438420991666806,95.6098928416669,33.341229350000006,0.4648616655373432,1.0,inconclusive,0,0,out of both,v2rl310,1.852830074711187
gen_all,ALL,v2at308,policy-vs-rule,300,300,3398.0860673333336,3398.0860673333336,3334.1229350000003,63.96313233333351,40.19174437500016,89.13745018333358,33.341229350000006,9.248808515187271e-21,1.294833192126218e-19,worse,0,0,out of both,v2rl310,2.123603460032355
gen_all,ALL,v2rl301,policy-vs-rule,300,300,3405.925198666667,3405.9251986666677,3334.1229350000003,71.80226366666695,28.89296876666687,124.58502430000048,33.341229350000006,0.09331592174785154,0.4665796087392577,inconclusive,0,0,out of both,v2rl310,2.35919500300486
gen_all,ALL,v2at303,policy-vs-rule,300,300,3420.8127943333334,3420.812794333333,3334.1229350000003,86.68985933333349,59.211496691666625,116.04147314166681,33.341229350000006,4.758301534729579e-21,7.137452302094368e-20,worse,0,0,out of both,v2rl310,2.806615958863426
gen_all,ALL,v2at306,policy-vs-rule,300,300,3589.0747103333333,3589.0747103333333,3334.1229350000003,254.95177533333336,210.2234709499998,301.96755423333354,33.341229350000006,3.959264544675841e-36,7.918529089351682e-35,worse,0,0,out of both,v2rl310,7.863437018282359
gen_all,ALL,v2at309,policy-vs-rule,300,300,3658.41236,3658.4123599999994,3334.1229350000003,324.2894250000001,231.47322447499997,427.4833046083336,33.341229350000006,4.769564264684759e-28,7.631302823495614e-27,worse,0,0,out of both,v2rl310,9.947260234969216
gen_all,ALL,v2at304,policy-vs-rule,300,300,3823.130965333333,3823.130965333334,3334.1229350000003,489.00803033333347,383.6459490083333,602.1147631166667,33.341229350000006,2.5006654390121055e-39,5.501463965826633e-38,worse,0,0,out of both,v2rl310,14.897593216603129
gen_all,ALL,v2rl309,policy-vs-rule,300,300,3919.4518896666655,3919.4518896666673,3334.1229350000003,585.3289546666671,438.8851049750003,751.1632955583342,33.341229350000006,4.738149223477413e-33,9.002483524607084e-32,worse,0,0,out of both,v2rl310,17.792352115173475
gen_all,ALL,v2rl303,policy-vs-rule,300,300,3978.4179933333335,3978.4179933333335,3334.1229350000003,644.2950583333333,473.38190341666683,834.3357783749998,33.341229350000006,2.4962052263000125e-31,4.493169407340022e-30,worse,0,0,out of both,v2rl310,19.56447644313776
gen_all,ALL,rl302,policy-vs-rule,300,300,4058.342224,4058.342224,3334.1229350000003,724.219289,544.1461008333334,917.9759502249992,33.341229350000006,2.121079719224156e-17,2.757403634991403e-16,worse,0,0,out of both,v2rl310,21.966461053803048
gen_all,ALL,wspt,rule-vs-rule,300,300,4064.612579,4064.612578999999,3334.1229350000003,730.4896440000001,616.0105974083338,856.5351366083335,33.341229350000006,1.3508547588343867e-46,6.754273794171934e-46,worse,0,0,out of both,v2rl310,22.1549057355695
gen_all,ALL,v2at305,policy-vs-rule,300,300,4466.044722333333,4466.044722333333,3334.1229350000003,1131.9217873333332,868.1005912999999,1412.0709104583332,33.341229350000006,4.254060221314019e-30,7.231902376233833e-29,worse,0,0,out of both,v2rl310,34.21925496320863
gen_all,ALL,rl303,policy-vs-rule,300,300,4690.713084999999,4690.7130849999985,3334.1229350000003,1356.5901499999993,1057.104734466666,1681.7303269999993,33.341229350000006,7.993888831429156e-39,1.6787166546001226e-37,worse,0,0,out of both,v2rl310,40.97127428359939
gen_all,ALL,v2at301,policy-vs-rule,300,300,6897.662659666667,6897.662659666666,3334.1229350000003,3563.539724666667,2974.717789616666,4184.972618683333,33.341229350000006,1.6280661159807507e-45,3.7445520667557265e-44,worse,0,0,out of both,v2rl310,107.29732923147048
gen_all,ALL,random,rule-vs-rule,300,300,13236.397561333331,13236.397561333331,3334.1229350000003,9902.27462633333,8231.783004158333,11693.673689474997,33.341229350000006,1.526148886523596e-45,6.104595546094384e-45,worse,0,0,out of both,v2rl310,297.7970507538488
gen_all,ALL,lpt,rule-vs-rule,300,300,43030.63908933334,43030.63908933333,3334.1229350000003,39696.51615433333,33896.155551791664,45704.663159749995,33.341229350000006,5.646719428560811e-49,3.388031657136487e-48,worse,0,0,out of both,v2rl310,1193.2114831451013
gen_utarget,u_target=0.7,rl301,policy-vs-rule,60,60,2257.4997200000003,2257.4997200000003,2258.26579,-0.7660699999999129,-1.508222416666544,-0.060301416666715325,22.5826579,0.045484489171984846,0.8187208050957272,equivalent,1,1,in both,rl301,0.0
gen_utarget,u_target=0.7,v2rl307,policy-vs-rule,60,60,2257.5426033333333,2257.542603333334,2258.26579,-0.7231866666666719,-1.551510999999855,0.09645258333337496,22.5826579,0.02422117460396644,0.48442349207932883,equivalent,1,1,in both,rl301,0.0018995941817023
gen_utarget,u_target=0.7,v2at302,policy-vs-rule,60,60,2257.57335,2257.5733499999997,2258.26579,-0.6924399999999967,-1.5430458333332677,0.08695466666661791,22.5826579,0.09377774829077586,1.0,equivalent,1,1,in both,rl301,0.0032615729405214
gen_utarget,u_target=0.7,v2rl301,policy-vs-rule,60,60,2257.6351066666666,2257.6351066666666,2258.26579,-0.6306833333333202,-1.5950966666667246,0.24762025000000246,22.5826579,0.27812610258252823,1.0,equivalent,1,1,in both,rl301,0.0059971952805541
gen_utarget,u_target=0.7,v2rl302,policy-vs-rule,60,60,2257.7369066666665,2257.7369066666665,2258.26579,-0.5288833333332552,-1.32997408333316,0.20862349999992696,22.5826579,0.21698598574255135,1.0,equivalent,1,1,in both,rl301,0.0105066089074099
gen_utarget,u_target=0.7,v2rl304,policy-vs-rule,60,60,2257.76573,2257.76573,2258.26579,-0.5000599999999139,-1.1513203333333712,0.12213458333348019,22.5826579,0.20354090606892605,1.0,equivalent,1,1,in both,rl301,0.0117833901658168
gen_utarget,u_target=0.7,v2rl310,policy-vs-rule,60,60,2257.7987566666666,2257.7987566666666,2258.26579,-0.467033333333238,-1.3031228333332125,0.29163716666676337,22.5826579,0.17790738330384115,1.0,equivalent,1,1,in both,rl301,0.0132463656148903
gen_utarget,u_target=0.7,v2rl306,policy-vs-rule,60,60,2257.8458233333336,2257.8458233333336,2258.26579,-0.4199666666666592,-1.1605441666666738,0.34906791666655995,22.5826579,0.17013873841797622,1.0,equivalent,1,1,in both,rl301,0.0153312680514221
gen_utarget,u_target=0.7,v2rl305,policy-vs-rule,60,60,2257.848376666667,2257.8483766666664,2258.26579,-0.41741333333327,-1.1029256666667158,0.2963148333333325,22.5826579,0.08821318483432393,1.0,equivalent,1,1,in both,rl301,0.0154443725320398
gen_utarget,u_target=0.7,v2rl308,policy-vs-rule,60,60,2257.8569666666667,2257.8569666666667,2258.26579,-0.40882333333332876,-1.382840000000134,0.5411288333332368,22.5826579,0.3570307878560457,1.0,equivalent,1,1,in both,rl301,0.0158248819922985
gen_utarget,u_target=0.7,pfifo,rule-vs-rule,60,60,2258.26579,2258.26579,2258.26579,0.0,0.0,0.0,22.5826579,1.0,1.0,equivalent,1,1,in both,rl301,0.0339344449619542
gen_utarget,u_target=0.7,edd,rule-vs-rule,60,60,2258.26579,2258.2657899999995,2258.2657899999995,0.0,0.0,0.0,22.582657899999994,1.0,1.0,equivalent,1,1,in both,rl301,0.0339344449619542
gen_utarget,u_target=0.7,v2at310,policy-vs-rule,60,60,2258.3029,2258.3029,2258.26579,0.03711000000008984,-0.521027166666662,0.6346782499999836,22.5826579,0.7687975045487456,1.0,equivalent,1,1,in both,rl301,0.0355782989864505
gen_utarget,u_target=0.7,v2rl309,policy-vs-rule,60,60,2258.65359,2258.65359,2258.26579,0.3878000000000012,-1.0464196666668728,2.443208833333284,22.5826579,0.38855107096863606,1.0,equivalent,1,1,in both,rl301,0.0511127416662378
gen_utarget,u_target=0.7,atc,rule-vs-rule,60,60,2258.7456566666665,2258.745656666667,2258.26579,0.4798666666667536,-0.7072768333332435,1.7446887500001542,22.5826579,0.6807963540832085,1.0,equivalent,1,1,in both,rl301,0.0551909998317182
gen_utarget,u_target=0.7,v2at307,policy-vs-rule,60,60,2258.7754533333336,2258.7754533333336,2258.26579,0.5096633333333256,-0.3615484166666152,1.56969874999985,22.5826579,0.9359149665170619,1.0,equivalent,1,1,in both,rl301,0.0565108966362747
gen_utarget,u_target=0.7,v2at309,policy-vs-rule,60,60,2259.1000766666666,2259.1000766666666,2258.26579,0.8342866666667089,-0.42371241666653514,2.343256749999912,22.5826579,0.8844579257532612,1.0,equivalent,1,1,in both,rl301,0.0708906695530556
gen_utarget,u_target=0.7,wmdd,rule-vs-rule,60,60,2259.15484,2259.15484,2258.26579,0.8890499999999065,0.31556941666671123,1.6201352499997808,22.5826579,0.0014737808438751421,0.004421342531625426,equivalent,1,1,in both,rl301,0.0733165096472258
gen_utarget,u_target=0.7,v2rl303,policy-vs-rule,60,60,2259.701923333333,2259.7019233333335,2258.26579,1.436133333333333,-0.6523658333333421,4.737449166666604,22.5826579,0.8936443871266052,1.0,equivalent,1,1,in both,rl301,0.0975505473521508
gen_utarget,u_target=0.7,rl303,policy-vs-rule,60,60,2259.88127,2259.8812699999994,2258.26579,1.6154800000000427,-0.3263235833334432,4.190848249999854,22.5826579,0.907540882973728,1.0,equivalent,1,1,in both,rl301,0.105495029695933
gen_utarget,u_target=0.7,v2at303,policy-vs-rule,60,60,2260.1489933333337,2260.1489933333332,2258.26579,1.8832033333333948,0.4061894166667657,3.7639760833335916,22.5826579,0.09367559653193051,1.0,equivalent,1,1,in both,rl301,0.1173543150354605
gen_utarget,u_target=0.7,v2at308,policy-vs-rule,60,60,2260.9255866666663,2260.9255866666663,2258.26579,2.6597966666666566,0.3033725000000887,6.591428833333341,22.5826579,0.03962497007380688,0.7528744314023307,equivalent,1,1,in both,rl301,0.1517549099260142
gen_utarget,u_target=0.7,v2at306,policy-vs-rule,60,60,2262.4918733333334,2262.4918733333334,2258.26579,4.226083333333455,1.3026855000000717,8.540476249999983,22.5826579,0.01534582286114023,0.32226228008394486,equivalent,1,1,in both,rl301,0.2211363877083065
gen_utarget,u_target=0.7,rl302,policy-vs-rule,60,60,2263.5731,2263.5731,2258.26579,5.307310000000103,-0.32790891666673466,12.8433451666667,22.5826579,0.780670449239729,1.0,equivalent,1,1,in both,rl301,0.2690312626040908
gen_utarget,u_target=0.7,v2at304,policy-vs-rule,60,60,2264.6439466666666,2264.6439466666675,2258.26579,6.3781566666666984,2.175980166666731,11.94514616666665,22.5826579,0.0012105677651908404,0.02663249083419849,equivalent,1,1,in both,rl301,0.3164663367783862
gen_utarget,u_target=0.7,v2at305,policy-vs-rule,60,60,2265.4995766666666,2265.4995766666666,2258.26579,7.233786666666619,0.5004434166666393,16.151324750000214,22.5826579,0.4414077589535903,1.0,equivalent,1,1,in both,rl301,0.354368002608937
gen_utarget,u_target=0.7,wspt,rule-vs-rule,60,60,2269.0487866666667,2269.0487866666667,2258.26579,10.782996666666834,5.7256560833335595,17.383900083333483,22.5826579,2.1906265066619186e-06,8.762506026647674e-06,equivalent,1,1,in both,rl301,0.5115866267600899
gen_utarget,u_target=0.7,random,rule-vs-rule,60,60,2304.052563333333,2304.0525633333327,2258.26579,45.78677333333322,23.993026916666548,73.64706433333323,22.5826579,7.739732463297963e-08,3.869866231648982e-07,worse,0,0,out of both,rl301,2.0621417101807182
gen_utarget,u_target=0.7,v2at301,policy-vs-rule,60,60,2334.254026666667,2334.254026666667,2258.26579,75.98823666666682,35.379878000000154,134.35983391666676,22.5826579,3.780218792411368e-08,8.694503222546146e-07,worse,0,0,out of both,rl301,3.399969709261656
gen_utarget,u_target=0.7,lpt,rule-vs-rule,60,60,2574.50371,2574.50371,2258.26579,316.2379200000002,200.92274833333346,454.9137483333335,22.5826579,1.1812325186599061e-09,7.087395111959436e-09,worse,0,0,out of both,rl301,14.042260434920436
gen_utarget,u_target=0.9,v2at302,policy-vs-rule,60,60,2990.305363333334,2990.305363333334,3000.471016666667,-10.165653333332987,-16.290734833332866,-4.871044499999648,30.00471016666667,0.0023486394938546282,0.028183673926255537,equivalent,1,1,in both,v2at302,0.0
gen_utarget,u_target=0.9,v2rl301,policy-vs-rule,60,60,2990.81525,2990.81525,3000.471016666667,-9.655766666666558,-16.583559416666347,-3.9669196666667306,30.00471016666667,0.02625908517089832,0.21007268136718657,equivalent,1,1,in both,v2at302,0.01705132435364
gen_utarget,u_target=0.9,v2rl310,policy-vs-rule,60,60,2990.940506666667,2990.9405066666664,3000.471016666667,-9.530510000000127,-16.457781083333153,-3.706995666667088,30.00471016666667,0.0025759033582020297,0.02833493694022233,equivalent,1,1,in both,v2at302,0.0212400827394082
gen_utarget,u_target=0.9,rl301,policy-vs-rule,60,60,2991.6407800000006,2991.6407800000006,3000.471016666667,-8.83023666666641,-14.903524916666187,-3.285387583332751,30.00471016666667,0.06754708525463336,0.40528251152780015,equivalent,1,1,in both,v2at302,0.0446582039092549
gen_utarget,u_target=0.9,v2rl305,policy-vs-rule,60,60,2991.9940766666678,2991.9940766666664,3000.471016666667,-8.476939999999825,-14.473404416665883,-3.448446916666761,30.00471016666667,0.012614038812042015,0.11352634930837813,equivalent,1,1,in both,v2at302,0.0564729393205188
gen_utarget,u_target=0.9,v2rl302,policy-vs-rule,60,60,2993.4771466666666,2993.4771466666666,3000.471016666667,-6.993869999999934,-13.161413166666996,-1.9318527499997455,30.00471016666667,0.24770096759107896,1.0,equivalent,1,1,in both,v2at302,0.1060688775208274
gen_utarget,u_target=0.9,v2rl306,policy-vs-rule,60,60,2993.64152,2993.64152,3000.471016666667,-6.829496666666412,-13.058700666666056,-1.0860310833331706,30.00471016666667,0.20162934688866563,1.0,equivalent,1,1,in both,v2at302,0.1115657520323417
gen_utarget,u_target=0.9,v2rl307,policy-vs-rule,60,60,2993.989073333333,2993.9890733333327,3000.471016666667,-6.481943333333144,-12.025129166666929,-1.9261411666660506,30.00471016666667,0.05129684468648303,0.3590779128053812,equivalent,1,1,in both,v2at302,0.123188422331994
gen_utarget,u_target=0.9,v2rl308,policy-vs-rule,60,60,2995.29004,2995.2900400000003,3000.471016666667,-5.180976666666849,-10.794049750000562,-0.6005185833331275,30.00471016666667,0.22471533650341335,1.0,equivalent,1,1,in both,v2at302,0.1666945699856396
gen_utarget,u_target=0.9,v2rl304,policy-vs-rule,60,60,2997.739743333333,2997.739743333333,3000.471016666667,-2.7312733333332733,-7.266671583333409,1.0853427500003414,30.00471016666667,0.6769123266802801,1.0,equivalent,1,1,in both,v2at302,0.248616080857792
gen_utarget,u_target=0.9,pfifo,rule-vs-rule,60,60,3000.471016666667,3000.471016666667,3000.471016666667,0.0,0.0,0.0,30.00471016666667,1.0,1.0,equivalent,1,1,in both,v2at302,0.339953686937217
gen_utarget,u_target=0.9,edd,rule-vs-rule,60,60,3000.471016666667,3000.4710166666673,3000.4710166666673,0.0,0.0,0.0,30.004710166666673,1.0,1.0,equivalent,1,1,in both,v2at302,0.339953686937217
gen_utarget,u_target=0.9,v2at310,policy-vs-rule,60,60,3005.028436666667,3005.028436666667,3000.471016666667,4.55741999999997,0.3545010833331776,9.434745999999919,30.00471016666667,0.242245382836086,1.0,equivalent,1,1,in both,v2at302,0.4923601955126447
gen_utarget,u_target=0.9,v2at307,policy-vs-rule,60,60,3008.8876033333336,3008.8876033333336,3000.471016666667,8.416586666666813,3.608956666666842,14.243144500000032,30.00471016666667,0.0008879379453151352,0.011543193289096757,equivalent,1,1,in both,v2at302,0.6214161345477391
gen_utarget,u_target=0.9,wmdd,rule-vs-rule,60,60,3008.92093,3008.92093,3000.471016666667,8.44991333333323,4.741054999999743,12.660687666666458,30.00471016666667,6.97777990772386e-05,0.0001395555981544772,equivalent,1,1,in both,v2at302,0.622530624963161
gen_utarget,u_target=0.9,atc,rule-vs-rule,60,60,3011.75496,3011.7549599999998,3000.471016666667,11.283943333333362,5.493442916666769,17.625020416666512,30.00471016666667,4.138725435993392e-05,0.00012416176307980176,equivalent,1,0,joins,v2at302,0.7173045579116445
gen_utarget,u_target=0.9,v2at308,policy-vs-rule,60,60,3022.189973333333,3022.1899733333335,3000.471016666667,21.718956666666884,12.614177250000044,31.91691316666677,30.00471016666667,2.230462599441737e-06,4.014832678995127e-05,inconclusive,0,0,out of both,v2at302,1.0662660205530785
gen_utarget,u_target=0.9,v2at303,policy-vs-rule,60,60,3026.28789,3026.2878900000005,3000.471016666667,25.81687333333354,15.53675400000016,36.945041583333776,30.00471016666667,3.767617606786766e-06,6.404949931537503e-05,inconclusive,0,0,out of both,v2at302,1.2033060940156295
gen_utarget,u_target=0.9,v2rl309,policy-vs-rule,60,60,3050.3211933333337,3050.3211933333328,3000.471016666667,49.85017666666663,19.31382133333338,86.94011349999954,30.00471016666667,0.004879936568100848,0.04879936568100848,inconclusive,0,0,out of both,v2at302,2.007013421970369
gen_utarget,u_target=0.9,v2at309,policy-vs-rule,60,60,3060.1377100000004,3060.1377099999995,3000.471016666667,59.666693333333434,31.375077333333987,92.32982775000012,30.00471016666667,1.36813350670845e-07,2.5994536627460553e-06,worse,0,0,out of both,v2at302,2.3352914897234283
gen_utarget,u_target=0.9,v2rl303,policy-vs-rule,60,60,3065.29547,3065.29547,3000.471016666667,64.82445333333344,35.815412666666845,98.27677691666652,30.00471016666667,1.8442277752621745e-05,0.0002950764440419479,worse,0,0,out of both,v2at302,2.507774208821058
gen_utarget,u_target=0.9,rl303,policy-vs-rule,60,60,3071.2015733333333,3071.2015733333333,3000.471016666667,70.7305566666665,49.51707633333319,93.83666466666666,30.00471016666667,1.69973152848348e-09,3.569436209815308e-08,worse,0,0,out of both,v2at302,2.7052825772222584
gen_utarget,u_target=0.9,v2at304,policy-vs-rule,60,60,3113.48135,3113.4813500000005,3000.471016666667,113.01033333333336,71.81888116666656,158.60921108333335,30.00471016666667,3.670538902169519e-10,8.075185584772942e-09,worse,0,0,out of both,v2at302,4.119177532068505
gen_utarget,u_target=0.9,v2at306,policy-vs-rule,60,60,3126.648063333333,3126.6480633333335,3000.471016666667,126.1770466666665,81.51278374999946,176.70432491666642,30.00471016666667,7.721177213087002e-09,1.5442354426174003e-07,worse,0,0,out of both,v2at302,4.559490869120358
gen_utarget,u_target=0.9,rl302,policy-vs-rule,60,60,3154.20148,3154.20148,3000.471016666667,153.7304633333332,78.19482750000009,238.39050258333322,30.00471016666667,0.0007660037549049143,0.0107240525686688,worse,0,0,out of both,v2at302,5.48091571771684
gen_utarget,u_target=0.9,v2at305,policy-vs-rule,60,60,3209.6515533333336,3209.6515533333327,3000.471016666667,209.18053666666646,113.0649744166666,315.32819824999956,30.00471016666667,0.00035318048117166705,0.005297707217575005,worse,0,0,out of both,v2at302,7.33524384130093
gen_utarget,u_target=0.9,wspt,rule-vs-rule,60,60,3214.837606666667,3214.8376066666674,3000.471016666667,214.36659000000014,153.91781500000056,278.7519214166667,30.00471016666667,5.143753751233159e-11,2.5718768756165794e-10,worse,0,0,out of both,v2at302,7.508672729096936
gen_utarget,u_target=0.9,v2at301,policy-vs-rule,60,60,4626.060289999999,4626.060289999999,3000.471016666667,1625.5892733333335,1221.8118347500006,2042.9177653333331,30.00471016666667,3.503864964208263e-10,8.058889417679004e-09,worse,0,0,out of both,v2at302,54.70193602044935
gen_utarget,u_target=0.9,random,rule-vs-rule,60,60,4924.664566666667,4924.664566666667,3000.471016666667,1924.1935500000002,1496.2179640833328,2371.8902845,30.00471016666667,5.145276051717656e-10,2.0581104206870623e-09,worse,0,0,out of both,v2at302,64.68768130011568
gen_utarget,u_target=0.9,lpt,rule-vs-rule,60,60,16524.004736666666,16524.004736666666,3000.471016666667,13523.533720000001,10714.114204750002,16358.838059166665,30.00471016666667,2.3900953516978203e-11,1.434057211018692e-10,worse,0,0,out of both,v2at302,452.5858642826743
gen_utarget,u_target=1.0,rl301,policy-vs-rule,60,60,3104.700156666667,3104.7001566666668,3120.22592,-15.525763333332922,-24.8658590833323,-7.452609333332778,31.2022592,0.0014190429084318188,0.017028514901181825,equivalent,1,1,in both,rl301,0.0
gen_utarget,u_target=1.0,v2at302,policy-vs-rule,60,60,3107.8011100000003,3107.801110000001,3120.22592,-12.42480999999983,-20.92445849999991,-4.703228916666267,31.2022592,0.004245440731658124,0.03635841977189453,equivalent,1,1,in both,rl301,0.0998793177072023
gen_utarget,u_target=1.0,v2rl310,policy-vs-rule,60,60,3108.184146666667,3108.1841466666674,3120.22592,-12.041773333333158,-19.87901341666662,-5.0480644166664765,31.2022592,0.003551333900584717,0.03551333900584717,equivalent,1,1,in both,rl301,0.1122166336262331
gen_utarget,u_target=1.0,v2rl305,policy-vs-rule,60,60,3108.8595066666667,3108.8595066666667,3120.22592,-11.36641333333349,-18.985995000000294,-4.485375000000243,31.2022592,0.004039824419099392,0.03635841977189453,equivalent,1,1,in both,rl301,0.133969458888587
gen_utarget,u_target=1.0,v2rl308,policy-vs-rule,60,60,3113.169896666667,3113.1698966666672,3120.22592,-7.0560233333331706,-13.733441250000261,-0.7615780000000005,31.2022592,0.02317811165427539,0.16224678157992772,equivalent,1,1,in both,rl301,0.2728037998069677
gen_utarget,u_target=1.0,v2rl307,policy-vs-rule,60,60,3113.953936666667,3113.953936666667,3120.22592,-6.271983333333035,-12.778350916666307,-0.05747699999963997,31.2022592,0.07628861573611223,0.4577316944166734,equivalent,1,1,in both,rl301,0.2980571241357744
gen_utarget,u_target=1.0,v2rl302,policy-vs-rule,60,60,3115.30158,3115.30158,3120.22592,-4.9243400000000905,-11.45261041666699,1.476960666666862,31.2022592,0.163853622838108,0.7199626820200147,equivalent,1,1,in both,rl301,0.341463677597605
gen_utarget,u_target=1.0,v2rl306,policy-vs-rule,60,60,3115.71928,3115.71928,3120.22592,-4.506640000000043,-11.621729000000208,2.2162105833333556,31.2022592,0.15737607169087242,0.7199626820200147,equivalent,1,1,in both,rl301,0.3549174727766031
gen_utarget,u_target=1.0,v2rl304,policy-vs-rule,60,60,3117.9107866666677,3117.9107866666677,3120.22592,-2.3151333333330446,-7.945392583333298,2.6205624166668784,31.2022592,0.6066712699901526,0.9986467939810795,equivalent,1,1,in both,rl301,0.4255042140424764
gen_utarget,u_target=1.0,v2rl301,policy-vs-rule,60,60,3118.047176666667,3118.047176666667,3120.22592,-2.1787433333332418,-7.843109333333287,3.322242666666874,31.2022592,0.49932339699053974,0.9986467939810795,equivalent,1,1,in both,rl301,0.4298972308594723
gen_utarget,u_target=1.0,pfifo,rule-vs-rule,60,60,3120.22592,3120.22592,3120.22592,0.0,0.0,0.0,31.2022592,1.0,1.0,equivalent,1,1,in both,rl301,0.5000728749922738
gen_utarget,u_target=1.0,edd,rule-vs-rule,60,60,3120.22592,3120.22592,3120.22592,0.0,0.0,0.0,31.2022592,1.0,1.0,equivalent,1,1,in both,rl301,0.5000728749922738
gen_utarget,u_target=1.0,v2at310,policy-vs-rule,60,60,3126.6588100000004,3126.658810000001,3120.22592,6.432890000000177,-0.1623028333332938,13.744048083333427,31.2022592,0.14399253640400295,0.7199626820200147,equivalent,1,0,joins,rl301,0.7072713056100347
gen_utarget,u_target=1.0,v2at307,policy-vs-rule,60,60,3134.9746466666666,3134.974646666667,3120.22592,14.748726666666483,5.928695999999689,24.618497416666717,31.2022592,0.00242825779123144,0.02671083570354584,equivalent,1,0,joins,rl301,0.9751179976266456
gen_utarget,u_target=1.0,wmdd,rule-vs-rule,60,60,3139.498493333333,3139.4984933333326,3120.22592,19.27257333333305,10.675369166666421,28.894135333333168,31.2022592,4.009964816469138e-05,0.00012029894449407413,equivalent,1,0,joins,rl301,1.1208276133185993
gen_utarget,u_target=1.0,atc,rule-vs-rule,60,60,3141.090583333333,3141.090583333333,3120.22592,20.864663333333233,11.318422500000047,31.60558749999977,31.2022592,6.598349333852976e-05,0.00013196698667705952,inconclusive,0,0,out of both,rl301,1.172107605577479
gen_utarget,u_target=1.0,v2at308,policy-vs-rule,60,60,3153.165906666667,3153.165906666667,3120.22592,32.939986666666705,18.718155916666607,48.5851267500002,31.2022592,0.0003210168863901163,0.004494236409461628,inconclusive,0,0,out of both,rl301,1.5610444665946308
gen_utarget,u_target=1.0,v2at303,policy-vs-rule,60,60,3170.673733333333,3170.673733333334,3120.22592,50.44781333333333,27.076421166666137,76.8816169166666,31.2022592,0.0001846678915275841,0.0027700183729137615,inconclusive,0,0,out of both,rl301,2.1249580744537413
gen_utarget,u_target=1.0,v2rl309,policy-vs-rule,60,60,3242.6971466666664,3242.6971466666664,3120.22592,122.47122666666652,75.72463799999981,177.2220186666666,31.2022592,6.4948539772039e-08,1.104125176124663e-06,worse,0,0,out of both,rl301,4.4447767267857
gen_utarget,u_target=1.0,v2rl303,policy-vs-rule,60,60,3276.3832,3276.3831999999998,3120.22592,156.1572799999998,102.98253116666663,215.8254759166664,31.2022592,2.444028419189526e-08,4.399251154541147e-07,worse,0,0,out of both,rl301,5.529778550907102
gen_utarget,u_target=1.0,v2at309,policy-vs-rule,60,60,3280.84039,3280.8403899999994,3120.22592,160.61446999999987,88.28649341666637,246.23400833333312,31.2022592,7.168039107084997e-08,1.1468862571335995e-06,worse,0,0,out of both,rl301,5.673341206722003
gen_utarget,u_target=1.0,v2at306,policy-vs-rule,60,60,3295.9623516666666,3295.9623516666666,3120.22592,175.73643166666642,124.59894679166662,230.0350106666664,31.2022592,1.1635688520273068e-09,2.443494589257344e-08,worse,0,0,out of both,rl301,6.160407941143864
gen_utarget,u_target=1.0,v2at304,policy-vs-rule,60,60,3376.223058333334,3376.2230583333335,3120.22592,255.99713833333345,169.54472050000024,357.0555951250004,31.2022592,4.059736481808147e-09,8.119472963616293e-08,worse,0,0,out of both,rl301,8.745543465240289
gen_utarget,u_target=1.0,rl303,policy-vs-rule,60,60,3464.59616,3464.59616,3120.22592,344.3702399999997,251.1146745,443.7049774999998,31.2022592,4.940698219171445e-10,1.0869536082177178e-08,worse,0,0,out of both,rl301,11.591972982013564
gen_utarget,u_target=1.0,rl302,policy-vs-rule,60,60,3467.79491,3467.79491,3120.22592,347.56898999999976,183.0867960000001,546.5441497499999,31.2022592,0.00046304923027993926,0.00601963999363921,worse,0,0,out of both,rl301,11.695002255005706
gen_utarget,u_target=1.0,wspt,rule-vs-rule,60,60,3527.015606666667,3527.015606666667,3120.22592,406.7896866666666,313.6462527500002,507.6045922499998,31.2022592,1.6295557943119345e-11,9.777334765871607e-11,worse,0,0,out of both,rl301,13.60245526748112
gen_utarget,u_target=1.0,v2at305,policy-vs-rule,60,60,3612.549223333333,3612.5492233333334,3120.22592,492.32330333333334,300.63167391666667,721.8336314166664,31.2022592,1.3043975761800733e-08,2.4783553947421393e-07,worse,0,0,out of both,rl301,16.357427160113062
gen_utarget,u_target=1.0,v2at301,policy-vs-rule,60,60,6040.129153333332,6040.129153333333,3120.22592,2919.903233333333,2194.525533416667,3687.4715196666652,31.2022592,2.3900953516978203e-11,5.497219308904987e-10,worse,0,0,out of both,rl301,94.54790635300066
gen_utarget,u_target=1.0,random,rule-vs-rule,60,60,8149.989089999999,8149.989089999999,3120.22592,5029.76317,3979.7332754999993,6192.263105499999,31.2022592,3.5060510731588664e-11,1.4024204292635466e-10,worse,0,0,out of both,rl301,162.50486935106028
gen_utarget,u_target=1.0,lpt,rule-vs-rule,60,60,29770.90966,29770.909659999998,3120.22592,26650.683739999997,21757.283931416663,31574.756214833327,31.2022592,1.6295557943119345e-11,9.777334765871607e-11,worse,0,0,out of both,rl301,858.8980628636056
gen_utarget,u_target=1.1,rl301,policy-vs-rule,60,60,3688.4963466666654,3688.4963466666663,3699.834936666666,-11.338590000000229,-30.925304333333685,10.32590866666658,36.998349366666666,0.22758485936587003,1.0,equivalent,1,1,in both,rl301,0.0
gen_utarget,u_target=1.1,v2rl305,policy-vs-rule,60,60,3691.86675,3691.86675,3699.834936666666,-7.968186666666916,-33.23518800000033,27.28044116666631,36.998349366666666,0.2525882922698065,1.0,equivalent,1,1,in both,rl301,0.0913760789374025
gen_utarget,u_target=1.1,v2at302,policy-vs-rule,60,60,3692.26803,3692.2680299999997,3699.834936666666,-7.5669066666663145,-25.509431916665342,12.190832249999856,36.998349366666666,0.3202027778610119,1.0,equivalent,1,1,in both,rl301,0.1022553089077165
gen_utarget,u_target=1.1,v2rl310,policy-vs-rule,60,60,3692.38104,3692.38104,3699.834936666666,-7.453896666666604,-35.78956366666631,36.36541449999997,36.998349366666666,0.047498192268905996,0.47498192268906,equivalent,1,1,in both,rl301,0.105319159034658
gen_utarget,u_target=1.1,v2rl304,policy-vs-rule,60,60,3695.76381,3695.7638099999995,3699.834936666666,-4.0711266666664105,-12.30271466666641,4.501883916667491,36.998349366666666,0.5525629281728892,1.0,equivalent,1,1,in both,rl301,0.1970305146133943
gen_utarget,u_target=1.1,pfifo,rule-vs-rule,60,60,3698.82819,3698.8281899999997,3699.834936666666,-1.0067466666666671,-3.020240000000001,0.0,36.998349366666666,0.31731050786291415,0.31731050786291415,equivalent,1,1,in both,rl301,0.2801098974293516
gen_utarget,u_target=1.1,edd,rule-vs-rule,60,60,3699.834936666666,3699.834936666666,3699.834936666666,0.0,0.0,0.0,36.998349366666666,1.0,1.0,equivalent,1,1,in both,rl301,0.3074041271654532
gen_utarget,u_target=1.1,v2rl308,policy-vs-rule,60,60,3700.34786,3700.3478600000003,3699.834936666666,0.5129233333336373,-21.66641583333359,28.94998825000009,36.998349366666666,0.5277561255172449,1.0,equivalent,1,1,in both,rl301,0.3213101551271511
gen_utarget,u_target=1.1,v2at310,policy-vs-rule,60,60,3718.3501966666663,3718.3501966666663,3699.834936666666,18.515260000000293,5.32319191666681,34.524992166667225,36.998349366666666,0.02455864369061137,0.2701450805967251,equivalent,1,0,joins,rl301,0.809377241947919
gen_utarget,u_target=1.1,v2rl307,policy-vs-rule,60,60,3722.2297,3722.2297000000003,3699.834936666666,22.394763333333525,-18.433993166665577,75.78517750000033,36.998349366666666,0.8185393095248638,1.0,inconclusive,0,0,out of both,rl301,0.9145556932384974
gen_utarget,u_target=1.1,v2rl302,policy-vs-rule,60,60,3726.147456666667,3726.1474566666666,3699.834936666666,26.3125200000006,-9.104593499999178,74.152719333334,36.998349366666666,0.8073691126849867,1.0,inconclusive,0,0,out of both,rl301,1.0207712428406337
gen_utarget,u_target=1.1,v2at307,policy-vs-rule,60,60,3734.890516666667,3734.890516666667,3699.834936666666,35.0555800000003,18.09177141666654,53.613559083333286,36.998349366666666,8.734429855530458e-06,0.00011354758812189595,inconclusive,0,0,out of both,rl301,1.257807128965368
gen_utarget,u_target=1.1,atc,rule-vs-rule,60,60,3736.40786,3736.40786,3699.834936666666,36.57292333333362,16.42765708333331,60.018802000000036,36.998349366666666,2.2521036247396093e-05,6.756310874218827e-05,inconclusive,0,0,out of both,rl301,1.2989443076616318
gen_utarget,u_target=1.1,wmdd,rule-vs-rule,60,60,3737.152963333333,3737.1529633333334,3699.834936666666,37.31802666666681,18.44591341666649,58.8810315,36.998349366666666,0.00019407449007020094,0.0003881489801404019,inconclusive,0,0,out of both,rl301,1.3191450416004509
gen_utarget,u_target=1.1,v2rl301,policy-vs-rule,60,60,3741.892426666667,3741.8924266666672,3699.834936666666,42.0574900000006,-6.398586749999447,103.33095983333307,36.998349366666666,0.29645951808280346,1.0,inconclusive,0,0,out of both,rl301,1.4476381425253422
gen_utarget,u_target=1.1,v2rl306,policy-vs-rule,60,60,3744.836483333333,3744.836483333333,3699.834936666666,45.00154666666666,-12.059734166666527,122.10589183333303,36.998349366666666,0.6213805358575619,1.0,inconclusive,0,0,out of both,rl301,1.5274554011035386
gen_utarget,u_target=1.1,v2at303,policy-vs-rule,60,60,3774.576303333333,3774.5763033333337,3699.834936666666,74.74136666666672,40.19308850000031,113.42677291666644,36.998349366666666,1.0709063694689745e-06,1.4992689172565642e-05,worse,0,0,out of both,rl301,2.33374113937942
gen_utarget,u_target=1.1,v2at308,policy-vs-rule,60,60,3778.2512966666673,3778.251296666667,3699.834936666666,78.41636000000047,39.752694500000544,125.9985818333344,36.998349366666666,3.5802889004507225e-07,5.370433350676083e-06,worse,0,0,out of both,rl301,2.433375054881468
gen_utarget,u_target=1.1,v2at306,policy-vs-rule,60,60,3945.4449266666666,3945.444926666666,3699.834936666666,245.60999000000012,181.81977691666697,314.84961616666686,36.998349366666666,1.3688636356646112e-10,2.7377272713292224e-09,worse,0,0,out of both,rl301,6.966214843406512
gen_utarget,u_target=1.1,v2at309,policy-vs-rule,60,60,4037.686223333333,4037.686223333333,3699.834936666666,337.8512866666669,208.1355752500007,484.5852199166664,36.998349366666666,5.358061656374043e-08,8.572898650198468e-07,worse,0,0,out of both,rl301,9.466998035181286
gen_utarget,u_target=1.1,v2rl303,policy-vs-rule,60,60,4155.03327,4155.03327,3699.834936666666,455.1983333333335,280.0045668333333,666.5172855833334,36.998349366666666,7.319306280667348e-09,1.2442820677134493e-07,worse,0,0,out of both,rl301,12.648431216556522
gen_utarget,u_target=1.1,v2rl309,policy-vs-rule,60,60,4196.1345,4196.1345,3699.834936666666,496.2995633333336,336.0357923333335,675.3594085000001,36.998349366666666,1.6295557943119345e-11,3.747978326917449e-10,worse,0,0,out of both,rl301,13.762739762290716
gen_utarget,u_target=1.1,v2at304,policy-vs-rule,60,60,4217.017406666667,4217.017406666667,3699.834936666666,517.1824700000001,361.0267345000002,683.4761612083331,36.998349366666666,1.5821779595052358e-10,3.006138123059948e-09,worse,0,0,out of both,rl301,14.328902900436129
gen_utarget,u_target=1.1,rl302,policy-vs-rule,60,60,4478.806213333333,4478.806213333333,3699.834936666666,778.9712766666672,481.81702233333425,1101.5965426666676,36.998349366666666,2.0713421580762392e-05,0.0002485610589691487,worse,0,0,out of both,rl301,21.426342671611383
gen_utarget,u_target=1.1,wspt,rule-vs-rule,60,60,4509.238141666667,4509.238141666667,3699.834936666666,809.4032050000002,641.6017618750002,997.6482217083338,36.998349366666666,1.6295557943119345e-11,9.777334765871607e-11,worse,0,0,out of both,rl301,22.251392379491268
gen_utarget,u_target=1.1,v2at305,policy-vs-rule,60,60,4945.75953,4945.759529999999,3699.834936666666,1245.9245933333339,847.3496714166672,1672.4779809166669,36.998349366666666,3.5559781156110877e-10,6.400760608099958e-09,worse,0,0,out of both,rl301,34.08606286053492
gen_utarget,u_target=1.1,rl303,policy-vs-rule,60,60,5063.400149999999,5063.400149999999,3699.834936666666,1363.565213333332,1013.3732499999979,1725.1355884166649,36.998349366666666,1.1276582719676042e-10,2.368082371131969e-09,worse,0,0,out of both,rl301,37.27545520211366
gen_utarget,u_target=1.1,v2at301,policy-vs-rule,60,60,8464.521763333332,8464.521763333332,3699.834936666666,4764.686826666667,3605.301827666666,5953.4274553333335,36.998349366666666,1.6295557943119345e-11,3.747978326917449e-10,worse,0,0,out of both,rl301,129.48434721869282
gen_utarget,u_target=1.1,random,rule-vs-rule,60,60,14661.981143333333,14661.981143333336,3699.834936666666,10962.146206666666,8899.010275500003,13009.501590333333,36.998349366666666,1.6295557943119345e-11,9.777334765871607e-11,worse,0,0,out of both,rl301,297.50564363669554
gen_utarget,u_target=1.1,lpt,rule-vs-rule,60,60,52750.152623333335,52750.15262333332,3699.834936666666,49050.31768666666,40745.39426699999,57310.05458441666,36.998349366666666,1.6295557943119345e-11,9.777334765871607e-11,worse,0,0,out of both,rl301,1330.1261995556597
gen_utarget,u_target=1.3,v2rl304,policy-vs-rule,60,60,4569.811140000001,4569.811140000001,4591.817011666667,-22.00587166666639,-53.981320583332995,3.3202867916667715,45.91817011666667,0.16061131553141894,0.9636678931885136,inconclusive,0,1,leaves,v2rl304,0.0
gen_utarget,u_target=1.3,v2rl308,policy-vs-rule,60,60,4575.152563333334,4575.152563333334,4591.817011666667,-16.664448333332352,-64.7741421666659,35.343207583333225,45.91817011666667,0.3066943509582656,1.0,inconclusive,0,0,out of both,v2rl304,0.1168849908605478
gen_utarget,u_target=1.3,v2rl310,policy-vs-rule,60,60,4587.819350000001,4587.819350000001,4591.817011666667,-3.997661666666131,-58.72298137499977,46.710525666666776,45.91817011666667,0.9026168724545751,1.0,inconclusive,0,0,out of both,v2rl304,0.3940690205416226
gen_utarget,u_target=1.3,edd,rule-vs-rule,60,60,4591.817011666667,4591.817011666667,4591.817011666667,0.0,0.0,0.0,45.91817011666667,1.0,1.0,equivalent,1,0,joins,v2rl304,0.4815488210015234
gen_utarget,u_target=1.3,pfifo,rule-vs-rule,60,60,4591.840934999999,4591.840934999999,4591.817011666667,0.023923333333126115,-0.09761266666683391,0.15779999999970945,45.91817011666667,0.7150006546880893,0.7150006546880893,equivalent,1,0,joins,v2rl304,0.4820723291422182
gen_utarget,u_target=1.3,v2at310,policy-vs-rule,60,60,4604.906103333334,4604.906103333333,4591.817011666667,13.089091666667192,-2.1017495833329956,32.683699708333705,45.91817011666667,0.5463387504673842,1.0,equivalent,1,0,joins,v2rl304,0.7679740422124532
gen_utarget,u_target=1.3,rl301,policy-vs-rule,60,60,4611.499273333334,4611.499273333335,4591.817011666667,19.682261666667532,-22.72014066666727,72.03843779166702,45.91817011666667,0.7074924815262489,1.0,inconclusive,0,0,out of both,v2rl304,0.9122506829315729
gen_utarget,u_target=1.3,wmdd,rule-vs-rule,60,60,4629.958246666666,4629.958246666666,4591.817011666667,38.14123499999979,-44.45761675000021,104.99420862500048,45.91817011666667,0.0017372500486610586,0.003474500097322117,inconclusive,0,0,out of both,v2rl304,1.3161836413805366
gen_utarget,u_target=1.3,atc,rule-vs-rule,60,60,4641.9146783333335,4641.9146783333335,4591.817011666667,50.097666666667344,-33.56516391666633,120.43175775000066,45.91817011666667,0.0010775558816488004,0.0032326676449464012,inconclusive,0,0,out of both,v2rl304,1.5778231555830298
gen_utarget,u_target=1.3,v2at307,policy-vs-rule,60,60,4671.939976666667,4671.939976666666,4591.817011666667,80.12296500000029,17.917282041667406,139.97888487500006,45.91817011666667,1.5953235614504755e-05,0.00019143882737405706,inconclusive,0,0,out of both,v2rl304,2.234859024538721
gen_utarget,u_target=1.3,v2rl305,policy-vs-rule,60,60,4691.920576666666,4691.920576666666,4591.817011666667,100.10356499999986,21.290585750000364,200.2575856666656,45.91817011666667,0.21496609716428117,1.0,inconclusive,0,0,out of both,v2rl304,2.6720893473655827
gen_utarget,u_target=1.3,v2at302,policy-vs-rule,60,60,4746.296396666668,4746.2963966666675,4591.817011666667,154.47938500000046,44.54332666666672,294.48124545833366,45.91817011666667,0.07164176726272269,0.5731341381017815,inconclusive,0,0,out of both,v2rl304,3.8619814092944496
gen_utarget,u_target=1.3,v2at308,policy-vs-rule,60,60,4775.897573333334,4775.897573333334,4591.817011666667,184.08056166666677,79.51739445833326,291.2021417083335,45.91817011666667,1.0483941524191523e-06,1.362912398144898e-05,worse,0,0,out of both,v2rl304,4.509736333071587
gen_utarget,u_target=1.3,v2rl302,policy-vs-rule,60,60,4782.667256666667,4782.6672566666675,4591.817011666667,190.85024500000006,46.38131679166639,369.20195058333377,45.91817011666667,0.08975839359138074,0.6283087551396652,worse,0,0,out of both,v2rl304,4.657875569594456
gen_utarget,u_target=1.3,v2rl307,policy-vs-rule,60,60,4801.447766666667,4801.447766666667,4591.817011666667,209.63075500000028,98.37029620833418,338.818466083334,45.91817011666667,0.0014118039568645842,0.014118039568645841,worse,0,0,out of both,v2rl304,5.068844632092747
gen_utarget,u_target=1.3,v2rl306,policy-vs-rule,60,60,4833.338326666667,4833.338326666667,4591.817011666667,241.52131500000056,98.59845141666791,424.5743597916669,45.91817011666667,0.001934795894248923,0.017413163048240306,worse,0,0,out of both,v2rl304,5.7666975416114505
gen_utarget,u_target=1.3,v2at303,policy-vs-rule,60,60,4872.377051666667,4872.377051666666,4591.817011666667,280.56004000000047,159.2169013750002,400.9760949166675,45.91817011666667,1.6955032708522425e-07,2.3737045791931396e-06,worse,0,0,out of both,v2rl304,6.620971904468387
gen_utarget,u_target=1.3,v2rl301,policy-vs-rule,60,60,4921.236033333334,4921.236033333333,4591.817011666667,329.4190216666672,131.32820116666673,570.889976583336,45.91817011666667,7.615589008936385e-05,0.0008377147909830023,worse,0,0,out of both,v2rl304,7.69014041427832
gen_utarget,u_target=1.3,v2at306,policy-vs-rule,60,60,5314.826336666667,5314.826336666666,4591.817011666667,723.0093250000002,566.237413291667,876.6602675833346,45.91817011666667,7.899273547265943e-10,1.3428765030352102e-08,worse,0,0,out of both,v2rl304,16.30297563383913
gen_utarget,u_target=1.3,v2at309,policy-vs-rule,60,60,5654.2974,5654.2974,4591.817011666667,1062.4803883333336,684.1540742500001,1494.9220783333342,45.91817011666667,1.1967087534917336e-09,1.9147340055867737e-08,worse,0,0,out of both,v2rl304,23.73153346551645
gen_utarget,u_target=1.3,v2at304,policy-vs-rule,60,60,6144.289065000001,6144.289065,4591.817011666667,1552.4720533333339,1160.4999441666669,1964.5162983333332,45.91817011666667,4.66436967744965e-11,8.862302387154335e-10,worse,0,0,out of both,v2rl304,34.453894849580145
gen_utarget,u_target=1.3,wspt,rule-vs-rule,60,60,6802.922753333333,6802.922753333333,4591.817011666667,2211.1057416666667,1853.6891862916664,2566.3353416250015,45.91817011666667,1.6295557943119345e-11,9.777334765871607e-11,worse,0,0,out of both,v2rl304,48.86660618831027
gen_utarget,u_target=1.3,v2rl309,policy-vs-rule,60,60,6849.453018333335,6849.453018333335,4591.817011666667,2257.636006666668,1692.3835765000013,2877.8442972083353,45.91817011666667,1.6295557943119345e-11,3.747978326917449e-10,worse,0,0,out of both,v2rl304,49.884815991177575
gen_utarget,u_target=1.3,rl302,policy-vs-rule,60,60,6927.335416666667,6927.335416666667,4591.817011666667,2335.5184050000007,1620.499972541666,3080.967413374999,45.91817011666667,3.5478009505865103e-09,5.321701425879765e-08,worse,0,0,out of both,v2rl304,51.58909645151475
gen_utarget,u_target=1.3,v2rl303,policy-vs-rule,60,60,7135.676103333333,7135.676103333333,4591.817011666667,2543.8590916666667,1893.389935458334,3256.7514421666665,45.91817011666667,1.7141493981716166e-11,3.747978326917449e-10,worse,0,0,out of both,v2rl304,56.14816202958733
gen_utarget,u_target=1.3,v2at305,policy-vs-rule,60,60,8296.763728333333,8296.763728333333,4591.817011666667,3704.9467166666664,2681.5632276666665,4748.339403958332,45.91817011666667,1.3688636356646112e-10,2.4639545441963e-09,worse,0,0,out of both,v2rl304,81.555943433
gen_utarget,u_target=1.3,rl303,policy-vs-rule,60,60,9594.486271666665,9594.486271666663,4591.817011666667,5002.669259999999,3943.629681291667,6096.738657583331,45.91817011666667,1.6295557943119345e-11,3.747978326917449e-10,worse,0,0,out of both,v2rl304,109.9536715573472
gen_utarget,u_target=1.3,v2at301,policy-vs-rule,60,60,13023.348065,13023.348065000002,4591.817011666667,8431.531053333334,6364.6001505,10560.764796708334,45.91817011666667,2.8351372108013892e-11,5.670274421602778e-10,worse,0,0,out of both,v2rl304,184.98657091111207
gen_utarget,u_target=1.3,random,rule-vs-rule,60,60,36141.300443333326,36141.300443333326,4591.817011666667,31549.48343166666,26268.661289666663,36780.941862874985,45.91817011666667,1.6295557943119345e-11,9.777334765871607e-11,worse,0,0,out of both,v2rl304,690.8707676556918
gen_utarget,u_target=1.3,lpt,rule-vs-rule,60,60,113533.62471666669,113533.62471666667,4591.817011666667,108941.80770499998,91405.30569754167,126471.11702504166,45.91817011666667,1.6295557943119345e-11,9.777334765871607e-11,worse,0,0,out of both,v2rl304,2384.427063580283
stress,campus=2|m=1.0,wmdd,rule-vs-rule,17,17,1218.2288470588237,1218.2288470588235,1311.322141176471,-93.09329411764713,-239.07439352941188,16.540296176470566,13.11322141176471,0.8588630128278887,1.0,inconclusive,0,1,leaves,wmdd,0.0
stress,campus=2|m=1.0,v2at309,policy-vs-rule,17,17,1220.1060352941176,1220.1060352941179,1311.322141176471,-91.21610588235302,-211.69657000000012,0.4232991176469546,13.11322141176471,0.5829195472688132,1.0,inconclusive,0,0,out of both,wmdd,0.1540915928748753
stress,campus=2|m=1.0,v2at301,policy-vs-rule,17,17,1226.3899176470588,1226.389917647059,1311.322141176471,-84.93222352941179,-218.3294623529413,13.992747352941068,13.11322141176471,0.875329249147922,1.0,inconclusive,0,0,out of both,wmdd,0.6699127678628427
stress,campus=2|m=1.0,atc,rule-vs-rule,17,17,1252.1157176470588,1252.115717647059,1311.322141176471,-59.206423529411786,-196.25824735294125,40.42476411764708,13.11322141176471,0.5302845968336095,1.0,inconclusive,0,0,out of both,wmdd,2.7816506455292496
stress,campus=2|m=1.0,wspt,rule-vs-rule,17,17,1291.2388588235294,1291.2388588235294,1311.322141176471,-20.083282352941236,-154.95873264705887,88.9992938235293,13.11322141176471,0.15195618574341052,0.6078247429736421,inconclusive,0,0,out of both,wmdd,5.993127805253867
stress,campus=2|m=1.0,pfifo,rule-vs-rule,17,17,1311.3221411764705,1311.322141176471,1311.322141176471,0.0,0.0,0.0,13.11322141176471,1.0,1.0,equivalent,1,0,joins,wmdd,7.641691816968763
stress,campus=2|m=1.0,edd,rule-vs-rule,17,17,1311.3221411764705,1311.322141176471,1311.322141176471,0.0,0.0,0.0,13.11322141176471,1.0,1.0,equivalent,1,0,joins,wmdd,7.641691816968763
stress,campus=2|m=1.0,v2at308,policy-vs-rule,17,17,1319.604494117647,1319.6044941176472,1311.322141176471,8.282352941176407,-50.857305588235334,77.67363735294104,13.11322141176471,0.8139453463016609,1.0,inconclusive,0,0,out of both,wmdd,8.321560214534012
stress,campus=2|m=1.0,v2rl310,policy-vs-rule,17,17,1324.8887411764706,1324.8887411764708,1311.322141176471,13.566599999999994,-38.73943470588226,60.373473235294064,13.11322141176471,0.43276758066778476,1.0,inconclusive,0,0,out of both,wmdd,8.755324943680055
stress,campus=2|m=1.0,v2at304,policy-vs-rule,17,17,1341.317011764706,1341.317011764706,1311.322141176471,29.99487058823531,-34.06739588235287,96.34981411764699,13.11322141176471,0.15195618574341052,1.0,inconclusive,0,0,out of both,wmdd,10.103862258971697
stress,campus=2|m=1.0,v2at307,policy-vs-rule,17,17,1361.6734941176471,1361.6734941176471,1311.322141176471,50.3513529411764,0.45612970588230345,105.85619470588217,13.11322141176471,0.05973901545539241,0.5973901545539241,inconclusive,0,0,out of both,wmdd,11.774852270584695
stress,campus=2|m=1.0,rl302,policy-vs-rule,17,17,1365.711505882353,1365.7115058823529,1311.322141176471,54.38936470588245,-50.103238529411676,164.24741352941192,13.11322141176471,0.1823383541807685,1.0,inconclusive,0,0,out of both,wmdd,12.106318051784587
stress,campus=2|m=1.0,v2at306,policy-vs-rule,17,17,1372.5512588235297,1372.5512588235292,1311.322141176471,61.22911764705874,21.584953529411763,109.3886952941175,13.11322141176471,0.009632975772588674,0.1444946365888301,worse,0,0,out of both,wmdd,12.667768632904025
stress,campus=2|m=1.0,v2rl302,policy-vs-rule,17,17,1420.4514,1420.4514,1311.322141176471,109.12925882352938,-13.181891764705806,229.10217999999983,13.11322141176471,0.05973901545539241,0.5973901545539241,inconclusive,0,0,out of both,wmdd,16.599717978227446
stress,campus=2|m=1.0,v2at303,policy-vs-rule,17,17,1440.5019882352942,1440.5019882352942,1311.322141176471,129.1798470588235,-52.58061764705891,407.8610041176467,13.11322141176471,0.13295729296233563,1.0,inconclusive,0,0,out of both,wmdd,18.24559824807186
stress,campus=2|m=1.0,v2rl304,policy-vs-rule,17,17,1447.7240823529412,1447.724082352941,1311.322141176471,136.4019411764705,-2.513571470588318,338.9856905882352,13.11322141176471,0.1823383541807685,1.0,inconclusive,0,0,out of both,wmdd,18.8384338335272
stress,campus=2|m=1.0,v2rl309,policy-vs-rule,17,17,1453.0060823529411,1453.0060823529411,1311.322141176471,141.68394117647048,-40.20258529411779,373.4657911764703,13.11322141176471,0.0280561241492436,0.33667348979092315,inconclusive,0,0,out of both,wmdd,19.272014109741495
stress,campus=2|m=1.0,v2rl308,policy-vs-rule,17,17,1494.2145294117647,1494.214529411765,1311.322141176471,182.8923882352941,11.652092058823447,476.81551676470593,13.11322141176471,0.04986020375690694,0.5484622413259763,inconclusive,0,0,out of both,wmdd,22.654666487274124
stress,campus=2|m=1.0,rl301,policy-vs-rule,17,17,1573.115223529412,1573.115223529412,1311.322141176471,261.7930823529412,64.47766970588236,573.0379276470587,13.11322141176471,0.004741768038406972,0.09483536076813945,worse,0,0,out of both,wmdd,29.131339101630417
stress,campus=2|m=1.0,v2at310,policy-vs-rule,17,17,1602.9145529411765,1602.9145529411765,1311.322141176471,291.5924117647058,70.29068411764703,601.8094097058819,13.11322141176471,0.018602929901135743,0.24183808871476467,worse,0,0,out of both,wmdd,31.57745827568456
stress,campus=2|m=1.0,random,rule-vs-rule,17,17,1636.0305647058824,1636.0305647058824,1311.322141176471,324.70842352941173,120.31808911764692,566.1716647058824,13.11322141176471,0.0057715890441035304,0.028857945220517652,worse,0,0,out of both,wmdd,34.2958319084103
stress,campus=2|m=1.0,v2at302,policy-vs-rule,17,17,1642.0141647058826,1642.0141647058826,1311.322141176471,330.69202352941176,81.98223294117648,668.4775955882352,13.11322141176471,0.015022338553107788,0.21031273974350903,worse,0,0,out of both,wmdd,34.787003991097926
stress,campus=2|m=1.0,v2rl305,policy-vs-rule,17,17,1720.644105882353,1720.644105882353,1311.322141176471,409.3219647058823,163.09070970588246,731.8340826470585,13.11322141176471,0.002217721464237049,0.05100759367745213,worse,0,0,out of both,wmdd,41.24145147576446
stress,campus=2|m=1.0,v2rl307,policy-vs-rule,17,17,1751.246494117647,1751.246494117647,1311.322141176471,439.9243529411765,155.73723588235296,788.7467758823527,13.11322141176471,0.006039559048656822,0.10267250382716599,worse,0,0,out of both,wmdd,43.75349084416207
stress,campus=2|m=1.0,v2at305,policy-vs-rule,17,17,1823.9573764705883,1823.9573764705883,1311.322141176471,512.6352352941177,208.29533941176481,879.4646891176474,13.11322141176471,0.004741768038406972,0.09483536076813945,worse,0,0,out of both,wmdd,49.72206419788684
stress,campus=2|m=1.0,rl303,policy-vs-rule,17,17,1843.148317647059,1843.148317647059,1311.322141176471,531.8261764705883,226.4319976470588,915.487297647059,13.11322141176471,0.0028734139278525227,0.0632151064127555,worse,0,0,out of both,wmdd,51.29737914981919
stress,campus=2|m=1.0,v2rl301,policy-vs-rule,17,17,1851.2520352941176,1851.2520352941176,1311.322141176471,539.9298941176471,177.1448164705884,969.7808452941175,13.11322141176471,0.00764908205529392,0.12238531288470272,worse,0,0,out of both,wmdd,51.96258402217331
stress,campus=2|m=1.0,v2rl306,policy-vs-rule,17,17,1863.508082352941,1863.508082352941,1311.322141176471,552.1859411764704,221.03877382352937,930.208442058823,13.11322141176471,0.004741768038406972,0.09483536076813945,worse,0,0,out of both,wmdd,52.96863859791358
stress,campus=2|m=1.0,v2rl303,policy-vs-rule,17,17,2171.692823529412,2171.692823529412,1311.322141176471,860.3706823529412,397.77174735294113,1376.6546326470586,13.11322141176471,0.0028734139278525227,0.0632151064127555,worse,0,0,out of both,wmdd,78.26640936738134
stress,campus=2|m=1.0,lpt,rule-vs-rule,17,17,2615.111835294117,2615.1118352941176,1311.322141176471,1303.7896941176468,628.0265744117646,2114.1120958823517,13.11322141176471,0.0014737808438751421,0.008842685063250852,worse,0,0,out of both,wmdd,114.66507229801655
transfer,campus=1|m=1.0,pfifo,rule-vs-rule,30,30,80.41734666666666,80.41734666666666,80.41734666666666,0.0,0.0,0.0,1.0,1.0,1.0,equivalent,1,1,in both,atc,0.0
transfer,campus=1|m=1.0,atc,rule-vs-rule,30,30,80.41734666666666,80.41734666666666,80.41734666666666,0.0,0.0,0.0,1.0,1.0,1.0,equivalent,1,1,in both,atc,0.0
transfer,campus=1|m=1.0,wmdd,rule-vs-rule,30,30,80.41734666666666,80.41734666666666,80.41734666666666,0.0,0.0,0.0,1.0,1.0,1.0,equivalent,1,1,in both,atc,0.0
transfer,campus=1|m=1.0,lpt,rule-vs-rule,30,30,80.41734666666666,80.41734666666666,80.41734666666666,0.0,0.0,0.0,1.0,1.0,1.0,equivalent,1,1,in both,atc,0.0
transfer,campus=1|m=1.0,rl301,policy-vs-rule,30,30,80.41734666666666,80.41734666666666,80.41734666666666,0.0,0.0,0.0,1.0,1.0,1.0,equivalent,1,1,in both,atc,0.0
transfer,campus=1|m=1.0,rl302,policy-vs-rule,30,30,80.41734666666666,80.41734666666666,80.41734666666666,0.0,0.0,0.0,1.0,1.0,1.0,equivalent,1,1,in both,atc,0.0
transfer,campus=1|m=1.0,rl303,policy-vs-rule,30,30,80.41734666666666,80.41734666666666,80.41734666666666,0.0,0.0,0.0,1.0,1.0,1.0,equivalent,1,1,in both,atc,0.0
transfer,campus=1|m=1.0,v2rl301,policy-vs-rule,30,30,80.41734666666666,80.41734666666666,80.41734666666666,0.0,0.0,0.0,1.0,1.0,1.0,equivalent,1,1,in both,atc,0.0
transfer,campus=1|m=1.0,v2rl302,policy-vs-rule,30,30,80.41734666666666,80.41734666666666,80.41734666666666,0.0,0.0,0.0,1.0,1.0,1.0,equivalent,1,1,in both,atc,0.0
transfer,campus=1|m=1.0,v2rl303,policy-vs-rule,30,30,80.41734666666666,80.41734666666666,80.41734666666666,0.0,0.0,0.0,1.0,1.0,1.0,equivalent,1,1,in both,atc,0.0
transfer,campus=1|m=1.0,v2rl304,policy-vs-rule,30,30,80.41734666666666,80.41734666666666,80.41734666666666,0.0,0.0,0.0,1.0,1.0,1.0,equivalent,1,1,in both,atc,0.0
transfer,campus=1|m=1.0,v2rl305,policy-vs-rule,30,30,80.41734666666666,80.41734666666666,80.41734666666666,0.0,0.0,0.0,1.0,1.0,1.0,equivalent,1,1,in both,atc,0.0
transfer,campus=1|m=1.0,v2rl306,policy-vs-rule,30,30,80.41734666666666,80.41734666666666,80.41734666666666,0.0,0.0,0.0,1.0,1.0,1.0,equivalent,1,1,in both,atc,0.0
transfer,campus=1|m=1.0,v2rl307,policy-vs-rule,30,30,80.41734666666666,80.41734666666666,80.41734666666666,0.0,0.0,0.0,1.0,1.0,1.0,equivalent,1,1,in both,atc,0.0
transfer,campus=1|m=1.0,v2rl308,policy-vs-rule,30,30,80.41734666666666,80.41734666666666,80.41734666666666,0.0,0.0,0.0,1.0,1.0,1.0,equivalent,1,1,in both,atc,0.0
transfer,campus=1|m=1.0,v2rl309,policy-vs-rule,30,30,80.41734666666666,80.41734666666666,80.41734666666666,0.0,0.0,0.0,1.0,1.0,1.0,equivalent,1,1,in both,atc,0.0
transfer,campus=1|m=1.0,v2rl310,policy-vs-rule,30,30,80.41734666666666,80.41734666666666,80.41734666666666,0.0,0.0,0.0,1.0,1.0,1.0,equivalent,1,1,in both,atc,0.0
transfer,campus=1|m=1.0,v2at301,policy-vs-rule,30,30,80.41734666666666,80.41734666666666,80.41734666666666,0.0,0.0,0.0,1.0,1.0,1.0,equivalent,1,1,in both,atc,0.0
transfer,campus=1|m=1.0,v2at302,policy-vs-rule,30,30,80.41734666666666,80.41734666666666,80.41734666666666,0.0,0.0,0.0,1.0,1.0,1.0,equivalent,1,1,in both,atc,0.0
transfer,campus=1|m=1.0,v2at304,policy-vs-rule,30,30,80.41734666666666,80.41734666666666,80.41734666666666,0.0,0.0,0.0,1.0,1.0,1.0,equivalent,1,1,in both,atc,0.0
transfer,campus=1|m=1.0,v2at305,policy-vs-rule,30,30,80.41734666666666,80.41734666666666,80.41734666666666,0.0,0.0,0.0,1.0,1.0,1.0,equivalent,1,1,in both,atc,0.0
transfer,campus=1|m=1.0,v2at306,policy-vs-rule,30,30,80.41734666666666,80.41734666666666,80.41734666666666,0.0,0.0,0.0,1.0,1.0,1.0,equivalent,1,1,in both,atc,0.0
transfer,campus=1|m=1.0,v2at307,policy-vs-rule,30,30,80.41734666666666,80.41734666666666,80.41734666666666,0.0,0.0,0.0,1.0,1.0,1.0,equivalent,1,1,in both,atc,0.0
transfer,campus=1|m=1.0,v2at308,policy-vs-rule,30,30,80.41734666666666,80.41734666666666,80.41734666666666,0.0,0.0,0.0,1.0,1.0,1.0,equivalent,1,1,in both,atc,0.0
transfer,campus=1|m=1.0,v2at309,policy-vs-rule,30,30,80.41734666666666,80.41734666666666,80.41734666666666,0.0,0.0,0.0,1.0,1.0,1.0,equivalent,1,1,in both,atc,0.0
transfer,campus=1|m=1.0,v2at310,policy-vs-rule,30,30,80.41734666666666,80.41734666666666,80.41734666666666,0.0,0.0,0.0,1.0,1.0,1.0,equivalent,1,1,in both,atc,0.0
transfer,campus=1|m=1.0,edd,rule-vs-rule,30,30,80.41734666666666,80.41734666666666,80.41734666666666,0.0,0.0,0.0,1.0,1.0,1.0,equivalent,1,1,in both,atc,0.0
transfer,campus=1|m=1.0,v2at303,policy-vs-rule,30,30,80.42038666666667,80.42038666666667,80.41734666666666,0.003040000000000494,0.0,0.009120000000001483,1.0,0.31731050786291415,1.0,equivalent,1,1,in both,atc,0.0037802789149631
transfer,campus=1|m=1.0,random,rule-vs-rule,30,30,81.12109333333333,81.12109333333335,80.41734666666666,0.7037466666666667,0.0,1.7748666666666664,1.0,0.17971249487899976,1.0,inconclusive,0,0,out of both,atc,0.8751179886396084
transfer,campus=1|m=1.0,wspt,rule-vs-rule,30,30,81.29713333333332,81.29713333333332,80.41734666666666,0.8797866666666664,0.0,2.292906666666666,1.0,0.17971249487899976,1.0,inconclusive,0,0,out of both,atc,1.0940259821222578
