id,cluster,source,arm,campus,track,regime,size,crew_multiplier,crew_q,n_technicians,window_bh,n_trades,n_trades_active,n_trades_no_crew,n_fallback_trades,total_p_bh,u_realized,u_recomputed,u_bin,overload_share,ov_band,overload_share_even,overload_excess,max_u_trade,cv_u_weighted,share_trades_over,wwt_edd,wwt_wmdd,wwt_atc,wwt_min_common,argmin_method,d_wmdd,d_atc,rel_d_wmdd,rel_d_atc
c01_final_150_0000_q75,c01_final_150_0000,cap_q75,q75,1,replay,cap-empirical,150,1.0,0.75,60,13.8719,11,10,0,0,787.7296,0.946433,0.9464331970866765,0.8-1.0,0.8362382218466844,>=0.75,0.8362382218466845,-1.1102230246251565e-16,2.234733526049063,0.42855456779666457,0.5,424.2592,424.2592,424.2592,424.2592,edd,0.0,0.0,0.0,0.0
c01_final_150_0001_q75,c01_final_150_0001,cap_q75,q75,1,replay,cap-empirical,150,1.0,0.75,60,3.1106,11,7,0,0,368.8648,1.976386,1.976386120576952,>=1.2,0.9444240816689475,>=0.75,0.9444240816689475,0.0,5.08722432971131,0.3859985723813343,0.42857142857142855,0.0,0.0,0.0,0.0,edd,0.0,0.0,,
c01_final_150_0002_q75,c01_final_150_0002,cap_q75,q75,1,replay,cap-empirical,150,1.0,0.75,60,16.0,11,9,0,0,403.75,0.420573,0.4205729166666667,<0.5,0.0,<0.25,0.0,0.0,0.9791666666666666,0.3062123393979457,0.0,8.0,8.0,8.0,8.0,edd,0.0,0.0,0.0,0.0
c01_final_150_0003_q75,c01_final_150_0003,cap_q75,q75,1,replay,cap-empirical,150,1.0,0.75,60,8.2836,11,8,0,0,299.0,0.60159,0.6015902908558276,0.5-0.8,0.2976588628762542,0.25-0.5,0.2976588628762542,0.0,1.0744120913612438,0.32023083241658545,0.125,0.0,0.0,0.0,0.0,edd,0.0,0.0,,
c01_final_150_0004_q75,c01_final_150_0004,cap_q75,q75,1,replay,cap-empirical,150,1.0,0.75,60,1.0,11,7,0,0,283.0,4.716667,4.716666666666667,>=1.2,1.0,>=0.75,1.0,0.0,26.666666666666668,0.851958561538499,1.0,0.0,0.0,0.0,0.0,edd,0.0,0.0,,
c01_final_150_0005_q75,c01_final_150_0005,cap_q75,q75,1,replay,cap-empirical,150,1.0,0.75,60,16.0,11,11,0,0,482.8648,0.502984,0.5029841666666667,0.5-0.8,0.2699819908181338,0.25-0.5,0.5878763579370457,-0.31789436711891195,2.7159333333333335,0.7841351443730751,0.09090909090909091,41.90400000000001,41.90400000000001,41.90400000000001,41.90400000000001,edd,0.0,0.0,0.0,0.0
c01_final_150_0006_q75,c01_final_150_0006,cap_q75,q75,1,replay,cap-empirical,150,1.0,0.75,60,15.3353,11,8,0,0,634.1148000000001,0.689167,0.6891668242551499,0.5-0.8,0.46105973240176695,0.25-0.5,0.7196879807883367,-0.2586282483865698,1.27098828628502,0.3088784658784043,0.125,292.0,292.0,292.0,292.0,edd,0.0,0.0,0.0,0.0
c01_final_150_0007_q75,c01_final_150_0007,cap_q75,q75,1,replay,cap-empirical,150,1.0,0.75,60,17.2303,11,10,0,0,717.9796,0.694493,0.6944932280149891,0.5-0.8,0.5029596941194429,0.5-0.75,0.5029596941194429,0.0,1.2840751466892626,0.2932201876556225,0.3,36.0,36.0,36.0,36.0,edd,0.0,0.0,0.0,0.0
c01_final_150_0008_q75,c01_final_150_0008,cap_q75,q75,1,replay,cap-empirical,150,1.0,0.75,60,15.1819,11,9,0,0,426.75,0.468485,0.46848549917994453,<0.5,0.10779144698301113,<0.25,0.0,0.10779144698301113,1.0099745969432898,0.2961597949518799,0.1111111111111111,26.0,26.0,26.0,26.0,edd,0.0,0.0,0.0,0.0
c01_final_150_0009_q75,c01_final_150_0009,cap_q75,q75,1,replay,cap-empirical,150,1.0,0.75,60,8.2975,11,7,0,0,403.5,0.810485,0.8104850858692377,0.8-1.0,0.6344485749690211,0.5-0.75,0.6344485749690211,0.0,1.2353118409159387,0.1582569182927382,0.42857142857142855,0.0,0.0,0.0,0.0,edd,0.0,0.0,,
c01_final_150_0010_q75,c01_final_150_0010,cap_q75,q75,1,replay,cap-empirical,150,1.0,0.75,60,4.8317,11,9,0,0,462.8648,1.596625,1.5966250664017496,>=1.2,0.8574097663075697,>=0.75,0.8574097663075697,0.0,9.407648101772324,0.9200183639628376,0.5555555555555556,21.729600000000005,21.729600000000005,21.729600000000005,21.729600000000005,edd,0.0,0.0,0.0,0.0
c01_final_150_0011_q75,c01_final_150_0011,cap_q75,q75,1,replay,cap-empirical,150,1.0,0.75,60,8.0,11,8,0,0,547.0,1.139583,1.1395833333333334,1.0-1.2,0.7938756855575868,>=0.75,0.7938756855575868,0.0,2.6375,0.38610766706426375,0.25,48.0,48.0,48.0,48.0,edd,0.0,0.0,0.0,0.0
c01_final_150_0012_q75,c01_final_150_0012,cap_q75,q75,1,replay,cap-empirical,150,1.0,0.75,60,7.1936,11,10,0,0,468.7296,1.085988,1.0859875444839857,1.0-1.2,0.7375885798549953,0.5-0.75,0.8997289695380877,-0.1621403896830924,5.052535587188612,0.7032638837806134,0.3,0.0,0.0,0.0,0.0,edd,0.0,0.0,,
c01_final_150_0013_q75,c01_final_150_0013,cap_q75,q75,1,replay,cap-empirical,150,1.0,0.75,60,5.0236,11,9,0,0,464.5,1.54106,1.5410595323406853,>=1.2,0.9171151776103337,>=0.75,0.9171151776103337,0.0,8.858189346285533,0.8158968898223017,0.5555555555555556,282.0,282.0,282.0,282.0,edd,0.0,0.0,0.0,0.0
c01_final_150_0014_q75,c01_final_150_0014,cap_q75,q75,1,replay,cap-empirical,150,1.0,0.75,60,13.1739,11,7,0,0,430.75,0.544954,0.5449537848827354,0.5-0.8,0.4689495066744051,0.25-0.5,0.4689495066744051,0.0,1.3939407740787741,0.46270595352045274,0.14285714285714285,152.0,152.0,152.0,152.0,edd,0.0,0.0,0.0,0.0
c01_final_150_0015_q75,c01_final_150_0015,cap_q75,q75,1,replay,cap-empirical,150,1.0,0.75,60,12.6453,11,8,0,0,464.6148,0.612368,0.6123682316750096,0.5-0.8,0.6513240645799488,0.5-0.75,0.6168869351557462,0.03443712942420263,1.4371315824851922,0.4112158509807296,0.5,0.0,0.0,0.0,0.0,edd,0.0,0.0,,
c01_final_150_0016_q75,c01_final_150_0016,cap_q75,q75,1,replay,cap-empirical,150,1.0,0.75,60,25.0833,11,7,0,0,633.2296,0.420751,0.42075112392175934,<0.5,0.286988479376201,0.25-0.5,0.286988479376201,0.0,1.4490087030015986,0.6211004044297146,0.14285714285714285,4.0,4.0,4.0,4.0,edd,0.0,0.0,0.0,0.0
c01_final_150_0017_q75,c01_final_150_0017,cap_q75,q75,1,replay,cap-empirical,150,1.0,0.75,60,16.4069,11,9,0,0,621.3648000000001,0.631203,0.6312027256824874,0.5-0.8,0.5308713979292036,0.5-0.75,0.5043169487553849,0.02655444917381866,1.2733049306490969,0.4089441114393689,0.2222222222222222,220.0,220.0,220.0,220.0,edd,0.0,0.0,0.0,0.0
c01_final_150_0018_q75,c01_final_150_0018,cap_q75,q75,1,replay,cap-empirical,150,1.0,0.75,60,8.0,11,9,0,0,559.25,1.165104,1.1651041666666666,1.0-1.2,0.6508717031738936,0.5-0.75,0.5623603039785426,0.088511399195351,3.25,0.49586886756282944,0.4444444444444444,175.2388,175.2388,175.2388,175.2388,edd,0.0,0.0,0.0,0.0
c01_final_150_0019_q75,c01_final_150_0019,cap_q75,q75,1,replay,cap-empirical,150,1.0,0.75,60,1.0,11,6,0,0,274.5,4.575,4.575,>=1.2,1.0,>=0.75,1.0,0.0,14.75,0.5375899578167358,1.0,0.0,0.0,0.0,0.0,edd,0.0,0.0,,
c01_final_150_0020_q75,c01_final_150_0020,cap_q75,q75,1,replay,cap-empirical,150,1.0,0.75,60,8.0,11,10,0,0,495.1148,1.031489,1.0314891666666666,1.0-1.2,0.8944689191274428,>=0.75,0.8773011834831033,0.017167735644339488,2.4375,0.4289528477607998,0.5,267.4592,267.4592,267.4592,267.4592,edd,0.0,0.0,0.0,0.0
c01_final_150_0021_q75,c01_final_150_0021,cap_q75,q75,1,replay,cap-empirical,150,1.0,0.75,60,19.2869,11,9,0,0,382.5,0.330535,0.3305352337597022,<0.5,0.0,<0.25,0.0,0.0,0.8036542938471191,0.42486447335450267,0.0,0.0,0.0,0.0,0.0,edd,0.0,0.0,,
c01_final_150_0022_q75,c01_final_150_0022,cap_q75,q75,1,replay,cap-empirical,150,1.0,0.75,60,16.0233,11,9,0,0,449.6148,0.467668,0.467667708898916,<0.5,0.27660299438541613,0.25-0.5,0.27660299438541613,0.0,1.9403743298821094,0.7518413947950149,0.1111111111111111,21.729599999999976,21.729599999999976,21.729599999999976,21.729599999999976,edd,0.0,0.0,0.0,0.0
c01_final_150_0023_q75,c01_final_150_0023,cap_q75,q75,1,replay,cap-empirical,150,1.0,0.75,60,30.1781,11,8,0,0,450.25,0.248663,0.24866266155479191,<0.5,0.0,<0.25,0.0,0.0,0.6875847054652214,0.5070555117401264,0.0,125.99999999999996,125.99999999999996,125.99999999999996,125.99999999999996,edd,0.0,0.0,0.0,0.0
c01_final_150_0024_q75,c01_final_150_0024,cap_q75,q75,1,replay,cap-empirical,150,1.0,0.75,60,8.0,11,11,0,0,418.75,0.872396,0.8723958333333334,0.8-1.0,0.5970149253731343,0.5-0.75,0.5970149253731343,0.0,4.875,0.8760964319882589,0.36363636363636365,114.0176,114.0176,114.0176,114.0,wspt,0.0,0.0,0.0,0.0
c01_final_150_0025_q75,c01_final_150_0025,cap_q75,q75,1,replay,cap-empirical,150,1.0,0.75,60,12.7486,11,8,0,0,695.3648000000001,0.909073,0.9090734145971585,0.8-1.0,0.49182817421876973,0.25-0.5,0.6478613815367128,-0.15603320731794307,2.457786214434003,0.5092094801749435,0.25,0.0,0.0,0.0,0.0,edd,0.0,0.0,,
c01_final_150_0026_q75,c01_final_150_0026,cap_q75,q75,1,replay,cap-empirical,150,1.0,0.75,60,13.5761,11,7,0,0,469.0,0.575767,0.5757667273124584,0.5-0.8,0.03304904051172708,<0.25,0.43176972281449894,-0.39872068230277186,1.1417122737752374,0.2388174237945138,0.14285714285714285,0.0,0.0,0.0,0.0,edd,0.0,0.0,,
c01_final_150_0027_q75,c01_final_150_0027,cap_q75,q75,1,replay,cap-empirical,150,1.0,0.75,60,8.0,11,9,0,0,361.0,0.752083,0.7520833333333333,0.5-0.8,0.4626038781163435,0.25-0.5,0.6648199445983379,-0.20221606648199442,3.5,0.6766250655196987,0.2222222222222222,0.0,0.0,0.0,0.0,edd,0.0,0.0,,
c01_final_150_0028_q75,c01_final_150_0028,cap_q75,q75,1,replay,cap-empirical,150,1.0,0.75,60,8.0,11,10,0,0,545.2296,1.135895,1.135895,1.0-1.2,0.7945819522637803,>=0.75,0.7945819522637803,0.0,4.8125,0.7197824319390982,0.4,0.0,0.0,0.0,0.0,edd,0.0,0.0,,
c01_final_150_0029_q75,c01_final_150_0029,cap_q75,q75,1,replay,cap-empirical,150,1.0,0.75,60,11.2108,11,11,0,0,570.8648000000001,0.848683,0.8486828177590657,0.8-1.0,0.5305368276341438,0.5-0.75,0.6759302728071515,-0.14539344517300767,1.7280622257109215,0.3407878408597612,0.36363636363636365,154.0,154.0,154.0,154.0,edd,0.0,0.0,0.0,0.0
c02_final_150_0000_q75,c02_final_150_0000,cap_q75,q75,2,replay,cap-empirical,150,1.0,0.75,19,27.7333,7,7,0,0,1018.3796,1.932656,1.9326559160211543,>=1.2,0.8499380780997576,>=0.75,0.9225828954154228,-0.07264481731566519,4.879390480036635,0.479664731585195,0.5714285714285714,3195.594399999999,2143.3686,2388.222,2143.3686,wmdd,1052.2257999999993,807.3723999999988,0.3292738903285096,0.25265171324621144
c02_final_150_0001_q75,c02_final_150_0001,cap_q75,q75,2,replay,cap-empirical,150,1.0,0.75,19,31.9333,7,7,0,0,1378.3840000000002,2.271814,2.2718142602170612,>=1.2,0.9229967846405646,>=0.75,0.9923751291367282,-0.06937834449616365,4.666439109017859,0.4134408344643597,0.7142857142857143,3167.882199999999,2363.3288,2034.6108,2034.6108,atc,804.5533999999993,1133.2713999999992,0.2539720069136408,0.3577378603282658
c02_final_150_0002_q75,c02_final_150_0002,cap_q75,q75,2,replay,cap-empirical,150,1.0,0.75,19,32.2833,7,7,0,0,963.1547999999997,1.570235,1.5702347001309294,>=1.2,0.8744542414158138,>=0.75,0.9594250062399107,-0.08497076482409682,3.9877170755984275,0.5991473295272717,0.5714285714285714,2296.2591999999995,1530.0258,1630.4724,1530.0258,wmdd,766.2333999999996,665.7867999999994,0.33368767776738784,0.2899440969033459
c02_final_150_0003_q75,c02_final_150_0003,cap_q75,q75,2,replay,cap-empirical,150,1.0,0.75,19,6.7,7,7,0,0,584.2396,4.589471,4.589470542026708,>=1.2,0.978484854501475,>=0.75,0.978484854501475,0.0,11.497751243781092,0.4032057276470786,0.8571428571428571,206.0562,218.6162,249.8162,186.29620000000003,v2rl301,-12.560000000000002,-43.76000000000002,-0.06095424452164023,-0.21236924683654276
c02_final_150_0004_q75,c02_final_150_0004,cap_q75,q75,2,replay,cap-empirical,150,1.0,0.75,19,6.05,7,7,0,0,667.3243999999999,5.805345,5.805344932579381,>=1.2,0.9951298049344517,>=0.75,0.9951298049344517,0.0,17.91374104683196,0.5931352827392545,0.7142857142857143,759.961,762.961,762.961,759.961,edd,-3.0,-3.0,-0.003947570993774681,-0.003947570993774681
c02_final_150_0005_q75,c02_final_150_0005,cap_q75,q75,2,replay,cap-empirical,150,1.0,0.75,19,13.4833,7,7,0,0,486.46,1.898879,1.8988791983221347,>=1.2,0.9780865847140567,>=0.75,0.9780865847140566,1.1102230246251565e-16,4.610394586884023,0.5697066761014667,0.8571428571428571,149.06720000000007,146.9336,158.88,138.16040000000004,v2rl304,2.133600000000058,-9.812799999999925,0.01431300782465933,-0.06582802923781972
c02_final_150_0006_q75,c02_final_150_0006,cap_q75,q75,2,replay,cap-empirical,150,1.0,0.75,19,28.6,7,7,0,0,1391.4088000000004,2.560561,2.56056091277144,>=1.2,0.9619234835944691,>=0.75,0.9977145465804155,-0.035791062985946365,7.730177156177155,0.5525542727914151,0.7142857142857143,8539.420399999999,6553.7572,3040.396,3040.396,atc,1985.663199999999,5499.024399999998,0.23252903674820827,0.6439575688298469
c02_final_150_0007_q75,c02_final_150_0007,cap_q75,q75,2,replay,cap-empirical,150,1.0,0.75,19,28.4,7,7,0,0,1405.9743999999992,2.605586,2.6055863602668627,>=1.2,0.8677785313872003,>=0.75,0.8908870602480388,-0.023108528860838473,8.32582159624413,0.436000201673955,0.42857142857142855,14536.0766,6095.688000000002,6529.3746,6095.688000000002,wmdd,8440.388599999998,8006.702,0.5806510815992809,0.5508158920956704
c02_final_150_0008_q75,c02_final_150_0008,cap_q75,q75,2,replay,cap-empirical,150,1.0,0.75,19,31.2167,7,7,0,0,1462.4840000000002,2.465758,2.4657584595829527,>=1.2,1.0,>=0.75,0.9714458414587783,0.028554158541221675,4.00981525914014,0.35377504936144194,1.0,1136.0600000000002,1189.5704,1264.2268,1136.0600000000002,edd,-53.51039999999989,-128.16679999999974,-0.04710173758428242,-0.11281692868334395
c02_final_150_0009_q75,c02_final_150_0009,cap_q75,q75,2,replay,cap-empirical,150,1.0,0.75,19,38.9,7,7,0,0,1515.6291999999996,2.050642,2.05064159112434,>=1.2,0.964298655634241,>=0.75,0.964298655634241,0.0,5.562635818337619,0.48757897990863175,0.7142857142857143,7107.267400000001,4350.2446,4387.227000000001,4315.759000000001,v2rl310,2757.0228000000006,2720.0404,0.3879160083381695,0.38271254575281627
c02_final_150_0010_q75,c02_final_150_0010,cap_q75,q75,2,replay,cap-empirical,150,1.0,0.75,19,27.0,7,7,0,0,830.8347999999996,1.619561,1.6195610136452234,>=1.2,0.9157594265430382,>=0.75,0.9157594265430384,-2.220446049250313e-16,2.4879012345679015,0.3216686689165423,0.7142857142857143,593.7652,613.3256,673.1260000000001,591.9924,v2rl304,-19.56039999999996,-79.36080000000004,-0.03294298823844839,-0.13365687312089028
c02_final_150_0011_q75,c02_final_150_0011,cap_q75,q75,2,replay,cap-empirical,150,1.0,0.75,19,27.5,7,7,0,0,1616.3988000000006,3.093586,3.093586220095695,>=1.2,0.9277777241606465,>=0.75,0.9277777241606465,0.0,8.124964848484849,0.4835829880596735,0.5714285714285714,10063.806600000004,4479.457,4799.5242,4479.457,wmdd,5584.349600000003,5264.282400000004,0.5548943677037674,0.5230905768797268
c02_final_150_0012_q75,c02_final_150_0012,cap_q75,q75,2,replay,cap-empirical,150,1.0,0.75,19,26.35,7,7,0,0,1206.5540000000005,2.409975,2.409975032457806,>=1.2,0.8939707630159944,>=0.75,0.9504042090117806,-0.05643344599578615,6.320865275142313,0.4533929860771784,0.5714285714285714,3353.226200000001,2334.6328000000003,2380.7724000000003,2334.6328000000003,wmdd,1018.5934000000007,972.4538000000007,0.303765191862094,0.29000542820523123
c02_final_150_0013_q75,c02_final_150_0013,cap_q75,q75,2,replay,cap-empirical,150,1.0,0.75,19,29.7,7,7,0,0,1340.474,2.375463,2.3754634059897217,>=1.2,0.9392975917473967,>=0.75,0.9392975917473967,0.0,7.1192413019079686,0.5164551395656969,0.5714285714285714,11294.113600000002,3875.1172,4017.9147,3875.1172,wmdd,7418.996400000002,7276.198900000003,0.6568905416357774,0.6442470084593448
c02_final_150_0014_q75,c02_final_150_0014,cap_q75,q75,2,replay,cap-empirical,150,1.0,0.75,19,25.2,7,7,0,0,1629.7291999999998,3.403779,3.4037786131996652,>=1.2,0.932317099061611,>=0.75,0.932317099061611,0.0,10.601052910052912,0.5981137267992777,0.7142857142857143,13683.634399999994,6266.606000000002,6666.969399999999,6266.606000000002,wmdd,7417.028399999992,7016.6649999999945,0.5420364344139446,0.5127778771990574
c02_final_150_0015_q75,c02_final_150_0015,cap_q75,q75,2,replay,cap-empirical,150,1.0,0.75,19,14.1,7,7,0,0,701.8947999999998,2.619988,2.6199880552444936,>=1.2,0.9835018011246129,>=0.75,0.9835018011246129,0.0,4.68321513002364,0.3965149576576693,0.8571428571428571,767.1364000000001,780.4296000000002,778.0432000000002,748.9696,v2rl307,-13.29320000000007,-10.90680000000009,-0.017328339523453806,-0.014217549838594658
c02_final_150_0016_q75,c02_final_150_0016,cap_q75,q75,2,replay,cap-empirical,150,1.0,0.75,19,25.0833,7,7,0,0,1343.7591999999997,2.819572,2.819571923194022,>=1.2,0.964152803567782,>=0.75,0.964152803567782,0.0,10.017480421900892,0.6133613735509567,0.8571428571428571,14860.481800000003,6530.7298,6348.393999999999,6348.393999999999,atc,8329.752000000004,8512.087800000005,0.5605304129506758,0.5728002573913857
c05_final_150_0000_q75,c05_final_150_0000,cap_q75,q75,5,replay,cap-empirical,150,1.0,0.75,40,8.0,11,6,0,0,602.0,1.88125,1.88125,>=1.2,0.967607973421927,>=0.75,0.9858803986710963,-0.01827242524916939,4.88125,0.4687542224381707,0.5,0.0,0.0,0.0,0.0,edd,0.0,0.0,,
c05_final_150_0001_q75,c05_final_150_0001,cap_q75,q75,5,replay,cap-empirical,150,1.0,0.75,40,10.6764,11,9,0,0,369.0,0.864055,0.8640552995391706,0.8-1.0,0.7696476964769647,>=0.75,0.7696476964769647,0.0,4.07440710351804,0.7302192138428214,0.3333333333333333,0.0,0.0,0.0,0.0,edd,0.0,0.0,,
c05_final_150_0002_q75,c05_final_150_0002,cap_q75,q75,5,replay,cap-empirical,150,1.0,0.75,40,15.3025,11,9,0,0,480.89999999999986,0.785656,0.7856559385721285,0.5-0.8,0.314410480349345,0.25-0.5,0.27032647119983366,0.04408400914951133,3.0713935631432774,0.6333735643841711,0.4444444444444444,0.0,0.0,0.0,0.0,edd,0.0,0.0,,
c05_final_150_0003_q75,c05_final_150_0003,cap_q75,q75,5,replay,cap-empirical,150,1.0,0.75,40,11.0142,11,8,0,0,601.5,1.365283,1.3652829983112709,>=1.2,0.8969243557772236,>=0.75,0.8969243557772236,0.0,6.219244248333969,0.7638548169108811,0.625,0.0,0.0,0.0,0.0,edd,0.0,0.0,,
c05_final_150_0004_q75,c05_final_150_0004,cap_q75,q75,5,replay,cap-empirical,150,1.0,0.75,40,16.0,11,9,0,0,572.0,0.89375,0.89375,0.8-1.0,0.7814685314685315,>=0.75,0.32167832167832167,0.4597902097902098,5.96875,0.9818637007966033,0.4444444444444444,30.9554,30.9554,30.9554,30.9554,edd,0.0,0.0,0.0,0.0
c05_final_150_0005_q75,c05_final_150_0005,cap_q75,q75,5,replay,cap-empirical,150,1.0,0.75,40,16.0,11,9,0,0,685.5648,1.071195,1.071195,1.0-1.2,0.973744276252223,>=0.75,0.5726151634389629,0.40112911281326014,4.3125,0.6848321993574037,0.6666666666666666,21.729600000000005,21.729600000000005,21.729600000000005,21.729600000000005,edd,0.0,0.0,0.0,0.0
c05_final_150_0006_q75,c05_final_150_0006,cap_q75,q75,5,replay,cap-empirical,150,1.0,0.75,40,18.5356,11,9,0,0,358.6,0.483664,0.48366386844774384,<0.5,0.0,<0.25,0.061349693251533735,-0.061349693251533735,0.8362286626815426,0.2790436937019239,0.0,0.0,0.0,0.0,0.0,edd,0.0,0.0,,
c05_final_150_0007_q75,c05_final_150_0007,cap_q75,q75,5,replay,cap-empirical,150,1.0,0.75,40,15.4717,11,7,0,0,460.37999999999994,0.743907,0.743906616596754,0.5-0.8,0.3613971067379122,0.25-0.5,0.42981884530170733,-0.06842173856379513,1.075382795685025,0.17871591933457612,0.14285714285714285,0.0,0.0,0.0,0.0,edd,0.0,0.0,,
c05_final_150_0008_q75,c05_final_150_0008,cap_q75,q75,5,replay,cap-empirical,150,1.0,0.75,40,30.2264,11,8,0,0,576.8648000000001,0.47712,0.4771200010586772,<0.5,0.0,<0.25,0.0,0.0,0.6554700526691898,0.19300491048585003,0.0,0.0,0.0,0.0,0.0,edd,0.0,0.0,,
c05_final_150_0009_q75,c05_final_150_0009,cap_q75,q75,5,replay,cap-empirical,150,1.0,0.75,40,4.9972,11,8,0,0,426.2,2.132194,2.1321940286560475,>=1.2,0.9760675739089629,>=0.75,0.983106522759268,-0.007038948850305093,9.105098855359001,0.5662049338548774,0.625,18.754400000000004,30.754400000000004,16.754400000000004,16.754400000000004,atc,-12.0,2.0,-0.6398498485688691,0.10664164142814483
c05_final_150_0010_q75,c05_final_150_0010,cap_q75,q75,5,replay,cap-empirical,150,1.0,0.75,40,8.8083,11,8,0,0,529.2,1.501992,1.5019924389496273,>=1.2,0.9253590325018896,>=0.75,0.9886621315192744,-0.06330309901738485,2.667938194657312,0.294335203577724,0.375,0.0,0.0,0.0,0.0,edd,0.0,0.0,,
c05_final_150_0011_q75,c05_final_150_0011,cap_q75,q75,5,replay,cap-empirical,150,1.0,0.75,40,16.0,11,7,0,0,379.5,0.592969,0.59296875,0.5-0.8,0.057971014492753624,<0.25,0.4479578392621871,-0.38998682476943347,1.375,0.2478352172409506,0.14285714285714285,0.0,0.0,0.0,0.0,edd,0.0,0.0,,
c05_final_150_0012_q75,c05_final_150_0012,cap_q75,q75,5,replay,cap-empirical,150,1.0,0.75,40,16.0,11,9,0,0,494.76480000000004,0.77307,0.77307,0.5-0.8,0.735227728407518,0.5-0.75,0.311056890061702,0.42417083834581604,2.5625,0.49712791004060075,0.3333333333333333,21.729600000000005,21.729600000000005,21.729600000000005,21.729600000000005,edd,0.0,0.0,0.0,0.0
c05_final_150_0013_q75,c05_final_150_0013,cap_q75,q75,5,replay,cap-empirical,150,1.0,0.75,40,1.3619,11,6,0,0,589.8,10.826786,10.82678610764373,>=1.2,0.9983045100033909,>=0.75,0.9983045100033909,0.0,21.706806667156176,0.3157095827658064,0.8333333333333334,0.0,0.0,0.0,0.0,edd,0.0,0.0,,
c05_final_150_0014_q75,c05_final_150_0014,cap_q75,q75,5,replay,cap-empirical,150,1.0,0.75,40,16.0,11,8,0,0,579.0,0.904687,0.9046875,0.8-1.0,0.8894645941278065,>=0.75,0.8894645941278065,0.0,1.5,0.1983091571997782,0.375,0.0,0.0,0.0,0.0,edd,0.0,0.0,,
c05_final_150_0015_q75,c05_final_150_0015,cap_q75,q75,5,replay,cap-empirical,150,1.0,0.75,40,24.0,11,6,0,0,530.1,0.552188,0.5521875,0.5-0.8,0.0660252782493869,<0.25,0.0660252782493869,0.0,1.4583333333333333,0.3182432667645919,0.16666666666666666,0.0,0.0,0.0,0.0,edd,0.0,0.0,,
c05_final_150_0016_q75,c05_final_150_0016,cap_q75,q75,5,replay,cap-empirical,150,1.0,0.75,40,16.0,11,8,0,0,554.0000000000001,0.865625,0.8656250000000002,0.8-1.0,0.6037906137184116,0.5-0.75,0.6371841155234657,-0.03339350180505407,3.2375,0.5629493243582655,0.375,0.0,0.0,0.0,0.0,edd,0.0,0.0,,
c05_final_150_0017_q75,c05_final_150_0017,cap_q75,q75,5,replay,cap-empirical,150,1.0,0.75,40,13.4025,11,9,0,0,536.8,1.001306,1.0013057265435552,1.0-1.2,0.8947466467958273,>=0.75,0.9431818181818182,-0.04843517138599096,1.8280171609774296,0.22512775118551062,0.3333333333333333,0.0,0.0,0.0,0.0,edd,0.0,0.0,,
c05_final_150_0018_q75,c05_final_150_0018,cap_q75,q75,5,replay,cap-empirical,150,1.0,0.75,40,11.0367,11,7,0,0,470.6,1.065989,1.0659889278498103,1.0-1.2,0.7237569060773481,0.5-0.75,0.9808754781130472,-0.2571185720356991,1.5856188897043502,0.20142093222321172,0.5714285714285714,0.0,0.0,0.0,0.0,edd,0.0,0.0,,
c05_final_150_0019_q75,c05_final_150_0019,cap_q75,q75,5,replay,cap-empirical,150,1.0,0.75,40,15.5669,11,8,0,0,431.59999999999997,0.693137,0.693137361966737,0.5-0.8,0.15871177015755328,<0.25,0.1459684893419833,0.012743280815569968,3.2440627228285654,0.7616792592979228,0.25,0.0,0.0,0.0,0.0,edd,0.0,0.0,,
c05_final_150_0020_q75,c05_final_150_0020,cap_q75,q75,5,replay,cap-empirical,150,1.0,0.75,40,8.6214,11,8,0,0,543.0200000000001,1.574628,1.5746282506321483,>=1.2,0.8682921439357667,>=0.75,0.8774999079223602,-0.009207763986593509,8.892600583045292,0.8217470326567063,0.5,0.0,0.0,0.0,0.0,edd,0.0,0.0,,
c05_final_150_0021_q75,c05_final_150_0021,cap_q75,q75,5,replay,cap-empirical,150,1.0,0.75,40,1.3072,11,8,0,0,465.6,8.904529,8.90452876376989,>=1.2,0.997852233676976,>=0.75,0.997852233676976,0.0,126.22399020807835,1.0674764921136188,0.875,0.0,0.0,0.0,0.0,edd,0.0,0.0,,
c05_final_150_0022_q75,c05_final_150_0022,cap_q75,q75,5,replay,cap-empirical,150,1.0,0.75,40,14.7372,11,7,0,0,348.50000000000006,0.591191,0.5911909996471516,0.5-0.8,0.06169296987087518,<0.25,0.1133428981348637,-0.05164992826398852,1.4588931411665718,0.27164512124788937,0.14285714285714285,0.0,0.0,0.0,0.0,edd,0.0,0.0,,
c05_final_150_0023_q75,c05_final_150_0023,cap_q75,q75,5,replay,cap-empirical,150,1.0,0.75,40,9.2361,11,8,0,0,452.29999999999995,1.224272,1.2242721495003301,>=1.2,0.7705063011275701,>=0.75,0.9683838160512933,-0.19787751492372319,7.5789564859626894,0.9578421345224761,0.375,0.0,0.0,0.0,0.0,edd,0.0,0.0,,
c05_final_150_0024_q75,c05_final_150_0024,cap_q75,q75,5,replay,cap-empirical,150,1.0,0.75,40,12.9672,11,8,0,0,633.0,1.220387,1.2203868221358505,>=1.2,0.8135860979462876,>=0.75,0.9984202211690363,-0.18483412322274873,2.6220001233882413,0.33977189428025967,0.75,0.0,0.0,0.0,0.0,edd,0.0,0.0,,
c05_final_150_0025_q75,c05_final_150_0025,cap_q75,q75,5,replay,cap-empirical,150,1.0,0.75,40,16.3625,11,9,0,0,654.5999999999999,1.000153,1.0001527883880823,1.0-1.2,0.718912312862817,0.5-0.75,0.573327222731439,0.145585090131378,5.035905271199389,0.8747498223077707,0.5555555555555556,0.0,0.0,0.0,0.0,edd,0.0,0.0,,
c05_final_150_0026_q75,c05_final_150_0026,cap_q75,q75,5,replay,cap-empirical,150,1.0,0.75,40,17.0006,11,7,0,0,465.1,0.683946,0.6839464489488608,0.5-0.8,0.2193076757686519,<0.25,0.5269834444205547,-0.30767576865190277,1.941107960895498,0.4287537809651116,0.2857142857142857,0.0,0.0,0.0,0.0,edd,0.0,0.0,,
c05_final_150_0027_q75,c05_final_150_0027,cap_q75,q75,5,replay,cap-empirical,150,1.0,0.75,40,7.4294,11,7,0,0,616.9000000000001,2.075874,2.0758742294128734,>=1.2,0.9610958015885881,>=0.75,0.9740638677257252,-0.01296806613713708,13.890758338493015,0.8173233797437014,0.5714285714285714,0.0,0.0,0.0,0.0,edd,0.0,0.0,,
c05_final_150_0028_q75,c05_final_150_0028,cap_q75,q75,5,replay,cap-empirical,150,1.0,0.75,40,5.2219,11,8,0,0,476.2,2.279822,2.279821520902354,>=1.2,0.9737505249895002,>=0.75,0.99055018899622,-0.01679966400671984,12.109257805268836,0.7696267217974043,0.625,0.0,0.0,0.0,0.0,edd,0.0,0.0,,
c05_final_150_0029_q75,c05_final_150_0029,cap_q75,q75,5,replay,cap-empirical,150,1.0,0.75,40,26.9886,11,6,0,0,744.8648000000001,0.689981,0.6899809549217076,0.5-0.8,0.38780836468577917,0.25-0.5,0.38780836468577917,0.0,1.0703215431700792,0.1924903366833717,0.16666666666666666,21.729600000000005,21.729600000000005,21.729600000000005,21.729600000000005,edd,0.0,0.0,0.0,0.0
c09_final_150_0000_q75,c09_final_150_0000,cap_q75,q75,9,replay,cap-empirical,150,1.0,0.75,54,22.0333,13,11,0,0,569.25,0.478442,0.47844247873294815,<0.5,0.17918313570487485,<0.25,0.13658322353974528,0.042599912165129566,1.1762498884264574,0.40554616080291667,0.18181818181818182,430.0,438.0,437.0,430.0,edd,-8.0,-7.0,-0.018604651162790697,-0.01627906976744186
c09_final_150_0001_q75,c09_final_150_0001,cap_q75,q75,9,replay,cap-empirical,150,1.0,0.75,54,16.0,13,10,0,0,628.25,0.727141,0.7271412037037037,0.5-0.8,0.21727019498607242,<0.25,0.21727019498607242,0.0,2.140625,0.5408355560385542,0.2,64.46719999999999,101.4004,101.4004,53.2004,v2rl310,-36.933200000000014,-36.933200000000014,-0.5728990866673288,-0.5728990866673288
c09_final_150_0002_q75,c09_final_150_0002,cap_q75,q75,9,replay,cap-empirical,150,1.0,0.75,54,21.5,13,12,0,0,779.6148000000001,0.671503,0.671502842377261,0.5-0.8,0.620004648449465,0.5-0.75,0.21884499883788763,0.40115964961157735,2.86046511627907,0.6046738674403694,0.25,329.0,329.0,329.0,329.0,edd,0.0,0.0,0.0,0.0
c09_final_150_0003_q75,c09_final_150_0003,cap_q75,q75,9,replay,cap-empirical,150,1.0,0.75,54,24.0,13,12,0,0,570.5,0.440201,0.4402006172839506,<0.5,0.0,<0.25,0.0,0.0,0.8958333333333334,0.25446081804498344,0.0,160.0,160.0,160.0,160.0,edd,0.0,0.0,0.0,0.0
c09_final_150_0004_q75,c09_final_150_0004,cap_q75,q75,9,replay,cap-empirical,150,1.0,0.75,54,8.0,13,11,0,0,475.5,1.100694,1.1006944444444444,1.0-1.2,0.5646687697160884,0.5-0.75,0.5646687697160884,0.0,7.0078125,0.8197776876331869,0.2727272727272727,0.0,0.0,0.0,0.0,edd,0.0,0.0,,
c09_final_150_0005_q75,c09_final_150_0005,cap_q75,q75,9,replay,cap-empirical,150,1.0,0.75,54,19.35,13,11,0,0,862.9796000000001,0.825897,0.8258968322327496,0.8-1.0,0.4414699953509909,0.25-0.5,0.4145284546703074,0.026941540680683496,4.215841515934539,0.8485264299492297,0.2727272727272727,355.4592,355.4592,355.4592,355.4592,edd,0.0,0.0,0.0,0.0
c09_final_150_0006_q75,c09_final_150_0006,cap_q75,q75,9,replay,cap-empirical,150,1.0,0.75,54,24.0,13,12,0,0,475.0,0.366512,0.36651234567901236,<0.5,0.0,<0.25,0.029473684210526315,-0.029473684210526315,0.7440476190476191,0.35855677481004555,0.0,76.0,76.0,76.0,76.0,edd,0.0,0.0,0.0,0.0
c09_final_150_0007_q75,c09_final_150_0007,cap_q75,q75,9,replay,cap-empirical,150,1.0,0.75,54,24.0,13,11,0,0,533.25,0.411458,0.4114583333333333,<0.5,0.0,<0.25,0.0,0.0,0.75,0.27954725726708335,0.0,64.0,64.0,64.0,64.0,edd,0.0,0.0,0.0,0.0
c09_final_150_0008_q75,c09_final_150_0008,cap_q75,q75,9,replay,cap-empirical,150,1.0,0.75,54,21.5667,13,11,0,0,624.75,0.536449,0.53644945422547,0.5-0.8,0.09243697478991597,<0.25,0.09243697478991597,0.0,2.677739292520413,0.7551879008437697,0.09090909090909091,134.0,134.0,134.0,134.0,edd,0.0,0.0,0.0,0.0
c09_final_150_0009_q75,c09_final_150_0009,cap_q75,q75,9,replay,cap-empirical,150,1.0,0.75,54,16.0,13,13,0,0,521.25,0.603299,0.6032986111111112,0.5-0.8,0.18944844124700239,<0.25,0.18944844124700239,0.0,1.3385416666666667,0.3211412301695623,0.15384615384615385,0.0,0.0,0.0,0.0,edd,0.0,0.0,,
c09_final_150_0010_q75,c09_final_150_0010,cap_q75,q75,9,replay,cap-empirical,150,1.0,0.75,54,22.3667,13,11,0,0,496.0,0.410663,0.41066340520439687,<0.5,0.0,<0.25,0.3780241935483871,-0.3780241935483871,0.9314442154333599,0.41669195250190444,0.0,134.9336,146.0,154.0,128.0,lpt,-11.066399999999987,-19.066399999999987,-0.08201367190973921,-0.14130209228835505
c09_final_150_0011_q75,c09_final_150_0011,cap_q75,q75,9,replay,cap-empirical,150,1.0,0.75,54,1.0,13,9,0,0,593.0,10.981481,10.981481481481481,>=1.2,0.9966273187183811,>=0.75,1.0,-0.003372681281618939,68.125,0.8335094816389018,0.8888888888888888,0.0,0.0,0.0,0.0,edd,0.0,0.0,,
c09_final_150_0012_q75,c09_final_150_0012,cap_q75,q75,9,replay,cap-empirical,150,1.0,0.75,54,23.2167,13,11,0,0,500.25,0.399018,0.3990183311533891,<0.5,0.12343828085957022,<0.25,0.1664167916041979,-0.042978510744627677,1.3298616943837842,0.5733331150135906,0.09090909090909091,28.0,28.0,28.0,28.0,edd,0.0,0.0,0.0,0.0
c09_final_150_0013_q75,c09_final_150_0013,cap_q75,q75,9,replay,cap-empirical,150,1.0,0.75,54,16.0,13,11,0,0,570.8648000000001,0.660723,0.6607231481481483,0.5-0.8,0.5489299743126568,0.5-0.75,0.6198749686440642,-0.07094499433140744,2.25,0.4858423282478848,0.18181818181818182,16.0,16.0,16.0,16.0,edd,0.0,0.0,0.0,0.0
c09_final_150_0014_q75,c09_final_150_0014,cap_q75,q75,9,replay,cap-empirical,150,1.0,0.75,54,16.0,13,11,0,0,592.5,0.685764,0.6857638888888888,0.5-0.8,0.3080168776371308,0.25-0.5,0.3983122362869198,-0.09029535864978899,5.453125,1.0805331435513645,0.18181818181818182,0.0,0.0,0.0,0.0,edd,0.0,0.0,,
c09_final_150_0015_q75,c09_final_150_0015,cap_q75,q75,9,replay,cap-empirical,150,1.0,0.75,54,16.0,13,11,0,0,626.75,0.725405,0.7254050925925926,0.5-0.8,0.3366573593936976,0.25-0.5,0.5045871559633027,-0.1679297965696051,1.9270833333333333,0.4499765047883794,0.2727272727272727,154.60000000000002,154.60000000000002,154.60000000000002,154.60000000000002,edd,0.0,0.0,0.0,0.0
c09_final_150_0016_q75,c09_final_150_0016,cap_q75,q75,9,replay,cap-empirical,150,1.0,0.75,54,23.2667,13,12,0,0,940.5,0.748566,0.7485662627990504,0.5-0.8,0.14274322169059012,<0.25,0.22461456671982988,-0.08187134502923976,1.192691701014755,0.2216116556186545,0.16666666666666666,75.0,75.0,75.0,75.0,edd,0.0,0.0,0.0,0.0
c09_final_150_0017_q75,c09_final_150_0017,cap_q75,q75,9,replay,cap-empirical,150,1.0,0.75,54,15.85,13,11,0,0,756.3648000000001,0.883707,0.8837069751139153,0.8-1.0,0.4929695300468768,0.25-0.5,0.4929695300468768,0.0,3.331697160883281,0.6487548382780237,0.2727272727272727,86.0,86.0,86.0,86.0,edd,0.0,0.0,0.0,0.0
c09_final_150_0018_q75,c09_final_150_0018,cap_q75,q75,9,replay,cap-empirical,150,1.0,0.75,54,1.0,13,8,0,0,521.75,9.662037,9.662037037037036,>=1.2,0.9913751796837565,>=0.75,0.9913751796837565,0.0,58.25,0.8097503470772611,0.75,10.0,10.0,10.0,10.0,edd,0.0,0.0,0.0,0.0
c09_final_150_0019_q75,c09_final_150_0019,cap_q75,q75,9,replay,cap-empirical,150,1.0,0.75,54,20.9333,13,10,0,0,581.8648000000001,0.514743,0.5147432117283981,0.5-0.8,0.3331784290783701,0.25-0.5,0.31685161226456726,0.016326816813802825,2.699048883835802,0.6990705773036993,0.3,94.0,94.0,94.0,94.0,edd,0.0,0.0,0.0,0.0
c09_final_150_0020_q75,c09_final_150_0020,cap_q75,q75,9,replay,cap-empirical,150,1.0,0.75,54,8.0,13,10,0,0,531.25,1.229745,1.2297453703703705,>=1.2,0.8211764705882353,>=0.75,0.9496470588235294,-0.12847058823529411,4.015625,0.5102400793441,0.3,40.0,40.0,40.0,40.0,edd,0.0,0.0,0.0,0.0
c09_final_150_0021_q75,c09_final_150_0021,cap_q75,q75,9,replay,cap-empirical,150,1.0,0.75,54,16.0,13,12,0,0,482.25,0.55816,0.5581597222222222,0.5-0.8,0.07776049766718507,<0.25,0.07776049766718507,0.0,1.171875,0.3263663972007433,0.08333333333333333,0.0,0.0,0.0,0.0,edd,0.0,0.0,,
c09_final_150_0022_q75,c09_final_150_0022,cap_q75,q75,9,replay,cap-empirical,150,1.0,0.75,54,23.2,13,10,0,0,533.5,0.425846,0.42584610472541506,<0.5,0.22774133083411435,<0.25,0.16729147141518275,0.060449859418931606,1.3900862068965518,0.5377290442589754,0.2,28.0,28.0,28.0,28.0,edd,0.0,0.0,0.0,0.0
c09_final_150_0023_q75,c09_final_150_0023,cap_q75,q75,9,replay,cap-empirical,150,1.0,0.75,54,32.0,13,12,0,0,696.8648000000001,0.403278,0.40327824074074076,<0.5,0.0,<0.25,0.0,0.0,0.6927083333333334,0.27050152251660986,0.0,426.0,426.0,426.0,426.0,edd,0.0,0.0,0.0,0.0
c09_final_150_0024_q75,c09_final_150_0024,cap_q75,q75,9,replay,cap-empirical,150,1.0,0.75,54,22.2667,13,11,0,0,623.5,0.518545,0.5185454645859645,0.5-0.8,0.37249398556535684,0.25-0.5,0.3933440256615878,-0.020850040096230982,1.1692668552463674,0.4082630662461608,0.18181818181818182,24.0,24.0,24.0,24.0,edd,0.0,0.0,0.0,0.0
c09_final_150_0025_q75,c09_final_150_0025,cap_q75,q75,9,replay,cap-empirical,150,1.0,0.75,54,16.0,13,13,0,0,727.3648000000001,0.841857,0.8418574074074074,0.8-1.0,0.644951199178184,0.5-0.75,0.644951199178184,0.0,3.6640625,0.6892514117934769,0.23076923076923078,888.9184,888.9184,888.9184,888.9184,edd,0.0,0.0,0.0,0.0
c09_final_150_0026_q75,c09_final_150_0026,cap_q75,q75,9,replay,cap-empirical,150,1.0,0.75,54,16.0,13,11,0,0,552.0,0.638889,0.6388888888888888,0.5-0.8,0.46693840579710144,0.25-0.5,0.46693840579710144,0.0,1.1506696428571428,0.27660001117190974,0.09090909090909091,217.0,219.0,219.0,217.0,edd,-2.0,-2.0,-0.009216589861751152,-0.009216589861751152
c09_final_150_0027_q75,c09_final_150_0027,cap_q75,q75,9,replay,cap-empirical,150,1.0,0.75,54,24.0,13,10,0,0,566.3648000000001,0.43701,0.43700987654320994,<0.5,0.25666284345354795,0.25-0.5,0.25666284345354795,0.0,1.5142166666666668,0.622200731503071,0.1,0.0,0.0,0.0,0.0,edd,0.0,0.0,,
c09_final_150_0028_q75,c09_final_150_0028,cap_q75,q75,9,replay,cap-empirical,150,1.0,0.75,54,14.7167,13,13,0,0,633.5,0.797154,0.7971543539979399,0.5-0.8,0.7146803472770323,0.5-0.75,0.7292817679558011,-0.014601420678768795,1.4208833696218777,0.35891922994700526,0.15384615384615385,202.0,202.0,202.0,202.0,edd,0.0,0.0,0.0,0.0
c09_final_150_0029_q75,c09_final_150_0029,cap_q75,q75,9,replay,cap-empirical,150,1.0,0.75,54,24.0,13,13,0,0,568.25,0.438465,0.4384645061728395,<0.5,0.0,<0.25,0.0,0.0,0.8273809523809523,0.42230157711162275,0.0,86.0,86.0,86.0,86.0,edd,0.0,0.0,0.0,0.0
c10_final_150_0000_q75,c10_final_150_0000,cap_q75,q75,10,replay,cap-empirical,150,1.0,0.75,104,1.0,13,9,0,0,341.00000000000017,3.278846,3.2788461538461555,>=1.2,1.0,>=0.75,0.9934017595307918,0.006598240469208205,8.73076923076923,0.5767240633588568,1.0,446.0,446.0,446.0,446.0,edd,0.0,0.0,0.0,0.0
c10_final_150_0001_q75,c10_final_150_0001,cap_q75,q75,10,replay,cap-empirical,150,1.0,0.75,104,8.0,13,10,0,0,400.93,0.481887,0.48188701923076926,<0.5,0.07170827825306163,<0.25,0.45830943057391565,-0.386601152320854,3.59375,0.9541295192143585,0.1,0.0,0.0,0.0,0.0,edd,0.0,0.0,,
c10_final_150_0002_q75,c10_final_150_0002,cap_q75,q75,10,replay,cap-empirical,150,1.0,0.75,104,1.7794,13,8,0,0,438.3648,2.368802,2.3688019297775393,>=1.2,0.9874533721685683,>=0.75,0.9874533721685683,0.0,4.047388488773225,0.28533300919746096,0.5,0.0,0.0,0.0,0.0,edd,0.0,0.0,,
c10_final_150_0003_q75,c10_final_150_0003,cap_q75,q75,10,replay,cap-empirical,150,1.0,0.75,104,1.0,13,7,0,0,350.89480000000003,3.373988,3.373988461538462,>=1.2,0.995725214508736,>=0.75,0.995725214508736,0.0,6.80405,0.22640970598179477,0.8571428571428571,0.0,0.0,0.0,0.0,edd,0.0,0.0,,
c10_final_150_0004_q75,c10_final_150_0004,cap_q75,q75,10,replay,cap-empirical,150,1.0,0.75,104,2.0239,13,10,0,0,349.0,1.658071,1.658070670867746,>=1.2,0.8904011461318052,>=0.75,0.8904011461318052,0.0,5.960027669351253,0.48894986418162506,0.5,34.216800000000006,34.216800000000006,34.216800000000006,34.216800000000006,edd,0.0,0.0,0.0,0.0
c10_final_150_0005_q75,c10_final_150_0005,cap_q75,q75,10,replay,cap-empirical,150,1.0,0.75,104,1.0,13,7,0,0,125.75,1.209135,1.2091346153846154,>=1.2,0.9920477137176938,>=0.75,0.9920477137176938,0.0,3.5,0.28782503461472375,0.8571428571428571,0.0,0.0,0.0,0.0,edd,0.0,0.0,,
c10_final_150_0006_q75,c10_final_150_0006,cap_q75,q75,10,replay,cap-empirical,150,1.0,0.75,104,5.9725,13,10,0,0,432.0,0.695495,0.695495379463567,0.5-0.8,0.6140046296296297,0.5-0.75,0.8177083333333334,-0.20370370370370372,2.7626622017580575,0.4010836199449182,0.2,80.0,80.0,80.0,80.0,edd,0.0,0.0,0.0,0.0
c10_final_150_0007_q75,c10_final_150_0007,cap_q75,q75,10,replay,cap-empirical,150,1.0,0.75,104,2.7842,13,9,0,0,375.95,1.298364,1.2983635680460623,>=1.2,0.9521212927250964,>=0.75,0.9521212927250964,0.0,2.9631491990517924,0.33404129662695614,0.6666666666666666,0.0,0.0,0.0,0.0,edd,0.0,0.0,,
c10_final_150_0008_q75,c10_final_150_0008,cap_q75,q75,10,replay,cap-empirical,150,1.0,0.75,104,2.1494,13,9,0,0,277.25,1.240284,1.2402835138249673,>=1.2,0.9377817853922452,>=0.75,0.9377817853922452,0.0,3.1985670419651995,0.3671331632466205,0.6666666666666666,0.0,0.0,0.0,0.0,edd,0.0,0.0,,
c10_final_150_0009_q75,c10_final_150_0009,cap_q75,q75,10,replay,cap-empirical,150,1.0,0.75,104,1.0,13,5,0,0,36.919999999999966,0.355,0.35499999999999965,<0.5,0.0,<0.25,0.3981581798483207,-0.3981581798483207,0.9187500000000001,0.492269669907189,0.0,0.0,0.0,0.0,0.0,edd,0.0,0.0,,
c10_final_150_0010_q75,c10_final_150_0010,cap_q75,q75,10,replay,cap-empirical,150,1.0,0.75,104,1.0,13,4,0,0,117.41999999999996,1.129038,1.1290384615384612,1.0-1.2,0.9850962357349685,>=0.75,0.9850962357349685,0.0,2.7596153846153846,0.2771768237240801,0.75,0.0,0.0,0.0,0.0,edd,0.0,0.0,,
c10_final_150_0011_q75,c10_final_150_0011,cap_q75,q75,10,replay,cap-empirical,150,1.0,0.75,104,1.0,13,7,0,0,216.47999999999988,2.081538,2.0815384615384604,>=1.2,0.9538063562453807,>=0.75,0.9538063562453807,0.0,5.759615384615385,0.4145029200057612,0.42857142857142855,84.0,84.0,84.0,84.0,edd,0.0,0.0,0.0,0.0
c10_final_150_0012_q75,c10_final_150_0012,cap_q75,q75,10,replay,cap-empirical,150,1.0,0.75,104,6.59,13,8,0,0,405.8648,0.592192,0.5921921326018442,0.5-0.8,0.08931545677279724,<0.25,0.1459845741734686,-0.05666911740067136,2.750379362670713,0.74400314114412,0.125,0.0,0.0,0.0,0.0,edd,0.0,0.0,,
c10_final_150_0013_q75,c10_final_150_0013,cap_q75,q75,10,replay,cap-empirical,150,1.0,0.75,104,4.9642,13,11,0,0,1267.5332000000003,2.455143,2.4551426676542514,>=1.2,0.8946773149610598,>=0.75,0.889943711139085,0.004733603821974852,29.584787075460298,1.1471899777967904,0.45454545454545453,1474.8208000000002,1474.8208000000002,1474.8208000000002,1474.8208000000002,edd,0.0,0.0,0.0,0.0
c10_final_150_0014_q75,c10_final_150_0014,cap_q75,q75,10,replay,cap-empirical,150,1.0,0.75,104,1.0,13,4,0,0,128.04000000000002,1.231154,1.2311538461538463,>=1.2,0.92970946579194,>=0.75,0.92970946579194,0.0,4.6875,0.37334755263092934,0.75,0.0,0.0,0.0,0.0,edd,0.0,0.0,,
c10_final_150_0015_q75,c10_final_150_0015,cap_q75,q75,10,replay,cap-empirical,150,1.0,0.75,104,1.0,13,6,0,0,142.80999999999992,1.373173,1.373173076923076,>=1.2,0.9194734262306561,>=0.75,0.9194734262306561,0.0,2.6826923076923075,0.30249103659766086,0.6666666666666666,6.0,6.0,6.0,6.0,edd,0.0,0.0,0.0,0.0
c10_final_150_0016_q75,c10_final_150_0016,cap_q75,q75,10,replay,cap-empirical,150,1.0,0.75,104,5.4497,13,9,0,0,334.54000000000025,0.590258,0.5902583205003525,0.5-0.8,0.5118969331021702,0.5-0.75,0.5118969331021702,0.0,1.7279238612523014,0.35454685519500106,0.2222222222222222,52.0,52.0,52.0,52.0,edd,0.0,0.0,0.0,0.0
c10_final_150_0017_q75,c10_final_150_0017,cap_q75,q75,10,replay,cap-empirical,150,1.0,0.75,104,16.0,13,11,0,0,545.5047999999999,0.327827,0.32782740384615383,<0.5,0.0,<0.25,0.0,0.0,0.7978703125000001,0.46681040762260106,0.0,0.0,0.0,0.0,0.0,edd,0.0,0.0,,
c10_final_150_0018_q75,c10_final_150_0018,cap_q75,q75,10,replay,cap-empirical,150,1.0,0.75,104,2.0367,13,8,0,0,202.29999999999993,0.955071,0.9550706081859414,0.8-1.0,0.5968858131487889,0.5-0.75,0.740484429065744,-0.1435986159169551,9.75843275887465,0.8679516511978971,0.375,0.0,0.0,0.0,0.0,edd,0.0,0.0,,
c10_final_150_0019_q75,c10_final_150_0019,cap_q75,q75,10,replay,cap-empirical,150,1.0,0.75,104,1.0,13,5,0,0,134.66000000000003,1.294808,1.2948076923076925,>=1.2,0.8113025397296896,>=0.75,0.9059854448240012,-0.09468290509431165,4.625,0.3633325612983919,0.4,0.0,0.0,0.0,0.0,edd,0.0,0.0,,
c10_final_150_0020_q75,c10_final_150_0020,cap_q75,q75,10,replay,cap-empirical,150,1.0,0.75,104,1.0,13,8,0,0,268.6148,2.582835,2.5828346153846153,>=1.2,0.9906929923444278,>=0.75,0.9906929923444278,0.0,7.2351846153846155,0.417233613665976,0.75,307.4592,307.4592,307.4592,307.4592,edd,0.0,0.0,0.0,0.0
c10_final_150_0021_q75,c10_final_150_0021,cap_q75,q75,10,replay,cap-empirical,150,1.0,0.75,104,6.2275,13,10,0,0,459.5,0.709477,0.7094771948244449,0.5-0.8,0.249727965179543,<0.25,0.7905331882480957,-0.5408052230685527,1.1240465676435167,0.27381759722468096,0.2,151.0,151.0,151.0,151.0,edd,0.0,0.0,0.0,0.0
c10_final_150_0022_q75,c10_final_150_0022,cap_q75,q75,10,replay,cap-empirical,150,1.0,0.75,104,6.2939,13,8,0,0,289.2047999999993,0.441827,0.441827068211344,<0.5,0.0,<0.25,0.0,0.0,0.6786332798423871,0.2142746950030423,0.0,8.0,8.0,8.0,8.0,edd,0.0,0.0,0.0,0.0
c10_final_150_0023_q75,c10_final_150_0023,cap_q75,q75,10,replay,cap-empirical,150,1.0,0.75,104,1.3283,13,10,0,0,225.25,1.630554,1.63055438125076,>=1.2,0.8634850166481687,>=0.75,0.876803551609323,-0.013318534961154316,4.075481094979702,0.43749200189685145,0.6,0.0,0.0,0.0,0.0,edd,0.0,0.0,,
c10_final_150_0024_q75,c10_final_150_0024,cap_q75,q75,10,replay,cap-empirical,150,1.0,0.75,104,1.0,13,6,0,0,139.5,1.341346,1.3413461538461537,>=1.2,0.953405017921147,>=0.75,0.953405017921147,0.0,3.355769230769231,0.27276059791335566,0.6666666666666666,0.0,0.0,0.0,0.0,edd,0.0,0.0,,
c10_final_150_0025_q75,c10_final_150_0025,cap_q75,q75,10,replay,cap-empirical,150,1.0,0.75,104,8.0,13,12,0,0,1437.063999999999,1.72724,1.7272403846153834,>=1.2,0.7144491824998748,0.5-0.75,0.7969020168899922,-0.08245283439011741,22.7162,1.2974719478417331,0.25,6.238,6.238,6.238,6.238,edd,0.0,0.0,0.0,0.0
c10_final_150_0026_q75,c10_final_150_0026,cap_q75,q75,10,replay,cap-empirical,150,1.0,0.75,104,8.0,13,10,0,0,986.1848,1.185318,1.1853182692307693,1.0-1.2,0.9105137292726475,>=0.75,0.9414409956430073,-0.030927266370359807,8.96875,1.0478570473894453,0.5,104.0,104.0,104.0,104.0,edd,0.0,0.0,0.0,0.0
c10_final_150_0027_q75,c10_final_150_0027,cap_q75,q75,10,replay,cap-empirical,150,1.0,0.75,104,1.0,13,6,0,0,159.5,1.533654,1.5336538461538463,>=1.2,0.7382445141065831,0.5-0.75,0.7382445141065831,0.0,4.413461538461538,0.44794668108987346,0.3333333333333333,0.0,0.0,0.0,0.0,edd,0.0,0.0,,
c10_final_150_0028_q75,c10_final_150_0028,cap_q75,q75,10,replay,cap-empirical,150,1.0,0.75,104,1.0,13,9,0,0,376.65,3.621635,3.621634615384615,>=1.2,0.970131421744325,>=0.75,0.970131421744325,0.0,12.537500000000005,0.3494450946408814,0.6666666666666666,0.0,0.0,0.0,0.0,edd,0.0,0.0,,
c10_final_150_0029_q75,c10_final_150_0029,cap_q75,q75,10,replay,cap-empirical,150,1.0,0.75,104,3.235,13,9,0,0,593.5944,1.76434,1.764339555344192,>=1.2,0.8930245972670902,>=0.75,0.8930245972670902,0.0,3.7094281298299845,0.4146848592252287,0.4444444444444444,0.0,0.0,0.0,0.0,edd,0.0,0.0,,
c10_final_400_0000_q75,c10_final_400_0000,cap_q75,q75,10,replay,cap-empirical,400,1.0,0.75,104,1.0,13,10,0,0,448.3799999999993,4.311346,4.311346153846147,>=1.2,0.9955394977474463,>=0.75,0.9905214327133235,0.005018065034122832,9.076923076923077,0.427504966836248,0.9,446.0,446.0,446.0,446.0,edd,0.0,0.0,0.0,0.0
c10_final_400_0001_q75,c10_final_400_0001,cap_q75,q75,10,replay,cap-empirical,400,1.0,0.75,104,13.4756,13,10,0,0,965.3648000000001,0.688827,0.688826756964725,0.5-0.8,0.112910684126871,<0.25,0.6502723115655346,-0.5373616274386636,2.207693906022737,0.5176281475114246,0.2,0.0,0.0,0.0,0.0,edd,0.0,0.0,,
c10_final_400_0002_q75,c10_final_400_0002,cap_q75,q75,10,replay,cap-empirical,400,1.0,0.75,104,1.7894,13,10,0,0,649.4347999999989,3.489754,3.4897537636165046,>=1.2,0.9876815963665637,>=0.75,0.9876815963665637,0.0,22.912708170336423,0.9496700110540651,0.6,0.0,0.0,0.0,0.0,edd,0.0,0.0,,
c10_final_400_0003_q75,c10_final_400_0003,cap_q75,q75,10,replay,cap-empirical,400,1.0,0.75,104,1.3256,13,8,0,0,671.6148000000002,4.871631,4.871631423796483,>=1.2,0.9977665769128375,>=0.75,0.9977665769128375,0.0,8.156683765841883,0.2950252877477811,0.875,0.0,0.0,0.0,0.0,edd,0.0,0.0,,
c10_final_400_0004_q75,c10_final_400_0004,cap_q75,q75,10,replay,cap-empirical,400,1.0,0.75,104,12.9522,13,13,0,0,1034.2296000000001,0.767786,0.767785811261051,0.5-0.8,0.39267373511645765,0.25-0.5,0.43618438304221807,-0.043510647925760426,1.9880792452247495,0.4535336664557557,0.23076923076923078,84.51840000000001,84.51840000000001,90.61520000000002,84.51840000000001,edd,0.0,-6.096800000000002,0.0,-0.07213577161896109
c10_final_400_0005_q75,c10_final_400_0005,cap_q75,q75,10,replay,cap-empirical,400,1.0,0.75,104,5.9825,13,11,0,0,544.199999999999,0.874666,0.8746664952264603,0.8-1.0,0.8552921719955897,>=0.75,0.8552921719955897,0.0,2.7580442958629336,0.3929059397765082,0.36363636363636365,80.0,80.0,80.0,80.0,edd,0.0,0.0,0.0,0.0
c10_final_400_0006_q75,c10_final_400_0006,cap_q75,q75,10,replay,cap-empirical,400,1.0,0.75,104,15.1039,13,12,0,0,1038.0647999999999,0.660849,0.6608486753548625,0.5-0.8,0.4424097609320728,0.25-0.5,0.4424097609320728,0.0,1.169463617904087,0.3670524272675634,0.08333333333333333,199.56,199.56,199.56,199.3632,lpt,0.0,0.0,0.0,0.0
c10_final_400_0007_q75,c10_final_400_0007,cap_q75,q75,10,replay,cap-empirical,400,1.0,0.75,104,14.5336,13,11,0,0,684.0,0.452532,0.45253227534286594,<0.5,0.11038011695906433,<0.25,0.08881578947368421,0.02156432748538012,1.0449922937193814,0.3235933214518971,0.18181818181818182,0.0,0.0,0.0,0.0,edd,0.0,0.0,,
c10_final_400_0008_q75,c10_final_400_0008,cap_q75,q75,10,replay,cap-empirical,400,1.0,0.75,104,1.0,13,5,0,0,100.41999999999993,0.965577,0.9655769230769224,0.8-1.0,0.6546504680342559,0.5-0.75,0.654650468034256,-1.1102230246251565e-16,2.793749999999996,0.5075981810108704,0.4,0.0,0.0,0.0,0.0,edd,0.0,0.0,,
c10_final_400_0009_q75,c10_final_400_0009,cap_q75,q75,10,replay,cap-empirical,400,1.0,0.75,104,1.0,13,7,0,0,380.02999999999975,3.654135,3.654134615384613,>=1.2,0.9276372917927532,>=0.75,0.9276372917927532,0.0,6.605769230769231,0.29359105092192284,0.7142857142857143,0.0,0.0,0.0,0.0,edd,0.0,0.0,,
c10_final_400_0010_q75,c10_final_400_0010,cap_q75,q75,10,replay,cap-empirical,400,1.0,0.75,104,2.2789,13,9,0,0,1202.979199999996,5.075742,5.0757416702389975,>=1.2,0.9916873043191436,>=0.75,0.9916873043191436,0.0,68.50445390319891,1.497696259432245,0.7777777777777778,84.0,84.0,84.0,84.0,edd,0.0,0.0,0.0,0.0
c10_final_400_0011_q75,c10_final_400_0011,cap_q75,q75,10,replay,cap-empirical,400,1.0,0.75,104,9.2864,13,10,0,0,766.0948000000005,0.793235,0.7932348546095536,0.5-0.8,0.7120528686528089,0.5-0.75,0.7120528686528089,0.0,3.1093857684355615,0.5731933205096305,0.4,0.0,0.0,0.0,0.0,edd,0.0,0.0,,
c10_final_400_0012_q75,c10_final_400_0012,cap_q75,q75,10,replay,cap-empirical,400,1.0,0.75,104,4.9789,13,11,0,0,1749.2832000000003,3.378262,3.3782624212638876,>=1.2,0.9787055635131007,>=0.75,0.9752755871662175,0.0034299763468831346,29.798710558557108,0.7985539401442785,0.6363636363636364,1953.0412,1601.5820000000003,1601.5820000000003,1601.5820000000003,wspt,351.45919999999956,351.45919999999956,0.1799548314700169,0.1799548314700169
c10_final_400_0013_q75,c10_final_400_0013,cap_q75,q75,10,replay,cap-empirical,400,1.0,0.75,104,1.0,13,4,0,0,369.91999999999996,3.556923,3.5569230769230766,>=1.2,1.0,>=0.75,1.0,0.0,12.125,0.35971900104577764,1.0,0.0,0.0,0.0,0.0,edd,0.0,0.0,,
c10_final_400_0014_q75,c10_final_400_0014,cap_q75,q75,10,replay,cap-empirical,400,1.0,0.75,104,1.0,13,9,0,0,287.45000000000067,2.763942,2.763942307692314,>=1.2,0.9425987128196208,>=0.75,0.9425987128196208,0.0,4.846153846153846,0.25511050787112066,0.7777777777777778,6.0,6.0,6.0,6.0,edd,0.0,0.0,0.0,0.0
c10_final_400_0015_q75,c10_final_400_0015,cap_q75,q75,10,replay,cap-empirical,400,1.0,0.75,104,5.4594,13,9,0,0,356.5700000000004,0.62801,0.628009981372989,0.5-0.8,0.7482962672126088,0.5-0.75,0.7482962672126088,0.0,1.7248537690344483,0.3274333359106883,0.3333333333333333,52.0,52.0,52.0,52.0,edd,0.0,0.0,0.0,0.0
c10_final_400_0016_q75,c10_final_400_0016,cap_q75,q75,10,replay,cap-empirical,400,1.0,0.75,104,16.0,13,11,0,0,651.7948000000001,0.391704,0.39170360576923086,<0.5,0.0,<0.25,0.3602741230829091,-0.3602741230829091,0.9172843750000008,0.4419670703308911,0.0,0.0,0.0,0.0,0.0,edd,0.0,0.0,,
c10_final_400_0017_q75,c10_final_400_0017,cap_q75,q75,10,replay,cap-empirical,400,1.0,0.75,104,5.0403,13,11,0,0,406.25,0.775003,0.7750034720155546,0.5-0.8,0.6264615384615386,0.5-0.75,0.6264615384615386,0.0,5.28242366525802,0.9446702839958989,0.36363636363636365,0.0,0.0,0.0,0.0,edd,0.0,0.0,,
c10_final_400_0018_q75,c10_final_400_0018,cap_q75,q75,10,replay,cap-empirical,400,1.0,0.75,104,1.0,13,7,0,0,324.5499999999989,3.120673,3.120673076923066,>=1.2,0.9876752426436605,>=0.75,0.9984594053304575,-0.01078416268679705,7.980769230769231,0.2946661950882613,0.7142857142857143,209.0,209.0,209.0,209.0,edd,0.0,0.0,0.0,0.0
c10_final_400_0019_q75,c10_final_400_0019,cap_q75,q75,10,replay,cap-empirical,400,1.0,0.75,104,3.2467,13,12,0,0,876.7296000000001,2.596511,2.5965110135498533,>=1.2,0.9338450532524509,>=0.75,0.9466768317164151,-0.012831778463964216,18.09529676286691,1.0195259965510417,0.6666666666666666,447.452,439.452,439.452,439.452,wspt,8.0,8.0,0.01787901272091755,0.01787901272091755
c10_final_400_0020_q75,c10_final_400_0020,cap_q75,q75,10,replay,cap-empirical,400,1.0,0.75,104,8.0,13,11,0,0,882.25,1.060397,1.0603966346153846,1.0-1.2,0.7449702465287616,0.5-0.75,0.7772740153017852,-0.032303768773023545,2.046875,0.2797567796407849,0.45454545454545453,161.0,161.0,161.0,161.0,edd,0.0,0.0,0.0,0.0
c10_final_400_0021_q75,c10_final_400_0021,cap_q75,q75,10,replay,cap-empirical,400,1.0,0.75,104,6.7522,13,11,0,0,1265.2092000000005,1.801705,1.8017050852941385,>=1.2,0.9628519931723544,>=0.75,0.9841923375201508,-0.021340344347796414,13.679215663043156,1.0329907958734208,0.5454545454545454,22.884599999999992,22.884599999999992,22.884599999999992,22.884599999999992,edd,0.0,0.0,0.0,0.0
c10_final_400_0022_q75,c10_final_400_0022,cap_q75,q75,10,replay,cap-empirical,400,1.0,0.75,104,12.35,13,12,0,0,1667.323999999989,1.298135,1.2981345375272415,>=1.2,0.66106479604444,0.5-0.75,0.7702217445439521,-0.10915694849951207,14.714947368421054,1.3021528545367775,0.25,6.238,6.238,6.238,6.238,edd,0.0,0.0,0.0,0.0
c10_final_400_0023_q75,c10_final_400_0023,cap_q75,q75,10,replay,cap-empirical,400,1.0,0.75,104,20.7806,13,13,0,0,2063.6948,0.954892,0.9548915445544994,0.8-1.0,0.6787970779400131,0.5-0.75,0.6841273234782584,-0.005330245538245348,3.500861380325881,0.5208492890219473,0.5384615384615384,124.0,124.0,124.0,124.0,edd,0.0,0.0,0.0,0.0
c10_final_400_0024_q75,c10_final_400_0024,cap_q75,q75,10,replay,cap-empirical,400,1.0,0.75,104,1.0,13,7,0,0,385.75,3.709135,3.7091346153846154,>=1.2,1.0,>=0.75,1.0,0.0,9.932692307692308,0.4983574926003325,1.0,0.0,0.0,0.0,0.0,edd,0.0,0.0,,
c10_final_400_0025_q75,c10_final_400_0025,cap_q75,q75,10,replay,cap-empirical,400,1.0,0.75,104,3.445,13,9,0,0,604.5,1.687228,1.6872278664731497,>=1.2,0.9549214226633581,>=0.75,0.9358974358974359,0.019023986765922207,8.599419448476057,0.5342749013682213,0.5555555555555556,0.0,0.0,0.0,0.0,edd,0.0,0.0,,
c10_final_400_0026_q75,c10_final_400_0026,cap_q75,q75,10,replay,cap-empirical,400,1.0,0.75,104,8.0,13,9,0,0,975.8692000000005,1.17292,1.1729197115384622,1.0-1.2,0.756883401996907,>=0.75,0.9487636252891268,-0.19188022329221988,2.5104166666666665,0.3381622223478814,0.5555555555555556,117.0,117.0,117.0,117.0,edd,0.0,0.0,0.0,0.0
c10_final_400_0027_q75,c10_final_400_0027,cap_q75,q75,10,replay,cap-empirical,400,1.0,0.75,104,2.9261,13,9,0,0,352.3847999999977,1.157963,1.157962948845003,1.0-1.2,0.8864877259178034,>=0.75,0.8864877259178034,0.0,1.8993514602003718,0.3112840998194174,0.4444444444444444,0.0,0.0,0.0,0.0,edd,0.0,0.0,,
c10_final_400_0028_q75,c10_final_400_0028,cap_q75,q75,10,replay,cap-empirical,400,1.0,0.75,104,11.0214,13,12,0,0,795.1148000000003,0.693681,0.6936808949302827,0.5-0.8,0.43735822801940044,0.25-0.5,0.43735822801940044,0.0,1.213548188070481,0.3848363485289138,0.08333333333333333,0.0,0.0,0.0,0.0,edd,0.0,0.0,,
c10_final_400_0029_q75,c10_final_400_0029,cap_q75,q75,10,replay,cap-empirical,400,1.0,0.75,104,9.6061,13,8,0,0,747.8443999999982,0.748567,0.7485672165042547,0.5-0.8,0.4688066127124841,0.25-0.5,0.7930719277967448,-0.32426531508426076,1.2585192813905246,0.2996708133079884,0.125,0.0,0.0,0.0,0.0,edd,0.0,0.0,,
c12_final_150_0000_q75,c12_final_150_0000,cap_q75,q75,12,replay,cap-empirical,150,1.0,0.75,133,6.4425,13,11,0,0,1028.9944,1.2009,1.2009002716336827,>=1.2,0.7540173202108778,>=0.75,0.7540173202108776,1.1102230246251565e-16,2.6135228642035826,0.4395297332706606,0.5454545454545454,354.0,354.0,354.0,354.0,edd,0.0,0.0,0.0,0.0
c12_final_150_0001_q75,c12_final_150_0001,cap_q75,q75,12,replay,cap-empirical,150,1.0,0.75,133,16.0,13,10,0,0,475.6148,0.223503,0.2235031954887218,<0.5,0.0,<0.25,0.0,0.0,0.4873777777777778,0.3944112286666568,0.0,1058.9184,1058.9184,1058.9184,1058.9184,edd,0.0,0.0,0.0,0.0
c12_final_150_0002_q75,c12_final_150_0002,cap_q75,q75,12,replay,cap-empirical,150,1.0,0.75,133,12.2778,13,13,0,0,1329.2796,0.814037,0.8140369983748407,0.8-1.0,0.3869876585783758,0.25-0.5,0.3226671047987195,0.06432055377965629,6.278909902425516,1.1042686561337998,0.23076923076923078,2611.7616,2611.7616,2563.7616,2563.7616,wspt,0.0,48.0,0.0,0.018378400233773254
c12_final_150_0003_q75,c12_final_150_0003,cap_q75,q75,12,replay,cap-empirical,150,1.0,0.75,133,10.5492,13,12,0,0,1112.711,0.793069,0.793069438469339,0.5-0.8,0.44072036674392545,0.25-0.5,0.6098268103757399,-0.16910644363181448,2.5862586736434987,0.6228187482543137,0.25,1020.0,1020.0,1020.0,1020.0,edd,0.0,0.0,0.0,0.0
c12_final_150_0004_q75,c12_final_150_0004,cap_q75,q75,12,replay,cap-empirical,150,1.0,0.75,133,5.5939,13,11,0,0,587.45,0.789595,0.7895953258429866,0.5-0.8,0.3708400714954464,0.25-0.5,0.37084007149544645,-5.551115123125783e-17,1.6719601311746328,0.4101316139082699,0.18181818181818182,345.0,345.0,345.0,345.0,edd,0.0,0.0,0.0,0.0
c12_final_150_0005_q75,c12_final_150_0005,cap_q75,q75,12,replay,cap-empirical,150,1.0,0.75,133,8.7239,13,13,0,0,572.25,0.4932,0.49320046985263105,<0.5,0.11882918304936653,<0.25,0.11882918304936653,0.0,1.1135255693308856,0.3575519194723488,0.07692307692307693,192.0,192.0,192.0,192.0,edd,0.0,0.0,0.0,0.0
c12_final_150_0006_q75,c12_final_150_0006,cap_q75,q75,12,replay,cap-empirical,150,1.0,0.75,133,16.5456,13,12,0,0,993.7296000000001,0.451579,0.4515793399948959,<0.5,0.6100548881707861,0.5-0.75,0.6100548881707861,0.0,1.0776449541232218,0.4119601065241448,0.08333333333333333,1098.9184,1098.9184,1098.9184,1098.9184,edd,0.0,0.0,0.0,0.0
c12_final_150_0007_q75,c12_final_150_0007,cap_q75,q75,12,replay,cap-empirical,150,1.0,0.75,133,7.5394,13,12,0,0,623.8000000000002,0.622095,0.6220953343647738,0.5-0.8,0.23885860852837448,<0.25,0.3097948060275729,-0.07093619749919844,2.2382417699021144,0.6007030922507061,0.16666666666666666,60.0,60.0,60.0,60.0,edd,0.0,0.0,0.0,0.0
c12_final_150_0008_q75,c12_final_150_0008,cap_q75,q75,12,replay,cap-empirical,150,1.0,0.75,133,10.6686,13,12,0,0,922.1648,0.649904,0.6499043852812956,0.5-0.8,0.04771381427701426,<0.25,0.19640177113678597,-0.1486879568597717,1.0310631198095346,0.23652818702872883,0.08333333333333333,926.0,926.0,926.0,926.0,edd,0.0,0.0,0.0,0.0
c12_final_150_0009_q75,c12_final_150_0009,cap_q75,q75,12,replay,cap-empirical,150,1.0,0.75,133,16.0,13,12,0,0,765.3000000000001,0.359633,0.35963345864661656,<0.5,0.0,<0.25,0.3507774728864497,-0.3507774728864497,0.9321180555555555,0.5423797742373374,0.0,276.8,276.8,276.8,276.8,edd,0.0,0.0,0.0,0.0
c12_final_150_0010_q75,c12_final_150_0010,cap_q75,q75,12,replay,cap-empirical,150,1.0,0.75,133,9.02,13,11,0,0,1091.1148,0.90952,0.9095200306753581,0.8-1.0,0.7129083025910747,0.5-0.75,0.7129083025910747,0.0,2.0595239337420113,0.4503792694174941,0.2727272727272727,1026.4,1026.4,1026.4,1026.4,edd,0.0,0.0,0.0,0.0
c12_final_150_0011_q75,c12_final_150_0011,cap_q75,q75,12,replay,cap-empirical,150,1.0,0.75,133,9.5369,13,12,0,0,956.4833000000001,0.754082,0.7540819091527118,0.5-0.8,0.5350328646616203,0.5-0.75,0.5350328646616203,0.0,2.555861967725362,0.5681757536511064,0.25,614.0,614.0,614.0,614.0,edd,0.0,0.0,0.0,0.0
c12_final_150_0012_q75,c12_final_150_0012,cap_q75,q75,12,replay,cap-empirical,150,1.0,0.75,133,5.6297,13,12,0,0,685.3648000000001,0.915345,0.9153451865983058,0.8-1.0,0.6909674964340158,0.5-0.75,0.6909674964340158,0.0,2.0279351771260754,0.40559611995739014,0.3333333333333333,579.4592,579.4592,579.4592,579.4592,edd,0.0,0.0,0.0,0.0
c12_final_150_0013_q75,c12_final_150_0013,cap_q75,q75,12,replay,cap-empirical,150,1.0,0.75,133,5.5775,13,13,0,0,830.05,1.118956,1.118956063399197,1.0-1.2,0.8047707969399435,>=0.75,0.8047707969399435,0.0,7.9112505602868675,1.0822196084230085,0.46153846153846156,1200.9488,1234.9488,1280.9488,1188.9488,v2rl302,-34.0,-80.0,-0.028310948809807713,-0.06661399719954757
c12_final_150_0014_q75,c12_final_150_0014,cap_q75,q75,12,replay,cap-empirical,150,1.0,0.75,133,8.0,13,12,0,0,955.4944,0.898021,0.8980210526315789,0.8-1.0,0.4398924787000321,0.25-0.5,0.649448494936234,-0.2095560162362019,6.34375,1.0300554106905926,0.5,407.0,407.0,407.0,407.0,edd,0.0,0.0,0.0,0.0
c12_final_150_0015_q75,c12_final_150_0015,cap_q75,q75,12,replay,cap-empirical,150,1.0,0.75,133,24.0,13,11,0,0,1261.3148,0.395149,0.39514874686716794,<0.5,0.23209907629720988,<0.25,0.23209907629720986,2.7755575615628914e-17,2.032986111111111,0.8660901382378746,0.09090909090909091,520.0,520.0,520.0,520.0,edd,0.0,0.0,0.0,0.0
c12_final_150_0016_q75,c12_final_150_0016,cap_q75,q75,12,replay,cap-empirical,150,1.0,0.75,133,11.0431,13,11,0,0,764.8000000000001,0.520721,0.5207211688610648,0.5-0.8,0.07126046025104603,<0.25,0.16736401673640167,-0.09610355648535564,1.2338021026704458,0.38076887811280713,0.09090909090909091,293.2,293.2,293.2,293.2,edd,0.0,0.0,0.0,0.0
c12_final_150_0017_q75,c12_final_150_0017,cap_q75,q75,12,replay,cap-empirical,150,1.0,0.75,133,16.0,13,11,0,0,788.6,0.370583,0.3705827067669173,<0.5,0.18697692112604616,<0.25,0.0,0.18697692112604616,1.0239583333333333,0.49408087809325946,0.09090909090909091,434.0,434.0,434.0,434.0,edd,0.0,0.0,0.0,0.0
c12_final_150_0018_q75,c12_final_150_0018,cap_q75,q75,12,replay,cap-empirical,150,1.0,0.75,133,8.6172,13,11,0,0,777.0648000000001,0.678015,0.6780151883678002,0.5-0.8,0.46278611513479956,0.25-0.5,0.4627861151347995,5.551115123125783e-17,1.4551679993745679,0.41921637382095533,0.18181818181818182,193.72960000000003,193.72960000000003,193.72960000000003,193.72960000000003,edd,0.0,0.0,0.0,0.0
c12_final_150_0019_q75,c12_final_150_0019,cap_q75,q75,12,replay,cap-empirical,150,1.0,0.75,133,7.6922,13,12,0,0,787.9148,0.770153,0.7701530678572357,0.5-0.8,0.5487456257960887,0.5-0.75,0.46053811909612563,0.08820750669996302,1.3812693377707288,0.2939071698154144,0.25,56.0,56.0,56.0,56.0,edd,0.0,0.0,0.0,0.0
c12_final_150_0020_q75,c12_final_150_0020,cap_q75,q75,12,replay,cap-empirical,150,1.0,0.75,133,8.0,13,11,0,0,1147.974,1.078923,1.078922932330827,1.0-1.2,0.7779566436173643,>=0.75,0.6420650641913493,0.13589157942601493,2.2562838235294116,0.4266721286359093,0.2727272727272727,835.648,835.648,835.648,835.648,edd,0.0,0.0,0.0,0.0
c12_final_150_0021_q75,c12_final_150_0021,cap_q75,q75,12,replay,cap-empirical,150,1.0,0.75,133,8.0,13,8,0,0,313.09999999999997,0.294267,0.29426691729323307,<0.5,0.31140210795273077,0.25-0.5,0.2060044714148834,0.10539763653784737,1.1517857142857142,0.5424036002227874,0.25,166.0,166.0,166.0,166.0,edd,0.0,0.0,0.0,0.0
c12_final_150_0022_q75,c12_final_150_0022,cap_q75,q75,12,replay,cap-empirical,150,1.0,0.75,133,8.0,13,11,0,0,765.3148,0.719281,0.7192808270676692,0.5-0.8,0.7203765038909479,0.5-0.75,0.6396907520931256,0.08068575179782222,1.5833333333333333,0.3080209418200073,0.36363636363636365,176.0,176.0,176.0,176.0,edd,0.0,0.0,0.0,0.0
c12_final_150_0023_q75,c12_final_150_0023,cap_q75,q75,12,replay,cap-empirical,150,1.0,0.75,133,16.4519,13,11,0,0,939.3148,0.429283,0.4292827754382827,<0.5,0.12163121458322598,<0.25,0.12163121458322598,0.0,3.4722433275184024,1.0727091554818298,0.09090909090909091,322.0,322.0,322.0,322.0,edd,0.0,0.0,0.0,0.0
c12_final_150_0024_q75,c12_final_150_0024,cap_q75,q75,12,replay,cap-empirical,150,1.0,0.75,133,8.0,13,13,0,0,966.2796000000001,0.908158,0.9081575187969926,0.8-1.0,0.6747835719599172,0.5-0.75,0.6747835719599172,0.0,2.9654833333333332,0.55836243963453,0.3076923076923077,113.08240000000002,113.08240000000002,113.08240000000002,113.08240000000002,edd,0.0,0.0,0.0,0.0
c12_final_150_0025_q75,c12_final_150_0025,cap_q75,q75,12,replay,cap-empirical,150,1.0,0.75,133,8.4475,13,13,0,0,978.9648000000001,0.871339,0.871339164721511,0.8-1.0,0.5610158812655981,0.5-0.75,0.779460916265835,-0.21844503500023693,2.1110782282726643,0.436418624512945,0.38461538461538464,1769.9184,1769.9184,1769.9184,1769.9184,edd,0.0,0.0,0.0,0.0
c12_final_150_0026_q75,c12_final_150_0026,cap_q75,q75,12,replay,cap-empirical,150,1.0,0.75,133,3.4117,13,10,0,0,841.8944,1.85539,1.8553897126672236,>=1.2,0.8589490558435832,>=0.75,0.8847836498259164,-0.02583459398233323,14.855467948530057,1.0273764761173751,0.7,1550.502,1550.502,1550.502,1550.502,edd,0.0,0.0,0.0,0.0
c12_final_150_0027_q75,c12_final_150_0027,cap_q75,q75,12,replay,cap-empirical,150,1.0,0.75,133,16.4028,13,11,0,0,366.0,0.167769,0.1677688991664911,<0.5,0.0,<0.25,0.0,0.0,0.36579120637939866,0.27863820203916145,0.0,100.00000000000004,100.00000000000004,100.00000000000004,100.00000000000004,edd,0.0,0.0,0.0,0.0
c12_final_150_0028_q75,c12_final_150_0028,cap_q75,q75,12,replay,cap-empirical,150,1.0,0.75,133,8.0,13,11,0,0,800.4333000000001,0.752287,0.7522869360902257,0.5-0.8,0.7487610772815174,0.5-0.75,0.7487610772815174,0.0,1.542245138888889,0.31258034551566366,0.2727272727272727,8.0,8.0,8.0,8.0,edd,0.0,0.0,0.0,0.0
c12_final_150_0029_q75,c12_final_150_0029,cap_q75,q75,12,replay,cap-empirical,150,1.0,0.75,133,8.0,13,13,0,0,1018.3611000000003,0.957106,0.9571062969924815,0.8-1.0,0.7336733502487478,0.5-0.75,0.7848994821188673,-0.051226131870119485,7.0853,0.9857650750263439,0.46153846153846156,21.729600000000005,21.729600000000005,21.729600000000005,21.729600000000005,edd,0.0,0.0,0.0,0.0
c12_final_400_0000_q75,c12_final_400_0000,cap_q75,q75,12,replay,cap-empirical,400,1.0,0.75,133,25.3814,13,13,0,0,2734.3592000000003,0.810006,0.8100062143665563,0.8-1.0,0.23777051676312316,<0.25,0.23777051676312316,0.0,2.5615214290779864,0.6951267335329641,0.07692307692307693,1961.1776,1961.1776,1961.1776,1961.1776,edd,0.0,0.0,0.0,0.0
c12_final_400_0001_q75,c12_final_400_0001,cap_q75,q75,12,replay,cap-empirical,400,1.0,0.75,133,23.4031,13,13,0,0,2938.0388000000003,0.943914,0.9439141521094678,0.8-1.0,0.6427158143724991,0.5-0.75,0.642715814372499,1.1102230246251565e-16,2.6125256910409305,0.44632867018512257,0.46153846153846156,1976.3818,1976.3818,1989.3954,1976.3818,edd,0.0,-13.013599999999997,0.0,-0.006584557700339072
c12_final_400_0002_q75,c12_final_400_0002,cap_q75,q75,12,replay,cap-empirical,400,1.0,0.75,133,32.0,13,13,0,0,2732.8683999999994,0.642121,0.642121334586466,0.5-0.8,0.533665946007499,0.5-0.75,0.5336659460074988,1.1102230246251565e-16,1.2468555555555556,0.337004758929305,0.15384615384615385,1828.2192,1860.4714,1883.9626,1817.9354,v2rl302,-32.2521999999999,-55.743400000000065,-0.01764132003427155,-0.030490545116253053
c12_final_400_0003_q75,c12_final_400_0003,cap_q75,q75,12,replay,cap-empirical,400,1.0,0.75,133,30.9725,13,13,0,0,2720.2295999999997,0.660355,0.6603552872818902,0.5-0.8,0.042000131165398684,<0.25,0.11664456559108098,-0.0746444344256823,1.8443780773266607,0.3597471936447039,0.07692307692307693,2889.9184,2889.9184,2889.9184,2889.9184,edd,0.0,0.0,0.0,0.0
c12_final_400_0004_q75,c12_final_400_0004,cap_q75,q75,12,replay,cap-empirical,400,1.0,0.75,133,25.0431,13,13,0,0,2797.1592,0.839803,0.8398030667310009,0.8-1.0,0.4932788952448613,0.25-0.5,0.648786525986794,-0.1555076307419327,2.3439590146587284,0.47694896902581224,0.15384615384615385,2885.2184,2888.3632,2893.2184,2873.2184,v2rl305,-3.1447999999995773,-8.0,-0.0010899694802998542,-0.002772753702111424
c12_final_400_0005_q75,c12_final_400_0005,cap_q75,q75,12,replay,cap-empirical,400,1.0,0.75,133,24.0,13,13,0,0,2776.1443999999997,0.869719,0.8697194235588971,0.8-1.0,0.6341815649070704,0.5-0.75,0.6112000514094296,0.022981513497640882,1.5943452380952383,0.35224582709210944,0.38461538461538464,1720.1256,1720.1256,1721.6256,1720.1256,edd,0.0,-1.5,0.0,-0.0008720293448338888
c12_final_400_0006_q75,c12_final_400_0006,cap_q75,q75,12,replay,cap-empirical,400,1.0,0.75,133,26.1925,13,13,0,0,1944.6648000000002,0.558234,0.5582338398252958,0.5-0.8,0.10752495751452897,<0.25,0.10752495751452898,-1.3877787807814457e-17,1.1404573282973587,0.3460910381440512,0.07692307692307693,970.5296,970.5296,970.5296,970.5296,edd,0.0,0.0,0.0,0.0
c12_final_400_0007_q75,c12_final_400_0007,cap_q75,q75,12,replay,cap-empirical,400,1.0,0.75,133,43.3444,13,13,0,0,2113.4,0.366604,0.3666038880203619,<0.5,0.0,<0.25,0.0,0.0,0.5794673975569316,0.25463385508513414,0.0,748.0,748.0,748.0,748.0,edd,0.0,0.0,0.0,0.0
c12_final_400_0008_q75,c12_final_400_0008,cap_q75,q75,12,replay,cap-empirical,400,1.0,0.75,133,24.0,13,12,0,0,1785.1296000000002,0.559251,0.5592511278195489,0.5-0.8,0.0,<0.25,0.0,0.0,0.9709429824561403,0.3266817500821946,0.0,1202.648,1202.648,1202.648,1202.648,edd,0.0,0.0,0.0,0.0
c12_final_400_0009_q75,c12_final_400_0009,cap_q75,q75,12,replay,cap-empirical,400,1.0,0.75,133,23.5156,13,13,0,0,2645.6407,0.845908,0.8459080499049935,0.8-1.0,0.4021752084476172,0.25-0.5,0.40217520844761734,-1.1102230246251565e-16,1.2339213118100325,0.20697285750617023,0.3076923076923077,246.05240000000003,246.05240000000003,246.05240000000003,246.05240000000003,edd,0.0,0.0,0.0,0.0
c12_final_400_0010_q75,c12_final_400_0010,cap_q75,q75,12,replay,cap-empirical,400,1.0,0.75,133,25.4,13,13,0,0,3281.6423999999984,0.971417,0.9714174412408971,0.8-1.0,0.6558797509442224,0.5-0.75,0.6334062480421389,0.022473502902083498,1.4139527559055118,0.25038392605004883,0.3076923076923077,1471.9072,1471.9072,1471.9072,1471.9072,edd,0.0,0.0,0.0,0.0
c12_final_400_0011_q75,c12_final_400_0011,cap_q75,q75,12,replay,cap-empirical,400,1.0,0.75,133,24.0,13,13,0,0,2205.3796,0.690908,0.690908395989975,0.5-0.8,0.40497771902850643,0.25-0.5,0.32789348373404736,0.07708423529445907,1.6739111111111111,0.5514485555708403,0.15384615384615385,566.0824,566.0824,566.0824,566.0824,edd,0.0,0.0,0.0,0.0
c12_final_400_0012_q75,c12_final_400_0012,cap_q75,q75,12,replay,cap-empirical,400,1.0,0.75,133,10.8297,13,11,0,0,1586.0092,1.101128,1.1011275661382602,1.0-1.2,0.8038788173486006,>=0.75,0.8038788173486006,0.0,4.818452958069014,0.6095257696885781,0.6363636363636364,1670.502,1670.502,1670.502,1670.502,edd,0.0,0.0,0.0,0.0
c12_final_400_0013_q75,c12_final_400_0013,cap_q75,q75,12,replay,cap-empirical,400,1.0,0.75,133,15.7369,13,12,0,0,2036.8796000000002,0.973183,0.9731830418015185,0.8-1.0,0.8411295395172106,>=0.75,0.8151093466692877,0.026020192847922896,4.76798691821981,0.8405128446004064,0.5,1026.8,1027.5376,1027.5376,1026.8,edd,-0.7376000000001568,-0.7376000000001568,-0.0007183482664590542,-0.0007183482664590542
c12_final_400_0014_q75,c12_final_400_0014,cap_q75,q75,12,replay,cap-empirical,400,1.0,0.75,133,24.0,13,13,0,0,2428.8795999999998,0.760927,0.760927192982456,0.5-0.8,0.32744101436728273,0.25-0.5,0.3274410143672828,-5.551115123125783e-17,1.7939814814814814,0.489364892628459,0.23076923076923078,1466.0,1478.0,1494.0,1462.0,v2rl301,-12.0,-28.0,-0.008185538881309686,-0.019099590723055934
c12_final_400_0015_q75,c12_final_400_0015,cap_q75,q75,12,replay,cap-empirical,400,1.0,0.75,133,24.88,13,13,0,0,3500.848,1.057965,1.0579648478108454,1.0-1.2,0.74568173196894,0.5-0.75,0.6480053975493938,0.09767633441954626,3.6260530546623797,0.5682327176627919,0.38461538461538464,6506.3844,6482.3844,6248.0908,6248.0908,atc,24.0,258.29359999999997,0.003688684609535213,0.03969848446089352
c12_final_400_0016_q75,c12_final_400_0016,cap_q75,q75,12,replay,cap-empirical,400,1.0,0.75,133,32.0,13,13,0,0,2260.0944,0.531037,0.5310372180451127,0.5-0.8,0.11751721521012574,<0.25,0.0,0.11751721521012574,1.140625,0.3476478975855969,0.15384615384615385,1456.0,1456.0,1456.0,1456.0,edd,0.0,0.0,0.0,0.0
c12_final_400_0017_q75,c12_final_400_0017,cap_q75,q75,12,replay,cap-empirical,400,1.0,0.75,133,26.13,13,13,0,0,2630.3592,0.756875,0.756874735633573,0.5-0.8,0.5470714418015609,0.5-0.75,0.5470714418015609,0.0,4.034917719096824,0.7985226776680853,0.23076923076923078,2614.3528,1970.1402,2007.4666,1970.1402,wmdd,644.2126000000001,606.8862000000001,0.2464137969443145,0.2321363053984145
c12_final_400_0018_q75,c12_final_400_0018,cap_q75,q75,12,replay,cap-empirical,400,1.0,0.75,133,17.4172,13,13,0,0,3043.825799999999,1.313983,1.3139832045723012,>=1.2,0.7030826139919046,0.5-0.75,0.8852923843407858,-0.1822097703488812,4.8261680025109275,0.760472583689392,0.6153846153846154,778.3916,784.2484,789.9972,738.7744,v2rl301,-5.856799999999907,-11.605599999999981,-0.00752423330364807,-0.014909718964079239
c12_final_400_0019_q75,c12_final_400_0019,cap_q75,q75,12,replay,cap-empirical,400,1.0,0.75,133,20.1333,13,12,0,0,2160.6092000000003,0.806881,0.8068812343176341,0.8-1.0,0.628910401751506,0.5-0.75,0.4412944275160913,0.1876159742354147,2.05050008360941,0.4213554818926324,0.25,2759.8368,2765.0368000000003,2767.8368,2759.8368,edd,-5.200000000000273,-8.0,-0.0018841693827693989,-0.0028987221273373844
c12_final_400_0020_q75,c12_final_400_0020,cap_q75,q75,12,replay,cap-empirical,400,1.0,0.75,133,24.0,13,13,0,0,2414.2629,0.756348,0.7563480263157896,0.5-0.8,0.34733015198966105,0.25-0.5,0.34733015198966116,-1.1102230246251565e-16,1.454597149122807,0.40912282062867966,0.15384615384615385,182.00000000000003,182.00000000000003,182.00000000000003,182.00000000000003,edd,0.0,0.0,0.0,0.0
c12_final_400_0021_q75,c12_final_400_0021,cap_q75,q75,12,replay,cap-empirical,400,1.0,0.75,133,16.375,13,13,0,0,1760.2629,0.808248,0.8082479021982437,0.8-1.0,0.36072157176067277,0.25-0.5,0.36072157176067277,0.0,2.791829007633588,0.6267198539725714,0.3076923076923077,190.2,190.2,190.2,190.2,edd,0.0,0.0,0.0,0.0
c12_final_400_0022_q75,c12_final_400_0022,cap_q75,q75,12,replay,cap-empirical,400,1.0,0.75,133,22.0997,13,12,0,0,2343.1258000000003,0.797182,0.7971821888100343,0.5-0.8,0.4836890959930534,0.25-0.5,0.4427181844013667,0.0409709115916867,1.9272297813997477,0.44537788703087366,0.4166666666666667,286.062,286.062,286.062,283.7296,lpt,0.0,0.0,0.0,0.0
c12_final_400_0023_q75,c12_final_400_0023,cap_q75,q75,12,replay,cap-empirical,400,1.0,0.75,133,24.0,13,13,0,0,2924.0888,0.916068,0.9160679197994988,0.8-1.0,0.47785634964300683,0.25-0.5,0.7118779703270297,-0.23402162068402288,1.6574404761904762,0.30586195521584125,0.38461538461538464,2151.5776,2151.5776,2151.5776,2151.5776,edd,0.0,0.0,0.0,0.0
c12_final_400_0024_q75,c12_final_400_0024,cap_q75,q75,12,replay,cap-empirical,400,1.0,0.75,133,16.0,13,13,0,0,1157.3815,0.543882,0.5438822838345865,0.5-0.8,0.1887882258356471,<0.25,0.0,0.1887882258356471,1.0625,0.3264274959130948,0.15384615384615385,1208.9184,1208.9184,1208.9184,1208.9184,edd,0.0,0.0,0.0,0.0
c12_final_400_0025_q75,c12_final_400_0025,cap_q75,q75,12,replay,cap-empirical,400,1.0,0.75,133,33.6069,13,13,0,0,2690.0444,0.601838,0.6018376507312755,0.5-0.8,0.1927718367771179,<0.25,0.16191732746121218,0.03085450931590572,1.3647990938368804,0.4113285011319339,0.23076923076923078,1753.4592,1753.4592,1753.4592,1753.4592,edd,0.0,0.0,0.0,0.0
c12_final_400_0026_q75,c12_final_400_0026,cap_q75,q75,12,replay,cap-empirical,400,1.0,0.75,133,29.9678,13,12,0,0,3496.4036,0.877233,0.8772331926995125,0.8-1.0,0.6045322685287248,0.5-0.75,0.6045322685287248,0.0,1.887932262981875,0.4474847352270725,0.16666666666666666,5905.5876,5937.6712,5934.9104,5887.7428,v2rl301,-32.08359999999993,-29.322799999999916,-0.005432753211551706,-0.004965263744457862
c12_final_400_0027_q75,c12_final_400_0027,cap_q75,q75,12,replay,cap-empirical,400,1.0,0.75,133,15.2428,13,13,0,0,2607.1591999999996,1.28603,1.2860301750255658,>=1.2,0.6265418697868544,0.5-0.75,0.7877383168622767,-0.16119644707542224,3.9619492481696272,0.623315439063079,0.5384615384615384,1305.0992,1353.0992,1393.61,1293.7324,v2rl301,-48.0,-88.51079999999979,-0.03677881344192074,-0.06781921251656563
c12_final_400_0028_q75,c12_final_400_0028,cap_q75,q75,12,replay,cap-empirical,400,1.0,0.75,133,32.0,13,13,0,0,2141.5648,0.503187,0.5031872180451128,0.5-0.8,0.0,<0.25,0.0,0.0,0.8268518382352942,0.33735431621311196,0.0,3264.3972,3295.2920000000004,3292.4184,3254.4184,v2rl302,-30.894800000000487,-28.021200000000135,-0.009464166921844097,-0.008583881887902654
c12_final_400_0029_q75,c12_final_400_0029,cap_q75,q75,12,replay,cap-empirical,400,1.0,0.75,133,32.2964,13,13,0,0,3007.3202,0.700122,0.7001223069812107,0.5-0.8,0.4859272384763019,0.25-0.5,0.4859272384763019,0.0,2.0400354219046086,0.566554405542836,0.38461538461538464,883.5668000000001,910.484,904.184,883.5668000000001,edd,-26.91719999999998,-20.61719999999991,-0.03046425012800388,-0.02333405917922664
c01_final_150_0000_q90,c01_final_150_0000,cap_q90,q90,1,replay,cap-empirical,150,1.0,0.9,80,13.8719,11,10,0,0,787.7296,0.709825,0.7098248978150073,0.5-0.8,0.6312186313679212,0.5-0.75,0.6312186313679211,1.1102230246251565e-16,1.386073044548091,0.37114047308667714,0.4,422.4592,422.4592,422.4592,422.4592,edd,0.0,0.0,0.0,0.0
c01_final_150_0001_q90,c01_final_150_0001,cap_q90,q90,1,replay,cap-empirical,150,1.0,0.9,80,3.1106,11,7,0,0,368.8648,1.48229,1.482289590432714,>=1.2,0.9444240816689475,>=0.75,0.9444240816689475,0.0,4.239353608092759,0.39965207399097474,0.42857142857142855,0.0,0.0,0.0,0.0,edd,0.0,0.0,,
c01_final_150_0002_q90,c01_final_150_0002,cap_q90,q90,1,replay,cap-empirical,150,1.0,0.9,80,16.0,11,9,0,0,403.75,0.31543,0.3154296875,<0.5,0.0,<0.25,0.0,0.0,0.734375,0.27867389374626594,0.0,8.0,8.0,8.0,8.0,edd,0.0,0.0,0.0,0.0
c01_final_150_0003_q90,c01_final_150_0003,cap_q90,q90,1,replay,cap-empirical,150,1.0,0.9,80,8.2836,11,8,0,0,299.0,0.451193,0.4511927181418707,<0.5,0.0,<0.25,0.0,0.0,0.8953434094677033,0.34858346306688065,0.0,0.0,0.0,0.0,0.0,edd,0.0,0.0,,
c01_final_150_0004_q90,c01_final_150_0004,cap_q90,q90,1,replay,cap-empirical,150,1.0,0.9,80,1.0,11,7,0,0,283.0,3.5375,3.5375,>=1.2,0.9823321554770318,>=0.75,0.9823321554770318,0.0,20.0,0.8326111726390933,0.8571428571428571,0.0,0.0,0.0,0.0,edd,0.0,0.0,,
c01_final_150_0005_q90,c01_final_150_0005,cap_q90,q90,1,replay,cap-empirical,150,1.0,0.9,80,16.0,11,11,0,0,482.8648,0.377238,0.377238125,<0.5,0.2699819908181338,0.25-0.5,0.2699819908181338,0.0,1.6295600000000001,0.6715677744965748,0.09090909090909091,41.90400000000001,41.90400000000001,41.90400000000001,41.90400000000001,edd,0.0,0.0,0.0,0.0
c01_final_150_0006_q90,c01_final_150_0006,cap_q90,q90,1,replay,cap-empirical,150,1.0,0.9,80,15.3353,11,8,0,0,634.1148000000001,0.516875,0.5168751181913624,0.5-0.8,0.46105973240176695,0.25-0.5,0.0,0.46105973240176695,1.0591569052375167,0.3269354602546012,0.125,292.0,292.0,292.0,292.0,edd,0.0,0.0,0.0,0.0
c01_final_150_0007_q90,c01_final_150_0007,cap_q90,q90,1,replay,cap-empirical,150,1.0,0.9,80,17.2303,11,10,0,0,717.9796,0.52087,0.5208699210112419,0.5-0.8,0.0,<0.25,0.0,0.0,0.8790231936375649,0.26905322582425706,0.0,36.0,36.0,36.0,36.0,edd,0.0,0.0,0.0,0.0
c01_final_150_0008_q90,c01_final_150_0008,cap_q90,q90,1,replay,cap-empirical,150,1.0,0.9,80,15.1819,11,9,0,0,426.75,0.351364,0.35136412438495834,<0.5,0.0,<0.25,0.0,0.0,0.7574809477074674,0.2909671310656588,0.0,26.0,26.0,26.0,26.0,edd,0.0,0.0,0.0,0.0
c01_final_150_0009_q90,c01_final_150_0009,cap_q90,q90,1,replay,cap-empirical,150,1.0,0.9,80,8.2975,11,7,0,0,403.5,0.607864,0.6078638144019284,0.5-0.8,0.0,<0.25,0.265179677819083,-0.265179677819083,0.9919577259137369,0.16614647407740535,0.0,0.0,0.0,0.0,0.0,edd,0.0,0.0,,
c01_final_150_0010_q90,c01_final_150_0010,cap_q90,q90,1,replay,cap-empirical,150,1.0,0.9,80,4.8317,11,9,0,0,462.8648,1.197469,1.1974687998013123,1.0-1.2,0.7342636553913799,0.5-0.75,0.7342636553913799,0.0,5.6445888610633945,0.8009249502764509,0.4444444444444444,21.729600000000005,21.729600000000005,21.729600000000005,21.729600000000005,edd,0.0,0.0,0.0,0.0
c01_final_150_0011_q90,c01_final_150_0011,cap_q90,q90,1,replay,cap-empirical,150,1.0,0.9,80,8.0,11,8,0,0,547.0,0.854688,0.8546875,0.8-1.0,0.7938756855575868,>=0.75,0.7938756855575868,0.0,2.1979166666666665,0.4007205671456706,0.25,48.0,48.0,48.0,48.0,edd,0.0,0.0,0.0,0.0
c01_final_150_0012_q90,c01_final_150_0012,cap_q90,q90,1,replay,cap-empirical,150,1.0,0.9,80,7.1936,11,10,0,0,468.7296,0.814491,0.8144906583629893,0.8-1.0,0.5775816163519436,0.5-0.75,0.5775816163519436,0.0,4.210446322657177,0.7398789010856288,0.2,0.0,0.0,0.0,0.0,edd,0.0,0.0,,
c01_final_150_0013_q90,c01_final_150_0013,cap_q90,q90,1,replay,cap-empirical,150,1.0,0.9,80,5.0236,11,9,0,0,464.5,1.155795,1.1557946492555138,1.0-1.2,0.9171151776103337,>=0.75,0.9171151776103337,0.0,4.4290946731427665,0.518997752964325,0.5555555555555556,282.0,282.0,282.0,282.0,edd,0.0,0.0,0.0,0.0
c01_final_150_0014_q90,c01_final_150_0014,cap_q90,q90,1,replay,cap-empirical,150,1.0,0.9,80,13.1739,11,7,0,0,430.75,0.408715,0.40871533866205145,<0.5,0.4689495066744051,0.25-0.5,0.4689495066744051,0.0,1.1794883472974245,0.5028405062200278,0.14285714285714285,152.0,152.0,152.0,152.0,edd,0.0,0.0,0.0,0.0
c01_final_150_0015_q90,c01_final_150_0015,cap_q90,q90,1,replay,cap-empirical,150,1.0,0.9,80,12.6453,11,8,0,0,464.6148,0.459276,0.45927617375625723,<0.5,0.30533852989616345,0.25-0.5,0.1955701798565177,0.10976835003964575,1.1976096520709933,0.4312338674179448,0.25,0.0,0.0,0.0,0.0,edd,0.0,0.0,,
c01_final_150_0016_q90,c01_final_150_0016,cap_q90,q90,1,replay,cap-empirical,150,1.0,0.9,80,25.0833,11,7,0,0,633.2296,0.315563,0.3155633429413195,<0.5,0.286988479376201,0.25-0.5,0.286988479376201,0.0,1.2075072525013324,0.6533287025276958,0.14285714285714285,4.0,4.0,4.0,4.0,edd,0.0,0.0,0.0,0.0
c01_final_150_0017_q90,c01_final_150_0017,cap_q90,q90,1,replay,cap-empirical,150,1.0,0.9,80,16.4069,11,9,0,0,621.3648000000001,0.473402,0.47340204426186544,<0.5,0.5043169487553849,0.5-0.75,0.0,0.5043169487553849,1.0610874422075807,0.4517677151368632,0.1111111111111111,220.0,220.0,220.0,220.0,edd,0.0,0.0,0.0,0.0
c01_final_150_0018_q90,c01_final_150_0018,cap_q90,q90,1,replay,cap-empirical,150,1.0,0.9,80,8.0,11,9,0,0,559.25,0.873828,0.873828125,0.8-1.0,0.4801072865444792,0.25-0.5,0.4801072865444792,0.0,2.4375,0.5029825705281876,0.2222222222222222,175.2388,175.2388,175.2388,175.2388,edd,0.0,0.0,0.0,0.0
c01_final_150_0019_q90,c01_final_150_0019,cap_q90,q90,1,replay,cap-empirical,150,1.0,0.9,80,1.0,11,6,0,0,274.5,3.43125,3.43125,>=1.2,0.9854280510018215,>=0.75,0.9854280510018215,0.0,9.833333333333334,0.45936692310593596,0.8333333333333334,0.0,0.0,0.0,0.0,edd,0.0,0.0,,
c01_final_150_0020_q90,c01_final_150_0020,cap_q90,q90,1,replay,cap-empirical,150,1.0,0.9,80,8.0,11,10,0,0,495.1148,0.773617,0.773616875,0.5-0.8,0.23630883181031956,<0.25,0.42616379070066174,-0.18985495889034218,1.625,0.33888555168075973,0.1,267.4592,267.4592,267.4592,267.4592,edd,0.0,0.0,0.0,0.0
c01_final_150_0021_q90,c01_final_150_0021,cap_q90,q90,1,replay,cap-empirical,150,1.0,0.9,80,19.2869,11,9,0,0,382.5,0.247901,0.24790142531977663,<0.5,0.0,<0.25,0.0,0.0,0.5404226144728767,0.4583787020857496,0.0,0.0,0.0,0.0,0.0,edd,0.0,0.0,,
c01_final_150_0022_q90,c01_final_150_0022,cap_q90,q90,1,replay,cap-empirical,150,1.0,0.9,80,16.0233,11,9,0,0,449.6148,0.350751,0.35075078167418694,<0.5,0.27660299438541613,0.25-0.5,0.27660299438541613,0.0,1.293582886588073,0.6473670580003419,0.1111111111111111,21.729599999999976,21.729599999999976,21.729599999999976,21.729599999999976,edd,0.0,0.0,0.0,0.0
c01_final_150_0023_q90,c01_final_150_0023,cap_q90,q90,1,replay,cap-empirical,150,1.0,0.9,80,30.1781,11,8,0,0,450.25,0.186497,0.18649699616609394,<0.5,0.0,<0.25,0.0,0.0,0.5011912612126012,0.42588045518435025,0.0,125.99999999999996,125.99999999999996,125.99999999999996,125.99999999999996,edd,0.0,0.0,0.0,0.0
c01_final_150_0024_q90,c01_final_150_0024,cap_q90,q90,1,replay,cap-empirical,150,1.0,0.9,80,8.0,11,11,0,0,418.75,0.654297,0.654296875,0.5-0.8,0.09313432835820895,<0.25,0.3534328358208955,-0.26029850746268657,1.625,0.4045185442091117,0.09090909090909091,114.0,114.0,114.0,114.0,edd,0.0,0.0,0.0,0.0
c01_final_150_0025_q90,c01_final_150_0025,cap_q90,q90,1,replay,cap-empirical,150,1.0,0.9,80,12.7486,11,8,0,0,695.3648000000001,0.681805,0.6818050609478689,0.5-0.8,0.27036168641265707,0.25-0.5,0.27036168641265707,0.0,1.6385241429560022,0.4038909654516619,0.125,0.0,0.0,0.0,0.0,edd,0.0,0.0,,
c01_final_150_0026_q90,c01_final_150_0026,cap_q90,q90,1,replay,cap-empirical,150,1.0,0.9,80,13.5761,11,7,0,0,469.0,0.431825,0.4318250454843438,<0.5,0.0,<0.25,0.0,0.0,0.8286621341917045,0.2641319509489178,0.0,0.0,0.0,0.0,0.0,edd,0.0,0.0,,
c01_final_150_0027_q90,c01_final_150_0027,cap_q90,q90,1,replay,cap-empirical,150,1.0,0.9,80,8.0,11,9,0,0,361.0,0.564063,0.5640625,0.5-0.8,0.07756232686980609,<0.25,0.07756232686980609,0.0,1.1666666666666667,0.3442524986687348,0.1111111111111111,0.0,0.0,0.0,0.0,edd,0.0,0.0,,
c01_final_150_0028_q90,c01_final_150_0028,cap_q90,q90,1,replay,cap-empirical,150,1.0,0.9,80,8.0,11,10,0,0,545.2296,0.851921,0.85192125,0.8-1.0,0.7945819522637803,>=0.75,0.7945819522637803,0.0,3.7860333333333336,0.7231285026366971,0.4,0.0,0.0,0.0,0.0,edd,0.0,0.0,,
c01_final_150_0029_q90,c01_final_150_0029,cap_q90,q90,1,replay,cap-empirical,150,1.0,0.9,80,11.2108,11,11,0,0,570.8648000000001,0.636512,0.6365121133192992,0.5-0.8,0.5103919527005343,0.5-0.75,0.4315641812211928,0.0788277714793415,1.4400518547591012,0.3639571597426036,0.2727272727272727,154.0,154.0,154.0,154.0,edd,0.0,0.0,0.0,0.0
c02_final_150_0000_q90,c02_final_150_0000,cap_q90,q90,2,replay,cap-empirical,150,1.0,0.9,30,27.7333,7,7,0,0,1018.3796,1.224015,1.2240154134800643,>=1.2,0.701113415861826,0.5-0.75,0.7737582331774912,-0.07264481731566519,2.4396952400183176,0.4063572540553106,0.2857142857142857,1480.555,1489.755,1500.1222,1477.535,v2rl307,-9.200000000000045,-19.567199999999957,-0.006213886008962885,-0.013216125034193229
c02_final_150_0001_q90,c02_final_150_0001,cap_q90,q90,2,replay,cap-empirical,150,1.0,0.9,30,31.9333,7,7,0,0,1378.3840000000002,1.438816,1.4388156981374722,>=1.2,0.7659035508247339,>=0.75,0.7659035508247338,1.1102230246251565e-16,3.271606755330642,0.46445376487018447,0.5714285714285714,876.5706,992.2506,981.9038,876.5706,edd,-115.67999999999995,-105.33320000000003,-0.13196883399922374,-0.12016510706610516
c02_final_150_0002_q90,c02_final_150_0002,cap_q90,q90,2,replay,cap-empirical,150,1.0,0.9,30,32.2833,7,7,0,0,963.1547999999997,0.994482,0.9944819767495886,0.8-1.0,0.5493974592661532,0.5-0.75,0.6343682240902502,-0.08497076482409693,1.9938585377992137,0.46005539957186836,0.2857142857142857,864.8056,912.5524,940.0192000000002,864.8056,edd,-47.74680000000001,-75.21360000000016,-0.05521102083520274,-0.08697168473469662
c02_final_150_0003_q90,c02_final_150_0003,cap_q90,q90,2,replay,cap-empirical,150,1.0,0.9,30,6.7,7,7,0,0,584.2396,2.906665,2.9066646766169155,>=1.2,0.912347605331785,>=0.75,0.912347605331785,0.0,6.749059701492539,0.33489674403652414,0.5714285714285714,182.5296,182.5296,182.5296,182.5296,edd,0.0,0.0,0.0,0.0
c02_final_150_0004_q90,c02_final_150_0004,cap_q90,q90,2,replay,cap-empirical,150,1.0,0.9,30,6.05,7,7,0,0,667.3243999999999,3.676718,3.6767184573002747,>=1.2,0.9488554592039494,>=0.75,0.9951298049344517,-0.046274345730502264,8.95687052341598,0.45621628492232,0.5714285714285714,600.7744000000001,600.7744000000001,600.7744000000001,600.7744000000001,edd,0.0,0.0,0.0,0.0
c02_final_150_0005_q90,c02_final_150_0005,cap_q90,q90,2,replay,cap-empirical,150,1.0,0.9,30,13.4833,7,7,0,0,486.46,1.202623,1.2026234922706853,>=1.2,0.680528717674629,0.5-0.75,0.680528717674629,0.0,2.3051972934420113,0.4490583025860966,0.42857142857142855,14.399999999999991,17.279999999999987,14.399999999999991,6.040000000000006,v2rl302,-2.8799999999999955,0.0,-0.1999999999999998,0.0
c02_final_150_0006_q90,c02_final_150_0006,cap_q90,q90,2,replay,cap-empirical,150,1.0,0.9,30,28.6,7,7,0,0,1391.4088000000004,1.621689,1.6216885780885786,>=1.2,0.8252993656501239,>=0.75,0.8252993656501239,0.0,3.8650885780885775,0.499876511175091,0.42857142857142855,2268.492,1643.77,1691.3436000000002,1643.77,wmdd,624.7220000000002,577.1484,0.2753908764060002,0.2544194116620204
c02_final_150_0007_q90,c02_final_150_0007,cap_q90,q90,2,replay,cap-empirical,150,1.0,0.9,30,28.4,7,7,0,0,1405.9743999999992,1.650205,1.6502046948356797,>=1.2,0.8386172607410207,>=0.75,0.8386172607410207,0.0,4.162910798122065,0.41872750039627166,0.2857142857142857,4443.961400000001,2952.1416,3129.0484,2952.1416,wmdd,1491.8198000000011,1314.913000000001,0.3356959401132514,0.2958875835420174
c02_final_150_0008_q90,c02_final_150_0008,cap_q90,q90,2,replay,cap-empirical,150,1.0,0.9,30,31.2167,7,7,0,0,1462.4840000000002,1.561647,1.5616470244025369,>=1.2,0.9373463231050732,>=0.75,0.9373463231050734,-2.220446049250313e-16,4.00981525914014,0.5769395374383262,0.7142857142857143,1055.9272,1076.5442000000005,1082.2738000000002,1055.9272,edd,-20.617000000000417,-26.34660000000008,-0.01952502028548977,-0.024951151935474414
c02_final_150_0009_q90,c02_final_150_0009,cap_q90,q90,2,replay,cap-empirical,150,1.0,0.9,30,38.9,7,7,0,0,1515.6291999999996,1.29874,1.2987396743787487,>=1.2,0.870842551727032,>=0.75,0.870842551727032,0.0,2.7813179091688096,0.38517102133768955,0.5714285714285714,1255.0976,1314.8908,1428.9504000000002,1210.4368,v2rl310,-59.79319999999984,-173.85280000000012,-0.04764027913048343,-0.13851735514433308
c02_final_150_0010_q90,c02_final_150_0010,cap_q90,q90,2,replay,cap-empirical,150,1.0,0.9,30,27.0,7,7,0,0,830.8347999999996,1.025722,1.0257219753086415,1.0-1.2,0.6894328451335932,0.5-0.75,0.6894328451335933,-1.1102230246251565e-16,2.4879012345679015,0.5104956309768403,0.42857142857142855,472.6192000000001,472.6192000000001,500.00640000000016,472.6192000000001,edd,0.0,-27.387200000000064,0.0,-0.057947709276305444
c02_final_150_0011_q90,c02_final_150_0011,cap_q90,q90,2,replay,cap-empirical,150,1.0,0.9,30,27.5,7,7,0,0,1616.3988000000006,1.959271,1.9592712727272734,>=1.2,0.9277777241606465,>=0.75,0.9277777241606465,0.0,4.0624824242424245,0.3734260712842924,0.5714285714285714,2673.5312,2462.7954000000004,2678.0554,2462.7954000000004,wmdd,210.73579999999947,-4.524200000000292,0.07882301878504334,-0.0016922188901331288
c02_final_150_0012_q90,c02_final_150_0012,cap_q90,q90,2,replay,cap-empirical,150,1.0,0.9,30,26.35,7,7,0,0,1206.5540000000005,1.526318,1.5263175205566104,>=1.2,0.8541548907052648,>=0.75,0.8541548907052645,3.3306690738754696e-16,3.385639468690702,0.40656673135211957,0.42857142857142855,1563.9566,1589.8766,1607.2362,1559.897,v2rl308,-25.920000000000073,-43.27960000000007,-0.016573349925439154,-0.027673146428743658
c02_final_150_0013_q90,c02_final_150_0013,cap_q90,q90,2,replay,cap-empirical,150,1.0,0.9,30,29.7,7,7,0,0,1340.474,1.50446,1.5044601571268237,>=1.2,0.9392975917473967,>=0.75,0.9392975917473967,0.0,3.5596206509539843,0.4360080098843673,0.5714285714285714,2855.403600000001,2077.2248,2144.7048,2077.2248,wmdd,778.178800000001,710.698800000001,0.2725284789862984,0.24889609300765775
c02_final_150_0014_q90,c02_final_150_0014,cap_q90,q90,2,replay,cap-empirical,150,1.0,0.9,30,25.2,7,7,0,0,1629.7291999999998,2.155726,2.1557264550264548,>=1.2,0.904821733573897,>=0.75,0.904821733573897,0.0,5.300526455026456,0.5095456093383657,0.5714285714285714,3301.4034000000006,2949.45,3239.7896,2949.45,wmdd,351.9534000000008,61.61380000000054,0.10660720831631806,0.018662911657509204
c02_final_150_0015_q90,c02_final_150_0015,cap_q90,q90,2,replay,cap-empirical,150,1.0,0.9,30,14.1,7,7,0,0,701.8947999999998,1.659326,1.6593257683215126,>=1.2,0.9835018011246129,>=0.75,0.9431966157891467,0.04030518533546623,4.68321513002364,0.630425225222793,0.8571428571428571,746.0496,751.7696,751.4496,743.7696,v2rl301,-5.719999999999914,-5.399999999999977,-0.007667050555351699,-0.007238124650157277
c02_final_150_0016_q90,c02_final_150_0016,cap_q90,q90,2,replay,cap-empirical,150,1.0,0.9,30,25.0833,7,7,0,0,1343.7591999999997,1.785729,1.7857288846895474,>=1.2,0.8778352550069982,>=0.75,0.8778352550069982,0.0,5.008740210950446,0.5105885004671965,0.5714285714285714,5436.982799999999,2605.218800000001,2692.6464,2605.218800000001,wmdd,2831.763999999998,2744.336399999999,0.5208337241751065,0.5047535555933705
c05_final_150_0000_q90,c05_final_150_0000,cap_q90,q90,5,replay,cap-empirical,150,1.0,0.9,70,8.0,11,6,0,0,602.0,1.075,1.075,1.0-1.2,0.6486710963455149,0.5-0.75,0.6669435215946844,-0.0182724252491695,3.254166666666667,0.499289308797043,0.16666666666666666,0.0,0.0,0.0,0.0,edd,0.0,0.0,,
c05_final_150_0001_q90,c05_final_150_0001,cap_q90,q90,5,replay,cap-empirical,150,1.0,0.9,70,10.6764,11,9,0,0,369.0,0.493746,0.4937458854509546,<0.5,0.11788617886178862,<0.25,0.11788617886178862,0.0,1.35813570117268,0.4023071601825631,0.1111111111111111,0.0,0.0,0.0,0.0,edd,0.0,0.0,,
c05_final_150_0002_q90,c05_final_150_0002,cap_q90,q90,5,replay,cap-empirical,150,1.0,0.9,70,15.3025,11,9,0,0,480.89999999999986,0.448946,0.44894625061264487,<0.5,0.15595757953836556,<0.25,0.15595757953836556,0.0,1.8297663780428035,0.6526670951924467,0.2222222222222222,0.0,0.0,0.0,0.0,edd,0.0,0.0,,
c05_final_150_0003_q90,c05_final_150_0003,cap_q90,q90,5,replay,cap-empirical,150,1.0,0.9,70,11.0142,11,8,0,0,601.5,0.780162,0.7801617133207263,0.5-0.8,0.42726517040731504,0.25-0.5,0.3865336658354115,0.040731504571903554,3.1096221241669846,0.7013144766331524,0.375,0.0,0.0,0.0,0.0,edd,0.0,0.0,,
c05_final_150_0004_q90,c05_final_150_0004,cap_q90,q90,5,replay,cap-empirical,150,1.0,0.9,70,16.0,11,9,0,0,572.0,0.510714,0.5107142857142857,0.5-0.8,0.32167832167832167,0.25-0.5,0.32167832167832167,0.0,5.96875,1.329762971996369,0.3333333333333333,30.9554,30.9554,30.9554,30.9554,edd,0.0,0.0,0.0,0.0
c05_final_150_0005_q90,c05_final_150_0005,cap_q90,q90,5,replay,cap-empirical,150,1.0,0.9,70,16.0,11,9,0,0,685.5648,0.612111,0.6121114285714285,0.5-0.8,0.23318700143297902,<0.25,0.23318700143297902,0.0,1.4375,0.43420246162026677,0.2222222222222222,21.729600000000005,21.729600000000005,21.729600000000005,21.729600000000005,edd,0.0,0.0,0.0,0.0
c05_final_150_0006_q90,c05_final_150_0006,cap_q90,q90,5,replay,cap-empirical,150,1.0,0.9,70,18.5356,11,9,0,0,358.6,0.276379,0.2763793533987108,<0.5,0.0,<0.25,0.0,0.0,0.593452599322385,0.3052320442116307,0.0,0.0,0.0,0.0,0.0,edd,0.0,0.0,,
c05_final_150_0007_q90,c05_final_150_0007,cap_q90,q90,5,replay,cap-empirical,150,1.0,0.9,70,15.4717,11,7,0,0,460.37999999999994,0.425089,0.42508949519814515,<0.5,0.0,<0.25,0.0,0.0,0.7169218637900167,0.23530089876592553,0.0,0.0,0.0,0.0,0.0,edd,0.0,0.0,,
c05_final_150_0008_q90,c05_final_150_0008,cap_q90,q90,5,replay,cap-empirical,150,1.0,0.9,70,30.2264,11,8,0,0,576.8648000000001,0.27264,0.2726400006049584,<0.5,0.0,<0.25,0.0,0.0,0.4297894114637094,0.21550134451191805,0.0,0.0,0.0,0.0,0.0,edd,0.0,0.0,,
c05_final_150_0009_q90,c05_final_150_0009,cap_q90,q90,5,replay,cap-empirical,150,1.0,0.9,70,4.9972,11,8,0,0,426.2,1.218397,1.2183965878034555,>=1.2,0.8029094321914594,>=0.75,0.8029094321914594,0.0,4.552549427679501,0.4921518668434901,0.25,16.754400000000004,17.754400000000004,16.754400000000004,16.754400000000004,edd,-1.0,0.0,-0.059685813875758,0.0
c05_final_150_0010_q90,c05_final_150_0010,cap_q90,q90,5,replay,cap-empirical,150,1.0,0.9,70,8.8083,11,8,0,0,529.2,0.858281,0.8582813936855014,0.8-1.0,0.5115268329554044,0.5-0.75,0.42271352985638694,0.08881330309901742,1.693100068496002,0.36015988013547895,0.25,0.0,0.0,0.0,0.0,edd,0.0,0.0,,
c05_final_150_0011_q90,c05_final_150_0011,cap_q90,q90,5,replay,cap-empirical,150,1.0,0.9,70,16.0,11,7,0,0,379.5,0.338839,0.33883928571428573,<0.5,0.0,<0.25,0.057971014492753624,-0.057971014492753624,0.6875,0.2584797686099422,0.0,0.0,0.0,0.0,0.0,edd,0.0,0.0,,
c05_final_150_0012_q90,c05_final_150_0012,cap_q90,q90,5,replay,cap-empirical,150,1.0,0.9,70,16.0,11,9,0,0,494.76480000000004,0.441754,0.44175428571428577,<0.5,0.0,<0.25,0.0,0.0,0.8541666666666666,0.28263063093989466,0.0,21.729600000000005,21.729600000000005,21.729600000000005,21.729600000000005,edd,0.0,0.0,0.0,0.0
c05_final_150_0013_q90,c05_final_150_0013,cap_q90,q90,5,replay,cap-empirical,150,1.0,0.9,70,1.3619,11,6,0,0,589.8,6.186735,6.186734918653561,>=1.2,0.9983045100033909,>=0.75,0.9983045100033909,0.0,12.403889524089244,0.318627613106287,0.8333333333333334,0.0,0.0,0.0,0.0,edd,0.0,0.0,,
c05_final_150_0014_q90,c05_final_150_0014,cap_q90,q90,5,replay,cap-empirical,150,1.0,0.9,70,16.0,11,8,0,0,579.0,0.516964,0.5169642857142858,0.5-0.8,0.0,<0.25,0.04145077720207254,-0.04145077720207254,0.75,0.18965104423727958,0.0,0.0,0.0,0.0,0.0,edd,0.0,0.0,,
c05_final_150_0015_q90,c05_final_150_0015,cap_q90,q90,5,replay,cap-empirical,150,1.0,0.9,70,24.0,11,6,0,0,530.1,0.315536,0.3155357142857143,<0.5,0.0,<0.25,0.0660252782493869,-0.0660252782493869,0.7291666666666666,0.2533682364632943,0.0,0.0,0.0,0.0,0.0,edd,0.0,0.0,,
c05_final_150_0016_q90,c05_final_150_0016,cap_q90,q90,5,replay,cap-empirical,150,1.0,0.9,70,16.0,11,8,0,0,554.0000000000001,0.494643,0.4946428571428572,<0.5,0.09350180505415162,<0.25,0.4907942238267148,-0.39729241877256316,1.0791666666666666,0.3724855417025751,0.125,0.0,0.0,0.0,0.0,edd,0.0,0.0,,
c05_final_150_0017_q90,c05_final_150_0017,cap_q90,q90,5,replay,cap-empirical,150,1.0,0.9,70,13.4025,11,9,0,0,536.8,0.572175,0.5721747008820316,0.5-0.8,0.0,<0.25,0.34463487332339793,-0.34463487332339793,0.9202263259342163,0.24005580704986382,0.0,0.0,0.0,0.0,0.0,edd,0.0,0.0,,
c05_final_150_0018_q90,c05_final_150_0018,cap_q90,q90,5,replay,cap-empirical,150,1.0,0.9,70,11.0367,11,7,0,0,470.6,0.609137,0.6091365301998916,0.5-0.8,0.0,<0.25,0.0743731406714832,-0.0743731406714832,0.8332589063242247,0.16724501476485656,0.0,0.0,0.0,0.0,0.0,edd,0.0,0.0,,
c05_final_150_0019_q90,c05_final_150_0019,cap_q90,q90,5,replay,cap-empirical,150,1.0,0.9,70,15.5669,11,8,0,0,431.59999999999997,0.396078,0.39607849255242117,<0.5,0.11700648748841519,<0.25,0.11700648748841519,0.0,1.6220313614142827,0.6480131988228567,0.125,0.0,0.0,0.0,0.0,edd,0.0,0.0,,
c05_final_150_0020_q90,c05_final_150_0020,cap_q90,q90,5,replay,cap-empirical,150,1.0,0.9,70,8.6214,11,8,0,0,543.0200000000001,0.899788,0.8997875717897991,0.8-1.0,0.4235571433833008,0.25-0.5,0.4843283856948179,-0.06077124231151709,4.446300291522646,0.7759968938889723,0.125,0.0,0.0,0.0,0.0,edd,0.0,0.0,,
c05_final_150_0021_q90,c05_final_150_0021,cap_q90,q90,5,replay,cap-empirical,150,1.0,0.9,70,1.3072,11,8,0,0,465.6,5.088302,5.088302150725652,>=1.2,0.9860395189003437,>=0.75,0.9860395189003437,0.0,126.22399020807835,1.196869384689596,0.75,0.0,0.0,0.0,0.0,edd,0.0,0.0,,
c05_final_150_0022_q90,c05_final_150_0022,cap_q90,q90,5,replay,cap-empirical,150,1.0,0.9,70,14.7372,11,7,0,0,348.50000000000006,0.337823,0.33782342836980084,<0.5,0.0,<0.25,0.06169296987087518,-0.06169296987087518,0.7294465705832859,0.2330870401275142,0.0,0.0,0.0,0.0,0.0,edd,0.0,0.0,,
c05_final_150_0023_q90,c05_final_150_0023,cap_q90,q90,5,replay,cap-empirical,150,1.0,0.9,70,9.2361,11,8,0,0,452.29999999999995,0.699584,0.69958408542876,0.5-0.8,0.15476453681185057,<0.25,0.15476453681185057,0.0,2.52631882865423,0.5885659536508783,0.125,0.0,0.0,0.0,0.0,edd,0.0,0.0,,
c05_final_150_0024_q90,c05_final_150_0024,cap_q90,q90,5,replay,cap-empirical,150,1.0,0.9,70,12.9672,11,8,0,0,633.0,0.697364,0.6973638983633431,0.5-0.8,0.15402843601895735,<0.25,0.18372827804107425,-0.029699842022116896,1.3013603553581343,0.2392964235620317,0.25,0.0,0.0,0.0,0.0,edd,0.0,0.0,,
c05_final_150_0025_q90,c05_final_150_0025,cap_q90,q90,5,replay,cap-empirical,150,1.0,0.9,70,16.3625,11,9,0,0,654.5999999999999,0.571516,0.5715158790789042,0.5-0.8,0.17629086465016805,<0.25,0.21677360219981667,-0.04048273754964862,1.6786350903997962,0.49216240480322065,0.2222222222222222,0.0,0.0,0.0,0.0,edd,0.0,0.0,,
c05_final_150_0026_q90,c05_final_150_0026,cap_q90,q90,5,replay,cap-empirical,150,1.0,0.9,70,17.0006,11,7,0,0,465.1,0.390827,0.3908265422564918,<0.5,0.07095248333691678,<0.25,0.07095248333691678,0.0,1.941107960895498,0.6853607690697329,0.14285714285714285,0.0,0.0,0.0,0.0,edd,0.0,0.0,,
c05_final_150_0027_q90,c05_final_150_0027,cap_q90,q90,5,replay,cap-empirical,150,1.0,0.9,70,7.4294,11,7,0,0,616.9000000000001,1.186214,1.186213845378785,1.0-1.2,0.9610958015885881,>=0.75,0.9610958015885879,2.220446049250313e-16,4.630252779497671,0.4916006515918593,0.5714285714285714,0.0,0.0,0.0,0.0,edd,0.0,0.0,,
c05_final_150_0028_q90,c05_final_150_0028,cap_q90,q90,5,replay,cap-empirical,150,1.0,0.9,70,5.2219,11,8,0,0,476.2,1.302755,1.302755154801345,>=1.2,0.6860562788744226,0.5-0.75,0.6860562788744226,0.0,6.054628902634418,0.7308762233360905,0.375,0.0,0.0,0.0,0.0,edd,0.0,0.0,,
c05_final_150_0029_q90,c05_final_150_0029,cap_q90,q90,5,replay,cap-empirical,150,1.0,0.9,70,26.9886,11,6,0,0,744.8648000000001,0.394275,0.39427483138383296,<0.5,0.0,<0.25,0.0,0.0,0.7135476954467195,0.22526197404653348,0.0,21.729600000000005,21.729600000000005,21.729600000000005,21.729600000000005,edd,0.0,0.0,0.0,0.0
c09_final_150_0000_q90,c09_final_150_0000,cap_q90,q90,9,replay,cap-empirical,150,1.0,0.9,82,22.0333,13,11,0,0,569.25,0.315072,0.3150718762387707,<0.5,0.0,<0.25,0.0,0.0,0.7057499330558745,0.38800475134314544,0.0,430.0,430.0,430.0,430.0,edd,0.0,0.0,0.0,0.0
c09_final_150_0001_q90,c09_final_150_0001,cap_q90,q90,9,replay,cap-empirical,150,1.0,0.9,82,16.0,13,10,0,0,628.25,0.478849,0.47884908536585363,<0.5,0.21727019498607242,<0.25,0.21727019498607242,0.0,1.278125,0.4580793649900962,0.2,23.0,23.0,23.0,23.0,edd,0.0,0.0,0.0,0.0
c09_final_150_0002_q90,c09_final_150_0002,cap_q90,q90,9,replay,cap-empirical,150,1.0,0.9,82,21.5,13,12,0,0,779.6148000000001,0.442209,0.44220918888258653,<0.5,0.13995988788309302,<0.25,0.13995988788309302,0.0,1.0150213953488372,0.4123833235001951,0.08333333333333333,329.0,329.0,329.0,329.0,edd,0.0,0.0,0.0,0.0
c09_final_150_0003_q90,c09_final_150_0003,cap_q90,q90,9,replay,cap-empirical,150,1.0,0.9,82,24.0,13,12,0,0,570.5,0.289888,0.28988821138211385,<0.5,0.0,<0.25,0.0,0.0,0.515625,0.24391013369914427,0.0,160.0,160.0,160.0,160.0,edd,0.0,0.0,0.0,0.0
c09_final_150_0004_q90,c09_final_150_0004,cap_q90,q90,9,replay,cap-empirical,150,1.0,0.9,82,8.0,13,11,0,0,475.5,0.724848,0.7248475609756098,0.5-0.8,0.5052576235541535,0.5-0.75,0.5052576235541535,0.0,4.004464285714286,0.7826594710103896,0.18181818181818182,0.0,0.0,0.0,0.0,edd,0.0,0.0,,
c09_final_150_0005_q90,c09_final_150_0005,cap_q90,q90,9,replay,cap-empirical,150,1.0,0.9,82,19.35,13,11,0,0,862.9796000000001,0.543883,0.5438832797630303,0.5-0.8,0.28358677308246916,0.25-0.5,0.28358677308246916,0.0,2.5295049095607234,0.8256569533161167,0.09090909090909091,355.4592,355.4592,355.4592,355.4592,edd,0.0,0.0,0.0,0.0
c09_final_150_0006_q90,c09_final_150_0006,cap_q90,q90,9,replay,cap-empirical,150,1.0,0.9,82,24.0,13,12,0,0,475.0,0.241362,0.24136178861788618,<0.5,0.0,<0.25,0.0,0.0,0.5833333333333334,0.41640407920495415,0.0,76.0,76.0,76.0,76.0,edd,0.0,0.0,0.0,0.0
c09_final_150_0007_q90,c09_final_150_0007,cap_q90,q90,9,replay,cap-empirical,150,1.0,0.9,82,24.0,13,11,0,0,533.25,0.27096,0.2709603658536585,<0.5,0.0,<0.25,0.0,0.0,0.75,0.3526504422886932,0.0,64.0,64.0,64.0,64.0,edd,0.0,0.0,0.0,0.0
c09_final_150_0008_q90,c09_final_150_0008,cap_q90,q90,9,replay,cap-empirical,150,1.0,0.9,82,21.5667,13,11,0,0,624.75,0.353272,0.35327159180701684,<0.5,0.0,<0.25,0.0,0.0,0.8925797641734711,0.4046708690490062,0.0,134.0,134.0,134.0,134.0,edd,0.0,0.0,0.0,0.0
c09_final_150_0009_q90,c09_final_150_0009,cap_q90,q90,9,replay,cap-empirical,150,1.0,0.9,82,16.0,13,13,0,0,521.25,0.397294,0.39729420731707316,<0.5,0.18944844124700239,<0.25,0.0,0.18944844124700239,1.078125,0.4026916805206672,0.15384615384615385,0.0,0.0,0.0,0.0,edd,0.0,0.0,,
c09_final_150_0010_q90,c09_final_150_0010,cap_q90,q90,9,replay,cap-empirical,150,1.0,0.9,82,22.3667,13,11,0,0,496.0,0.270437,0.27043687659801746,<0.5,0.0,<0.25,0.0,0.0,0.69858316157502,0.4691524346832392,0.0,128.0,128.0,128.0,128.0,edd,0.0,0.0,0.0,0.0
c09_final_150_0011_q90,c09_final_150_0011,cap_q90,q90,9,replay,cap-empirical,150,1.0,0.9,82,1.0,13,9,0,0,593.0,7.231707,7.2317073170731705,>=1.2,0.9966273187183811,>=0.75,0.9966273187183811,0.0,38.92857142857143,0.7999698646245035,0.8888888888888888,0.0,0.0,0.0,0.0,edd,0.0,0.0,,
c09_final_150_0012_q90,c09_final_150_0012,cap_q90,q90,9,replay,cap-empirical,150,1.0,0.9,82,23.2167,13,11,0,0,500.25,0.262768,0.2627681692961343,<0.5,0.12343828085957022,<0.25,0.1664167916041979,-0.042978510744627677,1.3298616943837842,0.8122096762910043,0.09090909090909091,28.0,28.0,28.0,28.0,edd,0.0,0.0,0.0,0.0
c09_final_150_0013_q90,c09_final_150_0013,cap_q90,q90,9,replay,cap-empirical,150,1.0,0.9,82,16.0,13,11,0,0,570.8648000000001,0.43511,0.4351103658536586,<0.5,0.0,<0.25,0.0,0.0,0.9140625,0.35837538183469525,0.0,0.0,0.0,0.0,0.0,edd,0.0,0.0,,
c09_final_150_0014_q90,c09_final_150_0014,cap_q90,q90,9,replay,cap-empirical,150,1.0,0.9,82,16.0,13,11,0,0,592.5,0.451601,0.45160060975609756,<0.5,0.14725738396624471,<0.25,0.14725738396624471,0.0,5.453125,1.3604957875838954,0.09090909090909091,0.0,0.0,0.0,0.0,edd,0.0,0.0,,
c09_final_150_0015_q90,c09_final_150_0015,cap_q90,q90,9,replay,cap-empirical,150,1.0,0.9,82,16.0,13,11,0,0,626.75,0.477706,0.47770579268292684,<0.5,0.3366573593936976,0.25-0.5,0.3366573593936976,0.0,1.40625,0.48438375751949564,0.2727272727272727,144.0,144.0,144.0,144.0,edd,0.0,0.0,0.0,0.0
c09_final_150_0016_q90,c09_final_150_0016,cap_q90,q90,9,replay,cap-empirical,150,1.0,0.9,82,23.2667,13,12,0,0,940.5,0.492958,0.4929582706237649,<0.5,0.05901116427432217,<0.25,0.0,0.05901116427432217,1.192691701014755,0.31527720570960216,0.08333333333333333,75.0,75.0,75.0,75.0,edd,0.0,0.0,0.0,0.0
c09_final_150_0017_q90,c09_final_150_0017,cap_q90,q90,9,replay,cap-empirical,150,1.0,0.9,82,15.85,13,11,0,0,756.3648000000001,0.581953,0.5819533738555052,0.5-0.8,0.4929695300468768,0.25-0.5,0.4929695300468768,0.0,3.331697160883281,0.7718163854355471,0.2727272727272727,86.0,86.0,86.0,86.0,edd,0.0,0.0,0.0,0.0
c09_final_150_0018_q90,c09_final_150_0018,cap_q90,q90,9,replay,cap-empirical,150,1.0,0.9,82,1.0,13,8,0,0,521.75,6.362805,6.362804878048781,>=1.2,0.9913751796837565,>=0.75,0.9913751796837565,0.0,33.285714285714285,0.7731947580159808,0.75,10.0,10.0,10.0,10.0,edd,0.0,0.0,0.0,0.0
c09_final_150_0019_q90,c09_final_150_0019,cap_q90,q90,9,replay,cap-empirical,150,1.0,0.9,82,20.9333,13,10,0,0,581.8648000000001,0.338977,0.33897723699187193,<0.5,0.28162006019267705,0.25-0.5,0.31685161226456726,-0.035231552071890215,1.349524441917901,0.6058318494927463,0.2,94.0,94.0,94.0,94.0,edd,0.0,0.0,0.0,0.0
c09_final_150_0020_q90,c09_final_150_0020,cap_q90,q90,9,replay,cap-empirical,150,1.0,0.9,82,8.0,13,10,0,0,531.25,0.809832,0.8098323170731707,0.8-1.0,0.8211764705882353,>=0.75,0.8211764705882353,0.0,2.294642857142857,0.44718693565176737,0.3,40.0,40.0,40.0,40.0,edd,0.0,0.0,0.0,0.0
c09_final_150_0021_q90,c09_final_150_0021,cap_q90,q90,9,replay,cap-empirical,150,1.0,0.9,82,16.0,13,12,0,0,482.25,0.367569,0.3675685975609756,<0.5,0.07776049766718507,<0.25,0.0,0.07776049766718507,1.171875,0.5127975663585614,0.08333333333333333,0.0,0.0,0.0,0.0,edd,0.0,0.0,,
c09_final_150_0022_q90,c09_final_150_0022,cap_q90,q90,9,replay,cap-empirical,150,1.0,0.9,82,23.2,13,10,0,0,533.5,0.280435,0.28043523969722456,<0.5,0.0,<0.25,0.0,0.0,0.7693965517241379,0.4609507070357466,0.0,28.0,28.0,28.0,28.0,edd,0.0,0.0,0.0,0.0
c09_final_150_0023_q90,c09_final_150_0023,cap_q90,q90,9,replay,cap-empirical,150,1.0,0.9,82,32.0,13,12,0,0,696.8648000000001,0.265573,0.26557347560975614,<0.5,0.0,<0.25,0.0,0.0,0.46484375,0.27285787586356486,0.0,426.0,426.0,426.0,426.0,edd,0.0,0.0,0.0,0.0
c09_final_150_0024_q90,c09_final_150_0024,cap_q90,q90,9,replay,cap-empirical,150,1.0,0.9,82,22.2667,13,11,0,0,623.5,0.341481,0.34148115960539127,<0.5,0.08019246190858059,<0.25,0.0,0.08019246190858059,1.122752810250284,0.513914325398535,0.09090909090909091,24.0,24.0,24.0,24.0,edd,0.0,0.0,0.0,0.0
c09_final_150_0025_q90,c09_final_150_0025,cap_q90,q90,9,replay,cap-empirical,150,1.0,0.9,82,16.0,13,13,0,0,727.3648000000001,0.554394,0.5543939024390244,0.5-0.8,0.1611983422898661,<0.25,0.1611983422898661,0.0,3.6640625,0.9933898634593022,0.07692307692307693,888.9184,888.9184,888.9184,888.9184,edd,0.0,0.0,0.0,0.0
c09_final_150_0026_q90,c09_final_150_0026,cap_q90,q90,9,replay,cap-empirical,150,1.0,0.9,82,16.0,13,11,0,0,552.0,0.420732,0.42073170731707316,<0.5,0.0,<0.25,0.0,0.0,0.6712239583333334,0.22608593988759515,0.0,217.0,217.0,217.0,217.0,edd,0.0,0.0,0.0,0.0
c09_final_150_0027_q90,c09_final_150_0027,cap_q90,q90,9,replay,cap-empirical,150,1.0,0.9,82,24.0,13,10,0,0,566.3648000000001,0.287787,0.28778699186991874,<0.5,0.25666284345354795,0.25-0.5,0.0,0.25666284345354795,1.0094777777777777,0.6187887560499816,0.1,0.0,0.0,0.0,0.0,edd,0.0,0.0,,
c09_final_150_0028_q90,c09_final_150_0028,cap_q90,q90,9,replay,cap-empirical,150,1.0,0.9,82,14.7167,13,13,0,0,633.5,0.524955,0.5249553062913263,0.5-0.8,0.0,<0.25,0.0,0.0,0.9060002129100502,0.32065830846592946,0.0,202.0,202.0,202.0,202.0,edd,0.0,0.0,0.0,0.0
c09_final_150_0029_q90,c09_final_150_0029,cap_q90,q90,9,replay,cap-empirical,150,1.0,0.9,82,24.0,13,13,0,0,568.25,0.288745,0.288744918699187,<0.5,0.0,<0.25,0.0,0.0,0.578125,0.37148065863006585,0.0,86.0,86.0,86.0,86.0,edd,0.0,0.0,0.0,0.0
c10_final_150_0000_q90,c10_final_150_0000,cap_q90,q90,10,replay,cap-empirical,150,1.0,0.9,132,1.0,13,9,0,0,341.00000000000017,2.583333,2.583333333333335,>=1.2,0.9787390029325513,>=0.75,0.9934017595307918,-0.014662756598240456,7.09375,0.588988814600018,0.7777777777777778,446.0,446.0,446.0,446.0,edd,0.0,0.0,0.0,0.0
c10_final_150_0001_q90,c10_final_150_0001,cap_q90,q90,10,replay,cap-empirical,150,1.0,0.9,132,8.0,13,10,0,0,400.93,0.379669,0.37966856060606063,<0.5,0.07170827825306163,<0.25,0.07170827825306163,0.0,1.796875,0.6721631721437109,0.1,0.0,0.0,0.0,0.0,edd,0.0,0.0,,
c10_final_150_0002_q90,c10_final_150_0002,cap_q90,q90,10,replay,cap-empirical,150,1.0,0.9,132,1.7794,13,8,0,0,438.3648,1.866329,1.8663287931580612,>=1.2,0.9874533721685683,>=0.75,0.9874533721685683,0.0,3.3945838938098016,0.32299542655512203,0.5,0.0,0.0,0.0,0.0,edd,0.0,0.0,,
c10_final_150_0003_q90,c10_final_150_0003,cap_q90,q90,10,replay,cap-empirical,150,1.0,0.9,132,1.0,13,7,0,0,350.89480000000003,2.658294,2.6582939393939395,>=1.2,0.995725214508736,>=0.75,0.995725214508736,0.0,5.729726315789474,0.24010971411731416,0.8571428571428571,0.0,0.0,0.0,0.0,edd,0.0,0.0,,
c10_final_150_0004_q90,c10_final_150_0004,cap_q90,q90,10,replay,cap-empirical,150,1.0,0.9,132,2.0239,13,10,0,0,349.0,1.306359,1.3063587103806484,>=1.2,0.8904011461318052,>=0.75,0.8904011461318052,0.0,4.768022135481003,0.4730159071312848,0.5,34.0,34.0,34.0,34.0,edd,0.0,0.0,0.0,0.0
c10_final_150_0005_q90,c10_final_150_0005,cap_q90,q90,10,replay,cap-empirical,150,1.0,0.9,132,1.0,13,7,0,0,125.75,0.952652,0.9526515151515151,0.8-1.0,0.8608349900596421,>=0.75,0.8608349900596421,0.0,3.5,0.3068785946038461,0.7142857142857143,0.0,0.0,0.0,0.0,edd,0.0,0.0,,
c10_final_150_0006_q90,c10_final_150_0006,cap_q90,q90,10,replay,cap-empirical,150,1.0,0.9,132,5.9725,13,10,0,0,432.0,0.547966,0.5479660565470528,0.5-0.8,0.6140046296296297,0.5-0.75,0.6140046296296297,0.0,1.3813311008790288,0.36011514937008426,0.2,80.0,80.0,80.0,80.0,edd,0.0,0.0,0.0,0.0
c10_final_150_0007_q90,c10_final_150_0007,cap_q90,q90,10,replay,cap-empirical,150,1.0,0.9,132,2.7842,13,9,0,0,375.95,1.022953,1.0229531142181096,1.0-1.2,0.9521212927250964,>=0.75,0.9521212927250964,0.0,2.9631491990517924,0.3484726080636366,0.6666666666666666,0.0,0.0,0.0,0.0,edd,0.0,0.0,,
c10_final_150_0008_q90,c10_final_150_0008,cap_q90,q90,10,replay,cap-empirical,150,1.0,0.9,132,2.1494,13,9,0,0,277.25,0.977193,0.977193071498459,0.8-1.0,0.8999098286744815,>=0.75,0.9377817853922452,-0.037871956717763666,2.5588536335721597,0.3474933540020927,0.5555555555555556,0.0,0.0,0.0,0.0,edd,0.0,0.0,,
c10_final_150_0009_q90,c10_final_150_0009,cap_q90,q90,10,replay,cap-empirical,150,1.0,0.9,132,1.0,13,5,0,0,36.919999999999966,0.279697,0.27969696969696944,<0.5,0.0,<0.25,0.0,0.0,0.7736842105263159,0.5111307675117577,0.0,0.0,0.0,0.0,0.0,edd,0.0,0.0,,
c10_final_150_0010_q90,c10_final_150_0010,cap_q90,q90,10,replay,cap-empirical,150,1.0,0.9,132,1.0,13,4,0,0,117.41999999999996,0.889545,0.8895454545454542,0.8-1.0,0.8666326009197752,>=0.75,0.8666326009197752,0.0,2.314516129032258,0.2806371158989045,0.5,0.0,0.0,0.0,0.0,edd,0.0,0.0,,
c10_final_150_0011_q90,c10_final_150_0011,cap_q90,q90,10,replay,cap-empirical,150,1.0,0.9,132,1.0,13,7,0,0,216.47999999999988,1.64,1.639999999999999,>=1.2,0.9538063562453807,>=0.75,0.9538063562453807,0.0,4.830645161290323,0.41855216871450657,0.42857142857142855,84.0,84.0,84.0,84.0,edd,0.0,0.0,0.0,0.0
c10_final_150_0012_q90,c10_final_150_0012,cap_q90,q90,10,replay,cap-empirical,150,1.0,0.9,132,6.59,13,8,0,0,405.8648,0.466576,0.4665756196256955,<0.5,0.08931545677279724,<0.25,0.08931545677279724,0.0,1.8335862417804756,0.628318873668364,0.125,0.0,0.0,0.0,0.0,edd,0.0,0.0,,
c10_final_150_0013_q90,c10_final_150_0013,cap_q90,q90,10,replay,cap-empirical,150,1.0,0.9,132,4.9642,13,11,0,0,1267.5332000000003,1.934355,1.9343548290609252,>=1.2,0.7440975905009826,0.5-0.75,0.7393639866790077,0.004733603821974852,14.792393537730149,0.8140140981124008,0.36363636363636365,1055.9184,1055.9184,1055.9184,1055.9184,edd,0.0,0.0,0.0,0.0
c10_final_150_0014_q90,c10_final_150_0014,cap_q90,q90,10,replay,cap-empirical,150,1.0,0.9,132,1.0,13,4,0,0,128.04000000000002,0.97,0.9700000000000002,0.8-1.0,0.92970946579194,>=0.75,0.92970946579194,0.0,3.75,0.36500331742050307,0.75,0.0,0.0,0.0,0.0,edd,0.0,0.0,,
c10_final_150_0015_q90,c10_final_150_0015,cap_q90,q90,10,replay,cap-empirical,150,1.0,0.9,132,1.0,13,6,0,0,142.80999999999992,1.081894,1.0818939393939389,1.0-1.2,0.9194734262306561,>=0.75,0.9194734262306561,0.0,2.25,0.31064305666304626,0.6666666666666666,6.0,6.0,6.0,6.0,edd,0.0,0.0,0.0,0.0
c10_final_150_0016_q90,c10_final_150_0016,cap_q90,q90,10,replay,cap-empirical,150,1.0,0.9,132,5.4497,13,9,0,0,334.54000000000025,0.465052,0.4650520100911869,<0.5,0.08444431159203683,<0.25,0.08444431159203683,0.0,1.295942895939226,0.33692948969726577,0.1111111111111111,52.0,52.0,52.0,52.0,edd,0.0,0.0,0.0,0.0
c10_final_150_0017_q90,c10_final_150_0017,cap_q90,q90,10,replay,cap-empirical,150,1.0,0.9,132,16.0,13,11,0,0,545.5047999999999,0.258288,0.2582882575757575,<0.5,0.0,<0.25,0.0,0.0,0.6718907894736843,0.4806498220351588,0.0,0.0,0.0,0.0,0.0,edd,0.0,0.0,,
c10_final_150_0018_q90,c10_final_150_0018,cap_q90,q90,10,replay,cap-empirical,150,1.0,0.9,132,2.0367,13,8,0,0,202.29999999999993,0.75248,0.7524798731161962,0.5-0.8,0.5968858131487889,0.5-0.75,0.5968858131487889,0.0,7.80674620709972,0.8793556283373842,0.375,0.0,0.0,0.0,0.0,edd,0.0,0.0,,
c10_final_150_0019_q90,c10_final_150_0019,cap_q90,q90,10,replay,cap-empirical,150,1.0,0.9,132,1.0,13,5,0,0,134.66000000000003,1.020152,1.0201515151515153,1.0-1.2,0.8113025397296896,>=0.75,0.8113025397296896,0.0,3.225806451612903,0.3582882842467914,0.4,0.0,0.0,0.0,0.0,edd,0.0,0.0,,
c10_final_150_0020_q90,c10_final_150_0020,cap_q90,q90,10,replay,cap-empirical,150,1.0,0.9,132,1.0,13,8,0,0,268.6148,2.034961,2.034960606060606,>=1.2,0.9906929923444278,>=0.75,0.9906929923444278,0.0,6.06821935483871,0.42463590324035655,0.75,307.4592,307.4592,307.4592,307.4592,edd,0.0,0.0,0.0,0.0
c10_final_150_0021_q90,c10_final_150_0021,cap_q90,q90,10,replay,cap-empirical,150,1.0,0.9,132,6.2275,13,10,0,0,459.5,0.558982,0.5589820322859264,0.5-0.8,0.0,<0.25,0.060935799782372145,-0.060935799782372145,0.8992372541148134,0.2919332206136412,0.0,151.0,151.0,151.0,151.0,edd,0.0,0.0,0.0,0.0
c10_final_150_0022_q90,c10_final_150_0022,cap_q90,q90,10,replay,cap-empirical,150,1.0,0.9,132,6.2939,13,8,0,0,289.2047999999993,0.348106,0.3481061749543922,<0.5,0.0,<0.25,0.0,0.0,0.5714806567093786,0.247423400427121,0.0,8.0,8.0,8.0,8.0,edd,0.0,0.0,0.0,0.0
c10_final_150_0023_q90,c10_final_150_0023,cap_q90,q90,10,replay,cap-empirical,150,1.0,0.9,132,1.3283,13,10,0,0,225.25,1.284679,1.284679209470296,>=1.2,0.8634850166481687,>=0.75,0.8568257491675916,0.006659267480577102,3.4181454344991047,0.44591517367983236,0.6,0.0,0.0,0.0,0.0,edd,0.0,0.0,,
c10_final_150_0024_q90,c10_final_150_0024,cap_q90,q90,10,replay,cap-empirical,150,1.0,0.9,132,1.0,13,6,0,0,139.5,1.056818,1.0568181818181819,1.0-1.2,0.953405017921147,>=0.75,0.953405017921147,0.0,2.814516129032258,0.28410377158817857,0.6666666666666666,0.0,0.0,0.0,0.0,edd,0.0,0.0,,
c10_final_150_0025_q90,c10_final_150_0025,cap_q90,q90,10,replay,cap-empirical,150,1.0,0.9,132,8.0,13,12,0,0,1437.063999999999,1.360856,1.3608560606060596,>=1.2,0.7144491824998748,0.5-0.75,0.708360379217627,0.006088803282247812,22.7162,1.5100388583907156,0.25,6.238,6.238,6.238,6.238,edd,0.0,0.0,0.0,0.0
c10_final_150_0026_q90,c10_final_150_0026,cap_q90,q90,10,replay,cap-empirical,150,1.0,0.9,132,8.0,13,10,0,0,986.1848,0.933887,0.9338871212121213,0.8-1.0,0.6828687686121303,0.5-0.75,0.35041099801984377,0.33245777059228654,8.96875,1.2505798978801732,0.4,104.0,104.0,104.0,104.0,edd,0.0,0.0,0.0,0.0
c10_final_150_0027_q90,c10_final_150_0027,cap_q90,q90,10,replay,cap-empirical,150,1.0,0.9,132,1.0,13,6,0,0,159.5,1.208333,1.2083333333333333,>=1.2,0.7382445141065831,0.5-0.75,0.7382445141065831,0.0,3.7016129032258065,0.4616912254620975,0.3333333333333333,0.0,0.0,0.0,0.0,edd,0.0,0.0,,
c10_final_150_0028_q90,c10_final_150_0028,cap_q90,q90,10,replay,cap-empirical,150,1.0,0.9,132,1.0,13,9,0,0,376.65,2.853409,2.8534090909090906,>=1.2,0.970131421744325,>=0.75,0.970131421744325,0.0,10.030000000000005,0.3481948282332351,0.6666666666666666,0.0,0.0,0.0,0.0,edd,0.0,0.0,,
c10_final_150_0029_q90,c10_final_150_0029,cap_q90,q90,10,replay,cap-empirical,150,1.0,0.9,132,3.235,13,9,0,0,593.5944,1.390086,1.3900857102711817,>=1.2,0.8930245972670902,>=0.75,0.8930245972670902,0.0,2.4060618238021636,0.36227245930524643,0.4444444444444444,0.0,0.0,0.0,0.0,edd,0.0,0.0,,
c10_final_400_0000_q90,c10_final_400_0000,cap_q90,q90,10,replay,cap-empirical,400,1.0,0.9,132,1.0,13,10,0,0,448.3799999999993,3.396818,3.3968181818181766,>=1.2,0.9793701770819394,>=0.75,0.9905214327133235,-0.011151255631384083,7.375,0.43879163148470424,0.7,446.0,446.0,446.0,446.0,edd,0.0,0.0,0.0,0.0
c10_final_400_0001_q90,c10_final_400_0001,cap_q90,q90,10,replay,cap-empirical,400,1.0,0.9,132,13.4756,13,10,0,0,965.3648000000001,0.542712,0.5427119903358438,0.5-0.8,0.112910684126871,<0.25,0.0820933185050874,0.030817365621783596,1.4702499332126213,0.45383423331857775,0.2,0.0,0.0,0.0,0.0,edd,0.0,0.0,,
c10_final_400_0002_q90,c10_final_400_0002,cap_q90,q90,10,replay,cap-empirical,400,1.0,0.9,132,1.7894,13,10,0,0,649.4347999999989,2.749503,2.7495029652736096,>=1.2,0.9876815963665637,>=0.75,0.9876815963665637,0.0,15.275138780224284,0.8198086489333739,0.6,0.0,0.0,0.0,0.0,edd,0.0,0.0,,
c10_final_400_0003_q90,c10_final_400_0003,cap_q90,q90,10,replay,cap-empirical,400,1.0,0.9,132,1.3256,13,8,0,0,671.6148000000002,3.838255,3.8382550611729864,>=1.2,0.9977665769128375,>=0.75,0.9977665769128375,0.0,6.525347012673507,0.3141751126864815,0.875,0.0,0.0,0.0,0.0,edd,0.0,0.0,,
c10_final_400_0004_q90,c10_final_400_0004,cap_q90,q90,10,replay,cap-empirical,400,1.0,0.9,132,12.9522,13,13,0,0,1034.2296000000001,0.604922,0.6049221543268888,0.5-0.8,0.3438451191108821,0.25-0.5,0.3438451191108821,0.0,1.5904633961797996,0.4576511466133967,0.15384615384615385,84.39840000000001,84.39840000000001,85.39840000000001,83.7296,wspt,0.0,-1.0,0.0,-0.011848565849589564
c10_final_400_0005_q90,c10_final_400_0005,cap_q90,q90,10,replay,cap-empirical,400,1.0,0.9,132,5.9825,13,11,0,0,544.199999999999,0.689131,0.6891311780572111,0.5-0.8,0.634417493568541,0.5-0.75,0.634417493568541,0.0,1.7726433279861962,0.3926383699440794,0.18181818181818182,80.0,80.0,80.0,80.0,edd,0.0,0.0,0.0,0.0
c10_final_400_0006_q90,c10_final_400_0006,cap_q90,q90,10,replay,cap-empirical,400,1.0,0.9,132,15.1039,13,12,0,0,1038.0647999999999,0.520669,0.5206686533098916,0.5-0.8,0.0,<0.25,0.4424097609320728,-0.4424097609320728,0.9808404537260085,0.39128941472939255,0.0,199.56,199.56,199.56,199.3632,lpt,0.0,0.0,0.0,0.0
c10_final_400_0007_q90,c10_final_400_0007,cap_q90,q90,10,replay,cap-empirical,400,1.0,0.9,132,14.5336,13,11,0,0,684.0,0.356541,0.3565405805731672,<0.5,0.0,<0.25,0.0,0.0,0.835993834975505,0.29619617537407733,0.0,0.0,0.0,0.0,0.0,edd,0.0,0.0,,
c10_final_400_0008_q90,c10_final_400_0008,cap_q90,q90,10,replay,cap-empirical,400,1.0,0.9,132,1.0,13,5,0,0,100.41999999999993,0.760758,0.7607575757575752,0.5-0.8,0.6546504680342559,0.5-0.75,0.654650468034256,-1.1102230246251565e-16,2.3526315789473653,0.5195581465007119,0.4,0.0,0.0,0.0,0.0,edd,0.0,0.0,,
c10_final_400_0009_q90,c10_final_400_0009,cap_q90,q90,10,replay,cap-empirical,400,1.0,0.9,132,1.0,13,7,0,0,380.02999999999975,2.879015,2.8790151515151496,>=1.2,0.9276372917927532,>=0.75,0.9276372917927532,0.0,5.540322580645161,0.3013409573784655,0.7142857142857143,0.0,0.0,0.0,0.0,edd,0.0,0.0,,
c10_final_400_0010_q90,c10_final_400_0010,cap_q90,q90,10,replay,cap-empirical,400,1.0,0.9,132,2.2789,13,9,0,0,1202.979199999996,3.999069,3.999069194733756,>=1.2,0.9837902434223301,>=0.75,0.9837902434223301,0.0,34.252226951599454,1.1645254196674897,0.6666666666666666,84.0,84.0,84.0,84.0,edd,0.0,0.0,0.0,0.0
c10_final_400_0011_q90,c10_final_400_0011,cap_q90,q90,10,replay,cap-empirical,400,1.0,0.9,132,9.2864,13,10,0,0,766.0948000000005,0.624973,0.6249729157529816,0.5-0.8,0.5420347455693473,0.5-0.75,0.5420347455693473,0.0,2.072923845623708,0.4919508109599217,0.3,0.0,0.0,0.0,0.0,edd,0.0,0.0,,
c10_final_400_0012_q90,c10_final_400_0012,cap_q90,q90,10,replay,cap-empirical,400,1.0,0.9,132,4.9789,13,11,0,0,1749.2832000000003,2.661661,2.6616613016018507,>=1.2,0.780987549643191,>=0.75,0.7775575732963079,0.0034299763468830236,14.899355279278554,0.5691297725228524,0.36363636363636365,1170.6796,1170.6796,1170.6796,1170.6796,edd,0.0,0.0,0.0,0.0
c10_final_400_0013_q90,c10_final_400_0013,cap_q90,q90,10,replay,cap-empirical,400,1.0,0.9,132,1.0,13,4,0,0,369.91999999999996,2.802424,2.8024242424242423,>=1.2,1.0,>=0.75,1.0,0.0,9.7,0.3554996840130717,1.0,0.0,0.0,0.0,0.0,edd,0.0,0.0,,
c10_final_400_0014_q90,c10_final_400_0014,cap_q90,q90,10,replay,cap-empirical,400,1.0,0.9,132,1.0,13,9,0,0,287.45000000000067,2.177652,2.17765151515152,>=1.2,0.9425987128196208,>=0.75,0.9425987128196208,0.0,4.064516129032258,0.25776010033398544,0.7777777777777778,6.0,6.0,6.0,6.0,edd,0.0,0.0,0.0,0.0
c10_final_400_0015_q90,c10_final_400_0015,cap_q90,q90,10,replay,cap-empirical,400,1.0,0.9,132,5.4594,13,9,0,0,356.5700000000004,0.494796,0.4947957428999308,<0.5,0.07922708023669973,<0.25,0.347252993802058,-0.26802591356535826,1.2936403267758363,0.3176983164256637,0.1111111111111111,52.0,52.0,52.0,52.0,edd,0.0,0.0,0.0,0.0
c10_final_400_0016_q90,c10_final_400_0016,cap_q90,q90,10,replay,cap-empirical,400,1.0,0.9,132,16.0,13,11,0,0,651.7948000000001,0.308615,0.3086149621212122,<0.5,0.0,<0.25,0.0,0.0,0.7724500000000006,0.4591660758520928,0.0,0.0,0.0,0.0,0.0,edd,0.0,0.0,,
c10_final_400_0017_q90,c10_final_400_0017,cap_q90,q90,10,replay,cap-empirical,400,1.0,0.9,132,5.0403,13,11,0,0,406.25,0.610609,0.6106087961334673,0.5-0.8,0.41599999999999987,0.25-0.5,0.41599999999999987,0.0,4.225938932206415,0.9502035802509485,0.2727272727272727,0.0,0.0,0.0,0.0,edd,0.0,0.0,,
c10_final_400_0018_q90,c10_final_400_0018,cap_q90,q90,10,replay,cap-empirical,400,1.0,0.9,132,1.0,13,7,0,0,324.5499999999989,2.458712,2.4587121212121126,>=1.2,0.9876752426436605,>=0.75,0.9876752426436605,0.0,6.484375,0.2861842523615753,0.7142857142857143,209.0,209.0,209.0,209.0,edd,0.0,0.0,0.0,0.0
c10_final_400_0019_q90,c10_final_400_0019,cap_q90,q90,10,replay,cap-empirical,400,1.0,0.9,132,3.2467,13,12,0,0,876.7296000000001,2.045736,2.0457359500695813,>=1.2,0.8602761900590559,>=0.75,0.9338450532524509,-0.07356886319339506,13.013213416700033,0.9798554812793739,0.5,341.4544,341.4544,341.4544,341.4544,edd,0.0,0.0,0.0,0.0
c10_final_400_0020_q90,c10_final_400_0020,cap_q90,q90,10,replay,cap-empirical,400,1.0,0.9,132,8.0,13,11,0,0,882.25,0.835464,0.8354640151515151,0.8-1.0,0.5726834797393029,0.5-0.75,0.7296684613204873,-0.15698498158118446,1.6875,0.2961539300301699,0.36363636363636365,161.0,161.0,161.0,161.0,edd,0.0,0.0,0.0,0.0
c10_final_400_0021_q90,c10_final_400_0021,cap_q90,q90,10,replay,cap-empirical,400,1.0,0.9,132,6.7522,13,11,0,0,1265.2092000000005,1.419525,1.4195252187165939,>=1.2,0.7302817589375733,0.5-0.75,0.893298278261018,-0.16301651932344474,13.679215663043156,1.251943768528011,0.36363636363636365,22.135800000000003,22.135800000000003,22.0702,22.0702,wspt,0.0,0.06560000000000343,0.0,0.0029635251493058045
c10_final_400_0022_q90,c10_final_400_0022,cap_q90,q90,10,replay,cap-empirical,400,1.0,0.9,132,12.35,13,12,0,0,1667.323999999989,1.022773,1.0227726659305538,1.0-1.2,0.629577214746504,0.5-0.75,0.629577214746504,0.0,14.714947368421054,1.5248560245510678,0.16666666666666666,6.238,6.238,6.238,6.238,edd,0.0,0.0,0.0,0.0
c10_final_400_0023_q90,c10_final_400_0023,cap_q90,q90,10,replay,cap-empirical,400,1.0,0.9,132,20.7806,13,13,0,0,2063.6948,0.752339,0.7523387926793026,0.5-0.8,0.17965350302767635,<0.25,0.36770456561697,-0.18805106258929366,3.500861380325881,0.5953277191483977,0.3076923076923077,124.0,124.0,124.0,124.0,edd,0.0,0.0,0.0,0.0
c10_final_400_0024_q90,c10_final_400_0024,cap_q90,q90,10,replay,cap-empirical,400,1.0,0.9,132,1.0,13,7,0,0,385.75,2.922348,2.922348484848485,>=1.2,0.898250162022035,>=0.75,0.898250162022035,0.0,8.330645161290322,0.5069029185799364,0.8571428571428571,0.0,0.0,0.0,0.0,edd,0.0,0.0,,
c10_final_400_0025_q90,c10_final_400_0025,cap_q90,q90,10,replay,cap-empirical,400,1.0,0.9,132,3.445,13,9,0,0,604.5,1.329331,1.3293310463121786,>=1.2,0.9425144747725392,>=0.75,0.9358974358974359,0.006617038875103343,6.879535558780846,0.5154927394047507,0.4444444444444444,0.0,0.0,0.0,0.0,edd,0.0,0.0,,
c10_final_400_0026_q90,c10_final_400_0026,cap_q90,q90,10,replay,cap-empirical,400,1.0,0.9,132,8.0,13,9,0,0,975.8692000000005,0.924119,0.9241185606060611,0.8-1.0,0.48900938773352,0.25-0.5,0.48900938773352,0.0,1.8828125,0.2937176303789031,0.2222222222222222,117.0,117.0,117.0,117.0,edd,0.0,0.0,0.0,0.0
c10_final_400_0027_q90,c10_final_400_0027,cap_q90,q90,10,replay,cap-empirical,400,1.0,0.9,132,2.9261,13,9,0,0,352.3847999999977,0.912334,0.9123344445445476,0.8-1.0,0.45475854804179977,0.25-0.5,0.6094757776158336,-0.15471722957403383,1.5930044504906344,0.3479750338446664,0.2222222222222222,0.0,0.0,0.0,0.0,edd,0.0,0.0,,
c10_final_400_0028_q90,c10_final_400_0028,cap_q90,q90,10,replay,cap-empirical,400,1.0,0.9,132,11.0214,13,12,0,0,795.1148000000003,0.546536,0.546536462672344,0.5-0.8,0.43735822801940044,0.25-0.5,0.43735822801940044,0.0,1.0178146093494356,0.41248723561852296,0.08333333333333333,0.0,0.0,0.0,0.0,edd,0.0,0.0,,
c10_final_400_0029_q90,c10_final_400_0029,cap_q90,q90,10,replay,cap-empirical,400,1.0,0.9,132,9.6061,13,8,0,0,747.8443999999982,0.58978,0.5897802311851704,0.5-0.8,0.0,<0.25,0.0,0.0,0.9124264790081303,0.26244797735260605,0.0,0.0,0.0,0.0,0.0,edd,0.0,0.0,,
c12_final_150_0000_q90,c12_final_150_0000,cap_q90,q90,12,replay,cap-empirical,150,1.0,0.9,166,6.4425,13,11,0,0,1028.9944,0.962167,0.9621670851040952,0.8-1.0,0.7540173202108778,>=0.75,0.7540173202108776,1.1102230246251565e-16,1.9862773767947226,0.3907179854335976,0.5454545454545454,354.0,354.0,354.0,354.0,edd,0.0,0.0,0.0,0.0
c12_final_150_0001_q90,c12_final_150_0001,cap_q90,q90,12,replay,cap-empirical,150,1.0,0.9,166,16.0,13,10,0,0,475.6148,0.179072,0.17907183734939758,<0.5,0.0,<0.25,0.0,0.0,0.417752380952381,0.41893437027389085,0.0,1058.9184,1058.9184,1058.9184,1058.9184,edd,0.0,0.0,0.0,0.0
c12_final_150_0002_q90,c12_final_150_0002,cap_q90,q90,12,replay,cap-empirical,150,1.0,0.9,166,12.2778,13,13,0,0,1329.2796,0.65221,0.6522103661677939,0.5-0.8,0.3226671047987195,0.25-0.5,0.3226671047987195,0.0,4.185939934950344,1.0274323254566398,0.15384615384615385,2393.8368,2393.8368,2393.8368,2393.8368,edd,0.0,0.0,0.0,0.0
c12_final_150_0003_q90,c12_final_150_0003,cap_q90,q90,12,replay,cap-empirical,150,1.0,0.9,166,10.5492,13,12,0,0,1112.711,0.635411,0.6354110561230246,0.5-0.8,0.44072036674392545,0.25-0.5,0.4407203667439254,5.551115123125783e-17,1.9894297489565376,0.6054112513690403,0.25,1020.0,1020.0,1020.0,1020.0,edd,0.0,0.0,0.0,0.0
c12_final_150_0004_q90,c12_final_150_0004,cap_q90,q90,12,replay,cap-empirical,150,1.0,0.9,166,5.5939,13,11,0,0,587.45,0.632628,0.6326275803440797,0.5-0.8,0.3708400714954464,0.25-0.5,0.37084007149544645,-5.551115123125783e-17,1.4331086838639708,0.447118454769086,0.18181818181818182,345.0,345.0,345.0,345.0,edd,0.0,0.0,0.0,0.0
c12_final_150_0005_q90,c12_final_150_0005,cap_q90,q90,12,replay,cap-empirical,150,1.0,0.9,166,8.7239,13,13,0,0,572.25,0.395155,0.3951545933156623,<0.5,0.11882918304936653,<0.25,0.11882918304936653,0.0,1.1135255693308856,0.4172513113339604,0.07692307692307693,192.0,192.0,192.0,192.0,edd,0.0,0.0,0.0,0.0
c12_final_150_0006_q90,c12_final_150_0006,cap_q90,q90,12,replay,cap-empirical,150,1.0,0.9,166,16.5456,13,12,0,0,993.7296000000001,0.361808,0.3618075434898865,<0.5,0.0,<0.25,0.0,0.0,0.9159982110047383,0.4152367584283429,0.0,1098.9184,1098.9184,1098.9184,1098.9184,edd,0.0,0.0,0.0,0.0
c12_final_150_0007_q90,c12_final_150_0007,cap_q90,q90,12,replay,cap-empirical,150,1.0,0.9,166,7.5394,13,12,0,0,623.8000000000002,0.498426,0.498425779942861,<0.5,0.10820775889708241,<0.25,0.10820775889708238,2.7755575615628914e-17,1.7905934159216916,0.5917999937879007,0.08333333333333333,60.0,60.0,60.0,60.0,edd,0.0,0.0,0.0,0.0
c12_final_150_0008_q90,c12_final_150_0008,cap_q90,q90,12,replay,cap-empirical,150,1.0,0.9,166,10.6686,13,12,0,0,922.1648,0.520707,0.5207065255567007,0.5-0.8,0.0,<0.25,0.0,0.0,0.8084016914791338,0.2363049314097858,0.0,926.0,926.0,926.0,926.0,edd,0.0,0.0,0.0,0.0
c12_final_150_0009_q90,c12_final_150_0009,cap_q90,q90,12,replay,cap-empirical,150,1.0,0.9,166,16.0,13,12,0,0,765.3000000000001,0.28814,0.2881400602409639,<0.5,0.0,<0.25,0.0,0.0,0.7989583333333333,0.5785955488310963,0.0,276.8,276.8,276.8,276.8,edd,0.0,0.0,0.0,0.0
c12_final_150_0010_q90,c12_final_150_0010,cap_q90,q90,12,replay,cap-empirical,150,1.0,0.9,166,9.02,13,11,0,0,1091.1148,0.728712,0.7287118318061604,0.5-0.8,0.5788710775438112,0.5-0.75,0.5788710775438112,0.0,1.75059534368071,0.47972467952741354,0.09090909090909091,1026.4,1026.4,1026.4,1026.4,edd,0.0,0.0,0.0,0.0
c12_final_150_0011_q90,c12_final_150_0011,cap_q90,q90,12,replay,cap-empirical,150,1.0,0.9,166,9.5369,13,12,0,0,956.4833000000001,0.604174,0.6041740597428353,0.5-0.8,0.5350328646616203,0.5-0.75,0.5350328646616203,0.0,2.044689574180289,0.5820066755242728,0.25,614.0,614.0,614.0,614.0,edd,0.0,0.0,0.0,0.0
c12_final_150_0012_q90,c12_final_150_0012,cap_q90,q90,12,replay,cap-empirical,150,1.0,0.9,166,5.6297,13,12,0,0,685.3648000000001,0.733379,0.7333789748046666,0.5-0.8,0.6909674964340158,0.5-0.75,0.6909674964340158,0.0,1.497161736606112,0.3934874080107636,0.3333333333333333,579.4592,579.4592,579.4592,579.4592,edd,0.0,0.0,0.0,0.0
c12_final_150_0013_q90,c12_final_150_0013,cap_q90,q90,12,replay,cap-empirical,150,1.0,0.9,166,5.5775,13,13,0,0,830.05,0.896513,0.8965129905547785,0.8-1.0,0.26130955966508046,0.25-0.5,0.5249081380639721,-0.2635985783988916,6.329000448229493,1.1073352092287911,0.15384615384615385,1188.9488,1188.9488,1236.9488,1188.9488,edd,0.0,-48.0,0.0,-0.04037179733896027
c12_final_150_0014_q90,c12_final_150_0014,cap_q90,q90,12,replay,cap-empirical,150,1.0,0.9,166,8.0,13,12,0,0,955.4944,0.719499,0.7194987951807229,0.5-0.8,0.3676785546833137,0.25-0.5,0.2729631905744293,0.09471536410888437,3.171875,0.6864652973200832,0.3333333333333333,407.0,407.0,407.0,407.0,edd,0.0,0.0,0.0,0.0
c12_final_150_0015_q90,c12_final_150_0015,cap_q90,q90,12,replay,cap-empirical,150,1.0,0.9,166,24.0,13,11,0,0,1261.3148,0.316595,0.3165950803212852,<0.5,0.23209907629720988,<0.25,0.23209907629720986,2.7755575615628914e-17,1.2197916666666666,0.6900600066565634,0.09090909090909091,520.0,520.0,520.0,520.0,edd,0.0,0.0,0.0,0.0
c12_final_150_0016_q90,c12_final_150_0016,cap_q90,q90,12,replay,cap-empirical,150,1.0,0.9,166,11.0431,13,11,0,0,764.8000000000001,0.417204,0.41720430999109404,<0.5,0.0,<0.25,0.0,0.0,0.9870416821363566,0.3856603785334516,0.0,293.2,293.2,293.2,293.2,edd,0.0,0.0,0.0,0.0
c12_final_150_0017_q90,c12_final_150_0017,cap_q90,q90,12,replay,cap-empirical,150,1.0,0.9,166,16.0,13,11,0,0,788.6,0.296913,0.2969126506024096,<0.5,0.0,<0.25,0.0,0.0,0.8377840909090909,0.4971251919917888,0.0,434.0,434.0,434.0,434.0,edd,0.0,0.0,0.0,0.0
c12_final_150_0018_q90,c12_final_150_0018,cap_q90,q90,12,replay,cap-empirical,150,1.0,0.9,166,8.6172,13,11,0,0,777.0648000000001,0.543229,0.543229036463358,0.5-0.8,0.46278611513479956,0.25-0.5,0.4627861151347995,5.551115123125783e-17,1.1059276795246715,0.37778894573504856,0.18181818181818182,193.72960000000003,193.72960000000003,193.72960000000003,193.72960000000003,edd,0.0,0.0,0.0,0.0
c12_final_150_0019_q90,c12_final_150_0019,cap_q90,q90,12,replay,cap-empirical,150,1.0,0.9,166,7.6922,13,12,0,0,787.9148,0.61705,0.6170503495482672,0.5-0.8,0.08090976333989411,<0.25,0.46053811909612563,-0.37962835575623155,1.1839451466606248,0.3087786820875475,0.08333333333333333,56.0,56.0,56.0,56.0,edd,0.0,0.0,0.0,0.0
c12_final_150_0020_q90,c12_final_150_0020,cap_q90,q90,12,replay,cap-empirical,150,1.0,0.9,166,8.0,13,11,0,0,1147.974,0.864438,0.8644382530120481,0.8-1.0,0.6420650641913493,0.5-0.75,0.6420650641913493,0.0,2.2029428571428573,0.46127381687015545,0.18181818181818182,835.648,835.648,835.648,835.648,edd,0.0,0.0,0.0,0.0
c12_final_150_0021_q90,c12_final_150_0021,cap_q90,q90,12,replay,cap-empirical,150,1.0,0.9,166,8.0,13,8,0,0,313.09999999999997,0.235768,0.2357680722891566,<0.5,0.0,<0.25,0.0,0.0,0.8958333333333334,0.49633525140353374,0.0,166.0,166.0,166.0,166.0,edd,0.0,0.0,0.0,0.0
c12_final_150_0022_q90,c12_final_150_0022,cap_q90,q90,12,replay,cap-empirical,150,1.0,0.9,166,8.0,13,11,0,0,765.3148,0.576291,0.576291265060241,0.5-0.8,0.0,<0.25,0.6396907520931256,-0.6396907520931256,0.9855769230769231,0.2739705120009976,0.0,176.0,176.0,176.0,176.0,edd,0.0,0.0,0.0,0.0
c12_final_150_0023_q90,c12_final_150_0023,cap_q90,q90,12,replay,cap-empirical,150,1.0,0.9,166,16.4519,13,11,0,0,939.3148,0.343943,0.3439434285138048,<0.5,0.12163121458322598,<0.25,0.12163121458322598,0.0,1.7361216637592012,0.7287051603685789,0.09090909090909091,322.0,322.0,322.0,322.0,edd,0.0,0.0,0.0,0.0
c12_final_150_0024_q90,c12_final_150_0024,cap_q90,q90,12,replay,cap-empirical,150,1.0,0.9,166,8.0,13,13,0,0,966.2796000000001,0.72762,0.7276201807228916,0.5-0.8,0.6747835719599172,0.5-0.75,0.6747835719599172,0.0,2.541842857142857,0.600015887655771,0.3076923076923077,113.08240000000002,113.08240000000002,113.08240000000002,113.08240000000002,edd,0.0,0.0,0.0,0.0
c12_final_150_0025_q90,c12_final_150_0025,cap_q90,q90,12,replay,cap-empirical,150,1.0,0.9,166,8.4475,13,13,0,0,978.9648000000001,0.698121,0.6981211379997648,0.5-0.8,0.5058555731523748,0.5-0.75,0.5058555731523748,0.0,1.7272458231321801,0.44006374449128277,0.3076923076923077,1769.9184,1769.9184,1769.9184,1769.9184,edd,0.0,0.0,0.0,0.0
c12_final_150_0026_q90,c12_final_150_0026,cap_q90,q90,12,replay,cap-empirical,150,1.0,0.9,166,3.4117,13,10,0,0,841.8944,1.486547,1.486547179426149,>=1.2,0.815000551138005,>=0.75,0.815000551138005,0.0,7.427733974265029,0.733404175074178,0.6,1550.502,1550.502,1550.502,1550.502,edd,0.0,0.0,0.0,0.0
c12_final_150_0027_q90,c12_final_150_0027,cap_q90,q90,12,replay,cap-empirical,150,1.0,0.9,166,16.4028,13,11,0,0,366.0,0.134417,0.13441725053700795,<0.5,0.0,<0.25,0.0,0.0,0.2046144560684761,0.2647390179402469,0.0,100.00000000000004,100.00000000000004,100.00000000000004,100.00000000000004,edd,0.0,0.0,0.0,0.0
c12_final_150_0028_q90,c12_final_150_0028,cap_q90,q90,12,replay,cap-empirical,150,1.0,0.9,166,8.0,13,11,0,0,800.4333000000001,0.602736,0.6027359186746989,0.5-0.8,0.3687169186989097,0.25-0.5,0.6574980076416111,-0.28878108894270144,1.3219244047619048,0.332345689934851,0.18181818181818182,8.0,8.0,8.0,8.0,edd,0.0,0.0,0.0,0.0
c12_final_150_0029_q90,c12_final_150_0029,cap_q90,q90,12,replay,cap-empirical,150,1.0,0.9,166,8.0,13,13,0,0,1018.3611000000003,0.766838,0.7668381777108436,0.5-0.8,0.4796722891320181,0.25-0.5,0.4796722891320181,0.0,3.54265,0.7200629200192714,0.3076923076923077,21.729600000000005,21.729600000000005,21.729600000000005,21.729600000000005,edd,0.0,0.0,0.0,0.0
c12_final_400_0000_q90,c12_final_400_0000,cap_q90,q90,12,replay,cap-empirical,400,1.0,0.9,166,25.3814,13,13,0,0,2734.3592000000003,0.648981,0.6489808825948915,0.5-0.8,0.23777051676312316,<0.25,0.23777051676312316,0.0,1.9704010992907588,0.6799191464481675,0.07692307692307693,1961.1776,1961.1776,1961.1776,1961.1776,edd,0.0,0.0,0.0,0.0
c12_final_400_0001_q90,c12_final_400_0001,cap_q90,q90,12,replay,cap-empirical,400,1.0,0.9,166,23.4031,13,13,0,0,2938.0388000000003,0.756269,0.7562685676539712,0.5-0.8,0.6427158143724991,0.5-0.75,0.642715814372499,1.1102230246251565e-16,2.0900205528327445,0.4252703185053686,0.46153846153846156,1954.668,1954.668,1954.668,1954.668,edd,0.0,0.0,0.0,0.0
c12_final_400_0002_q90,c12_final_400_0002,cap_q90,q90,12,replay,cap-empirical,400,1.0,0.9,166,32.0,13,13,0,0,2732.8683999999994,0.514471,0.5144707078313252,0.5-0.8,0.13139835053894292,<0.25,0.0,0.13139835053894292,1.0201545454545455,0.34957810442368525,0.07692307692307693,1821.0438,1836.4864,1842.2026,1814.4592,v2rl310,-15.442600000000084,-21.158800000000156,-0.008480081588372605,-0.011619050568690416
c12_final_400_0003_q90,c12_final_400_0003,cap_q90,q90,12,replay,cap-empirical,400,1.0,0.9,166,30.9725,13,13,0,0,2720.2295999999997,0.52908,0.5290798386053698,0.5-0.8,0.0,<0.25,0.0,0.0,0.9221890386633304,0.249799551963501,0.0,2889.9184,2889.9184,2889.9184,2889.9184,edd,0.0,0.0,0.0,0.0
c12_final_400_0004_q90,c12_final_400_0004,cap_q90,q90,12,replay,cap-empirical,400,1.0,0.9,166,25.0431,13,13,0,0,2797.1592,0.672854,0.672854264308573,0.5-0.8,0.4932788952448613,0.25-0.5,0.49327889524486124,5.551115123125783e-17,1.5626393431058188,0.43334526718544225,0.15384615384615385,2874.4784,2874.4784,2874.4784,2862.4784,v2rl301,0.0,0.0,0.0,0.0
c12_final_400_0005_q90,c12_final_400_0005,cap_q90,q90,12,replay,cap-empirical,400,1.0,0.9,166,24.0,13,13,0,0,2776.1443999999997,0.696823,0.6968233935742971,0.5-0.8,0.29446047547094456,0.25-0.5,0.29446047547094456,0.0,1.3950520833333335,0.3815294632758136,0.23076923076923078,1720.1256,1720.1256,1721.2434,1720.1256,edd,0.0,-1.1177999999999884,0.0,-0.0006498362677702071
c12_final_400_0006_q90,c12_final_400_0006,cap_q90,q90,12,replay,cap-empirical,400,1.0,0.9,166,26.1925,13,13,0,0,1944.6648000000002,0.44726,0.44725964275159247,<0.5,0.0,<0.25,0.0,0.0,0.8870223664535012,0.34987992669276435,0.0,970.5296,970.5296,970.5296,970.5296,edd,0.0,0.0,0.0,0.0
c12_final_400_0007_q90,c12_final_400_0007,cap_q90,q90,12,replay,cap-empirical,400,1.0,0.9,166,43.3444,13,13,0,0,2113.4,0.293725,0.2937248018476394,<0.5,0.0,<0.25,0.0,0.0,0.47789992973223105,0.25816972610639993,0.0,748.0,748.0,748.0,748.0,edd,0.0,0.0,0.0,0.0
c12_final_400_0008_q90,c12_final_400_0008,cap_q90,q90,12,replay,cap-empirical,400,1.0,0.9,166,24.0,13,12,0,0,1785.1296000000002,0.448075,0.44807469879518075,<0.5,0.0,<0.25,0.0,0.0,0.7778645833333333,0.3154139583734224,0.0,1202.648,1202.648,1202.648,1202.648,edd,0.0,0.0,0.0,0.0
c12_final_400_0009_q90,c12_final_400_0009,cap_q90,q90,12,replay,cap-empirical,400,1.0,0.9,166,23.5156,13,13,0,0,2645.6407,0.677746,0.6777456062491816,0.5-0.8,0.14883532748796918,<0.25,0.14883532748796918,0.0,1.2339213118100325,0.2719416642053703,0.15384615384615385,246.00000000000003,246.00000000000003,246.00000000000003,246.00000000000003,edd,0.0,0.0,0.0,0.0
c12_final_400_0010_q90,c12_final_400_0010,cap_q90,q90,12,replay,cap-empirical,400,1.0,0.9,166,25.4,13,13,0,0,3281.6423999999984,0.778304,0.778304335452044,0.5-0.8,0.4464329202962517,0.25-0.5,0.4464329202962517,0.0,1.1568704366499643,0.270508766975579,0.15384615384615385,1471.9072,1471.9072,1471.9072,1471.9072,edd,0.0,0.0,0.0,0.0
c12_final_400_0011_q90,c12_final_400_0011,cap_q90,q90,12,replay,cap-empirical,400,1.0,0.9,166,24.0,13,13,0,0,2205.3796,0.553559,0.5535591365461848,0.5-0.8,0.32789348373404736,0.25-0.5,0.32789348373404736,0.0,1.4347809523809523,0.5875407495236112,0.07692307692307693,566.0824,566.0824,566.0824,566.0824,edd,0.0,0.0,0.0,0.0
c12_final_400_0012_q90,c12_final_400_0012,cap_q90,q90,12,replay,cap-empirical,400,1.0,0.9,166,10.8297,13,11,0,0,1586.0092,0.882229,0.8822287126288471,0.8-1.0,0.7211554636631363,0.5-0.75,0.7211554636631363,0.0,2.409226479034507,0.4165661025923369,0.5454545454545454,1670.502,1670.502,1670.502,1670.502,edd,0.0,0.0,0.0,0.0
c12_final_400_0013_q90,c12_final_400_0013,cap_q90,q90,12,replay,cap-empirical,400,1.0,0.9,166,15.7369,13,12,0,0,2036.8796000000002,0.779719,0.7797189431301322,0.5-0.8,0.3618770594000745,0.25-0.5,0.6634730889346626,-0.30159602953458814,2.860792150931886,0.6625015084345443,0.25,1026.8,1026.8,1026.8,1026.8,edd,0.0,0.0,0.0,0.0
c12_final_400_0014_q90,c12_final_400_0014,cap_q90,q90,12,replay,cap-empirical,400,1.0,0.9,166,24.0,13,13,0,0,2428.8795999999998,0.609659,0.6096585341365461,0.5-0.8,0.32744101436728273,0.25-0.5,0.26383143898940076,0.06360957537788198,1.4678030303030303,0.48017899191875846,0.23076923076923078,1466.0,1466.0,1466.0,1462.0,lpt,0.0,0.0,0.0,0.0
c12_final_400_0015_q90,c12_final_400_0015,cap_q90,q90,12,replay,cap-empirical,400,1.0,0.9,166,24.88,13,13,0,0,3500.848,0.847647,0.8476465346918219,0.8-1.0,0.6480053975493938,0.5-0.75,0.6480053975493938,0.0,2.417368703108253,0.4719874978779282,0.23076923076923078,6199.962,6199.962,6199.770799999999,6198.1708,random,0.0,0.1912000000011176,0.0,3.083889869020449e-05
c12_final_400_0016_q90,c12_final_400_0016,cap_q90,q90,12,replay,cap-empirical,400,1.0,0.9,166,32.0,13,13,0,0,2260.0944,0.42547,0.425469578313253,<0.5,0.0,<0.25,0.0,0.0,0.663534375,0.27475893462738304,0.0,1456.0,1456.0,1456.0,1456.0,edd,0.0,0.0,0.0,0.0
c12_final_400_0017_q90,c12_final_400_0017,cap_q90,q90,12,replay,cap-empirical,400,1.0,0.9,166,26.13,13,13,0,0,2630.3592,0.606412,0.6064116857787061,0.5-0.8,0.18191994462201208,<0.25,0.18191994462201208,0.0,2.017458859548412,0.5409567577456145,0.15384615384615385,1896.1592,1920.1592,1941.1728,1878.3776,v2rl304,-24.0,-45.0136,-0.012657165073481172,-0.023739356906318836
c12_final_400_0018_q90,c12_final_400_0018,cap_q90,q90,12,replay,cap-empirical,400,1.0,0.9,166,17.4172,13,13,0,0,3043.825799999999,1.05277,1.0527696759525065,1.0-1.2,0.48309693018568944,0.25-0.5,0.48309693018568933,1.1102230246251565e-16,2.895700801506556,0.5654250300892566,0.38461538461538464,735.4592,735.4592,735.4592,735.4592,edd,0.0,0.0,0.0,0.0
c12_final_400_0019_q90,c12_final_400_0019,cap_q90,q90,12,replay,cap-empirical,400,1.0,0.9,166,20.1333,13,12,0,0,2160.6092000000003,0.646477,0.6464771335195502,0.5-0.8,0.11464359218687026,<0.25,0.11464359218687026,0.0,1.230300050165646,0.3004765627115751,0.08333333333333333,2759.8368,2759.8368,2759.8368,2759.8368,edd,0.0,0.0,0.0,0.0
c12_final_400_0020_q90,c12_final_400_0020,cap_q90,q90,12,replay,cap-empirical,400,1.0,0.9,166,24.0,13,13,0,0,2414.2629,0.60599,0.6059896837349398,0.5-0.8,0.27474070864444794,0.25-0.5,0.274740708644448,-5.551115123125783e-17,1.1054938333333333,0.37062124489255327,0.07692307692307693,182.00000000000003,182.00000000000003,182.00000000000003,182.00000000000003,edd,0.0,0.0,0.0,0.0
c12_final_400_0021_q90,c12_final_400_0021,cap_q90,q90,12,replay,cap-empirical,400,1.0,0.9,166,16.375,13,13,0,0,1760.2629,0.647572,0.6475721144118458,0.5-0.8,0.17330638508600052,<0.25,0.2647415905885422,-0.09143520550254167,2.23346320610687,0.6149600688366333,0.15384615384615385,190.2,190.2,190.2,190.2,edd,0.0,0.0,0.0,0.0
c12_final_400_0022_q90,c12_final_400_0022,cap_q90,q90,12,replay,cap-empirical,400,1.0,0.9,166,22.0997,13,12,0,0,2343.1258000000003,0.638706,0.6387062115164733,0.5-0.8,0.388623777690468,0.25-0.5,0.38862377769046796,5.551115123125783e-17,1.737256937553774,0.4856555889952704,0.25,283.7296,283.7296,283.7296,283.7296,edd,0.0,0.0,0.0,0.0
c12_final_400_0023_q90,c12_final_400_0023,cap_q90,q90,12,replay,cap-empirical,400,1.0,0.9,166,24.0,13,13,0,0,2924.0888,0.733958,0.7339580321285141,0.5-0.8,0.16810871133598954,<0.25,0.2478771506528803,-0.07976843931689076,1.4502604166666666,0.31226493892653473,0.15384615384615385,2151.5776,2151.5776,2151.5776,2151.5776,edd,0.0,0.0,0.0,0.0
c12_final_400_0024_q90,c12_final_400_0024,cap_q90,q90,12,replay,cap-empirical,400,1.0,0.9,166,16.0,13,13,0,0,1157.3815,0.435761,0.4357611069277108,<0.5,0.0,<0.25,0.0,0.0,0.8263888888888888,0.2721280908377121,0.0,1208.9184,1208.9184,1208.9184,1208.9184,edd,0.0,0.0,0.0,0.0
c12_final_400_0025_q90,c12_final_400_0025,cap_q90,q90,12,replay,cap-empirical,400,1.0,0.9,166,33.6069,13,13,0,0,2690.0444,0.482195,0.48219522618831107,<0.5,0.0,<0.25,0.0,0.0,0.9543563970494154,0.3224370219524896,0.0,1753.4592,1753.4592,1753.4592,1753.4592,edd,0.0,0.0,0.0,0.0
c12_final_400_0026_q90,c12_final_400_0026,cap_q90,q90,12,replay,cap-empirical,400,1.0,0.9,166,29.9678,13,12,0,0,3496.4036,0.702843,0.7028434616206938,0.5-0.8,0.6045322685287248,0.5-0.75,0.5501721826393269,0.05436008588939789,1.6047424235345937,0.4828935708174082,0.16666666666666666,5878.2736,5879.653600000001,5879.653600000001,5878.2736,edd,-1.3800000000001091,-1.3800000000001091,-0.00023476280518826295,-0.00023476280518826295
c12_final_400_0027_q90,c12_final_400_0027,cap_q90,q90,12,replay,cap-empirical,400,1.0,0.9,166,15.2428,13,13,0,0,2607.1591999999996,1.030374,1.0303735739662665,1.0-1.2,0.42353746560624295,0.25-0.5,0.48133984299846366,-0.057802377392220716,3.1695593985357022,0.6338688125652511,0.3076923076923077,1265.1456,1279.7748,1277.6524000000002,1235.0592,v2rl301,-14.629199999999855,-12.506800000000112,-0.01156325406340571,-0.009885660591160505
c12_final_400_0028_q90,c12_final_400_0028,cap_q90,q90,12,replay,cap-empirical,400,1.0,0.9,166,32.0,13,13,0,0,2141.5648,0.403156,0.40315602409638557,<0.5,0.0,<0.25,0.0,0.0,0.7028240625000001,0.35411947046282294,0.0,3254.4184,3271.9184,3275.9184,3251.9184,v2rl303,-17.5,-21.5,-0.005377304897243698,-0.006606403159470829
c12_final_400_0029_q90,c12_final_400_0029,cap_q90,q90,12,replay,cap-empirical,400,1.0,0.9,166,32.2964,13,13,0,0,3007.3202,0.560941,0.5609413664367531,0.5-0.8,0.4363599193727358,0.25-0.5,0.31263036107694814,0.12372955829578769,1.356409471555432,0.5031974457315316,0.3076923076923077,868.7292,876.7292,875.8992,860.1368,v2rl301,-8.0,-7.169999999999959,-0.009208853576005043,-0.008253435017494473
c05_gfinal_070_0000,c05_gfinal_070_0000,evalb,gen,5,storm2,final-gen,2259,1.0,0.95,116,80.0,11,11,0,0,6354.394100000007,0.6847407435344834,0.6847407435344834,0.5-0.8,0.1055739051501385,<0.25,,,1.0482159374999998,0.23735350428719926,0.09090909090909091,0.0,0.0,0.0,0.0,edd,0.0,0.0,,
c05_gfinal_070_0001,c05_gfinal_070_0001,evalb,gen,5,storm2,final-gen,2325,1.0,0.95,116,80.0,11,11,0,0,6579.661699999979,0.7090152693965495,0.7090152693965495,0.5-0.8,0.04104448105591809,<0.25,,,1.1252449999999998,0.19509270420089073,0.09090909090909091,0.0,0.0,0.0,0.0,edd,0.0,0.0,,
c05_gfinal_070_0002,c05_gfinal_070_0002,evalb,gen,5,storm2,final-gen,2287,1.0,0.95,116,80.0,11,11,0,0,6459.971900000009,0.696117661637932,0.696117661637932,0.5-0.8,0.04189210172880166,<0.25,,,1.127590833333333,0.2249124060763406,0.09090909090909091,0.0,0.0,0.0,0.0,edd,0.0,0.0,,
c05_gfinal_070_0003,c05_gfinal_070_0003,evalb,gen,5,storm2,final-gen,2228,1.0,0.95,116,80.0,11,11,0,0,6509.573500000013,0.7014626616379325,0.7014626616379325,0.5-0.8,0.04160956167097576,<0.25,,,1.1285854166666656,0.19615278648605375,0.09090909090909091,0.0,0.0,0.0,0.0,edd,0.0,0.0,,
c05_gfinal_070_0004,c05_gfinal_070_0004,evalb,gen,5,storm2,final-gen,2353,1.0,0.95,116,80.0,11,11,0,0,6991.960600000009,0.7534440301724148,0.7534440301724148,0.5-0.8,0.05087512935928156,<0.25,,,1.1164349999999998,0.16001272538096162,0.18181818181818182,0.0,0.0,0.0,0.0,edd,0.0,0.0,,
c05_gfinal_070_0005,c05_gfinal_070_0005,evalb,gen,5,storm2,final-gen,2219,1.0,0.95,116,80.0,11,11,0,0,6215.228400000014,0.6697444396551738,0.6697444396551738,0.5-0.8,0.03429468497086929,<0.25,,,1.3321831250000002,0.2289962973109357,0.09090909090909091,0.0,0.0,0.0,0.0,edd,0.0,0.0,,
c05_gfinal_070_0006,c05_gfinal_070_0006,evalb,gen,5,storm2,final-gen,2290,1.0,0.95,116,80.0,11,11,0,0,6483.375200000015,0.6986395689655188,0.6986395689655188,0.5-0.8,0.04146273996297485,<0.25,,,1.1200770833333331,0.2108061616352831,0.09090909090909091,0.0,0.0,0.0,0.0,edd,0.0,0.0,,
c05_gfinal_070_0007,c05_gfinal_070_0007,evalb,gen,5,storm2,final-gen,2325,1.0,0.95,116,80.0,11,11,0,0,6362.912399999998,0.6856586637931033,0.6856586637931033,0.5-0.8,0.045227009568762896,<0.25,,,1.199064583333334,0.2084831081446273,0.09090909090909091,0.0,0.0,0.0,0.0,edd,0.0,0.0,,
c05_gfinal_070_0008,c05_gfinal_070_0008,evalb,gen,5,storm2,final-gen,2318,1.0,0.95,116,80.0,11,11,0,0,6637.351900000011,0.7152318857758632,0.7152318857758632,0.5-0.8,0.026440439296280184,<0.25,,,1.096840625,0.19677276949223946,0.09090909090909091,0.0,0.0,0.0,0.0,edd,0.0,0.0,,
c05_gfinal_070_0009,c05_gfinal_070_0009,evalb,gen,5,storm2,final-gen,2247,1.0,0.95,116,80.0,11,11,0,0,6486.744400000003,0.6990026293103452,0.6990026293103452,0.5-0.8,0.03849612141338574,<0.25,,,1.0404770833333334,0.20016230044497638,0.09090909090909091,0.0,0.0,0.0,0.0,edd,0.0,0.0,,
c05_gfinal_070_0010,c05_gfinal_070_0010,evalb,gen,5,storm2,final-gen,2371,1.0,0.95,116,80.0,11,11,0,0,6867.2147000000095,0.7400015840517251,0.7400015840517251,0.5-0.8,0.06648485884677528,<0.25,,,1.2117400000000003,0.19747669667627757,0.18181818181818182,0.0,0.0,0.0,0.0,edd,0.0,0.0,,
c05_gfinal_070_0011,c05_gfinal_070_0011,evalb,gen,5,storm2,final-gen,2406,1.0,0.95,116,80.0,11,11,0,0,6842.492000000002,0.7373375000000002,0.7373375000000002,0.5-0.8,0.0926099877062333,<0.25,,,1.1872129166666665,0.22560151654406357,0.18181818181818182,0.0,0.0,0.0,0.0,edd,0.0,0.0,,
c05_gfinal_070_0012,c05_gfinal_070_0012,evalb,gen,5,storm2,final-gen,2250,1.0,0.95,116,80.0,11,11,0,0,6390.593500000006,0.6886415409482766,0.6886415409482766,0.5-0.8,0.04011797965243758,<0.25,,,1.0682404166666664,0.22469218538232535,0.09090909090909091,0.0,0.0,0.0,0.0,edd,0.0,0.0,,
c05_gfinal_070_0013,c05_gfinal_070_0013,evalb,gen,5,storm2,final-gen,2320,1.0,0.95,116,80.0,11,11,0,0,6235.680600000002,0.6719483405172416,0.6719483405172416,0.5-0.8,0.07669969497796278,<0.25,,,1.2995199999999998,0.27013729744087844,0.18181818181818182,0.0,0.0,0.0,0.0,edd,0.0,0.0,,
c05_gfinal_070_0014,c05_gfinal_070_0014,evalb,gen,5,storm2,final-gen,2257,1.0,0.95,116,80.0,11,11,0,0,6686.145400000002,0.720489806034483,0.720489806034483,0.5-0.8,0.036216218091817146,<0.25,,,1.008945416666666,0.2215789534150808,0.09090909090909091,0.0,0.0,0.0,0.0,edd,0.0,0.0,,
c05_gfinal_090_0000,c05_gfinal_090_0000,evalb,gen,5,storm2,final-gen,3021,1.0,0.95,116,80.0,11,11,0,0,8786.603499999988,0.9468322737068952,0.9468322737068953,0.8-1.0,0.3012280228645804,0.25-0.5,,,1.5719524999999996,0.17798910443958232,0.36363636363636365,0.0,0.0,0.0,0.0,edd,0.0,0.0,,
c05_gfinal_090_0001,c05_gfinal_090_0001,evalb,gen,5,storm2,final-gen,2878,1.0,0.95,116,80.0,11,11,0,0,7795.9145,0.8400769935344827,0.8400769935344827,0.8-1.0,0.41011420789696973,0.25-0.5,,,1.474009375,0.24274855562213066,0.45454545454545453,0.0,0.0,0.0,0.0,edd,0.0,0.0,,
c05_gfinal_090_0002,c05_gfinal_090_0002,evalb,gen,5,storm2,final-gen,2943,1.0,0.95,116,80.0,11,11,0,0,8189.006400000005,0.8824360344827591,0.8824360344827591,0.8-1.0,0.28324334927861344,0.25-0.5,,,1.2550658333333335,0.1707018638484512,0.2727272727272727,0.0,0.0,0.0,0.0,edd,0.0,0.0,,
c05_gfinal_090_0003,c05_gfinal_090_0003,evalb,gen,5,storm2,final-gen,2943,1.0,0.95,116,80.0,11,11,0,0,8491.154500000004,0.914995096982759,0.914995096982759,0.8-1.0,0.333943588000901,0.25-0.5,,,1.4267337500000004,0.19541381013971285,0.36363636363636365,0.0,0.0,0.0,0.0,edd,0.0,0.0,,
c05_gfinal_090_0004,c05_gfinal_090_0004,evalb,gen,5,storm2,final-gen,2993,1.0,0.95,116,80.0,11,11,0,0,8309.100699999999,0.8953772306034482,0.8953772306034482,0.8-1.0,0.2901007927368121,0.25-0.5,,,1.317216666666667,0.19483679566184858,0.2727272727272727,0.0,0.0,0.0,0.0,edd,0.0,0.0,,
c05_gfinal_090_0005,c05_gfinal_090_0005,evalb,gen,5,storm2,final-gen,2927,1.0,0.95,116,80.0,11,11,0,0,8082.154800000024,0.8709218534482784,0.8709218534482784,0.8-1.0,0.28702043667859467,0.25-0.5,,,1.4472070833333328,0.20658683110461531,0.2727272727272727,0.0,0.0,0.0,0.0,edd,0.0,0.0,,
c05_gfinal_090_0006,c05_gfinal_090_0006,evalb,gen,5,storm2,final-gen,2875,1.0,0.95,116,80.0,11,11,0,0,8182.442700000028,0.881728739224141,0.881728739224141,0.8-1.0,0.2586053306551115,0.25-0.5,,,1.1228933333333333,0.16102870806561967,0.18181818181818182,0.0,0.0,0.0,0.0,edd,0.0,0.0,,
c05_gfinal_090_0007,c05_gfinal_090_0007,evalb,gen,5,storm2,final-gen,2912,1.0,0.95,116,80.0,11,11,0,0,8229.224600000016,0.886769892241381,0.886769892241381,0.8-1.0,0.2887820682400623,0.25-0.5,,,1.4714762499999985,0.19643720036001364,0.2727272727272727,0.0,0.0,0.0,0.0,edd,0.0,0.0,,
c05_gfinal_090_0008,c05_gfinal_090_0008,evalb,gen,5,storm2,final-gen,2922,1.0,0.95,116,80.0,11,11,0,0,8186.964200000008,0.882215969827587,0.882215969827587,0.8-1.0,0.2858031307868672,0.25-0.5,,,1.4559870833333333,0.19705037505753162,0.2727272727272727,0.0,0.0,0.0,0.0,edd,0.0,0.0,,
c05_gfinal_090_0009,c05_gfinal_090_0009,evalb,gen,5,storm2,final-gen,2974,1.0,0.95,116,80.0,11,11,0,0,8359.037499999993,0.9007583512931028,0.9007583512931027,0.8-1.0,0.30661232229189045,0.25-0.5,,,1.5256925000000015,0.22047046901608353,0.2727272727272727,0.0,0.0,0.0,0.0,edd,0.0,0.0,,
c05_gfinal_090_0010,c05_gfinal_090_0010,evalb,gen,5,storm2,final-gen,2975,1.0,0.95,116,80.0,11,11,0,0,8445.070000000003,0.9100290948275864,0.9100290948275865,0.8-1.0,0.3477237844091288,0.25-0.5,,,1.5261508333333336,0.22816834363186522,0.36363636363636365,0.0,0.0,0.0,0.0,edd,0.0,0.0,,
c05_gfinal_090_0011,c05_gfinal_090_0011,evalb,gen,5,storm2,final-gen,2949,1.0,0.95,116,80.0,11,11,0,0,8597.345999999992,0.9264381465517232,0.9264381465517233,0.8-1.0,0.30558380458341455,0.25-0.5,,,1.4081924999999997,0.1793490721133898,0.36363636363636365,0.0,0.0,0.0,0.0,edd,0.0,0.0,,
c05_gfinal_090_0012,c05_gfinal_090_0012,evalb,gen,5,storm2,final-gen,2855,1.0,0.95,116,80.0,11,11,0,0,8159.14830000001,0.8792185668103459,0.8792185668103459,0.8-1.0,0.3618006918687828,0.25-0.5,,,1.3871604166666658,0.18576215027397172,0.36363636363636365,0.0,0.0,0.0,0.0,edd,0.0,0.0,,
c05_gfinal_090_0013,c05_gfinal_090_0013,evalb,gen,5,storm2,final-gen,2898,1.0,0.95,116,80.0,11,11,0,0,8264.231500000009,0.8905421875000009,0.8905421875000009,0.8-1.0,0.27678816838565085,0.25-0.5,,,1.2849162499999993,0.15986371016897347,0.2727272727272727,0.0,0.0,0.0,0.0,edd,0.0,0.0,,
c05_gfinal_090_0014,c05_gfinal_090_0014,evalb,gen,5,storm2,final-gen,3062,1.0,0.95,116,80.0,11,11,0,0,9082.09420000002,0.9786739439655192,0.9786739439655193,0.8-1.0,0.3732689207297583,0.25-0.5,,,1.4755395833333327,0.1924156048151858,0.36363636363636365,0.0,0.0,0.0,0.0,edd,0.0,0.0,,
c05_gfinal_100_0000,c05_gfinal_100_0000,evalb,gen,5,storm2,final-gen,3260,1.0,0.95,116,80.0,11,11,0,0,9277.990700000006,0.9997834806034488,0.9997834806034489,0.8-1.0,0.3594706017543214,0.25-0.5,,,1.4181450000000002,0.20472095227325854,0.45454545454545453,0.0,0.0,0.0,0.0,edd,0.0,0.0,,
c05_gfinal_100_0001,c05_gfinal_100_0001,evalb,gen,5,storm2,final-gen,3198,1.0,0.95,116,80.0,11,11,0,0,8901.647099999998,0.9592292133620688,0.9592292133620688,0.8-1.0,0.38396886122344703,0.25-0.5,,,1.6317875000000002,0.2301837695604674,0.36363636363636365,0.0,0.0,0.0,0.0,edd,0.0,0.0,,
c05_gfinal_100_0002,c05_gfinal_100_0002,evalb,gen,5,storm2,final-gen,3371,1.0,0.95,116,80.0,11,11,0,0,9150.036699999986,0.9859953340517228,0.9859953340517227,0.8-1.0,0.3932585100997462,0.25-0.5,,,1.6774493750000001,0.24203498099432338,0.36363636363636365,0.0,0.0,0.0,0.0,edd,0.0,0.0,,
c05_gfinal_100_0003,c05_gfinal_100_0003,evalb,gen,5,storm2,final-gen,3303,1.0,0.95,116,80.0,11,11,0,0,9040.329000000009,0.9741733836206906,0.9741733836206906,0.8-1.0,0.34919789976670107,0.25-0.5,,,1.608918125,0.240763479676802,0.36363636363636365,0.0,0.0,0.0,0.0,edd,0.0,0.0,,
c05_gfinal_100_0004,c05_gfinal_100_0004,evalb,gen,5,storm2,final-gen,3237,1.0,0.95,116,80.0,11,11,0,0,9033.011299999996,0.9733848383620686,0.9733848383620686,0.8-1.0,0.38963006721800525,0.25-0.5,,,1.659108125,0.1879497259136046,0.45454545454545453,0.0,0.0,0.0,0.0,edd,0.0,0.0,,
c05_gfinal_100_0005,c05_gfinal_100_0005,evalb,gen,5,storm2,final-gen,3288,1.0,0.95,116,80.0,11,11,0,0,9056.803599999994,0.9759486637931029,0.9759486637931027,0.8-1.0,0.2965603339350317,0.25-0.5,,,1.643270416666667,0.2159453997234991,0.2727272727272727,0.0,0.0,0.0,0.0,edd,0.0,0.0,,
c05_gfinal_100_0006,c05_gfinal_100_0006,evalb,gen,5,storm2,final-gen,3309,1.0,0.95,116,80.0,11,11,0,0,8949.263099999991,0.9643602478448268,0.9643602478448267,0.8-1.0,0.30805598954845803,0.25-0.5,,,1.9284512500000002,0.2732006358392916,0.2727272727272727,0.0,0.0,7.605800000000045,0.0,edd,0.0,-7.605800000000045,,
c05_gfinal_100_0007,c05_gfinal_100_0007,evalb,gen,5,storm2,final-gen,3208,1.0,0.95,116,80.0,11,11,0,0,9273.903600000001,0.9993430603448278,0.9993430603448278,0.8-1.0,0.7446226096203975,0.5-0.75,,,1.5273854166666656,0.1811044975820348,0.36363636363636365,0.0,0.0,0.0,0.0,edd,0.0,0.0,,
c05_gfinal_100_0008,c05_gfinal_100_0008,evalb,gen,5,storm2,final-gen,3229,1.0,0.95,116,80.0,11,11,0,0,8783.030300000004,0.9464472306034488,0.9464472306034487,0.8-1.0,0.3457304251813866,0.25-0.5,,,1.3914095833333344,0.1850858220029681,0.45454545454545453,0.0,0.0,0.0,0.0,edd,0.0,0.0,,
c05_gfinal_100_0009,c05_gfinal_100_0009,evalb,gen,5,storm2,final-gen,3335,1.0,0.95,116,80.0,11,11,0,0,9841.19869999999,1.0604739978448263,1.0604739978448265,1.0-1.2,0.9646718138106488,>=0.75,,,1.4951343749999997,0.16067242630242196,0.7272727272727273,0.0,0.0,0.0,0.0,edd,0.0,0.0,,
c05_gfinal_100_0010,c05_gfinal_100_0010,evalb,gen,5,storm2,final-gen,3305,1.0,0.95,116,80.0,11,11,0,0,9080.351099999989,0.978486109913792,0.9784861099137919,0.8-1.0,0.43069087934276024,0.25-0.5,,,1.59732125,0.20330213419288928,0.5454545454545454,0.0,0.0,0.0,0.0,edd,0.0,0.0,,
c05_gfinal_100_0011,c05_gfinal_100_0011,evalb,gen,5,storm2,final-gen,3317,1.0,0.95,116,80.0,11,11,0,0,9350.734300000006,1.0076222306034488,1.0076222306034488,1.0-1.2,0.38471363687448595,0.25-0.5,,,1.473974583333333,0.2150321784802229,0.36363636363636365,0.0,0.0,0.0,0.0,edd,0.0,0.0,,
c05_gfinal_100_0012,c05_gfinal_100_0012,evalb,gen,5,storm2,final-gen,3315,1.0,0.95,116,80.0,11,11,0,0,9129.838699999978,0.9838188254310322,0.9838188254310322,0.8-1.0,0.8507646580875523,>=0.75,,,1.550423333333335,0.1976571377009545,0.45454545454545453,0.0,0.0,0.0,0.0,edd,0.0,0.0,,
c05_gfinal_100_0013,c05_gfinal_100_0013,evalb,gen,5,storm2,final-gen,3338,1.0,0.95,116,80.0,11,11,0,0,9950.415300000015,1.072243028017243,1.072243028017243,1.0-1.2,0.9449867082432231,>=0.75,,,1.4989362499999994,0.18825209124132491,0.6363636363636364,0.0,0.0,51.7422,0.0,edd,0.0,-51.7422,,
c05_gfinal_100_0014,c05_gfinal_100_0014,evalb,gen,5,storm2,final-gen,3341,1.0,0.95,116,80.0,11,11,0,0,9425.197099999998,1.0156462392241377,1.0156462392241377,1.0-1.2,0.4678126253720464,0.25-0.5,,,1.600082499999999,0.21199354286636096,0.5454545454545454,0.0,0.0,0.0,0.0,edd,0.0,0.0,,
c05_gfinal_110_0000,c05_gfinal_110_0000,evalb,gen,5,storm2,final-gen,3685,1.0,0.95,116,80.0,11,11,0,0,10129.674299999984,1.0915597306034466,1.0915597306034466,1.0-1.2,0.4485098005569637,0.25-0.5,,,1.8370812500000018,0.2396448041123995,0.5454545454545454,0.0,0.0,0.0,0.0,edd,0.0,0.0,,
c05_gfinal_110_0001,c05_gfinal_110_0001,evalb,gen,5,storm2,final-gen,3696,1.0,0.95,116,80.0,11,11,0,0,10885.955999999986,1.1730556034482742,1.1730556034482742,1.0-1.2,0.9588391961165376,>=0.75,,,1.7236924999999996,0.16994990346111397,0.7272727272727273,0.0,0.0,63.14659999999998,0.0,edd,0.0,-63.14659999999998,,
c05_gfinal_110_0002,c05_gfinal_110_0002,evalb,gen,5,storm2,final-gen,3703,1.0,0.95,116,80.0,11,11,0,0,10334.70989999999,1.113654084051723,1.113654084051723,1.0-1.2,0.8876132749502723,>=0.75,,,1.6757724999999994,0.20499293486273829,0.5454545454545454,0.0,0.0,0.0,0.0,edd,0.0,0.0,,
c05_gfinal_110_0003,c05_gfinal_110_0003,evalb,gen,5,storm2,final-gen,3578,1.0,0.95,116,80.0,11,11,0,0,9779.42890000001,1.0538177693965527,1.0538177693965527,1.0-1.2,0.8246116294173376,>=0.75,,,1.7038437500000008,0.20210774086813066,0.45454545454545453,0.0,0.0,0.0,0.0,edd,0.0,0.0,,
c05_gfinal_110_0004,c05_gfinal_110_0004,evalb,gen,5,storm2,final-gen,3611,1.0,0.95,116,80.0,11,11,0,0,9737.662900000001,1.0493171228448277,1.0493171228448277,1.0-1.2,0.8297458212483411,>=0.75,,,1.7268220833333328,0.22594429971879462,0.45454545454545453,0.0,0.0,0.0,0.0,edd,0.0,0.0,,
c05_gfinal_110_0005,c05_gfinal_110_0005,evalb,gen,5,storm2,final-gen,3530,1.0,0.95,116,80.0,11,11,0,0,9702.462500000001,1.0455239762931037,1.0455239762931037,1.0-1.2,0.8371177110965385,>=0.75,,,1.742525416666666,0.24176321705001233,0.5454545454545454,0.0,0.0,0.0,0.0,edd,0.0,0.0,,
c05_gfinal_110_0006,c05_gfinal_110_0006,evalb,gen,5,storm2,final-gen,3591,1.0,0.95,116,80.0,11,11,0,0,10392.555300000005,1.119887424568966,1.119887424568966,1.0-1.2,0.7925477096090121,>=0.75,,,1.8125845833333338,0.20954950822869362,0.45454545454545453,0.0,0.0,0.0,0.0,edd,0.0,0.0,,
c05_gfinal_110_0007,c05_gfinal_110_0007,evalb,gen,5,storm2,final-gen,3567,1.0,0.95,116,80.0,11,11,0,0,10440.818899999986,1.1250882435344811,1.1250882435344811,1.0-1.2,0.929924155661775,>=0.75,,,1.7426108333333339,0.18132098155263116,0.6363636363636364,0.0,0.0,0.0,0.0,edd,0.0,0.0,,
c05_gfinal_110_0008,c05_gfinal_110_0008,evalb,gen,5,storm2,final-gen,3599,1.0,0.95,116,80.0,11,11,0,0,10155.284199999991,1.0943194181034472,1.0943194181034472,1.0-1.2,0.8688854419258891,>=0.75,,,1.700017500000001,0.1804441623390664,0.6363636363636364,0.0,0.0,0.0,0.0,edd,0.0,0.0,,
c05_gfinal_110_0009,c05_gfinal_110_0009,evalb,gen,5,storm2,final-gen,3577,1.0,0.95,116,80.0,11,11,0,0,10417.070400000002,1.1225291379310347,1.1225291379310347,1.0-1.2,0.9557893647334861,>=0.75,,,1.9994387500000002,0.207313288766472,0.7272727272727273,16.35819999999984,16.47399999999999,16.474000000000046,16.35819999999984,edd,-0.11580000000014934,-0.11580000000020618,-0.007079018473924422,-0.007079018473927896
c05_gfinal_110_0010,c05_gfinal_110_0010,evalb,gen,5,storm2,final-gen,3695,1.0,0.95,116,80.0,11,11,0,0,10170.89899999998,1.0960020474137908,1.0960020474137908,1.0-1.2,0.4491709828206926,0.25-0.5,,,1.8443943749999998,0.2786741157765695,0.45454545454545453,0.0,0.0,0.0,0.0,edd,0.0,0.0,,
c05_gfinal_110_0011,c05_gfinal_110_0011,evalb,gen,5,storm2,final-gen,3551,1.0,0.95,116,80.0,11,11,0,0,10178.524399999991,1.096823749999999,1.096823749999999,1.0-1.2,0.9280915610911146,>=0.75,,,1.8048845833333342,0.19407749492514303,0.6363636363636364,0.0,0.0,0.0,0.0,edd,0.0,0.0,,
c05_gfinal_110_0012,c05_gfinal_110_0012,evalb,gen,5,storm2,final-gen,3597,1.0,0.95,116,80.0,11,11,0,0,10411.728899999956,1.121953545258616,1.121953545258616,1.0-1.2,0.8543354600790654,>=0.75,,,1.7846854166666666,0.21158867453091731,0.6363636363636364,0.0,0.0,0.0,0.0,edd,0.0,0.0,,
c05_gfinal_110_0013,c05_gfinal_110_0013,evalb,gen,5,storm2,final-gen,3525,1.0,0.95,116,80.0,11,11,0,0,9859.278700000015,1.0624222737068982,1.0624222737068982,1.0-1.2,0.4365343988095197,0.25-0.5,,,1.555057916666667,0.21056531885540458,0.5454545454545454,0.0,0.0,8.02679999999998,0.0,edd,0.0,-8.02679999999998,,
c05_gfinal_110_0014,c05_gfinal_110_0014,evalb,gen,5,storm2,final-gen,3595,1.0,0.95,116,80.0,11,11,0,0,10299.73390000001,1.1098851185344838,1.1098851185344838,1.0-1.2,0.9634367058745081,>=0.75,,,1.7386681250000002,0.17205841085472054,0.7272727272727273,0.0,0.0,0.0,0.0,edd,0.0,0.0,,
c05_gfinal_130_0000,c05_gfinal_130_0000,evalb,gen,5,storm2,final-gen,4195,1.0,0.95,116,80.0,11,11,0,0,11620.88519999996,1.2522505603448233,1.2522505603448233,>=1.2,0.9577832676636372,>=0.75,,,1.6668950000000038,0.18163225055897123,0.7272727272727273,0.0,0.0,46.29259999999999,0.0,edd,0.0,-46.29259999999999,,
c05_gfinal_130_0001,c05_gfinal_130_0001,evalb,gen,5,storm2,final-gen,4343,1.0,0.95,116,80.0,11,11,0,0,12338.003599999991,1.329526249999999,1.329526249999999,>=1.2,0.9526407902815006,>=0.75,,,1.98267875,0.19424993697942244,0.7272727272727273,32.37639999999999,50.50100000000003,24.09999999999997,0.0,v2rl305,-18.124600000000044,8.27640000000002,-0.5598089966765931,0.2556306445435571
c05_gfinal_130_0002,c05_gfinal_130_0002,evalb,gen,5,storm2,final-gen,4431,1.0,0.95,116,80.0,11,11,0,0,12350.00189999993,1.3308191702586132,1.3308191702586132,>=1.2,0.9828055896898285,>=0.75,,,2.1234216666666663,0.19466952635253795,0.8181818181818182,132.76539999999966,68.56820000000022,69.76040000000006,68.56820000000022,wmdd,64.19719999999944,63.0049999999996,0.48353863280643605,0.47455888356454135
c05_gfinal_130_0003,c05_gfinal_130_0003,evalb,gen,5,storm2,final-gen,4179,1.0,0.95,116,80.0,11,11,0,0,12093.079000000002,1.3031335129310346,1.3031335129310346,>=1.2,0.97746181927696,>=0.75,,,2.317993124999999,0.19356932627672727,0.8181818181818182,946.7854000000012,236.81200000000007,344.1294000000002,236.81200000000007,wmdd,709.9734000000012,602.6560000000011,0.7498778498274269,0.6365286156715136
c05_gfinal_130_0004,c05_gfinal_130_0004,evalb,gen,5,storm2,final-gen,4323,1.0,0.95,116,80.0,11,11,0,0,12135.2752,1.3076805172413792,1.3076805172413792,>=1.2,0.8676170442348106,>=0.75,,,2.0644958333333325,0.21667375670047445,0.6363636363636364,49.64299999999889,37.83139999999963,46.15999999999968,37.83139999999963,wmdd,11.81159999999926,3.4829999999992154,0.23793082609833255,0.07016094917711042
c05_gfinal_130_0005,c05_gfinal_130_0005,evalb,gen,5,storm2,final-gen,4181,1.0,0.95,116,80.0,11,11,0,0,11440.740699999973,1.232838437499997,1.232838437499997,>=1.2,0.8592535184369661,>=0.75,,,2.0363512500000005,0.20847995224485052,0.5454545454545454,18.06440000000015,17.527800000000013,19.454599999999857,17.527800000000013,wmdd,0.536600000000135,-1.3901999999997088,0.02970483381679605,-0.07695799472994937
c05_gfinal_130_0006,c05_gfinal_130_0006,evalb,gen,5,storm2,final-gen,4174,1.0,0.95,116,80.0,11,11,0,0,12184.382800000012,1.3129722844827598,1.3129722844827598,>=1.2,0.9529124364017848,>=0.75,,,1.822395833333334,0.17587370009491585,0.7272727272727273,13.408799999999983,105.45639999999996,146.17000000000002,0.0,v2rl301,-92.04759999999997,-132.76120000000003,-6.8647157090865765,-9.90105005667921
c05_gfinal_130_0007,c05_gfinal_130_0007,evalb,gen,5,storm2,final-gen,4359,1.0,0.95,116,80.0,11,11,0,0,12679.77009999997,1.366354536637928,1.366354536637928,>=1.2,0.9875115637940471,>=0.75,,,2.068365,0.1831442017831598,0.8181818181818182,35.264999999999134,27.031199999999444,33.38739999999967,27.031199999999444,wmdd,8.23379999999969,1.877599999999461,0.2334836239897885,0.053242591804891735
c05_gfinal_130_0008,c05_gfinal_130_0008,evalb,gen,5,storm2,final-gen,4306,1.0,0.95,116,80.0,11,11,0,0,12214.68849999992,1.3162379849137844,1.3162379849137844,>=1.2,0.8999929306424802,>=0.75,,,2.050078749999998,0.19884876233420548,0.7272727272727273,0.0,0.0,0.0515999999998939,0.0,edd,0.0,-0.0515999999998939,,
c05_gfinal_130_0009,c05_gfinal_130_0009,evalb,gen,5,storm2,final-gen,4141,1.0,0.95,116,80.0,11,11,0,0,11598.47319999997,1.2498354741379278,1.2498354741379278,>=1.2,0.9559162752559535,>=0.75,,,2.211966666666665,0.23894256383561807,0.7272727272727273,498.4541999999987,352.9035999999993,327.90599999999944,327.90599999999944,atc,145.5505999999994,170.54819999999927,0.2920039594410074,0.3421542039368907
c05_gfinal_130_0010,c05_gfinal_130_0010,evalb,gen,5,storm2,final-gen,4135,1.0,0.95,116,80.0,11,11,0,0,11978.550499999961,1.2907920797413752,1.2907920797413752,>=1.2,0.9564339191123333,>=0.75,,,1.9615387499999997,0.1926344109605252,0.7272727272727273,1.217399999999884,2.675799999999981,6.690400000000011,0.0,v2rl305,-1.4584000000000972,-5.473000000000127,-1.1979628716939676,-4.495646459668678
c05_gfinal_130_0011,c05_gfinal_130_0011,evalb,gen,5,storm2,final-gen,4212,1.0,0.95,116,80.0,11,11,0,0,11964.682899999967,1.2892977262930998,1.2892977262930998,>=1.2,0.9619401112586111,>=0.75,,,1.8806595833333326,0.1587372016673933,0.7272727272727273,0.0,0.0,0.0,0.0,edd,0.0,0.0,,
c05_gfinal_130_0012,c05_gfinal_130_0012,evalb,gen,5,storm2,final-gen,4208,1.0,0.95,116,80.0,11,11,0,0,11700.22369999996,1.2607999676724095,1.2607999676724095,>=1.2,0.9854695513214845,>=0.75,,,2.5268074999999994,0.22477119803252146,0.8181818181818182,2643.470000000004,918.824600000002,960.8792000000008,918.824600000002,wmdd,1724.645400000002,1682.5908000000031,0.6524172394617678,0.6365083772465738
c05_gfinal_130_0013,c05_gfinal_130_0013,evalb,gen,5,storm2,final-gen,4160,1.0,0.95,116,80.0,11,11,0,0,11691.303400000006,1.2598387284482766,1.2598387284482766,>=1.2,0.941956822367641,>=0.75,,,2.128713333333333,0.18482730101037378,0.7272727272727273,189.8923999999996,120.39919999999996,138.81100000000004,120.39919999999996,wmdd,69.49319999999965,51.081399999999576,0.36596093366559057,0.2690018136586808
c05_gfinal_130_0014,c05_gfinal_130_0014,evalb,gen,5,storm2,final-gen,4289,1.0,0.95,116,80.0,11,11,0,0,12044.313799999947,1.2978786422413735,1.2978786422413737,>=1.2,0.9475252047983009,>=0.75,,,2.033282083333334,0.2239285144923444,0.7272727272727273,0.908200000000022,1.324799999999982,2.8990000000001146,0.2023999999999546,v2rl308,-0.41659999999996,-1.9908000000000925,-0.4587095353445826,-2.19202818762392
c09_gfinal_070_0000,c09_gfinal_070_0000,evalb,gen,9,storm2,final-gen,1572,1.0,0.95,99,80.0,13,13,0,0,5230.497099999995,0.6604163005050498,0.6604163005050498,0.5-0.8,0.0,<0.25,,,0.8582681249999998,0.24652853199185268,0.0,124.79119999999986,124.79119999999986,124.45799999999984,124.3371999999998,v2rl303,0.0,0.33320000000001926,0.0,0.0026700600683383095
c09_gfinal_070_0001,c09_gfinal_070_0001,evalb,gen,9,storm2,final-gen,1603,1.0,0.95,99,80.0,13,13,0,0,5848.0761,0.738393446969697,0.738393446969697,0.5-0.8,0.0,<0.25,,,0.9783594642857145,0.2168272964393939,0.0,769.5004000000001,770.7740000000002,768.7956,768.7724000000002,v2rl308,-1.2736000000001013,0.7048000000000911,-0.0016550998543991675,0.0009159189520890321
c09_gfinal_070_0002,c09_gfinal_070_0002,evalb,gen,9,storm2,final-gen,1620,1.0,0.95,99,80.0,13,13,0,0,5799.604299999996,0.7322732702020197,0.7322732702020197,0.5-0.8,0.0,<0.25,,,0.9609701041666671,0.20724040930807938,0.0,76.2872,76.2872,71.03279999999997,71.03279999999997,atc,0.0,5.254400000000032,0.0,0.06887656120554998
c09_gfinal_070_0003,c09_gfinal_070_0003,evalb,gen,9,storm2,final-gen,1643,1.0,0.95,99,80.0,13,13,0,0,5866.57719999999,0.7407294444444431,0.7407294444444431,0.5-0.8,0.08638002752269248,<0.25,,,1.0557397916666669,0.22155287748996125,0.07692307692307693,328.9216,328.9216,328.9216,328.9216,edd,0.0,0.0,0.0,0.0
c09_gfinal_070_0004,c09_gfinal_070_0004,evalb,gen,9,storm2,final-gen,1599,1.0,0.95,99,80.0,13,13,0,0,5698.094600000009,0.7194563888888901,0.7194563888888901,0.5-0.8,0.1722777645706338,<0.25,,,1.0225572916666665,0.2441162356142222,0.07692307692307693,216.2620000000001,216.2620000000001,216.5588,215.5964,v2rl309,0.0,-0.2967999999998767,0.0,-0.0013724093923106074
c09_gfinal_070_0005,c09_gfinal_070_0005,evalb,gen,9,storm2,final-gen,1581,1.0,0.95,99,80.0,13,13,0,0,5889.6887999999935,0.7436475757575749,0.7436475757575749,0.5-0.8,0.0,<0.25,,,0.9490308035714297,0.2208980823534651,0.0,574.254,574.254,575.572,573.57,v2rl303,0.0,-1.3179999999999836,0.0,-0.0022951516228010317
c09_gfinal_070_0006,c09_gfinal_070_0006,evalb,gen,9,storm2,final-gen,1597,1.0,0.95,99,80.0,13,13,0,0,5146.388999999988,0.6497965909090895,0.6497965909090895,0.5-0.8,0.0,<0.25,,,0.9414762499999992,0.26214757843563086,0.0,303.52599999999995,303.52599999999995,302.6576,302.6576,atc,0.0,0.8683999999999514,0.0,0.0028610399109135678
c09_gfinal_070_0007,c09_gfinal_070_0007,evalb,gen,9,storm2,final-gen,1607,1.0,0.95,99,80.0,13,13,0,0,5431.223,0.6857604797979798,0.6857604797979798,0.5-0.8,0.0,<0.25,,,0.912224107142857,0.2649059111252291,0.0,255.03439999999995,255.03439999999995,255.03439999999995,255.03439999999995,edd,0.0,0.0,0.0,0.0
c09_gfinal_070_0008,c09_gfinal_070_0008,evalb,gen,9,storm2,final-gen,1651,1.0,0.95,99,80.0,13,13,0,0,6156.6259999999975,0.7773517676767674,0.7773517676767674,0.5-0.8,0.07967963296779765,<0.25,,,1.0219952083333335,0.1769281919870891,0.07692307692307693,681.7743999999999,681.7743999999999,680.7499999999999,680.7499999999999,atc,0.0,1.0244000000000142,0.0,0.0015025498170656076
c09_gfinal_070_0009,c09_gfinal_070_0009,evalb,gen,9,storm2,final-gen,1649,1.0,0.95,99,80.0,13,13,0,0,5951.293300000006,0.7514259217171725,0.7514259217171725,0.5-0.8,0.19217624511969528,<0.25,,,1.0211582142857145,0.20449561769830585,0.07692307692307693,596.4904000000001,596.4904000000001,589.4856,588.4096,v2rl304,0.0,7.004800000000159,0.0,0.011743357479014177
c09_gfinal_070_0010,c09_gfinal_070_0010,evalb,gen,9,storm2,final-gen,1539,1.0,0.95,99,80.0,13,13,0,0,5246.2695999999905,0.6624077777777766,0.6624077777777766,0.5-0.8,0.0,<0.25,,,0.9198892857142857,0.2305263947947458,0.0,686.3915999999999,686.3915999999999,686.3915999999999,686.3915999999999,edd,0.0,0.0,0.0,0.0
c09_gfinal_070_0011,c09_gfinal_070_0011,evalb,gen,9,storm2,final-gen,1604,1.0,0.95,99,80.0,13,13,0,0,5936.665500000013,0.7495789772727289,0.7495789772727289,0.5-0.8,0.16811919081511337,<0.25,,,1.0396535416666668,0.23343327909686448,0.07692307692307693,653.2384000000001,653.2384000000001,650.9728000000001,650.9728000000001,atc,0.0,2.2655999999999494,0.0,0.003468259061316587
c09_gfinal_070_0012,c09_gfinal_070_0012,evalb,gen,9,storm2,final-gen,1611,1.0,0.95,99,80.0,13,13,0,0,5791.035999999992,0.7311914141414131,0.7311914141414131,0.5-0.8,0.1888937316224593,<0.25,,,1.1394691666666668,0.26502191372784145,0.07692307692307693,563.4183999999999,564.6248,552.3635999999997,552.3635999999997,atc,-1.2064000000001442,11.054800000000228,-0.0021412151253848728,0.01962094244703444
c09_gfinal_070_0013,c09_gfinal_070_0013,evalb,gen,9,storm2,final-gen,1520,1.0,0.95,99,80.0,13,13,0,0,5634.586499999997,0.711437689393939,0.711437689393939,0.5-0.8,0.0,<0.25,,,0.9823032142857137,0.24153927967091596,0.0,55.16719999999998,55.16719999999998,55.16719999999998,48.68399999999997,v2rl307,0.0,0.0,0.0,0.0
c09_gfinal_070_0014,c09_gfinal_070_0014,evalb,gen,9,storm2,final-gen,1536,1.0,0.95,99,80.0,13,13,0,0,5734.323300000004,0.7240307196969702,0.7240307196969702,0.5-0.8,0.08425063860630254,<0.25,,,1.0065008333333332,0.2421949843286503,0.07692307692307693,496.3384,496.3384,492.0320000000001,492.0320000000001,atc,0.0,4.306399999999883,0.0,0.008676338562561113
c09_gfinal_090_0000,c09_gfinal_090_0000,evalb,gen,9,storm2,final-gen,2108,1.0,0.95,99,80.0,13,13,0,0,7665.319999999999,0.9678434343434342,0.9678434343434342,0.8-1.0,0.716142118006815,0.5-0.75,,,1.2225647321428568,0.19980135985307793,0.3076923076923077,348.0283999999999,348.0283999999999,348.29639999999995,347.31479999999993,v2rl309,0.0,-0.2680000000000291,0.0,-0.0007700520991965862
c09_gfinal_090_0001,c09_gfinal_090_0001,evalb,gen,9,storm2,final-gen,2077,1.0,0.95,99,80.0,13,13,0,0,6755.372599999995,0.8529510858585853,0.8529510858585853,0.8-1.0,0.35181624178657467,0.25-0.5,,,1.254356785714287,0.24341933964661522,0.15384615384615385,601.2763999999999,601.2763999999999,599.1787999999999,598.8195999999997,v2rl307,0.0,2.097599999999943,0.0,0.0034885786303935156
c09_gfinal_090_0002,c09_gfinal_090_0002,evalb,gen,9,storm2,final-gen,2066,1.0,0.95,99,80.0,13,13,0,0,6945.722300000005,0.8769851388888895,0.8769851388888895,0.8-1.0,0.6831515564623135,0.5-0.75,,,1.2816866071428585,0.2539943090106162,0.23076923076923078,243.8775999999999,243.8775999999999,242.76319999999984,242.76319999999984,atc,0.0,1.114400000000046,0.0,0.004569505358425893
c09_gfinal_090_0003,c09_gfinal_090_0003,evalb,gen,9,storm2,final-gen,2038,1.0,0.95,99,80.0,13,13,0,0,7038.0125999999955,0.888637954545454,0.888637954545454,0.8-1.0,0.37395929072363404,0.25-0.5,,,1.3761212500000002,0.2443763253159187,0.23076923076923078,392.89880000000016,393.30600000000015,398.85240000000016,390.02720000000016,v2rl304,-0.4071999999999889,-5.9535999999999945,-0.0010363991949071587,-0.015153011411589937
c09_gfinal_090_0004,c09_gfinal_090_0004,evalb,gen,9,storm2,final-gen,2055,1.0,0.95,99,80.0,13,13,0,0,7536.744699999999,0.9516091792929292,0.9516091792929292,0.8-1.0,0.7799068343126971,>=0.75,,,1.247506666666666,0.23513987813929926,0.38461538461538464,663.1175999999998,663.1175999999998,670.0508,662.6608000000001,v2rl304,0.0,-6.93320000000017,0.0,-0.010455460690532376
c09_gfinal_090_0005,c09_gfinal_090_0005,evalb,gen,9,storm2,final-gen,2065,1.0,0.95,99,80.0,13,13,0,0,7014.791300000008,0.8857059722222232,0.8857059722222232,0.8-1.0,0.6682945506874882,0.5-0.75,,,1.2339691964285715,0.23309793049183408,0.23076923076923078,801.9687999999999,801.9687999999999,805.0295999999997,801.0396,v2rl304,0.0,-3.0607999999998583,0.0,-0.003816607329362263
c09_gfinal_090_0006,c09_gfinal_090_0006,evalb,gen,9,storm2,final-gen,2109,1.0,0.95,99,80.0,13,13,0,0,7694.716399999988,0.9715551010100996,0.9715551010100996,0.8-1.0,0.7068900031195432,0.5-0.75,,,1.2112528571428571,0.1880359072286054,0.3076923076923077,803.7152,803.7152,821.4851999999998,803.6884,v2rl310,0.0,-17.769999999999868,0.0,-0.02210982198669363
c09_gfinal_090_0007,c09_gfinal_090_0007,evalb,gen,9,storm2,final-gen,2107,1.0,0.95,99,80.0,13,13,0,0,7526.807699999984,0.9503545075757556,0.9503545075757556,0.8-1.0,0.7410845636457537,0.5-0.75,,,1.3107822916666665,0.2300099079450298,0.3076923076923077,666.7875999999999,666.7875999999999,679.3076,666.7875999999999,edd,0.0,-12.520000000000095,0.0,-0.018776593925861996
c09_gfinal_090_0008,c09_gfinal_090_0008,evalb,gen,9,storm2,final-gen,2069,1.0,0.95,99,80.0,13,13,0,0,7331.472900000009,0.925691022727274,0.9256910227272739,0.8-1.0,0.6793369719746218,0.5-0.75,,,1.2157870833333333,0.23320651854639265,0.23076923076923078,564.5883999999999,565.1227999999999,570.8783999999996,554.6999999999998,v2rl307,-0.5344000000000051,-6.289999999999736,-0.0009465302510643244,-0.011140859429630041
c09_gfinal_090_0009,c09_gfinal_090_0009,evalb,gen,9,storm2,final-gen,1944,1.0,0.95,99,80.0,13,13,0,0,6830.343400000011,0.8624170959595973,0.8624170959595973,0.8-1.0,0.3926772261552764,0.25-0.5,,,1.0931938541666664,0.19163416388063437,0.23076923076923078,1343.5700000000002,1353.6324000000004,1332.8628000000003,1325.4164,v2rl307,-10.062400000000252,10.70719999999983,-0.007489300892398796,0.007969216341537716
c09_gfinal_090_0010,c09_gfinal_090_0010,evalb,gen,9,storm2,final-gen,2044,1.0,0.95,99,80.0,13,13,0,0,6885.481600000004,0.8693789898989903,0.8693789898989903,0.8-1.0,0.42254373317909966,0.25-0.5,,,1.1776116071428566,0.23713179038935459,0.23076923076923078,780.3928000000001,780.3928000000001,781.4472000000001,764.3432,v2rl305,0.0,-1.054399999999987,0.0,-0.0013511144644081632
c09_gfinal_090_0011,c09_gfinal_090_0011,evalb,gen,9,storm2,final-gen,2092,1.0,0.95,99,80.0,13,13,0,0,7178.173000000007,0.9063349747474756,0.9063349747474756,0.8-1.0,0.41139675792154895,0.25-0.5,,,1.32992232142857,0.2671678167632148,0.23076923076923078,220.8996,220.8996,221.41320000000005,220.8996,edd,0.0,-0.5136000000000536,0.0,-0.002325038162133628
c09_gfinal_090_0012,c09_gfinal_090_0012,evalb,gen,9,storm2,final-gen,1981,1.0,0.95,99,80.0,13,13,0,0,6979.333100000002,0.881228926767677,0.881228926767677,0.8-1.0,0.7373679298957662,0.5-0.75,,,1.234921979166668,0.29110739496519394,0.23076923076923078,629.3456000000001,630.612,627.0156000000001,624.0068,v2rl305,-1.2663999999998623,2.330000000000041,-0.002012248913792139,0.003702258345811968
c09_gfinal_090_0013,c09_gfinal_090_0013,evalb,gen,9,storm2,final-gen,2075,1.0,0.95,99,80.0,13,13,0,0,7339.130600000007,0.9266579040404048,0.9266579040404049,0.8-1.0,0.7402839785955029,0.5-0.75,,,1.3269637500000009,0.24949338102736418,0.3076923076923077,809.8224,809.2736,810.9856000000001,804.6704000000001,v2rl310,0.5488000000000284,-1.1632000000000744,0.0006776794516921591,-0.001436364318892728
c09_gfinal_090_0014,c09_gfinal_090_0014,evalb,gen,9,storm2,final-gen,2043,1.0,0.95,99,80.0,13,13,0,0,6956.158199999987,0.8783028030303014,0.8783028030303014,0.8-1.0,0.545295878981016,0.5-0.75,,,1.154856160714286,0.22275253879406356,0.23076923076923078,1752.4488000000003,1752.4568000000006,1762.122,1750.0392000000002,v2rl303,-0.008000000000265572,-9.673199999999724,-4.565040644990924e-06,-0.00551981889570738
c09_gfinal_100_0000,c09_gfinal_100_0000,evalb,gen,9,storm2,final-gen,2319,1.0,0.95,99,80.0,13,13,0,0,7947.107099999998,1.0034226136363635,1.0034226136363635,1.0-1.2,0.7095576451964514,0.5-0.75,,,1.4056883035714272,0.2650248301377201,0.3076923076923077,599.0672,599.0672,588.1703999999999,574.31,v2rl307,0.0,10.896800000000098,0.0,0.01818961211697135
c09_gfinal_100_0001,c09_gfinal_100_0001,evalb,gen,9,storm2,final-gen,2219,1.0,0.95,99,80.0,13,13,0,0,7585.926800000007,0.9578190404040412,0.9578190404040412,0.8-1.0,0.7214820738844988,0.5-0.75,,,1.4540919642857153,0.2756420072504229,0.3076923076923077,1014.0648000000002,1014.0648000000002,1016.9384,1014.0648000000002,edd,0.0,-2.873599999999783,0.0,-0.002833743957979591
c09_gfinal_100_0002,c09_gfinal_100_0002,evalb,gen,9,storm2,final-gen,2125,1.0,0.95,99,80.0,13,13,0,0,7532.043799999995,0.9510156313131308,0.9510156313131307,0.8-1.0,0.7194838670481446,0.5-0.75,,,1.2166118750000006,0.20646325013788308,0.3076923076923077,882.9147999999999,882.9147999999999,882.476,882.0079999999998,v2rl310,0.0,0.43879999999990105,0.0,0.0004969901965624555
c09_gfinal_100_0003,c09_gfinal_100_0003,evalb,gen,9,storm2,final-gen,2231,1.0,0.95,99,80.0,13,13,0,0,7851.990299999991,0.9914129166666656,0.9914129166666655,0.8-1.0,0.7931999992409567,>=0.75,,,1.3972736458333326,0.2298395797140609,0.38461538461538464,979.1400000000004,979.1400000000004,927.9344,927.9344,atc,0.0,51.20560000000046,0.0,0.052296505096309454
c09_gfinal_100_0004,c09_gfinal_100_0004,evalb,gen,9,storm2,final-gen,2336,1.0,0.95,99,80.0,13,13,0,0,8283.846800000012,1.045940252525254,1.0459402525252541,1.0-1.2,0.72075873011075,0.5-0.75,,,1.5121123214285714,0.2557744412691437,0.3076923076923077,526.7204,539.8063999999999,534.0043999999998,504.1268,v2rl306,-13.085999999999899,-7.283999999999764,-0.024844300695397212,-0.013828968841912643
c09_gfinal_100_0005,c09_gfinal_100_0005,evalb,gen,9,storm2,final-gen,2249,1.0,0.95,99,80.0,13,13,0,0,7697.4357000000045,0.9718984469696976,0.9718984469696975,0.8-1.0,0.6991708680333635,0.5-0.75,,,1.4278976041666671,0.2596233370234238,0.23076923076923078,634.9312,634.9312,634.0648000000001,612.1243999999999,v2rl301,0.0,0.866399999999885,0.0,0.0013645572937664506
c09_gfinal_100_0006,c09_gfinal_100_0006,evalb,gen,9,storm2,final-gen,2252,1.0,0.95,99,80.0,13,13,0,0,7833.659499999991,0.9890984217171706,0.9890984217171706,0.8-1.0,0.7355641000224736,0.5-0.75,,,1.286885357142858,0.210051251902544,0.38461538461538464,543.8931999999998,543.8931999999998,547.0208000000001,538.7035999999998,v2rl303,0.0,-3.1276000000003705,0.0,-0.005750393643458628
c09_gfinal_100_0007,c09_gfinal_100_0007,evalb,gen,9,storm2,final-gen,2335,1.0,0.95,99,80.0,13,13,0,0,8303.00920000002,1.04835974747475,1.0483597474747501,1.0-1.2,0.7534982015917796,>=0.75,,,1.3896327678571432,0.21622299149850024,0.3076923076923077,979.9356,979.9356,980.9492,979.9356,edd,0.0,-1.0135999999999967,0.0,-0.001034353686099369
c09_gfinal_100_0008,c09_gfinal_100_0008,evalb,gen,9,storm2,final-gen,2387,1.0,0.95,99,80.0,13,13,0,0,8259.817800000017,1.04290628787879,1.04290628787879,1.0-1.2,0.7599014835411988,>=0.75,,,1.3610008333333357,0.24640688906763258,0.3076923076923077,1001.2872,1001.2872,1003.966,992.3876,v2rl304,0.0,-2.678800000000024,0.0,-0.0026753562813946127
c09_gfinal_100_0009,c09_gfinal_100_0009,evalb,gen,9,storm2,final-gen,2350,1.0,0.95,99,80.0,13,13,0,0,8700.085200000009,1.0984956060606073,1.0984956060606073,1.0-1.2,0.7773214795643613,>=0.75,,,1.3707610714285712,0.2194296770908135,0.38461538461538464,541.8688000000002,543.12,582.4880000000002,540.7927999999999,v2rl310,-1.2511999999998125,-40.61919999999998,-0.002309046027377498,-0.07496131904992494
c09_gfinal_100_0010,c09_gfinal_100_0010,evalb,gen,9,storm2,final-gen,2277,1.0,0.95,99,80.0,13,13,0,0,8390.21960000001,1.0593711616161627,1.0593711616161627,1.0-1.2,0.7925861559094354,>=0.75,,,1.4112454464285704,0.22358895323928868,0.38461538461538464,1138.3756,1138.3756,1155.524,1138.3756,edd,0.0,-17.14839999999981,0.0,-0.015063920906245538
c09_gfinal_100_0011,c09_gfinal_100_0011,evalb,gen,9,storm2,final-gen,2225,1.0,0.95,99,80.0,13,13,0,0,7614.833000000013,0.9614688131313148,0.9614688131313148,0.8-1.0,0.7568894944905554,>=0.75,,,1.390161160714286,0.2503484244468862,0.3076923076923077,899.5712,900.7068,899.1111999999999,898.984,v2rl306,-1.1356000000000677,0.4600000000000364,-0.0012623792313494115,0.0005113547432377075
c09_gfinal_100_0012,c09_gfinal_100_0012,evalb,gen,9,storm2,final-gen,2324,1.0,0.95,99,80.0,13,13,0,0,8040.985499999987,1.0152759469696953,1.0152759469696953,1.0-1.2,0.7602553318868689,>=0.75,,,1.3022254166666671,0.22001686032408566,0.3076923076923077,1982.8812000000005,1984.7588,1975.6992,1962.88,v2rl303,-1.8775999999995747,7.182000000000471,-0.000946904938127193,0.003622002165334196
c09_gfinal_100_0013,c09_gfinal_100_0013,evalb,gen,9,storm2,final-gen,2213,1.0,0.95,99,80.0,13,13,0,0,7747.6856000000125,0.9782431313131328,0.9782431313131329,0.8-1.0,0.7728348063065441,>=0.75,,,1.333439687500001,0.22530163953736412,0.46153846153846156,650.6448,657.8951999999999,657.9535999999999,647.222,v2rl307,-7.2503999999999,-7.308799999999906,-0.01114340727844117,-0.011233164393229463
c09_gfinal_100_0014,c09_gfinal_100_0014,evalb,gen,9,storm2,final-gen,2253,1.0,0.95,99,80.0,13,13,0,0,8152.081399999992,1.029303207070706,1.029303207070706,1.0-1.2,0.7064276492626779,0.5-0.75,,,1.2869932291666677,0.18852816078264814,0.3076923076923077,936.0575999999998,936.0575999999998,940.4479999999998,936.0575999999998,edd,0.0,-4.3904,0.0,-0.004690309656157913
c09_gfinal_110_0000,c09_gfinal_110_0000,evalb,gen,9,storm2,final-gen,2390,1.0,0.95,99,80.0,13,13,0,0,8127.382999999993,1.0261847222222211,1.0261847222222213,1.0-1.2,0.6945844068133619,0.5-0.75,,,1.3919683035714292,0.22998967782362495,0.3076923076923077,575.4828,575.4828,581.7268000000004,571.8595999999999,v2rl303,0.0,-6.244000000000369,0.0,-0.010850020191742254
c09_gfinal_110_0001,c09_gfinal_110_0001,evalb,gen,9,storm2,final-gen,2421,1.0,0.95,99,80.0,13,13,0,0,8081.3939999999975,1.02037803030303,1.02037803030303,1.0-1.2,0.6943926629489914,0.5-0.75,,,1.5010124999999985,0.2756138779562396,0.23076923076923078,350.7792,350.7792,357.36880000000014,350.7792,edd,0.0,-6.589600000000132,0.0,-0.018785606444168105
c09_gfinal_110_0002,c09_gfinal_110_0002,evalb,gen,9,storm2,final-gen,2425,1.0,0.95,99,80.0,13,13,0,0,8150.942299999981,1.0291593813131288,1.0291593813131288,1.0-1.2,0.7528014399022306,>=0.75,,,1.4573398958333332,0.23467996222724924,0.38461538461538464,832.1523999999997,832.1523999999997,844.6723999999997,831.0079999999998,v2rl303,0.0,-12.519999999999982,0.0,-0.0150453210253314
c09_gfinal_110_0003,c09_gfinal_110_0003,evalb,gen,9,storm2,final-gen,2575,1.0,0.95,99,80.0,13,13,0,0,8854.587000000005,1.1180034090909097,1.1180034090909097,1.0-1.2,0.7374216550133845,0.5-0.75,,,1.4399953571428574,0.23397780817371475,0.3076923076923077,778.7384000000002,778.2596000000001,780.3116,775.0175999999999,v2rl310,0.47880000000009204,-1.5731999999998152,0.0006148406191348622,-0.002020190605728207
c09_gfinal_110_0004,c09_gfinal_110_0004,evalb,gen,9,storm2,final-gen,2507,1.0,0.95,99,80.0,13,13,0,0,8586.61990000001,1.0841691792929309,1.0841691792929307,1.0-1.2,0.7724245602160635,>=0.75,,,1.3983190624999993,0.21024028076416615,0.38461538461538464,358.50040000000007,358.50040000000007,365.9408,358.50040000000007,edd,0.0,-7.440399999999954,0.0,-0.020754230678682515
c09_gfinal_110_0005,c09_gfinal_110_0005,evalb,gen,9,storm2,final-gen,2420,1.0,0.95,99,80.0,13,13,0,0,8295.058600000002,1.047355883838384,1.047355883838384,1.0-1.2,0.7754388980446745,>=0.75,,,1.376063125,0.23164544508686838,0.38461538461538464,603.0927999999999,603.3796,601.0224,601.0224,atc,-0.28680000000008476,2.0703999999999496,-0.0004755487049423983,0.0034329708462776374
c09_gfinal_110_0006,c09_gfinal_110_0006,evalb,gen,9,storm2,final-gen,2559,1.0,0.95,99,80.0,13,13,0,0,8986.619999999994,1.1346742424242415,1.1346742424242415,1.0-1.2,0.7932160144748526,>=0.75,,,1.5832001041666655,0.2393224511039996,0.46153846153846156,1555.0163999999995,1477.634,1438.4416,1438.4416,atc,77.3823999999995,116.57479999999941,0.04976307645372713,0.07496692639383061
c09_gfinal_110_0007,c09_gfinal_110_0007,evalb,gen,9,storm2,final-gen,2501,1.0,0.95,99,80.0,13,13,0,0,8792.539100000009,1.1101690782828295,1.1101690782828295,1.0-1.2,0.7247321993711691,0.5-0.75,,,1.481398229166668,0.23058219101969796,0.38461538461538464,1215.6652,1215.9048,1215.9956000000004,1212.9356000000005,v2rl304,-0.2396000000001095,-0.33040000000050895,-0.0001970937392960739,-0.0002717853566923763
c09_gfinal_110_0008,c09_gfinal_110_0008,evalb,gen,9,storm2,final-gen,2463,1.0,0.95,99,80.0,13,13,0,0,8449.325299999988,1.066834002525251,1.066834002525251,1.0-1.2,0.7936402685312637,>=0.75,,,1.4597574107142877,0.22974381017759554,0.38461538461538464,805.2363999999999,811.1111999999999,814.0492000000004,796.2352000000003,v2rl310,-5.87480000000005,-8.812800000000493,-0.00729574569654334,-0.010944363667614249
c09_gfinal_110_0009,c09_gfinal_110_0009,evalb,gen,9,storm2,final-gen,2502,1.0,0.95,99,80.0,13,13,0,0,8210.937600000007,1.0367345454545462,1.0367345454545462,1.0-1.2,0.7389066262055142,0.5-0.75,,,1.5038916964285722,0.25638960132960925,0.3076923076923077,811.6263999999998,811.6263999999998,811.6843999999999,811.6263999999998,edd,0.0,-0.05800000000010641,0.0,-7.146145073657834e-05
c09_gfinal_110_0010,c09_gfinal_110_0010,evalb,gen,9,storm2,final-gen,2547,1.0,0.95,99,80.0,13,13,0,0,9075.419999999982,1.1458863636363614,1.1458863636363614,1.0-1.2,0.7708244136359532,>=0.75,,,1.5731857291666673,0.24991279682155587,0.38461538461538464,1008.1096,1004.9252,1005.8184,985.6924000000004,v2rl310,3.1843999999999824,2.2912000000000035,0.0031587835290924544,0.002272768754508442
c09_gfinal_110_0011,c09_gfinal_110_0011,evalb,gen,9,storm2,final-gen,2560,1.0,0.95,99,80.0,13,13,0,0,9143.65589999998,1.154502007575755,1.154502007575755,1.0-1.2,0.8672396016127422,>=0.75,,,1.5308255208333341,0.238540060157939,0.5384615384615384,992.0204,1000.5339999999998,973.8807999999998,971.4151999999998,v2rl304,-8.51359999999977,18.1396000000002,-0.008582081578160861,0.01828551106408719
c09_gfinal_110_0012,c09_gfinal_110_0012,evalb,gen,9,storm2,final-gen,2482,1.0,0.95,99,80.0,13,13,0,0,8492.97619999999,1.0723454797979786,1.0723454797979786,1.0-1.2,0.6767585195870441,0.5-0.75,,,1.4813862499999988,0.24223165804600003,0.23076923076923078,323.1888,323.75879999999995,327.7387999999999,320.0088000000002,v2rl303,-0.5699999999999363,-4.549999999999898,-0.0017636749788357033,-0.014078458164391518
c09_gfinal_110_0013,c09_gfinal_110_0013,evalb,gen,9,storm2,final-gen,2565,1.0,0.95,99,80.0,13,13,0,0,8987.723099999992,1.1348135227272718,1.1348135227272718,1.0-1.2,0.7230843259957577,0.5-0.75,,,1.552969166666668,0.25057704119167323,0.3076923076923077,428.9203999999999,428.9203999999999,431.8432,428.9203999999999,edd,0.0,-2.922800000000109,0.0,-0.006814317994667797
c09_gfinal_110_0014,c09_gfinal_110_0014,evalb,gen,9,storm2,final-gen,2504,1.0,0.95,99,80.0,13,13,0,0,8567.094400000007,1.081703838383839,1.0817038383838393,1.0-1.2,0.6739608355430283,0.5-0.75,,,1.5162713392857112,0.2362686423135459,0.23076923076923078,1285.5040000000004,1285.726,1300.6216000000004,1285.5040000000004,edd,-0.22199999999975262,-15.117600000000039,-0.00017269491187872816,-0.011760056755949445
c09_gfinal_130_0000,c09_gfinal_130_0000,evalb,gen,9,storm2,final-gen,2996,1.0,0.95,99,80.0,13,13,0,0,10448.36669999998,1.3192382196969672,1.3192382196969672,>=1.2,0.7851492138000862,>=0.75,,,1.8012348214285714,0.25408779635765244,0.38461538461538464,557.4024,557.4024,553.0672,548.7340000000002,v2rl310,0.0,4.335199999999986,0.0,0.007777505084298142
c09_gfinal_130_0001,c09_gfinal_130_0001,evalb,gen,9,storm2,final-gen,2936,1.0,0.95,99,80.0,13,13,0,0,10336.496599999982,1.3051132070707048,1.3051132070707048,>=1.2,0.8521185988684019,>=0.75,,,1.6868416517857152,0.23180919189026916,0.5384615384615384,799.1804,800.086,801.0976000000003,763.4719999999999,v2rl307,-0.9056000000000495,-1.9172000000003209,-0.0011331609233660503,-0.002398957732197037
c09_gfinal_130_0002,c09_gfinal_130_0002,evalb,gen,9,storm2,final-gen,2940,1.0,0.95,99,80.0,13,13,0,0,10544.646200000003,1.3313947222222229,1.3313947222222227,>=1.2,0.8961131668884253,>=0.75,,,1.6745794642857132,0.20106673403369085,0.6153846153846154,1370.0268000000003,1395.0332000000003,1401.5115999999998,1342.1464,v2rl307,-25.006399999999985,-31.484799999999495,-0.018252489659326358,-0.022981156281030042
c09_gfinal_130_0003,c09_gfinal_130_0003,evalb,gen,9,storm2,final-gen,2939,1.0,0.95,99,80.0,13,13,0,0,9902.714999999997,1.2503428030303023,1.2503428030303025,>=1.2,0.8062578999799552,>=0.75,,,1.628299270833333,0.22617137605560464,0.5384615384615384,1193.442,1196.3144,1214.8476,1181.6984,v2rl303,-2.8723999999999705,-21.40560000000005,-0.002406819937625767,-0.017936020351219457
c09_gfinal_130_0004,c09_gfinal_130_0004,evalb,gen,9,storm2,final-gen,3020,1.0,0.95,99,80.0,13,13,0,0,10732.90400000004,1.3551646464646516,1.3551646464646516,>=1.2,0.8859153030717501,>=0.75,,,1.821059583333334,0.24131294182812071,0.6153846153846154,1810.0976,1816.2112,1842.6812,1783.2308000000005,v2rl310,-6.113599999999906,-32.58359999999993,-0.003377497434392436,-0.01800101828763263
c09_gfinal_130_0005,c09_gfinal_130_0005,evalb,gen,9,storm2,final-gen,2972,1.0,0.95,99,80.0,13,13,0,0,10397.410599999985,1.312804368686867,1.3128043686868667,>=1.2,0.889875936995313,>=0.75,,,1.724098750000001,0.22571577637842719,0.5384615384615384,1202.1152,1209.6096,1184.2212000000002,1179.9568000000002,v2rl305,-7.4944000000000415,17.893999999999778,-0.006234344262513312,0.0148854286178228
c09_gfinal_130_0006,c09_gfinal_130_0006,evalb,gen,9,storm2,final-gen,2944,1.0,0.95,99,80.0,13,13,0,0,10183.060599999968,1.2857399747474707,1.2857399747474707,>=1.2,0.7823524196644769,>=0.75,,,1.7833654464285735,0.24607096244743118,0.46153846153846156,1394.996,1396.1151999999995,1406.2988,1296.0796,v2rl305,-1.1191999999994096,-11.302799999999934,-0.0008022962073005295,-0.008102388824053928
c09_gfinal_130_0007,c09_gfinal_130_0007,evalb,gen,9,storm2,final-gen,2892,1.0,0.95,99,80.0,13,13,0,0,9722.609700000008,1.227602234848486,1.2276022348484859,>=1.2,0.7690758994470384,>=0.75,,,1.6609751785714282,0.2348742154019564,0.46153846153846156,645.4992000000002,654.2332000000001,648.1604,629.0328000000003,v2rl310,-8.733999999999924,-2.6611999999997806,-0.013530613206027088,-0.004122700694284021
c09_gfinal_130_0008,c09_gfinal_130_0008,evalb,gen,9,storm2,final-gen,3026,1.0,0.95,99,80.0,13,13,0,0,10772.816000000032,1.3602040404040443,1.3602040404040443,>=1.2,0.8497945848142212,>=0.75,,,2.0433962500000002,0.2606347635322352,0.5384615384615384,1477.9840000000004,1492.1676000000002,1512.2528000000002,1473.0044000000005,v2rl304,-14.183599999999842,-34.26879999999983,-0.009596585619330005,-0.02318617792885432
c09_gfinal_130_0009,c09_gfinal_130_0009,evalb,gen,9,storm2,final-gen,2887,1.0,0.95,99,80.0,13,13,0,0,10218.590699999988,1.290226098484847,1.290226098484847,>=1.2,0.8757975011172531,>=0.75,,,1.6904517410714317,0.24307421792179904,0.5384615384615384,704.2332000000002,702.2400000000004,701.5324000000003,701.4020000000004,v2rl308,1.993199999999888,2.7007999999999583,0.002830312458997797,0.0038350932617206308
c09_gfinal_130_0010,c09_gfinal_130_0010,evalb,gen,9,storm2,final-gen,2932,1.0,0.95,99,80.0,13,13,0,0,10178.43120000001,1.2851554545454558,1.2851554545454558,>=1.2,0.9001031711055824,>=0.75,,,1.770727500000003,0.2380806869738123,0.6923076923076923,711.5728000000001,748.9968000000001,757.0636000000003,711.5728000000001,edd,-37.42399999999998,-45.49080000000015,-0.05259335376506799,-0.06392993099230344
c09_gfinal_130_0011,c09_gfinal_130_0011,evalb,gen,9,storm2,final-gen,2997,1.0,0.95,99,80.0,13,13,0,0,10127.372199999989,1.2787086111111097,1.2787086111111097,>=1.2,0.7644831993041589,>=0.75,,,1.7998425892857142,0.24554958549434994,0.38461538461538464,342.0723999999999,355.8923999999999,400.102,341.3811999999999,v2rl306,-13.819999999999993,-58.02960000000007,-0.040400804040314264,-0.1696412806177876
c09_gfinal_130_0012,c09_gfinal_130_0012,evalb,gen,9,storm2,final-gen,2957,1.0,0.95,99,80.0,13,13,0,0,10346.04820000001,1.3063192171717184,1.3063192171717184,>=1.2,0.8425984715594113,>=0.75,,,1.6921461607142854,0.2154408719147031,0.5384615384615384,812.5191999999998,815.0771999999998,797.2168,785.0695999999999,v2rl310,-2.5579999999999927,15.302399999999807,-0.0031482332971331547,0.01883327803207581
c09_gfinal_130_0013,c09_gfinal_130_0013,evalb,gen,9,storm2,final-gen,2940,1.0,0.95,99,80.0,13,13,0,0,10489.978700000005,1.3244922601010107,1.3244922601010107,>=1.2,0.902174329486484,>=0.75,,,1.6893838541666668,0.22829179421629262,0.6153846153846154,752.4564,752.4564,763.4248,752.4564,edd,0.0,-10.968399999999974,0.0,-0.014576791426054683
c09_gfinal_130_0014,c09_gfinal_130_0014,evalb,gen,9,storm2,final-gen,2999,1.0,0.95,99,80.0,13,13,0,0,10375.078499999972,1.3099846590909057,1.3099846590909057,>=1.2,0.8322054141566255,>=0.75,,,1.7964965178571433,0.23678571545027646,0.5384615384615384,228.4196000000001,228.4196000000001,235.25400000000008,228.1388000000001,v2rl305,0.0,-6.834399999999988,0.0,-0.029920374608833854
c10_gfinal_070_0000,c10_gfinal_070_0000,evalb,gen,10,storm2,final-gen,6449,1.0,0.95,154,80.0,13,13,0,0,8067.91060000007,0.6548628733766291,0.6548628733766291,0.5-0.8,0.0,<0.25,,,0.9546392142857151,0.28932028817281513,0.0,668.426,668.426,668.426,668.426,edd,0.0,0.0,0.0,0.0
c10_gfinal_070_0001,c10_gfinal_070_0001,evalb,gen,10,storm2,final-gen,6601,1.0,0.95,154,80.0,13,13,0,0,8013.919600000089,0.6504804870129942,0.6504804870129942,0.5-0.8,0.0,<0.25,,,0.9798771071428569,0.31989551759381113,0.0,252.39840000000007,252.39840000000007,252.39840000000007,252.39840000000007,edd,0.0,0.0,0.0,0.0
c10_gfinal_070_0002,c10_gfinal_070_0002,evalb,gen,10,storm2,final-gen,6528,1.0,0.95,154,80.0,13,13,0,0,8422.603600000075,0.6836528896103957,0.6836528896103957,0.5-0.8,0.0,<0.25,,,0.9349098571428569,0.2604866383403043,0.0,1420.3924,1420.3924,1420.3924,1420.3924,edd,0.0,0.0,0.0,0.0
c10_gfinal_070_0003,c10_gfinal_070_0003,evalb,gen,10,storm2,final-gen,6585,1.0,0.95,154,80.0,13,13,0,0,8051.809800000076,0.6535559902597464,0.6535559902597464,0.5-0.8,0.0,<0.25,,,0.9876086071428584,0.3149998038500955,0.0,675.2755999999999,675.2755999999999,675.2755999999999,675.2755999999999,edd,0.0,0.0,0.0,0.0
c10_gfinal_070_0004,c10_gfinal_070_0004,evalb,gen,10,storm2,final-gen,6643,1.0,0.95,154,80.0,13,13,0,0,8513.767100000085,0.6910525243506562,0.6910525243506562,0.5-0.8,0.0,<0.25,,,0.993620694444445,0.2712222209510375,0.0,784.4576000000001,784.4576000000001,783.1608,783.1092,v2rl308,0.0,1.2968000000000757,0.0,0.0016531167522630611
c10_gfinal_070_0005,c10_gfinal_070_0005,evalb,gen,10,storm2,final-gen,6577,1.0,0.95,154,80.0,13,13,0,0,8920.175100000013,0.7240401866883127,0.7240401866883127,0.5-0.8,0.0,<0.25,,,0.9893754166666682,0.26894423312473364,0.0,227.3256,227.3256,227.3392000000002,227.3256,edd,0.0,-0.013600000000195678,0.0,-5.982608206113028e-05
c10_gfinal_070_0006,c10_gfinal_070_0006,evalb,gen,10,storm2,final-gen,6621,1.0,0.95,154,80.0,13,13,0,0,8959.160600000016,0.7272045941558454,0.7272045941558454,0.5-0.8,0.3608193941740483,0.25-0.5,,,1.0225434999999998,0.270970202570658,0.15384615384615385,1839.9104,1839.9104,1845.7752,1839.9104,edd,0.0,-5.864800000000059,0.0,-0.0031875465240046794
c10_gfinal_070_0007,c10_gfinal_070_0007,evalb,gen,10,storm2,final-gen,6577,1.0,0.95,154,80.0,13,13,0,0,8383.308800000093,0.6804633766233842,0.6804633766233842,0.5-0.8,0.048946115404934244,<0.25,,,1.0258260000000001,0.2951092221216916,0.07692307692307693,330.666,330.666,330.666,330.666,edd,0.0,0.0,0.0,0.0
c10_gfinal_070_0008,c10_gfinal_070_0008,evalb,gen,10,storm2,final-gen,6553,1.0,0.95,154,80.0,13,13,0,0,8618.374800000045,0.6995434090909127,0.6995434090909127,0.5-0.8,0.04746270723802827,<0.25,,,1.0226285000000002,0.2576348444940405,0.07692307692307693,1255.6192,1255.6192,1255.6192,1255.6192,edd,0.0,0.0,0.0,0.0
c10_gfinal_070_0009,c10_gfinal_070_0009,evalb,gen,10,storm2,final-gen,6681,1.0,0.95,154,80.0,13,13,0,0,8598.82470000003,0.6979565503246777,0.6979565503246777,0.5-0.8,0.0,<0.25,,,0.9800742499999995,0.279792400755388,0.0,5.800000000000011,5.800000000000011,5.800000000000011,5.800000000000011,edd,0.0,0.0,0.0,0.0
c10_gfinal_070_0010,c10_gfinal_070_0010,evalb,gen,10,storm2,final-gen,6637,1.0,0.95,154,80.0,13,13,0,0,8749.985900000054,0.7102261282467577,0.7102261282467577,0.5-0.8,0.04602510273759418,<0.25,,,1.0067974999999998,0.26861785593158927,0.07692307692307693,1232.4464000000007,1237.1788,1234.1932000000006,1224.9700000000005,v2rl308,-4.732399999999188,-1.7467999999998938,-0.003839842446697224,-0.001417343585895413
c10_gfinal_070_0011,c10_gfinal_070_0011,evalb,gen,10,storm2,final-gen,6479,1.0,0.95,154,80.0,13,13,0,0,8671.339200000057,0.7038424675324721,0.7038424675324721,0.5-0.8,0.0,<0.25,,,0.9681737500000007,0.243372628657261,0.0,883.4852,883.4852,883.5908,883.4852,edd,0.0,-0.10559999999998126,0.0,-0.00011952662025349294
c10_gfinal_070_0012,c10_gfinal_070_0012,evalb,gen,10,storm2,final-gen,6488,1.0,0.95,154,80.0,13,13,0,0,8443.114900000057,0.6853177678571475,0.6853177678571475,0.5-0.8,0.0,<0.25,,,0.9210787500000011,0.22554637534975075,0.0,1293.9984,1293.9984,1293.9984,1293.9984,edd,0.0,0.0,0.0,0.0
c10_gfinal_070_0013,c10_gfinal_070_0013,evalb,gen,10,storm2,final-gen,6589,1.0,0.95,154,80.0,13,13,0,0,8870.43420000001,0.7200027759740268,0.7200027759740268,0.5-0.8,0.0,<0.25,,,0.9724798611111113,0.2525902758967803,0.0,842.8288,842.8288,842.8288,842.8288,edd,0.0,0.0,0.0,0.0
c10_gfinal_070_0014,c10_gfinal_070_0014,evalb,gen,10,storm2,final-gen,6604,1.0,0.95,154,80.0,13,13,0,0,8664.040400000056,0.703250032467537,0.703250032467537,0.5-0.8,0.0,<0.25,,,0.9933538194444437,0.28772531446629496,0.0,1199.4847999999995,1199.4847999999995,1199.464,1199.464,atc,0.0,0.02079999999955362,0.0,1.7340778307114545e-05
c10_gfinal_090_0000,c10_gfinal_090_0000,evalb,gen,10,storm2,final-gen,8532,1.0,0.95,154,80.0,13,13,0,0,11230.284299999892,0.9115490503246666,0.9115490503246666,0.8-1.0,0.68632145848703,0.5-0.75,,,1.2465437500000005,0.24893127718184324,0.38461538461538464,484.9352,484.9352,484.9304000000001,484.6535999999999,v2rl305,0.0,0.00479999999993197,0.0,9.898229701477578e-06
c10_gfinal_090_0001,c10_gfinal_090_0001,evalb,gen,10,storm2,final-gen,8412,1.0,0.95,154,80.0,13,13,0,0,11797.04159999987,0.9575520779220672,0.9575520779220673,0.8-1.0,0.683711406086759,0.5-0.75,,,1.3448882142857121,0.2644517276719397,0.38461538461538464,2116.2272,2116.2272,2114.7796,2114.5428,v2rl310,0.0,1.4475999999999658,0.0,0.0006840475351606698
c10_gfinal_090_0002,c10_gfinal_090_0002,evalb,gen,10,storm2,final-gen,8303,1.0,0.95,154,80.0,13,13,0,0,11527.897099999876,0.9357059334415484,0.9357059334415484,0.8-1.0,0.6908041450161791,0.5-0.75,,,1.2932795714285719,0.26374000850110846,0.38461538461538464,2477.9254000000005,2477.9254000000005,2479.5318,2477.4038000000005,v2rl308,0.0,-1.6063999999996668,0.0,-0.0006482842461680511
c10_gfinal_090_0003,c10_gfinal_090_0003,evalb,gen,10,storm2,final-gen,8378,1.0,0.95,154,80.0,13,13,0,0,10933.206199999928,0.8874355681818124,0.8874355681818124,0.8-1.0,0.6983945935273767,0.5-0.75,,,1.2458331071428566,0.272453775159275,0.38461538461538464,789.0096000000003,789.0096000000003,788.8972000000001,788.7968000000001,v2rl305,0.0,0.112400000000207,0.0,0.00014245707530074027
c10_gfinal_090_0004,c10_gfinal_090_0004,evalb,gen,10,storm2,final-gen,8350,1.0,0.95,154,80.0,13,13,0,0,10680.481599999961,0.8669222077922046,0.8669222077922046,0.8-1.0,0.5720460957490916,0.5-0.75,,,1.2934105,0.29965396256931265,0.3076923076923077,248.548,248.548,248.548,248.548,edd,0.0,0.0,0.0,0.0
c10_gfinal_090_0005,c10_gfinal_090_0005,evalb,gen,10,storm2,final-gen,8286,1.0,0.95,154,80.0,13,13,0,0,10792.699399999901,0.8760307954545374,0.8760307954545374,0.8-1.0,0.6990132051671891,0.5-0.75,,,1.2240856785714327,0.2665360937294697,0.38461538461538464,1264.8192,1264.8192,1264.8192,1264.8192,edd,0.0,0.0,0.0,0.0
c10_gfinal_090_0006,c10_gfinal_090_0006,evalb,gen,10,storm2,final-gen,8495,1.0,0.95,154,80.0,13,13,0,0,11208.94459999991,0.9098169318181744,0.9098169318181745,0.8-1.0,0.6933151850888791,0.5-0.75,,,1.2821657499999988,0.27129413008425457,0.38461538461538464,621.3095999999999,621.3095999999999,621.3095999999999,621.3095999999999,edd,0.0,0.0,0.0,0.0
c10_gfinal_090_0007,c10_gfinal_090_0007,evalb,gen,10,storm2,final-gen,8475,1.0,0.95,154,80.0,13,13,0,0,10434.371399999965,0.8469457305194777,0.8469457305194777,0.8-1.0,0.716422246576348,0.5-0.75,,,1.258283,0.2903473481734292,0.38461538461538464,1716.8152,1723.8724000000002,1724.0032,1712.7984,v2rl301,-7.0572000000001935,-7.188000000000102,-0.004110634621594796,-0.0041868222042769085
c10_gfinal_090_0008,c10_gfinal_090_0008,evalb,gen,10,storm2,final-gen,8489,1.0,0.95,154,80.0,13,13,0,0,10883.601699999856,0.8834092288960922,0.8834092288960922,0.8-1.0,0.7185312009350723,0.5-0.75,,,1.3344287500000005,0.29106411659984954,0.38461538461538464,975.5632000000004,975.5632000000004,975.5632000000004,975.5632000000004,edd,0.0,0.0,0.0,0.0
c10_gfinal_090_0009,c10_gfinal_090_0009,evalb,gen,10,storm2,final-gen,8394,1.0,0.95,154,80.0,13,13,0,0,11189.619099999958,0.9082483035714252,0.9082483035714252,0.8-1.0,0.7202692538479701,0.5-0.75,,,1.3424611071428603,0.2991683990887916,0.38461538461538464,495.0308,495.0308,495.12000000000006,495.0004,v2rl309,0.0,-0.08920000000006212,0.0,-0.0001801908083296274
c10_gfinal_090_0010,c10_gfinal_090_0010,evalb,gen,10,storm2,final-gen,8378,1.0,0.95,154,80.0,13,13,0,0,11501.386599999933,0.9335541071428516,0.9335541071428517,0.8-1.0,0.642439521161735,0.5-0.75,,,1.3846255000000003,0.24546905347238435,0.3076923076923077,1022.2748,1022.2748,1025.2984,1022.208,v2rl310,0.0,-3.023599999999874,0.0,-0.0029577174356639467
c10_gfinal_090_0011,c10_gfinal_090_0011,evalb,gen,10,storm2,final-gen,8447,1.0,0.95,154,80.0,13,13,0,0,11563.9069999999,0.9386288149350568,0.9386288149350568,0.8-1.0,0.5028064303872389,0.5-0.75,,,1.339520249999999,0.2509173488751608,0.23076923076923078,1005.4192,1005.4192,1008.7752,1005.2504,v2rl305,0.0,-3.3559999999999945,0.0,-0.003337911191670096
c10_gfinal_090_0012,c10_gfinal_090_0012,evalb,gen,10,storm2,final-gen,8371,1.0,0.95,154,80.0,13,13,0,0,11499.821999999855,0.9334271103895986,0.9334271103895986,0.8-1.0,0.6737014538138062,0.5-0.75,,,1.2970762142857162,0.2422245603819094,0.38461538461538464,2849.5308,2849.5308,2850.3312,2849.2588,v2rl308,0.0,-0.8004000000000815,0.0,-0.0002808883483554842
c10_gfinal_090_0013,c10_gfinal_090_0013,evalb,gen,10,storm2,final-gen,8479,1.0,0.95,154,80.0,13,13,0,0,11183.088099999908,0.9077181899350576,0.9077181899350575,0.8-1.0,0.7087966069050279,0.5-0.75,,,1.6206717500000007,0.2925762519859865,0.38461538461538464,562.7264000000001,562.7264000000001,567.7048000000001,562.7264000000001,edd,0.0,-4.978399999999965,0.0,-0.008846928098628328
c10_gfinal_090_0014,c10_gfinal_090_0014,evalb,gen,10,storm2,final-gen,8345,1.0,0.95,154,80.0,13,13,0,0,11312.830499999933,0.9182492288960984,0.9182492288960984,0.8-1.0,0.6861121184481632,0.5-0.75,,,1.2720412499999996,0.25203578369879315,0.38461538461538464,1196.1547999999998,1196.1547999999998,1196.1547999999998,1189.2563999999998,v2rl301,0.0,0.0,0.0,0.0
c10_gfinal_100_0000,c10_gfinal_100_0000,evalb,gen,10,storm2,final-gen,9195,1.0,0.95,154,80.0,13,13,0,0,11951.918999999862,0.9701232954545342,0.9701232954545342,0.8-1.0,0.6905400797980634,0.5-0.75,,,1.296166499999999,0.2561595595264294,0.38461538461538464,1389.5172,1390.2756000000002,1388.7964,1387.5492000000002,v2rl306,-0.7584000000001652,0.7208000000000538,-0.0005458010883205801,0.0005187413297223336
c10_gfinal_100_0001,c10_gfinal_100_0001,evalb,gen,10,storm2,final-gen,9151,1.0,0.95,154,80.0,13,13,0,0,11010.907799999932,0.8937425162337607,0.8937425162337607,0.8-1.0,0.7120850017470853,0.5-0.75,,,1.272887152777777,0.2889025817208429,0.38461538461538464,1110.0216,1110.0216,1110.0216,1110.0216,edd,0.0,0.0,0.0,0.0
c10_gfinal_100_0002,c10_gfinal_100_0002,evalb,gen,10,storm2,final-gen,9238,1.0,0.95,154,80.0,13,13,0,0,11814.718299999886,0.9589868749999908,0.9589868749999907,0.8-1.0,0.7202177558478051,0.5-0.75,,,1.5071320000000015,0.30032914508210107,0.38461538461538464,1159.64,1159.64,1159.7367999999997,1159.4472,v2rl305,0.0,-0.09679999999957545,0.0,-8.347418164221262e-05
c10_gfinal_100_0003,c10_gfinal_100_0003,evalb,gen,10,storm2,final-gen,9549,1.0,0.95,154,80.0,13,13,0,0,12277.532899999846,0.9965529951298576,0.9965529951298576,0.8-1.0,0.7160468289195132,0.5-0.75,,,1.4184480000000002,0.2842926533663652,0.38461538461538464,224.4128,224.4128,225.124,224.21040000000005,v2rl301,0.0,-0.711199999999991,0.0,-0.0031691596914257608
c10_gfinal_100_0004,c10_gfinal_100_0004,evalb,gen,10,storm2,final-gen,9320,1.0,0.95,154,80.0,13,13,0,0,12499.351599999902,1.0145577597402518,1.0145577597402518,1.0-1.2,0.6752316416157135,0.5-0.75,,,1.4236564999999999,0.238606982592372,0.38461538461538464,1549.3784,1549.3784,1549.3784,1549.3784,edd,0.0,0.0,0.0,0.0
c10_gfinal_100_0005,c10_gfinal_100_0005,evalb,gen,10,storm2,final-gen,9320,1.0,0.95,154,80.0,13,13,0,0,12283.816099999842,0.9970629951298572,0.9970629951298573,0.8-1.0,0.6971900531789947,0.5-0.75,,,1.4282487857142883,0.28194428292244383,0.38461538461538464,316.4168,316.4168,316.4168,316.4168,edd,0.0,0.0,0.0,0.0
c10_gfinal_100_0006,c10_gfinal_100_0006,evalb,gen,10,storm2,final-gen,9356,1.0,0.95,154,80.0,13,13,0,0,12074.075599999924,0.9800386038960978,0.9800386038960978,0.8-1.0,0.6895367128560959,0.5-0.75,,,1.4068082499999988,0.26386575309496374,0.38461538461538464,1075.138,1075.138,1075.138,1075.138,edd,0.0,0.0,0.0,0.0
c10_gfinal_100_0007,c10_gfinal_100_0007,evalb,gen,10,storm2,final-gen,9494,1.0,0.95,154,80.0,13,13,0,0,12335.087599999906,1.0012246428571352,1.0012246428571352,1.0-1.2,0.7165356977278372,0.5-0.75,,,1.4155177142857145,0.2810066860910138,0.38461538461538464,1025.0252,1025.0252,1025.0252,1025.0252,edd,0.0,0.0,0.0,0.0
c10_gfinal_100_0008,c10_gfinal_100_0008,evalb,gen,10,storm2,final-gen,9104,1.0,0.95,154,80.0,13,13,0,0,12345.912199999879,1.0021032629870033,1.0021032629870033,1.0-1.2,0.681954363809585,0.5-0.75,,,1.4079465,0.25202181053763284,0.38461538461538464,1954.844,1954.844,1954.844,1954.844,edd,0.0,0.0,0.0,0.0
c10_gfinal_100_0009,c10_gfinal_100_0009,evalb,gen,10,storm2,final-gen,9295,1.0,0.95,154,80.0,13,13,0,0,12004.455799999845,0.9743876461038836,0.9743876461038835,0.8-1.0,0.7094646806063456,0.5-0.75,,,1.36265125,0.2823614257425546,0.38461538461538464,376.6724,376.6724,375.95480000000015,375.8964,v2rl306,0.0,0.7175999999998339,0.0,0.0019051037453230817
c10_gfinal_100_0010,c10_gfinal_100_0010,evalb,gen,10,storm2,final-gen,9266,1.0,0.95,154,80.0,13,13,0,0,11896.840599999872,0.9656526461038856,0.9656526461038857,0.8-1.0,0.7228208975078636,0.5-0.75,,,1.3312362857142837,0.25874267684447283,0.46153846153846156,967.5932,967.5932,967.5932,967.5932,edd,0.0,0.0,0.0,0.0
c10_gfinal_100_0011,c10_gfinal_100_0011,evalb,gen,10,storm2,final-gen,9202,1.0,0.95,154,80.0,13,13,0,0,12782.155799999822,1.0375126461038815,1.0375126461038817,1.0-1.2,0.6771874350021605,0.5-0.75,,,1.37737475,0.23033980467299417,0.38461538461538464,1794.8567999999998,1794.8567999999998,1794.8567999999998,1794.8567999999998,edd,0.0,0.0,0.0,0.0
c10_gfinal_100_0012,c10_gfinal_100_0012,evalb,gen,10,storm2,final-gen,9321,1.0,0.95,154,80.0,13,13,0,0,12546.9305999999,1.0184196915584334,1.0184196915584334,1.0-1.2,0.7161560692780106,0.5-0.75,,,1.3697819999999972,0.23866432931435147,0.46153846153846156,1909.1852,1909.1852,1909.1852,1907.3052,v2rl304,0.0,0.0,0.0,0.0
c10_gfinal_100_0013,c10_gfinal_100_0013,evalb,gen,10,storm2,final-gen,9261,1.0,0.95,154,80.0,13,13,0,0,11878.725099999858,0.9641822321428456,0.9641822321428456,0.8-1.0,0.7191187882612077,0.5-0.75,,,1.4387782499999993,0.29440439348516534,0.38461538461538464,577.3867999999994,577.7335999999993,576.8203999999992,576.7735999999993,v2rl307,-0.3467999999999165,0.5664000000002716,-0.0006006372158142806,0.0009809715081818152
c10_gfinal_100_0014,c10_gfinal_100_0014,evalb,gen,10,storm2,final-gen,9451,1.0,0.95,154,80.0,13,13,0,0,12073.767699999866,0.980013612012976,0.9800136120129761,0.8-1.0,0.695703040567858,0.5-0.75,,,1.3533273928571432,0.26196247866916145,0.38461538461538464,1353.2516000000005,1353.2516000000005,1353.2516000000005,1353.2516000000005,edd,0.0,0.0,0.0,0.0
c10_gfinal_110_0000,c10_gfinal_110_0000,evalb,gen,10,storm2,final-gen,10344,1.0,0.95,154,80.0,13,13,0,0,13991.572899999846,1.135679618506481,1.135679618506481,1.0-1.2,0.6777963469711107,0.5-0.75,,,1.6109494999999998,0.24764459981451745,0.38461538461538464,853.8348000000001,853.8348000000001,853.734,853.734,atc,0.0,0.1008000000000493,0.0,0.00011805562387484006
c10_gfinal_110_0001,c10_gfinal_110_0001,evalb,gen,10,storm2,final-gen,10277,1.0,0.95,154,80.0,13,13,0,0,13112.262899999869,1.064307053571418,1.0643070535714179,1.0-1.2,0.7285258519336119,0.5-0.75,,,1.6014192500000004,0.27711465607553715,0.46153846153846156,1494.4692000000002,1494.4692000000002,1494.4008000000003,1494.4008000000003,atc,0.0,0.06839999999988322,0.0,4.576875856650857e-05
c10_gfinal_110_0002,c10_gfinal_110_0002,evalb,gen,10,storm2,final-gen,10370,1.0,0.95,154,80.0,13,13,0,0,13181.773199999892,1.0699491233766147,1.0699491233766147,1.0-1.2,0.6984783428074753,0.5-0.75,,,1.5511917499999992,0.26831229743188195,0.38461538461538464,371.7852000000001,371.7852000000001,371.7852000000001,371.7852000000001,edd,0.0,0.0,0.0,0.0
c10_gfinal_110_0003,c10_gfinal_110_0003,evalb,gen,10,storm2,final-gen,10310,1.0,0.95,154,80.0,13,13,0,0,13127.045299999869,1.065506923701288,1.065506923701288,1.0-1.2,0.7640322228491127,>=0.75,,,1.5804670000000074,0.3012906589970311,0.46153846153846156,1791.9576000000002,1791.9576000000002,1790.3464000000004,1786.6344,v2rl301,0.0,1.611199999999826,0.0,0.0008991284168776236
c10_gfinal_110_0004,c10_gfinal_110_0004,evalb,gen,10,storm2,final-gen,10312,1.0,0.95,154,80.0,13,13,0,0,13994.46459999976,1.1359143344155649,1.1359143344155649,1.0-1.2,0.6800260154289857,0.5-0.75,,,1.5333726071428617,0.24798229499187388,0.38461538461538464,1120.6368000000002,1120.6368000000002,1130.0328000000004,1120.6368000000002,edd,0.0,-9.396000000000186,0.0,-0.008384518516615003
c10_gfinal_110_0005,c10_gfinal_110_0005,evalb,gen,10,storm2,final-gen,10183,1.0,0.95,154,80.0,13,13,0,0,14128.83589999974,1.1468210957791998,1.1468210957791998,1.0-1.2,0.6609533202944194,0.5-0.75,,,1.5300952500000002,0.2209187487926847,0.38461538461538464,1716.0668,1716.0668,1714.7055999999998,1713.6871999999998,v2rl307,0.0,1.3612000000002809,0.0,0.0007932092153990047
c10_gfinal_110_0006,c10_gfinal_110_0006,evalb,gen,10,storm2,final-gen,10418,1.0,0.95,154,80.0,13,13,0,0,13296.00659999983,1.0792213149350511,1.0792213149350511,1.0-1.2,0.7202650681596381,0.5-0.75,,,1.5131123571428575,0.29103999429875016,0.38461538461538464,993.2552,993.2552,993.2552,993.2552,edd,0.0,0.0,0.0,0.0
c10_gfinal_110_0007,c10_gfinal_110_0007,evalb,gen,10,storm2,final-gen,10442,1.0,0.95,154,80.0,13,13,0,0,13731.08359999978,1.1145360064934886,1.1145360064934886,1.0-1.2,0.7098625996276067,0.5-0.75,,,1.5361393571428588,0.2802027014864247,0.38461538461538464,884.6676,884.6676,885.3660000000001,884.6676,edd,0.0,-0.698400000000106,0.0,-0.0007894490540855187
c10_gfinal_110_0008,c10_gfinal_110_0008,evalb,gen,10,storm2,final-gen,10417,1.0,0.95,154,80.0,13,13,0,0,13355.244099999749,1.0840295535714082,1.0840295535714082,1.0-1.2,0.7039886901056337,0.5-0.75,,,1.577406607142862,0.288028013217956,0.38461538461538464,826.8592000000002,826.8592000000002,826.6644000000002,826.6644000000002,atc,0.0,0.19479999999998654,0.0,0.00023559029155143522
c10_gfinal_110_0009,c10_gfinal_110_0009,evalb,gen,10,storm2,final-gen,10422,1.0,0.95,154,80.0,13,13,0,0,14108.818699999832,1.1451963230519344,1.1451963230519344,1.0-1.2,0.6977949613882269,0.5-0.75,,,1.6288079999999994,0.2718610175543581,0.38461538461538464,939.1055999999998,939.1055999999998,970.5919999999998,939.0007999999998,v2rl305,0.0,-31.486400000000003,0.0,-0.033528071816417676
c10_gfinal_110_0010,c10_gfinal_110_0010,evalb,gen,10,storm2,final-gen,10381,1.0,0.95,154,80.0,13,13,0,0,14086.064899999777,1.143349423701281,1.1433494237012807,1.0-1.2,0.6800155521078134,0.5-0.75,,,1.5484502857142879,0.23146175580530434,0.46153846153846156,2032.2336000000005,2032.2336000000005,2032.2336000000005,2032.2336000000005,edd,0.0,0.0,0.0,0.0
c10_gfinal_110_0011,c10_gfinal_110_0011,evalb,gen,10,storm2,final-gen,10338,1.0,0.95,154,80.0,13,13,0,0,13583.604399999818,1.1025652922077775,1.1025652922077775,1.0-1.2,0.7108190444651046,0.5-0.75,,,1.5018025000000006,0.24710229566465358,0.46153846153846156,1963.7884,1963.7884,1963.8172,1957.7724,v2rl301,0.0,-0.028800000000046566,0.0,-1.4665531174360011e-05
c10_gfinal_110_0012,c10_gfinal_110_0012,evalb,gen,10,storm2,final-gen,10283,1.0,0.95,154,80.0,13,13,0,0,13746.991499999811,1.1158272321428415,1.1158272321428417,1.0-1.2,0.7110753651080669,0.5-0.75,,,1.5575008571428592,0.24916235894805228,0.46153846153846156,1330.2992,1330.2992,1330.2992,1330.2263999999998,v2rl301,0.0,0.0,0.0,0.0
c10_gfinal_110_0013,c10_gfinal_110_0013,evalb,gen,10,storm2,final-gen,10305,1.0,0.95,154,80.0,13,13,0,0,13092.887799999839,1.0627343993506362,1.0627343993506362,1.0-1.2,0.7220681139572579,0.5-0.75,,,1.64871175,0.30248638579546094,0.38461538461538464,873.4476,873.4476,873.9312000000001,872.5328000000002,v2rl305,0.0,-0.4836000000001377,0.0,-0.0005536680162612362
c10_gfinal_110_0014,c10_gfinal_110_0014,evalb,gen,10,storm2,final-gen,10210,1.0,0.95,154,80.0,13,13,0,0,13149.869399999845,1.0673595292207667,1.0673595292207667,1.0-1.2,0.7158014360203452,0.5-0.75,,,1.5057237500000007,0.2863182962095686,0.38461538461538464,1430.396,1430.396,1430.396,1430.396,edd,0.0,0.0,0.0,0.0
c10_gfinal_130_0000,c10_gfinal_130_0000,evalb,gen,10,storm2,final-gen,12177,1.0,0.95,154,80.0,13,13,0,0,15916.767699999671,1.2919454301947786,1.2919454301947786,>=1.2,0.7612642798072622,>=0.75,,,1.8400669285714275,0.28376446479752226,0.5384615384615384,2346.816,2346.816,2350.3320000000003,2345.0512,v2rl308,0.0,-3.516000000000531,0.0,-0.001498200114538392
c10_gfinal_130_0001,c10_gfinal_130_0001,evalb,gen,10,storm2,final-gen,12241,1.0,0.95,154,80.0,13,13,0,0,16700.743399999657,1.3555798214285435,1.3555798214285437,>=1.2,0.9455366938935186,>=0.75,,,1.8161315,0.23896849267516287,0.5384615384615384,2585.4428,2585.4428,2585.2732,2585.2588,v2rl305,0.0,0.16959999999971842,0.0,6.559804765346904e-05
c10_gfinal_130_0002,c10_gfinal_130_0002,evalb,gen,10,storm2,final-gen,12126,1.0,0.95,154,80.0,13,13,0,0,16096.280699999652,1.3065162905843872,1.3065162905843872,>=1.2,0.7297608446900411,0.5-0.75,,,1.8380285000000065,0.27609319994535164,0.46153846153846156,1663.85,1663.85,1653.266,1650.5748,v2rl307,0.0,10.583999999999833,0.0,0.006361150344081397
c10_gfinal_130_0003,c10_gfinal_130_0003,evalb,gen,10,storm2,final-gen,12162,1.0,0.95,154,80.0,13,13,0,0,16572.973899999644,1.3452089204545166,1.3452089204545166,>=1.2,0.9504874137284437,>=0.75,,,1.809953321428577,0.24711751480826982,0.5384615384615384,2428.6038000000003,2428.6038000000003,2435.7182,2428.6038000000003,edd,0.0,-7.114399999999478,0.0,-0.002929419776086769
c10_gfinal_130_0004,c10_gfinal_130_0004,evalb,gen,10,storm2,final-gen,12083,1.0,0.95,154,80.0,13,13,0,0,15805.149799999608,1.282885535714254,1.282885535714254,>=1.2,0.7316084217056898,0.5-0.75,,,1.8043793571428552,0.2852720478750256,0.46153846153846156,2419.9292,2419.9292,2419.6004000000003,2419.4364000000005,v2rl310,0.0,0.3287999999997737,0.0,0.00013587174368563085
c10_gfinal_130_0005,c10_gfinal_130_0005,evalb,gen,10,storm2,final-gen,12283,1.0,0.95,154,80.0,13,13,0,0,15751.513799999746,1.2785319642856936,1.2785319642856936,>=1.2,0.7281051107608462,0.5-0.75,,,1.7767958214285724,0.27301896855408103,0.46153846153846156,1243.3071999999995,1243.3071999999995,1243.3071999999995,1243.3071999999995,edd,0.0,0.0,0.0,0.0
c10_gfinal_130_0006,c10_gfinal_130_0006,evalb,gen,10,storm2,final-gen,12173,1.0,0.95,154,80.0,13,13,0,0,16377.607499999707,1.3293512581168594,1.3293512581168594,>=1.2,0.7429892003456549,0.5-0.75,,,1.7978858928571442,0.26036773085072157,0.5384615384615384,2130.6788000000006,2130.6788000000006,2121.3448,2119.1448,v2rl305,0.0,9.334000000000742,0.0,0.0043807635388312584
c10_gfinal_130_0007,c10_gfinal_130_0007,evalb,gen,10,storm2,final-gen,12104,1.0,0.95,154,80.0,13,13,0,0,16455.61429999966,1.3356829788960762,1.3356829788960762,>=1.2,0.960157749929761,>=0.75,,,1.838450821428567,0.24802905658628754,0.5384615384615384,1510.3025999999995,1510.3025999999995,1511.2014,1508.2474000000002,v2rl305,0.0,-0.8988000000003922,0.0,-0.0005951125291053544
c10_gfinal_130_0008,c10_gfinal_130_0008,evalb,gen,10,storm2,final-gen,12141,1.0,0.95,154,80.0,13,13,0,0,16744.51039999962,1.3591323376623068,1.3591323376623068,>=1.2,0.7212250350419326,0.5-0.75,,,1.9541807500000017,0.27115413794022036,0.46153846153846156,1504.1187999999995,1504.1187999999995,1504.7651999999998,1501.0407999999998,v2rl301,0.0,-0.6464000000003125,0.0,-0.00042975328810484435
c10_gfinal_130_0009,c10_gfinal_130_0009,evalb,gen,10,storm2,final-gen,11943,1.0,0.95,154,80.0,13,13,0,0,15514.247499999725,1.2592733360389388,1.2592733360389388,>=1.2,0.7289464345595881,0.5-0.75,,,1.8279880000000004,0.2629692937011272,0.46153846153846156,776.3808000000001,776.3808000000001,776.3808000000001,776.3808000000001,edd,0.0,0.0,0.0,0.0
c10_gfinal_130_0010,c10_gfinal_130_0010,evalb,gen,10,storm2,final-gen,12278,1.0,0.95,154,80.0,13,13,0,0,16626.931699999677,1.3495886120129608,1.3495886120129608,>=1.2,0.7177380057440184,0.5-0.75,,,1.9335500714285727,0.2742445227456712,0.46153846153846156,1234.9900000000002,1235.614,1238.4068,1234.9900000000002,edd,-0.6239999999997963,-3.416799999999739,-0.0005052672491273583,-0.0027666620782352395
c10_gfinal_130_0011,c10_gfinal_130_0011,evalb,gen,10,storm2,final-gen,12234,1.0,0.95,154,80.0,13,13,0,0,15362.513899999678,1.246957297077896,1.246957297077896,>=1.2,0.7694214356414673,>=0.75,,,1.8088373571428549,0.29350977243647713,0.5384615384615384,1179.2768,1179.2768,1179.1688,1179.0256,v2rl308,0.0,0.10800000000017462,0.0,9.158155235494721e-05
c10_gfinal_130_0012,c10_gfinal_130_0012,evalb,gen,10,storm2,final-gen,12347,1.0,0.95,154,80.0,13,13,0,0,15609.975699999659,1.2670434821428294,1.2670434821428294,>=1.2,0.7243749905389029,0.5-0.75,,,1.84887125,0.2563648306145573,0.46153846153846156,1657.962,1657.962,1658.3128000000002,1657.7704,v2rl304,0.0,-0.350800000000163,0.0,-0.00021158506648533742
c10_gfinal_130_0013,c10_gfinal_130_0013,evalb,gen,10,storm2,final-gen,12338,1.0,0.95,154,80.0,13,13,0,0,16760.997699999694,1.3604705925324427,1.3604705925324427,>=1.2,0.9541906744608647,>=0.75,,,1.8091650714285687,0.23283425279813375,0.5384615384615384,3439.318400000001,3439.318400000001,3455.8176000000003,3432.0788,v2rl305,0.0,-16.49919999999929,0.0,-0.004797229590607048
c10_gfinal_130_0014,c10_gfinal_130_0014,evalb,gen,10,storm2,final-gen,12424,1.0,0.95,154,80.0,13,13,0,0,15515.880999999714,1.259405925324652,1.2594059253246521,>=1.2,0.7699169966565229,>=0.75,,,1.8035380714285782,0.2828326754845267,0.5384615384615384,323.5696000000001,323.5696000000001,331.2903999999999,322.37999999999994,v2rl304,0.0,-7.7207999999998265,0.0,-0.02386132689844727
c12_gfinal_070_0000,c12_gfinal_070_0000,evalb,gen,12,storm2,final-gen,2007,1.0,0.95,186,80.0,13,13,0,0,11450.796499999986,0.7695427755376335,0.7695427755376335,0.5-0.8,0.3037161214069258,0.25-0.5,,,1.0350569940476193,0.21580076207563736,0.07692307692307693,9632.1486,9646.120599999997,9651.1874,9631.9374,v2rl309,-13.971999999996115,-19.038800000000265,-0.0014505590164998197,-0.0019765891070243936
c12_gfinal_070_0001,c12_gfinal_070_0001,evalb,gen,12,storm2,final-gen,1933,1.0,0.95,186,80.0,13,13,0,0,10443.547299999971,0.7018512970430089,0.7018512970430089,0.5-0.8,0.0,<0.25,,,0.8551787202380945,0.19048206895050462,0.0,6181.683000000001,6181.683000000001,6201.614600000001,6175.729800000001,v2rl301,0.0,-19.93159999999989,0.0,-0.0032242999196173414
c12_gfinal_070_0002,c12_gfinal_070_0002,evalb,gen,12,storm2,final-gen,1935,1.0,0.95,186,80.0,13,13,0,0,10261.373300000005,0.689608420698925,0.689608420698925,0.5-0.8,0.34769937665166123,0.25-0.5,,,1.061866994047619,0.30272112826066544,0.07692307692307693,8257.3552,8258.4952,8265.518399999999,8254.477599999998,v2rl302,-1.139999999999418,-8.163199999999051,-0.00013805873338225996,-0.000988597414339043
c12_gfinal_070_0003,c12_gfinal_070_0003,evalb,gen,12,storm2,final-gen,1943,1.0,0.95,186,80.0,13,13,0,0,11169.56509999999,0.7506428158602144,0.7506428158602144,0.5-0.8,0.0,<0.25,,,0.9864880555555559,0.192674864262566,0.0,6921.663199999998,6923.268799999997,6923.812799999997,6915.7952,v2rl302,-1.605599999998958,-2.149599999998827,-0.00023196736876751798,-0.0003105611957540534
c12_gfinal_070_0004,c12_gfinal_070_0004,evalb,gen,12,storm2,final-gen,1932,1.0,0.95,186,80.0,13,13,0,0,10568.03259999999,0.7102172446236552,0.7102172446236552,0.5-0.8,0.340450378625819,0.25-0.5,,,1.0708008035714278,0.2978597082832287,0.07692307692307693,9607.5268,9611.302,9617.6348,9604.122400000002,v2rl301,-3.7752000000000407,-10.108000000000175,-0.0003929419171643675,-0.001052091782871756
c12_gfinal_070_0005,c12_gfinal_070_0005,evalb,gen,12,storm2,final-gen,1942,1.0,0.95,186,80.0,13,13,0,0,10180.619399999983,0.6841814112903215,0.6841814112903215,0.5-0.8,0.0,<0.25,,,0.921756956521739,0.22775495276467056,0.0,7266.426999999997,7266.426999999997,7268.149999999998,7265.909999999998,v2rl303,0.0,-1.7230000000008658,0.0,-0.0002371179122835565
c12_gfinal_070_0006,c12_gfinal_070_0006,evalb,gen,12,storm2,final-gen,1889,1.0,0.95,186,80.0,13,13,0,0,10784.897999999997,0.7247915322580644,0.7247915322580644,0.5-0.8,0.0,<0.25,,,0.9782870238095229,0.2342757349502076,0.0,6732.849200000001,6742.268600000001,6718.471200000003,6714.844,v2rl303,-9.419400000000678,14.377999999997883,-0.0013990213831019233,0.0021355000792232033
c12_gfinal_070_0007,c12_gfinal_070_0007,evalb,gen,12,storm2,final-gen,1931,1.0,0.95,186,80.0,13,13,0,0,10451.729699999989,0.7024011895161283,0.7024011895161283,0.5-0.8,0.0,<0.25,,,0.9417265178571428,0.23227749966754585,0.0,8713.7644,8713.7644,8710.638799999999,8710.638799999999,wspt,0.0,3.1256000000012136,0.0,0.0003586968681413068
c12_gfinal_070_0008,c12_gfinal_070_0008,evalb,gen,12,storm2,final-gen,1868,1.0,0.95,186,80.0,13,13,0,0,9703.078300000003,0.6520885954301077,0.6520885954301077,0.5-0.8,0.2023592863308132,<0.25,,,1.0671239130434782,0.30561990977559106,0.07692307692307693,6050.902400000001,6050.902400000001,6052.557200000002,6048.686400000002,v2rl305,0.0,-1.6548000000011598,0.0,-0.0002734798697135091
c12_gfinal_070_0009,c12_gfinal_070_0009,evalb,gen,12,storm2,final-gen,1923,1.0,0.95,186,80.0,13,13,0,0,11008.662099999989,0.7398294422043004,0.7398294422043004,0.5-0.8,0.308520605787328,0.25-0.5,,,1.01083306547619,0.22893054177982947,0.07692307692307693,9061.715000000002,9071.7454,9068.482000000002,9052.310199999998,v2rl309,-10.030399999997826,-6.766999999999825,-0.0011068986389439332,-0.0007467681338466089
c12_gfinal_070_0010,c12_gfinal_070_0010,evalb,gen,12,storm2,final-gen,1959,1.0,0.95,186,80.0,13,13,0,0,10424.28,0.7005564516129033,0.7005564516129033,0.5-0.8,0.0,<0.25,,,0.9964338043478264,0.2587971875337166,0.0,8982.729599999997,8982.852799999997,8984.9504,8977.042399999997,v2rl310,-0.12319999999999709,-2.2208000000027823,-1.3715207457652641e-05,-0.00024722997339280734
c12_gfinal_070_0011,c12_gfinal_070_0011,evalb,gen,12,storm2,final-gen,1891,1.0,0.95,186,80.0,13,13,0,0,9764.260100000014,0.6562002755376354,0.6562002755376354,0.5-0.8,0.0,<0.25,,,0.8650078869047613,0.234248151137002,0.0,7523.8708,7526.9212,7525.1372,7522.620400000001,v2rl305,-3.0504000000000815,-1.2664000000004307,-0.0004054296094505081,-0.00016831761651202608
c12_gfinal_070_0012,c12_gfinal_070_0012,evalb,gen,12,storm2,final-gen,2002,1.0,0.95,186,80.0,13,13,0,0,10843.027200000011,0.7286980645161298,0.7286980645161298,0.5-0.8,0.0,<0.25,,,0.9572207608695649,0.2271901331809658,0.0,7259.564199999998,7261.326599999999,7259.262999999999,7247.533599999999,v2rl301,-1.7624000000014348,0.3011999999989712,-0.0002427693937883262,4.149009385425247e-05
c12_gfinal_070_0013,c12_gfinal_070_0013,evalb,gen,12,storm2,final-gen,1927,1.0,0.95,186,80.0,13,13,0,0,10623.323599999998,0.7139330376344084,0.7139330376344084,0.5-0.8,0.0,<0.25,,,0.9015235714285712,0.18661528984409667,0.0,7866.818000000002,7868.070000000002,7865.804400000002,7859.700800000001,v2rl307,-1.2520000000004075,1.013600000000224,-0.00015914948076851493,0.00012884497899916125
c12_gfinal_070_0014,c12_gfinal_070_0014,evalb,gen,12,storm2,final-gen,1936,1.0,0.95,186,80.0,13,13,0,0,9504.044400000013,0.6387126612903234,0.6387126612903234,0.5-0.8,0.0,<0.25,,,0.8061997023809521,0.20869955663534157,0.0,6143.0196,6143.0196,6142.3956,6138.712800000001,v2rl305,0.0,0.6239999999997963,0.0,0.00010157870894629675
c12_gfinal_090_0000,c12_gfinal_090_0000,evalb,gen,12,storm2,final-gen,2472,1.0,0.95,186,80.0,13,13,0,0,13271.120800000028,0.8918763978494643,0.8918763978494643,0.8-1.0,0.42996822845588145,0.25-0.5,,,1.1060860326086956,0.1762507300472516,0.15384615384615385,9390.1858,9406.2002,9430.3574,9390.1858,edd,-16.014400000000023,-40.17160000000149,-0.001705440162855992,-0.004278041015972388
c12_gfinal_090_0001,c12_gfinal_090_0001,evalb,gen,12,storm2,final-gen,2497,1.0,0.95,186,80.0,13,13,0,0,12930.8631,0.869009616935484,0.869009616935484,0.8-1.0,0.3069841563785486,0.25-0.5,,,1.181419672619049,0.22429024080631124,0.07692307692307693,10762.1292,10814.978400000002,10822.8996,10680.221800000005,v2rl310,-52.849200000002384,-60.770400000001246,-0.004910663960436601,-0.005646689318689953
c12_gfinal_090_0002,c12_gfinal_090_0002,evalb,gen,12,storm2,final-gen,2554,1.0,0.95,186,80.0,13,13,0,0,14565.890499999989,0.9788904905913972,0.9788904905913971,0.8-1.0,0.7171713325731786,0.5-0.75,,,1.3126129687500008,0.19226597573936322,0.38461538461538464,13390.481800000003,13423.653200000006,13342.171400000005,13263.424800000004,v2rl301,-33.171400000002905,48.31039999999848,-0.002477237226819045,0.003607816411803679
c12_gfinal_090_0003,c12_gfinal_090_0003,evalb,gen,12,storm2,final-gen,2532,1.0,0.95,186,80.0,13,13,0,0,13476.323399999994,0.90566689516129,0.90566689516129,0.8-1.0,0.4591552544665112,0.25-0.5,,,1.1921244565217388,0.2342285382215936,0.15384615384615385,11415.212799999996,11454.557999999995,11447.519400000005,11390.865000000003,v2rl301,-39.34519999999975,-32.306600000008984,-0.0034467338182254267,-0.0028301355888879264
c12_gfinal_090_0004,c12_gfinal_090_0004,evalb,gen,12,storm2,final-gen,2504,1.0,0.95,186,80.0,13,13,0,0,13126.747400000004,0.8821738844086024,0.8821738844086024,0.8-1.0,0.4367260544679943,0.25-0.5,,,1.150412321428572,0.20600581912146723,0.15384615384615385,10125.465400000005,10163.441400000003,10154.349400000005,10082.040600000002,v2rl309,-37.97599999999875,-28.884000000000015,-0.003750543654022928,-0.00285260961930698
c12_gfinal_090_0005,c12_gfinal_090_0005,evalb,gen,12,storm2,final-gen,2512,1.0,0.95,186,80.0,13,13,0,0,13289.709499999994,0.8931256384408598,0.8931256384408598,0.8-1.0,0.428123037602891,0.25-0.5,,,1.1504246428571427,0.19466119786322786,0.23076923076923078,9411.7866,9427.2974,9476.6194,9389.155600000004,v2rl306,-15.510800000000017,-64.83280000000013,-0.0016480186662965796,-0.00688846897569906
c12_gfinal_090_0006,c12_gfinal_090_0006,evalb,gen,12,storm2,final-gen,2453,1.0,0.95,186,80.0,13,13,0,0,13481.546300000009,0.906017896505377,0.906017896505377,0.8-1.0,0.54732177124222,0.5-0.75,,,1.3673139062500002,0.24848228946186077,0.3076923076923077,8649.8492,8678.844400000002,8657.878,8626.343799999999,v2rl305,-28.995200000001205,-8.028800000000047,-0.003352104681778869,-0.0009282011529172146
c12_gfinal_090_0007,c12_gfinal_090_0007,evalb,gen,12,storm2,final-gen,2338,1.0,0.95,186,80.0,13,13,0,0,12989.774099999962,0.8729686895161265,0.8729686895161265,0.8-1.0,0.3491575577130322,0.25-0.5,,,1.1536629464285715,0.20485610739424456,0.15384615384615385,8875.409599999995,8884.925200000001,8926.282799999999,8847.168599999999,v2rl306,-9.515600000006089,-50.873200000003635,-0.0010721308005893152,-0.005731927008755028
c12_gfinal_090_0008,c12_gfinal_090_0008,evalb,gen,12,storm2,final-gen,2398,1.0,0.95,186,80.0,13,13,0,0,13183.099100000047,0.8859609610215086,0.8859609610215086,0.8-1.0,0.4498681876706821,0.25-0.5,,,1.1416232440476188,0.21579330975962466,0.15384615384615385,9609.8952,9643.665999999996,9691.639999999998,9554.737600000002,v2rl301,-33.77079999999478,-81.74479999999676,-0.00351416943651943,-0.008506315448684264
c12_gfinal_090_0009,c12_gfinal_090_0009,evalb,gen,12,storm2,final-gen,2446,1.0,0.95,186,80.0,13,13,0,0,13391.096399999986,0.8999392741935475,0.8999392741935475,0.8-1.0,0.45847910556450017,0.25-0.5,,,1.2194782608695653,0.23158490400125947,0.15384615384615385,8875.2672,8928.214799999998,8913.189,8864.588,v2rl309,-52.94759999999769,-37.921800000000076,-0.005965747149561614,-0.00427275023336763
c12_gfinal_090_0010,c12_gfinal_090_0010,evalb,gen,12,storm2,final-gen,2515,1.0,0.95,186,80.0,13,13,0,0,13931.249300000001,0.936239872311828,0.936239872311828,0.8-1.0,0.564649395801136,0.5-0.75,,,1.3796338888888886,0.199835798093772,0.3076923076923077,12822.9528,12838.427199999996,12897.595599999991,12756.586,v2rl309,-15.474399999997331,-74.64279999999235,-0.0012067735287926297,-0.005821030550778628
c12_gfinal_090_0011,c12_gfinal_090_0011,evalb,gen,12,storm2,final-gen,2553,1.0,0.95,186,80.0,13,13,0,0,13138.698300000016,0.8829770362903236,0.8829770362903236,0.8-1.0,0.3214644330481353,0.25-0.5,,,1.17296453125,0.15936707130348057,0.15384615384615385,10513.353200000003,10539.1032,10541.211200000003,10435.875000000002,v2rl306,-25.749999999996362,-27.858000000000175,-0.002449266138989448,-0.002649773052426334
c12_gfinal_090_0012,c12_gfinal_090_0012,evalb,gen,12,storm2,final-gen,2515,1.0,0.95,186,80.0,13,13,0,0,14235.03309999999,0.9566554502688164,0.9566554502688165,0.8-1.0,0.5712348782666336,0.5-0.75,,,1.1944206521739138,0.19252867434958412,0.3076923076923077,11289.1518,11332.872199999998,11380.850400000005,11244.8324,v2rl306,-43.720399999998335,-91.69860000000517,-0.003872779884136055,-0.008122718307322715
c12_gfinal_090_0013,c12_gfinal_090_0013,evalb,gen,12,storm2,final-gen,2459,1.0,0.95,186,80.0,13,13,0,0,13255.455900000012,0.8908236491935492,0.8908236491935492,0.8-1.0,0.37528752217417133,0.25-0.5,,,1.14057994047619,0.19031065368375477,0.15384615384615385,9072.121800000004,9106.118600000002,9103.4332,9023.050399999998,v2rl308,-33.996799999997165,-31.311399999995047,-0.003747392368563344,-0.0034513866425376952
c12_gfinal_090_0014,c12_gfinal_090_0014,evalb,gen,12,storm2,final-gen,2421,1.0,0.95,186,80.0,13,13,0,0,12524.18920000002,0.8416793817204316,0.8416793817204316,0.8-1.0,0.45607954405543477,0.25-0.5,,,1.1492049107142854,0.23406140096665218,0.15384615384615385,7375.9712,7425.1414,7401.845399999996,7281.260599999998,v2rl310,-49.17020000000048,-25.874199999995653,-0.006666267894321561,-0.003507904152336665
c12_gfinal_100_0000,c12_gfinal_100_0000,evalb,gen,12,storm2,final-gen,2723,1.0,0.95,186,80.0,13,13,0,0,14903.328199999987,1.0015677553763431,1.0015677553763431,1.0-1.2,0.5421724524593104,0.5-0.75,,,1.3081107142857145,0.1998306552469761,0.23076923076923078,10549.028000000002,10584.807,10633.552199999998,10476.172799999998,v2rl302,-35.77899999999863,-84.5241999999962,-0.003391686892858624,-0.008012510726106347
c12_gfinal_100_0001,c12_gfinal_100_0001,evalb,gen,12,storm2,final-gen,2727,1.0,0.95,186,80.0,13,13,0,0,14797.777499999986,0.9944742943548376,0.9944742943548377,0.8-1.0,0.6530109335675577,0.5-0.75,,,1.3491847916666673,0.23028654832182313,0.3076923076923077,11367.7754,11460.642200000002,11475.437199999998,11235.3528,v2rl305,-92.8668000000016,-107.66179999999804,-0.008169302852341857,-0.009470788805345154
c12_gfinal_100_0002,c12_gfinal_100_0002,evalb,gen,12,storm2,final-gen,2802,1.0,0.95,186,80.0,13,13,0,0,13957.826900000002,0.938026001344086,0.9380260013440861,0.8-1.0,0.5912205430775187,0.5-0.75,,,1.270914107142856,0.22864161704896513,0.3076923076923077,9003.554399999999,9064.7232,9089.3152,8974.157599999999,v2rl305,-61.16880000000128,-85.76080000000002,-0.006793850215421733,-0.009525215952490944
c12_gfinal_100_0003,c12_gfinal_100_0003,evalb,gen,12,storm2,final-gen,2733,1.0,0.95,186,80.0,13,13,0,0,14222.018900000023,0.955780840053765,0.955780840053765,0.8-1.0,0.49692603066362095,0.25-0.5,,,1.343531956521739,0.22632399321070654,0.23076923076923078,10125.457799999996,10174.578199999998,10155.717999999995,10082.508999999996,v2rl302,-49.12040000000161,-30.260199999998804,-0.0048511781857410565,-0.0029885266027180335
c12_gfinal_100_0004,c12_gfinal_100_0004,evalb,gen,12,storm2,final-gen,2769,1.0,0.95,186,80.0,13,13,0,0,15241.032699999982,1.024262950268816,1.0242629502688159,1.0-1.2,0.6738853004363675,0.5-0.75,,,1.4606723809523834,0.26353140111339174,0.3076923076923077,12832.7304,12935.35959999999,12894.522,12771.652999999998,v2rl310,-102.6291999999903,-61.79160000000047,-0.007997456254515431,-0.004815156094918075
c12_gfinal_100_0005,c12_gfinal_100_0005,evalb,gen,12,storm2,final-gen,2709,1.0,0.95,186,80.0,13,13,0,0,14414.859700000019,0.9687405712365604,0.9687405712365604,0.8-1.0,0.6154103185617547,0.5-0.75,,,1.3610230952380948,0.2646589972688497,0.3076923076923077,10484.153000000002,10543.807,10613.673999999995,10409.2234,v2rl310,-59.65399999999863,-129.52099999999336,-0.005689920778531048,-0.012353978428204295
c12_gfinal_100_0006,c12_gfinal_100_0006,evalb,gen,12,storm2,final-gen,2736,1.0,0.95,186,80.0,13,13,0,0,14117.019199999975,0.9487244086021488,0.9487244086021489,0.8-1.0,0.4449534785643703,0.25-0.5,,,1.3058539285714292,0.23077076199524202,0.15384615384615385,11017.568999999998,11103.321999999998,11052.656000000004,10961.703799999996,v2rl305,-85.75300000000061,-35.08700000000681,-0.007783295933976055,-0.003184640822309061
c12_gfinal_100_0007,c12_gfinal_100_0007,evalb,gen,12,storm2,final-gen,2771,1.0,0.95,186,80.0,13,13,0,0,14834.712400000002,0.9969564784946238,0.9969564784946238,0.8-1.0,0.5758869042853839,0.5-0.75,,,1.2496264285714276,0.18733534187031223,0.38461538461538464,9443.803199999998,9598.35,9574.430399999996,9366.0052,v2rl310,-154.5468000000019,-130.62719999999717,-0.016364889941798227,-0.013832054441794932
c12_gfinal_100_0008,c12_gfinal_100_0008,evalb,gen,12,storm2,final-gen,2726,1.0,0.95,186,80.0,13,13,0,0,15072.452100000011,1.0129336088709684,1.0129336088709684,1.0-1.2,0.6024477596448955,0.5-0.75,,,1.2963735416666682,0.1949571704150641,0.38461538461538464,12835.1872,12903.000000000004,12892.245000000008,12795.670000000004,v2rl307,-67.81280000000334,-57.057800000007774,-0.005283351067914563,-0.004445420164967112
c12_gfinal_100_0009,c12_gfinal_100_0009,evalb,gen,12,storm2,final-gen,2821,1.0,0.95,186,80.0,13,13,0,0,15066.554299999998,1.0125372513440858,1.0125372513440858,1.0-1.2,0.5611171294819546,0.5-0.75,,,1.3588968750000003,0.21314913933045138,0.3076923076923077,10448.7008,10512.100400000005,10521.797199999995,10385.195600000005,v2rl305,-63.399600000004284,-73.0963999999949,-0.006067701737617397,-0.006995740561352364
c12_gfinal_100_0010,c12_gfinal_100_0010,evalb,gen,12,storm2,final-gen,2748,1.0,0.95,186,80.0,13,13,0,0,14921.1519,1.0027655846774195,1.0027655846774195,1.0-1.2,0.535711844070162,0.5-0.75,,,1.437547470238096,0.2605070390303727,0.23076923076923078,12519.3148,12575.942399999996,12655.356400000006,12453.785000000003,v2rl305,-56.627599999996164,-136.04160000000593,-0.0045232187946896395,-0.010866537200582728
c12_gfinal_100_0011,c12_gfinal_100_0011,evalb,gen,12,storm2,final-gen,2720,1.0,0.95,186,80.0,13,13,0,0,14676.389400000016,0.986316491935485,0.986316491935485,0.8-1.0,0.6850876823968707,0.5-0.75,,,1.3626312500000008,0.2550576487758052,0.3076923076923077,10583.952400000006,10705.142399999995,10710.286000000004,10532.272000000006,v2rl302,-121.1899999999896,-126.33359999999811,-0.011450353839458834,-0.011936334861067406
c12_gfinal_100_0012,c12_gfinal_100_0012,evalb,gen,12,storm2,final-gen,2759,1.0,0.95,186,80.0,13,13,0,0,14877.521500000004,0.9998334341397852,0.9998334341397852,0.8-1.0,0.6792665364321606,0.5-0.75,,,1.3293385416666663,0.21499512758157932,0.3076923076923077,8416.253,8479.120599999998,8473.890400000002,8333.742000000002,v2rl310,-62.867599999997765,-57.637400000001435,-0.007469784950618495,-0.006848344506753947
c12_gfinal_100_0013,c12_gfinal_100_0013,evalb,gen,12,storm2,final-gen,2629,1.0,0.95,186,80.0,13,13,0,0,14152.519500000002,0.9511101814516132,0.9511101814516131,0.8-1.0,0.598893158211158,0.5-0.75,,,1.2840582142857144,0.1924982668978726,0.38461538461538464,6596.029000000002,6615.4722,6611.714999999999,6596.029000000002,edd,-19.443199999997887,-15.685999999996966,-0.0029477129345546966,-0.0023780974886552135
c12_gfinal_100_0014,c12_gfinal_100_0014,evalb,gen,12,storm2,final-gen,2792,1.0,0.95,186,80.0,13,13,0,0,14651.655600000006,0.9846542741935488,0.9846542741935488,0.8-1.0,0.5866287697889925,0.5-0.75,,,1.2052809523809525,0.17218467939719428,0.23076923076923078,10895.3532,10993.1428,10942.6004,10833.2616,v2rl305,-97.78960000000006,-47.24719999999979,-0.008975349234203813,-0.004336454186726117
c12_gfinal_110_0000,c12_gfinal_110_0000,evalb,gen,12,storm2,final-gen,3064,1.0,0.95,186,80.0,13,13,0,0,16498.02750000001,1.1087384072580653,1.1087384072580653,1.0-1.2,0.6786735565812336,0.5-0.75,,,1.6135843269230772,0.21509505047462407,0.46153846153846156,12683.723800000002,12705.138400000002,12703.1752,12571.4382,v2rl305,-21.414600000000064,-19.451399999998102,-0.001688352753313665,-0.0015335717102258329
c12_gfinal_110_0001,c12_gfinal_110_0001,evalb,gen,12,storm2,final-gen,3075,1.0,0.95,186,80.0,13,13,0,0,16703.479999999996,1.1225456989247309,1.1225456989247309,1.0-1.2,0.7521871729723385,>=0.75,,,1.5044365178571422,0.2191982539636874,0.46153846153846156,12626.8738,12828.207600000009,12675.4594,12477.830999999996,v2rl305,-201.33380000000943,-48.58560000000034,-0.015944865149440983,-0.0038477932677208147
c12_gfinal_110_0002,c12_gfinal_110_0002,evalb,gen,12,storm2,final-gen,3039,1.0,0.95,186,80.0,13,13,0,0,16551.64749999999,1.1123419018817196,1.1123419018817196,1.0-1.2,0.7837473459968262,>=0.75,,,1.4415324999999997,0.20133983763860114,0.46153846153846156,14914.27079999999,15098.378200000005,15084.0754,14759.510199999995,v2rl305,-184.10740000001533,-169.8046000000104,-0.012344378244762423,-0.011385377285761132
c12_gfinal_110_0003,c12_gfinal_110_0003,evalb,gen,12,storm2,final-gen,2975,1.0,0.95,186,80.0,13,13,0,0,15990.9391,1.074659885752688,1.0746598857526881,1.0-1.2,0.7761830260487954,>=0.75,,,1.5596390476190465,0.268886012200952,0.46153846153846156,16019.818200000003,16246.516200000004,16344.258199999998,15794.5984,v2rl308,-226.69800000000032,-324.43999999999505,-0.014151096920687918,-0.020252414599810812
c12_gfinal_110_0004,c12_gfinal_110_0004,evalb,gen,12,storm2,final-gen,3018,1.0,0.95,186,80.0,13,13,0,0,16881.883999999984,1.1345352150537624,1.1345352150537624,1.0-1.2,0.757969661443,>=0.75,,,1.5163938392857141,0.21447039789261713,0.46153846153846156,14901.640599999995,15094.355399999991,15116.308599999998,14660.027400000004,v2rl310,-192.7147999999961,-214.6680000000033,-0.012932455235834648,-0.014405662152394373
c12_gfinal_110_0005,c12_gfinal_110_0005,evalb,gen,12,storm2,final-gen,2983,1.0,0.95,186,80.0,13,13,0,0,16190.65219999997,1.0880814650537614,1.0880814650537614,1.0-1.2,0.8500157022704743,>=0.75,,,1.7223039062500007,0.19958145368112004,0.6153846153846154,10071.890400000002,10102.983200000002,10090.042000000003,9963.560000000009,v2rl310,-31.092800000000352,-18.151600000001054,-0.003087086809443473,-0.0018022038841885185
c12_gfinal_110_0006,c12_gfinal_110_0006,evalb,gen,12,storm2,final-gen,3037,1.0,0.95,186,80.0,13,13,0,0,16415.01009999999,1.1031592809139776,1.1031592809139776,1.0-1.2,0.7760889406945903,>=0.75,,,1.3065120833333324,0.14347789219130194,0.6923076923076923,8907.665400000002,8994.611399999998,8930.286800000005,8840.423999999997,v2rl302,-86.94599999999627,-22.621400000003632,-0.00976080668678869,-0.0025395430771348493
c12_gfinal_110_0007,c12_gfinal_110_0007,evalb,gen,12,storm2,final-gen,2976,1.0,0.95,186,80.0,13,13,0,0,16270.688099999988,1.0934602217741929,1.0934602217741927,1.0-1.2,0.6978831890951187,0.5-0.75,,,1.5400990178571419,0.2579739555732666,0.38461538461538464,11874.1984,12063.475600000002,12019.7048,11874.1984,edd,-189.27720000000227,-145.5064000000002,-0.015940208646000244,-0.012253997709858059
c12_gfinal_110_0008,c12_gfinal_110_0008,evalb,gen,12,storm2,final-gen,3029,1.0,0.95,186,80.0,13,13,0,0,16179.368300000044,1.0873231384408633,1.0873231384408633,1.0-1.2,0.6970636795504557,0.5-0.75,,,1.3693446428571436,0.19357098072416076,0.38461538461538464,12495.344800000004,12673.552799999998,12663.788399999998,12389.180399999996,v2rl307,-178.20799999999326,-168.44359999999324,-0.014261951378884174,-0.013480508356999734
c12_gfinal_110_0009,c12_gfinal_110_0009,evalb,gen,12,storm2,final-gen,3025,1.0,0.95,186,80.0,13,13,0,0,16956.80159999996,1.1395699999999973,1.1395699999999973,1.0-1.2,0.7881642019093976,>=0.75,,,1.5557401190476192,0.23302045160352755,0.46153846153846156,16331.270799999998,16699.051000000007,16739.044400000006,16156.398799999995,v2rl305,-367.78020000000834,-407.7736000000077,-0.022519998872347912,-0.02496888362172084
c12_gfinal_110_0010,c12_gfinal_110_0010,evalb,gen,12,storm2,final-gen,3012,1.0,0.95,186,80.0,13,13,0,0,16668.987800000006,1.1202276747311832,1.1202276747311832,1.0-1.2,0.7150184788064934,0.5-0.75,,,1.416100217391302,0.2045513656084323,0.46153846153846156,13809.836000000005,13888.7296,13858.4216,13771.257,v2rl310,-78.89359999999579,-48.58559999999488,-0.00571285567764858,-0.0035181880508932087
c12_gfinal_110_0011,c12_gfinal_110_0011,evalb,gen,12,storm2,final-gen,2970,1.0,0.95,186,80.0,13,13,0,0,15943.09730000001,1.0714447110215062,1.0714447110215062,1.0-1.2,0.6956852480603001,0.5-0.75,,,1.3839641964285712,0.22190731734758223,0.46153846153846156,11353.287599999994,11446.925599999991,11388.956399999995,11225.475199999995,v2rl305,-93.63799999999719,-35.66880000000128,-0.00824765506688981,-0.0031417155326886373
c12_gfinal_110_0012,c12_gfinal_110_0012,evalb,gen,12,storm2,final-gen,3101,1.0,0.95,186,80.0,13,13,0,0,17247.455299999983,1.1591031787634398,1.1591031787634398,1.0-1.2,0.87774783216861,>=0.75,,,1.4713911309523808,0.19877977197707486,0.6153846153846154,12237.7918,12410.977399999994,12409.2836,12099.484799999997,v2rl310,-173.18559999999343,-171.49179999999978,-0.014151703414336025,-0.014013296091538325
c12_gfinal_110_0013,c12_gfinal_110_0013,evalb,gen,12,storm2,final-gen,3043,1.0,0.95,186,80.0,13,13,0,0,16268.986999999988,1.0933459005376336,1.0933459005376336,1.0-1.2,0.7814763390000865,>=0.75,,,1.4641624999999998,0.17561059852678537,0.5384615384615384,10114.139999999996,10245.638,10199.110599999998,10056.630599999991,v2rl305,-131.49800000000505,-84.97060000000238,-0.013001401997599905,-0.008401169056390599
c12_gfinal_110_0014,c12_gfinal_110_0014,evalb,gen,12,storm2,final-gen,3087,1.0,0.95,186,80.0,13,13,0,0,16725.52380000001,1.124027137096775,1.124027137096775,1.0-1.2,0.8166062159440413,>=0.75,,,1.5517234375000002,0.22984391926972866,0.5384615384615384,13085.149199999996,13232.665799999992,13362.2328,13061.5784,v2rl304,-147.51659999999538,-277.08360000000357,-0.011273589452078653,-0.021175425344023103
c12_gfinal_130_0000,c12_gfinal_130_0000,evalb,gen,12,storm2,final-gen,3513,1.0,0.95,186,80.0,13,13,0,0,19439.239799999978,1.3064005241935468,1.3064005241935468,>=1.2,0.8965405735670796,>=0.75,,,1.7355717559523829,0.24017081242797453,0.6923076923076923,15025.7128,15310.0102,15295.7152,14951.173200000008,v2rl308,-284.2974000000013,-270.0024000000012,-0.01892072634317896,-0.017969357167534922
c12_gfinal_130_0001,c12_gfinal_130_0001,evalb,gen,12,storm2,final-gen,3615,1.0,0.95,186,80.0,13,13,0,0,20424.368899999958,1.372605436827954,1.372605436827954,>=1.2,0.9433289368368196,>=0.75,,,1.8836807142857162,0.23918467745428051,0.8461538461538461,15482.943599999997,15860.693399999998,15902.184300000012,15272.779400000009,v2rl308,-377.7498000000014,-419.24070000001484,-0.02439780249538605,-0.027077583619177874
c12_gfinal_130_0002,c12_gfinal_130_0002,evalb,gen,12,storm2,final-gen,3547,1.0,0.95,186,80.0,13,13,0,0,18881.277400000024,1.2689030510752706,1.2689030510752706,>=1.2,0.8664201713386191,>=0.75,,,1.6800832065217388,0.22430640491313333,0.6153846153846154,9599.915199999998,9860.7514,9895.3168,9404.2162,v2rl306,-260.83620000000155,-295.4016000000029,-0.027170677507651488,-0.030771271812901322
c12_gfinal_130_0003,c12_gfinal_130_0003,evalb,gen,12,storm2,final-gen,3460,1.0,0.95,186,80.0,13,13,0,0,19354.148500000018,1.3006820228494635,1.3006820228494635,>=1.2,0.9251932318283078,>=0.75,,,1.6392942307692315,0.1703702144946592,0.7692307692307693,17208.2058,17448.246399999996,17315.707000000006,17098.7822,v2rl302,-240.04059999999663,-107.50120000000607,-0.013949193936301984,-0.0062470893973156725
c12_gfinal_130_0004,c12_gfinal_130_0004,evalb,gen,12,storm2,final-gen,3620,1.0,0.95,186,80.0,13,13,0,0,20092.23649999997,1.3502847110215033,1.3502847110215033,>=1.2,0.9257616940752216,>=0.75,,,1.881626964285715,0.22699708178330297,0.7692307692307693,18066.552199999995,18891.881599999997,18942.181000000004,17985.098200000004,v2rl308,-825.3294000000024,-875.6288000000095,-0.04568272855071941,-0.04846684582130783
c12_gfinal_130_0005,c12_gfinal_130_0005,evalb,gen,12,storm2,final-gen,3512,1.0,0.95,186,80.0,13,13,0,0,17628.51730000001,1.1847121841397856,1.1847121841397856,1.0-1.2,0.7007823454329877,0.5-0.75,,,1.6443076785714292,0.23697919901464284,0.38461538461538464,14132.6972,14305.27679999999,14309.570000000002,14002.033600000002,v2rl310,-172.57959999999002,-176.872800000001,-0.012211370381585053,-0.012515148205397127
c12_gfinal_130_0006,c12_gfinal_130_0006,evalb,gen,12,storm2,final-gen,3480,1.0,0.95,186,80.0,13,13,0,0,19631.18039999997,1.319299758064514,1.319299758064514,>=1.2,0.8785795937161271,>=0.75,,,1.7598691369047623,0.22800851243171222,0.6153846153846154,17200.008199999997,17526.316200000005,17548.698800000002,16965.116,v2rl310,-326.3080000000082,-348.69060000000536,-0.018971386304339567,-0.020272699637434208
c12_gfinal_130_0007,c12_gfinal_130_0007,evalb,gen,12,storm2,final-gen,3585,1.0,0.95,186,80.0,13,13,0,0,19709.820100000008,1.3245846841397857,1.3245846841397855,>=1.2,0.8940019345990884,>=0.75,,,1.7978727976190485,0.23054784051991523,0.6923076923076923,13397.5745,13809.5186,13834.506200000003,13219.871599999997,v2rl304,-411.9440999999988,-436.9317000000028,-0.030747662571310858,-0.032612746434065566
c12_gfinal_130_0008,c12_gfinal_130_0008,evalb,gen,12,storm2,final-gen,3517,1.0,0.95,186,80.0,13,13,0,0,19150.75969999993,1.28701342069892,1.28701342069892,>=1.2,0.8683636973419911,>=0.75,,,1.6336155357142867,0.19211126502679426,0.6153846153846154,17758.123599999995,18085.954200000007,18363.3862,17758.123599999995,edd,-327.83060000001205,-605.2626000000055,-0.018460880630429454,-0.034083702401981573
c12_gfinal_130_0009,c12_gfinal_130_0009,evalb,gen,12,storm2,final-gen,3547,1.0,0.95,186,80.0,13,13,0,0,19127.278200000026,1.2854353629032276,1.2854353629032276,>=1.2,0.9047388666098871,>=0.75,,,1.6104068749999993,0.18245661721354686,0.7692307692307693,14606.3568,14789.766399999988,14841.116199999997,14603.468399999998,v2rl305,-183.40959999998813,-234.75939999999719,-0.0125568341586718,-0.01607241307428538
c12_gfinal_130_0010,c12_gfinal_130_0010,evalb,gen,12,storm2,final-gen,3641,1.0,0.95,186,80.0,13,13,0,0,20187.43799999997,1.3566826612903204,1.3566826612903204,>=1.2,0.9580583380615212,>=0.75,,,1.8009739583333335,0.20656085485570763,0.8461538461538461,15444.345600000006,15708.4724,16108.895400000005,15257.626599999998,v2rl310,-264.12679999999455,-664.5497999999989,-0.017101844703604305,-0.04302867970009675
c12_gfinal_130_0011,c12_gfinal_130_0011,evalb,gen,12,storm2,final-gen,3550,1.0,0.95,186,80.0,13,13,0,0,19304.575999999972,1.2973505376344068,1.2973505376344068,>=1.2,0.9477289736899687,>=0.75,,,1.6575810937500006,0.163544799164925,0.8461538461538461,16230.026600000005,16475.829599999997,16387.3404,16230.026600000005,edd,-245.8029999999926,-157.31379999999626,-0.015144953613322638,-0.009692762918823325
c12_gfinal_130_0012,c12_gfinal_130_0012,evalb,gen,12,storm2,final-gen,3544,1.0,0.95,186,80.0,13,13,0,0,19552.609499999973,1.3140194556451594,1.3140194556451594,>=1.2,0.9389567259551725,>=0.75,,,1.6244235714285717,0.17089715104574862,0.8461538461538461,13423.090799999994,13578.546799999996,13662.637599999998,13278.986600000006,v2rl305,-155.45600000000195,-239.5468000000037,-0.01158123731085854,-0.01784587496048256
c12_gfinal_130_0013,c12_gfinal_130_0013,evalb,gen,12,storm2,final-gen,3642,1.0,0.95,186,80.0,13,13,0,0,19154.613100000053,1.2872723857526918,1.2872723857526918,>=1.2,0.9181546037074484,>=0.75,,,1.6483417857142846,0.19308163857559396,0.7692307692307693,18111.314400000003,18655.139,18379.768199999995,17948.649200000003,v2rl310,-543.8245999999963,-268.45379999999204,-0.03002678811649342,-0.014822436078962442
c12_gfinal_130_0014,c12_gfinal_130_0014,evalb,gen,12,storm2,final-gen,3519,1.0,0.95,186,80.0,13,13,0,0,19198.675199999965,1.2902335483870944,1.2902335483870944,>=1.2,0.8670740781113895,>=0.75,,,1.8804515178571433,0.23182972317996026,0.6153846153846154,14813.338799999998,14985.8098,14878.248200000004,14663.07,v2rl307,-172.4710000000032,-64.90940000000592,-0.011642952499000644,-0.004381821065214948
c05_final_150_0000_m0.6,c05_final_150_0000,evalb,m0.6,5,replay,final-empirical,150,0.6,0.95,69,8.0,11,6,0,0,602.0,1.0905797101449275,1.0905797101449275,1.0-1.2,0.6669435215946844,0.5-0.75,0.6669435215946844,0.0,3.7548076923076925,0.5356636730478118,0.3333333333333333,0.0,0.0,0.0,0.0,edd,0.0,0.0,,
c05_final_150_0001_m0.6,c05_final_150_0001,evalb,m0.6,5,replay,final-empirical,150,0.6,0.95,69,10.6764,11,9,0,0,369.0,0.5009016229212583,0.5009016229212583,0.5-0.8,0.11788617886178862,<0.25,0.11788617886178862,0.0,1.35813570117268,0.39195995586861926,0.1111111111111111,0.0,0.0,0.0,0.0,edd,0.0,0.0,,
c05_final_150_0002_m0.6,c05_final_150_0002,evalb,m0.6,5,replay,final-empirical,150,0.6,0.95,69,15.3025,11,9,0,0,480.89999999999986,0.4554527180128281,0.45545271801282816,<0.5,0.15595757953836556,<0.25,0.15595757953836556,0.0,3.0713935631432774,0.985147542691669,0.2222222222222222,0.0,0.0,0.0,0.0,edd,0.0,0.0,,
c05_final_150_0003_m0.6,c05_final_150_0003,evalb,m0.6,5,replay,final-empirical,150,0.6,0.95,69,11.0142,11,8,0,0,601.5,0.791468404818128,0.791468404818128,0.5-0.8,0.42726517040731504,0.25-0.5,0.3865336658354115,0.040731504571903554,3.731546549000381,0.8038827024047563,0.375,0.0,0.0,0.0,0.0,edd,0.0,0.0,,
c05_final_150_0004_m0.6,c05_final_150_0004,evalb,m0.6,5,replay,final-empirical,150,0.6,0.95,69,16.0,11,9,0,0,572.0,0.5181159420289855,0.5181159420289855,0.5-0.8,0.32167832167832167,0.25-0.5,0.32167832167832167,0.0,5.96875,1.3434141913004003,0.3333333333333333,30.9554,30.9554,30.9554,30.9554,edd,0.0,0.0,0.0,0.0
c05_final_150_0005_m0.6,c05_final_150_0005,evalb,m0.6,5,replay,final-empirical,150,0.6,0.95,69,16.0,11,9,0,0,685.5648,0.6209826086956521,0.6209826086956521,0.5-0.8,0.2601720508404165,0.25-0.5,0.23318700143297902,0.026985049407437484,2.839525,0.7490001890586537,0.3333333333333333,21.729600000000005,21.729600000000005,21.729600000000005,21.729600000000005,edd,0.0,0.0,0.0,0.0
c05_final_150_0006_m0.6,c05_final_150_0006,evalb,m0.6,5,replay,final-empirical,150,0.6,0.95,69,18.5356,11,9,0,0,358.6,0.2803848512740544,0.28038485127405444,<0.5,0.0,<0.25,0.0,0.0,0.593452599322385,0.2939029620298227,0.0,0.0,0.0,0.0,0.0,edd,0.0,0.0,,
c05_final_150_0007_m0.6,c05_final_150_0007,evalb,m0.6,5,replay,final-empirical,150,0.6,0.95,69,15.4717,11,7,0,0,460.37999999999994,0.4312502125198574,0.4312502125198574,<0.5,0.0,<0.25,0.0,0.0,0.872560869199894,0.323789935137741,0.0,0.0,0.0,0.0,0.0,edd,0.0,0.0,,
c05_final_150_0008_m0.6,c05_final_150_0008,evalb,m0.6,5,replay,final-empirical,150,0.6,0.95,69,30.2264,11,8,0,0,576.8648000000001,0.276591304961552,0.27659130496155204,<0.5,0.0,<0.25,0.0,0.0,0.4959108593812031,0.24501313663079025,0.0,0.0,0.0,0.0,0.0,edd,0.0,0.0,,
c05_final_150_0009_m0.6,c05_final_150_0009,evalb,m0.6,5,replay,final-empirical,150,0.6,0.95,69,4.9972,11,8,0,0,426.2,1.2360545093658244,1.2360545093658244,>=1.2,0.8029094321914594,>=0.75,0.8240262787423744,-0.021116846550915058,9.105098855359001,0.9575698741049083,0.25,16.268200000000007,17.754400000000004,16.754400000000004,16.268200000000007,edd,-1.4861999999999966,-0.48619999999999663,-0.09135614265868357,-0.02988652708965936
c05_final_150_0010_m0.6,c05_final_150_0010,evalb,m0.6,5,replay,final-empirical,150,0.6,0.95,69,8.8083,11,8,0,0,529.2,0.8707202544635521,0.8707202544635521,0.8-1.0,0.42271352985638694,0.25-0.5,0.42271352985638694,0.0,1.9535770021107715,0.4754690777505449,0.125,0.0,0.0,0.0,0.0,edd,0.0,0.0,,
c05_final_150_0011_m0.6,c05_final_150_0011,evalb,m0.6,5,replay,final-empirical,150,0.6,0.95,69,16.0,11,7,0,0,379.5,0.34375,0.34375,<0.5,0.057971014492753624,<0.25,0.057971014492753624,0.0,1.375,0.5053828733023988,0.14285714285714285,0.0,0.0,0.0,0.0,edd,0.0,0.0,,
c05_final_150_0012_m0.6,c05_final_150_0012,evalb,m0.6,5,replay,final-empirical,150,0.6,0.95,69,16.0,11,9,0,0,494.76480000000004,0.4481565217391304,0.44815652173913045,<0.5,0.0,<0.25,0.0,0.0,0.8541666666666666,0.29443774005815343,0.0,21.729600000000005,21.729600000000005,21.729600000000005,21.729600000000005,edd,0.0,0.0,0.0,0.0
c05_final_150_0013_m0.6,c05_final_150_0013,evalb,m0.6,5,replay,final-empirical,150,0.6,0.95,69,1.3619,11,6,0,0,589.8,6.276397743561583,6.276397743561583,>=1.2,0.9983045100033909,>=0.75,0.9983045100033909,0.0,13.21682942947353,0.27390773309740296,0.8333333333333334,0.0,0.0,0.0,0.0,edd,0.0,0.0,,
c05_final_150_0014_m0.6,c05_final_150_0014,evalb,m0.6,5,replay,final-empirical,150,0.6,0.95,69,16.0,11,8,0,0,579.0,0.5244565217391305,0.5244565217391305,0.5-0.8,0.04145077720207254,<0.25,0.04145077720207254,0.0,1.5,0.29143172423157415,0.125,0.0,0.0,0.0,0.0,edd,0.0,0.0,,
c05_final_150_0015_m0.6,c05_final_150_0015,evalb,m0.6,5,replay,final-empirical,150,0.6,0.95,69,24.0,11,6,0,0,530.1,0.3201086956521739,0.3201086956521739,<0.5,0.0660252782493869,<0.25,0.0660252782493869,0.0,1.4583333333333333,0.5160836474612038,0.16666666666666666,0.0,0.0,0.0,0.0,edd,0.0,0.0,,
c05_final_150_0016_m0.6,c05_final_150_0016,evalb,m0.6,5,replay,final-empirical,150,0.6,0.95,69,16.0,11,8,0,0,554.0000000000001,0.5018115942028987,0.5018115942028987,0.5-0.8,0.4907942238267148,0.25-0.5,0.4907942238267148,0.0,1.0791666666666666,0.41856593664285263,0.25,0.0,0.0,0.0,0.0,edd,0.0,0.0,,
c05_final_150_0017_m0.6,c05_final_150_0017,evalb,m0.6,5,replay,final-empirical,150,0.6,0.95,69,13.4025,11,9,0,0,536.8,0.5804670878513364,0.5804670878513364,0.5-0.8,0.34463487332339793,0.25-0.5,0.34463487332339793,0.0,1.0617996068471727,0.30516120510315475,0.1111111111111111,0.0,0.0,0.0,0.0,edd,0.0,0.0,,
c05_final_150_0018_m0.6,c05_final_150_0018,evalb,m0.6,5,replay,final-empirical,150,0.6,0.95,69,11.0367,11,7,0,0,470.6,0.6179645958549624,0.6179645958549624,0.5-0.8,0.10093497662558436,<0.25,0.0743731406714832,0.02656183595410115,1.5856188897043502,0.30181956303453883,0.2857142857142857,0.0,0.0,0.0,0.0,edd,0.0,0.0,,
c05_final_150_0019_m0.6,c05_final_150_0019,evalb,m0.6,5,replay,final-empirical,150,0.6,0.95,69,15.5669,11,8,0,0,431.59999999999997,0.4018187605604273,0.4018187605604273,<0.5,0.11700648748841519,<0.25,0.11700648748841519,0.0,3.2440627228285654,1.152094014588918,0.125,0.0,0.0,0.0,0.0,edd,0.0,0.0,,
c05_final_150_0020_m0.6,c05_final_150_0020,evalb,m0.6,5,replay,final-empirical,150,0.6,0.95,69,8.6214,11,8,0,0,543.0200000000001,0.9128279713809556,0.9128279713809556,0.8-1.0,0.4548635409377187,0.25-0.5,0.4843283856948179,-0.029464844757099207,5.335560349827174,0.8308531404402122,0.25,0.0,0.0,0.0,0.0,edd,0.0,0.0,,
c05_final_150_0021_m0.6,c05_final_150_0021,evalb,m0.6,5,replay,final-empirical,150,0.6,0.95,69,1.3072,11,8,0,0,465.6,5.162045660156458,5.162045660156458,>=1.2,0.9860395189003437,>=0.75,0.9860395189003437,0.0,126.22399020807835,1.1905206698993087,0.75,0.0,0.0,0.0,0.0,edd,0.0,0.0,,
c05_final_150_0022_m0.6,c05_final_150_0022,evalb,m0.6,5,replay,final-empirical,150,0.6,0.95,69,14.7372,11,7,0,0,348.50000000000006,0.3427194200853052,0.3427194200853052,<0.5,0.06169296987087518,<0.25,0.06169296987087518,0.0,1.4588931411665718,0.5355898446417241,0.14285714285714285,0.0,0.0,0.0,0.0,edd,0.0,0.0,,
c05_final_150_0023_m0.6,c05_final_150_0023,evalb,m0.6,5,replay,final-empirical,150,0.6,0.95,69,9.2361,11,8,0,0,452.29999999999995,0.7097229852175826,0.7097229852175826,0.5-0.8,0.15476453681185057,<0.25,0.15476453681185057,0.0,2.52631882865423,0.5940791562065288,0.125,0.0,0.0,0.0,0.0,edd,0.0,0.0,,
c05_final_150_0024_m0.6,c05_final_150_0024,evalb,m0.6,5,replay,final-empirical,150,0.6,0.95,69,12.9672,11,8,0,0,633.0,0.7074706215280292,0.7074706215280292,0.5-0.8,0.18372827804107425,<0.25,0.18372827804107425,0.0,2.6027207107162686,0.5723258372895351,0.375,0.0,0.0,0.0,0.0,edd,0.0,0.0,,
c05_final_150_0025_m0.6,c05_final_150_0025,evalb,m0.6,5,replay,final-empirical,150,0.6,0.95,69,16.3625,11,9,0,0,654.5999999999999,0.5797987179061347,0.5797987179061347,0.5-0.8,0.21677360219981667,<0.25,0.21677360219981667,0.0,1.6786350903997962,0.4972971099731895,0.3333333333333333,0.0,0.0,0.0,0.0,edd,0.0,0.0,,
c05_final_150_0026_m0.6,c05_final_150_0026,evalb,m0.6,5,replay,final-empirical,150,0.6,0.95,69,17.0006,11,7,0,0,465.1,0.3964906950428178,0.3964906950428178,<0.5,0.07095248333691678,<0.25,0.07095248333691678,0.0,1.941107960895498,0.6441343839820222,0.14285714285714285,0.0,0.0,0.0,0.0,edd,0.0,0.0,,
c05_final_150_0027_m0.6,c05_final_150_0027,evalb,m0.6,5,replay,final-empirical,150,0.6,0.95,69,7.4294,11,7,0,0,616.9000000000001,1.2034053503842743,1.2034053503842745,>=1.2,0.9610958015885881,>=0.75,0.9610958015885879,2.220446049250313e-16,4.630252779497671,0.5224918768176244,0.5714285714285714,0.0,0.0,0.0,0.0,edd,0.0,0.0,,
c05_final_150_0028_m0.6,c05_final_150_0028,evalb,m0.6,5,replay,final-empirical,150,0.6,0.95,69,5.2219,11,8,0,0,476.2,1.3216356642912197,1.3216356642912195,>=1.2,0.6860562788744226,0.5-0.75,0.6860562788744226,0.0,7.265554683161302,0.7761243247804,0.375,0.0,0.0,0.0,0.0,edd,0.0,0.0,,
c05_final_150_0029_m0.6,c05_final_150_0029,evalb,m0.6,5,replay,final-empirical,150,0.6,0.95,69,26.9886,11,6,0,0,744.8648000000001,0.399988959374903,0.39998895937490303,<0.5,0.0,<0.25,0.0,0.0,0.823324263976984,0.3091713892615157,0.0,21.729600000000005,21.729600000000005,21.729600000000005,21.729600000000005,edd,0.0,0.0,0.0,0.0
c09_final_150_0000_m0.6,c09_final_150_0000,evalb,m0.6,9,replay,final-empirical,150,0.6,0.95,60,22.0333,13,11,0,0,569.25,0.4305982308596533,0.4305982308596533,<0.5,0.0,<0.25,0.0,0.0,0.8821874163198431,0.353882730362253,0.0,430.0,438.0,437.0,430.0,edd,-8.0,-7.0,-0.018604651162790697,-0.01627906976744186
c09_final_150_0001_m0.6,c09_final_150_0001,evalb,m0.6,9,replay,final-empirical,150,0.6,0.95,60,16.0,13,10,0,0,628.25,0.6544270833333333,0.6544270833333333,0.5-0.8,0.21727019498607242,<0.25,0.21727019498607242,0.0,2.140625,0.4742000093191544,0.2,43.7336,43.7336,43.7336,43.7336,edd,0.0,0.0,0.0,0.0
c09_final_150_0002_m0.6,c09_final_150_0002,evalb,m0.6,9,replay,final-empirical,150,0.6,0.95,60,21.5,13,12,0,0,779.6148000000001,0.6043525581395349,0.6043525581395349,0.5-0.8,0.21884499883788763,<0.25,0.21884499883788763,0.0,1.430232558139535,0.39495882309552155,0.16666666666666666,329.0,329.0,329.0,329.0,edd,0.0,0.0,0.0,0.0
c09_final_150_0003_m0.6,c09_final_150_0003,evalb,m0.6,9,replay,final-empirical,150,0.6,0.95,60,24.0,13,12,0,0,570.5,0.3961805555555555,0.39618055555555554,<0.5,0.0,<0.25,0.0,0.0,0.8958333333333334,0.2729051524930779,0.0,160.0,160.0,160.0,160.0,edd,0.0,0.0,0.0,0.0
c09_final_150_0004_m0.6,c09_final_150_0004,evalb,m0.6,9,replay,final-empirical,150,0.6,0.95,60,8.0,13,11,0,0,475.5,0.990625,0.990625,0.8-1.0,0.5052576235541535,0.5-0.75,0.5052576235541535,0.0,5.60625,0.7941840565347705,0.18181818181818182,0.0,0.0,0.0,0.0,edd,0.0,0.0,,
c09_final_150_0005_m0.6,c09_final_150_0005,evalb,m0.6,9,replay,final-empirical,150,0.6,0.95,60,19.35,13,11,0,0,862.9796000000001,0.7433071490094747,0.7433071490094747,0.5-0.8,0.4145284546703074,0.25-0.5,0.4145284546703074,0.0,3.161881136950904,0.7680064522227795,0.18181818181818182,355.4592,355.4592,355.4592,355.4592,edd,0.0,0.0,0.0,0.0
c09_final_150_0006_m0.6,c09_final_150_0006,evalb,m0.6,9,replay,final-empirical,150,0.6,0.95,60,24.0,13,12,0,0,475.0,0.3298611111111111,0.3298611111111111,<0.5,0.0,<0.25,0.0,0.0,0.7440476190476191,0.4012327428724882,0.0,76.0,76.0,76.0,76.0,edd,0.0,0.0,0.0,0.0
c09_final_150_0007_m0.6,c09_final_150_0007,evalb,m0.6,9,replay,final-empirical,150,0.6,0.95,60,24.0,13,11,0,0,533.25,0.3703125,0.3703125,<0.5,0.0,<0.25,0.0,0.0,0.75,0.2660151158103276,0.0,64.0,64.0,64.0,64.0,edd,0.0,0.0,0.0,0.0
c09_final_150_0008_m0.6,c09_final_150_0008,evalb,m0.6,9,replay,final-empirical,150,0.6,0.95,60,21.5667,13,11,0,0,624.75,0.482804508802923,0.482804508802923,<0.5,0.09243697478991597,<0.25,0.09243697478991597,0.0,1.3388696462602065,0.4364264284780305,0.09090909090909091,134.0,134.0,134.0,134.0,edd,0.0,0.0,0.0,0.0
c09_final_150_0009_m0.6,c09_final_150_0009,evalb,m0.6,9,replay,final-empirical,150,0.6,0.95,60,16.0,13,13,0,0,521.25,0.54296875,0.54296875,0.5-0.8,0.18944844124700239,<0.25,0.18944844124700239,0.0,1.3385416666666667,0.33832763477419836,0.15384615384615385,0.0,0.0,0.0,0.0,edd,0.0,0.0,,
c09_final_150_0010_m0.6,c09_final_150_0010,evalb,m0.6,9,replay,final-empirical,150,0.6,0.95,60,22.3667,13,11,0,0,496.0,0.3695970646839572,0.3695970646839572,<0.5,0.3780241935483871,0.25-0.5,0.0,0.3780241935483871,1.0478747423625299,0.49550583989098673,0.09090909090909091,144.0,153.0664,157.0664,132.9336,v2rl301,-9.066399999999987,-13.066399999999987,-0.06296111111111102,-0.0907388888888888
c09_final_150_0011_m0.6,c09_final_150_0011,evalb,m0.6,9,replay,final-empirical,150,0.6,0.95,60,1.0,13,9,0,0,593.0,9.883333333333333,9.883333333333333,>=1.2,0.9966273187183811,>=0.75,1.0,-0.003372681281618939,54.5,0.8048374082787324,0.8888888888888888,0.0,0.0,0.0,0.0,edd,0.0,0.0,,
c09_final_150_0012_m0.6,c09_final_150_0012,evalb,m0.6,9,replay,final-empirical,150,0.6,0.95,60,23.2167,13,11,0,0,500.25,0.3591164980380502,0.35911649803805024,<0.5,0.12343828085957022,<0.25,0.1664167916041979,-0.042978510744627677,1.3298616943837842,0.6177105002054105,0.09090909090909091,28.0,28.0,28.0,28.0,edd,0.0,0.0,0.0,0.0
c09_final_150_0013_m0.6,c09_final_150_0013,evalb,m0.6,9,replay,final-empirical,150,0.6,0.95,60,16.0,13,11,0,0,570.8648000000001,0.5946508333333334,0.5946508333333334,0.5-0.8,0.5489299743126568,0.5-0.75,0.556812751460591,-0.007882777147934172,1.125,0.3489499950024763,0.18181818181818182,0.0,0.0,0.0,0.0,edd,0.0,0.0,,
c09_final_150_0014_m0.6,c09_final_150_0014,evalb,m0.6,9,replay,final-empirical,150,0.6,0.95,60,16.0,13,11,0,0,592.5,0.6171875,0.6171875,0.5-0.8,0.3080168776371308,0.25-0.5,0.3080168776371308,0.0,5.453125,1.146178318964422,0.18181818181818182,0.0,0.0,0.0,0.0,edd,0.0,0.0,,
c09_final_150_0015_m0.6,c09_final_150_0015,evalb,m0.6,9,replay,final-empirical,150,0.6,0.95,60,16.0,13,11,0,0,626.75,0.6528645833333333,0.6528645833333333,0.5-0.8,0.3366573593936976,0.25-0.5,0.3366573593936976,0.0,1.53125,0.4033042306973601,0.2727272727272727,144.0,144.0,144.0,144.0,edd,0.0,0.0,0.0,0.0
c09_final_150_0016_m0.6,c09_final_150_0016,evalb,m0.6,9,replay,final-empirical,150,0.6,0.95,60,23.2667,13,12,0,0,940.5,0.6737096365191454,0.6737096365191454,0.5-0.8,0.05901116427432217,<0.25,0.05901116427432217,0.0,1.192691701014755,0.22072279845424111,0.08333333333333333,75.0,75.0,75.0,75.0,edd,0.0,0.0,0.0,0.0
c09_final_150_0017_m0.6,c09_final_150_0017,evalb,m0.6,9,replay,final-empirical,150,0.6,0.95,60,15.85,13,11,0,0,756.3648000000001,0.7953362776025237,0.7953362776025237,0.5-0.8,0.4929695300468768,0.25-0.5,0.4929695300468768,0.0,3.331697160883281,0.6687112851066027,0.2727272727272727,86.0,86.0,86.0,86.0,edd,0.0,0.0,0.0,0.0
c09_final_150_0018_m0.6,c09_final_150_0018,evalb,m0.6,9,replay,final-empirical,150,0.6,0.95,60,1.0,13,8,0,0,521.75,8.695833333333333,8.695833333333333,>=1.2,0.9913751796837565,>=0.75,0.9913751796837565,0.0,46.6,0.7785081750388086,0.75,10.0,10.0,10.0,10.0,edd,0.0,0.0,0.0,0.0
c09_final_150_0019_m0.6,c09_final_150_0019,evalb,m0.6,9,replay,final-empirical,150,0.6,0.95,60,20.9333,13,10,0,0,581.8648000000001,0.4632688905555582,0.46326889055555825,<0.5,0.28162006019267705,0.25-0.5,0.31685161226456726,-0.035231552071890215,2.699048883835802,0.7435274749212474,0.2,94.0,94.0,94.0,94.0,edd,0.0,0.0,0.0,0.0
c09_final_150_0020_m0.6,c09_final_150_0020,evalb,m0.6,9,replay,final-empirical,150,0.6,0.95,60,8.0,13,10,0,0,531.25,1.1067708333333333,1.1067708333333333,1.0-1.2,0.9496470588235294,>=0.75,0.9496470588235294,0.0,3.2125,0.44054327615969313,0.4,40.0,40.0,40.0,40.0,edd,0.0,0.0,0.0,0.0
c09_final_150_0021_m0.6,c09_final_150_0021,evalb,m0.6,9,replay,final-empirical,150,0.6,0.95,60,16.0,13,12,0,0,482.25,0.50234375,0.50234375,0.5-0.8,0.07776049766718507,<0.25,0.07776049766718507,0.0,1.171875,0.3513810002474916,0.08333333333333333,0.0,0.0,0.0,0.0,edd,0.0,0.0,,
c09_final_150_0022_m0.6,c09_final_150_0022,evalb,m0.6,9,replay,final-empirical,150,0.6,0.95,60,23.2,13,10,0,0,533.5,0.3832614942528735,0.38326149425287354,<0.5,0.0,<0.25,0.16729147141518275,-0.16729147141518275,0.9617456896551725,0.40951203428721833,0.0,28.0,28.0,28.0,28.0,edd,0.0,0.0,0.0,0.0
c09_final_150_0023_m0.6,c09_final_150_0023,evalb,m0.6,9,replay,final-empirical,150,0.6,0.95,60,32.0,13,12,0,0,696.8648000000001,0.3629504166666667,0.3629504166666667,<0.5,0.0,<0.25,0.0,0.0,0.6640625,0.28605522515958304,0.0,426.0,426.0,426.0,426.0,edd,0.0,0.0,0.0,0.0
c09_final_150_0024_m0.6,c09_final_150_0024,evalb,m0.6,9,replay,final-empirical,150,0.6,0.95,60,22.2667,13,11,0,0,623.5,0.466690918127368,0.46669091812736807,<0.5,0.37249398556535684,0.25-0.5,0.37249398556535684,0.0,1.1692668552463674,0.4590517621474612,0.18181818181818182,24.0,24.0,24.0,24.0,edd,0.0,0.0,0.0,0.0
c09_final_150_0025_m0.6,c09_final_150_0025,evalb,m0.6,9,replay,final-empirical,150,0.6,0.95,60,16.0,13,13,0,0,727.3648000000001,0.7576716666666667,0.7576716666666667,0.5-0.8,0.644951199178184,0.5-0.75,0.644951199178184,0.0,3.6640625,0.7664014959166611,0.23076923076923078,888.9184,888.9184,888.9184,888.9184,edd,0.0,0.0,0.0,0.0
c09_final_150_0026_m0.6,c09_final_150_0026,evalb,m0.6,9,replay,final-empirical,150,0.6,0.95,60,16.0,13,11,0,0,552.0,0.575,0.575,0.5-0.8,0.0,<0.25,0.0,0.0,0.9476102941176471,0.23597759617044853,0.0,217.0,219.0,219.0,217.0,edd,-2.0,-2.0,-0.009216589861751152,-0.009216589861751152
c09_final_150_0027_m0.6,c09_final_150_0027,evalb,m0.6,9,replay,final-empirical,150,0.6,0.95,60,24.0,13,10,0,0,566.3648000000001,0.3933088888888889,0.39330888888888893,<0.5,0.25666284345354795,0.25-0.5,0.25666284345354795,0.0,1.2113733333333334,0.5502945320434545,0.1,0.0,0.0,0.0,0.0,edd,0.0,0.0,,
c09_final_150_0028_m0.6,c09_final_150_0028,evalb,m0.6,9,replay,final-empirical,150,0.6,0.95,60,14.7167,13,13,0,0,633.5,0.7174389185981459,0.7174389185981459,0.5-0.8,0.7146803472770323,0.5-0.75,0.7292817679558011,-0.014601420678768795,1.359000319365075,0.350475023797045,0.15384615384615385,202.0,202.0,202.0,202.0,edd,0.0,0.0,0.0,0.0
c09_final_150_0029_m0.6,c09_final_150_0029,evalb,m0.6,9,replay,final-empirical,150,0.6,0.95,60,24.0,13,13,0,0,568.25,0.3946180555555555,0.39461805555555557,<0.5,0.0,<0.25,0.0,0.0,0.6813725490196079,0.3641435954361635,0.0,86.0,86.0,86.0,86.0,edd,0.0,0.0,0.0,0.0
c10_final_150_0000_m0.6,c10_final_150_0000,evalb,m0.6,10,replay,final-empirical,150,0.6,0.95,91,1.0,13,9,0,0,341.00000000000017,3.747252747252749,3.747252747252749,>=1.2,1.0,>=0.75,0.9934017595307918,0.006598240469208205,10.318181818181818,0.5881040846107195,1.0,446.0,446.0,446.0,446.0,edd,0.0,0.0,0.0,0.0
c10_final_150_0001_m0.6,c10_final_150_0001,evalb,m0.6,10,replay,final-empirical,150,0.6,0.95,91,8.0,13,10,0,0,400.93,0.550728021978022,0.550728021978022,0.5-0.8,0.45830943057391565,0.25-0.5,0.45830943057391565,0.0,1.796875,0.557457224764636,0.3,0.0,0.0,0.0,0.0,edd,0.0,0.0,,
c10_final_150_0002_m0.6,c10_final_150_0002,evalb,m0.6,10,replay,final-empirical,150,0.6,0.95,91,1.7794,13,8,0,0,438.3648,2.707202205460045,2.707202205460045,>=1.2,0.9874533721685683,>=0.75,0.9874533721685683,0.0,5.011052414671612,0.33433543536789484,0.5,0.0,0.0,0.0,0.0,edd,0.0,0.0,,
c10_final_150_0003_m0.6,c10_final_150_0003,evalb,m0.6,10,replay,final-empirical,150,0.6,0.95,91,1.0,13,7,0,0,350.89480000000003,3.8559868131868136,3.8559868131868136,>=1.2,0.995725214508736,>=0.75,0.995725214508736,0.0,9.072066666666666,0.24963450923880331,0.8571428571428571,0.0,0.0,0.0,0.0,edd,0.0,0.0,,
c10_final_150_0004_m0.6,c10_final_150_0004,evalb,m0.6,10,replay,final-empirical,150,0.6,0.95,91,2.0239,13,10,0,0,349.0,1.8949379095631385,1.8949379095631382,>=1.2,0.8904011461318052,>=0.75,0.8904011461318052,0.0,7.9467035591350035,0.5213052885751566,0.5,34.216800000000006,34.216800000000006,34.216800000000006,34.216800000000006,edd,0.0,0.0,0.0,0.0
c10_final_150_0005_m0.6,c10_final_150_0005,evalb,m0.6,10,replay,final-empirical,150,0.6,0.95,91,1.0,13,7,0,0,125.75,1.3818681318681318,1.3818681318681318,>=1.2,0.9920477137176938,>=0.75,0.9920477137176938,0.0,3.5,0.24916216079028863,0.8571428571428571,0.0,0.0,0.0,0.0,edd,0.0,0.0,,
c10_final_150_0006_m0.6,c10_final_150_0006,evalb,m0.6,10,replay,final-empirical,150,0.6,0.95,91,5.9725,13,10,0,0,432.0,0.7948518622440764,0.7948518622440764,0.5-0.8,0.8177083333333334,>=0.75,0.8177083333333334,0.0,1.9832964579720544,0.3478082154629396,0.3,80.0,80.0,80.0,80.0,edd,0.0,0.0,0.0,0.0
c10_final_150_0007_m0.6,c10_final_150_0007,evalb,m0.6,10,replay,final-empirical,150,0.6,0.95,91,2.7842,13,9,0,0,375.95,1.4838440777669282,1.4838440777669282,>=1.2,0.9521212927250964,>=0.75,0.9521212927250964,0.0,3.407835370338064,0.3332143265288944,0.6666666666666666,0.0,0.0,0.0,0.0,edd,0.0,0.0,,
c10_final_150_0008_m0.6,c10_final_150_0008,evalb,m0.6,10,replay,final-empirical,150,0.6,0.95,91,2.1494,13,9,0,0,277.25,1.41746687294282,1.41746687294282,>=1.2,0.9377817853922452,>=0.75,0.9377817853922452,0.0,4.264756055953599,0.3737215343546639,0.6666666666666666,0.0,0.0,0.0,0.0,edd,0.0,0.0,,
c10_final_150_0009_m0.6,c10_final_150_0009,evalb,m0.6,10,replay,final-empirical,150,0.6,0.95,91,1.0,13,5,0,0,36.919999999999966,0.4057142857142853,0.40571428571428536,<0.5,0.3981581798483207,0.25-0.5,0.3981581798483207,0.0,1.225,0.5465272443753824,0.2,0.0,0.0,0.0,0.0,edd,0.0,0.0,,
c10_final_150_0010_m0.6,c10_final_150_0010,evalb,m0.6,10,replay,final-empirical,150,0.6,0.95,91,1.0,13,4,0,0,117.41999999999996,1.2903296703296698,1.2903296703296698,>=1.2,0.9850962357349685,>=0.75,0.9850962357349685,0.0,3.4166666666666665,0.2685569598833406,0.75,0.0,0.0,0.0,0.0,edd,0.0,0.0,,
c10_final_150_0011_m0.6,c10_final_150_0011,evalb,m0.6,10,replay,final-empirical,150,0.6,0.95,91,1.0,13,7,0,0,216.47999999999988,2.378901098901097,2.3789010989010975,>=1.2,0.9538063562453807,>=0.75,0.9676644493717664,-0.013858093126385751,7.130952380952381,0.41344522572988807,0.42857142857142855,84.0,84.0,84.0,84.0,edd,0.0,0.0,0.0,0.0
c10_final_150_0012_m0.6,c10_final_150_0012,evalb,m0.6,10,replay,final-empirical,150,0.6,0.95,91,6.59,13,8,0,0,405.8648,0.6767910086878222,0.6767910086878222,0.5-0.8,0.1459845741734686,<0.25,0.1459845741734686,0.0,2.750379362670713,0.6415059036747218,0.25,0.0,0.0,0.0,0.0,edd,0.0,0.0,,
c10_final_150_0013_m0.6,c10_final_150_0013,evalb,m0.6,10,replay,final-empirical,150,0.6,0.95,91,4.9642,13,11,0,0,1267.5332000000003,2.8058773344620014,2.8058773344620014,>=1.2,0.9394493177772385,>=0.75,0.9394493177772385,0.0,14.792393537730149,0.6272597031687235,0.5454545454545454,1055.9184,1055.9184,1055.9184,1055.9184,edd,0.0,0.0,0.0,0.0
c10_final_150_0014_m0.6,c10_final_150_0014,evalb,m0.6,10,replay,final-empirical,150,0.6,0.95,91,1.0,13,4,0,0,128.04000000000002,1.407032967032967,1.4070329670329673,>=1.2,0.92970946579194,>=0.75,0.92970946579194,0.0,6.25,0.3965879362742987,0.75,0.0,0.0,0.0,0.0,edd,0.0,0.0,,
c10_final_150_0015_m0.6,c10_final_150_0015,evalb,m0.6,10,replay,final-empirical,150,0.6,0.95,91,1.0,13,6,0,0,142.80999999999992,1.5693406593406585,1.5693406593406585,>=1.2,0.9194734262306561,>=0.75,0.9194734262306561,0.0,3.3214285714285716,0.31995240262013924,0.6666666666666666,6.0,6.0,6.0,6.0,edd,0.0,0.0,0.0,0.0
c10_final_150_0016_m0.6,c10_final_150_0016,evalb,m0.6,10,replay,final-empirical,150,0.6,0.95,91,5.4497,13,9,0,0,334.54000000000025,0.6745809377146886,0.6745809377146886,0.5-0.8,0.7317211693668918,0.5-0.75,0.7317211693668918,0.0,1.7279238612523014,0.3052378801554056,0.3333333333333333,52.0,52.0,52.0,52.0,edd,0.0,0.0,0.0,0.0
c10_final_150_0017_m0.6,c10_final_150_0017,evalb,m0.6,10,replay,final-empirical,150,0.6,0.95,91,16.0,13,11,0,0,545.5047999999999,0.37465989010989,0.37465989010989004,<0.5,0.37443263560650614,0.25-0.5,0.37443263560650614,0.0,1.0638270833333334,0.5131439869715947,0.09090909090909091,0.0,0.0,0.0,0.0,edd,0.0,0.0,,
c10_final_150_0018_m0.6,c10_final_150_0018,evalb,m0.6,10,replay,final-empirical,150,0.6,0.95,91,2.0367,13,8,0,0,202.29999999999993,1.0915092664982189,1.0915092664982187,1.0-1.2,0.740484429065744,0.5-0.75,0.740484429065744,0.0,13.01124367849953,0.8958259707872636,0.5,0.0,0.0,0.0,0.0,edd,0.0,0.0,,
c10_final_150_0019_m0.6,c10_final_150_0019,evalb,m0.6,10,replay,final-empirical,150,0.6,0.95,91,1.0,13,5,0,0,134.66000000000003,1.47978021978022,1.4797802197802201,>=1.2,0.9962869448982623,>=0.75,0.9962869448982623,0.0,4.761904761904762,0.3555108627378038,0.8,0.0,0.0,0.0,0.0,edd,0.0,0.0,,
c10_final_150_0020_m0.6,c10_final_150_0020,evalb,m0.6,10,replay,final-empirical,150,0.6,0.95,91,1.0,13,8,0,0,268.6148,2.951810989010989,2.951810989010989,>=1.2,0.9906929923444278,>=0.75,0.9906929923444278,0.0,8.95784761904762,0.4181508157833079,0.75,307.4592,307.4592,307.4592,307.4592,edd,0.0,0.0,0.0,0.0
c10_final_150_0021_m0.6,c10_final_150_0021,evalb,m0.6,10,replay,final-empirical,150,0.6,0.95,91,6.2275,13,10,0,0,459.5,0.8108310797993656,0.8108310797993656,0.8-1.0,0.7905331882480957,>=0.75,0.7905331882480957,0.0,1.498728756858022,0.3043300626225022,0.4,151.0,151.0,151.0,151.0,edd,0.0,0.0,0.0,0.0
c10_final_150_0022_m0.6,c10_final_150_0022,evalb,m0.6,10,replay,final-empirical,150,0.6,0.95,91,6.2939,13,8,0,0,289.2047999999993,0.5049452208129646,0.5049452208129646,0.5-0.8,0.0,<0.25,0.0,0.0,0.9048443731231829,0.29032490723688104,0.0,8.0,8.0,8.0,8.0,edd,0.0,0.0,0.0,0.0
c10_final_150_0023_m0.6,c10_final_150_0023,evalb,m0.6,10,replay,final-empirical,150,0.6,0.95,91,1.3283,13,10,0,0,225.25,1.86349072142944,1.8634907214294398,>=1.2,0.9556048834628191,>=0.75,0.9489456159822419,0.006659267480577213,5.045833736641536,0.44812578481641063,0.8,0.0,0.0,0.0,0.0,edd,0.0,0.0,,
c10_final_150_0024_m0.6,c10_final_150_0024,evalb,m0.6,10,replay,final-empirical,150,0.6,0.95,91,1.0,13,6,0,0,139.5,1.532967032967033,1.532967032967033,>=1.2,0.953405017921147,>=0.75,0.953405017921147,0.0,4.154761904761905,0.27400015854921117,0.6666666666666666,0.0,0.0,0.0,0.0,edd,0.0,0.0,,
c10_final_150_0025_m0.6,c10_final_150_0025,evalb,m0.6,10,replay,final-empirical,150,0.6,0.95,91,8.0,13,12,0,0,1437.063999999999,1.9739890109890093,1.9739890109890095,>=1.2,0.8701416220850288,>=0.75,0.8640528188027811,0.006088803282247701,22.7162,1.274844091865129,0.4166666666666667,6.238,6.238,6.238,6.238,edd,0.0,0.0,0.0,0.0
c10_final_150_0026_m0.6,c10_final_150_0026,evalb,m0.6,10,replay,final-empirical,150,0.6,0.95,91,8.0,13,10,0,0,986.1848,1.3546494505494506,1.3546494505494506,>=1.2,0.9414409956430073,>=0.75,0.9414409956430073,0.0,8.96875,0.9290439072293337,0.6,104.0,104.0,104.0,104.0,edd,0.0,0.0,0.0,0.0
c10_final_150_0027_m0.6,c10_final_150_0027,evalb,m0.6,10,replay,final-empirical,150,0.6,0.95,91,1.0,13,6,0,0,159.5,1.7527472527472527,1.7527472527472527,>=1.2,0.7382445141065831,0.5-0.75,0.8056426332288401,-0.06739811912225702,5.464285714285714,0.471311626070455,0.3333333333333333,0.0,0.0,0.0,0.0,edd,0.0,0.0,,
c10_final_150_0028_m0.6,c10_final_150_0028,evalb,m0.6,10,replay,final-empirical,150,0.6,0.95,91,1.0,13,9,0,0,376.65,4.1390109890109885,4.1390109890109885,>=1.2,0.970131421744325,>=0.75,0.970131421744325,0.0,16.716666666666672,0.37789759699322756,0.6666666666666666,0.0,0.0,0.0,0.0,edd,0.0,0.0,,
c10_final_150_0029_m0.6,c10_final_150_0029,evalb,m0.6,10,replay,final-empirical,150,0.6,0.95,91,3.235,13,9,0,0,593.5944,2.0163880632505053,2.0163880632505053,>=1.2,0.9747302198268717,>=0.75,0.9747302198268717,0.0,3.3187059638650536,0.3333988354120084,0.6666666666666666,0.0,0.0,0.0,0.0,edd,0.0,0.0,,
c10_final_400_0000_m0.6,c10_final_400_0000,evalb,m0.6,10,replay,final-empirical,400,0.6,0.95,91,1.0,13,10,0,0,448.3799999999993,4.92725274725274,4.92725274725274,>=1.2,0.9955394977474463,>=0.75,0.9905214327133235,0.005018065034122832,10.727272727272727,0.435368739281172,0.9,446.0,446.0,446.0,446.0,edd,0.0,0.0,0.0,0.0
c10_final_400_0001_m0.6,c10_final_400_0001,evalb,m0.6,10,replay,final-empirical,400,0.6,0.95,91,13.4756,13,10,0,0,965.3648000000001,0.787230579388257,0.787230579388257,0.5-0.8,0.6502723115655346,0.5-0.75,0.6502723115655346,0.0,1.960333244283495,0.4150721231112746,0.4,0.0,0.0,0.0,0.0,edd,0.0,0.0,,
c10_final_400_0002_m0.6,c10_final_400_0002,evalb,m0.6,10,replay,final-empirical,400,0.6,0.95,91,1.7894,13,10,0,0,649.4347999999989,3.988290015561719,3.988290015561719,>=1.2,0.9876815963665637,>=0.75,0.9876815963665637,0.0,22.912708170336423,0.8380692323319556,0.6,0.0,0.0,0.0,0.0,edd,0.0,0.0,,
c10_final_400_0003_m0.6,c10_final_400_0003,evalb,m0.6,10,replay,final-empirical,400,0.6,0.95,91,1.3256,13,8,0,0,671.6148000000002,5.567578770053123,5.567578770053123,>=1.2,0.9977665769128375,>=0.75,0.9977665769128375,0.0,10.875578354455843,0.3309126871052802,0.875,0.0,0.0,0.0,0.0,edd,0.0,0.0,,
c10_final_400_0004_m0.6,c10_final_400_0004,evalb,m0.6,10,replay,final-empirical,400,0.6,0.95,91,12.9522,13,13,0,0,1034.2296000000001,0.8774694985840583,0.8774694985840583,0.8-1.0,0.7308481598283398,0.5-0.75,0.7308481598283398,0.0,2.6507723269663326,0.5130086869815745,0.38461538461538464,85.72140000000002,85.72140000000002,85.72140000000002,85.22140000000002,v2rl302,0.0,0.0,0.0,0.0
c10_final_400_0005_m0.6,c10_final_400_0005,evalb,m0.6,10,replay,final-empirical,400,0.6,0.95,91,5.9825,13,11,0,0,544.199999999999,0.9996188516873832,0.9996188516873831,0.8-1.0,0.8552921719955897,>=0.75,0.8552921719955897,0.0,2.6167591984558136,0.3789077414883552,0.36363636363636365,80.0,80.0,80.0,80.0,edd,0.0,0.0,0.0,0.0
c10_final_400_0006_m0.6,c10_final_400_0006,evalb,m0.6,10,replay,final-empirical,400,0.6,0.95,91,15.1039,13,12,0,0,1038.0647999999999,0.7552556289769856,0.7552556289769856,0.5-0.8,0.6258761495428802,0.5-0.75,0.6258761495428802,0.0,1.447907336452679,0.3914648139466655,0.16666666666666666,202.41,202.41,202.41,199.3632,lpt,0.0,0.0,0.0,0.0
c10_final_400_0007_m0.6,c10_final_400_0007,evalb,m0.6,10,replay,final-empirical,400,0.6,0.95,91,14.5336,13,11,0,0,684.0,0.5171797432489896,0.5171797432489896,0.5-0.8,0.08881578947368421,<0.25,0.08881578947368421,0.0,1.3933230582925085,0.3339203368105642,0.09090909090909091,0.0,0.0,0.0,0.0,edd,0.0,0.0,,
c10_final_400_0008_m0.6,c10_final_400_0008,evalb,m0.6,10,replay,final-empirical,400,0.6,0.95,91,1.0,13,5,0,0,100.41999999999993,1.1035164835164828,1.1035164835164828,1.0-1.2,0.888667596096395,>=0.75,0.888667596096395,0.0,3.7249999999999948,0.5484625219875596,0.6,0.0,0.0,0.0,0.0,edd,0.0,0.0,,
c10_final_400_0009_m0.6,c10_final_400_0009,evalb,m0.6,10,replay,final-empirical,400,0.6,0.95,91,1.0,13,7,0,0,380.02999999999975,4.176153846153843,4.176153846153843,>=1.2,0.9276372917927532,>=0.75,0.9276372917927532,0.0,8.178571428571429,0.2903376436404224,0.7142857142857143,0.0,0.0,0.0,0.0,edd,0.0,0.0,,
c10_final_400_0010_m0.6,c10_final_400_0010,evalb,m0.6,10,replay,final-empirical,400,0.6,0.95,91,2.2789,13,9,0,0,1202.979199999996,5.800847623130284,5.8008476231302835,>=1.2,0.9916873043191436,>=0.75,0.9916873043191436,0.0,34.252226951599454,0.9089608927995433,0.7777777777777778,84.0,84.0,84.0,84.0,edd,0.0,0.0,0.0,0.0
c10_final_400_0011_m0.6,c10_final_400_0011,evalb,m0.6,10,replay,final-empirical,400,0.6,0.95,91,9.2864,13,10,0,0,766.0948000000005,0.9065541195537756,0.9065541195537755,0.8-1.0,0.7120528686528089,0.5-0.75,0.7120528686528089,0.0,3.1093857684355615,0.4966314867511091,0.4,0.0,0.0,0.0,0.0,edd,0.0,0.0,,
c10_final_400_0012_m0.6,c10_final_400_0012,evalb,m0.6,10,replay,final-empirical,400,0.6,0.95,91,4.9789,13,11,0,0,1749.2832000000003,3.860871338587301,3.8608713385873004,>=1.2,0.9881379984670292,>=0.75,0.9881379984670292,0.0,14.899355279278554,0.49198184397760114,0.7272727272727273,1170.6796,1170.6796,1170.6796,1170.6796,edd,0.0,0.0,0.0,0.0
c10_final_400_0013_m0.6,c10_final_400_0013,evalb,m0.6,10,replay,final-empirical,400,0.6,0.95,91,1.0,13,4,0,0,369.91999999999996,4.0650549450549445,4.0650549450549445,>=1.2,1.0,>=0.75,1.0,0.0,16.166666666666668,0.37250976965361177,1.0,0.0,0.0,0.0,0.0,edd,0.0,0.0,,
c10_final_400_0014_m0.6,c10_final_400_0014,evalb,m0.6,10,replay,final-empirical,400,0.6,0.95,91,1.0,13,9,0,0,287.45000000000067,3.158791208791216,3.158791208791216,>=1.2,0.9425987128196208,>=0.75,0.9425987128196208,0.0,6.104166666666662,0.2684372491478071,0.7777777777777778,6.0,6.0,6.0,6.0,edd,0.0,0.0,0.0,0.0
c10_final_400_0015_m0.6,c10_final_400_0015,evalb,m0.6,10,replay,final-empirical,400,0.6,0.95,91,5.4594,13,9,0,0,356.5700000000004,0.7177256929977017,0.7177256929977017,0.5-0.8,0.7482962672126088,0.5-0.75,0.7482962672126088,0.0,1.7248537690344483,0.3045586681111154,0.3333333333333333,52.0,52.0,52.0,52.0,edd,0.0,0.0,0.0,0.0
c10_final_400_0016_m0.6,c10_final_400_0016,evalb,m0.6,10,replay,final-empirical,400,0.6,0.95,91,16.0,13,11,0,0,651.7948000000001,0.4476612637362638,0.4476612637362638,<0.5,0.3602741230829092,0.25-0.5,0.3602741230829091,5.551115123125783e-17,1.2230458333333345,0.49075720312883225,0.09090909090909091,0.0,0.0,0.0,0.0,edd,0.0,0.0,,
c10_final_400_0017_m0.6,c10_final_400_0017,evalb,m0.6,10,replay,final-empirical,400,0.6,0.95,91,5.0403,13,11,0,0,406.25,0.8857182537320624,0.8857182537320624,0.8-1.0,0.6264615384615386,0.5-0.75,0.6264615384615386,0.0,7.04323155367736,0.9827123285133633,0.36363636363636365,0.0,0.0,0.0,0.0,edd,0.0,0.0,,
c10_final_400_0018_m0.6,c10_final_400_0018,evalb,m0.6,10,replay,final-empirical,400,0.6,0.95,91,1.0,13,7,0,0,324.5499999999989,3.5664835164835043,3.5664835164835043,>=1.2,0.9984594053304575,>=0.75,0.9984594053304575,0.0,9.431818181818182,0.26482762212099464,0.8571428571428571,209.0,209.0,209.0,209.0,edd,0.0,0.0,0.0,0.0
c10_final_400_0019_m0.6,c10_final_400_0019,evalb,m0.6,10,replay,final-empirical,400,0.6,0.95,91,3.2467,13,12,0,0,876.7296000000001,2.9674411583426896,2.9674411583426896,>=1.2,0.9920157822890889,>=0.75,0.9920157822890889,0.0,18.09529676286691,0.972260230631818,0.8333333333333334,341.4544,341.4544,341.4544,341.4544,edd,0.0,0.0,0.0,0.0
c10_final_400_0020_m0.6,c10_final_400_0020,evalb,m0.6,10,replay,final-empirical,400,0.6,0.95,91,8.0,13,11,0,0,882.25,1.2118818681318682,1.2118818681318682,>=1.2,0.7772740153017852,>=0.75,0.7772740153017852,0.0,2.046875,0.29546571378452763,0.5454545454545454,161.0,161.0,161.0,161.0,edd,0.0,0.0,0.0,0.0
c10_final_400_0021_m0.6,c10_final_400_0021,evalb,m0.6,10,replay,final-empirical,400,0.6,0.95,91,6.7522,13,11,0,0,1265.2092000000005,2.059091526050444,2.059091526050444,>=1.2,0.9841923375201508,>=0.75,0.9841923375201508,0.0,13.679215663043156,0.9389283819427553,0.6363636363636364,22.135800000000003,22.135800000000003,22.95779999999999,22.135800000000003,edd,0.0,-0.8219999999999885,0.0,-0.03713441574282332
c10_final_400_0022_m0.6,c10_final_400_0022,evalb,m0.6,10,replay,final-empirical,400,0.6,0.95,91,12.35,13,12,0,0,1667.323999999989,1.4835823286025618,1.4835823286025618,>=1.2,0.7702217445439521,>=0.75,0.7702217445439521,0.0,14.714947368421054,1.2581964273020698,0.3333333333333333,6.238,6.238,6.238,6.238,edd,0.0,0.0,0.0,0.0
c10_final_400_0023_m0.6,c10_final_400_0023,evalb,m0.6,10,replay,final-empirical,400,0.6,0.95,91,20.7806,13,13,0,0,2063.6948,1.0913046223479994,1.0913046223479994,1.0-1.2,0.7161087967077301,0.5-0.75,0.8236828430250441,-0.10757404631731404,3.500861380325881,0.4789374109458947,0.6153846153846154,124.0,124.0,124.0,124.0,edd,0.0,0.0,0.0,0.0
c10_final_400_0024_m0.6,c10_final_400_0024,evalb,m0.6,10,replay,final-empirical,400,0.6,0.95,91,1.0,13,7,0,0,385.75,4.239010989010989,4.239010989010989,>=1.2,1.0,>=0.75,1.0,0.0,12.297619047619047,0.5081095932037569,1.0,0.0,0.0,0.0,0.0,edd,0.0,0.0,,
c10_final_400_0025_m0.6,c10_final_400_0025,evalb,m0.6,10,replay,final-empirical,400,0.6,0.95,91,3.445,13,9,0,0,604.5,1.9282604188264565,1.9282604188264565,>=1.2,0.9549214226633581,>=0.75,0.9358974358974359,0.019023986765922207,11.465892597968077,0.5802251118886801,0.5555555555555556,0.0,0.0,0.0,0.0,edd,0.0,0.0,,
c10_final_400_0026_m0.6,c10_final_400_0026,evalb,m0.6,10,replay,final-empirical,400,0.6,0.95,91,8.0,13,9,0,0,975.8692000000005,1.340479670329671,1.340479670329671,>=1.2,0.9487636252891268,>=0.75,0.9487636252891268,0.0,2.5104166666666665,0.2542330766822284,0.5555555555555556,117.0,117.0,117.0,117.0,edd,0.0,0.0,0.0,0.0
c10_final_400_0027_m0.6,c10_final_400_0027,evalb,m0.6,10,replay,final-empirical,400,0.6,0.95,91,2.9261,13,9,0,0,352.3847999999977,1.3233862272514316,1.3233862272514316,>=1.2,0.8864877259178034,>=0.75,0.8864877259178034,0.0,2.3515779983433176,0.35756539018375344,0.4444444444444444,0.0,0.0,0.0,0.0,edd,0.0,0.0,,
c10_final_400_0028_m0.6,c10_final_400_0028,evalb,m0.6,10,replay,final-empirical,400,0.6,0.95,91,11.0214,13,12,0,0,795.1148000000003,0.7927781656346088,0.7927781656346088,0.5-0.8,0.608402711155672,0.5-0.75,0.608402711155672,0.0,1.502488232849167,0.40599700401736166,0.16666666666666666,0.0,0.0,0.0,0.0,edd,0.0,0.0,,
c10_final_400_0029_m0.6,c10_final_400_0029,evalb,m0.6,10,replay,final-empirical,400,0.6,0.95,91,9.6061,13,8,0,0,747.8443999999982,0.8555053902905769,0.8555053902905769,0.8-1.0,0.7930719277967448,>=0.75,0.7930719277967448,0.0,1.2585192813905246,0.23937958019108035,0.25,0.0,0.0,0.0,0.0,edd,0.0,0.0,,
c12_final_150_0000_m0.6,c12_final_150_0000,evalb,m0.6,12,replay,final-empirical,150,0.6,0.95,112,6.4425,13,11,0,0,1028.9944,1.4260690725649985,1.4260690725649983,>=1.2,0.9409617778289173,>=0.75,0.9409617778289172,1.1102230246251565e-16,2.9209961423451807,0.37489430672843577,0.6363636363636364,354.0,354.0,354.0,354.0,edd,0.0,0.0,0.0,0.0
c12_final_150_0001_m0.6,c12_final_150_0001,evalb,m0.6,12,replay,final-empirical,150,0.6,0.95,112,16.0,13,10,0,0,475.6148,0.2654100446428571,0.26541004464285717,<0.5,0.0,<0.25,0.0,0.0,0.6266285714285714,0.4202458391450147,0.0,1058.9184,1058.9184,1058.9184,1058.9184,edd,0.0,0.0,0.0,0.0
c12_final_150_0002_m0.6,c12_final_150_0002,evalb,m0.6,12,replay,final-empirical,150,0.6,0.95,112,12.2778,13,13,0,0,1329.2796,0.9666689355701232,0.9666689355701232,0.8-1.0,0.8608268719387554,>=0.75,0.4706419928508645,0.3901848790878909,5.0231279219404135,0.9051094114972531,0.46153846153846156,2395.468,2395.468,2395.468,2395.468,edd,0.0,0.0,0.0,0.0
c12_final_150_0003_m0.6,c12_final_150_0003,evalb,m0.6,12,replay,final-empirical,150,0.6,0.95,112,10.5492,13,12,0,0,1112.711,0.94176995818234,0.9417699581823401,0.8-1.0,0.6098268103757402,0.5-0.75,0.6098268103757399,2.220446049250313e-16,3.232823342054373,0.6449697419042633,0.3333333333333333,1020.0,1020.0,1020.0,1020.0,edd,0.0,0.0,0.0,0.0
c12_final_150_0004_m0.6,c12_final_150_0004,evalb,m0.6,12,replay,final-empirical,150,0.6,0.95,112,5.5939,13,11,0,0,587.45,0.9376444494385466,0.9376444494385466,0.8-1.0,0.6746106051578856,0.5-0.75,0.6746106051578857,-1.1102230246251565e-16,2.1496630257959564,0.4427884855835591,0.36363636363636365,345.0,345.0,345.0,345.0,edd,0.0,0.0,0.0,0.0
c12_final_150_0005_m0.6,c12_final_150_0005,evalb,m0.6,12,replay,final-empirical,150,0.6,0.95,112,8.7239,13,13,0,0,572.25,0.5856755579499994,0.5856755579499994,0.5-0.8,0.7431192660550459,0.5-0.75,0.7431192660550459,0.0,1.55893579706324,0.4036920942290949,0.23076923076923078,192.0,192.0,192.0,192.0,edd,0.0,0.0,0.0,0.0
c12_final_150_0006_m0.6,c12_final_150_0006,evalb,m0.6,12,replay,final-empirical,150,0.6,0.95,112,16.5456,13,12,0,0,993.7296000000001,0.5362504662439389,0.5362504662439389,0.5-0.8,0.6965975452477213,0.5-0.75,0.6100548881707861,0.0865426570769352,1.4655971376075816,0.4361691607789729,0.16666666666666666,1098.9184,1098.9184,1098.9184,1098.9184,edd,0.0,0.0,0.0,0.0
c12_final_150_0007_m0.6,c12_final_150_0007,evalb,m0.6,12,replay,final-empirical,150,0.6,0.95,112,7.5394,13,12,0,0,623.8000000000002,0.7387382095581689,0.7387382095581689,0.5-0.8,0.49454953510740624,0.25-0.5,0.4945495351074062,5.551115123125783e-17,2.2382417699021144,0.5085118150774861,0.3333333333333333,60.0,60.0,60.0,60.0,edd,0.0,0.0,0.0,0.0
c12_final_150_0008_m0.6,c12_final_150_0008,evalb,m0.6,12,replay,final-empirical,150,0.6,0.95,112,10.6686,13,12,0,0,922.1648,0.7717614575215386,0.7717614575215386,0.5-0.8,0.6088009431719796,0.5-0.75,0.6665455024958663,-0.05774455932388667,1.2126025372187006,0.25363265927163037,0.25,926.0,926.0,926.0,926.0,edd,0.0,0.0,0.0,0.0
c12_final_150_0009_m0.6,c12_final_150_0009,evalb,m0.6,12,replay,final-empirical,150,0.6,0.95,112,16.0,13,12,0,0,765.3000000000001,0.4270647321428572,0.4270647321428572,<0.5,0.35077747288644967,0.25-0.5,0.3507774728864497,-5.551115123125783e-17,1.1984375,0.578719076982352,0.08333333333333333,276.8,276.8,276.8,276.8,edd,0.0,0.0,0.0,0.0
c12_final_150_0010_m0.6,c12_final_150_0010,evalb,m0.6,12,replay,final-empirical,150,0.6,0.95,112,9.02,13,11,0,0,1091.1148,1.0800550364269876,1.0800550364269876,1.0-1.2,0.7129083025910747,0.5-0.75,0.7129083025910747,0.0,2.8009525498891357,0.5063496307565052,0.2727272727272727,1026.4,1040.6976,1042.4,1026.4,edd,-14.297599999999875,-16.0,-0.013929851909586783,-0.015588464536243178
c12_final_150_0011_m0.6,c12_final_150_0011,evalb,m0.6,12,replay,final-empirical,150,0.6,0.95,112,9.5369,13,12,0,0,956.4833000000001,0.8954722671188453,0.8954722671188453,0.8-1.0,0.5350328646616203,0.5-0.75,0.5350328646616203,0.0,2.555861967725362,0.5528048110967648,0.25,614.0,614.0,614.0,614.0,edd,0.0,0.0,0.0,0.0
c12_final_150_0012_m0.6,c12_final_150_0012,evalb,m0.6,12,replay,final-empirical,150,0.6,0.95,112,5.6297,13,12,0,0,685.3648000000001,1.086972409085488,1.086972409085488,1.0-1.2,0.6909674964340158,0.5-0.75,0.6909674964340158,0.0,2.1693148835639553,0.41092266126519633,0.3333333333333333,579.4592,579.4592,579.4592,579.4592,edd,0.0,0.0,0.0,0.0
c12_final_150_0013_m0.6,c12_final_150_0013,evalb,m0.6,12,replay,final-empirical,150,0.6,0.95,112,5.5775,13,13,0,0,830.05,1.3287603252865468,1.3287603252865468,>=1.2,0.840612011324619,>=0.75,0.840612011324619,0.0,7.9112505602868675,1.0008726204403233,0.5384615384615384,1200.9488,1242.9488,1288.9488,1188.9488,v2rl302,-42.0,-88.0,-0.03497234852976247,-0.07327539691950231
c12_final_150_0014_m0.6,c12_final_150_0014,evalb,m0.6,12,replay,final-empirical,150,0.6,0.95,112,8.0,13,12,0,0,955.4944,1.0664,1.0664,1.0-1.2,0.6850321676401243,0.5-0.75,0.6850321676401243,0.0,4.229166666666667,0.630618687640078,0.5,407.0,407.0,407.0,407.0,edd,0.0,0.0,0.0,0.0
c12_final_150_0015_m0.6,c12_final_150_0015,evalb,m0.6,12,replay,final-empirical,150,0.6,0.95,112,24.0,13,11,0,0,1261.3148,0.4692391369047619,0.46923913690476193,<0.5,0.23209907629720988,<0.25,0.23209907629720986,2.7755575615628914e-17,2.032986111111111,0.7431669155332876,0.09090909090909091,520.0,520.0,520.0,520.0,edd,0.0,0.0,0.0,0.0
c12_final_150_0016_m0.6,c12_final_150_0016,evalb,m0.6,12,replay,final-empirical,150,0.6,0.95,112,11.0431,13,11,0,0,764.8000000000001,0.6183563880225144,0.6183563880225144,0.5-0.8,0.3631668410041841,0.25-0.5,0.36316684100418406,5.551115123125783e-17,1.3311479566426092,0.3560294982322129,0.36363636363636365,293.2,293.2,293.2,293.2,edd,0.0,0.0,0.0,0.0
c12_final_150_0017_m0.6,c12_final_150_0017,evalb,m0.6,12,replay,final-empirical,150,0.6,0.95,112,16.0,13,11,0,0,788.6,0.4400669642857143,0.4400669642857143,<0.5,0.18697692112604616,<0.25,0.18697692112604614,2.7755575615628914e-17,1.151953125,0.4494036306684435,0.09090909090909091,434.0,434.0,434.0,434.0,edd,0.0,0.0,0.0,0.0
c12_final_150_0018_m0.6,c12_final_150_0018,evalb,m0.6,12,replay,final-empirical,150,0.6,0.95,112,8.6172,13,11,0,0,777.0648000000001,0.8051430361867628,0.8051430361867628,0.8-1.0,0.6403774820323865,0.5-0.75,0.6403774820323864,1.1102230246251565e-16,1.7605022513113309,0.3893303186666409,0.2727272727272727,193.72960000000003,193.72960000000003,193.88480000000004,193.72960000000003,edd,0.0,-0.15520000000000778,0.0,-0.0008011166078906257
c12_final_150_0019_m0.6,c12_final_150_0019,evalb,m0.6,12,replay,final-empirical,150,0.6,0.95,112,7.6922,13,12,0,0,787.9148,0.9145567680804676,0.9145567680804675,0.8-1.0,0.7231934214206917,0.5-0.75,0.7231934214206917,0.0,1.6575232053248745,0.3295645054417135,0.3333333333333333,56.0,56.0,56.0,56.0,edd,0.0,0.0,0.0,0.0
c12_final_150_0020_m0.6,c12_final_150_0020,evalb,m0.6,12,replay,final-empirical,150,0.6,0.95,112,8.0,13,11,0,0,1147.974,1.281220982142857,1.281220982142857,>=1.2,0.8130184133090124,>=0.75,0.7779566436173643,0.03506176969164809,3.08412,0.47061648554467556,0.36363636363636365,835.648,835.648,835.648,835.648,edd,0.0,0.0,0.0,0.0
c12_final_150_0021_m0.6,c12_final_150_0021,evalb,m0.6,12,replay,final-empirical,150,0.6,0.95,112,8.0,13,8,0,0,313.09999999999997,0.3494419642857142,0.3494419642857142,<0.5,0.20600447141488346,<0.25,0.2060044714148834,5.551115123125783e-17,1.1517857142857142,0.4212376969312702,0.125,166.0,166.0,166.0,166.0,edd,0.0,0.0,0.0,0.0
c12_final_150_0022_m0.6,c12_final_150_0022,evalb,m0.6,12,replay,final-empirical,150,0.6,0.95,112,8.0,13,11,0,0,765.3148,0.8541459821428571,0.8541459821428571,0.8-1.0,0.7203765038909479,0.5-0.75,0.7203765038909479,0.0,1.6015625,0.30455564394885465,0.36363636363636365,176.0,176.0,176.0,176.0,edd,0.0,0.0,0.0,0.0
c12_final_150_0023_m0.6,c12_final_150_0023,evalb,m0.6,12,replay,final-empirical,150,0.6,0.95,112,16.4519,13,11,0,0,939.3148,0.5097732958329607,0.5097732958329607,0.5-0.8,0.12163121458322598,<0.25,0.12163121458322598,0.0,2.3148288850122682,0.6661337941133402,0.09090909090909091,322.0,322.0,322.0,322.0,edd,0.0,0.0,0.0,0.0
c12_final_150_0024_m0.6,c12_final_150_0024,evalb,m0.6,12,replay,final-empirical,150,0.6,0.95,112,8.0,13,13,0,0,966.2796000000001,1.0784370535714287,1.0784370535714287,1.0-1.2,0.6747835719599172,0.5-0.75,0.6747835719599172,0.0,3.812764285714286,0.6155576759730746,0.3076923076923077,113.08240000000002,113.08240000000002,113.08240000000002,113.08240000000002,edd,0.0,0.0,0.0,0.0
c12_final_150_0025_m0.6,c12_final_150_0025,evalb,m0.6,12,replay,final-empirical,150,0.6,0.95,112,8.4475,13,13,0,0,978.9648000000001,1.0347152581067942,1.0347152581067942,1.0-1.2,0.8346212243790585,>=0.75,0.8346212243790583,2.220446049250313e-16,2.3749630068067478,0.3942103498224408,0.46153846153846156,1769.9184,1769.9184,1769.9184,1769.9184,edd,0.0,0.0,0.0,0.0
c12_final_150_0026_m0.6,c12_final_150_0026,evalb,m0.6,12,replay,final-empirical,150,0.6,0.95,112,3.4117,13,10,0,0,841.8944,2.203275283792328,2.203275283792328,>=1.2,0.8847836498259164,>=0.75,0.8847836498259164,0.0,9.903645299020038,0.6610398020156624,0.8,1550.502,1550.502,1550.502,1550.502,edd,0.0,0.0,0.0,0.0
c12_final_150_0027_m0.6,c12_final_150_0027,evalb,m0.6,12,replay,final-empirical,150,0.6,0.95,112,16.4028,13,11,0,0,366.0,0.1992255677602082,0.1992255677602082,<0.5,0.0,<0.25,0.0,0.0,0.3273831297095618,0.3043787066212245,0.0,100.00000000000004,100.00000000000004,100.00000000000004,100.00000000000004,edd,0.0,0.0,0.0,0.0
c12_final_150_0028_m0.6,c12_final_150_0028,evalb,m0.6,12,replay,final-empirical,150,0.6,0.95,112,8.0,13,11,0,0,800.4333000000001,0.893340736607143,0.893340736607143,0.8-1.0,0.8460208989306167,>=0.75,0.8460208989306167,0.0,1.9828866071428572,0.33012201613042974,0.36363636363636365,8.0,8.0,8.0,8.0,edd,0.0,0.0,0.0,0.0
c12_final_150_0029_m0.6,c12_final_150_0029,evalb,m0.6,12,replay,final-empirical,150,0.6,0.95,112,8.0,13,13,0,0,1018.3611000000003,1.1365637276785718,1.1365637276785718,1.0-1.2,0.7848994821188673,>=0.75,0.7848994821188673,0.0,4.723533333333333,0.6522657788267988,0.5384615384615384,21.729600000000005,21.729600000000005,21.729600000000005,21.729600000000005,edd,0.0,0.0,0.0,0.0
c12_final_400_0000_m0.6,c12_final_400_0000,evalb,m0.6,12,replay,final-empirical,400,0.6,0.95,112,25.3814,13,13,0,0,2734.3592000000003,0.9618823795602854,0.9618823795602854,0.8-1.0,0.23777051676312316,<0.25,0.2715444262041359,-0.03377390944101272,3.2019017863474826,0.7353684468614775,0.07692307692307693,1971.2566,1980.3666,1969.0704,1961.1776,v2rl301,-9.110000000000127,2.1861999999998716,-0.004621417627720372,0.001109038772527063
c12_final_400_0001_m0.6,c12_final_400_0001,evalb,m0.6,12,replay,final-empirical,400,0.6,0.95,112,23.4031,13,13,0,0,2938.0388000000003,1.120898055629993,1.120898055629993,1.0-1.2,0.7731429550896334,>=0.75,0.7731429550896333,1.1102230246251565e-16,2.6125256910409305,0.371876958114425,0.5384615384615384,1977.7482,1978.5616,1992.0058,1977.455,v2rl310,-0.8134000000000015,-14.257599999999911,-0.00041127581357424645,-0.007209006687504462
c12_final_400_0002_m0.6,c12_final_400_0002,evalb,m0.6,12,replay,final-empirical,400,0.6,0.95,112,32.0,13,13,0,0,2732.8683999999994,0.7625190848214284,0.7625190848214284,0.5-0.8,0.6562714838372752,0.5-0.75,0.5962795720423273,0.059991911794947894,1.4027125,0.35763817793282415,0.3076923076923077,1916.205,1987.4768000000004,2018.6234,1860.3786,v2rl303,-71.27180000000044,-102.41840000000002,-0.03719424591836491,-0.05344856108819256
c12_final_400_0003_m0.6,c12_final_400_0003,evalb,m0.6,12,replay,final-empirical,400,0.6,0.95,112,30.9725,13,13,0,0,2720.2295999999997,0.7841719036472445,0.7841719036472445,0.5-0.8,0.4917892224979833,0.25-0.5,0.4917892224979833,0.0,1.3111631285818064,0.2568329907603854,0.3076923076923077,2889.9184,2889.9184,2889.9184,2889.9184,edd,0.0,0.0,0.0,0.0
c12_final_400_0004_m0.6,c12_final_400_0004,evalb,m0.6,12,replay,final-empirical,400,0.6,0.95,112,25.0431,13,13,0,0,2797.1592,0.9972661417430636,0.9972661417430636,0.8-1.0,0.648786525986794,0.5-0.75,0.648786525986794,0.0,1.8751672117269826,0.42524436771336654,0.23076923076923078,2890.5496,2937.2936000000004,2972.5208,2863.816,v2rl302,-46.7440000000006,-81.97119999999995,-0.016171319115230058,-0.028358344032567356
c12_final_400_0005_m0.6,c12_final_400_0005,evalb,m0.6,12,replay,final-empirical,400,0.6,0.95,112,24.0,13,13,0,0,2776.1443999999997,1.0327918154761904,1.0327918154761904,1.0-1.2,0.6112000514094296,0.5-0.75,0.6112000514094296,0.0,2.2320833333333336,0.403282386963909,0.3076923076923077,1731.7530000000002,1732.293,1734.3290000000002,1725.6822,v2rl308,-0.5399999999997362,-2.576000000000022,-0.00031182275994309593,-0.0014875100548403968
c12_final_400_0006_m0.6,c12_final_400_0006,evalb,m0.6,12,replay,final-empirical,400,0.6,0.95,112,26.1925,13,13,0,0,1944.6648000000002,0.6629026847925389,0.6629026847925389,0.5-0.8,0.1793882421278978,<0.25,0.17938824212789783,-2.7755575615628914e-17,1.1404573282973587,0.3047409787989097,0.15384615384615385,978.5296,982.5296,986.5296,970.5296,lpt,-4.0,-8.0,-0.00408776597049287,-0.00817553194098574
c12_final_400_0007_m0.6,c12_final_400_0007,evalb,m0.6,12,replay,final-empirical,400,0.6,0.95,112,43.3444,13,13,0,0,2113.4,0.4353421170241798,0.4353421170241798,<0.5,0.0,<0.25,0.0,0.0,0.6690599016251234,0.24649105532138768,0.0,748.0,748.0,748.0,748.0,edd,0.0,0.0,0.0,0.0
c12_final_400_0008_m0.6,c12_final_400_0008,evalb,m0.6,12,replay,final-empirical,400,0.6,0.95,112,24.0,13,12,0,0,1785.1296000000002,0.6641107142857143,0.6641107142857143,0.5-0.8,0.40359243384906063,0.25-0.5,0.4035924338490606,5.551115123125783e-17,1.2445833333333334,0.3207220542682906,0.25,1202.648,1203.0592,1203.2144,1202.648,edd,-0.411200000000008,-0.5664000000001579,-0.0003419121804551357,-0.0004709607466192584
c12_final_400_0009_m0.6,c12_final_400_0009,evalb,m0.6,12,replay,final-empirical,400,0.6,0.95,112,23.5156,13,13,0,0,2645.6407,1.0045158092621798,1.0045158092621798,1.0-1.2,0.7456948708114447,0.5-0.75,0.7456948708114447,0.0,1.7274898365340454,0.26750498599880723,0.46153846153846156,250.89120000000003,250.89120000000003,250.21920000000003,246.05240000000003,random,0.0,0.671999999999997,0.0,0.0026784518548278974
c12_final_400_0010_m0.6,c12_final_400_0010,evalb,m0.6,12,replay,final-empirical,400,0.6,0.95,112,25.4,13,13,0,0,3281.6423999999984,1.1535582114735654,1.1535582114735654,1.0-1.2,0.8291099603052424,>=0.75,0.8814617948622312,-0.052351834556988774,1.7981159055118112,0.2918529509404955,0.46153846153846156,1471.9072,1471.9072,1471.9072,1471.9072,edd,0.0,0.0,0.0,0.0
c12_final_400_0011_m0.6,c12_final_400_0011,evalb,m0.6,12,replay,final-empirical,400,0.6,0.95,112,24.0,13,13,0,0,2205.3796,0.8204537202380953,0.8204537202380953,0.8-1.0,0.40497771902850643,0.25-0.5,0.40497771902850643,0.0,2.1521714285714286,0.5969361002149136,0.15384615384615385,568.8472,574.0824,586.0824,566.0824,v2rl302,-5.235199999999963,-17.235199999999963,-0.00920317442012541,-0.030298470309777323
c12_final_400_0012_m0.6,c12_final_400_0012,evalb,m0.6,12,replay,final-empirical,400,0.6,0.95,112,10.8297,13,11,0,0,1586.0092,1.3075889847891842,1.3075889847891842,>=1.2,0.9012931324736326,>=0.75,0.9012931324736326,0.0,3.212301972046009,0.37104364794756256,0.7272727272727273,1670.502,1670.502,1670.502,1670.502,edd,0.0,0.0,0.0,0.0
c12_final_400_0013_m0.6,c12_final_400_0013,evalb,m0.6,12,replay,final-empirical,400,0.6,0.95,112,15.7369,13,12,0,0,2036.8796000000002,1.1556548621393032,1.1556548621393032,1.0-1.2,0.8411295395172106,>=0.75,0.8411295395172106,0.0,4.76798691821981,0.7199548199562728,0.5,1033.5376,1059.044,1059.044,1027.5376,v2rl302,-25.506399999999985,-25.506399999999985,-0.024678734474681892,-0.024678734474681892
c12_final_400_0014_m0.6,c12_final_400_0014,evalb,m0.6,12,replay,final-empirical,400,0.6,0.95,112,24.0,13,13,0,0,2428.8795999999998,0.9036010416666664,0.9036010416666665,0.8-1.0,0.5834232376112838,0.5-0.75,0.5834232376112839,-1.1102230246251565e-16,2.1109566666666666,0.4614600777050843,0.3076923076923077,1466.0,1466.0,1466.0,1462.0,v2rl301,0.0,0.0,0.0,0.0
c12_final_400_0015_m0.6,c12_final_400_0015,evalb,m0.6,12,replay,final-empirical,400,0.6,0.95,112,24.88,13,13,0,0,3500.848,1.2563332567753789,1.2563332567753789,>=1.2,0.8517502045218759,>=0.75,0.8517502045218759,0.0,2.900842443729904,0.3789554737789446,0.5384615384615384,6295.2244,6329.0868,6405.044400000001,6207.744400000001,v2rl307,-33.86239999999998,-109.82000000000062,-0.0053790616264608425,-0.01744496987271822
c12_final_400_0016_m0.6,c12_final_400_0016,evalb,m0.6,12,replay,final-empirical,400,0.6,0.95,112,32.0,13,13,0,0,2260.0944,0.6306066964285714,0.6306066964285714,0.5-0.8,0.160375955977768,<0.25,0.0,0.160375955977768,1.061655,0.3138325798601484,0.15384615384615385,1456.0,1456.0,1456.0,1456.0,edd,0.0,0.0,0.0,0.0
c12_final_400_0017_m0.6,c12_final_400_0017,evalb,m0.6,12,replay,final-empirical,400,0.6,0.95,112,26.13,13,13,0,0,2630.3592,0.8987887485648679,0.8987887485648679,0.8-1.0,0.5470714418015609,0.5-0.75,0.5470714418015609,0.0,2.689945146064549,0.5092121348228342,0.23076923076923078,1996.8032,2038.8842,2075.9758000000006,1916.9268,v2rl307,-42.080999999999904,-79.17260000000056,-0.021074184977267617,-0.03964967604218611
c12_final_400_0018_m0.6,c12_final_400_0018,evalb,m0.6,12,replay,final-empirical,400,0.6,0.95,112,17.4172,13,13,0,0,3043.825799999999,1.5603550554296075,1.5603550554296077,>=1.2,0.8852923843407858,>=0.75,0.8852923843407858,0.0,4.8261680025109275,0.6279119896173793,0.6923076923076923,783.2364000000001,789.0932,792.8420000000001,741.6192000000001,v2rl301,-5.856799999999907,-9.605599999999981,-0.0074776912819678795,-0.012263985688101293
c12_final_400_0019_m0.6,c12_final_400_0019,evalb,m0.6,12,replay,final-empirical,400,0.6,0.95,112,20.1333,13,12,0,0,2160.6092000000003,0.9581714657521904,0.9581714657521904,0.8-1.0,0.6834320616611278,0.5-0.75,0.6834320616611278,0.0,2.05050008360941,0.35296538488041423,0.3333333333333333,2767.0832,2805.0592,2803.7992,2759.8368,v2rl301,-37.97600000000011,-36.715999999999894,-0.013724198824234889,-0.01326884569282192
c12_final_400_0020_m0.6,c12_final_400_0020,evalb,m0.6,12,replay,final-empirical,400,0.6,0.95,112,24.0,13,13,0,0,2414.2629,0.8981632812500001,0.8981632812500001,0.8-1.0,0.492046495847656,0.25-0.5,0.5188524828841135,-0.02680598703645748,1.625726225490196,0.359945163792818,0.3076923076923077,182.00000000000003,182.00000000000003,183.5648,182.00000000000003,edd,0.0,-1.5647999999999627,0.0,-0.008597802197801992
c12_final_400_0021_m0.6,c12_final_400_0021,evalb,m0.6,12,replay,final-empirical,400,0.6,0.95,112,16.375,13,13,0,0,1760.2629,0.9597943838604144,0.9597943838604144,0.8-1.0,0.6039322876145377,0.5-0.75,0.6665649773110597,-0.06263268969652203,2.791829007633588,0.5167957434590336,0.38461538461538464,190.2,190.2,190.2,190.2,edd,0.0,0.0,0.0,0.0
c12_final_400_0022_m0.6,c12_final_400_0022,evalb,m0.6,12,replay,final-empirical,400,0.6,0.95,112,22.0997,13,12,0,0,2343.1258000000003,0.9466538492119156,0.9466538492119156,0.8-1.0,0.5111097321364478,0.5-0.75,0.5111097321364478,0.0,2.432159712575284,0.45552855657274116,0.4166666666666667,289.0408,289.0408,289.0408,289.0408,edd,0.0,0.0,0.0,0.0
c12_final_400_0023_m0.6,c12_final_400_0023,evalb,m0.6,12,replay,final-empirical,400,0.6,0.95,112,24.0,13,13,0,0,2924.0888,1.0878306547619048,1.0878306547619048,1.0-1.2,0.8219052718234823,>=0.75,0.7537713628943142,0.06813390892916804,2.3204166666666666,0.33242671979067573,0.5384615384615384,2184.7200000000003,2196.6724000000004,2196.6724000000004,2165.6976,v2rl303,-11.952400000000125,-11.952400000000125,-0.005470907026987497,-0.005470907026987497
c12_final_400_0024_m0.6,c12_final_400_0024,evalb,m0.6,12,replay,final-empirical,400,0.6,0.95,112,16.0,13,13,0,0,1157.3815,0.6458602120535714,0.6458602120535714,0.5-0.8,0.1887882258356471,<0.25,0.1887882258356471,0.0,1.0625,0.2534324380314761,0.15384615384615385,1208.9184,1208.9184,1208.9184,1208.9184,edd,0.0,0.0,0.0,0.0
c12_final_400_0025_m0.6,c12_final_400_0025,evalb,m0.6,12,replay,final-empirical,400,0.6,0.95,112,33.6069,13,13,0,0,2690.0444,0.7146822102433896,0.7146822102433896,0.5-0.8,0.16191732746121218,<0.25,0.16191732746121218,0.0,1.3647990938368804,0.3135187186953357,0.15384615384615385,1753.4592,1753.4592,1753.4592,1753.4592,edd,0.0,0.0,0.0,0.0
c12_final_400_0026_m0.6,c12_final_400_0026,evalb,m0.6,12,replay,final-empirical,400,0.6,0.95,112,29.9678,13,12,0,0,3496.4036,1.041714416330671,1.041714416330671,1.0-1.2,0.7507581790614791,>=0.75,0.6045322685287248,0.14622591053275436,2.56758787765535,0.5147564486691155,0.25,6065.692800000001,6156.5776,6199.152000000001,5988.6616,v2rl304,-90.8847999999989,-133.45920000000024,-0.014983416238949472,-0.022002301204571424
c12_final_400_0027_m0.6,c12_final_400_0027,evalb,m0.6,12,replay,final-empirical,400,0.6,0.95,112,15.2428,13,13,0,0,2607.1591999999996,1.5271608328428594,1.5271608328428594,>=1.2,0.9099019346421191,>=0.75,0.9099019346421192,-1.1102230246251565e-16,3.9619492481696272,0.5751230561657072,0.6923076923076923,1306.1664,1358.1664,1410.6772,1302.4072,v2rl310,-52.0,-104.51080000000002,-0.03981116035445407,-0.08001338879946691
c12_final_400_0028_m0.6,c12_final_400_0028,evalb,m0.6,12,replay,final-empirical,400,0.6,0.95,112,32.0,13,13,0,0,2141.5648,0.5975348214285715,0.5975348214285715,0.5-0.8,0.4200735835777652,0.25-0.5,0.4200735835777652,0.0,1.1245185,0.3889668775847585,0.07692307692307693,3301.5512000000003,3366.1516,3369.1656000000007,3254.3948,v2rl303,-64.60039999999981,-67.61440000000039,-0.0195666812618262,-0.02047958547485206
c12_final_400_0029_m0.6,c12_final_400_0029,evalb,m0.6,12,replay,final-empirical,400,0.6,0.95,112,32.2964,13,13,0,0,3007.3202,0.8313952395401877,0.8313952395401877,0.8-1.0,0.4859272384763019,0.25-0.5,0.4859272384763019,0.0,2.0400354219046086,0.5112305937425622,0.38461538461538464,1005.342,1032.2592,924.5712,920.2668,wspt,-26.91719999999998,80.77080000000001,-0.026774172371193068,0.08034161509217759
c05_final_150_0000_m0.8,c05_final_150_0000,evalb,m0.8,5,replay,final-empirical,150,0.8,0.95,93,8.0,11,6,0,0,602.0,0.8091397849462365,0.8091397849462365,0.8-1.0,0.6486710963455149,0.5-0.75,0.6486710963455149,0.0,2.8713235294117645,0.5434920661209015,0.16666666666666666,0.0,0.0,0.0,0.0,edd,0.0,0.0,,
c05_final_150_0001_m0.8,c05_final_150_0001,evalb,m0.8,5,replay,final-empirical,150,0.8,0.95,93,10.6764,11,9,0,0,369.0,0.3716366879738368,0.3716366879738368,<0.5,0.11788617886178862,<0.25,0.11788617886178862,0.0,1.01860177587951,0.3933019402915635,0.1111111111111111,0.0,0.0,0.0,0.0,edd,0.0,0.0,,
c05_final_150_0002_m0.8,c05_final_150_0002,evalb,m0.8,5,replay,final-empirical,150,0.8,0.95,93,15.3025,11,9,0,0,480.89999999999986,0.3379165327191951,0.3379165327191951,<0.5,0.09773341651070909,<0.25,0.15595757953836556,-0.05822416302765647,1.5356967815716387,0.7026991565880706,0.1111111111111111,0.0,0.0,0.0,0.0,edd,0.0,0.0,,
c05_final_150_0003_m0.8,c05_final_150_0003,evalb,m0.8,5,replay,final-empirical,150,0.8,0.95,93,11.0142,11,8,0,0,601.5,0.5872184938973208,0.5872184938973208,0.5-0.8,0.3865336658354115,0.25-0.5,0.3865336658354115,0.0,3.1096221241669846,0.84321942693368,0.25,0.0,0.0,0.0,0.0,edd,0.0,0.0,,
c05_final_150_0004_m0.8,c05_final_150_0004,evalb,m0.8,5,replay,final-empirical,150,0.8,0.95,93,16.0,11,9,0,0,572.0,0.3844086021505376,0.3844086021505376,<0.5,0.22552447552447552,<0.25,0.16695804195804195,0.05856643356643357,2.984375,1.0807580799748946,0.2222222222222222,15.0,15.0,15.0,15.0,edd,0.0,0.0,0.0,0.0
c05_final_150_0005_m0.8,c05_final_150_0005,evalb,m0.8,5,replay,final-empirical,150,0.8,0.95,93,16.0,11,9,0,0,685.5648,0.4607290322580645,0.4607290322580645,<0.5,0.23318700143297902,<0.25,0.23318700143297902,0.0,1.8930166666666668,0.6806301192580537,0.2222222222222222,21.729600000000005,21.729600000000005,21.729600000000005,21.729600000000005,edd,0.0,0.0,0.0,0.0
c05_final_150_0006_m0.8,c05_final_150_0006,evalb,m0.8,5,replay,final-empirical,150,0.8,0.95,93,18.5356,11,9,0,0,358.6,0.2080274703001048,0.20802747030010488,<0.5,0.0,<0.25,0.0,0.0,0.593452599322385,0.40540613784070817,0.0,0.0,0.0,0.0,0.0,edd,0.0,0.0,,
c05_final_150_0007_m0.8,c05_final_150_0007,evalb,m0.8,5,replay,final-empirical,150,0.8,0.95,93,15.4717,11,7,0,0,460.37999999999994,0.319959835095378,0.31995983509537806,<0.5,0.0,<0.25,0.0,0.0,0.6325781151088382,0.33400397124774206,0.0,0.0,0.0,0.0,0.0,edd,0.0,0.0,,
c05_final_150_0008_m0.8,c05_final_150_0008,evalb,m0.8,5,replay,final-empirical,150,0.8,0.95,93,30.2264,11,8,0,0,576.8648000000001,0.2052129036811514,0.20521290368115147,<0.5,0.0,<0.25,0.0,0.0,0.3792259512915083,0.2705899149251297,0.0,0.0,0.0,0.0,0.0,edd,0.0,0.0,,
c05_final_150_0009_m0.8,c05_final_150_0009,evalb,m0.8,5,replay,final-empirical,150,0.8,0.95,93,4.9972,11,8,0,0,426.2,0.9170727004972246,0.9170727004972246,0.8-1.0,0.8029094321914594,>=0.75,0.8029094321914594,0.0,4.552549427679501,0.6777151021894209,0.25,16.0,16.0,16.0,16.0,edd,0.0,0.0,0.0,0.0
c05_final_150_0010_m0.8,c05_final_150_0010,evalb,m0.8,5,replay,final-empirical,150,0.8,0.95,93,8.8083,11,8,0,0,529.2,0.6460182533116676,0.6460182533116676,0.5-0.8,0.42271352985638694,0.25-0.5,0.42271352985638694,0.0,1.493911825143531,0.48578284243740705,0.125,0.0,0.0,0.0,0.0,edd,0.0,0.0,,
c05_final_150_0011_m0.8,c05_final_150_0011,evalb,m0.8,5,replay,final-empirical,150,0.8,0.95,93,16.0,11,7,0,0,379.5,0.2550403225806452,0.2550403225806452,<0.5,0.0,<0.25,0.0,0.0,0.6875,0.3969464449781561,0.0,0.0,0.0,0.0,0.0,edd,0.0,0.0,,
c05_final_150_0012_m0.8,c05_final_150_0012,evalb,m0.8,5,replay,final-empirical,150,0.8,0.95,93,16.0,11,9,0,0,494.76480000000004,0.3325032258064516,0.33250322580645164,<0.5,0.0,<0.25,0.0,0.0,0.765625,0.35191117291642543,0.0,21.729600000000005,21.729600000000005,21.729600000000005,21.729600000000005,edd,0.0,0.0,0.0,0.0
c05_final_150_0013_m0.8,c05_final_150_0013,evalb,m0.8,5,replay,final-empirical,150,0.8,0.95,93,1.3619,11,6,0,0,589.8,4.656682196836013,4.656682196836013,>=1.2,0.9983045100033909,>=0.75,0.9983045100033909,0.0,8.269259682726164,0.25920502124222344,0.8333333333333334,0.0,0.0,0.0,0.0,edd,0.0,0.0,,
c05_final_150_0014_m0.8,c05_final_150_0014,evalb,m0.8,5,replay,final-empirical,150,0.8,0.95,93,16.0,11,8,0,0,579.0,0.3891129032258064,0.38911290322580644,<0.5,0.0,<0.25,0.0,0.0,0.75,0.19272452245191662,0.0,0.0,0.0,0.0,0.0,edd,0.0,0.0,,
c05_final_150_0015_m0.8,c05_final_150_0015,evalb,m0.8,5,replay,final-empirical,150,0.8,0.95,93,24.0,11,6,0,0,530.1,0.2375,0.23750000000000002,<0.5,0.0,<0.25,0.0,0.0,0.7291666666666666,0.31163170581712674,0.0,0.0,0.0,0.0,0.0,edd,0.0,0.0,,
c05_final_150_0016_m0.8,c05_final_150_0016,evalb,m0.8,5,replay,final-empirical,150,0.8,0.95,93,16.0,11,8,0,0,554.0000000000001,0.3723118279569893,0.3723118279569893,<0.5,0.0,<0.25,0.0,0.0,0.809375,0.42485373073905,0.0,0.0,0.0,0.0,0.0,edd,0.0,0.0,,
c05_final_150_0017_m0.8,c05_final_150_0017,evalb,m0.8,5,replay,final-empirical,150,0.8,0.95,93,13.4025,11,9,0,0,536.8,0.4306691296961528,0.43066912969615284,<0.5,0.0,<0.25,0.0,0.0,0.8119644052360732,0.31582031237757713,0.0,0.0,0.0,0.0,0.0,edd,0.0,0.0,,
c05_final_150_0018_m0.8,c05_final_150_0018,evalb,m0.8,5,replay,final-empirical,150,0.8,0.95,93,11.0367,11,7,0,0,470.6,0.4584898614407786,0.4584898614407786,<0.5,0.0743731406714832,<0.25,0.0,0.0743731406714832,1.0570792598029,0.24053883240277762,0.14285714285714285,0.0,0.0,0.0,0.0,edd,0.0,0.0,,
c05_final_150_0019_m0.8,c05_final_150_0019,evalb,m0.8,5,replay,final-empirical,150,0.8,0.95,93,15.5669,11,8,0,0,431.59999999999997,0.2981235965448331,0.2981235965448331,<0.5,0.11700648748841519,<0.25,0.11700648748841519,0.0,1.6220313614142827,0.8487840343459365,0.125,0.0,0.0,0.0,0.0,edd,0.0,0.0,,
c05_final_150_0020_m0.8,c05_final_150_0020,evalb,m0.8,5,replay,final-empirical,150,0.8,0.95,93,8.6214,11,8,0,0,543.0200000000001,0.6772594626374832,0.6772594626374832,0.5-0.8,0.4235571433833008,0.25-0.5,0.4548635409377187,-0.031306397554417886,4.446300291522646,0.8667044596761283,0.125,0.0,0.0,0.0,0.0,edd,0.0,0.0,,
c05_final_150_0021_m0.8,c05_final_150_0021,evalb,m0.8,5,replay,final-empirical,150,0.8,0.95,93,1.3072,11,8,0,0,465.6,3.8299048446322113,3.8299048446322113,>=1.2,0.9860395189003437,>=0.75,0.9860395189003437,0.0,63.111995104039174,1.1253293128036157,0.75,0.0,0.0,0.0,0.0,edd,0.0,0.0,,
c05_final_150_0022_m0.8,c05_final_150_0022,evalb,m0.8,5,replay,final-empirical,150,0.8,0.95,93,14.7372,11,7,0,0,348.50000000000006,0.2542756987729684,0.2542756987729684,<0.5,0.0,<0.25,0.0,0.0,0.7294465705832859,0.3668163510214709,0.0,0.0,0.0,0.0,0.0,edd,0.0,0.0,,
c05_final_150_0023_m0.8,c05_final_150_0023,evalb,m0.8,5,replay,final-empirical,150,0.8,0.95,93,9.2361,11,8,0,0,452.29999999999995,0.5265686664517548,0.5265686664517548,0.5-0.8,0.15476453681185057,<0.25,0.15476453681185057,0.0,1.8947391214906724,0.5881511856041768,0.125,0.0,0.0,0.0,0.0,edd,0.0,0.0,,
c05_final_150_0024_m0.8,c05_final_150_0024,evalb,m0.8,5,replay,final-empirical,150,0.8,0.95,93,12.9672,11,8,0,0,633.0,0.5248975579078927,0.5248975579078927,0.5-0.8,0.15402843601895735,<0.25,0.1066350710900474,0.047393364928909956,1.7351471404775125,0.5048711824221995,0.25,0.0,0.0,0.0,0.0,edd,0.0,0.0,,
c05_final_150_0025_m0.8,c05_final_150_0025,evalb,m0.8,5,replay,final-empirical,150,0.8,0.95,93,16.3625,11,9,0,0,654.5999999999999,0.4301732423174547,0.43017324231745474,<0.5,0.17629086465016805,<0.25,0.16636113657195234,0.00992972807821571,1.2589763177998472,0.48241363175232493,0.2222222222222222,0.0,0.0,0.0,0.0,edd,0.0,0.0,,
c05_final_150_0026_m0.8,c05_final_150_0026,evalb,m0.8,5,replay,final-empirical,150,0.8,0.95,93,17.0006,11,7,0,0,465.1,0.2941705156769293,0.29417051567692937,<0.5,0.0,<0.25,0.07095248333691678,-0.07095248333691678,0.970553980447749,0.4647062165236291,0.0,0.0,0.0,0.0,0.0,edd,0.0,0.0,,
c05_final_150_0027_m0.8,c05_final_150_0027,evalb,m0.8,5,replay,final-empirical,150,0.8,0.95,93,7.4294,11,7,0,0,616.9000000000001,0.8928491309302681,0.8928491309302681,0.8-1.0,0.9610958015885881,>=0.75,0.9610958015885879,2.220446049250313e-16,3.4726895846232537,0.5186667535329441,0.5714285714285714,0.0,0.0,0.0,0.0,edd,0.0,0.0,,
c05_final_150_0028_m0.8,c05_final_150_0028,evalb,m0.8,5,replay,final-empirical,150,0.8,0.95,93,5.2219,11,8,0,0,476.2,0.9805683960870338,0.9805683960870338,0.8-1.0,0.500209995800084,0.5-0.75,0.6860562788744226,-0.1858462830743386,6.054628902634418,0.8125716019212837,0.25,0.0,0.0,0.0,0.0,edd,0.0,0.0,,
c05_final_150_0029_m0.8,c05_final_150_0029,evalb,m0.8,5,replay,final-empirical,150,0.8,0.95,93,26.9886,11,6,0,0,744.8648000000001,0.2967660021168635,0.29676600211686355,<0.5,0.0,<0.25,0.0,0.0,0.6296009077471053,0.3237292664889768,0.0,21.729600000000005,21.729600000000005,21.729600000000005,21.729600000000005,edd,0.0,0.0,0.0,0.0
c09_final_150_0000_m0.8,c09_final_150_0000,evalb,m0.8,9,replay,final-empirical,150,0.8,0.95,79,22.0333,13,11,0,0,569.25,0.3270366310326481,0.32703663103264813,<0.5,0.0,<0.25,0.0,0.0,0.7057499330558745,0.35708191754962615,0.0,430.0,430.0,430.0,430.0,edd,0.0,0.0,0.0,0.0
c09_final_150_0001_m0.8,c09_final_150_0001,evalb,m0.8,9,replay,final-empirical,150,0.8,0.95,79,16.0,13,10,0,0,628.25,0.4970332278481013,0.4970332278481013,<0.5,0.21727019498607242,<0.25,0.21727019498607242,0.0,1.278125,0.42853880240984144,0.2,23.0,23.0,23.0,23.0,edd,0.0,0.0,0.0,0.0
c09_final_150_0002_m0.8,c09_final_150_0002,evalb,m0.8,9,replay,final-empirical,150,0.8,0.95,79,21.5,13,12,0,0,779.6148000000001,0.459001942890786,0.459001942890786,<0.5,0.13995988788309302,<0.25,0.13995988788309302,0.0,1.0150213953488372,0.3942903071095574,0.08333333333333333,329.0,329.0,329.0,329.0,edd,0.0,0.0,0.0,0.0
c09_final_150_0003_m0.8,c09_final_150_0003,evalb,m0.8,9,replay,final-empirical,150,0.8,0.95,79,24.0,13,12,0,0,570.5,0.3008966244725738,0.3008966244725738,<0.5,0.0,<0.25,0.0,0.0,0.515625,0.23020009446494596,0.0,160.0,160.0,160.0,160.0,edd,0.0,0.0,0.0,0.0
c09_final_150_0004_m0.8,c09_final_150_0004,evalb,m0.8,9,replay,final-empirical,150,0.8,0.95,79,8.0,13,11,0,0,475.5,0.752373417721519,0.752373417721519,0.5-0.8,0.5052576235541535,0.5-0.75,0.5052576235541535,0.0,4.004464285714286,0.7724688090059043,0.18181818181818182,0.0,0.0,0.0,0.0,edd,0.0,0.0,,
c09_final_150_0005_m0.8,c09_final_150_0005,evalb,m0.8,9,replay,final-empirical,150,0.8,0.95,79,19.35,13,11,0,0,862.9796000000001,0.5645370751970693,0.5645370751970693,0.5-0.8,0.28358677308246916,0.25-0.5,0.28358677308246916,0.0,2.5295049095607234,0.8067421406653317,0.09090909090909091,355.4592,355.4592,355.4592,355.4592,edd,0.0,0.0,0.0,0.0
c09_final_150_0006_m0.8,c09_final_150_0006,evalb,m0.8,9,replay,final-empirical,150,0.8,0.95,79,24.0,13,12,0,0,475.0,0.2505274261603376,0.2505274261603376,<0.5,0.0,<0.25,0.0,0.0,0.5833333333333334,0.3865293277609711,0.0,76.0,76.0,76.0,76.0,edd,0.0,0.0,0.0,0.0
c09_final_150_0007_m0.8,c09_final_150_0007,evalb,m0.8,9,replay,final-empirical,150,0.8,0.95,79,24.0,13,11,0,0,533.25,0.28125,0.28125,<0.5,0.0,<0.25,0.0,0.0,0.75,0.33352098432622984,0.0,64.0,64.0,64.0,64.0,edd,0.0,0.0,0.0,0.0
c09_final_150_0008_m0.8,c09_final_150_0008,evalb,m0.8,9,replay,final-empirical,150,0.8,0.95,79,21.5667,13,11,0,0,624.75,0.3666869687110807,0.36668696871108075,<0.5,0.0,<0.25,0.0,0.0,0.8925797641734711,0.37619979908470896,0.0,134.0,134.0,134.0,134.0,edd,0.0,0.0,0.0,0.0
c09_final_150_0009_m0.8,c09_final_150_0009,evalb,m0.8,9,replay,final-empirical,150,0.8,0.95,79,16.0,13,13,0,0,521.25,0.412381329113924,0.41238132911392406,<0.5,0.18944844124700239,<0.25,0.12326139088729017,0.06618705035971222,1.078125,0.3755393526799133,0.15384615384615385,0.0,0.0,0.0,0.0,edd,0.0,0.0,,
c09_final_150_0010_m0.8,c09_final_150_0010,evalb,m0.8,9,replay,final-empirical,150,0.8,0.95,79,22.3667,13,11,0,0,496.0,0.2807066314055371,0.28070663140553714,<0.5,0.0,<0.25,0.0,0.0,0.7620907217182036,0.48529508040495534,0.0,128.0,132.9336,132.9336,128.0,edd,-4.933600000000013,-4.933600000000013,-0.0385437500000001,-0.0385437500000001
c09_final_150_0011_m0.8,c09_final_150_0011,evalb,m0.8,9,replay,final-empirical,150,0.8,0.95,79,1.0,13,9,0,0,593.0,7.506329113924051,7.506329113924051,>=1.2,0.9966273187183811,>=0.75,0.9966273187183811,0.0,38.92857142857143,0.7923497991044925,0.8888888888888888,0.0,0.0,0.0,0.0,edd,0.0,0.0,,
c09_final_150_0012_m0.8,c09_final_150_0012,evalb,m0.8,9,replay,final-empirical,150,0.8,0.95,79,23.2167,13,11,0,0,500.25,0.272746707370671,0.272746707370671,<0.5,0.12343828085957022,<0.25,0.1664167916041979,-0.042978510744627677,1.3298616943837842,0.7836883024226798,0.09090909090909091,28.0,28.0,28.0,28.0,edd,0.0,0.0,0.0,0.0
c09_final_150_0013_m0.8,c09_final_150_0013,evalb,m0.8,9,replay,final-empirical,150,0.8,0.95,79,16.0,13,11,0,0,570.8648000000001,0.4516335443037975,0.45163354430379754,<0.5,0.0,<0.25,0.0,0.0,0.9140625,0.36397034014949636,0.0,0.0,0.0,0.0,0.0,edd,0.0,0.0,,
c09_final_150_0014_m0.8,c09_final_150_0014,evalb,m0.8,9,replay,final-empirical,150,0.8,0.95,79,16.0,13,11,0,0,592.5,0.46875,0.46875,<0.5,0.14725738396624471,<0.25,0.14725738396624471,0.0,5.453125,1.331810056770126,0.09090909090909091,0.0,0.0,0.0,0.0,edd,0.0,0.0,,
c09_final_150_0015_m0.8,c09_final_150_0015,evalb,m0.8,9,replay,final-empirical,150,0.8,0.95,79,16.0,13,11,0,0,626.75,0.4958465189873418,0.4958465189873418,<0.5,0.3366573593936976,0.25-0.5,0.3366573593936976,0.0,1.40625,0.4551392267861364,0.2727272727272727,144.0,144.0,144.0,144.0,edd,0.0,0.0,0.0,0.0
c09_final_150_0016_m0.8,c09_final_150_0016,evalb,m0.8,9,replay,final-empirical,150,0.8,0.95,79,23.2667,13,12,0,0,940.5,0.5116782049512496,0.5116782049512496,0.5-0.8,0.05901116427432217,<0.25,0.0,0.05901116427432217,1.192691701014755,0.29472847830655213,0.08333333333333333,75.0,75.0,75.0,75.0,edd,0.0,0.0,0.0,0.0
c09_final_150_0017_m0.8,c09_final_150_0017,evalb,m0.8,9,replay,final-empirical,150,0.8,0.95,79,15.85,13,11,0,0,756.3648000000001,0.6040528690652079,0.6040528690652079,0.5-0.8,0.4929695300468768,0.25-0.5,0.4929695300468768,0.0,3.331697160883281,0.7557151030485547,0.2727272727272727,86.0,86.0,86.0,86.0,edd,0.0,0.0,0.0,0.0
c09_final_150_0018_m0.8,c09_final_150_0018,evalb,m0.8,9,replay,final-empirical,150,0.8,0.95,79,1.0,13,8,0,0,521.75,6.604430379746836,6.6044303797468356,>=1.2,0.9913751796837565,>=0.75,0.9913751796837565,0.0,33.285714285714285,0.7606753502438506,0.75,10.0,10.0,10.0,10.0,edd,0.0,0.0,0.0,0.0
c09_final_150_0019_m0.8,c09_final_150_0019,evalb,m0.8,9,replay,final-empirical,150,0.8,0.95,79,20.9333,13,10,0,0,581.8648000000001,0.3518497902953607,0.35184979029536073,<0.5,0.28162006019267705,0.25-0.5,0.31685161226456726,-0.035231552071890215,1.349524441917901,0.581982370941138,0.2,94.0,94.0,94.0,94.0,edd,0.0,0.0,0.0,0.0
c09_final_150_0020_m0.8,c09_final_150_0020,evalb,m0.8,9,replay,final-empirical,150,0.8,0.95,79,8.0,13,10,0,0,531.25,0.8405854430379747,0.8405854430379747,0.8-1.0,0.8211764705882353,>=0.75,0.8211764705882353,0.0,2.294642857142857,0.4154819762113839,0.3,40.0,40.0,40.0,40.0,edd,0.0,0.0,0.0,0.0
c09_final_150_0021_m0.8,c09_final_150_0021,evalb,m0.8,9,replay,final-empirical,150,0.8,0.95,79,16.0,13,12,0,0,482.25,0.3815268987341772,0.3815268987341772,<0.5,0.07776049766718507,<0.25,0.0,0.07776049766718507,1.171875,0.4887002674009393,0.08333333333333333,0.0,0.0,0.0,0.0,edd,0.0,0.0,,
c09_final_150_0022_m0.8,c09_final_150_0022,evalb,m0.8,9,replay,final-empirical,150,0.8,0.95,79,23.2,13,10,0,0,533.5,0.2910846791793977,0.2910846791793977,<0.5,0.0,<0.25,0.0,0.0,0.7693965517241379,0.4328632013077963,0.0,28.0,28.0,28.0,28.0,edd,0.0,0.0,0.0,0.0
c09_final_150_0023_m0.8,c09_final_150_0023,evalb,m0.8,9,replay,final-empirical,150,0.8,0.95,79,32.0,13,12,0,0,696.8648000000001,0.2756585443037975,0.2756585443037975,<0.5,0.0,<0.25,0.0,0.0,0.46484375,0.2569156766681341,0.0,426.0,426.0,426.0,426.0,edd,0.0,0.0,0.0,0.0
c09_final_150_0024_m0.8,c09_final_150_0024,evalb,m0.8,9,replay,final-empirical,150,0.8,0.95,79,22.2667,13,11,0,0,623.5,0.3544487985777478,0.35444879857774786,<0.5,0.08019246190858059,<0.25,0.0,0.08019246190858059,1.122752810250284,0.4841029228348614,0.09090909090909091,24.0,24.0,24.0,24.0,edd,0.0,0.0,0.0,0.0
c09_final_150_0025_m0.8,c09_final_150_0025,evalb,m0.8,9,replay,final-empirical,150,0.8,0.95,79,16.0,13,13,0,0,727.3648000000001,0.575446835443038,0.575446835443038,0.5-0.8,0.1611983422898661,<0.25,0.1611983422898661,0.0,3.6640625,0.9542824998905747,0.07692307692307693,888.9184,888.9184,888.9184,888.9184,edd,0.0,0.0,0.0,0.0
c09_final_150_0026_m0.8,c09_final_150_0026,evalb,m0.8,9,replay,final-empirical,150,0.8,0.95,79,16.0,13,11,0,0,552.0,0.4367088607594936,0.43670886075949367,<0.5,0.0,<0.25,0.0,0.0,0.7322443181818182,0.2480238982828234,0.0,217.0,217.0,217.0,217.0,edd,0.0,0.0,0.0,0.0
c09_final_150_0027_m0.8,c09_final_150_0027,evalb,m0.8,9,replay,final-empirical,150,0.8,0.95,79,24.0,13,10,0,0,566.3648000000001,0.298715611814346,0.298715611814346,<0.5,0.25666284345354795,0.25-0.5,0.0,0.25666284345354795,1.0094777777777777,0.5906146703635845,0.1,0.0,0.0,0.0,0.0,edd,0.0,0.0,,
c09_final_150_0028_m0.8,c09_final_150_0028,evalb,m0.8,9,replay,final-empirical,150,0.8,0.95,79,14.7167,13,13,0,0,633.5,0.5448903179226424,0.5448903179226424,0.5-0.8,0.0,<0.25,0.0,0.0,0.9883638686291455,0.34115667149394574,0.0,202.0,202.0,202.0,202.0,edd,0.0,0.0,0.0,0.0
c09_final_150_0029_m0.8,c09_final_150_0029,evalb,m0.8,9,replay,final-empirical,150,0.8,0.95,79,24.0,13,13,0,0,568.25,0.2997099156118143,0.29970991561181437,<0.5,0.0,<0.25,0.0,0.0,0.578125,0.38666964041742646,0.0,86.0,86.0,86.0,86.0,edd,0.0,0.0,0.0,0.0
c10_final_150_0000_m0.8,c10_final_150_0000,evalb,m0.8,10,replay,final-empirical,150,0.8,0.95,123,1.0,13,9,0,0,341.00000000000017,2.772357723577237,2.772357723577237,>=1.2,0.9875366568914956,>=0.75,0.9934017595307918,-0.0058651026392961825,8.107142857142858,0.6124164440199676,0.7777777777777778,446.0,446.0,446.0,446.0,edd,0.0,0.0,0.0,0.0
c10_final_150_0001_m0.8,c10_final_150_0001,evalb,m0.8,10,replay,final-empirical,150,0.8,0.95,123,8.0,13,10,0,0,400.93,0.4074491869918699,0.40744918699186994,<0.5,0.07170827825306163,<0.25,0.07170827825306163,0.0,1.796875,0.636643157251836,0.1,0.0,0.0,0.0,0.0,edd,0.0,0.0,,
c10_final_150_0002_m0.8,c10_final_150_0002,evalb,m0.8,10,replay,final-empirical,150,0.8,0.95,123,1.7794,13,8,0,0,438.3648,2.0028894365598706,2.0028894365598706,>=1.2,0.9874533721685683,>=0.75,0.9874533721685683,0.0,3.758289311003709,0.33177818270163845,0.5,0.0,0.0,0.0,0.0,edd,0.0,0.0,,
c10_final_150_0003_m0.8,c10_final_150_0003,evalb,m0.8,10,replay,final-empirical,150,0.8,0.95,123,1.0,13,7,0,0,350.89480000000003,2.8528032520325204,2.8528032520325204,>=1.2,0.995725214508736,>=0.75,0.995725214508736,0.0,6.80405,0.24570899322338652,0.8571428571428571,0.0,0.0,0.0,0.0,edd,0.0,0.0,,
c10_final_150_0004_m0.8,c10_final_150_0004,evalb,m0.8,10,replay,final-empirical,150,0.8,0.95,123,2.0239,13,10,0,0,349.0,1.4019459330914277,1.4019459330914275,>=1.2,0.8904011461318052,>=0.75,0.8904011461318052,0.0,5.960027669351253,0.521610545828802,0.5,34.216800000000006,34.216800000000006,34.216800000000006,34.216800000000006,edd,0.0,0.0,0.0,0.0
c10_final_150_0005_m0.8,c10_final_150_0005,evalb,m0.8,10,replay,final-empirical,150,0.8,0.95,123,1.0,13,7,0,0,125.75,1.022357723577236,1.0223577235772359,1.0-1.2,0.9920477137176938,>=0.75,0.9920477137176938,0.0,2.482142857142857,0.25726885020123474,0.8571428571428571,0.0,0.0,0.0,0.0,edd,0.0,0.0,,
c10_final_150_0006_m0.8,c10_final_150_0006,evalb,m0.8,10,replay,final-empirical,150,0.8,0.95,123,5.9725,13,10,0,0,432.0,0.5880611338553736,0.5880611338553736,0.5-0.8,0.6140046296296297,0.5-0.75,0.6140046296296297,0.0,1.4874723434790407,0.34369164384714074,0.2,80.0,80.0,80.0,80.0,edd,0.0,0.0,0.0,0.0
c10_final_150_0007_m0.8,c10_final_150_0007,evalb,m0.8,10,replay,final-empirical,150,0.8,0.95,123,2.7842,13,9,0,0,375.95,1.0978033420877271,1.0978033420877273,1.0-1.2,0.9521212927250964,>=0.75,0.9521212927250964,0.0,2.555876527753548,0.33473045381559297,0.6666666666666666,0.0,0.0,0.0,0.0,edd,0.0,0.0,,
c10_final_150_0008_m0.8,c10_final_150_0008,evalb,m0.8,10,replay,final-empirical,150,0.8,0.95,123,2.1494,13,9,0,0,277.25,1.048695003559322,1.0486950035593219,1.0-1.2,0.9377817853922452,>=0.75,0.9377817853922452,0.0,3.1985670419651995,0.3681186334076419,0.6666666666666666,0.0,0.0,0.0,0.0,edd,0.0,0.0,,
c10_final_150_0009_m0.8,c10_final_150_0009,evalb,m0.8,10,replay,final-empirical,150,0.8,0.95,123,1.0,13,5,0,0,36.919999999999966,0.300162601626016,0.300162601626016,<0.5,0.0,<0.25,0.0,0.0,0.9187500000000001,0.5437759794903017,0.0,0.0,0.0,0.0,0.0,edd,0.0,0.0,,
c10_final_150_0010_m0.8,c10_final_150_0010,evalb,m0.8,10,replay,final-empirical,150,0.8,0.95,123,1.0,13,4,0,0,117.41999999999996,0.954634146341463,0.954634146341463,0.8-1.0,0.8666326009197752,>=0.75,0.8666326009197752,0.0,2.5625,0.2627716545944451,0.5,0.0,0.0,0.0,0.0,edd,0.0,0.0,,
c10_final_150_0011_m0.8,c10_final_150_0011,evalb,m0.8,10,replay,final-empirical,150,0.8,0.95,123,1.0,13,7,0,0,216.47999999999988,1.759999999999999,1.759999999999999,>=1.2,0.9538063562453807,>=0.75,0.9538063562453807,0.0,5.348214285714286,0.4085510262617699,0.42857142857142855,84.0,84.0,84.0,84.0,edd,0.0,0.0,0.0,0.0
c10_final_150_0012_m0.8,c10_final_150_0012,evalb,m0.8,10,replay,final-empirical,150,0.8,0.95,123,6.59,13,8,0,0,405.8648,0.5007152991105025,0.5007152991105025,0.5-0.8,0.08931545677279724,<0.25,0.08931545677279724,0.0,1.8335862417804756,0.5710614586166627,0.125,0.0,0.0,0.0,0.0,edd,0.0,0.0,,
c10_final_150_0013_m0.8,c10_final_150_0013,evalb,m0.8,10,replay,final-empirical,150,0.8,0.95,123,4.9642,13,11,0,0,1267.5332000000003,2.0758929872848952,2.0758929872848952,>=1.2,0.7393639866790077,0.5-0.75,0.7393639866790077,0.0,14.792393537730149,0.7605410863819686,0.2727272727272727,1055.9184,1055.9184,1055.9184,1055.9184,edd,0.0,0.0,0.0,0.0
c10_final_150_0014_m0.8,c10_final_150_0014,evalb,m0.8,10,replay,final-empirical,150,0.8,0.95,123,1.0,13,4,0,0,128.04000000000002,1.0409756097560978,1.0409756097560978,1.0-1.2,0.92970946579194,>=0.75,0.92970946579194,0.0,4.6875,0.3919418619547911,0.75,0.0,0.0,0.0,0.0,edd,0.0,0.0,,
c10_final_150_0015_m0.8,c10_final_150_0015,evalb,m0.8,10,replay,final-empirical,150,0.8,0.95,123,1.0,13,6,0,0,142.80999999999992,1.161056910569105,1.161056910569105,1.0-1.2,0.9054688047055528,>=0.75,0.9194734262306561,-0.014004621525103289,2.4910714285714284,0.3195621466135288,0.5,6.0,6.0,6.0,6.0,edd,0.0,0.0,0.0,0.0
c10_final_150_0016_m0.8,c10_final_150_0016,evalb,m0.8,10,replay,final-empirical,150,0.8,0.95,123,5.4497,13,9,0,0,334.54000000000025,0.4990802059515177,0.4990802059515177,<0.5,0.08444431159203683,<0.25,0.08444431159203683,0.0,1.295942895939226,0.2989797060804745,0.1111111111111111,52.0,52.0,52.0,52.0,edd,0.0,0.0,0.0,0.0
c10_final_150_0017_m0.8,c10_final_150_0017,evalb,m0.8,10,replay,final-empirical,150,0.8,0.95,123,16.0,13,11,0,0,545.5047999999999,0.2771873983739837,0.2771873983739837,<0.5,0.0,<0.25,0.0,0.0,0.7978703125000001,0.5119255214418145,0.0,0.0,0.0,0.0,0.0,edd,0.0,0.0,,
c10_final_150_0018_m0.8,c10_final_150_0018,evalb,m0.8,10,replay,final-empirical,150,0.8,0.95,123,2.0367,13,8,0,0,202.29999999999993,0.8075393760271374,0.8075393760271374,0.8-1.0,0.5968858131487889,0.5-0.75,0.5968858131487889,0.0,9.75843275887465,0.9041635775531177,0.375,0.0,0.0,0.0,0.0,edd,0.0,0.0,,
c10_final_150_0019_m0.8,c10_final_150_0019,evalb,m0.8,10,replay,final-empirical,150,0.8,0.95,123,1.0,13,5,0,0,134.66000000000003,1.0947967479674798,1.0947967479674798,1.0-1.2,0.8113025397296896,>=0.75,0.8113025397296896,0.0,3.5714285714285716,0.35357740018364564,0.4,0.0,0.0,0.0,0.0,edd,0.0,0.0,,
c10_final_150_0020_m0.8,c10_final_150_0020,evalb,m0.8,10,replay,final-empirical,150,0.8,0.95,123,1.0,13,8,0,0,268.6148,2.183860162601626,2.183860162601626,>=1.2,0.9906929923444278,>=0.75,0.9906929923444278,0.0,6.718385714285715,0.4139589546706222,0.75,307.4592,307.4592,307.4592,307.4592,edd,0.0,0.0,0.0,0.0
c10_final_150_0021_m0.8,c10_final_150_0021,evalb,m0.8,10,replay,final-empirical,150,0.8,0.95,123,6.2275,13,10,0,0,459.5,0.5998831565995307,0.5998831565995307,0.5-0.8,0.060935799782372145,<0.25,0.060935799782372145,0.0,1.1240465676435167,0.3141670278685976,0.1,151.0,151.0,151.0,151.0,edd,0.0,0.0,0.0,0.0
c10_final_150_0022_m0.8,c10_final_150_0022,evalb,m0.8,10,replay,final-empirical,150,0.8,0.95,123,6.2939,13,8,0,0,289.2047999999993,0.3735773584876404,0.37357735848764045,<0.5,0.0,<0.25,0.0,0.0,0.6786332798423871,0.28852052102469594,0.0,8.0,8.0,8.0,8.0,edd,0.0,0.0,0.0,0.0
c10_final_150_0023_m0.8,c10_final_150_0023,evalb,m0.8,10,replay,final-empirical,150,0.8,0.95,123,1.3283,13,10,0,0,225.25,1.378680127236415,1.378680127236415,>=1.2,0.8568257491675916,>=0.75,0.8568257491675916,0.0,3.784375302481152,0.45064295246953806,0.5,0.0,0.0,0.0,0.0,edd,0.0,0.0,,
c10_final_150_0024_m0.8,c10_final_150_0024,evalb,m0.8,10,replay,final-empirical,150,0.8,0.95,123,1.0,13,6,0,0,139.5,1.1341463414634143,1.1341463414634145,1.0-1.2,0.953405017921147,>=0.75,0.953405017921147,0.0,3.1160714285714284,0.2658305702910804,0.6666666666666666,0.0,0.0,0.0,0.0,edd,0.0,0.0,,
c10_final_150_0025_m0.8,c10_final_150_0025,evalb,m0.8,10,replay,final-empirical,150,0.8,0.95,123,8.0,13,12,0,0,1437.063999999999,1.460430894308942,1.460430894308942,>=1.2,0.708360379217627,0.5-0.75,0.708360379217627,0.0,11.3581,0.992292853542058,0.16666666666666666,0.0,0.0,0.0,0.0,edd,0.0,0.0,,
c10_final_150_0026_m0.8,c10_final_150_0026,evalb,m0.8,10,replay,final-empirical,150,0.8,0.95,123,8.0,13,10,0,0,986.1848,1.002220325203252,1.002220325203252,1.0-1.2,0.9105137292726475,>=0.75,0.9105137292726475,0.0,4.484375,0.6762535731473089,0.5,104.0,104.0,104.0,104.0,edd,0.0,0.0,0.0,0.0
c10_final_150_0027_m0.8,c10_final_150_0027,evalb,m0.8,10,replay,final-empirical,150,0.8,0.95,123,1.0,13,6,0,0,159.5,1.2967479674796747,1.2967479674796747,>=1.2,0.7382445141065831,0.5-0.75,0.7382445141065831,0.0,4.098214285714286,0.47705928784757295,0.3333333333333333,0.0,0.0,0.0,0.0,edd,0.0,0.0,,
c10_final_150_0028_m0.8,c10_final_150_0028,evalb,m0.8,10,replay,final-empirical,150,0.8,0.95,123,1.0,13,9,0,0,376.65,3.06219512195122,3.0621951219512193,>=1.2,0.970131421744325,>=0.75,0.970131421744325,0.0,12.537500000000005,0.3772064969286313,0.6666666666666666,0.0,0.0,0.0,0.0,edd,0.0,0.0,,
c10_final_150_0029_m0.8,c10_final_150_0029,evalb,m0.8,10,replay,final-empirical,150,0.8,0.95,123,3.235,13,9,0,0,593.5944,1.4917992988276096,1.4917992988276096,>=1.2,0.8930245972670902,>=0.75,0.8930245972670902,0.0,2.4677557167201685,0.32393474759378,0.4444444444444444,0.0,0.0,0.0,0.0,edd,0.0,0.0,,
c10_final_400_0000_m0.8,c10_final_400_0000,evalb,m0.8,10,replay,final-empirical,400,0.8,0.95,123,1.0,13,10,0,0,448.3799999999993,3.645365853658531,3.645365853658531,>=1.2,0.9860609304607699,>=0.75,0.9905214327133235,-0.0044605022525535665,8.428571428571429,0.4517962931409467,0.7,446.0,446.0,446.0,446.0,edd,0.0,0.0,0.0,0.0
c10_final_400_0001_m0.8,c10_final_400_0001,evalb,m0.8,10,replay,final-empirical,400,0.8,0.95,123,13.4756,13,10,0,0,965.3648000000001,0.5824226237750519,0.5824226237750519,0.5-0.8,0.112910684126871,<0.25,0.0820933185050874,0.030817365621783596,1.4702499332126213,0.4194321412385895,0.2,0.0,0.0,0.0,0.0,edd,0.0,0.0,,
c10_final_400_0002_m0.8,c10_final_400_0002,evalb,m0.8,10,replay,final-empirical,400,0.8,0.95,123,1.7894,13,10,0,0,649.4347999999989,2.950686109074118,2.950686109074118,>=1.2,0.9876815963665637,>=0.75,0.9876815963665637,0.0,15.275138780224284,0.7638529584088743,0.6,0.0,0.0,0.0,0.0,edd,0.0,0.0,,
c10_final_400_0003_m0.8,c10_final_400_0003,evalb,m0.8,10,replay,final-empirical,400,0.8,0.95,123,1.3256,13,8,0,0,671.6148000000002,4.119102992478327,4.119102992478327,>=1.2,0.9977665769128375,>=0.75,0.9977665769128375,0.0,8.156683765841883,0.329016718606284,0.875,0.0,0.0,0.0,0.0,edd,0.0,0.0,,
c10_final_400_0004_m0.8,c10_final_400_0004,evalb,m0.8,10,replay,final-empirical,400,0.8,0.95,123,12.9522,13,13,0,0,1034.2296000000001,0.6491847509849538,0.6491847509849538,0.5-0.8,0.3438451191108821,0.25-0.5,0.3438451191108821,0.0,1.9880792452247495,0.5156903418173344,0.15384615384615385,84.51840000000001,84.51840000000001,90.61520000000002,84.51840000000001,edd,0.0,-6.096800000000002,0.0,-0.07213577161896109
c10_final_400_0005_m0.8,c10_final_400_0005,evalb,m0.8,10,replay,final-empirical,400,0.8,0.95,123,5.9825,13,11,0,0,544.199999999999,0.7395554105979827,0.7395554105979827,0.5-0.8,0.8552921719955897,>=0.75,0.8552921719955897,0.0,1.9625693988418602,0.37503798446253084,0.36363636363636365,80.0,80.0,80.0,80.0,edd,0.0,0.0,0.0,0.0
c10_final_400_0006_m0.8,c10_final_400_0006,evalb,m0.8,10,replay,final-empirical,400,0.8,0.95,123,15.1039,13,12,0,0,1038.0647999999999,0.5587663596496398,0.5587663596496398,0.5-0.8,0.4424097609320728,0.25-0.5,0.4424097609320728,0.0,1.0859305023395094,0.39193047872594783,0.08333333333333333,199.56,199.56,199.56,199.3632,lpt,0.0,0.0,0.0,0.0
c10_final_400_0007_m0.8,c10_final_400_0007,evalb,m0.8,10,replay,final-empirical,400,0.8,0.95,123,14.5336,13,11,0,0,684.0,0.3826289157370574,0.3826289157370574,<0.5,0.08881578947368421,<0.25,0.08881578947368421,0.0,1.0449922937193814,0.3300964871857756,0.09090909090909091,0.0,0.0,0.0,0.0,edd,0.0,0.0,,
c10_final_400_0008_m0.8,c10_final_400_0008,evalb,m0.8,10,replay,final-empirical,400,0.8,0.95,123,1.0,13,5,0,0,100.41999999999993,0.8164227642276417,0.8164227642276417,0.8-1.0,0.6546504680342559,0.5-0.75,0.654650468034256,-1.1102230246251565e-16,2.793749999999996,0.5420228924192829,0.4,0.0,0.0,0.0,0.0,edd,0.0,0.0,,
c10_final_400_0009_m0.8,c10_final_400_0009,evalb,m0.8,10,replay,final-empirical,400,0.8,0.95,123,1.0,13,7,0,0,380.02999999999975,3.0896747967479654,3.0896747967479654,>=1.2,0.9276372917927532,>=0.75,0.9276372917927532,0.0,6.133928571428571,0.28962134873158657,0.7142857142857143,0.0,0.0,0.0,0.0,edd,0.0,0.0,,
c10_final_400_0010_m0.8,c10_final_400_0010,evalb,m0.8,10,replay,final-empirical,400,0.8,0.95,123,2.2789,13,9,0,0,1202.979199999996,4.291684013860616,4.291684013860616,>=1.2,0.9916873043191436,>=0.75,0.9916873043191436,0.0,34.252226951599454,1.1233265087594542,0.7777777777777778,84.0,84.0,84.0,84.0,edd,0.0,0.0,0.0,0.0
c10_final_400_0011_m0.8,c10_final_400_0011,evalb,m0.8,10,replay,final-empirical,400,0.8,0.95,123,9.2864,13,10,0,0,766.0948000000005,0.6707026412958828,0.6707026412958828,0.5-0.8,0.7120528686528089,0.5-0.75,0.5420347455693473,0.17001812308346165,2.072923845623708,0.45555529278727747,0.4,0.0,0.0,0.0,0.0,edd,0.0,0.0,,
c10_final_400_0012_m0.8,c10_final_400_0012,evalb,m0.8,10,replay,final-empirical,400,0.8,0.95,123,4.9789,13,11,0,0,1749.2832000000003,2.856417006597108,2.856417006597108,>=1.2,0.8661652955907883,>=0.75,0.8661652955907883,0.0,14.899355279278554,0.5420332667738426,0.45454545454545453,1170.6796,1170.6796,1170.6796,1170.6796,edd,0.0,0.0,0.0,0.0
c10_final_400_0013_m0.8,c10_final_400_0013,evalb,m0.8,10,replay,final-empirical,400,0.8,0.95,123,1.0,13,4,0,0,369.91999999999996,3.007479674796748,3.007479674796748,>=1.2,1.0,>=0.75,1.0,0.0,12.125,0.36879007176746953,1.0,0.0,0.0,0.0,0.0,edd,0.0,0.0,,
c10_final_400_0014_m0.8,c10_final_400_0014,evalb,m0.8,10,replay,final-empirical,400,0.8,0.95,123,1.0,13,9,0,0,287.45000000000067,2.3369918699187044,2.3369918699187044,>=1.2,0.928683249260741,>=0.75,0.9425987128196208,-0.013915463558879848,4.5781249999999964,0.273615067353883,0.5555555555555556,6.0,6.0,6.0,6.0,edd,0.0,0.0,0.0,0.0
c10_final_400_0015_m0.8,c10_final_400_0015,evalb,m0.8,10,replay,final-empirical,400,0.8,0.95,123,5.4594,13,9,0,0,356.5700000000004,0.5310003094535842,0.5310003094535842,0.5-0.8,0.347252993802058,0.25-0.5,0.347252993802058,0.0,1.2936403267758363,0.2988005151448177,0.2222222222222222,52.0,52.0,52.0,52.0,edd,0.0,0.0,0.0,0.0
c10_final_400_0016_m0.8,c10_final_400_0016,evalb,m0.8,10,replay,final-empirical,400,0.8,0.95,123,16.0,13,11,0,0,651.7948000000001,0.3311965447154472,0.33119654471544724,<0.5,0.0,<0.25,0.0,0.0,0.9172843750000008,0.49085440458208995,0.0,0.0,0.0,0.0,0.0,edd,0.0,0.0,,
c10_final_400_0017_m0.8,c10_final_400_0017,evalb,m0.8,10,replay,final-empirical,400,0.8,0.95,123,5.0403,13,11,0,0,406.25,0.6552874885334771,0.6552874885334771,0.5-0.8,0.6264615384615386,0.5-0.75,0.6264615384615386,0.0,5.28242366525802,0.9865707916443285,0.36363636363636365,0.0,0.0,0.0,0.0,edd,0.0,0.0,,
c10_final_400_0018_m0.8,c10_final_400_0018,evalb,m0.8,10,replay,final-empirical,400,0.8,0.95,123,1.0,13,7,0,0,324.5499999999989,2.6386178861788525,2.6386178861788525,>=1.2,0.9876752426436605,>=0.75,0.9876752426436605,0.0,7.410714285714286,0.289256115836466,0.7142857142857143,209.0,209.0,209.0,209.0,edd,0.0,0.0,0.0,0.0
c10_final_400_0019_m0.8,c10_final_400_0019,evalb,m0.8,10,replay,final-empirical,400,0.8,0.95,123,3.2467,13,12,0,0,876.7296000000001,2.195423946416136,2.195423946416136,>=1.2,0.9338450532524509,>=0.75,0.9338450532524509,0.0,12.063531175244607,0.8915157623144139,0.6666666666666666,341.4544,341.4544,341.4544,341.4544,edd,0.0,0.0,0.0,0.0
c10_final_400_0020_m0.8,c10_final_400_0020,evalb,m0.8,10,replay,final-empirical,400,0.8,0.95,123,8.0,13,11,0,0,882.25,0.8965955284552846,0.8965955284552846,0.8-1.0,0.7296684613204873,0.5-0.75,0.7449702465287616,-0.015301785208274299,1.3660714285714286,0.3026431595370155,0.36363636363636365,161.0,161.0,161.0,161.0,edd,0.0,0.0,0.0,0.0
c10_final_400_0021_m0.8,c10_final_400_0021,evalb,m0.8,10,replay,final-empirical,400,0.8,0.95,123,6.7522,13,11,0,0,1265.2092000000005,1.5233929176470762,1.5233929176470762,>=1.2,0.893298278261018,>=0.75,0.9146386226088145,-0.021340344347796414,6.839607831521578,0.6573625469714636,0.45454545454545453,0.814399999999992,0.814399999999992,0.814399999999992,0.0656000000000034,random,0.0,0.0,0.0,0.0
c10_final_400_0022_m0.8,c10_final_400_0022,evalb,m0.8,10,replay,final-empirical,400,0.8,0.95,123,12.35,13,12,0,0,1667.323999999989,1.097609690266936,1.097609690266936,1.0-1.2,0.66106479604444,0.5-0.75,0.66106479604444,0.0,7.357473684210527,0.9576173630110286,0.25,0.0,0.0,0.0,0.0,edd,0.0,0.0,,
c10_final_400_0023_m0.8,c10_final_400_0023,evalb,m0.8,10,replay,final-empirical,400,0.8,0.95,123,20.7806,13,13,0,0,2063.6948,0.8073879726314467,0.8073879726314467,0.8-1.0,0.36770456561697,0.25-0.5,0.36770456561697,0.0,1.7724865178740428,0.39205545186297136,0.38461538461538464,124.0,124.0,124.0,124.0,edd,0.0,0.0,0.0,0.0
c10_final_400_0024_m0.8,c10_final_400_0024,evalb,m0.8,10,replay,final-empirical,400,0.8,0.95,123,1.0,13,7,0,0,385.75,3.136178861788618,3.136178861788618,>=1.2,1.0,>=0.75,1.0,0.0,9.223214285714286,0.5100117481703792,1.0,0.0,0.0,0.0,0.0,edd,0.0,0.0,,
c10_final_400_0025_m0.8,c10_final_400_0025,evalb,m0.8,10,replay,final-empirical,400,0.8,0.95,123,3.445,13,9,0,0,604.5,1.426599171652094,1.426599171652094,>=1.2,0.9358974358974359,>=0.75,0.9358974358974359,0.0,8.599419448476057,0.5764467534567796,0.3333333333333333,0.0,0.0,0.0,0.0,edd,0.0,0.0,,
c10_final_400_0026_m0.8,c10_final_400_0026,evalb,m0.8,10,replay,final-empirical,400,0.8,0.95,123,8.0,13,9,0,0,975.8692000000005,0.9917369918699191,0.9917369918699193,0.8-1.0,0.7445866720662975,0.5-0.75,0.7445866720662975,0.0,1.8828125,0.24622606262361887,0.4444444444444444,117.0,117.0,117.0,117.0,edd,0.0,0.0,0.0,0.0
c10_final_400_0027_m0.8,c10_final_400_0027,evalb,m0.8,10,replay,final-empirical,400,0.8,0.95,123,2.9261,13,9,0,0,352.3847999999977,0.9790906234136608,0.9790906234136608,0.8-1.0,0.6094757776158336,0.5-0.75,0.6094757776158336,0.0,1.7636834987574879,0.35702582389262827,0.3333333333333333,0.0,0.0,0.0,0.0,edd,0.0,0.0,,
c10_final_400_0028_m0.8,c10_final_400_0028,evalb,m0.8,10,replay,final-empirical,400,0.8,0.95,123,11.0214,13,12,0,0,795.1148000000003,0.5865269355508081,0.5865269355508081,0.5-0.8,0.43735822801940044,0.25-0.5,0.43735822801940044,0.0,1.1268661746368753,0.4061631105351997,0.08333333333333333,0.0,0.0,0.0,0.0,edd,0.0,0.0,,
c10_final_400_0029_m0.8,c10_final_400_0029,evalb,m0.8,10,replay,final-empirical,400,0.8,0.95,123,9.6061,13,8,0,0,747.8443999999982,0.6329348822475,0.6329348822475,0.5-0.8,0.0,<0.25,0.0,0.0,0.9358220297519285,0.23587029801123233,0.0,0.0,0.0,0.0,0.0,edd,0.0,0.0,,
c12_final_150_0000_m0.8,c12_final_150_0000,evalb,m0.8,12,replay,final-empirical,150,0.8,0.95,147,6.4425,13,11,0,0,1028.9944,1.0865288171923797,1.0865288171923795,1.0-1.2,0.7540173202108778,>=0.75,0.7540173202108776,1.1102230246251565e-16,2.1589971486899158,0.3661981936882192,0.5454545454545454,354.0,354.0,354.0,354.0,edd,0.0,0.0,0.0,0.0
c12_final_150_0001_m0.8,c12_final_150_0001,evalb,m0.8,12,replay,final-empirical,150,0.8,0.95,147,16.0,13,10,0,0,475.6148,0.2022171768707483,0.2022171768707483,<0.5,0.0,<0.25,0.0,0.0,0.4873777777777778,0.4328386761333379,0.0,1058.9184,1058.9184,1058.9184,1058.9184,edd,0.0,0.0,0.0,0.0
c12_final_150_0002_m0.8,c12_final_150_0002,evalb,m0.8,12,replay,final-empirical,150,0.8,0.95,147,12.2778,13,13,0,0,1329.2796,0.7365096651962844,0.7365096651962844,0.5-0.8,0.3226671047987195,0.25-0.5,0.3226671047987195,0.0,4.185939934950344,0.9634824784268244,0.15384615384615385,2393.8368,2393.8368,2393.8368,2393.8368,edd,0.0,0.0,0.0,0.0
c12_final_150_0003_m0.8,c12_final_150_0003,evalb,m0.8,12,replay,final-empirical,150,0.8,0.95,147,10.5492,13,12,0,0,1112.711,0.7175390157579734,0.7175390157579734,0.5-0.8,0.44072036674392545,0.25-0.5,0.4407203667439254,5.551115123125783e-17,2.351144248766817,0.6227332739319518,0.25,1020.0,1020.0,1020.0,1020.0,edd,0.0,0.0,0.0,0.0
c12_final_150_0004_m0.8,c12_final_150_0004,evalb,m0.8,12,replay,final-empirical,150,0.8,0.95,147,5.5939,13,11,0,0,587.45,0.7143957710007975,0.7143957710007975,0.5-0.8,0.3708400714954464,0.25-0.5,0.37084007149544645,-5.551115123125783e-17,1.6719601311746328,0.4629171323137494,0.18181818181818182,345.0,345.0,345.0,345.0,edd,0.0,0.0,0.0,0.0
c12_final_150_0005_m0.8,c12_final_150_0005,evalb,m0.8,12,replay,final-empirical,150,0.8,0.95,147,8.7239,13,13,0,0,572.25,0.4462289965333328,0.44622899653333287,<0.5,0.11882918304936653,<0.25,0.11882918304936653,0.0,1.2991131642193667,0.4303376435326364,0.07692307692307693,192.0,192.0,192.0,192.0,edd,0.0,0.0,0.0,0.0
c12_final_150_0006_m0.8,c12_final_150_0006,evalb,m0.8,12,replay,final-empirical,150,0.8,0.95,147,16.5456,13,12,0,0,993.7296000000001,0.4085717838049058,0.40857178380490583,<0.5,0.6100548881707861,0.5-0.75,0.6100548881707861,0.0,1.0776449541232218,0.42920085493443005,0.08333333333333333,1098.9184,1098.9184,1098.9184,1098.9184,edd,0.0,0.0,0.0,0.0
c12_final_150_0007_m0.8,c12_final_150_0007,evalb,m0.8,12,replay,final-empirical,150,0.8,0.95,147,7.5394,13,12,0,0,623.8000000000002,0.5628481596633668,0.5628481596633668,0.5-0.8,0.10820775889708241,<0.25,0.10820775889708238,2.7755575615628914e-17,1.7905934159216916,0.5344772467730858,0.08333333333333333,60.0,60.0,60.0,60.0,edd,0.0,0.0,0.0,0.0
c12_final_150_0008_m0.8,c12_final_150_0008,evalb,m0.8,12,replay,final-empirical,150,0.8,0.95,147,10.6686,13,12,0,0,922.1648,0.5880087295402198,0.5880087295402198,0.5-0.8,0.0,<0.25,0.0,0.0,0.943135306725656,0.25509975454318773,0.0,926.0,926.0,926.0,926.0,edd,0.0,0.0,0.0,0.0
c12_final_150_0009_m0.8,c12_final_150_0009,evalb,m0.8,12,replay,final-empirical,150,0.8,0.95,147,16.0,13,12,0,0,765.3000000000001,0.3253826530612245,0.3253826530612245,<0.5,0.0,<0.25,0.0,0.0,0.9321180555555555,0.5935599616395795,0.0,276.8,276.8,276.8,276.8,edd,0.0,0.0,0.0,0.0
c12_final_150_0010_m0.8,c12_final_150_0010,evalb,m0.8,12,replay,final-empirical,150,0.8,0.95,147,9.02,13,11,0,0,1091.1148,0.8228990753729432,0.8228990753729432,0.8-1.0,0.6462333752598719,0.5-0.75,0.6462333752598719,0.0,2.0595239337420113,0.49189298103945284,0.18181818181818182,1026.4,1026.4,1026.4,1026.4,edd,0.0,0.0,0.0,0.0
c12_final_150_0011_m0.8,c12_final_150_0011,evalb,m0.8,12,replay,final-empirical,150,0.8,0.95,147,9.5369,13,12,0,0,956.4833000000001,0.6822645844715012,0.6822645844715012,0.5-0.8,0.5350328646616203,0.5-0.75,0.5350328646616203,0.0,2.044689574180289,0.5726414754472728,0.25,614.0,614.0,614.0,614.0,edd,0.0,0.0,0.0,0.0
c12_final_150_0012_m0.8,c12_final_150_0012,evalb,m0.8,12,replay,final-empirical,150,0.8,0.95,147,5.6297,13,12,0,0,685.3648000000001,0.8281694545413243,0.8281694545413243,0.8-1.0,0.6909674964340158,0.5-0.75,0.6909674964340158,0.0,1.7466886927071308,0.40683849165955527,0.3333333333333333,579.4592,579.4592,579.4592,579.4592,edd,0.0,0.0,0.0,0.0
c12_final_150_0013_m0.8,c12_final_150_0013,evalb,m0.8,12,replay,final-empirical,150,0.8,0.95,147,5.5775,13,13,0,0,830.05,1.0123888192659405,1.0123888192659405,1.0-1.2,0.6830913800373472,0.5-0.75,0.6830913800373472,0.0,6.329000448229493,1.0386106290741124,0.3076923076923077,1188.9488,1188.9488,1236.9488,1188.9488,edd,0.0,-48.0,0.0,-0.04037179733896027
c12_final_150_0014_m0.8,c12_final_150_0014,evalb,m0.8,12,replay,final-empirical,150,0.8,0.95,147,8.0,13,12,0,0,955.4944,0.8124952380952382,0.8124952380952382,0.8-1.0,0.3676785546833137,0.25-0.5,0.649448494936234,-0.28176994025292035,3.171875,0.6177775969243023,0.3333333333333333,407.0,407.0,407.0,407.0,edd,0.0,0.0,0.0,0.0
c12_final_150_0015_m0.8,c12_final_150_0015,evalb,m0.8,12,replay,final-empirical,150,0.8,0.95,147,24.0,13,11,0,0,1261.3148,0.3575155328798186,0.35751553287981863,<0.5,0.23209907629720988,<0.25,0.23209907629720986,2.7755575615628914e-17,1.5247395833333333,0.7448943124749922,0.09090909090909091,520.0,520.0,520.0,520.0,edd,0.0,0.0,0.0,0.0
c12_final_150_0016_m0.8,c12_final_150_0016,evalb,m0.8,12,replay,final-empirical,150,0.8,0.95,147,11.0431,13,11,0,0,764.8000000000001,0.4711286765885824,0.47112867658858243,<0.5,0.0,<0.25,0.07126046025104602,-0.07126046025104602,0.9870416821363566,0.36492288421202507,0.0,293.2,293.2,293.2,293.2,edd,0.0,0.0,0.0,0.0
c12_final_150_0017_m0.8,c12_final_150_0017,evalb,m0.8,12,replay,final-empirical,150,0.8,0.95,147,16.0,13,11,0,0,788.6,0.3352891156462585,0.3352891156462585,<0.5,0.0,<0.25,0.0,0.0,0.9215625,0.48003079124266096,0.0,434.0,434.0,434.0,434.0,edd,0.0,0.0,0.0,0.0
c12_final_150_0018_m0.8,c12_final_150_0018,evalb,m0.8,12,replay,final-empirical,150,0.8,0.95,147,8.6172,13,11,0,0,777.0648000000001,0.6134423132851526,0.6134423132851526,0.5-0.8,0.46278611513479956,0.25-0.5,0.4627861151347995,5.551115123125783e-17,1.2803652736809679,0.372835638812175,0.18181818181818182,193.72960000000003,193.72960000000003,193.72960000000003,193.72960000000003,edd,0.0,0.0,0.0,0.0
c12_final_150_0019_m0.8,c12_final_150_0019,evalb,m0.8,12,replay,final-empirical,150,0.8,0.95,147,7.6922,13,12,0,0,787.9148,0.696805156632737,0.696805156632737,0.5-0.8,0.46053811909612563,0.25-0.5,0.46053811909612563,0.0,1.3812693377707288,0.32781372183939306,0.16666666666666666,56.0,56.0,56.0,56.0,edd,0.0,0.0,0.0,0.0
c12_final_150_0020_m0.8,c12_final_150_0020,evalb,m0.8,12,replay,final-empirical,150,0.8,0.95,147,8.0,13,11,0,0,1147.974,0.9761683673469388,0.9761683673469387,0.8-1.0,0.6420650641913493,0.5-0.75,0.6420650641913493,0.0,2.5701,0.47554760597982937,0.18181818181818182,835.648,835.648,835.648,835.648,edd,0.0,0.0,0.0,0.0
c12_final_150_0021_m0.8,c12_final_150_0021,evalb,m0.8,12,replay,final-empirical,150,0.8,0.95,147,8.0,13,8,0,0,313.09999999999997,0.2662414965986394,0.26624149659863944,<0.5,0.0,<0.25,0.0,0.0,0.8958333333333334,0.4424550745963415,0.0,166.0,166.0,166.0,166.0,edd,0.0,0.0,0.0,0.0
c12_final_150_0022_m0.8,c12_final_150_0022,evalb,m0.8,12,replay,final-empirical,150,0.8,0.95,147,8.0,13,11,0,0,765.3148,0.6507778911564626,0.6507778911564626,0.5-0.8,0.6396907520931256,0.5-0.75,0.6396907520931256,0.0,1.1875,0.2936287396707616,0.2727272727272727,176.0,176.0,176.0,176.0,edd,0.0,0.0,0.0,0.0
c12_final_150_0023_m0.8,c12_final_150_0023,evalb,m0.8,12,replay,final-empirical,150,0.8,0.95,147,16.4519,13,11,0,0,939.3148,0.3883987015870176,0.38839870158701767,<0.5,0.12163121458322598,<0.25,0.12163121458322598,0.0,1.7361216637592012,0.6533788995999065,0.09090909090909091,322.0,322.0,322.0,322.0,edd,0.0,0.0,0.0,0.0
c12_final_150_0024_m0.8,c12_final_150_0024,evalb,m0.8,12,replay,final-empirical,150,0.8,0.95,147,8.0,13,13,0,0,966.2796000000001,0.8216663265306123,0.8216663265306123,0.8-1.0,0.6747835719599172,0.5-0.75,0.6747835719599172,0.0,2.9654833333333332,0.6166278712706482,0.3076923076923077,113.08240000000002,113.08240000000002,113.08240000000002,113.08240000000002,edd,0.0,0.0,0.0,0.0
c12_final_150_0025_m0.8,c12_final_150_0025,evalb,m0.8,12,replay,final-empirical,150,0.8,0.95,147,8.4475,13,13,0,0,978.9648000000001,0.7883544823670813,0.7883544823670813,0.5-0.8,0.5058555731523748,0.5-0.75,0.5058555731523748,0.0,1.899970405445398,0.4203385334061109,0.3076923076923077,1769.9184,1769.9184,1769.9184,1769.9184,edd,0.0,0.0,0.0,0.0
c12_final_150_0026_m0.8,c12_final_150_0026,evalb,m0.8,12,replay,final-empirical,150,0.8,0.95,147,3.4117,13,10,0,0,841.8944,1.6786859305084405,1.6786859305084405,>=1.2,0.8847836498259164,>=0.75,0.8847836498259164,0.0,7.427733974265029,0.6761907063362345,0.8,1550.502,1550.502,1550.502,1550.502,edd,0.0,0.0,0.0,0.0
c12_final_150_0027_m0.8,c12_final_150_0027,evalb,m0.8,12,replay,final-empirical,150,0.8,0.95,147,16.4028,13,11,0,0,366.0,0.1517909087696824,0.15179090876968243,<0.5,0.0,<0.25,0.0,0.0,0.24072288949232484,0.2907920721425853,0.0,100.00000000000004,100.00000000000004,100.00000000000004,100.00000000000004,edd,0.0,0.0,0.0,0.0
c12_final_150_0028_m0.8,c12_final_150_0028,evalb,m0.8,12,replay,final-empirical,150,0.8,0.95,147,8.0,13,11,0,0,800.4333000000001,0.6806405612244899,0.6806405612244899,0.5-0.8,0.7487610772815174,0.5-0.75,0.7487610772815174,0.0,1.542245138888889,0.344324076258695,0.2727272727272727,8.0,8.0,8.0,8.0,edd,0.0,0.0,0.0,0.0
c12_final_150_0029_m0.8,c12_final_150_0029,evalb,m0.8,12,replay,final-empirical,150,0.8,0.95,147,8.0,13,13,0,0,1018.3611000000003,0.8659533163265308,0.8659533163265308,0.8-1.0,0.4796722891320181,0.25-0.5,0.4796722891320181,0.0,3.54265,0.6523443495890572,0.3076923076923077,21.729600000000005,21.729600000000005,21.729600000000005,21.729600000000005,edd,0.0,0.0,0.0,0.0
c12_final_400_0000_m0.8,c12_final_400_0000,evalb,m0.8,12,replay,final-empirical,400,0.8,0.95,147,25.3814,13,13,0,0,2734.3592000000003,0.7328627653792652,0.7328627653792652,0.5-0.8,0.23777051676312316,<0.25,0.23777051676312316,0.0,2.328655844616351,0.7077320197576121,0.07692307692307693,1961.1776,1961.1776,1961.1776,1961.1776,edd,0.0,0.0,0.0,0.0
c12_final_400_0001_m0.8,c12_final_400_0001,evalb,m0.8,12,replay,final-empirical,400,0.8,0.95,147,23.4031,13,13,0,0,2938.0388000000003,0.8540175661942804,0.8540175661942804,0.8-1.0,0.6427158143724991,0.5-0.75,0.642715814372499,1.1102230246251565e-16,2.0900205528327445,0.3822336072390181,0.46153846153846156,1954.668,1954.668,1954.668,1954.668,edd,0.0,0.0,0.0,0.0
c12_final_400_0002_m0.8,c12_final_400_0002,evalb,m0.8,12,replay,final-empirical,400,0.8,0.95,147,32.0,13,13,0,0,2732.8683999999994,0.5809669217687073,0.5809669217687073,0.5-0.8,0.533665946007499,0.5-0.75,0.5336659460074988,1.1102230246251565e-16,1.1221700000000001,0.35731759417080683,0.15384615384615385,1828.2192,1860.4714,1882.1714,1817.9354,v2rl302,-32.2521999999999,-53.95219999999995,-0.01764132003427155,-0.029510793891673354
c12_final_400_0003_m0.8,c12_final_400_0003,evalb,m0.8,12,replay,final-empirical,400,0.8,0.95,147,30.9725,13,13,0,0,2720.2295999999997,0.5974643075407577,0.5974643075407577,0.5-0.8,0.0,<0.25,0.0,0.0,0.9365450918441475,0.24327159859357886,0.0,2889.9184,2889.9184,2889.9184,2889.9184,edd,0.0,0.0,0.0,0.0
c12_final_400_0004_m0.8,c12_final_400_0004,evalb,m0.8,12,replay,final-empirical,400,0.8,0.95,147,25.0431,13,13,0,0,2797.1592,0.7598218222804295,0.7598218222804295,0.5-0.8,0.4932788952448613,0.25-0.5,0.49327889524486124,5.551115123125783e-17,1.5626393431058188,0.4228209988746457,0.15384615384615385,2874.4784,2874.4784,2874.4784,2862.4784,v2rl301,0.0,0.0,0.0,0.0
c12_final_400_0005_m0.8,c12_final_400_0005,evalb,m0.8,12,replay,final-empirical,400,0.8,0.95,147,24.0,13,13,0,0,2776.1443999999997,0.7868890022675736,0.7868890022675736,0.5-0.8,0.6112000514094296,0.5-0.75,0.6112000514094296,0.0,1.5943452380952383,0.39357229728284804,0.3076923076923077,1720.1256,1720.1256,1721.6256,1720.1256,edd,0.0,-1.5,0.0,-0.0008720293448338888
c12_final_400_0006_m0.8,c12_final_400_0006,evalb,m0.8,12,replay,final-empirical,400,0.8,0.95,147,26.1925,13,13,0,0,1944.6648000000002,0.5050687122228867,0.5050687122228867,0.5-0.8,0.0,<0.25,0.0,0.0,0.8892494670866342,0.3237508086759898,0.0,970.5296,970.5296,970.5296,970.5296,edd,0.0,0.0,0.0,0.0
c12_final_400_0007_m0.8,c12_final_400_0007,evalb,m0.8,12,replay,final-empirical,400,0.8,0.95,147,43.3444,13,13,0,0,2113.4,0.3316892320184227,0.3316892320184227,<0.5,0.0,<0.25,0.0,0.0,0.5575499180209362,0.25631239823764534,0.0,748.0,748.0,748.0,748.0,edd,0.0,0.0,0.0,0.0
c12_final_400_0008_m0.8,c12_final_400_0008,evalb,m0.8,12,replay,final-empirical,400,0.8,0.95,147,24.0,13,12,0,0,1785.1296000000002,0.5059891156462586,0.5059891156462586,0.5-0.8,0.0,<0.25,0.0,0.0,0.8914222222222222,0.3161931305132574,0.0,1202.648,1202.648,1202.648,1202.648,edd,0.0,0.0,0.0,0.0
c12_final_400_0009_m0.8,c12_final_400_0009,evalb,m0.8,12,replay,final-empirical,400,0.8,0.95,147,23.5156,13,13,0,0,2645.6407,0.7653453784854702,0.7653453784854702,0.5-0.8,0.3150955456649877,0.25-0.5,0.3150955456649877,0.0,1.4395748637783714,0.28433885261489206,0.23076923076923078,246.05240000000003,246.05240000000003,246.05240000000003,246.05240000000003,edd,0.0,0.0,0.0,0.0
c12_final_400_0010_m0.8,c12_final_400_0010,evalb,m0.8,12,replay,final-empirical,400,0.8,0.95,147,25.4,13,13,0,0,3281.6423999999984,0.8789014944560498,0.8789014944560498,0.8-1.0,0.503558218287282,0.5-0.75,0.503558218287282,0.0,1.3221440481704496,0.28182984762029156,0.23076923076923078,1471.9072,1471.9072,1471.9072,1471.9072,edd,0.0,0.0,0.0,0.0
c12_final_400_0011_m0.8,c12_final_400_0011,evalb,m0.8,12,replay,final-empirical,400,0.8,0.95,147,24.0,13,13,0,0,2205.3796,0.6251075963718822,0.6251075963718822,0.5-0.8,0.32789348373404736,0.25-0.5,0.32789348373404736,0.0,1.6739111111111111,0.6076592594787151,0.07692307692307693,566.0824,566.0824,566.0824,566.0824,edd,0.0,0.0,0.0,0.0
c12_final_400_0012_m0.8,c12_final_400_0012,evalb,m0.8,12,replay,final-empirical,400,0.8,0.95,147,10.8297,13,11,0,0,1586.0092,0.9962582741250926,0.9962582741250926,0.8-1.0,0.8038788173486006,>=0.75,0.8038788173486006,0.0,2.409226479034507,0.38885552170759347,0.6363636363636364,1670.502,1670.502,1670.502,1670.502,edd,0.0,0.0,0.0,0.0
c12_final_400_0013_m0.8,c12_final_400_0013,evalb,m0.8,12,replay,final-empirical,400,0.8,0.95,147,15.7369,13,12,0,0,2036.8796000000002,0.8804989425823262,0.8804989425823262,0.8-1.0,0.8151093466692877,>=0.75,0.8151093466692877,0.0,3.5759901886648575,0.7174167021559281,0.4166666666666667,1026.8,1027.5376,1027.5376,1026.8,edd,-0.7376000000001568,-0.7376000000001568,-0.0007183482664590542,-0.0007183482664590542
c12_final_400_0014_m0.8,c12_final_400_0014,evalb,m0.8,12,replay,final-empirical,400,0.8,0.95,147,24.0,13,13,0,0,2428.8795999999998,0.6884579365079364,0.6884579365079364,0.5-0.8,0.32744101436728273,0.25-0.5,0.3274410143672828,-5.551115123125783e-17,1.6145833333333333,0.46684460451107324,0.23076923076923078,1466.0,1466.0,1466.0,1462.0,lpt,0.0,0.0,0.0,0.0
c12_final_400_0015_m0.8,c12_final_400_0015,evalb,m0.8,12,replay,final-empirical,400,0.8,0.95,147,24.88,13,13,0,0,3500.848,0.9572062908764792,0.9572062908764792,0.8-1.0,0.6480053975493938,0.5-0.75,0.6480053975493938,0.0,2.417368703108253,0.41218460603182666,0.23076923076923078,6209.962,6217.962,6229.770799999999,6201.962,v2rl301,-8.0,-19.808799999998882,-0.001288252649533121,-0.003189842385508781
c12_final_400_0016_m0.8,c12_final_400_0016,evalb,m0.8,12,replay,final-empirical,400,0.8,0.95,147,32.0,13,13,0,0,2260.0944,0.4804622448979592,0.4804622448979592,<0.5,0.0,<0.25,0.0,0.0,0.758325,0.297947303046644,0.0,1456.0,1456.0,1456.0,1456.0,edd,0.0,0.0,0.0,0.0
c12_final_400_0017_m0.8,c12_final_400_0017,evalb,m0.8,12,replay,final-empirical,400,0.8,0.95,147,26.13,13,13,0,0,2630.3592,0.6847914274779947,0.6847914274779947,0.5-0.8,0.5470714418015609,0.5-0.75,0.5470714418015609,0.0,2.017458859548412,0.5000507417037512,0.23076923076923078,1902.9544,1923.5464,1944.8728,1879.6664,v2rl305,-20.59199999999987,-41.91840000000002,-0.01082106854478482,-0.022028063310397777
c12_final_400_0018_m0.8,c12_final_400_0018,evalb,m0.8,12,replay,final-empirical,400,0.8,0.95,147,17.4172,13,13,0,0,3043.825799999999,1.1888419469939866,1.1888419469939866,1.0-1.2,0.6560748975844808,0.5-0.75,0.6207082218699901,0.0353666757144907,3.6196260018831956,0.61923767210683,0.5384615384615384,740.2294,748.2294,738.7744,738.7744,atc,-8.0,1.455000000000041,-0.010807460498056412,0.0019656068780840655
c12_final_400_0019_m0.8,c12_final_400_0019,evalb,m0.8,12,replay,final-empirical,400,0.8,0.95,147,20.1333,13,12,0,0,2160.6092000000003,0.7300354024778595,0.7300354024778595,0.5-0.8,0.4412944275160913,0.25-0.5,0.4412944275160913,0.0,1.5378750627070574,0.33963622311504843,0.16666666666666666,2759.8368,2759.8368,2759.8368,2759.8368,edd,0.0,0.0,0.0,0.0
c12_final_400_0020_m0.8,c12_final_400_0020,evalb,m0.8,12,replay,final-empirical,400,0.8,0.95,147,24.0,13,13,0,0,2414.2629,0.684314880952381,0.684314880952381,0.5-0.8,0.27474070864444794,0.25-0.5,0.274740708644448,-5.551115123125783e-17,1.201623731884058,0.34697902153421883,0.07692307692307693,182.00000000000003,182.00000000000003,182.00000000000003,182.00000000000003,edd,0.0,0.0,0.0,0.0
c12_final_400_0021_m0.8,c12_final_400_0021,evalb,m0.8,12,replay,final-empirical,400,0.8,0.95,147,16.375,13,13,0,0,1760.2629,0.7312719115126967,0.7312719115126967,0.5-0.8,0.2647415905885422,0.25-0.5,0.2647415905885422,0.0,2.23346320610687,0.5451374840317599,0.23076923076923078,190.2,190.2,190.2,190.2,edd,0.0,0.0,0.0,0.0
c12_final_400_0022_m0.8,c12_final_400_0022,evalb,m0.8,12,replay,final-empirical,400,0.8,0.95,147,22.0997,13,12,0,0,2343.1258000000003,0.721260075590031,0.721260075590031,0.5-0.8,0.388623777690468,0.25-0.5,0.38862377769046796,5.551115123125783e-17,2.0267997604794035,0.49946929405069784,0.25,287.91200000000003,287.91200000000003,287.91200000000003,287.91200000000003,edd,0.0,0.0,0.0,0.0
c12_final_400_0023_m0.8,c12_final_400_0023,evalb,m0.8,12,replay,final-empirical,400,0.8,0.95,147,24.0,13,13,0,0,2924.0888,0.8288233560090703,0.8288233560090703,0.8-1.0,0.24787715065288035,<0.25,0.5237921639041879,-0.2759150132513076,1.6574404761904762,0.32261088604773636,0.23076923076923078,2151.5776,2151.5776,2151.5776,2151.5776,edd,0.0,0.0,0.0,0.0
c12_final_400_0024_m0.8,c12_final_400_0024,evalb,m0.8,12,replay,final-empirical,400,0.8,0.95,147,16.0,13,13,0,0,1157.3815,0.4920839710884354,0.4920839710884354,<0.5,0.0,<0.25,0.0,0.0,0.8263888888888888,0.24900156220566175,0.0,1208.9184,1208.9184,1208.9184,1208.9184,edd,0.0,0.0,0.0,0.0
c12_final_400_0025_m0.8,c12_final_400_0025,evalb,m0.8,12,replay,final-empirical,400,0.8,0.95,147,33.6069,13,13,0,0,2690.0444,0.5445197792330587,0.5445197792330587,0.5-0.8,0.10230314414141269,<0.25,0.16191732746121218,-0.059614183319799494,1.0235993203776603,0.3168168369810837,0.07692307692307693,1753.4592,1753.4592,1753.4592,1753.4592,edd,0.0,0.0,0.0,0.0
c12_final_400_0026_m0.8,c12_final_400_0026,evalb,m0.8,12,replay,final-empirical,400,0.8,0.95,147,29.9678,13,12,0,0,3496.4036,0.7936871743471781,0.7936871743471781,0.5-0.8,0.6045322685287248,0.5-0.75,0.6045322685287248,0.0,1.887932262981875,0.5031740964690564,0.16666666666666666,5890.4628,5922.5464,5934.9104,5878.618,v2rl301,-32.08359999999993,-44.44759999999951,-0.005446702761623404,-0.00754568893975521
c12_final_400_0027_m0.8,c12_final_400_0027,evalb,m0.8,12,replay,final-empirical,400,0.8,0.95,147,15.2428,13,13,0,0,2607.1591999999996,1.1635511107374168,1.1635511107374168,1.0-1.2,0.4813398429984635,0.25-0.5,0.48133984299846366,-1.6653345369377348e-16,3.2858661138373533,0.609303354039245,0.38461538461538464,1278.2128,1292.842,1290.7196,1248.1264,v2rl301,-14.629200000000083,-12.506799999999885,-0.011445042640787264,-0.009784599246698111
c12_final_400_0028_m0.8,c12_final_400_0028,evalb,m0.8,12,replay,final-empirical,400,0.8,0.95,147,32.0,13,13,0,0,2141.5648,0.4552646258503401,0.45526462585034017,<0.5,0.0,<0.25,0.0,0.0,0.8268518382352942,0.37446205261397636,0.0,3256.3972,3287.2920000000004,3284.4184,3254.4184,v2rl302,-30.894800000000487,-28.021200000000135,-0.009487417566874363,-0.008604969934257448
c12_final_400_0029_m0.8,c12_final_400_0029,evalb,m0.8,12,replay,final-empirical,400,0.8,0.95,147,32.2964,13,13,0,0,3007.3202,0.6334439920306192,0.6334439920306192,0.5-0.8,0.4363599193727358,0.25-0.5,0.4363599193727358,0.0,1.5824777168146709,0.530519866745886,0.3076923076923077,878.9668,890.7668,893.9667999999999,877.184,random,-11.799999999999955,-14.999999999999886,-0.013424852906844666,-0.017065490983277053
c01_final_150_0000,c01_final_150_0000,evalb,m1.0,1,replay,final-empirical,150,1.0,0.95,94,13.8719,11,10,0,0,787.7296,0.6041062960127722,0.6041062960127722,0.5-0.8,0.6312186313679212,0.5-0.75,0.6312186313679211,1.1102230246251565e-16,1.2136588243970794,0.3825711967915573,0.4,422.4592,422.4592,422.4592,422.4592,edd,0.0,0.0,0.0,0.0
c01_final_150_0001,c01_final_150_0001,evalb,m1.0,1,replay,final-empirical,150,1.0,0.95,94,3.1106,11,7,0,0,368.8648,1.2615230556874162,1.2615230556874162,>=1.2,0.8630934694771635,>=0.75,0.8630934694771635,0.0,3.3177549976378113,0.36046563285864724,0.2857142857142857,0.0,0.0,0.0,0.0,edd,0.0,0.0,,
c01_final_150_0002,c01_final_150_0002,evalb,m1.0,1,replay,final-empirical,150,1.0,0.95,94,16.0,11,9,0,0,403.75,0.2684507978723404,0.26845079787234044,<0.5,0.0,<0.25,0.0,0.0,0.5875,0.27826635478359774,0.0,8.0,8.0,8.0,8.0,edd,0.0,0.0,0.0,0.0
c01_final_150_0003,c01_final_150_0003,evalb,m1.0,1,replay,final-empirical,150,1.0,0.95,94,8.2836,11,8,0,0,299.0,0.3839938026739324,0.38399380267393246,<0.5,0.0,<0.25,0.0,0.0,0.8264708395086491,0.3888607394599239,0.0,0.0,0.0,0.0,0.0,edd,0.0,0.0,,
c01_final_150_0004,c01_final_150_0004,evalb,m1.0,1,replay,final-empirical,150,1.0,0.95,94,1.0,11,7,0,0,283.0,3.0106382978723403,3.0106382978723403,>=1.2,0.9611307420494699,>=0.75,0.9611307420494699,0.0,16.0,0.7809703110170678,0.7142857142857143,0.0,0.0,0.0,0.0,edd,0.0,0.0,,
c01_final_150_0005,c01_final_150_0005,evalb,m1.0,1,replay,final-empirical,150,1.0,0.95,94,16.0,11,11,0,0,482.8648,0.3210537234042553,0.3210537234042553,<0.5,0.2699819908181338,0.25-0.5,0.2699819908181338,0.0,1.3579666666666668,0.6394769453385483,0.09090909090909091,41.90400000000001,41.90400000000001,41.90400000000001,41.90400000000001,edd,0.0,0.0,0.0,0.0
c01_final_150_0006,c01_final_150_0006,evalb,m1.0,1,replay,final-empirical,150,1.0,0.95,94,15.3353,11,8,0,0,634.1148000000001,0.4398937176096701,0.43989371760967017,<0.5,0.0,<0.25,0.0,0.0,0.828905404098926,0.2929928163905433,0.0,292.0,292.0,292.0,292.0,edd,0.0,0.0,0.0,0.0
c01_final_150_0007,c01_final_150_0007,evalb,m1.0,1,replay,final-empirical,150,1.0,0.95,94,17.2303,11,10,0,0,717.9796,0.4432935497968015,0.4432935497968015,<0.5,0.0,<0.25,0.0,0.0,0.8114060248962137,0.30731444719896606,0.0,36.0,36.0,36.0,36.0,edd,0.0,0.0,0.0,0.0
c01_final_150_0008,c01_final_150_0008,evalb,m1.0,1,replay,final-empirical,150,1.0,0.95,94,15.1819,11,9,0,0,426.75,0.2990332973489008,0.2990332973489008,<0.5,0.0,<0.25,0.0,0.0,0.6059847581659739,0.28584483746263123,0.0,26.0,26.0,26.0,26.0,edd,0.0,0.0,0.0,0.0
c01_final_150_0009,c01_final_150_0009,evalb,m1.0,1,replay,final-empirical,150,1.0,0.95,94,8.2975,11,7,0,0,403.5,0.5173309058739816,0.5173309058739816,0.5-0.8,0.0,<0.25,0.0,0.0,0.8596966957919052,0.19217882987626564,0.0,0.0,0.0,0.0,0.0,edd,0.0,0.0,,
c01_final_150_0010,c01_final_150_0010,evalb,m1.0,1,replay,final-empirical,150,1.0,0.95,94,4.8317,11,9,0,0,462.8648,1.0191223828096274,1.0191223828096274,1.0-1.2,0.7342636553913799,0.5-0.75,0.7342636553913799,0.0,4.703824050886162,0.7725586334726445,0.4444444444444444,21.729600000000005,21.729600000000005,21.729600000000005,21.729600000000005,edd,0.0,0.0,0.0,0.0
c01_final_150_0011,c01_final_150_0011,evalb,m1.0,1,replay,final-empirical,150,1.0,0.95,94,8.0,11,8,0,0,547.0,0.7273936170212766,0.7273936170212766,0.5-0.8,0.7938756855575868,>=0.75,0.7938756855575868,0.0,1.7201086956521738,0.3737727459585781,0.25,48.0,48.0,48.0,48.0,edd,0.0,0.0,0.0,0.0
c01_final_150_0012,c01_final_150_0012,evalb,m1.0,1,replay,final-empirical,150,1.0,0.95,94,7.1936,11,10,0,0,468.7296,0.6931835390323313,0.6931835390323313,0.5-0.8,0.5775816163519436,0.5-0.75,0.5775816163519436,0.0,3.608953990849009,0.7261971264488801,0.2,0.0,0.0,0.0,0.0,edd,0.0,0.0,,
c01_final_150_0013,c01_final_150_0013,evalb,m1.0,1,replay,final-empirical,150,1.0,0.95,94,5.0236,11,9,0,0,464.5,0.9836550206429906,0.9836550206429906,0.8-1.0,0.9171151776103337,>=0.75,0.9171151776103337,0.0,4.4290946731427665,0.6087179731744377,0.5555555555555556,282.0,282.0,282.0,282.0,edd,0.0,0.0,0.0,0.0
c01_final_150_0014,c01_final_150_0014,evalb,m1.0,1,replay,final-empirical,150,1.0,0.95,94,13.1739,11,7,0,0,430.75,0.3478428414145119,0.3478428414145119,<0.5,0.4689495066744051,0.25-0.5,0.4689495066744051,0.0,1.0222232343244344,0.5085910146646555,0.14285714285714285,152.0,152.0,152.0,152.0,edd,0.0,0.0,0.0,0.0
c01_final_150_0015,c01_final_150_0015,evalb,m1.0,1,replay,final-empirical,150,1.0,0.95,94,12.6453,11,8,0,0,464.6148,0.3908733393670274,0.39087333936702745,<0.5,0.1955701798565177,<0.25,0.1955701798565177,0.0,1.0265225589179945,0.4229517212147406,0.125,0.0,0.0,0.0,0.0,edd,0.0,0.0,,
c01_final_150_0016,c01_final_150_0016,evalb,m1.0,1,replay,final-empirical,150,1.0,0.95,94,25.0833,11,7,0,0,633.2296,0.2685645471841016,0.26856454718410167,<0.5,0.286988479376201,0.25-0.5,0.286988479376201,0.0,1.0350062164297134,0.6486700996644487,0.14285714285714285,4.0,4.0,4.0,4.0,edd,0.0,0.0,0.0,0.0
c01_final_150_0017,c01_final_150_0017,evalb,m1.0,1,replay,final-empirical,150,1.0,0.95,94,16.4069,11,9,0,0,621.3648000000001,0.4028953568186089,0.4028953568186089,<0.5,0.0,<0.25,0.0,0.0,0.8304162591189762,0.41443309278634527,0.0,220.0,220.0,220.0,220.0,edd,0.0,0.0,0.0,0.0
c01_final_150_0018,c01_final_150_0018,evalb,m1.0,1,replay,final-empirical,150,1.0,0.95,94,8.0,11,9,0,0,559.25,0.7436835106382979,0.7436835106382979,0.5-0.8,0.4801072865444792,0.25-0.5,0.4801072865444792,0.0,1.95,0.5140685069127185,0.2222222222222222,175.2388,175.2388,175.2388,175.2388,edd,0.0,0.0,0.0,0.0
c01_final_150_0019,c01_final_150_0019,evalb,m1.0,1,replay,final-empirical,150,1.0,0.95,94,1.0,11,6,0,0,274.5,2.9202127659574466,2.9202127659574466,>=1.2,0.9854280510018215,>=0.75,0.9854280510018215,0.0,8.85,0.4757266031320795,0.8333333333333334,0.0,0.0,0.0,0.0,edd,0.0,0.0,,
c01_final_150_0020,c01_final_150_0020,evalb,m1.0,1,replay,final-empirical,150,1.0,0.95,94,8.0,11,10,0,0,495.1148,0.6583973404255319,0.6583973404255319,0.5-0.8,0.23630883181031956,<0.25,0.23630883181031956,0.0,1.4625,0.37281597737828764,0.1,267.4592,267.4592,267.4592,267.4592,edd,0.0,0.0,0.0,0.0
c01_final_150_0021,c01_final_150_0021,evalb,m1.0,1,replay,final-empirical,150,1.0,0.95,94,19.2869,11,9,0,0,382.5,0.2109799364423631,0.2109799364423631,<0.5,0.0,<0.25,0.0,0.0,0.46836626587649305,0.46710233003017326,0.0,0.0,0.0,0.0,0.0,edd,0.0,0.0,,
c01_final_150_0022,c01_final_150_0022,evalb,m1.0,1,replay,final-empirical,150,1.0,0.95,94,16.0233,11,9,0,0,449.6148,0.2985113035524995,0.29851130355249955,<0.5,0.27660299438541613,0.25-0.5,0.27660299438541613,0.0,1.1087853313612055,0.642351386701948,0.1111111111111111,21.729599999999976,21.729599999999976,21.729599999999976,21.729599999999976,edd,0.0,0.0,0.0,0.0
c01_final_150_0023,c01_final_150_0023,evalb,m1.0,1,replay,final-empirical,150,1.0,0.95,94,30.1781,11,8,0,0,450.25,0.158720847800931,0.15872084780093104,<0.5,0.0,<0.25,0.0,0.0,0.40095300897008096,0.4171172748610478,0.0,125.99999999999996,125.99999999999996,125.99999999999996,125.99999999999996,edd,0.0,0.0,0.0,0.0
c01_final_150_0024,c01_final_150_0024,evalb,m1.0,1,replay,final-empirical,150,1.0,0.95,94,8.0,11,11,0,0,418.75,0.5568484042553191,0.5568484042553191,0.5-0.8,0.09313432835820895,<0.25,0.09313432835820895,0.0,1.625,0.4734012021442997,0.09090909090909091,114.0,114.0,114.0,114.0,edd,0.0,0.0,0.0,0.0
c01_final_150_0025,c01_final_150_0025,evalb,m1.0,1,replay,final-empirical,150,1.0,0.95,94,12.7486,11,8,0,0,695.3648000000001,0.5802596263386117,0.5802596263386117,0.5-0.8,0.27036168641265707,0.25-0.5,0.27036168641265707,0.0,1.474671728660402,0.43745025535276943,0.125,0.0,0.0,0.0,0.0,edd,0.0,0.0,,
c01_final_150_0026,c01_final_150_0026,evalb,m1.0,1,replay,final-empirical,150,1.0,0.95,94,13.5761,11,7,0,0,469.0,0.3675106770079522,0.3675106770079522,<0.5,0.0,<0.25,0.0,0.0,0.6485181919761166,0.21513224796683897,0.0,0.0,0.0,0.0,0.0,edd,0.0,0.0,,
c01_final_150_0027,c01_final_150_0027,evalb,m1.0,1,replay,final-empirical,150,1.0,0.95,94,8.0,11,9,0,0,361.0,0.4800531914893617,0.4800531914893617,<0.5,0.07756232686980609,<0.25,0.07756232686980609,0.0,1.1666666666666667,0.3592305119026403,0.1111111111111111,0.0,0.0,0.0,0.0,edd,0.0,0.0,,
c01_final_150_0028,c01_final_150_0028,evalb,m1.0,1,replay,final-empirical,150,1.0,0.95,94,8.0,11,10,0,0,545.2296,0.7250393617021277,0.7250393617021277,0.5-0.8,0.40392084362257663,0.25-0.5,0.40392084362257663,0.0,3.2451714285714286,0.7078703679284017,0.2,0.0,0.0,0.0,0.0,edd,0.0,0.0,,
c01_final_150_0029,c01_final_150_0029,evalb,m1.0,1,replay,final-empirical,150,1.0,0.95,94,11.2108,11,11,0,0,570.8648000000001,0.5417124368674888,0.5417124368674888,0.5-0.8,0.16968080708426933,<0.25,0.16968080708426933,0.0,1.234330161222087,0.3724145954922287,0.09090909090909091,154.0,154.0,154.0,154.0,edd,0.0,0.0,0.0,0.0
c02_final_150_0000,c02_final_150_0000,evalb,m1.0,2,replay,final-empirical,150,1.0,0.95,38,27.7333,7,7,0,0,1018.3796,0.9663279580105772,0.9663279580105771,0.8-1.0,0.701113415861826,0.5-0.75,0.7011134158618261,-1.1102230246251565e-16,1.8511728980443491,0.39045603226186576,0.2857142857142857,1479.8552,1491.6416,1481.3224,1476.8687999999995,v2rl304,-11.786399999999958,-1.467200000000048,-0.007964563019408897,-0.0009914483525145217
c02_final_150_0001,c02_final_150_0001,evalb,m1.0,2,replay,final-empirical,150,1.0,0.95,38,31.9333,7,7,0,0,1378.3840000000002,1.1359071301085306,1.1359071301085306,1.0-1.2,0.7659035508247339,>=0.75,0.7659035508247338,1.1102230246251565e-16,3.271606755330642,0.5739509604245423,0.5714285714285714,827.871,842.8109999999999,845.0773999999999,827.871,edd,-14.93999999999994,-17.206399999999917,-0.018046289820515444,-0.020783914402122936
c02_final_150_0002,c02_final_150_0002,evalb,m1.0,2,replay,final-empirical,150,1.0,0.95,38,32.2833,7,7,0,0,963.1547999999997,0.7851173500654647,0.7851173500654647,0.5-0.8,0.40098434851801606,0.25-0.5,0.40098434851801606,0.0,1.4953939033494104,0.41773531868870534,0.14285714285714285,803.5528,803.5528,803.5528,803.5528,edd,0.0,0.0,0.0,0.0
c02_final_150_0003,c02_final_150_0003,evalb,m1.0,2,replay,final-empirical,150,1.0,0.95,38,6.7,7,7,0,0,584.2396,2.294735271013354,2.294735271013354,>=1.2,0.912347605331785,>=0.75,0.912347605331785,0.0,5.399247761194031,0.3350890506652073,0.5714285714285714,182.5296,182.5296,182.5296,182.5296,edd,0.0,0.0,0.0,0.0
c02_final_150_0004,c02_final_150_0004,evalb,m1.0,2,replay,final-empirical,150,1.0,0.95,38,6.05,7,7,0,0,667.3243999999999,2.9026724662896903,2.9026724662896903,>=1.2,0.9488554592039494,>=0.75,0.9488554592039494,0.0,6.7176528925619845,0.4348688021497428,0.5714285714285714,599.6744000000001,599.6744000000001,599.6744000000001,599.6744000000001,edd,0.0,0.0,0.0,0.0
c02_final_150_0005,c02_final_150_0005,evalb,m1.0,2,replay,final-empirical,150,1.0,0.95,38,13.4833,7,7,0,0,486.46,0.9494395991610672,0.9494395991610673,0.8-1.0,0.5601488303252066,0.5-0.75,0.5601488303252065,1.1102230246251565e-16,2.126086838286374,0.4778523395313261,0.2857142857142857,6.040000000000006,6.040000000000006,6.040000000000006,6.040000000000006,edd,0.0,0.0,0.0,0.0
c02_final_150_0006,c02_final_150_0006,evalb,m1.0,2,replay,final-empirical,150,1.0,0.95,38,28.6,7,7,0,0,1391.4088000000004,1.28028045638572,1.28028045638572,>=1.2,0.7254834093330443,0.5-0.75,0.7254834093330443,0.0,3.8650885780885775,0.5936845062157198,0.2857142857142857,2262.132,1637.41,1686.5436,1637.41,wmdd,624.722,575.5884000000001,0.2761651397884827,0.25444509869450593
c02_final_150_0007,c02_final_150_0007,evalb,m1.0,2,replay,final-empirical,150,1.0,0.95,38,28.4,7,7,0,0,1405.9743999999992,1.3027931801334314,1.3027931801334314,>=1.2,0.8386172607410207,>=0.75,0.8386172607410207,0.0,3.122183098591549,0.37634816870169363,0.2857142857142857,2481.7474,2246.3876,2407.4944,2246.3876,wmdd,235.35980000000018,74.25300000000016,0.09483632379346914,0.02991964452143685
c02_final_150_0008,c02_final_150_0008,evalb,m1.0,2,replay,final-empirical,150,1.0,0.95,38,31.2167,7,7,0,0,1462.4840000000002,1.2328792297914763,1.2328792297914763,>=1.2,0.6001359331110631,0.5-0.75,0.6001359331110632,-1.1102230246251565e-16,4.00981525914014,0.6873601518372892,0.42857142857142855,1055.9272,1076.5442000000005,1082.2738000000002,1055.9272,edd,-20.617000000000417,-26.34660000000008,-0.01952502028548977,-0.024951151935474414
c02_final_150_0009,c02_final_150_0009,evalb,m1.0,2,replay,final-empirical,150,1.0,0.95,38,38.9,7,7,0,0,1515.6291999999996,1.02532079556217,1.02532079556217,1.0-1.2,0.870842551727032,>=0.75,0.870842551727032,0.0,2.085988431876607,0.3313481592031817,0.5714285714285714,1058.8108,1076.6043999999995,1142.284,995.9112,v2rl302,-17.793599999999515,-83.47320000000013,-0.016805268703341064,-0.07883674779290137
c02_final_150_0010,c02_final_150_0010,evalb,m1.0,2,replay,final-empirical,150,1.0,0.95,38,27.0,7,7,0,0,830.8347999999996,0.8097805068226117,0.8097805068226117,0.8-1.0,0.45558370930057324,0.25-0.5,0.4555837093005733,-5.551115123125783e-17,2.4879012345679015,0.6312762819434466,0.2857142857142857,471.3524,471.3524,498.73960000000005,471.3524,edd,0.0,-27.387200000000064,0.0,-0.0581034487148046
c02_final_150_0011,c02_final_150_0011,evalb,m1.0,2,replay,final-empirical,150,1.0,0.95,38,27.5,7,7,0,0,1616.3988000000006,1.5467931100478476,1.5467931100478476,>=1.2,0.9277777241606465,>=0.75,0.9277777241606465,0.0,3.080421818181818,0.3319191041225245,0.5714285714285714,2200.0886,2216.2754,2229.7954,2107.389,v2rl307,-16.18679999999995,-29.70679999999993,-0.007357340063486511,-0.013502547124693037
c02_final_150_0012,c02_final_150_0012,evalb,m1.0,2,replay,final-empirical,150,1.0,0.95,38,26.35,7,7,0,0,1206.5540000000005,1.204987516228903,1.204987516228903,>=1.2,0.8541548907052648,>=0.75,0.8541548907052645,3.3306690738754696e-16,3.385639468690702,0.4780537585477358,0.42857142857142855,1563.9566,1589.8766,1607.2362,1559.897,v2rl308,-25.920000000000073,-43.27960000000007,-0.016573349925439154,-0.027673146428743658
c02_final_150_0013,c02_final_150_0013,evalb,m1.0,2,replay,final-empirical,150,1.0,0.95,38,29.7,7,7,0,0,1340.474,1.1877317029948609,1.1877317029948609,1.0-1.2,0.9392975917473967,>=0.75,0.9392975917473967,0.0,2.669715488215488,0.36491725822675364,0.5714285714285714,1411.7044,1393.4776000000002,1413.3308000000002,1393.4776000000002,wmdd,18.226799999999912,-1.6264000000001033,0.012911201523491683,-0.0011520825464595161
c02_final_150_0014,c02_final_150_0014,evalb,m1.0,2,replay,final-empirical,150,1.0,0.95,38,25.2,7,7,0,0,1629.7291999999998,1.7018893065998326,1.7018893065998326,>=1.2,0.904821733573897,>=0.75,0.904821733573897,0.0,3.9753948412698423,0.44341982998191065,0.5714285714285714,2265.1032000000005,2436.0832,2510.1296,2265.1032000000005,edd,-170.97999999999956,-245.02639999999974,-0.07548441942954279,-0.10817449730325739
c02_final_150_0015,c02_final_150_0015,evalb,m1.0,2,replay,final-empirical,150,1.0,0.95,38,14.1,7,7,0,0,701.8947999999998,1.3099940276222468,1.3099940276222468,>=1.2,0.5228914646468388,0.5-0.75,0.5228914646468389,-1.1102230246251565e-16,4.68321513002364,0.7281394058614817,0.2857142857142857,738.9696,738.9696,738.9696,738.9696,edd,0.0,0.0,0.0,0.0
c02_final_150_0016,c02_final_150_0016,evalb,m1.0,2,replay,final-empirical,150,1.0,0.95,38,25.0833,7,7,0,0,1343.7591999999997,1.409785961597011,1.409785961597011,>=1.2,0.8280048984966949,>=0.75,0.8280048984966949,0.0,3.756555158212834,0.47628322765290004,0.42857142857142855,2883.1612000000005,1900.66,2050.9736000000003,1900.66,wmdd,982.5012000000004,832.1876000000002,0.3407722051753472,0.28863720835310913
c05_final_150_0000,c05_final_150_0000,evalb,m1.0,5,replay,final-empirical,150,1.0,0.95,116,8.0,11,6,0,0,602.0,0.6487068965517241,0.6487068965517241,0.5-0.8,0.6486710963455149,0.5-0.75,0.6486710963455149,0.0,2.324404761904762,0.5434876825417115,0.16666666666666666,0.0,0.0,0.0,0.0,edd,0.0,0.0,,
c05_final_150_0001,c05_final_150_0001,evalb,m1.0,5,replay,final-empirical,150,1.0,0.95,116,10.6764,11,9,0,0,369.0,0.2979501032893691,0.29795010328936916,<0.5,0.0,<0.25,0.0,0.0,0.814881420703608,0.38957516485072535,0.0,0.0,0.0,0.0,0.0,edd,0.0,0.0,,
c05_final_150_0002,c05_final_150_0002,evalb,m1.0,5,replay,final-empirical,150,1.0,0.95,116,15.3025,11,9,0,0,480.89999999999986,0.2709158408869409,0.2709158408869409,<0.5,0.09773341651070909,<0.25,0.09773341651070909,0.0,1.5356967815716387,0.8515760936120459,0.1111111111111111,0.0,0.0,0.0,0.0,edd,0.0,0.0,,
c05_final_150_0003,c05_final_150_0003,evalb,m1.0,5,replay,final-empirical,150,1.0,0.95,116,11.0142,11,8,0,0,601.5,0.4707872407969899,0.4707872407969899,<0.5,0.341645885286783,0.25-0.5,0.341645885286783,0.0,2.332216593125238,0.8231412094718877,0.125,0.0,0.0,0.0,0.0,edd,0.0,0.0,,
c05_final_150_0004,c05_final_150_0004,evalb,m1.0,5,replay,final-empirical,150,1.0,0.95,116,16.0,11,9,0,0,572.0,0.3081896551724138,0.3081896551724138,<0.5,0.16695804195804195,<0.25,0.16695804195804195,0.0,2.984375,1.2269908981199718,0.1111111111111111,15.0,15.0,15.0,15.0,edd,0.0,0.0,0.0,0.0
c05_final_150_0005,c05_final_150_0005,evalb,m1.0,5,replay,final-empirical,150,1.0,0.95,116,16.0,11,9,0,0,685.5648,0.3693775862068965,0.36937758620689654,<0.5,0.13254006039983382,<0.25,0.13254006039983382,0.0,1.4197625,0.6401773945517325,0.1111111111111111,21.729600000000005,21.729600000000005,21.729600000000005,21.729600000000005,edd,0.0,0.0,0.0,0.0
c05_final_150_0006,c05_final_150_0006,evalb,m1.0,5,replay,final-empirical,150,1.0,0.95,116,18.5356,11,9,0,0,358.6,0.1667806442923254,0.16678064429232548,<0.5,0.0,<0.25,0.0,0.0,0.3956350662149234,0.32929863047515423,0.0,0.0,0.0,0.0,0.0,edd,0.0,0.0,,
c05_final_150_0007,c05_final_150_0007,evalb,m1.0,5,replay,final-empirical,150,1.0,0.95,116,15.4717,11,7,0,0,460.37999999999994,0.2565195229643979,0.2565195229643979,<0.5,0.0,<0.25,0.0,0.0,0.5120870455642976,0.33422873525163665,0.0,0.0,0.0,0.0,0.0,edd,0.0,0.0,,
c05_final_150_0008,c05_final_150_0008,evalb,m1.0,5,replay,final-empirical,150,1.0,0.95,116,30.2264,11,8,0,0,576.8648000000001,0.1645241382960956,0.1645241382960956,<0.5,0.0,<0.25,0.0,0.0,0.30699243675979243,0.268880644023323,0.0,0.0,0.0,0.0,0.0,edd,0.0,0.0,,
c05_final_150_0009,c05_final_150_0009,evalb,m1.0,5,replay,final-empirical,150,1.0,0.95,116,4.9972,11,8,0,0,426.2,0.7352393202262232,0.7352393202262232,0.5-0.8,0.8029094321914594,>=0.75,0.8029094321914594,0.0,4.552549427679501,0.8252322199450493,0.25,16.0,16.0,16.0,16.0,edd,0.0,0.0,0.0,0.0
c05_final_150_0010,c05_final_150_0010,evalb,m1.0,5,replay,final-empirical,150,1.0,0.95,116,8.8083,11,8,0,0,529.2,0.5179284272240094,0.5179284272240094,0.5-0.8,0.42271352985638694,0.25-0.5,0.42271352985638694,0.0,1.2093571917828587,0.49049171380698997,0.125,0.0,0.0,0.0,0.0,edd,0.0,0.0,,
c05_final_150_0011,c05_final_150_0011,evalb,m1.0,5,replay,final-empirical,150,1.0,0.95,116,16.0,11,7,0,0,379.5,0.2044719827586207,0.2044719827586207,<0.5,0.0,<0.25,0.0,0.0,0.6875,0.4374572732218811,0.0,0.0,0.0,0.0,0.0,edd,0.0,0.0,,
c05_final_150_0012,c05_final_150_0012,evalb,m1.0,5,replay,final-empirical,150,1.0,0.95,116,16.0,11,9,0,0,494.76480000000004,0.2665758620689655,0.26657586206896555,<0.5,0.0,<0.25,0.0,0.0,0.5125,0.30820740467416124,0.0,21.729600000000005,21.729600000000005,21.729600000000005,21.729600000000005,edd,0.0,0.0,0.0,0.0
c05_final_150_0013,c05_final_150_0013,evalb,m1.0,5,replay,final-empirical,150,1.0,0.95,116,1.3619,11,6,0,0,589.8,3.733374519877149,3.733374519877149,>=1.2,0.9983045100033909,>=0.75,0.9983045100033909,0.0,6.679017436048054,0.2638466487536887,0.8333333333333334,0.0,0.0,0.0,0.0,edd,0.0,0.0,,
c05_final_150_0014,c05_final_150_0014,evalb,m1.0,5,replay,final-empirical,150,1.0,0.95,116,16.0,11,8,0,0,579.0,0.3119612068965517,0.3119612068965517,<0.5,0.0,<0.25,0.0,0.0,0.75,0.24090233704566016,0.0,0.0,0.0,0.0,0.0,edd,0.0,0.0,,
c05_final_150_0015,c05_final_150_0015,evalb,m1.0,5,replay,final-empirical,150,1.0,0.95,116,24.0,11,6,0,0,530.1,0.1904094827586206,0.19040948275862069,<0.5,0.0,<0.25,0.0,0.0,0.7291666666666666,0.41233549954396237,0.0,0.0,0.0,0.0,0.0,edd,0.0,0.0,,
c05_final_150_0016,c05_final_150_0016,evalb,m1.0,5,replay,final-empirical,150,1.0,0.95,116,16.0,11,8,0,0,554.0000000000001,0.2984913793103448,0.29849137931034486,<0.5,0.0,<0.25,0.0,0.0,0.6550595238095238,0.4281978169999292,0.0,0.0,0.0,0.0,0.0,edd,0.0,0.0,,
c05_final_150_0017,c05_final_150_0017,evalb,m1.0,5,replay,final-empirical,150,1.0,0.95,116,13.4025,11,9,0,0,536.8,0.3452778367391569,0.34527783673915696,<0.5,0.0,<0.25,0.0,0.0,0.6573045185244402,0.3208317271695613,0.0,0.0,0.0,0.0,0.0,edd,0.0,0.0,,
c05_final_150_0018,c05_final_150_0018,evalb,m1.0,5,replay,final-empirical,150,1.0,0.95,116,11.0367,11,7,0,0,470.6,0.3675823889137277,0.3675823889137277,<0.5,0.0,<0.25,0.0,0.0,0.7928094448521751,0.2171166268859662,0.0,0.0,0.0,0.0,0.0,edd,0.0,0.0,,
c05_final_150_0019,c05_final_150_0019,evalb,m1.0,5,replay,final-empirical,150,1.0,0.95,116,15.5669,11,8,0,0,431.59999999999997,0.2390128834368058,0.23901288343680588,<0.5,0.11700648748841519,<0.25,0.11700648748841519,0.0,1.6220313614142827,1.0096713318558395,0.125,0.0,0.0,0.0,0.0,edd,0.0,0.0,,
c05_final_150_0020,c05_final_150_0020,evalb,m1.0,5,replay,final-empirical,150,1.0,0.95,116,8.6214,11,8,0,0,543.0200000000001,0.5429752588386718,0.5429752588386718,0.5-0.8,0.4235571433833008,0.25-0.5,0.4235571433833008,0.0,3.3347252186419842,0.8456178333666549,0.125,0.0,0.0,0.0,0.0,edd,0.0,0.0,,
c05_final_150_0021,c05_final_150_0021,evalb,m1.0,5,replay,final-empirical,150,1.0,0.95,116,1.3072,11,8,0,0,465.6,3.070527159920652,3.070527159920652,>=1.2,0.9860395189003437,>=0.75,0.9860395189003437,0.0,63.111995104039174,1.1656147283705802,0.75,0.0,0.0,0.0,0.0,edd,0.0,0.0,,
c05_final_150_0022,c05_final_150_0022,evalb,m1.0,5,replay,final-empirical,150,1.0,0.95,116,14.7372,11,7,0,0,348.50000000000006,0.2038589653955695,0.2038589653955695,<0.5,0.0,<0.25,0.0,0.0,0.7294465705832859,0.43874469622142426,0.0,0.0,0.0,0.0,0.0,edd,0.0,0.0,,
c05_final_150_0023,c05_final_150_0023,evalb,m1.0,5,replay,final-empirical,150,1.0,0.95,116,9.2361,11,8,0,0,452.29999999999995,0.4221628101725276,0.4221628101725276,<0.5,0.15476453681185057,<0.25,0.15476453681185057,0.0,1.5157912971925378,0.5886850955025563,0.125,0.0,0.0,0.0,0.0,edd,0.0,0.0,,
c05_final_150_0024,c05_final_150_0024,evalb,m1.0,5,replay,final-empirical,150,1.0,0.95,116,12.9672,11,8,0,0,633.0,0.4208230421158104,0.42082304211581045,<0.5,0.1066350710900474,<0.25,0.1066350710900474,0.0,1.3013603553581343,0.45970363036551454,0.125,0.0,0.0,0.0,0.0,edd,0.0,0.0,,
c05_final_150_0025,c05_final_150_0025,evalb,m1.0,5,replay,final-empirical,150,1.0,0.95,116,16.3625,11,9,0,0,654.5999999999999,0.3448802718579594,0.3448802718579594,<0.5,0.1258783990223037,<0.25,0.1258783990223037,0.0,1.0071810542398778,0.48164223558092933,0.1111111111111111,0.0,0.0,0.0,0.0,edd,0.0,0.0,,
c05_final_150_0026,c05_final_150_0026,evalb,m1.0,5,replay,final-empirical,150,1.0,0.95,116,17.0006,11,7,0,0,465.1,0.235843603085814,0.23584360308581404,<0.5,0.0,<0.25,0.0,0.0,0.970553980447749,0.546735433556326,0.0,0.0,0.0,0.0,0.0,edd,0.0,0.0,,
c05_final_150_0027,c05_final_150_0027,evalb,m1.0,5,replay,final-empirical,150,1.0,0.95,116,7.4294,11,7,0,0,616.9000000000001,0.7158186997975425,0.7158186997975425,0.5-0.8,0.9610958015885881,>=0.75,0.9610958015885879,2.220446049250313e-16,2.778151667698603,0.5180805394409205,0.5714285714285714,0.0,0.0,0.0,0.0,edd,0.0,0.0,,
c05_final_150_0028,c05_final_150_0028,evalb,m1.0,5,replay,final-empirical,150,1.0,0.95,116,5.2219,11,8,0,0,476.2,0.7861453520352942,0.7861453520352942,0.5-0.8,0.500209995800084,0.5-0.75,0.500209995800084,0.0,4.540971676975813,0.7982196219350343,0.25,0.0,0.0,0.0,0.0,edd,0.0,0.0,,
c05_final_150_0029,c05_final_150_0029,evalb,m1.0,5,replay,final-empirical,150,1.0,0.95,116,26.9886,11,6,0,0,744.8648000000001,0.2379244672143819,0.23792446721438198,<0.5,0.0,<0.25,0.0,0.0,0.5096769253190853,0.32609651318788796,0.0,21.729600000000005,21.729600000000005,21.729600000000005,21.729600000000005,edd,0.0,0.0,0.0,0.0
c09_final_150_0000,c09_final_150_0000,evalb,m1.0,9,replay,final-empirical,150,1.0,0.95,99,22.0333,13,11,0,0,569.25,0.2609686247634263,0.2609686247634263,<0.5,0.0,<0.25,0.0,0.0,0.5881249442132287,0.37141787322319947,0.0,430.0,430.0,430.0,430.0,edd,0.0,0.0,0.0,0.0
c09_final_150_0001,c09_final_150_0001,evalb,m1.0,9,replay,final-empirical,150,1.0,0.95,99,16.0,13,10,0,0,628.25,0.3966224747474747,0.39662247474747475,<0.5,0.21727019498607242,<0.25,0.21727019498607242,0.0,1.0703125,0.4742839180645928,0.2,23.0,23.0,23.0,23.0,edd,0.0,0.0,0.0,0.0
c09_final_150_0002,c09_final_150_0002,evalb,m1.0,9,replay,final-empirical,150,1.0,0.95,99,21.5,13,12,0,0,779.6148000000001,0.3662742776603242,0.3662742776603242,<0.5,0.0,<0.25,0.0,0.0,0.8458511627906977,0.4042145716045316,0.0,329.0,329.0,329.0,329.0,edd,0.0,0.0,0.0,0.0
c09_final_150_0003,c09_final_150_0003,evalb,m1.0,9,replay,final-empirical,150,1.0,0.95,99,24.0,13,12,0,0,570.5,0.2401094276094276,0.2401094276094276,<0.5,0.0,<0.25,0.0,0.0,0.4791666666666667,0.2521355235874033,0.0,160.0,160.0,160.0,160.0,edd,0.0,0.0,0.0,0.0
c09_final_150_0004,c09_final_150_0004,evalb,m1.0,9,replay,final-empirical,150,1.0,0.95,99,8.0,13,11,0,0,475.5,0.6003787878787878,0.6003787878787878,0.5-0.8,0.5052576235541535,0.5-0.75,0.5052576235541535,0.0,3.1145833333333335,0.7591592677649772,0.18181818181818182,0.0,0.0,0.0,0.0,edd,0.0,0.0,,
c09_final_150_0005,c09_final_150_0005,evalb,m1.0,9,replay,final-empirical,150,1.0,0.95,99,19.35,13,11,0,0,862.9796000000001,0.4504891812178634,0.4504891812178634,<0.5,0.28358677308246916,0.25-0.5,0.28358677308246916,0.0,2.1079207579672694,0.8343353998408745,0.09090909090909091,355.4592,355.4592,355.4592,355.4592,edd,0.0,0.0,0.0,0.0
c09_final_150_0006,c09_final_150_0006,evalb,m1.0,9,replay,final-empirical,150,1.0,0.95,99,24.0,13,12,0,0,475.0,0.1999158249158249,0.1999158249158249,<0.5,0.0,<0.25,0.0,0.0,0.5833333333333334,0.4183868027749431,0.0,76.0,76.0,76.0,76.0,edd,0.0,0.0,0.0,0.0
c09_final_150_0007,c09_final_150_0007,evalb,m1.0,9,replay,final-empirical,150,1.0,0.95,99,24.0,13,11,0,0,533.25,0.2244318181818181,0.22443181818181818,<0.5,0.0,<0.25,0.0,0.0,0.5,0.28410682775439206,0.0,64.0,64.0,64.0,64.0,edd,0.0,0.0,0.0,0.0
c09_final_150_0008,c09_final_150_0008,evalb,m1.0,9,replay,final-empirical,150,1.0,0.95,99,21.5667,13,11,0,0,624.75,0.2926087932138927,0.2926087932138927,<0.5,0.0,<0.25,0.0,0.0,0.6694348231301033,0.36453304325028835,0.0,134.0,134.0,134.0,134.0,edd,0.0,0.0,0.0,0.0
c09_final_150_0009,c09_final_150_0009,evalb,m1.0,9,replay,final-empirical,150,1.0,0.95,99,16.0,13,13,0,0,521.25,0.3290719696969697,0.3290719696969697,<0.5,0.0,<0.25,0.0,0.0,0.803125,0.3470921089338751,0.0,0.0,0.0,0.0,0.0,edd,0.0,0.0,,
c09_final_150_0010,c09_final_150_0010,evalb,m1.0,9,replay,final-empirical,150,1.0,0.95,99,22.3667,13,11,0,0,496.0,0.2239982210205801,0.22399822102058015,<0.5,0.0,<0.25,0.0,0.0,0.5987855670643029,0.4775509112493093,0.0,128.0,128.0,128.0,128.0,edd,0.0,0.0,0.0,0.0
c09_final_150_0011,c09_final_150_0011,evalb,m1.0,9,replay,final-empirical,150,1.0,0.95,99,1.0,13,9,0,0,593.0,5.98989898989899,5.98989898989899,>=1.2,0.9966273187183811,>=0.75,0.9966273187183811,0.0,30.27777777777778,0.7838872551306938,0.8888888888888888,0.0,0.0,0.0,0.0,edd,0.0,0.0,,
c09_final_150_0012,c09_final_150_0012,evalb,m1.0,9,replay,final-empirical,150,1.0,0.95,99,23.2167,13,11,0,0,500.25,0.2176463624473031,0.21764636244730315,<0.5,0.0,<0.25,0.0,0.0,0.9260575361700845,0.7148912819643441,0.0,28.0,28.0,28.0,28.0,edd,0.0,0.0,0.0,0.0
c09_final_150_0013,c09_final_150_0013,evalb,m1.0,9,replay,final-empirical,150,1.0,0.95,99,16.0,13,11,0,0,570.8648000000001,0.3603944444444444,0.36039444444444446,<0.5,0.0,<0.25,0.0,0.0,0.703125,0.3510340931203659,0.0,0.0,0.0,0.0,0.0,edd,0.0,0.0,,
c09_final_150_0014,c09_final_150_0014,evalb,m1.0,9,replay,final-empirical,150,1.0,0.95,99,16.0,13,11,0,0,592.5,0.3740530303030303,0.3740530303030303,<0.5,0.14725738396624471,<0.25,0.14725738396624471,0.0,5.453125,1.4877793348702395,0.09090909090909091,0.0,0.0,0.0,0.0,edd,0.0,0.0,,
c09_final_150_0015,c09_final_150_0015,evalb,m1.0,9,replay,final-empirical,150,1.0,0.95,99,16.0,13,11,0,0,626.75,0.395675505050505,0.395675505050505,<0.5,0.0,<0.25,0.0,0.0,0.9635416666666666,0.4365750353090006,0.0,144.0,144.0,144.0,144.0,edd,0.0,0.0,0.0,0.0
c09_final_150_0016,c09_final_150_0016,evalb,m1.0,9,replay,final-empirical,150,1.0,0.95,99,23.2667,13,12,0,0,940.5,0.4083088706176638,0.40830887061766385,<0.5,0.0,<0.25,0.0,0.0,0.7951278006765033,0.24844960297900903,0.0,75.0,75.0,75.0,75.0,edd,0.0,0.0,0.0,0.0
c09_final_150_0017,c09_final_150_0017,evalb,m1.0,9,replay,final-empirical,150,1.0,0.95,99,15.85,13,11,0,0,756.3648000000001,0.482021986425772,0.482021986425772,<0.5,0.4929695300468768,0.25-0.5,0.4929695300468768,0.0,2.221131440588854,0.7118653042108979,0.2727272727272727,86.0,86.0,86.0,86.0,edd,0.0,0.0,0.0,0.0
c09_final_150_0018,c09_final_150_0018,evalb,m1.0,9,replay,final-empirical,150,1.0,0.95,99,1.0,13,8,0,0,521.75,5.27020202020202,5.27020202020202,>=1.2,0.9798754192620988,>=0.75,0.9798754192620988,0.0,25.88888888888889,0.7569997307422639,0.625,10.0,10.0,10.0,10.0,edd,0.0,0.0,0.0,0.0
c09_final_150_0019,c09_final_150_0019,evalb,m1.0,9,replay,final-empirical,150,1.0,0.95,99,20.9333,13,10,0,0,581.8648000000001,0.2807690245791262,0.2807690245791262,<0.5,0.09710159473472187,<0.25,0.09710159473472187,0.0,1.349524441917901,0.6707671778023854,0.1,94.0,94.0,94.0,94.0,edd,0.0,0.0,0.0,0.0
c09_final_150_0020,c09_final_150_0020,evalb,m1.0,9,replay,final-empirical,150,1.0,0.95,99,8.0,13,10,0,0,531.25,0.670770202020202,0.670770202020202,0.5-0.8,0.24188235294117647,<0.25,0.24188235294117647,0.0,1.7847222222222223,0.4052631018604396,0.1,40.0,40.0,40.0,40.0,edd,0.0,0.0,0.0,0.0
c09_final_150_0021,c09_final_150_0021,evalb,m1.0,9,replay,final-empirical,150,1.0,0.95,99,16.0,13,12,0,0,482.25,0.3044507575757575,0.30445075757575757,<0.5,0.0,<0.25,0.0,0.0,0.78125,0.3967426732587463,0.0,0.0,0.0,0.0,0.0,edd,0.0,0.0,,
c09_final_150_0022,c09_final_150_0022,evalb,m1.0,9,replay,final-empirical,150,1.0,0.95,99,23.2,13,10,0,0,533.5,0.23227969348659,0.23227969348659006,<0.5,0.0,<0.25,0.0,0.0,0.6411637931034483,0.4608246356864582,0.0,28.0,28.0,28.0,28.0,edd,0.0,0.0,0.0,0.0
c09_final_150_0023,c09_final_150_0023,evalb,m1.0,9,replay,final-empirical,150,1.0,0.95,99,32.0,13,12,0,0,696.8648000000001,0.2199699494949495,0.21996994949494952,<0.5,0.0,<0.25,0.0,0.0,0.3873697916666667,0.26958483102794917,0.0,426.0,426.0,426.0,426.0,edd,0.0,0.0,0.0,0.0
c09_final_150_0024,c09_final_150_0024,evalb,m1.0,9,replay,final-empirical,150,1.0,0.95,99,22.2667,13,11,0,0,623.5,0.2828429806832533,0.28284298068325336,<0.5,0.0,<0.25,0.0,0.0,0.7485018735001894,0.4640752631676926,0.0,24.0,24.0,24.0,24.0,edd,0.0,0.0,0.0,0.0
c09_final_150_0025,c09_final_150_0025,evalb,m1.0,9,replay,final-empirical,150,1.0,0.95,99,16.0,13,13,0,0,727.3648000000001,0.4591949494949495,0.45919494949494954,<0.5,0.1611983422898661,<0.25,0.1611983422898661,0.0,2.4427083333333335,0.8336518741080858,0.07692307692307693,888.9184,888.9184,888.9184,888.9184,edd,0.0,0.0,0.0,0.0
c09_final_150_0026,c09_final_150_0026,evalb,m1.0,9,replay,final-empirical,150,1.0,0.95,99,16.0,13,11,0,0,552.0,0.3484848484848485,0.3484848484848485,<0.5,0.0,<0.25,0.0,0.0,0.5753348214285714,0.23741384514640015,0.0,217.0,217.0,217.0,217.0,edd,0.0,0.0,0.0,0.0
c09_final_150_0027,c09_final_150_0027,evalb,m1.0,9,replay,final-empirical,150,1.0,0.95,99,24.0,13,10,0,0,566.3648000000001,0.2383690235690236,0.2383690235690236,<0.5,0.0,<0.25,0.0,0.0,0.7571083333333334,0.5667992281933724,0.0,0.0,0.0,0.0,0.0,edd,0.0,0.0,,
c09_final_150_0028,c09_final_150_0028,evalb,m1.0,9,replay,final-empirical,150,1.0,0.95,99,14.7167,13,13,0,0,633.5,0.4348114658170581,0.43481146581705815,<0.5,0.0,<0.25,0.0,0.0,0.7765716110657572,0.33294824092045017,0.0,202.0,202.0,202.0,202.0,edd,0.0,0.0,0.0,0.0
c09_final_150_0029,c09_final_150_0029,evalb,m1.0,9,replay,final-empirical,150,1.0,0.95,99,24.0,13,13,0,0,568.25,0.2391624579124579,0.2391624579124579,<0.5,0.0,<0.25,0.0,0.0,0.41369047619047616,0.36875044101696747,0.0,86.0,86.0,86.0,86.0,edd,0.0,0.0,0.0,0.0
c10_final_150_0000,c10_final_150_0000,evalb,m1.0,10,replay,final-empirical,150,1.0,0.95,154,1.0,13,9,0,0,341.00000000000017,2.2142857142857157,2.2142857142857153,>=1.2,0.9728739002932552,>=0.75,0.9728739002932552,0.0,6.305555555555555,0.5996679993563395,0.6666666666666666,446.0,446.0,446.0,446.0,edd,0.0,0.0,0.0,0.0
c10_final_150_0001,c10_final_150_0001,evalb,m1.0,10,replay,final-empirical,150,1.0,0.95,154,8.0,13,10,0,0,400.93,0.3254301948051948,0.3254301948051948,<0.5,0.07170827825306163,<0.25,0.07170827825306163,0.0,1.1979166666666667,0.5851135501680411,0.1,0.0,0.0,0.0,0.0,edd,0.0,0.0,,
c10_final_150_0002,c10_final_150_0002,evalb,m1.0,10,replay,final-empirical,150,1.0,0.95,154,1.7794,13,8,0,0,438.3648,1.599710394135481,1.599710394135481,>=1.2,0.9874533721685683,>=0.75,0.9874533721685683,0.0,3.0066314488029673,0.3360183392735274,0.5,0.0,0.0,0.0,0.0,edd,0.0,0.0,,
c10_final_150_0003,c10_final_150_0003,evalb,m1.0,10,replay,final-empirical,150,1.0,0.95,154,1.0,13,7,0,0,350.89480000000003,2.2785376623376625,2.2785376623376625,>=1.2,0.995725214508736,>=0.75,0.995725214508736,0.0,5.44324,0.25102514589913577,0.8571428571428571,0.0,0.0,0.0,0.0,edd,0.0,0.0,,
c10_final_150_0004,c10_final_150_0004,evalb,m1.0,10,replay,final-empirical,150,1.0,0.95,154,2.0239,13,10,0,0,349.0,1.1197360374691272,1.1197360374691272,1.0-1.2,0.8904011461318052,>=0.75,0.8904011461318052,0.0,4.768022135481003,0.5222961890944425,0.5,34.0,34.0,34.0,34.0,edd,0.0,0.0,0.0,0.0
c10_final_150_0005,c10_final_150_0005,evalb,m1.0,10,replay,final-empirical,150,1.0,0.95,154,1.0,13,7,0,0,125.75,0.8165584415584416,0.8165584415584416,0.8-1.0,0.8608349900596421,>=0.75,0.8608349900596421,0.0,1.9305555555555556,0.24896371927845035,0.7142857142857143,0.0,0.0,0.0,0.0,edd,0.0,0.0,,
c10_final_150_0006,c10_final_150_0006,evalb,m1.0,10,replay,final-empirical,150,1.0,0.95,154,5.9725,13,10,0,0,432.0,0.4696851913260452,0.46968519132604525,<0.5,0.5758101851851852,0.5-0.75,0.5758101851851852,0.0,1.1899778747832328,0.34761608835076424,0.1,80.0,80.0,80.0,80.0,edd,0.0,0.0,0.0,0.0
c10_final_150_0007,c10_final_150_0007,evalb,m1.0,10,replay,final-empirical,150,1.0,0.95,154,2.7842,13,9,0,0,375.95,0.8768169550440938,0.8768169550440938,0.8-1.0,0.8231147759010506,>=0.75,0.8231147759010506,0.0,2.0447012222028387,0.33642323416748154,0.5555555555555556,0.0,0.0,0.0,0.0,edd,0.0,0.0,,
c10_final_150_0008,c10_final_150_0008,evalb,m1.0,10,replay,final-empirical,150,1.0,0.95,154,2.1494,13,9,0,0,277.25,0.8375940612843934,0.8375940612843934,0.8-1.0,0.8999098286744815,>=0.75,0.8999098286744815,0.0,2.5588536335721597,0.3709733993549981,0.5555555555555556,0.0,0.0,0.0,0.0,edd,0.0,0.0,,
c10_final_150_0009,c10_final_150_0009,evalb,m1.0,10,replay,final-empirical,150,1.0,0.95,154,1.0,13,5,0,0,36.919999999999966,0.2397402597402595,0.23974025974025953,<0.5,0.0,<0.25,0.0,0.0,0.7350000000000001,0.5465425943954493,0.0,0.0,0.0,0.0,0.0,edd,0.0,0.0,,
c10_final_150_0010,c10_final_150_0010,evalb,m1.0,10,replay,final-empirical,150,1.0,0.95,154,1.0,13,4,0,0,117.41999999999996,0.7624675324675322,0.7624675324675322,0.5-0.8,0.8666326009197752,>=0.75,0.8666326009197752,0.0,2.05,0.26629521383367577,0.5,0.0,0.0,0.0,0.0,edd,0.0,0.0,,
c10_final_150_0011,c10_final_150_0011,evalb,m1.0,10,replay,final-empirical,150,1.0,0.95,154,1.0,13,7,0,0,216.47999999999988,1.4057142857142848,1.4057142857142848,>=1.2,0.9538063562453807,>=0.75,0.9538063562453807,0.0,4.2785714285714285,0.4115365479439806,0.42857142857142855,84.0,84.0,84.0,84.0,edd,0.0,0.0,0.0,0.0
c10_final_150_0012,c10_final_150_0012,evalb,m1.0,10,replay,final-empirical,150,1.0,0.95,154,6.59,13,8,0,0,405.8648,0.3999219596791675,0.39992195967916755,<0.5,0.08931545677279724,<0.25,0.08931545677279724,0.0,1.3751896813353566,0.5402467480511303,0.125,0.0,0.0,0.0,0.0,edd,0.0,0.0,,
c10_final_150_0013,c10_final_150_0013,evalb,m1.0,10,replay,final-empirical,150,1.0,0.95,154,4.9642,13,11,0,0,1267.5332000000003,1.6580184249093644,1.6580184249093644,>=1.2,0.7393639866790077,0.5-0.75,0.7393639866790077,0.0,9.8615956918201,0.6717934185136226,0.2727272727272727,1055.9184,1055.9184,1055.9184,1055.9184,edd,0.0,0.0,0.0,0.0
c10_final_150_0014,c10_final_150_0014,evalb,m1.0,10,replay,final-empirical,150,1.0,0.95,154,1.0,13,4,0,0,128.04000000000002,0.8314285714285715,0.8314285714285715,0.8-1.0,0.8005310840362387,>=0.75,0.8005310840362387,0.0,3.75,0.3947703171370929,0.5,0.0,0.0,0.0,0.0,edd,0.0,0.0,,
c10_final_150_0015,c10_final_150_0015,evalb,m1.0,10,replay,final-empirical,150,1.0,0.95,154,1.0,13,6,0,0,142.80999999999992,0.9273376623376618,0.9273376623376618,0.8-1.0,0.9054688047055528,>=0.75,0.9054688047055528,0.0,1.9928571428571429,0.3203374218670328,0.5,6.0,6.0,6.0,6.0,edd,0.0,0.0,0.0,0.0
c10_final_150_0016,c10_final_150_0016,evalb,m1.0,10,replay,final-empirical,150,1.0,0.95,154,5.4497,13,9,0,0,334.54000000000025,0.3986160086495888,0.3986160086495888,<0.5,0.08444431159203683,<0.25,0.08444431159203683,0.0,1.0367543167513809,0.3061243834807566,0.1111111111111111,52.0,52.0,52.0,52.0,edd,0.0,0.0,0.0,0.0
c10_final_150_0017,c10_final_150_0017,evalb,m1.0,10,replay,final-empirical,150,1.0,0.95,154,16.0,13,11,0,0,545.5047999999999,0.221389935064935,0.22138993506493504,<0.5,0.0,<0.25,0.0,0.0,0.63829625,0.5134981877971488,0.0,0.0,0.0,0.0,0.0,edd,0.0,0.0,,
c10_final_150_0018,c10_final_150_0018,evalb,m1.0,10,replay,final-empirical,150,1.0,0.95,154,2.0367,13,8,0,0,202.29999999999993,0.644982748385311,0.644982748385311,0.5-0.8,0.5968858131487889,0.5-0.75,0.5968858131487889,0.0,7.80674620709972,0.9092590290052871,0.375,0.0,0.0,0.0,0.0,edd,0.0,0.0,,
c10_final_150_0019,c10_final_150_0019,evalb,m1.0,10,replay,final-empirical,150,1.0,0.95,154,1.0,13,5,0,0,134.66000000000003,0.8744155844155845,0.8744155844155845,0.8-1.0,0.8113025397296896,>=0.75,0.8113025397296896,0.0,2.857142857142857,0.35709350372212767,0.4,0.0,0.0,0.0,0.0,edd,0.0,0.0,,
c10_final_150_0020,c10_final_150_0020,evalb,m1.0,10,replay,final-empirical,150,1.0,0.95,154,1.0,13,8,0,0,268.6148,1.744251948051948,1.744251948051948,>=1.2,0.91623693109985,>=0.75,0.91623693109985,0.0,5.374708571428571,0.4166986950609074,0.625,307.4592,307.4592,307.4592,307.4592,edd,0.0,0.0,0.0,0.0
c10_final_150_0021,c10_final_150_0021,evalb,m1.0,10,replay,final-empirical,150,1.0,0.95,154,6.2275,13,10,0,0,459.5,0.4791274562450797,0.4791274562450797,<0.5,0.0,<0.25,0.0,0.0,0.8992372541148134,0.31211645684279193,0.0,151.0,151.0,151.0,151.0,edd,0.0,0.0,0.0,0.0
c10_final_150_0022,c10_final_150_0022,evalb,m1.0,10,replay,final-empirical,150,1.0,0.95,154,6.2939,13,8,0,0,289.2047999999993,0.298376721389479,0.29837672138947907,<0.5,0.0,<0.25,0.0,0.0,0.5429066238739096,0.2924674744973989,0.0,8.0,8.0,8.0,8.0,edd,0.0,0.0,0.0,0.0
c10_final_150_0023,c10_final_150_0023,evalb,m1.0,10,replay,final-empirical,150,1.0,0.95,154,1.3283,13,10,0,0,225.25,1.1011536081173965,1.1011536081173965,1.0-1.2,0.8568257491675916,>=0.75,0.8568257491675916,0.0,3.0275002419849213,0.44970085311231717,0.5,0.0,0.0,0.0,0.0,edd,0.0,0.0,,
c10_final_150_0024,c10_final_150_0024,evalb,m1.0,10,replay,final-empirical,150,1.0,0.95,154,1.0,13,6,0,0,139.5,0.905844155844156,0.9058441558441559,0.8-1.0,0.953405017921147,>=0.75,0.953405017921147,0.0,2.492857142857143,0.2711910652316837,0.6666666666666666,0.0,0.0,0.0,0.0,edd,0.0,0.0,,
c10_final_150_0025,c10_final_150_0025,evalb,m1.0,10,replay,final-empirical,150,1.0,0.95,154,8.0,13,12,0,0,1437.063999999999,1.1664480519480511,1.1664480519480511,1.0-1.2,0.708360379217627,0.5-0.75,0.708360379217627,0.0,11.3581,1.152472006604808,0.16666666666666666,0.0,0.0,0.0,0.0,edd,0.0,0.0,,
c10_final_150_0026,c10_final_150_0026,evalb,m1.0,10,replay,final-empirical,150,1.0,0.95,154,8.0,13,10,0,0,986.1848,0.8004746753246753,0.8004746753246753,0.8-1.0,0.35041099801984377,0.25-0.5,0.35041099801984377,0.0,4.484375,0.8087268205506672,0.3,104.0,104.0,104.0,104.0,edd,0.0,0.0,0.0,0.0
c10_final_150_0027,c10_final_150_0027,evalb,m1.0,10,replay,final-empirical,150,1.0,0.95,154,1.0,13,6,0,0,159.5,1.0357142857142858,1.0357142857142858,1.0-1.2,0.7382445141065831,0.5-0.75,0.7382445141065831,0.0,3.2785714285714285,0.4754974524679166,0.3333333333333333,0.0,0.0,0.0,0.0,edd,0.0,0.0,,
c10_final_150_0028,c10_final_150_0028,evalb,m1.0,10,replay,final-empirical,150,1.0,0.95,154,1.0,13,9,0,0,376.65,2.4457792207792206,2.4457792207792206,>=1.2,0.970131421744325,>=0.75,0.970131421744325,0.0,10.030000000000005,0.379763584081923,0.6666666666666666,0.0,0.0,0.0,0.0,edd,0.0,0.0,,
c10_final_150_0029,c10_final_150_0029,evalb,m1.0,10,replay,final-empirical,150,1.0,0.95,154,3.235,13,9,0,0,593.5944,1.1915020373752985,1.1915020373752985,1.0-1.2,0.8930245972670902,>=0.75,0.8930245972670902,0.0,1.964132101062991,0.32594396543857923,0.4444444444444444,0.0,0.0,0.0,0.0,edd,0.0,0.0,,
c10_final_400_0000,c10_final_400_0000,evalb,m1.0,10,replay,final-empirical,400,1.0,0.95,154,1.0,13,10,0,0,448.3799999999993,2.911558441558437,2.9115584415584372,>=1.2,0.9749096748293858,>=0.75,0.9749096748293858,0.0,6.555555555555555,0.44338648979015977,0.6,446.0,446.0,446.0,446.0,edd,0.0,0.0,0.0,0.0
c10_final_400_0001,c10_final_400_0001,evalb,m1.0,10,replay,final-empirical,400,1.0,0.95,154,13.4756,13,10,0,0,965.3648000000001,0.4651817060021518,0.46518170600215186,<0.5,0.0820933185050874,<0.25,0.0820933185050874,0.0,1.176199946570097,0.4212483608982902,0.1,0.0,0.0,0.0,0.0,edd,0.0,0.0,,
c10_final_400_0002,c10_final_400_0002,evalb,m1.0,10,replay,final-empirical,400,1.0,0.95,154,1.7894,13,10,0,0,649.4347999999989,2.3567168273773795,2.3567168273773795,>=1.2,0.9876815963665637,>=0.75,0.9876815963665637,0.0,11.456354085168211,0.7292375197627801,0.6,0.0,0.0,0.0,0.0,edd,0.0,0.0,,
c10_final_400_0003,c10_final_400_0003,evalb,m1.0,10,replay,final-empirical,400,1.0,0.95,154,1.3256,13,8,0,0,671.6148000000002,3.2899329095768457,3.2899329095768457,>=1.2,0.9977665769128375,>=0.75,0.9977665769128375,0.0,6.525347012673507,0.33348494425293285,0.875,0.0,0.0,0.0,0.0,edd,0.0,0.0,,
c10_final_400_0004,c10_final_400_0004,evalb,m1.0,10,replay,final-empirical,400,1.0,0.95,154,12.9522,13,13,0,0,1034.2296000000001,0.5185047037087618,0.5185047037087618,0.5-0.8,0.09959103858562933,<0.25,0.09959103858562933,0.0,1.5904633961797996,0.5167939556321157,0.07692307692307693,84.39840000000001,84.39840000000001,85.39840000000001,83.7296,wspt,0.0,-1.0,0.0,-0.011848565849589564
c10_final_400_0005,c10_final_400_0005,evalb,m1.0,10,replay,final-empirical,400,1.0,0.95,154,5.9825,13,11,0,0,544.199999999999,0.5906838669061809,0.5906838669061809,0.5-0.8,0.6040977581771408,0.5-0.75,0.6040977581771408,0.0,1.5700555190734882,0.38269642386221847,0.09090909090909091,80.0,80.0,80.0,80.0,edd,0.0,0.0,0.0,0.0
c10_final_400_0006,c10_final_400_0006,evalb,m1.0,10,replay,final-empirical,400,1.0,0.95,154,15.1039,13,12,0,0,1038.0647999999999,0.4462874171227642,0.44628741712276426,<0.5,0.0,<0.25,0.0,0.0,0.8687444018716075,0.39740876800912045,0.0,199.56,199.56,199.56,199.3632,lpt,0.0,0.0,0.0,0.0
c10_final_400_0007,c10_final_400_0007,evalb,m1.0,10,replay,final-empirical,400,1.0,0.95,154,14.5336,13,11,0,0,684.0,0.3056062119198575,0.30560621191985754,<0.5,0.0,<0.25,0.0,0.0,0.835993834975505,0.3325680632810751,0.0,0.0,0.0,0.0,0.0,edd,0.0,0.0,,
c10_final_400_0008,c10_final_400_0008,evalb,m1.0,10,replay,final-empirical,400,1.0,0.95,154,1.0,13,5,0,0,100.41999999999993,0.6520779220779216,0.6520779220779216,0.5-0.8,0.6546504680342559,0.5-0.75,0.654650468034256,-1.1102230246251565e-16,2.2349999999999968,0.5464949520224255,0.4,0.0,0.0,0.0,0.0,edd,0.0,0.0,,
c10_final_400_0009,c10_final_400_0009,evalb,m1.0,10,replay,final-empirical,400,1.0,0.95,154,1.0,13,7,0,0,380.02999999999975,2.467727272727271,2.467727272727271,>=1.2,0.9276372917927532,>=0.75,0.9276372917927532,0.0,4.9071428571428575,0.2903803786780876,0.7142857142857143,0.0,0.0,0.0,0.0,edd,0.0,0.0,,
c10_final_400_0010,c10_final_400_0010,evalb,m1.0,10,replay,final-empirical,400,1.0,0.95,154,2.2789,13,9,0,0,1202.979199999996,3.4277735954860766,3.4277735954860766,>=1.2,0.9837902434223301,>=0.75,0.9837902434223301,0.0,22.83481796773297,0.9867883559841708,0.6666666666666666,84.0,84.0,84.0,84.0,edd,0.0,0.0,0.0,0.0
c10_final_400_0011,c10_final_400_0011,evalb,m1.0,10,replay,final-empirical,400,1.0,0.95,154,9.2864,13,10,0,0,766.0948000000005,0.5356910706454128,0.5356910706454128,0.5-0.8,0.13901673787630459,<0.25,0.13901673787630459,0.0,1.5546928842177807,0.4404217959073611,0.2,0.0,0.0,0.0,0.0,edd,0.0,0.0,,
c10_final_400_0012,c10_final_400_0012,evalb,m1.0,10,replay,final-empirical,400,1.0,0.95,154,4.9789,13,11,0,0,1749.2832000000003,2.2814239728015866,2.2814239728015866,>=1.2,0.7775575732963079,>=0.75,0.7775575732963079,0.0,9.932903519519035,0.5060556517137071,0.2727272727272727,1055.9184,1055.9184,1055.9184,1055.9184,edd,0.0,0.0,0.0,0.0
c10_final_400_0013,c10_final_400_0013,evalb,m1.0,10,replay,final-empirical,400,1.0,0.95,154,1.0,13,4,0,0,369.91999999999996,2.402077922077922,2.402077922077922,>=1.2,1.0,>=0.75,1.0,0.0,9.7,0.3710566230804724,1.0,0.0,0.0,0.0,0.0,edd,0.0,0.0,,
c10_final_400_0014,c10_final_400_0014,evalb,m1.0,10,replay,final-empirical,400,1.0,0.95,154,1.0,13,9,0,0,287.45000000000067,1.866558441558446,1.866558441558446,>=1.2,0.928683249260741,>=0.75,0.928683249260741,0.0,3.662499999999997,0.27125160030135703,0.5555555555555556,6.0,6.0,6.0,6.0,edd,0.0,0.0,0.0,0.0
c10_final_400_0015,c10_final_400_0015,evalb,m1.0,10,replay,final-empirical,400,1.0,0.95,154,5.4594,13,9,0,0,356.5700000000004,0.4241106367713692,0.42411063677136923,<0.5,0.07922708023669973,<0.25,0.07922708023669973,0.0,1.034912261420669,0.3054769015541354,0.1111111111111111,52.0,52.0,52.0,52.0,edd,0.0,0.0,0.0,0.0
c10_final_400_0016,c10_final_400_0016,evalb,m1.0,10,replay,final-empirical,400,1.0,0.95,154,16.0,13,11,0,0,651.7948000000001,0.2645271103896104,0.26452711038961046,<0.5,0.0,<0.25,0.0,0.0,0.7338275000000006,0.49407985733295423,0.0,0.0,0.0,0.0,0.0,edd,0.0,0.0,,
c10_final_400_0017,c10_final_400_0017,evalb,m1.0,10,replay,final-empirical,400,1.0,0.95,154,5.0403,13,11,0,0,406.25,0.5233789681144004,0.5233789681144004,0.5-0.8,0.3716923076923076,0.25-0.5,0.3716923076923076,0.0,4.225938932206415,0.9903253659948634,0.18181818181818182,0.0,0.0,0.0,0.0,edd,0.0,0.0,,
c10_final_400_0018,c10_final_400_0018,evalb,m1.0,10,replay,final-empirical,400,1.0,0.95,154,1.0,13,7,0,0,324.5499999999989,2.107467532467525,2.107467532467525,>=1.2,0.9876752426436605,>=0.75,0.9876752426436605,0.0,5.763888888888889,0.2784939021917934,0.7142857142857143,209.0,209.0,209.0,209.0,edd,0.0,0.0,0.0,0.0
c10_final_400_0019,c10_final_400_0019,evalb,m1.0,10,replay,final-empirical,400,1.0,0.95,154,3.2467,13,12,0,0,876.7296000000001,1.7534879572024984,1.7534879572024984,>=1.2,0.8602761900590559,>=0.75,0.8602761900590559,0.0,9.047648381433454,0.8605549684304364,0.5,307.4592,307.4592,307.4592,307.4592,edd,0.0,0.0,0.0,0.0
c10_final_400_0020,c10_final_400_0020,evalb,m1.0,10,replay,final-empirical,400,1.0,0.95,154,8.0,13,11,0,0,882.25,0.716112012987013,0.716112012987013,0.5-0.8,0.5573816945310286,0.5-0.75,0.5573816945310286,0.0,1.0928571428571427,0.29650113423489843,0.2727272727272727,161.0,161.0,161.0,161.0,edd,0.0,0.0,0.0,0.0
c10_final_400_0021,c10_final_400_0021,evalb,m1.0,10,replay,final-empirical,400,1.0,0.95,154,6.7522,13,11,0,0,1265.2092000000005,1.2167359017570805,1.2167359017570805,>=1.2,0.7302817589375733,0.5-0.75,0.7302817589375733,0.0,6.839607831521578,0.8073171188473829,0.36363636363636365,0.0,0.0,0.0,0.0,edd,0.0,0.0,,
c10_final_400_0022,c10_final_400_0022,evalb,m1.0,10,replay,final-empirical,400,1.0,0.95,154,12.35,13,12,0,0,1667.323999999989,0.876662285083332,0.876662285083332,0.8-1.0,0.629577214746504,0.5-0.75,0.629577214746504,0.0,7.357473684210527,1.1259870062761606,0.16666666666666666,0.0,0.0,0.0,0.0,edd,0.0,0.0,,
c10_final_400_0023,c10_final_400_0023,evalb,m1.0,10,replay,final-empirical,400,1.0,0.95,154,20.7806,13,13,0,0,2063.6948,0.6448618222965452,0.6448618222965452,0.5-0.8,0.15348684311265404,<0.25,0.15348684311265404,0.0,1.7504306901629405,0.4166742226305857,0.23076923076923078,124.0,124.0,124.0,124.0,edd,0.0,0.0,0.0,0.0
c10_final_400_0024,c10_final_400_0024,evalb,m1.0,10,replay,final-empirical,400,1.0,0.95,154,1.0,13,7,0,0,385.75,2.5048701298701297,2.5048701298701297,>=1.2,0.898250162022035,>=0.75,0.898250162022035,0.0,7.378571428571429,0.5106581965567738,0.8571428571428571,0.0,0.0,0.0,0.0,edd,0.0,0.0,,
c10_final_400_0025,c10_final_400_0025,evalb,m1.0,10,replay,final-empirical,400,1.0,0.95,154,3.445,13,9,0,0,604.5,1.1394266111247244,1.1394266111247244,1.0-1.2,0.9358974358974359,>=0.75,0.9358974358974359,0.0,6.879535558780846,0.5794428453252133,0.3333333333333333,0.0,0.0,0.0,0.0,edd,0.0,0.0,,
c10_final_400_0026,c10_final_400_0026,evalb,m1.0,10,replay,final-empirical,400,1.0,0.95,154,8.0,13,9,0,0,975.8692000000005,0.7921016233766238,0.7921016233766238,0.5-0.8,0.48900938773352,0.25-0.5,0.48900938773352,0.0,1.50625,0.2506132452388993,0.2222222222222222,117.0,117.0,117.0,117.0,edd,0.0,0.0,0.0,0.0
c10_final_400_0027,c10_final_400_0027,evalb,m1.0,10,replay,final-empirical,400,1.0,0.95,154,2.9261,13,9,0,0,352.3847999999977,0.7820009524667552,0.7820009524667552,0.5-0.8,0.45475854804179977,0.25-0.5,0.45475854804179977,0.0,1.4109467990059905,0.35994386773078085,0.2222222222222222,0.0,0.0,0.0,0.0,edd,0.0,0.0,,
c10_final_400_0028,c10_final_400_0028,evalb,m1.0,10,replay,final-empirical,400,1.0,0.95,154,11.0214,13,12,0,0,795.1148000000003,0.4684598251477234,0.46845982514772344,<0.5,0.0,<0.25,0.0,0.0,0.9014929397095002,0.411354363267058,0.0,0.0,0.0,0.0,0.0,edd,0.0,0.0,,
c10_final_400_0029,c10_final_400_0029,evalb,m1.0,10,replay,final-empirical,400,1.0,0.95,154,9.6061,13,8,0,0,747.8443999999982,0.5055259124444318,0.5055259124444318,0.5-0.8,0.0,<0.25,0.0,0.0,0.7448379420474533,0.2369535301380678,0.0,0.0,0.0,0.0,0.0,edd,0.0,0.0,,
c12_final_150_0000,c12_final_150_0000,evalb,m1.0,12,replay,final-empirical,150,1.0,0.95,186,6.4425,13,11,0,0,1028.9944,0.8587082587488161,0.8587082587488161,0.8-1.0,0.5613049011734175,0.5-0.75,0.5613049011734175,0.0,1.7123080834437263,0.3668285380921531,0.36363636363636365,354.0,354.0,354.0,354.0,edd,0.0,0.0,0.0,0.0
c12_final_150_0001,c12_final_150_0001,evalb,m1.0,12,replay,final-empirical,150,1.0,0.95,186,16.0,13,10,0,0,475.6148,0.1598168010752688,0.15981680107526883,<0.5,0.0,<0.25,0.0,0.0,0.38142608695652175,0.4285989261410749,0.0,1058.9184,1058.9184,1058.9184,1058.9184,edd,0.0,0.0,0.0,0.0
c12_final_150_0002,c12_final_150_0002,evalb,m1.0,12,replay,final-empirical,150,1.0,0.95,186,12.2778,13,13,0,0,1329.2796,0.5820802192680312,0.5820802192680312,0.5-0.8,0.2319788854052977,<0.25,0.2319788854052977,0.0,3.139454951212758,0.9288111765789449,0.07692307692307693,2393.8368,2393.8368,2393.8368,2393.8368,edd,0.0,0.0,0.0,0.0
c12_final_150_0003,c12_final_150_0003,evalb,m1.0,12,replay,final-empirical,150,1.0,0.95,186,10.5492,13,12,0,0,1112.711,0.5670872866474306,0.5670872866474306,0.5-0.8,0.38544995061610793,0.25-0.5,0.3854499506161078,1.1102230246251565e-16,1.8473276240310703,0.6160663422547319,0.16666666666666666,1020.0,1020.0,1020.0,1020.0,edd,0.0,0.0,0.0,0.0
c12_final_150_0004,c12_final_150_0004,evalb,m1.0,12,replay,final-empirical,150,1.0,0.95,186,5.5939,13,11,0,0,587.45,0.5646031093393399,0.5646031093393399,0.5-0.8,0.3708400714954464,0.25-0.5,0.37084007149544645,-5.551115123125783e-17,1.308490537441017,0.45255225323547554,0.18181818181818182,345.0,345.0,345.0,345.0,edd,0.0,0.0,0.0,0.0
c12_final_150_0005,c12_final_150_0005,evalb,m1.0,12,replay,final-empirical,150,1.0,0.95,186,8.7239,13,13,0,0,572.25,0.3526648520989243,0.35266485209892434,<0.5,0.0,<0.25,0.0,0.0,0.9743348731645249,0.4125433531951714,0.0,192.0,192.0,192.0,192.0,edd,0.0,0.0,0.0,0.0
c12_final_150_0006,c12_final_150_0006,evalb,m1.0,12,replay,final-empirical,150,1.0,0.95,186,16.5456,13,12,0,0,993.7296000000001,0.3229035065554901,0.3229035065554901,<0.5,0.0,<0.25,0.0,0.0,0.8723792485759413,0.433919212743853,0.0,1098.9184,1098.9184,1098.9184,1098.9184,edd,0.0,0.0,0.0,0.0
c12_final_150_0007,c12_final_150_0007,evalb,m1.0,12,replay,final-empirical,150,1.0,0.95,186,7.5394,13,12,0,0,623.8000000000002,0.4448316100565319,0.4448316100565319,<0.5,0.10820775889708241,<0.25,0.10820775889708238,2.7755575615628914e-17,1.492161179934743,0.5577996477088513,0.08333333333333333,60.0,60.0,60.0,60.0,edd,0.0,0.0,0.0,0.0
c12_final_150_0008,c12_final_150_0008,evalb,m1.0,12,replay,final-empirical,150,1.0,0.95,186,10.6686,13,12,0,0,922.1648,0.4647165765721092,0.46471657657210924,<0.5,0.0,<0.25,0.0,0.0,0.7381058922200786,0.253683986940116,0.0,926.0,926.0,926.0,926.0,edd,0.0,0.0,0.0,0.0
c12_final_150_0009,c12_final_150_0009,evalb,m1.0,12,replay,final-empirical,150,1.0,0.95,186,16.0,13,12,0,0,765.3000000000001,0.2571572580645161,0.25715725806451617,<0.5,0.0,<0.25,0.0,0.0,0.7294836956521739,0.5890616170789682,0.0,276.8,276.8,276.8,276.8,edd,0.0,0.0,0.0,0.0
c12_final_150_0010,c12_final_150_0010,evalb,m1.0,12,replay,final-empirical,150,1.0,0.95,186,9.02,13,11,0,0,1091.1148,0.6503557208592614,0.6503557208592614,0.5-0.8,0.5788710775438112,0.5-0.75,0.5788710775438112,0.0,1.6672336606482951,0.49946032105534544,0.09090909090909091,1026.4,1026.4,1026.4,1026.4,edd,0.0,0.0,0.0,0.0
c12_final_150_0011,c12_final_150_0011,evalb,m1.0,12,replay,final-empirical,150,1.0,0.95,186,9.5369,13,12,0,0,956.4833000000001,0.5392091070823154,0.5392091070823154,0.5-0.8,0.5350328646616203,0.5-0.75,0.5350328646616203,0.0,1.7039079784835744,0.5714115518336336,0.25,614.0,614.0,614.0,614.0,edd,0.0,0.0,0.0,0.0
c12_final_150_0012,c12_final_150_0012,evalb,m1.0,12,replay,final-empirical,150,1.0,0.95,186,5.6297,13,12,0,0,685.3648000000001,0.6545210205245949,0.6545210205245949,0.5-0.8,0.6315101096525528,0.5-0.75,0.6315101096525528,0.0,1.3100165195303481,0.4096812074928071,0.25,579.4592,579.4592,579.4592,579.4592,edd,0.0,0.0,0.0,0.0
c12_final_150_0013,c12_final_150_0013,evalb,m1.0,12,replay,final-empirical,150,1.0,0.95,186,5.5775,13,13,0,0,830.05,0.8001137442585657,0.8001137442585657,0.8-1.0,0.26130955966508046,0.25-0.5,0.26130955966508046,0.0,5.274167040191245,1.063650640136018,0.15384615384615385,1188.9488,1188.9488,1216.9488,1188.9488,edd,0.0,-28.0,0.0,-0.02355021511439349
c12_final_150_0014,c12_final_150_0014,evalb,m1.0,12,replay,final-empirical,150,1.0,0.95,186,8.0,13,12,0,0,955.4944,0.6421333333333333,0.6421333333333333,0.5-0.8,0.21257560483870966,<0.25,0.21257560483870966,0.0,2.5375,0.6230623197568917,0.16666666666666666,407.0,407.0,407.0,407.0,edd,0.0,0.0,0.0,0.0
c12_final_150_0015,c12_final_150_0015,evalb,m1.0,12,replay,final-empirical,150,1.0,0.95,186,24.0,13,11,0,0,1261.3148,0.2825525985663082,0.28255259856630827,<0.5,0.23209907629720988,<0.25,0.23209907629720986,2.7755575615628914e-17,1.2197916666666666,0.7432667691225848,0.09090909090909091,520.0,520.0,520.0,520.0,edd,0.0,0.0,0.0,0.0
c12_final_150_0016,c12_final_150_0016,evalb,m1.0,12,replay,final-empirical,150,1.0,0.95,186,11.0431,13,11,0,0,764.8000000000001,0.372343631497428,0.37234363149742805,<0.5,0.0,<0.25,0.0,0.0,0.8225347351136305,0.3621465731940165,0.0,293.2,293.2,293.2,293.2,edd,0.0,0.0,0.0,0.0
c12_final_150_0017,c12_final_150_0017,evalb,m1.0,12,replay,final-empirical,150,1.0,0.95,186,16.0,13,11,0,0,788.6,0.2649865591397849,0.26498655913978497,<0.5,0.0,<0.25,0.0,0.0,0.7088942307692307,0.46422883216017025,0.0,434.0,434.0,434.0,434.0,edd,0.0,0.0,0.0,0.0
c12_final_150_0018,c12_final_150_0018,evalb,m1.0,12,replay,final-empirical,150,1.0,0.95,186,8.6172,13,11,0,0,777.0648000000001,0.4848173121124592,0.48481731211245926,<0.5,0.15618362844385694,<0.25,0.15618362844385691,2.7755575615628914e-17,1.0060012864636176,0.3736829268543699,0.09090909090909091,193.72960000000003,193.72960000000003,193.72960000000003,193.72960000000003,edd,0.0,0.0,0.0,0.0
c12_final_150_0019,c12_final_150_0019,evalb,m1.0,12,replay,final-empirical,150,1.0,0.95,186,7.6922,13,12,0,0,787.9148,0.5507008495968406,0.5507008495968406,0.5-0.8,0.08090976333989411,<0.25,0.08090976333989411,0.0,1.0359520033280467,0.3296793134421757,0.08333333333333333,56.0,56.0,56.0,56.0,edd,0.0,0.0,0.0,0.0
c12_final_150_0020,c12_final_150_0020,evalb,m1.0,12,replay,final-empirical,150,1.0,0.95,186,8.0,13,11,0,0,1147.974,0.7714879032258064,0.7714879032258064,0.5-0.8,0.6420650641913493,0.5-0.75,0.6420650641913493,0.0,1.927575,0.47474493373542975,0.18181818181818182,835.648,835.648,835.648,835.648,edd,0.0,0.0,0.0,0.0
c12_final_150_0021,c12_final_150_0021,evalb,m1.0,12,replay,final-empirical,150,1.0,0.95,186,8.0,13,8,0,0,313.09999999999997,0.2104166666666666,0.21041666666666664,<0.5,0.0,<0.25,0.0,0.0,0.7329545454545454,0.4465473736117746,0.0,166.0,166.0,166.0,166.0,edd,0.0,0.0,0.0,0.0
c12_final_150_0022,c12_final_150_0022,evalb,m1.0,12,replay,final-empirical,150,1.0,0.95,186,8.0,13,11,0,0,765.3148,0.5143244623655914,0.5143244623655914,0.5-0.8,0.0,<0.25,0.0,0.0,0.95,0.29809672148974287,0.0,176.0,176.0,176.0,176.0,edd,0.0,0.0,0.0,0.0
c12_final_150_0023,c12_final_150_0023,evalb,m1.0,12,replay,final-empirical,150,1.0,0.95,186,16.4519,13,11,0,0,939.3148,0.3069602641574817,0.30696026415748173,<0.5,0.12163121458322598,<0.25,0.12163121458322598,0.0,1.3888973310073611,0.6596190063010585,0.09090909090909091,322.0,322.0,322.0,322.0,edd,0.0,0.0,0.0,0.0
c12_final_150_0024,c12_final_150_0024,evalb,m1.0,12,replay,final-empirical,150,1.0,0.95,186,8.0,13,13,0,0,966.2796000000001,0.6493814516129033,0.6493814516129033,0.5-0.8,0.6747835719599172,0.5-0.75,0.6747835719599172,0.0,2.320813043478261,0.6118275795565528,0.3076923076923077,112.0,112.0,112.0,112.0,edd,0.0,0.0,0.0,0.0
c12_final_150_0025,c12_final_150_0025,evalb,m1.0,12,replay,final-empirical,150,1.0,0.95,186,8.4475,13,13,0,0,978.9648000000001,0.623054348967532,0.623054348967532,0.5-0.8,0.2158913170320322,<0.25,0.21589131703203218,2.7755575615628914e-17,1.4615156964964602,0.4047939783536878,0.15384615384615385,1769.9184,1769.9184,1769.9184,1769.9184,edd,0.0,0.0,0.0,0.0
c12_final_150_0026,c12_final_150_0026,evalb,m1.0,12,replay,final-empirical,150,1.0,0.95,186,3.4117,13,10,0,0,841.8944,1.3267033966921544,1.3267033966921544,>=1.2,0.815000551138005,>=0.75,0.815000551138005,0.0,5.942187179412023,0.6693571408298609,0.6,1550.3776,1550.3776,1550.3776,1550.3776,edd,0.0,0.0,0.0,0.0
c12_final_150_0027,c12_final_150_0027,evalb,m1.0,12,replay,final-empirical,150,1.0,0.95,186,16.4028,13,11,0,0,366.0,0.1199637827373296,0.11996378273732966,<0.5,0.0,<0.25,0.0,0.0,0.19487091054140582,0.3019981019284457,0.0,100.00000000000004,100.00000000000004,100.00000000000004,100.00000000000004,edd,0.0,0.0,0.0,0.0
c12_final_150_0028,c12_final_150_0028,evalb,m1.0,12,replay,final-empirical,150,1.0,0.95,186,8.0,13,11,0,0,800.4333000000001,0.5379256048387098,0.5379256048387098,0.5-0.8,0.27745384905900344,0.25-0.5,0.27745384905900344,0.0,1.206974456521739,0.33683593142369034,0.09090909090909091,8.0,8.0,8.0,8.0,edd,0.0,0.0,0.0,0.0
c12_final_150_0029,c12_final_150_0029,evalb,m1.0,12,replay,final-empirical,150,1.0,0.95,186,8.0,13,13,0,0,1018.3611000000003,0.6843824596774195,0.6843824596774195,0.5-0.8,0.4173171972103019,0.25-0.5,0.4173171972103019,0.0,2.83412,0.6670680616026862,0.23076923076923078,21.729600000000005,21.729600000000005,21.729600000000005,21.729600000000005,edd,0.0,0.0,0.0,0.0
c12_final_400_0000,c12_final_400_0000,evalb,m1.0,12,replay,final-empirical,400,1.0,0.95,186,25.3814,13,13,0,0,2734.3592000000003,0.5791979919932903,0.5791979919932903,0.5-0.8,0.23777051676312316,<0.25,0.23777051676312316,0.0,1.829658163627133,0.7032021791544054,0.07692307692307693,1961.1776,1961.1776,1961.1776,1961.1776,edd,0.0,0.0,0.0,0.0
c12_final_400_0001,c12_final_400_0001,evalb,m1.0,12,replay,final-empirical,400,1.0,0.95,186,23.4031,13,13,0,0,2938.0388000000003,0.6749493668309635,0.6749493668309635,0.5-0.8,0.36125949051455686,0.25-0.5,0.36125949051455686,0.0,1.741683794027287,0.39577555876560866,0.3076923076923077,1951.0592,1951.0592,1951.0592,1951.0592,edd,0.0,0.0,0.0,0.0
c12_final_400_0002,c12_final_400_0002,evalb,m1.0,12,replay,final-empirical,400,1.0,0.95,186,32.0,13,13,0,0,2732.8683999999994,0.4591512768817203,0.4591512768817203,<0.5,0.0,<0.25,0.0,0.0,0.8632076923076923,0.3589806572107334,0.0,1816.6226,1835.5538,1838.6226,1813.8704,v2rl310,-18.93119999999999,-22.0,-0.010421096819999922,-0.012110385503296062
c12_final_400_0003,c12_final_400_0003,evalb,m1.0,12,replay,final-empirical,400,1.0,0.95,186,30.9725,13,13,0,0,2720.2295999999997,0.4721895333789859,0.47218953337898595,<0.5,0.0,<0.25,0.0,0.0,0.7377512309306642,0.24062518557744306,0.0,2889.9184,2889.9184,2889.9184,2889.9184,edd,0.0,0.0,0.0,0.0
c12_final_400_0004,c12_final_400_0004,evalb,m1.0,12,replay,final-empirical,400,1.0,0.95,186,25.0431,13,13,0,0,2797.1592,0.6005043434151781,0.6005043434151781,0.5-0.8,0.4932788952448613,0.25-0.5,0.49327889524486124,5.551115123125783e-17,1.1719795073293642,0.424618852039416,0.15384615384615385,2855.3184,2855.3184,2855.3184,2855.3184,edd,0.0,0.0,0.0,0.0
c12_final_400_0005,c12_final_400_0005,evalb,m1.0,12,replay,final-empirical,400,1.0,0.95,186,24.0,13,13,0,0,2776.1443999999997,0.6218961469534049,0.6218961469534049,0.5-0.8,0.17445057973209177,<0.25,0.17445057973209177,0.0,1.2400462962962964,0.384169961034053,0.15384615384615385,1720.2836,1720.2836,1719.7448,1719.7448,atc,0.0,0.5388000000000375,0.0,0.000313204171684272
c12_final_400_0006,c12_final_400_0006,evalb,m1.0,12,replay,final-empirical,400,1.0,0.95,186,26.1925,13,13,0,0,1944.6648000000002,0.3991672080471202,0.3991672080471202,<0.5,0.0,<0.25,0.0,0.0,0.7257455725528645,0.3242311251296266,0.0,970.5296,970.5296,970.5296,970.5296,edd,0.0,0.0,0.0,0.0
c12_final_400_0007,c12_final_400_0007,evalb,m1.0,12,replay,final-empirical,400,1.0,0.95,186,43.3444,13,13,0,0,2113.4,0.2621414898210115,0.2621414898210115,<0.5,0.0,<0.25,0.0,0.0,0.4181624385157021,0.24800911856603772,0.0,748.0,748.0,748.0,748.0,edd,0.0,0.0,0.0,0.0
c12_final_400_0008,c12_final_400_0008,evalb,m1.0,12,replay,final-empirical,400,1.0,0.95,186,24.0,13,12,0,0,1785.1296000000002,0.399894623655914,0.39989462365591405,<0.5,0.0,<0.25,0.0,0.0,0.6914351851851852,0.3071338223958754,0.0,1202.648,1202.648,1202.648,1202.648,edd,0.0,0.0,0.0,0.0
c12_final_400_0009,c12_final_400_0009,evalb,m1.0,12,replay,final-empirical,400,1.0,0.95,186,23.5156,13,13,0,0,2645.6407,0.6048697346094846,0.6048697346094846,0.5-0.8,0.07677338801145599,<0.25,0.07677338801145599,0.0,1.0796811478337784,0.26918973931661,0.07692307692307693,246.00000000000003,246.00000000000003,246.00000000000003,246.00000000000003,edd,0.0,0.0,0.0,0.0
c12_final_400_0010,c12_final_400_0010,evalb,m1.0,12,replay,final-empirical,400,1.0,0.95,186,25.4,13,13,0,0,3281.6423999999984,0.6946156972313942,0.6946156972313942,0.5-0.8,0.34793663075538034,0.25-0.5,0.34793663075538034,0.0,1.0703070866141735,0.28950913176855186,0.07692307692307693,1471.9072,1471.9072,1471.9072,1471.9072,edd,0.0,0.0,0.0,0.0
c12_final_400_0011,c12_final_400_0011,evalb,m1.0,12,replay,final-empirical,400,1.0,0.95,186,24.0,13,13,0,0,2205.3796,0.4940366487455198,0.4940366487455198,<0.5,0.32789348373404736,0.25-0.5,0.32789348373404736,0.0,1.3100173913043478,0.5999232051772251,0.07692307692307693,565.0,565.0,565.0,565.0,edd,0.0,0.0,0.0,0.0
c12_final_400_0012,c12_final_400_0012,evalb,m1.0,12,replay,final-empirical,400,1.0,0.95,186,10.8297,13,11,0,0,1586.0092,0.7873654101956377,0.7873654101956377,0.5-0.8,0.6630851826080202,0.5-0.75,0.6630851826080202,0.0,1.9273811832276053,0.38187063589090176,0.45454545454545453,1670.3776,1670.3776,1670.3776,1670.3776,edd,0.0,0.0,0.0,0.0
c12_final_400_0013,c12_final_400_0013,evalb,m1.0,12,replay,final-empirical,400,1.0,0.95,186,15.7369,13,12,0,0,2036.8796000000002,0.6958781965569998,0.6958781965569998,0.5-0.8,0.22102435509688448,<0.25,0.22102435509688448,0.0,2.860792150931886,0.7198605235049249,0.08333333333333333,1026.8,1026.8,1026.8,1026.8,edd,0.0,0.0,0.0,0.0
c12_final_400_0014,c12_final_400_0014,evalb,m1.0,12,replay,final-empirical,400,1.0,0.95,186,24.0,13,13,0,0,2428.8795999999998,0.5441038530465949,0.5441038530465949,0.5-0.8,0.2638314389894007,0.25-0.5,0.26383143898940076,-5.551115123125783e-17,1.2419871794871795,0.4539069068897489,0.15384615384615385,1462.0,1462.0,1462.0,1454.0,lpt,0.0,0.0,0.0,0.0
c12_final_400_0015,c12_final_400_0015,evalb,m1.0,12,replay,final-empirical,400,1.0,0.95,186,24.88,13,13,0,0,3500.848,0.7565017460152821,0.7565017460152821,0.5-0.8,0.6480053975493938,0.5-0.75,0.6480053975493938,0.0,1.8130265273311899,0.3922712413154813,0.23076923076923078,6180.8348000000005,6180.8348000000005,6180.8348000000005,6180.8348000000005,edd,0.0,0.0,0.0,0.0
c12_final_400_0016,c12_final_400_0016,evalb,m1.0,12,replay,final-empirical,400,1.0,0.95,186,32.0,13,13,0,0,2260.0944,0.3797201612903226,0.3797201612903226,<0.5,0.0,<0.25,0.0,0.0,0.6018749999999999,0.3009564185886066,0.0,1456.0,1456.0,1456.0,1456.0,edd,0.0,0.0,0.0,0.0
c12_final_400_0017,c12_final_400_0017,evalb,m1.0,12,replay,final-empirical,400,1.0,0.95,186,26.13,13,13,0,0,2630.3592,0.5412061281680925,0.5412061281680925,0.5-0.8,0.18191994462201208,<0.25,0.18191994462201208,0.0,1.6139670876387293,0.5004997792150908,0.15384615384615385,1886.3776,1910.3776000000005,1919.8464,1878.3776,v2rl302,-24.000000000000455,-33.468799999999874,-0.012722797386907295,-0.01774236504928805
c12_final_400_0018,c12_final_400_0018,evalb,m1.0,12,replay,final-empirical,400,1.0,0.95,186,17.4172,13,13,0,0,3043.825799999999,0.9395686355275056,0.9395686355275057,0.8-1.0,0.48309693018568944,0.25-0.5,0.48309693018568933,1.1102230246251565e-16,2.895700801506556,0.6266822554357024,0.38461538461538464,735.4592,735.4592,735.4592,735.4592,edd,0.0,0.0,0.0,0.0
c12_final_400_0019,c12_final_400_0019,evalb,m1.0,12,replay,final-empirical,400,1.0,0.95,186,20.1333,13,12,0,0,2160.6092000000003,0.5769634632486308,0.5769634632486308,0.5-0.8,0.11464359218687026,<0.25,0.11464359218687026,0.0,1.230300050165646,0.34940657207975817,0.08333333333333333,2759.8368,2759.8368,2759.8368,2759.8368,edd,0.0,0.0,0.0,0.0
c12_final_400_0020,c12_final_400_0020,evalb,m1.0,12,replay,final-empirical,400,1.0,0.95,186,24.0,13,13,0,0,2414.2629,0.5408295026881721,0.5408295026881721,0.5-0.8,0.0,<0.25,0.0,0.0,0.9530119252873562,0.3464129686851113,0.0,182.00000000000003,182.00000000000003,182.00000000000003,182.00000000000003,edd,0.0,0.0,0.0,0.0
c12_final_400_0021,c12_final_400_0021,evalb,m1.0,12,replay,final-empirical,400,1.0,0.95,186,16.375,13,13,0,0,1760.2629,0.5779407042600344,0.5779407042600344,0.5-0.8,0.10388493673303005,<0.25,0.10388493673303004,1.3877787807814457e-17,1.8612193384223918,0.5708955626030902,0.07692307692307693,190.2,190.2,190.2,190.2,edd,0.0,0.0,0.0,0.0
c12_final_400_0022,c12_final_400_0022,evalb,m1.0,12,replay,final-empirical,400,1.0,0.95,186,22.0997,13,12,0,0,2343.1258000000003,0.5700281242566375,0.5700281242566375,0.5-0.8,0.11469721344026856,<0.25,0.11469721344026854,2.7755575615628914e-17,1.5200998203595526,0.4730007590102799,0.08333333333333333,283.7296,283.7296,283.7296,283.7296,edd,0.0,0.0,0.0,0.0
c12_final_400_0023,c12_final_400_0023,evalb,m1.0,12,replay,final-empirical,400,1.0,0.95,186,24.0,13,13,0,0,2924.0888,0.6550378136200716,0.6550378136200716,0.5-0.8,0.16810871133598954,<0.25,0.1681087113359895,2.7755575615628914e-17,1.2891203703703704,0.3116072058691908,0.15384615384615385,2151.5776,2151.5776,2151.5776,2151.5776,edd,0.0,0.0,0.0,0.0
c12_final_400_0024,c12_final_400_0024,evalb,m1.0,12,replay,final-empirical,400,1.0,0.95,186,16.0,13,13,0,0,1157.3815,0.3889050739247311,0.38890507392473117,<0.5,0.0,<0.25,0.0,0.0,0.6761363636363636,0.26006282461438956,0.0,1208.9184,1208.9184,1208.9184,1208.9184,edd,0.0,0.0,0.0,0.0
c12_final_400_0025,c12_final_400_0025,evalb,m1.0,12,replay,final-empirical,400,1.0,0.95,186,33.6069,13,13,0,0,2690.0444,0.4303462771358045,0.43034627713580453,<0.5,0.0,<0.25,0.0,0.0,0.8188794563021283,0.3281145708750737,0.0,1753.4592,1753.4592,1753.4592,1753.4592,edd,0.0,0.0,0.0,0.0
c12_final_400_0026,c12_final_400_0026,evalb,m1.0,12,replay,final-empirical,400,1.0,0.95,186,29.9678,13,12,0,0,3496.4036,0.6272688958550278,0.6272688958550278,0.5-0.8,0.5501721826393269,0.5-0.75,0.5501721826393269,0.0,1.528326117651994,0.5122163372423367,0.08333333333333333,5878.2736,5878.2736,5878.2736,5878.2736,edd,0.0,0.0,0.0,0.0
c12_final_400_0027,c12_final_400_0027,evalb,m1.0,12,replay,final-empirical,400,1.0,0.95,186,15.2428,13,13,0,0,2607.1591999999996,0.9195807165505392,0.9195807165505391,0.8-1.0,0.42353746560624295,0.25-0.5,0.42353746560624306,-1.1102230246251565e-16,2.641299498779752,0.6047051580984051,0.3076923076923077,1248.2856000000002,1260.7056000000002,1260.7056000000002,1235.0592,v2rl301,-12.420000000000073,-12.420000000000073,-0.009949646138672169,-0.009949646138672169
c12_final_400_0028,c12_final_400_0028,evalb,m1.0,12,replay,final-empirical,400,1.0,0.95,186,32.0,13,13,0,0,2141.5648,0.3598059139784946,0.35980591397849465,<0.5,0.0,<0.25,0.0,0.0,0.6693562500000001,0.38407250494747114,0.0,3251.9184,3271.9184,3271.9184,3251.9184,edd,-20.0,-20.0,-0.006150215823373674,-0.006150215823373674
c12_final_400_0029,c12_final_400_0029,evalb,m1.0,12,replay,final-empirical,400,1.0,0.95,186,32.2964,13,13,0,0,3007.3202,0.5006250904758119,0.5006250904758119,0.5-0.8,0.23341870945435073,<0.25,0.23341870945435073,0.0,1.2240212531427652,0.5185632328081408,0.15384615384615385,852.7292,860.7292,859.8992,850.2592,lpt,-8.0,-7.169999999999959,-0.009381641909295472,-0.008408296561206018
