scope,regime,arm,arm_kind,level,level_bh,n_configs,n_clusters,mean_control,mean_level,mean_diff,pct_of_control,ci_lo,ci_hi,pct_ci_lo,pct_ci_hi,margin,wilcoxon_p,holm_p,verdict
gen|ALL,vis-gen,atc_la,rule,8,8.0,540,540,2562.336031111111,2559.7669833333334,-2.569047777777739,-0.10026193858202578,-4.979260935185196,-0.6106270740740757,-0.19432505630520402,-0.02383087411877388,25.62336031111111,0.0852661331418109,0.2557983994254327,equivalent
gen|ALL,vis-gen,atc_la,rule,40,40.0,540,540,2562.336031111111,2556.65853037037,-5.677500740740729,-0.22157518263827336,-10.572247629629606,-1.6886196481481077,-0.4126019187672719,-0.0659015690231647,25.62336031111111,0.22846716510429377,0.45693433020858754,equivalent
gen|ALL,vis-gen,atc_la,rule,full,inf,540,540,2562.336031111111,2556.65853037037,-5.677500740740729,-0.22157518263827336,-10.45742336111111,-1.7165207222222418,-0.40812068495857806,-0.06699046110193062,25.62336031111111,0.22846716510429377,0.45693433020858754,equivalent
gen|ALL,vis-gen,vispool,policy,8,8.0,540,540,3411.4070241481477,3455.574081888889,44.16705774074075,1.2946874245171487,27.01566519537037,60.92047507777778,0.7919214858894292,1.7857873495171703,34.11407024148148,1.5539579301586827e-17,4.661873790476048e-17,inconclusive
gen|ALL,vis-gen,vispool,policy,40,40.0,540,540,3411.4070241481477,3346.8483227037036,-64.55870144444445,-1.8924361997104469,-128.87122595925922,-8.061269012037071,-3.7776561121855368,-0.23630334800198832,34.11407024148148,1.0389889472817551e-11,1.289482715159824e-11,inconclusive
gen|ALL,vis-gen,vispool,policy,full,inf,540,540,3411.4070241481477,3351.353111148148,-60.05391300000004,-1.7603854531253398,-121.6327121203703,-4.501532704629616,-3.565470530469546,-0.13195530972308062,34.11407024148148,6.44741357579912e-12,1.289482715159824e-11,inconclusive
gen|ALL,vis-gen,visseed501,policy,8,8.0,540,540,2595.2924988888894,3113.6535103703704,518.3610114814815,19.973124867559434,281.506602324074,794.7829874814819,10.846816011859707,30.62402360511382,25.952924988888896,5.823659387057862e-22,1.7470978161173586e-21,worse
gen|ALL,vis-gen,visseed501,policy,40,40.0,540,540,2595.2924988888894,2544.0328607407405,-51.25963814814821,-1.9751006166007787,-77.33739035185194,-28.33478121296302,-2.979910371758175,-1.0917760223594781,25.952924988888896,0.7693630623590282,1.0,better
gen|ALL,vis-gen,visseed501,policy,full,inf,540,540,2595.2924988888894,2555.245904074074,-40.046594814814895,-1.5430474534935794,-62.65131397222231,-20.595135277777874,-2.414036722220903,-0.7935573846337234,25.952924988888896,0.8529124223815756,1.0,inconclusive
gen|ALL,vis-gen,visseed502,policy,8,8.0,540,540,2549.5786133333336,2535.272701111111,-14.305912222222178,-0.5611088886378187,-23.759761249999983,-6.3072863055554595,-0.9319093408512843,-0.24738544136551557,25.495786133333336,2.7452242337171785e-13,5.490448467434357e-13,equivalent
gen|ALL,vis-gen,visseed502,policy,40,40.0,540,540,2549.5786133333336,2533.3754614814816,-16.20315185185181,-0.6355227396054958,-24.916509648148043,-8.981430138888829,-0.9772795205389669,-0.35227115931704717,25.495786133333336,4.6898841073116974e-17,1.4069652321935093e-16,equivalent
gen|ALL,vis-gen,visseed502,policy,full,inf,540,540,2549.5786133333336,2538.9488859259263,-10.629727407407401,-0.4169209512433914,-17.593874490740667,-4.726509833333298,-0.690069896206822,-0.18538396143642863,25.495786133333336,1.4237275910209256e-10,1.4237275910209256e-10,equivalent
gen|ALL,vis-gen,visseed503,policy,8,8.0,540,540,3183.6389985185187,2534.999704814815,-648.6392937037036,-20.374147131805547,-975.2619048425931,-371.83046876851864,-30.63355817969385,-11.679416822747397,31.83638998518519,1.908802032115587e-12,5.726406096346761e-12,better
gen|ALL,vis-gen,visseed503,policy,40,40.0,540,540,3183.6389985185187,2535.8405574074072,-647.7984411111111,-20.34773545029945,-965.0070301759258,-371.1955887314815,-30.31144644932997,-11.659474862074953,31.83638998518519,8.943537368900163e-06,1.7887074737800326e-05,better
gen|ALL,vis-gen,visseed503,policy,full,inf,540,540,3183.6389985185187,2541.578031851852,-642.0609666666666,-20.16751795556734,-950.5367358703705,-368.60956210185196,-29.856925873589788,-11.578246223060514,31.83638998518519,9.797551668321406e-05,9.797551668321406e-05,better
gen|ALL,vis-gen,visseed504,policy,8,8.0,540,540,3831.3697925925926,3790.7826229629627,-40.58716962962946,-1.0593383522545634,-92.10298526851847,5.356329398148344,-2.4039179263402466,0.13980194259776343,38.31369792592593,0.5804628358584214,0.5804628358584214,inconclusive
gen|ALL,vis-gen,visseed504,policy,40,40.0,540,540,3831.3697925925926,3814.0978781481476,-17.271914444444548,-0.45080259487970414,-75.03417783333362,34.57499066666655,-1.958416490582598,0.902418522313152,38.31369792592593,0.07241190859151277,0.2172357257745383,inconclusive
gen|ALL,vis-gen,visseed504,policy,full,inf,540,540,3831.3697925925926,3814.0978781481476,-17.271914444444548,-0.45080259487970414,-75.05746042592627,36.471325768518554,-1.9590241738356649,0.9519134863732199,38.31369792592593,0.07241190859151277,0.2172357257745383,inconclusive
gen|ALL,vis-gen,visseed505,policy,8,8.0,540,540,4897.155217407407,5303.161870185184,406.0066527777776,8.290663349501118,342.80941977777763,470.4915510138891,7.000174684258093,9.607446162651367,48.97155217407407,3.688391390058386e-38,3.688391390058386e-38,worse
gen|ALL,vis-gen,visseed505,policy,40,40.0,540,540,4897.155217407407,5306.894855740738,409.73963833333323,8.366890983501492,346.9258709583331,475.01487634259274,7.084232693404365,9.699812549418628,48.97155217407407,7.745949374760474e-39,2.3237848124281423e-38,worse
gen|ALL,vis-gen,visseed505,policy,full,inf,540,540,4897.155217407407,5306.894855740738,409.73963833333323,8.366890983501492,345.7003452546295,474.017868912037,7.059207435896754,9.6794536392699,48.97155217407407,7.745949374760474e-39,2.3237848124281423e-38,worse
gen|u=0.7,vis-gen,atc_la,rule,8,8.0,180,180,1996.3625155555553,1996.2696722222217,-0.09284333333333608,-0.0046506249546315135,-0.2073980833333273,0.014582166666671987,-0.01038879871352482,0.0007304368095998841,19.963625155555555,0.06965467718486189,0.20896403155458565,equivalent
gen|u=0.7,vis-gen,atc_la,rule,40,40.0,180,180,1996.3625155555553,1996.3245388888886,-0.0379766666666607,-0.001902293114138762,-0.32487861111110167,0.3391951388888833,-0.01627352790786563,0.01699065857257347,19.963625155555555,0.11940336727409484,0.23880673454818968,equivalent
gen|u=0.7,vis-gen,atc_la,rule,full,inf,180,180,1996.3625155555553,1996.3245388888886,-0.0379766666666607,-0.001902293114138762,-0.3218011388888806,0.338706305555561,-0.01611937393040705,0.016966172371820184,19.963625155555555,0.11940336727409484,0.23880673454818968,equivalent
gen|u=0.7,vis-gen,vispool,policy,8,8.0,180,180,2007.014375111111,2007.8290317777778,0.8146566666666555,0.040590474924802424,-0.9571450722222405,2.482417183333327,-0.04768999585113842,0.12368706543000706,20.07014375111111,0.3740615350612825,1.0,equivalent
gen|u=0.7,vis-gen,vispool,policy,40,40.0,180,180,2007.014375111111,2007.2397257777775,0.2253506666666335,0.01122815409103175,-1.5236531833333744,1.811828938888842,-0.0759164060919605,0.09027483616247327,20.07014375111111,0.8545056093724022,1.0,equivalent
gen|u=0.7,vis-gen,vispool,policy,full,inf,180,180,2007.014375111111,2007.4164393333333,0.40206422222221205,0.02003295179188506,-1.3971073611111309,1.9815145333333066,-0.0696112284215097,0.09872946391944042,20.07014375111111,0.8757789449319366,1.0,equivalent
gen|u=0.7,vis-gen,visseed501,policy,8,8.0,180,180,1995.228848888889,1997.7067222222227,2.4778733333333136,0.124189931130617,0.8238333333332605,4.734353444444422,0.04129016748089023,0.23728373048940765,19.95228848888889,0.05382898686683612,0.16148696060050835,equivalent
gen|u=0.7,vis-gen,visseed501,policy,40,40.0,180,180,1995.228848888889,1996.194516666667,0.9656677777777131,0.048398847997585745,0.026032722222222658,2.138558083333245,0.0013047486876866213,0.10718359873977232,19.95228848888889,0.6953382802406816,1.0,equivalent
gen|u=0.7,vis-gen,visseed501,policy,full,inf,180,180,1995.228848888889,1996.3407699999998,1.1119211111110858,0.0557290012987882,0.03081233333333661,2.652822833333308,0.0015443007126974685,0.13295832379381559,19.95228848888889,0.764629276763297,1.0,equivalent
gen|u=0.7,vis-gen,visseed502,policy,8,8.0,180,180,1996.8366644444445,1996.29843,-0.5382344444443825,-0.026954355057083695,-1.473668666666579,0.33787486111111714,-0.07380016066945465,0.016920505674164386,19.968366644444444,0.017166486228284723,0.017166486228284723,equivalent
gen|u=0.7,vis-gen,visseed502,policy,40,40.0,180,180,1996.8366644444445,1994.9241022222222,-1.9125622222222065,-0.09577960262234644,-3.008759305555644,-0.9104209444444669,-0.15067628510280454,-0.04559316045500207,19.968366644444444,3.694425363874717e-07,1.1083276091624151e-06,equivalent
gen|u=0.7,vis-gen,visseed502,policy,full,inf,180,180,1996.8366644444445,1995.4447255555556,-1.3919388888888256,-0.06970719807351332,-2.3041746944443857,-0.5650071111110286,-0.11539124533680616,-0.028295109017753523,19.968366644444444,0.0003793488029866653,0.0007586976059733306,equivalent
gen|u=0.7,vis-gen,visseed503,policy,8,8.0,180,180,1995.7794788888891,1994.8977044444443,-0.8817744444444828,-0.04418195766475129,-2.5146110555555805,0.13050588888890563,-0.1259964380912234,0.006539093635814023,19.95779478888889,0.3452449930408653,1.0,equivalent
gen|u=0.7,vis-gen,visseed503,policy,40,40.0,180,180,1995.7794788888891,1994.6135344444447,-1.1659444444444338,-0.058420504708944616,-2.9642486666666863,0.08781327777781836,-0.14852586160054984,0.004399948927559205,19.95779478888889,0.7394346283443866,1.0,equivalent
gen|u=0.7,vis-gen,visseed503,policy,full,inf,180,180,1995.7794788888891,1994.8302255555557,-0.9492533333333298,-0.04756303706769287,-2.6997825555555286,0.18413666666665293,-0.1352745924143172,0.00922630323712755,19.95779478888889,0.8590175594719256,1.0,equivalent
gen|u=0.7,vis-gen,visseed504,policy,8,8.0,180,180,2003.9434700000004,2003.1045199999996,-0.8389500000000303,-0.04186495340609733,-6.237081277777816,4.065206944444373,-0.31124038033756585,0.2028603603496047,20.039434700000005,0.11557153426545448,0.34671460279636346,equivalent
gen|u=0.7,vis-gen,visseed504,policy,40,40.0,180,180,2003.9434700000004,2003.903617777778,-0.03985222222221883,-0.001988689941549041,-5.479879250000004,5.0654031111111255,-0.27345478213514696,0.25277175663598556,20.039434700000005,0.4200315711575523,0.8400631423151046,equivalent
gen|u=0.7,vis-gen,visseed504,policy,full,inf,180,180,2003.9434700000004,2003.903617777778,-0.03985222222221883,-0.001988689941549041,-5.556068944444458,5.044435722222271,-0.27725677034414836,0.2517254502305033,20.039434700000005,0.4200315711575523,0.8400631423151046,equivalent
gen|u=0.7,vis-gen,visseed505,policy,8,8.0,180,180,2043.2834133333333,2047.1377822222223,3.8543688888888874,0.18863603862965928,-1.0357934444445043,9.38155999999997,-0.05069259788854993,0.45914139657676056,20.432834133333333,0.5995196636636997,1.0,equivalent
gen|u=0.7,vis-gen,visseed505,policy,40,40.0,180,180,2043.2834133333333,2046.5628577777777,3.279444444444404,0.16049875524093085,-1.010460388888916,8.424908055555512,-0.0494527769518028,0.4123220499211827,20.432834133333333,0.6969879504544481,1.0,equivalent
gen|u=0.7,vis-gen,visseed505,policy,full,inf,180,180,2043.2834133333333,2046.5628577777777,3.279444444444404,0.16049875524093085,-1.0558250555555868,8.381031611111078,-0.05167296169811092,0.4101747000157256,20.432834133333333,0.6969879504544481,1.0,equivalent
gen|u=0.9,vis-gen,atc_la,rule,8,8.0,180,180,2471.1794166666664,2470.330972222222,-0.8484444444444326,-0.034333583337663336,-2.104226972221981,0.19119686111093992,-0.08515071621389346,0.0077370691832988085,24.711794166666664,0.6860949738041581,1.0,equivalent
gen|u=0.9,vis-gen,atc_la,rule,40,40.0,180,180,2471.1794166666664,2469.6915833333337,-1.4878333333332907,-0.06020741850222291,-3.6196533888889153,0.36552052777777616,-0.146474730425337,0.014791339119796524,24.711794166666664,0.3510276938027618,1.0,equivalent
gen|u=0.9,vis-gen,atc_la,rule,full,inf,180,180,2471.1794166666664,2469.6915833333337,-1.4878333333332907,-0.06020741850222291,-3.625153472222155,0.36291566666672004,-0.1466972995879055,0.014685929488529452,24.711794166666664,0.3510276938027618,1.0,equivalent
gen|u=0.9,vis-gen,vispool,policy,8,8.0,180,180,2878.7394104444443,2902.250428,23.511017555555444,0.8167122550326851,-3.2888937166666827,46.63730138888869,-0.11424770525370045,1.6200598504915882,28.787394104444445,1.3667388481266342e-07,4.1002165443799023e-07,inconclusive
gen|u=0.9,vis-gen,vispool,policy,40,40.0,180,180,2878.7394104444443,2892.9015553333334,14.16214488888886,0.4919564736393555,-16.48605557222218,39.28851694999995,-0.5726831512574083,1.3647819878192538,28.787394104444445,2.4527509899485993e-07,4.1002165443799023e-07,inconclusive
gen|u=0.9,vis-gen,vispool,policy,full,inf,180,180,2878.7394104444443,2894.545769333333,15.806358888888846,0.5490722373668594,-14.48607299444447,40.68940791666659,-0.5032089025455759,1.4134453354492622,28.787394104444445,1.4819611092552115e-07,4.1002165443799023e-07,inconclusive
gen|u=0.9,vis-gen,visseed501,policy,8,8.0,180,180,2468.375416666667,2551.0134577777776,82.63804111111094,3.3478716630028122,18.910844972222073,182.2790399166665,0.766125154404575,7.384575242724584,24.683754166666674,2.1220293114511378e-08,6.366087934353413e-08,inconclusive
gen|u=0.9,vis-gen,visseed501,policy,40,40.0,180,180,2468.375416666667,2462.778415555556,-5.5970011111112425,-0.22674837357882618,-14.508491166666708,1.6729445833331194,-0.5877749012044206,0.06777512739906841,24.683754166666674,0.18867564229938172,0.18867564229938172,equivalent
gen|u=0.9,vis-gen,visseed501,policy,full,inf,180,180,2468.375416666667,2467.416707777778,-0.9587088888889427,-0.03883967091940975,-8.918192444444482,5.81065211111103,-0.3612980579950739,0.23540390460369376,24.683754166666674,0.04270508018784162,0.08541016037568323,equivalent
gen|u=0.9,vis-gen,visseed502,policy,8,8.0,180,180,2468.0992177777775,2459.9325344444446,-8.166683333333342,-0.33088958800799123,-13.564033138888913,-3.5074321666669444,-0.5495740625493034,-0.1421106631938792,24.680992177777775,2.6128928880073078e-09,7.838678664021923e-09,equivalent
gen|u=0.9,vis-gen,visseed502,policy,40,40.0,180,180,2468.0992177777775,2459.923583333333,-8.175634444444409,-0.3312522602638953,-14.346157499999904,-3.348726027777773,-0.5812634028917553,-0.13568036502166606,24.680992177777775,4.69713465305005e-08,4.69713465305005e-08,equivalent
gen|u=0.9,vis-gen,visseed502,policy,full,inf,180,180,2468.0992177777775,2460.1716833333335,-7.927534444444398,-0.32119999015202383,-12.318549833333364,-4.495765361111014,-0.4991108033503092,-0.1821549688411191,24.680992177777775,1.5386977145414044e-08,3.077395429082809e-08,equivalent
gen|u=0.9,vis-gen,visseed503,policy,8,8.0,180,180,2591.4452200000005,2458.9438666666665,-132.50135333333336,-5.113029297734232,-256.91288375000016,-38.359747000000226,-9.913884413501131,-1.4802453358439203,25.914452200000007,0.015277222062530434,0.045831666187591304,better
gen|u=0.9,vis-gen,visseed503,policy,40,40.0,180,180,2591.4452200000005,2459.3645655555556,-132.0806544444445,-5.096795156042098,-253.7902371388889,-37.40051847222231,-9.793386145314269,-1.4432301398299403,25.914452200000007,0.8795562786785858,0.8795562786785858,better
gen|u=0.9,vis-gen,visseed503,policy,full,inf,180,180,2591.4452200000005,2462.6992433333335,-128.74597666666668,-4.968114921860732,-252.12632602777785,-33.03804366666676,-9.729178301047698,-1.2748887536456106,25.914452200000007,0.2354712357132278,0.4709424714264556,better
gen|u=0.9,vis-gen,visseed504,policy,8,8.0,180,180,2952.3417433333325,2897.9468777777774,-54.39486555555556,-1.842431204937041,-105.07215894444451,-11.331705944444527,-3.5589429706675184,-0.3838209438332332,29.523417433333325,0.41055653383129165,1.0,inconclusive
gen|u=0.9,vis-gen,visseed504,policy,40,40.0,180,180,2952.3417433333325,2917.286293333333,-35.05545000000001,-1.1873777850805565,-86.9378165555556,10.814020361111297,-2.9447070872425063,0.36628619926979594,29.523417433333325,0.5363188973442141,1.0,inconclusive
gen|u=0.9,vis-gen,visseed504,policy,full,inf,180,180,2952.3417433333325,2917.286293333333,-35.05545000000001,-1.1873777850805565,-86.55405425000005,10.857248000000048,-2.93170851394312,0.3677503806771944,29.523417433333325,0.5363188973442141,1.0,inconclusive
gen|u=0.9,vis-gen,visseed505,policy,8,8.0,180,180,3913.435454444444,4143.415403333333,229.97994888888886,5.8766766838508415,165.75027458333344,297.7132756944443,4.2354160816704605,7.607466103889224,39.13435454444444,7.449472436704488e-12,7.449472436704488e-12,worse
gen|u=0.9,vis-gen,visseed505,policy,40,40.0,180,180,3913.435454444444,4165.154918888889,251.71946444444436,6.432186435030363,185.2734988055555,321.8705914444444,4.734292949565387,8.224757893448828,39.13435454444444,3.032572865502603e-13,9.09771859650781e-13,worse
gen|u=0.9,vis-gen,visseed505,policy,full,inf,180,180,3913.435454444444,4165.154918888889,251.71946444444436,6.432186435030363,184.9200402222221,321.90538344444417,4.7252610238456985,8.225646933281086,39.13435454444444,3.032572865502603e-13,9.09771859650781e-13,worse
gen|u=1.1,vis-gen,atc_la,rule,8,8.0,180,180,3219.466161111111,3212.700305555555,-6.765855555555448,-0.21015457895728892,-13.758379444444131,-1.0852345833331771,-0.42734971439164937,-0.033708525855685276,32.19466161111111,0.15917113164934438,0.47751339494803313,equivalent
gen|u=1.1,vis-gen,atc_la,rule,40,40.0,180,180,3219.466161111111,3203.959468888889,-15.506692222222238,-0.4816541453217364,-29.700374499999995,-3.848722055555629,-0.9225248228653449,-0.11954534891670822,32.19466161111111,0.7024749283757608,1.0,equivalent
gen|u=1.1,vis-gen,atc_la,rule,full,inf,180,180,3219.466161111111,3203.959468888889,-15.506692222222238,-0.4816541453217364,-29.417198138888914,-3.8648174444445185,-0.9137290677015958,-0.1200452885987372,32.19466161111111,0.7024749283757608,1.0,equivalent
gen|u=1.1,vis-gen,vispool,policy,8,8.0,180,180,5348.467286888887,5456.642785888887,108.17549900000013,2.0225513814991283,63.72759476388913,151.21489803333307,1.191511349805009,2.8272566685416187,53.48467286888888,6.441100616371186e-11,1.9323301849113558e-10,worse
gen|u=1.1,vis-gen,vispool,policy,40,40.0,180,180,5348.467286888887,5140.403686999999,-208.06359988888883,-3.89015373430312,-391.40381010555564,-42.645107516666755,-7.3180556056692,-0.797333240145378,53.48467286888888,8.758870434995305e-05,0.0001517805841363146,inconclusive
gen|u=1.1,vis-gen,vispool,policy,full,inf,180,180,5348.467286888887,5152.097124777776,-196.37016211111117,-3.67152216846289,-378.2975415694442,-36.429802655555335,-7.073008420501969,-0.6811260254850682,53.48467286888888,7.58902920681573e-05,0.0001517805841363146,inconclusive
gen|u=1.1,vis-gen,visseed501,policy,8,8.0,180,180,3322.2732311111117,4792.240351111111,1469.9671199999998,44.24582259624622,774.2379257222223,2283.388231222221,23.304462693554065,68.72969416963207,33.222732311111116,2.747581433229594e-14,8.242744299688782e-14,worse
gen|u=1.1,vis-gen,visseed501,policy,40,40.0,180,180,3322.2732311111117,3173.12565,-149.14758111111107,-4.489323145201687,-223.04834624999995,-82.68046141666659,-6.713726738706646,-2.488671330293164,33.222732311111116,0.06044745775328421,0.11580431384719522,better
gen|u=1.1,vis-gen,visseed501,policy,full,inf,180,180,3322.2732311111117,3201.9802344444442,-120.29299666666687,-3.620803838173048,-185.76365663888888,-62.59382286111138,-5.591462342691226,-1.8840660748477118,33.222732311111116,0.05790215692359761,0.11580431384719522,better
gen|u=1.1,vis-gen,visseed502,policy,8,8.0,180,180,3183.799957777777,3149.587138888889,-34.212818888888805,-1.074590719976283,-61.33672161111111,-10.586493749999985,-1.9265256116757663,-0.332511272391282,31.83799957777777,6.97918960084332e-05,0.0001395837920168664,inconclusive
gen|u=1.1,vis-gen,visseed502,policy,40,40.0,180,180,3183.799957777777,3145.2786988888893,-38.521258888888816,-1.2099145486444385,-63.97683983333314,-17.55358805555553,-2.009449107411496,-0.5513407967945182,31.83799957777777,5.5820801993723414e-06,1.6746240598117023e-05,inconclusive
gen|u=1.1,vis-gen,visseed502,policy,full,inf,180,180,3183.799957777777,3161.2302488888886,-22.56970888888898,-0.7088921787863249,-42.98499186111134,-5.6296828055558406,-1.350115975600236,-0.17682275520492302,31.83799957777777,0.016535056447527157,0.016535056447527157,inconclusive
gen|u=1.1,vis-gen,visseed503,policy,8,8.0,180,180,4963.692296666666,3151.1575433333333,-1812.5347533333331,-36.51585644320718,-2714.8379718055553,-1005.2812772499999,-54.69392157182439,-20.252691286385534,49.63692296666666,1.4124604937916859e-12,4.237381481375058e-12,better
gen|u=1.1,vis-gen,visseed503,policy,40,40.0,180,180,4963.692296666666,3153.5435722222223,-1810.1487244444443,-36.467786805802554,-2733.913825166667,-1008.2615525833336,-55.07822930528163,-20.312732786849512,49.63692296666666,2.5359742877888256e-09,4.3045562147858554e-09,better
gen|u=1.1,vis-gen,visseed503,policy,full,inf,180,180,4963.692296666666,3167.204626666667,-1796.48767,-36.19256719854329,-2700.0451044722226,-1008.5020605277776,-54.39590013034087,-20.317578130397614,49.63692296666666,2.1522781073929277e-09,4.3045562147858554e-09,better
gen|u=1.1,vis-gen,visseed504,policy,8,8.0,180,180,6537.824164444443,6471.296471111112,-66.52769333333273,-1.0175815632231213,-205.21497749999904,61.525022888890554,-3.138887989922521,0.9410626737790017,65.37824164444443,0.49070116627038274,0.49070116627038274,inconclusive
gen|u=1.1,vis-gen,visseed504,policy,40,40.0,180,180,6537.824164444443,6521.103723333333,-16.7204411111114,-0.25574932409538476,-181.4164021388894,135.49699869444385,-2.7748742941957873,2.072509068557334,65.37824164444443,0.15022340540249585,0.45067021620748754,inconclusive
gen|u=1.1,vis-gen,visseed504,policy,full,inf,180,180,6537.824164444443,6521.103723333333,-16.7204411111114,-0.25574932409538476,-182.81679277777835,133.58711091666595,-2.7962941213992307,2.043296172496827,65.37824164444443,0.15022340540249585,0.45067021620748754,inconclusive
gen|u=1.1,vis-gen,visseed505,policy,8,8.0,180,180,8734.74678444444,9718.932424999995,984.1856405555556,11.26747763665313,840.14846086111,1135.3160859999996,9.61846383866921,12.997698891762546,87.3474678444444,2.1127405268175343e-26,6.338221580452603e-26,worse
gen|u=1.1,vis-gen,visseed505,policy,40,40.0,180,180,8734.74678444444,9708.966790555553,974.2200061111113,11.153385783845307,831.4558036666663,1124.2502566111111,9.518945702551923,12.87101142546306,87.3474678444444,2.152440378784114e-26,6.338221580452603e-26,worse
gen|u=1.1,vis-gen,visseed505,policy,full,inf,180,180,8734.74678444444,9708.966790555553,974.2200061111113,11.153385783845307,828.6460042222222,1125.0624296388885,9.48677763272936,12.88030961175077,87.3474678444444,2.152440378784114e-26,6.338221580452603e-26,worse
gen|pm=0.2,vis-gen,atc_la,rule,8,8.0,180,180,4188.108077777779,4180.2519855555565,-7.856092222222192,-0.18758093335525033,-14.828796944444434,-2.215197166666625,-0.3540691087492812,-0.052892550180844766,41.88108077777779,0.04208870404242352,0.12626611212727057,equivalent
gen|pm=0.2,vis-gen,atc_la,rule,40,40.0,180,180,4188.108077777779,4170.167841111112,-17.940236666666586,-0.42836135872085046,-32.3094187499998,-6.324283472222148,-0.7714561837941695,-0.15100573707204398,41.88108077777779,0.09334558243687252,0.18669116487374504,equivalent
gen|pm=0.2,vis-gen,atc_la,rule,full,inf,180,180,4188.108077777779,4170.167841111112,-17.940236666666586,-0.42836135872085046,-32.22290033333335,-6.356584416666443,-0.7693903723332495,-0.15177699091374125,41.88108077777779,0.09334558243687252,0.18669116487374504,equivalent
gen|pm=0.2,vis-gen,vispool,policy,8,8.0,180,180,6003.712535777778,5985.1591325555555,-18.553403222222222,-0.30903217153815044,-61.03992801666661,20.771813852778052,-1.0167030425409753,0.34598281861420055,60.037125357777775,0.5587917019087866,0.5587917019087866,inconclusive
gen|pm=0.2,vis-gen,vispool,policy,40,40.0,180,180,6003.712535777778,5642.520107444444,-361.1924283333332,-6.016151276079393,-547.7203885222217,-205.41053348055544,-9.12302821392938,-3.421391884712292,60.037125357777775,0.00187781875728359,0.00563345627185077,better
gen|pm=0.2,vis-gen,vispool,policy,full,inf,180,180,6003.712535777778,5655.921900777778,-347.790635,-5.792926175719104,-521.2649045944444,-197.24662864722242,-8.682376137899395,-3.285410943175167,60.037125357777775,0.0019638886438186867,0.00563345627185077,better
gen|pm=0.2,vis-gen,visseed501,policy,8,8.0,180,180,4284.416653333334,5825.630224444444,1541.213571111111,35.97254179077159,837.4656422777775,2344.3120118888874,19.546783378927863,54.7171809274194,42.844166533333336,5.159514623330093e-11,1.547854386999028e-10,worse
gen|pm=0.2,vis-gen,visseed501,policy,40,40.0,180,180,4284.416653333334,4125.436176666667,-158.98047666666676,-3.7106679749033704,-234.84020333333305,-93.49811008333369,-5.4812643665415735,-2.182283322295251,42.844166533333336,0.00015181397082374815,0.0003036279416474963,better
gen|pm=0.2,vis-gen,visseed501,policy,full,inf,180,180,4284.416653333334,4159.751346666667,-124.66530666666691,-2.9097381686647035,-189.32541175000054,-66.70843805555606,-4.4189309086618085,-1.557001651640393,42.844166533333336,0.0011502782543288486,0.0011502782543288486,better
gen|pm=0.2,vis-gen,visseed502,policy,8,8.0,180,180,4142.247111111111,4103.37982888889,-38.867282222222066,-0.9383139436072021,-66.0666314444441,-14.716909388888775,-1.5949466478527514,-0.35528805969620514,41.42247111111111,5.060283271342244e-09,5.060283271342244e-09,inconclusive
gen|pm=0.2,vis-gen,visseed502,policy,40,40.0,180,180,4142.247111111111,4096.904764444445,-45.34234666666654,-1.0946316202391888,-70.81093988888881,-23.766096111110873,-1.7094813030093363,-0.5737488728608441,41.42247111111111,1.4506410016595846e-14,4.3519230049787536e-14,inconclusive
gen|pm=0.2,vis-gen,visseed502,policy,full,inf,180,180,4142.247111111111,4112.060711111111,-30.186399999999956,-0.7287445483160178,-50.96585661111129,-12.900969388888937,-1.2303915059630588,-0.31144856989056835,41.42247111111111,1.2790170899287561e-10,2.5580341798575123e-10,inconclusive
gen|pm=0.2,vis-gen,visseed503,policy,8,8.0,180,180,6045.0295799999985,4106.936276666666,-1938.0933033333336,-32.06093994553016,-2873.7647605833336,-1135.620796138889,-47.5393002226357,-18.786025462904178,60.450295799999985,2.0951457809856278e-11,6.285437342956883e-11,better
gen|pm=0.2,vis-gen,visseed503,policy,40,40.0,180,180,6045.0295799999985,4105.548297777777,-1939.481282222222,-32.083900608840736,-2854.4572954444443,-1144.9282522222218,-47.21990616701738,-18.93999420631821,60.450295799999985,1.9722736339484772e-10,3.9445472678969544e-10,better
gen|pm=0.2,vis-gen,visseed503,policy,full,inf,180,180,6045.0295799999985,4123.086147777778,-1921.943432222222,-31.793780440396496,-2846.7442858888885,-1116.7407815833335,-47.09231358118332,-18.47370251550256,60.450295799999985,2.5945434593672343e-09,2.5945434593672343e-09,better
gen|pm=0.2,vis-gen,visseed504,policy,8,8.0,180,180,7930.729048888889,7734.98953,-195.73951888888848,-2.4681150709128308,-337.1949254722216,-70.08598136111065,-4.251751930920692,-0.883726841871238,79.3072904888889,3.96349371969673e-05,0.00011890481159090189,inconclusive
gen|pm=0.2,vis-gen,visseed504,policy,40,40.0,180,180,7930.729048888889,7733.69679,-197.0322588888892,-2.4844154638783658,-346.82261622222296,-60.37060491666678,-4.373149228579603,-0.7612238993983135,79.3072904888889,7.203635256527214e-05,0.00014407270513054428,inconclusive
gen|pm=0.2,vis-gen,visseed504,policy,full,inf,180,180,7930.729048888889,7733.69679,-197.0322588888892,-2.4844154638783658,-348.4153179722222,-59.85338666666678,-4.393231893618102,-0.7547022007396955,79.3072904888889,7.203635256527214e-05,0.00014407270513054428,inconclusive
gen|pm=0.2,vis-gen,visseed505,policy,8,8.0,180,180,7616.1402855555525,8154.859802777777,538.7195172222218,7.073392781957212,403.47684048611046,683.5973195138887,5.297655050437128,8.975639810763074,76.16140285555552,5.071454966305344e-13,5.071454966305344e-13,worse
gen|pm=0.2,vis-gen,visseed505,policy,40,40.0,180,180,7616.1402855555525,8151.014508333332,534.8742227777777,7.022904026494857,408.24504988888873,670.2714447499995,5.360261688760499,8.800670938548858,76.16140285555552,4.886929420296327e-14,1.466078826088898e-13,worse
gen|pm=0.2,vis-gen,visseed505,policy,full,inf,180,180,7616.1402855555525,8151.014508333332,534.8742227777777,7.022904026494857,406.93295587500006,671.8367923888887,5.343033880911723,8.821223969089248,76.16140285555552,4.886929420296327e-14,1.466078826088898e-13,worse
gen|pm=0.5,vis-gen,atc_la,rule,8,8.0,180,180,2505.5283344444447,2505.309134444444,-0.2191999999999325,-0.008748653806325288,-1.0782839999999585,0.6878631944445088,-0.043036192613604925,0.02745381822221659,25.055283344444447,0.21199007427742012,0.6359702228322603,equivalent
gen|pm=0.5,vis-gen,atc_la,rule,40,40.0,180,180,2505.5283344444447,2506.31811,0.7897755555555199,0.03152131806685947,-0.7415825833333635,2.5565992500000316,-0.029597852602125767,0.10203832919602208,25.055283344444447,0.6780838155571628,1.0,equivalent
gen|pm=0.5,vis-gen,atc_la,rule,full,inf,180,180,2505.5283344444447,2506.31811,0.7897755555555199,0.03152131806685947,-0.7706516666666839,2.4809173055555376,-0.030758050350987623,0.09901773096913055,25.055283344444447,0.6780838155571628,1.0,equivalent
gen|pm=0.5,vis-gen,vispool,policy,8,8.0,180,180,2948.9323668888887,3040.327077777777,91.39471088888891,3.0992474400255556,69.36234223888886,115.51524360555555,2.3521170921958388,3.9171886375754235,29.489323668888886,2.8805740861092906e-16,5.761148172218581e-16,worse
gen|pm=0.5,vis-gen,vispool,policy,40,40.0,180,180,2948.9323668888887,3049.645391555555,100.71302466666666,3.415236842916085,76.65430092222218,127.13343194444447,2.5993916233179717,4.311168115346427,29.489323668888886,5.813953220828846e-16,5.813953220828846e-16,worse
gen|pm=0.5,vis-gen,vispool,policy,full,inf,180,180,2948.9323668888887,3049.880976666666,100.94860977777779,3.423225670118645,77.10186427777778,127.74996388333322,2.614568755238016,4.332075069531313,29.489323668888886,1.8567637006098132e-16,5.57029110182944e-16,worse
gen|pm=0.5,vis-gen,visseed501,policy,8,8.0,180,180,2505.063663333334,2515.8114533333332,10.747790000000029,0.42904258910923676,5.515808305555557,18.571718777777736,0.2201863523985658,0.7413671376744772,25.05063663333334,2.8457846328329076e-10,8.537353898498722e-10,equivalent
gen|pm=0.5,vis-gen,visseed501,policy,40,40.0,180,180,2505.063663333334,2508.5907677777777,3.5271044444444044,0.14079899429586168,1.5164336944444292,5.9021058333332945,0.060534736766993155,0.23560701948307874,25.05063663333334,0.0015344060695161763,0.0030688121390323527,equivalent
gen|pm=0.5,vis-gen,visseed501,policy,full,inf,180,180,2505.063663333334,2507.9914266666665,2.927763333333325,0.11687380948384885,1.2652452222221826,4.7675020833332695,0.05050750768300231,0.1903146076930216,25.05063663333334,0.01506770566747594,0.01506770566747594,equivalent
gen|pm=0.5,vis-gen,visseed502,policy,8,8.0,180,180,2509.3863888888886,2506.8308022222227,-2.55558666666671,-0.10184109860412044,-5.599162888888907,0.6182728055554773,-0.22312876620679034,0.024638405958248517,25.093863888888887,0.00023781455861551326,0.0004756291172310265,equivalent
gen|pm=0.5,vis-gen,visseed502,policy,40,40.0,180,180,2509.3863888888886,2506.0890299999996,-3.2973588888888825,-0.1314010031890264,-5.723207833333283,-1.167751166666628,-0.22807200432243582,-0.046535327195413985,25.093863888888887,2.7580064347376115e-05,8.274019304212834e-05,equivalent
gen|pm=0.5,vis-gen,visseed502,policy,full,inf,180,180,2509.3863888888886,2507.660152222222,-1.7262366666666942,-0.06879118633583729,-3.570531694444431,0.06345233333329747,-0.14228704316936217,0.002528599565784408,25.093863888888887,0.004311341729039798,0.004311341729039798,equivalent
gen|pm=0.5,vis-gen,visseed503,policy,8,8.0,180,180,2509.1110544444446,2502.737933333333,-6.373121111111115,-0.2539991643583198,-13.446754500000043,-1.6969037499999413,-0.535917072151171,-0.06762967892529817,25.091110544444447,0.0015797814088932933,0.00473934422667988,equivalent
gen|pm=0.5,vis-gen,visseed503,policy,40,40.0,180,180,2509.1110544444446,2505.07924,-4.031814444444436,-0.16068696669694205,-11.196566972222142,0.6276108611111495,-0.44623640521568037,0.02501327551841312,25.091110544444447,0.6816291753268757,0.6816291753268757,equivalent
gen|pm=0.5,vis-gen,visseed503,policy,full,inf,180,180,2509.1110544444446,2505.2853844444444,-3.8256700000000206,-0.15247113089010253,-10.788413666666685,0.7227524166665048,-0.4299695562520808,0.028805118664886407,25.091110544444447,0.3216845756169725,0.643369151233945,equivalent
gen|pm=0.5,vis-gen,visseed504,policy,8,8.0,180,180,2559.8758788888886,2603.2623844444447,43.38650555555566,1.694867548593314,8.974220416666798,99.54416908333336,0.3505724824659096,3.888632644428854,25.598758788888887,0.006122923820622402,0.006122923820622402,inconclusive
gen|pm=0.5,vis-gen,visseed504,policy,40,40.0,180,180,2559.8758788888886,2646.772633333333,86.89675444444448,3.3945690555185015,35.36795469444442,164.53592397222235,1.3816277182078,6.4274961660890755,25.598758788888887,2.1932027362749815e-05,6.579608208824944e-05,worse
gen|pm=0.5,vis-gen,visseed504,policy,full,inf,180,180,2559.8758788888886,2646.772633333333,86.89675444444448,3.3945690555185015,35.122040583333415,162.7614178333334,1.3720212324739003,6.358176159071425,25.598758788888887,2.1932027362749815e-05,6.579608208824944e-05,worse
gen|pm=0.5,vis-gen,visseed505,policy,8,8.0,180,180,4661.224848888888,5072.9928155555535,411.76796666666667,8.83390053077618,311.576428583334,518.2798901388892,6.684432497557065,11.118963511542107,46.61224848888888,4.161666342396668e-14,4.161666342396668e-14,worse
gen|pm=0.5,vis-gen,visseed505,policy,40,40.0,180,180,4661.224848888888,5081.695286666666,420.47043777777793,9.020599765274289,319.8736001944443,529.3261602500005,6.862436603346729,11.355945645406438,46.61224848888888,1.1566831824312525e-14,3.4700495472937573e-14,worse
gen|pm=0.5,vis-gen,visseed505,policy,full,inf,180,180,4661.224848888888,5081.695286666666,420.47043777777793,9.020599765274289,317.64174705555575,530.4476730555558,6.814555344423539,11.380006119679045,46.61224848888888,1.1566831824312525e-14,3.4700495472937573e-14,worse
gen|pm=0.8,vis-gen,atc_la,rule,8,8.0,180,180,993.371681111111,993.7398299999998,0.3681488888889084,0.03706053795263468,-0.11142058333332631,0.9643631388889032,-0.011216404237404836,0.09707978969263942,9.93371681111111,0.5550437335304746,1.0,equivalent
gen|pm=0.8,vis-gen,atc_la,rule,40,40.0,180,180,993.371681111111,993.4896399999999,0.11795888888887952,0.011874597507847171,-0.5571021944444545,0.7791222222222088,-0.05608194848290036,0.0784320951600655,9.93371681111111,0.8014425986861929,1.0,equivalent
gen|pm=0.8,vis-gen,atc_la,rule,full,inf,180,180,993.371681111111,993.4896399999999,0.11795888888887952,0.011874597507847171,-0.5513777222221974,0.7826830555555746,-0.05550568157987629,0.07879055447605715,9.93371681111111,0.8014425986861929,1.0,equivalent
gen|pm=0.8,vis-gen,vispool,policy,8,8.0,180,180,1281.5761697777777,1341.2360353333331,59.65986555555554,4.655194670629715,43.325901372222226,77.09507271666665,3.380673142489442,6.015644995180797,12.815761697777777,2.0054543263828273e-15,5.07041768388779e-15,worse
gen|pm=0.8,vis-gen,vispool,policy,40,40.0,180,180,1281.5761697777777,1348.379469111111,66.80329933333326,5.2125890687337595,49.29751769444435,85.97332765555542,3.8466318941458173,6.708405608888857,12.815761697777777,2.1497730658363642e-15,5.07041768388779e-15,worse
gen|pm=0.8,vis-gen,vispool,policy,full,inf,180,180,1281.5761697777777,1348.2564559999996,66.68028622222214,5.202990488952705,49.46899213888878,85.4885094333332,3.860011859261286,6.670575768286695,12.815761697777777,1.6901392279625967e-15,5.07041768388779e-15,worse
gen|pm=0.8,vis-gen,visseed501,policy,8,8.0,180,180,996.3971799999999,999.5188533333334,3.1216733333333497,0.31329608272610227,1.3021388333333626,5.300848305555588,0.1306847168448793,0.5320015363306818,9.9639718,7.453605841018842e-05,0.00022360817523056528,equivalent
gen|pm=0.8,vis-gen,visseed501,policy,40,40.0,180,180,996.3971799999999,998.0716377777778,1.6744577777777645,0.16805123613233877,-0.03322849999999506,3.8671046944444294,-0.0033348649180234597,0.38810875543068374,9.9639718,0.08762597264467543,0.08762597264467543,equivalent
gen|pm=0.8,vis-gen,visseed501,policy,full,inf,180,180,996.3971799999999,997.9949388888888,1.5977588888888685,0.1603536140968272,0.4731550833333191,2.860071083333297,0.047486593983868876,0.28704126634855565,9.9639718,0.0156954613812099,0.0313909227624198,equivalent
gen|pm=0.8,vis-gen,visseed502,policy,8,8.0,180,180,997.1023399999999,995.6074722222221,-1.4948677777777561,-0.14992119843764043,-3.0672369722221857,-0.11925638888885065,-0.307615061080108,-0.011960295759495525,9.9710234,0.021948571176852096,0.0658457135305563,equivalent
gen|pm=0.8,vis-gen,visseed502,policy,40,40.0,180,180,997.1023399999999,997.13259,0.03025000000000391,0.0030337908945238167,-1.2486024444444679,1.4357307222221938,-0.1252230984077791,0.14399030717571015,9.9710234,0.38239511337642373,0.7647902267528475,equivalent
gen|pm=0.8,vis-gen,visseed502,policy,full,inf,180,180,997.1023399999999,997.1257944444443,0.023454444444446505,0.0023522604955923086,-1.184100777777773,1.1905426388889022,-0.11875418703538226,0.11940024520340634,9.9710234,0.7665775565037902,0.7665775565037902,equivalent
gen|pm=0.8,vis-gen,visseed503,policy,8,8.0,180,180,996.7763611111112,995.3249044444444,-1.45145666666668,-0.14561507709199029,-3.281769805555603,0.12121322222219674,-0.3292383260270538,0.012160523358226495,9.967763611111112,0.1231116783363449,0.3693350350090347,equivalent
gen|pm=0.8,vis-gen,visseed503,policy,40,40.0,180,180,996.7763611111112,996.8941344444446,0.11777333333331576,0.011815421987137946,-0.8666296111111133,1.1434084722222244,-0.08694323470362773,0.11471063287934133,9.967763611111112,0.3482322297466114,0.6964644594932228,equivalent
gen|pm=0.8,vis-gen,visseed503,policy,full,inf,180,180,996.7763611111112,996.3625633333335,-0.41379777777778315,-0.041513602641671886,-1.4212271111111692,0.5908997500000048,-0.14258234510366205,0.05928107578126413,9.967763611111112,0.6253118531248547,0.6964644594932228,equivalent
gen|pm=0.8,vis-gen,visseed504,policy,8,8.0,180,180,1003.5044499999999,1034.0959544444445,30.59150444444446,3.0484672434132665,17.797291777777783,44.792415111111104,1.7735139866871326,4.463599051415378,10.0350445,2.3084232679847423e-07,2.3084232679847423e-07,worse
gen|pm=0.8,vis-gen,visseed504,policy,40,40.0,180,180,1003.5044499999999,1061.8242111111113,58.31976111111113,5.8116096157930475,34.28382541666668,85.93979852777778,3.4164099039786704,8.56396785562613,10.0350445,4.850620153309543e-09,1.4551860459928629e-08,worse
gen|pm=0.8,vis-gen,visseed504,policy,full,inf,180,180,1003.5044499999999,1061.8242111111113,58.31976111111113,5.8116096157930475,34.54557480555556,86.4722631944444,3.442493434439236,8.61702837435792,10.0350445,4.850620153309543e-09,1.4551860459928629e-08,worse
gen|pm=0.8,vis-gen,visseed505,policy,8,8.0,180,180,2414.100517777777,2681.6329922222208,267.53247444444446,11.082076842877814,188.16409677777767,354.2991178055555,7.794377052326972,14.676237182190501,24.14100517777777,1.8950061672361307e-14,5.685018501708392e-14,worse
gen|pm=0.8,vis-gen,visseed505,policy,40,40.0,180,180,2414.100517777777,2687.974772222221,273.8742544444441,11.344774272139682,190.3860814444443,366.49405938888833,7.886418980585702,15.181391855474715,24.14100517777777,1.0698313846588775e-13,2.139662769317755e-13,worse
gen|pm=0.8,vis-gen,visseed505,policy,full,inf,180,180,2414.100517777777,2687.974772222221,273.8742544444441,11.344774272139682,193.12108638888864,367.3475022499998,7.999711899596463,15.216744271615907,24.14100517777777,1.0698313846588775e-13,2.139662769317755e-13,worse
gen|pm=0.2|u=0.7,vis-gen,atc_la,rule,8,8.0,60,60,3219.5625599999994,3219.35979,-0.20276999999999817,-0.006298060566339739,-0.48978524999990924,0.06912433333336114,-0.015212788721207807,0.0021470100998242803,32.19562559999999,0.08355636667535958,0.25066910002607873,equivalent
gen|pm=0.2|u=0.7,vis-gen,atc_la,rule,40,40.0,60,60,3219.5625599999994,3219.54379,-0.018769999999972243,-0.0005829984555408746,-0.7844335833332914,1.1003651666666951,-0.02436460136166112,0.034177474304667506,32.19562559999999,0.10050558691972779,0.25066910002607873,equivalent
gen|pm=0.2|u=0.7,vis-gen,atc_la,rule,full,inf,60,60,3219.5625599999994,3219.54379,-0.018769999999972243,-0.0005829984555408746,-0.7731226666666354,1.0888022500000285,-0.024013282930791555,0.03381832872351543,32.19562559999999,0.10050558691972779,0.25066910002607873,equivalent
gen|pm=0.2|u=0.7,vis-gen,vispool,policy,8,8.0,60,60,3241.441644666667,3240.6637806666668,-0.7778640000000375,-0.0239974704243065,-5.394936283333368,3.113889666666557,-0.16643632293087773,0.09606496145904773,32.41441644666667,0.5951376668487183,1.0,equivalent
gen|pm=0.2|u=0.7,vis-gen,vispool,policy,40,40.0,60,60,3241.441644666667,3239.4568026666666,-1.984842000000102,-0.061233309668427265,-6.6595946833334345,1.4041604333333317,-0.20545162965654046,0.0433190100967475,32.41441644666667,0.7498452472006882,1.0,equivalent
gen|pm=0.2|u=0.7,vis-gen,vispool,policy,full,inf,60,60,3241.441644666667,3239.830067333334,-1.6115773333333892,-0.049717919061878266,-6.156675866666647,1.802531583333412,-0.18993634751366215,0.05560894752799953,32.41441644666667,0.5865038395019753,1.0,equivalent
gen|pm=0.2|u=0.7,vis-gen,visseed501,policy,8,8.0,60,60,3216.6797500000002,3222.2141700000006,5.534419999999875,0.17205380796766837,1.2216324999997583,11.49048999999974,0.03797805796488626,0.35721585277489126,32.1667975,0.2639930136692148,0.7919790410076444,equivalent
gen|pm=0.2|u=0.7,vis-gen,visseed501,policy,40,40.0,60,60,3216.6797500000002,3218.816526666667,2.1367766666664543,0.0664280199689277,-0.03910716666687208,4.951302083333124,-0.0012157618944463487,0.15392586356578156,32.1667975,0.9753871641763363,0.9753871641763363,equivalent
gen|pm=0.2|u=0.7,vis-gen,visseed501,policy,full,inf,60,60,3216.6797500000002,3219.1019733333333,2.422223333333238,0.07530197351269544,-0.045780166666774126,6.5504246666665775,-0.001423211827872331,0.2036393168038123,32.1667975,0.4174403049093858,0.8348806098187715,equivalent
gen|pm=0.2|u=0.7,vis-gen,visseed502,policy,8,8.0,60,60,3219.980303333333,3218.5352199999998,-1.445083333333173,-0.044878638910841116,-3.684248499999691,0.6354599166667388,-0.11441835517396634,0.019734900738644548,32.19980303333333,0.18460443945730043,0.18460443945730043,equivalent
gen|pm=0.2|u=0.7,vis-gen,visseed502,policy,40,40.0,60,60,3219.980303333333,3216.0428699999998,-3.9374333333332627,-0.12228128629411865,-6.778734416666613,-1.1721705833332654,-0.21052099013305292,-0.0364030358235369,32.19980303333333,0.00019497298967102218,0.0005849189690130665,equivalent
gen|pm=0.2|u=0.7,vis-gen,visseed502,policy,full,inf,60,60,3219.980303333333,3217.093706666666,-2.8865966666664957,-0.08964640757827874,-4.859306583333254,-1.031117499999808,-0.15091106545909258,-0.032022478489461326,32.19980303333333,0.0029299470569270672,0.0058598941138541345,equivalent
gen|pm=0.2|u=0.7,vis-gen,visseed503,policy,8,8.0,60,60,3218.4547066666664,3216.158103333334,-2.2966033333334623,-0.07135732960840827,-6.8669295833334365,0.31222316666663985,-0.21336107570845617,0.009701027204760867,32.18454706666667,0.33910817748609645,1.0,equivalent
gen|pm=0.2|u=0.7,vis-gen,visseed503,policy,40,40.0,60,60,3218.4547066666664,3215.19462,-3.2600866666666963,-0.10129353878784729,-8.344880166666622,0.22534066666646727,-0.259282199913553,0.007001517411436595,32.18454706666667,0.7818174611365323,1.0,equivalent
gen|pm=0.2|u=0.7,vis-gen,visseed503,policy,full,inf,60,60,3218.4547066666664,3215.7246600000003,-2.7300466666667416,-0.08482476578004212,-7.730074000000035,0.5192420000000144,-0.24017967330682197,0.01613327038359319,32.18454706666667,0.5666346521781178,1.0,equivalent
gen|pm=0.2|u=0.7,vis-gen,visseed504,policy,8,8.0,60,60,3240.923820000001,3233.206666666666,-7.71715333333345,-0.23811585097157414,-22.358677583333463,3.2550221666665324,-0.6898859345399072,0.10043501012209942,32.40923820000001,0.7791061247608694,1.0,equivalent
gen|pm=0.2|u=0.7,vis-gen,visseed504,policy,40,40.0,60,60,3240.923820000001,3234.5421333333334,-6.381686666666712,-0.19690949312923717,-21.082187583333326,4.931957833333216,-0.6504993253230285,0.15217753045899163,32.40923820000001,0.7934870829529873,1.0,equivalent
gen|pm=0.2|u=0.7,vis-gen,visseed504,policy,full,inf,60,60,3240.923820000001,3234.5421333333334,-6.381686666666712,-0.19690949312923717,-20.794696583333447,4.6957017499999525,-0.6416286755957579,0.14488775456622585,32.40923820000001,0.7934870829529873,1.0,equivalent
gen|pm=0.2|u=0.7,vis-gen,visseed505,policy,8,8.0,60,60,3311.1696433333336,3313.204743333333,2.0350999999999657,0.06146166518823371,-8.173717666666786,13.729395833333482,-0.24685288122049692,0.4146388531006278,33.111696433333336,0.8675461694261107,1.0,equivalent
gen|pm=0.2|u=0.7,vis-gen,visseed505,policy,40,40.0,60,60,3311.1696433333336,3312.687863333333,1.5182199999998867,0.04585147133903729,-6.757000833333318,10.60515383333329,-0.2040668875706135,0.3202842190428259,33.111696433333336,0.7271831935689568,1.0,equivalent
gen|pm=0.2|u=0.7,vis-gen,visseed505,policy,full,inf,60,60,3311.1696433333336,3312.687863333333,1.5182199999998867,0.04585147133903729,-6.754504833333517,10.736220999999821,-0.2039915063528367,0.32424255343171526,33.111696433333336,0.7271831935689568,1.0,equivalent
gen|pm=0.2|u=0.9,vis-gen,atc_la,rule,8,8.0,60,60,3951.6767566666663,3948.4968700000004,-3.1798866666667513,-0.08046930107079563,-6.696255750000304,-0.35462366666713047,-0.16945352978842218,-0.008974004922565174,39.516767566666665,0.08002709430721633,0.240081282921649,equivalent
gen|pm=0.2|u=0.9,vis-gen,atc_la,rule,40,40.0,60,60,3951.6767566666663,3947.4434333333334,-4.233323333333233,-0.10712726758815523,-9.953284666666521,0.5545857500004405,-0.251874970539401,0.014034188121911238,39.516767566666665,0.29124878538104726,0.5824975707620945,equivalent
gen|pm=0.2|u=0.9,vis-gen,atc_la,rule,full,inf,60,60,3951.6767566666663,3947.4434333333334,-4.233323333333233,-0.10712726758815523,-10.022340916666655,0.5775152500001443,-0.2536224882199307,0.014614435480479231,39.516767566666665,0.29124878538104726,0.5824975707620945,equivalent
gen|pm=0.2|u=0.9,vis-gen,vispool,policy,8,8.0,60,60,4732.509253333334,4712.219114666667,-20.290138666666888,-0.4287395455671971,-92.93958303333363,42.62543698333312,-1.963854227392621,0.9006942131874328,47.32509253333334,0.7272976251771205,1.0,inconclusive
gen|pm=0.2|u=0.9,vis-gen,vispool,policy,40,40.0,60,60,4732.509253333334,4669.203108,-63.30614533333327,-1.3376866677808124,-146.43469151666673,2.575239866666888,-3.0942293755374224,0.05441594994987116,47.32509253333334,0.6816139073629944,1.0,inconclusive
gen|pm=0.2|u=0.9,vis-gen,vispool,policy,full,inf,60,60,4732.509253333334,4673.771464666667,-58.73778866666662,-1.2411552840661595,-142.06188425000002,5.634246433333455,-3.001830036569691,0.11905410283910138,47.32509253333334,0.7427533077730925,1.0,inconclusive
gen|pm=0.2|u=0.9,vis-gen,visseed501,policy,8,8.0,60,60,3943.8184166666665,4184.226373333333,240.40795666666608,6.0958170804897245,49.79279049999967,533.7052317499989,1.262552816569196,13.532702963568212,39.438184166666666,0.0003386344513382273,0.001015903354014682,worse
gen|pm=0.2|u=0.9,vis-gen,visseed501,policy,40,40.0,60,60,3943.8184166666665,3924.3674433333335,-19.45097333333364,-0.4932015442479142,-47.202893833333476,1.931002000000012,-1.1968830419233545,0.04896275122200235,39.438184166666666,0.6075431468609194,0.9470449713040592,inconclusive
gen|pm=0.2|u=0.9,vis-gen,visseed501,policy,full,inf,60,60,3943.8184166666665,3936.9911933333337,-6.827223333333488,-0.1731120100378224,-30.44429525000005,13.629723999999836,-0.7719497206398186,0.3455971487531046,39.438184166666666,0.4735224856520296,0.9470449713040592,equivalent
gen|pm=0.2|u=0.9,vis-gen,visseed502,policy,8,8.0,60,60,3935.7999633333334,3916.461003333333,-19.338960000000032,-0.4913603379278797,-35.16376966666676,-6.57283241666661,-0.893433863363463,-0.16700118090096996,39.357999633333336,3.79595727668778e-06,3.79595727668778e-06,equivalent
gen|pm=0.2|u=0.9,vis-gen,visseed502,policy,40,40.0,60,60,3935.7999633333334,3914.6297,-21.1702633333333,-0.5378897182417687,-38.26772758333311,-7.891851833333239,-0.9722985908796838,-0.20051455629999598,39.357999633333336,6.245914516183594e-07,1.8737743548550782e-06,equivalent
gen|pm=0.2|u=0.9,vis-gen,visseed502,policy,full,inf,60,60,3935.7999633333334,3914.990613333334,-20.809349999999974,-0.5287197061299829,-32.419409833333205,-11.533086333333628,-0.8237057303561828,-0.29303029729097185,39.357999633333336,7.880498373969902e-07,1.8737743548550782e-06,equivalent
gen|pm=0.2|u=0.9,vis-gen,visseed503,policy,8,8.0,60,60,4314.6805233333325,3917.119303333334,-397.5612200000001,-9.214151959804008,-755.8328174166667,-122.81879041666727,-17.517700634593993,-2.846532663368153,43.146805233333325,0.0033992353220945746,0.010197705966283725,better
gen|pm=0.2|u=0.9,vis-gen,visseed503,policy,40,40.0,60,60,4314.6805233333325,3914.931300000001,-399.7492233333334,-9.264862628218525,-762.1583987499998,-121.51408724999992,-17.664306653258066,-2.816293966444669,43.146805233333325,0.012412576926952017,0.024825153853904033,better
gen|pm=0.2|u=0.9,vis-gen,visseed503,policy,full,inf,60,60,4314.6805233333325,3924.7884199999994,-389.8921033333336,-9.036407243244051,-753.0035320000003,-116.35384474999992,-17.45212717205451,-2.696696641171246,43.146805233333325,0.11276176626204833,0.11276176626204833,better
gen|pm=0.2|u=0.9,vis-gen,visseed504,policy,8,8.0,60,60,5353.8196800000005,5145.0037200000015,-208.81596000000005,-3.9003173898453007,-348.15877683333366,-90.81974424999993,-6.5029978154462915,-1.6963541859519617,53.53819680000001,6.924592598501121e-05,0.0002077377779550336,better
gen|pm=0.2|u=0.9,vis-gen,visseed504,policy,40,40.0,60,60,5353.8196800000005,5165.404446666667,-188.41523333333345,-3.5192674500634924,-331.1663985833335,-64.49108649999975,-6.185609870658428,-1.2045808479675906,53.53819680000001,0.0008515487486863887,0.0017030974973727775,better
gen|pm=0.2|u=0.9,vis-gen,visseed504,policy,full,inf,60,60,5353.8196800000005,5165.404446666667,-188.41523333333345,-3.5192674500634924,-327.85102633333327,-64.82849033333419,-6.123684508054505,-1.2108829622243493,53.53819680000001,0.0008515487486863887,0.0017030974973727775,better
gen|pm=0.2|u=0.9,vis-gen,visseed505,policy,8,8.0,60,60,6114.427683333333,6398.285173333334,283.85749,4.642421248577964,134.29869416666693,434.8473385833338,2.1964229707505973,7.111824051311258,61.144276833333336,9.316205847071526e-05,9.316205847071526e-05,worse
gen|pm=0.2|u=0.9,vis-gen,visseed505,policy,40,40.0,60,60,6114.427683333333,6426.682650000001,312.2549666666668,5.106855176614638,166.32804941666635,468.6661163333336,2.720255402971602,7.6649220598490455,61.144276833333336,1.08222019490084e-05,3.24666058470252e-05,worse
gen|pm=0.2|u=0.9,vis-gen,visseed505,policy,full,inf,60,60,6114.427683333333,6426.682650000001,312.2549666666668,5.106855176614638,168.1648140000004,466.40936866666675,2.7502952477201252,7.628013492382981,61.144276833333336,1.08222019490084e-05,3.24666058470252e-05,worse
gen|pm=0.2|u=1.1,vis-gen,atc_la,rule,8,8.0,60,60,5393.084916666668,5372.8992966666665,-20.185619999999826,-0.3742870789521345,-40.085650083333135,-3.4743801666663967,-0.7432786745013665,-0.06442287151699115,53.930849166666675,0.35655715386762665,0.929878878263999,equivalent
gen|pm=0.2|u=1.1,vis-gen,atc_la,rule,40,40.0,60,60,5393.084916666668,5343.5163,-49.56861666666656,-0.9191143368330957,-89.90498366666655,-15.964082666666801,-1.6670418703926992,-0.2960102225969364,53.930849166666675,0.30995962608799965,0.929878878263999,inconclusive
gen|pm=0.2|u=1.1,vis-gen,atc_la,rule,full,inf,60,60,5393.084916666668,5343.5163,-49.56861666666656,-0.9191143368330957,-91.27249758333318,-15.931223416665967,-1.6923986733690528,-0.29540093773477355,53.930849166666675,0.30995962608799965,0.929878878263999,inconclusive
gen|pm=0.2|u=1.1,vis-gen,vispool,policy,8,8.0,60,60,10037.186709333331,10002.594502333332,-34.59220699999973,-0.34464046551842353,-139.75761925000018,65.02164668333351,-1.392398321334832,0.6478074839722917,100.37186709333332,0.6891250471318024,0.6891250471318024,inconclusive
gen|pm=0.2|u=1.1,vis-gen,vispool,policy,40,40.0,60,60,10037.186709333331,9018.900411666666,-1018.2862976666663,-10.145136552255098,-1506.5510001666667,-585.6679797250009,-15.009693889282364,-5.834981421441555,100.37186709333332,0.00031774690429621873,0.0009532407128886563,better
gen|pm=0.2|u=1.1,vis-gen,vispool,policy,full,inf,60,60,10037.186709333331,9054.164170333333,-983.0225389999999,-9.793805450345081,-1460.8722848833336,-557.1932024333335,-14.554599084272335,-5.551288608741464,100.37186709333332,0.0003671374791894389,0.0009532407128886563,better
gen|pm=0.2|u=1.1,vis-gen,visseed501,policy,8,8.0,60,60,5692.751793333333,10070.450130000001,4377.698336666666,76.89951179310683,2402.2191520000006,6512.477382166664,42.1978550832515,114.39946125515775,56.92751793333333,2.6497593282759943e-08,7.949277984827983e-08,worse
gen|pm=0.2|u=1.1,vis-gen,visseed501,policy,40,40.0,60,60,5692.751793333333,5233.124559999999,-459.62723333333304,-8.073902569783444,-662.7685010833327,-281.94877925,-11.64232211668683,-4.952767826276644,56.92751793333333,3.124927693517337e-06,4.654575971681447e-06,better
gen|pm=0.2|u=1.1,vis-gen,visseed501,policy,full,inf,60,60,5692.751793333333,5323.160873333332,-369.59092000000044,-6.492306944293986,-545.1100562500006,-211.7089686666681,-9.575510685155255,-3.7189214698346102,56.92751793333333,2.3272879858407235e-06,4.654575971681447e-06,better
gen|pm=0.2|u=1.1,vis-gen,visseed502,policy,8,8.0,60,60,5270.961066666667,5175.143263333333,-95.81780333333299,-1.8178431242697028,-173.62760449999945,-25.94275274999974,-3.294040731926726,-0.49218259102804995,52.70961066666667,0.0009186147969957985,0.001837229593991597,inconclusive
gen|pm=0.2|u=1.1,vis-gen,visseed502,policy,40,40.0,60,60,5270.961066666667,5160.041723333333,-110.91934333333307,-2.1043476119522544,-184.35559558333293,-50.967253999999926,-3.4975708082761203,-0.966944231903261,52.70961066666667,4.264516436010393e-06,1.2793549308031181e-05,inconclusive
gen|pm=0.2|u=1.1,vis-gen,visseed502,policy,full,inf,60,60,5270.961066666667,5204.097813333333,-66.8632533333334,-1.2685211005669113,-125.84572100000025,-16.472703833333775,-2.38752894222352,-0.3125180327645835,52.70961066666667,0.0017623289466845572,0.001837229593991597,inconclusive
gen|pm=0.2|u=1.1,vis-gen,visseed503,policy,8,8.0,60,60,10601.953509999998,5187.531423333334,-5414.422086666665,-51.07004177635434,-7891.010515083333,-3225.4356800833325,-74.42977850865275,-30.423031727511635,106.01953509999998,2.7016621494983892e-09,6.9492269507821426e-09,better
gen|pm=0.2|u=1.1,vis-gen,visseed503,policy,40,40.0,60,60,10601.953509999998,5186.5189733333345,-5415.434536666667,-51.07959143151032,-7856.235380249997,-3198.7989024999997,-74.10177164840256,-30.171787675571505,106.01953509999998,2.3164089835940475e-09,6.9492269507821426e-09,better
gen|pm=0.2|u=1.1,vis-gen,visseed503,policy,full,inf,60,60,10601.953509999998,5228.745363333333,-5373.208146666666,-50.68130266368869,-7772.206014666666,-3164.3023139166658,-73.30918785236842,-29.846408125936655,106.01953509999998,4.968412626437847e-09,6.9492269507821426e-09,better
gen|pm=0.2|u=1.1,vis-gen,visseed504,policy,8,8.0,60,60,15197.443646666668,14826.758203333333,-370.68544333333193,-2.439130237634645,-746.0738185000007,-27.068928916663946,-4.909206020735209,-0.1781150142484727,151.97443646666667,0.038477944284711345,0.08119690894408754,inconclusive
gen|pm=0.2|u=1.1,vis-gen,visseed504,policy,40,40.0,60,60,15197.443646666668,14801.14379,-396.2998566666676,-2.607674460787292,-834.1994358333336,-12.733093249996301,-5.489077342400955,-0.08378444129180314,151.97443646666667,0.027065636314695846,0.08119690894408754,inconclusive
gen|pm=0.2|u=1.1,vis-gen,visseed504,policy,full,inf,60,60,15197.443646666668,14801.14379,-396.2998566666676,-2.607674460787292,-828.9543814166659,-18.603800750002225,-5.454564601056998,-0.1224140137152783,151.97443646666667,0.027065636314695846,0.08119690894408754,inconclusive
gen|pm=0.2|u=1.1,vis-gen,visseed505,policy,8,8.0,60,60,13422.823529999996,14753.089491666664,1330.2659616666654,9.910477916166613,1042.2260965416656,1632.2054121249992,7.764581678454547,12.15992602805976,134.22823529999997,4.4757995760721324e-10,9.022003923375919e-10,worse
gen|pm=0.2|u=1.1,vis-gen,visseed505,policy,40,40.0,60,60,13422.823529999996,14713.673011666662,1290.8494816666666,9.61682524382161,1019.5100473749995,1568.0896267500013,7.595347171900127,11.682263595623699,134.22823529999997,3.007334641125306e-10,9.022003923375919e-10,worse
gen|pm=0.2|u=1.1,vis-gen,visseed505,policy,full,inf,60,60,13422.823529999996,14713.673011666662,1290.8494816666666,9.61682524382161,1010.525837916668,1569.7114756250003,7.528414835061669,11.694346365477404,134.22823529999997,3.007334641125306e-10,9.022003923375919e-10,worse
gen|pm=0.5|u=0.7,vis-gen,atc_la,rule,8,8.0,60,60,2015.8267266666667,2015.7638333333332,-0.0628933333333445,-0.0031199771538570546,-0.1445071666666692,0.0015806666666410647,-0.0071686303567183845,7.841282416444717e-05,20.158267266666666,0.34652171170610724,1.0,equivalent
gen|pm=0.5|u=0.7,vis-gen,atc_la,rule,40,40.0,60,60,2015.8267266666667,2015.6924266666667,-0.13430000000000367,-0.006662278965914875,-0.46608766666667384,0.12758233333334626,-0.023121415174278778,0.006329032731117422,20.158267266666666,0.3342768550264176,1.0,equivalent
gen|pm=0.5|u=0.7,vis-gen,atc_la,rule,full,inf,60,60,2015.8267266666667,2015.6924266666667,-0.13430000000000367,-0.006662278965914875,-0.46160100000000726,0.1329126666666579,-0.022898843134365125,0.006593456913156411,20.158267266666666,0.3342768550264176,1.0,equivalent
gen|pm=0.5|u=0.7,vis-gen,vispool,policy,8,8.0,60,60,2022.3697986666666,2023.4575613333334,1.0877626666666629,0.053786536338893944,-0.4872933666666589,3.065547333333327,-0.024095166323583737,0.15158193794994465,20.223697986666668,0.3255830180830511,0.9767490542491534,equivalent
gen|pm=0.5|u=0.7,vis-gen,vispool,policy,40,40.0,60,60,2022.3697986666666,2023.3254853333333,0.9556866666666621,0.047255782166878646,-0.38687196666669327,2.782224333333354,-0.019129635288351078,0.1375724823010932,20.223697986666668,0.6942460440329724,1.0,equivalent
gen|pm=0.5|u=0.7,vis-gen,vispool,policy,full,inf,60,60,2022.3697986666666,2023.5252013333334,1.1554026666666801,0.05713112742429345,-0.13589773333332922,2.9571503333334093,-0.006719727194449085,0.1462220378925277,20.223697986666668,0.8186295347408429,1.0,equivalent
gen|pm=0.5|u=0.7,vis-gen,visseed501,policy,8,8.0,60,60,2015.3383933333337,2016.9421600000003,1.6037666666667179,0.07957803374222015,0.05292033333337032,4.230269500000076,0.0026258782896425165,0.20990368237878332,20.153383933333338,0.17024139590961385,0.5107241877288415,equivalent
gen|pm=0.5|u=0.7,vis-gen,visseed501,policy,40,40.0,60,60,2015.3383933333337,2016.145766666667,0.8073733333333413,0.040061427698896764,-0.4790666666666951,3.0341344999999684,-0.02377102863972771,0.15055211125023843,20.153383933333338,0.5629275404066632,1.0,equivalent
gen|pm=0.5|u=0.7,vis-gen,visseed501,policy,full,inf,60,60,2015.3383933333337,2016.1986066666664,0.8602133333333427,0.04268331989202891,-0.3958761666666738,3.0650626666666403,-0.01964316106794858,0.1520867501361437,20.153383933333338,0.8688756214593663,1.0,equivalent
gen|pm=0.5|u=0.7,vis-gen,visseed502,policy,8,8.0,60,60,2016.2238866666667,2016.5586600000001,0.3347733333333622,0.0166039761530069,-1.051077333333257,1.9904375000000127,-0.05213098308595859,0.09872105539284699,20.162238866666666,0.23861149139196747,0.23861149139196747,equivalent
gen|pm=0.5|u=0.7,vis-gen,visseed502,policy,40,40.0,60,60,2016.2238866666667,2014.91062,-1.3132666666666732,-0.06513496221086036,-2.596662000000026,-0.38507233333332336,-0.1287883759919625,-0.01909868918227858,20.162238866666666,0.0018104452978068022,0.005431335893420406,equivalent
gen|pm=0.5|u=0.7,vis-gen,visseed502,policy,full,inf,60,60,2016.2238866666667,2015.4363066666667,-0.7875799999999781,-0.03906213021322989,-2.4900389999999892,0.6626598333333366,-0.12350012399251256,0.03286638144283086,20.162238866666666,0.055773716812032845,0.11154743362406569,equivalent
gen|pm=0.5|u=0.7,vis-gen,visseed503,policy,8,8.0,60,60,2015.1834466666664,2014.6684800000003,-0.5149666666666576,-0.02555433191546252,-1.7762633333333169,0.3021545000000111,-0.08814400179157142,0.014993895493723295,20.151834466666664,0.20122181638043513,0.6036654491413054,equivalent
gen|pm=0.5|u=0.7,vis-gen,visseed503,policy,40,40.0,60,60,2015.1834466666664,2014.6780399999998,-0.5054066666666074,-0.02507993341760549,-1.7928774999999455,0.26321250000010626,-0.08896845113359585,0.013061465964078282,20.151834466666664,0.55060588584296,1.0,equivalent
gen|pm=0.5|u=0.7,vis-gen,visseed503,policy,full,inf,60,60,2015.1834466666664,2015.0980933333335,-0.08535333333326965,-0.004235511832654908,-0.9961703333332409,0.6199023333334045,-0.049433233236458714,0.030761583237436305,20.151834466666664,0.581228130412935,1.0,equivalent
gen|pm=0.5|u=0.7,vis-gen,visseed504,policy,8,8.0,60,60,2016.48548,2016.8567066666667,0.3712266666667195,0.018409587886877295,-1.501025666666583,1.8804878333333723,-0.07443771262199136,0.09325570910301682,20.1648548,0.04358085639260924,0.13074256917782773,equivalent
gen|pm=0.5|u=0.7,vis-gen,visseed504,policy,40,40.0,60,60,2016.48548,2017.82156,1.3360800000000608,0.0662578537386771,-1.3643368333332764,4.688828166666718,-0.06765914492641308,0.2325247671342874,20.1648548,0.12151235710849262,0.24302471421698524,equivalent
gen|pm=0.5|u=0.7,vis-gen,visseed504,policy,full,inf,60,60,2016.48548,2017.82156,1.3360800000000608,0.0662578537386771,-1.3446918333332587,4.74875783333348,-0.06668492516659523,0.23549675315953578,20.1648548,0.12151235710849262,0.24302471421698524,equivalent
gen|pm=0.5|u=0.7,vis-gen,visseed505,policy,8,8.0,60,60,2048.6177866666662,2052.2617999999998,3.644013333333343,0.17787668139221646,-3.855701333333382,13.526317166666706,-0.1882098924664247,0.6602655338981295,20.48617786666666,0.8376168070245121,1.0,equivalent
gen|pm=0.5|u=0.7,vis-gen,visseed505,policy,40,40.0,60,60,2048.6177866666662,2053.07144,4.453653333333322,0.21739796277859727,-1.4260094999999668,12.73007633333335,-0.0696083724978414,0.6213983113973949,20.48617786666666,0.8882248121928067,1.0,equivalent
gen|pm=0.5|u=0.7,vis-gen,visseed505,policy,full,inf,60,60,2048.6177866666662,2053.07144,4.453653333333322,0.21739796277859727,-1.4055750000000165,13.15837150000006,-0.06861089507023399,0.6423048547972545,20.48617786666666,0.8882248121928067,1.0,equivalent
gen|pm=0.5|u=0.9,vis-gen,atc_la,rule,8,8.0,60,60,2483.1380333333336,2483.14591,0.007876666666777509,0.0003172061545126418,-0.9498804999998468,0.9387375000002001,-0.038253229874810425,0.03780448317406063,24.831380333333335,0.8847902771395885,1.0,equivalent
gen|pm=0.5|u=0.9,vis-gen,atc_la,rule,40,40.0,60,60,2483.1380333333336,2482.682073333333,-0.4559599999999629,-0.01836224945529459,-2.6666561666665496,1.964585333333403,-0.10739057317272305,0.07911704089587673,24.831380333333335,0.38143003640917983,1.0,equivalent
gen|pm=0.5|u=0.9,vis-gen,atc_la,rule,full,inf,60,60,2483.1380333333336,2482.682073333333,-0.4559599999999629,-0.01836224945529459,-2.7170374999998925,1.9615223333333816,-0.10941951126061951,0.07899368891306692,24.831380333333335,0.38143003640917983,1.0,equivalent
gen|pm=0.5|u=0.9,vis-gen,vispool,policy,8,8.0,60,60,2755.147560666667,2804.729769333333,49.58220866666661,1.7996208034196592,30.860623216666546,69.18468584999994,1.1201078177169994,2.511106368228757,27.551475606666667,3.4036069264173897e-06,3.4036069264173897e-06,worse
gen|pm=0.5|u=0.9,vis-gen,vispool,policy,40,40.0,60,60,2755.147560666667,2813.783471333333,58.63591066666658,2.128231224482161,39.56942060000005,79.06967296666647,1.4361996854507997,2.8698888616889136,27.551475606666667,4.940628145661346e-07,1.241597608769077e-06,worse
gen|pm=0.5|u=0.9,vis-gen,vispool,policy,full,inf,60,60,2755.147560666667,2814.1052133333333,58.95765266666656,2.1399090745034544,40.04552208333327,78.83342686666657,1.45348012044928,2.8613141449161126,27.551475606666667,4.138658695896923e-07,1.241597608769077e-06,worse
gen|pm=0.5|u=0.9,vis-gen,visseed501,policy,8,8.0,60,60,2477.9252833333335,2484.408266666667,6.4829833333333395,0.2616294920972095,3.435776666666609,10.32178949999993,0.13865537793959481,0.41654966634486007,24.779252833333334,2.794476815659524e-05,8.383430446978573e-05,equivalent
gen|pm=0.5|u=0.9,vis-gen,visseed501,policy,40,40.0,60,60,2477.9252833333335,2480.1543799999995,2.2290966666665897,0.08995818726495189,0.4316562500000879,4.212765333333241,0.017420067219275432,0.17001179824381873,24.779252833333334,0.03777440692517345,0.0755488138503469,equivalent
gen|pm=0.5|u=0.9,vis-gen,visseed501,policy,full,inf,60,60,2477.9252833333335,2480.5943466666663,2.669063333333336,0.1077136325007702,0.3904411666665627,5.274924833333255,0.015756777223780404,0.21287667020521964,24.779252833333334,0.10476978589554828,0.10476978589554828,equivalent
gen|pm=0.5|u=0.9,vis-gen,visseed502,policy,8,8.0,60,60,2485.05891,2480.53106,-4.527850000000011,-0.18220292411498648,-7.880248000000193,-1.2003595833333371,-0.3171050782051759,-0.04830306350095085,24.850589100000004,0.0010844288164801696,0.0021688576329603393,equivalent
gen|pm=0.5|u=0.9,vis-gen,visseed502,policy,40,40.0,60,60,2485.05891,2481.0863766666666,-3.9725333333332724,-0.1598567067101549,-7.715339999999855,-0.6947194999997426,-0.3104690986983425,-0.02795585638650886,24.850589100000004,0.0031515212392932814,0.0031515212392932814,equivalent
gen|pm=0.5|u=0.9,vis-gen,visseed502,policy,full,inf,60,60,2485.05891,2481.6873033333327,-3.3716066666665747,-0.1356751203401683,-5.384051833333358,-1.492049249999854,-0.2166569094868402,-0.060040799998574444,24.850589100000004,0.00017958225461339654,0.0005387467638401897,equivalent
gen|pm=0.5|u=0.9,vis-gen,visseed503,policy,8,8.0,60,60,2476.0136666666667,2476.3616333333334,0.3479666666667242,0.014053503474202318,-1.4197609166665892,2.649343416666824,-0.057340592896562737,0.10700035514074939,24.760136666666668,0.6829383842985246,0.6829383842985246,equivalent
gen|pm=0.5|u=0.9,vis-gen,visseed503,policy,40,40.0,60,60,2476.0136666666667,2478.7782533333334,2.76458666666666,0.11165474180877544,0.3422678333333853,5.762922833333487,0.013823341847469015,0.23275004136353664,24.760136666666668,0.11514661466104624,0.23029322932209248,equivalent
gen|pm=0.5|u=0.9,vis-gen,visseed503,policy,full,inf,60,60,2476.0136666666667,2479.34607,3.332403333333421,0.13458743698372508,1.2394287500002752,5.97167708333352,0.050057427658259095,0.2411811034699534,24.760136666666668,0.004093472329626756,0.012280416988880268,equivalent
gen|pm=0.5|u=0.9,vis-gen,visseed504,policy,8,8.0,60,60,2517.431053333333,2548.9354066666665,31.504353333333416,1.251448507065108,10.966211666666833,56.11783925000002,0.435611201829995,2.2291708515986697,25.17431053333333,0.012927837861616623,0.012927837861616623,inconclusive
gen|pm=0.5|u=0.9,vis-gen,visseed504,policy,40,40.0,60,60,2517.431053333333,2572.9848233333328,55.55377000000006,2.206764309451147,23.446931083333492,94.11144083333345,0.9313832469130541,3.7383919892749558,25.17431053333333,0.0009186147969957985,0.0027558443909873956,inconclusive
gen|pm=0.5|u=0.9,vis-gen,visseed504,policy,full,inf,60,60,2517.431053333333,2572.9848233333328,55.55377000000006,2.206764309451147,23.580861000000183,94.982492,0.9367033495823746,3.7729927846180176,25.17431053333333,0.0009186147969957985,0.0027558443909873956,inconclusive
gen|pm=0.5|u=0.9,vis-gen,visseed505,policy,8,8.0,60,60,3819.3088899999993,4033.4124799999995,214.10358999999983,5.605820219479547,120.86379133333357,315.984538416666,3.164546121152657,8.27334335916114,38.19308889999999,4.7182455989680575e-05,4.7182455989680575e-05,worse
gen|pm=0.5|u=0.9,vis-gen,visseed505,policy,40,40.0,60,60,3819.3088899999993,4055.9135233333336,236.604633333333,6.194959353846163,145.29900983333334,338.65105224999945,3.8043272753813158,8.866814965835339,38.19308889999999,1.1587189804644254e-05,3.476156941393276e-05,worse
gen|pm=0.5|u=0.9,vis-gen,visseed505,policy,full,inf,60,60,3819.3088899999993,4055.9135233333336,236.604633333333,6.194959353846163,145.3572558333334,335.93536358333296,3.8058523156877584,8.795710775394577,38.19308889999999,1.1587189804644254e-05,3.476156941393276e-05,worse
gen|pm=0.5|u=1.1,vis-gen,atc_la,rule,8,8.0,60,60,3017.6202433333333,3017.0176599999995,-0.6025833333332306,-0.01996882592050758,-2.904111250000323,2.0096458333336042,-0.09623845997243094,0.06659704241358425,30.176202433333334,0.22068851615288598,0.662065548458658,equivalent
gen|pm=0.5|u=1.1,vis-gen,atc_la,rule,40,40.0,60,60,3017.6202433333333,3020.57983,2.9595866666665263,0.098076842942878,-0.9245649166666705,7.442835083333189,-0.03063887574022153,0.24664584948275867,30.176202433333334,0.6075431468609194,1.0,equivalent
gen|pm=0.5|u=1.1,vis-gen,atc_la,rule,full,inf,60,60,3017.6202433333333,3020.57983,2.9595866666665263,0.098076842942878,-0.9379609166667489,7.588525583333205,-0.031082801712340565,0.25147384267778977,30.176202433333334,0.6075431468609194,1.0,equivalent
gen|pm=0.5|u=1.1,vis-gen,vispool,policy,8,8.0,60,60,4069.279741333333,4292.793902666666,223.51416133333342,5.49272046998905,173.3756642500002,276.0096430500001,4.260598318885598,6.782764041667071,40.69279741333333,9.306355334878568e-10,2.7919066004635705e-09,worse
gen|pm=0.5|u=1.1,vis-gen,vispool,policy,40,40.0,60,60,4069.279741333333,4311.827217999999,242.54747666666674,5.960452268813401,187.36815636666668,304.58641253333326,4.6044550455327995,7.4850202466919376,40.69279741333333,9.306355334878568e-10,2.7919066004635705e-09,worse
gen|pm=0.5|u=1.1,vis-gen,vispool,policy,full,inf,60,60,4069.279741333333,4312.012515333333,242.73277400000012,5.965005834680384,187.32552215000015,303.4286187666669,4.603407336371065,7.456568190302051,40.69279741333333,9.306355334878568e-10,2.7919066004635705e-09,worse
gen|pm=0.5|u=1.1,vis-gen,visseed501,policy,8,8.0,60,60,3021.927313333333,3046.083933333334,24.15662000000003,0.7993779298865432,9.834834666666666,46.79325025000001,0.325449080898586,1.5484571731271979,30.21927313333333,5.5396237490075606e-06,1.6618871247022683e-05,inconclusive
gen|pm=0.5|u=1.1,vis-gen,visseed501,policy,40,40.0,60,60,3021.927313333333,3029.472156666667,7.544843333333282,0.24966991429753987,2.1924397499998753,13.982205083333344,0.07255104185750608,0.46269164124633727,30.21927313333333,0.014086793625799099,0.028173587251598197,equivalent
gen|pm=0.5|u=1.1,vis-gen,visseed501,policy,full,inf,60,60,3021.927313333333,3027.181326666667,5.254013333333296,0.17386299498838254,1.36473950000007,9.684832833333102,0.04516122853050015,0.3204853005762822,30.21927313333333,0.04160966554671157,0.04160966554671157,equivalent
gen|pm=0.5|u=1.1,vis-gen,visseed502,policy,8,8.0,60,60,3026.87637,3023.4026866666673,-3.473683333333482,-0.1147613218617674,-12.027800666666973,5.130428666666487,-0.3973667635017077,0.1694958115077058,30.2687637,0.061749554495934555,0.18524866348780367,equivalent
gen|pm=0.5|u=1.1,vis-gen,visseed502,policy,40,40.0,60,60,3026.87637,3022.2700933333335,-4.606276666666702,-0.15217921393554312,-10.907899166666665,0.548723250000051,-0.3603681760767343,0.01812836676907458,30.2687637,0.08936129764197401,0.18524866348780367,equivalent
gen|pm=0.5|u=1.1,vis-gen,visseed502,policy,full,inf,60,60,3026.87637,3025.8568466666666,-1.0195233333335296,-0.03368235793963166,-6.122271000000213,3.734776833333123,-0.20226366232461002,0.12338716144303982,30.2687637,0.7995188021664903,0.7995188021664903,equivalent
gen|pm=0.5|u=1.1,vis-gen,visseed503,policy,8,8.0,60,60,3036.1360500000005,3017.1836866666667,-18.952363333333412,-0.6242264187513406,-39.22449574999991,-5.697443833333397,-1.291921544490732,-0.18765443114228678,30.361360500000007,0.0004379816144141456,0.0013139448432424369,inconclusive
gen|pm=0.5|u=1.1,vis-gen,visseed503,policy,40,40.0,60,60,3036.1360500000005,3021.781426666667,-14.35462333333336,-0.4727924933842591,-35.13252775000004,-1.1927459166665308,-1.1571460294080047,-0.03928499569927147,30.361360500000007,0.10528305384446941,0.21056610768893883,inconclusive
gen|pm=0.5|u=1.1,vis-gen,visseed503,policy,full,inf,60,60,3036.1360500000005,3021.41199,-14.724060000000213,-0.4849604812669778,-35.357092749999936,-1.5876705833336744,-1.164542437088744,-0.05229247165434744,30.361360500000007,0.1810350593451241,0.21056610768893883,inconclusive
gen|pm=0.5|u=1.1,vis-gen,visseed504,policy,8,8.0,60,60,3145.7111033333335,3243.9950400000002,98.28393666666686,3.1243789858045417,1.2154643333333646,260.5952956666668,0.03863877811428409,8.284145845132713,31.457111033333337,0.20014550892137328,0.20014550892137328,inconclusive
gen|pm=0.5|u=1.1,vis-gen,visseed504,policy,40,40.0,60,60,3145.7111033333335,3349.5115166666665,203.80041333333338,6.478675461245552,54.777562833333484,424.2785363333335,1.741341179591755,13.487523882398142,31.457111033333337,0.00812259556962727,0.02436778670888181,worse
gen|pm=0.5|u=1.1,vis-gen,visseed504,policy,full,inf,60,60,3145.7111033333335,3349.5115166666665,203.80041333333338,6.478675461245552,54.810358166666795,425.32073658333354,1.7423837207614943,13.520654714053208,31.457111033333337,0.00812259556962727,0.02436778670888181,worse
gen|pm=0.5|u=1.1,vis-gen,visseed505,policy,8,8.0,60,60,8115.747869999995,9133.304166666663,1017.5562966666669,12.538047176503373,804.5871456666654,1240.0474372500016,9.913900216649607,15.27952145770643,81.15747869999994,9.306355334878568e-10,2.7919066004635705e-09,worse
gen|pm=0.5|u=1.1,vis-gen,visseed505,policy,40,40.0,60,60,8115.747869999995,9136.100896666665,1020.3530266666675,12.572507709836827,796.1056450000009,1261.164714250001,9.809393511876085,15.539722702721194,81.15747869999994,9.306355334878568e-10,2.7919066004635705e-09,worse
gen|pm=0.5|u=1.1,vis-gen,visseed505,policy,full,inf,60,60,8115.747869999995,9136.100896666665,1020.3530266666675,12.572507709836827,797.450159166667,1251.9684326666686,9.825960243472515,15.426408665239492,81.15747869999994,9.306355334878568e-10,2.7919066004635705e-09,worse
gen|pm=0.8|u=0.7,vis-gen,atc_la,rule,8,8.0,60,60,753.6982599999999,753.6853933333333,-0.012866666666665576,-0.0017071376371050105,-0.1874375000000072,0.13204550000000448,-0.024869037113075892,0.01751967690624687,7.536982599999999,1.0,1.0,equivalent
gen|pm=0.8|u=0.7,vis-gen,atc_la,rule,40,40.0,60,60,753.6982599999999,753.7374,0.03913999999999381,0.005193059620436674,-0.10748766666667926,0.19467166666667568,-0.014261365903469018,0.025828859770311224,7.536982599999999,0.683239071626591,1.0,equivalent
gen|pm=0.8|u=0.7,vis-gen,atc_la,rule,full,inf,60,60,753.6982599999999,753.7374,0.03913999999999381,0.005193059620436674,-0.10850783333334826,0.19707916666666217,-0.014396720689437212,0.02614828468181182,7.536982599999999,0.683239071626591,1.0,equivalent
gen|pm=0.8|u=0.7,vis-gen,vispool,policy,8,8.0,60,60,757.2316819999999,759.3657533333335,2.134071333333341,0.2818254153995291,0.3053515166666575,4.504025250000024,0.04032471486932022,0.5948014797933434,7.572316819999998,0.05410552267783879,0.16231656803351635,equivalent
gen|pm=0.8|u=0.7,vis-gen,vispool,policy,40,40.0,60,60,757.2316819999999,758.9368893333333,1.7052073333333402,0.2251896445787302,-0.18782274999999438,4.326095050000004,-0.02480386841500306,0.5713040213232922,7.572316819999998,0.8130168513045055,1.0,equivalent
gen|pm=0.8|u=0.7,vis-gen,vispool,policy,full,inf,60,60,757.2316819999999,758.8940493333333,1.6623673333333453,0.2195321950796752,-0.23993924999998936,4.248043600000004,-0.03168637230896916,0.5609965484777492,7.572316819999998,0.7687921131391011,1.0,equivalent
gen|pm=0.8|u=0.7,vis-gen,visseed501,policy,8,8.0,60,60,753.6684033333332,753.9638366666665,0.29543333333334754,0.03919937893464839,-0.02108999999998064,0.736182166666709,-0.002798312879603755,0.09767985010526037,7.536684033333333,0.22089889066779878,0.6626966720033963,equivalent
gen|pm=0.8|u=0.7,vis-gen,visseed501,policy,40,40.0,60,60,753.6684033333332,753.6212566666666,-0.04714666666665626,-0.006255624682968723,-0.172669166666661,0.06526983333333336,-0.02291049563746839,0.00866028521889165,7.536684033333333,0.39672623294506304,0.7934524658901261,equivalent
gen|pm=0.8|u=0.7,vis-gen,visseed501,policy,full,inf,60,60,753.6684033333332,753.72173,0.053326666666676674,0.007075613947834735,-0.16445499999997965,0.3424026666666727,-0.021820604296614556,0.04543147426007117,7.536684033333333,0.463071015014588,0.7934524658901261,equivalent
gen|pm=0.8|u=0.7,vis-gen,visseed502,policy,8,8.0,60,60,754.3058033333334,753.80141,-0.5043933333333366,-0.06686854735896038,-1.1601726666666776,-0.059178500000000196,-0.15380667383702848,-0.007845425520854541,7.543058033333335,0.027857098015306787,0.08357129404592037,equivalent
gen|pm=0.8|u=0.7,vis-gen,visseed502,policy,40,40.0,60,60,754.3058033333334,753.8188166666665,-0.4869866666666837,-0.06456090679862908,-1.292702333333344,0.016321999999994025,-0.17137642685775403,0.0021638438850484637,7.543058033333335,0.24320097107575667,0.48640194215151333,equivalent
gen|pm=0.8|u=0.7,vis-gen,visseed502,policy,full,inf,60,60,754.3058033333334,753.8041633333333,-0.5016400000000029,-0.0665035318279693,-1.3471621666666618,0.02534083333333919,-0.17859628823130513,0.0033594907027569144,7.543058033333335,0.2772406362261136,0.48640194215151333,equivalent
gen|pm=0.8|u=0.7,vis-gen,visseed503,policy,8,8.0,60,60,753.7002833333332,753.8665299999998,0.1662466666666712,0.022057397395609916,-0.18894683333334203,0.5734269999999968,-0.02506922678835958,0.07608156885173833,7.537002833333332,0.45527280991543384,1.0,equivalent
gen|pm=0.8|u=0.7,vis-gen,visseed503,policy,40,40.0,60,60,753.7002833333332,753.9679433333332,0.2676600000000027,0.03551279015263774,-0.08881499999998091,0.8664716666666759,-0.011783861829955208,0.11496236446065765,7.537002833333332,0.43262594902013973,1.0,equivalent
gen|pm=0.8|u=0.7,vis-gen,visseed503,policy,full,inf,60,60,753.7002833333332,753.6679233333332,-0.032359999999978586,-0.004293483857649948,-0.2941204999999622,0.20371616666667175,-0.03902353581441919,0.027028803248648346,7.537002833333332,0.9433920568226559,1.0,equivalent
gen|pm=0.8|u=0.7,vis-gen,visseed504,policy,8,8.0,60,60,754.4211099999999,759.2501866666665,4.82907666666664,0.6401035976666455,0.04158374999996076,13.621616499999966,0.0055120077432563854,1.8055720232961094,7.544211099999999,0.07932167969676177,0.2379650390902853,inconclusive
gen|pm=0.8|u=0.7,vis-gen,visseed504,policy,40,40.0,60,60,754.4211099999999,759.3471599999999,4.926049999999995,0.6529576034795732,0.03603474999999433,13.83404074999998,0.0047764768936535106,1.8337292748873348,7.544211099999999,0.6008710115741303,1.0,inconclusive
gen|pm=0.8|u=0.7,vis-gen,visseed504,policy,full,inf,60,60,754.4211099999999,759.3471599999999,4.926049999999995,0.6529576034795732,0.045751833333331535,13.832926333333328,0.006064495376240405,1.8335815567691802,7.544211099999999,0.6008710115741303,1.0,inconclusive
gen|pm=0.8|u=0.7,vis-gen,visseed505,policy,8,8.0,60,60,770.06281,775.9468033333334,5.883993333333353,0.7640926502259411,0.05064383333332762,13.741895500000028,0.006576584750707234,1.7845161877120164,7.7006281,0.17024139590961385,0.5107241877288415,inconclusive
gen|pm=0.8|u=0.7,vis-gen,visseed505,policy,40,40.0,60,60,770.06281,773.92927,3.866460000000003,0.5020967055921065,-2.2059541666666624,13.21114366666667,-0.2864641868196001,1.7155930003510582,7.7006281,0.8414805811217939,1.0,inconclusive
gen|pm=0.8|u=0.7,vis-gen,visseed505,policy,full,inf,60,60,770.06281,773.92927,3.866460000000003,0.5020967055921065,-2.174820333333346,13.278776666666657,-0.28242116163658726,1.7243757904198302,7.7006281,0.8414805811217939,1.0,inconclusive
gen|pm=0.8|u=0.9,vis-gen,atc_la,rule,8,8.0,60,60,978.7234600000003,979.3501366666668,0.6266766666666759,0.06403000359945143,-0.013246500000000107,1.3297042500000114,-0.0013534466620428313,0.13586107867487013,9.787234600000003,0.05731971467345786,0.17195914402037357,equivalent
gen|pm=0.8|u=0.9,vis-gen,atc_la,rule,40,40.0,60,60,978.7234600000003,978.9492433333334,0.22578333333332476,0.023069165352726368,-0.5461872499999779,0.9987063333333487,-0.05580608540843374,0.10204172824603064,9.787234600000003,0.4795814721136674,0.9591629442273348,equivalent
gen|pm=0.8|u=0.9,vis-gen,atc_la,rule,full,inf,60,60,978.7234600000003,978.9492433333334,0.22578333333332476,0.023069165352726368,-0.543164333333339,1.0293240000000317,-0.05549722220139067,0.10517005487944792,9.787234600000003,0.4795814721136674,0.9591629442273348,equivalent
gen|pm=0.8|u=0.9,vis-gen,vispool,policy,8,8.0,60,60,1148.5614173333333,1189.8024000000003,41.24098266666661,3.5906641163706907,24.095859033333312,60.442954333333226,2.0979164605126432,5.262492142010686,11.485614173333333,8.47027690136205e-06,8.47027690136205e-06,worse
gen|pm=0.8|u=0.9,vis-gen,vispool,policy,40,40.0,60,60,1148.5614173333333,1195.7180866666667,47.15666933333328,4.1057159522926545,28.285659749999915,68.09067888333327,2.4627032845724526,5.928344610549644,11.485614173333333,8.349478730886228e-07,2.5048436192658685e-06,worse
gen|pm=0.8|u=0.9,vis-gen,vispool,policy,full,inf,60,60,1148.5614173333333,1195.76063,47.19921266666658,4.109420006136991,28.057230199999925,68.23273723333321,2.442814966320361,5.940712982658971,11.485614173333333,8.349478730886228e-07,2.5048436192658685e-06,worse
gen|pm=0.8|u=0.9,vis-gen,visseed501,policy,8,8.0,60,60,983.3825500000002,984.4057333333334,1.0231833333333484,0.10404733471560466,-0.05483291666665402,2.208440250000011,-0.005575949732548539,0.22457590385349127,9.833825500000001,0.07329240566298953,0.2198772169889686,equivalent
gen|pm=0.8|u=0.9,vis-gen,visseed501,policy,40,40.0,60,60,983.3825500000002,983.8134233333334,0.4308733333333218,0.0438154341190335,-0.6614028333333177,1.5650881666666652,-0.06725793876791059,0.15915354270488782,9.833825500000001,0.3458678890150303,0.40635087663363545,equivalent
gen|pm=0.8|u=0.9,vis-gen,visseed501,policy,full,inf,60,60,983.3825500000002,984.6645833333333,1.2820333333333251,0.1303697460701662,0.13218750000003718,2.6237628333333007,0.013442123820484425,0.26680998491719227,9.833825500000001,0.20317543831681772,0.40635087663363545,equivalent
gen|pm=0.8|u=0.9,vis-gen,visseed502,policy,8,8.0,60,60,983.4387800000002,982.8055400000001,-0.6332399999999823,-0.06439038330377639,-2.3105233333333213,1.3529669999999938,-0.23494328069240067,0.13757511169124262,9.834387800000002,0.12570025976559823,0.3771007792967947,equivalent
gen|pm=0.8|u=0.9,vis-gen,visseed502,policy,40,40.0,60,60,983.4387800000002,984.0546733333335,0.6158933333333432,0.06262650465475268,-2.034311000000007,3.8922147499999284,-0.20685690267369836,0.39577600854828276,9.834387800000002,0.7116701179812059,1.0,equivalent
gen|pm=0.8|u=0.9,vis-gen,visseed502,policy,full,inf,60,60,983.4387800000002,983.8371333333332,0.3983533333333521,0.04050616484061692,-1.6475252499999735,2.5957817500000244,-0.16752697610724412,0.263949500750827,9.834387800000002,0.8741368860421352,1.0,equivalent
gen|pm=0.8|u=0.9,vis-gen,visseed503,policy,8,8.0,60,60,983.64147,983.3506633333335,-0.29080666666667604,-0.029564295074573872,-1.8888069999999835,1.5243813333333465,-0.19202189594547933,0.15497326819022242,9.8364147,0.4602732238944155,0.4649530456077422,equivalent
gen|pm=0.8|u=0.9,vis-gen,visseed503,policy,40,40.0,60,60,983.64147,984.3841433333332,0.742673333333308,0.0755024423007814,-0.4281246666667043,1.9120098333332654,-0.04352446289873325,0.1943807669407498,9.8364147,0.11986346888393355,0.35959040665180064,equivalent
gen|pm=0.8|u=0.9,vis-gen,visseed503,policy,full,inf,60,60,983.64147,983.9632400000002,0.32177000000002826,0.03271212223291361,-0.6414052499999259,1.2773965833333378,-0.06520721925234871,0.1298640431796087,9.8364147,0.2324765228038711,0.4649530456077422,equivalent
gen|pm=0.8|u=0.9,vis-gen,visseed504,policy,8,8.0,60,60,985.7744966666667,999.9015066666668,14.127009999999984,1.4330873894353693,3.8210326666666705,27.779460583333286,0.38761731811760675,2.8180340105437653,9.857744966666667,0.014540190948937572,0.014540190948937572,inconclusive
gen|pm=0.8|u=0.9,vis-gen,visseed504,policy,40,40.0,60,60,985.7744966666667,1013.4696100000001,27.69511333333332,2.809477565810697,8.095605833333318,54.255722499999976,0.8212431809412893,5.503867535979296,9.857744966666667,0.0001407495516308729,0.00042224865489261866,inconclusive
gen|pm=0.8|u=0.9,vis-gen,visseed504,policy,full,inf,60,60,985.7744966666667,1013.4696100000001,27.69511333333332,2.809477565810697,8.337856833333325,54.717896666666654,0.8458178682373356,5.550751906413862,9.857744966666667,0.0001407495516308729,0.00042224865489261866,inconclusive
gen|pm=0.8|u=0.9,vis-gen,visseed505,policy,8,8.0,60,60,1806.5697900000002,1998.5485566666664,191.97876666666656,10.626700818830063,105.62564166666665,289.5184391666665,5.846751243784865,16.025865193210524,18.065697900000004,0.00011587214767343331,0.0001888768191134196,worse
gen|pm=0.8|u=0.9,vis-gen,visseed505,policy,40,40.0,60,60,1806.5697900000002,2012.868583333333,206.2987933333332,11.419364725086716,113.0395060833333,312.1229130833329,6.257134748352748,17.277102429756276,18.065697900000004,6.29589397044732e-05,0.0001888768191134196,worse
gen|pm=0.8|u=0.9,vis-gen,visseed505,policy,full,inf,60,60,1806.5697900000002,2012.868583333333,206.2987933333332,11.419364725086716,112.81459066666656,314.4774299166664,6.244684887964751,17.407433228287644,18.065697900000004,6.29589397044732e-05,0.0001888768191134196,worse
gen|pm=0.8|u=1.1,vis-gen,atc_la,rule,8,8.0,60,60,1247.6933233333332,1248.18396,0.4906366666667149,0.039323498610694785,-0.7324254166666133,2.0832200833334285,-0.05870235922316777,0.1669657154025562,12.476933233333332,0.5392021716240625,1.0,equivalent
gen|pm=0.8|u=1.1,vis-gen,atc_la,rule,40,40.0,60,60,1247.6933233333332,1247.7822766666666,0.08895333333331999,0.007129422885398839,-1.7984742500000273,1.9340832500000822,-0.14414393476076554,0.1550127113634777,12.476933233333332,0.7267336894545048,1.0,equivalent
gen|pm=0.8|u=1.1,vis-gen,atc_la,rule,full,inf,60,60,1247.6933233333332,1247.7822766666666,0.08895333333331999,0.007129422885398839,-1.7506495000000108,1.9217491666666524,-0.14031088146909224,0.15402416048300346,12.476933233333332,0.7267336894545048,1.0,equivalent
gen|pm=0.8|u=1.1,vis-gen,vispool,policy,8,8.0,60,60,1938.9354099999994,2074.539952666666,135.60454266666667,6.993762761115736,97.45684135000013,178.43555761666678,5.026306747886984,9.202759240787028,19.389354099999995,2.3242989444907054e-09,5.804257018225075e-09,worse
gen|pm=0.8|u=1.1,vis-gen,vispool,policy,40,40.0,60,60,1938.9354099999994,2090.483431333332,151.5480213333331,7.816042790890758,110.53325811666643,197.82217178333315,5.700718938165479,10.20261792956441,19.389354099999995,2.470379346475543e-09,5.804257018225075e-09,worse
gen|pm=0.8|u=1.1,vis-gen,vispool,policy,full,inf,60,60,1938.9354099999994,2090.114688666666,151.1792786666665,7.797025000779502,110.59846971666666,196.04113376666638,5.704082206465387,10.110761439271794,19.389354099999995,1.934752339408358e-09,5.804257018225075e-09,worse
gen|pm=0.8|u=1.1,vis-gen,visseed501,policy,8,8.0,60,60,1252.1405866666669,1260.18699,8.046403333333354,0.6426118136425676,2.976672250000017,14.299231583333322,0.23772668035018646,1.141982915943921,12.521405866666669,0.0007785102299849537,0.002335530689954861,inconclusive
gen|pm=0.8|u=1.1,vis-gen,visseed501,policy,40,40.0,60,60,1252.1405866666669,1256.7802333333334,4.639646666666628,0.3705371997419129,-0.2663545833333629,11.117204833333291,-0.021271939123259913,0.887855960561784,12.521405866666669,0.098273979103627,0.098273979103627,equivalent
gen|pm=0.8|u=1.1,vis-gen,visseed501,policy,full,inf,60,60,1252.1405866666669,1255.5985033333336,3.4579166666666037,0.27616041708798456,0.24813941666661493,6.780869416666607,0.019817216957018283,0.5415421789591544,12.521405866666669,0.01866138115466493,0.03732276230932986,equivalent
gen|pm=0.8|u=1.1,vis-gen,visseed502,policy,8,8.0,60,60,1253.5624366666666,1250.2154666666668,-3.3469699999999496,-0.2669966730097496,-7.5180426666666,0.1214913333333938,-0.5997342012463088,0.009691685853035769,12.535624366666667,0.24614119351275676,0.7384235805382703,equivalent
gen|pm=0.8|u=1.1,vis-gen,visseed502,policy,40,40.0,60,60,1253.5624366666666,1253.52428,-0.03815666666664773,-0.0030438584908550454,-2.7444381666666757,2.69660100000003,-0.21893111076017716,0.21511501311179448,12.535624366666667,0.8073691126849867,1.0,equivalent
gen|pm=0.8|u=1.1,vis-gen,visseed502,policy,full,inf,60,60,1253.5624366666666,1253.7360866666668,0.17364999999999023,0.013852521016961942,-2.6293218333333064,2.917947666666617,-0.2097479755635392,0.23277242371953152,12.535624366666667,0.943181500998475,1.0,equivalent
gen|pm=0.8|u=1.1,vis-gen,visseed503,policy,8,8.0,60,60,1252.98733,1248.7575199999999,-4.229810000000034,-0.3375780344083794,-9.287119416666679,0.09930824999999661,-0.7411981904610863,0.00792571861041856,12.5298733,0.07269629875111881,0.21808889625335642,equivalent
gen|pm=0.8|u=1.1,vis-gen,visseed503,policy,40,40.0,60,60,1252.98733,1252.3303166666665,-0.6570133333333634,-0.05243575234981533,-3.3223666666667864,2.192428916666585,-0.2651556473972316,0.1749761441455745,12.5298733,0.7805481943589924,0.7805481943589924,equivalent
gen|pm=0.8|u=1.1,vis-gen,visseed503,policy,full,inf,60,60,1252.98733,1251.4565266666664,-1.530803333333399,-0.12217229150540565,-4.394606583333472,1.3677006666666578,-0.35073032887997935,0.1091551872808369,12.5298733,0.1344738243239797,0.2689476486479594,equivalent
gen|pm=0.8|u=1.1,vis-gen,visseed504,policy,8,8.0,60,60,1270.3177433333335,1343.1361700000004,72.81842666666674,5.732300209834907,39.620539250000114,111.02887333333342,3.1189471656150536,8.740244235429786,12.703177433333336,1.6425086440643085e-05,2.5617976891572242e-05,worse
gen|pm=0.8|u=1.1,vis-gen,visseed504,policy,40,40.0,60,60,1270.3177433333335,1412.6558633333334,142.33812000000006,11.204922606725354,78.88630599999999,213.47130325000003,6.20996647602521,16.80455967574286,12.703177433333336,8.53932563052408e-06,2.5617976891572242e-05,worse
gen|pm=0.8|u=1.1,vis-gen,visseed504,policy,full,inf,60,60,1270.3177433333335,1412.6558633333334,142.33812000000006,11.204922606725354,79.63737858333336,213.98016875000008,6.269091256992415,16.844617803142132,12.703177433333336,8.53932563052408e-06,2.5617976891572242e-05,worse
gen|pm=0.8|u=1.1,vis-gen,visseed505,policy,8,8.0,60,60,4665.668953333331,5270.403616666663,604.7346633333334,12.961371014145527,417.97292508333277,823.1160844166674,8.958477964552479,17.641973587273096,46.656689533333314,1.934752339408358e-09,5.804257018225075e-09,worse
gen|pm=0.8|u=1.1,vis-gen,visseed505,policy,40,40.0,60,60,4665.668953333331,5277.126463333331,611.4575099999992,13.10546282035614,408.16556508333287,849.8316205833316,8.748275309840057,18.21457178131294,46.656689533333314,1.934752339408358e-09,5.804257018225075e-09,worse
gen|pm=0.8|u=1.1,vis-gen,visseed505,policy,full,inf,60,60,4665.668953333331,5277.126463333331,611.4575099999992,13.10546282035614,405.3565409166657,840.1424894166646,8.6880690630025,18.006903143362432,46.656689533333314,1.934752339408358e-09,5.804257018225075e-09,worse
emp|ALL,vis-empirical,atc_la,rule,8,8.0,540,180,450.0540181481482,450.03512777777775,-0.018890370370369662,-0.00419735623028064,-0.06666666666666667,0.009995555555557681,-0.014813036653018266,0.002220967962176344,4.500540181481482,0.27332167829229814,0.8199650348768944,equivalent
emp|ALL,vis-empirical,atc_la,rule,40,40.0,540,180,450.0540181481482,450.0348055555555,-0.019212592592591844,-0.004268952574103553,-0.06666666666666667,0.009028888888891137,-0.014813036653018266,0.0020061789307076064,4.500540181481482,0.27332167829229814,0.8199650348768944,equivalent
emp|ALL,vis-empirical,atc_la,rule,full,inf,540,180,450.0540181481482,450.0348055555555,-0.019212592592591844,-0.004268952574103553,-0.06666666666666667,0.009028888888891137,-0.014813036653018266,0.0020061789307076064,4.500540181481482,0.27332167829229814,0.8199650348768944,equivalent
emp|ALL,vis-empirical,rollcp2,optimizer,8,8.0,144,48,507.51987222222226,507.7065166666667,0.18664444444444506,0.03677579039953751,-0.004609305555561293,0.4156965277777912,-0.0009082019853486774,0.08190743861075347,5.075198722222223,0.8129574013651681,1.0,equivalent
emp|ALL,vis-empirical,rollcp2,optimizer,40,40.0,144,48,507.51987222222226,509.31525000000005,1.7953777777777793,0.35375516822948294,-0.5978525347222293,6.000327569444444,-0.11779884245802578,1.1822842607465713,5.075198722222223,0.8989114352923697,1.0,inconclusive
emp|ALL,vis-empirical,rollcp2,optimizer,full,inf,144,48,507.51987222222226,510.4663958333333,2.9465236111111137,0.5805730518904589,-0.08248833333332685,8.937708090277782,-0.016253222356031917,1.7610557890360448,5.075198722222223,0.5461559601129321,1.0,inconclusive
emp|ALL,vis-empirical,vispool,policy,8,8.0,540,180,448.7822357037038,448.9323268148148,0.15009111111110612,0.03344408471867404,-0.13133136851852262,0.49067769259258875,-0.029263940965174602,0.10933536436066629,4.487822357037039,0.6120399649531116,0.804137756882342,equivalent
emp|ALL,vis-empirical,vispool,policy,40,40.0,540,180,448.7822357037038,448.70512281481484,-0.07711288888889212,-0.017182696362296256,-0.27542648148148313,0.11500913703703353,-0.06137196608274975,0.02562693615906962,4.487822357037039,0.402068878441171,0.804137756882342,equivalent
emp|ALL,vis-empirical,vispool,policy,full,inf,540,180,448.7822357037038,448.9219643703704,0.13972866666666253,0.031135070764903128,0.0047925685185133396,0.310405816666661,0.001067905130201611,0.06916624410944776,4.487822357037039,0.044127419960001926,0.1323822598800058,equivalent
emp|ALL,vis-empirical,visseed501,policy,8,8.0,540,180,447.0828003703703,448.4617107407407,1.3789103703703698,0.3084239360646527,-0.02747009259259217,3.3538808611111066,-0.006144296441248807,0.7501699591960818,4.470828003703703,0.2426639782545652,0.7279919347636956,equivalent
emp|ALL,vis-empirical,visseed501,policy,40,40.0,540,180,447.0828003703703,446.94194444444446,-0.14085592592593113,-0.03150555686983349,-0.8474976388888922,0.394242175925922,-0.18956167362886966,0.08818102051774876,4.470828003703703,0.7475000777680043,1.0,equivalent
emp|ALL,vis-empirical,visseed501,policy,full,inf,540,180,447.0828003703703,447.19027111111114,0.10747074074073663,0.02403821856973836,-0.17479035185186076,0.5147636574073997,-0.03909574506267335,0.11513832716914217,4.470828003703703,0.8092039689931078,1.0,equivalent
emp|ALL,vis-empirical,visseed502,policy,8,8.0,540,180,448.01448074074074,447.0096918518518,-1.0047888888888878,-0.22427598483593306,-1.7873599999999992,-0.3647875740740715,-0.39895139037577615,-0.08142316593672082,4.480144807407408,4.875085486459728e-06,1.4625256459379185e-05,equivalent
emp|ALL,vis-empirical,visseed502,policy,40,40.0,540,180,448.01448074074074,447.2786637037036,-0.7358170370370334,-0.16423956560967495,-1.650246231481478,0.1387399166666661,-0.368346627714574,0.030967730426319146,4.480144807407408,8.236251351856865e-05,0.0001647250270371373,equivalent
emp|ALL,vis-empirical,visseed502,policy,full,inf,540,180,448.01448074074074,447.9877559259259,-0.026724814814814493,-0.005965167637132636,-0.3904395462962959,0.32138934259259516,-0.08714886752114546,0.07173637380229643,4.480144807407408,0.7889413075859686,0.7889413075859686,equivalent
emp|ALL,vis-empirical,visseed503,policy,8,8.0,540,180,447.3243581481481,447.1940474074074,-0.1303107407407374,-0.02913115245505592,-0.36975246296296344,0.06657200000000142,-0.08265869189276434,0.014882265807209548,4.473243581481482,0.018576872749151613,0.055730618247454844,equivalent
emp|ALL,vis-empirical,visseed503,policy,40,40.0,540,180,447.3243581481481,447.22255666666666,-0.1018014814814735,-0.022757866775445782,-0.4327424259259057,0.117756351851855,-0.09674018819752869,0.0263246008644259,4.473243581481482,0.5349252131384397,1.0,equivalent
emp|ALL,vis-empirical,visseed503,policy,full,inf,540,180,447.3243581481481,447.34934555555554,0.024987407407410567,0.005585970661390868,-0.1820092222222238,0.20907479629629655,-0.040688421926253486,0.046738969718043755,4.473243581481482,0.6191046071260449,1.0,equivalent
emp|ALL,vis-empirical,visseed504,policy,8,8.0,540,180,450.7123548148148,450.9937762962963,0.2814214814814826,0.062439264971360924,-0.36822979629629166,1.0541677777777774,-0.08169951241908757,0.2338892569765268,4.507123548148148,0.01484428426505805,0.03272834445839053,equivalent
emp|ALL,vis-empirical,visseed504,policy,40,40.0,540,180,450.7123548148148,450.98904444444446,0.2766896296296311,0.0613894042783263,-0.3711593148148132,1.0498802592592642,-0.08234948761662242,0.23293798096363055,4.507123548148148,0.010909448152796845,0.03272834445839053,equivalent
emp|ALL,vis-empirical,visseed504,policy,full,inf,540,180,450.7123548148148,450.98904444444446,0.2766896296296311,0.0613894042783263,-0.3844773148148144,1.0622578333333343,-0.08530436556876403,0.23568420567698586,4.507123548148148,0.010909448152796845,0.03272834445839053,equivalent
emp|ALL,vis-empirical,visseed505,policy,8,8.0,540,180,450.7771844444445,451.00240777777776,0.2252233333333334,0.04996333911861743,-0.029837324074074467,0.6220165833333359,-0.006619084794818787,0.13798759227353832,4.507771844444445,0.21453736472050733,0.4422485972323401,equivalent
emp|ALL,vis-empirical,visseed505,policy,40,40.0,540,180,450.7771844444445,451.0934048148148,0.31622037037037304,0.07015003892889908,-0.004440620370374262,0.7488027777777774,-0.0009851031781581974,0.16611372616398748,4.507771844444445,0.1474161990774467,0.4422485972323401,equivalent
emp|ALL,vis-empirical,visseed505,policy,full,inf,540,180,450.7771844444445,451.0934048148148,0.31622037037037304,0.07015003892889908,-0.005463231481478665,0.7531701481481542,-0.0012119582955849386,0.16708257962886713,4.507771844444445,0.1474161990774467,0.4422485972323401,equivalent
emp|m=1.0,vis-empirical,atc_la,rule,8,8.0,180,180,445.5551500000001,445.5551500000001,0.0,0.0,0.0,0.0,0.0,0.0,4.455551500000001,1.0,1.0,equivalent
emp|m=1.0,vis-empirical,atc_la,rule,40,40.0,180,180,445.5551500000001,445.5551500000001,0.0,0.0,0.0,0.0,0.0,0.0,4.455551500000001,1.0,1.0,equivalent
emp|m=1.0,vis-empirical,atc_la,rule,full,inf,180,180,445.5551500000001,445.5551500000001,0.0,0.0,0.0,0.0,0.0,0.0,4.455551500000001,1.0,1.0,equivalent
emp|m=1.0,vis-empirical,rollcp2,optimizer,8,8.0,48,48,505.8567500000001,505.8596583333333,0.0029083333333280357,0.0005749321983601159,-0.07235156249999815,0.0742709374999932,-0.014302776922517715,0.014682207462882166,5.058567500000001,0.8361116600929401,1.0,equivalent
emp|m=1.0,vis-empirical,rollcp2,optimizer,40,40.0,48,48,505.8567500000001,505.84278333333333,-0.013966666666663722,-0.002760992448289702,-0.08470416666668137,0.03725125000000543,-0.0167446943559973,0.0073639918811017994,5.058567500000001,0.43251256882457256,1.0,equivalent
emp|m=1.0,vis-empirical,rollcp2,optimizer,full,inf,48,48,505.8567500000001,511.98024583333336,6.123495833333332,1.2105197436494288,-0.07521312500001796,18.40744812500001,-0.014868463255658436,3.638865770793808,5.058567500000001,0.7763811150102832,1.0,inconclusive
emp|m=1.0,vis-empirical,vispool,policy,8,8.0,180,180,445.0146264444445,444.98465844444445,-0.029968000000004304,-0.006734160681288416,-0.09874455555556258,0.02956871111111051,-0.02218905844612499,0.0066444357902024735,4.450146264444445,0.2487193826593299,0.7461581479779897,equivalent
emp|m=1.0,vis-empirical,vispool,policy,40,40.0,180,180,445.0146264444445,444.9683513333333,-0.046275111111118074,-0.010398559589118369,-0.15056098888889155,0.029648055555553877,-0.03383281805630439,0.006662265416405393,4.450146264444445,0.37370860751857005,0.7474172150371401,equivalent
emp|m=1.0,vis-empirical,vispool,policy,full,inf,180,180,445.0146264444445,445.0124986666666,-0.002127777777781513,-0.00047813659402207187,-0.08862314444444921,0.0824263999999962,-0.01991465879504365,0.018522177722238593,4.450146264444445,0.9721168205477996,0.9721168205477996,equivalent
emp|m=1.0,vis-empirical,visseed501,policy,8,8.0,180,180,444.6900833333333,444.85909666666663,0.16901333333333654,0.0380069940094991,-0.0025537777777732405,0.4610362222222269,-0.0005742826011838374,0.1036758496538455,4.446900833333333,0.11585149752593009,0.32642829012163704,equivalent
emp|m=1.0,vis-empirical,visseed501,policy,40,40.0,180,180,444.6900833333333,444.7386477777778,0.04856444444444479,0.010920964119643203,0.0,0.11817777777777867,0.0,0.02657531215716234,4.446900833333333,0.10880943004054568,0.32642829012163704,equivalent
emp|m=1.0,vis-empirical,visseed501,policy,full,inf,180,180,444.6900833333333,444.7412655555556,0.05118222222222231,0.011509638766524248,0.0,0.12216000000000046,0.0,0.02747081722270633,4.446900833333333,0.10880943004054568,0.32642829012163704,equivalent
emp|m=1.0,vis-empirical,visseed502,policy,8,8.0,180,180,445.04041000000007,444.73700333333335,-0.30340666666666744,-0.06817508249793931,-0.70312177777778,-0.016018388888889526,-0.157990546920847,-0.003599311102757955,4.450404100000001,0.0499499764547464,0.0998999529094928,equivalent
emp|m=1.0,vis-empirical,visseed502,policy,40,40.0,180,180,445.04041000000007,444.7324233333334,-0.30798666666666763,-0.06920420252773621,-0.7095593888888908,-0.020904000000000155,-0.15943706974584412,-0.00469710155084572,4.450404100000001,0.027991815485665747,0.08397544645699724,equivalent
emp|m=1.0,vis-empirical,visseed502,policy,full,inf,180,180,445.04041000000007,444.9544333333333,-0.0859766666666679,-0.019318844926164768,-0.45658569444444413,0.31277444444444186,-0.10259421036495181,0.07028000995335273,4.450404100000001,0.3742593192802244,0.3742593192802244,equivalent
emp|m=1.0,vis-empirical,visseed503,policy,8,8.0,180,180,444.75293444444446,444.7048433333334,-0.04809111111111027,-0.010812994673364542,-0.10851777777777695,0.0,-0.024399564201488647,0.0,4.447529344444445,0.07961580146011343,0.2388474043803403,equivalent
emp|m=1.0,vis-empirical,visseed503,policy,40,40.0,180,180,444.75293444444446,444.7483366666667,-0.004597777777778194,-0.0010337824490177744,-0.021480000000000624,0.007686666666666042,-0.004829647729437018,0.001728300382383696,4.447529344444445,0.6547208460185769,1.0,equivalent
emp|m=1.0,vis-empirical,visseed503,policy,full,inf,180,180,444.75293444444446,444.7444455555556,-0.008488888888886631,-0.0019086751837827404,-0.02707999999999326,0.0016133333333333629,-0.00608877376690494,0.0003627482155567182,4.447529344444445,0.6547208460185769,1.0,equivalent
emp|m=1.0,vis-empirical,visseed504,policy,8,8.0,180,180,444.8653744444445,444.9192766666667,0.05390222222222292,0.01211652453049126,-0.15427111111110764,0.27256888888888964,-0.03467815657799037,0.061269971669356896,4.448653744444445,0.34302782731118187,1.0,equivalent
emp|m=1.0,vis-empirical,visseed504,policy,40,40.0,180,180,444.8653744444445,444.9192766666667,0.05390222222222292,0.01211652453049126,-0.13960444444444103,0.2746555555555549,-0.0313812790259933,0.061739027430163435,4.448653744444445,0.34302782731118187,1.0,equivalent
emp|m=1.0,vis-empirical,visseed504,policy,full,inf,180,180,444.8653744444445,444.9192766666667,0.05390222222222292,0.01211652453049126,-0.1515933333333294,0.2746555555555549,-0.03407622666129989,0.061739027430163435,4.448653744444445,0.34302782731118187,1.0,equivalent
emp|m=1.0,vis-empirical,visseed505,policy,8,8.0,180,180,445.72433,445.7030722222222,-0.021257777777779867,-0.004769265742747286,-0.0887733333333396,0.025,-0.019916645190389225,0.005608847962147365,4.4572433,0.6547208460185769,1.0,equivalent
emp|m=1.0,vis-empirical,visseed505,policy,40,40.0,180,180,445.72433,445.7030722222222,-0.021257777777779867,-0.004769265742747286,-0.0887733333333396,0.025,-0.019916645190389225,0.005608847962147365,4.4572433,0.6547208460185769,1.0,equivalent
emp|m=1.0,vis-empirical,visseed505,policy,full,inf,180,180,445.72433,445.7030722222222,-0.021257777777779867,-0.004769265742747286,-0.0887733333333396,0.025,-0.019916645190389225,0.005608847962147365,4.4572433,0.6547208460185769,1.0,equivalent
emp|m=0.8,vis-empirical,atc_la,rule,8,8.0,180,180,448.1663633333332,448.1343499999999,-0.03201333333332962,-0.007143180736551401,-0.09143555555554819,0.0,-0.020402145952114006,0.0,4.481663633333333,0.17971249487899976,0.5391374846369993,equivalent
emp|m=0.8,vis-empirical,atc_la,rule,40,40.0,180,180,448.1663633333332,448.1343499999999,-0.03201333333332962,-0.007143180736551401,-0.09143555555554819,0.0,-0.020402145952114006,0.0,4.481663633333333,0.17971249487899976,0.5391374846369993,equivalent
emp|m=0.8,vis-empirical,atc_la,rule,full,inf,180,180,448.1663633333332,448.1343499999999,-0.03201333333332962,-0.007143180736551401,-0.09143555555554819,0.0,-0.020402145952114006,0.0,4.481663633333333,0.17971249487899976,0.5391374846369993,equivalent
emp|m=0.8,vis-empirical,rollcp2,optimizer,8,8.0,48,48,506.02017916666665,506.1816833333334,0.1615041666666747,0.03191654667461007,-0.00791729166665922,0.4490659375000107,-0.001564619750875888,0.08874466987453933,5.060201791666667,0.8106749789942621,1.0,equivalent
emp|m=0.8,vis-empirical,rollcp2,optimizer,40,40.0,48,48,506.02017916666665,509.74255833333336,3.7223791666666646,0.7356187203436869,0.042527291666654594,10.825505624999975,0.008404267935853894,2.1393426726238136,5.060201791666667,0.4954339467055269,1.0,inconclusive
emp|m=0.8,vis-empirical,rollcp2,optimizer,full,inf,48,48,506.02017916666665,507.434325,1.4141458333333425,0.2794643161587374,-0.004216874999991586,4.177823645833352,-0.000833341272463896,0.8256239213055795,5.060201791666667,0.5320471843202862,1.0,equivalent
emp|m=0.8,vis-empirical,vispool,policy,8,8.0,180,180,447.03332222222235,447.1311584444444,0.09783622222221856,0.021885666539547967,-0.1538571666666819,0.37479230555555865,-0.034417382109649265,0.08383990340864292,4.470333222222224,0.5320471843202862,1.0,equivalent
emp|m=0.8,vis-empirical,vispool,policy,40,40.0,180,180,447.03332222222235,447.07487355555554,0.04155133333333083,0.009294907396785842,-0.1717582,0.2702233999999964,-0.03842178903939027,0.06044815600248858,4.470333222222224,0.6376838503977392,1.0,equivalent
emp|m=0.8,vis-empirical,vispool,policy,full,inf,180,180,447.03332222222235,447.19128333333333,0.15796111111110653,0.03533542204994359,-0.006942105555569371,0.37719082222220934,-0.0015529279833234484,0.08437644432123698,4.470333222222224,0.09793318111696467,0.293799543350894,equivalent
emp|m=0.8,vis-empirical,visseed501,policy,8,8.0,180,180,446.28650666666664,446.77379222222226,0.48728555555555775,0.10918671039263875,-0.08554444444444,1.5765511111111121,-0.019168055311233848,0.3532598650329899,4.462865066666667,0.6858304344516057,0.6858304344516057,equivalent
emp|m=0.8,vis-empirical,visseed501,policy,40,40.0,180,180,446.28650666666664,446.26193888888884,-0.024567777777775114,-0.005504934030220388,-0.07262333333333244,0.009182222222226403,-0.01627280508114827,0.0020574725171076357,4.462865066666667,0.28504940740261275,0.5700988148052255,equivalent
emp|m=0.8,vis-empirical,visseed501,policy,full,inf,180,180,446.28650666666664,446.2508277777777,-0.03567888888888623,-0.007994615198064894,-0.0880315833333305,0.004591111111113201,-0.019725351768047444,0.0010287362585538178,4.462865066666667,0.14412703481601533,0.432381104448046,equivalent
emp|m=0.8,vis-empirical,visseed502,policy,8,8.0,180,180,447.03969444444436,446.32731,-0.7123844444444435,-0.15935597068840937,-1.5522962777777762,-0.0516064444444461,-0.3472390253189669,-0.01154404073861487,4.470396944444444,0.018602929901135743,0.04910561769007636,equivalent
emp|m=0.8,vis-empirical,visseed502,policy,40,40.0,180,180,447.03969444444436,446.39340333333325,-0.64629111111111,-0.14457130298334783,-1.5012642777777738,-0.06296611111111022,-0.3358234842307371,-0.014085127538698982,4.470396944444444,0.016368539230025455,0.04910561769007636,equivalent
emp|m=0.8,vis-empirical,visseed502,policy,full,inf,180,180,447.03969444444436,447.10055,0.06085555555555694,0.013613009384140883,-0.3251282222222237,0.45328216666666943,-0.07272916169698859,0.1013964022210562,4.470396944444444,0.8613042569883052,0.8613042569883052,equivalent
emp|m=0.8,vis-empirical,visseed503,policy,8,8.0,180,180,446.2736077777778,446.2462366666667,-0.027371111111112137,-0.006133257856633457,-0.06811661111111396,0.002737777777777713,-0.015263419105221356,0.0006134751708510155,4.462736077777778,0.14412703481601533,0.32642829012163704,equivalent
emp|m=0.8,vis-empirical,visseed503,policy,40,40.0,180,180,446.2736077777778,446.4105722222222,0.1369644444444475,0.030690688863825668,0.0,0.3758577777777848,0.0,0.08422137702683584,4.462736077777778,0.10880943004054568,0.32642829012163704,equivalent
emp|m=0.8,vis-empirical,visseed503,policy,full,inf,180,180,446.2736077777778,446.29658555555557,0.022977777777779016,0.0051488094696428505,-0.04613777777777794,0.11507111111111498,-0.010338450890591827,0.025784879299520377,4.462736077777778,0.5929800980174267,0.5929800980174267,equivalent
emp|m=0.8,vis-empirical,visseed504,policy,8,8.0,180,180,446.99710777777767,447.44640333333325,0.4492955555555543,0.10051419746074046,0.027777777777777776,1.2598931666666633,0.006214308167646435,0.2818571182552288,4.469971077777777,0.04216819709715596,0.12650459129146788,equivalent
emp|m=0.8,vis-empirical,visseed504,policy,40,40.0,180,180,446.99710777777767,447.44640333333325,0.4492955555555543,0.10051419746074046,0.027777777777777776,1.2472955555555543,0.006214308167646435,0.27903884250088723,4.469971077777777,0.04216819709715596,0.12650459129146788,equivalent
emp|m=0.8,vis-empirical,visseed504,policy,full,inf,180,180,446.99710777777767,447.44640333333325,0.4492955555555543,0.10051419746074046,0.01466666666666659,1.2470355555555532,0.003281154712517301,0.2789806765764379,4.469971077777777,0.04216819709715596,0.12650459129146788,equivalent
emp|m=0.8,vis-empirical,visseed505,policy,8,8.0,180,180,448.5696944444445,448.86205000000007,0.2923555555555546,0.06517505733811067,0.013591111111110069,0.7919412222222197,0.0030298772474905413,0.17654808874305306,4.485696944444445,0.07473549830588248,0.22420649491764744,equivalent
emp|m=0.8,vis-empirical,visseed505,policy,40,40.0,180,180,448.5696944444445,448.86205000000007,0.2923555555555546,0.06517505733811067,0.013680000000000487,0.7932901111111054,0.0030496933184358845,0.1768487976196427,4.485696944444445,0.07473549830588248,0.22420649491764744,equivalent
emp|m=0.8,vis-empirical,visseed505,policy,full,inf,180,180,448.5696944444445,448.86205000000007,0.2923555555555546,0.06517505733811067,0.013680000000000487,0.7921606666666641,0.0030496933184358845,0.1765970096681985,4.485696944444445,0.07473549830588248,0.22420649491764744,equivalent
emp|m=0.6,vis-empirical,atc_la,rule,8,8.0,180,180,456.44054111111114,456.41588333333345,-0.024657777777779364,-0.00540218835902592,-0.11777333333333312,0.04379999999999503,-0.025802557556924725,0.009595992479846969,4.564405411111111,0.6547208460185769,1.0,equivalent
emp|m=0.6,vis-empirical,atc_la,rule,40,40.0,180,180,456.44054111111114,456.41491666666684,-0.02562444444444591,-0.005613972059113864,-0.11777333333333312,0.04089999999999539,-0.025802557556924725,0.008960641379583134,4.564405411111111,0.6547208460185769,1.0,equivalent
emp|m=0.6,vis-empirical,atc_la,rule,full,inf,180,180,456.44054111111114,456.41491666666684,-0.02562444444444591,-0.005613972059113864,-0.11777333333333312,0.04089999999999539,-0.025802557556924725,0.008960641379583134,4.564405411111111,0.6547208460185769,1.0,equivalent
emp|m=0.6,vis-empirical,rollcp2,optimizer,8,8.0,48,48,510.6826875,511.07820833333335,0.39552083333333243,0.07744943053965041,-0.10690249999999234,0.9941174999999833,-0.020933253195506523,0.19466442163265685,5.106826875,0.6848547545673909,1.0,equivalent
emp|m=0.6,vis-empirical,rollcp2,optimizer,40,40.0,48,48,510.6826875,512.3604083333333,1.6777208333333373,0.32852510460976564,-2.287113645833332,7.45289979166667,-0.44785415715376725,1.4593993440724717,5.106826875,0.7770918466455509,1.0,inconclusive
emp|m=0.6,vis-empirical,rollcp2,optimizer,full,inf,48,48,510.6826875,511.9846166666666,1.3019291666666668,0.2549389667075148,-0.33516729166665526,4.386217291666665,-0.06563122264971148,0.8588928896608944,5.106826875,0.21791717433594315,0.6537515230078295,equivalent
emp|m=0.6,vis-empirical,vispool,policy,8,8.0,180,180,454.29875844444445,454.68116355555554,0.38240511111110415,0.08417480875811549,-0.3217846833333516,1.2493188222222047,-0.07083107258209737,0.27499939169985255,4.542987584444445,0.6143145637885868,0.6143145637885868,equivalent
emp|m=0.6,vis-empirical,vispool,policy,40,40.0,180,180,454.29875844444445,454.0721435555556,-0.2266148888888891,-0.04988234827337779,-0.6431839166666716,0.1430987388888918,-0.14157730011611416,0.03149881795382259,4.542987584444445,0.29894375201959067,0.5978875040391813,equivalent
emp|m=0.6,vis-empirical,vispool,policy,full,inf,180,180,454.29875844444445,454.5621111111112,0.26335266666666257,0.05796904829068944,-0.07394976111111075,0.6416679499999958,-0.01627778190817001,0.1412436063433496,4.542987584444445,0.14855466734098632,0.44566400202295897,equivalent
emp|m=0.6,vis-empirical,visseed501,policy,8,8.0,180,180,450.27181111111116,453.7522433333334,3.4804322222222153,0.7729624942840065,-0.06972102777777242,8.878479444444425,-0.015484208883901849,1.97180441354645,4.502718111111112,0.3342768550264176,1.0,inconclusive
emp|m=0.6,vis-empirical,visseed501,policy,40,40.0,180,180,450.27181111111116,449.8252466666667,-0.446564444444463,-0.09917663807167948,-2.527555333333332,1.1687283333333056,-0.5613398998032371,0.25956062638016325,4.502718111111112,0.972125329731665,1.0,equivalent
emp|m=0.6,vis-empirical,visseed501,policy,full,inf,180,180,450.27181111111116,450.57872,0.3069088888888738,0.06816080449973794,-0.5152653333333259,1.5453016111110678,-0.11443428627295896,0.34319306094197005,4.502718111111112,0.7536837177261574,1.0,equivalent
emp|m=0.6,vis-empirical,visseed502,policy,8,8.0,180,180,451.9633377777778,449.9647622222223,-1.9985755555555524,-0.4421986007498281,-3.494543249999991,-0.756905972222213,-0.7731917520527285,-0.16747065723157617,4.519633377777778,0.0008918026969621409,0.0026754080908864227,equivalent
emp|m=0.6,vis-empirical,visseed502,policy,40,40.0,180,180,451.9633377777778,450.71016444444444,-1.2531733333333224,-0.2772732274026804,-3.247432527777747,1.0434167500000098,-0.7185168035409215,0.2308631392825581,4.519633377777778,0.01237422010582018,0.02474844021164036,equivalent
emp|m=0.6,vis-empirical,visseed502,policy,full,inf,180,180,451.9633377777778,451.90828444444446,-0.05505333333333253,-0.012180929011636173,-1.113770111111116,0.9224920555555466,-0.24642930477222394,0.20410771813733247,4.519633377777778,0.9544221046749141,0.9544221046749141,equivalent
emp|m=0.6,vis-empirical,visseed503,policy,8,8.0,180,180,450.9465322222223,450.63106222222217,-0.3154699999999898,-0.06995729592273017,-0.9974583888888733,0.2750687222222281,-0.22119216306498507,0.0609980790553406,4.509465322222223,0.15195618574341052,0.45586855723023156,equivalent
emp|m=0.6,vis-empirical,visseed503,policy,40,40.0,180,180,450.9465322222223,450.5087611111111,-0.4377711111110898,-0.09707827421441623,-1.4269659444443854,0.20647144444445129,-0.3164379460714402,0.04578623621451957,4.509465322222223,0.9291527647091152,1.0,equivalent
emp|m=0.6,vis-empirical,visseed503,policy,full,inf,180,180,450.9465322222223,451.00700555555557,0.06047333333333932,0.013410311203710204,-0.5578754999999905,0.6135459444444485,-0.12371211665623245,0.1360573594880421,4.509465322222223,0.5829195472688132,1.0,equivalent
emp|m=0.6,vis-empirical,visseed504,policy,8,8.0,180,180,460.2745822222222,460.6156488888888,0.34106666666667057,0.07410069550657968,-1.258816333333332,1.8992858888888986,-0.27349247209257604,0.4126419233751901,4.602745822222222,0.13295729296233563,0.2885911093883488,equivalent
emp|m=0.6,vis-empirical,visseed504,policy,40,40.0,180,180,460.2745822222222,460.6014533333333,0.3268711111111162,0.07101654615229257,-1.3212649999999975,1.8607602222222244,-0.28706017039239545,0.40427177473898457,4.602745822222222,0.09619703646278294,0.2885911093883488,equivalent
emp|m=0.6,vis-empirical,visseed504,policy,full,inf,180,180,460.2745822222222,460.6014533333333,0.3268711111111162,0.07101654615229257,-1.2751446666666584,1.9018004444444412,-0.2770399921955747,0.41318823978123675,4.602745822222222,0.09619703646278294,0.2885911093883488,equivalent
emp|m=0.6,vis-empirical,visseed505,policy,8,8.0,180,180,458.0375288888889,458.4421011111111,0.40457222222222544,0.08832730872591159,-0.09376194444444311,1.0981977222222286,-0.020470362913687788,0.23976151580553787,4.580375288888889,0.5750621301739497,1.0,equivalent
emp|m=0.6,vis-empirical,visseed505,policy,40,40.0,180,180,458.0375288888889,458.7150922222222,0.6775633333333444,0.1479274711347306,-0.013535722222212422,1.5968198055555745,-0.0029551557172722257,0.34862204619546194,4.580375288888889,0.3739447986092539,1.0,equivalent
emp|m=0.6,vis-empirical,visseed505,policy,full,inf,180,180,458.0375288888889,458.7150922222222,0.6775633333333444,0.1479274711347306,-0.008396888888884234,1.570692638888886,-0.0018332316369912905,0.3429178920555014,4.580375288888889,0.3739447986092539,1.0,equivalent
