{"shard_id": "c05_replay_400_0111_m1.25", "id": "c05_replay_400_0111_m1.25", "base_id": "c05_replay_400_0111", "campus": 5, "size": 400, "condition": "crew1.25", "rows": {"edd": {"id": "c05_replay_400_0111_m1.25", "base_id": "c05_replay_400_0111", "campus": 5, "size": 400, "condition": "crew1.25", "sla_multiplier": 1.0, "crew_multiplier": 1.25, "method": "edd", "seed": 301, "feasible": 1, "wwt": 3.9999999999999716, "makespan": 121.91919999999999, "mean_flow": 3.9942325, "breach_share": 0.0025, "breach_p1": null, "breach_p2": null, "breach_p3": 0.0025974025974025974, "breach_p4": 0.0, "wall_seconds": 0.0006318851374089718}, "wspt": {"id": "c05_replay_400_0111_m1.25", "base_id": "c05_replay_400_0111", "campus": 5, "size": 400, "condition": "crew1.25", "sla_multiplier": 1.0, "crew_multiplier": 1.25, "method": "wspt", "seed": 301, "feasible": 1, "wwt": 3.9999999999999716, "makespan": 121.91919999999999, "mean_flow": 3.9337919999999995, "breach_share": 0.0025, "breach_p1": null, "breach_p2": null, "breach_p3": 0.0025974025974025974, "breach_p4": 0.0, "wall_seconds": 0.0006680111400783062}, "atc": {"id": "c05_replay_400_0111_m1.25", "base_id": "c05_replay_400_0111", "campus": 5, "size": 400, "condition": "crew1.25", "sla_multiplier": 1.0, "crew_multiplier": 1.25, "method": "atc", "seed": 301, "feasible": 1, "wwt": 3.9999999999999716, "makespan": 121.91919999999999, "mean_flow": 3.9337919999999995, "breach_share": 0.0025, "breach_p1": null, "breach_p2": null, "breach_p3": 0.0025974025974025974, "breach_p4": 0.0, "wall_seconds": 0.0008157738484442234}, "pfifo": {"id": "c05_replay_400_0111_m1.25", "base_id": "c05_replay_400_0111", "campus": 5, "size": 400, "condition": "crew1.25", "sla_multiplier": 1.0, "crew_multiplier": 1.25, "method": "pfifo", "seed": 301, "feasible": 1, "wwt": 3.9999999999999716, "makespan": 121.91919999999999, "mean_flow": 3.9942325, "breach_share": 0.0025, "breach_p1": null, "breach_p2": null, "breach_p3": 0.0025974025974025974, "breach_p4": 0.0, "wall_seconds": 0.0006314129568636417}, "mor": {"id": "c05_replay_400_0111_m1.25", "base_id": "c05_replay_400_0111", "campus": 5, "size": 400, "condition": "crew1.25", "sla_multiplier": 1.0, "crew_multiplier": 1.25, "method": "mor", "seed": 301, "feasible": 1, "wwt": 3.9999999999999716, "makespan": 121.91919999999999, "mean_flow": 4.1034825, "breach_share": 0.0025, "breach_p1": null, "breach_p2": null, "breach_p3": 0.0025974025974025974, "breach_p4": 0.0, "wall_seconds": 0.0006495150737464428}, "random": {"id": "c05_replay_400_0111_m1.25", "base_id": "c05_replay_400_0111", "campus": 5, "size": 400, "condition": "crew1.25", "sla_multiplier": 1.0, "crew_multiplier": 1.25, "method": "random", "seed": 301, "feasible": 1, "wwt": 3.9999999999999716, "makespan": 121.91919999999999, "mean_flow": 3.9984824999999997, "breach_share": 0.0025, "breach_p1": null, "breach_p2": null, "breach_p3": 0.0025974025974025974, "breach_p4": 0.0, "wall_seconds": 0.0005629309453070164}, "v2rl301": {"id": "c05_replay_400_0111_m1.25", "base_id": "c05_replay_400_0111", "campus": 5, "size": 400, "condition": "crew1.25", "sla_multiplier": 1.0, "crew_multiplier": 1.25, "method": "v2rl301", "seed": 301, "feasible": 1, "wwt": 3.9999999999999716, "makespan": 121.91919999999999, "mean_flow": 4.0922325, "breach_share": 0.0025, "breach_p1": null, "breach_p2": null, "breach_p3": 0.0025974025974025974, "breach_p4": 0.0, "wall_seconds": 0.0416168081574142}, "v2rl302": {"id": "c05_replay_400_0111_m1.25", "base_id": "c05_replay_400_0111", "campus": 5, "size": 400, "condition": "crew1.25", "sla_multiplier": 1.0, "crew_multiplier": 1.25, "method": "v2rl302", "seed": 302, "feasible": 1, "wwt": 3.9999999999999716, "makespan": 121.91919999999999, "mean_flow": 4.1034825, "breach_share": 0.0025, "breach_p1": null, "breach_p2": null, "breach_p3": 0.0025974025974025974, "breach_p4": 0.0, "wall_seconds": 0.041636485140770674}, "v2rl303": {"id": "c05_replay_400_0111_m1.25", "base_id": "c05_replay_400_0111", "campus": 5, "size": 400, "condition": "crew1.25", "sla_multiplier": 1.0, "crew_multiplier": 1.25, "method": "v2rl303", "seed": 303, "feasible": 1, "wwt": 3.9999999999999716, "makespan": 121.91919999999999, "mean_flow": 4.0797325, "breach_share": 0.0025, "breach_p1": null, "breach_p2": null, "breach_p3": 0.0025974025974025974, "breach_p4": 0.0, "wall_seconds": 0.04100942378863692}}, "methods_expected": ["edd", "wspt", "atc", "pfifo", "mor", "random", "v2rl301", "v2rl302", "v2rl303"], "infeasible": [], "wall_seconds_total": 0.1327297007665038}