{"shard_id": "c05_replay_150_0106_sla0.5", "id": "c05_replay_150_0106_sla0.5", "base_id": "c05_replay_150_0106", "campus": 5, "size": 150, "condition": "sla0.5", "rows": {"edd": {"id": "c05_replay_150_0106_sla0.5", "base_id": "c05_replay_150_0106", "campus": 5, "size": 150, "condition": "sla0.5", "sla_multiplier": 0.5, "crew_multiplier": 1.0, "method": "edd", "seed": 301, "feasible": 1, "wwt": 81.0, "makespan": 86.28, "mean_flow": 3.6781166666666665, "breach_share": 0.006666666666666667, "breach_p1": null, "breach_p2": null, "breach_p3": 0.006666666666666667, "breach_p4": null, "wall_seconds": 0.00026752520352602005}, "wspt": {"id": "c05_replay_150_0106_sla0.5", "base_id": "c05_replay_150_0106", "campus": 5, "size": 150, "condition": "sla0.5", "sla_multiplier": 0.5, "crew_multiplier": 1.0, "method": "wspt", "seed": 301, "feasible": 1, "wwt": 81.0, "makespan": 86.28, "mean_flow": 3.6781166666666665, "breach_share": 0.006666666666666667, "breach_p1": null, "breach_p2": null, "breach_p3": 0.006666666666666667, "breach_p4": null, "wall_seconds": 0.00029611121863126755}, "atc": {"id": "c05_replay_150_0106_sla0.5", "base_id": "c05_replay_150_0106", "campus": 5, "size": 150, "condition": "sla0.5", "sla_multiplier": 0.5, "crew_multiplier": 1.0, "method": "atc", "seed": 301, "feasible": 1, "wwt": 81.0, "makespan": 86.28, "mean_flow": 3.6781166666666665, "breach_share": 0.006666666666666667, "breach_p1": null, "breach_p2": null, "breach_p3": 0.006666666666666667, "breach_p4": null, "wall_seconds": 0.00036536576226353645}, "pfifo": {"id": "c05_replay_150_0106_sla0.5", "base_id": "c05_replay_150_0106", "campus": 5, "size": 150, "condition": "sla0.5", "sla_multiplier": 0.5, "crew_multiplier": 1.0, "method": "pfifo", "seed": 301, "feasible": 1, "wwt": 81.0, "makespan": 86.28, "mean_flow": 3.6781166666666665, "breach_share": 0.006666666666666667, "breach_p1": null, "breach_p2": null, "breach_p3": 0.006666666666666667, "breach_p4": null, "wall_seconds": 0.0002377452328801155}, "mor": {"id": "c05_replay_150_0106_sla0.5", "base_id": "c05_replay_150_0106", "campus": 5, "size": 150, "condition": "sla0.5", "sla_multiplier": 0.5, "crew_multiplier": 1.0, "method": "mor", "seed": 301, "feasible": 1, "wwt": 81.0, "makespan": 86.28, "mean_flow": 3.6781166666666665, "breach_share": 0.006666666666666667, "breach_p1": null, "breach_p2": null, "breach_p3": 0.006666666666666667, "breach_p4": null, "wall_seconds": 0.00024220114573836327}, "random": {"id": "c05_replay_150_0106_sla0.5", "base_id": "c05_replay_150_0106", "campus": 5, "size": 150, "condition": "sla0.5", "sla_multiplier": 0.5, "crew_multiplier": 1.0, "method": "random", "seed": 301, "feasible": 1, "wwt": 81.0, "makespan": 86.28, "mean_flow": 3.6781166666666665, "breach_share": 0.006666666666666667, "breach_p1": null, "breach_p2": null, "breach_p3": 0.006666666666666667, "breach_p4": null, "wall_seconds": 0.00022738240659236908}, "v2rl301": {"id": "c05_replay_150_0106_sla0.5", "base_id": "c05_replay_150_0106", "campus": 5, "size": 150, "condition": "sla0.5", "sla_multiplier": 0.5, "crew_multiplier": 1.0, "method": "v2rl301", "seed": 301, "feasible": 1, "wwt": 81.0, "makespan": 86.28, "mean_flow": 3.6781166666666665, "breach_share": 0.006666666666666667, "breach_p1": null, "breach_p2": null, "breach_p3": 0.006666666666666667, "breach_p4": null, "wall_seconds": 0.01519957697018981}, "v2rl302": {"id": "c05_replay_150_0106_sla0.5", "base_id": "c05_replay_150_0106", "campus": 5, "size": 150, "condition": "sla0.5", "sla_multiplier": 0.5, "crew_multiplier": 1.0, "method": "v2rl302", "seed": 302, "feasible": 1, "wwt": 81.0, "makespan": 86.28, "mean_flow": 3.6781166666666665, "breach_share": 0.006666666666666667, "breach_p1": null, "breach_p2": null, "breach_p3": 0.006666666666666667, "breach_p4": null, "wall_seconds": 0.01494269398972392}, "v2rl303": {"id": "c05_replay_150_0106_sla0.5", "base_id": "c05_replay_150_0106", "campus": 5, "size": 150, "condition": "sla0.5", "sla_multiplier": 0.5, "crew_multiplier": 1.0, "method": "v2rl303", "seed": 303, "feasible": 1, "wwt": 81.0, "makespan": 86.28, "mean_flow": 3.6781166666666665, "breach_share": 0.006666666666666667, "breach_p1": null, "breach_p2": null, "breach_p3": 0.006666666666666667, "breach_p4": null, "wall_seconds": 0.014955735765397549}}, "methods_expected": ["edd", "wspt", "atc", "pfifo", "mor", "random", "v2rl301", "v2rl302", "v2rl303"], "infeasible": [], "wall_seconds_total": 0.048788988031446934}