{"shard_id": "c05_replay_150_0118", "id": "c05_replay_150_0118", "base_id": "c05_replay_150_0118", "campus": 5, "size": 150, "condition": "baseline", "rows": {"edd": {"id": "c05_replay_150_0118", "base_id": "c05_replay_150_0118", "campus": 5, "size": 150, "condition": "baseline", "sla_multiplier": 1.0, "crew_multiplier": 1.0, "method": "edd", "seed": 301, "feasible": 1, "wwt": 2.0, "makespan": 89.0, "mean_flow": 3.981405333333334, "breach_share": 0.006666666666666667, "breach_p1": null, "breach_p2": null, "breach_p3": 0.006666666666666667, "breach_p4": null, "wall_seconds": 0.00024772388860583305}, "wspt": {"id": "c05_replay_150_0118", "base_id": "c05_replay_150_0118", "campus": 5, "size": 150, "condition": "baseline", "sla_multiplier": 1.0, "crew_multiplier": 1.0, "method": "wspt", "seed": 301, "feasible": 1, "wwt": 2.0, "makespan": 89.0, "mean_flow": 3.981405333333334, "breach_share": 0.006666666666666667, "breach_p1": null, "breach_p2": null, "breach_p3": 0.006666666666666667, "breach_p4": null, "wall_seconds": 0.0002495800144970417}, "atc": {"id": "c05_replay_150_0118", "base_id": "c05_replay_150_0118", "campus": 5, "size": 150, "condition": "baseline", "sla_multiplier": 1.0, "crew_multiplier": 1.0, "method": "atc", "seed": 301, "feasible": 1, "wwt": 2.0, "makespan": 89.0, "mean_flow": 3.981405333333334, "breach_share": 0.006666666666666667, "breach_p1": null, "breach_p2": null, "breach_p3": 0.006666666666666667, "breach_p4": null, "wall_seconds": 0.0003052488900721073}, "pfifo": {"id": "c05_replay_150_0118", "base_id": "c05_replay_150_0118", "campus": 5, "size": 150, "condition": "baseline", "sla_multiplier": 1.0, "crew_multiplier": 1.0, "method": "pfifo", "seed": 301, "feasible": 1, "wwt": 2.0, "makespan": 89.0, "mean_flow": 3.981405333333334, "breach_share": 0.006666666666666667, "breach_p1": null, "breach_p2": null, "breach_p3": 0.006666666666666667, "breach_p4": null, "wall_seconds": 0.000238712877035141}, "mor": {"id": "c05_replay_150_0118", "base_id": "c05_replay_150_0118", "campus": 5, "size": 150, "condition": "baseline", "sla_multiplier": 1.0, "crew_multiplier": 1.0, "method": "mor", "seed": 301, "feasible": 1, "wwt": 2.0, "makespan": 89.0, "mean_flow": 3.981405333333334, "breach_share": 0.006666666666666667, "breach_p1": null, "breach_p2": null, "breach_p3": 0.006666666666666667, "breach_p4": null, "wall_seconds": 0.00023729773238301277}, "random": {"id": "c05_replay_150_0118", "base_id": "c05_replay_150_0118", "campus": 5, "size": 150, "condition": "baseline", "sla_multiplier": 1.0, "crew_multiplier": 1.0, "method": "random", "seed": 301, "feasible": 1, "wwt": 2.0, "makespan": 89.0, "mean_flow": 3.981405333333334, "breach_share": 0.006666666666666667, "breach_p1": null, "breach_p2": null, "breach_p3": 0.006666666666666667, "breach_p4": null, "wall_seconds": 0.00023194076493382454}, "v2rl301": {"id": "c05_replay_150_0118", "base_id": "c05_replay_150_0118", "campus": 5, "size": 150, "condition": "baseline", "sla_multiplier": 1.0, "crew_multiplier": 1.0, "method": "v2rl301", "seed": 301, "feasible": 1, "wwt": 2.0, "makespan": 89.0, "mean_flow": 3.981405333333334, "breach_share": 0.006666666666666667, "breach_p1": null, "breach_p2": null, "breach_p3": 0.006666666666666667, "breach_p4": null, "wall_seconds": 0.015352016780525446}, "v2rl302": {"id": "c05_replay_150_0118", "base_id": "c05_replay_150_0118", "campus": 5, "size": 150, "condition": "baseline", "sla_multiplier": 1.0, "crew_multiplier": 1.0, "method": "v2rl302", "seed": 302, "feasible": 1, "wwt": 2.0, "makespan": 89.0, "mean_flow": 3.981405333333334, "breach_share": 0.006666666666666667, "breach_p1": null, "breach_p2": null, "breach_p3": 0.006666666666666667, "breach_p4": null, "wall_seconds": 0.01490378100425005}, "v2rl303": {"id": "c05_replay_150_0118", "base_id": "c05_replay_150_0118", "campus": 5, "size": 150, "condition": "baseline", "sla_multiplier": 1.0, "crew_multiplier": 1.0, "method": "v2rl303", "seed": 303, "feasible": 1, "wwt": 2.0, "makespan": 89.0, "mean_flow": 3.981405333333334, "breach_share": 0.006666666666666667, "breach_p1": null, "breach_p2": null, "breach_p3": 0.006666666666666667, "breach_p4": null, "wall_seconds": 0.015174162108451128}}, "methods_expected": ["edd", "wspt", "atc", "pfifo", "mor", "random", "v2rl301", "v2rl302", "v2rl303"], "infeasible": [], "wall_seconds_total": 0.048637832049280405}