{"shard_id": "c05_replay_400_0110_sla0.5", "id": "c05_replay_400_0110_sla0.5", "base_id": "c05_replay_400_0110", "campus": 5, "size": 400, "condition": "sla0.5", "rows": {"edd": {"id": "c05_replay_400_0110_sla0.5", "base_id": "c05_replay_400_0110", "campus": 5, "size": 400, "condition": "sla0.5", "sla_multiplier": 0.5, "crew_multiplier": 1.0, "method": "edd", "seed": 301, "feasible": 1, "wwt": 245.7296, "makespan": 113.7456, "mean_flow": 3.7999277500000006, "breach_share": 0.01, "breach_p1": null, "breach_p2": null, "breach_p3": 0.010025062656641603, "breach_p4": 0.0, "wall_seconds": 0.0006553851999342442}, "wspt": {"id": "c05_replay_400_0110_sla0.5", "base_id": "c05_replay_400_0110", "campus": 5, "size": 400, "condition": "sla0.5", "sla_multiplier": 0.5, "crew_multiplier": 1.0, "method": "wspt", "seed": 301, "feasible": 1, "wwt": 245.7296, "makespan": 113.7456, "mean_flow": 3.7842359999999995, "breach_share": 0.01, "breach_p1": null, "breach_p2": null, "breach_p3": 0.010025062656641603, "breach_p4": 0.0, "wall_seconds": 0.0006488710641860962}, "atc": {"id": "c05_replay_400_0110_sla0.5", "base_id": "c05_replay_400_0110", "campus": 5, "size": 400, "condition": "sla0.5", "sla_multiplier": 0.5, "crew_multiplier": 1.0, "method": "atc", "seed": 301, "feasible": 1, "wwt": 245.7296, "makespan": 113.7456, "mean_flow": 3.7842359999999995, "breach_share": 0.01, "breach_p1": null, "breach_p2": null, "breach_p3": 0.010025062656641603, "breach_p4": 0.0, "wall_seconds": 0.0007937159389257431}, "pfifo": {"id": "c05_replay_400_0110_sla0.5", "base_id": "c05_replay_400_0110", "campus": 5, "size": 400, "condition": "sla0.5", "sla_multiplier": 0.5, "crew_multiplier": 1.0, "method": "pfifo", "seed": 301, "feasible": 1, "wwt": 245.7296, "makespan": 113.7456, "mean_flow": 3.7999277500000006, "breach_share": 0.01, "breach_p1": null, "breach_p2": null, "breach_p3": 0.010025062656641603, "breach_p4": 0.0, "wall_seconds": 0.0006518550217151642}, "mor": {"id": "c05_replay_400_0110_sla0.5", "base_id": "c05_replay_400_0110", "campus": 5, "size": 400, "condition": "sla0.5", "sla_multiplier": 0.5, "crew_multiplier": 1.0, "method": "mor", "seed": 301, "feasible": 1, "wwt": 245.7296, "makespan": 113.7456, "mean_flow": 3.82157425, "breach_share": 0.01, "breach_p1": null, "breach_p2": null, "breach_p3": 0.010025062656641603, "breach_p4": 0.0, "wall_seconds": 0.000722615048289299}, "random": {"id": "c05_replay_400_0110_sla0.5", "base_id": "c05_replay_400_0110", "campus": 5, "size": 400, "condition": "sla0.5", "sla_multiplier": 0.5, "crew_multiplier": 1.0, "method": "random", "seed": 301, "feasible": 1, "wwt": 245.7296, "makespan": 113.7456, "mean_flow": 3.81222, "breach_share": 0.01, "breach_p1": null, "breach_p2": null, "breach_p3": 0.010025062656641603, "breach_p4": 0.0, "wall_seconds": 0.0006760843098163605}, "v2rl301": {"id": "c05_replay_400_0110_sla0.5", "base_id": "c05_replay_400_0110", "campus": 5, "size": 400, "condition": "sla0.5", "sla_multiplier": 0.5, "crew_multiplier": 1.0, "method": "v2rl301", "seed": 301, "feasible": 1, "wwt": 245.7296, "makespan": 113.7456, "mean_flow": 3.82157425, "breach_share": 0.01, "breach_p1": null, "breach_p2": null, "breach_p3": 0.010025062656641603, "breach_p4": 0.0, "wall_seconds": 0.040866756811738014}, "v2rl302": {"id": "c05_replay_400_0110_sla0.5", "base_id": "c05_replay_400_0110", "campus": 5, "size": 400, "condition": "sla0.5", "sla_multiplier": 0.5, "crew_multiplier": 1.0, "method": "v2rl302", "seed": 302, "feasible": 1, "wwt": 245.7296, "makespan": 113.7456, "mean_flow": 3.82157425, "breach_share": 0.01, "breach_p1": null, "breach_p2": null, "breach_p3": 0.010025062656641603, "breach_p4": 0.0, "wall_seconds": 0.04082910995930433}, "v2rl303": {"id": "c05_replay_400_0110_sla0.5", "base_id": "c05_replay_400_0110", "campus": 5, "size": 400, "condition": "sla0.5", "sla_multiplier": 0.5, "crew_multiplier": 1.0, "method": "v2rl303", "seed": 303, "feasible": 1, "wwt": 245.7296, "makespan": 113.7456, "mean_flow": 3.82157425, "breach_share": 0.01, "breach_p1": null, "breach_p2": null, "breach_p3": 0.010025062656641603, "breach_p4": 0.0, "wall_seconds": 0.04135858919471502}}, "methods_expected": ["edd", "wspt", "atc", "pfifo", "mor", "random", "v2rl301", "v2rl302", "v2rl303"], "infeasible": [], "wall_seconds_total": 0.1318589160218835}