{"shard_id": "c05_replay_400_0115_sla0.5", "id": "c05_replay_400_0115_sla0.5", "base_id": "c05_replay_400_0115", "campus": 5, "size": 400, "condition": "sla0.5", "rows": {"edd": {"id": "c05_replay_400_0115_sla0.5", "base_id": "c05_replay_400_0115", "campus": 5, "size": 400, "condition": "sla0.5", "sla_multiplier": 0.5, "crew_multiplier": 1.0, "method": "edd", "seed": 301, "feasible": 1, "wwt": 95.4, "makespan": 103.7, "mean_flow": 3.57201625, "breach_share": 0.0025, "breach_p1": null, "breach_p2": null, "breach_p3": 0.0025188916876574307, "breach_p4": 0.0, "wall_seconds": 0.0006157029420137405}, "wspt": {"id": "c05_replay_400_0115_sla0.5", "base_id": "c05_replay_400_0115", "campus": 5, "size": 400, "condition": "sla0.5", "sla_multiplier": 0.5, "crew_multiplier": 1.0, "method": "wspt", "seed": 301, "feasible": 1, "wwt": 95.4, "makespan": 103.7, "mean_flow": 3.56633325, "breach_share": 0.0025, "breach_p1": null, "breach_p2": null, "breach_p3": 0.0025188916876574307, "breach_p4": 0.0, "wall_seconds": 0.0006107292138040066}, "atc": {"id": "c05_replay_400_0115_sla0.5", "base_id": "c05_replay_400_0115", "campus": 5, "size": 400, "condition": "sla0.5", "sla_multiplier": 0.5, "crew_multiplier": 1.0, "method": "atc", "seed": 301, "feasible": 1, "wwt": 95.4, "makespan": 103.7, "mean_flow": 3.56633325, "breach_share": 0.0025, "breach_p1": null, "breach_p2": null, "breach_p3": 0.0025188916876574307, "breach_p4": 0.0, "wall_seconds": 0.0007822620682418346}, "pfifo": {"id": "c05_replay_400_0115_sla0.5", "base_id": "c05_replay_400_0115", "campus": 5, "size": 400, "condition": "sla0.5", "sla_multiplier": 0.5, "crew_multiplier": 1.0, "method": "pfifo", "seed": 301, "feasible": 1, "wwt": 95.4, "makespan": 103.7, "mean_flow": 3.57201625, "breach_share": 0.0025, "breach_p1": null, "breach_p2": null, "breach_p3": 0.0025188916876574307, "breach_p4": 0.0, "wall_seconds": 0.0005879080854356289}, "mor": {"id": "c05_replay_400_0115_sla0.5", "base_id": "c05_replay_400_0115", "campus": 5, "size": 400, "condition": "sla0.5", "sla_multiplier": 0.5, "crew_multiplier": 1.0, "method": "mor", "seed": 301, "feasible": 1, "wwt": 95.4, "makespan": 103.7, "mean_flow": 3.5745162500000003, "breach_share": 0.0025, "breach_p1": null, "breach_p2": null, "breach_p3": 0.0025188916876574307, "breach_p4": 0.0, "wall_seconds": 0.0005834968760609627}, "random": {"id": "c05_replay_400_0115_sla0.5", "base_id": "c05_replay_400_0115", "campus": 5, "size": 400, "condition": "sla0.5", "sla_multiplier": 0.5, "crew_multiplier": 1.0, "method": "random", "seed": 301, "feasible": 1, "wwt": 95.4, "makespan": 103.7, "mean_flow": 3.5670162500000004, "breach_share": 0.0025, "breach_p1": null, "breach_p2": null, "breach_p3": 0.0025188916876574307, "breach_p4": 0.0, "wall_seconds": 0.000539315864443779}, "v2rl301": {"id": "c05_replay_400_0115_sla0.5", "base_id": "c05_replay_400_0115", "campus": 5, "size": 400, "condition": "sla0.5", "sla_multiplier": 0.5, "crew_multiplier": 1.0, "method": "v2rl301", "seed": 301, "feasible": 1, "wwt": 95.4, "makespan": 103.7, "mean_flow": 3.5745162500000003, "breach_share": 0.0025, "breach_p1": null, "breach_p2": null, "breach_p3": 0.0025188916876574307, "breach_p4": 0.0, "wall_seconds": 0.04107665317133069}, "v2rl302": {"id": "c05_replay_400_0115_sla0.5", "base_id": "c05_replay_400_0115", "campus": 5, "size": 400, "condition": "sla0.5", "sla_multiplier": 0.5, "crew_multiplier": 1.0, "method": "v2rl302", "seed": 302, "feasible": 1, "wwt": 95.4, "makespan": 103.7, "mean_flow": 3.5745162500000003, "breach_share": 0.0025, "breach_p1": null, "breach_p2": null, "breach_p3": 0.0025188916876574307, "breach_p4": 0.0, "wall_seconds": 0.04040641710162163}, "v2rl303": {"id": "c05_replay_400_0115_sla0.5", "base_id": "c05_replay_400_0115", "campus": 5, "size": 400, "condition": "sla0.5", "sla_multiplier": 0.5, "crew_multiplier": 1.0, "method": "v2rl303", "seed": 303, "feasible": 1, "wwt": 95.4, "makespan": 103.7, "mean_flow": 3.5745162500000003, "breach_share": 0.0025, "breach_p1": null, "breach_p2": null, "breach_p3": 0.0025188916876574307, "breach_p4": 0.0, "wall_seconds": 0.040045264177024364}}, "methods_expected": ["edd", "wspt", "atc", "pfifo", "mor", "random", "v2rl301", "v2rl302", "v2rl303"], "infeasible": [], "wall_seconds_total": 0.1296418383717537}