{"shard_id": "c05_replay_400_0117_m0.75", "id": "c05_replay_400_0117_m0.75", "base_id": "c05_replay_400_0117", "campus": 5, "size": 400, "condition": "crew0.75", "rows": {"edd": {"id": "c05_replay_400_0117_m0.75", "base_id": "c05_replay_400_0117", "campus": 5, "size": 400, "condition": "crew0.75", "sla_multiplier": 1.0, "crew_multiplier": 0.75, "method": "edd", "seed": 301, "feasible": 1, "wwt": 2.0, "makespan": 142.9687, "mean_flow": 7.32015825, "breach_share": 0.0025, "breach_p1": null, "breach_p2": null, "breach_p3": 0.005050505050505051, "breach_p4": 0.0, "wall_seconds": 0.0006749127060174942}, "wspt": {"id": "c05_replay_400_0117_m0.75", "base_id": "c05_replay_400_0117", "campus": 5, "size": 400, "condition": "crew0.75", "sla_multiplier": 1.0, "crew_multiplier": 0.75, "method": "wspt", "seed": 301, "feasible": 1, "wwt": 2.0, "makespan": 139.49450000000002, "mean_flow": 6.7437375, "breach_share": 0.0025, "breach_p1": null, "breach_p2": null, "breach_p3": 0.005050505050505051, "breach_p4": 0.0, "wall_seconds": 0.0007481030188500881}, "atc": {"id": "c05_replay_400_0117_m0.75", "base_id": "c05_replay_400_0117", "campus": 5, "size": 400, "condition": "crew0.75", "sla_multiplier": 1.0, "crew_multiplier": 0.75, "method": "atc", "seed": 301, "feasible": 1, "wwt": 2.0, "makespan": 140.0392, "mean_flow": 6.76043825, "breach_share": 0.0025, "breach_p1": null, "breach_p2": null, "breach_p3": 0.005050505050505051, "breach_p4": 0.0, "wall_seconds": 0.0011861259117722511}, "pfifo": {"id": "c05_replay_400_0117_m0.75", "base_id": "c05_replay_400_0117", "campus": 5, "size": 400, "condition": "crew0.75", "sla_multiplier": 1.0, "crew_multiplier": 0.75, "method": "pfifo", "seed": 301, "feasible": 1, "wwt": 2.0, "makespan": 142.9687, "mean_flow": 7.32015825, "breach_share": 0.0025, "breach_p1": null, "breach_p2": null, "breach_p3": 0.005050505050505051, "breach_p4": 0.0, "wall_seconds": 0.0006924029439687729}, "mor": {"id": "c05_replay_400_0117_m0.75", "base_id": "c05_replay_400_0117", "campus": 5, "size": 400, "condition": "crew0.75", "sla_multiplier": 1.0, "crew_multiplier": 0.75, "method": "mor", "seed": 301, "feasible": 1, "wwt": 2.0, "makespan": 123.9945, "mean_flow": 8.854701749999998, "breach_share": 0.0025, "breach_p1": null, "breach_p2": null, "breach_p3": 0.005050505050505051, "breach_p4": 0.0, "wall_seconds": 0.0007144073024392128}, "random": {"id": "c05_replay_400_0117_m0.75", "base_id": "c05_replay_400_0117", "campus": 5, "size": 400, "condition": "crew0.75", "sla_multiplier": 1.0, "crew_multiplier": 0.75, "method": "random", "seed": 301, "feasible": 1, "wwt": 2.0, "makespan": 133.9687, "mean_flow": 7.446026999999999, "breach_share": 0.0025, "breach_p1": null, "breach_p2": null, "breach_p3": 0.005050505050505051, "breach_p4": 0.0, "wall_seconds": 0.0005572200752794743}, "v2rl301": {"id": "c05_replay_400_0117_m0.75", "base_id": "c05_replay_400_0117", "campus": 5, "size": 400, "condition": "crew0.75", "sla_multiplier": 1.0, "crew_multiplier": 0.75, "method": "v2rl301", "seed": 301, "feasible": 1, "wwt": 2.0, "makespan": 123.9945, "mean_flow": 8.772912000000002, "breach_share": 0.0025, "breach_p1": null, "breach_p2": null, "breach_p3": 0.005050505050505051, "breach_p4": 0.0, "wall_seconds": 0.04655066365376115}, "v2rl302": {"id": "c05_replay_400_0117_m0.75", "base_id": "c05_replay_400_0117", "campus": 5, "size": 400, "condition": "crew0.75", "sla_multiplier": 1.0, "crew_multiplier": 0.75, "method": "v2rl302", "seed": 302, "feasible": 1, "wwt": 2.0, "makespan": 123.9945, "mean_flow": 8.723985749999999, "breach_share": 0.0025, "breach_p1": null, "breach_p2": null, "breach_p3": 0.005050505050505051, "breach_p4": 0.0, "wall_seconds": 0.04634037287905812}, "v2rl303": {"id": "c05_replay_400_0117_m0.75", "base_id": "c05_replay_400_0117", "campus": 5, "size": 400, "condition": "crew0.75", "sla_multiplier": 1.0, "crew_multiplier": 0.75, "method": "v2rl303", "seed": 303, "feasible": 1, "wwt": 2.0, "makespan": 123.9945, "mean_flow": 8.7189985, "breach_share": 0.0025, "breach_p1": null, "breach_p2": null, "breach_p3": 0.005050505050505051, "breach_p4": 0.0, "wall_seconds": 0.04652853636071086}}, "methods_expected": ["edd", "wspt", "atc", "pfifo", "mor", "random", "v2rl301", "v2rl302", "v2rl303"], "infeasible": [], "wall_seconds_total": 0.14844972686842084}