{"shard_id": "c05_replay_400_0123_sla0.5", "id": "c05_replay_400_0123_sla0.5", "base_id": "c05_replay_400_0123", "campus": 5, "size": 400, "condition": "sla0.5", "rows": {"edd": {"id": "c05_replay_400_0123_sla0.5", "base_id": "c05_replay_400_0123", "campus": 5, "size": 400, "condition": "sla0.5", "sla_multiplier": 0.5, "crew_multiplier": 1.0, "method": "edd", "seed": 301, "feasible": 1, "wwt": 243.8592, "makespan": 139.392, "mean_flow": 3.66744025, "breach_share": 0.0125, "breach_p1": null, "breach_p2": null, "breach_p3": 0.012594458438287154, "breach_p4": 0.0, "wall_seconds": 0.0006317473016679287}, "wspt": {"id": "c05_replay_400_0123_sla0.5", "base_id": "c05_replay_400_0123", "campus": 5, "size": 400, "condition": "sla0.5", "sla_multiplier": 0.5, "crew_multiplier": 1.0, "method": "wspt", "seed": 301, "feasible": 1, "wwt": 243.8592, "makespan": 139.392, "mean_flow": 3.6649402499999995, "breach_share": 0.0125, "breach_p1": null, "breach_p2": null, "breach_p3": 0.012594458438287154, "breach_p4": 0.0, "wall_seconds": 0.0005991798825562}, "atc": {"id": "c05_replay_400_0123_sla0.5", "base_id": "c05_replay_400_0123", "campus": 5, "size": 400, "condition": "sla0.5", "sla_multiplier": 0.5, "crew_multiplier": 1.0, "method": "atc", "seed": 301, "feasible": 1, "wwt": 243.8592, "makespan": 139.392, "mean_flow": 3.6649402499999995, "breach_share": 0.0125, "breach_p1": null, "breach_p2": null, "breach_p3": 0.012594458438287154, "breach_p4": 0.0, "wall_seconds": 0.0007727420888841152}, "pfifo": {"id": "c05_replay_400_0123_sla0.5", "base_id": "c05_replay_400_0123", "campus": 5, "size": 400, "condition": "sla0.5", "sla_multiplier": 0.5, "crew_multiplier": 1.0, "method": "pfifo", "seed": 301, "feasible": 1, "wwt": 243.8592, "makespan": 139.392, "mean_flow": 3.66744025, "breach_share": 0.0125, "breach_p1": null, "breach_p2": null, "breach_p3": 0.012594458438287154, "breach_p4": 0.0, "wall_seconds": 0.0005915053188800812}, "mor": {"id": "c05_replay_400_0123_sla0.5", "base_id": "c05_replay_400_0123", "campus": 5, "size": 400, "condition": "sla0.5", "sla_multiplier": 0.5, "crew_multiplier": 1.0, "method": "mor", "seed": 301, "feasible": 1, "wwt": 243.8592, "makespan": 139.392, "mean_flow": 3.6812027499999997, "breach_share": 0.0125, "breach_p1": null, "breach_p2": null, "breach_p3": 0.012594458438287154, "breach_p4": 0.0, "wall_seconds": 0.0005848901346325874}, "random": {"id": "c05_replay_400_0123_sla0.5", "base_id": "c05_replay_400_0123", "campus": 5, "size": 400, "condition": "sla0.5", "sla_multiplier": 0.5, "crew_multiplier": 1.0, "method": "random", "seed": 301, "feasible": 1, "wwt": 243.8592, "makespan": 139.392, "mean_flow": 3.6711902499999995, "breach_share": 0.0125, "breach_p1": null, "breach_p2": null, "breach_p3": 0.012594458438287154, "breach_p4": 0.0, "wall_seconds": 0.0005565611645579338}, "v2rl301": {"id": "c05_replay_400_0123_sla0.5", "base_id": "c05_replay_400_0123", "campus": 5, "size": 400, "condition": "sla0.5", "sla_multiplier": 0.5, "crew_multiplier": 1.0, "method": "v2rl301", "seed": 301, "feasible": 1, "wwt": 243.8592, "makespan": 139.392, "mean_flow": 3.6812027499999997, "breach_share": 0.0125, "breach_p1": null, "breach_p2": null, "breach_p3": 0.012594458438287154, "breach_p4": 0.0, "wall_seconds": 0.04058240167796612}, "v2rl302": {"id": "c05_replay_400_0123_sla0.5", "base_id": "c05_replay_400_0123", "campus": 5, "size": 400, "condition": "sla0.5", "sla_multiplier": 0.5, "crew_multiplier": 1.0, "method": "v2rl302", "seed": 302, "feasible": 1, "wwt": 243.8592, "makespan": 139.392, "mean_flow": 3.6812027499999997, "breach_share": 0.0125, "breach_p1": null, "breach_p2": null, "breach_p3": 0.012594458438287154, "breach_p4": 0.0, "wall_seconds": 0.04006312880665064}, "v2rl303": {"id": "c05_replay_400_0123_sla0.5", "base_id": "c05_replay_400_0123", "campus": 5, "size": 400, "condition": "sla0.5", "sla_multiplier": 0.5, "crew_multiplier": 1.0, "method": "v2rl303", "seed": 303, "feasible": 1, "wwt": 243.8592, "makespan": 139.392, "mean_flow": 3.6812027499999997, "breach_share": 0.0125, "breach_p1": null, "breach_p2": null, "breach_p3": 0.012594458438287154, "breach_p4": 0.0, "wall_seconds": 0.040995963383466005}}, "methods_expected": ["edd", "wspt", "atc", "pfifo", "mor", "random", "v2rl301", "v2rl302", "v2rl303"], "infeasible": [], "wall_seconds_total": 0.130027970764786}