{"shard_id": "c05_replay_400_0126_m0.75", "id": "c05_replay_400_0126_m0.75", "base_id": "c05_replay_400_0126", "campus": 5, "size": 400, "condition": "crew0.75", "rows": {"edd": {"id": "c05_replay_400_0126_m0.75", "base_id": "c05_replay_400_0126", "campus": 5, "size": 400, "condition": "crew0.75", "sla_multiplier": 1.0, "crew_multiplier": 0.75, "method": "edd", "seed": 301, "feasible": 1, "wwt": 20.99999999999997, "makespan": 124.14359999999999, "mean_flow": 3.78535375, "breach_share": 0.0025, "breach_p1": null, "breach_p2": null, "breach_p3": 0.0025380710659898475, "breach_p4": 0.0, "wall_seconds": 0.0007060500793159008}, "wspt": {"id": "c05_replay_400_0126_m0.75", "base_id": "c05_replay_400_0126", "campus": 5, "size": 400, "condition": "crew0.75", "sla_multiplier": 1.0, "crew_multiplier": 0.75, "method": "wspt", "seed": 301, "feasible": 1, "wwt": 20.99999999999997, "makespan": 124.14359999999999, "mean_flow": 3.73170925, "breach_share": 0.0025, "breach_p1": null, "breach_p2": null, "breach_p3": 0.0025380710659898475, "breach_p4": 0.0, "wall_seconds": 0.0006307936273515224}, "atc": {"id": "c05_replay_400_0126_m0.75", "base_id": "c05_replay_400_0126", "campus": 5, "size": 400, "condition": "crew0.75", "sla_multiplier": 1.0, "crew_multiplier": 0.75, "method": "atc", "seed": 301, "feasible": 1, "wwt": 20.99999999999997, "makespan": 124.14359999999999, "mean_flow": 3.7664342499999997, "breach_share": 0.0025, "breach_p1": null, "breach_p2": null, "breach_p3": 0.0025380710659898475, "breach_p4": 0.0, "wall_seconds": 0.0007956069894134998}, "pfifo": {"id": "c05_replay_400_0126_m0.75", "base_id": "c05_replay_400_0126", "campus": 5, "size": 400, "condition": "crew0.75", "sla_multiplier": 1.0, "crew_multiplier": 0.75, "method": "pfifo", "seed": 301, "feasible": 1, "wwt": 20.99999999999997, "makespan": 124.14359999999999, "mean_flow": 3.78535375, "breach_share": 0.0025, "breach_p1": null, "breach_p2": null, "breach_p3": 0.0025380710659898475, "breach_p4": 0.0, "wall_seconds": 0.0006051040254533291}, "mor": {"id": "c05_replay_400_0126_m0.75", "base_id": "c05_replay_400_0126", "campus": 5, "size": 400, "condition": "crew0.75", "sla_multiplier": 1.0, "crew_multiplier": 0.75, "method": "mor", "seed": 301, "feasible": 1, "wwt": 20.99999999999997, "makespan": 124.14359999999999, "mean_flow": 3.84767875, "breach_share": 0.0025, "breach_p1": null, "breach_p2": null, "breach_p3": 0.0025380710659898475, "breach_p4": 0.0, "wall_seconds": 0.0005789529532194138}, "random": {"id": "c05_replay_400_0126_m0.75", "base_id": "c05_replay_400_0126", "campus": 5, "size": 400, "condition": "crew0.75", "sla_multiplier": 1.0, "crew_multiplier": 0.75, "method": "random", "seed": 301, "feasible": 1, "wwt": 20.99999999999997, "makespan": 124.14359999999999, "mean_flow": 3.79625925, "breach_share": 0.0025, "breach_p1": null, "breach_p2": null, "breach_p3": 0.0025380710659898475, "breach_p4": 0.0, "wall_seconds": 0.0005317376926541328}, "v2rl301": {"id": "c05_replay_400_0126_m0.75", "base_id": "c05_replay_400_0126", "campus": 5, "size": 400, "condition": "crew0.75", "sla_multiplier": 1.0, "crew_multiplier": 0.75, "method": "v2rl301", "seed": 301, "feasible": 1, "wwt": 20.99999999999997, "makespan": 124.14359999999999, "mean_flow": 3.8371787500000005, "breach_share": 0.0025, "breach_p1": null, "breach_p2": null, "breach_p3": 0.0025380710659898475, "breach_p4": 0.0, "wall_seconds": 0.04187022801488638}, "v2rl302": {"id": "c05_replay_400_0126_m0.75", "base_id": "c05_replay_400_0126", "campus": 5, "size": 400, "condition": "crew0.75", "sla_multiplier": 1.0, "crew_multiplier": 0.75, "method": "v2rl302", "seed": 302, "feasible": 1, "wwt": 20.99999999999997, "makespan": 124.14359999999999, "mean_flow": 3.84767875, "breach_share": 0.0025, "breach_p1": null, "breach_p2": null, "breach_p3": 0.0025380710659898475, "breach_p4": 0.0, "wall_seconds": 0.04104307712987065}, "v2rl303": {"id": "c05_replay_400_0126_m0.75", "base_id": "c05_replay_400_0126", "campus": 5, "size": 400, "condition": "crew0.75", "sla_multiplier": 1.0, "crew_multiplier": 0.75, "method": "v2rl303", "seed": 303, "feasible": 1, "wwt": 20.99999999999997, "makespan": 124.14359999999999, "mean_flow": 3.84767875, "breach_share": 0.0025, "breach_p1": null, "breach_p2": null, "breach_p3": 0.0025380710659898475, "breach_p4": 0.0, "wall_seconds": 0.041185503359884024}}, "methods_expected": ["edd", "wspt", "atc", "pfifo", "mor", "random", "v2rl301", "v2rl302", "v2rl303"], "infeasible": [], "wall_seconds_total": 0.13254436384886503}