{"shard_id": "c05_replay_150_0106", "id": "c05_replay_150_0106", "base_id": "c05_replay_150_0106", "campus": 5, "size": 150, "condition": "baseline", "rows": {"edd": {"id": "c05_replay_150_0106", "base_id": "c05_replay_150_0106", "campus": 5, "size": 150, "condition": "baseline", "sla_multiplier": 1.0, "crew_multiplier": 1.0, "method": "edd", "seed": 301, "feasible": 1, "wwt": 1.0, "makespan": 86.28, "mean_flow": 3.6781166666666665, "breach_share": 0.006666666666666667, "breach_p1": null, "breach_p2": null, "breach_p3": 0.006666666666666667, "breach_p4": null, "wall_seconds": 0.00026532215997576714}, "wspt": {"id": "c05_replay_150_0106", "base_id": "c05_replay_150_0106", "campus": 5, "size": 150, "condition": "baseline", "sla_multiplier": 1.0, "crew_multiplier": 1.0, "method": "wspt", "seed": 301, "feasible": 1, "wwt": 1.0, "makespan": 86.28, "mean_flow": 3.6781166666666665, "breach_share": 0.006666666666666667, "breach_p1": null, "breach_p2": null, "breach_p3": 0.006666666666666667, "breach_p4": null, "wall_seconds": 0.00026212120428681374}, "atc": {"id": "c05_replay_150_0106", "base_id": "c05_replay_150_0106", "campus": 5, "size": 150, "condition": "baseline", "sla_multiplier": 1.0, "crew_multiplier": 1.0, "method": "atc", "seed": 301, "feasible": 1, "wwt": 1.0, "makespan": 86.28, "mean_flow": 3.6781166666666665, "breach_share": 0.006666666666666667, "breach_p1": null, "breach_p2": null, "breach_p3": 0.006666666666666667, "breach_p4": null, "wall_seconds": 0.0003136838786303997}, "pfifo": {"id": "c05_replay_150_0106", "base_id": "c05_replay_150_0106", "campus": 5, "size": 150, "condition": "baseline", "sla_multiplier": 1.0, "crew_multiplier": 1.0, "method": "pfifo", "seed": 301, "feasible": 1, "wwt": 1.0, "makespan": 86.28, "mean_flow": 3.6781166666666665, "breach_share": 0.006666666666666667, "breach_p1": null, "breach_p2": null, "breach_p3": 0.006666666666666667, "breach_p4": null, "wall_seconds": 0.0002512168139219284}, "mor": {"id": "c05_replay_150_0106", "base_id": "c05_replay_150_0106", "campus": 5, "size": 150, "condition": "baseline", "sla_multiplier": 1.0, "crew_multiplier": 1.0, "method": "mor", "seed": 301, "feasible": 1, "wwt": 1.0, "makespan": 86.28, "mean_flow": 3.6781166666666665, "breach_share": 0.006666666666666667, "breach_p1": null, "breach_p2": null, "breach_p3": 0.006666666666666667, "breach_p4": null, "wall_seconds": 0.00026165368035435677}, "random": {"id": "c05_replay_150_0106", "base_id": "c05_replay_150_0106", "campus": 5, "size": 150, "condition": "baseline", "sla_multiplier": 1.0, "crew_multiplier": 1.0, "method": "random", "seed": 301, "feasible": 1, "wwt": 1.0, "makespan": 86.28, "mean_flow": 3.6781166666666665, "breach_share": 0.006666666666666667, "breach_p1": null, "breach_p2": null, "breach_p3": 0.006666666666666667, "breach_p4": null, "wall_seconds": 0.0002715056762099266}, "v2rl301": {"id": "c05_replay_150_0106", "base_id": "c05_replay_150_0106", "campus": 5, "size": 150, "condition": "baseline", "sla_multiplier": 1.0, "crew_multiplier": 1.0, "method": "v2rl301", "seed": 301, "feasible": 1, "wwt": 1.0, "makespan": 86.28, "mean_flow": 3.6781166666666665, "breach_share": 0.006666666666666667, "breach_p1": null, "breach_p2": null, "breach_p3": 0.006666666666666667, "breach_p4": null, "wall_seconds": 0.015387516003102064}, "v2rl302": {"id": "c05_replay_150_0106", "base_id": "c05_replay_150_0106", "campus": 5, "size": 150, "condition": "baseline", "sla_multiplier": 1.0, "crew_multiplier": 1.0, "method": "v2rl302", "seed": 302, "feasible": 1, "wwt": 1.0, "makespan": 86.28, "mean_flow": 3.6781166666666665, "breach_share": 0.006666666666666667, "breach_p1": null, "breach_p2": null, "breach_p3": 0.006666666666666667, "breach_p4": null, "wall_seconds": 0.015007579233497381}, "v2rl303": {"id": "c05_replay_150_0106", "base_id": "c05_replay_150_0106", "campus": 5, "size": 150, "condition": "baseline", "sla_multiplier": 1.0, "crew_multiplier": 1.0, "method": "v2rl303", "seed": 303, "feasible": 1, "wwt": 1.0, "makespan": 86.28, "mean_flow": 3.6781166666666665, "breach_share": 0.006666666666666667, "breach_p1": null, "breach_p2": null, "breach_p3": 0.006666666666666667, "breach_p4": null, "wall_seconds": 0.015130260959267616}}, "methods_expected": ["edd", "wspt", "atc", "pfifo", "mor", "random", "v2rl301", "v2rl302", "v2rl303"], "infeasible": [], "wall_seconds_total": 0.0488822809420526}