{"shard_id": "c05_replay_150_0128_sla0.5", "id": "c05_replay_150_0128_sla0.5", "base_id": "c05_replay_150_0128", "campus": 5, "size": 150, "condition": "sla0.5", "rows": {"edd": {"id": "c05_replay_150_0128_sla0.5", "base_id": "c05_replay_150_0128", "campus": 5, "size": 150, "condition": "sla0.5", "sla_multiplier": 0.5, "crew_multiplier": 1.0, "method": "edd", "seed": 301, "feasible": 1, "wwt": 130.12959999999998, "makespan": 106.8648, "mean_flow": 4.384432, "breach_share": 0.02, "breach_p1": null, "breach_p2": null, "breach_p3": 0.020134228187919462, "breach_p4": 0.0, "wall_seconds": 0.0002616788260638714}, "wspt": {"id": "c05_replay_150_0128_sla0.5", "base_id": "c05_replay_150_0128", "campus": 5, "size": 150, "condition": "sla0.5", "sla_multiplier": 0.5, "crew_multiplier": 1.0, "method": "wspt", "seed": 301, "feasible": 1, "wwt": 130.12959999999998, "makespan": 106.8648, "mean_flow": 4.384432, "breach_share": 0.02, "breach_p1": null, "breach_p2": null, "breach_p3": 0.020134228187919462, "breach_p4": 0.0, "wall_seconds": 0.0002646390348672867}, "atc": {"id": "c05_replay_150_0128_sla0.5", "base_id": "c05_replay_150_0128", "campus": 5, "size": 150, "condition": "sla0.5", "sla_multiplier": 0.5, "crew_multiplier": 1.0, "method": "atc", "seed": 301, "feasible": 1, "wwt": 130.12959999999998, "makespan": 106.8648, "mean_flow": 4.384432, "breach_share": 0.02, "breach_p1": null, "breach_p2": null, "breach_p3": 0.020134228187919462, "breach_p4": 0.0, "wall_seconds": 0.00029600830748677254}, "pfifo": {"id": "c05_replay_150_0128_sla0.5", "base_id": "c05_replay_150_0128", "campus": 5, "size": 150, "condition": "sla0.5", "sla_multiplier": 0.5, "crew_multiplier": 1.0, "method": "pfifo", "seed": 301, "feasible": 1, "wwt": 130.12959999999998, "makespan": 106.8648, "mean_flow": 4.384432, "breach_share": 0.02, "breach_p1": null, "breach_p2": null, "breach_p3": 0.020134228187919462, "breach_p4": 0.0, "wall_seconds": 0.0002395249903202057}, "mor": {"id": "c05_replay_150_0128_sla0.5", "base_id": "c05_replay_150_0128", "campus": 5, "size": 150, "condition": "sla0.5", "sla_multiplier": 0.5, "crew_multiplier": 1.0, "method": "mor", "seed": 301, "feasible": 1, "wwt": 130.12959999999998, "makespan": 106.8648, "mean_flow": 4.387765333333333, "breach_share": 0.02, "breach_p1": null, "breach_p2": null, "breach_p3": 0.020134228187919462, "breach_p4": 0.0, "wall_seconds": 0.0002385927364230156}, "random": {"id": "c05_replay_150_0128_sla0.5", "base_id": "c05_replay_150_0128", "campus": 5, "size": 150, "condition": "sla0.5", "sla_multiplier": 0.5, "crew_multiplier": 1.0, "method": "random", "seed": 301, "feasible": 1, "wwt": 130.12959999999998, "makespan": 106.8648, "mean_flow": 4.384432, "breach_share": 0.02, "breach_p1": null, "breach_p2": null, "breach_p3": 0.020134228187919462, "breach_p4": 0.0, "wall_seconds": 0.00023132190108299255}, "v2rl301": {"id": "c05_replay_150_0128_sla0.5", "base_id": "c05_replay_150_0128", "campus": 5, "size": 150, "condition": "sla0.5", "sla_multiplier": 0.5, "crew_multiplier": 1.0, "method": "v2rl301", "seed": 301, "feasible": 1, "wwt": 130.12959999999998, "makespan": 106.8648, "mean_flow": 4.387765333333333, "breach_share": 0.02, "breach_p1": null, "breach_p2": null, "breach_p3": 0.020134228187919462, "breach_p4": 0.0, "wall_seconds": 0.015157459769397974}, "v2rl302": {"id": "c05_replay_150_0128_sla0.5", "base_id": "c05_replay_150_0128", "campus": 5, "size": 150, "condition": "sla0.5", "sla_multiplier": 0.5, "crew_multiplier": 1.0, "method": "v2rl302", "seed": 302, "feasible": 1, "wwt": 130.12959999999998, "makespan": 106.8648, "mean_flow": 4.387765333333333, "breach_share": 0.02, "breach_p1": null, "breach_p2": null, "breach_p3": 0.020134228187919462, "breach_p4": 0.0, "wall_seconds": 0.014850249979645014}, "v2rl303": {"id": "c05_replay_150_0128_sla0.5", "base_id": "c05_replay_150_0128", "campus": 5, "size": 150, "condition": "sla0.5", "sla_multiplier": 0.5, "crew_multiplier": 1.0, "method": "v2rl303", "seed": 303, "feasible": 1, "wwt": 130.12959999999998, "makespan": 106.8648, "mean_flow": 4.387765333333333, "breach_share": 0.02, "breach_p1": null, "breach_p2": null, "breach_p3": 0.020134228187919462, "breach_p4": 0.0, "wall_seconds": 0.015062917955219746}}, "methods_expected": ["edd", "wspt", "atc", "pfifo", "mor", "random", "v2rl301", "v2rl302", "v2rl303"], "infeasible": [], "wall_seconds_total": 0.048605998046696186}