{"shard_id": "c05_replay_150_0125_sla0.5", "id": "c05_replay_150_0125_sla0.5", "base_id": "c05_replay_150_0125", "campus": 5, "size": 150, "condition": "sla0.5", "rows": {"edd": {"id": "c05_replay_150_0125_sla0.5", "base_id": "c05_replay_150_0125", "campus": 5, "size": 150, "condition": "sla0.5", "sla_multiplier": 0.5, "crew_multiplier": 1.0, "method": "edd", "seed": 301, "feasible": 1, "wwt": 38.0, "makespan": 61.4636, "mean_flow": 3.3568866666666666, "breach_share": 0.006666666666666667, "breach_p1": null, "breach_p2": null, "breach_p3": 0.006711409395973154, "breach_p4": 0.0, "wall_seconds": 0.00025463663041591644}, "wspt": {"id": "c05_replay_150_0125_sla0.5", "base_id": "c05_replay_150_0125", "campus": 5, "size": 150, "condition": "sla0.5", "sla_multiplier": 0.5, "crew_multiplier": 1.0, "method": "wspt", "seed": 301, "feasible": 1, "wwt": 38.0, "makespan": 61.4636, "mean_flow": 3.3568866666666666, "breach_share": 0.006666666666666667, "breach_p1": null, "breach_p2": null, "breach_p3": 0.006711409395973154, "breach_p4": 0.0, "wall_seconds": 0.00028339168056845665}, "atc": {"id": "c05_replay_150_0125_sla0.5", "base_id": "c05_replay_150_0125", "campus": 5, "size": 150, "condition": "sla0.5", "sla_multiplier": 0.5, "crew_multiplier": 1.0, "method": "atc", "seed": 301, "feasible": 1, "wwt": 38.0, "makespan": 61.4636, "mean_flow": 3.3568866666666666, "breach_share": 0.006666666666666667, "breach_p1": null, "breach_p2": null, "breach_p3": 0.006711409395973154, "breach_p4": 0.0, "wall_seconds": 0.00031682197004556656}, "pfifo": {"id": "c05_replay_150_0125_sla0.5", "base_id": "c05_replay_150_0125", "campus": 5, "size": 150, "condition": "sla0.5", "sla_multiplier": 0.5, "crew_multiplier": 1.0, "method": "pfifo", "seed": 301, "feasible": 1, "wwt": 38.0, "makespan": 61.4636, "mean_flow": 3.3568866666666666, "breach_share": 0.006666666666666667, "breach_p1": null, "breach_p2": null, "breach_p3": 0.006711409395973154, "breach_p4": 0.0, "wall_seconds": 0.00024016527459025383}, "mor": {"id": "c05_replay_150_0125_sla0.5", "base_id": "c05_replay_150_0125", "campus": 5, "size": 150, "condition": "sla0.5", "sla_multiplier": 0.5, "crew_multiplier": 1.0, "method": "mor", "seed": 301, "feasible": 1, "wwt": 38.0, "makespan": 61.4636, "mean_flow": 3.3568866666666666, "breach_share": 0.006666666666666667, "breach_p1": null, "breach_p2": null, "breach_p3": 0.006711409395973154, "breach_p4": 0.0, "wall_seconds": 0.0002448023296892643}, "random": {"id": "c05_replay_150_0125_sla0.5", "base_id": "c05_replay_150_0125", "campus": 5, "size": 150, "condition": "sla0.5", "sla_multiplier": 0.5, "crew_multiplier": 1.0, "method": "random", "seed": 301, "feasible": 1, "wwt": 38.0, "makespan": 61.4636, "mean_flow": 3.3568866666666666, "breach_share": 0.006666666666666667, "breach_p1": null, "breach_p2": null, "breach_p3": 0.006711409395973154, "breach_p4": 0.0, "wall_seconds": 0.00025460775941610336}, "v2rl301": {"id": "c05_replay_150_0125_sla0.5", "base_id": "c05_replay_150_0125", "campus": 5, "size": 150, "condition": "sla0.5", "sla_multiplier": 0.5, "crew_multiplier": 1.0, "method": "v2rl301", "seed": 301, "feasible": 1, "wwt": 38.0, "makespan": 61.4636, "mean_flow": 3.3568866666666666, "breach_share": 0.006666666666666667, "breach_p1": null, "breach_p2": null, "breach_p3": 0.006711409395973154, "breach_p4": 0.0, "wall_seconds": 0.015487259719520807}, "v2rl302": {"id": "c05_replay_150_0125_sla0.5", "base_id": "c05_replay_150_0125", "campus": 5, "size": 150, "condition": "sla0.5", "sla_multiplier": 0.5, "crew_multiplier": 1.0, "method": "v2rl302", "seed": 302, "feasible": 1, "wwt": 38.0, "makespan": 61.4636, "mean_flow": 3.3568866666666666, "breach_share": 0.006666666666666667, "breach_p1": null, "breach_p2": null, "breach_p3": 0.006711409395973154, "breach_p4": 0.0, "wall_seconds": 0.015276124700903893}, "v2rl303": {"id": "c05_replay_150_0125_sla0.5", "base_id": "c05_replay_150_0125", "campus": 5, "size": 150, "condition": "sla0.5", "sla_multiplier": 0.5, "crew_multiplier": 1.0, "method": "v2rl303", "seed": 303, "feasible": 1, "wwt": 38.0, "makespan": 61.4636, "mean_flow": 3.3568866666666666, "breach_share": 0.006666666666666667, "breach_p1": null, "breach_p2": null, "breach_p3": 0.006711409395973154, "breach_p4": 0.0, "wall_seconds": 0.015045934356749058}}, "methods_expected": ["edd", "wspt", "atc", "pfifo", "mor", "random", "v2rl301", "v2rl302", "v2rl303"], "infeasible": [], "wall_seconds_total": 0.04946949100121856}