{"shard_id": "c05_replay_400_0105_m0.75", "id": "c05_replay_400_0105_m0.75", "base_id": "c05_replay_400_0105", "campus": 5, "size": 400, "condition": "crew0.75", "rows": {"edd": {"id": "c05_replay_400_0105_m0.75", "base_id": "c05_replay_400_0105", "campus": 5, "size": 400, "condition": "crew0.75", "sla_multiplier": 1.0, "crew_multiplier": 0.75, "method": "edd", "seed": 301, "feasible": 1, "wwt": 21.729600000000005, "makespan": 169.07580000000002, "mean_flow": 24.2651235, "breach_share": 0.0025, "breach_p1": null, "breach_p2": null, "breach_p3": 0.009615384615384616, "breach_p4": 0.0, "wall_seconds": 0.0009436388500034809}, "wspt": {"id": "c05_replay_400_0105_m0.75", "base_id": "c05_replay_400_0105", "campus": 5, "size": 400, "condition": "crew0.75", "sla_multiplier": 1.0, "crew_multiplier": 0.75, "method": "wspt", "seed": 301, "feasible": 1, "wwt": 21.729600000000005, "makespan": 170.37560000000002, "mean_flow": 15.650611999999999, "breach_share": 0.0025, "breach_p1": null, "breach_p2": null, "breach_p3": 0.009615384615384616, "breach_p4": 0.0, "wall_seconds": 0.0010650772601366043}, "atc": {"id": "c05_replay_400_0105_m0.75", "base_id": "c05_replay_400_0105", "campus": 5, "size": 400, "condition": "crew0.75", "sla_multiplier": 1.0, "crew_multiplier": 0.75, "method": "atc", "seed": 301, "feasible": 1, "wwt": 21.729600000000005, "makespan": 163.0756, "mean_flow": 21.487353499999998, "breach_share": 0.0025, "breach_p1": null, "breach_p2": null, "breach_p3": 0.009615384615384616, "breach_p4": 0.0, "wall_seconds": 0.0019565867260098457}, "pfifo": {"id": "c05_replay_400_0105_m0.75", "base_id": "c05_replay_400_0105", "campus": 5, "size": 400, "condition": "crew0.75", "sla_multiplier": 1.0, "crew_multiplier": 0.75, "method": "pfifo", "seed": 301, "feasible": 1, "wwt": 21.729600000000005, "makespan": 169.07580000000002, "mean_flow": 24.2651235, "breach_share": 0.0025, "breach_p1": null, "breach_p2": null, "breach_p3": 0.009615384615384616, "breach_p4": 0.0, "wall_seconds": 0.0009376490488648415}, "mor": {"id": "c05_replay_400_0105_m0.75", "base_id": "c05_replay_400_0105", "campus": 5, "size": 400, "condition": "crew0.75", "sla_multiplier": 1.0, "crew_multiplier": 0.75, "method": "mor", "seed": 301, "feasible": 1, "wwt": 21.729600000000005, "makespan": 152.275, "mean_flow": 39.799793750000006, "breach_share": 0.0025, "breach_p1": null, "breach_p2": null, "breach_p3": 0.009615384615384616, "breach_p4": 0.0, "wall_seconds": 0.0009408807381987572}, "random": {"id": "c05_replay_400_0105_m0.75", "base_id": "c05_replay_400_0105", "campus": 5, "size": 400, "condition": "crew0.75", "sla_multiplier": 1.0, "crew_multiplier": 0.75, "method": "random", "seed": 301, "feasible": 1, "wwt": 21.729600000000005, "makespan": 160.075, "mean_flow": 25.421480000000003, "breach_share": 0.0025, "breach_p1": null, "breach_p2": null, "breach_p3": 0.009615384615384616, "breach_p4": 0.0, "wall_seconds": 0.000563465990126133}, "v2rl301": {"id": "c05_replay_400_0105_m0.75", "base_id": "c05_replay_400_0105", "campus": 5, "size": 400, "condition": "crew0.75", "sla_multiplier": 1.0, "crew_multiplier": 0.75, "method": "v2rl301", "seed": 301, "feasible": 1, "wwt": 21.729600000000005, "makespan": 152.275, "mean_flow": 39.77121, "breach_share": 0.0025, "breach_p1": null, "breach_p2": null, "breach_p3": 0.009615384615384616, "breach_p4": 0.0, "wall_seconds": 0.052586658857762814}, "v2rl302": {"id": "c05_replay_400_0105_m0.75", "base_id": "c05_replay_400_0105", "campus": 5, "size": 400, "condition": "crew0.75", "sla_multiplier": 1.0, "crew_multiplier": 0.75, "method": "v2rl302", "seed": 302, "feasible": 1, "wwt": 21.729600000000005, "makespan": 152.27530000000002, "mean_flow": 38.857957500000005, "breach_share": 0.0025, "breach_p1": null, "breach_p2": null, "breach_p3": 0.009615384615384616, "breach_p4": 0.0, "wall_seconds": 0.0513012008741498}, "v2rl303": {"id": "c05_replay_400_0105_m0.75", "base_id": "c05_replay_400_0105", "campus": 5, "size": 400, "condition": "crew0.75", "sla_multiplier": 1.0, "crew_multiplier": 0.75, "method": "v2rl303", "seed": 303, "feasible": 1, "wwt": 21.729600000000005, "makespan": 152.275, "mean_flow": 39.7524615, "breach_share": 0.0025, "breach_p1": null, "breach_p2": null, "breach_p3": 0.009615384615384616, "breach_p4": 0.0, "wall_seconds": 0.05154565768316388}}, "methods_expected": ["edd", "wspt", "atc", "pfifo", "mor", "random", "v2rl301", "v2rl302", "v2rl303"], "infeasible": [], "wall_seconds_total": 0.166341386269778}