{"shard_id": "c05_replay_400_0128_sla0.5", "id": "c05_replay_400_0128_sla0.5", "base_id": "c05_replay_400_0128", "campus": 5, "size": 400, "condition": "sla0.5", "rows": {"edd": {"id": "c05_replay_400_0128_sla0.5", "base_id": "c05_replay_400_0128", "campus": 5, "size": 400, "condition": "sla0.5", "sla_multiplier": 0.5, "crew_multiplier": 1.0, "method": "edd", "seed": 301, "feasible": 1, "wwt": 59.400000000000006, "makespan": 87.4792, "mean_flow": 4.5399195, "breach_share": 0.0025, "breach_p1": null, "breach_p2": null, "breach_p3": 0.0030120481927710845, "breach_p4": 0.0, "wall_seconds": 0.0006728027947247028}, "wspt": {"id": "c05_replay_400_0128_sla0.5", "base_id": "c05_replay_400_0128", "campus": 5, "size": 400, "condition": "sla0.5", "sla_multiplier": 0.5, "crew_multiplier": 1.0, "method": "wspt", "seed": 301, "feasible": 1, "wwt": 59.400000000000006, "makespan": 87.4792, "mean_flow": 4.35747775, "breach_share": 0.0025, "breach_p1": null, "breach_p2": null, "breach_p3": 0.0030120481927710845, "breach_p4": 0.0, "wall_seconds": 0.000684796366840601}, "atc": {"id": "c05_replay_400_0128_sla0.5", "base_id": "c05_replay_400_0128", "campus": 5, "size": 400, "condition": "sla0.5", "sla_multiplier": 0.5, "crew_multiplier": 1.0, "method": "atc", "seed": 301, "feasible": 1, "wwt": 59.400000000000006, "makespan": 87.4792, "mean_flow": 4.4150245, "breach_share": 0.0025, "breach_p1": null, "breach_p2": null, "breach_p3": 0.0030120481927710845, "breach_p4": 0.0, "wall_seconds": 0.0009704949334263802}, "pfifo": {"id": "c05_replay_400_0128_sla0.5", "base_id": "c05_replay_400_0128", "campus": 5, "size": 400, "condition": "sla0.5", "sla_multiplier": 0.5, "crew_multiplier": 1.0, "method": "pfifo", "seed": 301, "feasible": 1, "wwt": 59.400000000000006, "makespan": 87.4792, "mean_flow": 4.5399195, "breach_share": 0.0025, "breach_p1": null, "breach_p2": null, "breach_p3": 0.0030120481927710845, "breach_p4": 0.0, "wall_seconds": 0.0006616939790546894}, "mor": {"id": "c05_replay_400_0128_sla0.5", "base_id": "c05_replay_400_0128", "campus": 5, "size": 400, "condition": "sla0.5", "sla_multiplier": 0.5, "crew_multiplier": 1.0, "method": "mor", "seed": 301, "feasible": 1, "wwt": 59.400000000000006, "makespan": 87.4792, "mean_flow": 4.91246325, "breach_share": 0.0025, "breach_p1": null, "breach_p2": null, "breach_p3": 0.0030120481927710845, "breach_p4": 0.0, "wall_seconds": 0.0006638308987021446}, "random": {"id": "c05_replay_400_0128_sla0.5", "base_id": "c05_replay_400_0128", "campus": 5, "size": 400, "condition": "sla0.5", "sla_multiplier": 0.5, "crew_multiplier": 1.0, "method": "random", "seed": 301, "feasible": 1, "wwt": 59.400000000000006, "makespan": 87.4792, "mean_flow": 4.63859525, "breach_share": 0.0025, "breach_p1": null, "breach_p2": null, "breach_p3": 0.0030120481927710845, "breach_p4": 0.0, "wall_seconds": 0.0005545369349420071}, "v2rl301": {"id": "c05_replay_400_0128_sla0.5", "base_id": "c05_replay_400_0128", "campus": 5, "size": 400, "condition": "sla0.5", "sla_multiplier": 0.5, "crew_multiplier": 1.0, "method": "v2rl301", "seed": 301, "feasible": 1, "wwt": 59.400000000000006, "makespan": 87.4792, "mean_flow": 4.785009250000001, "breach_share": 0.0025, "breach_p1": null, "breach_p2": null, "breach_p3": 0.0030120481927710845, "breach_p4": 0.0, "wall_seconds": 0.04336351389065385}, "v2rl302": {"id": "c05_replay_400_0128_sla0.5", "base_id": "c05_replay_400_0128", "campus": 5, "size": 400, "condition": "sla0.5", "sla_multiplier": 0.5, "crew_multiplier": 1.0, "method": "v2rl302", "seed": 302, "feasible": 1, "wwt": 59.400000000000006, "makespan": 87.4792, "mean_flow": 4.785023000000001, "breach_share": 0.0025, "breach_p1": null, "breach_p2": null, "breach_p3": 0.0030120481927710845, "breach_p4": 0.0, "wall_seconds": 0.04197392798960209}, "v2rl303": {"id": "c05_replay_400_0128_sla0.5", "base_id": "c05_replay_400_0128", "campus": 5, "size": 400, "condition": "sla0.5", "sla_multiplier": 0.5, "crew_multiplier": 1.0, "method": "v2rl303", "seed": 303, "feasible": 1, "wwt": 59.400000000000006, "makespan": 87.4792, "mean_flow": 4.77115575, "breach_share": 0.0025, "breach_p1": null, "breach_p2": null, "breach_p3": 0.0030120481927710845, "breach_p4": 0.0, "wall_seconds": 0.042223440017551184}}, "methods_expected": ["edd", "wspt", "atc", "pfifo", "mor", "random", "v2rl301", "v2rl302", "v2rl303"], "infeasible": [], "wall_seconds_total": 0.13628818886354566}