{"shard_id": "c05_replay_400_0120_sla0.5", "id": "c05_replay_400_0120_sla0.5", "base_id": "c05_replay_400_0120", "campus": 5, "size": 400, "condition": "sla0.5", "rows": {"edd": {"id": "c05_replay_400_0120_sla0.5", "base_id": "c05_replay_400_0120", "campus": 5, "size": 400, "condition": "sla0.5", "sla_multiplier": 0.5, "crew_multiplier": 1.0, "method": "edd", "seed": 301, "feasible": 1, "wwt": 45.164799999999985, "makespan": 133.6395, "mean_flow": 8.260965, "breach_share": 0.005, "breach_p1": null, "breach_p2": null, "breach_p3": 0.002857142857142857, "breach_p4": 0.02, "wall_seconds": 0.0006652162410318851}, "wspt": {"id": "c05_replay_400_0120_sla0.5", "base_id": "c05_replay_400_0120", "campus": 5, "size": 400, "condition": "sla0.5", "sla_multiplier": 0.5, "crew_multiplier": 1.0, "method": "wspt", "seed": 301, "feasible": 1, "wwt": 45.40869999999998, "makespan": 133.6395, "mean_flow": 6.532215, "breach_share": 0.0075, "breach_p1": null, "breach_p2": null, "breach_p3": 0.002857142857142857, "breach_p4": 0.04, "wall_seconds": 0.0006610890850424767}, "atc": {"id": "c05_replay_400_0120_sla0.5", "base_id": "c05_replay_400_0120", "campus": 5, "size": 400, "condition": "sla0.5", "sla_multiplier": 0.5, "crew_multiplier": 1.0, "method": "atc", "seed": 301, "feasible": 1, "wwt": 45.164799999999985, "makespan": 133.6395, "mean_flow": 6.585965, "breach_share": 0.005, "breach_p1": null, "breach_p2": null, "breach_p3": 0.002857142857142857, "breach_p4": 0.02, "wall_seconds": 0.0009075971320271492}, "pfifo": {"id": "c05_replay_400_0120_sla0.5", "base_id": "c05_replay_400_0120", "campus": 5, "size": 400, "condition": "sla0.5", "sla_multiplier": 0.5, "crew_multiplier": 1.0, "method": "pfifo", "seed": 301, "feasible": 1, "wwt": 45.164799999999985, "makespan": 133.6395, "mean_flow": 8.260965, "breach_share": 0.005, "breach_p1": null, "breach_p2": null, "breach_p3": 0.002857142857142857, "breach_p4": 0.02, "wall_seconds": 0.0006220159120857716}, "mor": {"id": "c05_replay_400_0120_sla0.5", "base_id": "c05_replay_400_0120", "campus": 5, "size": 400, "condition": "sla0.5", "sla_multiplier": 0.5, "crew_multiplier": 1.0, "method": "mor", "seed": 301, "feasible": 1, "wwt": 49.23419999999999, "makespan": 133.6395, "mean_flow": 10.038373000000002, "breach_share": 0.0075, "breach_p1": null, "breach_p2": null, "breach_p3": 0.005714285714285714, "breach_p4": 0.02, "wall_seconds": 0.0006223400123417377}, "random": {"id": "c05_replay_400_0120_sla0.5", "base_id": "c05_replay_400_0120", "campus": 5, "size": 400, "condition": "sla0.5", "sla_multiplier": 0.5, "crew_multiplier": 1.0, "method": "random", "seed": 301, "feasible": 1, "wwt": 45.164799999999985, "makespan": 133.6395, "mean_flow": 8.283465, "breach_share": 0.005, "breach_p1": null, "breach_p2": null, "breach_p3": 0.002857142857142857, "breach_p4": 0.02, "wall_seconds": 0.0005431198514997959}, "v2rl301": {"id": "c05_replay_400_0120_sla0.5", "base_id": "c05_replay_400_0120", "campus": 5, "size": 400, "condition": "sla0.5", "sla_multiplier": 0.5, "crew_multiplier": 1.0, "method": "v2rl301", "seed": 301, "feasible": 1, "wwt": 56.23419999999999, "makespan": 133.6395, "mean_flow": 9.785873000000002, "breach_share": 0.0075, "breach_p1": null, "breach_p2": null, "breach_p3": 0.005714285714285714, "breach_p4": 0.02, "wall_seconds": 0.04303707368671894}, "v2rl302": {"id": "c05_replay_400_0120_sla0.5", "base_id": "c05_replay_400_0120", "campus": 5, "size": 400, "condition": "sla0.5", "sla_multiplier": 0.5, "crew_multiplier": 1.0, "method": "v2rl302", "seed": 302, "feasible": 1, "wwt": 45.164799999999985, "makespan": 133.6395, "mean_flow": 9.544577000000002, "breach_share": 0.005, "breach_p1": null, "breach_p2": null, "breach_p3": 0.002857142857142857, "breach_p4": 0.02, "wall_seconds": 0.042916998732835054}, "v2rl303": {"id": "c05_replay_400_0120_sla0.5", "base_id": "c05_replay_400_0120", "campus": 5, "size": 400, "condition": "sla0.5", "sla_multiplier": 0.5, "crew_multiplier": 1.0, "method": "v2rl303", "seed": 303, "feasible": 1, "wwt": 45.164799999999985, "makespan": 133.6395, "mean_flow": 10.0196, "breach_share": 0.005, "breach_p1": null, "breach_p2": null, "breach_p3": 0.002857142857142857, "breach_p4": 0.02, "wall_seconds": 0.042860282119363546}}, "methods_expected": ["edd", "wspt", "atc", "pfifo", "mor", "random", "v2rl301", "v2rl302", "v2rl303"], "infeasible": [], "wall_seconds_total": 0.13734349282458425}