{"shard_id": "c05_replay_150_0106_m1.25", "id": "c05_replay_150_0106_m1.25", "base_id": "c05_replay_150_0106", "campus": 5, "size": 150, "condition": "crew1.25", "rows": {"edd": {"id": "c05_replay_150_0106_m1.25", "base_id": "c05_replay_150_0106", "campus": 5, "size": 150, "condition": "crew1.25", "sla_multiplier": 1.0, "crew_multiplier": 1.25, "method": "edd", "seed": 301, "feasible": 1, "wwt": 1.0, "makespan": 86.28, "mean_flow": 3.6666666666666665, "breach_share": 0.006666666666666667, "breach_p1": null, "breach_p2": null, "breach_p3": 0.006666666666666667, "breach_p4": null, "wall_seconds": 0.0002712029963731766}, "wspt": {"id": "c05_replay_150_0106_m1.25", "base_id": "c05_replay_150_0106", "campus": 5, "size": 150, "condition": "crew1.25", "sla_multiplier": 1.0, "crew_multiplier": 1.25, "method": "wspt", "seed": 301, "feasible": 1, "wwt": 1.0, "makespan": 86.28, "mean_flow": 3.6666666666666665, "breach_share": 0.006666666666666667, "breach_p1": null, "breach_p2": null, "breach_p3": 0.006666666666666667, "breach_p4": null, "wall_seconds": 0.00026867398992180824}, "atc": {"id": "c05_replay_150_0106_m1.25", "base_id": "c05_replay_150_0106", "campus": 5, "size": 150, "condition": "crew1.25", "sla_multiplier": 1.0, "crew_multiplier": 1.25, "method": "atc", "seed": 301, "feasible": 1, "wwt": 1.0, "makespan": 86.28, "mean_flow": 3.6666666666666665, "breach_share": 0.006666666666666667, "breach_p1": null, "breach_p2": null, "breach_p3": 0.006666666666666667, "breach_p4": null, "wall_seconds": 0.0003105304203927517}, "pfifo": {"id": "c05_replay_150_0106_m1.25", "base_id": "c05_replay_150_0106", "campus": 5, "size": 150, "condition": "crew1.25", "sla_multiplier": 1.0, "crew_multiplier": 1.25, "method": "pfifo", "seed": 301, "feasible": 1, "wwt": 1.0, "makespan": 86.28, "mean_flow": 3.6666666666666665, "breach_share": 0.006666666666666667, "breach_p1": null, "breach_p2": null, "breach_p3": 0.006666666666666667, "breach_p4": null, "wall_seconds": 0.0002480228431522846}, "mor": {"id": "c05_replay_150_0106_m1.25", "base_id": "c05_replay_150_0106", "campus": 5, "size": 150, "condition": "crew1.25", "sla_multiplier": 1.0, "crew_multiplier": 1.25, "method": "mor", "seed": 301, "feasible": 1, "wwt": 1.0, "makespan": 86.28, "mean_flow": 3.6666666666666665, "breach_share": 0.006666666666666667, "breach_p1": null, "breach_p2": null, "breach_p3": 0.006666666666666667, "breach_p4": null, "wall_seconds": 0.0002443203702569008}, "random": {"id": "c05_replay_150_0106_m1.25", "base_id": "c05_replay_150_0106", "campus": 5, "size": 150, "condition": "crew1.25", "sla_multiplier": 1.0, "crew_multiplier": 1.25, "method": "random", "seed": 301, "feasible": 1, "wwt": 1.0, "makespan": 86.28, "mean_flow": 3.6666666666666665, "breach_share": 0.006666666666666667, "breach_p1": null, "breach_p2": null, "breach_p3": 0.006666666666666667, "breach_p4": null, "wall_seconds": 0.00023394916206598282}, "v2rl301": {"id": "c05_replay_150_0106_m1.25", "base_id": "c05_replay_150_0106", "campus": 5, "size": 150, "condition": "crew1.25", "sla_multiplier": 1.0, "crew_multiplier": 1.25, "method": "v2rl301", "seed": 301, "feasible": 1, "wwt": 1.0, "makespan": 86.28, "mean_flow": 3.6666666666666665, "breach_share": 0.006666666666666667, "breach_p1": null, "breach_p2": null, "breach_p3": 0.006666666666666667, "breach_p4": null, "wall_seconds": 0.015110958367586136}, "v2rl302": {"id": "c05_replay_150_0106_m1.25", "base_id": "c05_replay_150_0106", "campus": 5, "size": 150, "condition": "crew1.25", "sla_multiplier": 1.0, "crew_multiplier": 1.25, "method": "v2rl302", "seed": 302, "feasible": 1, "wwt": 1.0, "makespan": 86.28, "mean_flow": 3.6666666666666665, "breach_share": 0.006666666666666667, "breach_p1": null, "breach_p2": null, "breach_p3": 0.006666666666666667, "breach_p4": null, "wall_seconds": 0.014991517178714275}, "v2rl303": {"id": "c05_replay_150_0106_m1.25", "base_id": "c05_replay_150_0106", "campus": 5, "size": 150, "condition": "crew1.25", "sla_multiplier": 1.0, "crew_multiplier": 1.25, "method": "v2rl303", "seed": 303, "feasible": 1, "wwt": 1.0, "makespan": 86.28, "mean_flow": 3.6666666666666665, "breach_share": 0.006666666666666667, "breach_p1": null, "breach_p2": null, "breach_p3": 0.006666666666666667, "breach_p4": null, "wall_seconds": 0.014986921101808548}}, "methods_expected": ["edd", "wspt", "atc", "pfifo", "mor", "random", "v2rl301", "v2rl302", "v2rl303"], "infeasible": [], "wall_seconds_total": 0.04879698809236288}