{"shard_id": "c05_replay_400_0127_sla0.5", "id": "c05_replay_400_0127_sla0.5", "base_id": "c05_replay_400_0127", "campus": 5, "size": 400, "condition": "sla0.5", "rows": {"edd": {"id": "c05_replay_400_0127_sla0.5", "base_id": "c05_replay_400_0127", "campus": 5, "size": 400, "condition": "sla0.5", "sla_multiplier": 0.5, "crew_multiplier": 1.0, "method": "edd", "seed": 301, "feasible": 1, "wwt": 153.00000000000006, "makespan": 130.88830000000002, "mean_flow": 4.524263749999999, "breach_share": 0.0075, "breach_p1": null, "breach_p2": null, "breach_p3": 0.0076726342710997444, "breach_p4": 0.0, "wall_seconds": 0.0006093177944421768}, "wspt": {"id": "c05_replay_400_0127_sla0.5", "base_id": "c05_replay_400_0127", "campus": 5, "size": 400, "condition": "sla0.5", "sla_multiplier": 0.5, "crew_multiplier": 1.0, "method": "wspt", "seed": 301, "feasible": 1, "wwt": 153.00000000000006, "makespan": 130.88830000000002, "mean_flow": 4.50875275, "breach_share": 0.0075, "breach_p1": null, "breach_p2": null, "breach_p3": 0.0076726342710997444, "breach_p4": 0.0, "wall_seconds": 0.0006107729859650135}, "atc": {"id": "c05_replay_400_0127_sla0.5", "base_id": "c05_replay_400_0127", "campus": 5, "size": 400, "condition": "sla0.5", "sla_multiplier": 0.5, "crew_multiplier": 1.0, "method": "atc", "seed": 301, "feasible": 1, "wwt": 153.00000000000006, "makespan": 130.88830000000002, "mean_flow": 4.50875275, "breach_share": 0.0075, "breach_p1": null, "breach_p2": null, "breach_p3": 0.0076726342710997444, "breach_p4": 0.0, "wall_seconds": 0.0007459321059286594}, "pfifo": {"id": "c05_replay_400_0127_sla0.5", "base_id": "c05_replay_400_0127", "campus": 5, "size": 400, "condition": "sla0.5", "sla_multiplier": 0.5, "crew_multiplier": 1.0, "method": "pfifo", "seed": 301, "feasible": 1, "wwt": 153.00000000000006, "makespan": 130.88830000000002, "mean_flow": 4.524263749999999, "breach_share": 0.0075, "breach_p1": null, "breach_p2": null, "breach_p3": 0.0076726342710997444, "breach_p4": 0.0, "wall_seconds": 0.0006059110164642334}, "mor": {"id": "c05_replay_400_0127_sla0.5", "base_id": "c05_replay_400_0127", "campus": 5, "size": 400, "condition": "sla0.5", "sla_multiplier": 0.5, "crew_multiplier": 1.0, "method": "mor", "seed": 301, "feasible": 1, "wwt": 153.00000000000006, "makespan": 130.88830000000002, "mean_flow": 4.54213325, "breach_share": 0.0075, "breach_p1": null, "breach_p2": null, "breach_p3": 0.0076726342710997444, "breach_p4": 0.0, "wall_seconds": 0.0006268220022320747}, "random": {"id": "c05_replay_400_0127_sla0.5", "base_id": "c05_replay_400_0127", "campus": 5, "size": 400, "condition": "sla0.5", "sla_multiplier": 0.5, "crew_multiplier": 1.0, "method": "random", "seed": 301, "feasible": 1, "wwt": 153.00000000000006, "makespan": 130.88830000000002, "mean_flow": 4.52500275, "breach_share": 0.0075, "breach_p1": null, "breach_p2": null, "breach_p3": 0.0076726342710997444, "breach_p4": 0.0, "wall_seconds": 0.0005753296427428722}, "v2rl301": {"id": "c05_replay_400_0127_sla0.5", "base_id": "c05_replay_400_0127", "campus": 5, "size": 400, "condition": "sla0.5", "sla_multiplier": 0.5, "crew_multiplier": 1.0, "method": "v2rl301", "seed": 301, "feasible": 1, "wwt": 153.00000000000006, "makespan": 130.88830000000002, "mean_flow": 4.54213325, "breach_share": 0.0075, "breach_p1": null, "breach_p2": null, "breach_p3": 0.0076726342710997444, "breach_p4": 0.0, "wall_seconds": 0.04101630300283432}, "v2rl302": {"id": "c05_replay_400_0127_sla0.5", "base_id": "c05_replay_400_0127", "campus": 5, "size": 400, "condition": "sla0.5", "sla_multiplier": 0.5, "crew_multiplier": 1.0, "method": "v2rl302", "seed": 302, "feasible": 1, "wwt": 153.00000000000006, "makespan": 130.88830000000002, "mean_flow": 4.54213325, "breach_share": 0.0075, "breach_p1": null, "breach_p2": null, "breach_p3": 0.0076726342710997444, "breach_p4": 0.0, "wall_seconds": 0.04107693675905466}, "v2rl303": {"id": "c05_replay_400_0127_sla0.5", "base_id": "c05_replay_400_0127", "campus": 5, "size": 400, "condition": "sla0.5", "sla_multiplier": 0.5, "crew_multiplier": 1.0, "method": "v2rl303", "seed": 303, "feasible": 1, "wwt": 153.00000000000006, "makespan": 130.88830000000002, "mean_flow": 4.540883249999999, "breach_share": 0.0075, "breach_p1": null, "breach_p2": null, "breach_p3": 0.0076726342710997444, "breach_p4": 0.0, "wall_seconds": 0.0412795040756464}}, "methods_expected": ["edd", "wspt", "atc", "pfifo", "mor", "random", "v2rl301", "v2rl302", "v2rl303"], "infeasible": [], "wall_seconds_total": 0.13174364482983947}