{"shard_id": "c05_replay_150_0128", "id": "c05_replay_150_0128", "base_id": "c05_replay_150_0128", "campus": 5, "size": 150, "condition": "baseline", "rows": {"edd": {"id": "c05_replay_150_0128", "base_id": "c05_replay_150_0128", "campus": 5, "size": 150, "condition": "baseline", "sla_multiplier": 1.0, "crew_multiplier": 1.0, "method": "edd", "seed": 301, "feasible": 1, "wwt": 21.729600000000005, "makespan": 106.8648, "mean_flow": 4.384432, "breach_share": 0.006666666666666667, "breach_p1": null, "breach_p2": null, "breach_p3": 0.006711409395973154, "breach_p4": 0.0, "wall_seconds": 0.00025470461696386337}, "wspt": {"id": "c05_replay_150_0128", "base_id": "c05_replay_150_0128", "campus": 5, "size": 150, "condition": "baseline", "sla_multiplier": 1.0, "crew_multiplier": 1.0, "method": "wspt", "seed": 301, "feasible": 1, "wwt": 21.729600000000005, "makespan": 106.8648, "mean_flow": 4.384432, "breach_share": 0.006666666666666667, "breach_p1": null, "breach_p2": null, "breach_p3": 0.006711409395973154, "breach_p4": 0.0, "wall_seconds": 0.000246215146034956}, "atc": {"id": "c05_replay_150_0128", "base_id": "c05_replay_150_0128", "campus": 5, "size": 150, "condition": "baseline", "sla_multiplier": 1.0, "crew_multiplier": 1.0, "method": "atc", "seed": 301, "feasible": 1, "wwt": 21.729600000000005, "makespan": 106.8648, "mean_flow": 4.384432, "breach_share": 0.006666666666666667, "breach_p1": null, "breach_p2": null, "breach_p3": 0.006711409395973154, "breach_p4": 0.0, "wall_seconds": 0.00029854290187358856}, "pfifo": {"id": "c05_replay_150_0128", "base_id": "c05_replay_150_0128", "campus": 5, "size": 150, "condition": "baseline", "sla_multiplier": 1.0, "crew_multiplier": 1.0, "method": "pfifo", "seed": 301, "feasible": 1, "wwt": 21.729600000000005, "makespan": 106.8648, "mean_flow": 4.384432, "breach_share": 0.006666666666666667, "breach_p1": null, "breach_p2": null, "breach_p3": 0.006711409395973154, "breach_p4": 0.0, "wall_seconds": 0.00024023791775107384}, "mor": {"id": "c05_replay_150_0128", "base_id": "c05_replay_150_0128", "campus": 5, "size": 150, "condition": "baseline", "sla_multiplier": 1.0, "crew_multiplier": 1.0, "method": "mor", "seed": 301, "feasible": 1, "wwt": 21.729600000000005, "makespan": 106.8648, "mean_flow": 4.387765333333333, "breach_share": 0.006666666666666667, "breach_p1": null, "breach_p2": null, "breach_p3": 0.006711409395973154, "breach_p4": 0.0, "wall_seconds": 0.00023614102974534035}, "random": {"id": "c05_replay_150_0128", "base_id": "c05_replay_150_0128", "campus": 5, "size": 150, "condition": "baseline", "sla_multiplier": 1.0, "crew_multiplier": 1.0, "method": "random", "seed": 301, "feasible": 1, "wwt": 21.729600000000005, "makespan": 106.8648, "mean_flow": 4.384432, "breach_share": 0.006666666666666667, "breach_p1": null, "breach_p2": null, "breach_p3": 0.006711409395973154, "breach_p4": 0.0, "wall_seconds": 0.0002337670885026455}, "v2rl301": {"id": "c05_replay_150_0128", "base_id": "c05_replay_150_0128", "campus": 5, "size": 150, "condition": "baseline", "sla_multiplier": 1.0, "crew_multiplier": 1.0, "method": "v2rl301", "seed": 301, "feasible": 1, "wwt": 21.729600000000005, "makespan": 106.8648, "mean_flow": 4.387765333333333, "breach_share": 0.006666666666666667, "breach_p1": null, "breach_p2": null, "breach_p3": 0.006711409395973154, "breach_p4": 0.0, "wall_seconds": 0.015233523212373257}, "v2rl302": {"id": "c05_replay_150_0128", "base_id": "c05_replay_150_0128", "campus": 5, "size": 150, "condition": "baseline", "sla_multiplier": 1.0, "crew_multiplier": 1.0, "method": "v2rl302", "seed": 302, "feasible": 1, "wwt": 21.729600000000005, "makespan": 106.8648, "mean_flow": 4.387765333333333, "breach_share": 0.006666666666666667, "breach_p1": null, "breach_p2": null, "breach_p3": 0.006711409395973154, "breach_p4": 0.0, "wall_seconds": 0.014985495246946812}, "v2rl303": {"id": "c05_replay_150_0128", "base_id": "c05_replay_150_0128", "campus": 5, "size": 150, "condition": "baseline", "sla_multiplier": 1.0, "crew_multiplier": 1.0, "method": "v2rl303", "seed": 303, "feasible": 1, "wwt": 21.729600000000005, "makespan": 106.8648, "mean_flow": 4.387765333333333, "breach_share": 0.006666666666666667, "breach_p1": null, "breach_p2": null, "breach_p3": 0.006711409395973154, "breach_p4": 0.0, "wall_seconds": 0.01510775601491332}}, "methods_expected": ["edd", "wspt", "atc", "pfifo", "mor", "random", "v2rl301", "v2rl302", "v2rl303"], "infeasible": [], "wall_seconds_total": 0.04849625611677766}