{"shard_id": "c05_replay_400_0107_m1.25", "id": "c05_replay_400_0107_m1.25", "base_id": "c05_replay_400_0107", "campus": 5, "size": 400, "condition": "crew1.25", "rows": {"edd": {"id": "c05_replay_400_0107_m1.25", "base_id": "c05_replay_400_0107", "campus": 5, "size": 400, "condition": "crew1.25", "sla_multiplier": 1.0, "crew_multiplier": 1.25, "method": "edd", "seed": 301, "feasible": 1, "wwt": 4.0, "makespan": 101.1328, "mean_flow": 5.5425765, "breach_share": 0.0025, "breach_p1": null, "breach_p2": null, "breach_p3": 0.002898550724637681, "breach_p4": 0.0, "wall_seconds": 0.0007099248468875885}, "wspt": {"id": "c05_replay_400_0107_m1.25", "base_id": "c05_replay_400_0107", "campus": 5, "size": 400, "condition": "crew1.25", "sla_multiplier": 1.0, "crew_multiplier": 1.25, "method": "wspt", "seed": 301, "feasible": 1, "wwt": 4.0, "makespan": 101.1328, "mean_flow": 5.369037499999999, "breach_share": 0.0025, "breach_p1": null, "breach_p2": null, "breach_p3": 0.002898550724637681, "breach_p4": 0.0, "wall_seconds": 0.000705408863723278}, "atc": {"id": "c05_replay_400_0107_m1.25", "base_id": "c05_replay_400_0107", "campus": 5, "size": 400, "condition": "crew1.25", "sla_multiplier": 1.0, "crew_multiplier": 1.25, "method": "atc", "seed": 301, "feasible": 1, "wwt": 4.0, "makespan": 101.1328, "mean_flow": 5.371358249999999, "breach_share": 0.0025, "breach_p1": null, "breach_p2": null, "breach_p3": 0.002898550724637681, "breach_p4": 0.0, "wall_seconds": 0.0009471988305449486}, "pfifo": {"id": "c05_replay_400_0107_m1.25", "base_id": "c05_replay_400_0107", "campus": 5, "size": 400, "condition": "crew1.25", "sla_multiplier": 1.0, "crew_multiplier": 1.25, "method": "pfifo", "seed": 301, "feasible": 1, "wwt": 4.0, "makespan": 101.1328, "mean_flow": 5.5425765, "breach_share": 0.0025, "breach_p1": null, "breach_p2": null, "breach_p3": 0.002898550724637681, "breach_p4": 0.0, "wall_seconds": 0.0006706980057060719}, "mor": {"id": "c05_replay_400_0107_m1.25", "base_id": "c05_replay_400_0107", "campus": 5, "size": 400, "condition": "crew1.25", "sla_multiplier": 1.0, "crew_multiplier": 1.25, "method": "mor", "seed": 301, "feasible": 1, "wwt": 4.0, "makespan": 101.1328, "mean_flow": 5.83441275, "breach_share": 0.0025, "breach_p1": null, "breach_p2": null, "breach_p3": 0.002898550724637681, "breach_p4": 0.0, "wall_seconds": 0.0006587700918316841}, "random": {"id": "c05_replay_400_0107_m1.25", "base_id": "c05_replay_400_0107", "campus": 5, "size": 400, "condition": "crew1.25", "sla_multiplier": 1.0, "crew_multiplier": 1.25, "method": "random", "seed": 301, "feasible": 1, "wwt": 4.0, "makespan": 101.1328, "mean_flow": 5.554166749999999, "breach_share": 0.0025, "breach_p1": null, "breach_p2": null, "breach_p3": 0.002898550724637681, "breach_p4": 0.0, "wall_seconds": 0.0005747801624238491}, "v2rl301": {"id": "c05_replay_400_0107_m1.25", "base_id": "c05_replay_400_0107", "campus": 5, "size": 400, "condition": "crew1.25", "sla_multiplier": 1.0, "crew_multiplier": 1.25, "method": "v2rl301", "seed": 301, "feasible": 1, "wwt": 4.0, "makespan": 101.1328, "mean_flow": 5.828161249999999, "breach_share": 0.0025, "breach_p1": null, "breach_p2": null, "breach_p3": 0.002898550724637681, "breach_p4": 0.0, "wall_seconds": 0.04313792008906603}, "v2rl302": {"id": "c05_replay_400_0107_m1.25", "base_id": "c05_replay_400_0107", "campus": 5, "size": 400, "condition": "crew1.25", "sla_multiplier": 1.0, "crew_multiplier": 1.25, "method": "v2rl302", "seed": 302, "feasible": 1, "wwt": 4.0, "makespan": 101.1328, "mean_flow": 5.793342, "breach_share": 0.0025, "breach_p1": null, "breach_p2": null, "breach_p3": 0.002898550724637681, "breach_p4": 0.0, "wall_seconds": 0.042375265154987574}, "v2rl303": {"id": "c05_replay_400_0107_m1.25", "base_id": "c05_replay_400_0107", "campus": 5, "size": 400, "condition": "crew1.25", "sla_multiplier": 1.0, "crew_multiplier": 1.25, "method": "v2rl303", "seed": 303, "feasible": 1, "wwt": 4.0, "makespan": 101.1328, "mean_flow": 5.793342, "breach_share": 0.0025, "breach_p1": null, "breach_p2": null, "breach_p3": 0.002898550724637681, "breach_p4": 0.0, "wall_seconds": 0.04286586493253708}}, "methods_expected": ["edd", "wspt", "atc", "pfifo", "mor", "random", "v2rl301", "v2rl302", "v2rl303"], "infeasible": [], "wall_seconds_total": 0.13741667475551367}