{"shard_id": "c05_replay_400_0126_m1.25", "id": "c05_replay_400_0126_m1.25", "base_id": "c05_replay_400_0126", "campus": 5, "size": 400, "condition": "crew1.25", "rows": {"edd": {"id": "c05_replay_400_0126_m1.25", "base_id": "c05_replay_400_0126", "campus": 5, "size": 400, "condition": "crew1.25", "sla_multiplier": 1.0, "crew_multiplier": 1.25, "method": "edd", "seed": 301, "feasible": 1, "wwt": 20.99999999999997, "makespan": 124.14359999999999, "mean_flow": 3.61192575, "breach_share": 0.0025, "breach_p1": null, "breach_p2": null, "breach_p3": 0.0025380710659898475, "breach_p4": 0.0, "wall_seconds": 0.0006494759581983089}, "wspt": {"id": "c05_replay_400_0126_m1.25", "base_id": "c05_replay_400_0126", "campus": 5, "size": 400, "condition": "crew1.25", "sla_multiplier": 1.0, "crew_multiplier": 1.25, "method": "wspt", "seed": 301, "feasible": 1, "wwt": 20.99999999999997, "makespan": 124.14359999999999, "mean_flow": 3.6093247499999994, "breach_share": 0.0025, "breach_p1": null, "breach_p2": null, "breach_p3": 0.0025380710659898475, "breach_p4": 0.0, "wall_seconds": 0.0006224648095667362}, "atc": {"id": "c05_replay_400_0126_m1.25", "base_id": "c05_replay_400_0126", "campus": 5, "size": 400, "condition": "crew1.25", "sla_multiplier": 1.0, "crew_multiplier": 1.25, "method": "atc", "seed": 301, "feasible": 1, "wwt": 20.99999999999997, "makespan": 124.14359999999999, "mean_flow": 3.6093247499999994, "breach_share": 0.0025, "breach_p1": null, "breach_p2": null, "breach_p3": 0.0025380710659898475, "breach_p4": 0.0, "wall_seconds": 0.0007854779250919819}, "pfifo": {"id": "c05_replay_400_0126_m1.25", "base_id": "c05_replay_400_0126", "campus": 5, "size": 400, "condition": "crew1.25", "sla_multiplier": 1.0, "crew_multiplier": 1.25, "method": "pfifo", "seed": 301, "feasible": 1, "wwt": 20.99999999999997, "makespan": 124.14359999999999, "mean_flow": 3.61192575, "breach_share": 0.0025, "breach_p1": null, "breach_p2": null, "breach_p3": 0.0025380710659898475, "breach_p4": 0.0, "wall_seconds": 0.000593183096498251}, "mor": {"id": "c05_replay_400_0126_m1.25", "base_id": "c05_replay_400_0126", "campus": 5, "size": 400, "condition": "crew1.25", "sla_multiplier": 1.0, "crew_multiplier": 1.25, "method": "mor", "seed": 301, "feasible": 1, "wwt": 20.99999999999997, "makespan": 124.14359999999999, "mean_flow": 3.6344125, "breach_share": 0.0025, "breach_p1": null, "breach_p2": null, "breach_p3": 0.0025380710659898475, "breach_p4": 0.0, "wall_seconds": 0.0005948278121650219}, "random": {"id": "c05_replay_400_0126_m1.25", "base_id": "c05_replay_400_0126", "campus": 5, "size": 400, "condition": "crew1.25", "sla_multiplier": 1.0, "crew_multiplier": 1.25, "method": "random", "seed": 301, "feasible": 1, "wwt": 20.99999999999997, "makespan": 124.14359999999999, "mean_flow": 3.6150917500000004, "breach_share": 0.0025, "breach_p1": null, "breach_p2": null, "breach_p3": 0.0025380710659898475, "breach_p4": 0.0, "wall_seconds": 0.0005700802430510521}, "v2rl301": {"id": "c05_replay_400_0126_m1.25", "base_id": "c05_replay_400_0126", "campus": 5, "size": 400, "condition": "crew1.25", "sla_multiplier": 1.0, "crew_multiplier": 1.25, "method": "v2rl301", "seed": 301, "feasible": 1, "wwt": 20.99999999999997, "makespan": 124.14359999999999, "mean_flow": 3.6344125, "breach_share": 0.0025, "breach_p1": null, "breach_p2": null, "breach_p3": 0.0025380710659898475, "breach_p4": 0.0, "wall_seconds": 0.04131772601976991}, "v2rl302": {"id": "c05_replay_400_0126_m1.25", "base_id": "c05_replay_400_0126", "campus": 5, "size": 400, "condition": "crew1.25", "sla_multiplier": 1.0, "crew_multiplier": 1.25, "method": "v2rl302", "seed": 302, "feasible": 1, "wwt": 20.99999999999997, "makespan": 124.14359999999999, "mean_flow": 3.6344125, "breach_share": 0.0025, "breach_p1": null, "breach_p2": null, "breach_p3": 0.0025380710659898475, "breach_p4": 0.0, "wall_seconds": 0.040438198018819094}, "v2rl303": {"id": "c05_replay_400_0126_m1.25", "base_id": "c05_replay_400_0126", "campus": 5, "size": 400, "condition": "crew1.25", "sla_multiplier": 1.0, "crew_multiplier": 1.25, "method": "v2rl303", "seed": 303, "feasible": 1, "wwt": 20.99999999999997, "makespan": 124.14359999999999, "mean_flow": 3.6344125, "breach_share": 0.0025, "breach_p1": null, "breach_p2": null, "breach_p3": 0.0025380710659898475, "breach_p4": 0.0, "wall_seconds": 0.0410145721398294}}, "methods_expected": ["edd", "wspt", "atc", "pfifo", "mor", "random", "v2rl301", "v2rl302", "v2rl303"], "infeasible": [], "wall_seconds_total": 0.13107800018042326}