{"shard_id": "c05_replay_400_0103_sla0.5", "id": "c05_replay_400_0103_sla0.5", "base_id": "c05_replay_400_0103", "campus": 5, "size": 400, "condition": "sla0.5", "rows": {"edd": {"id": "c05_replay_400_0103_sla0.5", "base_id": "c05_replay_400_0103", "campus": 5, "size": 400, "condition": "sla0.5", "sla_multiplier": 0.5, "crew_multiplier": 1.0, "method": "edd", "seed": 301, "feasible": 1, "wwt": 234.76209999999998, "makespan": 130.9845, "mean_flow": 9.84650125, "breach_share": 0.01, "breach_p1": null, "breach_p2": null, "breach_p3": 0.010362694300518135, "breach_p4": 0.00966183574879227, "wall_seconds": 0.0012179906480014324}, "wspt": {"id": "c05_replay_400_0103_sla0.5", "base_id": "c05_replay_400_0103", "campus": 5, "size": 400, "condition": "sla0.5", "sla_multiplier": 0.5, "crew_multiplier": 1.0, "method": "wspt", "seed": 301, "feasible": 1, "wwt": 234.10559999999998, "makespan": 127.9854, "mean_flow": 9.079715499999999, "breach_share": 0.0125, "breach_p1": null, "breach_p2": null, "breach_p3": 0.010362694300518135, "breach_p4": 0.014492753623188406, "wall_seconds": 0.0015048389323055744}, "atc": {"id": "c05_replay_400_0103_sla0.5", "base_id": "c05_replay_400_0103", "campus": 5, "size": 400, "condition": "sla0.5", "sla_multiplier": 0.5, "crew_multiplier": 1.0, "method": "atc", "seed": 301, "feasible": 1, "wwt": 209.91180000000003, "makespan": 113.98230000000001, "mean_flow": 9.321373, "breach_share": 0.0075, "breach_p1": null, "breach_p2": null, "breach_p3": 0.010362694300518135, "breach_p4": 0.004830917874396135, "wall_seconds": 0.0030475580133497715}, "pfifo": {"id": "c05_replay_400_0103_sla0.5", "base_id": "c05_replay_400_0103", "campus": 5, "size": 400, "condition": "sla0.5", "sla_multiplier": 0.5, "crew_multiplier": 1.0, "method": "pfifo", "seed": 301, "feasible": 1, "wwt": 234.76209999999998, "makespan": 130.9845, "mean_flow": 9.84650125, "breach_share": 0.01, "breach_p1": null, "breach_p2": null, "breach_p3": 0.010362694300518135, "breach_p4": 0.00966183574879227, "wall_seconds": 0.0012921136803925037}, "mor": {"id": "c05_replay_400_0103_sla0.5", "base_id": "c05_replay_400_0103", "campus": 5, "size": 400, "condition": "sla0.5", "sla_multiplier": 0.5, "crew_multiplier": 1.0, "method": "mor", "seed": 301, "feasible": 1, "wwt": 208.9124, "makespan": 112.9829, "mean_flow": 12.872272250000002, "breach_share": 0.0075, "breach_p1": null, "breach_p2": null, "breach_p3": 0.010362694300518135, "breach_p4": 0.004830917874396135, "wall_seconds": 0.0013124789111316204}, "random": {"id": "c05_replay_400_0103_sla0.5", "base_id": "c05_replay_400_0103", "campus": 5, "size": 400, "condition": "sla0.5", "sla_multiplier": 0.5, "crew_multiplier": 1.0, "method": "random", "seed": 301, "feasible": 1, "wwt": 217.96229999999997, "makespan": 120.98310000000001, "mean_flow": 10.286843000000001, "breach_share": 0.01, "breach_p1": null, "breach_p2": null, "breach_p3": 0.010362694300518135, "breach_p4": 0.00966183574879227, "wall_seconds": 0.0006111268885433674}, "v2rl301": {"id": "c05_replay_400_0103_sla0.5", "base_id": "c05_replay_400_0103", "campus": 5, "size": 400, "condition": "sla0.5", "sla_multiplier": 0.5, "crew_multiplier": 1.0, "method": "v2rl301", "seed": 301, "feasible": 1, "wwt": 208.9124, "makespan": 112.9829, "mean_flow": 12.48166575, "breach_share": 0.0075, "breach_p1": null, "breach_p2": null, "breach_p3": 0.010362694300518135, "breach_p4": 0.004830917874396135, "wall_seconds": 0.05520333908498287}, "v2rl302": {"id": "c05_replay_400_0103_sla0.5", "base_id": "c05_replay_400_0103", "campus": 5, "size": 400, "condition": "sla0.5", "sla_multiplier": 0.5, "crew_multiplier": 1.0, "method": "v2rl302", "seed": 302, "feasible": 1, "wwt": 208.9124, "makespan": 112.9829, "mean_flow": 12.466244000000001, "breach_share": 0.0075, "breach_p1": null, "breach_p2": null, "breach_p3": 0.010362694300518135, "breach_p4": 0.004830917874396135, "wall_seconds": 0.05415744008496404}, "v2rl303": {"id": "c05_replay_400_0103_sla0.5", "base_id": "c05_replay_400_0103", "campus": 5, "size": 400, "condition": "sla0.5", "sla_multiplier": 0.5, "crew_multiplier": 1.0, "method": "v2rl303", "seed": 303, "feasible": 1, "wwt": 208.9146, "makespan": 112.9851, "mean_flow": 12.221058000000001, "breach_share": 0.0075, "breach_p1": null, "breach_p2": null, "breach_p3": 0.010362694300518135, "breach_p4": 0.004830917874396135, "wall_seconds": 0.05531739676371217}}, "methods_expected": ["edd", "wspt", "atc", "pfifo", "mor", "random", "v2rl301", "v2rl302", "v2rl303"], "infeasible": [], "wall_seconds_total": 0.1781832268461585}