{"shard_id": "c05_replay_150_0118_sla0.5", "id": "c05_replay_150_0118_sla0.5", "base_id": "c05_replay_150_0118", "campus": 5, "size": 150, "condition": "sla0.5", "rows": {"edd": {"id": "c05_replay_150_0118_sla0.5", "base_id": "c05_replay_150_0118", "campus": 5, "size": 150, "condition": "sla0.5", "sla_multiplier": 0.5, "crew_multiplier": 1.0, "method": "edd", "seed": 301, "feasible": 1, "wwt": 82.0, "makespan": 89.0, "mean_flow": 3.981405333333334, "breach_share": 0.006666666666666667, "breach_p1": null, "breach_p2": null, "breach_p3": 0.006666666666666667, "breach_p4": null, "wall_seconds": 0.0002605258487164974}, "wspt": {"id": "c05_replay_150_0118_sla0.5", "base_id": "c05_replay_150_0118", "campus": 5, "size": 150, "condition": "sla0.5", "sla_multiplier": 0.5, "crew_multiplier": 1.0, "method": "wspt", "seed": 301, "feasible": 1, "wwt": 82.0, "makespan": 89.0, "mean_flow": 3.981405333333334, "breach_share": 0.006666666666666667, "breach_p1": null, "breach_p2": null, "breach_p3": 0.006666666666666667, "breach_p4": null, "wall_seconds": 0.0002633510157465935}, "atc": {"id": "c05_replay_150_0118_sla0.5", "base_id": "c05_replay_150_0118", "campus": 5, "size": 150, "condition": "sla0.5", "sla_multiplier": 0.5, "crew_multiplier": 1.0, "method": "atc", "seed": 301, "feasible": 1, "wwt": 82.0, "makespan": 89.0, "mean_flow": 3.981405333333334, "breach_share": 0.006666666666666667, "breach_p1": null, "breach_p2": null, "breach_p3": 0.006666666666666667, "breach_p4": null, "wall_seconds": 0.0003054710105061531}, "pfifo": {"id": "c05_replay_150_0118_sla0.5", "base_id": "c05_replay_150_0118", "campus": 5, "size": 150, "condition": "sla0.5", "sla_multiplier": 0.5, "crew_multiplier": 1.0, "method": "pfifo", "seed": 301, "feasible": 1, "wwt": 82.0, "makespan": 89.0, "mean_flow": 3.981405333333334, "breach_share": 0.006666666666666667, "breach_p1": null, "breach_p2": null, "breach_p3": 0.006666666666666667, "breach_p4": null, "wall_seconds": 0.00023982301354408264}, "mor": {"id": "c05_replay_150_0118_sla0.5", "base_id": "c05_replay_150_0118", "campus": 5, "size": 150, "condition": "sla0.5", "sla_multiplier": 0.5, "crew_multiplier": 1.0, "method": "mor", "seed": 301, "feasible": 1, "wwt": 82.0, "makespan": 89.0, "mean_flow": 3.981405333333334, "breach_share": 0.006666666666666667, "breach_p1": null, "breach_p2": null, "breach_p3": 0.006666666666666667, "breach_p4": null, "wall_seconds": 0.00025099189952015877}, "random": {"id": "c05_replay_150_0118_sla0.5", "base_id": "c05_replay_150_0118", "campus": 5, "size": 150, "condition": "sla0.5", "sla_multiplier": 0.5, "crew_multiplier": 1.0, "method": "random", "seed": 301, "feasible": 1, "wwt": 82.0, "makespan": 89.0, "mean_flow": 3.981405333333334, "breach_share": 0.006666666666666667, "breach_p1": null, "breach_p2": null, "breach_p3": 0.006666666666666667, "breach_p4": null, "wall_seconds": 0.00025962479412555695}, "v2rl301": {"id": "c05_replay_150_0118_sla0.5", "base_id": "c05_replay_150_0118", "campus": 5, "size": 150, "condition": "sla0.5", "sla_multiplier": 0.5, "crew_multiplier": 1.0, "method": "v2rl301", "seed": 301, "feasible": 1, "wwt": 82.0, "makespan": 89.0, "mean_flow": 3.981405333333334, "breach_share": 0.006666666666666667, "breach_p1": null, "breach_p2": null, "breach_p3": 0.006666666666666667, "breach_p4": null, "wall_seconds": 0.015158060006797314}, "v2rl302": {"id": "c05_replay_150_0118_sla0.5", "base_id": "c05_replay_150_0118", "campus": 5, "size": 150, "condition": "sla0.5", "sla_multiplier": 0.5, "crew_multiplier": 1.0, "method": "v2rl302", "seed": 302, "feasible": 1, "wwt": 82.0, "makespan": 89.0, "mean_flow": 3.981405333333334, "breach_share": 0.006666666666666667, "breach_p1": null, "breach_p2": null, "breach_p3": 0.006666666666666667, "breach_p4": null, "wall_seconds": 0.015101157128810883}, "v2rl303": {"id": "c05_replay_150_0118_sla0.5", "base_id": "c05_replay_150_0118", "campus": 5, "size": 150, "condition": "sla0.5", "sla_multiplier": 0.5, "crew_multiplier": 1.0, "method": "v2rl303", "seed": 303, "feasible": 1, "wwt": 82.0, "makespan": 89.0, "mean_flow": 3.981405333333334, "breach_share": 0.006666666666666667, "breach_p1": null, "breach_p2": null, "breach_p3": 0.006666666666666667, "breach_p4": null, "wall_seconds": 0.014748213812708855}}, "methods_expected": ["edd", "wspt", "atc", "pfifo", "mor", "random", "v2rl301", "v2rl302", "v2rl303"], "infeasible": [], "wall_seconds_total": 0.04867544583976269}