{"shard_id": "c05_replay_150_0128_m1.25", "id": "c05_replay_150_0128_m1.25", "base_id": "c05_replay_150_0128", "campus": 5, "size": 150, "condition": "crew1.25", "rows": {"edd": {"id": "c05_replay_150_0128_m1.25", "base_id": "c05_replay_150_0128", "campus": 5, "size": 150, "condition": "crew1.25", "sla_multiplier": 1.0, "crew_multiplier": 1.25, "method": "edd", "seed": 301, "feasible": 1, "wwt": 21.729600000000005, "makespan": 106.8648, "mean_flow": 4.3810986666666665, "breach_share": 0.006666666666666667, "breach_p1": null, "breach_p2": null, "breach_p3": 0.006711409395973154, "breach_p4": 0.0, "wall_seconds": 0.0002574380487203598}, "wspt": {"id": "c05_replay_150_0128_m1.25", "base_id": "c05_replay_150_0128", "campus": 5, "size": 150, "condition": "crew1.25", "sla_multiplier": 1.0, "crew_multiplier": 1.25, "method": "wspt", "seed": 301, "feasible": 1, "wwt": 21.729600000000005, "makespan": 106.8648, "mean_flow": 4.3810986666666665, "breach_share": 0.006666666666666667, "breach_p1": null, "breach_p2": null, "breach_p3": 0.006711409395973154, "breach_p4": 0.0, "wall_seconds": 0.0002622818574309349}, "atc": {"id": "c05_replay_150_0128_m1.25", "base_id": "c05_replay_150_0128", "campus": 5, "size": 150, "condition": "crew1.25", "sla_multiplier": 1.0, "crew_multiplier": 1.25, "method": "atc", "seed": 301, "feasible": 1, "wwt": 21.729600000000005, "makespan": 106.8648, "mean_flow": 4.3810986666666665, "breach_share": 0.006666666666666667, "breach_p1": null, "breach_p2": null, "breach_p3": 0.006711409395973154, "breach_p4": 0.0, "wall_seconds": 0.0003104419447481632}, "pfifo": {"id": "c05_replay_150_0128_m1.25", "base_id": "c05_replay_150_0128", "campus": 5, "size": 150, "condition": "crew1.25", "sla_multiplier": 1.0, "crew_multiplier": 1.25, "method": "pfifo", "seed": 301, "feasible": 1, "wwt": 21.729600000000005, "makespan": 106.8648, "mean_flow": 4.3810986666666665, "breach_share": 0.006666666666666667, "breach_p1": null, "breach_p2": null, "breach_p3": 0.006711409395973154, "breach_p4": 0.0, "wall_seconds": 0.00024745333939790726}, "mor": {"id": "c05_replay_150_0128_m1.25", "base_id": "c05_replay_150_0128", "campus": 5, "size": 150, "condition": "crew1.25", "sla_multiplier": 1.0, "crew_multiplier": 1.25, "method": "mor", "seed": 301, "feasible": 1, "wwt": 21.729600000000005, "makespan": 106.8648, "mean_flow": 4.3810986666666665, "breach_share": 0.006666666666666667, "breach_p1": null, "breach_p2": null, "breach_p3": 0.006711409395973154, "breach_p4": 0.0, "wall_seconds": 0.0002407226711511612}, "random": {"id": "c05_replay_150_0128_m1.25", "base_id": "c05_replay_150_0128", "campus": 5, "size": 150, "condition": "crew1.25", "sla_multiplier": 1.0, "crew_multiplier": 1.25, "method": "random", "seed": 301, "feasible": 1, "wwt": 21.729600000000005, "makespan": 106.8648, "mean_flow": 4.3810986666666665, "breach_share": 0.006666666666666667, "breach_p1": null, "breach_p2": null, "breach_p3": 0.006711409395973154, "breach_p4": 0.0, "wall_seconds": 0.00023482926189899445}, "v2rl301": {"id": "c05_replay_150_0128_m1.25", "base_id": "c05_replay_150_0128", "campus": 5, "size": 150, "condition": "crew1.25", "sla_multiplier": 1.0, "crew_multiplier": 1.25, "method": "v2rl301", "seed": 301, "feasible": 1, "wwt": 21.729600000000005, "makespan": 106.8648, "mean_flow": 4.3810986666666665, "breach_share": 0.006666666666666667, "breach_p1": null, "breach_p2": null, "breach_p3": 0.006711409395973154, "breach_p4": 0.0, "wall_seconds": 0.01572947483509779}, "v2rl302": {"id": "c05_replay_150_0128_m1.25", "base_id": "c05_replay_150_0128", "campus": 5, "size": 150, "condition": "crew1.25", "sla_multiplier": 1.0, "crew_multiplier": 1.25, "method": "v2rl302", "seed": 302, "feasible": 1, "wwt": 21.729600000000005, "makespan": 106.8648, "mean_flow": 4.3810986666666665, "breach_share": 0.006666666666666667, "breach_p1": null, "breach_p2": null, "breach_p3": 0.006711409395973154, "breach_p4": 0.0, "wall_seconds": 0.014958451967686415}, "v2rl303": {"id": "c05_replay_150_0128_m1.25", "base_id": "c05_replay_150_0128", "campus": 5, "size": 150, "condition": "crew1.25", "sla_multiplier": 1.0, "crew_multiplier": 1.25, "method": "v2rl303", "seed": 303, "feasible": 1, "wwt": 21.729600000000005, "makespan": 106.8648, "mean_flow": 4.3810986666666665, "breach_share": 0.006666666666666667, "breach_p1": null, "breach_p2": null, "breach_p3": 0.006711409395973154, "breach_p4": 0.0, "wall_seconds": 0.014892170671373606}}, "methods_expected": ["edd", "wspt", "atc", "pfifo", "mor", "random", "v2rl301", "v2rl302", "v2rl303"], "infeasible": [], "wall_seconds_total": 0.04922638600692153}