{"shard_id": "c05_replay_400_0123_m0.75", "id": "c05_replay_400_0123_m0.75", "base_id": "c05_replay_400_0123", "campus": 5, "size": 400, "condition": "crew0.75", "rows": {"edd": {"id": "c05_replay_400_0123_m0.75", "base_id": "c05_replay_400_0123", "campus": 5, "size": 400, "condition": "crew0.75", "sla_multiplier": 1.0, "crew_multiplier": 0.75, "method": "edd", "seed": 301, "feasible": 1, "wwt": 43.45920000000001, "makespan": 139.392, "mean_flow": 3.7448045000000003, "breach_share": 0.005, "breach_p1": null, "breach_p2": null, "breach_p3": 0.005037783375314861, "breach_p4": 0.0, "wall_seconds": 0.0006111450493335724}, "wspt": {"id": "c05_replay_400_0123_m0.75", "base_id": "c05_replay_400_0123", "campus": 5, "size": 400, "condition": "crew0.75", "sla_multiplier": 1.0, "crew_multiplier": 0.75, "method": "wspt", "seed": 301, "feasible": 1, "wwt": 43.45920000000001, "makespan": 139.392, "mean_flow": 3.7248045000000003, "breach_share": 0.005, "breach_p1": null, "breach_p2": null, "breach_p3": 0.005037783375314861, "breach_p4": 0.0, "wall_seconds": 0.0005942969582974911}, "atc": {"id": "c05_replay_400_0123_m0.75", "base_id": "c05_replay_400_0123", "campus": 5, "size": 400, "condition": "crew0.75", "sla_multiplier": 1.0, "crew_multiplier": 0.75, "method": "atc", "seed": 301, "feasible": 1, "wwt": 43.45920000000001, "makespan": 139.392, "mean_flow": 3.7366919999999997, "breach_share": 0.005, "breach_p1": null, "breach_p2": null, "breach_p3": 0.005037783375314861, "breach_p4": 0.0, "wall_seconds": 0.0007474198937416077}, "pfifo": {"id": "c05_replay_400_0123_m0.75", "base_id": "c05_replay_400_0123", "campus": 5, "size": 400, "condition": "crew0.75", "sla_multiplier": 1.0, "crew_multiplier": 0.75, "method": "pfifo", "seed": 301, "feasible": 1, "wwt": 43.45920000000001, "makespan": 139.392, "mean_flow": 3.7448045000000003, "breach_share": 0.005, "breach_p1": null, "breach_p2": null, "breach_p3": 0.005037783375314861, "breach_p4": 0.0, "wall_seconds": 0.0005799708887934685}, "mor": {"id": "c05_replay_400_0123_m0.75", "base_id": "c05_replay_400_0123", "campus": 5, "size": 400, "condition": "crew0.75", "sla_multiplier": 1.0, "crew_multiplier": 0.75, "method": "mor", "seed": 301, "feasible": 1, "wwt": 43.45920000000001, "makespan": 139.392, "mean_flow": 3.7862822499999997, "breach_share": 0.005, "breach_p1": null, "breach_p2": null, "breach_p3": 0.005037783375314861, "breach_p4": 0.0, "wall_seconds": 0.0005732928402721882}, "random": {"id": "c05_replay_400_0123_m0.75", "base_id": "c05_replay_400_0123", "campus": 5, "size": 400, "condition": "crew0.75", "sla_multiplier": 1.0, "crew_multiplier": 0.75, "method": "random", "seed": 301, "feasible": 1, "wwt": 43.45920000000001, "makespan": 139.392, "mean_flow": 3.7560545000000003, "breach_share": 0.005, "breach_p1": null, "breach_p2": null, "breach_p3": 0.005037783375314861, "breach_p4": 0.0, "wall_seconds": 0.0005422281101346016}, "v2rl301": {"id": "c05_replay_400_0123_m0.75", "base_id": "c05_replay_400_0123", "campus": 5, "size": 400, "condition": "crew0.75", "sla_multiplier": 1.0, "crew_multiplier": 0.75, "method": "v2rl301", "seed": 301, "feasible": 1, "wwt": 43.45920000000001, "makespan": 139.392, "mean_flow": 3.7862822499999997, "breach_share": 0.005, "breach_p1": null, "breach_p2": null, "breach_p3": 0.005037783375314861, "breach_p4": 0.0, "wall_seconds": 0.0411542640067637}, "v2rl302": {"id": "c05_replay_400_0123_m0.75", "base_id": "c05_replay_400_0123", "campus": 5, "size": 400, "condition": "crew0.75", "sla_multiplier": 1.0, "crew_multiplier": 0.75, "method": "v2rl302", "seed": 302, "feasible": 1, "wwt": 43.45920000000001, "makespan": 139.392, "mean_flow": 3.7862822499999997, "breach_share": 0.005, "breach_p1": null, "breach_p2": null, "breach_p3": 0.005037783375314861, "breach_p4": 0.0, "wall_seconds": 0.04194925166666508}, "v2rl303": {"id": "c05_replay_400_0123_m0.75", "base_id": "c05_replay_400_0123", "campus": 5, "size": 400, "condition": "crew0.75", "sla_multiplier": 1.0, "crew_multiplier": 0.75, "method": "v2rl303", "seed": 303, "feasible": 1, "wwt": 43.45920000000001, "makespan": 139.392, "mean_flow": 3.7862822499999997, "breach_share": 0.005, "breach_p1": null, "breach_p2": null, "breach_p3": 0.005037783375314861, "breach_p4": 0.0, "wall_seconds": 0.040467868093401194}}, "methods_expected": ["edd", "wspt", "atc", "pfifo", "mor", "random", "v2rl301", "v2rl302", "v2rl303"], "infeasible": [], "wall_seconds_total": 0.1315327356569469}