{"shard_id": "c05_replay_400_0113_sla0.5", "id": "c05_replay_400_0113_sla0.5", "base_id": "c05_replay_400_0113", "campus": 5, "size": 400, "condition": "sla0.5", "rows": {"edd": {"id": "c05_replay_400_0113_sla0.5", "base_id": "c05_replay_400_0113", "campus": 5, "size": 400, "condition": "sla0.5", "sla_multiplier": 0.5, "crew_multiplier": 1.0, "method": "edd", "seed": 301, "feasible": 1, "wwt": 18.0, "makespan": 80.8086, "mean_flow": 4.846346499999999, "breach_share": 0.005, "breach_p1": null, "breach_p2": null, "breach_p3": 0.005780346820809248, "breach_p4": 0.0, "wall_seconds": 0.0006623412482440472}, "wspt": {"id": "c05_replay_400_0113_sla0.5", "base_id": "c05_replay_400_0113", "campus": 5, "size": 400, "condition": "sla0.5", "sla_multiplier": 0.5, "crew_multiplier": 1.0, "method": "wspt", "seed": 301, "feasible": 1, "wwt": 18.0, "makespan": 80.8086, "mean_flow": 4.6450942500000005, "breach_share": 0.005, "breach_p1": null, "breach_p2": null, "breach_p3": 0.005780346820809248, "breach_p4": 0.0, "wall_seconds": 0.0006510280072689056}, "atc": {"id": "c05_replay_400_0113_sla0.5", "base_id": "c05_replay_400_0113", "campus": 5, "size": 400, "condition": "sla0.5", "sla_multiplier": 0.5, "crew_multiplier": 1.0, "method": "atc", "seed": 301, "feasible": 1, "wwt": 18.0, "makespan": 80.8086, "mean_flow": 4.64509575, "breach_share": 0.005, "breach_p1": null, "breach_p2": null, "breach_p3": 0.005780346820809248, "breach_p4": 0.0, "wall_seconds": 0.0008963048458099365}, "pfifo": {"id": "c05_replay_400_0113_sla0.5", "base_id": "c05_replay_400_0113", "campus": 5, "size": 400, "condition": "sla0.5", "sla_multiplier": 0.5, "crew_multiplier": 1.0, "method": "pfifo", "seed": 301, "feasible": 1, "wwt": 18.0, "makespan": 80.8086, "mean_flow": 4.846346499999999, "breach_share": 0.005, "breach_p1": null, "breach_p2": null, "breach_p3": 0.005780346820809248, "breach_p4": 0.0, "wall_seconds": 0.0006630471907556057}, "mor": {"id": "c05_replay_400_0113_sla0.5", "base_id": "c05_replay_400_0113", "campus": 5, "size": 400, "condition": "sla0.5", "sla_multiplier": 0.5, "crew_multiplier": 1.0, "method": "mor", "seed": 301, "feasible": 1, "wwt": 18.0, "makespan": 80.8086, "mean_flow": 5.0900965, "breach_share": 0.005, "breach_p1": null, "breach_p2": null, "breach_p3": 0.005780346820809248, "breach_p4": 0.0, "wall_seconds": 0.0006717951036989689}, "random": {"id": "c05_replay_400_0113_sla0.5", "base_id": "c05_replay_400_0113", "campus": 5, "size": 400, "condition": "sla0.5", "sla_multiplier": 0.5, "crew_multiplier": 1.0, "method": "random", "seed": 301, "feasible": 1, "wwt": 18.0, "makespan": 80.8086, "mean_flow": 4.815095, "breach_share": 0.005, "breach_p1": null, "breach_p2": null, "breach_p3": 0.005780346820809248, "breach_p4": 0.0, "wall_seconds": 0.0005669053643941879}, "v2rl301": {"id": "c05_replay_400_0113_sla0.5", "base_id": "c05_replay_400_0113", "campus": 5, "size": 400, "condition": "sla0.5", "sla_multiplier": 0.5, "crew_multiplier": 1.0, "method": "v2rl301", "seed": 301, "feasible": 1, "wwt": 18.0, "makespan": 80.8086, "mean_flow": 5.00384575, "breach_share": 0.005, "breach_p1": null, "breach_p2": null, "breach_p3": 0.005780346820809248, "breach_p4": 0.0, "wall_seconds": 0.04263147618621588}, "v2rl302": {"id": "c05_replay_400_0113_sla0.5", "base_id": "c05_replay_400_0113", "campus": 5, "size": 400, "condition": "sla0.5", "sla_multiplier": 0.5, "crew_multiplier": 1.0, "method": "v2rl302", "seed": 302, "feasible": 1, "wwt": 18.0, "makespan": 80.8086, "mean_flow": 5.00384575, "breach_share": 0.005, "breach_p1": null, "breach_p2": null, "breach_p3": 0.005780346820809248, "breach_p4": 0.0, "wall_seconds": 0.0427442817017436}, "v2rl303": {"id": "c05_replay_400_0113_sla0.5", "base_id": "c05_replay_400_0113", "campus": 5, "size": 400, "condition": "sla0.5", "sla_multiplier": 0.5, "crew_multiplier": 1.0, "method": "v2rl303", "seed": 303, "feasible": 1, "wwt": 18.0, "makespan": 80.8086, "mean_flow": 5.008845750000001, "breach_share": 0.005, "breach_p1": null, "breach_p2": null, "breach_p3": 0.005780346820809248, "breach_p4": 0.0, "wall_seconds": 0.041979389265179634}}, "methods_expected": ["edd", "wspt", "atc", "pfifo", "mor", "random", "v2rl301", "v2rl302", "v2rl303"], "infeasible": [], "wall_seconds_total": 0.13602595310658216}