{"shard_id": "c05_replay_150_0123_sla0.5", "id": "c05_replay_150_0123_sla0.5", "base_id": "c05_replay_150_0123", "campus": 5, "size": 150, "condition": "sla0.5", "rows": {"edd": {"id": "c05_replay_150_0123_sla0.5", "base_id": "c05_replay_150_0123", "campus": 5, "size": 150, "condition": "sla0.5", "sla_multiplier": 0.5, "crew_multiplier": 1.0, "method": "edd", "seed": 301, "feasible": 1, "wwt": 40.0, "makespan": 68.0, "mean_flow": 3.905590666666667, "breach_share": 0.006666666666666667, "breach_p1": null, "breach_p2": null, "breach_p3": 0.006666666666666667, "breach_p4": null, "wall_seconds": 0.00026011792942881584}, "wspt": {"id": "c05_replay_150_0123_sla0.5", "base_id": "c05_replay_150_0123", "campus": 5, "size": 150, "condition": "sla0.5", "sla_multiplier": 0.5, "crew_multiplier": 1.0, "method": "wspt", "seed": 301, "feasible": 1, "wwt": 40.0, "makespan": 68.0, "mean_flow": 3.905590666666667, "breach_share": 0.006666666666666667, "breach_p1": null, "breach_p2": null, "breach_p3": 0.006666666666666667, "breach_p4": null, "wall_seconds": 0.0002671126276254654}, "atc": {"id": "c05_replay_150_0123_sla0.5", "base_id": "c05_replay_150_0123", "campus": 5, "size": 150, "condition": "sla0.5", "sla_multiplier": 0.5, "crew_multiplier": 1.0, "method": "atc", "seed": 301, "feasible": 1, "wwt": 40.0, "makespan": 68.0, "mean_flow": 3.905590666666667, "breach_share": 0.006666666666666667, "breach_p1": null, "breach_p2": null, "breach_p3": 0.006666666666666667, "breach_p4": null, "wall_seconds": 0.0003162841312587261}, "pfifo": {"id": "c05_replay_150_0123_sla0.5", "base_id": "c05_replay_150_0123", "campus": 5, "size": 150, "condition": "sla0.5", "sla_multiplier": 0.5, "crew_multiplier": 1.0, "method": "pfifo", "seed": 301, "feasible": 1, "wwt": 40.0, "makespan": 68.0, "mean_flow": 3.905590666666667, "breach_share": 0.006666666666666667, "breach_p1": null, "breach_p2": null, "breach_p3": 0.006666666666666667, "breach_p4": null, "wall_seconds": 0.00024387193843722343}, "mor": {"id": "c05_replay_150_0123_sla0.5", "base_id": "c05_replay_150_0123", "campus": 5, "size": 150, "condition": "sla0.5", "sla_multiplier": 0.5, "crew_multiplier": 1.0, "method": "mor", "seed": 301, "feasible": 1, "wwt": 40.0, "makespan": 68.0, "mean_flow": 3.918924, "breach_share": 0.006666666666666667, "breach_p1": null, "breach_p2": null, "breach_p3": 0.006666666666666667, "breach_p4": null, "wall_seconds": 0.00024081626906991005}, "random": {"id": "c05_replay_150_0123_sla0.5", "base_id": "c05_replay_150_0123", "campus": 5, "size": 150, "condition": "sla0.5", "sla_multiplier": 0.5, "crew_multiplier": 1.0, "method": "random", "seed": 301, "feasible": 1, "wwt": 40.0, "makespan": 68.0, "mean_flow": 3.905590666666667, "breach_share": 0.006666666666666667, "breach_p1": null, "breach_p2": null, "breach_p3": 0.006666666666666667, "breach_p4": null, "wall_seconds": 0.0002293149009346962}, "v2rl301": {"id": "c05_replay_150_0123_sla0.5", "base_id": "c05_replay_150_0123", "campus": 5, "size": 150, "condition": "sla0.5", "sla_multiplier": 0.5, "crew_multiplier": 1.0, "method": "v2rl301", "seed": 301, "feasible": 1, "wwt": 40.0, "makespan": 68.0, "mean_flow": 3.918924, "breach_share": 0.006666666666666667, "breach_p1": null, "breach_p2": null, "breach_p3": 0.006666666666666667, "breach_p4": null, "wall_seconds": 0.01570153795182705}, "v2rl302": {"id": "c05_replay_150_0123_sla0.5", "base_id": "c05_replay_150_0123", "campus": 5, "size": 150, "condition": "sla0.5", "sla_multiplier": 0.5, "crew_multiplier": 1.0, "method": "v2rl302", "seed": 302, "feasible": 1, "wwt": 40.0, "makespan": 68.0, "mean_flow": 3.918924, "breach_share": 0.006666666666666667, "breach_p1": null, "breach_p2": null, "breach_p3": 0.006666666666666667, "breach_p4": null, "wall_seconds": 0.01546635664999485}, "v2rl303": {"id": "c05_replay_150_0123_sla0.5", "base_id": "c05_replay_150_0123", "campus": 5, "size": 150, "condition": "sla0.5", "sla_multiplier": 0.5, "crew_multiplier": 1.0, "method": "v2rl303", "seed": 303, "feasible": 1, "wwt": 40.0, "makespan": 68.0, "mean_flow": 3.918924, "breach_share": 0.006666666666666667, "breach_p1": null, "breach_p2": null, "breach_p3": 0.006666666666666667, "breach_p4": null, "wall_seconds": 0.015575904864817858}}, "methods_expected": ["edd", "wspt", "atc", "pfifo", "mor", "random", "v2rl301", "v2rl302", "v2rl303"], "infeasible": [], "wall_seconds_total": 0.050406004302203655}