{"shard_id": "c05_replay_400_0125_sla0.5", "id": "c05_replay_400_0125_sla0.5", "base_id": "c05_replay_400_0125", "campus": 5, "size": 400, "condition": "sla0.5", "rows": {"edd": {"id": "c05_replay_400_0125_sla0.5", "base_id": "c05_replay_400_0125", "campus": 5, "size": 400, "condition": "sla0.5", "sla_multiplier": 0.5, "crew_multiplier": 1.0, "method": "edd", "seed": 301, "feasible": 1, "wwt": 40.0, "makespan": 82.6078, "mean_flow": 5.846648749999999, "breach_share": 0.0075, "breach_p1": null, "breach_p2": null, "breach_p3": 0.009202453987730062, "breach_p4": 0.0, "wall_seconds": 0.0006894571706652641}, "wspt": {"id": "c05_replay_400_0125_sla0.5", "base_id": "c05_replay_400_0125", "campus": 5, "size": 400, "condition": "sla0.5", "sla_multiplier": 0.5, "crew_multiplier": 1.0, "method": "wspt", "seed": 301, "feasible": 1, "wwt": 40.0, "makespan": 82.6078, "mean_flow": 5.434149, "breach_share": 0.0075, "breach_p1": null, "breach_p2": null, "breach_p3": 0.009202453987730062, "breach_p4": 0.0, "wall_seconds": 0.0007214760407805443}, "atc": {"id": "c05_replay_400_0125_sla0.5", "base_id": "c05_replay_400_0125", "campus": 5, "size": 400, "condition": "sla0.5", "sla_multiplier": 0.5, "crew_multiplier": 1.0, "method": "atc", "seed": 301, "feasible": 1, "wwt": 40.0, "makespan": 82.6078, "mean_flow": 5.434149, "breach_share": 0.0075, "breach_p1": null, "breach_p2": null, "breach_p3": 0.009202453987730062, "breach_p4": 0.0, "wall_seconds": 0.0010255631059408188}, "pfifo": {"id": "c05_replay_400_0125_sla0.5", "base_id": "c05_replay_400_0125", "campus": 5, "size": 400, "condition": "sla0.5", "sla_multiplier": 0.5, "crew_multiplier": 1.0, "method": "pfifo", "seed": 301, "feasible": 1, "wwt": 40.0, "makespan": 82.6078, "mean_flow": 5.846648749999999, "breach_share": 0.0075, "breach_p1": null, "breach_p2": null, "breach_p3": 0.009202453987730062, "breach_p4": 0.0, "wall_seconds": 0.0006706141866743565}, "mor": {"id": "c05_replay_400_0125_sla0.5", "base_id": "c05_replay_400_0125", "campus": 5, "size": 400, "condition": "sla0.5", "sla_multiplier": 0.5, "crew_multiplier": 1.0, "method": "mor", "seed": 301, "feasible": 1, "wwt": 40.0, "makespan": 82.6078, "mean_flow": 6.6417425, "breach_share": 0.0075, "breach_p1": null, "breach_p2": null, "breach_p3": 0.009202453987730062, "breach_p4": 0.0, "wall_seconds": 0.000671975314617157}, "random": {"id": "c05_replay_400_0125_sla0.5", "base_id": "c05_replay_400_0125", "campus": 5, "size": 400, "condition": "sla0.5", "sla_multiplier": 0.5, "crew_multiplier": 1.0, "method": "random", "seed": 301, "feasible": 1, "wwt": 40.0, "makespan": 82.6078, "mean_flow": 5.9414454999999995, "breach_share": 0.0075, "breach_p1": null, "breach_p2": null, "breach_p3": 0.009202453987730062, "breach_p4": 0.0, "wall_seconds": 0.0005451138131320477}, "v2rl301": {"id": "c05_replay_400_0125_sla0.5", "base_id": "c05_replay_400_0125", "campus": 5, "size": 400, "condition": "sla0.5", "sla_multiplier": 0.5, "crew_multiplier": 1.0, "method": "v2rl301", "seed": 301, "feasible": 1, "wwt": 40.0, "makespan": 82.6078, "mean_flow": 6.4243837500000005, "breach_share": 0.0075, "breach_p1": null, "breach_p2": null, "breach_p3": 0.009202453987730062, "breach_p4": 0.0, "wall_seconds": 0.043977570720016956}, "v2rl302": {"id": "c05_replay_400_0125_sla0.5", "base_id": "c05_replay_400_0125", "campus": 5, "size": 400, "condition": "sla0.5", "sla_multiplier": 0.5, "crew_multiplier": 1.0, "method": "v2rl302", "seed": 302, "feasible": 1, "wwt": 40.0, "makespan": 82.6078, "mean_flow": 6.4243837500000005, "breach_share": 0.0075, "breach_p1": null, "breach_p2": null, "breach_p3": 0.009202453987730062, "breach_p4": 0.0, "wall_seconds": 0.04282875498756766}, "v2rl303": {"id": "c05_replay_400_0125_sla0.5", "base_id": "c05_replay_400_0125", "campus": 5, "size": 400, "condition": "sla0.5", "sla_multiplier": 0.5, "crew_multiplier": 1.0, "method": "v2rl303", "seed": 303, "feasible": 1, "wwt": 40.0, "makespan": 82.6078, "mean_flow": 6.3878284999999995, "breach_share": 0.0075, "breach_p1": null, "breach_p2": null, "breach_p3": 0.009202453987730062, "breach_p4": 0.0, "wall_seconds": 0.04261726001277566}}, "methods_expected": ["edd", "wspt", "atc", "pfifo", "mor", "random", "v2rl301", "v2rl302", "v2rl303"], "infeasible": [], "wall_seconds_total": 0.13817858044058084}