{"shard_id": "c05_replay_400_0116", "id": "c05_replay_400_0116", "base_id": "c05_replay_400_0116", "campus": 5, "size": 400, "condition": "baseline", "rows": {"edd": {"id": "c05_replay_400_0116", "base_id": "c05_replay_400_0116", "campus": 5, "size": 400, "condition": "baseline", "sla_multiplier": 1.0, "crew_multiplier": 1.0, "method": "edd", "seed": 301, "feasible": 1, "wwt": 43.45920000000004, "makespan": 129.50900000000001, "mean_flow": 5.7508040000000005, "breach_share": 0.005, "breach_p1": null, "breach_p2": null, "breach_p3": 0.005763688760806916, "breach_p4": 0.0, "wall_seconds": 0.0006562252528965473}, "wspt": {"id": "c05_replay_400_0116", "base_id": "c05_replay_400_0116", "campus": 5, "size": 400, "condition": "baseline", "sla_multiplier": 1.0, "crew_multiplier": 1.0, "method": "wspt", "seed": 301, "feasible": 1, "wwt": 43.45920000000004, "makespan": 129.50900000000001, "mean_flow": 5.580893249999999, "breach_share": 0.005, "breach_p1": null, "breach_p2": null, "breach_p3": 0.005763688760806916, "breach_p4": 0.0, "wall_seconds": 0.0006531956605613232}, "atc": {"id": "c05_replay_400_0116", "base_id": "c05_replay_400_0116", "campus": 5, "size": 400, "condition": "baseline", "sla_multiplier": 1.0, "crew_multiplier": 1.0, "method": "atc", "seed": 301, "feasible": 1, "wwt": 43.45920000000004, "makespan": 129.50900000000001, "mean_flow": 5.5858925, "breach_share": 0.005, "breach_p1": null, "breach_p2": null, "breach_p3": 0.005763688760806916, "breach_p4": 0.0, "wall_seconds": 0.0009335000067949295}, "pfifo": {"id": "c05_replay_400_0116", "base_id": "c05_replay_400_0116", "campus": 5, "size": 400, "condition": "baseline", "sla_multiplier": 1.0, "crew_multiplier": 1.0, "method": "pfifo", "seed": 301, "feasible": 1, "wwt": 43.45920000000004, "makespan": 129.50900000000001, "mean_flow": 5.7508040000000005, "breach_share": 0.005, "breach_p1": null, "breach_p2": null, "breach_p3": 0.005763688760806916, "breach_p4": 0.0, "wall_seconds": 0.0006328881718218327}, "mor": {"id": "c05_replay_400_0116", "base_id": "c05_replay_400_0116", "campus": 5, "size": 400, "condition": "baseline", "sla_multiplier": 1.0, "crew_multiplier": 1.0, "method": "mor", "seed": 301, "feasible": 1, "wwt": 43.45920000000004, "makespan": 129.50900000000001, "mean_flow": 6.062064250000001, "breach_share": 0.005, "breach_p1": null, "breach_p2": null, "breach_p3": 0.005763688760806916, "breach_p4": 0.0, "wall_seconds": 0.0006270110607147217}, "random": {"id": "c05_replay_400_0116", "base_id": "c05_replay_400_0116", "campus": 5, "size": 400, "condition": "baseline", "sla_multiplier": 1.0, "crew_multiplier": 1.0, "method": "random", "seed": 301, "feasible": 1, "wwt": 43.45920000000004, "makespan": 129.50900000000001, "mean_flow": 5.733598499999999, "breach_share": 0.005, "breach_p1": null, "breach_p2": null, "breach_p3": 0.005763688760806916, "breach_p4": 0.0, "wall_seconds": 0.0005478686653077602}, "v2rl301": {"id": "c05_replay_400_0116", "base_id": "c05_replay_400_0116", "campus": 5, "size": 400, "condition": "baseline", "sla_multiplier": 1.0, "crew_multiplier": 1.0, "method": "v2rl301", "seed": 301, "feasible": 1, "wwt": 43.45920000000004, "makespan": 129.50900000000001, "mean_flow": 6.062064250000001, "breach_share": 0.005, "breach_p1": null, "breach_p2": null, "breach_p3": 0.005763688760806916, "breach_p4": 0.0, "wall_seconds": 0.041782507207244635}, "v2rl302": {"id": "c05_replay_400_0116", "base_id": "c05_replay_400_0116", "campus": 5, "size": 400, "condition": "baseline", "sla_multiplier": 1.0, "crew_multiplier": 1.0, "method": "v2rl302", "seed": 302, "feasible": 1, "wwt": 43.45920000000004, "makespan": 129.50900000000001, "mean_flow": 6.00331725, "breach_share": 0.005, "breach_p1": null, "breach_p2": null, "breach_p3": 0.005763688760806916, "breach_p4": 0.0, "wall_seconds": 0.04144668998196721}, "v2rl303": {"id": "c05_replay_400_0116", "base_id": "c05_replay_400_0116", "campus": 5, "size": 400, "condition": "baseline", "sla_multiplier": 1.0, "crew_multiplier": 1.0, "method": "v2rl303", "seed": 303, "feasible": 1, "wwt": 43.45920000000004, "makespan": 129.50900000000001, "mean_flow": 6.00331725, "breach_share": 0.005, "breach_p1": null, "breach_p2": null, "breach_p3": 0.005763688760806916, "breach_p4": 0.0, "wall_seconds": 0.042261132039129734}}, "methods_expected": ["edd", "wspt", "atc", "pfifo", "mor", "random", "v2rl301", "v2rl302", "v2rl303"], "infeasible": [], "wall_seconds_total": 0.13312813034281135}