{"shard_id": "c05_replay_150_0104_sla0.5", "id": "c05_replay_150_0104_sla0.5", "base_id": "c05_replay_150_0104", "campus": 5, "size": 150, "condition": "sla0.5", "rows": {"edd": {"id": "c05_replay_150_0104_sla0.5", "base_id": "c05_replay_150_0104", "campus": 5, "size": 150, "condition": "sla0.5", "sla_multiplier": 0.5, "crew_multiplier": 1.0, "method": "edd", "seed": 301, "feasible": 1, "wwt": 15.0, "makespan": 54.0972, "mean_flow": 4.135379333333334, "breach_share": 0.006666666666666667, "breach_p1": null, "breach_p2": null, "breach_p3": 0.006666666666666667, "breach_p4": null, "wall_seconds": 0.00028697866946458817}, "wspt": {"id": "c05_replay_150_0104_sla0.5", "base_id": "c05_replay_150_0104", "campus": 5, "size": 150, "condition": "sla0.5", "sla_multiplier": 0.5, "crew_multiplier": 1.0, "method": "wspt", "seed": 301, "feasible": 1, "wwt": 15.0, "makespan": 54.0972, "mean_flow": 4.135379333333334, "breach_share": 0.006666666666666667, "breach_p1": null, "breach_p2": null, "breach_p3": 0.006666666666666667, "breach_p4": null, "wall_seconds": 0.00027805520221590996}, "atc": {"id": "c05_replay_150_0104_sla0.5", "base_id": "c05_replay_150_0104", "campus": 5, "size": 150, "condition": "sla0.5", "sla_multiplier": 0.5, "crew_multiplier": 1.0, "method": "atc", "seed": 301, "feasible": 1, "wwt": 15.0, "makespan": 54.0972, "mean_flow": 4.135379333333334, "breach_share": 0.006666666666666667, "breach_p1": null, "breach_p2": null, "breach_p3": 0.006666666666666667, "breach_p4": null, "wall_seconds": 0.00034873001277446747}, "pfifo": {"id": "c05_replay_150_0104_sla0.5", "base_id": "c05_replay_150_0104", "campus": 5, "size": 150, "condition": "sla0.5", "sla_multiplier": 0.5, "crew_multiplier": 1.0, "method": "pfifo", "seed": 301, "feasible": 1, "wwt": 15.0, "makespan": 54.0972, "mean_flow": 4.135379333333334, "breach_share": 0.006666666666666667, "breach_p1": null, "breach_p2": null, "breach_p3": 0.006666666666666667, "breach_p4": null, "wall_seconds": 0.00025866320356726646}, "mor": {"id": "c05_replay_150_0104_sla0.5", "base_id": "c05_replay_150_0104", "campus": 5, "size": 150, "condition": "sla0.5", "sla_multiplier": 0.5, "crew_multiplier": 1.0, "method": "mor", "seed": 301, "feasible": 1, "wwt": 15.0, "makespan": 54.0972, "mean_flow": 4.141317999999999, "breach_share": 0.006666666666666667, "breach_p1": null, "breach_p2": null, "breach_p3": 0.006666666666666667, "breach_p4": null, "wall_seconds": 0.0002632196992635727}, "random": {"id": "c05_replay_150_0104_sla0.5", "base_id": "c05_replay_150_0104", "campus": 5, "size": 150, "condition": "sla0.5", "sla_multiplier": 0.5, "crew_multiplier": 1.0, "method": "random", "seed": 301, "feasible": 1, "wwt": 15.0, "makespan": 54.0972, "mean_flow": 4.135379333333334, "breach_share": 0.006666666666666667, "breach_p1": null, "breach_p2": null, "breach_p3": 0.006666666666666667, "breach_p4": null, "wall_seconds": 0.0002272459678351879}, "v2rl301": {"id": "c05_replay_150_0104_sla0.5", "base_id": "c05_replay_150_0104", "campus": 5, "size": 150, "condition": "sla0.5", "sla_multiplier": 0.5, "crew_multiplier": 1.0, "method": "v2rl301", "seed": 301, "feasible": 1, "wwt": 15.0, "makespan": 54.0972, "mean_flow": 4.141317999999999, "breach_share": 0.006666666666666667, "breach_p1": null, "breach_p2": null, "breach_p3": 0.006666666666666667, "breach_p4": null, "wall_seconds": 0.015086294151842594}, "v2rl302": {"id": "c05_replay_150_0104_sla0.5", "base_id": "c05_replay_150_0104", "campus": 5, "size": 150, "condition": "sla0.5", "sla_multiplier": 0.5, "crew_multiplier": 1.0, "method": "v2rl302", "seed": 302, "feasible": 1, "wwt": 15.0, "makespan": 54.0972, "mean_flow": 4.141317999999999, "breach_share": 0.006666666666666667, "breach_p1": null, "breach_p2": null, "breach_p3": 0.006666666666666667, "breach_p4": null, "wall_seconds": 0.01495337300002575}, "v2rl303": {"id": "c05_replay_150_0104_sla0.5", "base_id": "c05_replay_150_0104", "campus": 5, "size": 150, "condition": "sla0.5", "sla_multiplier": 0.5, "crew_multiplier": 1.0, "method": "v2rl303", "seed": 303, "feasible": 1, "wwt": 15.0, "makespan": 54.0972, "mean_flow": 4.141317999999999, "breach_share": 0.006666666666666667, "breach_p1": null, "breach_p2": null, "breach_p3": 0.006666666666666667, "breach_p4": null, "wall_seconds": 0.01495758630335331}}, "methods_expected": ["edd", "wspt", "atc", "pfifo", "mor", "random", "v2rl301", "v2rl302", "v2rl303"], "infeasible": [], "wall_seconds_total": 0.04888713173568249}