{"shard_id": "c05_replay_400_0123", "id": "c05_replay_400_0123", "base_id": "c05_replay_400_0123", "campus": 5, "size": 400, "condition": "baseline", "rows": {"edd": {"id": "c05_replay_400_0123", "base_id": "c05_replay_400_0123", "campus": 5, "size": 400, "condition": "baseline", "sla_multiplier": 1.0, "crew_multiplier": 1.0, "method": "edd", "seed": 301, "feasible": 1, "wwt": 43.45920000000001, "makespan": 139.392, "mean_flow": 3.66744025, "breach_share": 0.005, "breach_p1": null, "breach_p2": null, "breach_p3": 0.005037783375314861, "breach_p4": 0.0, "wall_seconds": 0.000618406105786562}, "wspt": {"id": "c05_replay_400_0123", "base_id": "c05_replay_400_0123", "campus": 5, "size": 400, "condition": "baseline", "sla_multiplier": 1.0, "crew_multiplier": 1.0, "method": "wspt", "seed": 301, "feasible": 1, "wwt": 43.45920000000001, "makespan": 139.392, "mean_flow": 3.6649402499999995, "breach_share": 0.005, "breach_p1": null, "breach_p2": null, "breach_p3": 0.005037783375314861, "breach_p4": 0.0, "wall_seconds": 0.0005926019512116909}, "atc": {"id": "c05_replay_400_0123", "base_id": "c05_replay_400_0123", "campus": 5, "size": 400, "condition": "baseline", "sla_multiplier": 1.0, "crew_multiplier": 1.0, "method": "atc", "seed": 301, "feasible": 1, "wwt": 43.45920000000001, "makespan": 139.392, "mean_flow": 3.6649402499999995, "breach_share": 0.005, "breach_p1": null, "breach_p2": null, "breach_p3": 0.005037783375314861, "breach_p4": 0.0, "wall_seconds": 0.0007627350278198719}, "pfifo": {"id": "c05_replay_400_0123", "base_id": "c05_replay_400_0123", "campus": 5, "size": 400, "condition": "baseline", "sla_multiplier": 1.0, "crew_multiplier": 1.0, "method": "pfifo", "seed": 301, "feasible": 1, "wwt": 43.45920000000001, "makespan": 139.392, "mean_flow": 3.66744025, "breach_share": 0.005, "breach_p1": null, "breach_p2": null, "breach_p3": 0.005037783375314861, "breach_p4": 0.0, "wall_seconds": 0.0005765161477029324}, "mor": {"id": "c05_replay_400_0123", "base_id": "c05_replay_400_0123", "campus": 5, "size": 400, "condition": "baseline", "sla_multiplier": 1.0, "crew_multiplier": 1.0, "method": "mor", "seed": 301, "feasible": 1, "wwt": 43.45920000000001, "makespan": 139.392, "mean_flow": 3.6812027499999997, "breach_share": 0.005, "breach_p1": null, "breach_p2": null, "breach_p3": 0.005037783375314861, "breach_p4": 0.0, "wall_seconds": 0.0005760621279478073}, "random": {"id": "c05_replay_400_0123", "base_id": "c05_replay_400_0123", "campus": 5, "size": 400, "condition": "baseline", "sla_multiplier": 1.0, "crew_multiplier": 1.0, "method": "random", "seed": 301, "feasible": 1, "wwt": 43.45920000000001, "makespan": 139.392, "mean_flow": 3.6711902499999995, "breach_share": 0.005, "breach_p1": null, "breach_p2": null, "breach_p3": 0.005037783375314861, "breach_p4": 0.0, "wall_seconds": 0.000555173959583044}, "v2rl301": {"id": "c05_replay_400_0123", "base_id": "c05_replay_400_0123", "campus": 5, "size": 400, "condition": "baseline", "sla_multiplier": 1.0, "crew_multiplier": 1.0, "method": "v2rl301", "seed": 301, "feasible": 1, "wwt": 43.45920000000001, "makespan": 139.392, "mean_flow": 3.6812027499999997, "breach_share": 0.005, "breach_p1": null, "breach_p2": null, "breach_p3": 0.005037783375314861, "breach_p4": 0.0, "wall_seconds": 0.04118542093783617}, "v2rl302": {"id": "c05_replay_400_0123", "base_id": "c05_replay_400_0123", "campus": 5, "size": 400, "condition": "baseline", "sla_multiplier": 1.0, "crew_multiplier": 1.0, "method": "v2rl302", "seed": 302, "feasible": 1, "wwt": 43.45920000000001, "makespan": 139.392, "mean_flow": 3.6812027499999997, "breach_share": 0.005, "breach_p1": null, "breach_p2": null, "breach_p3": 0.005037783375314861, "breach_p4": 0.0, "wall_seconds": 0.040350689087063074}, "v2rl303": {"id": "c05_replay_400_0123", "base_id": "c05_replay_400_0123", "campus": 5, "size": 400, "condition": "baseline", "sla_multiplier": 1.0, "crew_multiplier": 1.0, "method": "v2rl303", "seed": 303, "feasible": 1, "wwt": 43.45920000000001, "makespan": 139.392, "mean_flow": 3.6812027499999997, "breach_share": 0.005, "breach_p1": null, "breach_p2": null, "breach_p3": 0.005037783375314861, "breach_p4": 0.0, "wall_seconds": 0.04045170918107033}}, "methods_expected": ["edd", "wspt", "atc", "pfifo", "mor", "random", "v2rl301", "v2rl302", "v2rl303"], "infeasible": [], "wall_seconds_total": 0.12928408291190863}