{"shard_id": "c05_replay_400_0111_sla0.5", "id": "c05_replay_400_0111_sla0.5", "base_id": "c05_replay_400_0111", "campus": 5, "size": 400, "condition": "sla0.5", "rows": {"edd": {"id": "c05_replay_400_0111_sla0.5", "base_id": "c05_replay_400_0111", "campus": 5, "size": 400, "condition": "sla0.5", "sla_multiplier": 0.5, "crew_multiplier": 1.0, "method": "edd", "seed": 301, "feasible": 1, "wwt": 120.0, "makespan": 121.91919999999999, "mean_flow": 4.0035615, "breach_share": 0.0075, "breach_p1": null, "breach_p2": null, "breach_p3": 0.007792207792207792, "breach_p4": 0.0, "wall_seconds": 0.0006242850795388222}, "wspt": {"id": "c05_replay_400_0111_sla0.5", "base_id": "c05_replay_400_0111", "campus": 5, "size": 400, "condition": "sla0.5", "sla_multiplier": 0.5, "crew_multiplier": 1.0, "method": "wspt", "seed": 301, "feasible": 1, "wwt": 120.0, "makespan": 121.91919999999999, "mean_flow": 3.938871, "breach_share": 0.0075, "breach_p1": null, "breach_p2": null, "breach_p3": 0.007792207792207792, "breach_p4": 0.0, "wall_seconds": 0.0006069811061024666}, "atc": {"id": "c05_replay_400_0111_sla0.5", "base_id": "c05_replay_400_0111", "campus": 5, "size": 400, "condition": "sla0.5", "sla_multiplier": 0.5, "crew_multiplier": 1.0, "method": "atc", "seed": 301, "feasible": 1, "wwt": 120.0, "makespan": 121.91919999999999, "mean_flow": 3.938871, "breach_share": 0.0075, "breach_p1": null, "breach_p2": null, "breach_p3": 0.007792207792207792, "breach_p4": 0.0, "wall_seconds": 0.0007777493447065353}, "pfifo": {"id": "c05_replay_400_0111_sla0.5", "base_id": "c05_replay_400_0111", "campus": 5, "size": 400, "condition": "sla0.5", "sla_multiplier": 0.5, "crew_multiplier": 1.0, "method": "pfifo", "seed": 301, "feasible": 1, "wwt": 120.0, "makespan": 121.91919999999999, "mean_flow": 4.0035615, "breach_share": 0.0075, "breach_p1": null, "breach_p2": null, "breach_p3": 0.007792207792207792, "breach_p4": 0.0, "wall_seconds": 0.0005928310565650463}, "mor": {"id": "c05_replay_400_0111_sla0.5", "base_id": "c05_replay_400_0111", "campus": 5, "size": 400, "condition": "sla0.5", "sla_multiplier": 0.5, "crew_multiplier": 1.0, "method": "mor", "seed": 301, "feasible": 1, "wwt": 120.0, "makespan": 121.91919999999999, "mean_flow": 4.115311500000001, "breach_share": 0.0075, "breach_p1": null, "breach_p2": null, "breach_p3": 0.007792207792207792, "breach_p4": 0.0, "wall_seconds": 0.0006091762334108353}, "random": {"id": "c05_replay_400_0111_sla0.5", "base_id": "c05_replay_400_0111", "campus": 5, "size": 400, "condition": "sla0.5", "sla_multiplier": 0.5, "crew_multiplier": 1.0, "method": "random", "seed": 301, "feasible": 1, "wwt": 120.0, "makespan": 121.91919999999999, "mean_flow": 3.9691025, "breach_share": 0.0075, "breach_p1": null, "breach_p2": null, "breach_p3": 0.007792207792207792, "breach_p4": 0.0, "wall_seconds": 0.000573331955820322}, "v2rl301": {"id": "c05_replay_400_0111_sla0.5", "base_id": "c05_replay_400_0111", "campus": 5, "size": 400, "condition": "sla0.5", "sla_multiplier": 0.5, "crew_multiplier": 1.0, "method": "v2rl301", "seed": 301, "feasible": 1, "wwt": 120.0, "makespan": 121.91919999999999, "mean_flow": 4.066561500000001, "breach_share": 0.0075, "breach_p1": null, "breach_p2": null, "breach_p3": 0.007792207792207792, "breach_p4": 0.0, "wall_seconds": 0.04173372080549598}, "v2rl302": {"id": "c05_replay_400_0111_sla0.5", "base_id": "c05_replay_400_0111", "campus": 5, "size": 400, "condition": "sla0.5", "sla_multiplier": 0.5, "crew_multiplier": 1.0, "method": "v2rl302", "seed": 302, "feasible": 1, "wwt": 120.0, "makespan": 121.91919999999999, "mean_flow": 4.106561500000001, "breach_share": 0.0075, "breach_p1": null, "breach_p2": null, "breach_p3": 0.007792207792207792, "breach_p4": 0.0, "wall_seconds": 0.04089350299909711}, "v2rl303": {"id": "c05_replay_400_0111_sla0.5", "base_id": "c05_replay_400_0111", "campus": 5, "size": 400, "condition": "sla0.5", "sla_multiplier": 0.5, "crew_multiplier": 1.0, "method": "v2rl303", "seed": 303, "feasible": 1, "wwt": 120.0, "makespan": 121.91919999999999, "mean_flow": 4.084061500000001, "breach_share": 0.0075, "breach_p1": null, "breach_p2": null, "breach_p3": 0.007792207792207792, "breach_p4": 0.0, "wall_seconds": 0.04064262378960848}}, "methods_expected": ["edd", "wspt", "atc", "pfifo", "mor", "random", "v2rl301", "v2rl302", "v2rl303"], "infeasible": [], "wall_seconds_total": 0.13156049931421876}