{"shard_id": "c05_replay_400_0110_m0.75", "id": "c05_replay_400_0110_m0.75", "base_id": "c05_replay_400_0110", "campus": 5, "size": 400, "condition": "crew0.75", "rows": {"edd": {"id": "c05_replay_400_0110_m0.75", "base_id": "c05_replay_400_0110", "campus": 5, "size": 400, "condition": "crew0.75", "sla_multiplier": 1.0, "crew_multiplier": 0.75, "method": "edd", "seed": 301, "feasible": 1, "wwt": 21.729600000000005, "makespan": 113.7456, "mean_flow": 3.9400925, "breach_share": 0.0025, "breach_p1": null, "breach_p2": null, "breach_p3": 0.002506265664160401, "breach_p4": 0.0, "wall_seconds": 0.0005885157734155655}, "wspt": {"id": "c05_replay_400_0110_m0.75", "base_id": "c05_replay_400_0110", "campus": 5, "size": 400, "condition": "crew0.75", "sla_multiplier": 1.0, "crew_multiplier": 0.75, "method": "wspt", "seed": 301, "feasible": 1, "wwt": 21.729600000000005, "makespan": 113.7456, "mean_flow": 3.8774689999999996, "breach_share": 0.0025, "breach_p1": null, "breach_p2": null, "breach_p3": 0.002506265664160401, "breach_p4": 0.0, "wall_seconds": 0.000609933864325285}, "atc": {"id": "c05_replay_400_0110_m0.75", "base_id": "c05_replay_400_0110", "campus": 5, "size": 400, "condition": "crew0.75", "sla_multiplier": 1.0, "crew_multiplier": 0.75, "method": "atc", "seed": 301, "feasible": 1, "wwt": 21.729600000000005, "makespan": 113.7456, "mean_flow": 3.8774689999999996, "breach_share": 0.0025, "breach_p1": null, "breach_p2": null, "breach_p3": 0.002506265664160401, "breach_p4": 0.0, "wall_seconds": 0.000742821954190731}, "pfifo": {"id": "c05_replay_400_0110_m0.75", "base_id": "c05_replay_400_0110", "campus": 5, "size": 400, "condition": "crew0.75", "sla_multiplier": 1.0, "crew_multiplier": 0.75, "method": "pfifo", "seed": 301, "feasible": 1, "wwt": 21.729600000000005, "makespan": 113.7456, "mean_flow": 3.9400925, "breach_share": 0.0025, "breach_p1": null, "breach_p2": null, "breach_p3": 0.002506265664160401, "breach_p4": 0.0, "wall_seconds": 0.0005744691006839275}, "mor": {"id": "c05_replay_400_0110_m0.75", "base_id": "c05_replay_400_0110", "campus": 5, "size": 400, "condition": "crew0.75", "sla_multiplier": 1.0, "crew_multiplier": 0.75, "method": "mor", "seed": 301, "feasible": 1, "wwt": 21.729600000000005, "makespan": 113.7456, "mean_flow": 3.99773025, "breach_share": 0.0025, "breach_p1": null, "breach_p2": null, "breach_p3": 0.002506265664160401, "breach_p4": 0.0, "wall_seconds": 0.0005803359672427177}, "random": {"id": "c05_replay_400_0110_m0.75", "base_id": "c05_replay_400_0110", "campus": 5, "size": 400, "condition": "crew0.75", "sla_multiplier": 1.0, "crew_multiplier": 0.75, "method": "random", "seed": 301, "feasible": 1, "wwt": 21.729600000000005, "makespan": 113.7456, "mean_flow": 3.9258995, "breach_share": 0.0025, "breach_p1": null, "breach_p2": null, "breach_p3": 0.002506265664160401, "breach_p4": 0.0, "wall_seconds": 0.0005467291921377182}, "v2rl301": {"id": "c05_replay_400_0110_m0.75", "base_id": "c05_replay_400_0110", "campus": 5, "size": 400, "condition": "crew0.75", "sla_multiplier": 1.0, "crew_multiplier": 0.75, "method": "v2rl301", "seed": 301, "feasible": 1, "wwt": 21.729600000000005, "makespan": 113.7456, "mean_flow": 4.01134625, "breach_share": 0.0025, "breach_p1": null, "breach_p2": null, "breach_p3": 0.002506265664160401, "breach_p4": 0.0, "wall_seconds": 0.04158361116424203}, "v2rl302": {"id": "c05_replay_400_0110_m0.75", "base_id": "c05_replay_400_0110", "campus": 5, "size": 400, "condition": "crew0.75", "sla_multiplier": 1.0, "crew_multiplier": 0.75, "method": "v2rl302", "seed": 302, "feasible": 1, "wwt": 21.729600000000005, "makespan": 113.7456, "mean_flow": 3.9971525000000003, "breach_share": 0.0025, "breach_p1": null, "breach_p2": null, "breach_p3": 0.002506265664160401, "breach_p4": 0.0, "wall_seconds": 0.041677688248455524}, "v2rl303": {"id": "c05_replay_400_0110_m0.75", "base_id": "c05_replay_400_0110", "campus": 5, "size": 400, "condition": "crew0.75", "sla_multiplier": 1.0, "crew_multiplier": 0.75, "method": "v2rl303", "seed": 303, "feasible": 1, "wwt": 21.729600000000005, "makespan": 113.7456, "mean_flow": 3.99461, "breach_share": 0.0025, "breach_p1": null, "breach_p2": null, "breach_p3": 0.002506265664160401, "breach_p4": 0.0, "wall_seconds": 0.04136523185297847}}, "methods_expected": ["edd", "wspt", "atc", "pfifo", "mor", "random", "v2rl301", "v2rl302", "v2rl303"], "infeasible": [], "wall_seconds_total": 0.13260919693857431}