{"shard_id": "c05_replay_150_0106_m0.75", "id": "c05_replay_150_0106_m0.75", "base_id": "c05_replay_150_0106", "campus": 5, "size": 150, "condition": "crew0.75", "rows": {"edd": {"id": "c05_replay_150_0106_m0.75", "base_id": "c05_replay_150_0106", "campus": 5, "size": 150, "condition": "crew0.75", "sla_multiplier": 1.0, "crew_multiplier": 0.75, "method": "edd", "seed": 301, "feasible": 1, "wwt": 1.0, "makespan": 86.28, "mean_flow": 3.7005353333333333, "breach_share": 0.006666666666666667, "breach_p1": null, "breach_p2": null, "breach_p3": 0.006666666666666667, "breach_p4": null, "wall_seconds": 0.00024138716980814934}, "wspt": {"id": "c05_replay_150_0106_m0.75", "base_id": "c05_replay_150_0106", "campus": 5, "size": 150, "condition": "crew0.75", "sla_multiplier": 1.0, "crew_multiplier": 0.75, "method": "wspt", "seed": 301, "feasible": 1, "wwt": 1.0, "makespan": 86.28, "mean_flow": 3.7005353333333333, "breach_share": 0.006666666666666667, "breach_p1": null, "breach_p2": null, "breach_p3": 0.006666666666666667, "breach_p4": null, "wall_seconds": 0.0002686460502445698}, "atc": {"id": "c05_replay_150_0106_m0.75", "base_id": "c05_replay_150_0106", "campus": 5, "size": 150, "condition": "crew0.75", "sla_multiplier": 1.0, "crew_multiplier": 0.75, "method": "atc", "seed": 301, "feasible": 1, "wwt": 1.0, "makespan": 86.28, "mean_flow": 3.7005353333333333, "breach_share": 0.006666666666666667, "breach_p1": null, "breach_p2": null, "breach_p3": 0.006666666666666667, "breach_p4": null, "wall_seconds": 0.0002930937334895134}, "pfifo": {"id": "c05_replay_150_0106_m0.75", "base_id": "c05_replay_150_0106", "campus": 5, "size": 150, "condition": "crew0.75", "sla_multiplier": 1.0, "crew_multiplier": 0.75, "method": "pfifo", "seed": 301, "feasible": 1, "wwt": 1.0, "makespan": 86.28, "mean_flow": 3.7005353333333333, "breach_share": 0.006666666666666667, "breach_p1": null, "breach_p2": null, "breach_p3": 0.006666666666666667, "breach_p4": null, "wall_seconds": 0.00023492099717259407}, "mor": {"id": "c05_replay_150_0106_m0.75", "base_id": "c05_replay_150_0106", "campus": 5, "size": 150, "condition": "crew0.75", "sla_multiplier": 1.0, "crew_multiplier": 0.75, "method": "mor", "seed": 301, "feasible": 1, "wwt": 1.0, "makespan": 86.28, "mean_flow": 3.7072019999999997, "breach_share": 0.006666666666666667, "breach_p1": null, "breach_p2": null, "breach_p3": 0.006666666666666667, "breach_p4": null, "wall_seconds": 0.00022600265219807625}, "random": {"id": "c05_replay_150_0106_m0.75", "base_id": "c05_replay_150_0106", "campus": 5, "size": 150, "condition": "crew0.75", "sla_multiplier": 1.0, "crew_multiplier": 0.75, "method": "random", "seed": 301, "feasible": 1, "wwt": 1.0, "makespan": 86.28, "mean_flow": 3.7005353333333337, "breach_share": 0.006666666666666667, "breach_p1": null, "breach_p2": null, "breach_p3": 0.006666666666666667, "breach_p4": null, "wall_seconds": 0.00021194899454712868}, "v2rl301": {"id": "c05_replay_150_0106_m0.75", "base_id": "c05_replay_150_0106", "campus": 5, "size": 150, "condition": "crew0.75", "sla_multiplier": 1.0, "crew_multiplier": 0.75, "method": "v2rl301", "seed": 301, "feasible": 1, "wwt": 1.0, "makespan": 86.28, "mean_flow": 3.7072019999999997, "breach_share": 0.006666666666666667, "breach_p1": null, "breach_p2": null, "breach_p3": 0.006666666666666667, "breach_p4": null, "wall_seconds": 0.015017774887382984}, "v2rl302": {"id": "c05_replay_150_0106_m0.75", "base_id": "c05_replay_150_0106", "campus": 5, "size": 150, "condition": "crew0.75", "sla_multiplier": 1.0, "crew_multiplier": 0.75, "method": "v2rl302", "seed": 302, "feasible": 1, "wwt": 1.0, "makespan": 86.28, "mean_flow": 3.7072019999999997, "breach_share": 0.006666666666666667, "breach_p1": null, "breach_p2": null, "breach_p3": 0.006666666666666667, "breach_p4": null, "wall_seconds": 0.014816191047430038}, "v2rl303": {"id": "c05_replay_150_0106_m0.75", "base_id": "c05_replay_150_0106", "campus": 5, "size": 150, "condition": "crew0.75", "sla_multiplier": 1.0, "crew_multiplier": 0.75, "method": "v2rl303", "seed": 303, "feasible": 1, "wwt": 1.0, "makespan": 86.28, "mean_flow": 3.7072019999999997, "breach_share": 0.006666666666666667, "breach_p1": null, "breach_p2": null, "breach_p3": 0.006666666666666667, "breach_p4": null, "wall_seconds": 0.014875269029289484}}, "methods_expected": ["edd", "wspt", "atc", "pfifo", "mor", "random", "v2rl301", "v2rl302", "v2rl303"], "infeasible": [], "wall_seconds_total": 0.04819744173437357}