{"shard_id": "c05_replay_400_0123_m1.25", "id": "c05_replay_400_0123_m1.25", "base_id": "c05_replay_400_0123", "campus": 5, "size": 400, "condition": "crew1.25", "rows": {"edd": {"id": "c05_replay_400_0123_m1.25", "base_id": "c05_replay_400_0123", "campus": 5, "size": 400, "condition": "crew1.25", "sla_multiplier": 1.0, "crew_multiplier": 1.25, "method": "edd", "seed": 301, "feasible": 1, "wwt": 43.45920000000001, "makespan": 139.392, "mean_flow": 3.64443225, "breach_share": 0.005, "breach_p1": null, "breach_p2": null, "breach_p3": 0.005037783375314861, "breach_p4": 0.0, "wall_seconds": 0.0006236848421394825}, "wspt": {"id": "c05_replay_400_0123_m1.25", "base_id": "c05_replay_400_0123", "campus": 5, "size": 400, "condition": "crew1.25", "sla_multiplier": 1.0, "crew_multiplier": 1.25, "method": "wspt", "seed": 301, "feasible": 1, "wwt": 43.45920000000001, "makespan": 139.392, "mean_flow": 3.64443225, "breach_share": 0.005, "breach_p1": null, "breach_p2": null, "breach_p3": 0.005037783375314861, "breach_p4": 0.0, "wall_seconds": 0.0006181779317557812}, "atc": {"id": "c05_replay_400_0123_m1.25", "base_id": "c05_replay_400_0123", "campus": 5, "size": 400, "condition": "crew1.25", "sla_multiplier": 1.0, "crew_multiplier": 1.25, "method": "atc", "seed": 301, "feasible": 1, "wwt": 43.45920000000001, "makespan": 139.392, "mean_flow": 3.64443225, "breach_share": 0.005, "breach_p1": null, "breach_p2": null, "breach_p3": 0.005037783375314861, "breach_p4": 0.0, "wall_seconds": 0.0007815128192305565}, "pfifo": {"id": "c05_replay_400_0123_m1.25", "base_id": "c05_replay_400_0123", "campus": 5, "size": 400, "condition": "crew1.25", "sla_multiplier": 1.0, "crew_multiplier": 1.25, "method": "pfifo", "seed": 301, "feasible": 1, "wwt": 43.45920000000001, "makespan": 139.392, "mean_flow": 3.64443225, "breach_share": 0.005, "breach_p1": null, "breach_p2": null, "breach_p3": 0.005037783375314861, "breach_p4": 0.0, "wall_seconds": 0.0007037371397018433}, "mor": {"id": "c05_replay_400_0123_m1.25", "base_id": "c05_replay_400_0123", "campus": 5, "size": 400, "condition": "crew1.25", "sla_multiplier": 1.0, "crew_multiplier": 1.25, "method": "mor", "seed": 301, "feasible": 1, "wwt": 43.45920000000001, "makespan": 139.392, "mean_flow": 3.64443225, "breach_share": 0.005, "breach_p1": null, "breach_p2": null, "breach_p3": 0.005037783375314861, "breach_p4": 0.0, "wall_seconds": 0.000673260074108839}, "random": {"id": "c05_replay_400_0123_m1.25", "base_id": "c05_replay_400_0123", "campus": 5, "size": 400, "condition": "crew1.25", "sla_multiplier": 1.0, "crew_multiplier": 1.25, "method": "random", "seed": 301, "feasible": 1, "wwt": 43.45920000000001, "makespan": 139.392, "mean_flow": 3.64443225, "breach_share": 0.005, "breach_p1": null, "breach_p2": null, "breach_p3": 0.005037783375314861, "breach_p4": 0.0, "wall_seconds": 0.0006334451027214527}, "v2rl301": {"id": "c05_replay_400_0123_m1.25", "base_id": "c05_replay_400_0123", "campus": 5, "size": 400, "condition": "crew1.25", "sla_multiplier": 1.0, "crew_multiplier": 1.25, "method": "v2rl301", "seed": 301, "feasible": 1, "wwt": 43.45920000000001, "makespan": 139.392, "mean_flow": 3.64443225, "breach_share": 0.005, "breach_p1": null, "breach_p2": null, "breach_p3": 0.005037783375314861, "breach_p4": 0.0, "wall_seconds": 0.04188969824463129}, "v2rl302": {"id": "c05_replay_400_0123_m1.25", "base_id": "c05_replay_400_0123", "campus": 5, "size": 400, "condition": "crew1.25", "sla_multiplier": 1.0, "crew_multiplier": 1.25, "method": "v2rl302", "seed": 302, "feasible": 1, "wwt": 43.45920000000001, "makespan": 139.392, "mean_flow": 3.64443225, "breach_share": 0.005, "breach_p1": null, "breach_p2": null, "breach_p3": 0.005037783375314861, "breach_p4": 0.0, "wall_seconds": 0.04013364017009735}, "v2rl303": {"id": "c05_replay_400_0123_m1.25", "base_id": "c05_replay_400_0123", "campus": 5, "size": 400, "condition": "crew1.25", "sla_multiplier": 1.0, "crew_multiplier": 1.25, "method": "v2rl303", "seed": 303, "feasible": 1, "wwt": 43.45920000000001, "makespan": 139.392, "mean_flow": 3.64443225, "breach_share": 0.005, "breach_p1": null, "breach_p2": null, "breach_p3": 0.005037783375314861, "breach_p4": 0.0, "wall_seconds": 0.040315918158739805}}, "methods_expected": ["edd", "wspt", "atc", "pfifo", "mor", "random", "v2rl301", "v2rl302", "v2rl303"], "infeasible": [], "wall_seconds_total": 0.13100240007042885}