{"shard_id": "c05_replay_400_0115_m1.25", "id": "c05_replay_400_0115_m1.25", "base_id": "c05_replay_400_0115", "campus": 5, "size": 400, "condition": "crew1.25", "rows": {"edd": {"id": "c05_replay_400_0115_m1.25", "base_id": "c05_replay_400_0115", "campus": 5, "size": 400, "condition": "crew1.25", "sla_multiplier": 1.0, "crew_multiplier": 1.25, "method": "edd", "seed": 301, "feasible": 1, "wwt": 15.400000000000006, "makespan": 103.7, "mean_flow": 3.570692, "breach_share": 0.0025, "breach_p1": null, "breach_p2": null, "breach_p3": 0.0025188916876574307, "breach_p4": 0.0, "wall_seconds": 0.0006356886588037014}, "wspt": {"id": "c05_replay_400_0115_m1.25", "base_id": "c05_replay_400_0115", "campus": 5, "size": 400, "condition": "crew1.25", "sla_multiplier": 1.0, "crew_multiplier": 1.25, "method": "wspt", "seed": 301, "feasible": 1, "wwt": 15.400000000000006, "makespan": 103.7, "mean_flow": 3.565009, "breach_share": 0.0025, "breach_p1": null, "breach_p2": null, "breach_p3": 0.0025188916876574307, "breach_p4": 0.0, "wall_seconds": 0.0006336639635264874}, "atc": {"id": "c05_replay_400_0115_m1.25", "base_id": "c05_replay_400_0115", "campus": 5, "size": 400, "condition": "crew1.25", "sla_multiplier": 1.0, "crew_multiplier": 1.25, "method": "atc", "seed": 301, "feasible": 1, "wwt": 15.400000000000006, "makespan": 103.7, "mean_flow": 3.565009, "breach_share": 0.0025, "breach_p1": null, "breach_p2": null, "breach_p3": 0.0025188916876574307, "breach_p4": 0.0, "wall_seconds": 0.0008443458937108517}, "pfifo": {"id": "c05_replay_400_0115_m1.25", "base_id": "c05_replay_400_0115", "campus": 5, "size": 400, "condition": "crew1.25", "sla_multiplier": 1.0, "crew_multiplier": 1.25, "method": "pfifo", "seed": 301, "feasible": 1, "wwt": 15.400000000000006, "makespan": 103.7, "mean_flow": 3.570692, "breach_share": 0.0025, "breach_p1": null, "breach_p2": null, "breach_p3": 0.0025188916876574307, "breach_p4": 0.0, "wall_seconds": 0.0006132223643362522}, "mor": {"id": "c05_replay_400_0115_m1.25", "base_id": "c05_replay_400_0115", "campus": 5, "size": 400, "condition": "crew1.25", "sla_multiplier": 1.0, "crew_multiplier": 1.25, "method": "mor", "seed": 301, "feasible": 1, "wwt": 15.400000000000006, "makespan": 103.7, "mean_flow": 3.573192, "breach_share": 0.0025, "breach_p1": null, "breach_p2": null, "breach_p3": 0.0025188916876574307, "breach_p4": 0.0, "wall_seconds": 0.000611795112490654}, "random": {"id": "c05_replay_400_0115_m1.25", "base_id": "c05_replay_400_0115", "campus": 5, "size": 400, "condition": "crew1.25", "sla_multiplier": 1.0, "crew_multiplier": 1.25, "method": "random", "seed": 301, "feasible": 1, "wwt": 15.400000000000006, "makespan": 103.7, "mean_flow": 3.5656920000000003, "breach_share": 0.0025, "breach_p1": null, "breach_p2": null, "breach_p3": 0.0025188916876574307, "breach_p4": 0.0, "wall_seconds": 0.0005824007093906403}, "v2rl301": {"id": "c05_replay_400_0115_m1.25", "base_id": "c05_replay_400_0115", "campus": 5, "size": 400, "condition": "crew1.25", "sla_multiplier": 1.0, "crew_multiplier": 1.25, "method": "v2rl301", "seed": 301, "feasible": 1, "wwt": 15.400000000000006, "makespan": 103.7, "mean_flow": 3.573192, "breach_share": 0.0025, "breach_p1": null, "breach_p2": null, "breach_p3": 0.0025188916876574307, "breach_p4": 0.0, "wall_seconds": 0.0411754478700459}, "v2rl302": {"id": "c05_replay_400_0115_m1.25", "base_id": "c05_replay_400_0115", "campus": 5, "size": 400, "condition": "crew1.25", "sla_multiplier": 1.0, "crew_multiplier": 1.25, "method": "v2rl302", "seed": 302, "feasible": 1, "wwt": 15.400000000000006, "makespan": 103.7, "mean_flow": 3.573192, "breach_share": 0.0025, "breach_p1": null, "breach_p2": null, "breach_p3": 0.0025188916876574307, "breach_p4": 0.0, "wall_seconds": 0.04064571904018521}, "v2rl303": {"id": "c05_replay_400_0115_m1.25", "base_id": "c05_replay_400_0115", "campus": 5, "size": 400, "condition": "crew1.25", "sla_multiplier": 1.0, "crew_multiplier": 1.25, "method": "v2rl303", "seed": 303, "feasible": 1, "wwt": 15.400000000000006, "makespan": 103.7, "mean_flow": 3.573192, "breach_share": 0.0025, "breach_p1": null, "breach_p2": null, "breach_p3": 0.0025188916876574307, "breach_p4": 0.0, "wall_seconds": 0.04089199285954237}}, "methods_expected": ["edd", "wspt", "atc", "pfifo", "mor", "random", "v2rl301", "v2rl302", "v2rl303"], "infeasible": [], "wall_seconds_total": 0.1312485900707543}