{"shard_id": "c05_replay_400_0107", "id": "c05_replay_400_0107", "base_id": "c05_replay_400_0107", "campus": 5, "size": 400, "condition": "baseline", "rows": {"edd": {"id": "c05_replay_400_0107", "base_id": "c05_replay_400_0107", "campus": 5, "size": 400, "condition": "baseline", "sla_multiplier": 1.0, "crew_multiplier": 1.0, "method": "edd", "seed": 301, "feasible": 1, "wwt": 4.0, "makespan": 101.1328, "mean_flow": 5.960621000000001, "breach_share": 0.0025, "breach_p1": null, "breach_p2": null, "breach_p3": 0.002898550724637681, "breach_p4": 0.0, "wall_seconds": 0.0006665000692009926}, "wspt": {"id": "c05_replay_400_0107", "base_id": "c05_replay_400_0107", "campus": 5, "size": 400, "condition": "baseline", "sla_multiplier": 1.0, "crew_multiplier": 1.0, "method": "wspt", "seed": 301, "feasible": 1, "wwt": 4.0, "makespan": 101.1328, "mean_flow": 5.706129249999999, "breach_share": 0.0025, "breach_p1": null, "breach_p2": null, "breach_p3": 0.002898550724637681, "breach_p4": 0.0, "wall_seconds": 0.0006616930477321148}, "atc": {"id": "c05_replay_400_0107", "base_id": "c05_replay_400_0107", "campus": 5, "size": 400, "condition": "baseline", "sla_multiplier": 1.0, "crew_multiplier": 1.0, "method": "atc", "seed": 301, "feasible": 1, "wwt": 4.0, "makespan": 101.1328, "mean_flow": 5.70863, "breach_share": 0.0025, "breach_p1": null, "breach_p2": null, "breach_p3": 0.002898550724637681, "breach_p4": 0.0, "wall_seconds": 0.0009244200773537159}, "pfifo": {"id": "c05_replay_400_0107", "base_id": "c05_replay_400_0107", "campus": 5, "size": 400, "condition": "baseline", "sla_multiplier": 1.0, "crew_multiplier": 1.0, "method": "pfifo", "seed": 301, "feasible": 1, "wwt": 4.0, "makespan": 101.1328, "mean_flow": 5.960621000000001, "breach_share": 0.0025, "breach_p1": null, "breach_p2": null, "breach_p3": 0.002898550724637681, "breach_p4": 0.0, "wall_seconds": 0.0006373031064867973}, "mor": {"id": "c05_replay_400_0107", "base_id": "c05_replay_400_0107", "campus": 5, "size": 400, "condition": "baseline", "sla_multiplier": 1.0, "crew_multiplier": 1.0, "method": "mor", "seed": 301, "feasible": 1, "wwt": 4.0, "makespan": 101.1328, "mean_flow": 6.400564750000001, "breach_share": 0.0025, "breach_p1": null, "breach_p2": null, "breach_p3": 0.002898550724637681, "breach_p4": 0.0, "wall_seconds": 0.0006421897560358047}, "random": {"id": "c05_replay_400_0107", "base_id": "c05_replay_400_0107", "campus": 5, "size": 400, "condition": "baseline", "sla_multiplier": 1.0, "crew_multiplier": 1.0, "method": "random", "seed": 301, "feasible": 1, "wwt": 4.0, "makespan": 101.1328, "mean_flow": 5.9218185, "breach_share": 0.0025, "breach_p1": null, "breach_p2": null, "breach_p3": 0.002898550724637681, "breach_p4": 0.0, "wall_seconds": 0.0005537951365113258}, "v2rl301": {"id": "c05_replay_400_0107", "base_id": "c05_replay_400_0107", "campus": 5, "size": 400, "condition": "baseline", "sla_multiplier": 1.0, "crew_multiplier": 1.0, "method": "v2rl301", "seed": 301, "feasible": 1, "wwt": 4.0, "makespan": 101.1328, "mean_flow": 6.360564, "breach_share": 0.0025, "breach_p1": null, "breach_p2": null, "breach_p3": 0.002898550724637681, "breach_p4": 0.0, "wall_seconds": 0.043533402029424906}, "v2rl302": {"id": "c05_replay_400_0107", "base_id": "c05_replay_400_0107", "campus": 5, "size": 400, "condition": "baseline", "sla_multiplier": 1.0, "crew_multiplier": 1.0, "method": "v2rl302", "seed": 302, "feasible": 1, "wwt": 4.0, "makespan": 101.1328, "mean_flow": 6.320564000000001, "breach_share": 0.0025, "breach_p1": null, "breach_p2": null, "breach_p3": 0.002898550724637681, "breach_p4": 0.0, "wall_seconds": 0.044675823766738176}, "v2rl303": {"id": "c05_replay_400_0107", "base_id": "c05_replay_400_0107", "campus": 5, "size": 400, "condition": "baseline", "sla_multiplier": 1.0, "crew_multiplier": 1.0, "method": "v2rl303", "seed": 303, "feasible": 1, "wwt": 4.0, "makespan": 101.1328, "mean_flow": 6.320564000000001, "breach_share": 0.0025, "breach_p1": null, "breach_p2": null, "breach_p3": 0.002898550724637681, "breach_p4": 0.0, "wall_seconds": 0.04224643902853131}}, "methods_expected": ["edd", "wspt", "atc", "pfifo", "mor", "random", "v2rl301", "v2rl302", "v2rl303"], "infeasible": [], "wall_seconds_total": 0.13824470713734627}