{"shard_id": "c05_replay_400_0115", "id": "c05_replay_400_0115", "base_id": "c05_replay_400_0115", "campus": 5, "size": 400, "condition": "baseline", "rows": {"edd": {"id": "c05_replay_400_0115", "base_id": "c05_replay_400_0115", "campus": 5, "size": 400, "condition": "baseline", "sla_multiplier": 1.0, "crew_multiplier": 1.0, "method": "edd", "seed": 301, "feasible": 1, "wwt": 15.400000000000006, "makespan": 103.7, "mean_flow": 3.57201625, "breach_share": 0.0025, "breach_p1": null, "breach_p2": null, "breach_p3": 0.0025188916876574307, "breach_p4": 0.0, "wall_seconds": 0.0006415238603949547}, "wspt": {"id": "c05_replay_400_0115", "base_id": "c05_replay_400_0115", "campus": 5, "size": 400, "condition": "baseline", "sla_multiplier": 1.0, "crew_multiplier": 1.0, "method": "wspt", "seed": 301, "feasible": 1, "wwt": 15.400000000000006, "makespan": 103.7, "mean_flow": 3.56633325, "breach_share": 0.0025, "breach_p1": null, "breach_p2": null, "breach_p3": 0.0025188916876574307, "breach_p4": 0.0, "wall_seconds": 0.0006296150386333466}, "atc": {"id": "c05_replay_400_0115", "base_id": "c05_replay_400_0115", "campus": 5, "size": 400, "condition": "baseline", "sla_multiplier": 1.0, "crew_multiplier": 1.0, "method": "atc", "seed": 301, "feasible": 1, "wwt": 15.400000000000006, "makespan": 103.7, "mean_flow": 3.56633325, "breach_share": 0.0025, "breach_p1": null, "breach_p2": null, "breach_p3": 0.0025188916876574307, "breach_p4": 0.0, "wall_seconds": 0.0007856222800910473}, "pfifo": {"id": "c05_replay_400_0115", "base_id": "c05_replay_400_0115", "campus": 5, "size": 400, "condition": "baseline", "sla_multiplier": 1.0, "crew_multiplier": 1.0, "method": "pfifo", "seed": 301, "feasible": 1, "wwt": 15.400000000000006, "makespan": 103.7, "mean_flow": 3.57201625, "breach_share": 0.0025, "breach_p1": null, "breach_p2": null, "breach_p3": 0.0025188916876574307, "breach_p4": 0.0, "wall_seconds": 0.0005897721275687218}, "mor": {"id": "c05_replay_400_0115", "base_id": "c05_replay_400_0115", "campus": 5, "size": 400, "condition": "baseline", "sla_multiplier": 1.0, "crew_multiplier": 1.0, "method": "mor", "seed": 301, "feasible": 1, "wwt": 15.400000000000006, "makespan": 103.7, "mean_flow": 3.5745162500000003, "breach_share": 0.0025, "breach_p1": null, "breach_p2": null, "breach_p3": 0.0025188916876574307, "breach_p4": 0.0, "wall_seconds": 0.0005830321460962296}, "random": {"id": "c05_replay_400_0115", "base_id": "c05_replay_400_0115", "campus": 5, "size": 400, "condition": "baseline", "sla_multiplier": 1.0, "crew_multiplier": 1.0, "method": "random", "seed": 301, "feasible": 1, "wwt": 15.400000000000006, "makespan": 103.7, "mean_flow": 3.5670162500000004, "breach_share": 0.0025, "breach_p1": null, "breach_p2": null, "breach_p3": 0.0025188916876574307, "breach_p4": 0.0, "wall_seconds": 0.0005401610396802425}, "v2rl301": {"id": "c05_replay_400_0115", "base_id": "c05_replay_400_0115", "campus": 5, "size": 400, "condition": "baseline", "sla_multiplier": 1.0, "crew_multiplier": 1.0, "method": "v2rl301", "seed": 301, "feasible": 1, "wwt": 15.400000000000006, "makespan": 103.7, "mean_flow": 3.5745162500000003, "breach_share": 0.0025, "breach_p1": null, "breach_p2": null, "breach_p3": 0.0025188916876574307, "breach_p4": 0.0, "wall_seconds": 0.04112491197884083}, "v2rl302": {"id": "c05_replay_400_0115", "base_id": "c05_replay_400_0115", "campus": 5, "size": 400, "condition": "baseline", "sla_multiplier": 1.0, "crew_multiplier": 1.0, "method": "v2rl302", "seed": 302, "feasible": 1, "wwt": 15.400000000000006, "makespan": 103.7, "mean_flow": 3.5745162500000003, "breach_share": 0.0025, "breach_p1": null, "breach_p2": null, "breach_p3": 0.0025188916876574307, "breach_p4": 0.0, "wall_seconds": 0.040379163809120655}, "v2rl303": {"id": "c05_replay_400_0115", "base_id": "c05_replay_400_0115", "campus": 5, "size": 400, "condition": "baseline", "sla_multiplier": 1.0, "crew_multiplier": 1.0, "method": "v2rl303", "seed": 303, "feasible": 1, "wwt": 15.400000000000006, "makespan": 103.7, "mean_flow": 3.5745162500000003, "breach_share": 0.0025, "breach_p1": null, "breach_p2": null, "breach_p3": 0.0025188916876574307, "breach_p4": 0.0, "wall_seconds": 0.04061200609430671}}, "methods_expected": ["edd", "wspt", "atc", "pfifo", "mor", "random", "v2rl301", "v2rl302", "v2rl303"], "infeasible": [], "wall_seconds_total": 0.12946984497830272}