{"shard_id": "c05_replay_400_0103_m0.75", "id": "c05_replay_400_0103_m0.75", "base_id": "c05_replay_400_0103", "campus": 5, "size": 400, "condition": "crew0.75", "rows": {"edd": {"id": "c05_replay_400_0103_m0.75", "base_id": "c05_replay_400_0103", "campus": 5, "size": 400, "condition": "crew0.75", "sla_multiplier": 1.0, "crew_multiplier": 0.75, "method": "edd", "seed": 301, "feasible": 1, "wwt": 43.45920000000001, "makespan": 139.9829, "mean_flow": 11.99893325, "breach_share": 0.005, "breach_p1": null, "breach_p2": null, "breach_p3": 0.010362694300518135, "breach_p4": 0.0, "wall_seconds": 0.001325226854532957}, "wspt": {"id": "c05_replay_400_0103_m0.75", "base_id": "c05_replay_400_0103", "campus": 5, "size": 400, "condition": "crew0.75", "sla_multiplier": 1.0, "crew_multiplier": 0.75, "method": "wspt", "seed": 301, "feasible": 1, "wwt": 43.45920000000001, "makespan": 135.9845, "mean_flow": 10.47752025, "breach_share": 0.005, "breach_p1": null, "breach_p2": null, "breach_p3": 0.010362694300518135, "breach_p4": 0.0, "wall_seconds": 0.0016736499965190887}, "atc": {"id": "c05_replay_400_0103_m0.75", "base_id": "c05_replay_400_0103", "campus": 5, "size": 400, "condition": "crew0.75", "sla_multiplier": 1.0, "crew_multiplier": 0.75, "method": "atc", "seed": 301, "feasible": 1, "wwt": 43.45920000000001, "makespan": 113.9826, "mean_flow": 10.967167750000002, "breach_share": 0.005, "breach_p1": null, "breach_p2": null, "breach_p3": 0.010362694300518135, "breach_p4": 0.0, "wall_seconds": 0.003431216347962618}, "pfifo": {"id": "c05_replay_400_0103_m0.75", "base_id": "c05_replay_400_0103", "campus": 5, "size": 400, "condition": "crew0.75", "sla_multiplier": 1.0, "crew_multiplier": 0.75, "method": "pfifo", "seed": 301, "feasible": 1, "wwt": 43.45920000000001, "makespan": 139.9829, "mean_flow": 11.99893325, "breach_share": 0.005, "breach_p1": null, "breach_p2": null, "breach_p3": 0.010362694300518135, "breach_p4": 0.0, "wall_seconds": 0.0013896883465349674}, "mor": {"id": "c05_replay_400_0103_m0.75", "base_id": "c05_replay_400_0103", "campus": 5, "size": 400, "condition": "crew0.75", "sla_multiplier": 1.0, "crew_multiplier": 0.75, "method": "mor", "seed": 301, "feasible": 1, "wwt": 43.45920000000001, "makespan": 112.9829, "mean_flow": 17.03803075, "breach_share": 0.005, "breach_p1": null, "breach_p2": null, "breach_p3": 0.010362694300518135, "breach_p4": 0.0, "wall_seconds": 0.001430619042366743}, "random": {"id": "c05_replay_400_0103_m0.75", "base_id": "c05_replay_400_0103", "campus": 5, "size": 400, "condition": "crew0.75", "sla_multiplier": 1.0, "crew_multiplier": 0.75, "method": "random", "seed": 301, "feasible": 1, "wwt": 43.45920000000001, "makespan": 133.9831, "mean_flow": 12.493215, "breach_share": 0.005, "breach_p1": null, "breach_p2": null, "breach_p3": 0.010362694300518135, "breach_p4": 0.0, "wall_seconds": 0.000705488957464695}, "v2rl301": {"id": "c05_replay_400_0103_m0.75", "base_id": "c05_replay_400_0103", "campus": 5, "size": 400, "condition": "crew0.75", "sla_multiplier": 1.0, "crew_multiplier": 0.75, "method": "v2rl301", "seed": 301, "feasible": 1, "wwt": 43.45920000000001, "makespan": 112.9829, "mean_flow": 16.3948965, "breach_share": 0.005, "breach_p1": null, "breach_p2": null, "breach_p3": 0.010362694300518135, "breach_p4": 0.0, "wall_seconds": 0.05601470498368144}, "v2rl302": {"id": "c05_replay_400_0103_m0.75", "base_id": "c05_replay_400_0103", "campus": 5, "size": 400, "condition": "crew0.75", "sla_multiplier": 1.0, "crew_multiplier": 0.75, "method": "v2rl302", "seed": 302, "feasible": 1, "wwt": 43.45920000000001, "makespan": 113.9826, "mean_flow": 16.34564625, "breach_share": 0.005, "breach_p1": null, "breach_p2": null, "breach_p3": 0.010362694300518135, "breach_p4": 0.0, "wall_seconds": 0.055371833965182304}, "v2rl303": {"id": "c05_replay_400_0103_m0.75", "base_id": "c05_replay_400_0103", "campus": 5, "size": 400, "condition": "crew0.75", "sla_multiplier": 1.0, "crew_multiplier": 0.75, "method": "v2rl303", "seed": 303, "feasible": 1, "wwt": 43.45920000000001, "makespan": 112.9829, "mean_flow": 14.3505085, "breach_share": 0.005, "breach_p1": null, "breach_p2": null, "breach_p3": 0.010362694300518135, "breach_p4": 0.0, "wall_seconds": 0.055543432012200356}}, "methods_expected": ["edd", "wspt", "atc", "pfifo", "mor", "random", "v2rl301", "v2rl302", "v2rl303"], "infeasible": [], "wall_seconds_total": 0.18128195498138666}