{"shard_id": "c05_replay_400_0105", "id": "c05_replay_400_0105", "base_id": "c05_replay_400_0105", "campus": 5, "size": 400, "condition": "baseline", "rows": {"edd": {"id": "c05_replay_400_0105", "base_id": "c05_replay_400_0105", "campus": 5, "size": 400, "condition": "baseline", "sla_multiplier": 1.0, "crew_multiplier": 1.0, "method": "edd", "seed": 301, "feasible": 1, "wwt": 21.729600000000005, "makespan": 142.275, "mean_flow": 19.888684, "breach_share": 0.0025, "breach_p1": null, "breach_p2": null, "breach_p3": 0.009615384615384616, "breach_p4": 0.0, "wall_seconds": 0.0009834310039877892}, "wspt": {"id": "c05_replay_400_0105", "base_id": "c05_replay_400_0105", "campus": 5, "size": 400, "condition": "baseline", "sla_multiplier": 1.0, "crew_multiplier": 1.0, "method": "wspt", "seed": 301, "feasible": 1, "wwt": 21.729600000000005, "makespan": 141.875, "mean_flow": 13.33550175, "breach_share": 0.0025, "breach_p1": null, "breach_p2": null, "breach_p3": 0.009615384615384616, "breach_p4": 0.0, "wall_seconds": 0.0010144272819161415}, "atc": {"id": "c05_replay_400_0105", "base_id": "c05_replay_400_0105", "campus": 5, "size": 400, "condition": "baseline", "sla_multiplier": 1.0, "crew_multiplier": 1.0, "method": "atc", "seed": 301, "feasible": 1, "wwt": 21.729600000000005, "makespan": 136.0756, "mean_flow": 16.848631249999997, "breach_share": 0.0025, "breach_p1": null, "breach_p2": null, "breach_p3": 0.009615384615384616, "breach_p4": 0.0, "wall_seconds": 0.001999516040086746}, "pfifo": {"id": "c05_replay_400_0105", "base_id": "c05_replay_400_0105", "campus": 5, "size": 400, "condition": "baseline", "sla_multiplier": 1.0, "crew_multiplier": 1.0, "method": "pfifo", "seed": 301, "feasible": 1, "wwt": 21.729600000000005, "makespan": 142.275, "mean_flow": 19.888684, "breach_share": 0.0025, "breach_p1": null, "breach_p2": null, "breach_p3": 0.009615384615384616, "breach_p4": 0.0, "wall_seconds": 0.0009566717781126499}, "mor": {"id": "c05_replay_400_0105", "base_id": "c05_replay_400_0105", "campus": 5, "size": 400, "condition": "baseline", "sla_multiplier": 1.0, "crew_multiplier": 1.0, "method": "mor", "seed": 301, "feasible": 1, "wwt": 21.729600000000005, "makespan": 124.5756, "mean_flow": 32.167120249999996, "breach_share": 0.0025, "breach_p1": null, "breach_p2": null, "breach_p3": 0.009615384615384616, "breach_p4": 0.0, "wall_seconds": 0.0008972082287073135}, "random": {"id": "c05_replay_400_0105", "base_id": "c05_replay_400_0105", "campus": 5, "size": 400, "condition": "baseline", "sla_multiplier": 1.0, "crew_multiplier": 1.0, "method": "random", "seed": 301, "feasible": 1, "wwt": 21.729600000000005, "makespan": 133.175, "mean_flow": 21.456284999999998, "breach_share": 0.0025, "breach_p1": null, "breach_p2": null, "breach_p3": 0.009615384615384616, "breach_p4": 0.0, "wall_seconds": 0.0005492903292179108}, "v2rl301": {"id": "c05_replay_400_0105", "base_id": "c05_replay_400_0105", "campus": 5, "size": 400, "condition": "baseline", "sla_multiplier": 1.0, "crew_multiplier": 1.0, "method": "v2rl301", "seed": 301, "feasible": 1, "wwt": 21.729600000000005, "makespan": 124.6758, "mean_flow": 32.1336235, "breach_share": 0.0025, "breach_p1": null, "breach_p2": null, "breach_p3": 0.009615384615384616, "breach_p4": 0.0, "wall_seconds": 0.05169149022549391}, "v2rl302": {"id": "c05_replay_400_0105", "base_id": "c05_replay_400_0105", "campus": 5, "size": 400, "condition": "baseline", "sla_multiplier": 1.0, "crew_multiplier": 1.0, "method": "v2rl302", "seed": 302, "feasible": 1, "wwt": 21.729600000000005, "makespan": 124.5756, "mean_flow": 32.15910375000001, "breach_share": 0.0025, "breach_p1": null, "breach_p2": null, "breach_p3": 0.009615384615384616, "breach_p4": 0.0, "wall_seconds": 0.050793750677257776}, "v2rl303": {"id": "c05_replay_400_0105", "base_id": "c05_replay_400_0105", "campus": 5, "size": 400, "condition": "baseline", "sla_multiplier": 1.0, "crew_multiplier": 1.0, "method": "v2rl303", "seed": 303, "feasible": 1, "wwt": 21.729600000000005, "makespan": 124.5756, "mean_flow": 32.13035375, "breach_share": 0.0025, "breach_p1": null, "breach_p2": null, "breach_p3": 0.009615384615384616, "breach_p4": 0.0, "wall_seconds": 0.0508502833545208}}, "methods_expected": ["edd", "wspt", "atc", "pfifo", "mor", "random", "v2rl301", "v2rl302", "v2rl303"], "infeasible": [], "wall_seconds_total": 0.16339718410745263}