{"shard_id": "c05_replay_400_0105_sla0.5", "id": "c05_replay_400_0105_sla0.5", "base_id": "c05_replay_400_0105", "campus": 5, "size": 400, "condition": "sla0.5", "rows": {"edd": {"id": "c05_replay_400_0105_sla0.5", "base_id": "c05_replay_400_0105", "campus": 5, "size": 400, "condition": "sla0.5", "sla_multiplier": 0.5, "crew_multiplier": 1.0, "method": "edd", "seed": 301, "feasible": 1, "wwt": 462.94300000000004, "makespan": 142.275, "mean_flow": 19.888684, "breach_share": 0.07, "breach_p1": null, "breach_p2": null, "breach_p3": 0.009615384615384616, "breach_p4": 0.09121621621621621, "wall_seconds": 0.0008620768785476685}, "wspt": {"id": "c05_replay_400_0105_sla0.5", "base_id": "c05_replay_400_0105", "campus": 5, "size": 400, "condition": "sla0.5", "sla_multiplier": 0.5, "crew_multiplier": 1.0, "method": "wspt", "seed": 301, "feasible": 1, "wwt": 268.4100000000001, "makespan": 141.875, "mean_flow": 13.33550175, "breach_share": 0.035, "breach_p1": null, "breach_p2": null, "breach_p3": 0.009615384615384616, "breach_p4": 0.04391891891891892, "wall_seconds": 0.00100807286798954}, "atc": {"id": "c05_replay_400_0105_sla0.5", "base_id": "c05_replay_400_0105", "campus": 5, "size": 400, "condition": "sla0.5", "sla_multiplier": 0.5, "crew_multiplier": 1.0, "method": "atc", "seed": 301, "feasible": 1, "wwt": 286.8002000000001, "makespan": 136.0756, "mean_flow": 16.848631249999997, "breach_share": 0.04, "breach_p1": null, "breach_p2": null, "breach_p3": 0.009615384615384616, "breach_p4": 0.05067567567567568, "wall_seconds": 0.0018735951744019985}, "pfifo": {"id": "c05_replay_400_0105_sla0.5", "base_id": "c05_replay_400_0105", "campus": 5, "size": 400, "condition": "sla0.5", "sla_multiplier": 0.5, "crew_multiplier": 1.0, "method": "pfifo", "seed": 301, "feasible": 1, "wwt": 462.94300000000004, "makespan": 142.275, "mean_flow": 19.888684, "breach_share": 0.07, "breach_p1": null, "breach_p2": null, "breach_p3": 0.009615384615384616, "breach_p4": 0.09121621621621621, "wall_seconds": 0.0008988296613097191}, "mor": {"id": "c05_replay_400_0105_sla0.5", "base_id": "c05_replay_400_0105", "campus": 5, "size": 400, "condition": "sla0.5", "sla_multiplier": 0.5, "crew_multiplier": 1.0, "method": "mor", "seed": 301, "feasible": 1, "wwt": 1368.5193, "makespan": 124.5756, "mean_flow": 32.167120249999996, "breach_share": 0.2025, "breach_p1": null, "breach_p2": null, "breach_p3": 0.009615384615384616, "breach_p4": 0.2702702702702703, "wall_seconds": 0.0008943811990320683}, "random": {"id": "c05_replay_400_0105_sla0.5", "base_id": "c05_replay_400_0105", "campus": 5, "size": 400, "condition": "sla0.5", "sla_multiplier": 0.5, "crew_multiplier": 1.0, "method": "random", "seed": 301, "feasible": 1, "wwt": 497.5517000000003, "makespan": 133.175, "mean_flow": 21.456284999999998, "breach_share": 0.0825, "breach_p1": null, "breach_p2": null, "breach_p3": 0.009615384615384616, "breach_p4": 0.10810810810810811, "wall_seconds": 0.0005551786161959171}, "v2rl301": {"id": "c05_replay_400_0105_sla0.5", "base_id": "c05_replay_400_0105", "campus": 5, "size": 400, "condition": "sla0.5", "sla_multiplier": 0.5, "crew_multiplier": 1.0, "method": "v2rl301", "seed": 301, "feasible": 1, "wwt": 1368.5193, "makespan": 124.5756, "mean_flow": 32.135869500000005, "breach_share": 0.2025, "breach_p1": null, "breach_p2": null, "breach_p3": 0.009615384615384616, "breach_p4": 0.2702702702702703, "wall_seconds": 0.05189234018325806}, "v2rl302": {"id": "c05_replay_400_0105_sla0.5", "base_id": "c05_replay_400_0105", "campus": 5, "size": 400, "condition": "sla0.5", "sla_multiplier": 0.5, "crew_multiplier": 1.0, "method": "v2rl302", "seed": 302, "feasible": 1, "wwt": 1088.2206, "makespan": 125.6758, "mean_flow": 31.445857000000004, "breach_share": 0.2025, "breach_p1": null, "breach_p2": null, "breach_p3": 0.009615384615384616, "breach_p4": 0.2702702702702703, "wall_seconds": 0.05098992120474577}, "v2rl303": {"id": "c05_replay_400_0105_sla0.5", "base_id": "c05_replay_400_0105", "campus": 5, "size": 400, "condition": "sla0.5", "sla_multiplier": 0.5, "crew_multiplier": 1.0, "method": "v2rl303", "seed": 303, "feasible": 1, "wwt": 1367.6298000000004, "makespan": 124.6756, "mean_flow": 32.09165125, "breach_share": 0.2, "breach_p1": null, "breach_p2": null, "breach_p3": 0.009615384615384616, "breach_p4": 0.2668918918918919, "wall_seconds": 0.051324857864528894}}, "methods_expected": ["edd", "wspt", "atc", "pfifo", "mor", "random", "v2rl301", "v2rl302", "v2rl303"], "infeasible": [], "wall_seconds_total": 0.1647645067423582}