{"shard_id": "c05_replay_400_0103", "id": "c05_replay_400_0103", "base_id": "c05_replay_400_0103", "campus": 5, "size": 400, "condition": "baseline", "rows": {"edd": {"id": "c05_replay_400_0103", "base_id": "c05_replay_400_0103", "campus": 5, "size": 400, "condition": "baseline", "sla_multiplier": 1.0, "crew_multiplier": 1.0, "method": "edd", "seed": 301, "feasible": 1, "wwt": 43.45920000000001, "makespan": 130.9845, "mean_flow": 9.84650125, "breach_share": 0.005, "breach_p1": null, "breach_p2": null, "breach_p3": 0.010362694300518135, "breach_p4": 0.0, "wall_seconds": 0.0013809585943818092}, "wspt": {"id": "c05_replay_400_0103", "base_id": "c05_replay_400_0103", "campus": 5, "size": 400, "condition": "baseline", "sla_multiplier": 1.0, "crew_multiplier": 1.0, "method": "wspt", "seed": 301, "feasible": 1, "wwt": 43.45920000000001, "makespan": 127.9854, "mean_flow": 9.079715499999999, "breach_share": 0.005, "breach_p1": null, "breach_p2": null, "breach_p3": 0.010362694300518135, "breach_p4": 0.0, "wall_seconds": 0.0014917179942131042}, "atc": {"id": "c05_replay_400_0103", "base_id": "c05_replay_400_0103", "campus": 5, "size": 400, "condition": "baseline", "sla_multiplier": 1.0, "crew_multiplier": 1.0, "method": "atc", "seed": 301, "feasible": 1, "wwt": 43.45920000000001, "makespan": 113.98230000000001, "mean_flow": 9.321373, "breach_share": 0.005, "breach_p1": null, "breach_p2": null, "breach_p3": 0.010362694300518135, "breach_p4": 0.0, "wall_seconds": 0.003037820104509592}, "pfifo": {"id": "c05_replay_400_0103", "base_id": "c05_replay_400_0103", "campus": 5, "size": 400, "condition": "baseline", "sla_multiplier": 1.0, "crew_multiplier": 1.0, "method": "pfifo", "seed": 301, "feasible": 1, "wwt": 43.45920000000001, "makespan": 130.9845, "mean_flow": 9.84650125, "breach_share": 0.005, "breach_p1": null, "breach_p2": null, "breach_p3": 0.010362694300518135, "breach_p4": 0.0, "wall_seconds": 0.0013030190020799637}, "mor": {"id": "c05_replay_400_0103", "base_id": "c05_replay_400_0103", "campus": 5, "size": 400, "condition": "baseline", "sla_multiplier": 1.0, "crew_multiplier": 1.0, "method": "mor", "seed": 301, "feasible": 1, "wwt": 43.45920000000001, "makespan": 112.9829, "mean_flow": 12.872272250000002, "breach_share": 0.005, "breach_p1": null, "breach_p2": null, "breach_p3": 0.010362694300518135, "breach_p4": 0.0, "wall_seconds": 0.001316834706813097}, "random": {"id": "c05_replay_400_0103", "base_id": "c05_replay_400_0103", "campus": 5, "size": 400, "condition": "baseline", "sla_multiplier": 1.0, "crew_multiplier": 1.0, "method": "random", "seed": 301, "feasible": 1, "wwt": 43.45920000000001, "makespan": 120.98310000000001, "mean_flow": 10.286843000000001, "breach_share": 0.005, "breach_p1": null, "breach_p2": null, "breach_p3": 0.010362694300518135, "breach_p4": 0.0, "wall_seconds": 0.0005882526747882366}, "v2rl301": {"id": "c05_replay_400_0103", "base_id": "c05_replay_400_0103", "campus": 5, "size": 400, "condition": "baseline", "sla_multiplier": 1.0, "crew_multiplier": 1.0, "method": "v2rl301", "seed": 301, "feasible": 1, "wwt": 43.45920000000001, "makespan": 112.9829, "mean_flow": 12.480433, "breach_share": 0.005, "breach_p1": null, "breach_p2": null, "breach_p3": 0.010362694300518135, "breach_p4": 0.0, "wall_seconds": 0.05485963495448232}, "v2rl302": {"id": "c05_replay_400_0103", "base_id": "c05_replay_400_0103", "campus": 5, "size": 400, "condition": "baseline", "sla_multiplier": 1.0, "crew_multiplier": 1.0, "method": "v2rl302", "seed": 302, "feasible": 1, "wwt": 43.45920000000001, "makespan": 113.982, "mean_flow": 12.435044, "breach_share": 0.005, "breach_p1": null, "breach_p2": null, "breach_p3": 0.010362694300518135, "breach_p4": 0.0, "wall_seconds": 0.05428230157122016}, "v2rl303": {"id": "c05_replay_400_0103", "base_id": "c05_replay_400_0103", "campus": 5, "size": 400, "condition": "baseline", "sla_multiplier": 1.0, "crew_multiplier": 1.0, "method": "v2rl303", "seed": 303, "feasible": 1, "wwt": 43.45920000000001, "makespan": 113.98230000000001, "mean_flow": 10.476754249999999, "breach_share": 0.005, "breach_p1": null, "breach_p2": null, "breach_p3": 0.010362694300518135, "breach_p4": 0.0, "wall_seconds": 0.05557434167712927}}, "methods_expected": ["edd", "wspt", "atc", "pfifo", "mor", "random", "v2rl301", "v2rl302", "v2rl303"], "infeasible": [], "wall_seconds_total": 0.17747590458020568}