{"shard_id": "c05_replay_150_0118_m0.75", "id": "c05_replay_150_0118_m0.75", "base_id": "c05_replay_150_0118", "campus": 5, "size": 150, "condition": "crew0.75", "rows": {"edd": {"id": "c05_replay_150_0118_m0.75", "base_id": "c05_replay_150_0118", "campus": 5, "size": 150, "condition": "crew0.75", "sla_multiplier": 1.0, "crew_multiplier": 0.75, "method": "edd", "seed": 301, "feasible": 1, "wwt": 2.0, "makespan": 89.0, "mean_flow": 4.025416666666667, "breach_share": 0.006666666666666667, "breach_p1": null, "breach_p2": null, "breach_p3": 0.006666666666666667, "breach_p4": null, "wall_seconds": 0.00024778908118605614}, "wspt": {"id": "c05_replay_150_0118_m0.75", "base_id": "c05_replay_150_0118", "campus": 5, "size": 150, "condition": "crew0.75", "sla_multiplier": 1.0, "crew_multiplier": 0.75, "method": "wspt", "seed": 301, "feasible": 1, "wwt": 2.0, "makespan": 89.0, "mean_flow": 4.01875, "breach_share": 0.006666666666666667, "breach_p1": null, "breach_p2": null, "breach_p3": 0.006666666666666667, "breach_p4": null, "wall_seconds": 0.00025189295411109924}, "atc": {"id": "c05_replay_150_0118_m0.75", "base_id": "c05_replay_150_0118", "campus": 5, "size": 150, "condition": "crew0.75", "sla_multiplier": 1.0, "crew_multiplier": 0.75, "method": "atc", "seed": 301, "feasible": 1, "wwt": 2.0, "makespan": 89.0, "mean_flow": 4.01875, "breach_share": 0.006666666666666667, "breach_p1": null, "breach_p2": null, "breach_p3": 0.006666666666666667, "breach_p4": null, "wall_seconds": 0.0003006500191986561}, "pfifo": {"id": "c05_replay_150_0118_m0.75", "base_id": "c05_replay_150_0118", "campus": 5, "size": 150, "condition": "crew0.75", "sla_multiplier": 1.0, "crew_multiplier": 0.75, "method": "pfifo", "seed": 301, "feasible": 1, "wwt": 2.0, "makespan": 89.0, "mean_flow": 4.025416666666667, "breach_share": 0.006666666666666667, "breach_p1": null, "breach_p2": null, "breach_p3": 0.006666666666666667, "breach_p4": null, "wall_seconds": 0.00022826716303825378}, "mor": {"id": "c05_replay_150_0118_m0.75", "base_id": "c05_replay_150_0118", "campus": 5, "size": 150, "condition": "crew0.75", "sla_multiplier": 1.0, "crew_multiplier": 0.75, "method": "mor", "seed": 301, "feasible": 1, "wwt": 2.0, "makespan": 89.0, "mean_flow": 4.0635520000000005, "breach_share": 0.006666666666666667, "breach_p1": null, "breach_p2": null, "breach_p3": 0.006666666666666667, "breach_p4": null, "wall_seconds": 0.00022633280605077744}, "random": {"id": "c05_replay_150_0118_m0.75", "base_id": "c05_replay_150_0118", "campus": 5, "size": 150, "condition": "crew0.75", "sla_multiplier": 1.0, "crew_multiplier": 0.75, "method": "random", "seed": 301, "feasible": 1, "wwt": 2.0, "makespan": 89.0, "mean_flow": 4.0235520000000005, "breach_share": 0.006666666666666667, "breach_p1": null, "breach_p2": null, "breach_p3": 0.006666666666666667, "breach_p4": null, "wall_seconds": 0.0002237972803413868}, "v2rl301": {"id": "c05_replay_150_0118_m0.75", "base_id": "c05_replay_150_0118", "campus": 5, "size": 150, "condition": "crew0.75", "sla_multiplier": 1.0, "crew_multiplier": 0.75, "method": "v2rl301", "seed": 301, "feasible": 1, "wwt": 2.0, "makespan": 89.0, "mean_flow": 4.0635520000000005, "breach_share": 0.006666666666666667, "breach_p1": null, "breach_p2": null, "breach_p3": 0.006666666666666667, "breach_p4": null, "wall_seconds": 0.01555827772244811}, "v2rl302": {"id": "c05_replay_150_0118_m0.75", "base_id": "c05_replay_150_0118", "campus": 5, "size": 150, "condition": "crew0.75", "sla_multiplier": 1.0, "crew_multiplier": 0.75, "method": "v2rl302", "seed": 302, "feasible": 1, "wwt": 2.0, "makespan": 89.0, "mean_flow": 4.0635520000000005, "breach_share": 0.006666666666666667, "breach_p1": null, "breach_p2": null, "breach_p3": 0.006666666666666667, "breach_p4": null, "wall_seconds": 0.01513404306024313}, "v2rl303": {"id": "c05_replay_150_0118_m0.75", "base_id": "c05_replay_150_0118", "campus": 5, "size": 150, "condition": "crew0.75", "sla_multiplier": 1.0, "crew_multiplier": 0.75, "method": "v2rl303", "seed": 303, "feasible": 1, "wwt": 2.0, "makespan": 89.0, "mean_flow": 4.0635520000000005, "breach_share": 0.006666666666666667, "breach_p1": null, "breach_p2": null, "breach_p3": 0.006666666666666667, "breach_p4": null, "wall_seconds": 0.015059251803904772}}, "methods_expected": ["edd", "wspt", "atc", "pfifo", "mor", "random", "v2rl301", "v2rl302", "v2rl303"], "infeasible": [], "wall_seconds_total": 0.049249491188675165}