{"shard_id": "c05_replay_400_0126", "id": "c05_replay_400_0126", "base_id": "c05_replay_400_0126", "campus": 5, "size": 400, "condition": "baseline", "rows": {"edd": {"id": "c05_replay_400_0126", "base_id": "c05_replay_400_0126", "campus": 5, "size": 400, "condition": "baseline", "sla_multiplier": 1.0, "crew_multiplier": 1.0, "method": "edd", "seed": 301, "feasible": 1, "wwt": 20.99999999999997, "makespan": 124.14359999999999, "mean_flow": 3.64834025, "breach_share": 0.0025, "breach_p1": null, "breach_p2": null, "breach_p3": 0.0025380710659898475, "breach_p4": 0.0, "wall_seconds": 0.000623796135187149}, "wspt": {"id": "c05_replay_400_0126", "base_id": "c05_replay_400_0126", "campus": 5, "size": 400, "condition": "baseline", "sla_multiplier": 1.0, "crew_multiplier": 1.0, "method": "wspt", "seed": 301, "feasible": 1, "wwt": 20.99999999999997, "makespan": 124.14359999999999, "mean_flow": 3.64084025, "breach_share": 0.0025, "breach_p1": null, "breach_p2": null, "breach_p3": 0.0025380710659898475, "breach_p4": 0.0, "wall_seconds": 0.0006041699089109898}, "atc": {"id": "c05_replay_400_0126", "base_id": "c05_replay_400_0126", "campus": 5, "size": 400, "condition": "baseline", "sla_multiplier": 1.0, "crew_multiplier": 1.0, "method": "atc", "seed": 301, "feasible": 1, "wwt": 20.99999999999997, "makespan": 124.14359999999999, "mean_flow": 3.6405652500000003, "breach_share": 0.0025, "breach_p1": null, "breach_p2": null, "breach_p3": 0.0025380710659898475, "breach_p4": 0.0, "wall_seconds": 0.0007852758280932903}, "pfifo": {"id": "c05_replay_400_0126", "base_id": "c05_replay_400_0126", "campus": 5, "size": 400, "condition": "baseline", "sla_multiplier": 1.0, "crew_multiplier": 1.0, "method": "pfifo", "seed": 301, "feasible": 1, "wwt": 20.99999999999997, "makespan": 124.14359999999999, "mean_flow": 3.64834025, "breach_share": 0.0025, "breach_p1": null, "breach_p2": null, "breach_p3": 0.0025380710659898475, "breach_p4": 0.0, "wall_seconds": 0.0006064567714929581}, "mor": {"id": "c05_replay_400_0126", "base_id": "c05_replay_400_0126", "campus": 5, "size": 400, "condition": "baseline", "sla_multiplier": 1.0, "crew_multiplier": 1.0, "method": "mor", "seed": 301, "feasible": 1, "wwt": 20.99999999999997, "makespan": 124.14359999999999, "mean_flow": 3.68709025, "breach_share": 0.0025, "breach_p1": null, "breach_p2": null, "breach_p3": 0.0025380710659898475, "breach_p4": 0.0, "wall_seconds": 0.000582781620323658}, "random": {"id": "c05_replay_400_0126", "base_id": "c05_replay_400_0126", "campus": 5, "size": 400, "condition": "baseline", "sla_multiplier": 1.0, "crew_multiplier": 1.0, "method": "random", "seed": 301, "feasible": 1, "wwt": 20.99999999999997, "makespan": 124.14359999999999, "mean_flow": 3.66834025, "breach_share": 0.0025, "breach_p1": null, "breach_p2": null, "breach_p3": 0.0025380710659898475, "breach_p4": 0.0, "wall_seconds": 0.0005446970462799072}, "v2rl301": {"id": "c05_replay_400_0126", "base_id": "c05_replay_400_0126", "campus": 5, "size": 400, "condition": "baseline", "sla_multiplier": 1.0, "crew_multiplier": 1.0, "method": "v2rl301", "seed": 301, "feasible": 1, "wwt": 20.99999999999997, "makespan": 124.14359999999999, "mean_flow": 3.68709025, "breach_share": 0.0025, "breach_p1": null, "breach_p2": null, "breach_p3": 0.0025380710659898475, "breach_p4": 0.0, "wall_seconds": 0.041057020891457796}, "v2rl302": {"id": "c05_replay_400_0126", "base_id": "c05_replay_400_0126", "campus": 5, "size": 400, "condition": "baseline", "sla_multiplier": 1.0, "crew_multiplier": 1.0, "method": "v2rl302", "seed": 302, "feasible": 1, "wwt": 20.99999999999997, "makespan": 124.14359999999999, "mean_flow": 3.68709025, "breach_share": 0.0025, "breach_p1": null, "breach_p2": null, "breach_p3": 0.0025380710659898475, "breach_p4": 0.0, "wall_seconds": 0.04183538816869259}, "v2rl303": {"id": "c05_replay_400_0126", "base_id": "c05_replay_400_0126", "campus": 5, "size": 400, "condition": "baseline", "sla_multiplier": 1.0, "crew_multiplier": 1.0, "method": "v2rl303", "seed": 303, "feasible": 1, "wwt": 20.99999999999997, "makespan": 124.14359999999999, "mean_flow": 3.68709025, "breach_share": 0.0025, "breach_p1": null, "breach_p2": null, "breach_p3": 0.0025380710659898475, "breach_p4": 0.0, "wall_seconds": 0.04071723064407706}}, "methods_expected": ["edd", "wspt", "atc", "pfifo", "mor", "random", "v2rl301", "v2rl302", "v2rl303"], "infeasible": [], "wall_seconds_total": 0.1309494348242879}