{"shard_id": "c05_replay_150_0102_sla0.5", "id": "c05_replay_150_0102_sla0.5", "base_id": "c05_replay_150_0102", "campus": 5, "size": 150, "condition": "sla0.5", "rows": {"edd": {"id": "c05_replay_150_0102_sla0.5", "base_id": "c05_replay_150_0102", "campus": 5, "size": 150, "condition": "sla0.5", "sla_multiplier": 0.5, "crew_multiplier": 1.0, "method": "edd", "seed": 301, "feasible": 1, "wwt": 43.0, "makespan": 74.2303, "mean_flow": 4.358839333333334, "breach_share": 0.006666666666666667, "breach_p1": null, "breach_p2": null, "breach_p3": 0.006666666666666667, "breach_p4": null, "wall_seconds": 0.0002786298282444477}, "wspt": {"id": "c05_replay_150_0102_sla0.5", "base_id": "c05_replay_150_0102", "campus": 5, "size": 150, "condition": "sla0.5", "sla_multiplier": 0.5, "crew_multiplier": 1.0, "method": "wspt", "seed": 301, "feasible": 1, "wwt": 43.0, "makespan": 74.2303, "mean_flow": 4.358839333333334, "breach_share": 0.006666666666666667, "breach_p1": null, "breach_p2": null, "breach_p3": 0.006666666666666667, "breach_p4": null, "wall_seconds": 0.0002903738059103489}, "atc": {"id": "c05_replay_150_0102_sla0.5", "base_id": "c05_replay_150_0102", "campus": 5, "size": 150, "condition": "sla0.5", "sla_multiplier": 0.5, "crew_multiplier": 1.0, "method": "atc", "seed": 301, "feasible": 1, "wwt": 43.0, "makespan": 74.2303, "mean_flow": 4.358839333333334, "breach_share": 0.006666666666666667, "breach_p1": null, "breach_p2": null, "breach_p3": 0.006666666666666667, "breach_p4": null, "wall_seconds": 0.0003178399056196213}, "pfifo": {"id": "c05_replay_150_0102_sla0.5", "base_id": "c05_replay_150_0102", "campus": 5, "size": 150, "condition": "sla0.5", "sla_multiplier": 0.5, "crew_multiplier": 1.0, "method": "pfifo", "seed": 301, "feasible": 1, "wwt": 43.0, "makespan": 74.2303, "mean_flow": 4.358839333333334, "breach_share": 0.006666666666666667, "breach_p1": null, "breach_p2": null, "breach_p3": 0.006666666666666667, "breach_p4": null, "wall_seconds": 0.00025061704218387604}, "mor": {"id": "c05_replay_150_0102_sla0.5", "base_id": "c05_replay_150_0102", "campus": 5, "size": 150, "condition": "sla0.5", "sla_multiplier": 0.5, "crew_multiplier": 1.0, "method": "mor", "seed": 301, "feasible": 1, "wwt": 43.0, "makespan": 74.2303, "mean_flow": 4.381565333333333, "breach_share": 0.006666666666666667, "breach_p1": null, "breach_p2": null, "breach_p3": 0.006666666666666667, "breach_p4": null, "wall_seconds": 0.000238743145018816}, "random": {"id": "c05_replay_150_0102_sla0.5", "base_id": "c05_replay_150_0102", "campus": 5, "size": 150, "condition": "sla0.5", "sla_multiplier": 0.5, "crew_multiplier": 1.0, "method": "random", "seed": 301, "feasible": 1, "wwt": 43.0, "makespan": 74.2303, "mean_flow": 4.381565333333333, "breach_share": 0.006666666666666667, "breach_p1": null, "breach_p2": null, "breach_p3": 0.006666666666666667, "breach_p4": null, "wall_seconds": 0.00022301124408841133}, "v2rl301": {"id": "c05_replay_150_0102_sla0.5", "base_id": "c05_replay_150_0102", "campus": 5, "size": 150, "condition": "sla0.5", "sla_multiplier": 0.5, "crew_multiplier": 1.0, "method": "v2rl301", "seed": 301, "feasible": 1, "wwt": 43.0, "makespan": 74.2303, "mean_flow": 4.381565333333333, "breach_share": 0.006666666666666667, "breach_p1": null, "breach_p2": null, "breach_p3": 0.006666666666666667, "breach_p4": null, "wall_seconds": 0.01594376703724265}, "v2rl302": {"id": "c05_replay_150_0102_sla0.5", "base_id": "c05_replay_150_0102", "campus": 5, "size": 150, "condition": "sla0.5", "sla_multiplier": 0.5, "crew_multiplier": 1.0, "method": "v2rl302", "seed": 302, "feasible": 1, "wwt": 43.0, "makespan": 74.2303, "mean_flow": 4.381565333333333, "breach_share": 0.006666666666666667, "breach_p1": null, "breach_p2": null, "breach_p3": 0.006666666666666667, "breach_p4": null, "wall_seconds": 0.015275369863957167}, "v2rl303": {"id": "c05_replay_150_0102_sla0.5", "base_id": "c05_replay_150_0102", "campus": 5, "size": 150, "condition": "sla0.5", "sla_multiplier": 0.5, "crew_multiplier": 1.0, "method": "v2rl303", "seed": 303, "feasible": 1, "wwt": 43.0, "makespan": 74.2303, "mean_flow": 4.381565333333333, "breach_share": 0.006666666666666667, "breach_p1": null, "breach_p2": null, "breach_p3": 0.006666666666666667, "breach_p4": null, "wall_seconds": 0.015204863157123327}}, "methods_expected": ["edd", "wspt", "atc", "pfifo", "mor", "random", "v2rl301", "v2rl302", "v2rl303"], "infeasible": [], "wall_seconds_total": 0.05009549995884299}