{"shard_id": "c05_replay_150_0103_m0.75", "id": "c05_replay_150_0103_m0.75", "base_id": "c05_replay_150_0103", "campus": 5, "size": 150, "condition": "crew0.75", "rows": {"edd": {"id": "c05_replay_150_0103_m0.75", "base_id": "c05_replay_150_0103", "campus": 5, "size": 150, "condition": "crew0.75", "sla_multiplier": 1.0, "crew_multiplier": 0.75, "method": "edd", "seed": 301, "feasible": 1, "wwt": 43.45920000000001, "makespan": 99.6979, "mean_flow": 4.960075333333333, "breach_share": 0.013333333333333334, "breach_p1": null, "breach_p2": null, "breach_p3": 0.013333333333333334, "breach_p4": null, "wall_seconds": 0.00025998102501034737}, "wspt": {"id": "c05_replay_150_0103_m0.75", "base_id": "c05_replay_150_0103", "campus": 5, "size": 150, "condition": "crew0.75", "sla_multiplier": 1.0, "crew_multiplier": 0.75, "method": "wspt", "seed": 301, "feasible": 1, "wwt": 43.45920000000001, "makespan": 99.6979, "mean_flow": 4.960075333333333, "breach_share": 0.013333333333333334, "breach_p1": null, "breach_p2": null, "breach_p3": 0.013333333333333334, "breach_p4": null, "wall_seconds": 0.0002695182338356972}, "atc": {"id": "c05_replay_150_0103_m0.75", "base_id": "c05_replay_150_0103", "campus": 5, "size": 150, "condition": "crew0.75", "sla_multiplier": 1.0, "crew_multiplier": 0.75, "method": "atc", "seed": 301, "feasible": 1, "wwt": 43.45920000000001, "makespan": 99.6979, "mean_flow": 4.960075333333333, "breach_share": 0.013333333333333334, "breach_p1": null, "breach_p2": null, "breach_p3": 0.013333333333333334, "breach_p4": null, "wall_seconds": 0.00034578703343868256}, "pfifo": {"id": "c05_replay_150_0103_m0.75", "base_id": "c05_replay_150_0103", "campus": 5, "size": 150, "condition": "crew0.75", "sla_multiplier": 1.0, "crew_multiplier": 0.75, "method": "pfifo", "seed": 301, "feasible": 1, "wwt": 43.45920000000001, "makespan": 99.6979, "mean_flow": 4.960075333333333, "breach_share": 0.013333333333333334, "breach_p1": null, "breach_p2": null, "breach_p3": 0.013333333333333334, "breach_p4": null, "wall_seconds": 0.0002652411349117756}, "mor": {"id": "c05_replay_150_0103_m0.75", "base_id": "c05_replay_150_0103", "campus": 5, "size": 150, "condition": "crew0.75", "sla_multiplier": 1.0, "crew_multiplier": 0.75, "method": "mor", "seed": 301, "feasible": 1, "wwt": 43.45920000000001, "makespan": 99.6979, "mean_flow": 4.963277333333333, "breach_share": 0.013333333333333334, "breach_p1": null, "breach_p2": null, "breach_p3": 0.013333333333333334, "breach_p4": null, "wall_seconds": 0.0002917656674981117}, "random": {"id": "c05_replay_150_0103_m0.75", "base_id": "c05_replay_150_0103", "campus": 5, "size": 150, "condition": "crew0.75", "sla_multiplier": 1.0, "crew_multiplier": 0.75, "method": "random", "seed": 301, "feasible": 1, "wwt": 43.45920000000001, "makespan": 99.6979, "mean_flow": 4.960075333333333, "breach_share": 0.013333333333333334, "breach_p1": null, "breach_p2": null, "breach_p3": 0.013333333333333334, "breach_p4": null, "wall_seconds": 0.0002412707544863224}, "v2rl301": {"id": "c05_replay_150_0103_m0.75", "base_id": "c05_replay_150_0103", "campus": 5, "size": 150, "condition": "crew0.75", "sla_multiplier": 1.0, "crew_multiplier": 0.75, "method": "v2rl301", "seed": 301, "feasible": 1, "wwt": 43.45920000000001, "makespan": 99.6979, "mean_flow": 4.963277333333334, "breach_share": 0.013333333333333334, "breach_p1": null, "breach_p2": null, "breach_p3": 0.013333333333333334, "breach_p4": null, "wall_seconds": 0.015539283864200115}, "v2rl302": {"id": "c05_replay_150_0103_m0.75", "base_id": "c05_replay_150_0103", "campus": 5, "size": 150, "condition": "crew0.75", "sla_multiplier": 1.0, "crew_multiplier": 0.75, "method": "v2rl302", "seed": 302, "feasible": 1, "wwt": 43.45920000000001, "makespan": 99.6979, "mean_flow": 4.963277333333334, "breach_share": 0.013333333333333334, "breach_p1": null, "breach_p2": null, "breach_p3": 0.013333333333333334, "breach_p4": null, "wall_seconds": 0.01522465469315648}, "v2rl303": {"id": "c05_replay_150_0103_m0.75", "base_id": "c05_replay_150_0103", "campus": 5, "size": 150, "condition": "crew0.75", "sla_multiplier": 1.0, "crew_multiplier": 0.75, "method": "v2rl303", "seed": 303, "feasible": 1, "wwt": 43.45920000000001, "makespan": 99.6979, "mean_flow": 4.963277333333333, "breach_share": 0.013333333333333334, "breach_p1": null, "breach_p2": null, "breach_p3": 0.013333333333333334, "breach_p4": null, "wall_seconds": 0.015189320780336857}}, "methods_expected": ["edd", "wspt", "atc", "pfifo", "mor", "random", "v2rl301", "v2rl302", "v2rl303"], "infeasible": [], "wall_seconds_total": 0.04983053123578429}