{"shard_id": "c05_replay_150_0103_sla0.5", "id": "c05_replay_150_0103_sla0.5", "base_id": "c05_replay_150_0103", "campus": 5, "size": 150, "condition": "sla0.5", "rows": {"edd": {"id": "c05_replay_150_0103_sla0.5", "base_id": "c05_replay_150_0103", "campus": 5, "size": 150, "condition": "sla0.5", "sla_multiplier": 0.5, "crew_multiplier": 1.0, "method": "edd", "seed": 301, "feasible": 1, "wwt": 203.4592, "makespan": 99.6979, "mean_flow": 4.9420546666666665, "breach_share": 0.013333333333333334, "breach_p1": null, "breach_p2": null, "breach_p3": 0.013333333333333334, "breach_p4": null, "wall_seconds": 0.00026045599952340126}, "wspt": {"id": "c05_replay_150_0103_sla0.5", "base_id": "c05_replay_150_0103", "campus": 5, "size": 150, "condition": "sla0.5", "sla_multiplier": 0.5, "crew_multiplier": 1.0, "method": "wspt", "seed": 301, "feasible": 1, "wwt": 203.4592, "makespan": 99.6979, "mean_flow": 4.9420546666666665, "breach_share": 0.013333333333333334, "breach_p1": null, "breach_p2": null, "breach_p3": 0.013333333333333334, "breach_p4": null, "wall_seconds": 0.0002606878988444805}, "atc": {"id": "c05_replay_150_0103_sla0.5", "base_id": "c05_replay_150_0103", "campus": 5, "size": 150, "condition": "sla0.5", "sla_multiplier": 0.5, "crew_multiplier": 1.0, "method": "atc", "seed": 301, "feasible": 1, "wwt": 203.4592, "makespan": 99.6979, "mean_flow": 4.9420546666666665, "breach_share": 0.013333333333333334, "breach_p1": null, "breach_p2": null, "breach_p3": 0.013333333333333334, "breach_p4": null, "wall_seconds": 0.0002972763031721115}, "pfifo": {"id": "c05_replay_150_0103_sla0.5", "base_id": "c05_replay_150_0103", "campus": 5, "size": 150, "condition": "sla0.5", "sla_multiplier": 0.5, "crew_multiplier": 1.0, "method": "pfifo", "seed": 301, "feasible": 1, "wwt": 203.4592, "makespan": 99.6979, "mean_flow": 4.9420546666666665, "breach_share": 0.013333333333333334, "breach_p1": null, "breach_p2": null, "breach_p3": 0.013333333333333334, "breach_p4": null, "wall_seconds": 0.0002356269396841526}, "mor": {"id": "c05_replay_150_0103_sla0.5", "base_id": "c05_replay_150_0103", "campus": 5, "size": 150, "condition": "sla0.5", "sla_multiplier": 0.5, "crew_multiplier": 1.0, "method": "mor", "seed": 301, "feasible": 1, "wwt": 203.4592, "makespan": 99.6979, "mean_flow": 4.9420546666666665, "breach_share": 0.013333333333333334, "breach_p1": null, "breach_p2": null, "breach_p3": 0.013333333333333334, "breach_p4": null, "wall_seconds": 0.00023523392155766487}, "random": {"id": "c05_replay_150_0103_sla0.5", "base_id": "c05_replay_150_0103", "campus": 5, "size": 150, "condition": "sla0.5", "sla_multiplier": 0.5, "crew_multiplier": 1.0, "method": "random", "seed": 301, "feasible": 1, "wwt": 203.4592, "makespan": 99.6979, "mean_flow": 4.9420546666666665, "breach_share": 0.013333333333333334, "breach_p1": null, "breach_p2": null, "breach_p3": 0.013333333333333334, "breach_p4": null, "wall_seconds": 0.00022660894319415092}, "v2rl301": {"id": "c05_replay_150_0103_sla0.5", "base_id": "c05_replay_150_0103", "campus": 5, "size": 150, "condition": "sla0.5", "sla_multiplier": 0.5, "crew_multiplier": 1.0, "method": "v2rl301", "seed": 301, "feasible": 1, "wwt": 203.4592, "makespan": 99.6979, "mean_flow": 4.9420546666666665, "breach_share": 0.013333333333333334, "breach_p1": null, "breach_p2": null, "breach_p3": 0.013333333333333334, "breach_p4": null, "wall_seconds": 0.015475717838853598}, "v2rl302": {"id": "c05_replay_150_0103_sla0.5", "base_id": "c05_replay_150_0103", "campus": 5, "size": 150, "condition": "sla0.5", "sla_multiplier": 0.5, "crew_multiplier": 1.0, "method": "v2rl302", "seed": 302, "feasible": 1, "wwt": 203.4592, "makespan": 99.6979, "mean_flow": 4.9420546666666665, "breach_share": 0.013333333333333334, "breach_p1": null, "breach_p2": null, "breach_p3": 0.013333333333333334, "breach_p4": null, "wall_seconds": 0.015113577246665955}, "v2rl303": {"id": "c05_replay_150_0103_sla0.5", "base_id": "c05_replay_150_0103", "campus": 5, "size": 150, "condition": "sla0.5", "sla_multiplier": 0.5, "crew_multiplier": 1.0, "method": "v2rl303", "seed": 303, "feasible": 1, "wwt": 203.4592, "makespan": 99.6979, "mean_flow": 4.9420546666666665, "breach_share": 0.013333333333333334, "breach_p1": null, "breach_p2": null, "breach_p3": 0.013333333333333334, "breach_p4": null, "wall_seconds": 0.01555512985214591}}, "methods_expected": ["edd", "wspt", "atc", "pfifo", "mor", "random", "v2rl301", "v2rl302", "v2rl303"], "infeasible": [], "wall_seconds_total": 0.04971155524253845}