{"shard_id": "c05_replay_150_0126_sla0.5", "id": "c05_replay_150_0126_sla0.5", "base_id": "c05_replay_150_0126", "campus": 5, "size": 150, "condition": "sla0.5", "rows": {"edd": {"id": "c05_replay_150_0126_sla0.5", "base_id": "c05_replay_150_0126", "campus": 5, "size": 150, "condition": "sla0.5", "sla_multiplier": 0.5, "crew_multiplier": 1.0, "method": "edd", "seed": 301, "feasible": 1, "wwt": 9.299999999999983, "makespan": 96.5, "mean_flow": 27.792666666666666, "breach_share": 0.04, "breach_p1": null, "breach_p2": null, "breach_p3": 0.0, "breach_p4": 0.075, "wall_seconds": 0.0004260172136127949}, "wspt": {"id": "c05_replay_150_0126_sla0.5", "base_id": "c05_replay_150_0126", "campus": 5, "size": 150, "condition": "sla0.5", "sla_multiplier": 0.5, "crew_multiplier": 1.0, "method": "wspt", "seed": 301, "feasible": 1, "wwt": 5.299999999999997, "makespan": 99.0, "mean_flow": 16.259333333333334, "breach_share": 0.006666666666666667, "breach_p1": null, "breach_p2": null, "breach_p3": 0.0, "breach_p4": 0.0125, "wall_seconds": 0.0004368443042039871}, "atc": {"id": "c05_replay_150_0126_sla0.5", "base_id": "c05_replay_150_0126", "campus": 5, "size": 150, "condition": "sla0.5", "sla_multiplier": 0.5, "crew_multiplier": 1.0, "method": "atc", "seed": 301, "feasible": 1, "wwt": 5.299999999999997, "makespan": 99.0, "mean_flow": 16.259333333333334, "breach_share": 0.006666666666666667, "breach_p1": null, "breach_p2": null, "breach_p3": 0.0, "breach_p4": 0.0125, "wall_seconds": 0.0008546053431928158}, "pfifo": {"id": "c05_replay_150_0126_sla0.5", "base_id": "c05_replay_150_0126", "campus": 5, "size": 150, "condition": "sla0.5", "sla_multiplier": 0.5, "crew_multiplier": 1.0, "method": "pfifo", "seed": 301, "feasible": 1, "wwt": 9.299999999999983, "makespan": 96.5, "mean_flow": 27.792666666666666, "breach_share": 0.04, "breach_p1": null, "breach_p2": null, "breach_p3": 0.0, "breach_p4": 0.075, "wall_seconds": 0.0004353821277618408}, "mor": {"id": "c05_replay_150_0126_sla0.5", "base_id": "c05_replay_150_0126", "campus": 5, "size": 150, "condition": "sla0.5", "sla_multiplier": 0.5, "crew_multiplier": 1.0, "method": "mor", "seed": 301, "feasible": 1, "wwt": 15.799999999999969, "makespan": 96.5, "mean_flow": 34.349333333333334, "breach_share": 0.07333333333333333, "breach_p1": null, "breach_p2": null, "breach_p3": 0.0, "breach_p4": 0.1375, "wall_seconds": 0.0004032040014863014}, "random": {"id": "c05_replay_150_0126_sla0.5", "base_id": "c05_replay_150_0126", "campus": 5, "size": 150, "condition": "sla0.5", "sla_multiplier": 0.5, "crew_multiplier": 1.0, "method": "random", "seed": 301, "feasible": 1, "wwt": 5.8999999999999915, "makespan": 97.5, "mean_flow": 24.942666666666668, "breach_share": 0.02, "breach_p1": null, "breach_p2": null, "breach_p3": 0.0, "breach_p4": 0.0375, "wall_seconds": 0.00025473907589912415}, "v2rl301": {"id": "c05_replay_150_0126_sla0.5", "base_id": "c05_replay_150_0126", "campus": 5, "size": 150, "condition": "sla0.5", "sla_multiplier": 0.5, "crew_multiplier": 1.0, "method": "v2rl301", "seed": 301, "feasible": 1, "wwt": 15.799999999999969, "makespan": 96.5, "mean_flow": 34.349333333333334, "breach_share": 0.07333333333333333, "breach_p1": null, "breach_p2": null, "breach_p3": 0.0, "breach_p4": 0.1375, "wall_seconds": 0.017270022071897984}, "v2rl302": {"id": "c05_replay_150_0126_sla0.5", "base_id": "c05_replay_150_0126", "campus": 5, "size": 150, "condition": "sla0.5", "sla_multiplier": 0.5, "crew_multiplier": 1.0, "method": "v2rl302", "seed": 302, "feasible": 1, "wwt": 7.199999999999989, "makespan": 96.5, "mean_flow": 32.349333333333334, "breach_share": 0.02666666666666667, "breach_p1": null, "breach_p2": null, "breach_p3": 0.0, "breach_p4": 0.05, "wall_seconds": 0.01707274792715907}, "v2rl303": {"id": "c05_replay_150_0126_sla0.5", "base_id": "c05_replay_150_0126", "campus": 5, "size": 150, "condition": "sla0.5", "sla_multiplier": 0.5, "crew_multiplier": 1.0, "method": "v2rl303", "seed": 303, "feasible": 1, "wwt": 15.799999999999969, "makespan": 96.5, "mean_flow": 34.336, "breach_share": 0.07333333333333333, "breach_p1": null, "breach_p2": null, "breach_p3": 0.0, "breach_p4": 0.1375, "wall_seconds": 0.01705264998599887}}, "methods_expected": ["edd", "wspt", "atc", "pfifo", "mor", "random", "v2rl301", "v2rl302", "v2rl303"], "infeasible": [], "wall_seconds_total": 0.05628851801156998}