{"shard_id": "c05_replay_400_0102_sla0.5", "id": "c05_replay_400_0102_sla0.5", "base_id": "c05_replay_400_0102", "campus": 5, "size": 400, "condition": "sla0.5", "rows": {"edd": {"id": "c05_replay_400_0102_sla0.5", "base_id": "c05_replay_400_0102", "campus": 5, "size": 400, "condition": "sla0.5", "sla_multiplier": 0.5, "crew_multiplier": 1.0, "method": "edd", "seed": 301, "feasible": 1, "wwt": 62.400000000000006, "makespan": 74.2303, "mean_flow": 4.21495225, "breach_share": 0.0075, "breach_p1": null, "breach_p2": null, "breach_p3": 0.013888888888888888, "breach_p4": 0.0, "wall_seconds": 0.0010587098076939583}, "wspt": {"id": "c05_replay_400_0102_sla0.5", "base_id": "c05_replay_400_0102", "campus": 5, "size": 400, "condition": "sla0.5", "sla_multiplier": 0.5, "crew_multiplier": 1.0, "method": "wspt", "seed": 301, "feasible": 1, "wwt": 62.400000000000006, "makespan": 74.2303, "mean_flow": 4.04609875, "breach_share": 0.0075, "breach_p1": null, "breach_p2": null, "breach_p3": 0.013888888888888888, "breach_p4": 0.0, "wall_seconds": 0.0013523409143090248}, "atc": {"id": "c05_replay_400_0102_sla0.5", "base_id": "c05_replay_400_0102", "campus": 5, "size": 400, "condition": "sla0.5", "sla_multiplier": 0.5, "crew_multiplier": 1.0, "method": "atc", "seed": 301, "feasible": 1, "wwt": 62.400000000000006, "makespan": 74.2303, "mean_flow": 4.063784, "breach_share": 0.0075, "breach_p1": null, "breach_p2": null, "breach_p3": 0.013888888888888888, "breach_p4": 0.0, "wall_seconds": 0.0024968059733510017}, "pfifo": {"id": "c05_replay_400_0102_sla0.5", "base_id": "c05_replay_400_0102", "campus": 5, "size": 400, "condition": "sla0.5", "sla_multiplier": 0.5, "crew_multiplier": 1.0, "method": "pfifo", "seed": 301, "feasible": 1, "wwt": 62.400000000000006, "makespan": 74.2303, "mean_flow": 4.21495225, "breach_share": 0.0075, "breach_p1": null, "breach_p2": null, "breach_p3": 0.013888888888888888, "breach_p4": 0.0, "wall_seconds": 0.0011716531589627266}, "mor": {"id": "c05_replay_400_0102_sla0.5", "base_id": "c05_replay_400_0102", "campus": 5, "size": 400, "condition": "sla0.5", "sla_multiplier": 0.5, "crew_multiplier": 1.0, "method": "mor", "seed": 301, "feasible": 1, "wwt": 62.400000000000006, "makespan": 74.2303, "mean_flow": 4.47206725, "breach_share": 0.0075, "breach_p1": null, "breach_p2": null, "breach_p3": 0.013888888888888888, "breach_p4": 0.0, "wall_seconds": 0.0011174059472978115}, "random": {"id": "c05_replay_400_0102_sla0.5", "base_id": "c05_replay_400_0102", "campus": 5, "size": 400, "condition": "sla0.5", "sla_multiplier": 0.5, "crew_multiplier": 1.0, "method": "random", "seed": 301, "feasible": 1, "wwt": 62.400000000000006, "makespan": 74.2303, "mean_flow": 4.2065885000000005, "breach_share": 0.0075, "breach_p1": null, "breach_p2": null, "breach_p3": 0.013888888888888888, "breach_p4": 0.0, "wall_seconds": 0.0005714562721550465}, "v2rl301": {"id": "c05_replay_400_0102_sla0.5", "base_id": "c05_replay_400_0102", "campus": 5, "size": 400, "condition": "sla0.5", "sla_multiplier": 0.5, "crew_multiplier": 1.0, "method": "v2rl301", "seed": 301, "feasible": 1, "wwt": 62.400000000000006, "makespan": 74.2303, "mean_flow": 4.47206725, "breach_share": 0.0075, "breach_p1": null, "breach_p2": null, "breach_p3": 0.013888888888888888, "breach_p4": 0.0, "wall_seconds": 0.05124745797365904}, "v2rl302": {"id": "c05_replay_400_0102_sla0.5", "base_id": "c05_replay_400_0102", "campus": 5, "size": 400, "condition": "sla0.5", "sla_multiplier": 0.5, "crew_multiplier": 1.0, "method": "v2rl302", "seed": 302, "feasible": 1, "wwt": 62.400000000000006, "makespan": 74.2303, "mean_flow": 4.47206725, "breach_share": 0.0075, "breach_p1": null, "breach_p2": null, "breach_p3": 0.013888888888888888, "breach_p4": 0.0, "wall_seconds": 0.05157766304910183}, "v2rl303": {"id": "c05_replay_400_0102_sla0.5", "base_id": "c05_replay_400_0102", "campus": 5, "size": 400, "condition": "sla0.5", "sla_multiplier": 0.5, "crew_multiplier": 1.0, "method": "v2rl303", "seed": 303, "feasible": 1, "wwt": 62.400000000000006, "makespan": 74.2303, "mean_flow": 4.129192499999999, "breach_share": 0.0075, "breach_p1": null, "breach_p2": null, "breach_p3": 0.013888888888888888, "breach_p4": 0.0, "wall_seconds": 0.04990145890042186}}, "methods_expected": ["edd", "wspt", "atc", "pfifo", "mor", "random", "v2rl301", "v2rl302", "v2rl303"], "infeasible": [], "wall_seconds_total": 0.16512193996459246}