{"shard_id": "c05_replay_400_0116_m1.25", "id": "c05_replay_400_0116_m1.25", "base_id": "c05_replay_400_0116", "campus": 5, "size": 400, "condition": "crew1.25", "rows": {"edd": {"id": "c05_replay_400_0116_m1.25", "base_id": "c05_replay_400_0116", "campus": 5, "size": 400, "condition": "crew1.25", "sla_multiplier": 1.0, "crew_multiplier": 1.25, "method": "edd", "seed": 301, "feasible": 1, "wwt": 43.45920000000004, "makespan": 129.50900000000001, "mean_flow": 5.4194984999999996, "breach_share": 0.005, "breach_p1": null, "breach_p2": null, "breach_p3": 0.005763688760806916, "breach_p4": 0.0, "wall_seconds": 0.0006541828624904156}, "wspt": {"id": "c05_replay_400_0116_m1.25", "base_id": "c05_replay_400_0116", "campus": 5, "size": 400, "condition": "crew1.25", "sla_multiplier": 1.0, "crew_multiplier": 1.25, "method": "wspt", "seed": 301, "feasible": 1, "wwt": 43.45920000000004, "makespan": 129.50900000000001, "mean_flow": 5.319494, "breach_share": 0.005, "breach_p1": null, "breach_p2": null, "breach_p3": 0.005763688760806916, "breach_p4": 0.0, "wall_seconds": 0.0006835497915744781}, "atc": {"id": "c05_replay_400_0116_m1.25", "base_id": "c05_replay_400_0116", "campus": 5, "size": 400, "condition": "crew1.25", "sla_multiplier": 1.0, "crew_multiplier": 1.25, "method": "atc", "seed": 301, "feasible": 1, "wwt": 43.45920000000004, "makespan": 129.50900000000001, "mean_flow": 5.319494, "breach_share": 0.005, "breach_p1": null, "breach_p2": null, "breach_p3": 0.005763688760806916, "breach_p4": 0.0, "wall_seconds": 0.0009146616794168949}, "pfifo": {"id": "c05_replay_400_0116_m1.25", "base_id": "c05_replay_400_0116", "campus": 5, "size": 400, "condition": "crew1.25", "sla_multiplier": 1.0, "crew_multiplier": 1.25, "method": "pfifo", "seed": 301, "feasible": 1, "wwt": 43.45920000000004, "makespan": 129.50900000000001, "mean_flow": 5.4194984999999996, "breach_share": 0.005, "breach_p1": null, "breach_p2": null, "breach_p3": 0.005763688760806916, "breach_p4": 0.0, "wall_seconds": 0.0007075336761772633}, "mor": {"id": "c05_replay_400_0116_m1.25", "base_id": "c05_replay_400_0116", "campus": 5, "size": 400, "condition": "crew1.25", "sla_multiplier": 1.0, "crew_multiplier": 1.25, "method": "mor", "seed": 301, "feasible": 1, "wwt": 43.45920000000004, "makespan": 129.50900000000001, "mean_flow": 5.63341425, "breach_share": 0.005, "breach_p1": null, "breach_p2": null, "breach_p3": 0.005763688760806916, "breach_p4": 0.0, "wall_seconds": 0.0006884150207042694}, "random": {"id": "c05_replay_400_0116_m1.25", "base_id": "c05_replay_400_0116", "campus": 5, "size": 400, "condition": "crew1.25", "sla_multiplier": 1.0, "crew_multiplier": 1.25, "method": "random", "seed": 301, "feasible": 1, "wwt": 43.45920000000004, "makespan": 129.50900000000001, "mean_flow": 5.4344925, "breach_share": 0.005, "breach_p1": null, "breach_p2": null, "breach_p3": 0.005763688760806916, "breach_p4": 0.0, "wall_seconds": 0.0006326348520815372}, "v2rl301": {"id": "c05_replay_400_0116_m1.25", "base_id": "c05_replay_400_0116", "campus": 5, "size": 400, "condition": "crew1.25", "sla_multiplier": 1.0, "crew_multiplier": 1.25, "method": "v2rl301", "seed": 301, "feasible": 1, "wwt": 43.45920000000004, "makespan": 129.50900000000001, "mean_flow": 5.63341425, "breach_share": 0.005, "breach_p1": null, "breach_p2": null, "breach_p3": 0.005763688760806916, "breach_p4": 0.0, "wall_seconds": 0.04324833722785115}, "v2rl302": {"id": "c05_replay_400_0116_m1.25", "base_id": "c05_replay_400_0116", "campus": 5, "size": 400, "condition": "crew1.25", "sla_multiplier": 1.0, "crew_multiplier": 1.25, "method": "v2rl302", "seed": 302, "feasible": 1, "wwt": 43.45920000000004, "makespan": 129.50900000000001, "mean_flow": 5.61716275, "breach_share": 0.005, "breach_p1": null, "breach_p2": null, "breach_p3": 0.005763688760806916, "breach_p4": 0.0, "wall_seconds": 0.04221035307273269}, "v2rl303": {"id": "c05_replay_400_0116_m1.25", "base_id": "c05_replay_400_0116", "campus": 5, "size": 400, "condition": "crew1.25", "sla_multiplier": 1.0, "crew_multiplier": 1.25, "method": "v2rl303", "seed": 303, "feasible": 1, "wwt": 43.45920000000004, "makespan": 129.50900000000001, "mean_flow": 5.61716275, "breach_share": 0.005, "breach_p1": null, "breach_p2": null, "breach_p3": 0.005763688760806916, "breach_p4": 0.0, "wall_seconds": 0.04212616290897131}}, "methods_expected": ["edd", "wspt", "atc", "pfifo", "mor", "random", "v2rl301", "v2rl302", "v2rl303"], "infeasible": [], "wall_seconds_total": 0.13659859169274569}