{"shard_id": "c05_replay_150_0118_m1.25", "id": "c05_replay_150_0118_m1.25", "base_id": "c05_replay_150_0118", "campus": 5, "size": 150, "condition": "crew1.25", "rows": {"edd": {"id": "c05_replay_150_0118_m1.25", "base_id": "c05_replay_150_0118", "campus": 5, "size": 150, "condition": "crew1.25", "sla_multiplier": 1.0, "crew_multiplier": 1.25, "method": "edd", "seed": 301, "feasible": 1, "wwt": 2.0, "makespan": 89.0, "mean_flow": 3.9696146666666663, "breach_share": 0.006666666666666667, "breach_p1": null, "breach_p2": null, "breach_p3": 0.006666666666666667, "breach_p4": null, "wall_seconds": 0.0002600238658487797}, "wspt": {"id": "c05_replay_150_0118_m1.25", "base_id": "c05_replay_150_0118", "campus": 5, "size": 150, "condition": "crew1.25", "sla_multiplier": 1.0, "crew_multiplier": 1.25, "method": "wspt", "seed": 301, "feasible": 1, "wwt": 2.0, "makespan": 89.0, "mean_flow": 3.9696146666666663, "breach_share": 0.006666666666666667, "breach_p1": null, "breach_p2": null, "breach_p3": 0.006666666666666667, "breach_p4": null, "wall_seconds": 0.0002667810767889023}, "atc": {"id": "c05_replay_150_0118_m1.25", "base_id": "c05_replay_150_0118", "campus": 5, "size": 150, "condition": "crew1.25", "sla_multiplier": 1.0, "crew_multiplier": 1.25, "method": "atc", "seed": 301, "feasible": 1, "wwt": 2.0, "makespan": 89.0, "mean_flow": 3.9696146666666663, "breach_share": 0.006666666666666667, "breach_p1": null, "breach_p2": null, "breach_p3": 0.006666666666666667, "breach_p4": null, "wall_seconds": 0.00031268876045942307}, "pfifo": {"id": "c05_replay_150_0118_m1.25", "base_id": "c05_replay_150_0118", "campus": 5, "size": 150, "condition": "crew1.25", "sla_multiplier": 1.0, "crew_multiplier": 1.25, "method": "pfifo", "seed": 301, "feasible": 1, "wwt": 2.0, "makespan": 89.0, "mean_flow": 3.9696146666666663, "breach_share": 0.006666666666666667, "breach_p1": null, "breach_p2": null, "breach_p3": 0.006666666666666667, "breach_p4": null, "wall_seconds": 0.00024741096422076225}, "mor": {"id": "c05_replay_150_0118_m1.25", "base_id": "c05_replay_150_0118", "campus": 5, "size": 150, "condition": "crew1.25", "sla_multiplier": 1.0, "crew_multiplier": 1.25, "method": "mor", "seed": 301, "feasible": 1, "wwt": 2.0, "makespan": 89.0, "mean_flow": 3.9696146666666663, "breach_share": 0.006666666666666667, "breach_p1": null, "breach_p2": null, "breach_p3": 0.006666666666666667, "breach_p4": null, "wall_seconds": 0.0002542552538216114}, "random": {"id": "c05_replay_150_0118_m1.25", "base_id": "c05_replay_150_0118", "campus": 5, "size": 150, "condition": "crew1.25", "sla_multiplier": 1.0, "crew_multiplier": 1.25, "method": "random", "seed": 301, "feasible": 1, "wwt": 2.0, "makespan": 89.0, "mean_flow": 3.9696146666666663, "breach_share": 0.006666666666666667, "breach_p1": null, "breach_p2": null, "breach_p3": 0.006666666666666667, "breach_p4": null, "wall_seconds": 0.00023628585040569305}, "v2rl301": {"id": "c05_replay_150_0118_m1.25", "base_id": "c05_replay_150_0118", "campus": 5, "size": 150, "condition": "crew1.25", "sla_multiplier": 1.0, "crew_multiplier": 1.25, "method": "v2rl301", "seed": 301, "feasible": 1, "wwt": 2.0, "makespan": 89.0, "mean_flow": 3.9696146666666663, "breach_share": 0.006666666666666667, "breach_p1": null, "breach_p2": null, "breach_p3": 0.006666666666666667, "breach_p4": null, "wall_seconds": 0.015305025037378073}, "v2rl302": {"id": "c05_replay_150_0118_m1.25", "base_id": "c05_replay_150_0118", "campus": 5, "size": 150, "condition": "crew1.25", "sla_multiplier": 1.0, "crew_multiplier": 1.25, "method": "v2rl302", "seed": 302, "feasible": 1, "wwt": 2.0, "makespan": 89.0, "mean_flow": 3.9696146666666663, "breach_share": 0.006666666666666667, "breach_p1": null, "breach_p2": null, "breach_p3": 0.006666666666666667, "breach_p4": null, "wall_seconds": 0.014814667869359255}, "v2rl303": {"id": "c05_replay_150_0118_m1.25", "base_id": "c05_replay_150_0118", "campus": 5, "size": 150, "condition": "crew1.25", "sla_multiplier": 1.0, "crew_multiplier": 1.25, "method": "v2rl303", "seed": 303, "feasible": 1, "wwt": 2.0, "makespan": 89.0, "mean_flow": 3.9696146666666663, "breach_share": 0.006666666666666667, "breach_p1": null, "breach_p2": null, "breach_p3": 0.006666666666666667, "breach_p4": null, "wall_seconds": 0.014768123161047697}}, "methods_expected": ["edd", "wspt", "atc", "pfifo", "mor", "random", "v2rl301", "v2rl302", "v2rl303"], "infeasible": [], "wall_seconds_total": 0.048522309865802526}