{"shard_id": "c09_replay_400_0124_sla0.5", "id": "c09_replay_400_0124_sla0.5", "base_id": "c09_replay_400_0124", "campus": 9, "size": 400, "condition": "sla0.5", "rows": {"edd": {"id": "c09_replay_400_0124_sla0.5", "base_id": "c09_replay_400_0124", "campus": 9, "size": 400, "condition": "sla0.5", "sla_multiplier": 0.5, "crew_multiplier": 1.0, "method": "edd", "seed": 301, "feasible": 1, "wwt": 841.7888, "makespan": 114.8648, "mean_flow": 3.7801947500000006, "breach_share": 0.0325, "breach_p1": 0.4, "breach_p2": 0.058823529411764705, "breach_p3": 0.0, "breach_p4": 0.007434944237918215, "wall_seconds": 0.0006012818776071072}, "wspt": {"id": "c09_replay_400_0124_sla0.5", "base_id": "c09_replay_400_0124", "campus": 9, "size": 400, "condition": "sla0.5", "sla_multiplier": 0.5, "crew_multiplier": 1.0, "method": "wspt", "seed": 301, "feasible": 1, "wwt": 842.5388, "makespan": 115.6148, "mean_flow": 3.767903, "breach_share": 0.0325, "breach_p1": 0.4, "breach_p2": 0.058823529411764705, "breach_p3": 0.0, "breach_p4": 0.007434944237918215, "wall_seconds": 0.0006403452716767788}, "atc": {"id": "c09_replay_400_0124_sla0.5", "base_id": "c09_replay_400_0124", "campus": 9, "size": 400, "condition": "sla0.5", "sla_multiplier": 0.5, "crew_multiplier": 1.0, "method": "atc", "seed": 301, "feasible": 1, "wwt": 841.7888, "makespan": 114.8648, "mean_flow": 3.768528, "breach_share": 0.0325, "breach_p1": 0.4, "breach_p2": 0.058823529411764705, "breach_p3": 0.0, "breach_p4": 0.007434944237918215, "wall_seconds": 0.0008087758906185627}, "pfifo": {"id": "c09_replay_400_0124_sla0.5", "base_id": "c09_replay_400_0124", "campus": 9, "size": 400, "condition": "sla0.5", "sla_multiplier": 0.5, "crew_multiplier": 1.0, "method": "pfifo", "seed": 301, "feasible": 1, "wwt": 841.7888, "makespan": 114.8648, "mean_flow": 3.7801947500000006, "breach_share": 0.0325, "breach_p1": 0.4, "breach_p2": 0.058823529411764705, "breach_p3": 0.0, "breach_p4": 0.007434944237918215, "wall_seconds": 0.0005836589261889458}, "mor": {"id": "c09_replay_400_0124_sla0.5", "base_id": "c09_replay_400_0124", "campus": 9, "size": 400, "condition": "sla0.5", "sla_multiplier": 0.5, "crew_multiplier": 1.0, "method": "mor", "seed": 301, "feasible": 1, "wwt": 841.7888, "makespan": 114.8648, "mean_flow": 3.8222782500000005, "breach_share": 0.0325, "breach_p1": 0.4, "breach_p2": 0.058823529411764705, "breach_p3": 0.0, "breach_p4": 0.007434944237918215, "wall_seconds": 0.0005772029981017113}, "random": {"id": "c09_replay_400_0124_sla0.5", "base_id": "c09_replay_400_0124", "campus": 9, "size": 400, "condition": "sla0.5", "sla_multiplier": 0.5, "crew_multiplier": 1.0, "method": "random", "seed": 301, "feasible": 1, "wwt": 841.7888, "makespan": 114.8648, "mean_flow": 3.777278, "breach_share": 0.0325, "breach_p1": 0.4, "breach_p2": 0.058823529411764705, "breach_p3": 0.0, "breach_p4": 0.007434944237918215, "wall_seconds": 0.0005279723554849625}, "v2rl301": {"id": "c09_replay_400_0124_sla0.5", "base_id": "c09_replay_400_0124", "campus": 9, "size": 400, "condition": "sla0.5", "sla_multiplier": 0.5, "crew_multiplier": 1.0, "method": "v2rl301", "seed": 301, "feasible": 1, "wwt": 841.7888, "makespan": 114.8648, "mean_flow": 3.8020697500000007, "breach_share": 0.0325, "breach_p1": 0.4, "breach_p2": 0.058823529411764705, "breach_p3": 0.0, "breach_p4": 0.007434944237918215, "wall_seconds": 0.040398231241852045}, "v2rl302": {"id": "c09_replay_400_0124_sla0.5", "base_id": "c09_replay_400_0124", "campus": 9, "size": 400, "condition": "sla0.5", "sla_multiplier": 0.5, "crew_multiplier": 1.0, "method": "v2rl302", "seed": 302, "feasible": 1, "wwt": 841.7888, "makespan": 114.8648, "mean_flow": 3.804778, "breach_share": 0.0325, "breach_p1": 0.4, "breach_p2": 0.058823529411764705, "breach_p3": 0.0, "breach_p4": 0.007434944237918215, "wall_seconds": 0.04083525016903877}, "v2rl303": {"id": "c09_replay_400_0124_sla0.5", "base_id": "c09_replay_400_0124", "campus": 9, "size": 400, "condition": "sla0.5", "sla_multiplier": 0.5, "crew_multiplier": 1.0, "method": "v2rl303", "seed": 303, "feasible": 1, "wwt": 841.7888, "makespan": 114.8648, "mean_flow": 3.804778, "breach_share": 0.0325, "breach_p1": 0.4, "breach_p2": 0.058823529411764705, "breach_p3": 0.0, "breach_p4": 0.007434944237918215, "wall_seconds": 0.04078090889379382}}, "methods_expected": ["edd", "wspt", "atc", "pfifo", "mor", "random", "v2rl301", "v2rl302", "v2rl303"], "infeasible": [], "wall_seconds_total": 0.1301955166272819}