{"shard_id": "c09_replay_400_0124", "id": "c09_replay_400_0124", "base_id": "c09_replay_400_0124", "campus": 9, "size": 400, "condition": "baseline", "rows": {"edd": {"id": "c09_replay_400_0124", "base_id": "c09_replay_400_0124", "campus": 9, "size": 400, "condition": "baseline", "sla_multiplier": 1.0, "crew_multiplier": 1.0, "method": "edd", "seed": 301, "feasible": 1, "wwt": 499.45919999999995, "makespan": 114.8648, "mean_flow": 3.7801947500000006, "breach_share": 0.0125, "breach_p1": 0.2, "breach_p2": 0.025210084033613446, "breach_p3": 0.0, "breach_p4": 0.0, "wall_seconds": 0.0006300113163888454}, "wspt": {"id": "c09_replay_400_0124", "base_id": "c09_replay_400_0124", "campus": 9, "size": 400, "condition": "baseline", "sla_multiplier": 1.0, "crew_multiplier": 1.0, "method": "wspt", "seed": 301, "feasible": 1, "wwt": 499.45919999999995, "makespan": 115.6148, "mean_flow": 3.767903, "breach_share": 0.0125, "breach_p1": 0.2, "breach_p2": 0.025210084033613446, "breach_p3": 0.0, "breach_p4": 0.0, "wall_seconds": 0.0005992930382490158}, "atc": {"id": "c09_replay_400_0124", "base_id": "c09_replay_400_0124", "campus": 9, "size": 400, "condition": "baseline", "sla_multiplier": 1.0, "crew_multiplier": 1.0, "method": "atc", "seed": 301, "feasible": 1, "wwt": 499.45919999999995, "makespan": 114.8648, "mean_flow": 3.768528, "breach_share": 0.0125, "breach_p1": 0.2, "breach_p2": 0.025210084033613446, "breach_p3": 0.0, "breach_p4": 0.0, "wall_seconds": 0.0007974598556756973}, "pfifo": {"id": "c09_replay_400_0124", "base_id": "c09_replay_400_0124", "campus": 9, "size": 400, "condition": "baseline", "sla_multiplier": 1.0, "crew_multiplier": 1.0, "method": "pfifo", "seed": 301, "feasible": 1, "wwt": 499.45919999999995, "makespan": 114.8648, "mean_flow": 3.7801947500000006, "breach_share": 0.0125, "breach_p1": 0.2, "breach_p2": 0.025210084033613446, "breach_p3": 0.0, "breach_p4": 0.0, "wall_seconds": 0.0005827527493238449}, "mor": {"id": "c09_replay_400_0124", "base_id": "c09_replay_400_0124", "campus": 9, "size": 400, "condition": "baseline", "sla_multiplier": 1.0, "crew_multiplier": 1.0, "method": "mor", "seed": 301, "feasible": 1, "wwt": 499.45919999999995, "makespan": 114.8648, "mean_flow": 3.8222782500000005, "breach_share": 0.0125, "breach_p1": 0.2, "breach_p2": 0.025210084033613446, "breach_p3": 0.0, "breach_p4": 0.0, "wall_seconds": 0.0005767159163951874}, "random": {"id": "c09_replay_400_0124", "base_id": "c09_replay_400_0124", "campus": 9, "size": 400, "condition": "baseline", "sla_multiplier": 1.0, "crew_multiplier": 1.0, "method": "random", "seed": 301, "feasible": 1, "wwt": 499.45919999999995, "makespan": 114.8648, "mean_flow": 3.777278, "breach_share": 0.0125, "breach_p1": 0.2, "breach_p2": 0.025210084033613446, "breach_p3": 0.0, "breach_p4": 0.0, "wall_seconds": 0.0005337279289960861}, "v2rl301": {"id": "c09_replay_400_0124", "base_id": "c09_replay_400_0124", "campus": 9, "size": 400, "condition": "baseline", "sla_multiplier": 1.0, "crew_multiplier": 1.0, "method": "v2rl301", "seed": 301, "feasible": 1, "wwt": 499.45919999999995, "makespan": 114.8648, "mean_flow": 3.8045697500000006, "breach_share": 0.0125, "breach_p1": 0.2, "breach_p2": 0.025210084033613446, "breach_p3": 0.0, "breach_p4": 0.0, "wall_seconds": 0.04043731605634093}, "v2rl302": {"id": "c09_replay_400_0124", "base_id": "c09_replay_400_0124", "campus": 9, "size": 400, "condition": "baseline", "sla_multiplier": 1.0, "crew_multiplier": 1.0, "method": "v2rl302", "seed": 302, "feasible": 1, "wwt": 499.45919999999995, "makespan": 114.8648, "mean_flow": 3.804153, "breach_share": 0.0125, "breach_p1": 0.2, "breach_p2": 0.025210084033613446, "breach_p3": 0.0, "breach_p4": 0.0, "wall_seconds": 0.040933581069111824}, "v2rl303": {"id": "c09_replay_400_0124", "base_id": "c09_replay_400_0124", "campus": 9, "size": 400, "condition": "baseline", "sla_multiplier": 1.0, "crew_multiplier": 1.0, "method": "v2rl303", "seed": 303, "feasible": 1, "wwt": 499.45919999999995, "makespan": 114.8648, "mean_flow": 3.804778, "breach_share": 0.0125, "breach_p1": 0.2, "breach_p2": 0.025210084033613446, "breach_p3": 0.0, "breach_p4": 0.0, "wall_seconds": 0.04092041403055191}}, "methods_expected": ["edd", "wspt", "atc", "pfifo", "mor", "random", "v2rl301", "v2rl302", "v2rl303"], "infeasible": [], "wall_seconds_total": 0.12962494790554047}