{"shard_id": "c09_replay_400_0113_m0.75", "id": "c09_replay_400_0113_m0.75", "base_id": "c09_replay_400_0113", "campus": 9, "size": 400, "condition": "crew0.75", "rows": {"edd": {"id": "c09_replay_400_0113_m0.75", "base_id": "c09_replay_400_0113", "campus": 9, "size": 400, "condition": "crew0.75", "sla_multiplier": 1.0, "crew_multiplier": 0.75, "method": "edd", "seed": 301, "feasible": 1, "wwt": 566.0, "makespan": 67.75, "mean_flow": 11.4825, "breach_share": 0.0125, "breach_p1": 0.35714285714285715, "breach_p2": 0.0, "breach_p3": null, "breach_p4": 0.0, "wall_seconds": 0.0012564579956233501}, "wspt": {"id": "c09_replay_400_0113_m0.75", "base_id": "c09_replay_400_0113", "campus": 9, "size": 400, "condition": "crew0.75", "sla_multiplier": 1.0, "crew_multiplier": 0.75, "method": "wspt", "seed": 301, "feasible": 1, "wwt": 566.0, "makespan": 79.5, "mean_flow": 5.974375, "breach_share": 0.0125, "breach_p1": 0.35714285714285715, "breach_p2": 0.0, "breach_p3": null, "breach_p4": 0.0, "wall_seconds": 0.0015151980333030224}, "atc": {"id": "c09_replay_400_0113_m0.75", "base_id": "c09_replay_400_0113", "campus": 9, "size": 400, "condition": "crew0.75", "sla_multiplier": 1.0, "crew_multiplier": 0.75, "method": "atc", "seed": 301, "feasible": 1, "wwt": 566.0, "makespan": 79.5, "mean_flow": 6.581875, "breach_share": 0.0125, "breach_p1": 0.35714285714285715, "breach_p2": 0.0, "breach_p3": null, "breach_p4": 0.0, "wall_seconds": 0.0032483451068401337}, "pfifo": {"id": "c09_replay_400_0113_m0.75", "base_id": "c09_replay_400_0113", "campus": 9, "size": 400, "condition": "crew0.75", "sla_multiplier": 1.0, "crew_multiplier": 0.75, "method": "pfifo", "seed": 301, "feasible": 1, "wwt": 566.0, "makespan": 67.75, "mean_flow": 11.4825, "breach_share": 0.0125, "breach_p1": 0.35714285714285715, "breach_p2": 0.0, "breach_p3": null, "breach_p4": 0.0, "wall_seconds": 0.001343563199043274}, "mor": {"id": "c09_replay_400_0113_m0.75", "base_id": "c09_replay_400_0113", "campus": 9, "size": 400, "condition": "crew0.75", "sla_multiplier": 1.0, "crew_multiplier": 0.75, "method": "mor", "seed": 301, "feasible": 1, "wwt": 704.0, "makespan": 59.25, "mean_flow": 14.330625, "breach_share": 0.015, "breach_p1": 0.42857142857142855, "breach_p2": 0.0, "breach_p3": null, "breach_p4": 0.0, "wall_seconds": 0.0013029961846768856}, "random": {"id": "c09_replay_400_0113_m0.75", "base_id": "c09_replay_400_0113", "campus": 9, "size": 400, "condition": "crew0.75", "sla_multiplier": 1.0, "crew_multiplier": 0.75, "method": "random", "seed": 301, "feasible": 1, "wwt": 628.0, "makespan": 76.75, "mean_flow": 9.020625, "breach_share": 0.015, "breach_p1": 0.42857142857142855, "breach_p2": 0.0, "breach_p3": null, "breach_p4": 0.0, "wall_seconds": 0.0006368770264089108}, "v2rl301": {"id": "c09_replay_400_0113_m0.75", "base_id": "c09_replay_400_0113", "campus": 9, "size": 400, "condition": "crew0.75", "sla_multiplier": 1.0, "crew_multiplier": 0.75, "method": "v2rl301", "seed": 301, "feasible": 1, "wwt": 566.0, "makespan": 59.25, "mean_flow": 14.310625, "breach_share": 0.0125, "breach_p1": 0.35714285714285715, "breach_p2": 0.0, "breach_p3": null, "breach_p4": 0.0, "wall_seconds": 0.05311928689479828}, "v2rl302": {"id": "c09_replay_400_0113_m0.75", "base_id": "c09_replay_400_0113", "campus": 9, "size": 400, "condition": "crew0.75", "sla_multiplier": 1.0, "crew_multiplier": 0.75, "method": "v2rl302", "seed": 302, "feasible": 1, "wwt": 566.0, "makespan": 59.25, "mean_flow": 14.310625, "breach_share": 0.0125, "breach_p1": 0.35714285714285715, "breach_p2": 0.0, "breach_p3": null, "breach_p4": 0.0, "wall_seconds": 0.05343246087431908}, "v2rl303": {"id": "c09_replay_400_0113_m0.75", "base_id": "c09_replay_400_0113", "campus": 9, "size": 400, "condition": "crew0.75", "sla_multiplier": 1.0, "crew_multiplier": 0.75, "method": "v2rl303", "seed": 303, "feasible": 1, "wwt": 566.0, "makespan": 59.25, "mean_flow": 12.774375, "breach_share": 0.0125, "breach_p1": 0.35714285714285715, "breach_p2": 0.0, "breach_p3": null, "breach_p4": 0.0, "wall_seconds": 0.052984489127993584}}, "methods_expected": ["edd", "wspt", "atc", "pfifo", "mor", "random", "v2rl301", "v2rl302", "v2rl303"], "infeasible": [], "wall_seconds_total": 0.17323544388636947}