{"shard_id": "c09_replay_150_0117_sla0.5", "id": "c09_replay_150_0117_sla0.5", "base_id": "c09_replay_150_0117", "campus": 9, "size": 150, "condition": "sla0.5", "rows": {"edd": {"id": "c09_replay_150_0117_sla0.5", "base_id": "c09_replay_150_0117", "campus": 9, "size": 150, "condition": "sla0.5", "sla_multiplier": 0.5, "crew_multiplier": 1.0, "method": "edd", "seed": 301, "feasible": 1, "wwt": 54.0, "makespan": 35.25, "mean_flow": 3.533222666666667, "breach_share": 0.02, "breach_p1": 0.42857142857142855, "breach_p2": 0.0, "breach_p3": null, "breach_p4": 0.0, "wall_seconds": 0.000281729269772768}, "wspt": {"id": "c09_replay_150_0117_sla0.5", "base_id": "c09_replay_150_0117", "campus": 9, "size": 150, "condition": "sla0.5", "sla_multiplier": 0.5, "crew_multiplier": 1.0, "method": "wspt", "seed": 301, "feasible": 1, "wwt": 54.0, "makespan": 36.25, "mean_flow": 3.5114446666666663, "breach_share": 0.02, "breach_p1": 0.42857142857142855, "breach_p2": 0.0, "breach_p3": null, "breach_p4": 0.0, "wall_seconds": 0.00028759194537997246}, "atc": {"id": "c09_replay_150_0117_sla0.5", "base_id": "c09_replay_150_0117", "campus": 9, "size": 150, "condition": "sla0.5", "sla_multiplier": 0.5, "crew_multiplier": 1.0, "method": "atc", "seed": 301, "feasible": 1, "wwt": 54.0, "makespan": 36.25, "mean_flow": 3.5130000000000003, "breach_share": 0.02, "breach_p1": 0.42857142857142855, "breach_p2": 0.0, "breach_p3": null, "breach_p4": 0.0, "wall_seconds": 0.00034394580870866776}, "pfifo": {"id": "c09_replay_150_0117_sla0.5", "base_id": "c09_replay_150_0117", "campus": 9, "size": 150, "condition": "sla0.5", "sla_multiplier": 0.5, "crew_multiplier": 1.0, "method": "pfifo", "seed": 301, "feasible": 1, "wwt": 54.0, "makespan": 35.25, "mean_flow": 3.533222666666667, "breach_share": 0.02, "breach_p1": 0.42857142857142855, "breach_p2": 0.0, "breach_p3": null, "breach_p4": 0.0, "wall_seconds": 0.00025048619136214256}, "mor": {"id": "c09_replay_150_0117_sla0.5", "base_id": "c09_replay_150_0117", "campus": 9, "size": 150, "condition": "sla0.5", "sla_multiplier": 0.5, "crew_multiplier": 1.0, "method": "mor", "seed": 301, "feasible": 1, "wwt": 54.0, "makespan": 35.25, "mean_flow": 3.5613333333333337, "breach_share": 0.02, "breach_p1": 0.42857142857142855, "breach_p2": 0.0, "breach_p3": null, "breach_p4": 0.0, "wall_seconds": 0.0002468908205628395}, "random": {"id": "c09_replay_150_0117_sla0.5", "base_id": "c09_replay_150_0117", "campus": 9, "size": 150, "condition": "sla0.5", "sla_multiplier": 0.5, "crew_multiplier": 1.0, "method": "random", "seed": 301, "feasible": 1, "wwt": 60.1336, "makespan": 35.25, "mean_flow": 3.535222666666667, "breach_share": 0.02666666666666667, "breach_p1": 0.5714285714285714, "breach_p2": 0.0, "breach_p3": null, "breach_p4": 0.0, "wall_seconds": 0.00021792668849229813}, "v2rl301": {"id": "c09_replay_150_0117_sla0.5", "base_id": "c09_replay_150_0117", "campus": 9, "size": 150, "condition": "sla0.5", "sla_multiplier": 0.5, "crew_multiplier": 1.0, "method": "v2rl301", "seed": 301, "feasible": 1, "wwt": 54.0, "makespan": 35.25, "mean_flow": 3.543444666666667, "breach_share": 0.02, "breach_p1": 0.42857142857142855, "breach_p2": 0.0, "breach_p3": null, "breach_p4": 0.0, "wall_seconds": 0.01564904861152172}, "v2rl302": {"id": "c09_replay_150_0117_sla0.5", "base_id": "c09_replay_150_0117", "campus": 9, "size": 150, "condition": "sla0.5", "sla_multiplier": 0.5, "crew_multiplier": 1.0, "method": "v2rl302", "seed": 302, "feasible": 1, "wwt": 54.0, "makespan": 35.25, "mean_flow": 3.543444666666667, "breach_share": 0.02, "breach_p1": 0.42857142857142855, "breach_p2": 0.0, "breach_p3": null, "breach_p4": 0.0, "wall_seconds": 0.015450184233486652}, "v2rl303": {"id": "c09_replay_150_0117_sla0.5", "base_id": "c09_replay_150_0117", "campus": 9, "size": 150, "condition": "sla0.5", "sla_multiplier": 0.5, "crew_multiplier": 1.0, "method": "v2rl303", "seed": 303, "feasible": 1, "wwt": 54.0, "makespan": 35.25, "mean_flow": 3.543444666666667, "breach_share": 0.02, "breach_p1": 0.42857142857142855, "breach_p2": 0.0, "breach_p3": null, "breach_p4": 0.0, "wall_seconds": 0.015310697723180056}}, "methods_expected": ["edd", "wspt", "atc", "pfifo", "mor", "random", "v2rl301", "v2rl302", "v2rl303"], "infeasible": [], "wall_seconds_total": 0.05013191374018788}