{"shard_id": "c09_replay_400_0112_m1.25", "id": "c09_replay_400_0112_m1.25", "base_id": "c09_replay_400_0112", "campus": 9, "size": 400, "condition": "crew1.25", "rows": {"edd": {"id": "c09_replay_400_0112_m1.25", "base_id": "c09_replay_400_0112", "campus": 9, "size": 400, "condition": "crew1.25", "sla_multiplier": 1.0, "crew_multiplier": 1.25, "method": "edd", "seed": 301, "feasible": 1, "wwt": 103.00000000000001, "makespan": 106.75, "mean_flow": 4.1159177499999995, "breach_share": 0.0075, "breach_p1": 0.5, "breach_p2": 0.02564102564102564, "breach_p3": 0.0, "breach_p4": 0.0, "wall_seconds": 0.000770841259509325}, "wspt": {"id": "c09_replay_400_0112_m1.25", "base_id": "c09_replay_400_0112", "campus": 9, "size": 400, "condition": "crew1.25", "sla_multiplier": 1.0, "crew_multiplier": 1.25, "method": "wspt", "seed": 301, "feasible": 1, "wwt": 109.00000000000001, "makespan": 110.5, "mean_flow": 3.788584, "breach_share": 0.0075, "breach_p1": 0.5, "breach_p2": 0.02564102564102564, "breach_p3": 0.0, "breach_p4": 0.0, "wall_seconds": 0.0008210898377001286}, "atc": {"id": "c09_replay_400_0112_m1.25", "base_id": "c09_replay_400_0112", "campus": 9, "size": 400, "condition": "crew1.25", "sla_multiplier": 1.0, "crew_multiplier": 1.25, "method": "atc", "seed": 301, "feasible": 1, "wwt": 103.00000000000001, "makespan": 105.5, "mean_flow": 3.7981257500000005, "breach_share": 0.0075, "breach_p1": 0.5, "breach_p2": 0.02564102564102564, "breach_p3": 0.0, "breach_p4": 0.0, "wall_seconds": 0.0014211260713636875}, "pfifo": {"id": "c09_replay_400_0112_m1.25", "base_id": "c09_replay_400_0112", "campus": 9, "size": 400, "condition": "crew1.25", "sla_multiplier": 1.0, "crew_multiplier": 1.25, "method": "pfifo", "seed": 301, "feasible": 1, "wwt": 103.00000000000001, "makespan": 106.75, "mean_flow": 4.1159177499999995, "breach_share": 0.0075, "breach_p1": 0.5, "breach_p2": 0.02564102564102564, "breach_p3": 0.0, "breach_p4": 0.0, "wall_seconds": 0.0009479643777012825}, "mor": {"id": "c09_replay_400_0112_m1.25", "base_id": "c09_replay_400_0112", "campus": 9, "size": 400, "condition": "crew1.25", "sla_multiplier": 1.0, "crew_multiplier": 1.25, "method": "mor", "seed": 301, "feasible": 1, "wwt": 103.00000000000001, "makespan": 105.5, "mean_flow": 4.7408345, "breach_share": 0.0075, "breach_p1": 0.5, "breach_p2": 0.02564102564102564, "breach_p3": 0.0, "breach_p4": 0.0, "wall_seconds": 0.0007514860481023788}, "random": {"id": "c09_replay_400_0112_m1.25", "base_id": "c09_replay_400_0112", "campus": 9, "size": 400, "condition": "crew1.25", "sla_multiplier": 1.0, "crew_multiplier": 1.25, "method": "random", "seed": 301, "feasible": 1, "wwt": 109.00000000000001, "makespan": 107.5, "mean_flow": 4.05362625, "breach_share": 0.0075, "breach_p1": 0.5, "breach_p2": 0.02564102564102564, "breach_p3": 0.0, "breach_p4": 0.0, "wall_seconds": 0.0005268799141049385}, "v2rl301": {"id": "c09_replay_400_0112_m1.25", "base_id": "c09_replay_400_0112", "campus": 9, "size": 400, "condition": "crew1.25", "sla_multiplier": 1.0, "crew_multiplier": 1.25, "method": "v2rl301", "seed": 301, "feasible": 1, "wwt": 103.00000000000001, "makespan": 105.5, "mean_flow": 4.730834499999999, "breach_share": 0.0075, "breach_p1": 0.5, "breach_p2": 0.02564102564102564, "breach_p3": 0.0, "breach_p4": 0.0, "wall_seconds": 0.045660344418138266}, "v2rl302": {"id": "c09_replay_400_0112_m1.25", "base_id": "c09_replay_400_0112", "campus": 9, "size": 400, "condition": "crew1.25", "sla_multiplier": 1.0, "crew_multiplier": 1.25, "method": "v2rl302", "seed": 302, "feasible": 1, "wwt": 103.00000000000001, "makespan": 105.5, "mean_flow": 4.7244595, "breach_share": 0.0075, "breach_p1": 0.5, "breach_p2": 0.02564102564102564, "breach_p3": 0.0, "breach_p4": 0.0, "wall_seconds": 0.04450959013774991}, "v2rl303": {"id": "c09_replay_400_0112_m1.25", "base_id": "c09_replay_400_0112", "campus": 9, "size": 400, "condition": "crew1.25", "sla_multiplier": 1.0, "crew_multiplier": 1.25, "method": "v2rl303", "seed": 303, "feasible": 1, "wwt": 103.00000000000001, "makespan": 105.5, "mean_flow": 4.7244595, "breach_share": 0.0075, "breach_p1": 0.5, "breach_p2": 0.02564102564102564, "breach_p3": 0.0, "breach_p4": 0.0, "wall_seconds": 0.04460495710372925}}, "methods_expected": ["edd", "wspt", "atc", "pfifo", "mor", "random", "v2rl301", "v2rl302", "v2rl303"], "infeasible": [], "wall_seconds_total": 0.144656992983073}