{"shard_id": "c09_replay_400_0101_m1.25", "id": "c09_replay_400_0101_m1.25", "base_id": "c09_replay_400_0101", "campus": 9, "size": 400, "condition": "crew1.25", "rows": {"edd": {"id": "c09_replay_400_0101_m1.25", "base_id": "c09_replay_400_0101", "campus": 9, "size": 400, "condition": "crew1.25", "sla_multiplier": 1.0, "crew_multiplier": 1.25, "method": "edd", "seed": 301, "feasible": 1, "wwt": 419.5, "makespan": 125.75, "mean_flow": 3.72495825, "breach_share": 0.0175, "breach_p1": 0.23809523809523808, "breach_p2": 0.011111111111111112, "breach_p3": 0.25, "breach_p4": 0.0, "wall_seconds": 0.0006270152516663074}, "wspt": {"id": "c09_replay_400_0101_m1.25", "base_id": "c09_replay_400_0101", "campus": 9, "size": 400, "condition": "crew1.25", "sla_multiplier": 1.0, "crew_multiplier": 1.25, "method": "wspt", "seed": 301, "feasible": 1, "wwt": 419.5, "makespan": 125.75, "mean_flow": 3.7193332499999996, "breach_share": 0.0175, "breach_p1": 0.23809523809523808, "breach_p2": 0.011111111111111112, "breach_p3": 0.25, "breach_p4": 0.0, "wall_seconds": 0.0006260126829147339}, "atc": {"id": "c09_replay_400_0101_m1.25", "base_id": "c09_replay_400_0101", "campus": 9, "size": 400, "condition": "crew1.25", "sla_multiplier": 1.0, "crew_multiplier": 1.25, "method": "atc", "seed": 301, "feasible": 1, "wwt": 419.5, "makespan": 125.75, "mean_flow": 3.7193332499999996, "breach_share": 0.0175, "breach_p1": 0.23809523809523808, "breach_p2": 0.011111111111111112, "breach_p3": 0.25, "breach_p4": 0.0, "wall_seconds": 0.0008586728945374489}, "pfifo": {"id": "c09_replay_400_0101_m1.25", "base_id": "c09_replay_400_0101", "campus": 9, "size": 400, "condition": "crew1.25", "sla_multiplier": 1.0, "crew_multiplier": 1.25, "method": "pfifo", "seed": 301, "feasible": 1, "wwt": 419.5, "makespan": 125.75, "mean_flow": 3.72495825, "breach_share": 0.0175, "breach_p1": 0.23809523809523808, "breach_p2": 0.011111111111111112, "breach_p3": 0.25, "breach_p4": 0.0, "wall_seconds": 0.0006227097474038601}, "mor": {"id": "c09_replay_400_0101_m1.25", "base_id": "c09_replay_400_0101", "campus": 9, "size": 400, "condition": "crew1.25", "sla_multiplier": 1.0, "crew_multiplier": 1.25, "method": "mor", "seed": 301, "feasible": 1, "wwt": 419.5, "makespan": 125.75, "mean_flow": 3.7342085, "breach_share": 0.0175, "breach_p1": 0.23809523809523808, "breach_p2": 0.011111111111111112, "breach_p3": 0.25, "breach_p4": 0.0, "wall_seconds": 0.0006573661230504513}, "random": {"id": "c09_replay_400_0101_m1.25", "base_id": "c09_replay_400_0101", "campus": 9, "size": 400, "condition": "crew1.25", "sla_multiplier": 1.0, "crew_multiplier": 1.25, "method": "random", "seed": 301, "feasible": 1, "wwt": 419.5, "makespan": 125.75, "mean_flow": 3.7252085, "breach_share": 0.0175, "breach_p1": 0.23809523809523808, "breach_p2": 0.011111111111111112, "breach_p3": 0.25, "breach_p4": 0.0, "wall_seconds": 0.0006079659797251225}, "v2rl301": {"id": "c09_replay_400_0101_m1.25", "base_id": "c09_replay_400_0101", "campus": 9, "size": 400, "condition": "crew1.25", "sla_multiplier": 1.0, "crew_multiplier": 1.25, "method": "v2rl301", "seed": 301, "feasible": 1, "wwt": 419.5, "makespan": 125.75, "mean_flow": 3.7342085, "breach_share": 0.0175, "breach_p1": 0.23809523809523808, "breach_p2": 0.011111111111111112, "breach_p3": 0.25, "breach_p4": 0.0, "wall_seconds": 0.04148086393252015}, "v2rl302": {"id": "c09_replay_400_0101_m1.25", "base_id": "c09_replay_400_0101", "campus": 9, "size": 400, "condition": "crew1.25", "sla_multiplier": 1.0, "crew_multiplier": 1.25, "method": "v2rl302", "seed": 302, "feasible": 1, "wwt": 419.5, "makespan": 125.75, "mean_flow": 3.7342085, "breach_share": 0.0175, "breach_p1": 0.23809523809523808, "breach_p2": 0.011111111111111112, "breach_p3": 0.25, "breach_p4": 0.0, "wall_seconds": 0.040890518575906754}, "v2rl303": {"id": "c09_replay_400_0101_m1.25", "base_id": "c09_replay_400_0101", "campus": 9, "size": 400, "condition": "crew1.25", "sla_multiplier": 1.0, "crew_multiplier": 1.25, "method": "v2rl303", "seed": 303, "feasible": 1, "wwt": 419.5, "makespan": 125.75, "mean_flow": 3.7342085, "breach_share": 0.0175, "breach_p1": 0.23809523809523808, "breach_p2": 0.011111111111111112, "breach_p3": 0.25, "breach_p4": 0.0, "wall_seconds": 0.040777564980089664}}, "methods_expected": ["edd", "wspt", "atc", "pfifo", "mor", "random", "v2rl301", "v2rl302", "v2rl303"], "infeasible": [], "wall_seconds_total": 0.1316506559960544}