{"shard_id": "c09_replay_150_0122_m1.25", "id": "c09_replay_150_0122_m1.25", "base_id": "c09_replay_150_0122", "campus": 9, "size": 150, "condition": "crew1.25", "rows": {"edd": {"id": "c09_replay_150_0122_m1.25", "base_id": "c09_replay_150_0122", "campus": 9, "size": 150, "condition": "crew1.25", "sla_multiplier": 1.0, "crew_multiplier": 1.25, "method": "edd", "seed": 301, "feasible": 1, "wwt": 24.0, "makespan": 54.3833, "mean_flow": 3.5198886666666667, "breach_share": 0.006666666666666667, "breach_p1": 0.3333333333333333, "breach_p2": 0.0, "breach_p3": 0.0, "breach_p4": 0.0, "wall_seconds": 0.0002584480680525303}, "wspt": {"id": "c09_replay_150_0122_m1.25", "base_id": "c09_replay_150_0122", "campus": 9, "size": 150, "condition": "crew1.25", "sla_multiplier": 1.0, "crew_multiplier": 1.25, "method": "wspt", "seed": 301, "feasible": 1, "wwt": 24.0, "makespan": 54.3833, "mean_flow": 3.473222, "breach_share": 0.006666666666666667, "breach_p1": 0.3333333333333333, "breach_p2": 0.0, "breach_p3": 0.0, "breach_p4": 0.0, "wall_seconds": 0.000267022754997015}, "atc": {"id": "c09_replay_150_0122_m1.25", "base_id": "c09_replay_150_0122", "campus": 9, "size": 150, "condition": "crew1.25", "sla_multiplier": 1.0, "crew_multiplier": 1.25, "method": "atc", "seed": 301, "feasible": 1, "wwt": 24.0, "makespan": 54.3833, "mean_flow": 3.473222, "breach_share": 0.006666666666666667, "breach_p1": 0.3333333333333333, "breach_p2": 0.0, "breach_p3": 0.0, "breach_p4": 0.0, "wall_seconds": 0.0003343690186738968}, "pfifo": {"id": "c09_replay_150_0122_m1.25", "base_id": "c09_replay_150_0122", "campus": 9, "size": 150, "condition": "crew1.25", "sla_multiplier": 1.0, "crew_multiplier": 1.25, "method": "pfifo", "seed": 301, "feasible": 1, "wwt": 24.0, "makespan": 54.3833, "mean_flow": 3.5198886666666667, "breach_share": 0.006666666666666667, "breach_p1": 0.3333333333333333, "breach_p2": 0.0, "breach_p3": 0.0, "breach_p4": 0.0, "wall_seconds": 0.00024730386212468147}, "mor": {"id": "c09_replay_150_0122_m1.25", "base_id": "c09_replay_150_0122", "campus": 9, "size": 150, "condition": "crew1.25", "sla_multiplier": 1.0, "crew_multiplier": 1.25, "method": "mor", "seed": 301, "feasible": 1, "wwt": 24.0, "makespan": 54.3833, "mean_flow": 3.6032219999999997, "breach_share": 0.006666666666666667, "breach_p1": 0.3333333333333333, "breach_p2": 0.0, "breach_p3": 0.0, "breach_p4": 0.0, "wall_seconds": 0.00024497974663972855}, "random": {"id": "c09_replay_150_0122_m1.25", "base_id": "c09_replay_150_0122", "campus": 9, "size": 150, "condition": "crew1.25", "sla_multiplier": 1.0, "crew_multiplier": 1.25, "method": "random", "seed": 301, "feasible": 1, "wwt": 24.0, "makespan": 54.3833, "mean_flow": 3.5398886666666667, "breach_share": 0.006666666666666667, "breach_p1": 0.3333333333333333, "breach_p2": 0.0, "breach_p3": 0.0, "breach_p4": 0.0, "wall_seconds": 0.00022407714277505875}, "v2rl301": {"id": "c09_replay_150_0122_m1.25", "base_id": "c09_replay_150_0122", "campus": 9, "size": 150, "condition": "crew1.25", "sla_multiplier": 1.0, "crew_multiplier": 1.25, "method": "v2rl301", "seed": 301, "feasible": 1, "wwt": 24.0, "makespan": 54.3833, "mean_flow": 3.5832219999999997, "breach_share": 0.006666666666666667, "breach_p1": 0.3333333333333333, "breach_p2": 0.0, "breach_p3": 0.0, "breach_p4": 0.0, "wall_seconds": 0.027799997944384813}, "v2rl302": {"id": "c09_replay_150_0122_m1.25", "base_id": "c09_replay_150_0122", "campus": 9, "size": 150, "condition": "crew1.25", "sla_multiplier": 1.0, "crew_multiplier": 1.25, "method": "v2rl302", "seed": 302, "feasible": 1, "wwt": 24.0, "makespan": 54.3833, "mean_flow": 3.5832219999999997, "breach_share": 0.006666666666666667, "breach_p1": 0.3333333333333333, "breach_p2": 0.0, "breach_p3": 0.0, "breach_p4": 0.0, "wall_seconds": 0.01648968318477273}, "v2rl303": {"id": "c09_replay_150_0122_m1.25", "base_id": "c09_replay_150_0122", "campus": 9, "size": 150, "condition": "crew1.25", "sla_multiplier": 1.0, "crew_multiplier": 1.25, "method": "v2rl303", "seed": 303, "feasible": 1, "wwt": 24.0, "makespan": 54.3833, "mean_flow": 3.5832219999999997, "breach_share": 0.006666666666666667, "breach_p1": 0.3333333333333333, "breach_p2": 0.0, "breach_p3": 0.0, "breach_p4": 0.0, "wall_seconds": 0.01489451713860035}}, "methods_expected": ["edd", "wspt", "atc", "pfifo", "mor", "random", "v2rl301", "v2rl302", "v2rl303"], "infeasible": [], "wall_seconds_total": 0.06297040218487382}