{"shard_id": "c09_replay_400_0110_sla0.5", "id": "c09_replay_400_0110_sla0.5", "base_id": "c09_replay_400_0110", "campus": 9, "size": 400, "condition": "sla0.5", "rows": {"edd": {"id": "c09_replay_400_0110_sla0.5", "base_id": "c09_replay_400_0110", "campus": 9, "size": 400, "condition": "sla0.5", "sla_multiplier": 0.5, "crew_multiplier": 1.0, "method": "edd", "seed": 301, "feasible": 1, "wwt": 656.0, "makespan": 94.5, "mean_flow": 4.66075075, "breach_share": 0.0175, "breach_p1": 0.5714285714285714, "breach_p2": 0.04411764705882353, "breach_p3": 0.0, "breach_p4": 0.0, "wall_seconds": 0.0006775190122425556}, "wspt": {"id": "c09_replay_400_0110_sla0.5", "base_id": "c09_replay_400_0110", "campus": 9, "size": 400, "condition": "sla0.5", "sla_multiplier": 0.5, "crew_multiplier": 1.0, "method": "wspt", "seed": 301, "feasible": 1, "wwt": 656.0, "makespan": 94.5, "mean_flow": 3.931084, "breach_share": 0.0175, "breach_p1": 0.5714285714285714, "breach_p2": 0.04411764705882353, "breach_p3": 0.0, "breach_p4": 0.0, "wall_seconds": 0.0007193819619715214}, "atc": {"id": "c09_replay_400_0110_sla0.5", "base_id": "c09_replay_400_0110", "campus": 9, "size": 400, "condition": "sla0.5", "sla_multiplier": 0.5, "crew_multiplier": 1.0, "method": "atc", "seed": 301, "feasible": 1, "wwt": 656.0, "makespan": 94.5, "mean_flow": 4.010459, "breach_share": 0.0175, "breach_p1": 0.5714285714285714, "breach_p2": 0.04411764705882353, "breach_p3": 0.0, "breach_p4": 0.0, "wall_seconds": 0.0011049602180719376}, "pfifo": {"id": "c09_replay_400_0110_sla0.5", "base_id": "c09_replay_400_0110", "campus": 9, "size": 400, "condition": "sla0.5", "sla_multiplier": 0.5, "crew_multiplier": 1.0, "method": "pfifo", "seed": 301, "feasible": 1, "wwt": 656.0, "makespan": 94.5, "mean_flow": 4.66075075, "breach_share": 0.0175, "breach_p1": 0.5714285714285714, "breach_p2": 0.04411764705882353, "breach_p3": 0.0, "breach_p4": 0.0, "wall_seconds": 0.00067492900416255}, "mor": {"id": "c09_replay_400_0110_sla0.5", "base_id": "c09_replay_400_0110", "campus": 9, "size": 400, "condition": "sla0.5", "sla_multiplier": 0.5, "crew_multiplier": 1.0, "method": "mor", "seed": 301, "feasible": 1, "wwt": 656.0, "makespan": 94.5, "mean_flow": 4.9672925, "breach_share": 0.0175, "breach_p1": 0.5714285714285714, "breach_p2": 0.04411764705882353, "breach_p3": 0.0, "breach_p4": 0.0, "wall_seconds": 0.0006625461392104626}, "random": {"id": "c09_replay_400_0110_sla0.5", "base_id": "c09_replay_400_0110", "campus": 9, "size": 400, "condition": "sla0.5", "sla_multiplier": 0.5, "crew_multiplier": 1.0, "method": "random", "seed": 301, "feasible": 1, "wwt": 656.0, "makespan": 94.5, "mean_flow": 4.29229225, "breach_share": 0.0175, "breach_p1": 0.5714285714285714, "breach_p2": 0.04411764705882353, "breach_p3": 0.0, "breach_p4": 0.0, "wall_seconds": 0.0005212500691413879}, "v2rl301": {"id": "c09_replay_400_0110_sla0.5", "base_id": "c09_replay_400_0110", "campus": 9, "size": 400, "condition": "sla0.5", "sla_multiplier": 0.5, "crew_multiplier": 1.0, "method": "v2rl301", "seed": 301, "feasible": 1, "wwt": 656.0, "makespan": 94.5, "mean_flow": 4.9622925, "breach_share": 0.0175, "breach_p1": 0.5714285714285714, "breach_p2": 0.04411764705882353, "breach_p3": 0.0, "breach_p4": 0.0, "wall_seconds": 0.04200358595699072}, "v2rl302": {"id": "c09_replay_400_0110_sla0.5", "base_id": "c09_replay_400_0110", "campus": 9, "size": 400, "condition": "sla0.5", "sla_multiplier": 0.5, "crew_multiplier": 1.0, "method": "v2rl302", "seed": 302, "feasible": 1, "wwt": 656.0, "makespan": 94.5, "mean_flow": 4.9622925, "breach_share": 0.0175, "breach_p1": 0.5714285714285714, "breach_p2": 0.04411764705882353, "breach_p3": 0.0, "breach_p4": 0.0, "wall_seconds": 0.0416054823435843}, "v2rl303": {"id": "c09_replay_400_0110_sla0.5", "base_id": "c09_replay_400_0110", "campus": 9, "size": 400, "condition": "sla0.5", "sla_multiplier": 0.5, "crew_multiplier": 1.0, "method": "v2rl303", "seed": 303, "feasible": 1, "wwt": 656.0, "makespan": 94.5, "mean_flow": 4.879209, "breach_share": 0.0175, "breach_p1": 0.5714285714285714, "breach_p2": 0.04411764705882353, "breach_p3": 0.0, "breach_p4": 0.0, "wall_seconds": 0.04204637976363301}}, "methods_expected": ["edd", "wspt", "atc", "pfifo", "mor", "random", "v2rl301", "v2rl302", "v2rl303"], "infeasible": [], "wall_seconds_total": 0.1345451371744275}