{"shard_id": "c09_replay_150_0123", "id": "c09_replay_150_0123", "base_id": "c09_replay_150_0123", "campus": 9, "size": 150, "condition": "baseline", "rows": {"edd": {"id": "c09_replay_150_0123", "base_id": "c09_replay_150_0123", "campus": 9, "size": 150, "condition": "baseline", "sla_multiplier": 1.0, "crew_multiplier": 1.0, "method": "edd", "seed": 301, "feasible": 1, "wwt": 336.0, "makespan": 103.0, "mean_flow": 4.474666666666667, "breach_share": 0.02, "breach_p1": 0.14285714285714285, "breach_p2": 0.05, "breach_p3": null, "breach_p4": 0.0, "wall_seconds": 0.00026073306798934937}, "wspt": {"id": "c09_replay_150_0123", "base_id": "c09_replay_150_0123", "campus": 9, "size": 150, "condition": "baseline", "sla_multiplier": 1.0, "crew_multiplier": 1.0, "method": "wspt", "seed": 301, "feasible": 1, "wwt": 336.0, "makespan": 103.0, "mean_flow": 4.471333333333334, "breach_share": 0.02, "breach_p1": 0.14285714285714285, "breach_p2": 0.05, "breach_p3": null, "breach_p4": 0.0, "wall_seconds": 0.0002541812136769295}, "atc": {"id": "c09_replay_150_0123", "base_id": "c09_replay_150_0123", "campus": 9, "size": 150, "condition": "baseline", "sla_multiplier": 1.0, "crew_multiplier": 1.0, "method": "atc", "seed": 301, "feasible": 1, "wwt": 336.0, "makespan": 103.0, "mean_flow": 4.471333333333334, "breach_share": 0.02, "breach_p1": 0.14285714285714285, "breach_p2": 0.05, "breach_p3": null, "breach_p4": 0.0, "wall_seconds": 0.00033232010900974274}, "pfifo": {"id": "c09_replay_150_0123", "base_id": "c09_replay_150_0123", "campus": 9, "size": 150, "condition": "baseline", "sla_multiplier": 1.0, "crew_multiplier": 1.0, "method": "pfifo", "seed": 301, "feasible": 1, "wwt": 336.0, "makespan": 103.0, "mean_flow": 4.474666666666667, "breach_share": 0.02, "breach_p1": 0.14285714285714285, "breach_p2": 0.05, "breach_p3": null, "breach_p4": 0.0, "wall_seconds": 0.00024071801453828812}, "mor": {"id": "c09_replay_150_0123", "base_id": "c09_replay_150_0123", "campus": 9, "size": 150, "condition": "baseline", "sla_multiplier": 1.0, "crew_multiplier": 1.0, "method": "mor", "seed": 301, "feasible": 1, "wwt": 336.0, "makespan": 103.0, "mean_flow": 4.474666666666667, "breach_share": 0.02, "breach_p1": 0.14285714285714285, "breach_p2": 0.05, "breach_p3": null, "breach_p4": 0.0, "wall_seconds": 0.0002459329552948475}, "random": {"id": "c09_replay_150_0123", "base_id": "c09_replay_150_0123", "campus": 9, "size": 150, "condition": "baseline", "sla_multiplier": 1.0, "crew_multiplier": 1.0, "method": "random", "seed": 301, "feasible": 1, "wwt": 336.0, "makespan": 103.0, "mean_flow": 4.471333333333334, "breach_share": 0.02, "breach_p1": 0.14285714285714285, "breach_p2": 0.05, "breach_p3": null, "breach_p4": 0.0, "wall_seconds": 0.000215969979763031}, "v2rl301": {"id": "c09_replay_150_0123", "base_id": "c09_replay_150_0123", "campus": 9, "size": 150, "condition": "baseline", "sla_multiplier": 1.0, "crew_multiplier": 1.0, "method": "v2rl301", "seed": 301, "feasible": 1, "wwt": 336.0, "makespan": 103.0, "mean_flow": 4.474666666666667, "breach_share": 0.02, "breach_p1": 0.14285714285714285, "breach_p2": 0.05, "breach_p3": null, "breach_p4": 0.0, "wall_seconds": 0.015510272700339556}, "v2rl302": {"id": "c09_replay_150_0123", "base_id": "c09_replay_150_0123", "campus": 9, "size": 150, "condition": "baseline", "sla_multiplier": 1.0, "crew_multiplier": 1.0, "method": "v2rl302", "seed": 302, "feasible": 1, "wwt": 336.0, "makespan": 103.0, "mean_flow": 4.474666666666667, "breach_share": 0.02, "breach_p1": 0.14285714285714285, "breach_p2": 0.05, "breach_p3": null, "breach_p4": 0.0, "wall_seconds": 0.015619167126715183}, "v2rl303": {"id": "c09_replay_150_0123", "base_id": "c09_replay_150_0123", "campus": 9, "size": 150, "condition": "baseline", "sla_multiplier": 1.0, "crew_multiplier": 1.0, "method": "v2rl303", "seed": 303, "feasible": 1, "wwt": 336.0, "makespan": 103.0, "mean_flow": 4.474666666666667, "breach_share": 0.02, "breach_p1": 0.14285714285714285, "breach_p2": 0.05, "breach_p3": null, "breach_p4": 0.0, "wall_seconds": 0.015035527758300304}}, "methods_expected": ["edd", "wspt", "atc", "pfifo", "mor", "random", "v2rl301", "v2rl302", "v2rl303"], "infeasible": [], "wall_seconds_total": 0.04945575399324298}