{"shard_id": "c09_replay_150_0129_m1.25", "id": "c09_replay_150_0129_m1.25", "base_id": "c09_replay_150_0129", "campus": 9, "size": 150, "condition": "crew1.25", "rows": {"edd": {"id": "c09_replay_150_0129_m1.25", "base_id": "c09_replay_150_0129", "campus": 9, "size": 150, "condition": "crew1.25", "sla_multiplier": 1.0, "crew_multiplier": 1.25, "method": "edd", "seed": 301, "feasible": 1, "wwt": 18.0, "makespan": 77.75, "mean_flow": 3.87, "breach_share": 0.013333333333333334, "breach_p1": 0.14285714285714285, "breach_p2": 0.034482758620689655, "breach_p3": null, "breach_p4": 0.0, "wall_seconds": 0.0002683349885046482}, "wspt": {"id": "c09_replay_150_0129_m1.25", "base_id": "c09_replay_150_0129", "campus": 9, "size": 150, "condition": "crew1.25", "sla_multiplier": 1.0, "crew_multiplier": 1.25, "method": "wspt", "seed": 301, "feasible": 1, "wwt": 18.0, "makespan": 77.75, "mean_flow": 3.84, "breach_share": 0.013333333333333334, "breach_p1": 0.14285714285714285, "breach_p2": 0.034482758620689655, "breach_p3": null, "breach_p4": 0.0, "wall_seconds": 0.0002881307154893875}, "atc": {"id": "c09_replay_150_0129_m1.25", "base_id": "c09_replay_150_0129", "campus": 9, "size": 150, "condition": "crew1.25", "sla_multiplier": 1.0, "crew_multiplier": 1.25, "method": "atc", "seed": 301, "feasible": 1, "wwt": 18.0, "makespan": 77.75, "mean_flow": 3.84, "breach_share": 0.013333333333333334, "breach_p1": 0.14285714285714285, "breach_p2": 0.034482758620689655, "breach_p3": null, "breach_p4": 0.0, "wall_seconds": 0.00033910199999809265}, "pfifo": {"id": "c09_replay_150_0129_m1.25", "base_id": "c09_replay_150_0129", "campus": 9, "size": 150, "condition": "crew1.25", "sla_multiplier": 1.0, "crew_multiplier": 1.25, "method": "pfifo", "seed": 301, "feasible": 1, "wwt": 18.0, "makespan": 77.75, "mean_flow": 3.87, "breach_share": 0.013333333333333334, "breach_p1": 0.14285714285714285, "breach_p2": 0.034482758620689655, "breach_p3": null, "breach_p4": 0.0, "wall_seconds": 0.0002471008338034153}, "mor": {"id": "c09_replay_150_0129_m1.25", "base_id": "c09_replay_150_0129", "campus": 9, "size": 150, "condition": "crew1.25", "sla_multiplier": 1.0, "crew_multiplier": 1.25, "method": "mor", "seed": 301, "feasible": 1, "wwt": 18.0, "makespan": 77.75, "mean_flow": 3.94, "breach_share": 0.013333333333333334, "breach_p1": 0.14285714285714285, "breach_p2": 0.034482758620689655, "breach_p3": null, "breach_p4": 0.0, "wall_seconds": 0.0002667582593858242}, "random": {"id": "c09_replay_150_0129_m1.25", "base_id": "c09_replay_150_0129", "campus": 9, "size": 150, "condition": "crew1.25", "sla_multiplier": 1.0, "crew_multiplier": 1.25, "method": "random", "seed": 301, "feasible": 1, "wwt": 18.0, "makespan": 77.75, "mean_flow": 3.885, "breach_share": 0.013333333333333334, "breach_p1": 0.14285714285714285, "breach_p2": 0.034482758620689655, "breach_p3": null, "breach_p4": 0.0, "wall_seconds": 0.00023215822875499725}, "v2rl301": {"id": "c09_replay_150_0129_m1.25", "base_id": "c09_replay_150_0129", "campus": 9, "size": 150, "condition": "crew1.25", "sla_multiplier": 1.0, "crew_multiplier": 1.25, "method": "v2rl301", "seed": 301, "feasible": 1, "wwt": 18.0, "makespan": 77.75, "mean_flow": 3.94, "breach_share": 0.013333333333333334, "breach_p1": 0.14285714285714285, "breach_p2": 0.034482758620689655, "breach_p3": null, "breach_p4": 0.0, "wall_seconds": 0.015703966841101646}, "v2rl302": {"id": "c09_replay_150_0129_m1.25", "base_id": "c09_replay_150_0129", "campus": 9, "size": 150, "condition": "crew1.25", "sla_multiplier": 1.0, "crew_multiplier": 1.25, "method": "v2rl302", "seed": 302, "feasible": 1, "wwt": 18.0, "makespan": 77.75, "mean_flow": 3.94, "breach_share": 0.013333333333333334, "breach_p1": 0.14285714285714285, "breach_p2": 0.034482758620689655, "breach_p3": null, "breach_p4": 0.0, "wall_seconds": 0.015543660148978233}, "v2rl303": {"id": "c09_replay_150_0129_m1.25", "base_id": "c09_replay_150_0129", "campus": 9, "size": 150, "condition": "crew1.25", "sla_multiplier": 1.0, "crew_multiplier": 1.25, "method": "v2rl303", "seed": 303, "feasible": 1, "wwt": 18.0, "makespan": 77.75, "mean_flow": 3.94, "breach_share": 0.013333333333333334, "breach_p1": 0.14285714285714285, "breach_p2": 0.034482758620689655, "breach_p3": null, "breach_p4": 0.0, "wall_seconds": 0.01528370613232255}}, "methods_expected": ["edd", "wspt", "atc", "pfifo", "mor", "random", "v2rl301", "v2rl302", "v2rl303"], "infeasible": [], "wall_seconds_total": 0.05032325489446521}