{"shard_id": "c09_replay_400_0103_m1.25", "id": "c09_replay_400_0103_m1.25", "base_id": "c09_replay_400_0103", "campus": 9, "size": 400, "condition": "crew1.25", "rows": {"edd": {"id": "c09_replay_400_0103_m1.25", "base_id": "c09_replay_400_0103", "campus": 9, "size": 400, "condition": "crew1.25", "sla_multiplier": 1.0, "crew_multiplier": 1.25, "method": "edd", "seed": 301, "feasible": 1, "wwt": 160.0, "makespan": 100.0, "mean_flow": 4.01949975, "breach_share": 0.01, "breach_p1": 0.06666666666666667, "breach_p2": 0.03333333333333333, "breach_p3": 0.0, "breach_p4": 0.0, "wall_seconds": 0.0006322609260678291}, "wspt": {"id": "c09_replay_400_0103_m1.25", "base_id": "c09_replay_400_0103", "campus": 9, "size": 400, "condition": "crew1.25", "sla_multiplier": 1.0, "crew_multiplier": 1.25, "method": "wspt", "seed": 301, "feasible": 1, "wwt": 160.0, "makespan": 100.0, "mean_flow": 3.99262475, "breach_share": 0.01, "breach_p1": 0.06666666666666667, "breach_p2": 0.03333333333333333, "breach_p3": 0.0, "breach_p4": 0.0, "wall_seconds": 0.0006194319576025009}, "atc": {"id": "c09_replay_400_0103_m1.25", "base_id": "c09_replay_400_0103", "campus": 9, "size": 400, "condition": "crew1.25", "sla_multiplier": 1.0, "crew_multiplier": 1.25, "method": "atc", "seed": 301, "feasible": 1, "wwt": 160.0, "makespan": 100.0, "mean_flow": 3.99699975, "breach_share": 0.01, "breach_p1": 0.06666666666666667, "breach_p2": 0.03333333333333333, "breach_p3": 0.0, "breach_p4": 0.0, "wall_seconds": 0.0008562877774238586}, "pfifo": {"id": "c09_replay_400_0103_m1.25", "base_id": "c09_replay_400_0103", "campus": 9, "size": 400, "condition": "crew1.25", "sla_multiplier": 1.0, "crew_multiplier": 1.25, "method": "pfifo", "seed": 301, "feasible": 1, "wwt": 160.0, "makespan": 100.0, "mean_flow": 4.01949975, "breach_share": 0.01, "breach_p1": 0.06666666666666667, "breach_p2": 0.03333333333333333, "breach_p3": 0.0, "breach_p4": 0.0, "wall_seconds": 0.0006278390064835548}, "mor": {"id": "c09_replay_400_0103_m1.25", "base_id": "c09_replay_400_0103", "campus": 9, "size": 400, "condition": "crew1.25", "sla_multiplier": 1.0, "crew_multiplier": 1.25, "method": "mor", "seed": 301, "feasible": 1, "wwt": 160.0, "makespan": 100.0, "mean_flow": 4.036708, "breach_share": 0.01, "breach_p1": 0.06666666666666667, "breach_p2": 0.03333333333333333, "breach_p3": 0.0, "breach_p4": 0.0, "wall_seconds": 0.0006267372518777847}, "random": {"id": "c09_replay_400_0103_m1.25", "base_id": "c09_replay_400_0103", "campus": 9, "size": 400, "condition": "crew1.25", "sla_multiplier": 1.0, "crew_multiplier": 1.25, "method": "random", "seed": 301, "feasible": 1, "wwt": 160.0, "makespan": 100.0, "mean_flow": 4.00337475, "breach_share": 0.01, "breach_p1": 0.06666666666666667, "breach_p2": 0.03333333333333333, "breach_p3": 0.0, "breach_p4": 0.0, "wall_seconds": 0.0005655121058225632}, "v2rl301": {"id": "c09_replay_400_0103_m1.25", "base_id": "c09_replay_400_0103", "campus": 9, "size": 400, "condition": "crew1.25", "sla_multiplier": 1.0, "crew_multiplier": 1.25, "method": "v2rl301", "seed": 301, "feasible": 1, "wwt": 160.0, "makespan": 100.0, "mean_flow": 4.034208, "breach_share": 0.01, "breach_p1": 0.06666666666666667, "breach_p2": 0.03333333333333333, "breach_p3": 0.0, "breach_p4": 0.0, "wall_seconds": 0.04129227576777339}, "v2rl302": {"id": "c09_replay_400_0103_m1.25", "base_id": "c09_replay_400_0103", "campus": 9, "size": 400, "condition": "crew1.25", "sla_multiplier": 1.0, "crew_multiplier": 1.25, "method": "v2rl302", "seed": 302, "feasible": 1, "wwt": 160.0, "makespan": 100.0, "mean_flow": 4.034208, "breach_share": 0.01, "breach_p1": 0.06666666666666667, "breach_p2": 0.03333333333333333, "breach_p3": 0.0, "breach_p4": 0.0, "wall_seconds": 0.04056216683238745}, "v2rl303": {"id": "c09_replay_400_0103_m1.25", "base_id": "c09_replay_400_0103", "campus": 9, "size": 400, "condition": "crew1.25", "sla_multiplier": 1.0, "crew_multiplier": 1.25, "method": "v2rl303", "seed": 303, "feasible": 1, "wwt": 160.0, "makespan": 100.0, "mean_flow": 4.034208, "breach_share": 0.01, "breach_p1": 0.06666666666666667, "breach_p2": 0.03333333333333333, "breach_p3": 0.0, "breach_p4": 0.0, "wall_seconds": 0.04026162810623646}}, "methods_expected": ["edd", "wspt", "atc", "pfifo", "mor", "random", "v2rl301", "v2rl302", "v2rl303"], "infeasible": [], "wall_seconds_total": 0.13051710184663534}