{"shard_id": "c09_replay_150_0127", "id": "c09_replay_150_0127", "base_id": "c09_replay_150_0127", "campus": 9, "size": 150, "condition": "baseline", "rows": {"edd": {"id": "c09_replay_150_0127", "base_id": "c09_replay_150_0127", "campus": 9, "size": 150, "condition": "baseline", "sla_multiplier": 1.0, "crew_multiplier": 1.0, "method": "edd", "seed": 301, "feasible": 1, "wwt": 2.000000000000014, "makespan": 73.0, "mean_flow": 3.967888666666667, "breach_share": 0.006666666666666667, "breach_p1": 0.0, "breach_p2": 0.023255813953488372, "breach_p3": 0.0, "breach_p4": 0.0, "wall_seconds": 0.00024715764448046684}, "wspt": {"id": "c09_replay_150_0127", "base_id": "c09_replay_150_0127", "campus": 9, "size": 150, "condition": "baseline", "sla_multiplier": 1.0, "crew_multiplier": 1.0, "method": "wspt", "seed": 301, "feasible": 1, "wwt": 2.000000000000014, "makespan": 73.0, "mean_flow": 3.967888666666667, "breach_share": 0.006666666666666667, "breach_p1": 0.0, "breach_p2": 0.023255813953488372, "breach_p3": 0.0, "breach_p4": 0.0, "wall_seconds": 0.0002396879717707634}, "atc": {"id": "c09_replay_150_0127", "base_id": "c09_replay_150_0127", "campus": 9, "size": 150, "condition": "baseline", "sla_multiplier": 1.0, "crew_multiplier": 1.0, "method": "atc", "seed": 301, "feasible": 1, "wwt": 2.000000000000014, "makespan": 73.0, "mean_flow": 3.967888666666667, "breach_share": 0.006666666666666667, "breach_p1": 0.0, "breach_p2": 0.023255813953488372, "breach_p3": 0.0, "breach_p4": 0.0, "wall_seconds": 0.00029409490525722504}, "pfifo": {"id": "c09_replay_150_0127", "base_id": "c09_replay_150_0127", "campus": 9, "size": 150, "condition": "baseline", "sla_multiplier": 1.0, "crew_multiplier": 1.0, "method": "pfifo", "seed": 301, "feasible": 1, "wwt": 2.000000000000014, "makespan": 73.0, "mean_flow": 3.967888666666667, "breach_share": 0.006666666666666667, "breach_p1": 0.0, "breach_p2": 0.023255813953488372, "breach_p3": 0.0, "breach_p4": 0.0, "wall_seconds": 0.00023260200396180153}, "mor": {"id": "c09_replay_150_0127", "base_id": "c09_replay_150_0127", "campus": 9, "size": 150, "condition": "baseline", "sla_multiplier": 1.0, "crew_multiplier": 1.0, "method": "mor", "seed": 301, "feasible": 1, "wwt": 2.000000000000014, "makespan": 73.0, "mean_flow": 3.967888666666667, "breach_share": 0.006666666666666667, "breach_p1": 0.0, "breach_p2": 0.023255813953488372, "breach_p3": 0.0, "breach_p4": 0.0, "wall_seconds": 0.0002297060564160347}, "random": {"id": "c09_replay_150_0127", "base_id": "c09_replay_150_0127", "campus": 9, "size": 150, "condition": "baseline", "sla_multiplier": 1.0, "crew_multiplier": 1.0, "method": "random", "seed": 301, "feasible": 1, "wwt": 2.000000000000014, "makespan": 73.0, "mean_flow": 3.967888666666667, "breach_share": 0.006666666666666667, "breach_p1": 0.0, "breach_p2": 0.023255813953488372, "breach_p3": 0.0, "breach_p4": 0.0, "wall_seconds": 0.00024224398657679558}, "v2rl301": {"id": "c09_replay_150_0127", "base_id": "c09_replay_150_0127", "campus": 9, "size": 150, "condition": "baseline", "sla_multiplier": 1.0, "crew_multiplier": 1.0, "method": "v2rl301", "seed": 301, "feasible": 1, "wwt": 2.000000000000014, "makespan": 73.0, "mean_flow": 3.967888666666667, "breach_share": 0.006666666666666667, "breach_p1": 0.0, "breach_p2": 0.023255813953488372, "breach_p3": 0.0, "breach_p4": 0.0, "wall_seconds": 0.015283499844372272}, "v2rl302": {"id": "c09_replay_150_0127", "base_id": "c09_replay_150_0127", "campus": 9, "size": 150, "condition": "baseline", "sla_multiplier": 1.0, "crew_multiplier": 1.0, "method": "v2rl302", "seed": 302, "feasible": 1, "wwt": 2.000000000000014, "makespan": 73.0, "mean_flow": 3.967888666666667, "breach_share": 0.006666666666666667, "breach_p1": 0.0, "breach_p2": 0.023255813953488372, "breach_p3": 0.0, "breach_p4": 0.0, "wall_seconds": 0.01490006409585476}, "v2rl303": {"id": "c09_replay_150_0127", "base_id": "c09_replay_150_0127", "campus": 9, "size": 150, "condition": "baseline", "sla_multiplier": 1.0, "crew_multiplier": 1.0, "method": "v2rl303", "seed": 303, "feasible": 1, "wwt": 2.000000000000014, "makespan": 73.0, "mean_flow": 3.967888666666667, "breach_share": 0.006666666666666667, "breach_p1": 0.0, "breach_p2": 0.023255813953488372, "breach_p3": 0.0, "breach_p4": 0.0, "wall_seconds": 0.01502068992704153}}, "methods_expected": ["edd", "wspt", "atc", "pfifo", "mor", "random", "v2rl301", "v2rl302", "v2rl303"], "infeasible": [], "wall_seconds_total": 0.048461523838341236}