{"shard_id": "c09_replay_150_0103_m1.25", "id": "c09_replay_150_0103_m1.25", "base_id": "c09_replay_150_0103", "campus": 9, "size": 150, "condition": "crew1.25", "rows": {"edd": {"id": "c09_replay_150_0103_m1.25", "base_id": "c09_replay_150_0103", "campus": 9, "size": 150, "condition": "crew1.25", "sla_multiplier": 1.0, "crew_multiplier": 1.25, "method": "edd", "seed": 301, "feasible": 1, "wwt": 12.0, "makespan": 48.5, "mean_flow": 4.168333333333333, "breach_share": 0.013333333333333334, "breach_p1": 0.16666666666666666, "breach_p2": 0.034482758620689655, "breach_p3": null, "breach_p4": 0.0, "wall_seconds": 0.00027355924248695374}, "wspt": {"id": "c09_replay_150_0103_m1.25", "base_id": "c09_replay_150_0103", "campus": 9, "size": 150, "condition": "crew1.25", "sla_multiplier": 1.0, "crew_multiplier": 1.25, "method": "wspt", "seed": 301, "feasible": 1, "wwt": 12.0, "makespan": 48.5, "mean_flow": 4.133333333333334, "breach_share": 0.013333333333333334, "breach_p1": 0.16666666666666666, "breach_p2": 0.034482758620689655, "breach_p3": null, "breach_p4": 0.0, "wall_seconds": 0.0003086901269853115}, "atc": {"id": "c09_replay_150_0103_m1.25", "base_id": "c09_replay_150_0103", "campus": 9, "size": 150, "condition": "crew1.25", "sla_multiplier": 1.0, "crew_multiplier": 1.25, "method": "atc", "seed": 301, "feasible": 1, "wwt": 12.0, "makespan": 48.5, "mean_flow": 4.145, "breach_share": 0.013333333333333334, "breach_p1": 0.16666666666666666, "breach_p2": 0.034482758620689655, "breach_p3": null, "breach_p4": 0.0, "wall_seconds": 0.00038509024307131767}, "pfifo": {"id": "c09_replay_150_0103_m1.25", "base_id": "c09_replay_150_0103", "campus": 9, "size": 150, "condition": "crew1.25", "sla_multiplier": 1.0, "crew_multiplier": 1.25, "method": "pfifo", "seed": 301, "feasible": 1, "wwt": 12.0, "makespan": 48.5, "mean_flow": 4.168333333333333, "breach_share": 0.013333333333333334, "breach_p1": 0.16666666666666666, "breach_p2": 0.034482758620689655, "breach_p3": null, "breach_p4": 0.0, "wall_seconds": 0.00026340922340750694}, "mor": {"id": "c09_replay_150_0103_m1.25", "base_id": "c09_replay_150_0103", "campus": 9, "size": 150, "condition": "crew1.25", "sla_multiplier": 1.0, "crew_multiplier": 1.25, "method": "mor", "seed": 301, "feasible": 1, "wwt": 12.0, "makespan": 48.5, "mean_flow": 4.198333333333333, "breach_share": 0.013333333333333334, "breach_p1": 0.16666666666666666, "breach_p2": 0.034482758620689655, "breach_p3": null, "breach_p4": 0.0, "wall_seconds": 0.00026211701333522797}, "random": {"id": "c09_replay_150_0103_m1.25", "base_id": "c09_replay_150_0103", "campus": 9, "size": 150, "condition": "crew1.25", "sla_multiplier": 1.0, "crew_multiplier": 1.25, "method": "random", "seed": 301, "feasible": 1, "wwt": 12.0, "makespan": 48.5, "mean_flow": 4.16, "breach_share": 0.013333333333333334, "breach_p1": 0.16666666666666666, "breach_p2": 0.034482758620689655, "breach_p3": null, "breach_p4": 0.0, "wall_seconds": 0.0002284660004079342}, "v2rl301": {"id": "c09_replay_150_0103_m1.25", "base_id": "c09_replay_150_0103", "campus": 9, "size": 150, "condition": "crew1.25", "sla_multiplier": 1.0, "crew_multiplier": 1.25, "method": "v2rl301", "seed": 301, "feasible": 1, "wwt": 12.0, "makespan": 48.5, "mean_flow": 4.191666666666666, "breach_share": 0.013333333333333334, "breach_p1": 0.16666666666666666, "breach_p2": 0.034482758620689655, "breach_p3": null, "breach_p4": 0.0, "wall_seconds": 0.015662060119211674}, "v2rl302": {"id": "c09_replay_150_0103_m1.25", "base_id": "c09_replay_150_0103", "campus": 9, "size": 150, "condition": "crew1.25", "sla_multiplier": 1.0, "crew_multiplier": 1.25, "method": "v2rl302", "seed": 302, "feasible": 1, "wwt": 12.0, "makespan": 48.5, "mean_flow": 4.191666666666666, "breach_share": 0.013333333333333334, "breach_p1": 0.16666666666666666, "breach_p2": 0.034482758620689655, "breach_p3": null, "breach_p4": 0.0, "wall_seconds": 0.015415402129292488}, "v2rl303": {"id": "c09_replay_150_0103_m1.25", "base_id": "c09_replay_150_0103", "campus": 9, "size": 150, "condition": "crew1.25", "sla_multiplier": 1.0, "crew_multiplier": 1.25, "method": "v2rl303", "seed": 303, "feasible": 1, "wwt": 12.0, "makespan": 48.5, "mean_flow": 4.191666666666666, "breach_share": 0.013333333333333334, "breach_p1": 0.16666666666666666, "breach_p2": 0.034482758620689655, "breach_p3": null, "breach_p4": 0.0, "wall_seconds": 0.015452914871275425}}, "methods_expected": ["edd", "wspt", "atc", "pfifo", "mor", "random", "v2rl301", "v2rl302", "v2rl303"], "infeasible": [], "wall_seconds_total": 0.05036491109058261}