{"shard_id": "c09_replay_400_0102_m1.25", "id": "c09_replay_400_0102_m1.25", "base_id": "c09_replay_400_0102", "campus": 9, "size": 400, "condition": "crew1.25", "rows": {"edd": {"id": "c09_replay_400_0102_m1.25", "base_id": "c09_replay_400_0102", "campus": 9, "size": 400, "condition": "crew1.25", "sla_multiplier": 1.0, "crew_multiplier": 1.25, "method": "edd", "seed": 301, "feasible": 1, "wwt": 402.0, "makespan": 104.75, "mean_flow": 6.135, "breach_share": 0.01, "breach_p1": 0.16666666666666666, "breach_p2": 0.0, "breach_p3": null, "breach_p4": 0.0, "wall_seconds": 0.001051217783242464}, "wspt": {"id": "c09_replay_400_0102_m1.25", "base_id": "c09_replay_400_0102", "campus": 9, "size": 400, "condition": "crew1.25", "sla_multiplier": 1.0, "crew_multiplier": 1.25, "method": "wspt", "seed": 301, "feasible": 1, "wwt": 426.0, "makespan": 107.75, "mean_flow": 3.98125, "breach_share": 0.01, "breach_p1": 0.16666666666666666, "breach_p2": 0.0, "breach_p3": null, "breach_p4": 0.0, "wall_seconds": 0.0012564337812364101}, "atc": {"id": "c09_replay_400_0102_m1.25", "base_id": "c09_replay_400_0102", "campus": 9, "size": 400, "condition": "crew1.25", "sla_multiplier": 1.0, "crew_multiplier": 1.25, "method": "atc", "seed": 301, "feasible": 1, "wwt": 402.0, "makespan": 104.75, "mean_flow": 4.046875, "breach_share": 0.01, "breach_p1": 0.16666666666666666, "breach_p2": 0.0, "breach_p3": null, "breach_p4": 0.0, "wall_seconds": 0.0026160399429500103}, "pfifo": {"id": "c09_replay_400_0102_m1.25", "base_id": "c09_replay_400_0102", "campus": 9, "size": 400, "condition": "crew1.25", "sla_multiplier": 1.0, "crew_multiplier": 1.25, "method": "pfifo", "seed": 301, "feasible": 1, "wwt": 402.0, "makespan": 104.75, "mean_flow": 6.135, "breach_share": 0.01, "breach_p1": 0.16666666666666666, "breach_p2": 0.0, "breach_p3": null, "breach_p4": 0.0, "wall_seconds": 0.0011858679354190826}, "mor": {"id": "c09_replay_400_0102_m1.25", "base_id": "c09_replay_400_0102", "campus": 9, "size": 400, "condition": "crew1.25", "sla_multiplier": 1.0, "crew_multiplier": 1.25, "method": "mor", "seed": 301, "feasible": 1, "wwt": 434.0, "makespan": 104.75, "mean_flow": 7.645625, "breach_share": 0.0125, "breach_p1": 0.20833333333333334, "breach_p2": 0.0, "breach_p3": null, "breach_p4": 0.0, "wall_seconds": 0.001177369151264429}, "random": {"id": "c09_replay_400_0102_m1.25", "base_id": "c09_replay_400_0102", "campus": 9, "size": 400, "condition": "crew1.25", "sla_multiplier": 1.0, "crew_multiplier": 1.25, "method": "random", "seed": 301, "feasible": 1, "wwt": 446.0, "makespan": 106.75, "mean_flow": 5.1525, "breach_share": 0.0125, "breach_p1": 0.20833333333333334, "breach_p2": 0.0, "breach_p3": null, "breach_p4": 0.0, "wall_seconds": 0.0005213292315602303}, "v2rl301": {"id": "c09_replay_400_0102_m1.25", "base_id": "c09_replay_400_0102", "campus": 9, "size": 400, "condition": "crew1.25", "sla_multiplier": 1.0, "crew_multiplier": 1.25, "method": "v2rl301", "seed": 301, "feasible": 1, "wwt": 402.0, "makespan": 104.75, "mean_flow": 7.645625, "breach_share": 0.01, "breach_p1": 0.16666666666666666, "breach_p2": 0.0, "breach_p3": null, "breach_p4": 0.0, "wall_seconds": 0.05026143416762352}, "v2rl302": {"id": "c09_replay_400_0102_m1.25", "base_id": "c09_replay_400_0102", "campus": 9, "size": 400, "condition": "crew1.25", "sla_multiplier": 1.0, "crew_multiplier": 1.25, "method": "v2rl302", "seed": 302, "feasible": 1, "wwt": 402.0, "makespan": 104.75, "mean_flow": 7.645625, "breach_share": 0.01, "breach_p1": 0.16666666666666666, "breach_p2": 0.0, "breach_p3": null, "breach_p4": 0.0, "wall_seconds": 0.04914152203127742}, "v2rl303": {"id": "c09_replay_400_0102_m1.25", "base_id": "c09_replay_400_0102", "campus": 9, "size": 400, "condition": "crew1.25", "sla_multiplier": 1.0, "crew_multiplier": 1.25, "method": "v2rl303", "seed": 303, "feasible": 1, "wwt": 402.0, "makespan": 104.75, "mean_flow": 7.220625, "breach_share": 0.01, "breach_p1": 0.16666666666666666, "breach_p2": 0.0, "breach_p3": null, "breach_p4": 0.0, "wall_seconds": 0.04894162807613611}}, "methods_expected": ["edd", "wspt", "atc", "pfifo", "mor", "random", "v2rl301", "v2rl302", "v2rl303"], "infeasible": [], "wall_seconds_total": 0.16065533086657524}