{"shard_id": "c09_replay_400_0107_sla1.5", "id": "c09_replay_400_0107_sla1.5", "base_id": "c09_replay_400_0107", "campus": 9, "size": 400, "condition": "sla1.5", "rows": {"edd": {"id": "c09_replay_400_0107_sla1.5", "base_id": "c09_replay_400_0107", "campus": 9, "size": 400, "condition": "sla1.5", "sla_multiplier": 1.5, "crew_multiplier": 1.0, "method": "edd", "seed": 301, "feasible": 1, "wwt": 112.0, "makespan": 132.6148, "mean_flow": 4.277828, "breach_share": 0.0075, "breach_p1": 0.1, "breach_p2": 0.022222222222222223, "breach_p3": 0.0, "breach_p4": 0.0, "wall_seconds": 0.0007147351279854774}, "wspt": {"id": "c09_replay_400_0107_sla1.5", "base_id": "c09_replay_400_0107", "campus": 9, "size": 400, "condition": "sla1.5", "sla_multiplier": 1.5, "crew_multiplier": 1.0, "method": "wspt", "seed": 301, "feasible": 1, "wwt": 112.0, "makespan": 132.3648, "mean_flow": 3.7094115, "breach_share": 0.0075, "breach_p1": 0.1, "breach_p2": 0.022222222222222223, "breach_p3": 0.0, "breach_p4": 0.0, "wall_seconds": 0.0007526818662881851}, "atc": {"id": "c09_replay_400_0107_sla1.5", "base_id": "c09_replay_400_0107", "campus": 9, "size": 400, "condition": "sla1.5", "sla_multiplier": 1.5, "crew_multiplier": 1.0, "method": "atc", "seed": 301, "feasible": 1, "wwt": 112.0, "makespan": 130.8648, "mean_flow": 3.7231615, "breach_share": 0.0075, "breach_p1": 0.1, "breach_p2": 0.022222222222222223, "breach_p3": 0.0, "breach_p4": 0.0, "wall_seconds": 0.0012713689357042313}, "pfifo": {"id": "c09_replay_400_0107_sla1.5", "base_id": "c09_replay_400_0107", "campus": 9, "size": 400, "condition": "sla1.5", "sla_multiplier": 1.5, "crew_multiplier": 1.0, "method": "pfifo", "seed": 301, "feasible": 1, "wwt": 112.0, "makespan": 132.6148, "mean_flow": 4.277828, "breach_share": 0.0075, "breach_p1": 0.1, "breach_p2": 0.022222222222222223, "breach_p3": 0.0, "breach_p4": 0.0, "wall_seconds": 0.0007108733989298344}, "mor": {"id": "c09_replay_400_0107_sla1.5", "base_id": "c09_replay_400_0107", "campus": 9, "size": 400, "condition": "sla1.5", "sla_multiplier": 1.5, "crew_multiplier": 1.0, "method": "mor", "seed": 301, "feasible": 1, "wwt": 112.0, "makespan": 130.8648, "mean_flow": 4.726703, "breach_share": 0.0075, "breach_p1": 0.1, "breach_p2": 0.022222222222222223, "breach_p3": 0.0, "breach_p4": 0.0, "wall_seconds": 0.0007003443315625191}, "random": {"id": "c09_replay_400_0107_sla1.5", "base_id": "c09_replay_400_0107", "campus": 9, "size": 400, "condition": "sla1.5", "sla_multiplier": 1.5, "crew_multiplier": 1.0, "method": "random", "seed": 301, "feasible": 1, "wwt": 112.0, "makespan": 130.8648, "mean_flow": 3.9077445000000006, "breach_share": 0.0075, "breach_p1": 0.1, "breach_p2": 0.022222222222222223, "breach_p3": 0.0, "breach_p4": 0.0, "wall_seconds": 0.0005316268652677536}, "v2rl301": {"id": "c09_replay_400_0107_sla1.5", "base_id": "c09_replay_400_0107", "campus": 9, "size": 400, "condition": "sla1.5", "sla_multiplier": 1.5, "crew_multiplier": 1.0, "method": "v2rl301", "seed": 301, "feasible": 1, "wwt": 112.0, "makespan": 130.8648, "mean_flow": 4.709577749999999, "breach_share": 0.0075, "breach_p1": 0.1, "breach_p2": 0.022222222222222223, "breach_p3": 0.0, "breach_p4": 0.0, "wall_seconds": 0.04327092692255974}, "v2rl302": {"id": "c09_replay_400_0107_sla1.5", "base_id": "c09_replay_400_0107", "campus": 9, "size": 400, "condition": "sla1.5", "sla_multiplier": 1.5, "crew_multiplier": 1.0, "method": "v2rl302", "seed": 302, "feasible": 1, "wwt": 112.0, "makespan": 130.8648, "mean_flow": 4.70624475, "breach_share": 0.0075, "breach_p1": 0.1, "breach_p2": 0.022222222222222223, "breach_p3": 0.0, "breach_p4": 0.0, "wall_seconds": 0.043099997099488974}, "v2rl303": {"id": "c09_replay_400_0107_sla1.5", "base_id": "c09_replay_400_0107", "campus": 9, "size": 400, "condition": "sla1.5", "sla_multiplier": 1.5, "crew_multiplier": 1.0, "method": "v2rl303", "seed": 303, "feasible": 1, "wwt": 112.0, "makespan": 130.8648, "mean_flow": 4.70624475, "breach_share": 0.0075, "breach_p1": 0.1, "breach_p2": 0.022222222222222223, "breach_p3": 0.0, "breach_p4": 0.0, "wall_seconds": 0.042433327063918114}}, "methods_expected": ["edd", "wspt", "atc", "pfifo", "mor", "random", "v2rl301", "v2rl302", "v2rl303"], "infeasible": [], "wall_seconds_total": 0.13795626582577825}