{"shard_id": "c09_replay_400_0121_m1.25", "id": "c09_replay_400_0121_m1.25", "base_id": "c09_replay_400_0121", "campus": 9, "size": 400, "condition": "crew1.25", "rows": {"edd": {"id": "c09_replay_400_0121_m1.25", "base_id": "c09_replay_400_0121", "campus": 9, "size": 400, "condition": "crew1.25", "sla_multiplier": 1.0, "crew_multiplier": 1.25, "method": "edd", "seed": 301, "feasible": 1, "wwt": 208.0, "makespan": 88.5, "mean_flow": 3.48708325, "breach_share": 0.0175, "breach_p1": 0.05555555555555555, "breach_p2": 0.05405405405405406, "breach_p3": 0.0, "breach_p4": 0.0, "wall_seconds": 0.0006401878781616688}, "wspt": {"id": "c09_replay_400_0121_m1.25", "base_id": "c09_replay_400_0121", "campus": 9, "size": 400, "condition": "crew1.25", "sla_multiplier": 1.0, "crew_multiplier": 1.25, "method": "wspt", "seed": 301, "feasible": 1, "wwt": 208.0, "makespan": 88.5, "mean_flow": 3.48708325, "breach_share": 0.0175, "breach_p1": 0.05555555555555555, "breach_p2": 0.05405405405405406, "breach_p3": 0.0, "breach_p4": 0.0, "wall_seconds": 0.0006198789924383163}, "atc": {"id": "c09_replay_400_0121_m1.25", "base_id": "c09_replay_400_0121", "campus": 9, "size": 400, "condition": "crew1.25", "sla_multiplier": 1.0, "crew_multiplier": 1.25, "method": "atc", "seed": 301, "feasible": 1, "wwt": 208.0, "makespan": 88.5, "mean_flow": 3.48708325, "breach_share": 0.0175, "breach_p1": 0.05555555555555555, "breach_p2": 0.05405405405405406, "breach_p3": 0.0, "breach_p4": 0.0, "wall_seconds": 0.0008490770123898983}, "pfifo": {"id": "c09_replay_400_0121_m1.25", "base_id": "c09_replay_400_0121", "campus": 9, "size": 400, "condition": "crew1.25", "sla_multiplier": 1.0, "crew_multiplier": 1.25, "method": "pfifo", "seed": 301, "feasible": 1, "wwt": 208.0, "makespan": 88.5, "mean_flow": 3.48708325, "breach_share": 0.0175, "breach_p1": 0.05555555555555555, "breach_p2": 0.05405405405405406, "breach_p3": 0.0, "breach_p4": 0.0, "wall_seconds": 0.0005971980281174183}, "mor": {"id": "c09_replay_400_0121_m1.25", "base_id": "c09_replay_400_0121", "campus": 9, "size": 400, "condition": "crew1.25", "sla_multiplier": 1.0, "crew_multiplier": 1.25, "method": "mor", "seed": 301, "feasible": 1, "wwt": 208.0, "makespan": 88.5, "mean_flow": 3.48833325, "breach_share": 0.0175, "breach_p1": 0.05555555555555555, "breach_p2": 0.05405405405405406, "breach_p3": 0.0, "breach_p4": 0.0, "wall_seconds": 0.0005834558978676796}, "random": {"id": "c09_replay_400_0121_m1.25", "base_id": "c09_replay_400_0121", "campus": 9, "size": 400, "condition": "crew1.25", "sla_multiplier": 1.0, "crew_multiplier": 1.25, "method": "random", "seed": 301, "feasible": 1, "wwt": 208.0, "makespan": 88.5, "mean_flow": 3.48708325, "breach_share": 0.0175, "breach_p1": 0.05555555555555555, "breach_p2": 0.05405405405405406, "breach_p3": 0.0, "breach_p4": 0.0, "wall_seconds": 0.0005524652078747749}, "v2rl301": {"id": "c09_replay_400_0121_m1.25", "base_id": "c09_replay_400_0121", "campus": 9, "size": 400, "condition": "crew1.25", "sla_multiplier": 1.0, "crew_multiplier": 1.25, "method": "v2rl301", "seed": 301, "feasible": 1, "wwt": 208.0, "makespan": 88.5, "mean_flow": 3.48833325, "breach_share": 0.0175, "breach_p1": 0.05555555555555555, "breach_p2": 0.05405405405405406, "breach_p3": 0.0, "breach_p4": 0.0, "wall_seconds": 0.04083953099325299}, "v2rl302": {"id": "c09_replay_400_0121_m1.25", "base_id": "c09_replay_400_0121", "campus": 9, "size": 400, "condition": "crew1.25", "sla_multiplier": 1.0, "crew_multiplier": 1.25, "method": "v2rl302", "seed": 302, "feasible": 1, "wwt": 208.0, "makespan": 88.5, "mean_flow": 3.48833325, "breach_share": 0.0175, "breach_p1": 0.05555555555555555, "breach_p2": 0.05405405405405406, "breach_p3": 0.0, "breach_p4": 0.0, "wall_seconds": 0.0406921710819006}, "v2rl303": {"id": "c09_replay_400_0121_m1.25", "base_id": "c09_replay_400_0121", "campus": 9, "size": 400, "condition": "crew1.25", "sla_multiplier": 1.0, "crew_multiplier": 1.25, "method": "v2rl303", "seed": 303, "feasible": 1, "wwt": 208.0, "makespan": 88.5, "mean_flow": 3.48833325, "breach_share": 0.0175, "breach_p1": 0.05555555555555555, "breach_p2": 0.05405405405405406, "breach_p3": 0.0, "breach_p4": 0.0, "wall_seconds": 0.040745838079601526}}, "methods_expected": ["edd", "wspt", "atc", "pfifo", "mor", "random", "v2rl301", "v2rl302", "v2rl303"], "infeasible": [], "wall_seconds_total": 0.13067369488999248}