{"shard_id": "c09_replay_150_0125", "id": "c09_replay_150_0125", "base_id": "c09_replay_150_0125", "campus": 9, "size": 150, "condition": "baseline", "rows": {"edd": {"id": "c09_replay_150_0125", "base_id": "c09_replay_150_0125", "campus": 9, "size": 150, "condition": "baseline", "sla_multiplier": 1.0, "crew_multiplier": 1.0, "method": "edd", "seed": 301, "feasible": 1, "wwt": 95.0, "makespan": 52.8667, "mean_flow": 3.4616666666666664, "breach_share": 0.013333333333333334, "breach_p1": 0.0, "breach_p2": 0.045454545454545456, "breach_p3": 0.0, "breach_p4": 0.0, "wall_seconds": 0.0002828058786690235}, "wspt": {"id": "c09_replay_150_0125", "base_id": "c09_replay_150_0125", "campus": 9, "size": 150, "condition": "baseline", "sla_multiplier": 1.0, "crew_multiplier": 1.0, "method": "wspt", "seed": 301, "feasible": 1, "wwt": 95.0, "makespan": 52.8667, "mean_flow": 3.4616666666666664, "breach_share": 0.013333333333333334, "breach_p1": 0.0, "breach_p2": 0.045454545454545456, "breach_p3": 0.0, "breach_p4": 0.0, "wall_seconds": 0.0002585691399872303}, "atc": {"id": "c09_replay_150_0125", "base_id": "c09_replay_150_0125", "campus": 9, "size": 150, "condition": "baseline", "sla_multiplier": 1.0, "crew_multiplier": 1.0, "method": "atc", "seed": 301, "feasible": 1, "wwt": 95.0, "makespan": 52.8667, "mean_flow": 3.4616666666666664, "breach_share": 0.013333333333333334, "breach_p1": 0.0, "breach_p2": 0.045454545454545456, "breach_p3": 0.0, "breach_p4": 0.0, "wall_seconds": 0.00034797796979546547}, "pfifo": {"id": "c09_replay_150_0125", "base_id": "c09_replay_150_0125", "campus": 9, "size": 150, "condition": "baseline", "sla_multiplier": 1.0, "crew_multiplier": 1.0, "method": "pfifo", "seed": 301, "feasible": 1, "wwt": 95.0, "makespan": 52.8667, "mean_flow": 3.4616666666666664, "breach_share": 0.013333333333333334, "breach_p1": 0.0, "breach_p2": 0.045454545454545456, "breach_p3": 0.0, "breach_p4": 0.0, "wall_seconds": 0.000245687086135149}, "mor": {"id": "c09_replay_150_0125", "base_id": "c09_replay_150_0125", "campus": 9, "size": 150, "condition": "baseline", "sla_multiplier": 1.0, "crew_multiplier": 1.0, "method": "mor", "seed": 301, "feasible": 1, "wwt": 95.0, "makespan": 52.8667, "mean_flow": 3.4683333333333333, "breach_share": 0.013333333333333334, "breach_p1": 0.0, "breach_p2": 0.045454545454545456, "breach_p3": 0.0, "breach_p4": 0.0, "wall_seconds": 0.00024155713617801666}, "random": {"id": "c09_replay_150_0125", "base_id": "c09_replay_150_0125", "campus": 9, "size": 150, "condition": "baseline", "sla_multiplier": 1.0, "crew_multiplier": 1.0, "method": "random", "seed": 301, "feasible": 1, "wwt": 95.0, "makespan": 52.8667, "mean_flow": 3.4616666666666664, "breach_share": 0.013333333333333334, "breach_p1": 0.0, "breach_p2": 0.045454545454545456, "breach_p3": 0.0, "breach_p4": 0.0, "wall_seconds": 0.00021638395264744759}, "v2rl301": {"id": "c09_replay_150_0125", "base_id": "c09_replay_150_0125", "campus": 9, "size": 150, "condition": "baseline", "sla_multiplier": 1.0, "crew_multiplier": 1.0, "method": "v2rl301", "seed": 301, "feasible": 1, "wwt": 95.0, "makespan": 52.8667, "mean_flow": 3.4683333333333333, "breach_share": 0.013333333333333334, "breach_p1": 0.0, "breach_p2": 0.045454545454545456, "breach_p3": 0.0, "breach_p4": 0.0, "wall_seconds": 0.015462779439985752}, "v2rl302": {"id": "c09_replay_150_0125", "base_id": "c09_replay_150_0125", "campus": 9, "size": 150, "condition": "baseline", "sla_multiplier": 1.0, "crew_multiplier": 1.0, "method": "v2rl302", "seed": 302, "feasible": 1, "wwt": 95.0, "makespan": 52.8667, "mean_flow": 3.4683333333333333, "breach_share": 0.013333333333333334, "breach_p1": 0.0, "breach_p2": 0.045454545454545456, "breach_p3": 0.0, "breach_p4": 0.0, "wall_seconds": 0.015345799271017313}, "v2rl303": {"id": "c09_replay_150_0125", "base_id": "c09_replay_150_0125", "campus": 9, "size": 150, "condition": "baseline", "sla_multiplier": 1.0, "crew_multiplier": 1.0, "method": "v2rl303", "seed": 303, "feasible": 1, "wwt": 95.0, "makespan": 52.8667, "mean_flow": 3.4683333333333333, "breach_share": 0.013333333333333334, "breach_p1": 0.0, "breach_p2": 0.045454545454545456, "breach_p3": 0.0, "breach_p4": 0.0, "wall_seconds": 0.015466784127056599}}, "methods_expected": ["edd", "wspt", "atc", "pfifo", "mor", "random", "v2rl301", "v2rl302", "v2rl303"], "infeasible": [], "wall_seconds_total": 0.049580820836126804}