{"shard_id": "c09_replay_400_0128_m1.25", "id": "c09_replay_400_0128_m1.25", "base_id": "c09_replay_400_0128", "campus": 9, "size": 400, "condition": "crew1.25", "rows": {"edd": {"id": "c09_replay_400_0128_m1.25", "base_id": "c09_replay_400_0128", "campus": 9, "size": 400, "condition": "crew1.25", "sla_multiplier": 1.0, "crew_multiplier": 1.25, "method": "edd", "seed": 301, "feasible": 1, "wwt": 16.0, "makespan": 53.1333, "mean_flow": 4.74487525, "breach_share": 0.005, "breach_p1": 0.07142857142857142, "breach_p2": 0.023255813953488372, "breach_p3": 0.0, "breach_p4": 0.0, "wall_seconds": 0.0008910195901989937}, "wspt": {"id": "c09_replay_400_0128_m1.25", "base_id": "c09_replay_400_0128", "campus": 9, "size": 400, "condition": "crew1.25", "sla_multiplier": 1.0, "crew_multiplier": 1.25, "method": "wspt", "seed": 301, "feasible": 1, "wwt": 16.0, "makespan": 53.1333, "mean_flow": 3.91416675, "breach_share": 0.005, "breach_p1": 0.07142857142857142, "breach_p2": 0.023255813953488372, "breach_p3": 0.0, "breach_p4": 0.0, "wall_seconds": 0.0009394483640789986}, "atc": {"id": "c09_replay_400_0128_m1.25", "base_id": "c09_replay_400_0128", "campus": 9, "size": 400, "condition": "crew1.25", "sla_multiplier": 1.0, "crew_multiplier": 1.25, "method": "atc", "seed": 301, "feasible": 1, "wwt": 16.0, "makespan": 53.1333, "mean_flow": 3.93041675, "breach_share": 0.005, "breach_p1": 0.07142857142857142, "breach_p2": 0.023255813953488372, "breach_p3": 0.0, "breach_p4": 0.0, "wall_seconds": 0.0017418209463357925}, "pfifo": {"id": "c09_replay_400_0128_m1.25", "base_id": "c09_replay_400_0128", "campus": 9, "size": 400, "condition": "crew1.25", "sla_multiplier": 1.0, "crew_multiplier": 1.25, "method": "pfifo", "seed": 301, "feasible": 1, "wwt": 16.0, "makespan": 53.1333, "mean_flow": 4.74487525, "breach_share": 0.005, "breach_p1": 0.07142857142857142, "breach_p2": 0.023255813953488372, "breach_p3": 0.0, "breach_p4": 0.0, "wall_seconds": 0.0008826320990920067}, "mor": {"id": "c09_replay_400_0128_m1.25", "base_id": "c09_replay_400_0128", "campus": 9, "size": 400, "condition": "crew1.25", "sla_multiplier": 1.0, "crew_multiplier": 1.25, "method": "mor", "seed": 301, "feasible": 1, "wwt": 16.0, "makespan": 53.1333, "mean_flow": 5.51679225, "breach_share": 0.005, "breach_p1": 0.07142857142857142, "breach_p2": 0.023255813953488372, "breach_p3": 0.0, "breach_p4": 0.0, "wall_seconds": 0.0008941050618886948}, "random": {"id": "c09_replay_400_0128_m1.25", "base_id": "c09_replay_400_0128", "campus": 9, "size": 400, "condition": "crew1.25", "sla_multiplier": 1.0, "crew_multiplier": 1.25, "method": "random", "seed": 301, "feasible": 1, "wwt": 16.0, "makespan": 53.1333, "mean_flow": 4.52350025, "breach_share": 0.005, "breach_p1": 0.07142857142857142, "breach_p2": 0.023255813953488372, "breach_p3": 0.0, "breach_p4": 0.0, "wall_seconds": 0.0005340860225260258}, "v2rl301": {"id": "c09_replay_400_0128_m1.25", "base_id": "c09_replay_400_0128", "campus": 9, "size": 400, "condition": "crew1.25", "sla_multiplier": 1.0, "crew_multiplier": 1.25, "method": "v2rl301", "seed": 301, "feasible": 1, "wwt": 16.0, "makespan": 53.1333, "mean_flow": 5.45616725, "breach_share": 0.005, "breach_p1": 0.07142857142857142, "breach_p2": 0.023255813953488372, "breach_p3": 0.0, "breach_p4": 0.0, "wall_seconds": 0.04600551072508097}, "v2rl302": {"id": "c09_replay_400_0128_m1.25", "base_id": "c09_replay_400_0128", "campus": 9, "size": 400, "condition": "crew1.25", "sla_multiplier": 1.0, "crew_multiplier": 1.25, "method": "v2rl302", "seed": 302, "feasible": 1, "wwt": 16.0, "makespan": 53.1333, "mean_flow": 5.453042249999999, "breach_share": 0.005, "breach_p1": 0.07142857142857142, "breach_p2": 0.023255813953488372, "breach_p3": 0.0, "breach_p4": 0.0, "wall_seconds": 0.04604772897437215}, "v2rl303": {"id": "c09_replay_400_0128_m1.25", "base_id": "c09_replay_400_0128", "campus": 9, "size": 400, "condition": "crew1.25", "sla_multiplier": 1.0, "crew_multiplier": 1.25, "method": "v2rl303", "seed": 303, "feasible": 1, "wwt": 16.0, "makespan": 53.1333, "mean_flow": 5.4010005, "breach_share": 0.005, "breach_p1": 0.07142857142857142, "breach_p2": 0.023255813953488372, "breach_p3": 0.0, "breach_p4": 0.0, "wall_seconds": 0.04565617488697171}}, "methods_expected": ["edd", "wspt", "atc", "pfifo", "mor", "random", "v2rl301", "v2rl302", "v2rl303"], "infeasible": [], "wall_seconds_total": 0.14835182903334498}