{"shard_id": "c09_replay_400_0106_m0.75", "id": "c09_replay_400_0106_m0.75", "base_id": "c09_replay_400_0106", "campus": 9, "size": 400, "condition": "crew0.75", "rows": {"edd": {"id": "c09_replay_400_0106_m0.75", "base_id": "c09_replay_400_0106", "campus": 9, "size": 400, "condition": "crew0.75", "sla_multiplier": 1.0, "crew_multiplier": 0.75, "method": "edd", "seed": 301, "feasible": 1, "wwt": 112.0, "makespan": 102.0, "mean_flow": 5.08866625, "breach_share": 0.0075, "breach_p1": 0.11764705882352941, "breach_p2": 0.012195121951219513, "breach_p3": 0.0, "breach_p4": 0.0, "wall_seconds": 0.0006340253166854382}, "wspt": {"id": "c09_replay_400_0106_m0.75", "base_id": "c09_replay_400_0106", "campus": 9, "size": 400, "condition": "crew0.75", "sla_multiplier": 1.0, "crew_multiplier": 0.75, "method": "wspt", "seed": 301, "feasible": 1, "wwt": 112.0, "makespan": 121.9333, "mean_flow": 4.2977495, "breach_share": 0.0075, "breach_p1": 0.11764705882352941, "breach_p2": 0.012195121951219513, "breach_p3": 0.0, "breach_p4": 0.0, "wall_seconds": 0.0006546559743583202}, "atc": {"id": "c09_replay_400_0106_m0.75", "base_id": "c09_replay_400_0106", "campus": 9, "size": 400, "condition": "crew0.75", "sla_multiplier": 1.0, "crew_multiplier": 0.75, "method": "atc", "seed": 301, "feasible": 1, "wwt": 112.0, "makespan": 102.0, "mean_flow": 4.36241625, "breach_share": 0.0075, "breach_p1": 0.11764705882352941, "breach_p2": 0.012195121951219513, "breach_p3": 0.0, "breach_p4": 0.0, "wall_seconds": 0.0009276540949940681}, "pfifo": {"id": "c09_replay_400_0106_m0.75", "base_id": "c09_replay_400_0106", "campus": 9, "size": 400, "condition": "crew0.75", "sla_multiplier": 1.0, "crew_multiplier": 0.75, "method": "pfifo", "seed": 301, "feasible": 1, "wwt": 112.0, "makespan": 102.0, "mean_flow": 5.08866625, "breach_share": 0.0075, "breach_p1": 0.11764705882352941, "breach_p2": 0.012195121951219513, "breach_p3": 0.0, "breach_p4": 0.0, "wall_seconds": 0.0006252387538552284}, "mor": {"id": "c09_replay_400_0106_m0.75", "base_id": "c09_replay_400_0106", "campus": 9, "size": 400, "condition": "crew0.75", "sla_multiplier": 1.0, "crew_multiplier": 0.75, "method": "mor", "seed": 301, "feasible": 1, "wwt": 112.0, "makespan": 102.0, "mean_flow": 5.309791250000001, "breach_share": 0.0075, "breach_p1": 0.11764705882352941, "breach_p2": 0.012195121951219513, "breach_p3": 0.0, "breach_p4": 0.0, "wall_seconds": 0.0006100260652601719}, "random": {"id": "c09_replay_400_0106_m0.75", "base_id": "c09_replay_400_0106", "campus": 9, "size": 400, "condition": "crew0.75", "sla_multiplier": 1.0, "crew_multiplier": 0.75, "method": "random", "seed": 301, "feasible": 1, "wwt": 112.0, "makespan": 115.5, "mean_flow": 4.55683275, "breach_share": 0.0075, "breach_p1": 0.11764705882352941, "breach_p2": 0.012195121951219513, "breach_p3": 0.0, "breach_p4": 0.0, "wall_seconds": 0.000521449837833643}, "v2rl301": {"id": "c09_replay_400_0106_m0.75", "base_id": "c09_replay_400_0106", "campus": 9, "size": 400, "condition": "crew0.75", "sla_multiplier": 1.0, "crew_multiplier": 0.75, "method": "v2rl301", "seed": 301, "feasible": 1, "wwt": 112.0, "makespan": 102.0, "mean_flow": 5.29820775, "breach_share": 0.0075, "breach_p1": 0.11764705882352941, "breach_p2": 0.012195121951219513, "breach_p3": 0.0, "breach_p4": 0.0, "wall_seconds": 0.041439144406467676}, "v2rl302": {"id": "c09_replay_400_0106_m0.75", "base_id": "c09_replay_400_0106", "campus": 9, "size": 400, "condition": "crew0.75", "sla_multiplier": 1.0, "crew_multiplier": 0.75, "method": "v2rl302", "seed": 302, "feasible": 1, "wwt": 112.0, "makespan": 102.0, "mean_flow": 5.29820775, "breach_share": 0.0075, "breach_p1": 0.11764705882352941, "breach_p2": 0.012195121951219513, "breach_p3": 0.0, "breach_p4": 0.0, "wall_seconds": 0.040972606278955936}, "v2rl303": {"id": "c09_replay_400_0106_m0.75", "base_id": "c09_replay_400_0106", "campus": 9, "size": 400, "condition": "crew0.75", "sla_multiplier": 1.0, "crew_multiplier": 0.75, "method": "v2rl303", "seed": 303, "feasible": 1, "wwt": 112.0, "makespan": 102.0, "mean_flow": 5.29820775, "breach_share": 0.0075, "breach_p1": 0.11764705882352941, "breach_p2": 0.012195121951219513, "breach_p3": 0.0, "breach_p4": 0.0, "wall_seconds": 0.04128895094618201}}, "methods_expected": ["edd", "wspt", "atc", "pfifo", "mor", "random", "v2rl301", "v2rl302", "v2rl303"], "infeasible": [], "wall_seconds_total": 0.13205177383497357}