{"shard_id": "c09_replay_150_0117_m0.75", "id": "c09_replay_150_0117_m0.75", "base_id": "c09_replay_150_0117", "campus": 9, "size": 150, "condition": "crew0.75", "rows": {"edd": {"id": "c09_replay_150_0117_m0.75", "base_id": "c09_replay_150_0117", "campus": 9, "size": 150, "condition": "crew0.75", "sla_multiplier": 1.0, "crew_multiplier": 0.75, "method": "edd", "seed": 301, "feasible": 1, "wwt": 4.0, "makespan": 35.25, "mean_flow": 3.6652226666666667, "breach_share": 0.006666666666666667, "breach_p1": 0.14285714285714285, "breach_p2": 0.0, "breach_p3": null, "breach_p4": 0.0, "wall_seconds": 0.00025724293664097786}, "wspt": {"id": "c09_replay_150_0117_m0.75", "base_id": "c09_replay_150_0117", "campus": 9, "size": 150, "condition": "crew0.75", "sla_multiplier": 1.0, "crew_multiplier": 0.75, "method": "wspt", "seed": 301, "feasible": 1, "wwt": 4.0, "makespan": 36.75, "mean_flow": 3.614556, "breach_share": 0.006666666666666667, "breach_p1": 0.14285714285714285, "breach_p2": 0.0, "breach_p3": null, "breach_p4": 0.0, "wall_seconds": 0.00025697797536849976}, "atc": {"id": "c09_replay_150_0117_m0.75", "base_id": "c09_replay_150_0117", "campus": 9, "size": 150, "condition": "crew0.75", "sla_multiplier": 1.0, "crew_multiplier": 0.75, "method": "atc", "seed": 301, "feasible": 1, "wwt": 4.0, "makespan": 36.75, "mean_flow": 3.624556, "breach_share": 0.006666666666666667, "breach_p1": 0.14285714285714285, "breach_p2": 0.0, "breach_p3": null, "breach_p4": 0.0, "wall_seconds": 0.00034602126106619835}, "pfifo": {"id": "c09_replay_150_0117_m0.75", "base_id": "c09_replay_150_0117", "campus": 9, "size": 150, "condition": "crew0.75", "sla_multiplier": 1.0, "crew_multiplier": 0.75, "method": "pfifo", "seed": 301, "feasible": 1, "wwt": 4.0, "makespan": 35.25, "mean_flow": 3.6652226666666667, "breach_share": 0.006666666666666667, "breach_p1": 0.14285714285714285, "breach_p2": 0.0, "breach_p3": null, "breach_p4": 0.0, "wall_seconds": 0.00023878412321209908}, "mor": {"id": "c09_replay_150_0117_m0.75", "base_id": "c09_replay_150_0117", "campus": 9, "size": 150, "condition": "crew0.75", "sla_multiplier": 1.0, "crew_multiplier": 0.75, "method": "mor", "seed": 301, "feasible": 1, "wwt": 4.0, "makespan": 35.25, "mean_flow": 3.774445333333333, "breach_share": 0.006666666666666667, "breach_p1": 0.14285714285714285, "breach_p2": 0.0, "breach_p3": null, "breach_p4": 0.0, "wall_seconds": 0.00023460714146494865}, "random": {"id": "c09_replay_150_0117_m0.75", "base_id": "c09_replay_150_0117", "campus": 9, "size": 150, "condition": "crew0.75", "sla_multiplier": 1.0, "crew_multiplier": 0.75, "method": "random", "seed": 301, "feasible": 1, "wwt": 4.0, "makespan": 36.25, "mean_flow": 3.6553340000000003, "breach_share": 0.006666666666666667, "breach_p1": 0.14285714285714285, "breach_p2": 0.0, "breach_p3": null, "breach_p4": 0.0, "wall_seconds": 0.00022175488993525505}, "v2rl301": {"id": "c09_replay_150_0117_m0.75", "base_id": "c09_replay_150_0117", "campus": 9, "size": 150, "condition": "crew0.75", "sla_multiplier": 1.0, "crew_multiplier": 0.75, "method": "v2rl301", "seed": 301, "feasible": 1, "wwt": 4.0, "makespan": 35.25, "mean_flow": 3.7018893333333334, "breach_share": 0.006666666666666667, "breach_p1": 0.14285714285714285, "breach_p2": 0.0, "breach_p3": null, "breach_p4": 0.0, "wall_seconds": 0.015876781195402145}, "v2rl302": {"id": "c09_replay_150_0117_m0.75", "base_id": "c09_replay_150_0117", "campus": 9, "size": 150, "condition": "crew0.75", "sla_multiplier": 1.0, "crew_multiplier": 0.75, "method": "v2rl302", "seed": 302, "feasible": 1, "wwt": 4.0, "makespan": 35.25, "mean_flow": 3.7018893333333334, "breach_share": 0.006666666666666667, "breach_p1": 0.14285714285714285, "breach_p2": 0.0, "breach_p3": null, "breach_p4": 0.0, "wall_seconds": 0.015352004207670689}, "v2rl303": {"id": "c09_replay_150_0117_m0.75", "base_id": "c09_replay_150_0117", "campus": 9, "size": 150, "condition": "crew0.75", "sla_multiplier": 1.0, "crew_multiplier": 0.75, "method": "v2rl303", "seed": 303, "feasible": 1, "wwt": 4.0, "makespan": 35.25, "mean_flow": 3.7018893333333334, "breach_share": 0.006666666666666667, "breach_p1": 0.14285714285714285, "breach_p2": 0.0, "breach_p3": null, "breach_p4": 0.0, "wall_seconds": 0.01526862196624279}}, "methods_expected": ["edd", "wspt", "atc", "pfifo", "mor", "random", "v2rl301", "v2rl302", "v2rl303"], "infeasible": [], "wall_seconds_total": 0.050058535765856504}