{"shard_id": "c09_replay_150_0120_sla1.5", "id": "c09_replay_150_0120_sla1.5", "base_id": "c09_replay_150_0120", "campus": 9, "size": 150, "condition": "sla1.5", "rows": {"edd": {"id": "c09_replay_150_0120_sla1.5", "base_id": "c09_replay_150_0120", "campus": 9, "size": 150, "condition": "sla1.5", "sla_multiplier": 1.5, "crew_multiplier": 1.0, "method": "edd", "seed": 301, "feasible": 1, "wwt": 168.0, "makespan": 78.0, "mean_flow": 3.95, "breach_share": 0.006666666666666667, "breach_p1": 0.0, "breach_p2": 0.02040816326530612, "breach_p3": null, "breach_p4": 0.0, "wall_seconds": 0.0002616751007735729}, "wspt": {"id": "c09_replay_150_0120_sla1.5", "base_id": "c09_replay_150_0120", "campus": 9, "size": 150, "condition": "sla1.5", "sla_multiplier": 1.5, "crew_multiplier": 1.0, "method": "wspt", "seed": 301, "feasible": 1, "wwt": 168.0, "makespan": 78.0, "mean_flow": 3.9483333333333333, "breach_share": 0.006666666666666667, "breach_p1": 0.0, "breach_p2": 0.02040816326530612, "breach_p3": null, "breach_p4": 0.0, "wall_seconds": 0.00027924589812755585}, "atc": {"id": "c09_replay_150_0120_sla1.5", "base_id": "c09_replay_150_0120", "campus": 9, "size": 150, "condition": "sla1.5", "sla_multiplier": 1.5, "crew_multiplier": 1.0, "method": "atc", "seed": 301, "feasible": 1, "wwt": 168.0, "makespan": 78.0, "mean_flow": 3.9483333333333333, "breach_share": 0.006666666666666667, "breach_p1": 0.0, "breach_p2": 0.02040816326530612, "breach_p3": null, "breach_p4": 0.0, "wall_seconds": 0.0003668200224637985}, "pfifo": {"id": "c09_replay_150_0120_sla1.5", "base_id": "c09_replay_150_0120", "campus": 9, "size": 150, "condition": "sla1.5", "sla_multiplier": 1.5, "crew_multiplier": 1.0, "method": "pfifo", "seed": 301, "feasible": 1, "wwt": 168.0, "makespan": 78.0, "mean_flow": 3.95, "breach_share": 0.006666666666666667, "breach_p1": 0.0, "breach_p2": 0.02040816326530612, "breach_p3": null, "breach_p4": 0.0, "wall_seconds": 0.00025126803666353226}, "mor": {"id": "c09_replay_150_0120_sla1.5", "base_id": "c09_replay_150_0120", "campus": 9, "size": 150, "condition": "sla1.5", "sla_multiplier": 1.5, "crew_multiplier": 1.0, "method": "mor", "seed": 301, "feasible": 1, "wwt": 168.0, "makespan": 78.0, "mean_flow": 3.9516666666666667, "breach_share": 0.006666666666666667, "breach_p1": 0.0, "breach_p2": 0.02040816326530612, "breach_p3": null, "breach_p4": 0.0, "wall_seconds": 0.00024897605180740356}, "random": {"id": "c09_replay_150_0120_sla1.5", "base_id": "c09_replay_150_0120", "campus": 9, "size": 150, "condition": "sla1.5", "sla_multiplier": 1.5, "crew_multiplier": 1.0, "method": "random", "seed": 301, "feasible": 1, "wwt": 168.0, "makespan": 78.0, "mean_flow": 3.9483333333333333, "breach_share": 0.006666666666666667, "breach_p1": 0.0, "breach_p2": 0.02040816326530612, "breach_p3": null, "breach_p4": 0.0, "wall_seconds": 0.00021310383453965187}, "v2rl301": {"id": "c09_replay_150_0120_sla1.5", "base_id": "c09_replay_150_0120", "campus": 9, "size": 150, "condition": "sla1.5", "sla_multiplier": 1.5, "crew_multiplier": 1.0, "method": "v2rl301", "seed": 301, "feasible": 1, "wwt": 168.0, "makespan": 78.0, "mean_flow": 3.9483333333333333, "breach_share": 0.006666666666666667, "breach_p1": 0.0, "breach_p2": 0.02040816326530612, "breach_p3": null, "breach_p4": 0.0, "wall_seconds": 0.015891870018094778}, "v2rl302": {"id": "c09_replay_150_0120_sla1.5", "base_id": "c09_replay_150_0120", "campus": 9, "size": 150, "condition": "sla1.5", "sla_multiplier": 1.5, "crew_multiplier": 1.0, "method": "v2rl302", "seed": 302, "feasible": 1, "wwt": 168.0, "makespan": 78.0, "mean_flow": 3.9516666666666667, "breach_share": 0.006666666666666667, "breach_p1": 0.0, "breach_p2": 0.02040816326530612, "breach_p3": null, "breach_p4": 0.0, "wall_seconds": 0.01521562971174717}, "v2rl303": {"id": "c09_replay_150_0120_sla1.5", "base_id": "c09_replay_150_0120", "campus": 9, "size": 150, "condition": "sla1.5", "sla_multiplier": 1.5, "crew_multiplier": 1.0, "method": "v2rl303", "seed": 303, "feasible": 1, "wwt": 168.0, "makespan": 78.0, "mean_flow": 3.9516666666666667, "breach_share": 0.006666666666666667, "breach_p1": 0.0, "breach_p2": 0.02040816326530612, "breach_p3": null, "breach_p4": 0.0, "wall_seconds": 0.015228192787617445}}, "methods_expected": ["edd", "wspt", "atc", "pfifo", "mor", "random", "v2rl301", "v2rl302", "v2rl303"], "infeasible": [], "wall_seconds_total": 0.050068413838744164}