{"shard_id": "c09_replay_400_0110_m0.75", "id": "c09_replay_400_0110_m0.75", "base_id": "c09_replay_400_0110", "campus": 9, "size": 400, "condition": "crew0.75", "rows": {"edd": {"id": "c09_replay_400_0110_m0.75", "base_id": "c09_replay_400_0110", "campus": 9, "size": 400, "condition": "crew0.75", "sla_multiplier": 1.0, "crew_multiplier": 0.75, "method": "edd", "seed": 301, "feasible": 1, "wwt": 508.0, "makespan": 94.5, "mean_flow": 5.314750750000001, "breach_share": 0.005, "breach_p1": 0.2857142857142857, "breach_p2": 0.0, "breach_p3": 0.0, "breach_p4": 0.0, "wall_seconds": 0.0006678616628050804}, "wspt": {"id": "c09_replay_400_0110_m0.75", "base_id": "c09_replay_400_0110", "campus": 9, "size": 400, "condition": "crew0.75", "sla_multiplier": 1.0, "crew_multiplier": 0.75, "method": "wspt", "seed": 301, "feasible": 1, "wwt": 508.0, "makespan": 94.5, "mean_flow": 4.24237575, "breach_share": 0.005, "breach_p1": 0.2857142857142857, "breach_p2": 0.0, "breach_p3": 0.0, "breach_p4": 0.0, "wall_seconds": 0.0007157851941883564}, "atc": {"id": "c09_replay_400_0110_m0.75", "base_id": "c09_replay_400_0110", "campus": 9, "size": 400, "condition": "crew0.75", "sla_multiplier": 1.0, "crew_multiplier": 0.75, "method": "atc", "seed": 301, "feasible": 1, "wwt": 508.0, "makespan": 94.5, "mean_flow": 4.39925075, "breach_share": 0.005, "breach_p1": 0.2857142857142857, "breach_p2": 0.0, "breach_p3": 0.0, "breach_p4": 0.0, "wall_seconds": 0.0011430070735514164}, "pfifo": {"id": "c09_replay_400_0110_m0.75", "base_id": "c09_replay_400_0110", "campus": 9, "size": 400, "condition": "crew0.75", "sla_multiplier": 1.0, "crew_multiplier": 0.75, "method": "pfifo", "seed": 301, "feasible": 1, "wwt": 508.0, "makespan": 94.5, "mean_flow": 5.314750750000001, "breach_share": 0.005, "breach_p1": 0.2857142857142857, "breach_p2": 0.0, "breach_p3": 0.0, "breach_p4": 0.0, "wall_seconds": 0.0006658080965280533}, "mor": {"id": "c09_replay_400_0110_m0.75", "base_id": "c09_replay_400_0110", "campus": 9, "size": 400, "condition": "crew0.75", "sla_multiplier": 1.0, "crew_multiplier": 0.75, "method": "mor", "seed": 301, "feasible": 1, "wwt": 508.0, "makespan": 94.5, "mean_flow": 5.886376, "breach_share": 0.005, "breach_p1": 0.2857142857142857, "breach_p2": 0.0, "breach_p3": 0.0, "breach_p4": 0.0, "wall_seconds": 0.0006596711464226246}, "random": {"id": "c09_replay_400_0110_m0.75", "base_id": "c09_replay_400_0110", "campus": 9, "size": 400, "condition": "crew0.75", "sla_multiplier": 1.0, "crew_multiplier": 0.75, "method": "random", "seed": 301, "feasible": 1, "wwt": 508.0, "makespan": 94.5, "mean_flow": 4.73262575, "breach_share": 0.005, "breach_p1": 0.2857142857142857, "breach_p2": 0.0, "breach_p3": 0.0, "breach_p4": 0.0, "wall_seconds": 0.0005228216759860516}, "v2rl301": {"id": "c09_replay_400_0110_m0.75", "base_id": "c09_replay_400_0110", "campus": 9, "size": 400, "condition": "crew0.75", "sla_multiplier": 1.0, "crew_multiplier": 0.75, "method": "v2rl301", "seed": 301, "feasible": 1, "wwt": 508.0, "makespan": 94.5, "mean_flow": 5.866376, "breach_share": 0.005, "breach_p1": 0.2857142857142857, "breach_p2": 0.0, "breach_p3": 0.0, "breach_p4": 0.0, "wall_seconds": 0.042936832178384066}, "v2rl302": {"id": "c09_replay_400_0110_m0.75", "base_id": "c09_replay_400_0110", "campus": 9, "size": 400, "condition": "crew0.75", "sla_multiplier": 1.0, "crew_multiplier": 0.75, "method": "v2rl302", "seed": 302, "feasible": 1, "wwt": 508.0, "makespan": 94.5, "mean_flow": 5.872626, "breach_share": 0.005, "breach_p1": 0.2857142857142857, "breach_p2": 0.0, "breach_p3": 0.0, "breach_p4": 0.0, "wall_seconds": 0.04322012607008219}, "v2rl303": {"id": "c09_replay_400_0110_m0.75", "base_id": "c09_replay_400_0110", "campus": 9, "size": 400, "condition": "crew0.75", "sla_multiplier": 1.0, "crew_multiplier": 0.75, "method": "v2rl303", "seed": 303, "feasible": 1, "wwt": 508.0, "makespan": 94.5, "mean_flow": 5.86795925, "breach_share": 0.005, "breach_p1": 0.2857142857142857, "breach_p2": 0.0, "breach_p3": 0.0, "breach_p4": 0.0, "wall_seconds": 0.04278635326772928}}, "methods_expected": ["edd", "wspt", "atc", "pfifo", "mor", "random", "v2rl301", "v2rl302", "v2rl303"], "infeasible": [], "wall_seconds_total": 0.13768459483981133}