{"shard_id": "c09_replay_150_0109_sla1.5", "id": "c09_replay_150_0109_sla1.5", "base_id": "c09_replay_150_0109", "campus": 9, "size": 150, "condition": "sla1.5", "rows": {"edd": {"id": "c09_replay_150_0109_sla1.5", "base_id": "c09_replay_150_0109", "campus": 9, "size": 150, "condition": "sla1.5", "sla_multiplier": 1.5, "crew_multiplier": 1.0, "method": "edd", "seed": 301, "feasible": 1, "wwt": 19.0, "makespan": 69.0, "mean_flow": 4.281666666666666, "breach_share": 0.006666666666666667, "breach_p1": 0.0, "breach_p2": 0.02127659574468085, "breach_p3": null, "breach_p4": 0.0, "wall_seconds": 0.0002535078674554825}, "wspt": {"id": "c09_replay_150_0109_sla1.5", "base_id": "c09_replay_150_0109", "campus": 9, "size": 150, "condition": "sla1.5", "sla_multiplier": 1.5, "crew_multiplier": 1.0, "method": "wspt", "seed": 301, "feasible": 1, "wwt": 19.0, "makespan": 69.0, "mean_flow": 4.281666666666666, "breach_share": 0.006666666666666667, "breach_p1": 0.0, "breach_p2": 0.02127659574468085, "breach_p3": null, "breach_p4": 0.0, "wall_seconds": 0.0002636527642607689}, "atc": {"id": "c09_replay_150_0109_sla1.5", "base_id": "c09_replay_150_0109", "campus": 9, "size": 150, "condition": "sla1.5", "sla_multiplier": 1.5, "crew_multiplier": 1.0, "method": "atc", "seed": 301, "feasible": 1, "wwt": 19.0, "makespan": 69.0, "mean_flow": 4.281666666666666, "breach_share": 0.006666666666666667, "breach_p1": 0.0, "breach_p2": 0.02127659574468085, "breach_p3": null, "breach_p4": 0.0, "wall_seconds": 0.00034008268266916275}, "pfifo": {"id": "c09_replay_150_0109_sla1.5", "base_id": "c09_replay_150_0109", "campus": 9, "size": 150, "condition": "sla1.5", "sla_multiplier": 1.5, "crew_multiplier": 1.0, "method": "pfifo", "seed": 301, "feasible": 1, "wwt": 19.0, "makespan": 69.0, "mean_flow": 4.281666666666666, "breach_share": 0.006666666666666667, "breach_p1": 0.0, "breach_p2": 0.02127659574468085, "breach_p3": null, "breach_p4": 0.0, "wall_seconds": 0.00024175317957997322}, "mor": {"id": "c09_replay_150_0109_sla1.5", "base_id": "c09_replay_150_0109", "campus": 9, "size": 150, "condition": "sla1.5", "sla_multiplier": 1.5, "crew_multiplier": 1.0, "method": "mor", "seed": 301, "feasible": 1, "wwt": 19.0, "makespan": 69.0, "mean_flow": 4.281666666666666, "breach_share": 0.006666666666666667, "breach_p1": 0.0, "breach_p2": 0.02127659574468085, "breach_p3": null, "breach_p4": 0.0, "wall_seconds": 0.00023668073117733002}, "random": {"id": "c09_replay_150_0109_sla1.5", "base_id": "c09_replay_150_0109", "campus": 9, "size": 150, "condition": "sla1.5", "sla_multiplier": 1.5, "crew_multiplier": 1.0, "method": "random", "seed": 301, "feasible": 1, "wwt": 19.0, "makespan": 69.0, "mean_flow": 4.281666666666666, "breach_share": 0.006666666666666667, "breach_p1": 0.0, "breach_p2": 0.02127659574468085, "breach_p3": null, "breach_p4": 0.0, "wall_seconds": 0.00021268567070364952}, "v2rl301": {"id": "c09_replay_150_0109_sla1.5", "base_id": "c09_replay_150_0109", "campus": 9, "size": 150, "condition": "sla1.5", "sla_multiplier": 1.5, "crew_multiplier": 1.0, "method": "v2rl301", "seed": 301, "feasible": 1, "wwt": 19.0, "makespan": 69.0, "mean_flow": 4.281666666666666, "breach_share": 0.006666666666666667, "breach_p1": 0.0, "breach_p2": 0.02127659574468085, "breach_p3": null, "breach_p4": 0.0, "wall_seconds": 0.0156936370767653}, "v2rl302": {"id": "c09_replay_150_0109_sla1.5", "base_id": "c09_replay_150_0109", "campus": 9, "size": 150, "condition": "sla1.5", "sla_multiplier": 1.5, "crew_multiplier": 1.0, "method": "v2rl302", "seed": 302, "feasible": 1, "wwt": 19.0, "makespan": 69.0, "mean_flow": 4.281666666666666, "breach_share": 0.006666666666666667, "breach_p1": 0.0, "breach_p2": 0.02127659574468085, "breach_p3": null, "breach_p4": 0.0, "wall_seconds": 0.015154310036450624}, "v2rl303": {"id": "c09_replay_150_0109_sla1.5", "base_id": "c09_replay_150_0109", "campus": 9, "size": 150, "condition": "sla1.5", "sla_multiplier": 1.5, "crew_multiplier": 1.0, "method": "v2rl303", "seed": 303, "feasible": 1, "wwt": 19.0, "makespan": 69.0, "mean_flow": 4.281666666666666, "breach_share": 0.006666666666666667, "breach_p1": 0.0, "breach_p2": 0.02127659574468085, "breach_p3": null, "breach_p4": 0.0, "wall_seconds": 0.015334280207753181}}, "methods_expected": ["edd", "wspt", "atc", "pfifo", "mor", "random", "v2rl301", "v2rl302", "v2rl303"], "infeasible": [], "wall_seconds_total": 0.04982604505494237}