{"shard_id": "c09_replay_150_0103", "id": "c09_replay_150_0103", "base_id": "c09_replay_150_0103", "campus": 9, "size": 150, "condition": "baseline", "rows": {"edd": {"id": "c09_replay_150_0103", "base_id": "c09_replay_150_0103", "campus": 9, "size": 150, "condition": "baseline", "sla_multiplier": 1.0, "crew_multiplier": 1.0, "method": "edd", "seed": 301, "feasible": 1, "wwt": 12.0, "makespan": 48.5, "mean_flow": 4.299555333333333, "breach_share": 0.013333333333333334, "breach_p1": 0.16666666666666666, "breach_p2": 0.034482758620689655, "breach_p3": null, "breach_p4": 0.0, "wall_seconds": 0.0002628220245242119}, "wspt": {"id": "c09_replay_150_0103", "base_id": "c09_replay_150_0103", "campus": 9, "size": 150, "condition": "baseline", "sla_multiplier": 1.0, "crew_multiplier": 1.0, "method": "wspt", "seed": 301, "feasible": 1, "wwt": 12.0, "makespan": 48.5, "mean_flow": 4.2283333333333335, "breach_share": 0.013333333333333334, "breach_p1": 0.16666666666666666, "breach_p2": 0.034482758620689655, "breach_p3": null, "breach_p4": 0.0, "wall_seconds": 0.0002607600763440132}, "atc": {"id": "c09_replay_150_0103", "base_id": "c09_replay_150_0103", "campus": 9, "size": 150, "condition": "baseline", "sla_multiplier": 1.0, "crew_multiplier": 1.0, "method": "atc", "seed": 301, "feasible": 1, "wwt": 12.0, "makespan": 48.5, "mean_flow": 4.24, "breach_share": 0.013333333333333334, "breach_p1": 0.16666666666666666, "breach_p2": 0.034482758620689655, "breach_p3": null, "breach_p4": 0.0, "wall_seconds": 0.0003761099651455879}, "pfifo": {"id": "c09_replay_150_0103", "base_id": "c09_replay_150_0103", "campus": 9, "size": 150, "condition": "baseline", "sla_multiplier": 1.0, "crew_multiplier": 1.0, "method": "pfifo", "seed": 301, "feasible": 1, "wwt": 12.0, "makespan": 48.5, "mean_flow": 4.299555333333333, "breach_share": 0.013333333333333334, "breach_p1": 0.16666666666666666, "breach_p2": 0.034482758620689655, "breach_p3": null, "breach_p4": 0.0, "wall_seconds": 0.00024859001860022545}, "mor": {"id": "c09_replay_150_0103", "base_id": "c09_replay_150_0103", "campus": 9, "size": 150, "condition": "baseline", "sla_multiplier": 1.0, "crew_multiplier": 1.0, "method": "mor", "seed": 301, "feasible": 1, "wwt": 12.0, "makespan": 48.5, "mean_flow": 4.41, "breach_share": 0.013333333333333334, "breach_p1": 0.16666666666666666, "breach_p2": 0.034482758620689655, "breach_p3": null, "breach_p4": 0.0, "wall_seconds": 0.00024624913930892944}, "random": {"id": "c09_replay_150_0103", "base_id": "c09_replay_150_0103", "campus": 9, "size": 150, "condition": "baseline", "sla_multiplier": 1.0, "crew_multiplier": 1.0, "method": "random", "seed": 301, "feasible": 1, "wwt": 12.0, "makespan": 48.5, "mean_flow": 4.266222, "breach_share": 0.013333333333333334, "breach_p1": 0.16666666666666666, "breach_p2": 0.034482758620689655, "breach_p3": null, "breach_p4": 0.0, "wall_seconds": 0.00020992383360862732}, "v2rl301": {"id": "c09_replay_150_0103", "base_id": "c09_replay_150_0103", "campus": 9, "size": 150, "condition": "baseline", "sla_multiplier": 1.0, "crew_multiplier": 1.0, "method": "v2rl301", "seed": 301, "feasible": 1, "wwt": 12.0, "makespan": 48.5, "mean_flow": 4.37, "breach_share": 0.013333333333333334, "breach_p1": 0.16666666666666666, "breach_p2": 0.034482758620689655, "breach_p3": null, "breach_p4": 0.0, "wall_seconds": 0.01565874833613634}, "v2rl302": {"id": "c09_replay_150_0103", "base_id": "c09_replay_150_0103", "campus": 9, "size": 150, "condition": "baseline", "sla_multiplier": 1.0, "crew_multiplier": 1.0, "method": "v2rl302", "seed": 302, "feasible": 1, "wwt": 12.0, "makespan": 48.5, "mean_flow": 4.37, "breach_share": 0.013333333333333334, "breach_p1": 0.16666666666666666, "breach_p2": 0.034482758620689655, "breach_p3": null, "breach_p4": 0.0, "wall_seconds": 0.015399887226521969}, "v2rl303": {"id": "c09_replay_150_0103", "base_id": "c09_replay_150_0103", "campus": 9, "size": 150, "condition": "baseline", "sla_multiplier": 1.0, "crew_multiplier": 1.0, "method": "v2rl303", "seed": 303, "feasible": 1, "wwt": 12.0, "makespan": 48.5, "mean_flow": 4.37, "breach_share": 0.013333333333333334, "breach_p1": 0.16666666666666666, "breach_p2": 0.034482758620689655, "breach_p3": null, "breach_p4": 0.0, "wall_seconds": 0.015478202141821384}}, "methods_expected": ["edd", "wspt", "atc", "pfifo", "mor", "random", "v2rl301", "v2rl302", "v2rl303"], "infeasible": [], "wall_seconds_total": 0.04984954372048378}