{"shard_id": "c09_replay_150_0124_m0.75", "id": "c09_replay_150_0124_m0.75", "base_id": "c09_replay_150_0124", "campus": 9, "size": 150, "condition": "crew0.75", "rows": {"edd": {"id": "c09_replay_150_0124_m0.75", "base_id": "c09_replay_150_0124", "campus": 9, "size": 150, "condition": "crew0.75", "sla_multiplier": 1.0, "crew_multiplier": 0.75, "method": "edd", "seed": 301, "feasible": 1, "wwt": 6.0, "makespan": 101.5, "mean_flow": 5.188887333333333, "breach_share": 0.006666666666666667, "breach_p1": 0.0, "breach_p2": 0.030303030303030304, "breach_p3": null, "breach_p4": 0.0, "wall_seconds": 0.00025278469547629356}, "wspt": {"id": "c09_replay_150_0124_m0.75", "base_id": "c09_replay_150_0124", "campus": 9, "size": 150, "condition": "crew0.75", "sla_multiplier": 1.0, "crew_multiplier": 0.75, "method": "wspt", "seed": 301, "feasible": 1, "wwt": 6.0, "makespan": 101.5, "mean_flow": 5.002776000000001, "breach_share": 0.006666666666666667, "breach_p1": 0.0, "breach_p2": 0.030303030303030304, "breach_p3": null, "breach_p4": 0.0, "wall_seconds": 0.00026508187875151634}, "atc": {"id": "c09_replay_150_0124_m0.75", "base_id": "c09_replay_150_0124", "campus": 9, "size": 150, "condition": "crew0.75", "sla_multiplier": 1.0, "crew_multiplier": 0.75, "method": "atc", "seed": 301, "feasible": 1, "wwt": 6.0, "makespan": 101.5, "mean_flow": 5.0161093333333335, "breach_share": 0.006666666666666667, "breach_p1": 0.0, "breach_p2": 0.030303030303030304, "breach_p3": null, "breach_p4": 0.0, "wall_seconds": 0.00035170000046491623}, "pfifo": {"id": "c09_replay_150_0124_m0.75", "base_id": "c09_replay_150_0124", "campus": 9, "size": 150, "condition": "crew0.75", "sla_multiplier": 1.0, "crew_multiplier": 0.75, "method": "pfifo", "seed": 301, "feasible": 1, "wwt": 6.0, "makespan": 101.5, "mean_flow": 5.188887333333333, "breach_share": 0.006666666666666667, "breach_p1": 0.0, "breach_p2": 0.030303030303030304, "breach_p3": null, "breach_p4": 0.0, "wall_seconds": 0.00024925777688622475}, "mor": {"id": "c09_replay_150_0124_m0.75", "base_id": "c09_replay_150_0124", "campus": 9, "size": 150, "condition": "crew0.75", "sla_multiplier": 1.0, "crew_multiplier": 0.75, "method": "mor", "seed": 301, "feasible": 1, "wwt": 6.0, "makespan": 101.5, "mean_flow": 5.380776, "breach_share": 0.006666666666666667, "breach_p1": 0.0, "breach_p2": 0.030303030303030304, "breach_p3": null, "breach_p4": 0.0, "wall_seconds": 0.00024315295740962029}, "random": {"id": "c09_replay_150_0124_m0.75", "base_id": "c09_replay_150_0124", "campus": 9, "size": 150, "condition": "crew0.75", "sla_multiplier": 1.0, "crew_multiplier": 0.75, "method": "random", "seed": 301, "feasible": 1, "wwt": 6.0, "makespan": 101.5, "mean_flow": 5.154220666666666, "breach_share": 0.006666666666666667, "breach_p1": 0.0, "breach_p2": 0.030303030303030304, "breach_p3": null, "breach_p4": 0.0, "wall_seconds": 0.00023315194994211197}, "v2rl301": {"id": "c09_replay_150_0124_m0.75", "base_id": "c09_replay_150_0124", "campus": 9, "size": 150, "condition": "crew0.75", "sla_multiplier": 1.0, "crew_multiplier": 0.75, "method": "v2rl301", "seed": 301, "feasible": 1, "wwt": 6.0, "makespan": 101.5, "mean_flow": 5.369109333333332, "breach_share": 0.006666666666666667, "breach_p1": 0.0, "breach_p2": 0.030303030303030304, "breach_p3": null, "breach_p4": 0.0, "wall_seconds": 0.015741846058517694}, "v2rl302": {"id": "c09_replay_150_0124_m0.75", "base_id": "c09_replay_150_0124", "campus": 9, "size": 150, "condition": "crew0.75", "sla_multiplier": 1.0, "crew_multiplier": 0.75, "method": "v2rl302", "seed": 302, "feasible": 1, "wwt": 6.0, "makespan": 101.5, "mean_flow": 5.365776, "breach_share": 0.006666666666666667, "breach_p1": 0.0, "breach_p2": 0.030303030303030304, "breach_p3": null, "breach_p4": 0.0, "wall_seconds": 0.015349187422543764}, "v2rl303": {"id": "c09_replay_150_0124_m0.75", "base_id": "c09_replay_150_0124", "campus": 9, "size": 150, "condition": "crew0.75", "sla_multiplier": 1.0, "crew_multiplier": 0.75, "method": "v2rl303", "seed": 303, "feasible": 1, "wwt": 6.0, "makespan": 101.5, "mean_flow": 5.322332, "breach_share": 0.006666666666666667, "breach_p1": 0.0, "breach_p2": 0.030303030303030304, "breach_p3": null, "breach_p4": 0.0, "wall_seconds": 0.015378226060420275}}, "methods_expected": ["edd", "wspt", "atc", "pfifo", "mor", "random", "v2rl301", "v2rl302", "v2rl303"], "infeasible": [], "wall_seconds_total": 0.05009947903454304}