{"shard_id": "c09_replay_150_0113_m1.25", "id": "c09_replay_150_0113_m1.25", "base_id": "c09_replay_150_0113", "campus": 9, "size": 150, "condition": "crew1.25", "rows": {"edd": {"id": "c09_replay_150_0113_m1.25", "base_id": "c09_replay_150_0113", "campus": 9, "size": 150, "condition": "crew1.25", "sla_multiplier": 1.0, "crew_multiplier": 1.25, "method": "edd", "seed": 301, "feasible": 1, "wwt": 76.00000000000001, "makespan": 50.7, "mean_flow": 3.5766666666666667, "breach_share": 0.006666666666666667, "breach_p1": 0.0, "breach_p2": 0.02040816326530612, "breach_p3": null, "breach_p4": 0.0, "wall_seconds": 0.00029434310272336006}, "wspt": {"id": "c09_replay_150_0113_m1.25", "base_id": "c09_replay_150_0113", "campus": 9, "size": 150, "condition": "crew1.25", "sla_multiplier": 1.0, "crew_multiplier": 1.25, "method": "wspt", "seed": 301, "feasible": 1, "wwt": 76.00000000000001, "makespan": 50.7, "mean_flow": 3.433333333333333, "breach_share": 0.006666666666666667, "breach_p1": 0.0, "breach_p2": 0.02040816326530612, "breach_p3": null, "breach_p4": 0.0, "wall_seconds": 0.00029794778674840927}, "atc": {"id": "c09_replay_150_0113_m1.25", "base_id": "c09_replay_150_0113", "campus": 9, "size": 150, "condition": "crew1.25", "sla_multiplier": 1.0, "crew_multiplier": 1.25, "method": "atc", "seed": 301, "feasible": 1, "wwt": 76.00000000000001, "makespan": 50.7, "mean_flow": 3.433333333333333, "breach_share": 0.006666666666666667, "breach_p1": 0.0, "breach_p2": 0.02040816326530612, "breach_p3": null, "breach_p4": 0.0, "wall_seconds": 0.0004130229353904724}, "pfifo": {"id": "c09_replay_150_0113_m1.25", "base_id": "c09_replay_150_0113", "campus": 9, "size": 150, "condition": "crew1.25", "sla_multiplier": 1.0, "crew_multiplier": 1.25, "method": "pfifo", "seed": 301, "feasible": 1, "wwt": 76.00000000000001, "makespan": 50.7, "mean_flow": 3.5766666666666667, "breach_share": 0.006666666666666667, "breach_p1": 0.0, "breach_p2": 0.02040816326530612, "breach_p3": null, "breach_p4": 0.0, "wall_seconds": 0.000261710025370121}, "mor": {"id": "c09_replay_150_0113_m1.25", "base_id": "c09_replay_150_0113", "campus": 9, "size": 150, "condition": "crew1.25", "sla_multiplier": 1.0, "crew_multiplier": 1.25, "method": "mor", "seed": 301, "feasible": 1, "wwt": 76.00000000000001, "makespan": 50.7, "mean_flow": 3.683333333333333, "breach_share": 0.006666666666666667, "breach_p1": 0.0, "breach_p2": 0.02040816326530612, "breach_p3": null, "breach_p4": 0.0, "wall_seconds": 0.00027512386441230774}, "random": {"id": "c09_replay_150_0113_m1.25", "base_id": "c09_replay_150_0113", "campus": 9, "size": 150, "condition": "crew1.25", "sla_multiplier": 1.0, "crew_multiplier": 1.25, "method": "random", "seed": 301, "feasible": 1, "wwt": 76.00000000000001, "makespan": 50.7, "mean_flow": 3.506666666666667, "breach_share": 0.006666666666666667, "breach_p1": 0.0, "breach_p2": 0.02040816326530612, "breach_p3": null, "breach_p4": 0.0, "wall_seconds": 0.00023176288232207298}, "v2rl301": {"id": "c09_replay_150_0113_m1.25", "base_id": "c09_replay_150_0113", "campus": 9, "size": 150, "condition": "crew1.25", "sla_multiplier": 1.0, "crew_multiplier": 1.25, "method": "v2rl301", "seed": 301, "feasible": 1, "wwt": 76.00000000000001, "makespan": 50.7, "mean_flow": 3.683333333333333, "breach_share": 0.006666666666666667, "breach_p1": 0.0, "breach_p2": 0.02040816326530612, "breach_p3": null, "breach_p4": 0.0, "wall_seconds": 0.01609213277697563}, "v2rl302": {"id": "c09_replay_150_0113_m1.25", "base_id": "c09_replay_150_0113", "campus": 9, "size": 150, "condition": "crew1.25", "sla_multiplier": 1.0, "crew_multiplier": 1.25, "method": "v2rl302", "seed": 302, "feasible": 1, "wwt": 76.00000000000001, "makespan": 50.7, "mean_flow": 3.683333333333333, "breach_share": 0.006666666666666667, "breach_p1": 0.0, "breach_p2": 0.02040816326530612, "breach_p3": null, "breach_p4": 0.0, "wall_seconds": 0.016246427316218615}, "v2rl303": {"id": "c09_replay_150_0113_m1.25", "base_id": "c09_replay_150_0113", "campus": 9, "size": 150, "condition": "crew1.25", "sla_multiplier": 1.0, "crew_multiplier": 1.25, "method": "v2rl303", "seed": 303, "feasible": 1, "wwt": 76.00000000000001, "makespan": 50.7, "mean_flow": 3.683333333333333, "breach_share": 0.006666666666666667, "breach_p1": 0.0, "breach_p2": 0.02040816326530612, "breach_p3": null, "breach_p4": 0.0, "wall_seconds": 0.016000638250261545}}, "methods_expected": ["edd", "wspt", "atc", "pfifo", "mor", "random", "v2rl301", "v2rl302", "v2rl303"], "infeasible": [], "wall_seconds_total": 0.0523311379365623}