{"shard_id": "c09_replay_400_0125", "id": "c09_replay_400_0125", "base_id": "c09_replay_400_0125", "campus": 9, "size": 400, "condition": "baseline", "rows": {"edd": {"id": "c09_replay_400_0125", "base_id": "c09_replay_400_0125", "campus": 9, "size": 400, "condition": "baseline", "sla_multiplier": 1.0, "crew_multiplier": 1.0, "method": "edd", "seed": 301, "feasible": 1, "wwt": 144.0, "makespan": 76.0, "mean_flow": 3.5357499999999997, "breach_share": 0.005, "breach_p1": 0.15384615384615385, "breach_p2": 0.0, "breach_p3": 0.0, "breach_p4": 0.0, "wall_seconds": 0.0006524329073727131}, "wspt": {"id": "c09_replay_400_0125", "base_id": "c09_replay_400_0125", "campus": 9, "size": 400, "condition": "baseline", "sla_multiplier": 1.0, "crew_multiplier": 1.0, "method": "wspt", "seed": 301, "feasible": 1, "wwt": 156.0, "makespan": 76.5, "mean_flow": 3.4376665, "breach_share": 0.005, "breach_p1": 0.15384615384615385, "breach_p2": 0.0, "breach_p3": 0.0, "breach_p4": 0.0, "wall_seconds": 0.000657190103083849}, "atc": {"id": "c09_replay_400_0125", "base_id": "c09_replay_400_0125", "campus": 9, "size": 400, "condition": "baseline", "sla_multiplier": 1.0, "crew_multiplier": 1.0, "method": "atc", "seed": 301, "feasible": 1, "wwt": 144.0, "makespan": 76.5, "mean_flow": 3.4689165, "breach_share": 0.005, "breach_p1": 0.15384615384615385, "breach_p2": 0.0, "breach_p3": 0.0, "breach_p4": 0.0, "wall_seconds": 0.0009262543171644211}, "pfifo": {"id": "c09_replay_400_0125", "base_id": "c09_replay_400_0125", "campus": 9, "size": 400, "condition": "baseline", "sla_multiplier": 1.0, "crew_multiplier": 1.0, "method": "pfifo", "seed": 301, "feasible": 1, "wwt": 144.0, "makespan": 76.0, "mean_flow": 3.5357499999999997, "breach_share": 0.005, "breach_p1": 0.15384615384615385, "breach_p2": 0.0, "breach_p3": 0.0, "breach_p4": 0.0, "wall_seconds": 0.0006342208944261074}, "mor": {"id": "c09_replay_400_0125", "base_id": "c09_replay_400_0125", "campus": 9, "size": 400, "condition": "baseline", "sla_multiplier": 1.0, "crew_multiplier": 1.0, "method": "mor", "seed": 301, "feasible": 1, "wwt": 144.0, "makespan": 76.0, "mean_flow": 3.5722500000000004, "breach_share": 0.005, "breach_p1": 0.15384615384615385, "breach_p2": 0.0, "breach_p3": 0.0, "breach_p4": 0.0, "wall_seconds": 0.0006143972277641296}, "random": {"id": "c09_replay_400_0125", "base_id": "c09_replay_400_0125", "campus": 9, "size": 400, "condition": "baseline", "sla_multiplier": 1.0, "crew_multiplier": 1.0, "method": "random", "seed": 301, "feasible": 1, "wwt": 144.0, "makespan": 76.0, "mean_flow": 3.50183325, "breach_share": 0.005, "breach_p1": 0.15384615384615385, "breach_p2": 0.0, "breach_p3": 0.0, "breach_p4": 0.0, "wall_seconds": 0.0005393177270889282}, "v2rl301": {"id": "c09_replay_400_0125", "base_id": "c09_replay_400_0125", "campus": 9, "size": 400, "condition": "baseline", "sla_multiplier": 1.0, "crew_multiplier": 1.0, "method": "v2rl301", "seed": 301, "feasible": 1, "wwt": 144.0, "makespan": 76.0, "mean_flow": 3.5722500000000004, "breach_share": 0.005, "breach_p1": 0.15384615384615385, "breach_p2": 0.0, "breach_p3": 0.0, "breach_p4": 0.0, "wall_seconds": 0.041897229850292206}, "v2rl302": {"id": "c09_replay_400_0125", "base_id": "c09_replay_400_0125", "campus": 9, "size": 400, "condition": "baseline", "sla_multiplier": 1.0, "crew_multiplier": 1.0, "method": "v2rl302", "seed": 302, "feasible": 1, "wwt": 144.0, "makespan": 76.0, "mean_flow": 3.571, "breach_share": 0.005, "breach_p1": 0.15384615384615385, "breach_p2": 0.0, "breach_p3": 0.0, "breach_p4": 0.0, "wall_seconds": 0.04179625120013952}, "v2rl303": {"id": "c09_replay_400_0125", "base_id": "c09_replay_400_0125", "campus": 9, "size": 400, "condition": "baseline", "sla_multiplier": 1.0, "crew_multiplier": 1.0, "method": "v2rl303", "seed": 303, "feasible": 1, "wwt": 144.0, "makespan": 76.0, "mean_flow": 3.56725, "breach_share": 0.005, "breach_p1": 0.15384615384615385, "breach_p2": 0.0, "breach_p3": 0.0, "breach_p4": 0.0, "wall_seconds": 0.04169273981824517}}, "methods_expected": ["edd", "wspt", "atc", "pfifo", "mor", "random", "v2rl301", "v2rl302", "v2rl303"], "infeasible": [], "wall_seconds_total": 0.13314756890758872}