{"shard_id": "c09_replay_400_0114_m1.25", "id": "c09_replay_400_0114_m1.25", "base_id": "c09_replay_400_0114", "campus": 9, "size": 400, "condition": "crew1.25", "rows": {"edd": {"id": "c09_replay_400_0114_m1.25", "base_id": "c09_replay_400_0114", "campus": 9, "size": 400, "condition": "crew1.25", "sla_multiplier": 1.0, "crew_multiplier": 1.25, "method": "edd", "seed": 301, "feasible": 1, "wwt": 196.0, "makespan": 82.0, "mean_flow": 3.94466675, "breach_share": 0.01, "breach_p1": 0.18181818181818182, "breach_p2": 0.020833333333333332, "breach_p3": 0.0, "breach_p4": 0.0, "wall_seconds": 0.0006559938192367554}, "wspt": {"id": "c09_replay_400_0114_m1.25", "base_id": "c09_replay_400_0114", "campus": 9, "size": 400, "condition": "crew1.25", "sla_multiplier": 1.0, "crew_multiplier": 1.25, "method": "wspt", "seed": 301, "feasible": 1, "wwt": 196.0, "makespan": 82.5, "mean_flow": 3.9038335, "breach_share": 0.01, "breach_p1": 0.18181818181818182, "breach_p2": 0.020833333333333332, "breach_p3": 0.0, "breach_p4": 0.0, "wall_seconds": 0.0006762659177184105}, "atc": {"id": "c09_replay_400_0114_m1.25", "base_id": "c09_replay_400_0114", "campus": 9, "size": 400, "condition": "crew1.25", "sla_multiplier": 1.0, "crew_multiplier": 1.25, "method": "atc", "seed": 301, "feasible": 1, "wwt": 196.0, "makespan": 82.5, "mean_flow": 3.9038335, "breach_share": 0.01, "breach_p1": 0.18181818181818182, "breach_p2": 0.020833333333333332, "breach_p3": 0.0, "breach_p4": 0.0, "wall_seconds": 0.0009472901001572609}, "pfifo": {"id": "c09_replay_400_0114_m1.25", "base_id": "c09_replay_400_0114", "campus": 9, "size": 400, "condition": "crew1.25", "sla_multiplier": 1.0, "crew_multiplier": 1.25, "method": "pfifo", "seed": 301, "feasible": 1, "wwt": 196.0, "makespan": 82.0, "mean_flow": 3.94466675, "breach_share": 0.01, "breach_p1": 0.18181818181818182, "breach_p2": 0.020833333333333332, "breach_p3": 0.0, "breach_p4": 0.0, "wall_seconds": 0.0006262632086873055}, "mor": {"id": "c09_replay_400_0114_m1.25", "base_id": "c09_replay_400_0114", "campus": 9, "size": 400, "condition": "crew1.25", "sla_multiplier": 1.0, "crew_multiplier": 1.25, "method": "mor", "seed": 301, "feasible": 1, "wwt": 196.0, "makespan": 82.0, "mean_flow": 3.9572084999999997, "breach_share": 0.01, "breach_p1": 0.18181818181818182, "breach_p2": 0.020833333333333332, "breach_p3": 0.0, "breach_p4": 0.0, "wall_seconds": 0.0006200578063726425}, "random": {"id": "c09_replay_400_0114_m1.25", "base_id": "c09_replay_400_0114", "campus": 9, "size": 400, "condition": "crew1.25", "sla_multiplier": 1.0, "crew_multiplier": 1.25, "method": "random", "seed": 301, "feasible": 1, "wwt": 196.0, "makespan": 82.0, "mean_flow": 3.9097085, "breach_share": 0.01, "breach_p1": 0.18181818181818182, "breach_p2": 0.020833333333333332, "breach_p3": 0.0, "breach_p4": 0.0, "wall_seconds": 0.0005415747873485088}, "v2rl301": {"id": "c09_replay_400_0114_m1.25", "base_id": "c09_replay_400_0114", "campus": 9, "size": 400, "condition": "crew1.25", "sla_multiplier": 1.0, "crew_multiplier": 1.25, "method": "v2rl301", "seed": 301, "feasible": 1, "wwt": 196.0, "makespan": 82.0, "mean_flow": 3.9572084999999997, "breach_share": 0.01, "breach_p1": 0.18181818181818182, "breach_p2": 0.020833333333333332, "breach_p3": 0.0, "breach_p4": 0.0, "wall_seconds": 0.04133896203711629}, "v2rl302": {"id": "c09_replay_400_0114_m1.25", "base_id": "c09_replay_400_0114", "campus": 9, "size": 400, "condition": "crew1.25", "sla_multiplier": 1.0, "crew_multiplier": 1.25, "method": "v2rl302", "seed": 302, "feasible": 1, "wwt": 196.0, "makespan": 82.0, "mean_flow": 3.9559585, "breach_share": 0.01, "breach_p1": 0.18181818181818182, "breach_p2": 0.020833333333333332, "breach_p3": 0.0, "breach_p4": 0.0, "wall_seconds": 0.040333418641239405}, "v2rl303": {"id": "c09_replay_400_0114_m1.25", "base_id": "c09_replay_400_0114", "campus": 9, "size": 400, "condition": "crew1.25", "sla_multiplier": 1.0, "crew_multiplier": 1.25, "method": "v2rl303", "seed": 303, "feasible": 1, "wwt": 196.0, "makespan": 82.0, "mean_flow": 3.9559585, "breach_share": 0.01, "breach_p1": 0.18181818181818182, "breach_p2": 0.020833333333333332, "breach_p3": 0.0, "breach_p4": 0.0, "wall_seconds": 0.04049467481672764}}, "methods_expected": ["edd", "wspt", "atc", "pfifo", "mor", "random", "v2rl301", "v2rl302", "v2rl303"], "infeasible": [], "wall_seconds_total": 0.13078812276944518}