{"shard_id": "c09_replay_150_0106_sla0.5", "id": "c09_replay_150_0106_sla0.5", "base_id": "c09_replay_150_0106", "campus": 9, "size": 150, "condition": "sla0.5", "rows": {"edd": {"id": "c09_replay_150_0106_sla0.5", "base_id": "c09_replay_150_0106", "campus": 9, "size": 150, "condition": "sla0.5", "sla_multiplier": 0.5, "crew_multiplier": 1.0, "method": "edd", "seed": 301, "feasible": 1, "wwt": 104.0, "makespan": 32.9, "mean_flow": 3.0016666666666665, "breach_share": 0.04, "breach_p1": 0.42857142857142855, "breach_p2": 0.07692307692307693, "breach_p3": null, "breach_p4": 0.0, "wall_seconds": 0.0002721673808991909}, "wspt": {"id": "c09_replay_150_0106_sla0.5", "base_id": "c09_replay_150_0106", "campus": 9, "size": 150, "condition": "sla0.5", "sla_multiplier": 0.5, "crew_multiplier": 1.0, "method": "wspt", "seed": 301, "feasible": 1, "wwt": 104.0, "makespan": 32.9, "mean_flow": 3.0016666666666665, "breach_share": 0.04, "breach_p1": 0.42857142857142855, "breach_p2": 0.07692307692307693, "breach_p3": null, "breach_p4": 0.0, "wall_seconds": 0.0002912888303399086}, "atc": {"id": "c09_replay_150_0106_sla0.5", "base_id": "c09_replay_150_0106", "campus": 9, "size": 150, "condition": "sla0.5", "sla_multiplier": 0.5, "crew_multiplier": 1.0, "method": "atc", "seed": 301, "feasible": 1, "wwt": 104.0, "makespan": 32.9, "mean_flow": 3.0016666666666665, "breach_share": 0.04, "breach_p1": 0.42857142857142855, "breach_p2": 0.07692307692307693, "breach_p3": null, "breach_p4": 0.0, "wall_seconds": 0.0003445995971560478}, "pfifo": {"id": "c09_replay_150_0106_sla0.5", "base_id": "c09_replay_150_0106", "campus": 9, "size": 150, "condition": "sla0.5", "sla_multiplier": 0.5, "crew_multiplier": 1.0, "method": "pfifo", "seed": 301, "feasible": 1, "wwt": 104.0, "makespan": 32.9, "mean_flow": 3.0016666666666665, "breach_share": 0.04, "breach_p1": 0.42857142857142855, "breach_p2": 0.07692307692307693, "breach_p3": null, "breach_p4": 0.0, "wall_seconds": 0.0002653207629919052}, "mor": {"id": "c09_replay_150_0106_sla0.5", "base_id": "c09_replay_150_0106", "campus": 9, "size": 150, "condition": "sla0.5", "sla_multiplier": 0.5, "crew_multiplier": 1.0, "method": "mor", "seed": 301, "feasible": 1, "wwt": 104.0, "makespan": 32.9, "mean_flow": 3.0016666666666665, "breach_share": 0.04, "breach_p1": 0.42857142857142855, "breach_p2": 0.07692307692307693, "breach_p3": null, "breach_p4": 0.0, "wall_seconds": 0.0002570590004324913}, "random": {"id": "c09_replay_150_0106_sla0.5", "base_id": "c09_replay_150_0106", "campus": 9, "size": 150, "condition": "sla0.5", "sla_multiplier": 0.5, "crew_multiplier": 1.0, "method": "random", "seed": 301, "feasible": 1, "wwt": 104.0, "makespan": 32.9, "mean_flow": 3.0016666666666665, "breach_share": 0.04, "breach_p1": 0.42857142857142855, "breach_p2": 0.07692307692307693, "breach_p3": null, "breach_p4": 0.0, "wall_seconds": 0.0002479138784110546}, "v2rl301": {"id": "c09_replay_150_0106_sla0.5", "base_id": "c09_replay_150_0106", "campus": 9, "size": 150, "condition": "sla0.5", "sla_multiplier": 0.5, "crew_multiplier": 1.0, "method": "v2rl301", "seed": 301, "feasible": 1, "wwt": 104.0, "makespan": 32.9, "mean_flow": 3.0016666666666665, "breach_share": 0.04, "breach_p1": 0.42857142857142855, "breach_p2": 0.07692307692307693, "breach_p3": null, "breach_p4": 0.0, "wall_seconds": 0.015382796991616488}, "v2rl302": {"id": "c09_replay_150_0106_sla0.5", "base_id": "c09_replay_150_0106", "campus": 9, "size": 150, "condition": "sla0.5", "sla_multiplier": 0.5, "crew_multiplier": 1.0, "method": "v2rl302", "seed": 302, "feasible": 1, "wwt": 104.0, "makespan": 32.9, "mean_flow": 3.0016666666666665, "breach_share": 0.04, "breach_p1": 0.42857142857142855, "breach_p2": 0.07692307692307693, "breach_p3": null, "breach_p4": 0.0, "wall_seconds": 0.014981504995375872}, "v2rl303": {"id": "c09_replay_150_0106_sla0.5", "base_id": "c09_replay_150_0106", "campus": 9, "size": 150, "condition": "sla0.5", "sla_multiplier": 0.5, "crew_multiplier": 1.0, "method": "v2rl303", "seed": 303, "feasible": 1, "wwt": 104.0, "makespan": 32.9, "mean_flow": 3.0016666666666665, "breach_share": 0.04, "breach_p1": 0.42857142857142855, "breach_p2": 0.07692307692307693, "breach_p3": null, "breach_p4": 0.0, "wall_seconds": 0.015467775985598564}}, "methods_expected": ["edd", "wspt", "atc", "pfifo", "mor", "random", "v2rl301", "v2rl302", "v2rl303"], "infeasible": [], "wall_seconds_total": 0.04970736289396882}