{"shard_id": "c09_replay_150_0107_m1.25", "id": "c09_replay_150_0107_m1.25", "base_id": "c09_replay_150_0107", "campus": 9, "size": 150, "condition": "crew1.25", "rows": {"edd": {"id": "c09_replay_150_0107_m1.25", "base_id": "c09_replay_150_0107", "campus": 9, "size": 150, "condition": "crew1.25", "sla_multiplier": 1.0, "crew_multiplier": 1.25, "method": "edd", "seed": 301, "feasible": 1, "wwt": 150.0, "makespan": 44.5, "mean_flow": 3.0652219999999994, "breach_share": 0.02, "breach_p1": 0.16666666666666666, "breach_p2": 0.041666666666666664, "breach_p3": null, "breach_p4": 0.0, "wall_seconds": 0.00028302380815148354}, "wspt": {"id": "c09_replay_150_0107_m1.25", "base_id": "c09_replay_150_0107", "campus": 9, "size": 150, "condition": "crew1.25", "sla_multiplier": 1.0, "crew_multiplier": 1.25, "method": "wspt", "seed": 301, "feasible": 1, "wwt": 150.0, "makespan": 44.5, "mean_flow": 3.057888666666667, "breach_share": 0.02, "breach_p1": 0.16666666666666666, "breach_p2": 0.041666666666666664, "breach_p3": null, "breach_p4": 0.0, "wall_seconds": 0.0002942848950624466}, "atc": {"id": "c09_replay_150_0107_m1.25", "base_id": "c09_replay_150_0107", "campus": 9, "size": 150, "condition": "crew1.25", "sla_multiplier": 1.0, "crew_multiplier": 1.25, "method": "atc", "seed": 301, "feasible": 1, "wwt": 150.0, "makespan": 44.5, "mean_flow": 3.0645553333333337, "breach_share": 0.02, "breach_p1": 0.16666666666666666, "breach_p2": 0.041666666666666664, "breach_p3": null, "breach_p4": 0.0, "wall_seconds": 0.0003823060542345047}, "pfifo": {"id": "c09_replay_150_0107_m1.25", "base_id": "c09_replay_150_0107", "campus": 9, "size": 150, "condition": "crew1.25", "sla_multiplier": 1.0, "crew_multiplier": 1.25, "method": "pfifo", "seed": 301, "feasible": 1, "wwt": 150.0, "makespan": 44.5, "mean_flow": 3.0652219999999994, "breach_share": 0.02, "breach_p1": 0.16666666666666666, "breach_p2": 0.041666666666666664, "breach_p3": null, "breach_p4": 0.0, "wall_seconds": 0.00026873406022787094}, "mor": {"id": "c09_replay_150_0107_m1.25", "base_id": "c09_replay_150_0107", "campus": 9, "size": 150, "condition": "crew1.25", "sla_multiplier": 1.0, "crew_multiplier": 1.25, "method": "mor", "seed": 301, "feasible": 1, "wwt": 150.0, "makespan": 44.5, "mean_flow": 3.067555333333333, "breach_share": 0.02, "breach_p1": 0.16666666666666666, "breach_p2": 0.041666666666666664, "breach_p3": null, "breach_p4": 0.0, "wall_seconds": 0.00026103295385837555}, "random": {"id": "c09_replay_150_0107_m1.25", "base_id": "c09_replay_150_0107", "campus": 9, "size": 150, "condition": "crew1.25", "sla_multiplier": 1.0, "crew_multiplier": 1.25, "method": "random", "seed": 301, "feasible": 1, "wwt": 150.0, "makespan": 44.5, "mean_flow": 3.0478886666666667, "breach_share": 0.02, "breach_p1": 0.16666666666666666, "breach_p2": 0.041666666666666664, "breach_p3": null, "breach_p4": 0.0, "wall_seconds": 0.00023788586258888245}, "v2rl301": {"id": "c09_replay_150_0107_m1.25", "base_id": "c09_replay_150_0107", "campus": 9, "size": 150, "condition": "crew1.25", "sla_multiplier": 1.0, "crew_multiplier": 1.25, "method": "v2rl301", "seed": 301, "feasible": 1, "wwt": 150.0, "makespan": 44.5, "mean_flow": 3.067555333333333, "breach_share": 0.02, "breach_p1": 0.16666666666666666, "breach_p2": 0.041666666666666664, "breach_p3": null, "breach_p4": 0.0, "wall_seconds": 0.015632070135325193}, "v2rl302": {"id": "c09_replay_150_0107_m1.25", "base_id": "c09_replay_150_0107", "campus": 9, "size": 150, "condition": "crew1.25", "sla_multiplier": 1.0, "crew_multiplier": 1.25, "method": "v2rl302", "seed": 302, "feasible": 1, "wwt": 150.0, "makespan": 44.5, "mean_flow": 3.067555333333333, "breach_share": 0.02, "breach_p1": 0.16666666666666666, "breach_p2": 0.041666666666666664, "breach_p3": null, "breach_p4": 0.0, "wall_seconds": 0.01532397186383605}, "v2rl303": {"id": "c09_replay_150_0107_m1.25", "base_id": "c09_replay_150_0107", "campus": 9, "size": 150, "condition": "crew1.25", "sla_multiplier": 1.0, "crew_multiplier": 1.25, "method": "v2rl303", "seed": 303, "feasible": 1, "wwt": 150.0, "makespan": 44.5, "mean_flow": 3.067555333333333, "breach_share": 0.02, "breach_p1": 0.16666666666666666, "breach_p2": 0.041666666666666664, "breach_p3": null, "breach_p4": 0.0, "wall_seconds": 0.015341714024543762}}, "methods_expected": ["edd", "wspt", "atc", "pfifo", "mor", "random", "v2rl301", "v2rl302", "v2rl303"], "infeasible": [], "wall_seconds_total": 0.05009755818173289}