{"shard_id": "c09_replay_150_0114_m0.75", "id": "c09_replay_150_0114_m0.75", "base_id": "c09_replay_150_0114", "campus": 9, "size": 150, "condition": "crew0.75", "rows": {"edd": {"id": "c09_replay_150_0114_m0.75", "base_id": "c09_replay_150_0114", "campus": 9, "size": 150, "condition": "crew0.75", "sla_multiplier": 1.0, "crew_multiplier": 0.75, "method": "edd", "seed": 301, "feasible": 1, "wwt": 566.0, "makespan": 59.25, "mean_flow": 11.975, "breach_share": 0.03333333333333333, "breach_p1": 0.35714285714285715, "breach_p2": 0.0, "breach_p3": null, "breach_p4": 0.0, "wall_seconds": 0.00033692410215735435}, "wspt": {"id": "c09_replay_150_0114_m0.75", "base_id": "c09_replay_150_0114", "campus": 9, "size": 150, "condition": "crew0.75", "sla_multiplier": 1.0, "crew_multiplier": 0.75, "method": "wspt", "seed": 301, "feasible": 1, "wwt": 566.0, "makespan": 78.75, "mean_flow": 6.496666666666667, "breach_share": 0.03333333333333333, "breach_p1": 0.35714285714285715, "breach_p2": 0.0, "breach_p3": null, "breach_p4": 0.0, "wall_seconds": 0.00040282681584358215}, "atc": {"id": "c09_replay_150_0114_m0.75", "base_id": "c09_replay_150_0114", "campus": 9, "size": 150, "condition": "crew0.75", "sla_multiplier": 1.0, "crew_multiplier": 0.75, "method": "atc", "seed": 301, "feasible": 1, "wwt": 566.0, "makespan": 78.75, "mean_flow": 6.496666666666667, "breach_share": 0.03333333333333333, "breach_p1": 0.35714285714285715, "breach_p2": 0.0, "breach_p3": null, "breach_p4": 0.0, "wall_seconds": 0.0006866520270705223}, "pfifo": {"id": "c09_replay_150_0114_m0.75", "base_id": "c09_replay_150_0114", "campus": 9, "size": 150, "condition": "crew0.75", "sla_multiplier": 1.0, "crew_multiplier": 0.75, "method": "pfifo", "seed": 301, "feasible": 1, "wwt": 566.0, "makespan": 59.25, "mean_flow": 11.975, "breach_share": 0.03333333333333333, "breach_p1": 0.35714285714285715, "breach_p2": 0.0, "breach_p3": null, "breach_p4": 0.0, "wall_seconds": 0.00035360921174287796}, "mor": {"id": "c09_replay_150_0114_m0.75", "base_id": "c09_replay_150_0114", "campus": 9, "size": 150, "condition": "crew0.75", "sla_multiplier": 1.0, "crew_multiplier": 0.75, "method": "mor", "seed": 301, "feasible": 1, "wwt": 704.0, "makespan": 59.25, "mean_flow": 12.908333333333333, "breach_share": 0.04, "breach_p1": 0.42857142857142855, "breach_p2": 0.0, "breach_p3": null, "breach_p4": 0.0, "wall_seconds": 0.00035898108035326004}, "random": {"id": "c09_replay_150_0114_m0.75", "base_id": "c09_replay_150_0114", "campus": 9, "size": 150, "condition": "crew0.75", "sla_multiplier": 1.0, "crew_multiplier": 0.75, "method": "random", "seed": 301, "feasible": 1, "wwt": 696.0, "makespan": 69.5, "mean_flow": 7.963333333333333, "breach_share": 0.04, "breach_p1": 0.42857142857142855, "breach_p2": 0.0, "breach_p3": null, "breach_p4": 0.0, "wall_seconds": 0.0002419198863208294}, "v2rl301": {"id": "c09_replay_150_0114_m0.75", "base_id": "c09_replay_150_0114", "campus": 9, "size": 150, "condition": "crew0.75", "sla_multiplier": 1.0, "crew_multiplier": 0.75, "method": "v2rl301", "seed": 301, "feasible": 1, "wwt": 566.0, "makespan": 59.25, "mean_flow": 12.855, "breach_share": 0.03333333333333333, "breach_p1": 0.35714285714285715, "breach_p2": 0.0, "breach_p3": null, "breach_p4": 0.0, "wall_seconds": 0.017419372219592333}, "v2rl302": {"id": "c09_replay_150_0114_m0.75", "base_id": "c09_replay_150_0114", "campus": 9, "size": 150, "condition": "crew0.75", "sla_multiplier": 1.0, "crew_multiplier": 0.75, "method": "v2rl302", "seed": 302, "feasible": 1, "wwt": 566.0, "makespan": 59.25, "mean_flow": 12.855, "breach_share": 0.03333333333333333, "breach_p1": 0.35714285714285715, "breach_p2": 0.0, "breach_p3": null, "breach_p4": 0.0, "wall_seconds": 0.01738805789500475}, "v2rl303": {"id": "c09_replay_150_0114_m0.75", "base_id": "c09_replay_150_0114", "campus": 9, "size": 150, "condition": "crew0.75", "sla_multiplier": 1.0, "crew_multiplier": 0.75, "method": "v2rl303", "seed": 303, "feasible": 1, "wwt": 566.0, "makespan": 59.25, "mean_flow": 12.781666666666666, "breach_share": 0.03333333333333333, "breach_p1": 0.35714285714285715, "breach_p2": 0.0, "breach_p3": null, "breach_p4": 0.0, "wall_seconds": 0.01674208603799343}}, "methods_expected": ["edd", "wspt", "atc", "pfifo", "mor", "random", "v2rl301", "v2rl302", "v2rl303"], "infeasible": [], "wall_seconds_total": 0.05603289417922497}