{"shard_id": "c09_replay_400_0109_sla1.5", "id": "c09_replay_400_0109_sla1.5", "base_id": "c09_replay_400_0109", "campus": 9, "size": 400, "condition": "sla1.5", "rows": {"edd": {"id": "c09_replay_400_0109_sla1.5", "base_id": "c09_replay_400_0109", "campus": 9, "size": 400, "condition": "sla1.5", "sla_multiplier": 1.5, "crew_multiplier": 1.0, "method": "edd", "seed": 301, "feasible": 1, "wwt": 160.9999999999999, "makespan": 132.6667, "mean_flow": 3.5793332499999995, "breach_share": 0.005, "breach_p1": 0.0, "breach_p2": 0.017241379310344827, "breach_p3": 0.0, "breach_p4": 0.0, "wall_seconds": 0.0006508068181574345}, "wspt": {"id": "c09_replay_400_0109_sla1.5", "base_id": "c09_replay_400_0109", "campus": 9, "size": 400, "condition": "sla1.5", "sla_multiplier": 1.5, "crew_multiplier": 1.0, "method": "wspt", "seed": 301, "feasible": 1, "wwt": 160.9999999999999, "makespan": 132.6667, "mean_flow": 3.56883325, "breach_share": 0.005, "breach_p1": 0.0, "breach_p2": 0.017241379310344827, "breach_p3": 0.0, "breach_p4": 0.0, "wall_seconds": 0.0006843502633273602}, "atc": {"id": "c09_replay_400_0109_sla1.5", "base_id": "c09_replay_400_0109", "campus": 9, "size": 400, "condition": "sla1.5", "sla_multiplier": 1.5, "crew_multiplier": 1.0, "method": "atc", "seed": 301, "feasible": 1, "wwt": 160.9999999999999, "makespan": 132.6667, "mean_flow": 3.5698332500000003, "breach_share": 0.005, "breach_p1": 0.0, "breach_p2": 0.017241379310344827, "breach_p3": 0.0, "breach_p4": 0.0, "wall_seconds": 0.0009689838625490665}, "pfifo": {"id": "c09_replay_400_0109_sla1.5", "base_id": "c09_replay_400_0109", "campus": 9, "size": 400, "condition": "sla1.5", "sla_multiplier": 1.5, "crew_multiplier": 1.0, "method": "pfifo", "seed": 301, "feasible": 1, "wwt": 160.9999999999999, "makespan": 132.6667, "mean_flow": 3.5793332499999995, "breach_share": 0.005, "breach_p1": 0.0, "breach_p2": 0.017241379310344827, "breach_p3": 0.0, "breach_p4": 0.0, "wall_seconds": 0.0006200792267918587}, "mor": {"id": "c09_replay_400_0109_sla1.5", "base_id": "c09_replay_400_0109", "campus": 9, "size": 400, "condition": "sla1.5", "sla_multiplier": 1.5, "crew_multiplier": 1.0, "method": "mor", "seed": 301, "feasible": 1, "wwt": 160.9999999999999, "makespan": 132.6667, "mean_flow": 3.6402917500000003, "breach_share": 0.005, "breach_p1": 0.0, "breach_p2": 0.017241379310344827, "breach_p3": 0.0, "breach_p4": 0.0, "wall_seconds": 0.0006308970041573048}, "random": {"id": "c09_replay_400_0109_sla1.5", "base_id": "c09_replay_400_0109", "campus": 9, "size": 400, "condition": "sla1.5", "sla_multiplier": 1.5, "crew_multiplier": 1.0, "method": "random", "seed": 301, "feasible": 1, "wwt": 160.9999999999999, "makespan": 132.6667, "mean_flow": 3.5832915, "breach_share": 0.005, "breach_p1": 0.0, "breach_p2": 0.017241379310344827, "breach_p3": 0.0, "breach_p4": 0.0, "wall_seconds": 0.000520921777933836}, "v2rl301": {"id": "c09_replay_400_0109_sla1.5", "base_id": "c09_replay_400_0109", "campus": 9, "size": 400, "condition": "sla1.5", "sla_multiplier": 1.5, "crew_multiplier": 1.0, "method": "v2rl301", "seed": 301, "feasible": 1, "wwt": 160.9999999999999, "makespan": 132.6667, "mean_flow": 3.61533325, "breach_share": 0.005, "breach_p1": 0.0, "breach_p2": 0.017241379310344827, "breach_p3": 0.0, "breach_p4": 0.0, "wall_seconds": 0.04116889601573348}, "v2rl302": {"id": "c09_replay_400_0109_sla1.5", "base_id": "c09_replay_400_0109", "campus": 9, "size": 400, "condition": "sla1.5", "sla_multiplier": 1.5, "crew_multiplier": 1.0, "method": "v2rl302", "seed": 302, "feasible": 1, "wwt": 160.9999999999999, "makespan": 132.6667, "mean_flow": 3.62375025, "breach_share": 0.005, "breach_p1": 0.0, "breach_p2": 0.017241379310344827, "breach_p3": 0.0, "breach_p4": 0.0, "wall_seconds": 0.04129182128235698}, "v2rl303": {"id": "c09_replay_400_0109_sla1.5", "base_id": "c09_replay_400_0109", "campus": 9, "size": 400, "condition": "sla1.5", "sla_multiplier": 1.5, "crew_multiplier": 1.0, "method": "v2rl303", "seed": 303, "feasible": 1, "wwt": 160.9999999999999, "makespan": 132.6667, "mean_flow": 3.62375025, "breach_share": 0.005, "breach_p1": 0.0, "breach_p2": 0.017241379310344827, "breach_p3": 0.0, "breach_p4": 0.0, "wall_seconds": 0.04097641818225384}}, "methods_expected": ["edd", "wspt", "atc", "pfifo", "mor", "random", "v2rl301", "v2rl302", "v2rl303"], "infeasible": [], "wall_seconds_total": 0.1320301671512425}