{"shard_id": "c09_replay_400_0126_m0.75", "id": "c09_replay_400_0126_m0.75", "base_id": "c09_replay_400_0126", "campus": 9, "size": 400, "condition": "crew0.75", "rows": {"edd": {"id": "c09_replay_400_0126_m0.75", "base_id": "c09_replay_400_0126", "campus": 9, "size": 400, "condition": "crew0.75", "sla_multiplier": 1.0, "crew_multiplier": 0.75, "method": "edd", "seed": 301, "feasible": 1, "wwt": 114.0, "makespan": 121.5315, "mean_flow": 3.90695425, "breach_share": 0.005, "breach_p1": 0.1, "breach_p2": 0.010638297872340425, "breach_p3": null, "breach_p4": 0.0, "wall_seconds": 0.0006283805705606937}, "wspt": {"id": "c09_replay_400_0126_m0.75", "base_id": "c09_replay_400_0126", "campus": 9, "size": 400, "condition": "crew0.75", "sla_multiplier": 1.0, "crew_multiplier": 0.75, "method": "wspt", "seed": 301, "feasible": 1, "wwt": 142.0, "makespan": 121.5315, "mean_flow": 3.8557457499999996, "breach_share": 0.005, "breach_p1": 0.1, "breach_p2": 0.010638297872340425, "breach_p3": null, "breach_p4": 0.0, "wall_seconds": 0.0006516901776194572}, "atc": {"id": "c09_replay_400_0126_m0.75", "base_id": "c09_replay_400_0126", "campus": 9, "size": 400, "condition": "crew0.75", "sla_multiplier": 1.0, "crew_multiplier": 0.75, "method": "atc", "seed": 301, "feasible": 1, "wwt": 114.0, "makespan": 121.5315, "mean_flow": 3.8854124999999997, "breach_share": 0.005, "breach_p1": 0.1, "breach_p2": 0.010638297872340425, "breach_p3": null, "breach_p4": 0.0, "wall_seconds": 0.0009694141335785389}, "pfifo": {"id": "c09_replay_400_0126_m0.75", "base_id": "c09_replay_400_0126", "campus": 9, "size": 400, "condition": "crew0.75", "sla_multiplier": 1.0, "crew_multiplier": 0.75, "method": "pfifo", "seed": 301, "feasible": 1, "wwt": 114.0, "makespan": 121.5315, "mean_flow": 3.90695425, "breach_share": 0.005, "breach_p1": 0.1, "breach_p2": 0.010638297872340425, "breach_p3": null, "breach_p4": 0.0, "wall_seconds": 0.0006229616701602936}, "mor": {"id": "c09_replay_400_0126_m0.75", "base_id": "c09_replay_400_0126", "campus": 9, "size": 400, "condition": "crew0.75", "sla_multiplier": 1.0, "crew_multiplier": 0.75, "method": "mor", "seed": 301, "feasible": 1, "wwt": 114.0, "makespan": 121.5315, "mean_flow": 4.06337125, "breach_share": 0.005, "breach_p1": 0.1, "breach_p2": 0.010638297872340425, "breach_p3": null, "breach_p4": 0.0, "wall_seconds": 0.0006171590648591518}, "random": {"id": "c09_replay_400_0126_m0.75", "base_id": "c09_replay_400_0126", "campus": 9, "size": 400, "condition": "crew0.75", "sla_multiplier": 1.0, "crew_multiplier": 0.75, "method": "random", "seed": 301, "feasible": 1, "wwt": 133.0668, "makespan": 121.5315, "mean_flow": 3.93153725, "breach_share": 0.005, "breach_p1": 0.1, "breach_p2": 0.010638297872340425, "breach_p3": null, "breach_p4": 0.0, "wall_seconds": 0.0005055996589362621}, "v2rl301": {"id": "c09_replay_400_0126_m0.75", "base_id": "c09_replay_400_0126", "campus": 9, "size": 400, "condition": "crew0.75", "sla_multiplier": 1.0, "crew_multiplier": 0.75, "method": "v2rl301", "seed": 301, "feasible": 1, "wwt": 114.0, "makespan": 121.5315, "mean_flow": 4.0278295, "breach_share": 0.005, "breach_p1": 0.1, "breach_p2": 0.010638297872340425, "breach_p3": null, "breach_p4": 0.0, "wall_seconds": 0.041476424783468246}, "v2rl302": {"id": "c09_replay_400_0126_m0.75", "base_id": "c09_replay_400_0126", "campus": 9, "size": 400, "condition": "crew0.75", "sla_multiplier": 1.0, "crew_multiplier": 0.75, "method": "v2rl302", "seed": 302, "feasible": 1, "wwt": 114.0, "makespan": 121.5315, "mean_flow": 4.0227045, "breach_share": 0.005, "breach_p1": 0.1, "breach_p2": 0.010638297872340425, "breach_p3": null, "breach_p4": 0.0, "wall_seconds": 0.04193516494706273}, "v2rl303": {"id": "c09_replay_400_0126_m0.75", "base_id": "c09_replay_400_0126", "campus": 9, "size": 400, "condition": "crew0.75", "sla_multiplier": 1.0, "crew_multiplier": 0.75, "method": "v2rl303", "seed": 303, "feasible": 1, "wwt": 114.0, "makespan": 121.5315, "mean_flow": 4.0227045, "breach_share": 0.005, "breach_p1": 0.1, "breach_p2": 0.010638297872340425, "breach_p3": null, "breach_p4": 0.0, "wall_seconds": 0.04273002874106169}}, "methods_expected": ["edd", "wspt", "atc", "pfifo", "mor", "random", "v2rl301", "v2rl302", "v2rl303"], "infeasible": [], "wall_seconds_total": 0.13449981296434999}