{"shard_id": "c09_replay_150_0128_m0.75", "id": "c09_replay_150_0128_m0.75", "base_id": "c09_replay_150_0128", "campus": 9, "size": 150, "condition": "crew0.75", "rows": {"edd": {"id": "c09_replay_150_0128_m0.75", "base_id": "c09_replay_150_0128", "campus": 9, "size": 150, "condition": "crew0.75", "sla_multiplier": 1.0, "crew_multiplier": 0.75, "method": "edd", "seed": 301, "feasible": 1, "wwt": 379.4592, "makespan": 114.8648, "mean_flow": 4.884296666666667, "breach_share": 0.013333333333333334, "breach_p1": 0.3333333333333333, "breach_p2": 0.02702702702702703, "breach_p3": null, "breach_p4": 0.0, "wall_seconds": 0.00024274829775094986}, "wspt": {"id": "c09_replay_150_0128_m0.75", "base_id": "c09_replay_150_0128", "campus": 9, "size": 150, "condition": "crew0.75", "sla_multiplier": 1.0, "crew_multiplier": 0.75, "method": "wspt", "seed": 301, "feasible": 1, "wwt": 379.4592, "makespan": 114.8648, "mean_flow": 4.844296666666668, "breach_share": 0.013333333333333334, "breach_p1": 0.3333333333333333, "breach_p2": 0.02702702702702703, "breach_p3": null, "breach_p4": 0.0, "wall_seconds": 0.0002539972774684429}, "atc": {"id": "c09_replay_150_0128_m0.75", "base_id": "c09_replay_150_0128", "campus": 9, "size": 150, "condition": "crew0.75", "sla_multiplier": 1.0, "crew_multiplier": 0.75, "method": "atc", "seed": 301, "feasible": 1, "wwt": 379.4592, "makespan": 114.8648, "mean_flow": 4.844296666666668, "breach_share": 0.013333333333333334, "breach_p1": 0.3333333333333333, "breach_p2": 0.02702702702702703, "breach_p3": null, "breach_p4": 0.0, "wall_seconds": 0.000308208167552948}, "pfifo": {"id": "c09_replay_150_0128_m0.75", "base_id": "c09_replay_150_0128", "campus": 9, "size": 150, "condition": "crew0.75", "sla_multiplier": 1.0, "crew_multiplier": 0.75, "method": "pfifo", "seed": 301, "feasible": 1, "wwt": 379.4592, "makespan": 114.8648, "mean_flow": 4.884296666666667, "breach_share": 0.013333333333333334, "breach_p1": 0.3333333333333333, "breach_p2": 0.02702702702702703, "breach_p3": null, "breach_p4": 0.0, "wall_seconds": 0.00023447582498192787}, "mor": {"id": "c09_replay_150_0128_m0.75", "base_id": "c09_replay_150_0128", "campus": 9, "size": 150, "condition": "crew0.75", "sla_multiplier": 1.0, "crew_multiplier": 0.75, "method": "mor", "seed": 301, "feasible": 1, "wwt": 379.4592, "makespan": 114.8648, "mean_flow": 4.954296666666667, "breach_share": 0.013333333333333334, "breach_p1": 0.3333333333333333, "breach_p2": 0.02702702702702703, "breach_p3": null, "breach_p4": 0.0, "wall_seconds": 0.0002341289073228836}, "random": {"id": "c09_replay_150_0128_m0.75", "base_id": "c09_replay_150_0128", "campus": 9, "size": 150, "condition": "crew0.75", "sla_multiplier": 1.0, "crew_multiplier": 0.75, "method": "random", "seed": 301, "feasible": 1, "wwt": 379.4592, "makespan": 114.8648, "mean_flow": 4.876407333333333, "breach_share": 0.013333333333333334, "breach_p1": 0.3333333333333333, "breach_p2": 0.02702702702702703, "breach_p3": null, "breach_p4": 0.0, "wall_seconds": 0.00021449895575642586}, "v2rl301": {"id": "c09_replay_150_0128_m0.75", "base_id": "c09_replay_150_0128", "campus": 9, "size": 150, "condition": "crew0.75", "sla_multiplier": 1.0, "crew_multiplier": 0.75, "method": "v2rl301", "seed": 301, "feasible": 1, "wwt": 379.4592, "makespan": 114.8648, "mean_flow": 4.940963333333333, "breach_share": 0.013333333333333334, "breach_p1": 0.3333333333333333, "breach_p2": 0.02702702702702703, "breach_p3": null, "breach_p4": 0.0, "wall_seconds": 0.015296170022338629}, "v2rl302": {"id": "c09_replay_150_0128_m0.75", "base_id": "c09_replay_150_0128", "campus": 9, "size": 150, "condition": "crew0.75", "sla_multiplier": 1.0, "crew_multiplier": 0.75, "method": "v2rl302", "seed": 302, "feasible": 1, "wwt": 379.4592, "makespan": 114.8648, "mean_flow": 4.940963333333333, "breach_share": 0.013333333333333334, "breach_p1": 0.3333333333333333, "breach_p2": 0.02702702702702703, "breach_p3": null, "breach_p4": 0.0, "wall_seconds": 0.015061836689710617}, "v2rl303": {"id": "c09_replay_150_0128_m0.75", "base_id": "c09_replay_150_0128", "campus": 9, "size": 150, "condition": "crew0.75", "sla_multiplier": 1.0, "crew_multiplier": 0.75, "method": "v2rl303", "seed": 303, "feasible": 1, "wwt": 379.4592, "makespan": 114.8648, "mean_flow": 4.940963333333333, "breach_share": 0.013333333333333334, "breach_p1": 0.3333333333333333, "breach_p2": 0.02702702702702703, "breach_p3": null, "breach_p4": 0.0, "wall_seconds": 0.015233380254358053}}, "methods_expected": ["edd", "wspt", "atc", "pfifo", "mor", "random", "v2rl301", "v2rl302", "v2rl303"], "infeasible": [], "wall_seconds_total": 0.04908754117786884}