{"shard_id": "c09_replay_400_0124_m0.75", "id": "c09_replay_400_0124_m0.75", "base_id": "c09_replay_400_0124", "campus": 9, "size": 400, "condition": "crew0.75", "rows": {"edd": {"id": "c09_replay_400_0124_m0.75", "base_id": "c09_replay_400_0124", "campus": 9, "size": 400, "condition": "crew0.75", "sla_multiplier": 1.0, "crew_multiplier": 0.75, "method": "edd", "seed": 301, "feasible": 1, "wwt": 499.45919999999995, "makespan": 114.8648, "mean_flow": 3.95507075, "breach_share": 0.0125, "breach_p1": 0.2, "breach_p2": 0.025210084033613446, "breach_p3": 0.0, "breach_p4": 0.0, "wall_seconds": 0.0005908533930778503}, "wspt": {"id": "c09_replay_400_0124_m0.75", "base_id": "c09_replay_400_0124", "campus": 9, "size": 400, "condition": "crew0.75", "sla_multiplier": 1.0, "crew_multiplier": 0.75, "method": "wspt", "seed": 301, "feasible": 1, "wwt": 499.45919999999995, "makespan": 116.8648, "mean_flow": 3.903404, "breach_share": 0.0125, "breach_p1": 0.2, "breach_p2": 0.025210084033613446, "breach_p3": 0.0, "breach_p4": 0.0, "wall_seconds": 0.0006012679077684879}, "atc": {"id": "c09_replay_400_0124_m0.75", "base_id": "c09_replay_400_0124", "campus": 9, "size": 400, "condition": "crew0.75", "sla_multiplier": 1.0, "crew_multiplier": 0.75, "method": "atc", "seed": 301, "feasible": 1, "wwt": 499.45919999999995, "makespan": 114.8648, "mean_flow": 3.9052789999999997, "breach_share": 0.0125, "breach_p1": 0.2, "breach_p2": 0.025210084033613446, "breach_p3": 0.0, "breach_p4": 0.0, "wall_seconds": 0.00079375971108675}, "pfifo": {"id": "c09_replay_400_0124_m0.75", "base_id": "c09_replay_400_0124", "campus": 9, "size": 400, "condition": "crew0.75", "sla_multiplier": 1.0, "crew_multiplier": 0.75, "method": "pfifo", "seed": 301, "feasible": 1, "wwt": 499.45919999999995, "makespan": 114.8648, "mean_flow": 3.95507075, "breach_share": 0.0125, "breach_p1": 0.2, "breach_p2": 0.025210084033613446, "breach_p3": 0.0, "breach_p4": 0.0, "wall_seconds": 0.0005761459469795227}, "mor": {"id": "c09_replay_400_0124_m0.75", "base_id": "c09_replay_400_0124", "campus": 9, "size": 400, "condition": "crew0.75", "sla_multiplier": 1.0, "crew_multiplier": 0.75, "method": "mor", "seed": 301, "feasible": 1, "wwt": 499.45919999999995, "makespan": 114.8648, "mean_flow": 4.09248775, "breach_share": 0.0125, "breach_p1": 0.2, "breach_p2": 0.025210084033613446, "breach_p3": 0.0, "breach_p4": 0.0, "wall_seconds": 0.0005786223337054253}, "random": {"id": "c09_replay_400_0124_m0.75", "base_id": "c09_replay_400_0124", "campus": 9, "size": 400, "condition": "crew0.75", "sla_multiplier": 1.0, "crew_multiplier": 0.75, "method": "random", "seed": 301, "feasible": 1, "wwt": 499.45919999999995, "makespan": 114.8648, "mean_flow": 3.97411225, "breach_share": 0.0125, "breach_p1": 0.2, "breach_p2": 0.025210084033613446, "breach_p3": 0.0, "breach_p4": 0.0, "wall_seconds": 0.0005244086496531963}, "v2rl301": {"id": "c09_replay_400_0124_m0.75", "base_id": "c09_replay_400_0124", "campus": 9, "size": 400, "condition": "crew0.75", "sla_multiplier": 1.0, "crew_multiplier": 0.75, "method": "v2rl301", "seed": 301, "feasible": 1, "wwt": 499.45919999999995, "makespan": 114.8648, "mean_flow": 4.034779250000001, "breach_share": 0.0125, "breach_p1": 0.2, "breach_p2": 0.025210084033613446, "breach_p3": 0.0, "breach_p4": 0.0, "wall_seconds": 0.041392991319298744}, "v2rl302": {"id": "c09_replay_400_0124_m0.75", "base_id": "c09_replay_400_0124", "campus": 9, "size": 400, "condition": "crew0.75", "sla_multiplier": 1.0, "crew_multiplier": 0.75, "method": "v2rl302", "seed": 302, "feasible": 1, "wwt": 499.45919999999995, "makespan": 114.8648, "mean_flow": 4.03727925, "breach_share": 0.0125, "breach_p1": 0.2, "breach_p2": 0.025210084033613446, "breach_p3": 0.0, "breach_p4": 0.0, "wall_seconds": 0.04072415316477418}, "v2rl303": {"id": "c09_replay_400_0124_m0.75", "base_id": "c09_replay_400_0124", "campus": 9, "size": 400, "condition": "crew0.75", "sla_multiplier": 1.0, "crew_multiplier": 0.75, "method": "v2rl303", "seed": 303, "feasible": 1, "wwt": 499.45919999999995, "makespan": 114.8648, "mean_flow": 4.03790425, "breach_share": 0.0125, "breach_p1": 0.2, "breach_p2": 0.025210084033613446, "breach_p3": 0.0, "breach_p4": 0.0, "wall_seconds": 0.04069080017507076}}, "methods_expected": ["edd", "wspt", "atc", "pfifo", "mor", "random", "v2rl301", "v2rl302", "v2rl303"], "infeasible": [], "wall_seconds_total": 0.13083040993660688}