{"shard_id": "c09_replay_150_0127_sla0.5", "id": "c09_replay_150_0127_sla0.5", "base_id": "c09_replay_150_0127", "campus": 9, "size": 150, "condition": "sla0.5", "rows": {"edd": {"id": "c09_replay_150_0127_sla0.5", "base_id": "c09_replay_150_0127", "campus": 9, "size": 150, "condition": "sla0.5", "sla_multiplier": 0.5, "crew_multiplier": 1.0, "method": "edd", "seed": 301, "feasible": 1, "wwt": 86.00000000000001, "makespan": 73.0, "mean_flow": 3.967888666666667, "breach_share": 0.02, "breach_p1": 0.2857142857142857, "breach_p2": 0.023255813953488372, "breach_p3": 0.0, "breach_p4": 0.0, "wall_seconds": 0.00027521001175045967}, "wspt": {"id": "c09_replay_150_0127_sla0.5", "base_id": "c09_replay_150_0127", "campus": 9, "size": 150, "condition": "sla0.5", "sla_multiplier": 0.5, "crew_multiplier": 1.0, "method": "wspt", "seed": 301, "feasible": 1, "wwt": 86.00000000000001, "makespan": 73.0, "mean_flow": 3.967888666666667, "breach_share": 0.02, "breach_p1": 0.2857142857142857, "breach_p2": 0.023255813953488372, "breach_p3": 0.0, "breach_p4": 0.0, "wall_seconds": 0.0002778829075396061}, "atc": {"id": "c09_replay_150_0127_sla0.5", "base_id": "c09_replay_150_0127", "campus": 9, "size": 150, "condition": "sla0.5", "sla_multiplier": 0.5, "crew_multiplier": 1.0, "method": "atc", "seed": 301, "feasible": 1, "wwt": 86.00000000000001, "makespan": 73.0, "mean_flow": 3.967888666666667, "breach_share": 0.02, "breach_p1": 0.2857142857142857, "breach_p2": 0.023255813953488372, "breach_p3": 0.0, "breach_p4": 0.0, "wall_seconds": 0.00032435404136776924}, "pfifo": {"id": "c09_replay_150_0127_sla0.5", "base_id": "c09_replay_150_0127", "campus": 9, "size": 150, "condition": "sla0.5", "sla_multiplier": 0.5, "crew_multiplier": 1.0, "method": "pfifo", "seed": 301, "feasible": 1, "wwt": 86.00000000000001, "makespan": 73.0, "mean_flow": 3.967888666666667, "breach_share": 0.02, "breach_p1": 0.2857142857142857, "breach_p2": 0.023255813953488372, "breach_p3": 0.0, "breach_p4": 0.0, "wall_seconds": 0.0002771536819636822}, "mor": {"id": "c09_replay_150_0127_sla0.5", "base_id": "c09_replay_150_0127", "campus": 9, "size": 150, "condition": "sla0.5", "sla_multiplier": 0.5, "crew_multiplier": 1.0, "method": "mor", "seed": 301, "feasible": 1, "wwt": 86.00000000000001, "makespan": 73.0, "mean_flow": 3.967888666666667, "breach_share": 0.02, "breach_p1": 0.2857142857142857, "breach_p2": 0.023255813953488372, "breach_p3": 0.0, "breach_p4": 0.0, "wall_seconds": 0.00023678969591856003}, "random": {"id": "c09_replay_150_0127_sla0.5", "base_id": "c09_replay_150_0127", "campus": 9, "size": 150, "condition": "sla0.5", "sla_multiplier": 0.5, "crew_multiplier": 1.0, "method": "random", "seed": 301, "feasible": 1, "wwt": 86.00000000000001, "makespan": 73.0, "mean_flow": 3.967888666666667, "breach_share": 0.02, "breach_p1": 0.2857142857142857, "breach_p2": 0.023255813953488372, "breach_p3": 0.0, "breach_p4": 0.0, "wall_seconds": 0.0002281833440065384}, "v2rl301": {"id": "c09_replay_150_0127_sla0.5", "base_id": "c09_replay_150_0127", "campus": 9, "size": 150, "condition": "sla0.5", "sla_multiplier": 0.5, "crew_multiplier": 1.0, "method": "v2rl301", "seed": 301, "feasible": 1, "wwt": 86.00000000000001, "makespan": 73.0, "mean_flow": 3.967888666666667, "breach_share": 0.02, "breach_p1": 0.2857142857142857, "breach_p2": 0.023255813953488372, "breach_p3": 0.0, "breach_p4": 0.0, "wall_seconds": 0.015101157128810883}, "v2rl302": {"id": "c09_replay_150_0127_sla0.5", "base_id": "c09_replay_150_0127", "campus": 9, "size": 150, "condition": "sla0.5", "sla_multiplier": 0.5, "crew_multiplier": 1.0, "method": "v2rl302", "seed": 302, "feasible": 1, "wwt": 86.00000000000001, "makespan": 73.0, "mean_flow": 3.967888666666667, "breach_share": 0.02, "breach_p1": 0.2857142857142857, "breach_p2": 0.023255813953488372, "breach_p3": 0.0, "breach_p4": 0.0, "wall_seconds": 0.014777503907680511}, "v2rl303": {"id": "c09_replay_150_0127_sla0.5", "base_id": "c09_replay_150_0127", "campus": 9, "size": 150, "condition": "sla0.5", "sla_multiplier": 0.5, "crew_multiplier": 1.0, "method": "v2rl303", "seed": 303, "feasible": 1, "wwt": 86.00000000000001, "makespan": 73.0, "mean_flow": 3.967888666666667, "breach_share": 0.02, "breach_p1": 0.2857142857142857, "breach_p2": 0.023255813953488372, "breach_p3": 0.0, "breach_p4": 0.0, "wall_seconds": 0.015033809933811426}}, "methods_expected": ["edd", "wspt", "atc", "pfifo", "mor", "random", "v2rl301", "v2rl302", "v2rl303"], "infeasible": [], "wall_seconds_total": 0.04866391886025667}