{"shard_id": "c09_replay_150_0110_sla1.5", "id": "c09_replay_150_0110_sla1.5", "base_id": "c09_replay_150_0110", "campus": 9, "size": 150, "condition": "sla1.5", "rows": {"edd": {"id": "c09_replay_150_0110_sla1.5", "base_id": "c09_replay_150_0110", "campus": 9, "size": 150, "condition": "sla1.5", "sla_multiplier": 1.5, "crew_multiplier": 1.0, "method": "edd", "seed": 301, "feasible": 1, "wwt": 20.0, "makespan": 55.7, "mean_flow": 3.3452219999999997, "breach_share": 0.006666666666666667, "breach_p1": 0.0, "breach_p2": 0.02127659574468085, "breach_p3": 0.0, "breach_p4": 0.0, "wall_seconds": 0.00029184529557824135}, "wspt": {"id": "c09_replay_150_0110_sla1.5", "base_id": "c09_replay_150_0110", "campus": 9, "size": 150, "condition": "sla1.5", "sla_multiplier": 1.5, "crew_multiplier": 1.0, "method": "wspt", "seed": 301, "feasible": 1, "wwt": 20.0, "makespan": 55.7, "mean_flow": 3.3451113333333335, "breach_share": 0.006666666666666667, "breach_p1": 0.0, "breach_p2": 0.02127659574468085, "breach_p3": 0.0, "breach_p4": 0.0, "wall_seconds": 0.00026899389922618866}, "atc": {"id": "c09_replay_150_0110_sla1.5", "base_id": "c09_replay_150_0110", "campus": 9, "size": 150, "condition": "sla1.5", "sla_multiplier": 1.5, "crew_multiplier": 1.0, "method": "atc", "seed": 301, "feasible": 1, "wwt": 20.0, "makespan": 55.7, "mean_flow": 3.3451113333333335, "breach_share": 0.006666666666666667, "breach_p1": 0.0, "breach_p2": 0.02127659574468085, "breach_p3": 0.0, "breach_p4": 0.0, "wall_seconds": 0.00034872209653258324}, "pfifo": {"id": "c09_replay_150_0110_sla1.5", "base_id": "c09_replay_150_0110", "campus": 9, "size": 150, "condition": "sla1.5", "sla_multiplier": 1.5, "crew_multiplier": 1.0, "method": "pfifo", "seed": 301, "feasible": 1, "wwt": 20.0, "makespan": 55.7, "mean_flow": 3.3452219999999997, "breach_share": 0.006666666666666667, "breach_p1": 0.0, "breach_p2": 0.02127659574468085, "breach_p3": 0.0, "breach_p4": 0.0, "wall_seconds": 0.0002488382160663605}, "mor": {"id": "c09_replay_150_0110_sla1.5", "base_id": "c09_replay_150_0110", "campus": 9, "size": 150, "condition": "sla1.5", "sla_multiplier": 1.5, "crew_multiplier": 1.0, "method": "mor", "seed": 301, "feasible": 1, "wwt": 20.0, "makespan": 55.7, "mean_flow": 3.378333333333333, "breach_share": 0.006666666666666667, "breach_p1": 0.0, "breach_p2": 0.02127659574468085, "breach_p3": 0.0, "breach_p4": 0.0, "wall_seconds": 0.00024559907615184784}, "random": {"id": "c09_replay_150_0110_sla1.5", "base_id": "c09_replay_150_0110", "campus": 9, "size": 150, "condition": "sla1.5", "sla_multiplier": 1.5, "crew_multiplier": 1.0, "method": "random", "seed": 301, "feasible": 1, "wwt": 20.0, "makespan": 55.7, "mean_flow": 3.341778, "breach_share": 0.006666666666666667, "breach_p1": 0.0, "breach_p2": 0.02127659574468085, "breach_p3": 0.0, "breach_p4": 0.0, "wall_seconds": 0.0002262638881802559}, "v2rl301": {"id": "c09_replay_150_0110_sla1.5", "base_id": "c09_replay_150_0110", "campus": 9, "size": 150, "condition": "sla1.5", "sla_multiplier": 1.5, "crew_multiplier": 1.0, "method": "v2rl301", "seed": 301, "feasible": 1, "wwt": 20.0, "makespan": 55.7, "mean_flow": 3.3651106666666664, "breach_share": 0.006666666666666667, "breach_p1": 0.0, "breach_p2": 0.02127659574468085, "breach_p3": 0.0, "breach_p4": 0.0, "wall_seconds": 0.015594812110066414}, "v2rl302": {"id": "c09_replay_150_0110_sla1.5", "base_id": "c09_replay_150_0110", "campus": 9, "size": 150, "condition": "sla1.5", "sla_multiplier": 1.5, "crew_multiplier": 1.0, "method": "v2rl302", "seed": 302, "feasible": 1, "wwt": 20.0, "makespan": 55.7, "mean_flow": 3.3608893333333327, "breach_share": 0.006666666666666667, "breach_p1": 0.0, "breach_p2": 0.02127659574468085, "breach_p3": 0.0, "breach_p4": 0.0, "wall_seconds": 0.015347220003604889}, "v2rl303": {"id": "c09_replay_150_0110_sla1.5", "base_id": "c09_replay_150_0110", "campus": 9, "size": 150, "condition": "sla1.5", "sla_multiplier": 1.5, "crew_multiplier": 1.0, "method": "v2rl303", "seed": 303, "feasible": 1, "wwt": 20.0, "makespan": 55.7, "mean_flow": 3.3608893333333327, "breach_share": 0.006666666666666667, "breach_p1": 0.0, "breach_p2": 0.02127659574468085, "breach_p3": 0.0, "breach_p4": 0.0, "wall_seconds": 0.01510164001956582}}, "methods_expected": ["edd", "wspt", "atc", "pfifo", "mor", "random", "v2rl301", "v2rl302", "v2rl303"], "infeasible": [], "wall_seconds_total": 0.04979616589844227}