{"shard_id": "c09_replay_150_0123_m0.75", "id": "c09_replay_150_0123_m0.75", "base_id": "c09_replay_150_0123", "campus": 9, "size": 150, "condition": "crew0.75", "rows": {"edd": {"id": "c09_replay_150_0123_m0.75", "base_id": "c09_replay_150_0123", "campus": 9, "size": 150, "condition": "crew0.75", "sla_multiplier": 1.0, "crew_multiplier": 0.75, "method": "edd", "seed": 301, "feasible": 1, "wwt": 336.0, "makespan": 103.0, "mean_flow": 4.540444666666668, "breach_share": 0.02, "breach_p1": 0.14285714285714285, "breach_p2": 0.05, "breach_p3": null, "breach_p4": 0.0, "wall_seconds": 0.0002803970128297806}, "wspt": {"id": "c09_replay_150_0123_m0.75", "base_id": "c09_replay_150_0123", "campus": 9, "size": 150, "condition": "crew0.75", "sla_multiplier": 1.0, "crew_multiplier": 0.75, "method": "wspt", "seed": 301, "feasible": 1, "wwt": 336.0, "makespan": 103.0, "mean_flow": 4.513778, "breach_share": 0.02, "breach_p1": 0.14285714285714285, "breach_p2": 0.05, "breach_p3": null, "breach_p4": 0.0, "wall_seconds": 0.0002796775661408901}, "atc": {"id": "c09_replay_150_0123_m0.75", "base_id": "c09_replay_150_0123", "campus": 9, "size": 150, "condition": "crew0.75", "sla_multiplier": 1.0, "crew_multiplier": 0.75, "method": "atc", "seed": 301, "feasible": 1, "wwt": 336.0, "makespan": 103.0, "mean_flow": 4.513778, "breach_share": 0.02, "breach_p1": 0.14285714285714285, "breach_p2": 0.05, "breach_p3": null, "breach_p4": 0.0, "wall_seconds": 0.0003574192523956299}, "pfifo": {"id": "c09_replay_150_0123_m0.75", "base_id": "c09_replay_150_0123", "campus": 9, "size": 150, "condition": "crew0.75", "sla_multiplier": 1.0, "crew_multiplier": 0.75, "method": "pfifo", "seed": 301, "feasible": 1, "wwt": 336.0, "makespan": 103.0, "mean_flow": 4.540444666666668, "breach_share": 0.02, "breach_p1": 0.14285714285714285, "breach_p2": 0.05, "breach_p3": null, "breach_p4": 0.0, "wall_seconds": 0.00024627288803458214}, "mor": {"id": "c09_replay_150_0123_m0.75", "base_id": "c09_replay_150_0123", "campus": 9, "size": 150, "condition": "crew0.75", "sla_multiplier": 1.0, "crew_multiplier": 0.75, "method": "mor", "seed": 301, "feasible": 1, "wwt": 336.0, "makespan": 103.0, "mean_flow": 4.576555333333334, "breach_share": 0.02, "breach_p1": 0.14285714285714285, "breach_p2": 0.05, "breach_p3": null, "breach_p4": 0.0, "wall_seconds": 0.0002469881437718868}, "random": {"id": "c09_replay_150_0123_m0.75", "base_id": "c09_replay_150_0123", "campus": 9, "size": 150, "condition": "crew0.75", "sla_multiplier": 1.0, "crew_multiplier": 0.75, "method": "random", "seed": 301, "feasible": 1, "wwt": 336.0, "makespan": 103.0, "mean_flow": 4.523222, "breach_share": 0.02, "breach_p1": 0.14285714285714285, "breach_p2": 0.05, "breach_p3": null, "breach_p4": 0.0, "wall_seconds": 0.00021638022735714912}, "v2rl301": {"id": "c09_replay_150_0123_m0.75", "base_id": "c09_replay_150_0123", "campus": 9, "size": 150, "condition": "crew0.75", "sla_multiplier": 1.0, "crew_multiplier": 0.75, "method": "v2rl301", "seed": 301, "feasible": 1, "wwt": 336.0, "makespan": 103.0, "mean_flow": 4.570444666666667, "breach_share": 0.02, "breach_p1": 0.14285714285714285, "breach_p2": 0.05, "breach_p3": null, "breach_p4": 0.0, "wall_seconds": 0.01547035202383995}, "v2rl302": {"id": "c09_replay_150_0123_m0.75", "base_id": "c09_replay_150_0123", "campus": 9, "size": 150, "condition": "crew0.75", "sla_multiplier": 1.0, "crew_multiplier": 0.75, "method": "v2rl302", "seed": 302, "feasible": 1, "wwt": 336.0, "makespan": 103.0, "mean_flow": 4.570444666666667, "breach_share": 0.02, "breach_p1": 0.14285714285714285, "breach_p2": 0.05, "breach_p3": null, "breach_p4": 0.0, "wall_seconds": 0.014990924391895533}, "v2rl303": {"id": "c09_replay_150_0123_m0.75", "base_id": "c09_replay_150_0123", "campus": 9, "size": 150, "condition": "crew0.75", "sla_multiplier": 1.0, "crew_multiplier": 0.75, "method": "v2rl303", "seed": 303, "feasible": 1, "wwt": 336.0, "makespan": 103.0, "mean_flow": 4.570444666666667, "breach_share": 0.02, "breach_p1": 0.14285714285714285, "breach_p2": 0.05, "breach_p3": null, "breach_p4": 0.0, "wall_seconds": 0.015114317182451487}}, "methods_expected": ["edd", "wspt", "atc", "pfifo", "mor", "random", "v2rl301", "v2rl302", "v2rl303"], "infeasible": [], "wall_seconds_total": 0.04931591683998704}