{"shard_id": "c09_replay_400_0123_sla0.5", "id": "c09_replay_400_0123_sla0.5", "base_id": "c09_replay_400_0123", "campus": 9, "size": 400, "condition": "sla0.5", "rows": {"edd": {"id": "c09_replay_400_0123_sla0.5", "base_id": "c09_replay_400_0123", "campus": 9, "size": 400, "condition": "sla0.5", "sla_multiplier": 0.5, "crew_multiplier": 1.0, "method": "edd", "seed": 301, "feasible": 1, "wwt": 678.0, "makespan": 89.25, "mean_flow": 4.09695825, "breach_share": 0.0375, "breach_p1": 0.5333333333333333, "breach_p2": 0.06481481481481481, "breach_p3": 0.0, "breach_p4": 0.0, "wall_seconds": 0.0006196890026330948}, "wspt": {"id": "c09_replay_400_0123_sla0.5", "base_id": "c09_replay_400_0123", "campus": 9, "size": 400, "condition": "sla0.5", "sla_multiplier": 0.5, "crew_multiplier": 1.0, "method": "wspt", "seed": 301, "feasible": 1, "wwt": 678.0, "makespan": 89.25, "mean_flow": 4.08583325, "breach_share": 0.0375, "breach_p1": 0.5333333333333333, "breach_p2": 0.06481481481481481, "breach_p3": 0.0, "breach_p4": 0.0, "wall_seconds": 0.0006138216704130173}, "atc": {"id": "c09_replay_400_0123_sla0.5", "base_id": "c09_replay_400_0123", "campus": 9, "size": 400, "condition": "sla0.5", "sla_multiplier": 0.5, "crew_multiplier": 1.0, "method": "atc", "seed": 301, "feasible": 1, "wwt": 678.0, "makespan": 89.25, "mean_flow": 4.08583325, "breach_share": 0.0375, "breach_p1": 0.5333333333333333, "breach_p2": 0.06481481481481481, "breach_p3": 0.0, "breach_p4": 0.0, "wall_seconds": 0.0007781730964779854}, "pfifo": {"id": "c09_replay_400_0123_sla0.5", "base_id": "c09_replay_400_0123", "campus": 9, "size": 400, "condition": "sla0.5", "sla_multiplier": 0.5, "crew_multiplier": 1.0, "method": "pfifo", "seed": 301, "feasible": 1, "wwt": 678.0, "makespan": 89.25, "mean_flow": 4.09695825, "breach_share": 0.0375, "breach_p1": 0.5333333333333333, "breach_p2": 0.06481481481481481, "breach_p3": 0.0, "breach_p4": 0.0, "wall_seconds": 0.0005857688374817371}, "mor": {"id": "c09_replay_400_0123_sla0.5", "base_id": "c09_replay_400_0123", "campus": 9, "size": 400, "condition": "sla0.5", "sla_multiplier": 0.5, "crew_multiplier": 1.0, "method": "mor", "seed": 301, "feasible": 1, "wwt": 678.0, "makespan": 89.25, "mean_flow": 4.10175, "breach_share": 0.0375, "breach_p1": 0.5333333333333333, "breach_p2": 0.06481481481481481, "breach_p3": 0.0, "breach_p4": 0.0, "wall_seconds": 0.0005991109646856785}, "random": {"id": "c09_replay_400_0123_sla0.5", "base_id": "c09_replay_400_0123", "campus": 9, "size": 400, "condition": "sla0.5", "sla_multiplier": 0.5, "crew_multiplier": 1.0, "method": "random", "seed": 301, "feasible": 1, "wwt": 678.0, "makespan": 89.25, "mean_flow": 4.093333250000001, "breach_share": 0.0375, "breach_p1": 0.5333333333333333, "breach_p2": 0.06481481481481481, "breach_p3": 0.0, "breach_p4": 0.0, "wall_seconds": 0.0005640978924930096}, "v2rl301": {"id": "c09_replay_400_0123_sla0.5", "base_id": "c09_replay_400_0123", "campus": 9, "size": 400, "condition": "sla0.5", "sla_multiplier": 0.5, "crew_multiplier": 1.0, "method": "v2rl301", "seed": 301, "feasible": 1, "wwt": 678.0, "makespan": 89.25, "mean_flow": 4.100833250000001, "breach_share": 0.0375, "breach_p1": 0.5333333333333333, "breach_p2": 0.06481481481481481, "breach_p3": 0.0, "breach_p4": 0.0, "wall_seconds": 0.040499511640518904}, "v2rl302": {"id": "c09_replay_400_0123_sla0.5", "base_id": "c09_replay_400_0123", "campus": 9, "size": 400, "condition": "sla0.5", "sla_multiplier": 0.5, "crew_multiplier": 1.0, "method": "v2rl302", "seed": 302, "feasible": 1, "wwt": 678.0, "makespan": 89.25, "mean_flow": 4.100833250000001, "breach_share": 0.0375, "breach_p1": 0.5333333333333333, "breach_p2": 0.06481481481481481, "breach_p3": 0.0, "breach_p4": 0.0, "wall_seconds": 0.040241665206849575}, "v2rl303": {"id": "c09_replay_400_0123_sla0.5", "base_id": "c09_replay_400_0123", "campus": 9, "size": 400, "condition": "sla0.5", "sla_multiplier": 0.5, "crew_multiplier": 1.0, "method": "v2rl303", "seed": 303, "feasible": 1, "wwt": 678.0, "makespan": 89.25, "mean_flow": 4.100833250000001, "breach_share": 0.0375, "breach_p1": 0.5333333333333333, "breach_p2": 0.06481481481481481, "breach_p3": 0.0, "breach_p4": 0.0, "wall_seconds": 0.039569573011249304}}, "methods_expected": ["edd", "wspt", "atc", "pfifo", "mor", "random", "v2rl301", "v2rl302", "v2rl303"], "infeasible": [], "wall_seconds_total": 0.12851304095238447}