{"shard_id": "c09_replay_400_0117", "id": "c09_replay_400_0117", "base_id": "c09_replay_400_0117", "campus": 9, "size": 400, "condition": "baseline", "rows": {"edd": {"id": "c09_replay_400_0117", "base_id": "c09_replay_400_0117", "campus": 9, "size": 400, "condition": "baseline", "sla_multiplier": 1.0, "crew_multiplier": 1.0, "method": "edd", "seed": 301, "feasible": 1, "wwt": 646.0, "makespan": 122.8648, "mean_flow": 4.0910375, "breach_share": 0.0075, "breach_p1": 0.1111111111111111, "breach_p2": 0.015873015873015872, "breach_p3": 0.0, "breach_p4": 0.0, "wall_seconds": 0.0006179190240800381}, "wspt": {"id": "c09_replay_400_0117", "base_id": "c09_replay_400_0117", "campus": 9, "size": 400, "condition": "baseline", "sla_multiplier": 1.0, "crew_multiplier": 1.0, "method": "wspt", "seed": 301, "feasible": 1, "wwt": 651.0, "makespan": 122.8648, "mean_flow": 4.0810375, "breach_share": 0.0075, "breach_p1": 0.1111111111111111, "breach_p2": 0.015873015873015872, "breach_p3": 0.0, "breach_p4": 0.0, "wall_seconds": 0.0006128191016614437}, "atc": {"id": "c09_replay_400_0117", "base_id": "c09_replay_400_0117", "campus": 9, "size": 400, "condition": "baseline", "sla_multiplier": 1.0, "crew_multiplier": 1.0, "method": "atc", "seed": 301, "feasible": 1, "wwt": 646.0, "makespan": 122.8648, "mean_flow": 4.0835375, "breach_share": 0.0075, "breach_p1": 0.1111111111111111, "breach_p2": 0.015873015873015872, "breach_p3": 0.0, "breach_p4": 0.0, "wall_seconds": 0.0008581909351050854}, "pfifo": {"id": "c09_replay_400_0117", "base_id": "c09_replay_400_0117", "campus": 9, "size": 400, "condition": "baseline", "sla_multiplier": 1.0, "crew_multiplier": 1.0, "method": "pfifo", "seed": 301, "feasible": 1, "wwt": 646.0, "makespan": 122.8648, "mean_flow": 4.0910375, "breach_share": 0.0075, "breach_p1": 0.1111111111111111, "breach_p2": 0.015873015873015872, "breach_p3": 0.0, "breach_p4": 0.0, "wall_seconds": 0.0005922848358750343}, "mor": {"id": "c09_replay_400_0117", "base_id": "c09_replay_400_0117", "campus": 9, "size": 400, "condition": "baseline", "sla_multiplier": 1.0, "crew_multiplier": 1.0, "method": "mor", "seed": 301, "feasible": 1, "wwt": 646.0, "makespan": 122.8648, "mean_flow": 4.18207925, "breach_share": 0.0075, "breach_p1": 0.1111111111111111, "breach_p2": 0.015873015873015872, "breach_p3": 0.0, "breach_p4": 0.0, "wall_seconds": 0.0005860403180122375}, "random": {"id": "c09_replay_400_0117", "base_id": "c09_replay_400_0117", "campus": 9, "size": 400, "condition": "baseline", "sla_multiplier": 1.0, "crew_multiplier": 1.0, "method": "random", "seed": 301, "feasible": 1, "wwt": 646.0, "makespan": 122.8648, "mean_flow": 4.13182925, "breach_share": 0.0075, "breach_p1": 0.1111111111111111, "breach_p2": 0.015873015873015872, "breach_p3": 0.0, "breach_p4": 0.0, "wall_seconds": 0.000520290806889534}, "v2rl301": {"id": "c09_replay_400_0117", "base_id": "c09_replay_400_0117", "campus": 9, "size": 400, "condition": "baseline", "sla_multiplier": 1.0, "crew_multiplier": 1.0, "method": "v2rl301", "seed": 301, "feasible": 1, "wwt": 646.0, "makespan": 122.8648, "mean_flow": 4.12132925, "breach_share": 0.0075, "breach_p1": 0.1111111111111111, "breach_p2": 0.015873015873015872, "breach_p3": 0.0, "breach_p4": 0.0, "wall_seconds": 0.04162235418334603}, "v2rl302": {"id": "c09_replay_400_0117", "base_id": "c09_replay_400_0117", "campus": 9, "size": 400, "condition": "baseline", "sla_multiplier": 1.0, "crew_multiplier": 1.0, "method": "v2rl302", "seed": 302, "feasible": 1, "wwt": 646.0, "makespan": 122.8648, "mean_flow": 4.1196625000000004, "breach_share": 0.0075, "breach_p1": 0.1111111111111111, "breach_p2": 0.015873015873015872, "breach_p3": 0.0, "breach_p4": 0.0, "wall_seconds": 0.04129347391426563}, "v2rl303": {"id": "c09_replay_400_0117", "base_id": "c09_replay_400_0117", "campus": 9, "size": 400, "condition": "baseline", "sla_multiplier": 1.0, "crew_multiplier": 1.0, "method": "v2rl303", "seed": 303, "feasible": 1, "wwt": 646.0, "makespan": 122.8648, "mean_flow": 4.1196625000000004, "breach_share": 0.0075, "breach_p1": 0.1111111111111111, "breach_p2": 0.015873015873015872, "breach_p3": 0.0, "breach_p4": 0.0, "wall_seconds": 0.04048033384606242}}, "methods_expected": ["edd", "wspt", "atc", "pfifo", "mor", "random", "v2rl301", "v2rl302", "v2rl303"], "infeasible": [], "wall_seconds_total": 0.13084816513583064}