{"shard_id": "c09_replay_150_0125_sla1.5", "id": "c09_replay_150_0125_sla1.5", "base_id": "c09_replay_150_0125", "campus": 9, "size": 150, "condition": "sla1.5", "rows": {"edd": {"id": "c09_replay_150_0125_sla1.5", "base_id": "c09_replay_150_0125", "campus": 9, "size": 150, "condition": "sla1.5", "sla_multiplier": 1.5, "crew_multiplier": 1.0, "method": "edd", "seed": 301, "feasible": 1, "wwt": 17.0, "makespan": 52.8667, "mean_flow": 3.4616666666666664, "breach_share": 0.006666666666666667, "breach_p1": 0.0, "breach_p2": 0.022727272727272728, "breach_p3": 0.0, "breach_p4": 0.0, "wall_seconds": 0.00027018506079912186}, "wspt": {"id": "c09_replay_150_0125_sla1.5", "base_id": "c09_replay_150_0125", "campus": 9, "size": 150, "condition": "sla1.5", "sla_multiplier": 1.5, "crew_multiplier": 1.0, "method": "wspt", "seed": 301, "feasible": 1, "wwt": 17.0, "makespan": 52.8667, "mean_flow": 3.4616666666666664, "breach_share": 0.006666666666666667, "breach_p1": 0.0, "breach_p2": 0.022727272727272728, "breach_p3": 0.0, "breach_p4": 0.0, "wall_seconds": 0.0002856031060218811}, "atc": {"id": "c09_replay_150_0125_sla1.5", "base_id": "c09_replay_150_0125", "campus": 9, "size": 150, "condition": "sla1.5", "sla_multiplier": 1.5, "crew_multiplier": 1.0, "method": "atc", "seed": 301, "feasible": 1, "wwt": 17.0, "makespan": 52.8667, "mean_flow": 3.4616666666666664, "breach_share": 0.006666666666666667, "breach_p1": 0.0, "breach_p2": 0.022727272727272728, "breach_p3": 0.0, "breach_p4": 0.0, "wall_seconds": 0.0003742780536413193}, "pfifo": {"id": "c09_replay_150_0125_sla1.5", "base_id": "c09_replay_150_0125", "campus": 9, "size": 150, "condition": "sla1.5", "sla_multiplier": 1.5, "crew_multiplier": 1.0, "method": "pfifo", "seed": 301, "feasible": 1, "wwt": 17.0, "makespan": 52.8667, "mean_flow": 3.4616666666666664, "breach_share": 0.006666666666666667, "breach_p1": 0.0, "breach_p2": 0.022727272727272728, "breach_p3": 0.0, "breach_p4": 0.0, "wall_seconds": 0.0002674069255590439}, "mor": {"id": "c09_replay_150_0125_sla1.5", "base_id": "c09_replay_150_0125", "campus": 9, "size": 150, "condition": "sla1.5", "sla_multiplier": 1.5, "crew_multiplier": 1.0, "method": "mor", "seed": 301, "feasible": 1, "wwt": 17.0, "makespan": 52.8667, "mean_flow": 3.4683333333333333, "breach_share": 0.006666666666666667, "breach_p1": 0.0, "breach_p2": 0.022727272727272728, "breach_p3": 0.0, "breach_p4": 0.0, "wall_seconds": 0.0002538692206144333}, "random": {"id": "c09_replay_150_0125_sla1.5", "base_id": "c09_replay_150_0125", "campus": 9, "size": 150, "condition": "sla1.5", "sla_multiplier": 1.5, "crew_multiplier": 1.0, "method": "random", "seed": 301, "feasible": 1, "wwt": 17.0, "makespan": 52.8667, "mean_flow": 3.4616666666666664, "breach_share": 0.006666666666666667, "breach_p1": 0.0, "breach_p2": 0.022727272727272728, "breach_p3": 0.0, "breach_p4": 0.0, "wall_seconds": 0.00022107502445578575}, "v2rl301": {"id": "c09_replay_150_0125_sla1.5", "base_id": "c09_replay_150_0125", "campus": 9, "size": 150, "condition": "sla1.5", "sla_multiplier": 1.5, "crew_multiplier": 1.0, "method": "v2rl301", "seed": 301, "feasible": 1, "wwt": 17.0, "makespan": 52.8667, "mean_flow": 3.4683333333333333, "breach_share": 0.006666666666666667, "breach_p1": 0.0, "breach_p2": 0.022727272727272728, "breach_p3": 0.0, "breach_p4": 0.0, "wall_seconds": 0.015794946812093258}, "v2rl302": {"id": "c09_replay_150_0125_sla1.5", "base_id": "c09_replay_150_0125", "campus": 9, "size": 150, "condition": "sla1.5", "sla_multiplier": 1.5, "crew_multiplier": 1.0, "method": "v2rl302", "seed": 302, "feasible": 1, "wwt": 17.0, "makespan": 52.8667, "mean_flow": 3.4683333333333333, "breach_share": 0.006666666666666667, "breach_p1": 0.0, "breach_p2": 0.022727272727272728, "breach_p3": 0.0, "breach_p4": 0.0, "wall_seconds": 0.015385508071631193}, "v2rl303": {"id": "c09_replay_150_0125_sla1.5", "base_id": "c09_replay_150_0125", "campus": 9, "size": 150, "condition": "sla1.5", "sla_multiplier": 1.5, "crew_multiplier": 1.0, "method": "v2rl303", "seed": 303, "feasible": 1, "wwt": 17.0, "makespan": 52.8667, "mean_flow": 3.4683333333333333, "breach_share": 0.006666666666666667, "breach_p1": 0.0, "breach_p2": 0.022727272727272728, "breach_p3": 0.0, "breach_p4": 0.0, "wall_seconds": 0.015154842752963305}}, "methods_expected": ["edd", "wspt", "atc", "pfifo", "mor", "random", "v2rl301", "v2rl302", "v2rl303"], "infeasible": [], "wall_seconds_total": 0.05012371204793453}