{"shard_id": "c09_replay_150_0109", "id": "c09_replay_150_0109", "base_id": "c09_replay_150_0109", "campus": 9, "size": 150, "condition": "baseline", "rows": {"edd": {"id": "c09_replay_150_0109", "base_id": "c09_replay_150_0109", "campus": 9, "size": 150, "condition": "baseline", "sla_multiplier": 1.0, "crew_multiplier": 1.0, "method": "edd", "seed": 301, "feasible": 1, "wwt": 68.99999999999999, "makespan": 69.0, "mean_flow": 4.281666666666666, "breach_share": 0.013333333333333334, "breach_p1": 0.0, "breach_p2": 0.0425531914893617, "breach_p3": null, "breach_p4": 0.0, "wall_seconds": 0.00025977566838264465}, "wspt": {"id": "c09_replay_150_0109", "base_id": "c09_replay_150_0109", "campus": 9, "size": 150, "condition": "baseline", "sla_multiplier": 1.0, "crew_multiplier": 1.0, "method": "wspt", "seed": 301, "feasible": 1, "wwt": 68.99999999999999, "makespan": 69.0, "mean_flow": 4.281666666666666, "breach_share": 0.013333333333333334, "breach_p1": 0.0, "breach_p2": 0.0425531914893617, "breach_p3": null, "breach_p4": 0.0, "wall_seconds": 0.0002552662044763565}, "atc": {"id": "c09_replay_150_0109", "base_id": "c09_replay_150_0109", "campus": 9, "size": 150, "condition": "baseline", "sla_multiplier": 1.0, "crew_multiplier": 1.0, "method": "atc", "seed": 301, "feasible": 1, "wwt": 68.99999999999999, "makespan": 69.0, "mean_flow": 4.281666666666666, "breach_share": 0.013333333333333334, "breach_p1": 0.0, "breach_p2": 0.0425531914893617, "breach_p3": null, "breach_p4": 0.0, "wall_seconds": 0.0003486522473394871}, "pfifo": {"id": "c09_replay_150_0109", "base_id": "c09_replay_150_0109", "campus": 9, "size": 150, "condition": "baseline", "sla_multiplier": 1.0, "crew_multiplier": 1.0, "method": "pfifo", "seed": 301, "feasible": 1, "wwt": 68.99999999999999, "makespan": 69.0, "mean_flow": 4.281666666666666, "breach_share": 0.013333333333333334, "breach_p1": 0.0, "breach_p2": 0.0425531914893617, "breach_p3": null, "breach_p4": 0.0, "wall_seconds": 0.00024445680901408195}, "mor": {"id": "c09_replay_150_0109", "base_id": "c09_replay_150_0109", "campus": 9, "size": 150, "condition": "baseline", "sla_multiplier": 1.0, "crew_multiplier": 1.0, "method": "mor", "seed": 301, "feasible": 1, "wwt": 68.99999999999999, "makespan": 69.0, "mean_flow": 4.281666666666666, "breach_share": 0.013333333333333334, "breach_p1": 0.0, "breach_p2": 0.0425531914893617, "breach_p3": null, "breach_p4": 0.0, "wall_seconds": 0.00023853732272982597}, "random": {"id": "c09_replay_150_0109", "base_id": "c09_replay_150_0109", "campus": 9, "size": 150, "condition": "baseline", "sla_multiplier": 1.0, "crew_multiplier": 1.0, "method": "random", "seed": 301, "feasible": 1, "wwt": 68.99999999999999, "makespan": 69.0, "mean_flow": 4.281666666666666, "breach_share": 0.013333333333333334, "breach_p1": 0.0, "breach_p2": 0.0425531914893617, "breach_p3": null, "breach_p4": 0.0, "wall_seconds": 0.00022003194317221642}, "v2rl301": {"id": "c09_replay_150_0109", "base_id": "c09_replay_150_0109", "campus": 9, "size": 150, "condition": "baseline", "sla_multiplier": 1.0, "crew_multiplier": 1.0, "method": "v2rl301", "seed": 301, "feasible": 1, "wwt": 68.99999999999999, "makespan": 69.0, "mean_flow": 4.281666666666666, "breach_share": 0.013333333333333334, "breach_p1": 0.0, "breach_p2": 0.0425531914893617, "breach_p3": null, "breach_p4": 0.0, "wall_seconds": 0.015285625122487545}, "v2rl302": {"id": "c09_replay_150_0109", "base_id": "c09_replay_150_0109", "campus": 9, "size": 150, "condition": "baseline", "sla_multiplier": 1.0, "crew_multiplier": 1.0, "method": "v2rl302", "seed": 302, "feasible": 1, "wwt": 68.99999999999999, "makespan": 69.0, "mean_flow": 4.281666666666666, "breach_share": 0.013333333333333334, "breach_p1": 0.0, "breach_p2": 0.0425531914893617, "breach_p3": null, "breach_p4": 0.0, "wall_seconds": 0.01531990198418498}, "v2rl303": {"id": "c09_replay_150_0109", "base_id": "c09_replay_150_0109", "campus": 9, "size": 150, "condition": "baseline", "sla_multiplier": 1.0, "crew_multiplier": 1.0, "method": "v2rl303", "seed": 303, "feasible": 1, "wwt": 68.99999999999999, "makespan": 69.0, "mean_flow": 4.281666666666666, "breach_share": 0.013333333333333334, "breach_p1": 0.0, "breach_p2": 0.0425531914893617, "breach_p3": null, "breach_p4": 0.0, "wall_seconds": 0.014998940750956535}}, "methods_expected": ["edd", "wspt", "atc", "pfifo", "mor", "random", "v2rl301", "v2rl302", "v2rl303"], "infeasible": [], "wall_seconds_total": 0.0489015057682991}