{"shard_id": "c09_replay_400_0114_m0.75", "id": "c09_replay_400_0114_m0.75", "base_id": "c09_replay_400_0114", "campus": 9, "size": 400, "condition": "crew0.75", "rows": {"edd": {"id": "c09_replay_400_0114_m0.75", "base_id": "c09_replay_400_0114", "campus": 9, "size": 400, "condition": "crew0.75", "sla_multiplier": 1.0, "crew_multiplier": 0.75, "method": "edd", "seed": 301, "feasible": 1, "wwt": 196.0, "makespan": 82.0, "mean_flow": 4.53070775, "breach_share": 0.01, "breach_p1": 0.18181818181818182, "breach_p2": 0.020833333333333332, "breach_p3": 0.0, "breach_p4": 0.0, "wall_seconds": 0.0006421501748263836}, "wspt": {"id": "c09_replay_400_0114_m0.75", "base_id": "c09_replay_400_0114", "campus": 9, "size": 400, "condition": "crew0.75", "sla_multiplier": 1.0, "crew_multiplier": 0.75, "method": "wspt", "seed": 301, "feasible": 1, "wwt": 216.0, "makespan": 84.5, "mean_flow": 4.36041725, "breach_share": 0.01, "breach_p1": 0.18181818181818182, "breach_p2": 0.020833333333333332, "breach_p3": 0.0, "breach_p4": 0.0, "wall_seconds": 0.0006767776794731617}, "atc": {"id": "c09_replay_400_0114_m0.75", "base_id": "c09_replay_400_0114", "campus": 9, "size": 400, "condition": "crew0.75", "sla_multiplier": 1.0, "crew_multiplier": 0.75, "method": "atc", "seed": 301, "feasible": 1, "wwt": 196.0, "makespan": 84.5, "mean_flow": 4.3738755000000005, "breach_share": 0.01, "breach_p1": 0.18181818181818182, "breach_p2": 0.020833333333333332, "breach_p3": 0.0, "breach_p4": 0.0, "wall_seconds": 0.0009374469518661499}, "pfifo": {"id": "c09_replay_400_0114_m0.75", "base_id": "c09_replay_400_0114", "campus": 9, "size": 400, "condition": "crew0.75", "sla_multiplier": 1.0, "crew_multiplier": 0.75, "method": "pfifo", "seed": 301, "feasible": 1, "wwt": 196.0, "makespan": 82.0, "mean_flow": 4.53070775, "breach_share": 0.01, "breach_p1": 0.18181818181818182, "breach_p2": 0.020833333333333332, "breach_p3": 0.0, "breach_p4": 0.0, "wall_seconds": 0.0006183777004480362}, "mor": {"id": "c09_replay_400_0114_m0.75", "base_id": "c09_replay_400_0114", "campus": 9, "size": 400, "condition": "crew0.75", "sla_multiplier": 1.0, "crew_multiplier": 0.75, "method": "mor", "seed": 301, "feasible": 1, "wwt": 196.0, "makespan": 82.0, "mean_flow": 4.7389997500000005, "breach_share": 0.01, "breach_p1": 0.18181818181818182, "breach_p2": 0.020833333333333332, "breach_p3": 0.0, "breach_p4": 0.0, "wall_seconds": 0.0006117592565715313}, "random": {"id": "c09_replay_400_0114_m0.75", "base_id": "c09_replay_400_0114", "campus": 9, "size": 400, "condition": "crew0.75", "sla_multiplier": 1.0, "crew_multiplier": 0.75, "method": "random", "seed": 301, "feasible": 1, "wwt": 212.0, "makespan": 84.0, "mean_flow": 4.47108325, "breach_share": 0.01, "breach_p1": 0.18181818181818182, "breach_p2": 0.020833333333333332, "breach_p3": 0.0, "breach_p4": 0.0, "wall_seconds": 0.0005153422243893147}, "v2rl301": {"id": "c09_replay_400_0114_m0.75", "base_id": "c09_replay_400_0114", "campus": 9, "size": 400, "condition": "crew0.75", "sla_multiplier": 1.0, "crew_multiplier": 0.75, "method": "v2rl301", "seed": 301, "feasible": 1, "wwt": 196.0, "makespan": 82.0, "mean_flow": 4.65587525, "breach_share": 0.01, "breach_p1": 0.18181818181818182, "breach_p2": 0.020833333333333332, "breach_p3": 0.0, "breach_p4": 0.0, "wall_seconds": 0.042824160773307085}, "v2rl302": {"id": "c09_replay_400_0114_m0.75", "base_id": "c09_replay_400_0114", "campus": 9, "size": 400, "condition": "crew0.75", "sla_multiplier": 1.0, "crew_multiplier": 0.75, "method": "v2rl302", "seed": 302, "feasible": 1, "wwt": 196.0, "makespan": 82.0, "mean_flow": 4.65462525, "breach_share": 0.01, "breach_p1": 0.18181818181818182, "breach_p2": 0.020833333333333332, "breach_p3": 0.0, "breach_p4": 0.0, "wall_seconds": 0.0414005140773952}, "v2rl303": {"id": "c09_replay_400_0114_m0.75", "base_id": "c09_replay_400_0114", "campus": 9, "size": 400, "condition": "crew0.75", "sla_multiplier": 1.0, "crew_multiplier": 0.75, "method": "v2rl303", "seed": 303, "feasible": 1, "wwt": 196.0, "makespan": 82.0, "mean_flow": 4.64570875, "breach_share": 0.01, "breach_p1": 0.18181818181818182, "breach_p2": 0.020833333333333332, "breach_p3": 0.0, "breach_p4": 0.0, "wall_seconds": 0.04120270675048232}}, "methods_expected": ["edd", "wspt", "atc", "pfifo", "mor", "random", "v2rl301", "v2rl302", "v2rl303"], "infeasible": [], "wall_seconds_total": 0.1337628560140729}