{"shard_id": "c09_replay_150_0120_m1.25", "id": "c09_replay_150_0120_m1.25", "base_id": "c09_replay_150_0120", "campus": 9, "size": 150, "condition": "crew1.25", "rows": {"edd": {"id": "c09_replay_150_0120_m1.25", "base_id": "c09_replay_150_0120", "campus": 9, "size": 150, "condition": "crew1.25", "sla_multiplier": 1.0, "crew_multiplier": 1.25, "method": "edd", "seed": 301, "feasible": 1, "wwt": 216.0, "makespan": 78.0, "mean_flow": 3.9283333333333332, "breach_share": 0.006666666666666667, "breach_p1": 0.0, "breach_p2": 0.02040816326530612, "breach_p3": null, "breach_p4": 0.0, "wall_seconds": 0.0002686581574380398}, "wspt": {"id": "c09_replay_150_0120_m1.25", "base_id": "c09_replay_150_0120", "campus": 9, "size": 150, "condition": "crew1.25", "sla_multiplier": 1.0, "crew_multiplier": 1.25, "method": "wspt", "seed": 301, "feasible": 1, "wwt": 216.0, "makespan": 78.0, "mean_flow": 3.9283333333333332, "breach_share": 0.006666666666666667, "breach_p1": 0.0, "breach_p2": 0.02040816326530612, "breach_p3": null, "breach_p4": 0.0, "wall_seconds": 0.00028352485969662666}, "atc": {"id": "c09_replay_150_0120_m1.25", "base_id": "c09_replay_150_0120", "campus": 9, "size": 150, "condition": "crew1.25", "sla_multiplier": 1.0, "crew_multiplier": 1.25, "method": "atc", "seed": 301, "feasible": 1, "wwt": 216.0, "makespan": 78.0, "mean_flow": 3.9283333333333332, "breach_share": 0.006666666666666667, "breach_p1": 0.0, "breach_p2": 0.02040816326530612, "breach_p3": null, "breach_p4": 0.0, "wall_seconds": 0.0003790403716266155}, "pfifo": {"id": "c09_replay_150_0120_m1.25", "base_id": "c09_replay_150_0120", "campus": 9, "size": 150, "condition": "crew1.25", "sla_multiplier": 1.0, "crew_multiplier": 1.25, "method": "pfifo", "seed": 301, "feasible": 1, "wwt": 216.0, "makespan": 78.0, "mean_flow": 3.9283333333333332, "breach_share": 0.006666666666666667, "breach_p1": 0.0, "breach_p2": 0.02040816326530612, "breach_p3": null, "breach_p4": 0.0, "wall_seconds": 0.0002562999725341797}, "mor": {"id": "c09_replay_150_0120_m1.25", "base_id": "c09_replay_150_0120", "campus": 9, "size": 150, "condition": "crew1.25", "sla_multiplier": 1.0, "crew_multiplier": 1.25, "method": "mor", "seed": 301, "feasible": 1, "wwt": 216.0, "makespan": 78.0, "mean_flow": 3.9283333333333332, "breach_share": 0.006666666666666667, "breach_p1": 0.0, "breach_p2": 0.02040816326530612, "breach_p3": null, "breach_p4": 0.0, "wall_seconds": 0.0002554100938141346}, "random": {"id": "c09_replay_150_0120_m1.25", "base_id": "c09_replay_150_0120", "campus": 9, "size": 150, "condition": "crew1.25", "sla_multiplier": 1.0, "crew_multiplier": 1.25, "method": "random", "seed": 301, "feasible": 1, "wwt": 216.0, "makespan": 78.0, "mean_flow": 3.9283333333333332, "breach_share": 0.006666666666666667, "breach_p1": 0.0, "breach_p2": 0.02040816326530612, "breach_p3": null, "breach_p4": 0.0, "wall_seconds": 0.00022080261260271072}, "v2rl301": {"id": "c09_replay_150_0120_m1.25", "base_id": "c09_replay_150_0120", "campus": 9, "size": 150, "condition": "crew1.25", "sla_multiplier": 1.0, "crew_multiplier": 1.25, "method": "v2rl301", "seed": 301, "feasible": 1, "wwt": 216.0, "makespan": 78.0, "mean_flow": 3.9283333333333332, "breach_share": 0.006666666666666667, "breach_p1": 0.0, "breach_p2": 0.02040816326530612, "breach_p3": null, "breach_p4": 0.0, "wall_seconds": 0.015846606343984604}, "v2rl302": {"id": "c09_replay_150_0120_m1.25", "base_id": "c09_replay_150_0120", "campus": 9, "size": 150, "condition": "crew1.25", "sla_multiplier": 1.0, "crew_multiplier": 1.25, "method": "v2rl302", "seed": 302, "feasible": 1, "wwt": 216.0, "makespan": 78.0, "mean_flow": 3.9283333333333332, "breach_share": 0.006666666666666667, "breach_p1": 0.0, "breach_p2": 0.02040816326530612, "breach_p3": null, "breach_p4": 0.0, "wall_seconds": 0.015309787355363369}, "v2rl303": {"id": "c09_replay_150_0120_m1.25", "base_id": "c09_replay_150_0120", "campus": 9, "size": 150, "condition": "crew1.25", "sla_multiplier": 1.0, "crew_multiplier": 1.25, "method": "v2rl303", "seed": 303, "feasible": 1, "wwt": 216.0, "makespan": 78.0, "mean_flow": 3.9283333333333332, "breach_share": 0.006666666666666667, "breach_p1": 0.0, "breach_p2": 0.02040816326530612, "breach_p3": null, "breach_p4": 0.0, "wall_seconds": 0.015260183718055487}}, "methods_expected": ["edd", "wspt", "atc", "pfifo", "mor", "random", "v2rl301", "v2rl302", "v2rl303"], "infeasible": [], "wall_seconds_total": 0.0501708728261292}