{"shard_id": "c09_replay_150_0113_sla0.5", "id": "c09_replay_150_0113_sla0.5", "base_id": "c09_replay_150_0113", "campus": 9, "size": 150, "condition": "sla0.5", "rows": {"edd": {"id": "c09_replay_150_0113_sla0.5", "base_id": "c09_replay_150_0113", "campus": 9, "size": 150, "condition": "sla0.5", "sla_multiplier": 0.5, "crew_multiplier": 1.0, "method": "edd", "seed": 301, "feasible": 1, "wwt": 175.0, "makespan": 50.7, "mean_flow": 3.718111333333333, "breach_share": 0.02, "breach_p1": 0.0, "breach_p2": 0.061224489795918366, "breach_p3": null, "breach_p4": 0.0, "wall_seconds": 0.0002746088430285454}, "wspt": {"id": "c09_replay_150_0113_sla0.5", "base_id": "c09_replay_150_0113", "campus": 9, "size": 150, "condition": "sla0.5", "sla_multiplier": 0.5, "crew_multiplier": 1.0, "method": "wspt", "seed": 301, "feasible": 1, "wwt": 175.0, "makespan": 50.7, "mean_flow": 3.5247779999999995, "breach_share": 0.02, "breach_p1": 0.0, "breach_p2": 0.061224489795918366, "breach_p3": null, "breach_p4": 0.0, "wall_seconds": 0.000295253936201334}, "atc": {"id": "c09_replay_150_0113_sla0.5", "base_id": "c09_replay_150_0113", "campus": 9, "size": 150, "condition": "sla0.5", "sla_multiplier": 0.5, "crew_multiplier": 1.0, "method": "atc", "seed": 301, "feasible": 1, "wwt": 175.0, "makespan": 50.7, "mean_flow": 3.5247779999999995, "breach_share": 0.02, "breach_p1": 0.0, "breach_p2": 0.061224489795918366, "breach_p3": null, "breach_p4": 0.0, "wall_seconds": 0.0004084738902747631}, "pfifo": {"id": "c09_replay_150_0113_sla0.5", "base_id": "c09_replay_150_0113", "campus": 9, "size": 150, "condition": "sla0.5", "sla_multiplier": 0.5, "crew_multiplier": 1.0, "method": "pfifo", "seed": 301, "feasible": 1, "wwt": 175.0, "makespan": 50.7, "mean_flow": 3.718111333333333, "breach_share": 0.02, "breach_p1": 0.0, "breach_p2": 0.061224489795918366, "breach_p3": null, "breach_p4": 0.0, "wall_seconds": 0.00026678526774048805}, "mor": {"id": "c09_replay_150_0113_sla0.5", "base_id": "c09_replay_150_0113", "campus": 9, "size": 150, "condition": "sla0.5", "sla_multiplier": 0.5, "crew_multiplier": 1.0, "method": "mor", "seed": 301, "feasible": 1, "wwt": 175.0, "makespan": 50.7, "mean_flow": 3.9178893333333336, "breach_share": 0.02, "breach_p1": 0.0, "breach_p2": 0.061224489795918366, "breach_p3": null, "breach_p4": 0.0, "wall_seconds": 0.00026334403082728386}, "random": {"id": "c09_replay_150_0113_sla0.5", "base_id": "c09_replay_150_0113", "campus": 9, "size": 150, "condition": "sla0.5", "sla_multiplier": 0.5, "crew_multiplier": 1.0, "method": "random", "seed": 301, "feasible": 1, "wwt": 175.0, "makespan": 50.7, "mean_flow": 3.646444666666666, "breach_share": 0.02, "breach_p1": 0.0, "breach_p2": 0.061224489795918366, "breach_p3": null, "breach_p4": 0.0, "wall_seconds": 0.00021848222240805626}, "v2rl301": {"id": "c09_replay_150_0113_sla0.5", "base_id": "c09_replay_150_0113", "campus": 9, "size": 150, "condition": "sla0.5", "sla_multiplier": 0.5, "crew_multiplier": 1.0, "method": "v2rl301", "seed": 301, "feasible": 1, "wwt": 175.0, "makespan": 50.7, "mean_flow": 3.9147779999999996, "breach_share": 0.02, "breach_p1": 0.0, "breach_p2": 0.061224489795918366, "breach_p3": null, "breach_p4": 0.0, "wall_seconds": 0.015896117314696312}, "v2rl302": {"id": "c09_replay_150_0113_sla0.5", "base_id": "c09_replay_150_0113", "campus": 9, "size": 150, "condition": "sla0.5", "sla_multiplier": 0.5, "crew_multiplier": 1.0, "method": "v2rl302", "seed": 302, "feasible": 1, "wwt": 175.0, "makespan": 50.7, "mean_flow": 3.9147779999999996, "breach_share": 0.02, "breach_p1": 0.0, "breach_p2": 0.061224489795918366, "breach_p3": null, "breach_p4": 0.0, "wall_seconds": 0.01586580602452159}, "v2rl303": {"id": "c09_replay_150_0113_sla0.5", "base_id": "c09_replay_150_0113", "campus": 9, "size": 150, "condition": "sla0.5", "sla_multiplier": 0.5, "crew_multiplier": 1.0, "method": "v2rl303", "seed": 303, "feasible": 1, "wwt": 175.0, "makespan": 50.7, "mean_flow": 3.9147779999999996, "breach_share": 0.02, "breach_p1": 0.0, "breach_p2": 0.061224489795918366, "breach_p3": null, "breach_p4": 0.0, "wall_seconds": 0.016236549708992243}}, "methods_expected": ["edd", "wspt", "atc", "pfifo", "mor", "random", "v2rl301", "v2rl302", "v2rl303"], "infeasible": [], "wall_seconds_total": 0.05187828466296196}