{"shard_id": "c09_replay_400_0125_m0.75", "id": "c09_replay_400_0125_m0.75", "base_id": "c09_replay_400_0125", "campus": 9, "size": 400, "condition": "crew0.75", "rows": {"edd": {"id": "c09_replay_400_0125_m0.75", "base_id": "c09_replay_400_0125", "campus": 9, "size": 400, "condition": "crew0.75", "sla_multiplier": 1.0, "crew_multiplier": 0.75, "method": "edd", "seed": 301, "feasible": 1, "wwt": 144.0, "makespan": 76.36670000000001, "mean_flow": 3.81950025, "breach_share": 0.005, "breach_p1": 0.15384615384615385, "breach_p2": 0.0, "breach_p3": 0.0, "breach_p4": 0.0, "wall_seconds": 0.0006281398236751556}, "wspt": {"id": "c09_replay_400_0125_m0.75", "base_id": "c09_replay_400_0125", "campus": 9, "size": 400, "condition": "crew0.75", "sla_multiplier": 1.0, "crew_multiplier": 0.75, "method": "wspt", "seed": 301, "feasible": 1, "wwt": 160.0, "makespan": 77.0, "mean_flow": 3.64475, "breach_share": 0.005, "breach_p1": 0.15384615384615385, "breach_p2": 0.0, "breach_p3": 0.0, "breach_p4": 0.0, "wall_seconds": 0.0006431532092392445}, "atc": {"id": "c09_replay_400_0125_m0.75", "base_id": "c09_replay_400_0125", "campus": 9, "size": 400, "condition": "crew0.75", "sla_multiplier": 1.0, "crew_multiplier": 0.75, "method": "atc", "seed": 301, "feasible": 1, "wwt": 144.0, "makespan": 77.36670000000001, "mean_flow": 3.68075025, "breach_share": 0.005, "breach_p1": 0.15384615384615385, "breach_p2": 0.0, "breach_p3": 0.0, "breach_p4": 0.0, "wall_seconds": 0.0008981642313301563}, "pfifo": {"id": "c09_replay_400_0125_m0.75", "base_id": "c09_replay_400_0125", "campus": 9, "size": 400, "condition": "crew0.75", "sla_multiplier": 1.0, "crew_multiplier": 0.75, "method": "pfifo", "seed": 301, "feasible": 1, "wwt": 144.0, "makespan": 76.36670000000001, "mean_flow": 3.81950025, "breach_share": 0.005, "breach_p1": 0.15384615384615385, "breach_p2": 0.0, "breach_p3": 0.0, "breach_p4": 0.0, "wall_seconds": 0.0006201150827109814}, "mor": {"id": "c09_replay_400_0125_m0.75", "base_id": "c09_replay_400_0125", "campus": 9, "size": 400, "condition": "crew0.75", "sla_multiplier": 1.0, "crew_multiplier": 0.75, "method": "mor", "seed": 301, "feasible": 1, "wwt": 144.0, "makespan": 76.0, "mean_flow": 3.97575025, "breach_share": 0.005, "breach_p1": 0.15384615384615385, "breach_p2": 0.0, "breach_p3": 0.0, "breach_p4": 0.0, "wall_seconds": 0.000628648791462183}, "random": {"id": "c09_replay_400_0125_m0.75", "base_id": "c09_replay_400_0125", "campus": 9, "size": 400, "condition": "crew0.75", "sla_multiplier": 1.0, "crew_multiplier": 0.75, "method": "random", "seed": 301, "feasible": 1, "wwt": 144.0, "makespan": 76.36670000000001, "mean_flow": 3.8067922499999995, "breach_share": 0.005, "breach_p1": 0.15384615384615385, "breach_p2": 0.0, "breach_p3": 0.0, "breach_p4": 0.0, "wall_seconds": 0.0005386047996580601}, "v2rl301": {"id": "c09_replay_400_0125_m0.75", "base_id": "c09_replay_400_0125", "campus": 9, "size": 400, "condition": "crew0.75", "sla_multiplier": 1.0, "crew_multiplier": 0.75, "method": "v2rl301", "seed": 301, "feasible": 1, "wwt": 144.0, "makespan": 76.0, "mean_flow": 3.9708335, "breach_share": 0.005, "breach_p1": 0.15384615384615385, "breach_p2": 0.0, "breach_p3": 0.0, "breach_p4": 0.0, "wall_seconds": 0.041573676746338606}, "v2rl302": {"id": "c09_replay_400_0125_m0.75", "base_id": "c09_replay_400_0125", "campus": 9, "size": 400, "condition": "crew0.75", "sla_multiplier": 1.0, "crew_multiplier": 0.75, "method": "v2rl302", "seed": 302, "feasible": 1, "wwt": 144.0, "makespan": 76.0, "mean_flow": 3.9639585, "breach_share": 0.005, "breach_p1": 0.15384615384615385, "breach_p2": 0.0, "breach_p3": 0.0, "breach_p4": 0.0, "wall_seconds": 0.042013844940811396}, "v2rl303": {"id": "c09_replay_400_0125_m0.75", "base_id": "c09_replay_400_0125", "campus": 9, "size": 400, "condition": "crew0.75", "sla_multiplier": 1.0, "crew_multiplier": 0.75, "method": "v2rl303", "seed": 303, "feasible": 1, "wwt": 144.0, "makespan": 76.0, "mean_flow": 3.9015002500000002, "breach_share": 0.005, "breach_p1": 0.15384615384615385, "breach_p2": 0.0, "breach_p3": 0.0, "breach_p4": 0.0, "wall_seconds": 0.040640945080667734}}, "methods_expected": ["edd", "wspt", "atc", "pfifo", "mor", "random", "v2rl301", "v2rl302", "v2rl303"], "infeasible": [], "wall_seconds_total": 0.13268839661031961}