{"shard_id": "c09_replay_400_0119", "id": "c09_replay_400_0119", "base_id": "c09_replay_400_0119", "campus": 9, "size": 400, "condition": "baseline", "rows": {"edd": {"id": "c09_replay_400_0119", "base_id": "c09_replay_400_0119", "campus": 9, "size": 400, "condition": "baseline", "sla_multiplier": 1.0, "crew_multiplier": 1.0, "method": "edd", "seed": 301, "feasible": 1, "wwt": 1170.9184, "makespan": 135.8648, "mean_flow": 4.22025175, "breach_share": 0.015, "breach_p1": 0.21052631578947367, "breach_p2": 0.020833333333333332, "breach_p3": 0.0, "breach_p4": 0.0, "wall_seconds": 0.0006227428093552589}, "wspt": {"id": "c09_replay_400_0119", "base_id": "c09_replay_400_0119", "campus": 9, "size": 400, "condition": "baseline", "sla_multiplier": 1.0, "crew_multiplier": 1.0, "method": "wspt", "seed": 301, "feasible": 1, "wwt": 1170.9184, "makespan": 135.8648, "mean_flow": 4.2012935, "breach_share": 0.015, "breach_p1": 0.21052631578947367, "breach_p2": 0.020833333333333332, "breach_p3": 0.0, "breach_p4": 0.0, "wall_seconds": 0.0006175008602440357}, "atc": {"id": "c09_replay_400_0119", "base_id": "c09_replay_400_0119", "campus": 9, "size": 400, "condition": "baseline", "sla_multiplier": 1.0, "crew_multiplier": 1.0, "method": "atc", "seed": 301, "feasible": 1, "wwt": 1170.9184, "makespan": 135.8648, "mean_flow": 4.2012935, "breach_share": 0.015, "breach_p1": 0.21052631578947367, "breach_p2": 0.020833333333333332, "breach_p3": 0.0, "breach_p4": 0.0, "wall_seconds": 0.0008799619972705841}, "pfifo": {"id": "c09_replay_400_0119", "base_id": "c09_replay_400_0119", "campus": 9, "size": 400, "condition": "baseline", "sla_multiplier": 1.0, "crew_multiplier": 1.0, "method": "pfifo", "seed": 301, "feasible": 1, "wwt": 1170.9184, "makespan": 135.8648, "mean_flow": 4.22025175, "breach_share": 0.015, "breach_p1": 0.21052631578947367, "breach_p2": 0.020833333333333332, "breach_p3": 0.0, "breach_p4": 0.0, "wall_seconds": 0.0006010280922055244}, "mor": {"id": "c09_replay_400_0119", "base_id": "c09_replay_400_0119", "campus": 9, "size": 400, "condition": "baseline", "sla_multiplier": 1.0, "crew_multiplier": 1.0, "method": "mor", "seed": 301, "feasible": 1, "wwt": 1170.9184, "makespan": 135.8648, "mean_flow": 4.23233525, "breach_share": 0.015, "breach_p1": 0.21052631578947367, "breach_p2": 0.020833333333333332, "breach_p3": 0.0, "breach_p4": 0.0, "wall_seconds": 0.0006199879571795464}, "random": {"id": "c09_replay_400_0119", "base_id": "c09_replay_400_0119", "campus": 9, "size": 400, "condition": "baseline", "sla_multiplier": 1.0, "crew_multiplier": 1.0, "method": "random", "seed": 301, "feasible": 1, "wwt": 1170.9184, "makespan": 135.8648, "mean_flow": 4.228168500000001, "breach_share": 0.015, "breach_p1": 0.21052631578947367, "breach_p2": 0.020833333333333332, "breach_p3": 0.0, "breach_p4": 0.0, "wall_seconds": 0.000605214387178421}, "v2rl301": {"id": "c09_replay_400_0119", "base_id": "c09_replay_400_0119", "campus": 9, "size": 400, "condition": "baseline", "sla_multiplier": 1.0, "crew_multiplier": 1.0, "method": "v2rl301", "seed": 301, "feasible": 1, "wwt": 1170.9184, "makespan": 135.8648, "mean_flow": 4.232002, "breach_share": 0.015, "breach_p1": 0.21052631578947367, "breach_p2": 0.020833333333333332, "breach_p3": 0.0, "breach_p4": 0.0, "wall_seconds": 0.040873510763049126}, "v2rl302": {"id": "c09_replay_400_0119", "base_id": "c09_replay_400_0119", "campus": 9, "size": 400, "condition": "baseline", "sla_multiplier": 1.0, "crew_multiplier": 1.0, "method": "v2rl302", "seed": 302, "feasible": 1, "wwt": 1170.9184, "makespan": 135.8648, "mean_flow": 4.230960250000001, "breach_share": 0.015, "breach_p1": 0.21052631578947367, "breach_p2": 0.020833333333333332, "breach_p3": 0.0, "breach_p4": 0.0, "wall_seconds": 0.040390592999756336}, "v2rl303": {"id": "c09_replay_400_0119", "base_id": "c09_replay_400_0119", "campus": 9, "size": 400, "condition": "baseline", "sla_multiplier": 1.0, "crew_multiplier": 1.0, "method": "v2rl303", "seed": 303, "feasible": 1, "wwt": 1170.9184, "makespan": 135.8648, "mean_flow": 4.230960250000001, "breach_share": 0.015, "breach_p1": 0.21052631578947367, "breach_p2": 0.020833333333333332, "breach_p3": 0.0, "breach_p4": 0.0, "wall_seconds": 0.04057456972077489}}, "methods_expected": ["edd", "wspt", "atc", "pfifo", "mor", "random", "v2rl301", "v2rl302", "v2rl303"], "infeasible": [], "wall_seconds_total": 0.1295191552489996}