{"shard_id": "c09_replay_150_0116_sla0.5", "id": "c09_replay_150_0116_sla0.5", "base_id": "c09_replay_150_0116", "campus": 9, "size": 150, "condition": "sla0.5", "rows": {"edd": {"id": "c09_replay_150_0116_sla0.5", "base_id": "c09_replay_150_0116", "campus": 9, "size": 150, "condition": "sla0.5", "sla_multiplier": 0.5, "crew_multiplier": 1.0, "method": "edd", "seed": 301, "feasible": 1, "wwt": 59.999999999999986, "makespan": 89.25, "mean_flow": 5.355444666666666, "breach_share": 0.02, "breach_p1": 0.0, "breach_p2": 0.06666666666666667, "breach_p3": null, "breach_p4": 0.0, "wall_seconds": 0.00025285594165325165}, "wspt": {"id": "c09_replay_150_0116_sla0.5", "base_id": "c09_replay_150_0116", "campus": 9, "size": 150, "condition": "sla0.5", "sla_multiplier": 0.5, "crew_multiplier": 1.0, "method": "wspt", "seed": 301, "feasible": 1, "wwt": 59.999999999999986, "makespan": 89.25, "mean_flow": 5.3359993333333335, "breach_share": 0.02, "breach_p1": 0.0, "breach_p2": 0.06666666666666667, "breach_p3": null, "breach_p4": 0.0, "wall_seconds": 0.0002658492885529995}, "atc": {"id": "c09_replay_150_0116_sla0.5", "base_id": "c09_replay_150_0116", "campus": 9, "size": 150, "condition": "sla0.5", "sla_multiplier": 0.5, "crew_multiplier": 1.0, "method": "atc", "seed": 301, "feasible": 1, "wwt": 59.999999999999986, "makespan": 89.25, "mean_flow": 5.3359993333333335, "breach_share": 0.02, "breach_p1": 0.0, "breach_p2": 0.06666666666666667, "breach_p3": null, "breach_p4": 0.0, "wall_seconds": 0.0003421991132199764}, "pfifo": {"id": "c09_replay_150_0116_sla0.5", "base_id": "c09_replay_150_0116", "campus": 9, "size": 150, "condition": "sla0.5", "sla_multiplier": 0.5, "crew_multiplier": 1.0, "method": "pfifo", "seed": 301, "feasible": 1, "wwt": 59.999999999999986, "makespan": 89.25, "mean_flow": 5.355444666666666, "breach_share": 0.02, "breach_p1": 0.0, "breach_p2": 0.06666666666666667, "breach_p3": null, "breach_p4": 0.0, "wall_seconds": 0.00024160835891962051}, "mor": {"id": "c09_replay_150_0116_sla0.5", "base_id": "c09_replay_150_0116", "campus": 9, "size": 150, "condition": "sla0.5", "sla_multiplier": 0.5, "crew_multiplier": 1.0, "method": "mor", "seed": 301, "feasible": 1, "wwt": 59.999999999999986, "makespan": 89.25, "mean_flow": 5.404334, "breach_share": 0.02, "breach_p1": 0.0, "breach_p2": 0.06666666666666667, "breach_p3": null, "breach_p4": 0.0, "wall_seconds": 0.00023908400908112526}, "random": {"id": "c09_replay_150_0116_sla0.5", "base_id": "c09_replay_150_0116", "campus": 9, "size": 150, "condition": "sla0.5", "sla_multiplier": 0.5, "crew_multiplier": 1.0, "method": "random", "seed": 301, "feasible": 1, "wwt": 59.999999999999986, "makespan": 89.25, "mean_flow": 5.361778, "breach_share": 0.02, "breach_p1": 0.0, "breach_p2": 0.06666666666666667, "breach_p3": null, "breach_p4": 0.0, "wall_seconds": 0.0002214871346950531}, "v2rl301": {"id": "c09_replay_150_0116_sla0.5", "base_id": "c09_replay_150_0116", "campus": 9, "size": 150, "condition": "sla0.5", "sla_multiplier": 0.5, "crew_multiplier": 1.0, "method": "v2rl301", "seed": 301, "feasible": 1, "wwt": 59.999999999999986, "makespan": 89.25, "mean_flow": 5.38989, "breach_share": 0.02, "breach_p1": 0.0, "breach_p2": 0.06666666666666667, "breach_p3": null, "breach_p4": 0.0, "wall_seconds": 0.015395441092550755}, "v2rl302": {"id": "c09_replay_150_0116_sla0.5", "base_id": "c09_replay_150_0116", "campus": 9, "size": 150, "condition": "sla0.5", "sla_multiplier": 0.5, "crew_multiplier": 1.0, "method": "v2rl302", "seed": 302, "feasible": 1, "wwt": 59.999999999999986, "makespan": 89.25, "mean_flow": 5.38989, "breach_share": 0.02, "breach_p1": 0.0, "breach_p2": 0.06666666666666667, "breach_p3": null, "breach_p4": 0.0, "wall_seconds": 0.015223239082843065}, "v2rl303": {"id": "c09_replay_150_0116_sla0.5", "base_id": "c09_replay_150_0116", "campus": 9, "size": 150, "condition": "sla0.5", "sla_multiplier": 0.5, "crew_multiplier": 1.0, "method": "v2rl303", "seed": 303, "feasible": 1, "wwt": 59.999999999999986, "makespan": 89.25, "mean_flow": 5.38989, "breach_share": 0.02, "breach_p1": 0.0, "breach_p2": 0.06666666666666667, "breach_p3": null, "breach_p4": 0.0, "wall_seconds": 0.015492378734052181}}, "methods_expected": ["edd", "wspt", "atc", "pfifo", "mor", "random", "v2rl301", "v2rl302", "v2rl303"], "infeasible": [], "wall_seconds_total": 0.0497324881143868}