{"shard_id": "c09_replay_150_0123_sla0.5", "id": "c09_replay_150_0123_sla0.5", "base_id": "c09_replay_150_0123", "campus": 9, "size": 150, "condition": "sla0.5", "rows": {"edd": {"id": "c09_replay_150_0123_sla0.5", "base_id": "c09_replay_150_0123", "campus": 9, "size": 150, "condition": "sla0.5", "sla_multiplier": 0.5, "crew_multiplier": 1.0, "method": "edd", "seed": 301, "feasible": 1, "wwt": 503.0, "makespan": 103.0, "mean_flow": 4.474666666666667, "breach_share": 0.03333333333333333, "breach_p1": 0.2857142857142857, "breach_p2": 0.075, "breach_p3": null, "breach_p4": 0.0, "wall_seconds": 0.0002593160606920719}, "wspt": {"id": "c09_replay_150_0123_sla0.5", "base_id": "c09_replay_150_0123", "campus": 9, "size": 150, "condition": "sla0.5", "sla_multiplier": 0.5, "crew_multiplier": 1.0, "method": "wspt", "seed": 301, "feasible": 1, "wwt": 503.0, "makespan": 103.0, "mean_flow": 4.471333333333334, "breach_share": 0.03333333333333333, "breach_p1": 0.2857142857142857, "breach_p2": 0.075, "breach_p3": null, "breach_p4": 0.0, "wall_seconds": 0.0002700542099773884}, "atc": {"id": "c09_replay_150_0123_sla0.5", "base_id": "c09_replay_150_0123", "campus": 9, "size": 150, "condition": "sla0.5", "sla_multiplier": 0.5, "crew_multiplier": 1.0, "method": "atc", "seed": 301, "feasible": 1, "wwt": 503.0, "makespan": 103.0, "mean_flow": 4.471333333333334, "breach_share": 0.03333333333333333, "breach_p1": 0.2857142857142857, "breach_p2": 0.075, "breach_p3": null, "breach_p4": 0.0, "wall_seconds": 0.00032989075407385826}, "pfifo": {"id": "c09_replay_150_0123_sla0.5", "base_id": "c09_replay_150_0123", "campus": 9, "size": 150, "condition": "sla0.5", "sla_multiplier": 0.5, "crew_multiplier": 1.0, "method": "pfifo", "seed": 301, "feasible": 1, "wwt": 503.0, "makespan": 103.0, "mean_flow": 4.474666666666667, "breach_share": 0.03333333333333333, "breach_p1": 0.2857142857142857, "breach_p2": 0.075, "breach_p3": null, "breach_p4": 0.0, "wall_seconds": 0.0002551460638642311}, "mor": {"id": "c09_replay_150_0123_sla0.5", "base_id": "c09_replay_150_0123", "campus": 9, "size": 150, "condition": "sla0.5", "sla_multiplier": 0.5, "crew_multiplier": 1.0, "method": "mor", "seed": 301, "feasible": 1, "wwt": 503.0, "makespan": 103.0, "mean_flow": 4.474666666666667, "breach_share": 0.03333333333333333, "breach_p1": 0.2857142857142857, "breach_p2": 0.075, "breach_p3": null, "breach_p4": 0.0, "wall_seconds": 0.00024219602346420288}, "random": {"id": "c09_replay_150_0123_sla0.5", "base_id": "c09_replay_150_0123", "campus": 9, "size": 150, "condition": "sla0.5", "sla_multiplier": 0.5, "crew_multiplier": 1.0, "method": "random", "seed": 301, "feasible": 1, "wwt": 503.0, "makespan": 103.0, "mean_flow": 4.471333333333334, "breach_share": 0.03333333333333333, "breach_p1": 0.2857142857142857, "breach_p2": 0.075, "breach_p3": null, "breach_p4": 0.0, "wall_seconds": 0.00021548615768551826}, "v2rl301": {"id": "c09_replay_150_0123_sla0.5", "base_id": "c09_replay_150_0123", "campus": 9, "size": 150, "condition": "sla0.5", "sla_multiplier": 0.5, "crew_multiplier": 1.0, "method": "v2rl301", "seed": 301, "feasible": 1, "wwt": 503.0, "makespan": 103.0, "mean_flow": 4.474666666666667, "breach_share": 0.03333333333333333, "breach_p1": 0.2857142857142857, "breach_p2": 0.075, "breach_p3": null, "breach_p4": 0.0, "wall_seconds": 0.016038861125707626}, "v2rl302": {"id": "c09_replay_150_0123_sla0.5", "base_id": "c09_replay_150_0123", "campus": 9, "size": 150, "condition": "sla0.5", "sla_multiplier": 0.5, "crew_multiplier": 1.0, "method": "v2rl302", "seed": 302, "feasible": 1, "wwt": 503.0, "makespan": 103.0, "mean_flow": 4.474666666666667, "breach_share": 0.03333333333333333, "breach_p1": 0.2857142857142857, "breach_p2": 0.075, "breach_p3": null, "breach_p4": 0.0, "wall_seconds": 0.015338541008532047}, "v2rl303": {"id": "c09_replay_150_0123_sla0.5", "base_id": "c09_replay_150_0123", "campus": 9, "size": 150, "condition": "sla0.5", "sla_multiplier": 0.5, "crew_multiplier": 1.0, "method": "v2rl303", "seed": 303, "feasible": 1, "wwt": 503.0, "makespan": 103.0, "mean_flow": 4.474666666666667, "breach_share": 0.03333333333333333, "breach_p1": 0.2857142857142857, "breach_p2": 0.075, "breach_p3": null, "breach_p4": 0.0, "wall_seconds": 0.015029500238597393}}, "methods_expected": ["edd", "wspt", "atc", "pfifo", "mor", "random", "v2rl301", "v2rl302", "v2rl303"], "infeasible": [], "wall_seconds_total": 0.05004208721220493}