{"shard_id": "c09_replay_150_0114", "id": "c09_replay_150_0114", "base_id": "c09_replay_150_0114", "campus": 9, "size": 150, "condition": "baseline", "rows": {"edd": {"id": "c09_replay_150_0114", "base_id": "c09_replay_150_0114", "campus": 9, "size": 150, "condition": "baseline", "sla_multiplier": 1.0, "crew_multiplier": 1.0, "method": "edd", "seed": 301, "feasible": 1, "wwt": 566.0, "makespan": 59.25, "mean_flow": 9.548333333333334, "breach_share": 0.03333333333333333, "breach_p1": 0.35714285714285715, "breach_p2": 0.0, "breach_p3": null, "breach_p4": 0.0, "wall_seconds": 0.0003463118337094784}, "wspt": {"id": "c09_replay_150_0114", "base_id": "c09_replay_150_0114", "campus": 9, "size": 150, "condition": "baseline", "sla_multiplier": 1.0, "crew_multiplier": 1.0, "method": "wspt", "seed": 301, "feasible": 1, "wwt": 566.0, "makespan": 71.5, "mean_flow": 5.786666666666667, "breach_share": 0.03333333333333333, "breach_p1": 0.35714285714285715, "breach_p2": 0.0, "breach_p3": null, "breach_p4": 0.0, "wall_seconds": 0.0003900197334587574}, "atc": {"id": "c09_replay_150_0114", "base_id": "c09_replay_150_0114", "campus": 9, "size": 150, "condition": "baseline", "sla_multiplier": 1.0, "crew_multiplier": 1.0, "method": "atc", "seed": 301, "feasible": 1, "wwt": 566.0, "makespan": 71.5, "mean_flow": 5.786666666666667, "breach_share": 0.03333333333333333, "breach_p1": 0.35714285714285715, "breach_p2": 0.0, "breach_p3": null, "breach_p4": 0.0, "wall_seconds": 0.0007072179578244686}, "pfifo": {"id": "c09_replay_150_0114", "base_id": "c09_replay_150_0114", "campus": 9, "size": 150, "condition": "baseline", "sla_multiplier": 1.0, "crew_multiplier": 1.0, "method": "pfifo", "seed": 301, "feasible": 1, "wwt": 566.0, "makespan": 59.25, "mean_flow": 9.548333333333334, "breach_share": 0.03333333333333333, "breach_p1": 0.35714285714285715, "breach_p2": 0.0, "breach_p3": null, "breach_p4": 0.0, "wall_seconds": 0.00033195456489920616}, "mor": {"id": "c09_replay_150_0114", "base_id": "c09_replay_150_0114", "campus": 9, "size": 150, "condition": "baseline", "sla_multiplier": 1.0, "crew_multiplier": 1.0, "method": "mor", "seed": 301, "feasible": 1, "wwt": 640.0, "makespan": 59.25, "mean_flow": 10.346666666666666, "breach_share": 0.04, "breach_p1": 0.42857142857142855, "breach_p2": 0.0, "breach_p3": null, "breach_p4": 0.0, "wall_seconds": 0.00033664703369140625}, "random": {"id": "c09_replay_150_0114", "base_id": "c09_replay_150_0114", "campus": 9, "size": 150, "condition": "baseline", "sla_multiplier": 1.0, "crew_multiplier": 1.0, "method": "random", "seed": 301, "feasible": 1, "wwt": 648.0, "makespan": 63.25, "mean_flow": 6.733333333333333, "breach_share": 0.04, "breach_p1": 0.42857142857142855, "breach_p2": 0.0, "breach_p3": null, "breach_p4": 0.0, "wall_seconds": 0.00023506628349423409}, "v2rl301": {"id": "c09_replay_150_0114", "base_id": "c09_replay_150_0114", "campus": 9, "size": 150, "condition": "baseline", "sla_multiplier": 1.0, "crew_multiplier": 1.0, "method": "v2rl301", "seed": 301, "feasible": 1, "wwt": 566.0, "makespan": 59.25, "mean_flow": 10.316666666666666, "breach_share": 0.03333333333333333, "breach_p1": 0.35714285714285715, "breach_p2": 0.0, "breach_p3": null, "breach_p4": 0.0, "wall_seconds": 0.018169062677770853}, "v2rl302": {"id": "c09_replay_150_0114", "base_id": "c09_replay_150_0114", "campus": 9, "size": 150, "condition": "baseline", "sla_multiplier": 1.0, "crew_multiplier": 1.0, "method": "v2rl302", "seed": 302, "feasible": 1, "wwt": 566.0, "makespan": 59.25, "mean_flow": 10.316666666666666, "breach_share": 0.03333333333333333, "breach_p1": 0.35714285714285715, "breach_p2": 0.0, "breach_p3": null, "breach_p4": 0.0, "wall_seconds": 0.01739352708682418}, "v2rl303": {"id": "c09_replay_150_0114", "base_id": "c09_replay_150_0114", "campus": 9, "size": 150, "condition": "baseline", "sla_multiplier": 1.0, "crew_multiplier": 1.0, "method": "v2rl303", "seed": 303, "feasible": 1, "wwt": 566.0, "makespan": 59.25, "mean_flow": 10.243333333333334, "breach_share": 0.03333333333333333, "breach_p1": 0.35714285714285715, "breach_p2": 0.0, "breach_p3": null, "breach_p4": 0.0, "wall_seconds": 0.01701348088681698}}, "methods_expected": ["edd", "wspt", "atc", "pfifo", "mor", "random", "v2rl301", "v2rl302", "v2rl303"], "infeasible": [], "wall_seconds_total": 0.05669795209541917}