{"shard_id": "c09_replay_150_0122", "id": "c09_replay_150_0122", "base_id": "c09_replay_150_0122", "campus": 9, "size": 150, "condition": "baseline", "rows": {"edd": {"id": "c09_replay_150_0122", "base_id": "c09_replay_150_0122", "campus": 9, "size": 150, "condition": "baseline", "sla_multiplier": 1.0, "crew_multiplier": 1.0, "method": "edd", "seed": 301, "feasible": 1, "wwt": 24.0, "makespan": 54.3833, "mean_flow": 3.5277773333333333, "breach_share": 0.006666666666666667, "breach_p1": 0.3333333333333333, "breach_p2": 0.0, "breach_p3": 0.0, "breach_p4": 0.0, "wall_seconds": 0.0002521201968193054}, "wspt": {"id": "c09_replay_150_0122", "base_id": "c09_replay_150_0122", "campus": 9, "size": 150, "condition": "baseline", "sla_multiplier": 1.0, "crew_multiplier": 1.0, "method": "wspt", "seed": 301, "feasible": 1, "wwt": 24.0, "makespan": 54.3833, "mean_flow": 3.4798886666666666, "breach_share": 0.006666666666666667, "breach_p1": 0.3333333333333333, "breach_p2": 0.0, "breach_p3": 0.0, "breach_p4": 0.0, "wall_seconds": 0.00025191716849803925}, "atc": {"id": "c09_replay_150_0122", "base_id": "c09_replay_150_0122", "campus": 9, "size": 150, "condition": "baseline", "sla_multiplier": 1.0, "crew_multiplier": 1.0, "method": "atc", "seed": 301, "feasible": 1, "wwt": 24.0, "makespan": 54.3833, "mean_flow": 3.4798886666666666, "breach_share": 0.006666666666666667, "breach_p1": 0.3333333333333333, "breach_p2": 0.0, "breach_p3": 0.0, "breach_p4": 0.0, "wall_seconds": 0.0003192853182554245}, "pfifo": {"id": "c09_replay_150_0122", "base_id": "c09_replay_150_0122", "campus": 9, "size": 150, "condition": "baseline", "sla_multiplier": 1.0, "crew_multiplier": 1.0, "method": "pfifo", "seed": 301, "feasible": 1, "wwt": 24.0, "makespan": 54.3833, "mean_flow": 3.5277773333333333, "breach_share": 0.006666666666666667, "breach_p1": 0.3333333333333333, "breach_p2": 0.0, "breach_p3": 0.0, "breach_p4": 0.0, "wall_seconds": 0.00023714499548077583}, "mor": {"id": "c09_replay_150_0122", "base_id": "c09_replay_150_0122", "campus": 9, "size": 150, "condition": "baseline", "sla_multiplier": 1.0, "crew_multiplier": 1.0, "method": "mor", "seed": 301, "feasible": 1, "wwt": 24.0, "makespan": 54.3833, "mean_flow": 3.6127773333333333, "breach_share": 0.006666666666666667, "breach_p1": 0.3333333333333333, "breach_p2": 0.0, "breach_p3": 0.0, "breach_p4": 0.0, "wall_seconds": 0.0002361680381000042}, "random": {"id": "c09_replay_150_0122", "base_id": "c09_replay_150_0122", "campus": 9, "size": 150, "condition": "baseline", "sla_multiplier": 1.0, "crew_multiplier": 1.0, "method": "random", "seed": 301, "feasible": 1, "wwt": 24.0, "makespan": 54.3833, "mean_flow": 3.561110666666667, "breach_share": 0.006666666666666667, "breach_p1": 0.3333333333333333, "breach_p2": 0.0, "breach_p3": 0.0, "breach_p4": 0.0, "wall_seconds": 0.00021749688312411308}, "v2rl301": {"id": "c09_replay_150_0122", "base_id": "c09_replay_150_0122", "campus": 9, "size": 150, "condition": "baseline", "sla_multiplier": 1.0, "crew_multiplier": 1.0, "method": "v2rl301", "seed": 301, "feasible": 1, "wwt": 24.0, "makespan": 54.3833, "mean_flow": 3.5927773333333333, "breach_share": 0.006666666666666667, "breach_p1": 0.3333333333333333, "breach_p2": 0.0, "breach_p3": 0.0, "breach_p4": 0.0, "wall_seconds": 0.01539626531302929}, "v2rl302": {"id": "c09_replay_150_0122", "base_id": "c09_replay_150_0122", "campus": 9, "size": 150, "condition": "baseline", "sla_multiplier": 1.0, "crew_multiplier": 1.0, "method": "v2rl302", "seed": 302, "feasible": 1, "wwt": 24.0, "makespan": 54.3833, "mean_flow": 3.5927773333333333, "breach_share": 0.006666666666666667, "breach_p1": 0.3333333333333333, "breach_p2": 0.0, "breach_p3": 0.0, "breach_p4": 0.0, "wall_seconds": 0.015194404870271683}, "v2rl303": {"id": "c09_replay_150_0122", "base_id": "c09_replay_150_0122", "campus": 9, "size": 150, "condition": "baseline", "sla_multiplier": 1.0, "crew_multiplier": 1.0, "method": "v2rl303", "seed": 303, "feasible": 1, "wwt": 24.0, "makespan": 54.3833, "mean_flow": 3.5927773333333333, "breach_share": 0.006666666666666667, "breach_p1": 0.3333333333333333, "breach_p2": 0.0, "breach_p3": 0.0, "breach_p4": 0.0, "wall_seconds": 0.015204147901386023}}, "methods_expected": ["edd", "wspt", "atc", "pfifo", "mor", "random", "v2rl301", "v2rl302", "v2rl303"], "infeasible": [], "wall_seconds_total": 0.04901348613202572}