{"shard_id": "c09_replay_400_0108_sla0.5", "id": "c09_replay_400_0108_sla0.5", "base_id": "c09_replay_400_0108", "campus": 9, "size": 400, "condition": "sla0.5", "rows": {"edd": {"id": "c09_replay_400_0108_sla0.5", "base_id": "c09_replay_400_0108", "campus": 9, "size": 400, "condition": "sla0.5", "sla_multiplier": 0.5, "crew_multiplier": 1.0, "method": "edd", "seed": 301, "feasible": 1, "wwt": 522.1648, "makespan": 114.8648, "mean_flow": 5.29528775, "breach_share": 0.0325, "breach_p1": 0.2857142857142857, "breach_p2": 0.08264462809917356, "breach_p3": 0.0, "breach_p4": 0.003703703703703704, "wall_seconds": 0.000623960979282856}, "wspt": {"id": "c09_replay_400_0108_sla0.5", "base_id": "c09_replay_400_0108", "campus": 9, "size": 400, "condition": "sla0.5", "sla_multiplier": 0.5, "crew_multiplier": 1.0, "method": "wspt", "seed": 301, "feasible": 1, "wwt": 522.1648, "makespan": 114.8648, "mean_flow": 5.25707925, "breach_share": 0.0325, "breach_p1": 0.2857142857142857, "breach_p2": 0.08264462809917356, "breach_p3": 0.0, "breach_p4": 0.003703703703703704, "wall_seconds": 0.0006309188902378082}, "atc": {"id": "c09_replay_400_0108_sla0.5", "base_id": "c09_replay_400_0108", "campus": 9, "size": 400, "condition": "sla0.5", "sla_multiplier": 0.5, "crew_multiplier": 1.0, "method": "atc", "seed": 301, "feasible": 1, "wwt": 522.1648, "makespan": 114.8648, "mean_flow": 5.257079249999999, "breach_share": 0.0325, "breach_p1": 0.2857142857142857, "breach_p2": 0.08264462809917356, "breach_p3": 0.0, "breach_p4": 0.003703703703703704, "wall_seconds": 0.0008757570758461952}, "pfifo": {"id": "c09_replay_400_0108_sla0.5", "base_id": "c09_replay_400_0108", "campus": 9, "size": 400, "condition": "sla0.5", "sla_multiplier": 0.5, "crew_multiplier": 1.0, "method": "pfifo", "seed": 301, "feasible": 1, "wwt": 522.1648, "makespan": 114.8648, "mean_flow": 5.29528775, "breach_share": 0.0325, "breach_p1": 0.2857142857142857, "breach_p2": 0.08264462809917356, "breach_p3": 0.0, "breach_p4": 0.003703703703703704, "wall_seconds": 0.000596269965171814}, "mor": {"id": "c09_replay_400_0108_sla0.5", "base_id": "c09_replay_400_0108", "campus": 9, "size": 400, "condition": "sla0.5", "sla_multiplier": 0.5, "crew_multiplier": 1.0, "method": "mor", "seed": 301, "feasible": 1, "wwt": 542.1648, "makespan": 114.8648, "mean_flow": 5.417745999999999, "breach_share": 0.035, "breach_p1": 0.42857142857142855, "breach_p2": 0.08264462809917356, "breach_p3": 0.0, "breach_p4": 0.003703703703703704, "wall_seconds": 0.0006154421716928482}, "random": {"id": "c09_replay_400_0108_sla0.5", "base_id": "c09_replay_400_0108", "campus": 9, "size": 400, "condition": "sla0.5", "sla_multiplier": 0.5, "crew_multiplier": 1.0, "method": "random", "seed": 301, "feasible": 1, "wwt": 542.1648, "makespan": 114.8648, "mean_flow": 5.28716275, "breach_share": 0.035, "breach_p1": 0.42857142857142855, "breach_p2": 0.08264462809917356, "breach_p3": 0.0, "breach_p4": 0.003703703703703704, "wall_seconds": 0.000536138191819191}, "v2rl301": {"id": "c09_replay_400_0108_sla0.5", "base_id": "c09_replay_400_0108", "campus": 9, "size": 400, "condition": "sla0.5", "sla_multiplier": 0.5, "crew_multiplier": 1.0, "method": "v2rl301", "seed": 301, "feasible": 1, "wwt": 522.1648, "makespan": 114.8648, "mean_flow": 5.35670425, "breach_share": 0.0325, "breach_p1": 0.2857142857142857, "breach_p2": 0.08264462809917356, "breach_p3": 0.0, "breach_p4": 0.003703703703703704, "wall_seconds": 0.0409691552631557}, "v2rl302": {"id": "c09_replay_400_0108_sla0.5", "base_id": "c09_replay_400_0108", "campus": 9, "size": 400, "condition": "sla0.5", "sla_multiplier": 0.5, "crew_multiplier": 1.0, "method": "v2rl302", "seed": 302, "feasible": 1, "wwt": 522.1648, "makespan": 114.8648, "mean_flow": 5.35670425, "breach_share": 0.0325, "breach_p1": 0.2857142857142857, "breach_p2": 0.08264462809917356, "breach_p3": 0.0, "breach_p4": 0.003703703703703704, "wall_seconds": 0.042131470050662756}, "v2rl303": {"id": "c09_replay_400_0108_sla0.5", "base_id": "c09_replay_400_0108", "campus": 9, "size": 400, "condition": "sla0.5", "sla_multiplier": 0.5, "crew_multiplier": 1.0, "method": "v2rl303", "seed": 303, "feasible": 1, "wwt": 522.1648, "makespan": 114.8648, "mean_flow": 5.35420425, "breach_share": 0.0325, "breach_p1": 0.2857142857142857, "breach_p2": 0.08264462809917356, "breach_p3": 0.0, "breach_p4": 0.003703703703703704, "wall_seconds": 0.041483118664473295}}, "methods_expected": ["edd", "wspt", "atc", "pfifo", "mor", "random", "v2rl301", "v2rl302", "v2rl303"], "infeasible": [], "wall_seconds_total": 0.13300315011292696}