{"shard_id": "c09_replay_400_0121_m0.75", "id": "c09_replay_400_0121_m0.75", "base_id": "c09_replay_400_0121", "campus": 9, "size": 400, "condition": "crew0.75", "rows": {"edd": {"id": "c09_replay_400_0121_m0.75", "base_id": "c09_replay_400_0121", "campus": 9, "size": 400, "condition": "crew0.75", "sla_multiplier": 1.0, "crew_multiplier": 0.75, "method": "edd", "seed": 301, "feasible": 1, "wwt": 221.2668, "makespan": 88.5, "mean_flow": 3.632125, "breach_share": 0.0175, "breach_p1": 0.05555555555555555, "breach_p2": 0.05405405405405406, "breach_p3": 0.0, "breach_p4": 0.0, "wall_seconds": 0.0006541907787322998}, "wspt": {"id": "c09_replay_400_0121_m0.75", "base_id": "c09_replay_400_0121", "campus": 9, "size": 400, "condition": "crew0.75", "sla_multiplier": 1.0, "crew_multiplier": 0.75, "method": "wspt", "seed": 301, "feasible": 1, "wwt": 228.66679999999997, "makespan": 88.5, "mean_flow": 3.58575, "breach_share": 0.0175, "breach_p1": 0.05555555555555555, "breach_p2": 0.05405405405405406, "breach_p3": 0.0, "breach_p4": 0.0, "wall_seconds": 0.0006537879817187786}, "atc": {"id": "c09_replay_400_0121_m0.75", "base_id": "c09_replay_400_0121", "campus": 9, "size": 400, "condition": "crew0.75", "sla_multiplier": 1.0, "crew_multiplier": 0.75, "method": "atc", "seed": 301, "feasible": 1, "wwt": 221.2668, "makespan": 88.5, "mean_flow": 3.608125, "breach_share": 0.0175, "breach_p1": 0.05555555555555555, "breach_p2": 0.05405405405405406, "breach_p3": 0.0, "breach_p4": 0.0, "wall_seconds": 0.0008748439140617847}, "pfifo": {"id": "c09_replay_400_0121_m0.75", "base_id": "c09_replay_400_0121", "campus": 9, "size": 400, "condition": "crew0.75", "sla_multiplier": 1.0, "crew_multiplier": 0.75, "method": "pfifo", "seed": 301, "feasible": 1, "wwt": 221.2668, "makespan": 88.5, "mean_flow": 3.632125, "breach_share": 0.0175, "breach_p1": 0.05555555555555555, "breach_p2": 0.05405405405405406, "breach_p3": 0.0, "breach_p4": 0.0, "wall_seconds": 0.0006458060815930367}, "mor": {"id": "c09_replay_400_0121_m0.75", "base_id": "c09_replay_400_0121", "campus": 9, "size": 400, "condition": "crew0.75", "sla_multiplier": 1.0, "crew_multiplier": 0.75, "method": "mor", "seed": 301, "feasible": 1, "wwt": 222.86679999999998, "makespan": 88.5, "mean_flow": 3.6662082500000004, "breach_share": 0.0175, "breach_p1": 0.05555555555555555, "breach_p2": 0.05405405405405406, "breach_p3": 0.0, "breach_p4": 0.0, "wall_seconds": 0.0006778310053050518}, "random": {"id": "c09_replay_400_0121_m0.75", "base_id": "c09_replay_400_0121", "campus": 9, "size": 400, "condition": "crew0.75", "sla_multiplier": 1.0, "crew_multiplier": 0.75, "method": "random", "seed": 301, "feasible": 1, "wwt": 228.66679999999997, "makespan": 88.5, "mean_flow": 3.6011249999999997, "breach_share": 0.0175, "breach_p1": 0.05555555555555555, "breach_p2": 0.05405405405405406, "breach_p3": 0.0, "breach_p4": 0.0, "wall_seconds": 0.0005947682075202465}, "v2rl301": {"id": "c09_replay_400_0121_m0.75", "base_id": "c09_replay_400_0121", "campus": 9, "size": 400, "condition": "crew0.75", "sla_multiplier": 1.0, "crew_multiplier": 0.75, "method": "v2rl301", "seed": 301, "feasible": 1, "wwt": 222.86679999999998, "makespan": 88.5, "mean_flow": 3.6643332500000003, "breach_share": 0.0175, "breach_p1": 0.05555555555555555, "breach_p2": 0.05405405405405406, "breach_p3": 0.0, "breach_p4": 0.0, "wall_seconds": 0.04082134086638689}, "v2rl302": {"id": "c09_replay_400_0121_m0.75", "base_id": "c09_replay_400_0121", "campus": 9, "size": 400, "condition": "crew0.75", "sla_multiplier": 1.0, "crew_multiplier": 0.75, "method": "v2rl302", "seed": 302, "feasible": 1, "wwt": 221.2668, "makespan": 88.5, "mean_flow": 3.66083325, "breach_share": 0.0175, "breach_p1": 0.05555555555555555, "breach_p2": 0.05405405405405406, "breach_p3": 0.0, "breach_p4": 0.0, "wall_seconds": 0.04064742289483547}, "v2rl303": {"id": "c09_replay_400_0121_m0.75", "base_id": "c09_replay_400_0121", "campus": 9, "size": 400, "condition": "crew0.75", "sla_multiplier": 1.0, "crew_multiplier": 0.75, "method": "v2rl303", "seed": 303, "feasible": 1, "wwt": 221.2668, "makespan": 88.5, "mean_flow": 3.66083325, "breach_share": 0.0175, "breach_p1": 0.05555555555555555, "breach_p2": 0.05405405405405406, "breach_p3": 0.0, "breach_p4": 0.0, "wall_seconds": 0.040638187900185585}}, "methods_expected": ["edd", "wspt", "atc", "pfifo", "mor", "random", "v2rl301", "v2rl302", "v2rl303"], "infeasible": [], "wall_seconds_total": 0.13083790708333254}