{"shard_id": "c09_replay_400_0111_m0.75", "id": "c09_replay_400_0111_m0.75", "base_id": "c09_replay_400_0111", "campus": 9, "size": 400, "condition": "crew0.75", "rows": {"edd": {"id": "c09_replay_400_0111_m0.75", "base_id": "c09_replay_400_0111", "campus": 9, "size": 400, "condition": "crew0.75", "sla_multiplier": 1.0, "crew_multiplier": 0.75, "method": "edd", "seed": 301, "feasible": 1, "wwt": 182.0, "makespan": 138.8648, "mean_flow": 4.4608285, "breach_share": 0.01, "breach_p1": 0.13333333333333333, "breach_p2": 0.01680672268907563, "breach_p3": 0.0, "breach_p4": 0.0, "wall_seconds": 0.0006690421141684055}, "wspt": {"id": "c09_replay_400_0111_m0.75", "base_id": "c09_replay_400_0111", "campus": 9, "size": 400, "condition": "crew0.75", "sla_multiplier": 1.0, "crew_multiplier": 0.75, "method": "wspt", "seed": 301, "feasible": 1, "wwt": 182.0, "makespan": 138.8648, "mean_flow": 4.3173705, "breach_share": 0.01, "breach_p1": 0.13333333333333333, "breach_p2": 0.01680672268907563, "breach_p3": 0.0, "breach_p4": 0.0, "wall_seconds": 0.000715235248208046}, "atc": {"id": "c09_replay_400_0111_m0.75", "base_id": "c09_replay_400_0111", "campus": 9, "size": 400, "condition": "crew0.75", "sla_multiplier": 1.0, "crew_multiplier": 0.75, "method": "atc", "seed": 301, "feasible": 1, "wwt": 182.0, "makespan": 138.8648, "mean_flow": 4.3320375, "breach_share": 0.01, "breach_p1": 0.13333333333333333, "breach_p2": 0.01680672268907563, "breach_p3": 0.0, "breach_p4": 0.0, "wall_seconds": 0.0009341188706457615}, "pfifo": {"id": "c09_replay_400_0111_m0.75", "base_id": "c09_replay_400_0111", "campus": 9, "size": 400, "condition": "crew0.75", "sla_multiplier": 1.0, "crew_multiplier": 0.75, "method": "pfifo", "seed": 301, "feasible": 1, "wwt": 182.0, "makespan": 138.8648, "mean_flow": 4.4608285, "breach_share": 0.01, "breach_p1": 0.13333333333333333, "breach_p2": 0.01680672268907563, "breach_p3": 0.0, "breach_p4": 0.0, "wall_seconds": 0.0006239213980734348}, "mor": {"id": "c09_replay_400_0111_m0.75", "base_id": "c09_replay_400_0111", "campus": 9, "size": 400, "condition": "crew0.75", "sla_multiplier": 1.0, "crew_multiplier": 0.75, "method": "mor", "seed": 301, "feasible": 1, "wwt": 182.0, "makespan": 138.8648, "mean_flow": 4.63170425, "breach_share": 0.01, "breach_p1": 0.13333333333333333, "breach_p2": 0.01680672268907563, "breach_p3": 0.0, "breach_p4": 0.0, "wall_seconds": 0.0005878657102584839}, "random": {"id": "c09_replay_400_0111_m0.75", "base_id": "c09_replay_400_0111", "campus": 9, "size": 400, "condition": "crew0.75", "sla_multiplier": 1.0, "crew_multiplier": 0.75, "method": "random", "seed": 301, "feasible": 1, "wwt": 182.0, "makespan": 138.8648, "mean_flow": 4.44162075, "breach_share": 0.01, "breach_p1": 0.13333333333333333, "breach_p2": 0.01680672268907563, "breach_p3": 0.0, "breach_p4": 0.0, "wall_seconds": 0.000526301097124815}, "v2rl301": {"id": "c09_replay_400_0111_m0.75", "base_id": "c09_replay_400_0111", "campus": 9, "size": 400, "condition": "crew0.75", "sla_multiplier": 1.0, "crew_multiplier": 0.75, "method": "v2rl301", "seed": 301, "feasible": 1, "wwt": 182.0, "makespan": 138.8648, "mean_flow": 4.585621, "breach_share": 0.01, "breach_p1": 0.13333333333333333, "breach_p2": 0.01680672268907563, "breach_p3": 0.0, "breach_p4": 0.0, "wall_seconds": 0.04074505064636469}, "v2rl302": {"id": "c09_replay_400_0111_m0.75", "base_id": "c09_replay_400_0111", "campus": 9, "size": 400, "condition": "crew0.75", "sla_multiplier": 1.0, "crew_multiplier": 0.75, "method": "v2rl302", "seed": 302, "feasible": 1, "wwt": 182.0, "makespan": 138.8648, "mean_flow": 4.58312075, "breach_share": 0.01, "breach_p1": 0.13333333333333333, "breach_p2": 0.01680672268907563, "breach_p3": 0.0, "breach_p4": 0.0, "wall_seconds": 0.04017812618985772}, "v2rl303": {"id": "c09_replay_400_0111_m0.75", "base_id": "c09_replay_400_0111", "campus": 9, "size": 400, "condition": "crew0.75", "sla_multiplier": 1.0, "crew_multiplier": 0.75, "method": "v2rl303", "seed": 303, "feasible": 1, "wwt": 182.0, "makespan": 138.8648, "mean_flow": 4.58312075, "breach_share": 0.01, "breach_p1": 0.13333333333333333, "breach_p2": 0.01680672268907563, "breach_p3": 0.0, "breach_p4": 0.0, "wall_seconds": 0.04040718777105212}}, "methods_expected": ["edd", "wspt", "atc", "pfifo", "mor", "random", "v2rl301", "v2rl302", "v2rl303"], "infeasible": [], "wall_seconds_total": 0.12986940378323197}