{"shard_id": "c09_replay_400_0115_sla1.5", "id": "c09_replay_400_0115_sla1.5", "base_id": "c09_replay_400_0115", "campus": 9, "size": 400, "condition": "sla1.5", "rows": {"edd": {"id": "c09_replay_400_0115_sla1.5", "base_id": "c09_replay_400_0115", "campus": 9, "size": 400, "condition": "sla1.5", "sla_multiplier": 1.5, "crew_multiplier": 1.0, "method": "edd", "seed": 301, "feasible": 1, "wwt": 82.0, "makespan": 70.83330000000001, "mean_flow": 3.8817920000000004, "breach_share": 0.005, "breach_p1": 0.11764705882352941, "breach_p2": 0.0, "breach_p3": null, "breach_p4": 0.0, "wall_seconds": 0.0006207129918038845}, "wspt": {"id": "c09_replay_400_0115_sla1.5", "base_id": "c09_replay_400_0115", "campus": 9, "size": 400, "condition": "sla1.5", "sla_multiplier": 1.5, "crew_multiplier": 1.0, "method": "wspt", "seed": 301, "feasible": 1, "wwt": 82.0, "makespan": 70.83330000000001, "mean_flow": 3.8579584999999996, "breach_share": 0.005, "breach_p1": 0.11764705882352941, "breach_p2": 0.0, "breach_p3": null, "breach_p4": 0.0, "wall_seconds": 0.0006327149458229542}, "atc": {"id": "c09_replay_400_0115_sla1.5", "base_id": "c09_replay_400_0115", "campus": 9, "size": 400, "condition": "sla1.5", "sla_multiplier": 1.5, "crew_multiplier": 1.0, "method": "atc", "seed": 301, "feasible": 1, "wwt": 82.0, "makespan": 70.83330000000001, "mean_flow": 3.8585417500000005, "breach_share": 0.005, "breach_p1": 0.11764705882352941, "breach_p2": 0.0, "breach_p3": null, "breach_p4": 0.0, "wall_seconds": 0.0008593490347266197}, "pfifo": {"id": "c09_replay_400_0115_sla1.5", "base_id": "c09_replay_400_0115", "campus": 9, "size": 400, "condition": "sla1.5", "sla_multiplier": 1.5, "crew_multiplier": 1.0, "method": "pfifo", "seed": 301, "feasible": 1, "wwt": 82.0, "makespan": 70.83330000000001, "mean_flow": 3.8817920000000004, "breach_share": 0.005, "breach_p1": 0.11764705882352941, "breach_p2": 0.0, "breach_p3": null, "breach_p4": 0.0, "wall_seconds": 0.0006014048121869564}, "mor": {"id": "c09_replay_400_0115_sla1.5", "base_id": "c09_replay_400_0115", "campus": 9, "size": 400, "condition": "sla1.5", "sla_multiplier": 1.5, "crew_multiplier": 1.0, "method": "mor", "seed": 301, "feasible": 1, "wwt": 82.0, "makespan": 70.83330000000001, "mean_flow": 3.9274585, "breach_share": 0.005, "breach_p1": 0.11764705882352941, "breach_p2": 0.0, "breach_p3": null, "breach_p4": 0.0, "wall_seconds": 0.0005963980220258236}, "random": {"id": "c09_replay_400_0115_sla1.5", "base_id": "c09_replay_400_0115", "campus": 9, "size": 400, "condition": "sla1.5", "sla_multiplier": 1.5, "crew_multiplier": 1.0, "method": "random", "seed": 301, "feasible": 1, "wwt": 82.0, "makespan": 70.83330000000001, "mean_flow": 3.89112525, "breach_share": 0.005, "breach_p1": 0.11764705882352941, "breach_p2": 0.0, "breach_p3": null, "breach_p4": 0.0, "wall_seconds": 0.000554701779037714}, "v2rl301": {"id": "c09_replay_400_0115_sla1.5", "base_id": "c09_replay_400_0115", "campus": 9, "size": 400, "condition": "sla1.5", "sla_multiplier": 1.5, "crew_multiplier": 1.0, "method": "v2rl301", "seed": 301, "feasible": 1, "wwt": 82.0, "makespan": 70.83330000000001, "mean_flow": 3.9055835, "breach_share": 0.005, "breach_p1": 0.11764705882352941, "breach_p2": 0.0, "breach_p3": null, "breach_p4": 0.0, "wall_seconds": 0.04165918892249465}, "v2rl302": {"id": "c09_replay_400_0115_sla1.5", "base_id": "c09_replay_400_0115", "campus": 9, "size": 400, "condition": "sla1.5", "sla_multiplier": 1.5, "crew_multiplier": 1.0, "method": "v2rl302", "seed": 302, "feasible": 1, "wwt": 82.0, "makespan": 70.83330000000001, "mean_flow": 3.9075834999999994, "breach_share": 0.005, "breach_p1": 0.11764705882352941, "breach_p2": 0.0, "breach_p3": null, "breach_p4": 0.0, "wall_seconds": 0.04141956428065896}, "v2rl303": {"id": "c09_replay_400_0115_sla1.5", "base_id": "c09_replay_400_0115", "campus": 9, "size": 400, "condition": "sla1.5", "sla_multiplier": 1.5, "crew_multiplier": 1.0, "method": "v2rl303", "seed": 303, "feasible": 1, "wwt": 82.0, "makespan": 70.83330000000001, "mean_flow": 3.9075834999999994, "breach_share": 0.005, "breach_p1": 0.11764705882352941, "breach_p2": 0.0, "breach_p3": null, "breach_p4": 0.0, "wall_seconds": 0.04181924927979708}}, "methods_expected": ["edd", "wspt", "atc", "pfifo", "mor", "random", "v2rl301", "v2rl302", "v2rl303"], "infeasible": [], "wall_seconds_total": 0.13323382195085287}