{"shard_id": "c09_replay_150_0110_m0.75", "id": "c09_replay_150_0110_m0.75", "base_id": "c09_replay_150_0110", "campus": 9, "size": 150, "condition": "crew0.75", "rows": {"edd": {"id": "c09_replay_150_0110_m0.75", "base_id": "c09_replay_150_0110", "campus": 9, "size": 150, "condition": "crew0.75", "sla_multiplier": 1.0, "crew_multiplier": 0.75, "method": "edd", "seed": 301, "feasible": 1, "wwt": 68.0, "makespan": 55.7, "mean_flow": 3.4991113333333335, "breach_share": 0.006666666666666667, "breach_p1": 0.0, "breach_p2": 0.02127659574468085, "breach_p3": 0.0, "breach_p4": 0.0, "wall_seconds": 0.00024803169071674347}, "wspt": {"id": "c09_replay_150_0110_m0.75", "base_id": "c09_replay_150_0110", "campus": 9, "size": 150, "condition": "crew0.75", "sla_multiplier": 1.0, "crew_multiplier": 0.75, "method": "wspt", "seed": 301, "feasible": 1, "wwt": 68.0, "makespan": 55.7, "mean_flow": 3.4688893333333333, "breach_share": 0.006666666666666667, "breach_p1": 0.0, "breach_p2": 0.02127659574468085, "breach_p3": 0.0, "breach_p4": 0.0, "wall_seconds": 0.0002752840518951416}, "atc": {"id": "c09_replay_150_0110_m0.75", "base_id": "c09_replay_150_0110", "campus": 9, "size": 150, "condition": "crew0.75", "sla_multiplier": 1.0, "crew_multiplier": 0.75, "method": "atc", "seed": 301, "feasible": 1, "wwt": 68.0, "makespan": 55.7, "mean_flow": 3.4822226666666665, "breach_share": 0.006666666666666667, "breach_p1": 0.0, "breach_p2": 0.02127659574468085, "breach_p3": 0.0, "breach_p4": 0.0, "wall_seconds": 0.00034461263567209244}, "pfifo": {"id": "c09_replay_150_0110_m0.75", "base_id": "c09_replay_150_0110", "campus": 9, "size": 150, "condition": "crew0.75", "sla_multiplier": 1.0, "crew_multiplier": 0.75, "method": "pfifo", "seed": 301, "feasible": 1, "wwt": 68.0, "makespan": 55.7, "mean_flow": 3.4991113333333335, "breach_share": 0.006666666666666667, "breach_p1": 0.0, "breach_p2": 0.02127659574468085, "breach_p3": 0.0, "breach_p4": 0.0, "wall_seconds": 0.00023871194571256638}, "mor": {"id": "c09_replay_150_0110_m0.75", "base_id": "c09_replay_150_0110", "campus": 9, "size": 150, "condition": "crew0.75", "sla_multiplier": 1.0, "crew_multiplier": 0.75, "method": "mor", "seed": 301, "feasible": 1, "wwt": 68.0, "makespan": 55.7, "mean_flow": 3.64389, "breach_share": 0.006666666666666667, "breach_p1": 0.0, "breach_p2": 0.02127659574468085, "breach_p3": 0.0, "breach_p4": 0.0, "wall_seconds": 0.00024827802553772926}, "random": {"id": "c09_replay_150_0110_m0.75", "base_id": "c09_replay_150_0110", "campus": 9, "size": 150, "condition": "crew0.75", "sla_multiplier": 1.0, "crew_multiplier": 0.75, "method": "random", "seed": 301, "feasible": 1, "wwt": 68.0, "makespan": 55.7, "mean_flow": 3.511778, "breach_share": 0.006666666666666667, "breach_p1": 0.0, "breach_p2": 0.02127659574468085, "breach_p3": 0.0, "breach_p4": 0.0, "wall_seconds": 0.00021866010501980782}, "v2rl301": {"id": "c09_replay_150_0110_m0.75", "base_id": "c09_replay_150_0110", "campus": 9, "size": 150, "condition": "crew0.75", "sla_multiplier": 1.0, "crew_multiplier": 0.75, "method": "v2rl301", "seed": 301, "feasible": 1, "wwt": 68.0, "makespan": 55.7, "mean_flow": 3.5698893333333337, "breach_share": 0.006666666666666667, "breach_p1": 0.0, "breach_p2": 0.02127659574468085, "breach_p3": 0.0, "breach_p4": 0.0, "wall_seconds": 0.015859870705753565}, "v2rl302": {"id": "c09_replay_150_0110_m0.75", "base_id": "c09_replay_150_0110", "campus": 9, "size": 150, "condition": "crew0.75", "sla_multiplier": 1.0, "crew_multiplier": 0.75, "method": "v2rl302", "seed": 302, "feasible": 1, "wwt": 68.0, "makespan": 55.7, "mean_flow": 3.567667333333334, "breach_share": 0.006666666666666667, "breach_p1": 0.0, "breach_p2": 0.02127659574468085, "breach_p3": 0.0, "breach_p4": 0.0, "wall_seconds": 0.01542078796774149}, "v2rl303": {"id": "c09_replay_150_0110_m0.75", "base_id": "c09_replay_150_0110", "campus": 9, "size": 150, "condition": "crew0.75", "sla_multiplier": 1.0, "crew_multiplier": 0.75, "method": "v2rl303", "seed": 303, "feasible": 1, "wwt": 68.0, "makespan": 55.7, "mean_flow": 3.567667333333334, "breach_share": 0.006666666666666667, "breach_p1": 0.0, "breach_p2": 0.02127659574468085, "breach_p3": 0.0, "breach_p4": 0.0, "wall_seconds": 0.015286543872207403}}, "methods_expected": ["edd", "wspt", "atc", "pfifo", "mor", "random", "v2rl301", "v2rl302", "v2rl303"], "infeasible": [], "wall_seconds_total": 0.0501589928753674}