{"shard_id": "c09_replay_150_0121_sla0.5", "id": "c09_replay_150_0121_sla0.5", "base_id": "c09_replay_150_0121", "campus": 9, "size": 150, "condition": "sla0.5", "rows": {"edd": {"id": "c09_replay_150_0121_sla0.5", "base_id": "c09_replay_150_0121", "campus": 9, "size": 150, "condition": "sla0.5", "sla_multiplier": 0.5, "crew_multiplier": 1.0, "method": "edd", "seed": 301, "feasible": 1, "wwt": 311.0, "makespan": 67.25, "mean_flow": 4.053222, "breach_share": 0.02666666666666667, "breach_p1": 0.6666666666666666, "breach_p2": 0.045454545454545456, "breach_p3": 0.0, "breach_p4": 0.0, "wall_seconds": 0.00025621894747018814}, "wspt": {"id": "c09_replay_150_0121_sla0.5", "base_id": "c09_replay_150_0121", "campus": 9, "size": 150, "condition": "sla0.5", "sla_multiplier": 0.5, "crew_multiplier": 1.0, "method": "wspt", "seed": 301, "feasible": 1, "wwt": 311.0, "makespan": 68.25, "mean_flow": 4.0023333333333335, "breach_share": 0.02666666666666667, "breach_p1": 0.6666666666666666, "breach_p2": 0.045454545454545456, "breach_p3": 0.0, "breach_p4": 0.0, "wall_seconds": 0.0002618590369820595}, "atc": {"id": "c09_replay_150_0121_sla0.5", "base_id": "c09_replay_150_0121", "campus": 9, "size": 150, "condition": "sla0.5", "sla_multiplier": 0.5, "crew_multiplier": 1.0, "method": "atc", "seed": 301, "feasible": 1, "wwt": 311.0, "makespan": 68.25, "mean_flow": 4.0023333333333335, "breach_share": 0.02666666666666667, "breach_p1": 0.6666666666666666, "breach_p2": 0.045454545454545456, "breach_p3": 0.0, "breach_p4": 0.0, "wall_seconds": 0.00031009502708911896}, "pfifo": {"id": "c09_replay_150_0121_sla0.5", "base_id": "c09_replay_150_0121", "campus": 9, "size": 150, "condition": "sla0.5", "sla_multiplier": 0.5, "crew_multiplier": 1.0, "method": "pfifo", "seed": 301, "feasible": 1, "wwt": 311.0, "makespan": 67.25, "mean_flow": 4.053222, "breach_share": 0.02666666666666667, "breach_p1": 0.6666666666666666, "breach_p2": 0.045454545454545456, "breach_p3": 0.0, "breach_p4": 0.0, "wall_seconds": 0.00024035200476646423}, "mor": {"id": "c09_replay_150_0121_sla0.5", "base_id": "c09_replay_150_0121", "campus": 9, "size": 150, "condition": "sla0.5", "sla_multiplier": 0.5, "crew_multiplier": 1.0, "method": "mor", "seed": 301, "feasible": 1, "wwt": 311.0, "makespan": 65.75, "mean_flow": 4.104888666666667, "breach_share": 0.02666666666666667, "breach_p1": 0.6666666666666666, "breach_p2": 0.045454545454545456, "breach_p3": 0.0, "breach_p4": 0.0, "wall_seconds": 0.00023798318579792976}, "random": {"id": "c09_replay_150_0121_sla0.5", "base_id": "c09_replay_150_0121", "campus": 9, "size": 150, "condition": "sla0.5", "sla_multiplier": 0.5, "crew_multiplier": 1.0, "method": "random", "seed": 301, "feasible": 1, "wwt": 311.0, "makespan": 65.75, "mean_flow": 4.082333333333334, "breach_share": 0.02666666666666667, "breach_p1": 0.6666666666666666, "breach_p2": 0.045454545454545456, "breach_p3": 0.0, "breach_p4": 0.0, "wall_seconds": 0.00022492790594696999}, "v2rl301": {"id": "c09_replay_150_0121_sla0.5", "base_id": "c09_replay_150_0121", "campus": 9, "size": 150, "condition": "sla0.5", "sla_multiplier": 0.5, "crew_multiplier": 1.0, "method": "v2rl301", "seed": 301, "feasible": 1, "wwt": 311.0, "makespan": 65.75, "mean_flow": 4.071222000000001, "breach_share": 0.02666666666666667, "breach_p1": 0.6666666666666666, "breach_p2": 0.045454545454545456, "breach_p3": 0.0, "breach_p4": 0.0, "wall_seconds": 0.015236315317451954}, "v2rl302": {"id": "c09_replay_150_0121_sla0.5", "base_id": "c09_replay_150_0121", "campus": 9, "size": 150, "condition": "sla0.5", "sla_multiplier": 0.5, "crew_multiplier": 1.0, "method": "v2rl302", "seed": 302, "feasible": 1, "wwt": 311.0, "makespan": 65.75, "mean_flow": 4.071222000000001, "breach_share": 0.02666666666666667, "breach_p1": 0.6666666666666666, "breach_p2": 0.045454545454545456, "breach_p3": 0.0, "breach_p4": 0.0, "wall_seconds": 0.01504308870062232}, "v2rl303": {"id": "c09_replay_150_0121_sla0.5", "base_id": "c09_replay_150_0121", "campus": 9, "size": 150, "condition": "sla0.5", "sla_multiplier": 0.5, "crew_multiplier": 1.0, "method": "v2rl303", "seed": 303, "feasible": 1, "wwt": 311.0, "makespan": 65.75, "mean_flow": 4.071222000000001, "breach_share": 0.02666666666666667, "breach_p1": 0.6666666666666666, "breach_p2": 0.045454545454545456, "breach_p3": 0.0, "breach_p4": 0.0, "wall_seconds": 0.015005409717559814}}, "methods_expected": ["edd", "wspt", "atc", "pfifo", "mor", "random", "v2rl301", "v2rl302", "v2rl303"], "infeasible": [], "wall_seconds_total": 0.04887132905423641}