{"shard_id": "c09_replay_400_0121_sla1.5", "id": "c09_replay_400_0121_sla1.5", "base_id": "c09_replay_400_0121", "campus": 9, "size": 400, "condition": "sla1.5", "rows": {"edd": {"id": "c09_replay_400_0121_sla1.5", "base_id": "c09_replay_400_0121", "campus": 9, "size": 400, "condition": "sla1.5", "sla_multiplier": 1.5, "crew_multiplier": 1.0, "method": "edd", "seed": 301, "feasible": 1, "wwt": 17.0, "makespan": 88.5, "mean_flow": 3.4999165, "breach_share": 0.0025, "breach_p1": 0.0, "breach_p2": 0.009009009009009009, "breach_p3": 0.0, "breach_p4": 0.0, "wall_seconds": 0.0006539863534271717}, "wspt": {"id": "c09_replay_400_0121_sla1.5", "base_id": "c09_replay_400_0121", "campus": 9, "size": 400, "condition": "sla1.5", "sla_multiplier": 1.5, "crew_multiplier": 1.0, "method": "wspt", "seed": 301, "feasible": 1, "wwt": 17.0, "makespan": 88.5, "mean_flow": 3.49970825, "breach_share": 0.0025, "breach_p1": 0.0, "breach_p2": 0.009009009009009009, "breach_p3": 0.0, "breach_p4": 0.0, "wall_seconds": 0.0006768079474568367}, "atc": {"id": "c09_replay_400_0121_sla1.5", "base_id": "c09_replay_400_0121", "campus": 9, "size": 400, "condition": "sla1.5", "sla_multiplier": 1.5, "crew_multiplier": 1.0, "method": "atc", "seed": 301, "feasible": 1, "wwt": 17.0, "makespan": 88.5, "mean_flow": 3.49970825, "breach_share": 0.0025, "breach_p1": 0.0, "breach_p2": 0.009009009009009009, "breach_p3": 0.0, "breach_p4": 0.0, "wall_seconds": 0.0009261621162295341}, "pfifo": {"id": "c09_replay_400_0121_sla1.5", "base_id": "c09_replay_400_0121", "campus": 9, "size": 400, "condition": "sla1.5", "sla_multiplier": 1.5, "crew_multiplier": 1.0, "method": "pfifo", "seed": 301, "feasible": 1, "wwt": 17.0, "makespan": 88.5, "mean_flow": 3.4999165, "breach_share": 0.0025, "breach_p1": 0.0, "breach_p2": 0.009009009009009009, "breach_p3": 0.0, "breach_p4": 0.0, "wall_seconds": 0.0005888361483812332}, "mor": {"id": "c09_replay_400_0121_sla1.5", "base_id": "c09_replay_400_0121", "campus": 9, "size": 400, "condition": "sla1.5", "sla_multiplier": 1.5, "crew_multiplier": 1.0, "method": "mor", "seed": 301, "feasible": 1, "wwt": 17.0, "makespan": 88.5, "mean_flow": 3.5090832499999998, "breach_share": 0.0025, "breach_p1": 0.0, "breach_p2": 0.009009009009009009, "breach_p3": 0.0, "breach_p4": 0.0, "wall_seconds": 0.0005901469849050045}, "random": {"id": "c09_replay_400_0121_sla1.5", "base_id": "c09_replay_400_0121", "campus": 9, "size": 400, "condition": "sla1.5", "sla_multiplier": 1.5, "crew_multiplier": 1.0, "method": "random", "seed": 301, "feasible": 1, "wwt": 17.0, "makespan": 88.5, "mean_flow": 3.5026665, "breach_share": 0.0025, "breach_p1": 0.0, "breach_p2": 0.009009009009009009, "breach_p3": 0.0, "breach_p4": 0.0, "wall_seconds": 0.0005201348103582859}, "v2rl301": {"id": "c09_replay_400_0121_sla1.5", "base_id": "c09_replay_400_0121", "campus": 9, "size": 400, "condition": "sla1.5", "sla_multiplier": 1.5, "crew_multiplier": 1.0, "method": "v2rl301", "seed": 301, "feasible": 1, "wwt": 17.0, "makespan": 88.5, "mean_flow": 3.5089165, "breach_share": 0.0025, "breach_p1": 0.0, "breach_p2": 0.009009009009009009, "breach_p3": 0.0, "breach_p4": 0.0, "wall_seconds": 0.04152607172727585}, "v2rl302": {"id": "c09_replay_400_0121_sla1.5", "base_id": "c09_replay_400_0121", "campus": 9, "size": 400, "condition": "sla1.5", "sla_multiplier": 1.5, "crew_multiplier": 1.0, "method": "v2rl302", "seed": 302, "feasible": 1, "wwt": 17.0, "makespan": 88.5, "mean_flow": 3.5090832499999998, "breach_share": 0.0025, "breach_p1": 0.0, "breach_p2": 0.009009009009009009, "breach_p3": 0.0, "breach_p4": 0.0, "wall_seconds": 0.04106764914467931}, "v2rl303": {"id": "c09_replay_400_0121_sla1.5", "base_id": "c09_replay_400_0121", "campus": 9, "size": 400, "condition": "sla1.5", "sla_multiplier": 1.5, "crew_multiplier": 1.0, "method": "v2rl303", "seed": 303, "feasible": 1, "wwt": 17.0, "makespan": 88.5, "mean_flow": 3.5090832499999998, "breach_share": 0.0025, "breach_p1": 0.0, "breach_p2": 0.009009009009009009, "breach_p3": 0.0, "breach_p4": 0.0, "wall_seconds": 0.0401900103315711}}, "methods_expected": ["edd", "wspt", "atc", "pfifo", "mor", "random", "v2rl301", "v2rl302", "v2rl303"], "infeasible": [], "wall_seconds_total": 0.13124901987612247}