{"shard_id": "c09_replay_150_0118", "id": "c09_replay_150_0118", "base_id": "c09_replay_150_0118", "campus": 9, "size": 150, "condition": "baseline", "rows": {"edd": {"id": "c09_replay_150_0118", "base_id": "c09_replay_150_0118", "campus": 9, "size": 150, "condition": "baseline", "sla_multiplier": 1.0, "crew_multiplier": 1.0, "method": "edd", "seed": 301, "feasible": 1, "wwt": 135.0, "makespan": 73.0, "mean_flow": 4.17, "breach_share": 0.03333333333333333, "breach_p1": 0.5, "breach_p2": 0.027777777777777776, "breach_p3": null, "breach_p4": 0.0, "wall_seconds": 0.000254566315561533}, "wspt": {"id": "c09_replay_150_0118", "base_id": "c09_replay_150_0118", "campus": 9, "size": 150, "condition": "baseline", "sla_multiplier": 1.0, "crew_multiplier": 1.0, "method": "wspt", "seed": 301, "feasible": 1, "wwt": 135.0, "makespan": 73.0, "mean_flow": 4.16, "breach_share": 0.03333333333333333, "breach_p1": 0.5, "breach_p2": 0.027777777777777776, "breach_p3": null, "breach_p4": 0.0, "wall_seconds": 0.0002576243132352829}, "atc": {"id": "c09_replay_150_0118", "base_id": "c09_replay_150_0118", "campus": 9, "size": 150, "condition": "baseline", "sla_multiplier": 1.0, "crew_multiplier": 1.0, "method": "atc", "seed": 301, "feasible": 1, "wwt": 135.0, "makespan": 73.0, "mean_flow": 4.16, "breach_share": 0.03333333333333333, "breach_p1": 0.5, "breach_p2": 0.027777777777777776, "breach_p3": null, "breach_p4": 0.0, "wall_seconds": 0.00034192902967333794}, "pfifo": {"id": "c09_replay_150_0118", "base_id": "c09_replay_150_0118", "campus": 9, "size": 150, "condition": "baseline", "sla_multiplier": 1.0, "crew_multiplier": 1.0, "method": "pfifo", "seed": 301, "feasible": 1, "wwt": 135.0, "makespan": 73.0, "mean_flow": 4.17, "breach_share": 0.03333333333333333, "breach_p1": 0.5, "breach_p2": 0.027777777777777776, "breach_p3": null, "breach_p4": 0.0, "wall_seconds": 0.0002635200507938862}, "mor": {"id": "c09_replay_150_0118", "base_id": "c09_replay_150_0118", "campus": 9, "size": 150, "condition": "baseline", "sla_multiplier": 1.0, "crew_multiplier": 1.0, "method": "mor", "seed": 301, "feasible": 1, "wwt": 135.0, "makespan": 73.0, "mean_flow": 4.171666666666667, "breach_share": 0.03333333333333333, "breach_p1": 0.5, "breach_p2": 0.027777777777777776, "breach_p3": null, "breach_p4": 0.0, "wall_seconds": 0.00024340208619832993}, "random": {"id": "c09_replay_150_0118", "base_id": "c09_replay_150_0118", "campus": 9, "size": 150, "condition": "baseline", "sla_multiplier": 1.0, "crew_multiplier": 1.0, "method": "random", "seed": 301, "feasible": 1, "wwt": 135.0, "makespan": 73.0, "mean_flow": 4.168333333333333, "breach_share": 0.03333333333333333, "breach_p1": 0.5, "breach_p2": 0.027777777777777776, "breach_p3": null, "breach_p4": 0.0, "wall_seconds": 0.0002147238701581955}, "v2rl301": {"id": "c09_replay_150_0118", "base_id": "c09_replay_150_0118", "campus": 9, "size": 150, "condition": "baseline", "sla_multiplier": 1.0, "crew_multiplier": 1.0, "method": "v2rl301", "seed": 301, "feasible": 1, "wwt": 135.0, "makespan": 73.0, "mean_flow": 4.171666666666667, "breach_share": 0.03333333333333333, "breach_p1": 0.5, "breach_p2": 0.027777777777777776, "breach_p3": null, "breach_p4": 0.0, "wall_seconds": 0.015456815715879202}, "v2rl302": {"id": "c09_replay_150_0118", "base_id": "c09_replay_150_0118", "campus": 9, "size": 150, "condition": "baseline", "sla_multiplier": 1.0, "crew_multiplier": 1.0, "method": "v2rl302", "seed": 302, "feasible": 1, "wwt": 135.0, "makespan": 73.0, "mean_flow": 4.171666666666667, "breach_share": 0.03333333333333333, "breach_p1": 0.5, "breach_p2": 0.027777777777777776, "breach_p3": null, "breach_p4": 0.0, "wall_seconds": 0.015060747973620892}, "v2rl303": {"id": "c09_replay_150_0118", "base_id": "c09_replay_150_0118", "campus": 9, "size": 150, "condition": "baseline", "sla_multiplier": 1.0, "crew_multiplier": 1.0, "method": "v2rl303", "seed": 303, "feasible": 1, "wwt": 135.0, "makespan": 73.0, "mean_flow": 4.171666666666667, "breach_share": 0.03333333333333333, "breach_p1": 0.5, "breach_p2": 0.027777777777777776, "breach_p3": null, "breach_p4": 0.0, "wall_seconds": 0.015561108011752367}}, "methods_expected": ["edd", "wspt", "atc", "pfifo", "mor", "random", "v2rl301", "v2rl302", "v2rl303"], "infeasible": [], "wall_seconds_total": 0.04939335398375988}