{"shard_id": "c09_replay_150_0113_sla1.5", "id": "c09_replay_150_0113_sla1.5", "base_id": "c09_replay_150_0113", "campus": 9, "size": 150, "condition": "sla1.5", "rows": {"edd": {"id": "c09_replay_150_0113_sla1.5", "base_id": "c09_replay_150_0113", "campus": 9, "size": 150, "condition": "sla1.5", "sla_multiplier": 1.5, "crew_multiplier": 1.0, "method": "edd", "seed": 301, "feasible": 1, "wwt": 28.0, "makespan": 50.7, "mean_flow": 3.718111333333333, "breach_share": 0.006666666666666667, "breach_p1": 0.0, "breach_p2": 0.02040816326530612, "breach_p3": null, "breach_p4": 0.0, "wall_seconds": 0.000268775038421154}, "wspt": {"id": "c09_replay_150_0113_sla1.5", "base_id": "c09_replay_150_0113", "campus": 9, "size": 150, "condition": "sla1.5", "sla_multiplier": 1.5, "crew_multiplier": 1.0, "method": "wspt", "seed": 301, "feasible": 1, "wwt": 28.0, "makespan": 50.7, "mean_flow": 3.5247779999999995, "breach_share": 0.006666666666666667, "breach_p1": 0.0, "breach_p2": 0.02040816326530612, "breach_p3": null, "breach_p4": 0.0, "wall_seconds": 0.0002966858446598053}, "atc": {"id": "c09_replay_150_0113_sla1.5", "base_id": "c09_replay_150_0113", "campus": 9, "size": 150, "condition": "sla1.5", "sla_multiplier": 1.5, "crew_multiplier": 1.0, "method": "atc", "seed": 301, "feasible": 1, "wwt": 28.0, "makespan": 50.7, "mean_flow": 3.5247779999999995, "breach_share": 0.006666666666666667, "breach_p1": 0.0, "breach_p2": 0.02040816326530612, "breach_p3": null, "breach_p4": 0.0, "wall_seconds": 0.00040571577847003937}, "pfifo": {"id": "c09_replay_150_0113_sla1.5", "base_id": "c09_replay_150_0113", "campus": 9, "size": 150, "condition": "sla1.5", "sla_multiplier": 1.5, "crew_multiplier": 1.0, "method": "pfifo", "seed": 301, "feasible": 1, "wwt": 28.0, "makespan": 50.7, "mean_flow": 3.718111333333333, "breach_share": 0.006666666666666667, "breach_p1": 0.0, "breach_p2": 0.02040816326530612, "breach_p3": null, "breach_p4": 0.0, "wall_seconds": 0.00026221713051199913}, "mor": {"id": "c09_replay_150_0113_sla1.5", "base_id": "c09_replay_150_0113", "campus": 9, "size": 150, "condition": "sla1.5", "sla_multiplier": 1.5, "crew_multiplier": 1.0, "method": "mor", "seed": 301, "feasible": 1, "wwt": 28.0, "makespan": 50.7, "mean_flow": 3.9178893333333336, "breach_share": 0.006666666666666667, "breach_p1": 0.0, "breach_p2": 0.02040816326530612, "breach_p3": null, "breach_p4": 0.0, "wall_seconds": 0.00026630982756614685}, "random": {"id": "c09_replay_150_0113_sla1.5", "base_id": "c09_replay_150_0113", "campus": 9, "size": 150, "condition": "sla1.5", "sla_multiplier": 1.5, "crew_multiplier": 1.0, "method": "random", "seed": 301, "feasible": 1, "wwt": 28.0, "makespan": 50.7, "mean_flow": 3.646444666666666, "breach_share": 0.006666666666666667, "breach_p1": 0.0, "breach_p2": 0.02040816326530612, "breach_p3": null, "breach_p4": 0.0, "wall_seconds": 0.00022452324628829956}, "v2rl301": {"id": "c09_replay_150_0113_sla1.5", "base_id": "c09_replay_150_0113", "campus": 9, "size": 150, "condition": "sla1.5", "sla_multiplier": 1.5, "crew_multiplier": 1.0, "method": "v2rl301", "seed": 301, "feasible": 1, "wwt": 28.0, "makespan": 50.7, "mean_flow": 3.9114446666666662, "breach_share": 0.006666666666666667, "breach_p1": 0.0, "breach_p2": 0.02040816326530612, "breach_p3": null, "breach_p4": 0.0, "wall_seconds": 0.015858599916100502}, "v2rl302": {"id": "c09_replay_150_0113_sla1.5", "base_id": "c09_replay_150_0113", "campus": 9, "size": 150, "condition": "sla1.5", "sla_multiplier": 1.5, "crew_multiplier": 1.0, "method": "v2rl302", "seed": 302, "feasible": 1, "wwt": 28.0, "makespan": 50.7, "mean_flow": 3.9147779999999996, "breach_share": 0.006666666666666667, "breach_p1": 0.0, "breach_p2": 0.02040816326530612, "breach_p3": null, "breach_p4": 0.0, "wall_seconds": 0.015961875673383474}, "v2rl303": {"id": "c09_replay_150_0113_sla1.5", "base_id": "c09_replay_150_0113", "campus": 9, "size": 150, "condition": "sla1.5", "sla_multiplier": 1.5, "crew_multiplier": 1.0, "method": "v2rl303", "seed": 303, "feasible": 1, "wwt": 28.0, "makespan": 50.7, "mean_flow": 3.9147779999999996, "breach_share": 0.006666666666666667, "breach_p1": 0.0, "breach_p2": 0.02040816326530612, "breach_p3": null, "breach_p4": 0.0, "wall_seconds": 0.016194497235119343}}, "methods_expected": ["edd", "wspt", "atc", "pfifo", "mor", "random", "v2rl301", "v2rl302", "v2rl303"], "infeasible": [], "wall_seconds_total": 0.05188287701457739}