{"shard_id": "c09_replay_150_0106_m1.25", "id": "c09_replay_150_0106_m1.25", "base_id": "c09_replay_150_0106", "campus": 9, "size": 150, "condition": "crew1.25", "rows": {"edd": {"id": "c09_replay_150_0106_m1.25", "base_id": "c09_replay_150_0106", "campus": 9, "size": 150, "condition": "crew1.25", "sla_multiplier": 1.0, "crew_multiplier": 1.25, "method": "edd", "seed": 301, "feasible": 1, "wwt": 16.0, "makespan": 32.9, "mean_flow": 2.995, "breach_share": 0.006666666666666667, "breach_p1": 0.14285714285714285, "breach_p2": 0.0, "breach_p3": null, "breach_p4": 0.0, "wall_seconds": 0.00026447512209415436}, "wspt": {"id": "c09_replay_150_0106_m1.25", "base_id": "c09_replay_150_0106", "campus": 9, "size": 150, "condition": "crew1.25", "sla_multiplier": 1.0, "crew_multiplier": 1.25, "method": "wspt", "seed": 301, "feasible": 1, "wwt": 16.0, "makespan": 32.9, "mean_flow": 2.995, "breach_share": 0.006666666666666667, "breach_p1": 0.14285714285714285, "breach_p2": 0.0, "breach_p3": null, "breach_p4": 0.0, "wall_seconds": 0.00026546185836195946}, "atc": {"id": "c09_replay_150_0106_m1.25", "base_id": "c09_replay_150_0106", "campus": 9, "size": 150, "condition": "crew1.25", "sla_multiplier": 1.0, "crew_multiplier": 1.25, "method": "atc", "seed": 301, "feasible": 1, "wwt": 16.0, "makespan": 32.9, "mean_flow": 2.995, "breach_share": 0.006666666666666667, "breach_p1": 0.14285714285714285, "breach_p2": 0.0, "breach_p3": null, "breach_p4": 0.0, "wall_seconds": 0.0003322632983326912}, "pfifo": {"id": "c09_replay_150_0106_m1.25", "base_id": "c09_replay_150_0106", "campus": 9, "size": 150, "condition": "crew1.25", "sla_multiplier": 1.0, "crew_multiplier": 1.25, "method": "pfifo", "seed": 301, "feasible": 1, "wwt": 16.0, "makespan": 32.9, "mean_flow": 2.995, "breach_share": 0.006666666666666667, "breach_p1": 0.14285714285714285, "breach_p2": 0.0, "breach_p3": null, "breach_p4": 0.0, "wall_seconds": 0.00025131506845355034}, "mor": {"id": "c09_replay_150_0106_m1.25", "base_id": "c09_replay_150_0106", "campus": 9, "size": 150, "condition": "crew1.25", "sla_multiplier": 1.0, "crew_multiplier": 1.25, "method": "mor", "seed": 301, "feasible": 1, "wwt": 16.0, "makespan": 32.9, "mean_flow": 2.995, "breach_share": 0.006666666666666667, "breach_p1": 0.14285714285714285, "breach_p2": 0.0, "breach_p3": null, "breach_p4": 0.0, "wall_seconds": 0.00025793397799134254}, "random": {"id": "c09_replay_150_0106_m1.25", "base_id": "c09_replay_150_0106", "campus": 9, "size": 150, "condition": "crew1.25", "sla_multiplier": 1.0, "crew_multiplier": 1.25, "method": "random", "seed": 301, "feasible": 1, "wwt": 16.0, "makespan": 32.9, "mean_flow": 2.995, "breach_share": 0.006666666666666667, "breach_p1": 0.14285714285714285, "breach_p2": 0.0, "breach_p3": null, "breach_p4": 0.0, "wall_seconds": 0.0002515777014195919}, "v2rl301": {"id": "c09_replay_150_0106_m1.25", "base_id": "c09_replay_150_0106", "campus": 9, "size": 150, "condition": "crew1.25", "sla_multiplier": 1.0, "crew_multiplier": 1.25, "method": "v2rl301", "seed": 301, "feasible": 1, "wwt": 16.0, "makespan": 32.9, "mean_flow": 2.995, "breach_share": 0.006666666666666667, "breach_p1": 0.14285714285714285, "breach_p2": 0.0, "breach_p3": null, "breach_p4": 0.0, "wall_seconds": 0.015195997897535563}, "v2rl302": {"id": "c09_replay_150_0106_m1.25", "base_id": "c09_replay_150_0106", "campus": 9, "size": 150, "condition": "crew1.25", "sla_multiplier": 1.0, "crew_multiplier": 1.25, "method": "v2rl302", "seed": 302, "feasible": 1, "wwt": 16.0, "makespan": 32.9, "mean_flow": 2.995, "breach_share": 0.006666666666666667, "breach_p1": 0.14285714285714285, "breach_p2": 0.0, "breach_p3": null, "breach_p4": 0.0, "wall_seconds": 0.015416642185300589}, "v2rl303": {"id": "c09_replay_150_0106_m1.25", "base_id": "c09_replay_150_0106", "campus": 9, "size": 150, "condition": "crew1.25", "sla_multiplier": 1.0, "crew_multiplier": 1.25, "method": "v2rl303", "seed": 303, "feasible": 1, "wwt": 16.0, "makespan": 32.9, "mean_flow": 2.995, "breach_share": 0.006666666666666667, "breach_p1": 0.14285714285714285, "breach_p2": 0.0, "breach_p3": null, "breach_p4": 0.0, "wall_seconds": 0.014831027016043663}}, "methods_expected": ["edd", "wspt", "atc", "pfifo", "mor", "random", "v2rl301", "v2rl302", "v2rl303"], "infeasible": [], "wall_seconds_total": 0.04920979496091604}