{"shard_id": "c09_replay_150_0108_m0.75", "id": "c09_replay_150_0108_m0.75", "base_id": "c09_replay_150_0108", "campus": 9, "size": 150, "condition": "crew0.75", "rows": {"edd": {"id": "c09_replay_150_0108_m0.75", "base_id": "c09_replay_150_0108", "campus": 9, "size": 150, "condition": "crew0.75", "sla_multiplier": 1.0, "crew_multiplier": 0.75, "method": "edd", "seed": 301, "feasible": 1, "wwt": 10.0, "makespan": 34.25, "mean_flow": 3.7226666666666666, "breach_share": 0.006666666666666667, "breach_p1": 0.0, "breach_p2": 0.022222222222222223, "breach_p3": 0.0, "breach_p4": 0.0, "wall_seconds": 0.0002562389709055424}, "wspt": {"id": "c09_replay_150_0108_m0.75", "base_id": "c09_replay_150_0108", "campus": 9, "size": 150, "condition": "crew0.75", "sla_multiplier": 1.0, "crew_multiplier": 0.75, "method": "wspt", "seed": 301, "feasible": 1, "wwt": 10.0, "makespan": 36.25, "mean_flow": 3.6042219999999996, "breach_share": 0.006666666666666667, "breach_p1": 0.0, "breach_p2": 0.022222222222222223, "breach_p3": 0.0, "breach_p4": 0.0, "wall_seconds": 0.0002727680839598179}, "atc": {"id": "c09_replay_150_0108_m0.75", "base_id": "c09_replay_150_0108", "campus": 9, "size": 150, "condition": "crew0.75", "sla_multiplier": 1.0, "crew_multiplier": 0.75, "method": "atc", "seed": 301, "feasible": 1, "wwt": 10.0, "makespan": 36.25, "mean_flow": 3.6042219999999996, "breach_share": 0.006666666666666667, "breach_p1": 0.0, "breach_p2": 0.022222222222222223, "breach_p3": 0.0, "breach_p4": 0.0, "wall_seconds": 0.0003585582599043846}, "pfifo": {"id": "c09_replay_150_0108_m0.75", "base_id": "c09_replay_150_0108", "campus": 9, "size": 150, "condition": "crew0.75", "sla_multiplier": 1.0, "crew_multiplier": 0.75, "method": "pfifo", "seed": 301, "feasible": 1, "wwt": 10.0, "makespan": 34.25, "mean_flow": 3.7226666666666666, "breach_share": 0.006666666666666667, "breach_p1": 0.0, "breach_p2": 0.022222222222222223, "breach_p3": 0.0, "breach_p4": 0.0, "wall_seconds": 0.0002451147884130478}, "mor": {"id": "c09_replay_150_0108_m0.75", "base_id": "c09_replay_150_0108", "campus": 9, "size": 150, "condition": "crew0.75", "sla_multiplier": 1.0, "crew_multiplier": 0.75, "method": "mor", "seed": 301, "feasible": 1, "wwt": 10.0, "makespan": 33.25, "mean_flow": 4.311222, "breach_share": 0.006666666666666667, "breach_p1": 0.0, "breach_p2": 0.022222222222222223, "breach_p3": 0.0, "breach_p4": 0.0, "wall_seconds": 0.00024646101519465446}, "random": {"id": "c09_replay_150_0108_m0.75", "base_id": "c09_replay_150_0108", "campus": 9, "size": 150, "condition": "crew0.75", "sla_multiplier": 1.0, "crew_multiplier": 0.75, "method": "random", "seed": 301, "feasible": 1, "wwt": 32.0, "makespan": 34.25, "mean_flow": 3.797666666666667, "breach_share": 0.013333333333333334, "breach_p1": 1.0, "breach_p2": 0.022222222222222223, "breach_p3": 0.0, "breach_p4": 0.0, "wall_seconds": 0.00021119695156812668}, "v2rl301": {"id": "c09_replay_150_0108_m0.75", "base_id": "c09_replay_150_0108", "campus": 9, "size": 150, "condition": "crew0.75", "sla_multiplier": 1.0, "crew_multiplier": 0.75, "method": "v2rl301", "seed": 301, "feasible": 1, "wwt": 10.0, "makespan": 33.25, "mean_flow": 4.2012220000000005, "breach_share": 0.006666666666666667, "breach_p1": 0.0, "breach_p2": 0.022222222222222223, "breach_p3": 0.0, "breach_p4": 0.0, "wall_seconds": 0.015749516896903515}, "v2rl302": {"id": "c09_replay_150_0108_m0.75", "base_id": "c09_replay_150_0108", "campus": 9, "size": 150, "condition": "crew0.75", "sla_multiplier": 1.0, "crew_multiplier": 0.75, "method": "v2rl302", "seed": 302, "feasible": 1, "wwt": 10.0, "makespan": 33.25, "mean_flow": 4.184555333333334, "breach_share": 0.006666666666666667, "breach_p1": 0.0, "breach_p2": 0.022222222222222223, "breach_p3": 0.0, "breach_p4": 0.0, "wall_seconds": 0.01542381988838315}, "v2rl303": {"id": "c09_replay_150_0108_m0.75", "base_id": "c09_replay_150_0108", "campus": 9, "size": 150, "condition": "crew0.75", "sla_multiplier": 1.0, "crew_multiplier": 0.75, "method": "v2rl303", "seed": 303, "feasible": 1, "wwt": 10.0, "makespan": 33.25, "mean_flow": 4.146222, "breach_share": 0.006666666666666667, "breach_p1": 0.0, "breach_p2": 0.022222222222222223, "breach_p3": 0.0, "breach_p4": 0.0, "wall_seconds": 0.015843413304537535}}, "methods_expected": ["edd", "wspt", "atc", "pfifo", "mor", "random", "v2rl301", "v2rl302", "v2rl303"], "infeasible": [], "wall_seconds_total": 0.05062128137797117}