{"shard_id": "c09_replay_400_0117_sla0.5", "id": "c09_replay_400_0117_sla0.5", "base_id": "c09_replay_400_0117", "campus": 9, "size": 400, "condition": "sla0.5", "rows": {"edd": {"id": "c09_replay_400_0117_sla0.5", "base_id": "c09_replay_400_0117", "campus": 9, "size": 400, "condition": "sla0.5", "sla_multiplier": 0.5, "crew_multiplier": 1.0, "method": "edd", "seed": 301, "feasible": 1, "wwt": 922.1648, "makespan": 122.8648, "mean_flow": 4.0910375, "breach_share": 0.035, "breach_p1": 0.4444444444444444, "breach_p2": 0.07142857142857142, "breach_p3": 0.0, "breach_p4": 0.003816793893129771, "wall_seconds": 0.0006167590618133545}, "wspt": {"id": "c09_replay_400_0117_sla0.5", "base_id": "c09_replay_400_0117", "campus": 9, "size": 400, "condition": "sla0.5", "sla_multiplier": 0.5, "crew_multiplier": 1.0, "method": "wspt", "seed": 301, "feasible": 1, "wwt": 927.1648, "makespan": 122.8648, "mean_flow": 4.0810375, "breach_share": 0.035, "breach_p1": 0.4444444444444444, "breach_p2": 0.07142857142857142, "breach_p3": 0.0, "breach_p4": 0.003816793893129771, "wall_seconds": 0.0006333780474960804}, "atc": {"id": "c09_replay_400_0117_sla0.5", "base_id": "c09_replay_400_0117", "campus": 9, "size": 400, "condition": "sla0.5", "sla_multiplier": 0.5, "crew_multiplier": 1.0, "method": "atc", "seed": 301, "feasible": 1, "wwt": 922.1648, "makespan": 122.8648, "mean_flow": 4.0835375, "breach_share": 0.035, "breach_p1": 0.4444444444444444, "breach_p2": 0.07142857142857142, "breach_p3": 0.0, "breach_p4": 0.003816793893129771, "wall_seconds": 0.0008653267286717892}, "pfifo": {"id": "c09_replay_400_0117_sla0.5", "base_id": "c09_replay_400_0117", "campus": 9, "size": 400, "condition": "sla0.5", "sla_multiplier": 0.5, "crew_multiplier": 1.0, "method": "pfifo", "seed": 301, "feasible": 1, "wwt": 922.1648, "makespan": 122.8648, "mean_flow": 4.0910375, "breach_share": 0.035, "breach_p1": 0.4444444444444444, "breach_p2": 0.07142857142857142, "breach_p3": 0.0, "breach_p4": 0.003816793893129771, "wall_seconds": 0.0006016623228788376}, "mor": {"id": "c09_replay_400_0117_sla0.5", "base_id": "c09_replay_400_0117", "campus": 9, "size": 400, "condition": "sla0.5", "sla_multiplier": 0.5, "crew_multiplier": 1.0, "method": "mor", "seed": 301, "feasible": 1, "wwt": 960.1648, "makespan": 122.8648, "mean_flow": 4.18207925, "breach_share": 0.0375, "breach_p1": 0.4444444444444444, "breach_p2": 0.07936507936507936, "breach_p3": 0.0, "breach_p4": 0.003816793893129771, "wall_seconds": 0.0005973880179226398}, "random": {"id": "c09_replay_400_0117_sla0.5", "base_id": "c09_replay_400_0117", "campus": 9, "size": 400, "condition": "sla0.5", "sla_multiplier": 0.5, "crew_multiplier": 1.0, "method": "random", "seed": 301, "feasible": 1, "wwt": 952.1648, "makespan": 122.8648, "mean_flow": 4.13182925, "breach_share": 0.0375, "breach_p1": 0.4444444444444444, "breach_p2": 0.07936507936507936, "breach_p3": 0.0, "breach_p4": 0.003816793893129771, "wall_seconds": 0.0005173548124730587}, "v2rl301": {"id": "c09_replay_400_0117_sla0.5", "base_id": "c09_replay_400_0117", "campus": 9, "size": 400, "condition": "sla0.5", "sla_multiplier": 0.5, "crew_multiplier": 1.0, "method": "v2rl301", "seed": 301, "feasible": 1, "wwt": 922.1648, "makespan": 122.8648, "mean_flow": 4.1196625000000004, "breach_share": 0.035, "breach_p1": 0.4444444444444444, "breach_p2": 0.07142857142857142, "breach_p3": 0.0, "breach_p4": 0.003816793893129771, "wall_seconds": 0.04124423023313284}, "v2rl302": {"id": "c09_replay_400_0117_sla0.5", "base_id": "c09_replay_400_0117", "campus": 9, "size": 400, "condition": "sla0.5", "sla_multiplier": 0.5, "crew_multiplier": 1.0, "method": "v2rl302", "seed": 302, "feasible": 1, "wwt": 922.1648, "makespan": 122.8648, "mean_flow": 4.1196625000000004, "breach_share": 0.035, "breach_p1": 0.4444444444444444, "breach_p2": 0.07142857142857142, "breach_p3": 0.0, "breach_p4": 0.003816793893129771, "wall_seconds": 0.03979267692193389}, "v2rl303": {"id": "c09_replay_400_0117_sla0.5", "base_id": "c09_replay_400_0117", "campus": 9, "size": 400, "condition": "sla0.5", "sla_multiplier": 0.5, "crew_multiplier": 1.0, "method": "v2rl303", "seed": 303, "feasible": 1, "wwt": 922.1648, "makespan": 122.8648, "mean_flow": 4.1196625000000004, "breach_share": 0.035, "breach_p1": 0.4444444444444444, "breach_p2": 0.07142857142857142, "breach_p3": 0.0, "breach_p4": 0.003816793893129771, "wall_seconds": 0.039679937064647675}}, "methods_expected": ["edd", "wspt", "atc", "pfifo", "mor", "random", "v2rl301", "v2rl302", "v2rl303"], "infeasible": [], "wall_seconds_total": 0.12906035594642162}