{"shard_id": "c09_replay_400_0105_sla0.5", "id": "c09_replay_400_0105_sla0.5", "base_id": "c09_replay_400_0105", "campus": 9, "size": 400, "condition": "sla0.5", "rows": {"edd": {"id": "c09_replay_400_0105_sla0.5", "base_id": "c09_replay_400_0105", "campus": 9, "size": 400, "condition": "sla0.5", "sla_multiplier": 0.5, "crew_multiplier": 1.0, "method": "edd", "seed": 301, "feasible": 1, "wwt": 88.9148, "makespan": 107.6148, "mean_flow": 7.4279955, "breach_share": 0.0125, "breach_p1": null, "breach_p2": 0.11428571428571428, "breach_p3": null, "breach_p4": 0.0027397260273972603, "wall_seconds": 0.001112534198909998}, "wspt": {"id": "c09_replay_400_0105_sla0.5", "base_id": "c09_replay_400_0105", "campus": 9, "size": 400, "condition": "sla0.5", "sla_multiplier": 0.5, "crew_multiplier": 1.0, "method": "wspt", "seed": 301, "feasible": 1, "wwt": 100.9148, "makespan": 107.6148, "mean_flow": 5.479037000000001, "breach_share": 0.0125, "breach_p1": null, "breach_p2": 0.11428571428571428, "breach_p3": null, "breach_p4": 0.0027397260273972603, "wall_seconds": 0.0013001849874854088}, "atc": {"id": "c09_replay_400_0105_sla0.5", "base_id": "c09_replay_400_0105", "campus": 9, "size": 400, "condition": "sla0.5", "sla_multiplier": 0.5, "crew_multiplier": 1.0, "method": "atc", "seed": 301, "feasible": 1, "wwt": 80.1648, "makespan": 98.8648, "mean_flow": 5.535912000000001, "breach_share": 0.0125, "breach_p1": null, "breach_p2": 0.11428571428571428, "breach_p3": null, "breach_p4": 0.0027397260273972603, "wall_seconds": 0.002666877117007971}, "pfifo": {"id": "c09_replay_400_0105_sla0.5", "base_id": "c09_replay_400_0105", "campus": 9, "size": 400, "condition": "sla0.5", "sla_multiplier": 0.5, "crew_multiplier": 1.0, "method": "pfifo", "seed": 301, "feasible": 1, "wwt": 88.9148, "makespan": 107.6148, "mean_flow": 7.4279955, "breach_share": 0.0125, "breach_p1": null, "breach_p2": 0.11428571428571428, "breach_p3": null, "breach_p4": 0.0027397260273972603, "wall_seconds": 0.0011843619868159294}, "mor": {"id": "c09_replay_400_0105_sla0.5", "base_id": "c09_replay_400_0105", "campus": 9, "size": 400, "condition": "sla0.5", "sla_multiplier": 0.5, "crew_multiplier": 1.0, "method": "mor", "seed": 301, "feasible": 1, "wwt": 118.1648, "makespan": 98.8648, "mean_flow": 10.09224575, "breach_share": 0.02, "breach_p1": null, "breach_p2": 0.2, "breach_p3": null, "breach_p4": 0.0027397260273972603, "wall_seconds": 0.0011266618967056274}, "random": {"id": "c09_replay_400_0105_sla0.5", "base_id": "c09_replay_400_0105", "campus": 9, "size": 400, "condition": "sla0.5", "sla_multiplier": 0.5, "crew_multiplier": 1.0, "method": "random", "seed": 301, "feasible": 1, "wwt": 87.5981, "makespan": 101.2981, "mean_flow": 7.01612125, "breach_share": 0.015, "breach_p1": null, "breach_p2": 0.14285714285714285, "breach_p3": null, "breach_p4": 0.0027397260273972603, "wall_seconds": 0.0005358196794986725}, "v2rl301": {"id": "c09_replay_400_0105_sla0.5", "base_id": "c09_replay_400_0105", "campus": 9, "size": 400, "condition": "sla0.5", "sla_multiplier": 0.5, "crew_multiplier": 1.0, "method": "v2rl301", "seed": 301, "feasible": 1, "wwt": 80.1648, "makespan": 98.8648, "mean_flow": 9.985995749999999, "breach_share": 0.0125, "breach_p1": null, "breach_p2": 0.11428571428571428, "breach_p3": null, "breach_p4": 0.0027397260273972603, "wall_seconds": 0.05077770305797458}, "v2rl302": {"id": "c09_replay_400_0105_sla0.5", "base_id": "c09_replay_400_0105", "campus": 9, "size": 400, "condition": "sla0.5", "sla_multiplier": 0.5, "crew_multiplier": 1.0, "method": "v2rl302", "seed": 302, "feasible": 1, "wwt": 80.1648, "makespan": 98.8648, "mean_flow": 9.93762075, "breach_share": 0.0125, "breach_p1": null, "breach_p2": 0.11428571428571428, "breach_p3": null, "breach_p4": 0.0027397260273972603, "wall_seconds": 0.04995801579207182}, "v2rl303": {"id": "c09_replay_400_0105_sla0.5", "base_id": "c09_replay_400_0105", "campus": 9, "size": 400, "condition": "sla0.5", "sla_multiplier": 0.5, "crew_multiplier": 1.0, "method": "v2rl303", "seed": 303, "feasible": 1, "wwt": 80.1648, "makespan": 98.8648, "mean_flow": 7.68324525, "breach_share": 0.0125, "breach_p1": null, "breach_p2": 0.11428571428571428, "breach_p3": null, "breach_p4": 0.0027397260273972603, "wall_seconds": 0.05050858622416854}}, "methods_expected": ["edd", "wspt", "atc", "pfifo", "mor", "random", "v2rl301", "v2rl302", "v2rl303"], "infeasible": [], "wall_seconds_total": 0.16367060178890824}