{"shard_id": "c09_replay_400_0101_sla0.5", "id": "c09_replay_400_0101_sla0.5", "base_id": "c09_replay_400_0101", "campus": 9, "size": 400, "condition": "sla0.5", "rows": {"edd": {"id": "c09_replay_400_0101_sla0.5", "base_id": "c09_replay_400_0101", "campus": 9, "size": 400, "condition": "sla0.5", "sla_multiplier": 0.5, "crew_multiplier": 1.0, "method": "edd", "seed": 301, "feasible": 1, "wwt": 813.5, "makespan": 125.75, "mean_flow": 3.7691252499999996, "breach_share": 0.0375, "breach_p1": 0.38095238095238093, "breach_p2": 0.06666666666666667, "breach_p3": 0.25, "breach_p4": 0.0, "wall_seconds": 0.0006233789026737213}, "wspt": {"id": "c09_replay_400_0101_sla0.5", "base_id": "c09_replay_400_0101", "campus": 9, "size": 400, "condition": "sla0.5", "sla_multiplier": 0.5, "crew_multiplier": 1.0, "method": "wspt", "seed": 301, "feasible": 1, "wwt": 813.5, "makespan": 125.75, "mean_flow": 3.7572085, "breach_share": 0.0375, "breach_p1": 0.38095238095238093, "breach_p2": 0.06666666666666667, "breach_p3": 0.25, "breach_p4": 0.0, "wall_seconds": 0.0006475872360169888}, "atc": {"id": "c09_replay_400_0101_sla0.5", "base_id": "c09_replay_400_0101", "campus": 9, "size": 400, "condition": "sla0.5", "sla_multiplier": 0.5, "crew_multiplier": 1.0, "method": "atc", "seed": 301, "feasible": 1, "wwt": 813.5, "makespan": 125.75, "mean_flow": 3.7572085, "breach_share": 0.0375, "breach_p1": 0.38095238095238093, "breach_p2": 0.06666666666666667, "breach_p3": 0.25, "breach_p4": 0.0, "wall_seconds": 0.0008559389971196651}, "pfifo": {"id": "c09_replay_400_0101_sla0.5", "base_id": "c09_replay_400_0101", "campus": 9, "size": 400, "condition": "sla0.5", "sla_multiplier": 0.5, "crew_multiplier": 1.0, "method": "pfifo", "seed": 301, "feasible": 1, "wwt": 813.5, "makespan": 125.75, "mean_flow": 3.7691252499999996, "breach_share": 0.0375, "breach_p1": 0.38095238095238093, "breach_p2": 0.06666666666666667, "breach_p3": 0.25, "breach_p4": 0.0, "wall_seconds": 0.0005986751057207584}, "mor": {"id": "c09_replay_400_0101_sla0.5", "base_id": "c09_replay_400_0101", "campus": 9, "size": 400, "condition": "sla0.5", "sla_multiplier": 0.5, "crew_multiplier": 1.0, "method": "mor", "seed": 301, "feasible": 1, "wwt": 813.5, "makespan": 125.75, "mean_flow": 3.78425025, "breach_share": 0.0375, "breach_p1": 0.38095238095238093, "breach_p2": 0.06666666666666667, "breach_p3": 0.25, "breach_p4": 0.0, "wall_seconds": 0.0005945549346506596}, "random": {"id": "c09_replay_400_0101_sla0.5", "base_id": "c09_replay_400_0101", "campus": 9, "size": 400, "condition": "sla0.5", "sla_multiplier": 0.5, "crew_multiplier": 1.0, "method": "random", "seed": 301, "feasible": 1, "wwt": 813.5, "makespan": 125.75, "mean_flow": 3.7663334999999996, "breach_share": 0.0375, "breach_p1": 0.38095238095238093, "breach_p2": 0.06666666666666667, "breach_p3": 0.25, "breach_p4": 0.0, "wall_seconds": 0.0005277167074382305}, "v2rl301": {"id": "c09_replay_400_0101_sla0.5", "base_id": "c09_replay_400_0101", "campus": 9, "size": 400, "condition": "sla0.5", "sla_multiplier": 0.5, "crew_multiplier": 1.0, "method": "v2rl301", "seed": 301, "feasible": 1, "wwt": 813.5, "makespan": 125.75, "mean_flow": 3.7813334999999997, "breach_share": 0.0375, "breach_p1": 0.38095238095238093, "breach_p2": 0.06666666666666667, "breach_p3": 0.25, "breach_p4": 0.0, "wall_seconds": 0.04150405200198293}, "v2rl302": {"id": "c09_replay_400_0101_sla0.5", "base_id": "c09_replay_400_0101", "campus": 9, "size": 400, "condition": "sla0.5", "sla_multiplier": 0.5, "crew_multiplier": 1.0, "method": "v2rl302", "seed": 302, "feasible": 1, "wwt": 813.5, "makespan": 125.75, "mean_flow": 3.7813334999999997, "breach_share": 0.0375, "breach_p1": 0.38095238095238093, "breach_p2": 0.06666666666666667, "breach_p3": 0.25, "breach_p4": 0.0, "wall_seconds": 0.04066952597349882}, "v2rl303": {"id": "c09_replay_400_0101_sla0.5", "base_id": "c09_replay_400_0101", "campus": 9, "size": 400, "condition": "sla0.5", "sla_multiplier": 0.5, "crew_multiplier": 1.0, "method": "v2rl303", "seed": 303, "feasible": 1, "wwt": 813.5, "makespan": 125.75, "mean_flow": 3.7725834999999996, "breach_share": 0.0375, "breach_p1": 0.38095238095238093, "breach_p2": 0.06666666666666667, "breach_p3": 0.25, "breach_p4": 0.0, "wall_seconds": 0.04047085903584957}}, "methods_expected": ["edd", "wspt", "atc", "pfifo", "mor", "random", "v2rl301", "v2rl302", "v2rl303"], "infeasible": [], "wall_seconds_total": 0.13095269910991192}