{"shard_id": "c09_replay_400_0120_m1.25", "id": "c09_replay_400_0120_m1.25", "base_id": "c09_replay_400_0120", "campus": 9, "size": 400, "condition": "crew1.25", "rows": {"edd": {"id": "c09_replay_400_0120_m1.25", "base_id": "c09_replay_400_0120", "campus": 9, "size": 400, "condition": "crew1.25", "sla_multiplier": 1.0, "crew_multiplier": 1.25, "method": "edd", "seed": 301, "feasible": 1, "wwt": 202.0, "makespan": 116.13329999999999, "mean_flow": 4.603082000000001, "breach_share": 0.0125, "breach_p1": 0.14285714285714285, "breach_p2": 0.029411764705882353, "breach_p3": 0.0, "breach_p4": 0.0, "wall_seconds": 0.0006328499875962734}, "wspt": {"id": "c09_replay_400_0120_m1.25", "base_id": "c09_replay_400_0120", "campus": 9, "size": 400, "condition": "crew1.25", "sla_multiplier": 1.0, "crew_multiplier": 1.25, "method": "wspt", "seed": 301, "feasible": 1, "wwt": 202.0, "makespan": 116.13329999999999, "mean_flow": 4.556957, "breach_share": 0.0125, "breach_p1": 0.14285714285714285, "breach_p2": 0.029411764705882353, "breach_p3": 0.0, "breach_p4": 0.0, "wall_seconds": 0.0006376081146299839}, "atc": {"id": "c09_replay_400_0120_m1.25", "base_id": "c09_replay_400_0120", "campus": 9, "size": 400, "condition": "crew1.25", "sla_multiplier": 1.0, "crew_multiplier": 1.25, "method": "atc", "seed": 301, "feasible": 1, "wwt": 202.0, "makespan": 116.13329999999999, "mean_flow": 4.558582, "breach_share": 0.0125, "breach_p1": 0.14285714285714285, "breach_p2": 0.029411764705882353, "breach_p3": 0.0, "breach_p4": 0.0, "wall_seconds": 0.000827268697321415}, "pfifo": {"id": "c09_replay_400_0120_m1.25", "base_id": "c09_replay_400_0120", "campus": 9, "size": 400, "condition": "crew1.25", "sla_multiplier": 1.0, "crew_multiplier": 1.25, "method": "pfifo", "seed": 301, "feasible": 1, "wwt": 202.0, "makespan": 116.13329999999999, "mean_flow": 4.603082000000001, "breach_share": 0.0125, "breach_p1": 0.14285714285714285, "breach_p2": 0.029411764705882353, "breach_p3": 0.0, "breach_p4": 0.0, "wall_seconds": 0.0006170701235532761}, "mor": {"id": "c09_replay_400_0120_m1.25", "base_id": "c09_replay_400_0120", "campus": 9, "size": 400, "condition": "crew1.25", "sla_multiplier": 1.0, "crew_multiplier": 1.25, "method": "mor", "seed": 301, "feasible": 1, "wwt": 202.0, "makespan": 116.13329999999999, "mean_flow": 4.659957, "breach_share": 0.0125, "breach_p1": 0.14285714285714285, "breach_p2": 0.029411764705882353, "breach_p3": 0.0, "breach_p4": 0.0, "wall_seconds": 0.000610083807259798}, "random": {"id": "c09_replay_400_0120_m1.25", "base_id": "c09_replay_400_0120", "campus": 9, "size": 400, "condition": "crew1.25", "sla_multiplier": 1.0, "crew_multiplier": 1.25, "method": "random", "seed": 301, "feasible": 1, "wwt": 202.0, "makespan": 116.13329999999999, "mean_flow": 4.608207, "breach_share": 0.0125, "breach_p1": 0.14285714285714285, "breach_p2": 0.029411764705882353, "breach_p3": 0.0, "breach_p4": 0.0, "wall_seconds": 0.0005482309497892857}, "v2rl301": {"id": "c09_replay_400_0120_m1.25", "base_id": "c09_replay_400_0120", "campus": 9, "size": 400, "condition": "crew1.25", "sla_multiplier": 1.0, "crew_multiplier": 1.25, "method": "v2rl301", "seed": 301, "feasible": 1, "wwt": 202.0, "makespan": 116.13329999999999, "mean_flow": 4.654957, "breach_share": 0.0125, "breach_p1": 0.14285714285714285, "breach_p2": 0.029411764705882353, "breach_p3": 0.0, "breach_p4": 0.0, "wall_seconds": 0.041512788739055395}, "v2rl302": {"id": "c09_replay_400_0120_m1.25", "base_id": "c09_replay_400_0120", "campus": 9, "size": 400, "condition": "crew1.25", "sla_multiplier": 1.0, "crew_multiplier": 1.25, "method": "v2rl302", "seed": 302, "feasible": 1, "wwt": 202.0, "makespan": 116.13329999999999, "mean_flow": 4.653707, "breach_share": 0.0125, "breach_p1": 0.14285714285714285, "breach_p2": 0.029411764705882353, "breach_p3": 0.0, "breach_p4": 0.0, "wall_seconds": 0.040643624030053616}, "v2rl303": {"id": "c09_replay_400_0120_m1.25", "base_id": "c09_replay_400_0120", "campus": 9, "size": 400, "condition": "crew1.25", "sla_multiplier": 1.0, "crew_multiplier": 1.25, "method": "v2rl303", "seed": 303, "feasible": 1, "wwt": 202.0, "makespan": 116.13329999999999, "mean_flow": 4.653707, "breach_share": 0.0125, "breach_p1": 0.14285714285714285, "breach_p2": 0.029411764705882353, "breach_p3": 0.0, "breach_p4": 0.0, "wall_seconds": 0.040735209826380014}}, "methods_expected": ["edd", "wspt", "atc", "pfifo", "mor", "random", "v2rl301", "v2rl302", "v2rl303"], "infeasible": [], "wall_seconds_total": 0.13130960892885923}