{"shard_id": "c09_replay_150_0100_m1.25", "id": "c09_replay_150_0100_m1.25", "base_id": "c09_replay_150_0100", "campus": 9, "size": 150, "condition": "crew1.25", "rows": {"edd": {"id": "c09_replay_150_0100_m1.25", "base_id": "c09_replay_150_0100", "campus": 9, "size": 150, "condition": "crew1.25", "sla_multiplier": 1.0, "crew_multiplier": 1.25, "method": "edd", "seed": 301, "feasible": 1, "wwt": 408.0, "makespan": 50.2833, "mean_flow": 3.9486666666666665, "breach_share": 0.02, "breach_p1": 0.25, "breach_p2": 0.045454545454545456, "breach_p3": 0.0, "breach_p4": 0.0, "wall_seconds": 0.0002670157700777054}, "wspt": {"id": "c09_replay_150_0100_m1.25", "base_id": "c09_replay_150_0100", "campus": 9, "size": 150, "condition": "crew1.25", "sla_multiplier": 1.0, "crew_multiplier": 1.25, "method": "wspt", "seed": 301, "feasible": 1, "wwt": 408.0, "makespan": 50.2833, "mean_flow": 3.919666666666667, "breach_share": 0.02, "breach_p1": 0.25, "breach_p2": 0.045454545454545456, "breach_p3": 0.0, "breach_p4": 0.0, "wall_seconds": 0.0002707280218601227}, "atc": {"id": "c09_replay_150_0100_m1.25", "base_id": "c09_replay_150_0100", "campus": 9, "size": 150, "condition": "crew1.25", "sla_multiplier": 1.0, "crew_multiplier": 1.25, "method": "atc", "seed": 301, "feasible": 1, "wwt": 408.0, "makespan": 50.2833, "mean_flow": 3.919666666666667, "breach_share": 0.02, "breach_p1": 0.25, "breach_p2": 0.045454545454545456, "breach_p3": 0.0, "breach_p4": 0.0, "wall_seconds": 0.0003381771966814995}, "pfifo": {"id": "c09_replay_150_0100_m1.25", "base_id": "c09_replay_150_0100", "campus": 9, "size": 150, "condition": "crew1.25", "sla_multiplier": 1.0, "crew_multiplier": 1.25, "method": "pfifo", "seed": 301, "feasible": 1, "wwt": 408.0, "makespan": 50.2833, "mean_flow": 3.9486666666666665, "breach_share": 0.02, "breach_p1": 0.25, "breach_p2": 0.045454545454545456, "breach_p3": 0.0, "breach_p4": 0.0, "wall_seconds": 0.00024831993505358696}, "mor": {"id": "c09_replay_150_0100_m1.25", "base_id": "c09_replay_150_0100", "campus": 9, "size": 150, "condition": "crew1.25", "sla_multiplier": 1.0, "crew_multiplier": 1.25, "method": "mor", "seed": 301, "feasible": 1, "wwt": 408.0, "makespan": 50.2833, "mean_flow": 4.044111333333333, "breach_share": 0.02, "breach_p1": 0.25, "breach_p2": 0.045454545454545456, "breach_p3": 0.0, "breach_p4": 0.0, "wall_seconds": 0.0002512340433895588}, "random": {"id": "c09_replay_150_0100_m1.25", "base_id": "c09_replay_150_0100", "campus": 9, "size": 150, "condition": "crew1.25", "sla_multiplier": 1.0, "crew_multiplier": 1.25, "method": "random", "seed": 301, "feasible": 1, "wwt": 408.0, "makespan": 50.2833, "mean_flow": 3.9463333333333335, "breach_share": 0.02, "breach_p1": 0.25, "breach_p2": 0.045454545454545456, "breach_p3": 0.0, "breach_p4": 0.0, "wall_seconds": 0.0002224249765276909}, "v2rl301": {"id": "c09_replay_150_0100_m1.25", "base_id": "c09_replay_150_0100", "campus": 9, "size": 150, "condition": "crew1.25", "sla_multiplier": 1.0, "crew_multiplier": 1.25, "method": "v2rl301", "seed": 301, "feasible": 1, "wwt": 408.0, "makespan": 50.2833, "mean_flow": 4.044111333333333, "breach_share": 0.02, "breach_p1": 0.25, "breach_p2": 0.045454545454545456, "breach_p3": 0.0, "breach_p4": 0.0, "wall_seconds": 0.01544105214998126}, "v2rl302": {"id": "c09_replay_150_0100_m1.25", "base_id": "c09_replay_150_0100", "campus": 9, "size": 150, "condition": "crew1.25", "sla_multiplier": 1.0, "crew_multiplier": 1.25, "method": "v2rl302", "seed": 302, "feasible": 1, "wwt": 408.0, "makespan": 50.2833, "mean_flow": 4.044111333333333, "breach_share": 0.02, "breach_p1": 0.25, "breach_p2": 0.045454545454545456, "breach_p3": 0.0, "breach_p4": 0.0, "wall_seconds": 0.01505338679999113}, "v2rl303": {"id": "c09_replay_150_0100_m1.25", "base_id": "c09_replay_150_0100", "campus": 9, "size": 150, "condition": "crew1.25", "sla_multiplier": 1.0, "crew_multiplier": 1.25, "method": "v2rl303", "seed": 303, "feasible": 1, "wwt": 408.0, "makespan": 50.2833, "mean_flow": 4.044111333333333, "breach_share": 0.02, "breach_p1": 0.25, "breach_p2": 0.045454545454545456, "breach_p3": 0.0, "breach_p4": 0.0, "wall_seconds": 0.01566159399226308}}, "methods_expected": ["edd", "wspt", "atc", "pfifo", "mor", "random", "v2rl301", "v2rl302", "v2rl303"], "infeasible": [], "wall_seconds_total": 0.049883533269166946}