{"shard_id": "c09_replay_400_0116_m0.75", "id": "c09_replay_400_0116_m0.75", "base_id": "c09_replay_400_0116", "campus": 9, "size": 400, "condition": "crew0.75", "rows": {"edd": {"id": "c09_replay_400_0116_m0.75", "base_id": "c09_replay_400_0116", "campus": 9, "size": 400, "condition": "crew0.75", "sla_multiplier": 1.0, "crew_multiplier": 0.75, "method": "edd", "seed": 301, "feasible": 1, "wwt": 135.0, "makespan": 79.25, "mean_flow": 8.85500025, "breach_share": 0.0125, "breach_p1": 0.5, "breach_p2": 0.027777777777777776, "breach_p3": null, "breach_p4": 0.0, "wall_seconds": 0.0008751996792852879}, "wspt": {"id": "c09_replay_400_0116_m0.75", "base_id": "c09_replay_400_0116", "campus": 9, "size": 400, "condition": "crew0.75", "sla_multiplier": 1.0, "crew_multiplier": 0.75, "method": "wspt", "seed": 301, "feasible": 1, "wwt": 135.0, "makespan": 87.75, "mean_flow": 5.498832999999999, "breach_share": 0.0125, "breach_p1": 0.5, "breach_p2": 0.027777777777777776, "breach_p3": null, "breach_p4": 0.0, "wall_seconds": 0.0010202382691204548}, "atc": {"id": "c09_replay_400_0116_m0.75", "base_id": "c09_replay_400_0116", "campus": 9, "size": 400, "condition": "crew0.75", "sla_multiplier": 1.0, "crew_multiplier": 0.75, "method": "atc", "seed": 301, "feasible": 1, "wwt": 135.0, "makespan": 87.75, "mean_flow": 5.536874749999999, "breach_share": 0.0125, "breach_p1": 0.5, "breach_p2": 0.027777777777777776, "breach_p3": null, "breach_p4": 0.0, "wall_seconds": 0.0019455570727586746}, "pfifo": {"id": "c09_replay_400_0116_m0.75", "base_id": "c09_replay_400_0116", "campus": 9, "size": 400, "condition": "crew0.75", "sla_multiplier": 1.0, "crew_multiplier": 0.75, "method": "pfifo", "seed": 301, "feasible": 1, "wwt": 135.0, "makespan": 79.25, "mean_flow": 8.85500025, "breach_share": 0.0125, "breach_p1": 0.5, "breach_p2": 0.027777777777777776, "breach_p3": null, "breach_p4": 0.0, "wall_seconds": 0.0009160079061985016}, "mor": {"id": "c09_replay_400_0116_m0.75", "base_id": "c09_replay_400_0116", "campus": 9, "size": 400, "condition": "crew0.75", "sla_multiplier": 1.0, "crew_multiplier": 0.75, "method": "mor", "seed": 301, "feasible": 1, "wwt": 135.0, "makespan": 73.0, "mean_flow": 10.614333250000001, "breach_share": 0.0125, "breach_p1": 0.5, "breach_p2": 0.027777777777777776, "breach_p3": null, "breach_p4": 0.0, "wall_seconds": 0.0008859159424901009}, "random": {"id": "c09_replay_400_0116_m0.75", "base_id": "c09_replay_400_0116", "campus": 9, "size": 400, "condition": "crew0.75", "sla_multiplier": 1.0, "crew_multiplier": 0.75, "method": "random", "seed": 301, "feasible": 1, "wwt": 135.0, "makespan": 79.25, "mean_flow": 7.411458, "breach_share": 0.0125, "breach_p1": 0.5, "breach_p2": 0.027777777777777776, "breach_p3": null, "breach_p4": 0.0, "wall_seconds": 0.0005133799277245998}, "v2rl301": {"id": "c09_replay_400_0116_m0.75", "base_id": "c09_replay_400_0116", "campus": 9, "size": 400, "condition": "crew0.75", "sla_multiplier": 1.0, "crew_multiplier": 0.75, "method": "v2rl301", "seed": 301, "feasible": 1, "wwt": 135.0, "makespan": 73.0, "mean_flow": 10.52133325, "breach_share": 0.0125, "breach_p1": 0.5, "breach_p2": 0.027777777777777776, "breach_p3": null, "breach_p4": 0.0, "wall_seconds": 0.047861885745078325}, "v2rl302": {"id": "c09_replay_400_0116_m0.75", "base_id": "c09_replay_400_0116", "campus": 9, "size": 400, "condition": "crew0.75", "sla_multiplier": 1.0, "crew_multiplier": 0.75, "method": "v2rl302", "seed": 302, "feasible": 1, "wwt": 135.0, "makespan": 73.0, "mean_flow": 10.52133325, "breach_share": 0.0125, "breach_p1": 0.5, "breach_p2": 0.027777777777777776, "breach_p3": null, "breach_p4": 0.0, "wall_seconds": 0.0479817227460444}, "v2rl303": {"id": "c09_replay_400_0116_m0.75", "base_id": "c09_replay_400_0116", "campus": 9, "size": 400, "condition": "crew0.75", "sla_multiplier": 1.0, "crew_multiplier": 0.75, "method": "v2rl303", "seed": 303, "feasible": 1, "wwt": 135.0, "makespan": 73.0, "mean_flow": 10.47070825, "breach_share": 0.0125, "breach_p1": 0.5, "breach_p2": 0.027777777777777776, "breach_p3": null, "breach_p4": 0.0, "wall_seconds": 0.04832131927832961}}, "methods_expected": ["edd", "wspt", "atc", "pfifo", "mor", "random", "v2rl301", "v2rl302", "v2rl303"], "infeasible": [], "wall_seconds_total": 0.1546678990125656}