{"shard_id": "c09_replay_150_0101_sla1.5", "id": "c09_replay_150_0101_sla1.5", "base_id": "c09_replay_150_0101", "campus": 9, "size": 150, "condition": "sla1.5", "rows": {"edd": {"id": "c09_replay_150_0101_sla1.5", "base_id": "c09_replay_150_0101", "campus": 9, "size": 150, "condition": "sla1.5", "sla_multiplier": 1.5, "crew_multiplier": 1.0, "method": "edd", "seed": 301, "feasible": 1, "wwt": 286.0, "makespan": 34.5, "mean_flow": 3.3686673333333332, "breach_share": 0.02, "breach_p1": 0.23076923076923078, "breach_p2": 0.0, "breach_p3": 0.0, "breach_p4": 0.0, "wall_seconds": 0.000263202004134655}, "wspt": {"id": "c09_replay_150_0101_sla1.5", "base_id": "c09_replay_150_0101", "campus": 9, "size": 150, "condition": "sla1.5", "sla_multiplier": 1.5, "crew_multiplier": 1.0, "method": "wspt", "seed": 301, "feasible": 1, "wwt": 286.0, "makespan": 34.5, "mean_flow": 3.363556, "breach_share": 0.02, "breach_p1": 0.23076923076923078, "breach_p2": 0.0, "breach_p3": 0.0, "breach_p4": 0.0, "wall_seconds": 0.0002813558094203472}, "atc": {"id": "c09_replay_150_0101_sla1.5", "base_id": "c09_replay_150_0101", "campus": 9, "size": 150, "condition": "sla1.5", "sla_multiplier": 1.5, "crew_multiplier": 1.0, "method": "atc", "seed": 301, "feasible": 1, "wwt": 286.0, "makespan": 34.5, "mean_flow": 3.363556, "breach_share": 0.02, "breach_p1": 0.23076923076923078, "breach_p2": 0.0, "breach_p3": 0.0, "breach_p4": 0.0, "wall_seconds": 0.0003641401417553425}, "pfifo": {"id": "c09_replay_150_0101_sla1.5", "base_id": "c09_replay_150_0101", "campus": 9, "size": 150, "condition": "sla1.5", "sla_multiplier": 1.5, "crew_multiplier": 1.0, "method": "pfifo", "seed": 301, "feasible": 1, "wwt": 286.0, "makespan": 34.5, "mean_flow": 3.3686673333333332, "breach_share": 0.02, "breach_p1": 0.23076923076923078, "breach_p2": 0.0, "breach_p3": 0.0, "breach_p4": 0.0, "wall_seconds": 0.0002618972212076187}, "mor": {"id": "c09_replay_150_0101_sla1.5", "base_id": "c09_replay_150_0101", "campus": 9, "size": 150, "condition": "sla1.5", "sla_multiplier": 1.5, "crew_multiplier": 1.0, "method": "mor", "seed": 301, "feasible": 1, "wwt": 286.0, "makespan": 34.5, "mean_flow": 3.3940006666666664, "breach_share": 0.02, "breach_p1": 0.23076923076923078, "breach_p2": 0.0, "breach_p3": 0.0, "breach_p4": 0.0, "wall_seconds": 0.0002549663186073303}, "random": {"id": "c09_replay_150_0101_sla1.5", "base_id": "c09_replay_150_0101", "campus": 9, "size": 150, "condition": "sla1.5", "sla_multiplier": 1.5, "crew_multiplier": 1.0, "method": "random", "seed": 301, "feasible": 1, "wwt": 286.0, "makespan": 34.5, "mean_flow": 3.379556, "breach_share": 0.02, "breach_p1": 0.23076923076923078, "breach_p2": 0.0, "breach_p3": 0.0, "breach_p4": 0.0, "wall_seconds": 0.0002448032610118389}, "v2rl301": {"id": "c09_replay_150_0101_sla1.5", "base_id": "c09_replay_150_0101", "campus": 9, "size": 150, "condition": "sla1.5", "sla_multiplier": 1.5, "crew_multiplier": 1.0, "method": "v2rl301", "seed": 301, "feasible": 1, "wwt": 286.0, "makespan": 34.5, "mean_flow": 3.3890006666666666, "breach_share": 0.02, "breach_p1": 0.23076923076923078, "breach_p2": 0.0, "breach_p3": 0.0, "breach_p4": 0.0, "wall_seconds": 0.01616336777806282}, "v2rl302": {"id": "c09_replay_150_0101_sla1.5", "base_id": "c09_replay_150_0101", "campus": 9, "size": 150, "condition": "sla1.5", "sla_multiplier": 1.5, "crew_multiplier": 1.0, "method": "v2rl302", "seed": 302, "feasible": 1, "wwt": 286.0, "makespan": 34.5, "mean_flow": 3.3878893333333333, "breach_share": 0.02, "breach_p1": 0.23076923076923078, "breach_p2": 0.0, "breach_p3": 0.0, "breach_p4": 0.0, "wall_seconds": 0.015177694149315357}, "v2rl303": {"id": "c09_replay_150_0101_sla1.5", "base_id": "c09_replay_150_0101", "campus": 9, "size": 150, "condition": "sla1.5", "sla_multiplier": 1.5, "crew_multiplier": 1.0, "method": "v2rl303", "seed": 303, "feasible": 1, "wwt": 286.0, "makespan": 34.5, "mean_flow": 3.3878893333333333, "breach_share": 0.02, "breach_p1": 0.23076923076923078, "breach_p2": 0.0, "breach_p3": 0.0, "breach_p4": 0.0, "wall_seconds": 0.01508600078523159}}, "methods_expected": ["edd", "wspt", "atc", "pfifo", "mor", "random", "v2rl301", "v2rl302", "v2rl303"], "infeasible": [], "wall_seconds_total": 0.05018541309982538}