{"shard_id": "c09_replay_400_0119_sla0.5", "id": "c09_replay_400_0119_sla0.5", "base_id": "c09_replay_400_0119", "campus": 9, "size": 400, "condition": "sla0.5", "rows": {"edd": {"id": "c09_replay_400_0119_sla0.5", "base_id": "c09_replay_400_0119", "campus": 9, "size": 400, "condition": "sla0.5", "sla_multiplier": 0.5, "crew_multiplier": 1.0, "method": "edd", "seed": 301, "feasible": 1, "wwt": 1520.9184, "makespan": 135.8648, "mean_flow": 4.22025175, "breach_share": 0.03, "breach_p1": 0.3157894736842105, "breach_p2": 0.0625, "breach_p3": 0.0, "breach_p4": 0.0, "wall_seconds": 0.0006134910508990288}, "wspt": {"id": "c09_replay_400_0119_sla0.5", "base_id": "c09_replay_400_0119", "campus": 9, "size": 400, "condition": "sla0.5", "sla_multiplier": 0.5, "crew_multiplier": 1.0, "method": "wspt", "seed": 301, "feasible": 1, "wwt": 1520.9184, "makespan": 135.8648, "mean_flow": 4.2012935, "breach_share": 0.03, "breach_p1": 0.3157894736842105, "breach_p2": 0.0625, "breach_p3": 0.0, "breach_p4": 0.0, "wall_seconds": 0.0006286390125751495}, "atc": {"id": "c09_replay_400_0119_sla0.5", "base_id": "c09_replay_400_0119", "campus": 9, "size": 400, "condition": "sla0.5", "sla_multiplier": 0.5, "crew_multiplier": 1.0, "method": "atc", "seed": 301, "feasible": 1, "wwt": 1520.9184, "makespan": 135.8648, "mean_flow": 4.2012935, "breach_share": 0.03, "breach_p1": 0.3157894736842105, "breach_p2": 0.0625, "breach_p3": 0.0, "breach_p4": 0.0, "wall_seconds": 0.0008675958961248398}, "pfifo": {"id": "c09_replay_400_0119_sla0.5", "base_id": "c09_replay_400_0119", "campus": 9, "size": 400, "condition": "sla0.5", "sla_multiplier": 0.5, "crew_multiplier": 1.0, "method": "pfifo", "seed": 301, "feasible": 1, "wwt": 1520.9184, "makespan": 135.8648, "mean_flow": 4.22025175, "breach_share": 0.03, "breach_p1": 0.3157894736842105, "breach_p2": 0.0625, "breach_p3": 0.0, "breach_p4": 0.0, "wall_seconds": 0.000594225712120533}, "mor": {"id": "c09_replay_400_0119_sla0.5", "base_id": "c09_replay_400_0119", "campus": 9, "size": 400, "condition": "sla0.5", "sla_multiplier": 0.5, "crew_multiplier": 1.0, "method": "mor", "seed": 301, "feasible": 1, "wwt": 1520.9184, "makespan": 135.8648, "mean_flow": 4.23233525, "breach_share": 0.03, "breach_p1": 0.3157894736842105, "breach_p2": 0.0625, "breach_p3": 0.0, "breach_p4": 0.0, "wall_seconds": 0.0006045172922313213}, "random": {"id": "c09_replay_400_0119_sla0.5", "base_id": "c09_replay_400_0119", "campus": 9, "size": 400, "condition": "sla0.5", "sla_multiplier": 0.5, "crew_multiplier": 1.0, "method": "random", "seed": 301, "feasible": 1, "wwt": 1520.9184, "makespan": 135.8648, "mean_flow": 4.228168500000001, "breach_share": 0.03, "breach_p1": 0.3157894736842105, "breach_p2": 0.0625, "breach_p3": 0.0, "breach_p4": 0.0, "wall_seconds": 0.0005434439517557621}, "v2rl301": {"id": "c09_replay_400_0119_sla0.5", "base_id": "c09_replay_400_0119", "campus": 9, "size": 400, "condition": "sla0.5", "sla_multiplier": 0.5, "crew_multiplier": 1.0, "method": "v2rl301", "seed": 301, "feasible": 1, "wwt": 1520.9184, "makespan": 135.8648, "mean_flow": 4.230960250000001, "breach_share": 0.03, "breach_p1": 0.3157894736842105, "breach_p2": 0.0625, "breach_p3": 0.0, "breach_p4": 0.0, "wall_seconds": 0.04105426790192723}, "v2rl302": {"id": "c09_replay_400_0119_sla0.5", "base_id": "c09_replay_400_0119", "campus": 9, "size": 400, "condition": "sla0.5", "sla_multiplier": 0.5, "crew_multiplier": 1.0, "method": "v2rl302", "seed": 302, "feasible": 1, "wwt": 1520.9184, "makespan": 135.8648, "mean_flow": 4.230960250000001, "breach_share": 0.03, "breach_p1": 0.3157894736842105, "breach_p2": 0.0625, "breach_p3": 0.0, "breach_p4": 0.0, "wall_seconds": 0.04102006694301963}, "v2rl303": {"id": "c09_replay_400_0119_sla0.5", "base_id": "c09_replay_400_0119", "campus": 9, "size": 400, "condition": "sla0.5", "sla_multiplier": 0.5, "crew_multiplier": 1.0, "method": "v2rl303", "seed": 303, "feasible": 1, "wwt": 1520.9184, "makespan": 135.8648, "mean_flow": 4.23033525, "breach_share": 0.03, "breach_p1": 0.3157894736842105, "breach_p2": 0.0625, "breach_p3": 0.0, "breach_p4": 0.0, "wall_seconds": 0.04089050507172942}}, "methods_expected": ["edd", "wspt", "atc", "pfifo", "mor", "random", "v2rl301", "v2rl302", "v2rl303"], "infeasible": [], "wall_seconds_total": 0.13135512126609683}