{"shard_id": "c09_replay_150_0109_m1.25", "id": "c09_replay_150_0109_m1.25", "base_id": "c09_replay_150_0109", "campus": 9, "size": 150, "condition": "crew1.25", "rows": {"edd": {"id": "c09_replay_150_0109_m1.25", "base_id": "c09_replay_150_0109", "campus": 9, "size": 150, "condition": "crew1.25", "sla_multiplier": 1.0, "crew_multiplier": 1.25, "method": "edd", "seed": 301, "feasible": 1, "wwt": 68.99999999999999, "makespan": 69.0, "mean_flow": 4.281666666666666, "breach_share": 0.013333333333333334, "breach_p1": 0.0, "breach_p2": 0.0425531914893617, "breach_p3": null, "breach_p4": 0.0, "wall_seconds": 0.00026817992329597473}, "wspt": {"id": "c09_replay_150_0109_m1.25", "base_id": "c09_replay_150_0109", "campus": 9, "size": 150, "condition": "crew1.25", "sla_multiplier": 1.0, "crew_multiplier": 1.25, "method": "wspt", "seed": 301, "feasible": 1, "wwt": 68.99999999999999, "makespan": 69.0, "mean_flow": 4.281666666666666, "breach_share": 0.013333333333333334, "breach_p1": 0.0, "breach_p2": 0.0425531914893617, "breach_p3": null, "breach_p4": 0.0, "wall_seconds": 0.00027590105310082436}, "atc": {"id": "c09_replay_150_0109_m1.25", "base_id": "c09_replay_150_0109", "campus": 9, "size": 150, "condition": "crew1.25", "sla_multiplier": 1.0, "crew_multiplier": 1.25, "method": "atc", "seed": 301, "feasible": 1, "wwt": 68.99999999999999, "makespan": 69.0, "mean_flow": 4.281666666666666, "breach_share": 0.013333333333333334, "breach_p1": 0.0, "breach_p2": 0.0425531914893617, "breach_p3": null, "breach_p4": 0.0, "wall_seconds": 0.00034793606027960777}, "pfifo": {"id": "c09_replay_150_0109_m1.25", "base_id": "c09_replay_150_0109", "campus": 9, "size": 150, "condition": "crew1.25", "sla_multiplier": 1.0, "crew_multiplier": 1.25, "method": "pfifo", "seed": 301, "feasible": 1, "wwt": 68.99999999999999, "makespan": 69.0, "mean_flow": 4.281666666666666, "breach_share": 0.013333333333333334, "breach_p1": 0.0, "breach_p2": 0.0425531914893617, "breach_p3": null, "breach_p4": 0.0, "wall_seconds": 0.00025156792253255844}, "mor": {"id": "c09_replay_150_0109_m1.25", "base_id": "c09_replay_150_0109", "campus": 9, "size": 150, "condition": "crew1.25", "sla_multiplier": 1.0, "crew_multiplier": 1.25, "method": "mor", "seed": 301, "feasible": 1, "wwt": 68.99999999999999, "makespan": 69.0, "mean_flow": 4.281666666666666, "breach_share": 0.013333333333333334, "breach_p1": 0.0, "breach_p2": 0.0425531914893617, "breach_p3": null, "breach_p4": 0.0, "wall_seconds": 0.00025215279310941696}, "random": {"id": "c09_replay_150_0109_m1.25", "base_id": "c09_replay_150_0109", "campus": 9, "size": 150, "condition": "crew1.25", "sla_multiplier": 1.0, "crew_multiplier": 1.25, "method": "random", "seed": 301, "feasible": 1, "wwt": 68.99999999999999, "makespan": 69.0, "mean_flow": 4.281666666666666, "breach_share": 0.013333333333333334, "breach_p1": 0.0, "breach_p2": 0.0425531914893617, "breach_p3": null, "breach_p4": 0.0, "wall_seconds": 0.00022580567747354507}, "v2rl301": {"id": "c09_replay_150_0109_m1.25", "base_id": "c09_replay_150_0109", "campus": 9, "size": 150, "condition": "crew1.25", "sla_multiplier": 1.0, "crew_multiplier": 1.25, "method": "v2rl301", "seed": 301, "feasible": 1, "wwt": 68.99999999999999, "makespan": 69.0, "mean_flow": 4.281666666666666, "breach_share": 0.013333333333333334, "breach_p1": 0.0, "breach_p2": 0.0425531914893617, "breach_p3": null, "breach_p4": 0.0, "wall_seconds": 0.01532001094892621}, "v2rl302": {"id": "c09_replay_150_0109_m1.25", "base_id": "c09_replay_150_0109", "campus": 9, "size": 150, "condition": "crew1.25", "sla_multiplier": 1.0, "crew_multiplier": 1.25, "method": "v2rl302", "seed": 302, "feasible": 1, "wwt": 68.99999999999999, "makespan": 69.0, "mean_flow": 4.281666666666666, "breach_share": 0.013333333333333334, "breach_p1": 0.0, "breach_p2": 0.0425531914893617, "breach_p3": null, "breach_p4": 0.0, "wall_seconds": 0.015006253030151129}, "v2rl303": {"id": "c09_replay_150_0109_m1.25", "base_id": "c09_replay_150_0109", "campus": 9, "size": 150, "condition": "crew1.25", "sla_multiplier": 1.0, "crew_multiplier": 1.25, "method": "v2rl303", "seed": 303, "feasible": 1, "wwt": 68.99999999999999, "makespan": 69.0, "mean_flow": 4.281666666666666, "breach_share": 0.013333333333333334, "breach_p1": 0.0, "breach_p2": 0.0425531914893617, "breach_p3": null, "breach_p4": 0.0, "wall_seconds": 0.015066972002387047}}, "methods_expected": ["edd", "wspt", "atc", "pfifo", "mor", "random", "v2rl301", "v2rl302", "v2rl303"], "infeasible": [], "wall_seconds_total": 0.0491184969432652}