{"shard_id": "c09_replay_400_0103_sla0.5", "id": "c09_replay_400_0103_sla0.5", "base_id": "c09_replay_400_0103", "campus": 9, "size": 400, "condition": "sla0.5", "rows": {"edd": {"id": "c09_replay_400_0103_sla0.5", "base_id": "c09_replay_400_0103", "campus": 9, "size": 400, "condition": "sla0.5", "sla_multiplier": 0.5, "crew_multiplier": 1.0, "method": "edd", "seed": 301, "feasible": 1, "wwt": 502.0, "makespan": 100.0, "mean_flow": 4.102625, "breach_share": 0.0375, "breach_p1": 0.5333333333333333, "breach_p2": 0.07777777777777778, "breach_p3": 0.0, "breach_p4": 0.0, "wall_seconds": 0.0006537339650094509}, "wspt": {"id": "c09_replay_400_0103_sla0.5", "base_id": "c09_replay_400_0103", "campus": 9, "size": 400, "condition": "sla0.5", "sla_multiplier": 0.5, "crew_multiplier": 1.0, "method": "wspt", "seed": 301, "feasible": 1, "wwt": 504.0, "makespan": 100.0, "mean_flow": 4.0503335, "breach_share": 0.0375, "breach_p1": 0.5333333333333333, "breach_p2": 0.07777777777777778, "breach_p3": 0.0, "breach_p4": 0.0, "wall_seconds": 0.0006715035997331142}, "atc": {"id": "c09_replay_400_0103_sla0.5", "base_id": "c09_replay_400_0103", "campus": 9, "size": 400, "condition": "sla0.5", "sla_multiplier": 0.5, "crew_multiplier": 1.0, "method": "atc", "seed": 301, "feasible": 1, "wwt": 502.0, "makespan": 100.0, "mean_flow": 4.0547085, "breach_share": 0.0375, "breach_p1": 0.5333333333333333, "breach_p2": 0.07777777777777778, "breach_p3": 0.0, "breach_p4": 0.0, "wall_seconds": 0.0009418618865311146}, "pfifo": {"id": "c09_replay_400_0103_sla0.5", "base_id": "c09_replay_400_0103", "campus": 9, "size": 400, "condition": "sla0.5", "sla_multiplier": 0.5, "crew_multiplier": 1.0, "method": "pfifo", "seed": 301, "feasible": 1, "wwt": 502.0, "makespan": 100.0, "mean_flow": 4.102625, "breach_share": 0.0375, "breach_p1": 0.5333333333333333, "breach_p2": 0.07777777777777778, "breach_p3": 0.0, "breach_p4": 0.0, "wall_seconds": 0.0006489609368145466}, "mor": {"id": "c09_replay_400_0103_sla0.5", "base_id": "c09_replay_400_0103", "campus": 9, "size": 400, "condition": "sla0.5", "sla_multiplier": 0.5, "crew_multiplier": 1.0, "method": "mor", "seed": 301, "feasible": 1, "wwt": 502.0, "makespan": 100.0, "mean_flow": 4.1633335, "breach_share": 0.0375, "breach_p1": 0.5333333333333333, "breach_p2": 0.07777777777777778, "breach_p3": 0.0, "breach_p4": 0.0, "wall_seconds": 0.000620461069047451}, "random": {"id": "c09_replay_400_0103_sla0.5", "base_id": "c09_replay_400_0103", "campus": 9, "size": 400, "condition": "sla0.5", "sla_multiplier": 0.5, "crew_multiplier": 1.0, "method": "random", "seed": 301, "feasible": 1, "wwt": 502.0, "makespan": 100.0, "mean_flow": 4.06616675, "breach_share": 0.0375, "breach_p1": 0.5333333333333333, "breach_p2": 0.07777777777777778, "breach_p3": 0.0, "breach_p4": 0.0, "wall_seconds": 0.0005235429853200912}, "v2rl301": {"id": "c09_replay_400_0103_sla0.5", "base_id": "c09_replay_400_0103", "campus": 9, "size": 400, "condition": "sla0.5", "sla_multiplier": 0.5, "crew_multiplier": 1.0, "method": "v2rl301", "seed": 301, "feasible": 1, "wwt": 502.0, "makespan": 100.0, "mean_flow": 4.1452085, "breach_share": 0.0375, "breach_p1": 0.5333333333333333, "breach_p2": 0.07777777777777778, "breach_p3": 0.0, "breach_p4": 0.0, "wall_seconds": 0.04161905637010932}, "v2rl302": {"id": "c09_replay_400_0103_sla0.5", "base_id": "c09_replay_400_0103", "campus": 9, "size": 400, "condition": "sla0.5", "sla_multiplier": 0.5, "crew_multiplier": 1.0, "method": "v2rl302", "seed": 302, "feasible": 1, "wwt": 502.0, "makespan": 100.0, "mean_flow": 4.1452085, "breach_share": 0.0375, "breach_p1": 0.5333333333333333, "breach_p2": 0.07777777777777778, "breach_p3": 0.0, "breach_p4": 0.0, "wall_seconds": 0.040167950093746185}, "v2rl303": {"id": "c09_replay_400_0103_sla0.5", "base_id": "c09_replay_400_0103", "campus": 9, "size": 400, "condition": "sla0.5", "sla_multiplier": 0.5, "crew_multiplier": 1.0, "method": "v2rl303", "seed": 303, "feasible": 1, "wwt": 502.0, "makespan": 100.0, "mean_flow": 4.1440835, "breach_share": 0.0375, "breach_p1": 0.5333333333333333, "breach_p2": 0.07777777777777778, "breach_p3": 0.0, "breach_p4": 0.0, "wall_seconds": 0.040371793787926435}}, "methods_expected": ["edd", "wspt", "atc", "pfifo", "mor", "random", "v2rl301", "v2rl302", "v2rl303"], "infeasible": [], "wall_seconds_total": 0.13085299916565418}