{"shard_id": "c09_replay_150_0108_sla0.5", "id": "c09_replay_150_0108_sla0.5", "base_id": "c09_replay_150_0108", "campus": 9, "size": 150, "condition": "sla0.5", "rows": {"edd": {"id": "c09_replay_150_0108_sla0.5", "base_id": "c09_replay_150_0108", "campus": 9, "size": 150, "condition": "sla0.5", "sla_multiplier": 0.5, "crew_multiplier": 1.0, "method": "edd", "seed": 301, "feasible": 1, "wwt": 138.0, "makespan": 32.0, "mean_flow": 3.4193333333333333, "breach_share": 0.03333333333333333, "breach_p1": 1.0, "breach_p2": 0.08888888888888889, "breach_p3": 0.0, "breach_p4": 0.0, "wall_seconds": 0.00025933608412742615}, "wspt": {"id": "c09_replay_150_0108_sla0.5", "base_id": "c09_replay_150_0108", "campus": 9, "size": 150, "condition": "sla0.5", "sla_multiplier": 0.5, "crew_multiplier": 1.0, "method": "wspt", "seed": 301, "feasible": 1, "wwt": 138.0, "makespan": 33.25, "mean_flow": 3.3916666666666666, "breach_share": 0.03333333333333333, "breach_p1": 1.0, "breach_p2": 0.08888888888888889, "breach_p3": 0.0, "breach_p4": 0.0, "wall_seconds": 0.00027778977528214455}, "atc": {"id": "c09_replay_150_0108_sla0.5", "base_id": "c09_replay_150_0108", "campus": 9, "size": 150, "condition": "sla0.5", "sla_multiplier": 0.5, "crew_multiplier": 1.0, "method": "atc", "seed": 301, "feasible": 1, "wwt": 138.0, "makespan": 33.25, "mean_flow": 3.3916666666666666, "breach_share": 0.03333333333333333, "breach_p1": 1.0, "breach_p2": 0.08888888888888889, "breach_p3": 0.0, "breach_p4": 0.0, "wall_seconds": 0.00036883074790239334}, "pfifo": {"id": "c09_replay_150_0108_sla0.5", "base_id": "c09_replay_150_0108", "campus": 9, "size": 150, "condition": "sla0.5", "sla_multiplier": 0.5, "crew_multiplier": 1.0, "method": "pfifo", "seed": 301, "feasible": 1, "wwt": 138.0, "makespan": 32.0, "mean_flow": 3.4193333333333333, "breach_share": 0.03333333333333333, "breach_p1": 1.0, "breach_p2": 0.08888888888888889, "breach_p3": 0.0, "breach_p4": 0.0, "wall_seconds": 0.0002569509670138359}, "mor": {"id": "c09_replay_150_0108_sla0.5", "base_id": "c09_replay_150_0108", "campus": 9, "size": 150, "condition": "sla0.5", "sla_multiplier": 0.5, "crew_multiplier": 1.0, "method": "mor", "seed": 301, "feasible": 1, "wwt": 138.0, "makespan": 32.0, "mean_flow": 3.582444666666667, "breach_share": 0.03333333333333333, "breach_p1": 1.0, "breach_p2": 0.08888888888888889, "breach_p3": 0.0, "breach_p4": 0.0, "wall_seconds": 0.00025320006534457207}, "random": {"id": "c09_replay_150_0108_sla0.5", "base_id": "c09_replay_150_0108", "campus": 9, "size": 150, "condition": "sla0.5", "sla_multiplier": 0.5, "crew_multiplier": 1.0, "method": "random", "seed": 301, "feasible": 1, "wwt": 146.0, "makespan": 33.25, "mean_flow": 3.455333333333333, "breach_share": 0.03333333333333333, "breach_p1": 1.0, "breach_p2": 0.08888888888888889, "breach_p3": 0.0, "breach_p4": 0.0, "wall_seconds": 0.00021516578271985054}, "v2rl301": {"id": "c09_replay_150_0108_sla0.5", "base_id": "c09_replay_150_0108", "campus": 9, "size": 150, "condition": "sla0.5", "sla_multiplier": 0.5, "crew_multiplier": 1.0, "method": "v2rl301", "seed": 301, "feasible": 1, "wwt": 138.0, "makespan": 32.0, "mean_flow": 3.567444666666667, "breach_share": 0.03333333333333333, "breach_p1": 1.0, "breach_p2": 0.08888888888888889, "breach_p3": 0.0, "breach_p4": 0.0, "wall_seconds": 0.015667539089918137}, "v2rl302": {"id": "c09_replay_150_0108_sla0.5", "base_id": "c09_replay_150_0108", "campus": 9, "size": 150, "condition": "sla0.5", "sla_multiplier": 0.5, "crew_multiplier": 1.0, "method": "v2rl302", "seed": 302, "feasible": 1, "wwt": 138.0, "makespan": 32.0, "mean_flow": 3.567444666666667, "breach_share": 0.03333333333333333, "breach_p1": 1.0, "breach_p2": 0.08888888888888889, "breach_p3": 0.0, "breach_p4": 0.0, "wall_seconds": 0.015451251063495874}, "v2rl303": {"id": "c09_replay_150_0108_sla0.5", "base_id": "c09_replay_150_0108", "campus": 9, "size": 150, "condition": "sla0.5", "sla_multiplier": 0.5, "crew_multiplier": 1.0, "method": "v2rl303", "seed": 303, "feasible": 1, "wwt": 138.0, "makespan": 32.0, "mean_flow": 3.567444666666667, "breach_share": 0.03333333333333333, "breach_p1": 1.0, "breach_p2": 0.08888888888888889, "breach_p3": 0.0, "breach_p4": 0.0, "wall_seconds": 0.015445841941982508}}, "methods_expected": ["edd", "wspt", "atc", "pfifo", "mor", "random", "v2rl301", "v2rl302", "v2rl303"], "infeasible": [], "wall_seconds_total": 0.05028405459597707}