{"shard_id": "c09_replay_150_0123_m1.25", "id": "c09_replay_150_0123_m1.25", "base_id": "c09_replay_150_0123", "campus": 9, "size": 150, "condition": "crew1.25", "rows": {"edd": {"id": "c09_replay_150_0123_m1.25", "base_id": "c09_replay_150_0123", "campus": 9, "size": 150, "condition": "crew1.25", "sla_multiplier": 1.0, "crew_multiplier": 1.25, "method": "edd", "seed": 301, "feasible": 1, "wwt": 336.0, "makespan": 103.0, "mean_flow": 4.448444666666667, "breach_share": 0.02, "breach_p1": 0.14285714285714285, "breach_p2": 0.05, "breach_p3": null, "breach_p4": 0.0, "wall_seconds": 0.0003058668226003647}, "wspt": {"id": "c09_replay_150_0123_m1.25", "base_id": "c09_replay_150_0123", "campus": 9, "size": 150, "condition": "crew1.25", "sla_multiplier": 1.0, "crew_multiplier": 1.25, "method": "wspt", "seed": 301, "feasible": 1, "wwt": 336.0, "makespan": 103.0, "mean_flow": 4.448444666666667, "breach_share": 0.02, "breach_p1": 0.14285714285714285, "breach_p2": 0.05, "breach_p3": null, "breach_p4": 0.0, "wall_seconds": 0.00029401807114481926}, "atc": {"id": "c09_replay_150_0123_m1.25", "base_id": "c09_replay_150_0123", "campus": 9, "size": 150, "condition": "crew1.25", "sla_multiplier": 1.0, "crew_multiplier": 1.25, "method": "atc", "seed": 301, "feasible": 1, "wwt": 336.0, "makespan": 103.0, "mean_flow": 4.448444666666667, "breach_share": 0.02, "breach_p1": 0.14285714285714285, "breach_p2": 0.05, "breach_p3": null, "breach_p4": 0.0, "wall_seconds": 0.0003454480320215225}, "pfifo": {"id": "c09_replay_150_0123_m1.25", "base_id": "c09_replay_150_0123", "campus": 9, "size": 150, "condition": "crew1.25", "sla_multiplier": 1.0, "crew_multiplier": 1.25, "method": "pfifo", "seed": 301, "feasible": 1, "wwt": 336.0, "makespan": 103.0, "mean_flow": 4.448444666666667, "breach_share": 0.02, "breach_p1": 0.14285714285714285, "breach_p2": 0.05, "breach_p3": null, "breach_p4": 0.0, "wall_seconds": 0.00025915587320923805}, "mor": {"id": "c09_replay_150_0123_m1.25", "base_id": "c09_replay_150_0123", "campus": 9, "size": 150, "condition": "crew1.25", "sla_multiplier": 1.0, "crew_multiplier": 1.25, "method": "mor", "seed": 301, "feasible": 1, "wwt": 336.0, "makespan": 103.0, "mean_flow": 4.448444666666667, "breach_share": 0.02, "breach_p1": 0.14285714285714285, "breach_p2": 0.05, "breach_p3": null, "breach_p4": 0.0, "wall_seconds": 0.0002761497162282467}, "random": {"id": "c09_replay_150_0123_m1.25", "base_id": "c09_replay_150_0123", "campus": 9, "size": 150, "condition": "crew1.25", "sla_multiplier": 1.0, "crew_multiplier": 1.25, "method": "random", "seed": 301, "feasible": 1, "wwt": 336.0, "makespan": 103.0, "mean_flow": 4.448444666666667, "breach_share": 0.02, "breach_p1": 0.14285714285714285, "breach_p2": 0.05, "breach_p3": null, "breach_p4": 0.0, "wall_seconds": 0.0002965950407087803}, "v2rl301": {"id": "c09_replay_150_0123_m1.25", "base_id": "c09_replay_150_0123", "campus": 9, "size": 150, "condition": "crew1.25", "sla_multiplier": 1.0, "crew_multiplier": 1.25, "method": "v2rl301", "seed": 301, "feasible": 1, "wwt": 336.0, "makespan": 103.0, "mean_flow": 4.448444666666667, "breach_share": 0.02, "breach_p1": 0.14285714285714285, "breach_p2": 0.05, "breach_p3": null, "breach_p4": 0.0, "wall_seconds": 0.01530428184196353}, "v2rl302": {"id": "c09_replay_150_0123_m1.25", "base_id": "c09_replay_150_0123", "campus": 9, "size": 150, "condition": "crew1.25", "sla_multiplier": 1.0, "crew_multiplier": 1.25, "method": "v2rl302", "seed": 302, "feasible": 1, "wwt": 336.0, "makespan": 103.0, "mean_flow": 4.448444666666667, "breach_share": 0.02, "breach_p1": 0.14285714285714285, "breach_p2": 0.05, "breach_p3": null, "breach_p4": 0.0, "wall_seconds": 0.015283972024917603}, "v2rl303": {"id": "c09_replay_150_0123_m1.25", "base_id": "c09_replay_150_0123", "campus": 9, "size": 150, "condition": "crew1.25", "sla_multiplier": 1.0, "crew_multiplier": 1.25, "method": "v2rl303", "seed": 303, "feasible": 1, "wwt": 336.0, "makespan": 103.0, "mean_flow": 4.448444666666667, "breach_share": 0.02, "breach_p1": 0.14285714285714285, "breach_p2": 0.05, "breach_p3": null, "breach_p4": 0.0, "wall_seconds": 0.015187331009656191}}, "methods_expected": ["edd", "wspt", "atc", "pfifo", "mor", "random", "v2rl301", "v2rl302", "v2rl303"], "infeasible": [], "wall_seconds_total": 0.04975671786814928}