{"shard_id": "c09_replay_400_0109_sla0.5", "id": "c09_replay_400_0109_sla0.5", "base_id": "c09_replay_400_0109", "campus": 9, "size": 400, "condition": "sla0.5", "rows": {"edd": {"id": "c09_replay_400_0109_sla0.5", "base_id": "c09_replay_400_0109", "campus": 9, "size": 400, "condition": "sla0.5", "sla_multiplier": 0.5, "crew_multiplier": 1.0, "method": "edd", "seed": 301, "feasible": 1, "wwt": 522.8668, "makespan": 132.6667, "mean_flow": 3.5793332499999995, "breach_share": 0.0275, "breach_p1": 0.2631578947368421, "breach_p2": 0.05172413793103448, "breach_p3": 0.0, "breach_p4": 0.0, "wall_seconds": 0.0007181260734796524}, "wspt": {"id": "c09_replay_400_0109_sla0.5", "base_id": "c09_replay_400_0109", "campus": 9, "size": 400, "condition": "sla0.5", "sla_multiplier": 0.5, "crew_multiplier": 1.0, "method": "wspt", "seed": 301, "feasible": 1, "wwt": 528.8668, "makespan": 132.6667, "mean_flow": 3.56883325, "breach_share": 0.0275, "breach_p1": 0.2631578947368421, "breach_p2": 0.05172413793103448, "breach_p3": 0.0, "breach_p4": 0.0, "wall_seconds": 0.0007137139327824116}, "atc": {"id": "c09_replay_400_0109_sla0.5", "base_id": "c09_replay_400_0109", "campus": 9, "size": 400, "condition": "sla0.5", "sla_multiplier": 0.5, "crew_multiplier": 1.0, "method": "atc", "seed": 301, "feasible": 1, "wwt": 523.0, "makespan": 132.6667, "mean_flow": 3.5698332500000003, "breach_share": 0.0275, "breach_p1": 0.2631578947368421, "breach_p2": 0.05172413793103448, "breach_p3": 0.0, "breach_p4": 0.0, "wall_seconds": 0.0009921048767864704}, "pfifo": {"id": "c09_replay_400_0109_sla0.5", "base_id": "c09_replay_400_0109", "campus": 9, "size": 400, "condition": "sla0.5", "sla_multiplier": 0.5, "crew_multiplier": 1.0, "method": "pfifo", "seed": 301, "feasible": 1, "wwt": 522.8668, "makespan": 132.6667, "mean_flow": 3.5793332499999995, "breach_share": 0.0275, "breach_p1": 0.2631578947368421, "breach_p2": 0.05172413793103448, "breach_p3": 0.0, "breach_p4": 0.0, "wall_seconds": 0.0006686588749289513}, "mor": {"id": "c09_replay_400_0109_sla0.5", "base_id": "c09_replay_400_0109", "campus": 9, "size": 400, "condition": "sla0.5", "sla_multiplier": 0.5, "crew_multiplier": 1.0, "method": "mor", "seed": 301, "feasible": 1, "wwt": 519.0, "makespan": 132.6667, "mean_flow": 3.6402917500000003, "breach_share": 0.0275, "breach_p1": 0.2631578947368421, "breach_p2": 0.05172413793103448, "breach_p3": 0.0, "breach_p4": 0.0, "wall_seconds": 0.0006445050239562988}, "random": {"id": "c09_replay_400_0109_sla0.5", "base_id": "c09_replay_400_0109", "campus": 9, "size": 400, "condition": "sla0.5", "sla_multiplier": 0.5, "crew_multiplier": 1.0, "method": "random", "seed": 301, "feasible": 1, "wwt": 542.8668, "makespan": 132.6667, "mean_flow": 3.5832915, "breach_share": 0.0275, "breach_p1": 0.2631578947368421, "breach_p2": 0.05172413793103448, "breach_p3": 0.0, "breach_p4": 0.0, "wall_seconds": 0.000555562786757946}, "v2rl301": {"id": "c09_replay_400_0109_sla0.5", "base_id": "c09_replay_400_0109", "campus": 9, "size": 400, "condition": "sla0.5", "sla_multiplier": 0.5, "crew_multiplier": 1.0, "method": "v2rl301", "seed": 301, "feasible": 1, "wwt": 519.0, "makespan": 132.6667, "mean_flow": 3.62375025, "breach_share": 0.0275, "breach_p1": 0.2631578947368421, "breach_p2": 0.05172413793103448, "breach_p3": 0.0, "breach_p4": 0.0, "wall_seconds": 0.041476357728242874}, "v2rl302": {"id": "c09_replay_400_0109_sla0.5", "base_id": "c09_replay_400_0109", "campus": 9, "size": 400, "condition": "sla0.5", "sla_multiplier": 0.5, "crew_multiplier": 1.0, "method": "v2rl302", "seed": 302, "feasible": 1, "wwt": 519.0, "makespan": 132.6667, "mean_flow": 3.62375025, "breach_share": 0.0275, "breach_p1": 0.2631578947368421, "breach_p2": 0.05172413793103448, "breach_p3": 0.0, "breach_p4": 0.0, "wall_seconds": 0.04147041589021683}, "v2rl303": {"id": "c09_replay_400_0109_sla0.5", "base_id": "c09_replay_400_0109", "campus": 9, "size": 400, "condition": "sla0.5", "sla_multiplier": 0.5, "crew_multiplier": 1.0, "method": "v2rl303", "seed": 303, "feasible": 1, "wwt": 519.0, "makespan": 132.6667, "mean_flow": 3.58345825, "breach_share": 0.0275, "breach_p1": 0.2631578947368421, "breach_p2": 0.05172413793103448, "breach_p3": 0.0, "breach_p4": 0.0, "wall_seconds": 0.04091824870556593}}, "methods_expected": ["edd", "wspt", "atc", "pfifo", "mor", "random", "v2rl301", "v2rl302", "v2rl303"], "infeasible": [], "wall_seconds_total": 0.13288956880569458}