{"shard_id": "c09_replay_150_0100_sla1.5", "id": "c09_replay_150_0100_sla1.5", "base_id": "c09_replay_150_0100", "campus": 9, "size": 150, "condition": "sla1.5", "rows": {"edd": {"id": "c09_replay_150_0100_sla1.5", "base_id": "c09_replay_150_0100", "campus": 9, "size": 150, "condition": "sla1.5", "sla_multiplier": 1.5, "crew_multiplier": 1.0, "method": "edd", "seed": 301, "feasible": 1, "wwt": 307.0, "makespan": 50.2833, "mean_flow": 4.072111333333334, "breach_share": 0.013333333333333334, "breach_p1": 0.25, "breach_p2": 0.022727272727272728, "breach_p3": 0.0, "breach_p4": 0.0, "wall_seconds": 0.00026440899819135666}, "wspt": {"id": "c09_replay_150_0100_sla1.5", "base_id": "c09_replay_150_0100", "campus": 9, "size": 150, "condition": "sla1.5", "sla_multiplier": 1.5, "crew_multiplier": 1.0, "method": "wspt", "seed": 301, "feasible": 1, "wwt": 307.0, "makespan": 50.2833, "mean_flow": 4.023778000000001, "breach_share": 0.013333333333333334, "breach_p1": 0.25, "breach_p2": 0.022727272727272728, "breach_p3": 0.0, "breach_p4": 0.0, "wall_seconds": 0.0002904832363128662}, "atc": {"id": "c09_replay_150_0100_sla1.5", "base_id": "c09_replay_150_0100", "campus": 9, "size": 150, "condition": "sla1.5", "sla_multiplier": 1.5, "crew_multiplier": 1.0, "method": "atc", "seed": 301, "feasible": 1, "wwt": 307.0, "makespan": 50.2833, "mean_flow": 4.023778000000001, "breach_share": 0.013333333333333334, "breach_p1": 0.25, "breach_p2": 0.022727272727272728, "breach_p3": 0.0, "breach_p4": 0.0, "wall_seconds": 0.00034669507294893265}, "pfifo": {"id": "c09_replay_150_0100_sla1.5", "base_id": "c09_replay_150_0100", "campus": 9, "size": 150, "condition": "sla1.5", "sla_multiplier": 1.5, "crew_multiplier": 1.0, "method": "pfifo", "seed": 301, "feasible": 1, "wwt": 307.0, "makespan": 50.2833, "mean_flow": 4.072111333333334, "breach_share": 0.013333333333333334, "breach_p1": 0.25, "breach_p2": 0.022727272727272728, "breach_p3": 0.0, "breach_p4": 0.0, "wall_seconds": 0.00025203218683600426}, "mor": {"id": "c09_replay_150_0100_sla1.5", "base_id": "c09_replay_150_0100", "campus": 9, "size": 150, "condition": "sla1.5", "sla_multiplier": 1.5, "crew_multiplier": 1.0, "method": "mor", "seed": 301, "feasible": 1, "wwt": 307.0, "makespan": 50.2833, "mean_flow": 4.184111333333334, "breach_share": 0.013333333333333334, "breach_p1": 0.25, "breach_p2": 0.022727272727272728, "breach_p3": 0.0, "breach_p4": 0.0, "wall_seconds": 0.0002715610899031162}, "random": {"id": "c09_replay_150_0100_sla1.5", "base_id": "c09_replay_150_0100", "campus": 9, "size": 150, "condition": "sla1.5", "sla_multiplier": 1.5, "crew_multiplier": 1.0, "method": "random", "seed": 301, "feasible": 1, "wwt": 307.0, "makespan": 50.2833, "mean_flow": 4.072444666666667, "breach_share": 0.013333333333333334, "breach_p1": 0.25, "breach_p2": 0.022727272727272728, "breach_p3": 0.0, "breach_p4": 0.0, "wall_seconds": 0.00023384904488921165}, "v2rl301": {"id": "c09_replay_150_0100_sla1.5", "base_id": "c09_replay_150_0100", "campus": 9, "size": 150, "condition": "sla1.5", "sla_multiplier": 1.5, "crew_multiplier": 1.0, "method": "v2rl301", "seed": 301, "feasible": 1, "wwt": 307.0, "makespan": 50.2833, "mean_flow": 4.127444666666667, "breach_share": 0.013333333333333334, "breach_p1": 0.25, "breach_p2": 0.022727272727272728, "breach_p3": 0.0, "breach_p4": 0.0, "wall_seconds": 0.015821739099919796}, "v2rl302": {"id": "c09_replay_150_0100_sla1.5", "base_id": "c09_replay_150_0100", "campus": 9, "size": 150, "condition": "sla1.5", "sla_multiplier": 1.5, "crew_multiplier": 1.0, "method": "v2rl302", "seed": 302, "feasible": 1, "wwt": 307.0, "makespan": 50.2833, "mean_flow": 4.182444666666667, "breach_share": 0.013333333333333334, "breach_p1": 0.25, "breach_p2": 0.022727272727272728, "breach_p3": 0.0, "breach_p4": 0.0, "wall_seconds": 0.015051384922116995}, "v2rl303": {"id": "c09_replay_150_0100_sla1.5", "base_id": "c09_replay_150_0100", "campus": 9, "size": 150, "condition": "sla1.5", "sla_multiplier": 1.5, "crew_multiplier": 1.0, "method": "v2rl303", "seed": 303, "feasible": 1, "wwt": 307.0, "makespan": 50.2833, "mean_flow": 4.182444666666667, "breach_share": 0.013333333333333334, "breach_p1": 0.25, "breach_p2": 0.022727272727272728, "breach_p3": 0.0, "breach_p4": 0.0, "wall_seconds": 0.015172786079347134}}, "methods_expected": ["edd", "wspt", "atc", "pfifo", "mor", "random", "v2rl301", "v2rl302", "v2rl303"], "infeasible": [], "wall_seconds_total": 0.049777095671743155}