{"shard_id": "c09_replay_400_0110_sla1.5", "id": "c09_replay_400_0110_sla1.5", "base_id": "c09_replay_400_0110", "campus": 9, "size": 400, "condition": "sla1.5", "rows": {"edd": {"id": "c09_replay_400_0110_sla1.5", "base_id": "c09_replay_400_0110", "campus": 9, "size": 400, "condition": "sla1.5", "sla_multiplier": 1.5, "crew_multiplier": 1.0, "method": "edd", "seed": 301, "feasible": 1, "wwt": 468.0, "makespan": 94.5, "mean_flow": 4.66075075, "breach_share": 0.0025, "breach_p1": 0.14285714285714285, "breach_p2": 0.0, "breach_p3": 0.0, "breach_p4": 0.0, "wall_seconds": 0.000679320190101862}, "wspt": {"id": "c09_replay_400_0110_sla1.5", "base_id": "c09_replay_400_0110", "campus": 9, "size": 400, "condition": "sla1.5", "sla_multiplier": 1.5, "crew_multiplier": 1.0, "method": "wspt", "seed": 301, "feasible": 1, "wwt": 468.0, "makespan": 94.5, "mean_flow": 3.931084, "breach_share": 0.0025, "breach_p1": 0.14285714285714285, "breach_p2": 0.0, "breach_p3": 0.0, "breach_p4": 0.0, "wall_seconds": 0.0007160319946706295}, "atc": {"id": "c09_replay_400_0110_sla1.5", "base_id": "c09_replay_400_0110", "campus": 9, "size": 400, "condition": "sla1.5", "sla_multiplier": 1.5, "crew_multiplier": 1.0, "method": "atc", "seed": 301, "feasible": 1, "wwt": 468.0, "makespan": 94.5, "mean_flow": 4.010459, "breach_share": 0.0025, "breach_p1": 0.14285714285714285, "breach_p2": 0.0, "breach_p3": 0.0, "breach_p4": 0.0, "wall_seconds": 0.0010949340648949146}, "pfifo": {"id": "c09_replay_400_0110_sla1.5", "base_id": "c09_replay_400_0110", "campus": 9, "size": 400, "condition": "sla1.5", "sla_multiplier": 1.5, "crew_multiplier": 1.0, "method": "pfifo", "seed": 301, "feasible": 1, "wwt": 468.0, "makespan": 94.5, "mean_flow": 4.66075075, "breach_share": 0.0025, "breach_p1": 0.14285714285714285, "breach_p2": 0.0, "breach_p3": 0.0, "breach_p4": 0.0, "wall_seconds": 0.0006953869014978409}, "mor": {"id": "c09_replay_400_0110_sla1.5", "base_id": "c09_replay_400_0110", "campus": 9, "size": 400, "condition": "sla1.5", "sla_multiplier": 1.5, "crew_multiplier": 1.0, "method": "mor", "seed": 301, "feasible": 1, "wwt": 468.0, "makespan": 94.5, "mean_flow": 4.9672925, "breach_share": 0.0025, "breach_p1": 0.14285714285714285, "breach_p2": 0.0, "breach_p3": 0.0, "breach_p4": 0.0, "wall_seconds": 0.0006665317341685295}, "random": {"id": "c09_replay_400_0110_sla1.5", "base_id": "c09_replay_400_0110", "campus": 9, "size": 400, "condition": "sla1.5", "sla_multiplier": 1.5, "crew_multiplier": 1.0, "method": "random", "seed": 301, "feasible": 1, "wwt": 468.0, "makespan": 94.5, "mean_flow": 4.29229225, "breach_share": 0.0025, "breach_p1": 0.14285714285714285, "breach_p2": 0.0, "breach_p3": 0.0, "breach_p4": 0.0, "wall_seconds": 0.0005180360749363899}, "v2rl301": {"id": "c09_replay_400_0110_sla1.5", "base_id": "c09_replay_400_0110", "campus": 9, "size": 400, "condition": "sla1.5", "sla_multiplier": 1.5, "crew_multiplier": 1.0, "method": "v2rl301", "seed": 301, "feasible": 1, "wwt": 468.0, "makespan": 94.5, "mean_flow": 4.9581675, "breach_share": 0.0025, "breach_p1": 0.14285714285714285, "breach_p2": 0.0, "breach_p3": 0.0, "breach_p4": 0.0, "wall_seconds": 0.042302547954022884}, "v2rl302": {"id": "c09_replay_400_0110_sla1.5", "base_id": "c09_replay_400_0110", "campus": 9, "size": 400, "condition": "sla1.5", "sla_multiplier": 1.5, "crew_multiplier": 1.0, "method": "v2rl302", "seed": 302, "feasible": 1, "wwt": 468.0, "makespan": 94.5, "mean_flow": 4.9622925, "breach_share": 0.0025, "breach_p1": 0.14285714285714285, "breach_p2": 0.0, "breach_p3": 0.0, "breach_p4": 0.0, "wall_seconds": 0.042179147247225046}, "v2rl303": {"id": "c09_replay_400_0110_sla1.5", "base_id": "c09_replay_400_0110", "campus": 9, "size": 400, "condition": "sla1.5", "sla_multiplier": 1.5, "crew_multiplier": 1.0, "method": "v2rl303", "seed": 303, "feasible": 1, "wwt": 468.0, "makespan": 94.5, "mean_flow": 4.9622925, "breach_share": 0.0025, "breach_p1": 0.14285714285714285, "breach_p2": 0.0, "breach_p3": 0.0, "breach_p4": 0.0, "wall_seconds": 0.042531490325927734}}, "methods_expected": ["edd", "wspt", "atc", "pfifo", "mor", "random", "v2rl301", "v2rl302", "v2rl303"], "infeasible": [], "wall_seconds_total": 0.1358330580405891}