{"shard_id": "c09_replay_150_0101_m1.25", "id": "c09_replay_150_0101_m1.25", "base_id": "c09_replay_150_0101", "campus": 9, "size": 150, "condition": "crew1.25", "rows": {"edd": {"id": "c09_replay_150_0101_m1.25", "base_id": "c09_replay_150_0101", "campus": 9, "size": 150, "condition": "crew1.25", "sla_multiplier": 1.0, "crew_multiplier": 1.25, "method": "edd", "seed": 301, "feasible": 1, "wwt": 406.0, "makespan": 34.5, "mean_flow": 3.314, "breach_share": 0.03333333333333333, "breach_p1": 0.3076923076923077, "breach_p2": 0.023255813953488372, "breach_p3": 0.0, "breach_p4": 0.0, "wall_seconds": 0.00030670175328850746}, "wspt": {"id": "c09_replay_150_0101_m1.25", "base_id": "c09_replay_150_0101", "campus": 9, "size": 150, "condition": "crew1.25", "sla_multiplier": 1.0, "crew_multiplier": 1.25, "method": "wspt", "seed": 301, "feasible": 1, "wwt": 406.0, "makespan": 34.5, "mean_flow": 3.314, "breach_share": 0.03333333333333333, "breach_p1": 0.3076923076923077, "breach_p2": 0.023255813953488372, "breach_p3": 0.0, "breach_p4": 0.0, "wall_seconds": 0.0003150380216538906}, "atc": {"id": "c09_replay_150_0101_m1.25", "base_id": "c09_replay_150_0101", "campus": 9, "size": 150, "condition": "crew1.25", "sla_multiplier": 1.0, "crew_multiplier": 1.25, "method": "atc", "seed": 301, "feasible": 1, "wwt": 406.0, "makespan": 34.5, "mean_flow": 3.314, "breach_share": 0.03333333333333333, "breach_p1": 0.3076923076923077, "breach_p2": 0.023255813953488372, "breach_p3": 0.0, "breach_p4": 0.0, "wall_seconds": 0.00041623879224061966}, "pfifo": {"id": "c09_replay_150_0101_m1.25", "base_id": "c09_replay_150_0101", "campus": 9, "size": 150, "condition": "crew1.25", "sla_multiplier": 1.0, "crew_multiplier": 1.25, "method": "pfifo", "seed": 301, "feasible": 1, "wwt": 406.0, "makespan": 34.5, "mean_flow": 3.314, "breach_share": 0.03333333333333333, "breach_p1": 0.3076923076923077, "breach_p2": 0.023255813953488372, "breach_p3": 0.0, "breach_p4": 0.0, "wall_seconds": 0.00028279609978199005}, "mor": {"id": "c09_replay_150_0101_m1.25", "base_id": "c09_replay_150_0101", "campus": 9, "size": 150, "condition": "crew1.25", "sla_multiplier": 1.0, "crew_multiplier": 1.25, "method": "mor", "seed": 301, "feasible": 1, "wwt": 406.0, "makespan": 34.5, "mean_flow": 3.3386673333333334, "breach_share": 0.03333333333333333, "breach_p1": 0.3076923076923077, "breach_p2": 0.023255813953488372, "breach_p3": 0.0, "breach_p4": 0.0, "wall_seconds": 0.00029698386788368225}, "random": {"id": "c09_replay_150_0101_m1.25", "base_id": "c09_replay_150_0101", "campus": 9, "size": 150, "condition": "crew1.25", "sla_multiplier": 1.0, "crew_multiplier": 1.25, "method": "random", "seed": 301, "feasible": 1, "wwt": 406.0, "makespan": 34.5, "mean_flow": 3.3296673333333335, "breach_share": 0.03333333333333333, "breach_p1": 0.3076923076923077, "breach_p2": 0.023255813953488372, "breach_p3": 0.0, "breach_p4": 0.0, "wall_seconds": 0.00027239788323640823}, "v2rl301": {"id": "c09_replay_150_0101_m1.25", "base_id": "c09_replay_150_0101", "campus": 9, "size": 150, "condition": "crew1.25", "sla_multiplier": 1.0, "crew_multiplier": 1.25, "method": "v2rl301", "seed": 301, "feasible": 1, "wwt": 406.0, "makespan": 34.5, "mean_flow": 3.3386673333333334, "breach_share": 0.03333333333333333, "breach_p1": 0.3076923076923077, "breach_p2": 0.023255813953488372, "breach_p3": 0.0, "breach_p4": 0.0, "wall_seconds": 0.015752825886011124}, "v2rl302": {"id": "c09_replay_150_0101_m1.25", "base_id": "c09_replay_150_0101", "campus": 9, "size": 150, "condition": "crew1.25", "sla_multiplier": 1.0, "crew_multiplier": 1.25, "method": "v2rl302", "seed": 302, "feasible": 1, "wwt": 406.0, "makespan": 34.5, "mean_flow": 3.3386673333333334, "breach_share": 0.03333333333333333, "breach_p1": 0.3076923076923077, "breach_p2": 0.023255813953488372, "breach_p3": 0.0, "breach_p4": 0.0, "wall_seconds": 0.01525731710717082}, "v2rl303": {"id": "c09_replay_150_0101_m1.25", "base_id": "c09_replay_150_0101", "campus": 9, "size": 150, "condition": "crew1.25", "sla_multiplier": 1.0, "crew_multiplier": 1.25, "method": "v2rl303", "seed": 303, "feasible": 1, "wwt": 406.0, "makespan": 34.5, "mean_flow": 3.3386673333333334, "breach_share": 0.03333333333333333, "breach_p1": 0.3076923076923077, "breach_p2": 0.023255813953488372, "breach_p3": 0.0, "breach_p4": 0.0, "wall_seconds": 0.015452045015990734}}, "methods_expected": ["edd", "wspt", "atc", "pfifo", "mor", "random", "v2rl301", "v2rl302", "v2rl303"], "infeasible": [], "wall_seconds_total": 0.05059349583461881}