{"shard_id": "c09_replay_400_0108_sla1.5", "id": "c09_replay_400_0108_sla1.5", "base_id": "c09_replay_400_0108", "campus": 9, "size": 400, "condition": "sla1.5", "rows": {"edd": {"id": "c09_replay_400_0108_sla1.5", "base_id": "c09_replay_400_0108", "campus": 9, "size": 400, "condition": "sla1.5", "sla_multiplier": 1.5, "crew_multiplier": 1.0, "method": "edd", "seed": 301, "feasible": 1, "wwt": 19.0, "makespan": 114.8648, "mean_flow": 5.29528775, "breach_share": 0.0025, "breach_p1": 0.0, "breach_p2": 0.008264462809917356, "breach_p3": 0.0, "breach_p4": 0.0, "wall_seconds": 0.0006338269449770451}, "wspt": {"id": "c09_replay_400_0108_sla1.5", "base_id": "c09_replay_400_0108", "campus": 9, "size": 400, "condition": "sla1.5", "sla_multiplier": 1.5, "crew_multiplier": 1.0, "method": "wspt", "seed": 301, "feasible": 1, "wwt": 19.0, "makespan": 114.8648, "mean_flow": 5.25707925, "breach_share": 0.0025, "breach_p1": 0.0, "breach_p2": 0.008264462809917356, "breach_p3": 0.0, "breach_p4": 0.0, "wall_seconds": 0.0006286348216235638}, "atc": {"id": "c09_replay_400_0108_sla1.5", "base_id": "c09_replay_400_0108", "campus": 9, "size": 400, "condition": "sla1.5", "sla_multiplier": 1.5, "crew_multiplier": 1.0, "method": "atc", "seed": 301, "feasible": 1, "wwt": 19.0, "makespan": 114.8648, "mean_flow": 5.257079249999999, "breach_share": 0.0025, "breach_p1": 0.0, "breach_p2": 0.008264462809917356, "breach_p3": 0.0, "breach_p4": 0.0, "wall_seconds": 0.0008592731319367886}, "pfifo": {"id": "c09_replay_400_0108_sla1.5", "base_id": "c09_replay_400_0108", "campus": 9, "size": 400, "condition": "sla1.5", "sla_multiplier": 1.5, "crew_multiplier": 1.0, "method": "pfifo", "seed": 301, "feasible": 1, "wwt": 19.0, "makespan": 114.8648, "mean_flow": 5.29528775, "breach_share": 0.0025, "breach_p1": 0.0, "breach_p2": 0.008264462809917356, "breach_p3": 0.0, "breach_p4": 0.0, "wall_seconds": 0.0005970890633761883}, "mor": {"id": "c09_replay_400_0108_sla1.5", "base_id": "c09_replay_400_0108", "campus": 9, "size": 400, "condition": "sla1.5", "sla_multiplier": 1.5, "crew_multiplier": 1.0, "method": "mor", "seed": 301, "feasible": 1, "wwt": 19.0, "makespan": 114.8648, "mean_flow": 5.417745999999999, "breach_share": 0.0025, "breach_p1": 0.0, "breach_p2": 0.008264462809917356, "breach_p3": 0.0, "breach_p4": 0.0, "wall_seconds": 0.0005927449092268944}, "random": {"id": "c09_replay_400_0108_sla1.5", "base_id": "c09_replay_400_0108", "campus": 9, "size": 400, "condition": "sla1.5", "sla_multiplier": 1.5, "crew_multiplier": 1.0, "method": "random", "seed": 301, "feasible": 1, "wwt": 19.0, "makespan": 114.8648, "mean_flow": 5.28716275, "breach_share": 0.0025, "breach_p1": 0.0, "breach_p2": 0.008264462809917356, "breach_p3": 0.0, "breach_p4": 0.0, "wall_seconds": 0.000526021234691143}, "v2rl301": {"id": "c09_replay_400_0108_sla1.5", "base_id": "c09_replay_400_0108", "campus": 9, "size": 400, "condition": "sla1.5", "sla_multiplier": 1.5, "crew_multiplier": 1.0, "method": "v2rl301", "seed": 301, "feasible": 1, "wwt": 19.0, "makespan": 114.8648, "mean_flow": 5.344912750000001, "breach_share": 0.0025, "breach_p1": 0.0, "breach_p2": 0.008264462809917356, "breach_p3": 0.0, "breach_p4": 0.0, "wall_seconds": 0.041116912849247456}, "v2rl302": {"id": "c09_replay_400_0108_sla1.5", "base_id": "c09_replay_400_0108", "campus": 9, "size": 400, "condition": "sla1.5", "sla_multiplier": 1.5, "crew_multiplier": 1.0, "method": "v2rl302", "seed": 302, "feasible": 1, "wwt": 19.0, "makespan": 114.8648, "mean_flow": 5.35670425, "breach_share": 0.0025, "breach_p1": 0.0, "breach_p2": 0.008264462809917356, "breach_p3": 0.0, "breach_p4": 0.0, "wall_seconds": 0.04195667337626219}, "v2rl303": {"id": "c09_replay_400_0108_sla1.5", "base_id": "c09_replay_400_0108", "campus": 9, "size": 400, "condition": "sla1.5", "sla_multiplier": 1.5, "crew_multiplier": 1.0, "method": "v2rl303", "seed": 303, "feasible": 1, "wwt": 19.0, "makespan": 114.8648, "mean_flow": 5.35670425, "breach_share": 0.0025, "breach_p1": 0.0, "breach_p2": 0.008264462809917356, "breach_p3": 0.0, "breach_p4": 0.0, "wall_seconds": 0.04091225704178214}}, "methods_expected": ["edd", "wspt", "atc", "pfifo", "mor", "random", "v2rl301", "v2rl302", "v2rl303"], "infeasible": [], "wall_seconds_total": 0.132301171310246}