{"shard_id": "c09_replay_400_0129_sla0.5", "id": "c09_replay_400_0129_sla0.5", "base_id": "c09_replay_400_0129", "campus": 9, "size": 400, "condition": "sla0.5", "rows": {"edd": {"id": "c09_replay_400_0129_sla0.5", "base_id": "c09_replay_400_0129", "campus": 9, "size": 400, "condition": "sla0.5", "sla_multiplier": 0.5, "crew_multiplier": 1.0, "method": "edd", "seed": 301, "feasible": 1, "wwt": 433.0, "makespan": 92.5, "mean_flow": 3.4325004999999997, "breach_share": 0.0325, "breach_p1": 0.5, "breach_p2": 0.036585365853658534, "breach_p3": null, "breach_p4": 0.0, "wall_seconds": 0.0006255549378693104}, "wspt": {"id": "c09_replay_400_0129_sla0.5", "base_id": "c09_replay_400_0129", "campus": 9, "size": 400, "condition": "sla0.5", "sla_multiplier": 0.5, "crew_multiplier": 1.0, "method": "wspt", "seed": 301, "feasible": 1, "wwt": 433.0, "makespan": 92.5, "mean_flow": 3.3537505, "breach_share": 0.0325, "breach_p1": 0.5, "breach_p2": 0.036585365853658534, "breach_p3": null, "breach_p4": 0.0, "wall_seconds": 0.0006365710869431496}, "atc": {"id": "c09_replay_400_0129_sla0.5", "base_id": "c09_replay_400_0129", "campus": 9, "size": 400, "condition": "sla0.5", "sla_multiplier": 0.5, "crew_multiplier": 1.0, "method": "atc", "seed": 301, "feasible": 1, "wwt": 433.0, "makespan": 92.5, "mean_flow": 3.3537505, "breach_share": 0.0325, "breach_p1": 0.5, "breach_p2": 0.036585365853658534, "breach_p3": null, "breach_p4": 0.0, "wall_seconds": 0.000860889907926321}, "pfifo": {"id": "c09_replay_400_0129_sla0.5", "base_id": "c09_replay_400_0129", "campus": 9, "size": 400, "condition": "sla0.5", "sla_multiplier": 0.5, "crew_multiplier": 1.0, "method": "pfifo", "seed": 301, "feasible": 1, "wwt": 433.0, "makespan": 92.5, "mean_flow": 3.4325004999999997, "breach_share": 0.0325, "breach_p1": 0.5, "breach_p2": 0.036585365853658534, "breach_p3": null, "breach_p4": 0.0, "wall_seconds": 0.0005957642570137978}, "mor": {"id": "c09_replay_400_0129_sla0.5", "base_id": "c09_replay_400_0129", "campus": 9, "size": 400, "condition": "sla0.5", "sla_multiplier": 0.5, "crew_multiplier": 1.0, "method": "mor", "seed": 301, "feasible": 1, "wwt": 433.0, "makespan": 92.5, "mean_flow": 3.5168755, "breach_share": 0.0325, "breach_p1": 0.5, "breach_p2": 0.036585365853658534, "breach_p3": null, "breach_p4": 0.0, "wall_seconds": 0.0005994467064738274}, "random": {"id": "c09_replay_400_0129_sla0.5", "base_id": "c09_replay_400_0129", "campus": 9, "size": 400, "condition": "sla0.5", "sla_multiplier": 0.5, "crew_multiplier": 1.0, "method": "random", "seed": 301, "feasible": 1, "wwt": 433.0, "makespan": 92.5, "mean_flow": 3.4381255, "breach_share": 0.0325, "breach_p1": 0.5, "breach_p2": 0.036585365853658534, "breach_p3": null, "breach_p4": 0.0, "wall_seconds": 0.0005237078294157982}, "v2rl301": {"id": "c09_replay_400_0129_sla0.5", "base_id": "c09_replay_400_0129", "campus": 9, "size": 400, "condition": "sla0.5", "sla_multiplier": 0.5, "crew_multiplier": 1.0, "method": "v2rl301", "seed": 301, "feasible": 1, "wwt": 433.0, "makespan": 92.5, "mean_flow": 3.5100005, "breach_share": 0.0325, "breach_p1": 0.5, "breach_p2": 0.036585365853658534, "breach_p3": null, "breach_p4": 0.0, "wall_seconds": 0.04068107111379504}, "v2rl302": {"id": "c09_replay_400_0129_sla0.5", "base_id": "c09_replay_400_0129", "campus": 9, "size": 400, "condition": "sla0.5", "sla_multiplier": 0.5, "crew_multiplier": 1.0, "method": "v2rl302", "seed": 302, "feasible": 1, "wwt": 433.0, "makespan": 92.5, "mean_flow": 3.5100005, "breach_share": 0.0325, "breach_p1": 0.5, "breach_p2": 0.036585365853658534, "breach_p3": null, "breach_p4": 0.0, "wall_seconds": 0.04104840196669102}, "v2rl303": {"id": "c09_replay_400_0129_sla0.5", "base_id": "c09_replay_400_0129", "campus": 9, "size": 400, "condition": "sla0.5", "sla_multiplier": 0.5, "crew_multiplier": 1.0, "method": "v2rl303", "seed": 303, "feasible": 1, "wwt": 433.0, "makespan": 92.5, "mean_flow": 3.4906254999999997, "breach_share": 0.0325, "breach_p1": 0.5, "breach_p2": 0.036585365853658534, "breach_p3": null, "breach_p4": 0.0, "wall_seconds": 0.04056197591125965}}, "methods_expected": ["edd", "wspt", "atc", "pfifo", "mor", "random", "v2rl301", "v2rl302", "v2rl303"], "infeasible": [], "wall_seconds_total": 0.13058016821742058}