{"shard_id": "c09_replay_400_0108_m0.75", "id": "c09_replay_400_0108_m0.75", "base_id": "c09_replay_400_0108", "campus": 9, "size": 400, "condition": "crew0.75", "rows": {"edd": {"id": "c09_replay_400_0108_m0.75", "base_id": "c09_replay_400_0108", "campus": 9, "size": 400, "condition": "crew0.75", "sla_multiplier": 1.0, "crew_multiplier": 0.75, "method": "edd", "seed": 301, "feasible": 1, "wwt": 144.0, "makespan": 114.8648, "mean_flow": 5.9336645, "breach_share": 0.01, "breach_p1": 0.0, "breach_p2": 0.03305785123966942, "breach_p3": 0.0, "breach_p4": 0.0, "wall_seconds": 0.0006075222045183182}, "wspt": {"id": "c09_replay_400_0108_m0.75", "base_id": "c09_replay_400_0108", "campus": 9, "size": 400, "condition": "crew0.75", "sla_multiplier": 1.0, "crew_multiplier": 0.75, "method": "wspt", "seed": 301, "feasible": 1, "wwt": 146.0, "makespan": 114.8648, "mean_flow": 5.739623250000001, "breach_share": 0.0125, "breach_p1": 0.0, "breach_p2": 0.04132231404958678, "breach_p3": 0.0, "breach_p4": 0.0, "wall_seconds": 0.0006428752094507217}, "atc": {"id": "c09_replay_400_0108_m0.75", "base_id": "c09_replay_400_0108", "campus": 9, "size": 400, "condition": "crew0.75", "sla_multiplier": 1.0, "crew_multiplier": 0.75, "method": "atc", "seed": 301, "feasible": 1, "wwt": 144.0, "makespan": 114.8648, "mean_flow": 5.774414500000001, "breach_share": 0.01, "breach_p1": 0.0, "breach_p2": 0.03305785123966942, "breach_p3": 0.0, "breach_p4": 0.0, "wall_seconds": 0.0010882150381803513}, "pfifo": {"id": "c09_replay_400_0108_m0.75", "base_id": "c09_replay_400_0108", "campus": 9, "size": 400, "condition": "crew0.75", "sla_multiplier": 1.0, "crew_multiplier": 0.75, "method": "pfifo", "seed": 301, "feasible": 1, "wwt": 144.0, "makespan": 114.8648, "mean_flow": 5.9336645, "breach_share": 0.01, "breach_p1": 0.0, "breach_p2": 0.03305785123966942, "breach_p3": 0.0, "breach_p4": 0.0, "wall_seconds": 0.0006142701022326946}, "mor": {"id": "c09_replay_400_0108_m0.75", "base_id": "c09_replay_400_0108", "campus": 9, "size": 400, "condition": "crew0.75", "sla_multiplier": 1.0, "crew_multiplier": 0.75, "method": "mor", "seed": 301, "feasible": 1, "wwt": 193.3336, "makespan": 114.8648, "mean_flow": 6.412831499999999, "breach_share": 0.0125, "breach_p1": 0.14285714285714285, "breach_p2": 0.03305785123966942, "breach_p3": 0.0, "breach_p4": 0.0, "wall_seconds": 0.0006228447891771793}, "random": {"id": "c09_replay_400_0108_m0.75", "base_id": "c09_replay_400_0108", "campus": 9, "size": 400, "condition": "crew0.75", "sla_multiplier": 1.0, "crew_multiplier": 0.75, "method": "random", "seed": 301, "feasible": 1, "wwt": 202.0, "makespan": 114.8648, "mean_flow": 5.97003975, "breach_share": 0.0125, "breach_p1": 0.14285714285714285, "breach_p2": 0.03305785123966942, "breach_p3": 0.0, "breach_p4": 0.0, "wall_seconds": 0.000552876852452755}, "v2rl301": {"id": "c09_replay_400_0108_m0.75", "base_id": "c09_replay_400_0108", "campus": 9, "size": 400, "condition": "crew0.75", "sla_multiplier": 1.0, "crew_multiplier": 0.75, "method": "v2rl301", "seed": 301, "feasible": 1, "wwt": 144.0, "makespan": 114.8648, "mean_flow": 6.22270625, "breach_share": 0.01, "breach_p1": 0.0, "breach_p2": 0.03305785123966942, "breach_p3": 0.0, "breach_p4": 0.0, "wall_seconds": 0.04267775686457753}, "v2rl302": {"id": "c09_replay_400_0108_m0.75", "base_id": "c09_replay_400_0108", "campus": 9, "size": 400, "condition": "crew0.75", "sla_multiplier": 1.0, "crew_multiplier": 0.75, "method": "v2rl302", "seed": 302, "feasible": 1, "wwt": 144.0, "makespan": 114.8648, "mean_flow": 6.21937325, "breach_share": 0.01, "breach_p1": 0.0, "breach_p2": 0.03305785123966942, "breach_p3": 0.0, "breach_p4": 0.0, "wall_seconds": 0.041309772059321404}, "v2rl303": {"id": "c09_replay_400_0108_m0.75", "base_id": "c09_replay_400_0108", "campus": 9, "size": 400, "condition": "crew0.75", "sla_multiplier": 1.0, "crew_multiplier": 0.75, "method": "v2rl303", "seed": 303, "feasible": 1, "wwt": 144.53360000000004, "makespan": 114.8648, "mean_flow": 6.16908125, "breach_share": 0.0125, "breach_p1": 0.14285714285714285, "breach_p2": 0.03305785123966942, "breach_p3": 0.0, "breach_p4": 0.0, "wall_seconds": 0.041751091834157705}}, "methods_expected": ["edd", "wspt", "atc", "pfifo", "mor", "random", "v2rl301", "v2rl302", "v2rl303"], "infeasible": [], "wall_seconds_total": 0.13429473200812936}