{"shard_id": "c09_replay_150_0117", "id": "c09_replay_150_0117", "base_id": "c09_replay_150_0117", "campus": 9, "size": 150, "condition": "baseline", "rows": {"edd": {"id": "c09_replay_150_0117", "base_id": "c09_replay_150_0117", "campus": 9, "size": 150, "condition": "baseline", "sla_multiplier": 1.0, "crew_multiplier": 1.0, "method": "edd", "seed": 301, "feasible": 1, "wwt": 4.0, "makespan": 35.25, "mean_flow": 3.533222666666667, "breach_share": 0.006666666666666667, "breach_p1": 0.14285714285714285, "breach_p2": 0.0, "breach_p3": null, "breach_p4": 0.0, "wall_seconds": 0.00027069682255387306}, "wspt": {"id": "c09_replay_150_0117", "base_id": "c09_replay_150_0117", "campus": 9, "size": 150, "condition": "baseline", "sla_multiplier": 1.0, "crew_multiplier": 1.0, "method": "wspt", "seed": 301, "feasible": 1, "wwt": 4.0, "makespan": 36.25, "mean_flow": 3.5114446666666663, "breach_share": 0.006666666666666667, "breach_p1": 0.14285714285714285, "breach_p2": 0.0, "breach_p3": null, "breach_p4": 0.0, "wall_seconds": 0.0002572769299149513}, "atc": {"id": "c09_replay_150_0117", "base_id": "c09_replay_150_0117", "campus": 9, "size": 150, "condition": "baseline", "sla_multiplier": 1.0, "crew_multiplier": 1.0, "method": "atc", "seed": 301, "feasible": 1, "wwt": 4.0, "makespan": 36.25, "mean_flow": 3.5130000000000003, "breach_share": 0.006666666666666667, "breach_p1": 0.14285714285714285, "breach_p2": 0.0, "breach_p3": null, "breach_p4": 0.0, "wall_seconds": 0.0003411397337913513}, "pfifo": {"id": "c09_replay_150_0117", "base_id": "c09_replay_150_0117", "campus": 9, "size": 150, "condition": "baseline", "sla_multiplier": 1.0, "crew_multiplier": 1.0, "method": "pfifo", "seed": 301, "feasible": 1, "wwt": 4.0, "makespan": 35.25, "mean_flow": 3.533222666666667, "breach_share": 0.006666666666666667, "breach_p1": 0.14285714285714285, "breach_p2": 0.0, "breach_p3": null, "breach_p4": 0.0, "wall_seconds": 0.0002431967295706272}, "mor": {"id": "c09_replay_150_0117", "base_id": "c09_replay_150_0117", "campus": 9, "size": 150, "condition": "baseline", "sla_multiplier": 1.0, "crew_multiplier": 1.0, "method": "mor", "seed": 301, "feasible": 1, "wwt": 4.0, "makespan": 35.25, "mean_flow": 3.5613333333333337, "breach_share": 0.006666666666666667, "breach_p1": 0.14285714285714285, "breach_p2": 0.0, "breach_p3": null, "breach_p4": 0.0, "wall_seconds": 0.0002423659898340702}, "random": {"id": "c09_replay_150_0117", "base_id": "c09_replay_150_0117", "campus": 9, "size": 150, "condition": "baseline", "sla_multiplier": 1.0, "crew_multiplier": 1.0, "method": "random", "seed": 301, "feasible": 1, "wwt": 4.0, "makespan": 35.25, "mean_flow": 3.535222666666667, "breach_share": 0.006666666666666667, "breach_p1": 0.14285714285714285, "breach_p2": 0.0, "breach_p3": null, "breach_p4": 0.0, "wall_seconds": 0.00021798396483063698}, "v2rl301": {"id": "c09_replay_150_0117", "base_id": "c09_replay_150_0117", "campus": 9, "size": 150, "condition": "baseline", "sla_multiplier": 1.0, "crew_multiplier": 1.0, "method": "v2rl301", "seed": 301, "feasible": 1, "wwt": 4.0, "makespan": 35.25, "mean_flow": 3.5516666666666667, "breach_share": 0.006666666666666667, "breach_p1": 0.14285714285714285, "breach_p2": 0.0, "breach_p3": null, "breach_p4": 0.0, "wall_seconds": 0.015648453030735254}, "v2rl302": {"id": "c09_replay_150_0117", "base_id": "c09_replay_150_0117", "campus": 9, "size": 150, "condition": "baseline", "sla_multiplier": 1.0, "crew_multiplier": 1.0, "method": "v2rl302", "seed": 302, "feasible": 1, "wwt": 4.0, "makespan": 35.25, "mean_flow": 3.543444666666667, "breach_share": 0.006666666666666667, "breach_p1": 0.14285714285714285, "breach_p2": 0.0, "breach_p3": null, "breach_p4": 0.0, "wall_seconds": 0.015530982986092567}, "v2rl303": {"id": "c09_replay_150_0117", "base_id": "c09_replay_150_0117", "campus": 9, "size": 150, "condition": "baseline", "sla_multiplier": 1.0, "crew_multiplier": 1.0, "method": "v2rl303", "seed": 303, "feasible": 1, "wwt": 4.0, "makespan": 35.25, "mean_flow": 3.543444666666667, "breach_share": 0.006666666666666667, "breach_p1": 0.14285714285714285, "breach_p2": 0.0, "breach_p3": null, "breach_p4": 0.0, "wall_seconds": 0.015285857021808624}}, "methods_expected": ["edd", "wspt", "atc", "pfifo", "mor", "random", "v2rl301", "v2rl302", "v2rl303"], "infeasible": [], "wall_seconds_total": 0.049761392176151276}