{"shard_id": "c09_replay_150_0125_m1.25", "id": "c09_replay_150_0125_m1.25", "base_id": "c09_replay_150_0125", "campus": 9, "size": 150, "condition": "crew1.25", "rows": {"edd": {"id": "c09_replay_150_0125_m1.25", "base_id": "c09_replay_150_0125", "campus": 9, "size": 150, "condition": "crew1.25", "sla_multiplier": 1.0, "crew_multiplier": 1.25, "method": "edd", "seed": 301, "feasible": 1, "wwt": 95.0, "makespan": 52.8667, "mean_flow": 3.4516666666666667, "breach_share": 0.013333333333333334, "breach_p1": 0.0, "breach_p2": 0.045454545454545456, "breach_p3": 0.0, "breach_p4": 0.0, "wall_seconds": 0.00026550376787781715}, "wspt": {"id": "c09_replay_150_0125_m1.25", "base_id": "c09_replay_150_0125", "campus": 9, "size": 150, "condition": "crew1.25", "sla_multiplier": 1.0, "crew_multiplier": 1.25, "method": "wspt", "seed": 301, "feasible": 1, "wwt": 95.0, "makespan": 52.8667, "mean_flow": 3.4516666666666667, "breach_share": 0.013333333333333334, "breach_p1": 0.0, "breach_p2": 0.045454545454545456, "breach_p3": 0.0, "breach_p4": 0.0, "wall_seconds": 0.00028929905965924263}, "atc": {"id": "c09_replay_150_0125_m1.25", "base_id": "c09_replay_150_0125", "campus": 9, "size": 150, "condition": "crew1.25", "sla_multiplier": 1.0, "crew_multiplier": 1.25, "method": "atc", "seed": 301, "feasible": 1, "wwt": 95.0, "makespan": 52.8667, "mean_flow": 3.4516666666666667, "breach_share": 0.013333333333333334, "breach_p1": 0.0, "breach_p2": 0.045454545454545456, "breach_p3": 0.0, "breach_p4": 0.0, "wall_seconds": 0.0003701401874423027}, "pfifo": {"id": "c09_replay_150_0125_m1.25", "base_id": "c09_replay_150_0125", "campus": 9, "size": 150, "condition": "crew1.25", "sla_multiplier": 1.0, "crew_multiplier": 1.25, "method": "pfifo", "seed": 301, "feasible": 1, "wwt": 95.0, "makespan": 52.8667, "mean_flow": 3.4516666666666667, "breach_share": 0.013333333333333334, "breach_p1": 0.0, "breach_p2": 0.045454545454545456, "breach_p3": 0.0, "breach_p4": 0.0, "wall_seconds": 0.00026065902784466743}, "mor": {"id": "c09_replay_150_0125_m1.25", "base_id": "c09_replay_150_0125", "campus": 9, "size": 150, "condition": "crew1.25", "sla_multiplier": 1.0, "crew_multiplier": 1.25, "method": "mor", "seed": 301, "feasible": 1, "wwt": 95.0, "makespan": 52.8667, "mean_flow": 3.455, "breach_share": 0.013333333333333334, "breach_p1": 0.0, "breach_p2": 0.045454545454545456, "breach_p3": 0.0, "breach_p4": 0.0, "wall_seconds": 0.00027534086257219315}, "random": {"id": "c09_replay_150_0125_m1.25", "base_id": "c09_replay_150_0125", "campus": 9, "size": 150, "condition": "crew1.25", "sla_multiplier": 1.0, "crew_multiplier": 1.25, "method": "random", "seed": 301, "feasible": 1, "wwt": 95.0, "makespan": 52.8667, "mean_flow": 3.4516666666666667, "breach_share": 0.013333333333333334, "breach_p1": 0.0, "breach_p2": 0.045454545454545456, "breach_p3": 0.0, "breach_p4": 0.0, "wall_seconds": 0.00022912491112947464}, "v2rl301": {"id": "c09_replay_150_0125_m1.25", "base_id": "c09_replay_150_0125", "campus": 9, "size": 150, "condition": "crew1.25", "sla_multiplier": 1.0, "crew_multiplier": 1.25, "method": "v2rl301", "seed": 301, "feasible": 1, "wwt": 95.0, "makespan": 52.8667, "mean_flow": 3.455, "breach_share": 0.013333333333333334, "breach_p1": 0.0, "breach_p2": 0.045454545454545456, "breach_p3": 0.0, "breach_p4": 0.0, "wall_seconds": 0.01553433621302247}, "v2rl302": {"id": "c09_replay_150_0125_m1.25", "base_id": "c09_replay_150_0125", "campus": 9, "size": 150, "condition": "crew1.25", "sla_multiplier": 1.0, "crew_multiplier": 1.25, "method": "v2rl302", "seed": 302, "feasible": 1, "wwt": 95.0, "makespan": 52.8667, "mean_flow": 3.455, "breach_share": 0.013333333333333334, "breach_p1": 0.0, "breach_p2": 0.045454545454545456, "breach_p3": 0.0, "breach_p4": 0.0, "wall_seconds": 0.015148488339036703}, "v2rl303": {"id": "c09_replay_150_0125_m1.25", "base_id": "c09_replay_150_0125", "campus": 9, "size": 150, "condition": "crew1.25", "sla_multiplier": 1.0, "crew_multiplier": 1.25, "method": "v2rl303", "seed": 303, "feasible": 1, "wwt": 95.0, "makespan": 52.8667, "mean_flow": 3.455, "breach_share": 0.013333333333333334, "breach_p1": 0.0, "breach_p2": 0.045454545454545456, "breach_p3": 0.0, "breach_p4": 0.0, "wall_seconds": 0.015074232127517462}}, "methods_expected": ["edd", "wspt", "atc", "pfifo", "mor", "random", "v2rl301", "v2rl302", "v2rl303"], "infeasible": [], "wall_seconds_total": 0.049577428959310055}