{"shard_id": "c09_replay_400_0123_m1.25", "id": "c09_replay_400_0123_m1.25", "base_id": "c09_replay_400_0123", "campus": 9, "size": 400, "condition": "crew1.25", "rows": {"edd": {"id": "c09_replay_400_0123_m1.25", "base_id": "c09_replay_400_0123", "campus": 9, "size": 400, "condition": "crew1.25", "sla_multiplier": 1.0, "crew_multiplier": 1.25, "method": "edd", "seed": 301, "feasible": 1, "wwt": 284.0, "makespan": 89.25, "mean_flow": 4.063625, "breach_share": 0.015, "breach_p1": 0.26666666666666666, "breach_p2": 0.018518518518518517, "breach_p3": 0.0, "breach_p4": 0.0, "wall_seconds": 0.0006134728901088238}, "wspt": {"id": "c09_replay_400_0123_m1.25", "base_id": "c09_replay_400_0123", "campus": 9, "size": 400, "condition": "crew1.25", "sla_multiplier": 1.0, "crew_multiplier": 1.25, "method": "wspt", "seed": 301, "feasible": 1, "wwt": 284.0, "makespan": 89.25, "mean_flow": 4.0611250000000005, "breach_share": 0.015, "breach_p1": 0.26666666666666666, "breach_p2": 0.018518518518518517, "breach_p3": 0.0, "breach_p4": 0.0, "wall_seconds": 0.0006004949100315571}, "atc": {"id": "c09_replay_400_0123_m1.25", "base_id": "c09_replay_400_0123", "campus": 9, "size": 400, "condition": "crew1.25", "sla_multiplier": 1.0, "crew_multiplier": 1.25, "method": "atc", "seed": 301, "feasible": 1, "wwt": 284.0, "makespan": 89.25, "mean_flow": 4.0611250000000005, "breach_share": 0.015, "breach_p1": 0.26666666666666666, "breach_p2": 0.018518518518518517, "breach_p3": 0.0, "breach_p4": 0.0, "wall_seconds": 0.0007609408348798752}, "pfifo": {"id": "c09_replay_400_0123_m1.25", "base_id": "c09_replay_400_0123", "campus": 9, "size": 400, "condition": "crew1.25", "sla_multiplier": 1.0, "crew_multiplier": 1.25, "method": "pfifo", "seed": 301, "feasible": 1, "wwt": 284.0, "makespan": 89.25, "mean_flow": 4.063625, "breach_share": 0.015, "breach_p1": 0.26666666666666666, "breach_p2": 0.018518518518518517, "breach_p3": 0.0, "breach_p4": 0.0, "wall_seconds": 0.0005787047557532787}, "mor": {"id": "c09_replay_400_0123_m1.25", "base_id": "c09_replay_400_0123", "campus": 9, "size": 400, "condition": "crew1.25", "sla_multiplier": 1.0, "crew_multiplier": 1.25, "method": "mor", "seed": 301, "feasible": 1, "wwt": 284.0, "makespan": 89.25, "mean_flow": 4.068625, "breach_share": 0.015, "breach_p1": 0.26666666666666666, "breach_p2": 0.018518518518518517, "breach_p3": 0.0, "breach_p4": 0.0, "wall_seconds": 0.0005682618357241154}, "random": {"id": "c09_replay_400_0123_m1.25", "base_id": "c09_replay_400_0123", "campus": 9, "size": 400, "condition": "crew1.25", "sla_multiplier": 1.0, "crew_multiplier": 1.25, "method": "random", "seed": 301, "feasible": 1, "wwt": 284.0, "makespan": 89.25, "mean_flow": 4.062375, "breach_share": 0.015, "breach_p1": 0.26666666666666666, "breach_p2": 0.018518518518518517, "breach_p3": 0.0, "breach_p4": 0.0, "wall_seconds": 0.0006005181930959225}, "v2rl301": {"id": "c09_replay_400_0123_m1.25", "base_id": "c09_replay_400_0123", "campus": 9, "size": 400, "condition": "crew1.25", "sla_multiplier": 1.0, "crew_multiplier": 1.25, "method": "v2rl301", "seed": 301, "feasible": 1, "wwt": 284.0, "makespan": 89.25, "mean_flow": 4.068625, "breach_share": 0.015, "breach_p1": 0.26666666666666666, "breach_p2": 0.018518518518518517, "breach_p3": 0.0, "breach_p4": 0.0, "wall_seconds": 0.040547766257077456}, "v2rl302": {"id": "c09_replay_400_0123_m1.25", "base_id": "c09_replay_400_0123", "campus": 9, "size": 400, "condition": "crew1.25", "sla_multiplier": 1.0, "crew_multiplier": 1.25, "method": "v2rl302", "seed": 302, "feasible": 1, "wwt": 284.0, "makespan": 89.25, "mean_flow": 4.068625, "breach_share": 0.015, "breach_p1": 0.26666666666666666, "breach_p2": 0.018518518518518517, "breach_p3": 0.0, "breach_p4": 0.0, "wall_seconds": 0.039945581927895546}, "v2rl303": {"id": "c09_replay_400_0123_m1.25", "base_id": "c09_replay_400_0123", "campus": 9, "size": 400, "condition": "crew1.25", "sla_multiplier": 1.0, "crew_multiplier": 1.25, "method": "v2rl303", "seed": 303, "feasible": 1, "wwt": 284.0, "makespan": 89.25, "mean_flow": 4.068625, "breach_share": 0.015, "breach_p1": 0.26666666666666666, "breach_p2": 0.018518518518518517, "breach_p3": 0.0, "breach_p4": 0.0, "wall_seconds": 0.040570720098912716}}, "methods_expected": ["edd", "wspt", "atc", "pfifo", "mor", "random", "v2rl301", "v2rl302", "v2rl303"], "infeasible": [], "wall_seconds_total": 0.12921086512506008}