{"shard_id": "c09_replay_400_0100", "id": "c09_replay_400_0100", "base_id": "c09_replay_400_0100", "campus": 9, "size": 400, "condition": "baseline", "rows": {"edd": {"id": "c09_replay_400_0100", "base_id": "c09_replay_400_0100", "campus": 9, "size": 400, "condition": "baseline", "sla_multiplier": 1.0, "crew_multiplier": 1.0, "method": "edd", "seed": 301, "feasible": 1, "wwt": 778.0, "makespan": 107.5167, "mean_flow": 4.0194165, "breach_share": 0.02, "breach_p1": 0.21428571428571427, "breach_p2": 0.04716981132075472, "breach_p3": 0.0, "breach_p4": 0.0, "wall_seconds": 0.0006538522429764271}, "wspt": {"id": "c09_replay_400_0100", "base_id": "c09_replay_400_0100", "campus": 9, "size": 400, "condition": "baseline", "sla_multiplier": 1.0, "crew_multiplier": 1.0, "method": "wspt", "seed": 301, "feasible": 1, "wwt": 786.0, "makespan": 107.5167, "mean_flow": 3.9869582500000003, "breach_share": 0.02, "breach_p1": 0.21428571428571427, "breach_p2": 0.04716981132075472, "breach_p3": 0.0, "breach_p4": 0.0, "wall_seconds": 0.000670108012855053}, "atc": {"id": "c09_replay_400_0100", "base_id": "c09_replay_400_0100", "campus": 9, "size": 400, "condition": "baseline", "sla_multiplier": 1.0, "crew_multiplier": 1.0, "method": "atc", "seed": 301, "feasible": 1, "wwt": 778.0, "makespan": 107.5167, "mean_flow": 3.98820825, "breach_share": 0.02, "breach_p1": 0.21428571428571427, "breach_p2": 0.04716981132075472, "breach_p3": 0.0, "breach_p4": 0.0, "wall_seconds": 0.0009672860614955425}, "pfifo": {"id": "c09_replay_400_0100", "base_id": "c09_replay_400_0100", "campus": 9, "size": 400, "condition": "baseline", "sla_multiplier": 1.0, "crew_multiplier": 1.0, "method": "pfifo", "seed": 301, "feasible": 1, "wwt": 778.0, "makespan": 107.5167, "mean_flow": 4.0194165, "breach_share": 0.02, "breach_p1": 0.21428571428571427, "breach_p2": 0.04716981132075472, "breach_p3": 0.0, "breach_p4": 0.0, "wall_seconds": 0.0006068279035389423}, "mor": {"id": "c09_replay_400_0100", "base_id": "c09_replay_400_0100", "campus": 9, "size": 400, "condition": "baseline", "sla_multiplier": 1.0, "crew_multiplier": 1.0, "method": "mor", "seed": 301, "feasible": 1, "wwt": 778.0, "makespan": 107.5167, "mean_flow": 4.1029165, "breach_share": 0.02, "breach_p1": 0.21428571428571427, "breach_p2": 0.04716981132075472, "breach_p3": 0.0, "breach_p4": 0.0, "wall_seconds": 0.0006032721139490604}, "random": {"id": "c09_replay_400_0100", "base_id": "c09_replay_400_0100", "campus": 9, "size": 400, "condition": "baseline", "sla_multiplier": 1.0, "crew_multiplier": 1.0, "method": "random", "seed": 301, "feasible": 1, "wwt": 796.0, "makespan": 107.5167, "mean_flow": 4.0191665, "breach_share": 0.02, "breach_p1": 0.21428571428571427, "breach_p2": 0.04716981132075472, "breach_p3": 0.0, "breach_p4": 0.0, "wall_seconds": 0.0005359570495784283}, "v2rl301": {"id": "c09_replay_400_0100", "base_id": "c09_replay_400_0100", "campus": 9, "size": 400, "condition": "baseline", "sla_multiplier": 1.0, "crew_multiplier": 1.0, "method": "v2rl301", "seed": 301, "feasible": 1, "wwt": 778.0, "makespan": 107.5167, "mean_flow": 4.0807915, "breach_share": 0.02, "breach_p1": 0.21428571428571427, "breach_p2": 0.04716981132075472, "breach_p3": 0.0, "breach_p4": 0.0, "wall_seconds": 0.04120355797931552}, "v2rl302": {"id": "c09_replay_400_0100", "base_id": "c09_replay_400_0100", "campus": 9, "size": 400, "condition": "baseline", "sla_multiplier": 1.0, "crew_multiplier": 1.0, "method": "v2rl302", "seed": 302, "feasible": 1, "wwt": 778.0, "makespan": 107.5167, "mean_flow": 4.09524975, "breach_share": 0.02, "breach_p1": 0.21428571428571427, "breach_p2": 0.04716981132075472, "breach_p3": 0.0, "breach_p4": 0.0, "wall_seconds": 0.041065330151468515}, "v2rl303": {"id": "c09_replay_400_0100", "base_id": "c09_replay_400_0100", "campus": 9, "size": 400, "condition": "baseline", "sla_multiplier": 1.0, "crew_multiplier": 1.0, "method": "v2rl303", "seed": 303, "feasible": 1, "wwt": 778.0, "makespan": 107.5167, "mean_flow": 4.09524975, "breach_share": 0.02, "breach_p1": 0.21428571428571427, "breach_p2": 0.04716981132075472, "breach_p3": 0.0, "breach_p4": 0.0, "wall_seconds": 0.0405804137699306}}, "methods_expected": ["edd", "wspt", "atc", "pfifo", "mor", "random", "v2rl301", "v2rl302", "v2rl303"], "infeasible": [], "wall_seconds_total": 0.1305256919004023}