{"shard_id": "c09_replay_150_0124", "id": "c09_replay_150_0124", "base_id": "c09_replay_150_0124", "campus": 9, "size": 150, "condition": "baseline", "rows": {"edd": {"id": "c09_replay_150_0124", "base_id": "c09_replay_150_0124", "campus": 9, "size": 150, "condition": "baseline", "sla_multiplier": 1.0, "crew_multiplier": 1.0, "method": "edd", "seed": 301, "feasible": 1, "wwt": 6.0, "makespan": 101.5, "mean_flow": 4.818108666666667, "breach_share": 0.006666666666666667, "breach_p1": 0.0, "breach_p2": 0.030303030303030304, "breach_p3": null, "breach_p4": 0.0, "wall_seconds": 0.0002586180344223976}, "wspt": {"id": "c09_replay_150_0124", "base_id": "c09_replay_150_0124", "campus": 9, "size": 150, "condition": "baseline", "sla_multiplier": 1.0, "crew_multiplier": 1.0, "method": "wspt", "seed": 301, "feasible": 1, "wwt": 6.0, "makespan": 101.5, "mean_flow": 4.690108666666666, "breach_share": 0.006666666666666667, "breach_p1": 0.0, "breach_p2": 0.030303030303030304, "breach_p3": null, "breach_p4": 0.0, "wall_seconds": 0.00026908377185463905}, "atc": {"id": "c09_replay_150_0124", "base_id": "c09_replay_150_0124", "campus": 9, "size": 150, "condition": "baseline", "sla_multiplier": 1.0, "crew_multiplier": 1.0, "method": "atc", "seed": 301, "feasible": 1, "wwt": 6.0, "makespan": 101.5, "mean_flow": 4.690108666666666, "breach_share": 0.006666666666666667, "breach_p1": 0.0, "breach_p2": 0.030303030303030304, "breach_p3": null, "breach_p4": 0.0, "wall_seconds": 0.0003571975976228714}, "pfifo": {"id": "c09_replay_150_0124", "base_id": "c09_replay_150_0124", "campus": 9, "size": 150, "condition": "baseline", "sla_multiplier": 1.0, "crew_multiplier": 1.0, "method": "pfifo", "seed": 301, "feasible": 1, "wwt": 6.0, "makespan": 101.5, "mean_flow": 4.818108666666667, "breach_share": 0.006666666666666667, "breach_p1": 0.0, "breach_p2": 0.030303030303030304, "breach_p3": null, "breach_p4": 0.0, "wall_seconds": 0.000250278040766716}, "mor": {"id": "c09_replay_150_0124", "base_id": "c09_replay_150_0124", "campus": 9, "size": 150, "condition": "baseline", "sla_multiplier": 1.0, "crew_multiplier": 1.0, "method": "mor", "seed": 301, "feasible": 1, "wwt": 6.0, "makespan": 101.5, "mean_flow": 4.868553333333334, "breach_share": 0.006666666666666667, "breach_p1": 0.0, "breach_p2": 0.030303030303030304, "breach_p3": null, "breach_p4": 0.0, "wall_seconds": 0.00024717720225453377}, "random": {"id": "c09_replay_150_0124", "base_id": "c09_replay_150_0124", "campus": 9, "size": 150, "condition": "baseline", "sla_multiplier": 1.0, "crew_multiplier": 1.0, "method": "random", "seed": 301, "feasible": 1, "wwt": 6.0, "makespan": 101.5, "mean_flow": 4.770108666666666, "breach_share": 0.006666666666666667, "breach_p1": 0.0, "breach_p2": 0.030303030303030304, "breach_p3": null, "breach_p4": 0.0, "wall_seconds": 0.00022824294865131378}, "v2rl301": {"id": "c09_replay_150_0124", "base_id": "c09_replay_150_0124", "campus": 9, "size": 150, "condition": "baseline", "sla_multiplier": 1.0, "crew_multiplier": 1.0, "method": "v2rl301", "seed": 301, "feasible": 1, "wwt": 6.0, "makespan": 101.5, "mean_flow": 4.865219999999999, "breach_share": 0.006666666666666667, "breach_p1": 0.0, "breach_p2": 0.030303030303030304, "breach_p3": null, "breach_p4": 0.0, "wall_seconds": 0.015843858011066914}, "v2rl302": {"id": "c09_replay_150_0124", "base_id": "c09_replay_150_0124", "campus": 9, "size": 150, "condition": "baseline", "sla_multiplier": 1.0, "crew_multiplier": 1.0, "method": "v2rl302", "seed": 302, "feasible": 1, "wwt": 6.0, "makespan": 101.5, "mean_flow": 4.861886666666666, "breach_share": 0.006666666666666667, "breach_p1": 0.0, "breach_p2": 0.030303030303030304, "breach_p3": null, "breach_p4": 0.0, "wall_seconds": 0.01546334708109498}, "v2rl303": {"id": "c09_replay_150_0124", "base_id": "c09_replay_150_0124", "campus": 9, "size": 150, "condition": "baseline", "sla_multiplier": 1.0, "crew_multiplier": 1.0, "method": "v2rl303", "seed": 303, "feasible": 1, "wwt": 6.0, "makespan": 101.5, "mean_flow": 4.861886666666668, "breach_share": 0.006666666666666667, "breach_p1": 0.0, "breach_p2": 0.030303030303030304, "breach_p3": null, "breach_p4": 0.0, "wall_seconds": 0.01543465070426464}}, "methods_expected": ["edd", "wspt", "atc", "pfifo", "mor", "random", "v2rl301", "v2rl302", "v2rl303"], "infeasible": [], "wall_seconds_total": 0.05002519488334656}