{"shard_id": "c09_replay_400_0115_sla0.5", "id": "c09_replay_400_0115_sla0.5", "base_id": "c09_replay_400_0115", "campus": 9, "size": 400, "condition": "sla0.5", "rows": {"edd": {"id": "c09_replay_400_0115_sla0.5", "base_id": "c09_replay_400_0115", "campus": 9, "size": 400, "condition": "sla0.5", "sla_multiplier": 0.5, "crew_multiplier": 1.0, "method": "edd", "seed": 301, "feasible": 1, "wwt": 525.0, "makespan": 70.83330000000001, "mean_flow": 3.8817920000000004, "breach_share": 0.035, "breach_p1": 0.5294117647058824, "breach_p2": 0.056818181818181816, "breach_p3": null, "breach_p4": 0.0, "wall_seconds": 0.0006379960104823112}, "wspt": {"id": "c09_replay_400_0115_sla0.5", "base_id": "c09_replay_400_0115", "campus": 9, "size": 400, "condition": "sla0.5", "sla_multiplier": 0.5, "crew_multiplier": 1.0, "method": "wspt", "seed": 301, "feasible": 1, "wwt": 529.0, "makespan": 70.83330000000001, "mean_flow": 3.8579584999999996, "breach_share": 0.035, "breach_p1": 0.5294117647058824, "breach_p2": 0.056818181818181816, "breach_p3": null, "breach_p4": 0.0, "wall_seconds": 0.000699708703905344}, "atc": {"id": "c09_replay_400_0115_sla0.5", "base_id": "c09_replay_400_0115", "campus": 9, "size": 400, "condition": "sla0.5", "sla_multiplier": 0.5, "crew_multiplier": 1.0, "method": "atc", "seed": 301, "feasible": 1, "wwt": 525.0, "makespan": 70.83330000000001, "mean_flow": 3.8585417500000005, "breach_share": 0.035, "breach_p1": 0.5294117647058824, "breach_p2": 0.056818181818181816, "breach_p3": null, "breach_p4": 0.0, "wall_seconds": 0.0008681919425725937}, "pfifo": {"id": "c09_replay_400_0115_sla0.5", "base_id": "c09_replay_400_0115", "campus": 9, "size": 400, "condition": "sla0.5", "sla_multiplier": 0.5, "crew_multiplier": 1.0, "method": "pfifo", "seed": 301, "feasible": 1, "wwt": 525.0, "makespan": 70.83330000000001, "mean_flow": 3.8817920000000004, "breach_share": 0.035, "breach_p1": 0.5294117647058824, "breach_p2": 0.056818181818181816, "breach_p3": null, "breach_p4": 0.0, "wall_seconds": 0.0006015226244926453}, "mor": {"id": "c09_replay_400_0115_sla0.5", "base_id": "c09_replay_400_0115", "campus": 9, "size": 400, "condition": "sla0.5", "sla_multiplier": 0.5, "crew_multiplier": 1.0, "method": "mor", "seed": 301, "feasible": 1, "wwt": 561.0, "makespan": 70.83330000000001, "mean_flow": 3.9274585, "breach_share": 0.0375, "breach_p1": 0.5882352941176471, "breach_p2": 0.056818181818181816, "breach_p3": null, "breach_p4": 0.0, "wall_seconds": 0.0006246017292141914}, "random": {"id": "c09_replay_400_0115_sla0.5", "base_id": "c09_replay_400_0115", "campus": 9, "size": 400, "condition": "sla0.5", "sla_multiplier": 0.5, "crew_multiplier": 1.0, "method": "random", "seed": 301, "feasible": 1, "wwt": 528.7332, "makespan": 70.83330000000001, "mean_flow": 3.89112525, "breach_share": 0.035, "breach_p1": 0.5294117647058824, "breach_p2": 0.056818181818181816, "breach_p3": null, "breach_p4": 0.0, "wall_seconds": 0.0006114142015576363}, "v2rl301": {"id": "c09_replay_400_0115_sla0.5", "base_id": "c09_replay_400_0115", "campus": 9, "size": 400, "condition": "sla0.5", "sla_multiplier": 0.5, "crew_multiplier": 1.0, "method": "v2rl301", "seed": 301, "feasible": 1, "wwt": 525.0, "makespan": 70.83330000000001, "mean_flow": 3.9075834999999994, "breach_share": 0.035, "breach_p1": 0.5294117647058824, "breach_p2": 0.056818181818181816, "breach_p3": null, "breach_p4": 0.0, "wall_seconds": 0.04101226991042495}, "v2rl302": {"id": "c09_replay_400_0115_sla0.5", "base_id": "c09_replay_400_0115", "campus": 9, "size": 400, "condition": "sla0.5", "sla_multiplier": 0.5, "crew_multiplier": 1.0, "method": "v2rl302", "seed": 302, "feasible": 1, "wwt": 525.0, "makespan": 70.83330000000001, "mean_flow": 3.9075834999999994, "breach_share": 0.035, "breach_p1": 0.5294117647058824, "breach_p2": 0.056818181818181816, "breach_p3": null, "breach_p4": 0.0, "wall_seconds": 0.040636638179421425}, "v2rl303": {"id": "c09_replay_400_0115_sla0.5", "base_id": "c09_replay_400_0115", "campus": 9, "size": 400, "condition": "sla0.5", "sla_multiplier": 0.5, "crew_multiplier": 1.0, "method": "v2rl303", "seed": 303, "feasible": 1, "wwt": 525.0, "makespan": 70.83330000000001, "mean_flow": 3.8962084999999997, "breach_share": 0.035, "breach_p1": 0.5294117647058824, "breach_p2": 0.056818181818181816, "breach_p3": null, "breach_p4": 0.0, "wall_seconds": 0.041548348031938076}}, "methods_expected": ["edd", "wspt", "atc", "pfifo", "mor", "random", "v2rl301", "v2rl302", "v2rl303"], "infeasible": [], "wall_seconds_total": 0.13192788511514664}