{"shard_id": "c09_replay_150_0118_sla0.5", "id": "c09_replay_150_0118_sla0.5", "base_id": "c09_replay_150_0118", "campus": 9, "size": 150, "condition": "sla0.5", "rows": {"edd": {"id": "c09_replay_150_0118_sla0.5", "base_id": "c09_replay_150_0118", "campus": 9, "size": 150, "condition": "sla0.5", "sla_multiplier": 0.5, "crew_multiplier": 1.0, "method": "edd", "seed": 301, "feasible": 1, "wwt": 428.0, "makespan": 73.0, "mean_flow": 4.17, "breach_share": 0.06, "breach_p1": 0.6666666666666666, "breach_p2": 0.06944444444444445, "breach_p3": null, "breach_p4": 0.0, "wall_seconds": 0.0002691661939024925}, "wspt": {"id": "c09_replay_150_0118_sla0.5", "base_id": "c09_replay_150_0118", "campus": 9, "size": 150, "condition": "sla0.5", "sla_multiplier": 0.5, "crew_multiplier": 1.0, "method": "wspt", "seed": 301, "feasible": 1, "wwt": 428.0, "makespan": 73.0, "mean_flow": 4.16, "breach_share": 0.06, "breach_p1": 0.6666666666666666, "breach_p2": 0.06944444444444445, "breach_p3": null, "breach_p4": 0.0, "wall_seconds": 0.0002752058207988739}, "atc": {"id": "c09_replay_150_0118_sla0.5", "base_id": "c09_replay_150_0118", "campus": 9, "size": 150, "condition": "sla0.5", "sla_multiplier": 0.5, "crew_multiplier": 1.0, "method": "atc", "seed": 301, "feasible": 1, "wwt": 428.0, "makespan": 73.0, "mean_flow": 4.16, "breach_share": 0.06, "breach_p1": 0.6666666666666666, "breach_p2": 0.06944444444444445, "breach_p3": null, "breach_p4": 0.0, "wall_seconds": 0.0003415849059820175}, "pfifo": {"id": "c09_replay_150_0118_sla0.5", "base_id": "c09_replay_150_0118", "campus": 9, "size": 150, "condition": "sla0.5", "sla_multiplier": 0.5, "crew_multiplier": 1.0, "method": "pfifo", "seed": 301, "feasible": 1, "wwt": 428.0, "makespan": 73.0, "mean_flow": 4.17, "breach_share": 0.06, "breach_p1": 0.6666666666666666, "breach_p2": 0.06944444444444445, "breach_p3": null, "breach_p4": 0.0, "wall_seconds": 0.0002437196671962738}, "mor": {"id": "c09_replay_150_0118_sla0.5", "base_id": "c09_replay_150_0118", "campus": 9, "size": 150, "condition": "sla0.5", "sla_multiplier": 0.5, "crew_multiplier": 1.0, "method": "mor", "seed": 301, "feasible": 1, "wwt": 428.0, "makespan": 73.0, "mean_flow": 4.171666666666667, "breach_share": 0.06, "breach_p1": 0.6666666666666666, "breach_p2": 0.06944444444444445, "breach_p3": null, "breach_p4": 0.0, "wall_seconds": 0.00024033105000853539}, "random": {"id": "c09_replay_150_0118_sla0.5", "base_id": "c09_replay_150_0118", "campus": 9, "size": 150, "condition": "sla0.5", "sla_multiplier": 0.5, "crew_multiplier": 1.0, "method": "random", "seed": 301, "feasible": 1, "wwt": 428.0, "makespan": 73.0, "mean_flow": 4.168333333333333, "breach_share": 0.06, "breach_p1": 0.6666666666666666, "breach_p2": 0.06944444444444445, "breach_p3": null, "breach_p4": 0.0, "wall_seconds": 0.00021590478718280792}, "v2rl301": {"id": "c09_replay_150_0118_sla0.5", "base_id": "c09_replay_150_0118", "campus": 9, "size": 150, "condition": "sla0.5", "sla_multiplier": 0.5, "crew_multiplier": 1.0, "method": "v2rl301", "seed": 301, "feasible": 1, "wwt": 428.0, "makespan": 73.0, "mean_flow": 4.171666666666667, "breach_share": 0.06, "breach_p1": 0.6666666666666666, "breach_p2": 0.06944444444444445, "breach_p3": null, "breach_p4": 0.0, "wall_seconds": 0.01541932811960578}, "v2rl302": {"id": "c09_replay_150_0118_sla0.5", "base_id": "c09_replay_150_0118", "campus": 9, "size": 150, "condition": "sla0.5", "sla_multiplier": 0.5, "crew_multiplier": 1.0, "method": "v2rl302", "seed": 302, "feasible": 1, "wwt": 428.0, "makespan": 73.0, "mean_flow": 4.171666666666667, "breach_share": 0.06, "breach_p1": 0.6666666666666666, "breach_p2": 0.06944444444444445, "breach_p3": null, "breach_p4": 0.0, "wall_seconds": 0.015401116572320461}, "v2rl303": {"id": "c09_replay_150_0118_sla0.5", "base_id": "c09_replay_150_0118", "campus": 9, "size": 150, "condition": "sla0.5", "sla_multiplier": 0.5, "crew_multiplier": 1.0, "method": "v2rl303", "seed": 303, "feasible": 1, "wwt": 428.0, "makespan": 73.0, "mean_flow": 4.171666666666667, "breach_share": 0.06, "breach_p1": 0.6666666666666666, "breach_p2": 0.06944444444444445, "breach_p3": null, "breach_p4": 0.0, "wall_seconds": 0.015625523403286934}}, "methods_expected": ["edd", "wspt", "atc", "pfifo", "mor", "random", "v2rl301", "v2rl302", "v2rl303"], "infeasible": [], "wall_seconds_total": 0.05009191809222102}