{"shard_id": "c09_replay_400_0106", "id": "c09_replay_400_0106", "base_id": "c09_replay_400_0106", "campus": 9, "size": 400, "condition": "baseline", "rows": {"edd": {"id": "c09_replay_400_0106", "base_id": "c09_replay_400_0106", "campus": 9, "size": 400, "condition": "baseline", "sla_multiplier": 1.0, "crew_multiplier": 1.0, "method": "edd", "seed": 301, "feasible": 1, "wwt": 112.0, "makespan": 102.0, "mean_flow": 4.62575, "breach_share": 0.0075, "breach_p1": 0.11764705882352941, "breach_p2": 0.012195121951219513, "breach_p3": 0.0, "breach_p4": 0.0, "wall_seconds": 0.0006459536962211132}, "wspt": {"id": "c09_replay_400_0106", "base_id": "c09_replay_400_0106", "campus": 9, "size": 400, "condition": "baseline", "sla_multiplier": 1.0, "crew_multiplier": 1.0, "method": "wspt", "seed": 301, "feasible": 1, "wwt": 112.0, "makespan": 115.0, "mean_flow": 4.07683325, "breach_share": 0.0075, "breach_p1": 0.11764705882352941, "breach_p2": 0.012195121951219513, "breach_p3": 0.0, "breach_p4": 0.0, "wall_seconds": 0.0006520398892462254}, "atc": {"id": "c09_replay_400_0106", "base_id": "c09_replay_400_0106", "campus": 9, "size": 400, "condition": "baseline", "sla_multiplier": 1.0, "crew_multiplier": 1.0, "method": "atc", "seed": 301, "feasible": 1, "wwt": 112.0, "makespan": 102.0, "mean_flow": 4.10558325, "breach_share": 0.0075, "breach_p1": 0.11764705882352941, "breach_p2": 0.012195121951219513, "breach_p3": 0.0, "breach_p4": 0.0, "wall_seconds": 0.0009438688866794109}, "pfifo": {"id": "c09_replay_400_0106", "base_id": "c09_replay_400_0106", "campus": 9, "size": 400, "condition": "baseline", "sla_multiplier": 1.0, "crew_multiplier": 1.0, "method": "pfifo", "seed": 301, "feasible": 1, "wwt": 112.0, "makespan": 102.0, "mean_flow": 4.62575, "breach_share": 0.0075, "breach_p1": 0.11764705882352941, "breach_p2": 0.012195121951219513, "breach_p3": 0.0, "breach_p4": 0.0, "wall_seconds": 0.0006227237172424793}, "mor": {"id": "c09_replay_400_0106", "base_id": "c09_replay_400_0106", "campus": 9, "size": 400, "condition": "baseline", "sla_multiplier": 1.0, "crew_multiplier": 1.0, "method": "mor", "seed": 301, "feasible": 1, "wwt": 112.0, "makespan": 102.0, "mean_flow": 4.7511665, "breach_share": 0.0075, "breach_p1": 0.11764705882352941, "breach_p2": 0.012195121951219513, "breach_p3": 0.0, "breach_p4": 0.0, "wall_seconds": 0.0006124167703092098}, "random": {"id": "c09_replay_400_0106", "base_id": "c09_replay_400_0106", "campus": 9, "size": 400, "condition": "baseline", "sla_multiplier": 1.0, "crew_multiplier": 1.0, "method": "random", "seed": 301, "feasible": 1, "wwt": 112.0, "makespan": 114.5, "mean_flow": 4.33075, "breach_share": 0.0075, "breach_p1": 0.11764705882352941, "breach_p2": 0.012195121951219513, "breach_p3": 0.0, "breach_p4": 0.0, "wall_seconds": 0.0005321633070707321}, "v2rl301": {"id": "c09_replay_400_0106", "base_id": "c09_replay_400_0106", "campus": 9, "size": 400, "condition": "baseline", "sla_multiplier": 1.0, "crew_multiplier": 1.0, "method": "v2rl301", "seed": 301, "feasible": 1, "wwt": 112.0, "makespan": 102.0, "mean_flow": 4.7511665, "breach_share": 0.0075, "breach_p1": 0.11764705882352941, "breach_p2": 0.012195121951219513, "breach_p3": 0.0, "breach_p4": 0.0, "wall_seconds": 0.042198150884360075}, "v2rl302": {"id": "c09_replay_400_0106", "base_id": "c09_replay_400_0106", "campus": 9, "size": 400, "condition": "baseline", "sla_multiplier": 1.0, "crew_multiplier": 1.0, "method": "v2rl302", "seed": 302, "feasible": 1, "wwt": 112.0, "makespan": 102.0, "mean_flow": 4.7511665, "breach_share": 0.0075, "breach_p1": 0.11764705882352941, "breach_p2": 0.012195121951219513, "breach_p3": 0.0, "breach_p4": 0.0, "wall_seconds": 0.04140103003010154}, "v2rl303": {"id": "c09_replay_400_0106", "base_id": "c09_replay_400_0106", "campus": 9, "size": 400, "condition": "baseline", "sla_multiplier": 1.0, "crew_multiplier": 1.0, "method": "v2rl303", "seed": 303, "feasible": 1, "wwt": 112.0, "makespan": 102.0, "mean_flow": 4.7511665, "breach_share": 0.0075, "breach_p1": 0.11764705882352941, "breach_p2": 0.012195121951219513, "breach_p3": 0.0, "breach_p4": 0.0, "wall_seconds": 0.041112379636615515}}, "methods_expected": ["edd", "wspt", "atc", "pfifo", "mor", "random", "v2rl301", "v2rl302", "v2rl303"], "infeasible": [], "wall_seconds_total": 0.1323998123407364}