{"shard_id": "c09_replay_400_0107_m1.25", "id": "c09_replay_400_0107_m1.25", "base_id": "c09_replay_400_0107", "campus": 9, "size": 400, "condition": "crew1.25", "rows": {"edd": {"id": "c09_replay_400_0107_m1.25", "base_id": "c09_replay_400_0107", "campus": 9, "size": 400, "condition": "crew1.25", "sla_multiplier": 1.0, "crew_multiplier": 1.25, "method": "edd", "seed": 301, "feasible": 1, "wwt": 268.0, "makespan": 131.8648, "mean_flow": 3.89112025, "breach_share": 0.015, "breach_p1": 0.3, "breach_p2": 0.03333333333333333, "breach_p3": 0.0, "breach_p4": 0.0, "wall_seconds": 0.0007428107783198357}, "wspt": {"id": "c09_replay_400_0107_m1.25", "base_id": "c09_replay_400_0107", "campus": 9, "size": 400, "condition": "crew1.25", "sla_multiplier": 1.0, "crew_multiplier": 1.25, "method": "wspt", "seed": 301, "feasible": 1, "wwt": 268.0, "makespan": 131.3648, "mean_flow": 3.57199525, "breach_share": 0.015, "breach_p1": 0.3, "breach_p2": 0.03333333333333333, "breach_p3": 0.0, "breach_p4": 0.0, "wall_seconds": 0.0007703220471739769}, "atc": {"id": "c09_replay_400_0107_m1.25", "base_id": "c09_replay_400_0107", "campus": 9, "size": 400, "condition": "crew1.25", "sla_multiplier": 1.0, "crew_multiplier": 1.25, "method": "atc", "seed": 301, "feasible": 1, "wwt": 268.0, "makespan": 130.8648, "mean_flow": 3.57699525, "breach_share": 0.015, "breach_p1": 0.3, "breach_p2": 0.03333333333333333, "breach_p3": 0.0, "breach_p4": 0.0, "wall_seconds": 0.0012373519130051136}, "pfifo": {"id": "c09_replay_400_0107_m1.25", "base_id": "c09_replay_400_0107", "campus": 9, "size": 400, "condition": "crew1.25", "sla_multiplier": 1.0, "crew_multiplier": 1.25, "method": "pfifo", "seed": 301, "feasible": 1, "wwt": 268.0, "makespan": 131.8648, "mean_flow": 3.89112025, "breach_share": 0.015, "breach_p1": 0.3, "breach_p2": 0.03333333333333333, "breach_p3": 0.0, "breach_p4": 0.0, "wall_seconds": 0.0007224059663712978}, "mor": {"id": "c09_replay_400_0107_m1.25", "base_id": "c09_replay_400_0107", "campus": 9, "size": 400, "condition": "crew1.25", "sla_multiplier": 1.0, "crew_multiplier": 1.25, "method": "mor", "seed": 301, "feasible": 1, "wwt": 268.0, "makespan": 130.8648, "mean_flow": 4.154495, "breach_share": 0.015, "breach_p1": 0.3, "breach_p2": 0.03333333333333333, "breach_p3": 0.0, "breach_p4": 0.0, "wall_seconds": 0.0007131327874958515}, "random": {"id": "c09_replay_400_0107_m1.25", "base_id": "c09_replay_400_0107", "campus": 9, "size": 400, "condition": "crew1.25", "sla_multiplier": 1.0, "crew_multiplier": 1.25, "method": "random", "seed": 301, "feasible": 1, "wwt": 268.0, "makespan": 131.3648, "mean_flow": 3.6890785, "breach_share": 0.015, "breach_p1": 0.3, "breach_p2": 0.03333333333333333, "breach_p3": 0.0, "breach_p4": 0.0, "wall_seconds": 0.0005342969670891762}, "v2rl301": {"id": "c09_replay_400_0107_m1.25", "base_id": "c09_replay_400_0107", "campus": 9, "size": 400, "condition": "crew1.25", "sla_multiplier": 1.0, "crew_multiplier": 1.25, "method": "v2rl301", "seed": 301, "feasible": 1, "wwt": 268.0, "makespan": 130.8648, "mean_flow": 4.153245, "breach_share": 0.015, "breach_p1": 0.3, "breach_p2": 0.03333333333333333, "breach_p3": 0.0, "breach_p4": 0.0, "wall_seconds": 0.042487289290875196}, "v2rl302": {"id": "c09_replay_400_0107_m1.25", "base_id": "c09_replay_400_0107", "campus": 9, "size": 400, "condition": "crew1.25", "sla_multiplier": 1.0, "crew_multiplier": 1.25, "method": "v2rl302", "seed": 302, "feasible": 1, "wwt": 268.0, "makespan": 130.8648, "mean_flow": 4.15012, "breach_share": 0.015, "breach_p1": 0.3, "breach_p2": 0.03333333333333333, "breach_p3": 0.0, "breach_p4": 0.0, "wall_seconds": 0.04252232005819678}, "v2rl303": {"id": "c09_replay_400_0107_m1.25", "base_id": "c09_replay_400_0107", "campus": 9, "size": 400, "condition": "crew1.25", "sla_multiplier": 1.0, "crew_multiplier": 1.25, "method": "v2rl303", "seed": 303, "feasible": 1, "wwt": 268.0, "makespan": 130.8648, "mean_flow": 4.15012, "breach_share": 0.015, "breach_p1": 0.3, "breach_p2": 0.03333333333333333, "breach_p3": 0.0, "breach_p4": 0.0, "wall_seconds": 0.04227844579145312}}, "methods_expected": ["edd", "wspt", "atc", "pfifo", "mor", "random", "v2rl301", "v2rl302", "v2rl303"], "infeasible": [], "wall_seconds_total": 0.13644251879304647}