{"shard_id": "c09_replay_150_0127_m0.75", "id": "c09_replay_150_0127_m0.75", "base_id": "c09_replay_150_0127", "campus": 9, "size": 150, "condition": "crew0.75", "rows": {"edd": {"id": "c09_replay_150_0127_m0.75", "base_id": "c09_replay_150_0127", "campus": 9, "size": 150, "condition": "crew0.75", "sla_multiplier": 1.0, "crew_multiplier": 0.75, "method": "edd", "seed": 301, "feasible": 1, "wwt": 2.000000000000014, "makespan": 73.0, "mean_flow": 4.011221333333333, "breach_share": 0.006666666666666667, "breach_p1": 0.0, "breach_p2": 0.023255813953488372, "breach_p3": 0.0, "breach_p4": 0.0, "wall_seconds": 0.00024084234610199928}, "wspt": {"id": "c09_replay_150_0127_m0.75", "base_id": "c09_replay_150_0127", "campus": 9, "size": 150, "condition": "crew0.75", "sla_multiplier": 1.0, "crew_multiplier": 0.75, "method": "wspt", "seed": 301, "feasible": 1, "wwt": 2.000000000000014, "makespan": 73.0, "mean_flow": 4.004666, "breach_share": 0.006666666666666667, "breach_p1": 0.0, "breach_p2": 0.023255813953488372, "breach_p3": 0.0, "breach_p4": 0.0, "wall_seconds": 0.000249538104981184}, "atc": {"id": "c09_replay_150_0127_m0.75", "base_id": "c09_replay_150_0127", "campus": 9, "size": 150, "condition": "crew0.75", "sla_multiplier": 1.0, "crew_multiplier": 0.75, "method": "atc", "seed": 301, "feasible": 1, "wwt": 2.000000000000014, "makespan": 73.0, "mean_flow": 4.004666, "breach_share": 0.006666666666666667, "breach_p1": 0.0, "breach_p2": 0.023255813953488372, "breach_p3": 0.0, "breach_p4": 0.0, "wall_seconds": 0.0002959766425192356}, "pfifo": {"id": "c09_replay_150_0127_m0.75", "base_id": "c09_replay_150_0127", "campus": 9, "size": 150, "condition": "crew0.75", "sla_multiplier": 1.0, "crew_multiplier": 0.75, "method": "pfifo", "seed": 301, "feasible": 1, "wwt": 2.000000000000014, "makespan": 73.0, "mean_flow": 4.011221333333333, "breach_share": 0.006666666666666667, "breach_p1": 0.0, "breach_p2": 0.023255813953488372, "breach_p3": 0.0, "breach_p4": 0.0, "wall_seconds": 0.00022685714066028595}, "mor": {"id": "c09_replay_150_0127_m0.75", "base_id": "c09_replay_150_0127", "campus": 9, "size": 150, "condition": "crew0.75", "sla_multiplier": 1.0, "crew_multiplier": 0.75, "method": "mor", "seed": 301, "feasible": 1, "wwt": 2.000000000000014, "makespan": 73.0, "mean_flow": 4.011221333333333, "breach_share": 0.006666666666666667, "breach_p1": 0.0, "breach_p2": 0.023255813953488372, "breach_p3": 0.0, "breach_p4": 0.0, "wall_seconds": 0.00022643106058239937}, "random": {"id": "c09_replay_150_0127_m0.75", "base_id": "c09_replay_150_0127", "campus": 9, "size": 150, "condition": "crew0.75", "sla_multiplier": 1.0, "crew_multiplier": 0.75, "method": "random", "seed": 301, "feasible": 1, "wwt": 2.000000000000014, "makespan": 73.0, "mean_flow": 4.004888, "breach_share": 0.006666666666666667, "breach_p1": 0.0, "breach_p2": 0.023255813953488372, "breach_p3": 0.0, "breach_p4": 0.0, "wall_seconds": 0.000215108972042799}, "v2rl301": {"id": "c09_replay_150_0127_m0.75", "base_id": "c09_replay_150_0127", "campus": 9, "size": 150, "condition": "crew0.75", "sla_multiplier": 1.0, "crew_multiplier": 0.75, "method": "v2rl301", "seed": 301, "feasible": 1, "wwt": 2.000000000000014, "makespan": 73.0, "mean_flow": 4.011221333333333, "breach_share": 0.006666666666666667, "breach_p1": 0.0, "breach_p2": 0.023255813953488372, "breach_p3": 0.0, "breach_p4": 0.0, "wall_seconds": 0.015321949031203985}, "v2rl302": {"id": "c09_replay_150_0127_m0.75", "base_id": "c09_replay_150_0127", "campus": 9, "size": 150, "condition": "crew0.75", "sla_multiplier": 1.0, "crew_multiplier": 0.75, "method": "v2rl302", "seed": 302, "feasible": 1, "wwt": 2.000000000000014, "makespan": 73.0, "mean_flow": 4.011221333333333, "breach_share": 0.006666666666666667, "breach_p1": 0.0, "breach_p2": 0.023255813953488372, "breach_p3": 0.0, "breach_p4": 0.0, "wall_seconds": 0.014602064155042171}, "v2rl303": {"id": "c09_replay_150_0127_m0.75", "base_id": "c09_replay_150_0127", "campus": 9, "size": 150, "condition": "crew0.75", "sla_multiplier": 1.0, "crew_multiplier": 0.75, "method": "v2rl303", "seed": 303, "feasible": 1, "wwt": 2.000000000000014, "makespan": 73.0, "mean_flow": 4.011221333333333, "breach_share": 0.006666666666666667, "breach_p1": 0.0, "breach_p2": 0.023255813953488372, "breach_p3": 0.0, "breach_p4": 0.0, "wall_seconds": 0.014620804227888584}}, "methods_expected": ["edd", "wspt", "atc", "pfifo", "mor", "random", "v2rl301", "v2rl302", "v2rl303"], "infeasible": [], "wall_seconds_total": 0.04798840079456568}