{"shard_id": "c09_replay_150_0119_sla0.5", "id": "c09_replay_150_0119_sla0.5", "base_id": "c09_replay_150_0119", "campus": 9, "size": 150, "condition": "sla0.5", "rows": {"edd": {"id": "c09_replay_150_0119_sla0.5", "base_id": "c09_replay_150_0119", "campus": 9, "size": 150, "condition": "sla0.5", "sla_multiplier": 0.5, "crew_multiplier": 1.0, "method": "edd", "seed": 301, "feasible": 1, "wwt": 87.16480000000001, "makespan": 95.3481, "mean_flow": 5.330653999999999, "breach_share": 0.02, "breach_p1": 1.0, "breach_p2": 0.0, "breach_p3": 0.0, "breach_p4": 0.0078125, "wall_seconds": 0.0002925456501543522}, "wspt": {"id": "c09_replay_150_0119_sla0.5", "base_id": "c09_replay_150_0119", "campus": 9, "size": 150, "condition": "sla0.5", "sla_multiplier": 0.5, "crew_multiplier": 1.0, "method": "wspt", "seed": 301, "feasible": 1, "wwt": 87.16480000000001, "makespan": 95.3481, "mean_flow": 4.173987333333333, "breach_share": 0.02, "breach_p1": 1.0, "breach_p2": 0.0, "breach_p3": 0.0, "breach_p4": 0.0078125, "wall_seconds": 0.0003549102693796158}, "atc": {"id": "c09_replay_150_0119_sla0.5", "base_id": "c09_replay_150_0119", "campus": 9, "size": 150, "condition": "sla0.5", "sla_multiplier": 0.5, "crew_multiplier": 1.0, "method": "atc", "seed": 301, "feasible": 1, "wwt": 87.16480000000001, "makespan": 95.3481, "mean_flow": 4.173987333333333, "breach_share": 0.02, "breach_p1": 1.0, "breach_p2": 0.0, "breach_p3": 0.0, "breach_p4": 0.0078125, "wall_seconds": 0.00046437978744506836}, "pfifo": {"id": "c09_replay_150_0119_sla0.5", "base_id": "c09_replay_150_0119", "campus": 9, "size": 150, "condition": "sla0.5", "sla_multiplier": 0.5, "crew_multiplier": 1.0, "method": "pfifo", "seed": 301, "feasible": 1, "wwt": 87.16480000000001, "makespan": 95.3481, "mean_flow": 5.330653999999999, "breach_share": 0.02, "breach_p1": 1.0, "breach_p2": 0.0, "breach_p3": 0.0, "breach_p4": 0.0078125, "wall_seconds": 0.0002920283004641533}, "mor": {"id": "c09_replay_150_0119_sla0.5", "base_id": "c09_replay_150_0119", "campus": 9, "size": 150, "condition": "sla0.5", "sla_multiplier": 0.5, "crew_multiplier": 1.0, "method": "mor", "seed": 301, "feasible": 1, "wwt": 87.16480000000001, "makespan": 95.3481, "mean_flow": 6.632320666666666, "breach_share": 0.02, "breach_p1": 1.0, "breach_p2": 0.0, "breach_p3": 0.0, "breach_p4": 0.0078125, "wall_seconds": 0.000296630896627903}, "random": {"id": "c09_replay_150_0119_sla0.5", "base_id": "c09_replay_150_0119", "campus": 9, "size": 150, "condition": "sla0.5", "sla_multiplier": 0.5, "crew_multiplier": 1.0, "method": "random", "seed": 301, "feasible": 1, "wwt": 87.16480000000001, "makespan": 95.3481, "mean_flow": 5.305654, "breach_share": 0.02, "breach_p1": 1.0, "breach_p2": 0.0, "breach_p3": 0.0, "breach_p4": 0.0078125, "wall_seconds": 0.0002504768781363964}, "v2rl301": {"id": "c09_replay_150_0119_sla0.5", "base_id": "c09_replay_150_0119", "campus": 9, "size": 150, "condition": "sla0.5", "sla_multiplier": 0.5, "crew_multiplier": 1.0, "method": "v2rl301", "seed": 301, "feasible": 1, "wwt": 87.16480000000001, "makespan": 95.3481, "mean_flow": 6.608987333333332, "breach_share": 0.02, "breach_p1": 1.0, "breach_p2": 0.0, "breach_p3": 0.0, "breach_p4": 0.0078125, "wall_seconds": 0.019137765746563673}, "v2rl302": {"id": "c09_replay_150_0119_sla0.5", "base_id": "c09_replay_150_0119", "campus": 9, "size": 150, "condition": "sla0.5", "sla_multiplier": 0.5, "crew_multiplier": 1.0, "method": "v2rl302", "seed": 302, "feasible": 1, "wwt": 87.16480000000001, "makespan": 95.3481, "mean_flow": 6.632320666666666, "breach_share": 0.02, "breach_p1": 1.0, "breach_p2": 0.0, "breach_p3": 0.0, "breach_p4": 0.0078125, "wall_seconds": 0.015843953005969524}, "v2rl303": {"id": "c09_replay_150_0119_sla0.5", "base_id": "c09_replay_150_0119", "campus": 9, "size": 150, "condition": "sla0.5", "sla_multiplier": 0.5, "crew_multiplier": 1.0, "method": "v2rl303", "seed": 303, "feasible": 1, "wwt": 87.16480000000001, "makespan": 95.3481, "mean_flow": 6.632320666666666, "breach_share": 0.02, "breach_p1": 1.0, "breach_p2": 0.0, "breach_p3": 0.0, "breach_p4": 0.0078125, "wall_seconds": 0.015748756006360054}}, "methods_expected": ["edd", "wspt", "atc", "pfifo", "mor", "random", "v2rl301", "v2rl302", "v2rl303"], "infeasible": [], "wall_seconds_total": 0.05487180221825838}