{"shard_id": "c09_replay_400_0125_sla1.5", "id": "c09_replay_400_0125_sla1.5", "base_id": "c09_replay_400_0125", "campus": 9, "size": 400, "condition": "sla1.5", "rows": {"edd": {"id": "c09_replay_400_0125_sla1.5", "base_id": "c09_replay_400_0125", "campus": 9, "size": 400, "condition": "sla1.5", "sla_multiplier": 1.5, "crew_multiplier": 1.0, "method": "edd", "seed": 301, "feasible": 1, "wwt": 104.0, "makespan": 76.0, "mean_flow": 3.5357499999999997, "breach_share": 0.0025, "breach_p1": 0.07692307692307693, "breach_p2": 0.0, "breach_p3": 0.0, "breach_p4": 0.0, "wall_seconds": 0.0006358902901411057}, "wspt": {"id": "c09_replay_400_0125_sla1.5", "base_id": "c09_replay_400_0125", "campus": 9, "size": 400, "condition": "sla1.5", "sla_multiplier": 1.5, "crew_multiplier": 1.0, "method": "wspt", "seed": 301, "feasible": 1, "wwt": 116.0, "makespan": 76.5, "mean_flow": 3.4376665, "breach_share": 0.0025, "breach_p1": 0.07692307692307693, "breach_p2": 0.0, "breach_p3": 0.0, "breach_p4": 0.0, "wall_seconds": 0.0006534368731081486}, "atc": {"id": "c09_replay_400_0125_sla1.5", "base_id": "c09_replay_400_0125", "campus": 9, "size": 400, "condition": "sla1.5", "sla_multiplier": 1.5, "crew_multiplier": 1.0, "method": "atc", "seed": 301, "feasible": 1, "wwt": 104.0, "makespan": 76.5, "mean_flow": 3.4689165, "breach_share": 0.0025, "breach_p1": 0.07692307692307693, "breach_p2": 0.0, "breach_p3": 0.0, "breach_p4": 0.0, "wall_seconds": 0.0009096208959817886}, "pfifo": {"id": "c09_replay_400_0125_sla1.5", "base_id": "c09_replay_400_0125", "campus": 9, "size": 400, "condition": "sla1.5", "sla_multiplier": 1.5, "crew_multiplier": 1.0, "method": "pfifo", "seed": 301, "feasible": 1, "wwt": 104.0, "makespan": 76.0, "mean_flow": 3.5357499999999997, "breach_share": 0.0025, "breach_p1": 0.07692307692307693, "breach_p2": 0.0, "breach_p3": 0.0, "breach_p4": 0.0, "wall_seconds": 0.0006278418004512787}, "mor": {"id": "c09_replay_400_0125_sla1.5", "base_id": "c09_replay_400_0125", "campus": 9, "size": 400, "condition": "sla1.5", "sla_multiplier": 1.5, "crew_multiplier": 1.0, "method": "mor", "seed": 301, "feasible": 1, "wwt": 104.0, "makespan": 76.0, "mean_flow": 3.5722500000000004, "breach_share": 0.0025, "breach_p1": 0.07692307692307693, "breach_p2": 0.0, "breach_p3": 0.0, "breach_p4": 0.0, "wall_seconds": 0.0006074719130992889}, "random": {"id": "c09_replay_400_0125_sla1.5", "base_id": "c09_replay_400_0125", "campus": 9, "size": 400, "condition": "sla1.5", "sla_multiplier": 1.5, "crew_multiplier": 1.0, "method": "random", "seed": 301, "feasible": 1, "wwt": 104.0, "makespan": 76.0, "mean_flow": 3.50183325, "breach_share": 0.0025, "breach_p1": 0.07692307692307693, "breach_p2": 0.0, "breach_p3": 0.0, "breach_p4": 0.0, "wall_seconds": 0.0005337200127542019}, "v2rl301": {"id": "c09_replay_400_0125_sla1.5", "base_id": "c09_replay_400_0125", "campus": 9, "size": 400, "condition": "sla1.5", "sla_multiplier": 1.5, "crew_multiplier": 1.0, "method": "v2rl301", "seed": 301, "feasible": 1, "wwt": 104.0, "makespan": 76.0, "mean_flow": 3.5678750000000004, "breach_share": 0.0025, "breach_p1": 0.07692307692307693, "breach_p2": 0.0, "breach_p3": 0.0, "breach_p4": 0.0, "wall_seconds": 0.041740057058632374}, "v2rl302": {"id": "c09_replay_400_0125_sla1.5", "base_id": "c09_replay_400_0125", "campus": 9, "size": 400, "condition": "sla1.5", "sla_multiplier": 1.5, "crew_multiplier": 1.0, "method": "v2rl302", "seed": 302, "feasible": 1, "wwt": 104.0, "makespan": 76.0, "mean_flow": 3.5722500000000004, "breach_share": 0.0025, "breach_p1": 0.07692307692307693, "breach_p2": 0.0, "breach_p3": 0.0, "breach_p4": 0.0, "wall_seconds": 0.04192334692925215}, "v2rl303": {"id": "c09_replay_400_0125_sla1.5", "base_id": "c09_replay_400_0125", "campus": 9, "size": 400, "condition": "sla1.5", "sla_multiplier": 1.5, "crew_multiplier": 1.0, "method": "v2rl303", "seed": 303, "feasible": 1, "wwt": 104.0, "makespan": 76.0, "mean_flow": 3.571, "breach_share": 0.0025, "breach_p1": 0.07692307692307693, "breach_p2": 0.0, "breach_p3": 0.0, "breach_p4": 0.0, "wall_seconds": 0.04102154495194554}}, "methods_expected": ["edd", "wspt", "atc", "pfifo", "mor", "random", "v2rl301", "v2rl302", "v2rl303"], "infeasible": [], "wall_seconds_total": 0.1331502879038453}