{"shard_id": "c09_replay_150_0108_m1.25", "id": "c09_replay_150_0108_m1.25", "base_id": "c09_replay_150_0108", "campus": 9, "size": 150, "condition": "crew1.25", "rows": {"edd": {"id": "c09_replay_150_0108_m1.25", "base_id": "c09_replay_150_0108", "campus": 9, "size": 150, "condition": "crew1.25", "sla_multiplier": 1.0, "crew_multiplier": 1.25, "method": "edd", "seed": 301, "feasible": 1, "wwt": 10.0, "makespan": 32.0, "mean_flow": 3.3533333333333335, "breach_share": 0.006666666666666667, "breach_p1": 0.0, "breach_p2": 0.022222222222222223, "breach_p3": 0.0, "breach_p4": 0.0, "wall_seconds": 0.00028911931440234184}, "wspt": {"id": "c09_replay_150_0108_m1.25", "base_id": "c09_replay_150_0108", "campus": 9, "size": 150, "condition": "crew1.25", "sla_multiplier": 1.0, "crew_multiplier": 1.25, "method": "wspt", "seed": 301, "feasible": 1, "wwt": 10.0, "makespan": 33.0, "mean_flow": 3.348333333333333, "breach_share": 0.006666666666666667, "breach_p1": 0.0, "breach_p2": 0.022222222222222223, "breach_p3": 0.0, "breach_p4": 0.0, "wall_seconds": 0.00028300611302256584}, "atc": {"id": "c09_replay_150_0108_m1.25", "base_id": "c09_replay_150_0108", "campus": 9, "size": 150, "condition": "crew1.25", "sla_multiplier": 1.0, "crew_multiplier": 1.25, "method": "atc", "seed": 301, "feasible": 1, "wwt": 10.0, "makespan": 33.0, "mean_flow": 3.348333333333333, "breach_share": 0.006666666666666667, "breach_p1": 0.0, "breach_p2": 0.022222222222222223, "breach_p3": 0.0, "breach_p4": 0.0, "wall_seconds": 0.00037185102701187134}, "pfifo": {"id": "c09_replay_150_0108_m1.25", "base_id": "c09_replay_150_0108", "campus": 9, "size": 150, "condition": "crew1.25", "sla_multiplier": 1.0, "crew_multiplier": 1.25, "method": "pfifo", "seed": 301, "feasible": 1, "wwt": 10.0, "makespan": 32.0, "mean_flow": 3.3533333333333335, "breach_share": 0.006666666666666667, "breach_p1": 0.0, "breach_p2": 0.022222222222222223, "breach_p3": 0.0, "breach_p4": 0.0, "wall_seconds": 0.00026279687881469727}, "mor": {"id": "c09_replay_150_0108_m1.25", "base_id": "c09_replay_150_0108", "campus": 9, "size": 150, "condition": "crew1.25", "sla_multiplier": 1.0, "crew_multiplier": 1.25, "method": "mor", "seed": 301, "feasible": 1, "wwt": 10.0, "makespan": 32.0, "mean_flow": 3.4066666666666667, "breach_share": 0.006666666666666667, "breach_p1": 0.0, "breach_p2": 0.022222222222222223, "breach_p3": 0.0, "breach_p4": 0.0, "wall_seconds": 0.0002567772753536701}, "random": {"id": "c09_replay_150_0108_m1.25", "base_id": "c09_replay_150_0108", "campus": 9, "size": 150, "condition": "crew1.25", "sla_multiplier": 1.0, "crew_multiplier": 1.25, "method": "random", "seed": 301, "feasible": 1, "wwt": 10.0, "makespan": 32.0, "mean_flow": 3.38, "breach_share": 0.006666666666666667, "breach_p1": 0.0, "breach_p2": 0.022222222222222223, "breach_p3": 0.0, "breach_p4": 0.0, "wall_seconds": 0.0002188580110669136}, "v2rl301": {"id": "c09_replay_150_0108_m1.25", "base_id": "c09_replay_150_0108", "campus": 9, "size": 150, "condition": "crew1.25", "sla_multiplier": 1.0, "crew_multiplier": 1.25, "method": "v2rl301", "seed": 301, "feasible": 1, "wwt": 10.0, "makespan": 32.0, "mean_flow": 3.4033333333333333, "breach_share": 0.006666666666666667, "breach_p1": 0.0, "breach_p2": 0.022222222222222223, "breach_p3": 0.0, "breach_p4": 0.0, "wall_seconds": 0.015640413854271173}, "v2rl302": {"id": "c09_replay_150_0108_m1.25", "base_id": "c09_replay_150_0108", "campus": 9, "size": 150, "condition": "crew1.25", "sla_multiplier": 1.0, "crew_multiplier": 1.25, "method": "v2rl302", "seed": 302, "feasible": 1, "wwt": 10.0, "makespan": 32.0, "mean_flow": 3.4033333333333333, "breach_share": 0.006666666666666667, "breach_p1": 0.0, "breach_p2": 0.022222222222222223, "breach_p3": 0.0, "breach_p4": 0.0, "wall_seconds": 0.01528649590909481}, "v2rl303": {"id": "c09_replay_150_0108_m1.25", "base_id": "c09_replay_150_0108", "campus": 9, "size": 150, "condition": "crew1.25", "sla_multiplier": 1.0, "crew_multiplier": 1.25, "method": "v2rl303", "seed": 303, "feasible": 1, "wwt": 10.0, "makespan": 32.0, "mean_flow": 3.4033333333333333, "breach_share": 0.006666666666666667, "breach_p1": 0.0, "breach_p2": 0.022222222222222223, "breach_p3": 0.0, "breach_p4": 0.0, "wall_seconds": 0.015774755273014307}}, "methods_expected": ["edd", "wspt", "atc", "pfifo", "mor", "random", "v2rl301", "v2rl302", "v2rl303"], "infeasible": [], "wall_seconds_total": 0.05047978600487113}