{"shard_id": "c09_replay_400_0127_sla0.5", "id": "c09_replay_400_0127_sla0.5", "base_id": "c09_replay_400_0127", "campus": 9, "size": 400, "condition": "sla0.5", "rows": {"edd": {"id": "c09_replay_400_0127_sla0.5", "base_id": "c09_replay_400_0127", "campus": 9, "size": 400, "condition": "sla0.5", "sla_multiplier": 0.5, "crew_multiplier": 1.0, "method": "edd", "seed": 301, "feasible": 1, "wwt": 450.0, "makespan": 49.75, "mean_flow": 6.370625, "breach_share": 0.0125, "breach_p1": 0.5714285714285714, "breach_p2": 0.07142857142857142, "breach_p3": 0.0, "breach_p4": 0.0, "wall_seconds": 0.0009918720461428165}, "wspt": {"id": "c09_replay_400_0127_sla0.5", "base_id": "c09_replay_400_0127", "campus": 9, "size": 400, "condition": "sla0.5", "sla_multiplier": 0.5, "crew_multiplier": 1.0, "method": "wspt", "seed": 301, "feasible": 1, "wwt": 450.0, "makespan": 54.25, "mean_flow": 4.225, "breach_share": 0.0125, "breach_p1": 0.5714285714285714, "breach_p2": 0.07142857142857142, "breach_p3": 0.0, "breach_p4": 0.0, "wall_seconds": 0.0011776890605688095}, "atc": {"id": "c09_replay_400_0127_sla0.5", "base_id": "c09_replay_400_0127", "campus": 9, "size": 400, "condition": "sla0.5", "sla_multiplier": 0.5, "crew_multiplier": 1.0, "method": "atc", "seed": 301, "feasible": 1, "wwt": 450.0, "makespan": 54.25, "mean_flow": 4.23, "breach_share": 0.0125, "breach_p1": 0.5714285714285714, "breach_p2": 0.07142857142857142, "breach_p3": 0.0, "breach_p4": 0.0, "wall_seconds": 0.002409619279205799}, "pfifo": {"id": "c09_replay_400_0127_sla0.5", "base_id": "c09_replay_400_0127", "campus": 9, "size": 400, "condition": "sla0.5", "sla_multiplier": 0.5, "crew_multiplier": 1.0, "method": "pfifo", "seed": 301, "feasible": 1, "wwt": 450.0, "makespan": 49.75, "mean_flow": 6.370625, "breach_share": 0.0125, "breach_p1": 0.5714285714285714, "breach_p2": 0.07142857142857142, "breach_p3": 0.0, "breach_p4": 0.0, "wall_seconds": 0.0010425993241369724}, "mor": {"id": "c09_replay_400_0127_sla0.5", "base_id": "c09_replay_400_0127", "campus": 9, "size": 400, "condition": "sla0.5", "sla_multiplier": 0.5, "crew_multiplier": 1.0, "method": "mor", "seed": 301, "feasible": 1, "wwt": 562.0, "makespan": 49.75, "mean_flow": 7.631875, "breach_share": 0.015, "breach_p1": 0.7142857142857143, "breach_p2": 0.07142857142857142, "breach_p3": 0.0, "breach_p4": 0.0, "wall_seconds": 0.0010255072265863419}, "random": {"id": "c09_replay_400_0127_sla0.5", "base_id": "c09_replay_400_0127", "campus": 9, "size": 400, "condition": "sla0.5", "sla_multiplier": 0.5, "crew_multiplier": 1.0, "method": "random", "seed": 301, "feasible": 1, "wwt": 512.0, "makespan": 53.25, "mean_flow": 5.66, "breach_share": 0.015, "breach_p1": 0.7142857142857143, "breach_p2": 0.07142857142857142, "breach_p3": 0.0, "breach_p4": 0.0, "wall_seconds": 0.0005184393376111984}, "v2rl301": {"id": "c09_replay_400_0127_sla0.5", "base_id": "c09_replay_400_0127", "campus": 9, "size": 400, "condition": "sla0.5", "sla_multiplier": 0.5, "crew_multiplier": 1.0, "method": "v2rl301", "seed": 301, "feasible": 1, "wwt": 450.0, "makespan": 49.75, "mean_flow": 7.606875, "breach_share": 0.0125, "breach_p1": 0.5714285714285714, "breach_p2": 0.07142857142857142, "breach_p3": 0.0, "breach_p4": 0.0, "wall_seconds": 0.05065183900296688}, "v2rl302": {"id": "c09_replay_400_0127_sla0.5", "base_id": "c09_replay_400_0127", "campus": 9, "size": 400, "condition": "sla0.5", "sla_multiplier": 0.5, "crew_multiplier": 1.0, "method": "v2rl302", "seed": 302, "feasible": 1, "wwt": 450.0, "makespan": 49.75, "mean_flow": 7.606875, "breach_share": 0.0125, "breach_p1": 0.5714285714285714, "breach_p2": 0.07142857142857142, "breach_p3": 0.0, "breach_p4": 0.0, "wall_seconds": 0.0485009946860373}, "v2rl303": {"id": "c09_replay_400_0127_sla0.5", "base_id": "c09_replay_400_0127", "campus": 9, "size": 400, "condition": "sla0.5", "sla_multiplier": 0.5, "crew_multiplier": 1.0, "method": "v2rl303", "seed": 303, "feasible": 1, "wwt": 450.0, "makespan": 52.75, "mean_flow": 6.074375, "breach_share": 0.0125, "breach_p1": 0.5714285714285714, "breach_p2": 0.07142857142857142, "breach_p3": 0.0, "breach_p4": 0.0, "wall_seconds": 0.04769592126831412}}, "methods_expected": ["edd", "wspt", "atc", "pfifo", "mor", "random", "v2rl301", "v2rl302", "v2rl303"], "infeasible": [], "wall_seconds_total": 0.1584688569419086}