{"shard_id": "c09_replay_150_0102_m0.75", "id": "c09_replay_150_0102_m0.75", "base_id": "c09_replay_150_0102", "campus": 9, "size": 150, "condition": "crew0.75", "rows": {"edd": {"id": "c09_replay_150_0102_m0.75", "base_id": "c09_replay_150_0102", "campus": 9, "size": 150, "condition": "crew0.75", "sla_multiplier": 1.0, "crew_multiplier": 0.75, "method": "edd", "seed": 301, "feasible": 1, "wwt": 402.0, "makespan": 104.75, "mean_flow": 9.563333333333333, "breach_share": 0.02666666666666667, "breach_p1": 0.16666666666666666, "breach_p2": 0.0, "breach_p3": null, "breach_p4": 0.0, "wall_seconds": 0.00031584687530994415}, "wspt": {"id": "c09_replay_150_0102_m0.75", "base_id": "c09_replay_150_0102", "campus": 9, "size": 150, "condition": "crew0.75", "sla_multiplier": 1.0, "crew_multiplier": 0.75, "method": "wspt", "seed": 301, "feasible": 1, "wwt": 402.0, "makespan": 104.75, "mean_flow": 4.536666666666667, "breach_share": 0.02666666666666667, "breach_p1": 0.16666666666666666, "breach_p2": 0.0, "breach_p3": null, "breach_p4": 0.0, "wall_seconds": 0.00033983588218688965}, "atc": {"id": "c09_replay_150_0102_m0.75", "base_id": "c09_replay_150_0102", "campus": 9, "size": 150, "condition": "crew0.75", "sla_multiplier": 1.0, "crew_multiplier": 0.75, "method": "atc", "seed": 301, "feasible": 1, "wwt": 402.0, "makespan": 104.75, "mean_flow": 4.556666666666667, "breach_share": 0.02666666666666667, "breach_p1": 0.16666666666666666, "breach_p2": 0.0, "breach_p3": null, "breach_p4": 0.0, "wall_seconds": 0.000564265064895153}, "pfifo": {"id": "c09_replay_150_0102_m0.75", "base_id": "c09_replay_150_0102", "campus": 9, "size": 150, "condition": "crew0.75", "sla_multiplier": 1.0, "crew_multiplier": 0.75, "method": "pfifo", "seed": 301, "feasible": 1, "wwt": 402.0, "makespan": 104.75, "mean_flow": 9.563333333333333, "breach_share": 0.02666666666666667, "breach_p1": 0.16666666666666666, "breach_p2": 0.0, "breach_p3": null, "breach_p4": 0.0, "wall_seconds": 0.0003021238371729851}, "mor": {"id": "c09_replay_150_0102_m0.75", "base_id": "c09_replay_150_0102", "campus": 9, "size": 150, "condition": "crew0.75", "sla_multiplier": 1.0, "crew_multiplier": 0.75, "method": "mor", "seed": 301, "feasible": 1, "wwt": 530.0, "makespan": 104.75, "mean_flow": 11.161666666666667, "breach_share": 0.03333333333333333, "breach_p1": 0.20833333333333334, "breach_p2": 0.0, "breach_p3": null, "breach_p4": 0.0, "wall_seconds": 0.00031788693740963936}, "random": {"id": "c09_replay_150_0102_m0.75", "base_id": "c09_replay_150_0102", "campus": 9, "size": 150, "condition": "crew0.75", "sla_multiplier": 1.0, "crew_multiplier": 0.75, "method": "random", "seed": 301, "feasible": 1, "wwt": 498.0, "makespan": 104.75, "mean_flow": 5.866666666666666, "breach_share": 0.03333333333333333, "breach_p1": 0.20833333333333334, "breach_p2": 0.0, "breach_p3": null, "breach_p4": 0.0, "wall_seconds": 0.00021998491138219833}, "v2rl301": {"id": "c09_replay_150_0102_m0.75", "base_id": "c09_replay_150_0102", "campus": 9, "size": 150, "condition": "crew0.75", "sla_multiplier": 1.0, "crew_multiplier": 0.75, "method": "v2rl301", "seed": 301, "feasible": 1, "wwt": 402.0, "makespan": 104.75, "mean_flow": 11.115, "breach_share": 0.02666666666666667, "breach_p1": 0.16666666666666666, "breach_p2": 0.0, "breach_p3": null, "breach_p4": 0.0, "wall_seconds": 0.01658067898824811}, "v2rl302": {"id": "c09_replay_150_0102_m0.75", "base_id": "c09_replay_150_0102", "campus": 9, "size": 150, "condition": "crew0.75", "sla_multiplier": 1.0, "crew_multiplier": 0.75, "method": "v2rl302", "seed": 302, "feasible": 1, "wwt": 402.0, "makespan": 104.75, "mean_flow": 11.115, "breach_share": 0.02666666666666667, "breach_p1": 0.16666666666666666, "breach_p2": 0.0, "breach_p3": null, "breach_p4": 0.0, "wall_seconds": 0.01598862186074257}, "v2rl303": {"id": "c09_replay_150_0102_m0.75", "base_id": "c09_replay_150_0102", "campus": 9, "size": 150, "condition": "crew0.75", "sla_multiplier": 1.0, "crew_multiplier": 0.75, "method": "v2rl303", "seed": 303, "feasible": 1, "wwt": 402.0, "makespan": 104.75, "mean_flow": 10.998333333333333, "breach_share": 0.02666666666666667, "breach_p1": 0.16666666666666666, "breach_p2": 0.0, "breach_p3": null, "breach_p4": 0.0, "wall_seconds": 0.01608276180922985}}, "methods_expected": ["edd", "wspt", "atc", "pfifo", "mor", "random", "v2rl301", "v2rl302", "v2rl303"], "infeasible": [], "wall_seconds_total": 0.05274913506582379}