{"shard_id": "c09_replay_150_0128", "id": "c09_replay_150_0128", "base_id": "c09_replay_150_0128", "campus": 9, "size": 150, "condition": "baseline", "rows": {"edd": {"id": "c09_replay_150_0128", "base_id": "c09_replay_150_0128", "campus": 9, "size": 150, "condition": "baseline", "sla_multiplier": 1.0, "crew_multiplier": 1.0, "method": "edd", "seed": 301, "feasible": 1, "wwt": 379.4592, "makespan": 114.8648, "mean_flow": 4.788518666666667, "breach_share": 0.013333333333333334, "breach_p1": 0.3333333333333333, "breach_p2": 0.02702702702702703, "breach_p3": null, "breach_p4": 0.0, "wall_seconds": 0.00030947476625442505}, "wspt": {"id": "c09_replay_150_0128", "base_id": "c09_replay_150_0128", "campus": 9, "size": 150, "condition": "baseline", "sla_multiplier": 1.0, "crew_multiplier": 1.0, "method": "wspt", "seed": 301, "feasible": 1, "wwt": 379.4592, "makespan": 114.8648, "mean_flow": 4.768518666666667, "breach_share": 0.013333333333333334, "breach_p1": 0.3333333333333333, "breach_p2": 0.02702702702702703, "breach_p3": null, "breach_p4": 0.0, "wall_seconds": 0.00029844092205166817}, "atc": {"id": "c09_replay_150_0128", "base_id": "c09_replay_150_0128", "campus": 9, "size": 150, "condition": "baseline", "sla_multiplier": 1.0, "crew_multiplier": 1.0, "method": "atc", "seed": 301, "feasible": 1, "wwt": 379.4592, "makespan": 114.8648, "mean_flow": 4.768518666666667, "breach_share": 0.013333333333333334, "breach_p1": 0.3333333333333333, "breach_p2": 0.02702702702702703, "breach_p3": null, "breach_p4": 0.0, "wall_seconds": 0.00032198475673794746}, "pfifo": {"id": "c09_replay_150_0128", "base_id": "c09_replay_150_0128", "campus": 9, "size": 150, "condition": "baseline", "sla_multiplier": 1.0, "crew_multiplier": 1.0, "method": "pfifo", "seed": 301, "feasible": 1, "wwt": 379.4592, "makespan": 114.8648, "mean_flow": 4.788518666666667, "breach_share": 0.013333333333333334, "breach_p1": 0.3333333333333333, "breach_p2": 0.02702702702702703, "breach_p3": null, "breach_p4": 0.0, "wall_seconds": 0.0002335631288588047}, "mor": {"id": "c09_replay_150_0128", "base_id": "c09_replay_150_0128", "campus": 9, "size": 150, "condition": "baseline", "sla_multiplier": 1.0, "crew_multiplier": 1.0, "method": "mor", "seed": 301, "feasible": 1, "wwt": 379.4592, "makespan": 114.8648, "mean_flow": 4.820185333333334, "breach_share": 0.013333333333333334, "breach_p1": 0.3333333333333333, "breach_p2": 0.02702702702702703, "breach_p3": null, "breach_p4": 0.0, "wall_seconds": 0.0002372092567384243}, "random": {"id": "c09_replay_150_0128", "base_id": "c09_replay_150_0128", "campus": 9, "size": 150, "condition": "baseline", "sla_multiplier": 1.0, "crew_multiplier": 1.0, "method": "random", "seed": 301, "feasible": 1, "wwt": 379.4592, "makespan": 114.8648, "mean_flow": 4.775185333333334, "breach_share": 0.013333333333333334, "breach_p1": 0.3333333333333333, "breach_p2": 0.02702702702702703, "breach_p3": null, "breach_p4": 0.0, "wall_seconds": 0.00022337306290864944}, "v2rl301": {"id": "c09_replay_150_0128", "base_id": "c09_replay_150_0128", "campus": 9, "size": 150, "condition": "baseline", "sla_multiplier": 1.0, "crew_multiplier": 1.0, "method": "v2rl301", "seed": 301, "feasible": 1, "wwt": 379.4592, "makespan": 114.8648, "mean_flow": 4.820185333333334, "breach_share": 0.013333333333333334, "breach_p1": 0.3333333333333333, "breach_p2": 0.02702702702702703, "breach_p3": null, "breach_p4": 0.0, "wall_seconds": 0.015199678018689156}, "v2rl302": {"id": "c09_replay_150_0128", "base_id": "c09_replay_150_0128", "campus": 9, "size": 150, "condition": "baseline", "sla_multiplier": 1.0, "crew_multiplier": 1.0, "method": "v2rl302", "seed": 302, "feasible": 1, "wwt": 379.4592, "makespan": 114.8648, "mean_flow": 4.820185333333334, "breach_share": 0.013333333333333334, "breach_p1": 0.3333333333333333, "breach_p2": 0.02702702702702703, "breach_p3": null, "breach_p4": 0.0, "wall_seconds": 0.014991246163845062}, "v2rl303": {"id": "c09_replay_150_0128", "base_id": "c09_replay_150_0128", "campus": 9, "size": 150, "condition": "baseline", "sla_multiplier": 1.0, "crew_multiplier": 1.0, "method": "v2rl303", "seed": 303, "feasible": 1, "wwt": 379.4592, "makespan": 114.8648, "mean_flow": 4.820185333333334, "breach_share": 0.013333333333333334, "breach_p1": 0.3333333333333333, "breach_p2": 0.02702702702702703, "breach_p3": null, "breach_p4": 0.0, "wall_seconds": 0.015030479989945889}}, "methods_expected": ["edd", "wspt", "atc", "pfifo", "mor", "random", "v2rl301", "v2rl302", "v2rl303"], "infeasible": [], "wall_seconds_total": 0.04861193196848035}