{"shard_id": "c09_replay_400_0115", "id": "c09_replay_400_0115", "base_id": "c09_replay_400_0115", "campus": 9, "size": 400, "condition": "baseline", "rows": {"edd": {"id": "c09_replay_400_0115", "base_id": "c09_replay_400_0115", "campus": 9, "size": 400, "condition": "baseline", "sla_multiplier": 1.0, "crew_multiplier": 1.0, "method": "edd", "seed": 301, "feasible": 1, "wwt": 229.00000000000003, "makespan": 70.83330000000001, "mean_flow": 3.8817920000000004, "breach_share": 0.015, "breach_p1": 0.23529411764705882, "breach_p2": 0.022727272727272728, "breach_p3": null, "breach_p4": 0.0, "wall_seconds": 0.0006310129538178444}, "wspt": {"id": "c09_replay_400_0115", "base_id": "c09_replay_400_0115", "campus": 9, "size": 400, "condition": "baseline", "sla_multiplier": 1.0, "crew_multiplier": 1.0, "method": "wspt", "seed": 301, "feasible": 1, "wwt": 231.00000000000003, "makespan": 70.83330000000001, "mean_flow": 3.8579584999999996, "breach_share": 0.015, "breach_p1": 0.23529411764705882, "breach_p2": 0.022727272727272728, "breach_p3": null, "breach_p4": 0.0, "wall_seconds": 0.0006292057223618031}, "atc": {"id": "c09_replay_400_0115", "base_id": "c09_replay_400_0115", "campus": 9, "size": 400, "condition": "baseline", "sla_multiplier": 1.0, "crew_multiplier": 1.0, "method": "atc", "seed": 301, "feasible": 1, "wwt": 229.00000000000003, "makespan": 70.83330000000001, "mean_flow": 3.8585417500000005, "breach_share": 0.015, "breach_p1": 0.23529411764705882, "breach_p2": 0.022727272727272728, "breach_p3": null, "breach_p4": 0.0, "wall_seconds": 0.0008580121211707592}, "pfifo": {"id": "c09_replay_400_0115", "base_id": "c09_replay_400_0115", "campus": 9, "size": 400, "condition": "baseline", "sla_multiplier": 1.0, "crew_multiplier": 1.0, "method": "pfifo", "seed": 301, "feasible": 1, "wwt": 229.00000000000003, "makespan": 70.83330000000001, "mean_flow": 3.8817920000000004, "breach_share": 0.015, "breach_p1": 0.23529411764705882, "breach_p2": 0.022727272727272728, "breach_p3": null, "breach_p4": 0.0, "wall_seconds": 0.0006043650209903717}, "mor": {"id": "c09_replay_400_0115", "base_id": "c09_replay_400_0115", "campus": 9, "size": 400, "condition": "baseline", "sla_multiplier": 1.0, "crew_multiplier": 1.0, "method": "mor", "seed": 301, "feasible": 1, "wwt": 233.00000000000003, "makespan": 70.83330000000001, "mean_flow": 3.9274585, "breach_share": 0.0175, "breach_p1": 0.29411764705882354, "breach_p2": 0.022727272727272728, "breach_p3": null, "breach_p4": 0.0, "wall_seconds": 0.0005925707519054413}, "random": {"id": "c09_replay_400_0115", "base_id": "c09_replay_400_0115", "campus": 9, "size": 400, "condition": "baseline", "sla_multiplier": 1.0, "crew_multiplier": 1.0, "method": "random", "seed": 301, "feasible": 1, "wwt": 232.73320000000004, "makespan": 70.83330000000001, "mean_flow": 3.89112525, "breach_share": 0.015, "breach_p1": 0.23529411764705882, "breach_p2": 0.022727272727272728, "breach_p3": null, "breach_p4": 0.0, "wall_seconds": 0.0005253218114376068}, "v2rl301": {"id": "c09_replay_400_0115", "base_id": "c09_replay_400_0115", "campus": 9, "size": 400, "condition": "baseline", "sla_multiplier": 1.0, "crew_multiplier": 1.0, "method": "v2rl301", "seed": 301, "feasible": 1, "wwt": 229.00000000000003, "makespan": 70.83330000000001, "mean_flow": 3.9119167500000005, "breach_share": 0.015, "breach_p1": 0.23529411764705882, "breach_p2": 0.022727272727272728, "breach_p3": null, "breach_p4": 0.0, "wall_seconds": 0.041284496895968914}, "v2rl302": {"id": "c09_replay_400_0115", "base_id": "c09_replay_400_0115", "campus": 9, "size": 400, "condition": "baseline", "sla_multiplier": 1.0, "crew_multiplier": 1.0, "method": "v2rl302", "seed": 302, "feasible": 1, "wwt": 229.00000000000003, "makespan": 70.83330000000001, "mean_flow": 3.9075834999999994, "breach_share": 0.015, "breach_p1": 0.23529411764705882, "breach_p2": 0.022727272727272728, "breach_p3": null, "breach_p4": 0.0, "wall_seconds": 0.04060278320685029}, "v2rl303": {"id": "c09_replay_400_0115", "base_id": "c09_replay_400_0115", "campus": 9, "size": 400, "condition": "baseline", "sla_multiplier": 1.0, "crew_multiplier": 1.0, "method": "v2rl303", "seed": 303, "feasible": 1, "wwt": 229.00000000000003, "makespan": 70.83330000000001, "mean_flow": 3.9075834999999994, "breach_share": 0.015, "breach_p1": 0.23529411764705882, "breach_p2": 0.022727272727272728, "breach_p3": null, "breach_p4": 0.0, "wall_seconds": 0.04093620600178838}}, "methods_expected": ["edd", "wspt", "atc", "pfifo", "mor", "random", "v2rl301", "v2rl302", "v2rl303"], "infeasible": [], "wall_seconds_total": 0.13028832292184234}