{"shard_id": "c09_replay_400_0109", "id": "c09_replay_400_0109", "base_id": "c09_replay_400_0109", "campus": 9, "size": 400, "condition": "baseline", "rows": {"edd": {"id": "c09_replay_400_0109", "base_id": "c09_replay_400_0109", "campus": 9, "size": 400, "condition": "baseline", "sla_multiplier": 1.0, "crew_multiplier": 1.0, "method": "edd", "seed": 301, "feasible": 1, "wwt": 282.99999999999994, "makespan": 132.6667, "mean_flow": 3.5793332499999995, "breach_share": 0.0075, "breach_p1": 0.05263157894736842, "breach_p2": 0.017241379310344827, "breach_p3": 0.0, "breach_p4": 0.0, "wall_seconds": 0.0006876960396766663}, "wspt": {"id": "c09_replay_400_0109", "base_id": "c09_replay_400_0109", "campus": 9, "size": 400, "condition": "baseline", "sla_multiplier": 1.0, "crew_multiplier": 1.0, "method": "wspt", "seed": 301, "feasible": 1, "wwt": 282.99999999999994, "makespan": 132.6667, "mean_flow": 3.56883325, "breach_share": 0.0075, "breach_p1": 0.05263157894736842, "breach_p2": 0.017241379310344827, "breach_p3": 0.0, "breach_p4": 0.0, "wall_seconds": 0.0006438009440898895}, "atc": {"id": "c09_replay_400_0109", "base_id": "c09_replay_400_0109", "campus": 9, "size": 400, "condition": "baseline", "sla_multiplier": 1.0, "crew_multiplier": 1.0, "method": "atc", "seed": 301, "feasible": 1, "wwt": 282.99999999999994, "makespan": 132.6667, "mean_flow": 3.5698332500000003, "breach_share": 0.0075, "breach_p1": 0.05263157894736842, "breach_p2": 0.017241379310344827, "breach_p3": 0.0, "breach_p4": 0.0, "wall_seconds": 0.0010626181028783321}, "pfifo": {"id": "c09_replay_400_0109", "base_id": "c09_replay_400_0109", "campus": 9, "size": 400, "condition": "baseline", "sla_multiplier": 1.0, "crew_multiplier": 1.0, "method": "pfifo", "seed": 301, "feasible": 1, "wwt": 282.99999999999994, "makespan": 132.6667, "mean_flow": 3.5793332499999995, "breach_share": 0.0075, "breach_p1": 0.05263157894736842, "breach_p2": 0.017241379310344827, "breach_p3": 0.0, "breach_p4": 0.0, "wall_seconds": 0.0007225149311125278}, "mor": {"id": "c09_replay_400_0109", "base_id": "c09_replay_400_0109", "campus": 9, "size": 400, "condition": "baseline", "sla_multiplier": 1.0, "crew_multiplier": 1.0, "method": "mor", "seed": 301, "feasible": 1, "wwt": 282.99999999999994, "makespan": 132.6667, "mean_flow": 3.6402917500000003, "breach_share": 0.0075, "breach_p1": 0.05263157894736842, "breach_p2": 0.017241379310344827, "breach_p3": 0.0, "breach_p4": 0.0, "wall_seconds": 0.000701654702425003}, "random": {"id": "c09_replay_400_0109", "base_id": "c09_replay_400_0109", "campus": 9, "size": 400, "condition": "baseline", "sla_multiplier": 1.0, "crew_multiplier": 1.0, "method": "random", "seed": 301, "feasible": 1, "wwt": 294.99999999999994, "makespan": 132.6667, "mean_flow": 3.5832915, "breach_share": 0.01, "breach_p1": 0.10526315789473684, "breach_p2": 0.017241379310344827, "breach_p3": 0.0, "breach_p4": 0.0, "wall_seconds": 0.0005653062835335732}, "v2rl301": {"id": "c09_replay_400_0109", "base_id": "c09_replay_400_0109", "campus": 9, "size": 400, "condition": "baseline", "sla_multiplier": 1.0, "crew_multiplier": 1.0, "method": "v2rl301", "seed": 301, "feasible": 1, "wwt": 282.99999999999994, "makespan": 132.6667, "mean_flow": 3.6249585, "breach_share": 0.0075, "breach_p1": 0.05263157894736842, "breach_p2": 0.017241379310344827, "breach_p3": 0.0, "breach_p4": 0.0, "wall_seconds": 0.04125853721052408}, "v2rl302": {"id": "c09_replay_400_0109", "base_id": "c09_replay_400_0109", "campus": 9, "size": 400, "condition": "baseline", "sla_multiplier": 1.0, "crew_multiplier": 1.0, "method": "v2rl302", "seed": 302, "feasible": 1, "wwt": 282.99999999999994, "makespan": 132.6667, "mean_flow": 3.62375025, "breach_share": 0.0075, "breach_p1": 0.05263157894736842, "breach_p2": 0.017241379310344827, "breach_p3": 0.0, "breach_p4": 0.0, "wall_seconds": 0.040825771633535624}, "v2rl303": {"id": "c09_replay_400_0109", "base_id": "c09_replay_400_0109", "campus": 9, "size": 400, "condition": "baseline", "sla_multiplier": 1.0, "crew_multiplier": 1.0, "method": "v2rl303", "seed": 303, "feasible": 1, "wwt": 282.99999999999994, "makespan": 132.6667, "mean_flow": 3.62375025, "breach_share": 0.0075, "breach_p1": 0.05263157894736842, "breach_p2": 0.017241379310344827, "breach_p3": 0.0, "breach_p4": 0.0, "wall_seconds": 0.04040108900517225}}, "methods_expected": ["edd", "wspt", "atc", "pfifo", "mor", "random", "v2rl301", "v2rl302", "v2rl303"], "infeasible": [], "wall_seconds_total": 0.13062572060152888}