{"shard_id": "c09_replay_150_0124_m1.25", "id": "c09_replay_150_0124_m1.25", "base_id": "c09_replay_150_0124", "campus": 9, "size": 150, "condition": "crew1.25", "rows": {"edd": {"id": "c09_replay_150_0124_m1.25", "base_id": "c09_replay_150_0124", "campus": 9, "size": 150, "condition": "crew1.25", "sla_multiplier": 1.0, "crew_multiplier": 1.25, "method": "edd", "seed": 301, "feasible": 1, "wwt": 6.0, "makespan": 101.5, "mean_flow": 4.650331333333334, "breach_share": 0.006666666666666667, "breach_p1": 0.0, "breach_p2": 0.030303030303030304, "breach_p3": null, "breach_p4": 0.0, "wall_seconds": 0.000264736358076334}, "wspt": {"id": "c09_replay_150_0124_m1.25", "base_id": "c09_replay_150_0124", "campus": 9, "size": 150, "condition": "crew1.25", "sla_multiplier": 1.0, "crew_multiplier": 1.25, "method": "wspt", "seed": 301, "feasible": 1, "wwt": 6.0, "makespan": 101.5, "mean_flow": 4.545331333333333, "breach_share": 0.006666666666666667, "breach_p1": 0.0, "breach_p2": 0.030303030303030304, "breach_p3": null, "breach_p4": 0.0, "wall_seconds": 0.00027986103668808937}, "atc": {"id": "c09_replay_150_0124_m1.25", "base_id": "c09_replay_150_0124", "campus": 9, "size": 150, "condition": "crew1.25", "sla_multiplier": 1.0, "crew_multiplier": 1.25, "method": "atc", "seed": 301, "feasible": 1, "wwt": 6.0, "makespan": 101.5, "mean_flow": 4.545331333333333, "breach_share": 0.006666666666666667, "breach_p1": 0.0, "breach_p2": 0.030303030303030304, "breach_p3": null, "breach_p4": 0.0, "wall_seconds": 0.00036463793367147446}, "pfifo": {"id": "c09_replay_150_0124_m1.25", "base_id": "c09_replay_150_0124", "campus": 9, "size": 150, "condition": "crew1.25", "sla_multiplier": 1.0, "crew_multiplier": 1.25, "method": "pfifo", "seed": 301, "feasible": 1, "wwt": 6.0, "makespan": 101.5, "mean_flow": 4.650331333333334, "breach_share": 0.006666666666666667, "breach_p1": 0.0, "breach_p2": 0.030303030303030304, "breach_p3": null, "breach_p4": 0.0, "wall_seconds": 0.0002528480254113674}, "mor": {"id": "c09_replay_150_0124_m1.25", "base_id": "c09_replay_150_0124", "campus": 9, "size": 150, "condition": "crew1.25", "sla_multiplier": 1.0, "crew_multiplier": 1.25, "method": "mor", "seed": 301, "feasible": 1, "wwt": 6.0, "makespan": 101.5, "mean_flow": 4.685331333333334, "breach_share": 0.006666666666666667, "breach_p1": 0.0, "breach_p2": 0.030303030303030304, "breach_p3": null, "breach_p4": 0.0, "wall_seconds": 0.00025203777477145195}, "random": {"id": "c09_replay_150_0124_m1.25", "base_id": "c09_replay_150_0124", "campus": 9, "size": 150, "condition": "crew1.25", "sla_multiplier": 1.0, "crew_multiplier": 1.25, "method": "random", "seed": 301, "feasible": 1, "wwt": 6.0, "makespan": 101.5, "mean_flow": 4.575331333333334, "breach_share": 0.006666666666666667, "breach_p1": 0.0, "breach_p2": 0.030303030303030304, "breach_p3": null, "breach_p4": 0.0, "wall_seconds": 0.00023299921303987503}, "v2rl301": {"id": "c09_replay_150_0124_m1.25", "base_id": "c09_replay_150_0124", "campus": 9, "size": 150, "condition": "crew1.25", "sla_multiplier": 1.0, "crew_multiplier": 1.25, "method": "v2rl301", "seed": 301, "feasible": 1, "wwt": 6.0, "makespan": 101.5, "mean_flow": 4.685331333333334, "breach_share": 0.006666666666666667, "breach_p1": 0.0, "breach_p2": 0.030303030303030304, "breach_p3": null, "breach_p4": 0.0, "wall_seconds": 0.015531306155025959}, "v2rl302": {"id": "c09_replay_150_0124_m1.25", "base_id": "c09_replay_150_0124", "campus": 9, "size": 150, "condition": "crew1.25", "sla_multiplier": 1.0, "crew_multiplier": 1.25, "method": "v2rl302", "seed": 302, "feasible": 1, "wwt": 6.0, "makespan": 101.5, "mean_flow": 4.681998, "breach_share": 0.006666666666666667, "breach_p1": 0.0, "breach_p2": 0.030303030303030304, "breach_p3": null, "breach_p4": 0.0, "wall_seconds": 0.015225138049572706}, "v2rl303": {"id": "c09_replay_150_0124_m1.25", "base_id": "c09_replay_150_0124", "campus": 9, "size": 150, "condition": "crew1.25", "sla_multiplier": 1.0, "crew_multiplier": 1.25, "method": "v2rl303", "seed": 303, "feasible": 1, "wwt": 6.0, "makespan": 101.5, "mean_flow": 4.681998, "breach_share": 0.006666666666666667, "breach_p1": 0.0, "breach_p2": 0.030303030303030304, "breach_p3": null, "breach_p4": 0.0, "wall_seconds": 0.015395269729197025}}, "methods_expected": ["edd", "wspt", "atc", "pfifo", "mor", "random", "v2rl301", "v2rl302", "v2rl303"], "infeasible": [], "wall_seconds_total": 0.049919200129806995}