{"shard_id": "c09_replay_400_0117_m1.25", "id": "c09_replay_400_0117_m1.25", "base_id": "c09_replay_400_0117", "campus": 9, "size": 400, "condition": "crew1.25", "rows": {"edd": {"id": "c09_replay_400_0117_m1.25", "base_id": "c09_replay_400_0117", "campus": 9, "size": 400, "condition": "crew1.25", "sla_multiplier": 1.0, "crew_multiplier": 1.25, "method": "edd", "seed": 301, "feasible": 1, "wwt": 646.0, "makespan": 122.8648, "mean_flow": 4.036412250000001, "breach_share": 0.0075, "breach_p1": 0.1111111111111111, "breach_p2": 0.015873015873015872, "breach_p3": 0.0, "breach_p4": 0.0, "wall_seconds": 0.0006870310753583908}, "wspt": {"id": "c09_replay_400_0117_m1.25", "base_id": "c09_replay_400_0117", "campus": 9, "size": 400, "condition": "crew1.25", "sla_multiplier": 1.0, "crew_multiplier": 1.25, "method": "wspt", "seed": 301, "feasible": 1, "wwt": 646.0, "makespan": 122.8648, "mean_flow": 4.03328725, "breach_share": 0.0075, "breach_p1": 0.1111111111111111, "breach_p2": 0.015873015873015872, "breach_p3": 0.0, "breach_p4": 0.0, "wall_seconds": 0.0007180441170930862}, "atc": {"id": "c09_replay_400_0117_m1.25", "base_id": "c09_replay_400_0117", "campus": 9, "size": 400, "condition": "crew1.25", "sla_multiplier": 1.0, "crew_multiplier": 1.25, "method": "atc", "seed": 301, "feasible": 1, "wwt": 646.0, "makespan": 122.8648, "mean_flow": 4.03328725, "breach_share": 0.0075, "breach_p1": 0.1111111111111111, "breach_p2": 0.015873015873015872, "breach_p3": 0.0, "breach_p4": 0.0, "wall_seconds": 0.001016163732856512}, "pfifo": {"id": "c09_replay_400_0117_m1.25", "base_id": "c09_replay_400_0117", "campus": 9, "size": 400, "condition": "crew1.25", "sla_multiplier": 1.0, "crew_multiplier": 1.25, "method": "pfifo", "seed": 301, "feasible": 1, "wwt": 646.0, "makespan": 122.8648, "mean_flow": 4.036412250000001, "breach_share": 0.0075, "breach_p1": 0.1111111111111111, "breach_p2": 0.015873015873015872, "breach_p3": 0.0, "breach_p4": 0.0, "wall_seconds": 0.0006098230369389057}, "mor": {"id": "c09_replay_400_0117_m1.25", "base_id": "c09_replay_400_0117", "campus": 9, "size": 400, "condition": "crew1.25", "sla_multiplier": 1.0, "crew_multiplier": 1.25, "method": "mor", "seed": 301, "feasible": 1, "wwt": 646.0, "makespan": 122.8648, "mean_flow": 4.09387075, "breach_share": 0.0075, "breach_p1": 0.1111111111111111, "breach_p2": 0.015873015873015872, "breach_p3": 0.0, "breach_p4": 0.0, "wall_seconds": 0.0005975780077278614}, "random": {"id": "c09_replay_400_0117_m1.25", "base_id": "c09_replay_400_0117", "campus": 9, "size": 400, "condition": "crew1.25", "sla_multiplier": 1.0, "crew_multiplier": 1.25, "method": "random", "seed": 301, "feasible": 1, "wwt": 646.0, "makespan": 122.8648, "mean_flow": 4.03828725, "breach_share": 0.0075, "breach_p1": 0.1111111111111111, "breach_p2": 0.015873015873015872, "breach_p3": 0.0, "breach_p4": 0.0, "wall_seconds": 0.0005343151278793812}, "v2rl301": {"id": "c09_replay_400_0117_m1.25", "base_id": "c09_replay_400_0117", "campus": 9, "size": 400, "condition": "crew1.25", "sla_multiplier": 1.0, "crew_multiplier": 1.25, "method": "v2rl301", "seed": 301, "feasible": 1, "wwt": 646.0, "makespan": 122.8648, "mean_flow": 4.05012075, "breach_share": 0.0075, "breach_p1": 0.1111111111111111, "breach_p2": 0.015873015873015872, "breach_p3": 0.0, "breach_p4": 0.0, "wall_seconds": 0.041346617974340916}, "v2rl302": {"id": "c09_replay_400_0117_m1.25", "base_id": "c09_replay_400_0117", "campus": 9, "size": 400, "condition": "crew1.25", "sla_multiplier": 1.0, "crew_multiplier": 1.25, "method": "v2rl302", "seed": 302, "feasible": 1, "wwt": 646.0, "makespan": 122.8648, "mean_flow": 4.046704, "breach_share": 0.0075, "breach_p1": 0.1111111111111111, "breach_p2": 0.015873015873015872, "breach_p3": 0.0, "breach_p4": 0.0, "wall_seconds": 0.04073446290567517}, "v2rl303": {"id": "c09_replay_400_0117_m1.25", "base_id": "c09_replay_400_0117", "campus": 9, "size": 400, "condition": "crew1.25", "sla_multiplier": 1.0, "crew_multiplier": 1.25, "method": "v2rl303", "seed": 303, "feasible": 1, "wwt": 646.0, "makespan": 122.8648, "mean_flow": 4.046704, "breach_share": 0.0075, "breach_p1": 0.1111111111111111, "breach_p2": 0.015873015873015872, "breach_p3": 0.0, "breach_p4": 0.0, "wall_seconds": 0.04147216212004423}}, "methods_expected": ["edd", "wspt", "atc", "pfifo", "mor", "random", "v2rl301", "v2rl302", "v2rl303"], "infeasible": [], "wall_seconds_total": 0.13222479494288564}