{"shard_id": "c09_replay_150_0129_sla0.5", "id": "c09_replay_150_0129_sla0.5", "base_id": "c09_replay_150_0129", "campus": 9, "size": 150, "condition": "sla0.5", "rows": {"edd": {"id": "c09_replay_150_0129_sla0.5", "base_id": "c09_replay_150_0129", "campus": 9, "size": 150, "condition": "sla0.5", "sla_multiplier": 0.5, "crew_multiplier": 1.0, "method": "edd", "seed": 301, "feasible": 1, "wwt": 126.0, "makespan": 77.75, "mean_flow": 3.874444, "breach_share": 0.02666666666666667, "breach_p1": 0.42857142857142855, "breach_p2": 0.034482758620689655, "breach_p3": null, "breach_p4": 0.0, "wall_seconds": 0.0002551339566707611}, "wspt": {"id": "c09_replay_150_0129_sla0.5", "base_id": "c09_replay_150_0129", "campus": 9, "size": 150, "condition": "sla0.5", "sla_multiplier": 0.5, "crew_multiplier": 1.0, "method": "wspt", "seed": 301, "feasible": 1, "wwt": 126.0, "makespan": 77.75, "mean_flow": 3.844444, "breach_share": 0.02666666666666667, "breach_p1": 0.42857142857142855, "breach_p2": 0.034482758620689655, "breach_p3": null, "breach_p4": 0.0, "wall_seconds": 0.00026495708152651787}, "atc": {"id": "c09_replay_150_0129_sla0.5", "base_id": "c09_replay_150_0129", "campus": 9, "size": 150, "condition": "sla0.5", "sla_multiplier": 0.5, "crew_multiplier": 1.0, "method": "atc", "seed": 301, "feasible": 1, "wwt": 126.0, "makespan": 77.75, "mean_flow": 3.844444, "breach_share": 0.02666666666666667, "breach_p1": 0.42857142857142855, "breach_p2": 0.034482758620689655, "breach_p3": null, "breach_p4": 0.0, "wall_seconds": 0.00033269403502345085}, "pfifo": {"id": "c09_replay_150_0129_sla0.5", "base_id": "c09_replay_150_0129", "campus": 9, "size": 150, "condition": "sla0.5", "sla_multiplier": 0.5, "crew_multiplier": 1.0, "method": "pfifo", "seed": 301, "feasible": 1, "wwt": 126.0, "makespan": 77.75, "mean_flow": 3.874444, "breach_share": 0.02666666666666667, "breach_p1": 0.42857142857142855, "breach_p2": 0.034482758620689655, "breach_p3": null, "breach_p4": 0.0, "wall_seconds": 0.0002470649778842926}, "mor": {"id": "c09_replay_150_0129_sla0.5", "base_id": "c09_replay_150_0129", "campus": 9, "size": 150, "condition": "sla0.5", "sla_multiplier": 0.5, "crew_multiplier": 1.0, "method": "mor", "seed": 301, "feasible": 1, "wwt": 126.0, "makespan": 77.75, "mean_flow": 3.9444440000000003, "breach_share": 0.02666666666666667, "breach_p1": 0.42857142857142855, "breach_p2": 0.034482758620689655, "breach_p3": null, "breach_p4": 0.0, "wall_seconds": 0.000244049821048975}, "random": {"id": "c09_replay_150_0129_sla0.5", "base_id": "c09_replay_150_0129", "campus": 9, "size": 150, "condition": "sla0.5", "sla_multiplier": 0.5, "crew_multiplier": 1.0, "method": "random", "seed": 301, "feasible": 1, "wwt": 126.0, "makespan": 77.75, "mean_flow": 3.889444, "breach_share": 0.02666666666666667, "breach_p1": 0.42857142857142855, "breach_p2": 0.034482758620689655, "breach_p3": null, "breach_p4": 0.0, "wall_seconds": 0.00022153323516249657}, "v2rl301": {"id": "c09_replay_150_0129_sla0.5", "base_id": "c09_replay_150_0129", "campus": 9, "size": 150, "condition": "sla0.5", "sla_multiplier": 0.5, "crew_multiplier": 1.0, "method": "v2rl301", "seed": 301, "feasible": 1, "wwt": 126.0, "makespan": 77.75, "mean_flow": 3.9444440000000003, "breach_share": 0.02666666666666667, "breach_p1": 0.42857142857142855, "breach_p2": 0.034482758620689655, "breach_p3": null, "breach_p4": 0.0, "wall_seconds": 0.015536264982074499}, "v2rl302": {"id": "c09_replay_150_0129_sla0.5", "base_id": "c09_replay_150_0129", "campus": 9, "size": 150, "condition": "sla0.5", "sla_multiplier": 0.5, "crew_multiplier": 1.0, "method": "v2rl302", "seed": 302, "feasible": 1, "wwt": 126.0, "makespan": 77.75, "mean_flow": 3.9444440000000003, "breach_share": 0.02666666666666667, "breach_p1": 0.42857142857142855, "breach_p2": 0.034482758620689655, "breach_p3": null, "breach_p4": 0.0, "wall_seconds": 0.015347001142799854}, "v2rl303": {"id": "c09_replay_150_0129_sla0.5", "base_id": "c09_replay_150_0129", "campus": 9, "size": 150, "condition": "sla0.5", "sla_multiplier": 0.5, "crew_multiplier": 1.0, "method": "v2rl303", "seed": 303, "feasible": 1, "wwt": 126.0, "makespan": 77.75, "mean_flow": 3.9444440000000003, "breach_share": 0.02666666666666667, "breach_p1": 0.42857142857142855, "breach_p2": 0.034482758620689655, "breach_p3": null, "breach_p4": 0.0, "wall_seconds": 0.015487908851355314}}, "methods_expected": ["edd", "wspt", "atc", "pfifo", "mor", "random", "v2rl301", "v2rl302", "v2rl303"], "infeasible": [], "wall_seconds_total": 0.050028087105602026}