{"shard_id": "c09_replay_400_0112_sla1.5", "id": "c09_replay_400_0112_sla1.5", "base_id": "c09_replay_400_0112", "campus": 9, "size": 400, "condition": "sla1.5", "rows": {"edd": {"id": "c09_replay_400_0112_sla1.5", "base_id": "c09_replay_400_0112", "campus": 9, "size": 400, "condition": "sla1.5", "sla_multiplier": 1.5, "crew_multiplier": 1.0, "method": "edd", "seed": 301, "feasible": 1, "wwt": 28.0, "makespan": 108.5, "mean_flow": 4.6067505, "breach_share": 0.0025, "breach_p1": 0.0, "breach_p2": 0.01282051282051282, "breach_p3": 0.0, "breach_p4": 0.0, "wall_seconds": 0.0007611350156366825}, "wspt": {"id": "c09_replay_400_0112_sla1.5", "base_id": "c09_replay_400_0112", "campus": 9, "size": 400, "condition": "sla1.5", "sla_multiplier": 1.5, "crew_multiplier": 1.0, "method": "wspt", "seed": 301, "feasible": 1, "wwt": 28.0, "makespan": 111.75, "mean_flow": 4.00900075, "breach_share": 0.0025, "breach_p1": 0.0, "breach_p2": 0.01282051282051282, "breach_p3": 0.0, "breach_p4": 0.0, "wall_seconds": 0.0008227787911891937}, "atc": {"id": "c09_replay_400_0112_sla1.5", "base_id": "c09_replay_400_0112", "campus": 9, "size": 400, "condition": "sla1.5", "sla_multiplier": 1.5, "crew_multiplier": 1.0, "method": "atc", "seed": 301, "feasible": 1, "wwt": 28.0, "makespan": 105.5, "mean_flow": 4.02900075, "breach_share": 0.0025, "breach_p1": 0.0, "breach_p2": 0.01282051282051282, "breach_p3": 0.0, "breach_p4": 0.0, "wall_seconds": 0.0014187642373144627}, "pfifo": {"id": "c09_replay_400_0112_sla1.5", "base_id": "c09_replay_400_0112", "campus": 9, "size": 400, "condition": "sla1.5", "sla_multiplier": 1.5, "crew_multiplier": 1.0, "method": "pfifo", "seed": 301, "feasible": 1, "wwt": 28.0, "makespan": 108.5, "mean_flow": 4.6067505, "breach_share": 0.0025, "breach_p1": 0.0, "breach_p2": 0.01282051282051282, "breach_p3": 0.0, "breach_p4": 0.0, "wall_seconds": 0.0007710140198469162}, "mor": {"id": "c09_replay_400_0112_sla1.5", "base_id": "c09_replay_400_0112", "campus": 9, "size": 400, "condition": "sla1.5", "sla_multiplier": 1.5, "crew_multiplier": 1.0, "method": "mor", "seed": 301, "feasible": 1, "wwt": 28.0, "makespan": 105.5, "mean_flow": 5.58966775, "breach_share": 0.0025, "breach_p1": 0.0, "breach_p2": 0.01282051282051282, "breach_p3": 0.0, "breach_p4": 0.0, "wall_seconds": 0.0007602330297231674}, "random": {"id": "c09_replay_400_0112_sla1.5", "base_id": "c09_replay_400_0112", "campus": 9, "size": 400, "condition": "sla1.5", "sla_multiplier": 1.5, "crew_multiplier": 1.0, "method": "random", "seed": 301, "feasible": 1, "wwt": 28.0, "makespan": 105.5, "mean_flow": 4.43108475, "breach_share": 0.0025, "breach_p1": 0.0, "breach_p2": 0.01282051282051282, "breach_p3": 0.0, "breach_p4": 0.0, "wall_seconds": 0.0005226461216807365}, "v2rl301": {"id": "c09_replay_400_0112_sla1.5", "base_id": "c09_replay_400_0112", "campus": 9, "size": 400, "condition": "sla1.5", "sla_multiplier": 1.5, "crew_multiplier": 1.0, "method": "v2rl301", "seed": 301, "feasible": 1, "wwt": 28.0, "makespan": 105.5, "mean_flow": 5.539001, "breach_share": 0.0025, "breach_p1": 0.0, "breach_p2": 0.01282051282051282, "breach_p3": 0.0, "breach_p4": 0.0, "wall_seconds": 0.04608283005654812}, "v2rl302": {"id": "c09_replay_400_0112_sla1.5", "base_id": "c09_replay_400_0112", "campus": 9, "size": 400, "condition": "sla1.5", "sla_multiplier": 1.5, "crew_multiplier": 1.0, "method": "v2rl302", "seed": 302, "feasible": 1, "wwt": 28.0, "makespan": 105.5, "mean_flow": 5.55937575, "breach_share": 0.0025, "breach_p1": 0.0, "breach_p2": 0.01282051282051282, "breach_p3": 0.0, "breach_p4": 0.0, "wall_seconds": 0.04452472412958741}, "v2rl303": {"id": "c09_replay_400_0112_sla1.5", "base_id": "c09_replay_400_0112", "campus": 9, "size": 400, "condition": "sla1.5", "sla_multiplier": 1.5, "crew_multiplier": 1.0, "method": "v2rl303", "seed": 303, "feasible": 1, "wwt": 28.0, "makespan": 105.5, "mean_flow": 5.55937575, "breach_share": 0.0025, "breach_p1": 0.0, "breach_p2": 0.01282051282051282, "breach_p3": 0.0, "breach_p4": 0.0, "wall_seconds": 0.04517813492566347}}, "methods_expected": ["edd", "wspt", "atc", "pfifo", "mor", "random", "v2rl301", "v2rl302", "v2rl303"], "infeasible": [], "wall_seconds_total": 0.14538120105862617}