{"shard_id": "c09_replay_400_0114", "id": "c09_replay_400_0114", "base_id": "c09_replay_400_0114", "campus": 9, "size": 400, "condition": "baseline", "rows": {"edd": {"id": "c09_replay_400_0114", "base_id": "c09_replay_400_0114", "campus": 9, "size": 400, "condition": "baseline", "sla_multiplier": 1.0, "crew_multiplier": 1.0, "method": "edd", "seed": 301, "feasible": 1, "wwt": 196.0, "makespan": 82.0, "mean_flow": 4.09237525, "breach_share": 0.01, "breach_p1": 0.18181818181818182, "breach_p2": 0.020833333333333332, "breach_p3": 0.0, "breach_p4": 0.0, "wall_seconds": 0.0006708130240440369}, "wspt": {"id": "c09_replay_400_0114", "base_id": "c09_replay_400_0114", "campus": 9, "size": 400, "condition": "baseline", "sla_multiplier": 1.0, "crew_multiplier": 1.0, "method": "wspt", "seed": 301, "feasible": 1, "wwt": 206.0, "makespan": 83.0, "mean_flow": 4.035667, "breach_share": 0.01, "breach_p1": 0.18181818181818182, "breach_p2": 0.020833333333333332, "breach_p3": 0.0, "breach_p4": 0.0, "wall_seconds": 0.0007455549202859402}, "atc": {"id": "c09_replay_400_0114", "base_id": "c09_replay_400_0114", "campus": 9, "size": 400, "condition": "baseline", "sla_multiplier": 1.0, "crew_multiplier": 1.0, "method": "atc", "seed": 301, "feasible": 1, "wwt": 196.0, "makespan": 83.0, "mean_flow": 4.0365002500000005, "breach_share": 0.01, "breach_p1": 0.18181818181818182, "breach_p2": 0.020833333333333332, "breach_p3": 0.0, "breach_p4": 0.0, "wall_seconds": 0.0009725061245262623}, "pfifo": {"id": "c09_replay_400_0114", "base_id": "c09_replay_400_0114", "campus": 9, "size": 400, "condition": "baseline", "sla_multiplier": 1.0, "crew_multiplier": 1.0, "method": "pfifo", "seed": 301, "feasible": 1, "wwt": 196.0, "makespan": 82.0, "mean_flow": 4.09237525, "breach_share": 0.01, "breach_p1": 0.18181818181818182, "breach_p2": 0.020833333333333332, "breach_p3": 0.0, "breach_p4": 0.0, "wall_seconds": 0.0006285319104790688}, "mor": {"id": "c09_replay_400_0114", "base_id": "c09_replay_400_0114", "campus": 9, "size": 400, "condition": "baseline", "sla_multiplier": 1.0, "crew_multiplier": 1.0, "method": "mor", "seed": 301, "feasible": 1, "wwt": 196.0, "makespan": 82.0, "mean_flow": 4.15791675, "breach_share": 0.01, "breach_p1": 0.18181818181818182, "breach_p2": 0.020833333333333332, "breach_p3": 0.0, "breach_p4": 0.0, "wall_seconds": 0.0006232559680938721}, "random": {"id": "c09_replay_400_0114", "base_id": "c09_replay_400_0114", "campus": 9, "size": 400, "condition": "baseline", "sla_multiplier": 1.0, "crew_multiplier": 1.0, "method": "random", "seed": 301, "feasible": 1, "wwt": 200.0, "makespan": 83.0, "mean_flow": 4.07520875, "breach_share": 0.01, "breach_p1": 0.18181818181818182, "breach_p2": 0.020833333333333332, "breach_p3": 0.0, "breach_p4": 0.0, "wall_seconds": 0.000514984130859375}, "v2rl301": {"id": "c09_replay_400_0114", "base_id": "c09_replay_400_0114", "campus": 9, "size": 400, "condition": "baseline", "sla_multiplier": 1.0, "crew_multiplier": 1.0, "method": "v2rl301", "seed": 301, "feasible": 1, "wwt": 196.0, "makespan": 82.0, "mean_flow": 4.14266675, "breach_share": 0.01, "breach_p1": 0.18181818181818182, "breach_p2": 0.020833333333333332, "breach_p3": 0.0, "breach_p4": 0.0, "wall_seconds": 0.041959410067647696}, "v2rl302": {"id": "c09_replay_400_0114", "base_id": "c09_replay_400_0114", "campus": 9, "size": 400, "condition": "baseline", "sla_multiplier": 1.0, "crew_multiplier": 1.0, "method": "v2rl302", "seed": 302, "feasible": 1, "wwt": 196.0, "makespan": 82.0, "mean_flow": 4.1380835000000005, "breach_share": 0.01, "breach_p1": 0.18181818181818182, "breach_p2": 0.020833333333333332, "breach_p3": 0.0, "breach_p4": 0.0, "wall_seconds": 0.041909066028892994}, "v2rl303": {"id": "c09_replay_400_0114", "base_id": "c09_replay_400_0114", "campus": 9, "size": 400, "condition": "baseline", "sla_multiplier": 1.0, "crew_multiplier": 1.0, "method": "v2rl303", "seed": 303, "feasible": 1, "wwt": 196.0, "makespan": 82.0, "mean_flow": 4.1348335, "breach_share": 0.01, "breach_p1": 0.18181818181818182, "breach_p2": 0.020833333333333332, "breach_p3": 0.0, "breach_p4": 0.0, "wall_seconds": 0.04198633134365082}}, "methods_expected": ["edd", "wspt", "atc", "pfifo", "mor", "random", "v2rl301", "v2rl302", "v2rl303"], "infeasible": [], "wall_seconds_total": 0.133765519130975}