{"shard_id": "c09_replay_400_0106_sla1.5", "id": "c09_replay_400_0106_sla1.5", "base_id": "c09_replay_400_0106", "campus": 9, "size": 400, "condition": "sla1.5", "rows": {"edd": {"id": "c09_replay_400_0106_sla1.5", "base_id": "c09_replay_400_0106", "campus": 9, "size": 400, "condition": "sla1.5", "sla_multiplier": 1.5, "crew_multiplier": 1.0, "method": "edd", "seed": 301, "feasible": 1, "wwt": 32.0, "makespan": 102.0, "mean_flow": 4.62575, "breach_share": 0.0025, "breach_p1": 0.0, "breach_p2": 0.012195121951219513, "breach_p3": 0.0, "breach_p4": 0.0, "wall_seconds": 0.0006518671289086342}, "wspt": {"id": "c09_replay_400_0106_sla1.5", "base_id": "c09_replay_400_0106", "campus": 9, "size": 400, "condition": "sla1.5", "sla_multiplier": 1.5, "crew_multiplier": 1.0, "method": "wspt", "seed": 301, "feasible": 1, "wwt": 32.0, "makespan": 115.0, "mean_flow": 4.07683325, "breach_share": 0.0025, "breach_p1": 0.0, "breach_p2": 0.012195121951219513, "breach_p3": 0.0, "breach_p4": 0.0, "wall_seconds": 0.0007001319900155067}, "atc": {"id": "c09_replay_400_0106_sla1.5", "base_id": "c09_replay_400_0106", "campus": 9, "size": 400, "condition": "sla1.5", "sla_multiplier": 1.5, "crew_multiplier": 1.0, "method": "atc", "seed": 301, "feasible": 1, "wwt": 32.0, "makespan": 102.0, "mean_flow": 4.10558325, "breach_share": 0.0025, "breach_p1": 0.0, "breach_p2": 0.012195121951219513, "breach_p3": 0.0, "breach_p4": 0.0, "wall_seconds": 0.0009647710248827934}, "pfifo": {"id": "c09_replay_400_0106_sla1.5", "base_id": "c09_replay_400_0106", "campus": 9, "size": 400, "condition": "sla1.5", "sla_multiplier": 1.5, "crew_multiplier": 1.0, "method": "pfifo", "seed": 301, "feasible": 1, "wwt": 32.0, "makespan": 102.0, "mean_flow": 4.62575, "breach_share": 0.0025, "breach_p1": 0.0, "breach_p2": 0.012195121951219513, "breach_p3": 0.0, "breach_p4": 0.0, "wall_seconds": 0.0006253877654671669}, "mor": {"id": "c09_replay_400_0106_sla1.5", "base_id": "c09_replay_400_0106", "campus": 9, "size": 400, "condition": "sla1.5", "sla_multiplier": 1.5, "crew_multiplier": 1.0, "method": "mor", "seed": 301, "feasible": 1, "wwt": 32.0, "makespan": 102.0, "mean_flow": 4.7511665, "breach_share": 0.0025, "breach_p1": 0.0, "breach_p2": 0.012195121951219513, "breach_p3": 0.0, "breach_p4": 0.0, "wall_seconds": 0.0006142011843621731}, "random": {"id": "c09_replay_400_0106_sla1.5", "base_id": "c09_replay_400_0106", "campus": 9, "size": 400, "condition": "sla1.5", "sla_multiplier": 1.5, "crew_multiplier": 1.0, "method": "random", "seed": 301, "feasible": 1, "wwt": 32.0, "makespan": 114.5, "mean_flow": 4.33075, "breach_share": 0.0025, "breach_p1": 0.0, "breach_p2": 0.012195121951219513, "breach_p3": 0.0, "breach_p4": 0.0, "wall_seconds": 0.0005196789279580116}, "v2rl301": {"id": "c09_replay_400_0106_sla1.5", "base_id": "c09_replay_400_0106", "campus": 9, "size": 400, "condition": "sla1.5", "sla_multiplier": 1.5, "crew_multiplier": 1.0, "method": "v2rl301", "seed": 301, "feasible": 1, "wwt": 32.0, "makespan": 102.0, "mean_flow": 4.74899975, "breach_share": 0.0025, "breach_p1": 0.0, "breach_p2": 0.012195121951219513, "breach_p3": 0.0, "breach_p4": 0.0, "wall_seconds": 0.04100509872660041}, "v2rl302": {"id": "c09_replay_400_0106_sla1.5", "base_id": "c09_replay_400_0106", "campus": 9, "size": 400, "condition": "sla1.5", "sla_multiplier": 1.5, "crew_multiplier": 1.0, "method": "v2rl302", "seed": 302, "feasible": 1, "wwt": 32.0, "makespan": 102.0, "mean_flow": 4.7511665, "breach_share": 0.0025, "breach_p1": 0.0, "breach_p2": 0.012195121951219513, "breach_p3": 0.0, "breach_p4": 0.0, "wall_seconds": 0.04067526664584875}, "v2rl303": {"id": "c09_replay_400_0106_sla1.5", "base_id": "c09_replay_400_0106", "campus": 9, "size": 400, "condition": "sla1.5", "sla_multiplier": 1.5, "crew_multiplier": 1.0, "method": "v2rl303", "seed": 303, "feasible": 1, "wwt": 32.0, "makespan": 102.0, "mean_flow": 4.7511665, "breach_share": 0.0025, "breach_p1": 0.0, "breach_p2": 0.012195121951219513, "breach_p3": 0.0, "breach_p4": 0.0, "wall_seconds": 0.040663303807377815}}, "methods_expected": ["edd", "wspt", "atc", "pfifo", "mor", "random", "v2rl301", "v2rl302", "v2rl303"], "infeasible": [], "wall_seconds_total": 0.13089676573872566}