{"shard_id": "c09_replay_400_0121", "id": "c09_replay_400_0121", "base_id": "c09_replay_400_0121", "campus": 9, "size": 400, "condition": "baseline", "rows": {"edd": {"id": "c09_replay_400_0121", "base_id": "c09_replay_400_0121", "campus": 9, "size": 400, "condition": "baseline", "sla_multiplier": 1.0, "crew_multiplier": 1.0, "method": "edd", "seed": 301, "feasible": 1, "wwt": 208.0, "makespan": 88.5, "mean_flow": 3.4999165, "breach_share": 0.0175, "breach_p1": 0.05555555555555555, "breach_p2": 0.05405405405405406, "breach_p3": 0.0, "breach_p4": 0.0, "wall_seconds": 0.0006367480382323265}, "wspt": {"id": "c09_replay_400_0121", "base_id": "c09_replay_400_0121", "campus": 9, "size": 400, "condition": "baseline", "sla_multiplier": 1.0, "crew_multiplier": 1.0, "method": "wspt", "seed": 301, "feasible": 1, "wwt": 208.0, "makespan": 88.5, "mean_flow": 3.49970825, "breach_share": 0.0175, "breach_p1": 0.05555555555555555, "breach_p2": 0.05405405405405406, "breach_p3": 0.0, "breach_p4": 0.0, "wall_seconds": 0.0006501288153231144}, "atc": {"id": "c09_replay_400_0121", "base_id": "c09_replay_400_0121", "campus": 9, "size": 400, "condition": "baseline", "sla_multiplier": 1.0, "crew_multiplier": 1.0, "method": "atc", "seed": 301, "feasible": 1, "wwt": 208.0, "makespan": 88.5, "mean_flow": 3.49970825, "breach_share": 0.0175, "breach_p1": 0.05555555555555555, "breach_p2": 0.05405405405405406, "breach_p3": 0.0, "breach_p4": 0.0, "wall_seconds": 0.0009056678973138332}, "pfifo": {"id": "c09_replay_400_0121", "base_id": "c09_replay_400_0121", "campus": 9, "size": 400, "condition": "baseline", "sla_multiplier": 1.0, "crew_multiplier": 1.0, "method": "pfifo", "seed": 301, "feasible": 1, "wwt": 208.0, "makespan": 88.5, "mean_flow": 3.4999165, "breach_share": 0.0175, "breach_p1": 0.05555555555555555, "breach_p2": 0.05405405405405406, "breach_p3": 0.0, "breach_p4": 0.0, "wall_seconds": 0.0006136093288660049}, "mor": {"id": "c09_replay_400_0121", "base_id": "c09_replay_400_0121", "campus": 9, "size": 400, "condition": "baseline", "sla_multiplier": 1.0, "crew_multiplier": 1.0, "method": "mor", "seed": 301, "feasible": 1, "wwt": 208.0, "makespan": 88.5, "mean_flow": 3.5090832499999998, "breach_share": 0.0175, "breach_p1": 0.05555555555555555, "breach_p2": 0.05405405405405406, "breach_p3": 0.0, "breach_p4": 0.0, "wall_seconds": 0.000627805944532156}, "random": {"id": "c09_replay_400_0121", "base_id": "c09_replay_400_0121", "campus": 9, "size": 400, "condition": "baseline", "sla_multiplier": 1.0, "crew_multiplier": 1.0, "method": "random", "seed": 301, "feasible": 1, "wwt": 208.0, "makespan": 88.5, "mean_flow": 3.5026665, "breach_share": 0.0175, "breach_p1": 0.05555555555555555, "breach_p2": 0.05405405405405406, "breach_p3": 0.0, "breach_p4": 0.0, "wall_seconds": 0.0005520698614418507}, "v2rl301": {"id": "c09_replay_400_0121", "base_id": "c09_replay_400_0121", "campus": 9, "size": 400, "condition": "baseline", "sla_multiplier": 1.0, "crew_multiplier": 1.0, "method": "v2rl301", "seed": 301, "feasible": 1, "wwt": 208.0, "makespan": 88.5, "mean_flow": 3.5090832499999998, "breach_share": 0.0175, "breach_p1": 0.05555555555555555, "breach_p2": 0.05405405405405406, "breach_p3": 0.0, "breach_p4": 0.0, "wall_seconds": 0.04148803511634469}, "v2rl302": {"id": "c09_replay_400_0121", "base_id": "c09_replay_400_0121", "campus": 9, "size": 400, "condition": "baseline", "sla_multiplier": 1.0, "crew_multiplier": 1.0, "method": "v2rl302", "seed": 302, "feasible": 1, "wwt": 208.0, "makespan": 88.5, "mean_flow": 3.5090832499999998, "breach_share": 0.0175, "breach_p1": 0.05555555555555555, "breach_p2": 0.05405405405405406, "breach_p3": 0.0, "breach_p4": 0.0, "wall_seconds": 0.040536646731197834}, "v2rl303": {"id": "c09_replay_400_0121", "base_id": "c09_replay_400_0121", "campus": 9, "size": 400, "condition": "baseline", "sla_multiplier": 1.0, "crew_multiplier": 1.0, "method": "v2rl303", "seed": 303, "feasible": 1, "wwt": 208.0, "makespan": 88.5, "mean_flow": 3.5090832499999998, "breach_share": 0.0175, "breach_p1": 0.05555555555555555, "breach_p2": 0.05405405405405406, "breach_p3": 0.0, "breach_p4": 0.0, "wall_seconds": 0.03999200090765953}}, "methods_expected": ["edd", "wspt", "atc", "pfifo", "mor", "random", "v2rl301", "v2rl302", "v2rl303"], "infeasible": [], "wall_seconds_total": 0.12974207988008857}