{"shard_id": "c09_replay_400_0123_sla1.5", "id": "c09_replay_400_0123_sla1.5", "base_id": "c09_replay_400_0123", "campus": 9, "size": 400, "condition": "sla1.5", "rows": {"edd": {"id": "c09_replay_400_0123_sla1.5", "base_id": "c09_replay_400_0123", "campus": 9, "size": 400, "condition": "sla1.5", "sla_multiplier": 1.5, "crew_multiplier": 1.0, "method": "edd", "seed": 301, "feasible": 1, "wwt": 176.0, "makespan": 89.25, "mean_flow": 4.09695825, "breach_share": 0.005, "breach_p1": 0.13333333333333333, "breach_p2": 0.0, "breach_p3": 0.0, "breach_p4": 0.0, "wall_seconds": 0.0006524529308080673}, "wspt": {"id": "c09_replay_400_0123_sla1.5", "base_id": "c09_replay_400_0123", "campus": 9, "size": 400, "condition": "sla1.5", "sla_multiplier": 1.5, "crew_multiplier": 1.0, "method": "wspt", "seed": 301, "feasible": 1, "wwt": 176.0, "makespan": 89.25, "mean_flow": 4.08583325, "breach_share": 0.005, "breach_p1": 0.13333333333333333, "breach_p2": 0.0, "breach_p3": 0.0, "breach_p4": 0.0, "wall_seconds": 0.0006496189162135124}, "atc": {"id": "c09_replay_400_0123_sla1.5", "base_id": "c09_replay_400_0123", "campus": 9, "size": 400, "condition": "sla1.5", "sla_multiplier": 1.5, "crew_multiplier": 1.0, "method": "atc", "seed": 301, "feasible": 1, "wwt": 176.0, "makespan": 89.25, "mean_flow": 4.08583325, "breach_share": 0.005, "breach_p1": 0.13333333333333333, "breach_p2": 0.0, "breach_p3": 0.0, "breach_p4": 0.0, "wall_seconds": 0.0008846689015626907}, "pfifo": {"id": "c09_replay_400_0123_sla1.5", "base_id": "c09_replay_400_0123", "campus": 9, "size": 400, "condition": "sla1.5", "sla_multiplier": 1.5, "crew_multiplier": 1.0, "method": "pfifo", "seed": 301, "feasible": 1, "wwt": 176.0, "makespan": 89.25, "mean_flow": 4.09695825, "breach_share": 0.005, "breach_p1": 0.13333333333333333, "breach_p2": 0.0, "breach_p3": 0.0, "breach_p4": 0.0, "wall_seconds": 0.0006207791157066822}, "mor": {"id": "c09_replay_400_0123_sla1.5", "base_id": "c09_replay_400_0123", "campus": 9, "size": 400, "condition": "sla1.5", "sla_multiplier": 1.5, "crew_multiplier": 1.0, "method": "mor", "seed": 301, "feasible": 1, "wwt": 176.0, "makespan": 89.25, "mean_flow": 4.10175, "breach_share": 0.005, "breach_p1": 0.13333333333333333, "breach_p2": 0.0, "breach_p3": 0.0, "breach_p4": 0.0, "wall_seconds": 0.0006027538329362869}, "random": {"id": "c09_replay_400_0123_sla1.5", "base_id": "c09_replay_400_0123", "campus": 9, "size": 400, "condition": "sla1.5", "sla_multiplier": 1.5, "crew_multiplier": 1.0, "method": "random", "seed": 301, "feasible": 1, "wwt": 176.0, "makespan": 89.25, "mean_flow": 4.093333250000001, "breach_share": 0.005, "breach_p1": 0.13333333333333333, "breach_p2": 0.0, "breach_p3": 0.0, "breach_p4": 0.0, "wall_seconds": 0.000558340921998024}, "v2rl301": {"id": "c09_replay_400_0123_sla1.5", "base_id": "c09_replay_400_0123", "campus": 9, "size": 400, "condition": "sla1.5", "sla_multiplier": 1.5, "crew_multiplier": 1.0, "method": "v2rl301", "seed": 301, "feasible": 1, "wwt": 176.0, "makespan": 89.25, "mean_flow": 4.0905, "breach_share": 0.005, "breach_p1": 0.13333333333333333, "breach_p2": 0.0, "breach_p3": 0.0, "breach_p4": 0.0, "wall_seconds": 0.040937962010502815}, "v2rl302": {"id": "c09_replay_400_0123_sla1.5", "base_id": "c09_replay_400_0123", "campus": 9, "size": 400, "condition": "sla1.5", "sla_multiplier": 1.5, "crew_multiplier": 1.0, "method": "v2rl302", "seed": 302, "feasible": 1, "wwt": 176.0, "makespan": 89.25, "mean_flow": 4.100833250000001, "breach_share": 0.005, "breach_p1": 0.13333333333333333, "breach_p2": 0.0, "breach_p3": 0.0, "breach_p4": 0.0, "wall_seconds": 0.03923687199130654}, "v2rl303": {"id": "c09_replay_400_0123_sla1.5", "base_id": "c09_replay_400_0123", "campus": 9, "size": 400, "condition": "sla1.5", "sla_multiplier": 1.5, "crew_multiplier": 1.0, "method": "v2rl303", "seed": 303, "feasible": 1, "wwt": 176.0, "makespan": 89.25, "mean_flow": 4.100833250000001, "breach_share": 0.005, "breach_p1": 0.13333333333333333, "breach_p2": 0.0, "breach_p3": 0.0, "breach_p4": 0.0, "wall_seconds": 0.03905199794098735}}, "methods_expected": ["edd", "wspt", "atc", "pfifo", "mor", "random", "v2rl301", "v2rl302", "v2rl303"], "infeasible": [], "wall_seconds_total": 0.12766929110512137}