{"shard_id": "c09_replay_400_0111_sla1.5", "id": "c09_replay_400_0111_sla1.5", "base_id": "c09_replay_400_0111", "campus": 9, "size": 400, "condition": "sla1.5", "rows": {"edd": {"id": "c09_replay_400_0111_sla1.5", "base_id": "c09_replay_400_0111", "campus": 9, "size": 400, "condition": "sla1.5", "sla_multiplier": 1.5, "crew_multiplier": 1.0, "method": "edd", "seed": 301, "feasible": 1, "wwt": 94.0, "makespan": 138.8648, "mean_flow": 4.1861625, "breach_share": 0.005, "breach_p1": 0.13333333333333333, "breach_p2": 0.0, "breach_p3": 0.0, "breach_p4": 0.0, "wall_seconds": 0.0006214608438313007}, "wspt": {"id": "c09_replay_400_0111_sla1.5", "base_id": "c09_replay_400_0111", "campus": 9, "size": 400, "condition": "sla1.5", "sla_multiplier": 1.5, "crew_multiplier": 1.0, "method": "wspt", "seed": 301, "feasible": 1, "wwt": 94.0, "makespan": 138.8648, "mean_flow": 4.1461205, "breach_share": 0.005, "breach_p1": 0.13333333333333333, "breach_p2": 0.0, "breach_p3": 0.0, "breach_p4": 0.0, "wall_seconds": 0.0006322655826807022}, "atc": {"id": "c09_replay_400_0111_sla1.5", "base_id": "c09_replay_400_0111", "campus": 9, "size": 400, "condition": "sla1.5", "sla_multiplier": 1.5, "crew_multiplier": 1.0, "method": "atc", "seed": 301, "feasible": 1, "wwt": 94.0, "makespan": 138.8648, "mean_flow": 4.1486205, "breach_share": 0.005, "breach_p1": 0.13333333333333333, "breach_p2": 0.0, "breach_p3": 0.0, "breach_p4": 0.0, "wall_seconds": 0.00086635397747159}, "pfifo": {"id": "c09_replay_400_0111_sla1.5", "base_id": "c09_replay_400_0111", "campus": 9, "size": 400, "condition": "sla1.5", "sla_multiplier": 1.5, "crew_multiplier": 1.0, "method": "pfifo", "seed": 301, "feasible": 1, "wwt": 94.0, "makespan": 138.8648, "mean_flow": 4.1861625, "breach_share": 0.005, "breach_p1": 0.13333333333333333, "breach_p2": 0.0, "breach_p3": 0.0, "breach_p4": 0.0, "wall_seconds": 0.0006011179648339748}, "mor": {"id": "c09_replay_400_0111_sla1.5", "base_id": "c09_replay_400_0111", "campus": 9, "size": 400, "condition": "sla1.5", "sla_multiplier": 1.5, "crew_multiplier": 1.0, "method": "mor", "seed": 301, "feasible": 1, "wwt": 94.0, "makespan": 138.8648, "mean_flow": 4.2809955, "breach_share": 0.005, "breach_p1": 0.13333333333333333, "breach_p2": 0.0, "breach_p3": 0.0, "breach_p4": 0.0, "wall_seconds": 0.0005964720621705055}, "random": {"id": "c09_replay_400_0111_sla1.5", "base_id": "c09_replay_400_0111", "campus": 9, "size": 400, "condition": "sla1.5", "sla_multiplier": 1.5, "crew_multiplier": 1.0, "method": "random", "seed": 301, "feasible": 1, "wwt": 94.0, "makespan": 138.8648, "mean_flow": 4.20066225, "breach_share": 0.005, "breach_p1": 0.13333333333333333, "breach_p2": 0.0, "breach_p3": 0.0, "breach_p4": 0.0, "wall_seconds": 0.0005227611400187016}, "v2rl301": {"id": "c09_replay_400_0111_sla1.5", "base_id": "c09_replay_400_0111", "campus": 9, "size": 400, "condition": "sla1.5", "sla_multiplier": 1.5, "crew_multiplier": 1.0, "method": "v2rl301", "seed": 301, "feasible": 1, "wwt": 94.0, "makespan": 138.8648, "mean_flow": 4.2750787500000005, "breach_share": 0.005, "breach_p1": 0.13333333333333333, "breach_p2": 0.0, "breach_p3": 0.0, "breach_p4": 0.0, "wall_seconds": 0.04114821320399642}, "v2rl302": {"id": "c09_replay_400_0111_sla1.5", "base_id": "c09_replay_400_0111", "campus": 9, "size": 400, "condition": "sla1.5", "sla_multiplier": 1.5, "crew_multiplier": 1.0, "method": "v2rl302", "seed": 302, "feasible": 1, "wwt": 94.0, "makespan": 138.8648, "mean_flow": 4.26591225, "breach_share": 0.005, "breach_p1": 0.13333333333333333, "breach_p2": 0.0, "breach_p3": 0.0, "breach_p4": 0.0, "wall_seconds": 0.040415666066110134}, "v2rl303": {"id": "c09_replay_400_0111_sla1.5", "base_id": "c09_replay_400_0111", "campus": 9, "size": 400, "condition": "sla1.5", "sla_multiplier": 1.5, "crew_multiplier": 1.0, "method": "v2rl303", "seed": 303, "feasible": 1, "wwt": 94.0, "makespan": 138.8648, "mean_flow": 4.26591225, "breach_share": 0.005, "breach_p1": 0.13333333333333333, "breach_p2": 0.0, "breach_p3": 0.0, "breach_p4": 0.0, "wall_seconds": 0.042135062627494335}}, "methods_expected": ["edd", "wspt", "atc", "pfifo", "mor", "random", "v2rl301", "v2rl302", "v2rl303"], "infeasible": [], "wall_seconds_total": 0.13191317301243544}