{"shard_id": "c09_replay_400_0120_sla0.5", "id": "c09_replay_400_0120_sla0.5", "base_id": "c09_replay_400_0120", "campus": 9, "size": 400, "condition": "sla0.5", "rows": {"edd": {"id": "c09_replay_400_0120_sla0.5", "base_id": "c09_replay_400_0120", "campus": 9, "size": 400, "condition": "sla0.5", "sla_multiplier": 0.5, "crew_multiplier": 1.0, "method": "edd", "seed": 301, "feasible": 1, "wwt": 516.3, "makespan": 116.13329999999999, "mean_flow": 4.7267485, "breach_share": 0.0375, "breach_p1": 0.21428571428571427, "breach_p2": 0.10784313725490197, "breach_p3": 0.0, "breach_p4": 0.0035335689045936395, "wall_seconds": 0.0006150347180664539}, "wspt": {"id": "c09_replay_400_0120_sla0.5", "base_id": "c09_replay_400_0120", "campus": 9, "size": 400, "condition": "sla0.5", "sla_multiplier": 0.5, "crew_multiplier": 1.0, "method": "wspt", "seed": 301, "feasible": 1, "wwt": 526.8, "makespan": 116.13329999999999, "mean_flow": 4.6664985, "breach_share": 0.0375, "breach_p1": 0.21428571428571427, "breach_p2": 0.10784313725490197, "breach_p3": 0.0, "breach_p4": 0.0035335689045936395, "wall_seconds": 0.0006434237584471703}, "atc": {"id": "c09_replay_400_0120_sla0.5", "base_id": "c09_replay_400_0120", "campus": 9, "size": 400, "condition": "sla0.5", "sla_multiplier": 0.5, "crew_multiplier": 1.0, "method": "atc", "seed": 301, "feasible": 1, "wwt": 516.5, "makespan": 116.13329999999999, "mean_flow": 4.67195675, "breach_share": 0.0375, "breach_p1": 0.21428571428571427, "breach_p2": 0.10784313725490197, "breach_p3": 0.0, "breach_p4": 0.0035335689045936395, "wall_seconds": 0.000829711090773344}, "pfifo": {"id": "c09_replay_400_0120_sla0.5", "base_id": "c09_replay_400_0120", "campus": 9, "size": 400, "condition": "sla0.5", "sla_multiplier": 0.5, "crew_multiplier": 1.0, "method": "pfifo", "seed": 301, "feasible": 1, "wwt": 516.3, "makespan": 116.13329999999999, "mean_flow": 4.7267485, "breach_share": 0.0375, "breach_p1": 0.21428571428571427, "breach_p2": 0.10784313725490197, "breach_p3": 0.0, "breach_p4": 0.0035335689045936395, "wall_seconds": 0.0005911597982048988}, "mor": {"id": "c09_replay_400_0120_sla0.5", "base_id": "c09_replay_400_0120", "campus": 9, "size": 400, "condition": "sla0.5", "sla_multiplier": 0.5, "crew_multiplier": 1.0, "method": "mor", "seed": 301, "feasible": 1, "wwt": 512.3, "makespan": 116.13329999999999, "mean_flow": 4.799373500000001, "breach_share": 0.035, "breach_p1": 0.21428571428571427, "breach_p2": 0.09803921568627451, "breach_p3": 0.0, "breach_p4": 0.0035335689045936395, "wall_seconds": 0.0006046686321496964}, "random": {"id": "c09_replay_400_0120_sla0.5", "base_id": "c09_replay_400_0120", "campus": 9, "size": 400, "condition": "sla0.5", "sla_multiplier": 0.5, "crew_multiplier": 1.0, "method": "random", "seed": 301, "feasible": 1, "wwt": 527.9668, "makespan": 116.13329999999999, "mean_flow": 4.73295675, "breach_share": 0.0375, "breach_p1": 0.21428571428571427, "breach_p2": 0.10784313725490197, "breach_p3": 0.0, "breach_p4": 0.0035335689045936395, "wall_seconds": 0.0005333498120307922}, "v2rl301": {"id": "c09_replay_400_0120_sla0.5", "base_id": "c09_replay_400_0120", "campus": 9, "size": 400, "condition": "sla0.5", "sla_multiplier": 0.5, "crew_multiplier": 1.0, "method": "v2rl301", "seed": 301, "feasible": 1, "wwt": 512.3, "makespan": 116.13329999999999, "mean_flow": 4.79154025, "breach_share": 0.035, "breach_p1": 0.21428571428571427, "breach_p2": 0.09803921568627451, "breach_p3": 0.0, "breach_p4": 0.0035335689045936395, "wall_seconds": 0.04183170525357127}, "v2rl302": {"id": "c09_replay_400_0120_sla0.5", "base_id": "c09_replay_400_0120", "campus": 9, "size": 400, "condition": "sla0.5", "sla_multiplier": 0.5, "crew_multiplier": 1.0, "method": "v2rl302", "seed": 302, "feasible": 1, "wwt": 512.3, "makespan": 116.13329999999999, "mean_flow": 4.79029025, "breach_share": 0.035, "breach_p1": 0.21428571428571427, "breach_p2": 0.09803921568627451, "breach_p3": 0.0, "breach_p4": 0.0035335689045936395, "wall_seconds": 0.04093562392517924}, "v2rl303": {"id": "c09_replay_400_0120_sla0.5", "base_id": "c09_replay_400_0120", "campus": 9, "size": 400, "condition": "sla0.5", "sla_multiplier": 0.5, "crew_multiplier": 1.0, "method": "v2rl303", "seed": 303, "feasible": 1, "wwt": 512.3, "makespan": 116.13329999999999, "mean_flow": 4.79154025, "breach_share": 0.035, "breach_p1": 0.21428571428571427, "breach_p2": 0.09803921568627451, "breach_p3": 0.0, "breach_p4": 0.0035335689045936395, "wall_seconds": 0.04189869528636336}}, "methods_expected": ["edd", "wspt", "atc", "pfifo", "mor", "random", "v2rl301", "v2rl302", "v2rl303"], "infeasible": [], "wall_seconds_total": 0.13296048622578382}