{"shard_id": "c09_replay_150_0114_m1.25", "id": "c09_replay_150_0114_m1.25", "base_id": "c09_replay_150_0114", "campus": 9, "size": 150, "condition": "crew1.25", "rows": {"edd": {"id": "c09_replay_150_0114_m1.25", "base_id": "c09_replay_150_0114", "campus": 9, "size": 150, "condition": "crew1.25", "sla_multiplier": 1.0, "crew_multiplier": 1.25, "method": "edd", "seed": 301, "feasible": 1, "wwt": 566.0, "makespan": 59.25, "mean_flow": 8.23, "breach_share": 0.03333333333333333, "breach_p1": 0.35714285714285715, "breach_p2": 0.0, "breach_p3": null, "breach_p4": 0.0, "wall_seconds": 0.00036377832293510437}, "wspt": {"id": "c09_replay_150_0114_m1.25", "base_id": "c09_replay_150_0114", "campus": 9, "size": 150, "condition": "crew1.25", "sla_multiplier": 1.0, "crew_multiplier": 1.25, "method": "wspt", "seed": 301, "feasible": 1, "wwt": 566.0, "makespan": 66.75, "mean_flow": 5.385, "breach_share": 0.03333333333333333, "breach_p1": 0.35714285714285715, "breach_p2": 0.0, "breach_p3": null, "breach_p4": 0.0, "wall_seconds": 0.00041781505569815636}, "atc": {"id": "c09_replay_150_0114_m1.25", "base_id": "c09_replay_150_0114", "campus": 9, "size": 150, "condition": "crew1.25", "sla_multiplier": 1.0, "crew_multiplier": 1.25, "method": "atc", "seed": 301, "feasible": 1, "wwt": 566.0, "makespan": 66.75, "mean_flow": 5.385, "breach_share": 0.03333333333333333, "breach_p1": 0.35714285714285715, "breach_p2": 0.0, "breach_p3": null, "breach_p4": 0.0, "wall_seconds": 0.0007106559351086617}, "pfifo": {"id": "c09_replay_150_0114_m1.25", "base_id": "c09_replay_150_0114", "campus": 9, "size": 150, "condition": "crew1.25", "sla_multiplier": 1.0, "crew_multiplier": 1.25, "method": "pfifo", "seed": 301, "feasible": 1, "wwt": 566.0, "makespan": 59.25, "mean_flow": 8.23, "breach_share": 0.03333333333333333, "breach_p1": 0.35714285714285715, "breach_p2": 0.0, "breach_p3": null, "breach_p4": 0.0, "wall_seconds": 0.00038449978455901146}, "mor": {"id": "c09_replay_150_0114_m1.25", "base_id": "c09_replay_150_0114", "campus": 9, "size": 150, "condition": "crew1.25", "sla_multiplier": 1.0, "crew_multiplier": 1.25, "method": "mor", "seed": 301, "feasible": 1, "wwt": 624.0, "makespan": 59.25, "mean_flow": 8.84, "breach_share": 0.04, "breach_p1": 0.42857142857142855, "breach_p2": 0.0, "breach_p3": null, "breach_p4": 0.0, "wall_seconds": 0.00034991325810551643}, "random": {"id": "c09_replay_150_0114_m1.25", "base_id": "c09_replay_150_0114", "campus": 9, "size": 150, "condition": "crew1.25", "sla_multiplier": 1.0, "crew_multiplier": 1.25, "method": "random", "seed": 301, "feasible": 1, "wwt": 634.0, "makespan": 59.25, "mean_flow": 6.363333333333333, "breach_share": 0.04, "breach_p1": 0.42857142857142855, "breach_p2": 0.0, "breach_p3": null, "breach_p4": 0.0, "wall_seconds": 0.00022154999896883965}, "v2rl301": {"id": "c09_replay_150_0114_m1.25", "base_id": "c09_replay_150_0114", "campus": 9, "size": 150, "condition": "crew1.25", "sla_multiplier": 1.0, "crew_multiplier": 1.25, "method": "v2rl301", "seed": 301, "feasible": 1, "wwt": 566.0, "makespan": 59.25, "mean_flow": 8.831666666666667, "breach_share": 0.03333333333333333, "breach_p1": 0.35714285714285715, "breach_p2": 0.0, "breach_p3": null, "breach_p4": 0.0, "wall_seconds": 0.01738908002153039}, "v2rl302": {"id": "c09_replay_150_0114_m1.25", "base_id": "c09_replay_150_0114", "campus": 9, "size": 150, "condition": "crew1.25", "sla_multiplier": 1.0, "crew_multiplier": 1.25, "method": "v2rl302", "seed": 302, "feasible": 1, "wwt": 566.0, "makespan": 59.25, "mean_flow": 8.831666666666667, "breach_share": 0.03333333333333333, "breach_p1": 0.35714285714285715, "breach_p2": 0.0, "breach_p3": null, "breach_p4": 0.0, "wall_seconds": 0.017130968160927296}, "v2rl303": {"id": "c09_replay_150_0114_m1.25", "base_id": "c09_replay_150_0114", "campus": 9, "size": 150, "condition": "crew1.25", "sla_multiplier": 1.0, "crew_multiplier": 1.25, "method": "v2rl303", "seed": 303, "feasible": 1, "wwt": 566.0, "makespan": 59.25, "mean_flow": 8.73, "breach_share": 0.03333333333333333, "breach_p1": 0.35714285714285715, "breach_p2": 0.0, "breach_p3": null, "breach_p4": 0.0, "wall_seconds": 0.01666838303208351}}, "methods_expected": ["edd", "wspt", "atc", "pfifo", "mor", "random", "v2rl301", "v2rl302", "v2rl303"], "infeasible": [], "wall_seconds_total": 0.055816999170929193}