{"shard_id": "c09_replay_150_0110_m1.25", "id": "c09_replay_150_0110_m1.25", "base_id": "c09_replay_150_0110", "campus": 9, "size": 150, "condition": "crew1.25", "rows": {"edd": {"id": "c09_replay_150_0110_m1.25", "base_id": "c09_replay_150_0110", "campus": 9, "size": 150, "condition": "crew1.25", "sla_multiplier": 1.0, "crew_multiplier": 1.25, "method": "edd", "seed": 301, "feasible": 1, "wwt": 68.0, "makespan": 55.7, "mean_flow": 3.283222, "breach_share": 0.006666666666666667, "breach_p1": 0.0, "breach_p2": 0.02127659574468085, "breach_p3": 0.0, "breach_p4": 0.0, "wall_seconds": 0.00026188697665929794}, "wspt": {"id": "c09_replay_150_0110_m1.25", "base_id": "c09_replay_150_0110", "campus": 9, "size": 150, "condition": "crew1.25", "sla_multiplier": 1.0, "crew_multiplier": 1.25, "method": "wspt", "seed": 301, "feasible": 1, "wwt": 68.0, "makespan": 55.7, "mean_flow": 3.283222, "breach_share": 0.006666666666666667, "breach_p1": 0.0, "breach_p2": 0.02127659574468085, "breach_p3": 0.0, "breach_p4": 0.0, "wall_seconds": 0.00027200905606150627}, "atc": {"id": "c09_replay_150_0110_m1.25", "base_id": "c09_replay_150_0110", "campus": 9, "size": 150, "condition": "crew1.25", "sla_multiplier": 1.0, "crew_multiplier": 1.25, "method": "atc", "seed": 301, "feasible": 1, "wwt": 68.0, "makespan": 55.7, "mean_flow": 3.283222, "breach_share": 0.006666666666666667, "breach_p1": 0.0, "breach_p2": 0.02127659574468085, "breach_p3": 0.0, "breach_p4": 0.0, "wall_seconds": 0.0003511263057589531}, "pfifo": {"id": "c09_replay_150_0110_m1.25", "base_id": "c09_replay_150_0110", "campus": 9, "size": 150, "condition": "crew1.25", "sla_multiplier": 1.0, "crew_multiplier": 1.25, "method": "pfifo", "seed": 301, "feasible": 1, "wwt": 68.0, "makespan": 55.7, "mean_flow": 3.283222, "breach_share": 0.006666666666666667, "breach_p1": 0.0, "breach_p2": 0.02127659574468085, "breach_p3": 0.0, "breach_p4": 0.0, "wall_seconds": 0.0002515171654522419}, "mor": {"id": "c09_replay_150_0110_m1.25", "base_id": "c09_replay_150_0110", "campus": 9, "size": 150, "condition": "crew1.25", "sla_multiplier": 1.0, "crew_multiplier": 1.25, "method": "mor", "seed": 301, "feasible": 1, "wwt": 68.0, "makespan": 55.7, "mean_flow": 3.2926666666666664, "breach_share": 0.006666666666666667, "breach_p1": 0.0, "breach_p2": 0.02127659574468085, "breach_p3": 0.0, "breach_p4": 0.0, "wall_seconds": 0.00024833017960190773}, "random": {"id": "c09_replay_150_0110_m1.25", "base_id": "c09_replay_150_0110", "campus": 9, "size": 150, "condition": "crew1.25", "sla_multiplier": 1.0, "crew_multiplier": 1.25, "method": "random", "seed": 301, "feasible": 1, "wwt": 68.0, "makespan": 55.7, "mean_flow": 3.276555333333333, "breach_share": 0.006666666666666667, "breach_p1": 0.0, "breach_p2": 0.02127659574468085, "breach_p3": 0.0, "breach_p4": 0.0, "wall_seconds": 0.00023008929565548897}, "v2rl301": {"id": "c09_replay_150_0110_m1.25", "base_id": "c09_replay_150_0110", "campus": 9, "size": 150, "condition": "crew1.25", "sla_multiplier": 1.0, "crew_multiplier": 1.25, "method": "v2rl301", "seed": 301, "feasible": 1, "wwt": 68.0, "makespan": 55.7, "mean_flow": 3.288888666666667, "breach_share": 0.006666666666666667, "breach_p1": 0.0, "breach_p2": 0.02127659574468085, "breach_p3": 0.0, "breach_p4": 0.0, "wall_seconds": 0.015431104227900505}, "v2rl302": {"id": "c09_replay_150_0110_m1.25", "base_id": "c09_replay_150_0110", "campus": 9, "size": 150, "condition": "crew1.25", "sla_multiplier": 1.0, "crew_multiplier": 1.25, "method": "v2rl302", "seed": 302, "feasible": 1, "wwt": 68.0, "makespan": 55.7, "mean_flow": 3.2858886666666662, "breach_share": 0.006666666666666667, "breach_p1": 0.0, "breach_p2": 0.02127659574468085, "breach_p3": 0.0, "breach_p4": 0.0, "wall_seconds": 0.015087854117155075}, "v2rl303": {"id": "c09_replay_150_0110_m1.25", "base_id": "c09_replay_150_0110", "campus": 9, "size": 150, "condition": "crew1.25", "sla_multiplier": 1.0, "crew_multiplier": 1.25, "method": "v2rl303", "seed": 303, "feasible": 1, "wwt": 68.0, "makespan": 55.7, "mean_flow": 3.2858886666666662, "breach_share": 0.006666666666666667, "breach_p1": 0.0, "breach_p2": 0.02127659574468085, "breach_p3": 0.0, "breach_p4": 0.0, "wall_seconds": 0.015188215766102076}}, "methods_expected": ["edd", "wspt", "atc", "pfifo", "mor", "random", "v2rl301", "v2rl302", "v2rl303"], "infeasible": [], "wall_seconds_total": 0.04938812227919698}