{"shard_id": "c09_replay_400_0117_m0.75", "id": "c09_replay_400_0117_m0.75", "base_id": "c09_replay_400_0117", "campus": 9, "size": 400, "condition": "crew0.75", "rows": {"edd": {"id": "c09_replay_400_0117_m0.75", "base_id": "c09_replay_400_0117", "campus": 9, "size": 400, "condition": "crew0.75", "sla_multiplier": 1.0, "crew_multiplier": 0.75, "method": "edd", "seed": 301, "feasible": 1, "wwt": 651.4664, "makespan": 122.8648, "mean_flow": 4.307913500000001, "breach_share": 0.0075, "breach_p1": 0.1111111111111111, "breach_p2": 0.015873015873015872, "breach_p3": 0.0, "breach_p4": 0.0, "wall_seconds": 0.0006253509782254696}, "wspt": {"id": "c09_replay_400_0117_m0.75", "base_id": "c09_replay_400_0117", "campus": 9, "size": 400, "condition": "crew0.75", "sla_multiplier": 1.0, "crew_multiplier": 0.75, "method": "wspt", "seed": 301, "feasible": 1, "wwt": 659.4664, "makespan": 122.8648, "mean_flow": 4.2653300000000005, "breach_share": 0.0075, "breach_p1": 0.1111111111111111, "breach_p2": 0.015873015873015872, "breach_p3": 0.0, "breach_p4": 0.0, "wall_seconds": 0.0006560171023011208}, "atc": {"id": "c09_replay_400_0117_m0.75", "base_id": "c09_replay_400_0117", "campus": 9, "size": 400, "condition": "crew0.75", "sla_multiplier": 1.0, "crew_multiplier": 0.75, "method": "atc", "seed": 301, "feasible": 1, "wwt": 653.4664, "makespan": 122.8648, "mean_flow": 4.27391325, "breach_share": 0.0075, "breach_p1": 0.1111111111111111, "breach_p2": 0.015873015873015872, "breach_p3": 0.0, "breach_p4": 0.0, "wall_seconds": 0.0008849520236253738}, "pfifo": {"id": "c09_replay_400_0117_m0.75", "base_id": "c09_replay_400_0117", "campus": 9, "size": 400, "condition": "crew0.75", "sla_multiplier": 1.0, "crew_multiplier": 0.75, "method": "pfifo", "seed": 301, "feasible": 1, "wwt": 651.4664, "makespan": 122.8648, "mean_flow": 4.307913500000001, "breach_share": 0.0075, "breach_p1": 0.1111111111111111, "breach_p2": 0.015873015873015872, "breach_p3": 0.0, "breach_p4": 0.0, "wall_seconds": 0.0006200228817760944}, "mor": {"id": "c09_replay_400_0117_m0.75", "base_id": "c09_replay_400_0117", "campus": 9, "size": 400, "condition": "crew0.75", "sla_multiplier": 1.0, "crew_multiplier": 0.75, "method": "mor", "seed": 301, "feasible": 1, "wwt": 651.4664, "makespan": 122.8648, "mean_flow": 4.49882975, "breach_share": 0.0075, "breach_p1": 0.1111111111111111, "breach_p2": 0.015873015873015872, "breach_p3": 0.0, "breach_p4": 0.0, "wall_seconds": 0.0006062733009457588}, "random": {"id": "c09_replay_400_0117_m0.75", "base_id": "c09_replay_400_0117", "campus": 9, "size": 400, "condition": "crew0.75", "sla_multiplier": 1.0, "crew_multiplier": 0.75, "method": "random", "seed": 301, "feasible": 1, "wwt": 656.4664, "makespan": 122.8648, "mean_flow": 4.36649625, "breach_share": 0.0075, "breach_p1": 0.1111111111111111, "breach_p2": 0.015873015873015872, "breach_p3": 0.0, "breach_p4": 0.0, "wall_seconds": 0.0005551441572606564}, "v2rl301": {"id": "c09_replay_400_0117_m0.75", "base_id": "c09_replay_400_0117", "campus": 9, "size": 400, "condition": "crew0.75", "sla_multiplier": 1.0, "crew_multiplier": 0.75, "method": "v2rl301", "seed": 301, "feasible": 1, "wwt": 651.4664, "makespan": 122.8648, "mean_flow": 4.39274625, "breach_share": 0.0075, "breach_p1": 0.1111111111111111, "breach_p2": 0.015873015873015872, "breach_p3": 0.0, "breach_p4": 0.0, "wall_seconds": 0.04180534277111292}, "v2rl302": {"id": "c09_replay_400_0117_m0.75", "base_id": "c09_replay_400_0117", "campus": 9, "size": 400, "condition": "crew0.75", "sla_multiplier": 1.0, "crew_multiplier": 0.75, "method": "v2rl302", "seed": 302, "feasible": 1, "wwt": 651.4664, "makespan": 122.8648, "mean_flow": 4.38274625, "breach_share": 0.0075, "breach_p1": 0.1111111111111111, "breach_p2": 0.015873015873015872, "breach_p3": 0.0, "breach_p4": 0.0, "wall_seconds": 0.0409586476162076}, "v2rl303": {"id": "c09_replay_400_0117_m0.75", "base_id": "c09_replay_400_0117", "campus": 9, "size": 400, "condition": "crew0.75", "sla_multiplier": 1.0, "crew_multiplier": 0.75, "method": "v2rl303", "seed": 303, "feasible": 1, "wwt": 651.4664, "makespan": 122.8648, "mean_flow": 4.38174625, "breach_share": 0.0075, "breach_p1": 0.1111111111111111, "breach_p2": 0.015873015873015872, "breach_p3": 0.0, "breach_p4": 0.0, "wall_seconds": 0.041578583884984255}}, "methods_expected": ["edd", "wspt", "atc", "pfifo", "mor", "random", "v2rl301", "v2rl302", "v2rl303"], "infeasible": [], "wall_seconds_total": 0.13282020995393395}