{"shard_id": "c09_replay_400_0110_m1.25", "id": "c09_replay_400_0110_m1.25", "base_id": "c09_replay_400_0110", "campus": 9, "size": 400, "condition": "crew1.25", "rows": {"edd": {"id": "c09_replay_400_0110_m1.25", "base_id": "c09_replay_400_0110", "campus": 9, "size": 400, "condition": "crew1.25", "sla_multiplier": 1.0, "crew_multiplier": 1.25, "method": "edd", "seed": 301, "feasible": 1, "wwt": 508.0, "makespan": 94.5, "mean_flow": 4.267417249999999, "breach_share": 0.005, "breach_p1": 0.2857142857142857, "breach_p2": 0.0, "breach_p3": 0.0, "breach_p4": 0.0, "wall_seconds": 0.00072451401501894}, "wspt": {"id": "c09_replay_400_0110_m1.25", "base_id": "c09_replay_400_0110", "campus": 9, "size": 400, "condition": "crew1.25", "sla_multiplier": 1.0, "crew_multiplier": 1.25, "method": "wspt", "seed": 301, "feasible": 1, "wwt": 508.0, "makespan": 94.5, "mean_flow": 3.7733754999999998, "breach_share": 0.005, "breach_p1": 0.2857142857142857, "breach_p2": 0.0, "breach_p3": 0.0, "breach_p4": 0.0, "wall_seconds": 0.0007215533405542374}, "atc": {"id": "c09_replay_400_0110_m1.25", "base_id": "c09_replay_400_0110", "campus": 9, "size": 400, "condition": "crew1.25", "sla_multiplier": 1.0, "crew_multiplier": 1.25, "method": "atc", "seed": 301, "feasible": 1, "wwt": 508.0, "makespan": 94.5, "mean_flow": 3.8246255, "breach_share": 0.005, "breach_p1": 0.2857142857142857, "breach_p2": 0.0, "breach_p3": 0.0, "breach_p4": 0.0, "wall_seconds": 0.0011136559769511223}, "pfifo": {"id": "c09_replay_400_0110_m1.25", "base_id": "c09_replay_400_0110", "campus": 9, "size": 400, "condition": "crew1.25", "sla_multiplier": 1.0, "crew_multiplier": 1.25, "method": "pfifo", "seed": 301, "feasible": 1, "wwt": 508.0, "makespan": 94.5, "mean_flow": 4.267417249999999, "breach_share": 0.005, "breach_p1": 0.2857142857142857, "breach_p2": 0.0, "breach_p3": 0.0, "breach_p4": 0.0, "wall_seconds": 0.0006899130530655384}, "mor": {"id": "c09_replay_400_0110_m1.25", "base_id": "c09_replay_400_0110", "campus": 9, "size": 400, "condition": "crew1.25", "sla_multiplier": 1.0, "crew_multiplier": 1.25, "method": "mor", "seed": 301, "feasible": 1, "wwt": 508.0, "makespan": 94.5, "mean_flow": 4.49475075, "breach_share": 0.005, "breach_p1": 0.2857142857142857, "breach_p2": 0.0, "breach_p3": 0.0, "breach_p4": 0.0, "wall_seconds": 0.000674963928759098}, "random": {"id": "c09_replay_400_0110_m1.25", "base_id": "c09_replay_400_0110", "campus": 9, "size": 400, "condition": "crew1.25", "sla_multiplier": 1.0, "crew_multiplier": 1.25, "method": "random", "seed": 301, "feasible": 1, "wwt": 508.0, "makespan": 94.5, "mean_flow": 4.0786255, "breach_share": 0.005, "breach_p1": 0.2857142857142857, "breach_p2": 0.0, "breach_p3": 0.0, "breach_p4": 0.0, "wall_seconds": 0.0005331891588866711}, "v2rl301": {"id": "c09_replay_400_0110_m1.25", "base_id": "c09_replay_400_0110", "campus": 9, "size": 400, "condition": "crew1.25", "sla_multiplier": 1.0, "crew_multiplier": 1.25, "method": "v2rl301", "seed": 301, "feasible": 1, "wwt": 508.0, "makespan": 94.5, "mean_flow": 4.490375749999999, "breach_share": 0.005, "breach_p1": 0.2857142857142857, "breach_p2": 0.0, "breach_p3": 0.0, "breach_p4": 0.0, "wall_seconds": 0.043107044883072376}, "v2rl302": {"id": "c09_replay_400_0110_m1.25", "base_id": "c09_replay_400_0110", "campus": 9, "size": 400, "condition": "crew1.25", "sla_multiplier": 1.0, "crew_multiplier": 1.25, "method": "v2rl302", "seed": 302, "feasible": 1, "wwt": 508.0, "makespan": 94.5, "mean_flow": 4.490375749999999, "breach_share": 0.005, "breach_p1": 0.2857142857142857, "breach_p2": 0.0, "breach_p3": 0.0, "breach_p4": 0.0, "wall_seconds": 0.04244325729086995}, "v2rl303": {"id": "c09_replay_400_0110_m1.25", "base_id": "c09_replay_400_0110", "campus": 9, "size": 400, "condition": "crew1.25", "sla_multiplier": 1.0, "crew_multiplier": 1.25, "method": "v2rl303", "seed": 303, "feasible": 1, "wwt": 508.0, "makespan": 94.5, "mean_flow": 4.490375749999999, "breach_share": 0.005, "breach_p1": 0.2857142857142857, "breach_p2": 0.0, "breach_p3": 0.0, "breach_p4": 0.0, "wall_seconds": 0.04216850968077779}}, "methods_expected": ["edd", "wspt", "atc", "pfifo", "mor", "random", "v2rl301", "v2rl302", "v2rl303"], "infeasible": [], "wall_seconds_total": 0.1366751240566373}