{"shard_id": "c09_replay_400_0114_sla1.5", "id": "c09_replay_400_0114_sla1.5", "base_id": "c09_replay_400_0114", "campus": 9, "size": 400, "condition": "sla1.5", "rows": {"edd": {"id": "c09_replay_400_0114_sla1.5", "base_id": "c09_replay_400_0114", "campus": 9, "size": 400, "condition": "sla1.5", "sla_multiplier": 1.5, "crew_multiplier": 1.0, "method": "edd", "seed": 301, "feasible": 1, "wwt": 86.0, "makespan": 82.0, "mean_flow": 4.09237525, "breach_share": 0.005, "breach_p1": 0.18181818181818182, "breach_p2": 0.0, "breach_p3": 0.0, "breach_p4": 0.0, "wall_seconds": 0.0006290888413786888}, "wspt": {"id": "c09_replay_400_0114_sla1.5", "base_id": "c09_replay_400_0114", "campus": 9, "size": 400, "condition": "sla1.5", "sla_multiplier": 1.5, "crew_multiplier": 1.0, "method": "wspt", "seed": 301, "feasible": 1, "wwt": 92.0, "makespan": 83.0, "mean_flow": 4.035667, "breach_share": 0.005, "breach_p1": 0.18181818181818182, "breach_p2": 0.0, "breach_p3": 0.0, "breach_p4": 0.0, "wall_seconds": 0.0006566331721842289}, "atc": {"id": "c09_replay_400_0114_sla1.5", "base_id": "c09_replay_400_0114", "campus": 9, "size": 400, "condition": "sla1.5", "sla_multiplier": 1.5, "crew_multiplier": 1.0, "method": "atc", "seed": 301, "feasible": 1, "wwt": 86.0, "makespan": 83.0, "mean_flow": 4.0365002500000005, "breach_share": 0.005, "breach_p1": 0.18181818181818182, "breach_p2": 0.0, "breach_p3": 0.0, "breach_p4": 0.0, "wall_seconds": 0.0009458470158278942}, "pfifo": {"id": "c09_replay_400_0114_sla1.5", "base_id": "c09_replay_400_0114", "campus": 9, "size": 400, "condition": "sla1.5", "sla_multiplier": 1.5, "crew_multiplier": 1.0, "method": "pfifo", "seed": 301, "feasible": 1, "wwt": 86.0, "makespan": 82.0, "mean_flow": 4.09237525, "breach_share": 0.005, "breach_p1": 0.18181818181818182, "breach_p2": 0.0, "breach_p3": 0.0, "breach_p4": 0.0, "wall_seconds": 0.000627376139163971}, "mor": {"id": "c09_replay_400_0114_sla1.5", "base_id": "c09_replay_400_0114", "campus": 9, "size": 400, "condition": "sla1.5", "sla_multiplier": 1.5, "crew_multiplier": 1.0, "method": "mor", "seed": 301, "feasible": 1, "wwt": 86.0, "makespan": 82.0, "mean_flow": 4.15791675, "breach_share": 0.005, "breach_p1": 0.18181818181818182, "breach_p2": 0.0, "breach_p3": 0.0, "breach_p4": 0.0, "wall_seconds": 0.0006136810407042503}, "random": {"id": "c09_replay_400_0114_sla1.5", "base_id": "c09_replay_400_0114", "campus": 9, "size": 400, "condition": "sla1.5", "sla_multiplier": 1.5, "crew_multiplier": 1.0, "method": "random", "seed": 301, "feasible": 1, "wwt": 86.0, "makespan": 83.0, "mean_flow": 4.07520875, "breach_share": 0.005, "breach_p1": 0.18181818181818182, "breach_p2": 0.0, "breach_p3": 0.0, "breach_p4": 0.0, "wall_seconds": 0.0005160421133041382}, "v2rl301": {"id": "c09_replay_400_0114_sla1.5", "base_id": "c09_replay_400_0114", "campus": 9, "size": 400, "condition": "sla1.5", "sla_multiplier": 1.5, "crew_multiplier": 1.0, "method": "v2rl301", "seed": 301, "feasible": 1, "wwt": 86.0, "makespan": 82.0, "mean_flow": 4.1555835000000005, "breach_share": 0.005, "breach_p1": 0.18181818181818182, "breach_p2": 0.0, "breach_p3": 0.0, "breach_p4": 0.0, "wall_seconds": 0.04289075033739209}, "v2rl302": {"id": "c09_replay_400_0114_sla1.5", "base_id": "c09_replay_400_0114", "campus": 9, "size": 400, "condition": "sla1.5", "sla_multiplier": 1.5, "crew_multiplier": 1.0, "method": "v2rl302", "seed": 302, "feasible": 1, "wwt": 86.0, "makespan": 82.0, "mean_flow": 4.1380835000000005, "breach_share": 0.005, "breach_p1": 0.18181818181818182, "breach_p2": 0.0, "breach_p3": 0.0, "breach_p4": 0.0, "wall_seconds": 0.04205297399312258}, "v2rl303": {"id": "c09_replay_400_0114_sla1.5", "base_id": "c09_replay_400_0114", "campus": 9, "size": 400, "condition": "sla1.5", "sla_multiplier": 1.5, "crew_multiplier": 1.0, "method": "v2rl303", "seed": 303, "feasible": 1, "wwt": 86.0, "makespan": 82.0, "mean_flow": 4.1380835000000005, "breach_share": 0.005, "breach_p1": 0.18181818181818182, "breach_p2": 0.0, "breach_p3": 0.0, "breach_p4": 0.0, "wall_seconds": 0.04141758615151048}}, "methods_expected": ["edd", "wspt", "atc", "pfifo", "mor", "random", "v2rl301", "v2rl302", "v2rl303"], "infeasible": [], "wall_seconds_total": 0.1347878989763558}