{"shard_id": "c09_replay_400_0119_sla1.5", "id": "c09_replay_400_0119_sla1.5", "base_id": "c09_replay_400_0119", "campus": 9, "size": 400, "condition": "sla1.5", "rows": {"edd": {"id": "c09_replay_400_0119_sla1.5", "base_id": "c09_replay_400_0119", "campus": 9, "size": 400, "condition": "sla1.5", "sla_multiplier": 1.5, "crew_multiplier": 1.0, "method": "edd", "seed": 301, "feasible": 1, "wwt": 946.9184, "makespan": 135.8648, "mean_flow": 4.22025175, "breach_share": 0.015, "breach_p1": 0.21052631578947367, "breach_p2": 0.020833333333333332, "breach_p3": 0.0, "breach_p4": 0.0, "wall_seconds": 0.0006408002227544785}, "wspt": {"id": "c09_replay_400_0119_sla1.5", "base_id": "c09_replay_400_0119", "campus": 9, "size": 400, "condition": "sla1.5", "sla_multiplier": 1.5, "crew_multiplier": 1.0, "method": "wspt", "seed": 301, "feasible": 1, "wwt": 946.9184, "makespan": 135.8648, "mean_flow": 4.2012935, "breach_share": 0.015, "breach_p1": 0.21052631578947367, "breach_p2": 0.020833333333333332, "breach_p3": 0.0, "breach_p4": 0.0, "wall_seconds": 0.0006395750679075718}, "atc": {"id": "c09_replay_400_0119_sla1.5", "base_id": "c09_replay_400_0119", "campus": 9, "size": 400, "condition": "sla1.5", "sla_multiplier": 1.5, "crew_multiplier": 1.0, "method": "atc", "seed": 301, "feasible": 1, "wwt": 946.9184, "makespan": 135.8648, "mean_flow": 4.2012935, "breach_share": 0.015, "breach_p1": 0.21052631578947367, "breach_p2": 0.020833333333333332, "breach_p3": 0.0, "breach_p4": 0.0, "wall_seconds": 0.0008720699697732925}, "pfifo": {"id": "c09_replay_400_0119_sla1.5", "base_id": "c09_replay_400_0119", "campus": 9, "size": 400, "condition": "sla1.5", "sla_multiplier": 1.5, "crew_multiplier": 1.0, "method": "pfifo", "seed": 301, "feasible": 1, "wwt": 946.9184, "makespan": 135.8648, "mean_flow": 4.22025175, "breach_share": 0.015, "breach_p1": 0.21052631578947367, "breach_p2": 0.020833333333333332, "breach_p3": 0.0, "breach_p4": 0.0, "wall_seconds": 0.000621007289737463}, "mor": {"id": "c09_replay_400_0119_sla1.5", "base_id": "c09_replay_400_0119", "campus": 9, "size": 400, "condition": "sla1.5", "sla_multiplier": 1.5, "crew_multiplier": 1.0, "method": "mor", "seed": 301, "feasible": 1, "wwt": 946.9184, "makespan": 135.8648, "mean_flow": 4.23233525, "breach_share": 0.015, "breach_p1": 0.21052631578947367, "breach_p2": 0.020833333333333332, "breach_p3": 0.0, "breach_p4": 0.0, "wall_seconds": 0.0006237560883164406}, "random": {"id": "c09_replay_400_0119_sla1.5", "base_id": "c09_replay_400_0119", "campus": 9, "size": 400, "condition": "sla1.5", "sla_multiplier": 1.5, "crew_multiplier": 1.0, "method": "random", "seed": 301, "feasible": 1, "wwt": 946.9184, "makespan": 135.8648, "mean_flow": 4.228168500000001, "breach_share": 0.015, "breach_p1": 0.21052631578947367, "breach_p2": 0.020833333333333332, "breach_p3": 0.0, "breach_p4": 0.0, "wall_seconds": 0.0005554021336138248}, "v2rl301": {"id": "c09_replay_400_0119_sla1.5", "base_id": "c09_replay_400_0119", "campus": 9, "size": 400, "condition": "sla1.5", "sla_multiplier": 1.5, "crew_multiplier": 1.0, "method": "v2rl301", "seed": 301, "feasible": 1, "wwt": 946.9184, "makespan": 135.8648, "mean_flow": 4.2304185, "breach_share": 0.015, "breach_p1": 0.21052631578947367, "breach_p2": 0.020833333333333332, "breach_p3": 0.0, "breach_p4": 0.0, "wall_seconds": 0.041153129655867815}, "v2rl302": {"id": "c09_replay_400_0119_sla1.5", "base_id": "c09_replay_400_0119", "campus": 9, "size": 400, "condition": "sla1.5", "sla_multiplier": 1.5, "crew_multiplier": 1.0, "method": "v2rl302", "seed": 302, "feasible": 1, "wwt": 946.9184, "makespan": 135.8648, "mean_flow": 4.230960250000001, "breach_share": 0.015, "breach_p1": 0.21052631578947367, "breach_p2": 0.020833333333333332, "breach_p3": 0.0, "breach_p4": 0.0, "wall_seconds": 0.041234567761421204}, "v2rl303": {"id": "c09_replay_400_0119_sla1.5", "base_id": "c09_replay_400_0119", "campus": 9, "size": 400, "condition": "sla1.5", "sla_multiplier": 1.5, "crew_multiplier": 1.0, "method": "v2rl303", "seed": 303, "feasible": 1, "wwt": 946.9184, "makespan": 135.8648, "mean_flow": 4.230960250000001, "breach_share": 0.015, "breach_p1": 0.21052631578947367, "breach_p2": 0.020833333333333332, "breach_p3": 0.0, "breach_p4": 0.0, "wall_seconds": 0.04078283440321684}}, "methods_expected": ["edd", "wspt", "atc", "pfifo", "mor", "random", "v2rl301", "v2rl302", "v2rl303"], "infeasible": [], "wall_seconds_total": 0.1317557250149548}