{"shard_id": "c09_replay_150_0121", "id": "c09_replay_150_0121", "base_id": "c09_replay_150_0121", "campus": 9, "size": 150, "condition": "baseline", "rows": {"edd": {"id": "c09_replay_150_0121", "base_id": "c09_replay_150_0121", "campus": 9, "size": 150, "condition": "baseline", "sla_multiplier": 1.0, "crew_multiplier": 1.0, "method": "edd", "seed": 301, "feasible": 1, "wwt": 151.0, "makespan": 67.25, "mean_flow": 4.053222, "breach_share": 0.02666666666666667, "breach_p1": 0.6666666666666666, "breach_p2": 0.045454545454545456, "breach_p3": 0.0, "breach_p4": 0.0, "wall_seconds": 0.00025952234864234924}, "wspt": {"id": "c09_replay_150_0121", "base_id": "c09_replay_150_0121", "campus": 9, "size": 150, "condition": "baseline", "sla_multiplier": 1.0, "crew_multiplier": 1.0, "method": "wspt", "seed": 301, "feasible": 1, "wwt": 151.0, "makespan": 68.25, "mean_flow": 4.0023333333333335, "breach_share": 0.02666666666666667, "breach_p1": 0.6666666666666666, "breach_p2": 0.045454545454545456, "breach_p3": 0.0, "breach_p4": 0.0, "wall_seconds": 0.0002452707849442959}, "atc": {"id": "c09_replay_150_0121", "base_id": "c09_replay_150_0121", "campus": 9, "size": 150, "condition": "baseline", "sla_multiplier": 1.0, "crew_multiplier": 1.0, "method": "atc", "seed": 301, "feasible": 1, "wwt": 151.0, "makespan": 68.25, "mean_flow": 4.0023333333333335, "breach_share": 0.02666666666666667, "breach_p1": 0.6666666666666666, "breach_p2": 0.045454545454545456, "breach_p3": 0.0, "breach_p4": 0.0, "wall_seconds": 0.00031724805012345314}, "pfifo": {"id": "c09_replay_150_0121", "base_id": "c09_replay_150_0121", "campus": 9, "size": 150, "condition": "baseline", "sla_multiplier": 1.0, "crew_multiplier": 1.0, "method": "pfifo", "seed": 301, "feasible": 1, "wwt": 151.0, "makespan": 67.25, "mean_flow": 4.053222, "breach_share": 0.02666666666666667, "breach_p1": 0.6666666666666666, "breach_p2": 0.045454545454545456, "breach_p3": 0.0, "breach_p4": 0.0, "wall_seconds": 0.0002393806353211403}, "mor": {"id": "c09_replay_150_0121", "base_id": "c09_replay_150_0121", "campus": 9, "size": 150, "condition": "baseline", "sla_multiplier": 1.0, "crew_multiplier": 1.0, "method": "mor", "seed": 301, "feasible": 1, "wwt": 151.0, "makespan": 65.75, "mean_flow": 4.104888666666667, "breach_share": 0.02666666666666667, "breach_p1": 0.6666666666666666, "breach_p2": 0.045454545454545456, "breach_p3": 0.0, "breach_p4": 0.0, "wall_seconds": 0.00023826723918318748}, "random": {"id": "c09_replay_150_0121", "base_id": "c09_replay_150_0121", "campus": 9, "size": 150, "condition": "baseline", "sla_multiplier": 1.0, "crew_multiplier": 1.0, "method": "random", "seed": 301, "feasible": 1, "wwt": 151.0, "makespan": 65.75, "mean_flow": 4.082333333333334, "breach_share": 0.02666666666666667, "breach_p1": 0.6666666666666666, "breach_p2": 0.045454545454545456, "breach_p3": 0.0, "breach_p4": 0.0, "wall_seconds": 0.0002251332625746727}, "v2rl301": {"id": "c09_replay_150_0121", "base_id": "c09_replay_150_0121", "campus": 9, "size": 150, "condition": "baseline", "sla_multiplier": 1.0, "crew_multiplier": 1.0, "method": "v2rl301", "seed": 301, "feasible": 1, "wwt": 151.0, "makespan": 65.75, "mean_flow": 4.071222000000001, "breach_share": 0.02666666666666667, "breach_p1": 0.6666666666666666, "breach_p2": 0.045454545454545456, "breach_p3": 0.0, "breach_p4": 0.0, "wall_seconds": 0.01563091902062297}, "v2rl302": {"id": "c09_replay_150_0121", "base_id": "c09_replay_150_0121", "campus": 9, "size": 150, "condition": "baseline", "sla_multiplier": 1.0, "crew_multiplier": 1.0, "method": "v2rl302", "seed": 302, "feasible": 1, "wwt": 151.0, "makespan": 65.75, "mean_flow": 4.071222000000001, "breach_share": 0.02666666666666667, "breach_p1": 0.6666666666666666, "breach_p2": 0.045454545454545456, "breach_p3": 0.0, "breach_p4": 0.0, "wall_seconds": 0.01506832567974925}, "v2rl303": {"id": "c09_replay_150_0121", "base_id": "c09_replay_150_0121", "campus": 9, "size": 150, "condition": "baseline", "sla_multiplier": 1.0, "crew_multiplier": 1.0, "method": "v2rl303", "seed": 303, "feasible": 1, "wwt": 151.0, "makespan": 65.75, "mean_flow": 4.071222000000001, "breach_share": 0.02666666666666667, "breach_p1": 0.6666666666666666, "breach_p2": 0.045454545454545456, "breach_p3": 0.0, "breach_p4": 0.0, "wall_seconds": 0.015059804078191519}}, "methods_expected": ["edd", "wspt", "atc", "pfifo", "mor", "random", "v2rl301", "v2rl302", "v2rl303"], "infeasible": [], "wall_seconds_total": 0.04894500505179167}