{"shard_id": "c09_replay_400_0104_sla0.5", "id": "c09_replay_400_0104_sla0.5", "base_id": "c09_replay_400_0104", "campus": 9, "size": 400, "condition": "sla0.5", "rows": {"edd": {"id": "c09_replay_400_0104_sla0.5", "base_id": "c09_replay_400_0104", "campus": 9, "size": 400, "condition": "sla0.5", "sla_multiplier": 0.5, "crew_multiplier": 1.0, "method": "edd", "seed": 301, "feasible": 1, "wwt": 406.0, "makespan": 118.25, "mean_flow": 3.6124165, "breach_share": 0.02, "breach_p1": 0.375, "breach_p2": 0.058823529411764705, "breach_p3": null, "breach_p4": 0.0, "wall_seconds": 0.0006187180988490582}, "wspt": {"id": "c09_replay_400_0104_sla0.5", "base_id": "c09_replay_400_0104", "campus": 9, "size": 400, "condition": "sla0.5", "sla_multiplier": 0.5, "crew_multiplier": 1.0, "method": "wspt", "seed": 301, "feasible": 1, "wwt": 406.0, "makespan": 118.25, "mean_flow": 3.5977497499999997, "breach_share": 0.02, "breach_p1": 0.375, "breach_p2": 0.058823529411764705, "breach_p3": null, "breach_p4": 0.0, "wall_seconds": 0.0006272192113101482}, "atc": {"id": "c09_replay_400_0104_sla0.5", "base_id": "c09_replay_400_0104", "campus": 9, "size": 400, "condition": "sla0.5", "sla_multiplier": 0.5, "crew_multiplier": 1.0, "method": "atc", "seed": 301, "feasible": 1, "wwt": 406.0, "makespan": 118.25, "mean_flow": 3.5977497499999997, "breach_share": 0.02, "breach_p1": 0.375, "breach_p2": 0.058823529411764705, "breach_p3": null, "breach_p4": 0.0, "wall_seconds": 0.0007904963567852974}, "pfifo": {"id": "c09_replay_400_0104_sla0.5", "base_id": "c09_replay_400_0104", "campus": 9, "size": 400, "condition": "sla0.5", "sla_multiplier": 0.5, "crew_multiplier": 1.0, "method": "pfifo", "seed": 301, "feasible": 1, "wwt": 406.0, "makespan": 118.25, "mean_flow": 3.6124165, "breach_share": 0.02, "breach_p1": 0.375, "breach_p2": 0.058823529411764705, "breach_p3": null, "breach_p4": 0.0, "wall_seconds": 0.0005797739140689373}, "mor": {"id": "c09_replay_400_0104_sla0.5", "base_id": "c09_replay_400_0104", "campus": 9, "size": 400, "condition": "sla0.5", "sla_multiplier": 0.5, "crew_multiplier": 1.0, "method": "mor", "seed": 301, "feasible": 1, "wwt": 406.0, "makespan": 118.25, "mean_flow": 3.6413747499999998, "breach_share": 0.02, "breach_p1": 0.375, "breach_p2": 0.058823529411764705, "breach_p3": null, "breach_p4": 0.0, "wall_seconds": 0.0005791871808469296}, "random": {"id": "c09_replay_400_0104_sla0.5", "base_id": "c09_replay_400_0104", "campus": 9, "size": 400, "condition": "sla0.5", "sla_multiplier": 0.5, "crew_multiplier": 1.0, "method": "random", "seed": 301, "feasible": 1, "wwt": 406.0, "makespan": 118.25, "mean_flow": 3.6280415, "breach_share": 0.02, "breach_p1": 0.375, "breach_p2": 0.058823529411764705, "breach_p3": null, "breach_p4": 0.0, "wall_seconds": 0.0005438509397208691}, "v2rl301": {"id": "c09_replay_400_0104_sla0.5", "base_id": "c09_replay_400_0104", "campus": 9, "size": 400, "condition": "sla0.5", "sla_multiplier": 0.5, "crew_multiplier": 1.0, "method": "v2rl301", "seed": 301, "feasible": 1, "wwt": 406.0, "makespan": 118.25, "mean_flow": 3.6413747499999998, "breach_share": 0.02, "breach_p1": 0.375, "breach_p2": 0.058823529411764705, "breach_p3": null, "breach_p4": 0.0, "wall_seconds": 0.04093078710138798}, "v2rl302": {"id": "c09_replay_400_0104_sla0.5", "base_id": "c09_replay_400_0104", "campus": 9, "size": 400, "condition": "sla0.5", "sla_multiplier": 0.5, "crew_multiplier": 1.0, "method": "v2rl302", "seed": 302, "feasible": 1, "wwt": 406.0, "makespan": 118.25, "mean_flow": 3.6413747499999998, "breach_share": 0.02, "breach_p1": 0.375, "breach_p2": 0.058823529411764705, "breach_p3": null, "breach_p4": 0.0, "wall_seconds": 0.04051726311445236}, "v2rl303": {"id": "c09_replay_400_0104_sla0.5", "base_id": "c09_replay_400_0104", "campus": 9, "size": 400, "condition": "sla0.5", "sla_multiplier": 0.5, "crew_multiplier": 1.0, "method": "v2rl303", "seed": 303, "feasible": 1, "wwt": 406.0, "makespan": 118.25, "mean_flow": 3.6413747499999998, "breach_share": 0.02, "breach_p1": 0.375, "breach_p2": 0.058823529411764705, "breach_p3": null, "breach_p4": 0.0, "wall_seconds": 0.04002286586910486}}, "methods_expected": ["edd", "wspt", "atc", "pfifo", "mor", "random", "v2rl301", "v2rl302", "v2rl303"], "infeasible": [], "wall_seconds_total": 0.1295985677279532}