{"shard_id": "c09_replay_150_0107_sla1.5", "id": "c09_replay_150_0107_sla1.5", "base_id": "c09_replay_150_0107", "campus": 9, "size": 150, "condition": "sla1.5", "rows": {"edd": {"id": "c09_replay_150_0107_sla1.5", "base_id": "c09_replay_150_0107", "campus": 9, "size": 150, "condition": "sla1.5", "sla_multiplier": 1.5, "crew_multiplier": 1.0, "method": "edd", "seed": 301, "feasible": 1, "wwt": 52.0, "makespan": 44.5, "mean_flow": 3.117332666666667, "breach_share": 0.013333333333333334, "breach_p1": 0.16666666666666666, "breach_p2": 0.020833333333333332, "breach_p3": null, "breach_p4": 0.0, "wall_seconds": 0.0002731061540544033}, "wspt": {"id": "c09_replay_150_0107_sla1.5", "base_id": "c09_replay_150_0107", "campus": 9, "size": 150, "condition": "sla1.5", "sla_multiplier": 1.5, "crew_multiplier": 1.0, "method": "wspt", "seed": 301, "feasible": 1, "wwt": 52.0, "makespan": 44.5, "mean_flow": 3.093777333333333, "breach_share": 0.013333333333333334, "breach_p1": 0.16666666666666666, "breach_p2": 0.020833333333333332, "breach_p3": null, "breach_p4": 0.0, "wall_seconds": 0.00028014881536364555}, "atc": {"id": "c09_replay_150_0107_sla1.5", "base_id": "c09_replay_150_0107", "campus": 9, "size": 150, "condition": "sla1.5", "sla_multiplier": 1.5, "crew_multiplier": 1.0, "method": "atc", "seed": 301, "feasible": 1, "wwt": 52.0, "makespan": 44.5, "mean_flow": 3.100444, "breach_share": 0.013333333333333334, "breach_p1": 0.16666666666666666, "breach_p2": 0.020833333333333332, "breach_p3": null, "breach_p4": 0.0, "wall_seconds": 0.0003751353360712528}, "pfifo": {"id": "c09_replay_150_0107_sla1.5", "base_id": "c09_replay_150_0107", "campus": 9, "size": 150, "condition": "sla1.5", "sla_multiplier": 1.5, "crew_multiplier": 1.0, "method": "pfifo", "seed": 301, "feasible": 1, "wwt": 52.0, "makespan": 44.5, "mean_flow": 3.117332666666667, "breach_share": 0.013333333333333334, "breach_p1": 0.16666666666666666, "breach_p2": 0.020833333333333332, "breach_p3": null, "breach_p4": 0.0, "wall_seconds": 0.0002530580386519432}, "mor": {"id": "c09_replay_150_0107_sla1.5", "base_id": "c09_replay_150_0107", "campus": 9, "size": 150, "condition": "sla1.5", "sla_multiplier": 1.5, "crew_multiplier": 1.0, "method": "mor", "seed": 301, "feasible": 1, "wwt": 52.0, "makespan": 44.5, "mean_flow": 3.1346659999999997, "breach_share": 0.013333333333333334, "breach_p1": 0.16666666666666666, "breach_p2": 0.020833333333333332, "breach_p3": null, "breach_p4": 0.0, "wall_seconds": 0.0002556811086833477}, "random": {"id": "c09_replay_150_0107_sla1.5", "base_id": "c09_replay_150_0107", "campus": 9, "size": 150, "condition": "sla1.5", "sla_multiplier": 1.5, "crew_multiplier": 1.0, "method": "random", "seed": 301, "feasible": 1, "wwt": 52.0, "makespan": 44.5, "mean_flow": 3.0996659999999996, "breach_share": 0.013333333333333334, "breach_p1": 0.16666666666666666, "breach_p2": 0.020833333333333332, "breach_p3": null, "breach_p4": 0.0, "wall_seconds": 0.00021711597219109535}, "v2rl301": {"id": "c09_replay_150_0107_sla1.5", "base_id": "c09_replay_150_0107", "campus": 9, "size": 150, "condition": "sla1.5", "sla_multiplier": 1.5, "crew_multiplier": 1.0, "method": "v2rl301", "seed": 301, "feasible": 1, "wwt": 52.0, "makespan": 44.5, "mean_flow": 3.107999333333333, "breach_share": 0.013333333333333334, "breach_p1": 0.16666666666666666, "breach_p2": 0.020833333333333332, "breach_p3": null, "breach_p4": 0.0, "wall_seconds": 0.015576863195747137}, "v2rl302": {"id": "c09_replay_150_0107_sla1.5", "base_id": "c09_replay_150_0107", "campus": 9, "size": 150, "condition": "sla1.5", "sla_multiplier": 1.5, "crew_multiplier": 1.0, "method": "v2rl302", "seed": 302, "feasible": 1, "wwt": 52.0, "makespan": 44.5, "mean_flow": 3.1263326666666664, "breach_share": 0.013333333333333334, "breach_p1": 0.16666666666666666, "breach_p2": 0.020833333333333332, "breach_p3": null, "breach_p4": 0.0, "wall_seconds": 0.015358483884483576}, "v2rl303": {"id": "c09_replay_150_0107_sla1.5", "base_id": "c09_replay_150_0107", "campus": 9, "size": 150, "condition": "sla1.5", "sla_multiplier": 1.5, "crew_multiplier": 1.0, "method": "v2rl303", "seed": 303, "feasible": 1, "wwt": 52.0, "makespan": 44.5, "mean_flow": 3.1263326666666664, "breach_share": 0.013333333333333334, "breach_p1": 0.16666666666666666, "breach_p2": 0.020833333333333332, "breach_p3": null, "breach_p4": 0.0, "wall_seconds": 0.01537468982860446}}, "methods_expected": ["edd", "wspt", "atc", "pfifo", "mor", "random", "v2rl301", "v2rl302", "v2rl303"], "infeasible": [], "wall_seconds_total": 0.04999682307243347}