{"shard_id": "c09_replay_150_0103_sla0.5", "id": "c09_replay_150_0103_sla0.5", "base_id": "c09_replay_150_0103", "campus": 9, "size": 150, "condition": "sla0.5", "rows": {"edd": {"id": "c09_replay_150_0103_sla0.5", "base_id": "c09_replay_150_0103", "campus": 9, "size": 150, "condition": "sla0.5", "sla_multiplier": 0.5, "crew_multiplier": 1.0, "method": "edd", "seed": 301, "feasible": 1, "wwt": 162.0, "makespan": 48.5, "mean_flow": 4.299555333333333, "breach_share": 0.03333333333333333, "breach_p1": 0.5, "breach_p2": 0.06896551724137931, "breach_p3": null, "breach_p4": 0.0, "wall_seconds": 0.00026387302204966545}, "wspt": {"id": "c09_replay_150_0103_sla0.5", "base_id": "c09_replay_150_0103", "campus": 9, "size": 150, "condition": "sla0.5", "sla_multiplier": 0.5, "crew_multiplier": 1.0, "method": "wspt", "seed": 301, "feasible": 1, "wwt": 164.0, "makespan": 48.5, "mean_flow": 4.2283333333333335, "breach_share": 0.03333333333333333, "breach_p1": 0.5, "breach_p2": 0.06896551724137931, "breach_p3": null, "breach_p4": 0.0, "wall_seconds": 0.0002857842482626438}, "atc": {"id": "c09_replay_150_0103_sla0.5", "base_id": "c09_replay_150_0103", "campus": 9, "size": 150, "condition": "sla0.5", "sla_multiplier": 0.5, "crew_multiplier": 1.0, "method": "atc", "seed": 301, "feasible": 1, "wwt": 162.0, "makespan": 48.5, "mean_flow": 4.24, "breach_share": 0.03333333333333333, "breach_p1": 0.5, "breach_p2": 0.06896551724137931, "breach_p3": null, "breach_p4": 0.0, "wall_seconds": 0.0003753458149731159}, "pfifo": {"id": "c09_replay_150_0103_sla0.5", "base_id": "c09_replay_150_0103", "campus": 9, "size": 150, "condition": "sla0.5", "sla_multiplier": 0.5, "crew_multiplier": 1.0, "method": "pfifo", "seed": 301, "feasible": 1, "wwt": 162.0, "makespan": 48.5, "mean_flow": 4.299555333333333, "breach_share": 0.03333333333333333, "breach_p1": 0.5, "breach_p2": 0.06896551724137931, "breach_p3": null, "breach_p4": 0.0, "wall_seconds": 0.0002537500113248825}, "mor": {"id": "c09_replay_150_0103_sla0.5", "base_id": "c09_replay_150_0103", "campus": 9, "size": 150, "condition": "sla0.5", "sla_multiplier": 0.5, "crew_multiplier": 1.0, "method": "mor", "seed": 301, "feasible": 1, "wwt": 162.0, "makespan": 48.5, "mean_flow": 4.41, "breach_share": 0.03333333333333333, "breach_p1": 0.5, "breach_p2": 0.06896551724137931, "breach_p3": null, "breach_p4": 0.0, "wall_seconds": 0.00024645356461405754}, "random": {"id": "c09_replay_150_0103_sla0.5", "base_id": "c09_replay_150_0103", "campus": 9, "size": 150, "condition": "sla0.5", "sla_multiplier": 0.5, "crew_multiplier": 1.0, "method": "random", "seed": 301, "feasible": 1, "wwt": 162.0, "makespan": 48.5, "mean_flow": 4.266222, "breach_share": 0.03333333333333333, "breach_p1": 0.5, "breach_p2": 0.06896551724137931, "breach_p3": null, "breach_p4": 0.0, "wall_seconds": 0.00021085096523165703}, "v2rl301": {"id": "c09_replay_150_0103_sla0.5", "base_id": "c09_replay_150_0103", "campus": 9, "size": 150, "condition": "sla0.5", "sla_multiplier": 0.5, "crew_multiplier": 1.0, "method": "v2rl301", "seed": 301, "feasible": 1, "wwt": 162.0, "makespan": 48.5, "mean_flow": 4.37, "breach_share": 0.03333333333333333, "breach_p1": 0.5, "breach_p2": 0.06896551724137931, "breach_p3": null, "breach_p4": 0.0, "wall_seconds": 0.015694781206548214}, "v2rl302": {"id": "c09_replay_150_0103_sla0.5", "base_id": "c09_replay_150_0103", "campus": 9, "size": 150, "condition": "sla0.5", "sla_multiplier": 0.5, "crew_multiplier": 1.0, "method": "v2rl302", "seed": 302, "feasible": 1, "wwt": 162.0, "makespan": 48.5, "mean_flow": 4.37, "breach_share": 0.03333333333333333, "breach_p1": 0.5, "breach_p2": 0.06896551724137931, "breach_p3": null, "breach_p4": 0.0, "wall_seconds": 0.01562714111059904}, "v2rl303": {"id": "c09_replay_150_0103_sla0.5", "base_id": "c09_replay_150_0103", "campus": 9, "size": 150, "condition": "sla0.5", "sla_multiplier": 0.5, "crew_multiplier": 1.0, "method": "v2rl303", "seed": 303, "feasible": 1, "wwt": 162.0, "makespan": 48.5, "mean_flow": 4.37, "breach_share": 0.03333333333333333, "breach_p1": 0.5, "breach_p2": 0.06896551724137931, "breach_p3": null, "breach_p4": 0.0, "wall_seconds": 0.015341165009886026}}, "methods_expected": ["edd", "wspt", "atc", "pfifo", "mor", "random", "v2rl301", "v2rl302", "v2rl303"], "infeasible": [], "wall_seconds_total": 0.050385398324579}