{"shard_id": "c09_replay_400_0101", "id": "c09_replay_400_0101", "base_id": "c09_replay_400_0101", "campus": 9, "size": 400, "condition": "baseline", "rows": {"edd": {"id": "c09_replay_400_0101", "base_id": "c09_replay_400_0101", "campus": 9, "size": 400, "condition": "baseline", "sla_multiplier": 1.0, "crew_multiplier": 1.0, "method": "edd", "seed": 301, "feasible": 1, "wwt": 419.5, "makespan": 125.75, "mean_flow": 3.7691252499999996, "breach_share": 0.0175, "breach_p1": 0.23809523809523808, "breach_p2": 0.011111111111111112, "breach_p3": 0.25, "breach_p4": 0.0, "wall_seconds": 0.0006643091328442097}, "wspt": {"id": "c09_replay_400_0101", "base_id": "c09_replay_400_0101", "campus": 9, "size": 400, "condition": "baseline", "sla_multiplier": 1.0, "crew_multiplier": 1.0, "method": "wspt", "seed": 301, "feasible": 1, "wwt": 419.5, "makespan": 125.75, "mean_flow": 3.7572085, "breach_share": 0.0175, "breach_p1": 0.23809523809523808, "breach_p2": 0.011111111111111112, "breach_p3": 0.25, "breach_p4": 0.0, "wall_seconds": 0.0006457529962062836}, "atc": {"id": "c09_replay_400_0101", "base_id": "c09_replay_400_0101", "campus": 9, "size": 400, "condition": "baseline", "sla_multiplier": 1.0, "crew_multiplier": 1.0, "method": "atc", "seed": 301, "feasible": 1, "wwt": 419.5, "makespan": 125.75, "mean_flow": 3.7572085, "breach_share": 0.0175, "breach_p1": 0.23809523809523808, "breach_p2": 0.011111111111111112, "breach_p3": 0.25, "breach_p4": 0.0, "wall_seconds": 0.0008574570529162884}, "pfifo": {"id": "c09_replay_400_0101", "base_id": "c09_replay_400_0101", "campus": 9, "size": 400, "condition": "baseline", "sla_multiplier": 1.0, "crew_multiplier": 1.0, "method": "pfifo", "seed": 301, "feasible": 1, "wwt": 419.5, "makespan": 125.75, "mean_flow": 3.7691252499999996, "breach_share": 0.0175, "breach_p1": 0.23809523809523808, "breach_p2": 0.011111111111111112, "breach_p3": 0.25, "breach_p4": 0.0, "wall_seconds": 0.0005995053797960281}, "mor": {"id": "c09_replay_400_0101", "base_id": "c09_replay_400_0101", "campus": 9, "size": 400, "condition": "baseline", "sla_multiplier": 1.0, "crew_multiplier": 1.0, "method": "mor", "seed": 301, "feasible": 1, "wwt": 419.5, "makespan": 125.75, "mean_flow": 3.78425025, "breach_share": 0.0175, "breach_p1": 0.23809523809523808, "breach_p2": 0.011111111111111112, "breach_p3": 0.25, "breach_p4": 0.0, "wall_seconds": 0.0005937968380749226}, "random": {"id": "c09_replay_400_0101", "base_id": "c09_replay_400_0101", "campus": 9, "size": 400, "condition": "baseline", "sla_multiplier": 1.0, "crew_multiplier": 1.0, "method": "random", "seed": 301, "feasible": 1, "wwt": 419.5, "makespan": 125.75, "mean_flow": 3.7663334999999996, "breach_share": 0.0175, "breach_p1": 0.23809523809523808, "breach_p2": 0.011111111111111112, "breach_p3": 0.25, "breach_p4": 0.0, "wall_seconds": 0.0005288617685437202}, "v2rl301": {"id": "c09_replay_400_0101", "base_id": "c09_replay_400_0101", "campus": 9, "size": 400, "condition": "baseline", "sla_multiplier": 1.0, "crew_multiplier": 1.0, "method": "v2rl301", "seed": 301, "feasible": 1, "wwt": 419.5, "makespan": 125.75, "mean_flow": 3.7819584999999996, "breach_share": 0.0175, "breach_p1": 0.23809523809523808, "breach_p2": 0.011111111111111112, "breach_p3": 0.25, "breach_p4": 0.0, "wall_seconds": 0.041530916932970285}, "v2rl302": {"id": "c09_replay_400_0101", "base_id": "c09_replay_400_0101", "campus": 9, "size": 400, "condition": "baseline", "sla_multiplier": 1.0, "crew_multiplier": 1.0, "method": "v2rl302", "seed": 302, "feasible": 1, "wwt": 419.5, "makespan": 125.75, "mean_flow": 3.7813334999999997, "breach_share": 0.0175, "breach_p1": 0.23809523809523808, "breach_p2": 0.011111111111111112, "breach_p3": 0.25, "breach_p4": 0.0, "wall_seconds": 0.04072230402380228}, "v2rl303": {"id": "c09_replay_400_0101", "base_id": "c09_replay_400_0101", "campus": 9, "size": 400, "condition": "baseline", "sla_multiplier": 1.0, "crew_multiplier": 1.0, "method": "v2rl303", "seed": 303, "feasible": 1, "wwt": 419.5, "makespan": 125.75, "mean_flow": 3.7813334999999997, "breach_share": 0.0175, "breach_p1": 0.23809523809523808, "breach_p2": 0.011111111111111112, "breach_p3": 0.25, "breach_p4": 0.0, "wall_seconds": 0.04111226089298725}}, "methods_expected": ["edd", "wspt", "atc", "pfifo", "mor", "random", "v2rl301", "v2rl302", "v2rl303"], "infeasible": [], "wall_seconds_total": 0.130820379126817}