{"shard_id": "c09_replay_400_0117_sla1.5", "id": "c09_replay_400_0117_sla1.5", "base_id": "c09_replay_400_0117", "campus": 9, "size": 400, "condition": "sla1.5", "rows": {"edd": {"id": "c09_replay_400_0117_sla1.5", "base_id": "c09_replay_400_0117", "campus": 9, "size": 400, "condition": "sla1.5", "sla_multiplier": 1.5, "crew_multiplier": 1.0, "method": "edd", "seed": 301, "feasible": 1, "wwt": 518.0, "makespan": 122.8648, "mean_flow": 4.0910375, "breach_share": 0.0075, "breach_p1": 0.1111111111111111, "breach_p2": 0.015873015873015872, "breach_p3": 0.0, "breach_p4": 0.0, "wall_seconds": 0.0006359941326081753}, "wspt": {"id": "c09_replay_400_0117_sla1.5", "base_id": "c09_replay_400_0117", "campus": 9, "size": 400, "condition": "sla1.5", "sla_multiplier": 1.5, "crew_multiplier": 1.0, "method": "wspt", "seed": 301, "feasible": 1, "wwt": 523.0, "makespan": 122.8648, "mean_flow": 4.0810375, "breach_share": 0.0075, "breach_p1": 0.1111111111111111, "breach_p2": 0.015873015873015872, "breach_p3": 0.0, "breach_p4": 0.0, "wall_seconds": 0.0007549216970801353}, "atc": {"id": "c09_replay_400_0117_sla1.5", "base_id": "c09_replay_400_0117", "campus": 9, "size": 400, "condition": "sla1.5", "sla_multiplier": 1.5, "crew_multiplier": 1.0, "method": "atc", "seed": 301, "feasible": 1, "wwt": 518.0, "makespan": 122.8648, "mean_flow": 4.0835375, "breach_share": 0.0075, "breach_p1": 0.1111111111111111, "breach_p2": 0.015873015873015872, "breach_p3": 0.0, "breach_p4": 0.0, "wall_seconds": 0.0009109792299568653}, "pfifo": {"id": "c09_replay_400_0117_sla1.5", "base_id": "c09_replay_400_0117", "campus": 9, "size": 400, "condition": "sla1.5", "sla_multiplier": 1.5, "crew_multiplier": 1.0, "method": "pfifo", "seed": 301, "feasible": 1, "wwt": 518.0, "makespan": 122.8648, "mean_flow": 4.0910375, "breach_share": 0.0075, "breach_p1": 0.1111111111111111, "breach_p2": 0.015873015873015872, "breach_p3": 0.0, "breach_p4": 0.0, "wall_seconds": 0.0006278860382735729}, "mor": {"id": "c09_replay_400_0117_sla1.5", "base_id": "c09_replay_400_0117", "campus": 9, "size": 400, "condition": "sla1.5", "sla_multiplier": 1.5, "crew_multiplier": 1.0, "method": "mor", "seed": 301, "feasible": 1, "wwt": 518.0, "makespan": 122.8648, "mean_flow": 4.18207925, "breach_share": 0.0075, "breach_p1": 0.1111111111111111, "breach_p2": 0.015873015873015872, "breach_p3": 0.0, "breach_p4": 0.0, "wall_seconds": 0.0006224396638572216}, "random": {"id": "c09_replay_400_0117_sla1.5", "base_id": "c09_replay_400_0117", "campus": 9, "size": 400, "condition": "sla1.5", "sla_multiplier": 1.5, "crew_multiplier": 1.0, "method": "random", "seed": 301, "feasible": 1, "wwt": 518.0, "makespan": 122.8648, "mean_flow": 4.13182925, "breach_share": 0.0075, "breach_p1": 0.1111111111111111, "breach_p2": 0.015873015873015872, "breach_p3": 0.0, "breach_p4": 0.0, "wall_seconds": 0.0005443617701530457}, "v2rl301": {"id": "c09_replay_400_0117_sla1.5", "base_id": "c09_replay_400_0117", "campus": 9, "size": 400, "condition": "sla1.5", "sla_multiplier": 1.5, "crew_multiplier": 1.0, "method": "v2rl301", "seed": 301, "feasible": 1, "wwt": 518.0, "makespan": 122.8648, "mean_flow": 4.16882925, "breach_share": 0.0075, "breach_p1": 0.1111111111111111, "breach_p2": 0.015873015873015872, "breach_p3": 0.0, "breach_p4": 0.0, "wall_seconds": 0.041364038828760386}, "v2rl302": {"id": "c09_replay_400_0117_sla1.5", "base_id": "c09_replay_400_0117", "campus": 9, "size": 400, "condition": "sla1.5", "sla_multiplier": 1.5, "crew_multiplier": 1.0, "method": "v2rl302", "seed": 302, "feasible": 1, "wwt": 518.0, "makespan": 122.8648, "mean_flow": 4.1196625000000004, "breach_share": 0.0075, "breach_p1": 0.1111111111111111, "breach_p2": 0.015873015873015872, "breach_p3": 0.0, "breach_p4": 0.0, "wall_seconds": 0.04004118638113141}, "v2rl303": {"id": "c09_replay_400_0117_sla1.5", "base_id": "c09_replay_400_0117", "campus": 9, "size": 400, "condition": "sla1.5", "sla_multiplier": 1.5, "crew_multiplier": 1.0, "method": "v2rl303", "seed": 303, "feasible": 1, "wwt": 518.0, "makespan": 122.8648, "mean_flow": 4.1196625000000004, "breach_share": 0.0075, "breach_p1": 0.1111111111111111, "breach_p2": 0.015873015873015872, "breach_p3": 0.0, "breach_p4": 0.0, "wall_seconds": 0.04042543284595013}}, "methods_expected": ["edd", "wspt", "atc", "pfifo", "mor", "random", "v2rl301", "v2rl302", "v2rl303"], "infeasible": [], "wall_seconds_total": 0.1306281378492713}