{"shard_id": "c09_replay_400_0120", "id": "c09_replay_400_0120", "base_id": "c09_replay_400_0120", "campus": 9, "size": 400, "condition": "baseline", "rows": {"edd": {"id": "c09_replay_400_0120", "base_id": "c09_replay_400_0120", "campus": 9, "size": 400, "condition": "baseline", "sla_multiplier": 1.0, "crew_multiplier": 1.0, "method": "edd", "seed": 301, "feasible": 1, "wwt": 202.0, "makespan": 116.13329999999999, "mean_flow": 4.7267485, "breach_share": 0.0125, "breach_p1": 0.14285714285714285, "breach_p2": 0.029411764705882353, "breach_p3": 0.0, "breach_p4": 0.0, "wall_seconds": 0.0006434079259634018}, "wspt": {"id": "c09_replay_400_0120", "base_id": "c09_replay_400_0120", "campus": 9, "size": 400, "condition": "baseline", "sla_multiplier": 1.0, "crew_multiplier": 1.0, "method": "wspt", "seed": 301, "feasible": 1, "wwt": 202.0, "makespan": 116.13329999999999, "mean_flow": 4.6664985, "breach_share": 0.0125, "breach_p1": 0.14285714285714285, "breach_p2": 0.029411764705882353, "breach_p3": 0.0, "breach_p4": 0.0, "wall_seconds": 0.0006125778891146183}, "atc": {"id": "c09_replay_400_0120", "base_id": "c09_replay_400_0120", "campus": 9, "size": 400, "condition": "baseline", "sla_multiplier": 1.0, "crew_multiplier": 1.0, "method": "atc", "seed": 301, "feasible": 1, "wwt": 202.0, "makespan": 116.13329999999999, "mean_flow": 4.67195675, "breach_share": 0.0125, "breach_p1": 0.14285714285714285, "breach_p2": 0.029411764705882353, "breach_p3": 0.0, "breach_p4": 0.0, "wall_seconds": 0.0008298647589981556}, "pfifo": {"id": "c09_replay_400_0120", "base_id": "c09_replay_400_0120", "campus": 9, "size": 400, "condition": "baseline", "sla_multiplier": 1.0, "crew_multiplier": 1.0, "method": "pfifo", "seed": 301, "feasible": 1, "wwt": 202.0, "makespan": 116.13329999999999, "mean_flow": 4.7267485, "breach_share": 0.0125, "breach_p1": 0.14285714285714285, "breach_p2": 0.029411764705882353, "breach_p3": 0.0, "breach_p4": 0.0, "wall_seconds": 0.0006116880103945732}, "mor": {"id": "c09_replay_400_0120", "base_id": "c09_replay_400_0120", "campus": 9, "size": 400, "condition": "baseline", "sla_multiplier": 1.0, "crew_multiplier": 1.0, "method": "mor", "seed": 301, "feasible": 1, "wwt": 202.0, "makespan": 116.13329999999999, "mean_flow": 4.799373500000001, "breach_share": 0.0125, "breach_p1": 0.14285714285714285, "breach_p2": 0.029411764705882353, "breach_p3": 0.0, "breach_p4": 0.0, "wall_seconds": 0.0005919118411839008}, "random": {"id": "c09_replay_400_0120", "base_id": "c09_replay_400_0120", "campus": 9, "size": 400, "condition": "baseline", "sla_multiplier": 1.0, "crew_multiplier": 1.0, "method": "random", "seed": 301, "feasible": 1, "wwt": 202.0, "makespan": 116.13329999999999, "mean_flow": 4.73295675, "breach_share": 0.0125, "breach_p1": 0.14285714285714285, "breach_p2": 0.029411764705882353, "breach_p3": 0.0, "breach_p4": 0.0, "wall_seconds": 0.0005332501605153084}, "v2rl301": {"id": "c09_replay_400_0120", "base_id": "c09_replay_400_0120", "campus": 9, "size": 400, "condition": "baseline", "sla_multiplier": 1.0, "crew_multiplier": 1.0, "method": "v2rl301", "seed": 301, "feasible": 1, "wwt": 202.0, "makespan": 116.13329999999999, "mean_flow": 4.7924567499999995, "breach_share": 0.0125, "breach_p1": 0.14285714285714285, "breach_p2": 0.029411764705882353, "breach_p3": 0.0, "breach_p4": 0.0, "wall_seconds": 0.041454712860286236}, "v2rl302": {"id": "c09_replay_400_0120", "base_id": "c09_replay_400_0120", "campus": 9, "size": 400, "condition": "baseline", "sla_multiplier": 1.0, "crew_multiplier": 1.0, "method": "v2rl302", "seed": 302, "feasible": 1, "wwt": 202.0, "makespan": 116.13329999999999, "mean_flow": 4.790290249999999, "breach_share": 0.0125, "breach_p1": 0.14285714285714285, "breach_p2": 0.029411764705882353, "breach_p3": 0.0, "breach_p4": 0.0, "wall_seconds": 0.040303684305399656}, "v2rl303": {"id": "c09_replay_400_0120", "base_id": "c09_replay_400_0120", "campus": 9, "size": 400, "condition": "baseline", "sla_multiplier": 1.0, "crew_multiplier": 1.0, "method": "v2rl303", "seed": 303, "feasible": 1, "wwt": 202.0, "makespan": 116.13329999999999, "mean_flow": 4.79029025, "breach_share": 0.0125, "breach_p1": 0.14285714285714285, "breach_p2": 0.029411764705882353, "breach_p3": 0.0, "breach_p4": 0.0, "wall_seconds": 0.04063359368592501}}, "methods_expected": ["edd", "wspt", "atc", "pfifo", "mor", "random", "v2rl301", "v2rl302", "v2rl303"], "infeasible": [], "wall_seconds_total": 0.12984780129045248}