{"shard_id": "c09_replay_150_0110_sla0.5", "id": "c09_replay_150_0110_sla0.5", "base_id": "c09_replay_150_0110", "campus": 9, "size": 150, "condition": "sla0.5", "rows": {"edd": {"id": "c09_replay_150_0110_sla0.5", "base_id": "c09_replay_150_0110", "campus": 9, "size": 150, "condition": "sla0.5", "sla_multiplier": 0.5, "crew_multiplier": 1.0, "method": "edd", "seed": 301, "feasible": 1, "wwt": 156.8668, "makespan": 55.7, "mean_flow": 3.3452219999999997, "breach_share": 0.02666666666666667, "breach_p1": 0.2, "breach_p2": 0.06382978723404255, "breach_p3": 0.0, "breach_p4": 0.0, "wall_seconds": 0.00026574917137622833}, "wspt": {"id": "c09_replay_150_0110_sla0.5", "base_id": "c09_replay_150_0110", "campus": 9, "size": 150, "condition": "sla0.5", "sla_multiplier": 0.5, "crew_multiplier": 1.0, "method": "wspt", "seed": 301, "feasible": 1, "wwt": 160.8668, "makespan": 55.7, "mean_flow": 3.3451113333333335, "breach_share": 0.02666666666666667, "breach_p1": 0.2, "breach_p2": 0.06382978723404255, "breach_p3": 0.0, "breach_p4": 0.0, "wall_seconds": 0.0002720779739320278}, "atc": {"id": "c09_replay_150_0110_sla0.5", "base_id": "c09_replay_150_0110", "campus": 9, "size": 150, "condition": "sla0.5", "sla_multiplier": 0.5, "crew_multiplier": 1.0, "method": "atc", "seed": 301, "feasible": 1, "wwt": 157.0, "makespan": 55.7, "mean_flow": 3.3451113333333335, "breach_share": 0.02666666666666667, "breach_p1": 0.2, "breach_p2": 0.06382978723404255, "breach_p3": 0.0, "breach_p4": 0.0, "wall_seconds": 0.00035194912925362587}, "pfifo": {"id": "c09_replay_150_0110_sla0.5", "base_id": "c09_replay_150_0110", "campus": 9, "size": 150, "condition": "sla0.5", "sla_multiplier": 0.5, "crew_multiplier": 1.0, "method": "pfifo", "seed": 301, "feasible": 1, "wwt": 156.8668, "makespan": 55.7, "mean_flow": 3.3452219999999997, "breach_share": 0.02666666666666667, "breach_p1": 0.2, "breach_p2": 0.06382978723404255, "breach_p3": 0.0, "breach_p4": 0.0, "wall_seconds": 0.0002513118088245392}, "mor": {"id": "c09_replay_150_0110_sla0.5", "base_id": "c09_replay_150_0110", "campus": 9, "size": 150, "condition": "sla0.5", "sla_multiplier": 0.5, "crew_multiplier": 1.0, "method": "mor", "seed": 301, "feasible": 1, "wwt": 153.0, "makespan": 55.7, "mean_flow": 3.378333333333333, "breach_share": 0.02666666666666667, "breach_p1": 0.2, "breach_p2": 0.06382978723404255, "breach_p3": 0.0, "breach_p4": 0.0, "wall_seconds": 0.00024564098566770554}, "random": {"id": "c09_replay_150_0110_sla0.5", "base_id": "c09_replay_150_0110", "campus": 9, "size": 150, "condition": "sla0.5", "sla_multiplier": 0.5, "crew_multiplier": 1.0, "method": "random", "seed": 301, "feasible": 1, "wwt": 160.8668, "makespan": 55.7, "mean_flow": 3.341778, "breach_share": 0.02666666666666667, "breach_p1": 0.2, "breach_p2": 0.06382978723404255, "breach_p3": 0.0, "breach_p4": 0.0, "wall_seconds": 0.0002507520839571953}, "v2rl301": {"id": "c09_replay_150_0110_sla0.5", "base_id": "c09_replay_150_0110", "campus": 9, "size": 150, "condition": "sla0.5", "sla_multiplier": 0.5, "crew_multiplier": 1.0, "method": "v2rl301", "seed": 301, "feasible": 1, "wwt": 153.0, "makespan": 55.7, "mean_flow": 3.3608893333333327, "breach_share": 0.02666666666666667, "breach_p1": 0.2, "breach_p2": 0.06382978723404255, "breach_p3": 0.0, "breach_p4": 0.0, "wall_seconds": 0.015474722255021334}, "v2rl302": {"id": "c09_replay_150_0110_sla0.5", "base_id": "c09_replay_150_0110", "campus": 9, "size": 150, "condition": "sla0.5", "sla_multiplier": 0.5, "crew_multiplier": 1.0, "method": "v2rl302", "seed": 302, "feasible": 1, "wwt": 153.0, "makespan": 55.7, "mean_flow": 3.3608893333333327, "breach_share": 0.02666666666666667, "breach_p1": 0.2, "breach_p2": 0.06382978723404255, "breach_p3": 0.0, "breach_p4": 0.0, "wall_seconds": 0.015292030293494463}, "v2rl303": {"id": "c09_replay_150_0110_sla0.5", "base_id": "c09_replay_150_0110", "campus": 9, "size": 150, "condition": "sla0.5", "sla_multiplier": 0.5, "crew_multiplier": 1.0, "method": "v2rl303", "seed": 303, "feasible": 1, "wwt": 153.0, "makespan": 55.7, "mean_flow": 3.3608893333333327, "breach_share": 0.02666666666666667, "breach_p1": 0.2, "breach_p2": 0.06382978723404255, "breach_p3": 0.0, "breach_p4": 0.0, "wall_seconds": 0.015133523847907782}}, "methods_expected": ["edd", "wspt", "atc", "pfifo", "mor", "random", "v2rl301", "v2rl302", "v2rl303"], "infeasible": [], "wall_seconds_total": 0.04961904929950833}