{"shard_id": "c09_replay_150_0101_m0.75", "id": "c09_replay_150_0101_m0.75", "base_id": "c09_replay_150_0101", "campus": 9, "size": 150, "condition": "crew0.75", "rows": {"edd": {"id": "c09_replay_150_0101_m0.75", "base_id": "c09_replay_150_0101", "campus": 9, "size": 150, "condition": "crew0.75", "sla_multiplier": 1.0, "crew_multiplier": 0.75, "method": "edd", "seed": 301, "feasible": 1, "wwt": 406.0, "makespan": 34.5, "mean_flow": 3.549223333333333, "breach_share": 0.03333333333333333, "breach_p1": 0.3076923076923077, "breach_p2": 0.023255813953488372, "breach_p3": 0.0, "breach_p4": 0.0, "wall_seconds": 0.00026359502226114273}, "wspt": {"id": "c09_replay_150_0101_m0.75", "base_id": "c09_replay_150_0101", "campus": 9, "size": 150, "condition": "crew0.75", "sla_multiplier": 1.0, "crew_multiplier": 0.75, "method": "wspt", "seed": 301, "feasible": 1, "wwt": 424.0, "makespan": 34.5, "mean_flow": 3.5062233333333332, "breach_share": 0.03333333333333333, "breach_p1": 0.3076923076923077, "breach_p2": 0.023255813953488372, "breach_p3": 0.0, "breach_p4": 0.0, "wall_seconds": 0.0002710670232772827}, "atc": {"id": "c09_replay_150_0101_m0.75", "base_id": "c09_replay_150_0101", "campus": 9, "size": 150, "condition": "crew0.75", "sla_multiplier": 1.0, "crew_multiplier": 0.75, "method": "atc", "seed": 301, "feasible": 1, "wwt": 420.0, "makespan": 34.5, "mean_flow": 3.5062233333333332, "breach_share": 0.03333333333333333, "breach_p1": 0.3076923076923077, "breach_p2": 0.023255813953488372, "breach_p3": 0.0, "breach_p4": 0.0, "wall_seconds": 0.0004032859578728676}, "pfifo": {"id": "c09_replay_150_0101_m0.75", "base_id": "c09_replay_150_0101", "campus": 9, "size": 150, "condition": "crew0.75", "sla_multiplier": 1.0, "crew_multiplier": 0.75, "method": "pfifo", "seed": 301, "feasible": 1, "wwt": 406.0, "makespan": 34.5, "mean_flow": 3.549223333333333, "breach_share": 0.03333333333333333, "breach_p1": 0.3076923076923077, "breach_p2": 0.023255813953488372, "breach_p3": 0.0, "breach_p4": 0.0, "wall_seconds": 0.0002773660235106945}, "mor": {"id": "c09_replay_150_0101_m0.75", "base_id": "c09_replay_150_0101", "campus": 9, "size": 150, "condition": "crew0.75", "sla_multiplier": 1.0, "crew_multiplier": 0.75, "method": "mor", "seed": 301, "feasible": 1, "wwt": 410.0, "makespan": 34.5, "mean_flow": 3.6417786666666667, "breach_share": 0.04, "breach_p1": 0.38461538461538464, "breach_p2": 0.023255813953488372, "breach_p3": 0.0, "breach_p4": 0.0, "wall_seconds": 0.0002796589396893978}, "random": {"id": "c09_replay_150_0101_m0.75", "base_id": "c09_replay_150_0101", "campus": 9, "size": 150, "condition": "crew0.75", "sla_multiplier": 1.0, "crew_multiplier": 0.75, "method": "random", "seed": 301, "feasible": 1, "wwt": 410.0, "makespan": 34.5, "mean_flow": 3.5883346666666665, "breach_share": 0.03333333333333333, "breach_p1": 0.3076923076923077, "breach_p2": 0.023255813953488372, "breach_p3": 0.0, "breach_p4": 0.0, "wall_seconds": 0.00022908905521035194}, "v2rl301": {"id": "c09_replay_150_0101_m0.75", "base_id": "c09_replay_150_0101", "campus": 9, "size": 150, "condition": "crew0.75", "sla_multiplier": 1.0, "crew_multiplier": 0.75, "method": "v2rl301", "seed": 301, "feasible": 1, "wwt": 406.0, "makespan": 34.5, "mean_flow": 3.6242226666666664, "breach_share": 0.03333333333333333, "breach_p1": 0.3076923076923077, "breach_p2": 0.023255813953488372, "breach_p3": 0.0, "breach_p4": 0.0, "wall_seconds": 0.016360847279429436}, "v2rl302": {"id": "c09_replay_150_0101_m0.75", "base_id": "c09_replay_150_0101", "campus": 9, "size": 150, "condition": "crew0.75", "sla_multiplier": 1.0, "crew_multiplier": 0.75, "method": "v2rl302", "seed": 302, "feasible": 1, "wwt": 406.0, "makespan": 34.5, "mean_flow": 3.6242226666666664, "breach_share": 0.03333333333333333, "breach_p1": 0.3076923076923077, "breach_p2": 0.023255813953488372, "breach_p3": 0.0, "breach_p4": 0.0, "wall_seconds": 0.015593325719237328}, "v2rl303": {"id": "c09_replay_150_0101_m0.75", "base_id": "c09_replay_150_0101", "campus": 9, "size": 150, "condition": "crew0.75", "sla_multiplier": 1.0, "crew_multiplier": 0.75, "method": "v2rl303", "seed": 303, "feasible": 1, "wwt": 406.0, "makespan": 34.5, "mean_flow": 3.6242226666666664, "breach_share": 0.03333333333333333, "breach_p1": 0.3076923076923077, "breach_p2": 0.023255813953488372, "breach_p3": 0.0, "breach_p4": 0.0, "wall_seconds": 0.015618068166077137}}, "methods_expected": ["edd", "wspt", "atc", "pfifo", "mor", "random", "v2rl301", "v2rl302", "v2rl303"], "infeasible": [], "wall_seconds_total": 0.05145817808806896}