{"shard_id": "c09_replay_150_0115_m0.75", "id": "c09_replay_150_0115_m0.75", "base_id": "c09_replay_150_0115", "campus": 9, "size": 150, "condition": "crew0.75", "rows": {"edd": {"id": "c09_replay_150_0115_m0.75", "base_id": "c09_replay_150_0115", "campus": 9, "size": 150, "condition": "crew0.75", "sla_multiplier": 1.0, "crew_multiplier": 0.75, "method": "edd", "seed": 301, "feasible": 1, "wwt": 46.0, "makespan": 65.5, "mean_flow": 4.630444, "breach_share": 0.013333333333333334, "breach_p1": 0.0, "breach_p2": 0.06896551724137931, "breach_p3": 0.0, "breach_p4": 0.0, "wall_seconds": 0.0002515427768230438}, "wspt": {"id": "c09_replay_150_0115_m0.75", "base_id": "c09_replay_150_0115", "campus": 9, "size": 150, "condition": "crew0.75", "sla_multiplier": 1.0, "crew_multiplier": 0.75, "method": "wspt", "seed": 301, "feasible": 1, "wwt": 54.0, "makespan": 65.5, "mean_flow": 4.4461113333333335, "breach_share": 0.013333333333333334, "breach_p1": 0.0, "breach_p2": 0.06896551724137931, "breach_p3": 0.0, "breach_p4": 0.0, "wall_seconds": 0.0002751508727669716}, "atc": {"id": "c09_replay_150_0115_m0.75", "base_id": "c09_replay_150_0115", "campus": 9, "size": 150, "condition": "crew0.75", "sla_multiplier": 1.0, "crew_multiplier": 0.75, "method": "atc", "seed": 301, "feasible": 1, "wwt": 46.0, "makespan": 65.5, "mean_flow": 4.45, "breach_share": 0.013333333333333334, "breach_p1": 0.0, "breach_p2": 0.06896551724137931, "breach_p3": 0.0, "breach_p4": 0.0, "wall_seconds": 0.00036975275725126266}, "pfifo": {"id": "c09_replay_150_0115_m0.75", "base_id": "c09_replay_150_0115", "campus": 9, "size": 150, "condition": "crew0.75", "sla_multiplier": 1.0, "crew_multiplier": 0.75, "method": "pfifo", "seed": 301, "feasible": 1, "wwt": 46.0, "makespan": 65.5, "mean_flow": 4.630444, "breach_share": 0.013333333333333334, "breach_p1": 0.0, "breach_p2": 0.06896551724137931, "breach_p3": 0.0, "breach_p4": 0.0, "wall_seconds": 0.0002484973520040512}, "mor": {"id": "c09_replay_150_0115_m0.75", "base_id": "c09_replay_150_0115", "campus": 9, "size": 150, "condition": "crew0.75", "sla_multiplier": 1.0, "crew_multiplier": 0.75, "method": "mor", "seed": 301, "feasible": 1, "wwt": 46.0, "makespan": 65.5, "mean_flow": 4.862332666666666, "breach_share": 0.013333333333333334, "breach_p1": 0.0, "breach_p2": 0.06896551724137931, "breach_p3": 0.0, "breach_p4": 0.0, "wall_seconds": 0.0002418896183371544}, "random": {"id": "c09_replay_150_0115_m0.75", "base_id": "c09_replay_150_0115", "campus": 9, "size": 150, "condition": "crew0.75", "sla_multiplier": 1.0, "crew_multiplier": 0.75, "method": "random", "seed": 301, "feasible": 1, "wwt": 46.0, "makespan": 65.5, "mean_flow": 4.546777333333334, "breach_share": 0.013333333333333334, "breach_p1": 0.0, "breach_p2": 0.06896551724137931, "breach_p3": 0.0, "breach_p4": 0.0, "wall_seconds": 0.00020611006766557693}, "v2rl301": {"id": "c09_replay_150_0115_m0.75", "base_id": "c09_replay_150_0115", "campus": 9, "size": 150, "condition": "crew0.75", "sla_multiplier": 1.0, "crew_multiplier": 0.75, "method": "v2rl301", "seed": 301, "feasible": 1, "wwt": 46.0, "makespan": 65.5, "mean_flow": 4.813555333333333, "breach_share": 0.013333333333333334, "breach_p1": 0.0, "breach_p2": 0.06896551724137931, "breach_p3": 0.0, "breach_p4": 0.0, "wall_seconds": 0.015629165805876255}, "v2rl302": {"id": "c09_replay_150_0115_m0.75", "base_id": "c09_replay_150_0115", "campus": 9, "size": 150, "condition": "crew0.75", "sla_multiplier": 1.0, "crew_multiplier": 0.75, "method": "v2rl302", "seed": 302, "feasible": 1, "wwt": 46.0, "makespan": 65.5, "mean_flow": 4.813555333333333, "breach_share": 0.013333333333333334, "breach_p1": 0.0, "breach_p2": 0.06896551724137931, "breach_p3": 0.0, "breach_p4": 0.0, "wall_seconds": 0.01550765661522746}, "v2rl303": {"id": "c09_replay_150_0115_m0.75", "base_id": "c09_replay_150_0115", "campus": 9, "size": 150, "condition": "crew0.75", "sla_multiplier": 1.0, "crew_multiplier": 0.75, "method": "v2rl303", "seed": 303, "feasible": 1, "wwt": 46.0, "makespan": 65.5, "mean_flow": 4.813555333333333, "breach_share": 0.013333333333333334, "breach_p1": 0.0, "breach_p2": 0.06896551724137931, "breach_p3": 0.0, "breach_p4": 0.0, "wall_seconds": 0.015725708100944757}}, "methods_expected": ["edd", "wspt", "atc", "pfifo", "mor", "random", "v2rl301", "v2rl302", "v2rl303"], "infeasible": [], "wall_seconds_total": 0.05050407024100423}