{"shard_id": "c09_replay_400_0118", "id": "c09_replay_400_0118", "base_id": "c09_replay_400_0118", "campus": 9, "size": 400, "condition": "baseline", "rows": {"edd": {"id": "c09_replay_400_0118", "base_id": "c09_replay_400_0118", "campus": 9, "size": 400, "condition": "baseline", "sla_multiplier": 1.0, "crew_multiplier": 1.0, "method": "edd", "seed": 301, "feasible": 1, "wwt": 151.0, "makespan": 96.25, "mean_flow": 4.061708, "breach_share": 0.01, "breach_p1": 0.2857142857142857, "breach_p2": 0.020202020202020204, "breach_p3": 0.0, "breach_p4": 0.0, "wall_seconds": 0.000629005953669548}, "wspt": {"id": "c09_replay_400_0118", "base_id": "c09_replay_400_0118", "campus": 9, "size": 400, "condition": "baseline", "sla_multiplier": 1.0, "crew_multiplier": 1.0, "method": "wspt", "seed": 301, "feasible": 1, "wwt": 151.0, "makespan": 96.25, "mean_flow": 4.01749975, "breach_share": 0.01, "breach_p1": 0.2857142857142857, "breach_p2": 0.020202020202020204, "breach_p3": 0.0, "breach_p4": 0.0, "wall_seconds": 0.0006176736205816269}, "atc": {"id": "c09_replay_400_0118", "base_id": "c09_replay_400_0118", "campus": 9, "size": 400, "condition": "baseline", "sla_multiplier": 1.0, "crew_multiplier": 1.0, "method": "atc", "seed": 301, "feasible": 1, "wwt": 151.0, "makespan": 96.25, "mean_flow": 4.01749975, "breach_share": 0.01, "breach_p1": 0.2857142857142857, "breach_p2": 0.020202020202020204, "breach_p3": 0.0, "breach_p4": 0.0, "wall_seconds": 0.0008461778052151203}, "pfifo": {"id": "c09_replay_400_0118", "base_id": "c09_replay_400_0118", "campus": 9, "size": 400, "condition": "baseline", "sla_multiplier": 1.0, "crew_multiplier": 1.0, "method": "pfifo", "seed": 301, "feasible": 1, "wwt": 151.0, "makespan": 96.25, "mean_flow": 4.061708, "breach_share": 0.01, "breach_p1": 0.2857142857142857, "breach_p2": 0.020202020202020204, "breach_p3": 0.0, "breach_p4": 0.0, "wall_seconds": 0.0006073648110032082}, "mor": {"id": "c09_replay_400_0118", "base_id": "c09_replay_400_0118", "campus": 9, "size": 400, "condition": "baseline", "sla_multiplier": 1.0, "crew_multiplier": 1.0, "method": "mor", "seed": 301, "feasible": 1, "wwt": 151.0, "makespan": 96.25, "mean_flow": 4.170333, "breach_share": 0.01, "breach_p1": 0.2857142857142857, "breach_p2": 0.020202020202020204, "breach_p3": 0.0, "breach_p4": 0.0, "wall_seconds": 0.0005941982381045818}, "random": {"id": "c09_replay_400_0118", "base_id": "c09_replay_400_0118", "campus": 9, "size": 400, "condition": "baseline", "sla_multiplier": 1.0, "crew_multiplier": 1.0, "method": "random", "seed": 301, "feasible": 1, "wwt": 151.0, "makespan": 96.25, "mean_flow": 4.0840415000000005, "breach_share": 0.01, "breach_p1": 0.2857142857142857, "breach_p2": 0.020202020202020204, "breach_p3": 0.0, "breach_p4": 0.0, "wall_seconds": 0.0005317297764122486}, "v2rl301": {"id": "c09_replay_400_0118", "base_id": "c09_replay_400_0118", "campus": 9, "size": 400, "condition": "baseline", "sla_multiplier": 1.0, "crew_multiplier": 1.0, "method": "v2rl301", "seed": 301, "feasible": 1, "wwt": 151.0, "makespan": 96.25, "mean_flow": 4.133833, "breach_share": 0.01, "breach_p1": 0.2857142857142857, "breach_p2": 0.020202020202020204, "breach_p3": 0.0, "breach_p4": 0.0, "wall_seconds": 0.04159471532329917}, "v2rl302": {"id": "c09_replay_400_0118", "base_id": "c09_replay_400_0118", "campus": 9, "size": 400, "condition": "baseline", "sla_multiplier": 1.0, "crew_multiplier": 1.0, "method": "v2rl302", "seed": 302, "feasible": 1, "wwt": 151.0, "makespan": 96.25, "mean_flow": 4.134583, "breach_share": 0.01, "breach_p1": 0.2857142857142857, "breach_p2": 0.020202020202020204, "breach_p3": 0.0, "breach_p4": 0.0, "wall_seconds": 0.04084796877577901}, "v2rl303": {"id": "c09_replay_400_0118", "base_id": "c09_replay_400_0118", "campus": 9, "size": 400, "condition": "baseline", "sla_multiplier": 1.0, "crew_multiplier": 1.0, "method": "v2rl303", "seed": 303, "feasible": 1, "wwt": 151.0, "makespan": 96.25, "mean_flow": 4.134583, "breach_share": 0.01, "breach_p1": 0.2857142857142857, "breach_p2": 0.020202020202020204, "breach_p3": 0.0, "breach_p4": 0.0, "wall_seconds": 0.04075181996449828}}, "methods_expected": ["edd", "wspt", "atc", "pfifo", "mor", "random", "v2rl301", "v2rl302", "v2rl303"], "infeasible": [], "wall_seconds_total": 0.13063171599060297}