{"shard_id": "c09_replay_150_0124_sla0.5", "id": "c09_replay_150_0124_sla0.5", "base_id": "c09_replay_150_0124", "campus": 9, "size": 150, "condition": "sla0.5", "rows": {"edd": {"id": "c09_replay_150_0124_sla0.5", "base_id": "c09_replay_150_0124", "campus": 9, "size": 150, "condition": "sla0.5", "sla_multiplier": 0.5, "crew_multiplier": 1.0, "method": "edd", "seed": 301, "feasible": 1, "wwt": 60.3, "makespan": 101.5, "mean_flow": 4.818108666666667, "breach_share": 0.02, "breach_p1": 0.0, "breach_p2": 0.06060606060606061, "breach_p3": null, "breach_p4": 0.008695652173913044, "wall_seconds": 0.0002568541094660759}, "wspt": {"id": "c09_replay_150_0124_sla0.5", "base_id": "c09_replay_150_0124", "campus": 9, "size": 150, "condition": "sla0.5", "sla_multiplier": 0.5, "crew_multiplier": 1.0, "method": "wspt", "seed": 301, "feasible": 1, "wwt": 60.8, "makespan": 101.5, "mean_flow": 4.690108666666666, "breach_share": 0.02, "breach_p1": 0.0, "breach_p2": 0.06060606060606061, "breach_p3": null, "breach_p4": 0.008695652173913044, "wall_seconds": 0.00028641708195209503}, "atc": {"id": "c09_replay_150_0124_sla0.5", "base_id": "c09_replay_150_0124", "campus": 9, "size": 150, "condition": "sla0.5", "sla_multiplier": 0.5, "crew_multiplier": 1.0, "method": "atc", "seed": 301, "feasible": 1, "wwt": 60.3, "makespan": 101.5, "mean_flow": 4.690108666666666, "breach_share": 0.02, "breach_p1": 0.0, "breach_p2": 0.06060606060606061, "breach_p3": null, "breach_p4": 0.008695652173913044, "wall_seconds": 0.000376078300178051}, "pfifo": {"id": "c09_replay_150_0124_sla0.5", "base_id": "c09_replay_150_0124", "campus": 9, "size": 150, "condition": "sla0.5", "sla_multiplier": 0.5, "crew_multiplier": 1.0, "method": "pfifo", "seed": 301, "feasible": 1, "wwt": 60.3, "makespan": 101.5, "mean_flow": 4.818108666666667, "breach_share": 0.02, "breach_p1": 0.0, "breach_p2": 0.06060606060606061, "breach_p3": null, "breach_p4": 0.008695652173913044, "wall_seconds": 0.0002604820765554905}, "mor": {"id": "c09_replay_150_0124_sla0.5", "base_id": "c09_replay_150_0124", "campus": 9, "size": 150, "condition": "sla0.5", "sla_multiplier": 0.5, "crew_multiplier": 1.0, "method": "mor", "seed": 301, "feasible": 1, "wwt": 60.3, "makespan": 101.5, "mean_flow": 4.868553333333334, "breach_share": 0.02, "breach_p1": 0.0, "breach_p2": 0.06060606060606061, "breach_p3": null, "breach_p4": 0.008695652173913044, "wall_seconds": 0.0002540801651775837}, "random": {"id": "c09_replay_150_0124_sla0.5", "base_id": "c09_replay_150_0124", "campus": 9, "size": 150, "condition": "sla0.5", "sla_multiplier": 0.5, "crew_multiplier": 1.0, "method": "random", "seed": 301, "feasible": 1, "wwt": 60.3, "makespan": 101.5, "mean_flow": 4.770108666666666, "breach_share": 0.02, "breach_p1": 0.0, "breach_p2": 0.06060606060606061, "breach_p3": null, "breach_p4": 0.008695652173913044, "wall_seconds": 0.0002418910153210163}, "v2rl301": {"id": "c09_replay_150_0124_sla0.5", "base_id": "c09_replay_150_0124", "campus": 9, "size": 150, "condition": "sla0.5", "sla_multiplier": 0.5, "crew_multiplier": 1.0, "method": "v2rl301", "seed": 301, "feasible": 1, "wwt": 60.3, "makespan": 101.5, "mean_flow": 4.865219999999999, "breach_share": 0.02, "breach_p1": 0.0, "breach_p2": 0.06060606060606061, "breach_p3": null, "breach_p4": 0.008695652173913044, "wall_seconds": 0.015985436271876097}, "v2rl302": {"id": "c09_replay_150_0124_sla0.5", "base_id": "c09_replay_150_0124", "campus": 9, "size": 150, "condition": "sla0.5", "sla_multiplier": 0.5, "crew_multiplier": 1.0, "method": "v2rl302", "seed": 302, "feasible": 1, "wwt": 60.3, "makespan": 101.5, "mean_flow": 4.861886666666666, "breach_share": 0.02, "breach_p1": 0.0, "breach_p2": 0.06060606060606061, "breach_p3": null, "breach_p4": 0.008695652173913044, "wall_seconds": 0.015510769095271826}, "v2rl303": {"id": "c09_replay_150_0124_sla0.5", "base_id": "c09_replay_150_0124", "campus": 9, "size": 150, "condition": "sla0.5", "sla_multiplier": 0.5, "crew_multiplier": 1.0, "method": "v2rl303", "seed": 303, "feasible": 1, "wwt": 60.3, "makespan": 101.5, "mean_flow": 4.86522, "breach_share": 0.02, "breach_p1": 0.0, "breach_p2": 0.06060606060606061, "breach_p3": null, "breach_p4": 0.008695652173913044, "wall_seconds": 0.015530774835497141}}, "methods_expected": ["edd", "wspt", "atc", "pfifo", "mor", "random", "v2rl301", "v2rl302", "v2rl303"], "infeasible": [], "wall_seconds_total": 0.05083268228918314}