{"shard_id": "c09_replay_400_0104_m1.25", "id": "c09_replay_400_0104_m1.25", "base_id": "c09_replay_400_0104", "campus": 9, "size": 400, "condition": "crew1.25", "rows": {"edd": {"id": "c09_replay_400_0104_m1.25", "base_id": "c09_replay_400_0104", "campus": 9, "size": 400, "condition": "crew1.25", "sla_multiplier": 1.0, "crew_multiplier": 1.25, "method": "edd", "seed": 301, "feasible": 1, "wwt": 250.0, "makespan": 118.25, "mean_flow": 3.5929999999999995, "breach_share": 0.0025, "breach_p1": 0.125, "breach_p2": 0.0, "breach_p3": null, "breach_p4": 0.0, "wall_seconds": 0.0006117229349911213}, "wspt": {"id": "c09_replay_400_0104_m1.25", "base_id": "c09_replay_400_0104", "campus": 9, "size": 400, "condition": "crew1.25", "sla_multiplier": 1.0, "crew_multiplier": 1.25, "method": "wspt", "seed": 301, "feasible": 1, "wwt": 250.0, "makespan": 118.25, "mean_flow": 3.5811249999999997, "breach_share": 0.0025, "breach_p1": 0.125, "breach_p2": 0.0, "breach_p3": null, "breach_p4": 0.0, "wall_seconds": 0.0006121131591498852}, "atc": {"id": "c09_replay_400_0104_m1.25", "base_id": "c09_replay_400_0104", "campus": 9, "size": 400, "condition": "crew1.25", "sla_multiplier": 1.0, "crew_multiplier": 1.25, "method": "atc", "seed": 301, "feasible": 1, "wwt": 250.0, "makespan": 118.25, "mean_flow": 3.5811249999999997, "breach_share": 0.0025, "breach_p1": 0.125, "breach_p2": 0.0, "breach_p3": null, "breach_p4": 0.0, "wall_seconds": 0.0007976079359650612}, "pfifo": {"id": "c09_replay_400_0104_m1.25", "base_id": "c09_replay_400_0104", "campus": 9, "size": 400, "condition": "crew1.25", "sla_multiplier": 1.0, "crew_multiplier": 1.25, "method": "pfifo", "seed": 301, "feasible": 1, "wwt": 250.0, "makespan": 118.25, "mean_flow": 3.5929999999999995, "breach_share": 0.0025, "breach_p1": 0.125, "breach_p2": 0.0, "breach_p3": null, "breach_p4": 0.0, "wall_seconds": 0.0005957107059657574}, "mor": {"id": "c09_replay_400_0104_m1.25", "base_id": "c09_replay_400_0104", "campus": 9, "size": 400, "condition": "crew1.25", "sla_multiplier": 1.0, "crew_multiplier": 1.25, "method": "mor", "seed": 301, "feasible": 1, "wwt": 250.0, "makespan": 118.25, "mean_flow": 3.6167499999999997, "breach_share": 0.0025, "breach_p1": 0.125, "breach_p2": 0.0, "breach_p3": null, "breach_p4": 0.0, "wall_seconds": 0.0005870037712156773}, "random": {"id": "c09_replay_400_0104_m1.25", "base_id": "c09_replay_400_0104", "campus": 9, "size": 400, "condition": "crew1.25", "sla_multiplier": 1.0, "crew_multiplier": 1.25, "method": "random", "seed": 301, "feasible": 1, "wwt": 250.0, "makespan": 118.25, "mean_flow": 3.6117499999999993, "breach_share": 0.0025, "breach_p1": 0.125, "breach_p2": 0.0, "breach_p3": null, "breach_p4": 0.0, "wall_seconds": 0.0005434597842395306}, "v2rl301": {"id": "c09_replay_400_0104_m1.25", "base_id": "c09_replay_400_0104", "campus": 9, "size": 400, "condition": "crew1.25", "sla_multiplier": 1.0, "crew_multiplier": 1.25, "method": "v2rl301", "seed": 301, "feasible": 1, "wwt": 250.0, "makespan": 118.25, "mean_flow": 3.6167499999999997, "breach_share": 0.0025, "breach_p1": 0.125, "breach_p2": 0.0, "breach_p3": null, "breach_p4": 0.0, "wall_seconds": 0.04053379502147436}, "v2rl302": {"id": "c09_replay_400_0104_m1.25", "base_id": "c09_replay_400_0104", "campus": 9, "size": 400, "condition": "crew1.25", "sla_multiplier": 1.0, "crew_multiplier": 1.25, "method": "v2rl302", "seed": 302, "feasible": 1, "wwt": 250.0, "makespan": 118.25, "mean_flow": 3.6167499999999997, "breach_share": 0.0025, "breach_p1": 0.125, "breach_p2": 0.0, "breach_p3": null, "breach_p4": 0.0, "wall_seconds": 0.04087596293538809}, "v2rl303": {"id": "c09_replay_400_0104_m1.25", "base_id": "c09_replay_400_0104", "campus": 9, "size": 400, "condition": "crew1.25", "sla_multiplier": 1.0, "crew_multiplier": 1.25, "method": "v2rl303", "seed": 303, "feasible": 1, "wwt": 250.0, "makespan": 118.25, "mean_flow": 3.6167499999999997, "breach_share": 0.0025, "breach_p1": 0.125, "breach_p2": 0.0, "breach_p3": null, "breach_p4": 0.0, "wall_seconds": 0.04037280613556504}}, "methods_expected": ["edd", "wspt", "atc", "pfifo", "mor", "random", "v2rl301", "v2rl302", "v2rl303"], "infeasible": [], "wall_seconds_total": 0.12999790534377098}