{"shard_id": "c09_replay_150_0128_sla1.5", "id": "c09_replay_150_0128_sla1.5", "base_id": "c09_replay_150_0128", "campus": 9, "size": 150, "condition": "sla1.5", "rows": {"edd": {"id": "c09_replay_150_0128_sla1.5", "base_id": "c09_replay_150_0128", "campus": 9, "size": 150, "condition": "sla1.5", "sla_multiplier": 1.5, "crew_multiplier": 1.0, "method": "edd", "seed": 301, "feasible": 1, "wwt": 299.4592, "makespan": 114.8648, "mean_flow": 4.788518666666667, "breach_share": 0.013333333333333334, "breach_p1": 0.3333333333333333, "breach_p2": 0.02702702702702703, "breach_p3": null, "breach_p4": 0.0, "wall_seconds": 0.00025382498279213905}, "wspt": {"id": "c09_replay_150_0128_sla1.5", "base_id": "c09_replay_150_0128", "campus": 9, "size": 150, "condition": "sla1.5", "sla_multiplier": 1.5, "crew_multiplier": 1.0, "method": "wspt", "seed": 301, "feasible": 1, "wwt": 299.4592, "makespan": 114.8648, "mean_flow": 4.768518666666667, "breach_share": 0.013333333333333334, "breach_p1": 0.3333333333333333, "breach_p2": 0.02702702702702703, "breach_p3": null, "breach_p4": 0.0, "wall_seconds": 0.000256864819675684}, "atc": {"id": "c09_replay_150_0128_sla1.5", "base_id": "c09_replay_150_0128", "campus": 9, "size": 150, "condition": "sla1.5", "sla_multiplier": 1.5, "crew_multiplier": 1.0, "method": "atc", "seed": 301, "feasible": 1, "wwt": 299.4592, "makespan": 114.8648, "mean_flow": 4.768518666666667, "breach_share": 0.013333333333333334, "breach_p1": 0.3333333333333333, "breach_p2": 0.02702702702702703, "breach_p3": null, "breach_p4": 0.0, "wall_seconds": 0.0003199051134288311}, "pfifo": {"id": "c09_replay_150_0128_sla1.5", "base_id": "c09_replay_150_0128", "campus": 9, "size": 150, "condition": "sla1.5", "sla_multiplier": 1.5, "crew_multiplier": 1.0, "method": "pfifo", "seed": 301, "feasible": 1, "wwt": 299.4592, "makespan": 114.8648, "mean_flow": 4.788518666666667, "breach_share": 0.013333333333333334, "breach_p1": 0.3333333333333333, "breach_p2": 0.02702702702702703, "breach_p3": null, "breach_p4": 0.0, "wall_seconds": 0.00023926002904772758}, "mor": {"id": "c09_replay_150_0128_sla1.5", "base_id": "c09_replay_150_0128", "campus": 9, "size": 150, "condition": "sla1.5", "sla_multiplier": 1.5, "crew_multiplier": 1.0, "method": "mor", "seed": 301, "feasible": 1, "wwt": 299.4592, "makespan": 114.8648, "mean_flow": 4.820185333333334, "breach_share": 0.013333333333333334, "breach_p1": 0.3333333333333333, "breach_p2": 0.02702702702702703, "breach_p3": null, "breach_p4": 0.0, "wall_seconds": 0.00023466069251298904}, "random": {"id": "c09_replay_150_0128_sla1.5", "base_id": "c09_replay_150_0128", "campus": 9, "size": 150, "condition": "sla1.5", "sla_multiplier": 1.5, "crew_multiplier": 1.0, "method": "random", "seed": 301, "feasible": 1, "wwt": 299.4592, "makespan": 114.8648, "mean_flow": 4.775185333333334, "breach_share": 0.013333333333333334, "breach_p1": 0.3333333333333333, "breach_p2": 0.02702702702702703, "breach_p3": null, "breach_p4": 0.0, "wall_seconds": 0.0002185148186981678}, "v2rl301": {"id": "c09_replay_150_0128_sla1.5", "base_id": "c09_replay_150_0128", "campus": 9, "size": 150, "condition": "sla1.5", "sla_multiplier": 1.5, "crew_multiplier": 1.0, "method": "v2rl301", "seed": 301, "feasible": 1, "wwt": 299.4592, "makespan": 114.8648, "mean_flow": 4.813518666666667, "breach_share": 0.013333333333333334, "breach_p1": 0.3333333333333333, "breach_p2": 0.02702702702702703, "breach_p3": null, "breach_p4": 0.0, "wall_seconds": 0.015150409191846848}, "v2rl302": {"id": "c09_replay_150_0128_sla1.5", "base_id": "c09_replay_150_0128", "campus": 9, "size": 150, "condition": "sla1.5", "sla_multiplier": 1.5, "crew_multiplier": 1.0, "method": "v2rl302", "seed": 302, "feasible": 1, "wwt": 299.4592, "makespan": 114.8648, "mean_flow": 4.820185333333334, "breach_share": 0.013333333333333334, "breach_p1": 0.3333333333333333, "breach_p2": 0.02702702702702703, "breach_p3": null, "breach_p4": 0.0, "wall_seconds": 0.014824760146439075}, "v2rl303": {"id": "c09_replay_150_0128_sla1.5", "base_id": "c09_replay_150_0128", "campus": 9, "size": 150, "condition": "sla1.5", "sla_multiplier": 1.5, "crew_multiplier": 1.0, "method": "v2rl303", "seed": 303, "feasible": 1, "wwt": 299.4592, "makespan": 114.8648, "mean_flow": 4.820185333333334, "breach_share": 0.013333333333333334, "breach_p1": 0.3333333333333333, "breach_p2": 0.02702702702702703, "breach_p3": null, "breach_p4": 0.0, "wall_seconds": 0.014895907137542963}}, "methods_expected": ["edd", "wspt", "atc", "pfifo", "mor", "random", "v2rl301", "v2rl302", "v2rl303"], "infeasible": [], "wall_seconds_total": 0.0484396331012249}