{"shard_id": "c09_replay_400_0118_sla0.5", "id": "c09_replay_400_0118_sla0.5", "base_id": "c09_replay_400_0118", "campus": 9, "size": 400, "condition": "sla0.5", "rows": {"edd": {"id": "c09_replay_400_0118_sla0.5", "base_id": "c09_replay_400_0118", "campus": 9, "size": 400, "condition": "sla0.5", "sla_multiplier": 0.5, "crew_multiplier": 1.0, "method": "edd", "seed": 301, "feasible": 1, "wwt": 371.0, "makespan": 96.25, "mean_flow": 4.061708, "breach_share": 0.0175, "breach_p1": 0.42857142857142855, "breach_p2": 0.04040404040404041, "breach_p3": 0.0, "breach_p4": 0.0, "wall_seconds": 0.0006160098128020763}, "wspt": {"id": "c09_replay_400_0118_sla0.5", "base_id": "c09_replay_400_0118", "campus": 9, "size": 400, "condition": "sla0.5", "sla_multiplier": 0.5, "crew_multiplier": 1.0, "method": "wspt", "seed": 301, "feasible": 1, "wwt": 371.0, "makespan": 96.25, "mean_flow": 4.01749975, "breach_share": 0.0175, "breach_p1": 0.42857142857142855, "breach_p2": 0.04040404040404041, "breach_p3": 0.0, "breach_p4": 0.0, "wall_seconds": 0.000628673005849123}, "atc": {"id": "c09_replay_400_0118_sla0.5", "base_id": "c09_replay_400_0118", "campus": 9, "size": 400, "condition": "sla0.5", "sla_multiplier": 0.5, "crew_multiplier": 1.0, "method": "atc", "seed": 301, "feasible": 1, "wwt": 371.0, "makespan": 96.25, "mean_flow": 4.01749975, "breach_share": 0.0175, "breach_p1": 0.42857142857142855, "breach_p2": 0.04040404040404041, "breach_p3": 0.0, "breach_p4": 0.0, "wall_seconds": 0.0008620922453701496}, "pfifo": {"id": "c09_replay_400_0118_sla0.5", "base_id": "c09_replay_400_0118", "campus": 9, "size": 400, "condition": "sla0.5", "sla_multiplier": 0.5, "crew_multiplier": 1.0, "method": "pfifo", "seed": 301, "feasible": 1, "wwt": 371.0, "makespan": 96.25, "mean_flow": 4.061708, "breach_share": 0.0175, "breach_p1": 0.42857142857142855, "breach_p2": 0.04040404040404041, "breach_p3": 0.0, "breach_p4": 0.0, "wall_seconds": 0.0006085913628339767}, "mor": {"id": "c09_replay_400_0118_sla0.5", "base_id": "c09_replay_400_0118", "campus": 9, "size": 400, "condition": "sla0.5", "sla_multiplier": 0.5, "crew_multiplier": 1.0, "method": "mor", "seed": 301, "feasible": 1, "wwt": 371.0, "makespan": 96.25, "mean_flow": 4.170333, "breach_share": 0.0175, "breach_p1": 0.42857142857142855, "breach_p2": 0.04040404040404041, "breach_p3": 0.0, "breach_p4": 0.0, "wall_seconds": 0.0006095138378441334}, "random": {"id": "c09_replay_400_0118_sla0.5", "base_id": "c09_replay_400_0118", "campus": 9, "size": 400, "condition": "sla0.5", "sla_multiplier": 0.5, "crew_multiplier": 1.0, "method": "random", "seed": 301, "feasible": 1, "wwt": 371.0, "makespan": 96.25, "mean_flow": 4.0840415000000005, "breach_share": 0.0175, "breach_p1": 0.42857142857142855, "breach_p2": 0.04040404040404041, "breach_p3": 0.0, "breach_p4": 0.0, "wall_seconds": 0.0005338052287697792}, "v2rl301": {"id": "c09_replay_400_0118_sla0.5", "base_id": "c09_replay_400_0118", "campus": 9, "size": 400, "condition": "sla0.5", "sla_multiplier": 0.5, "crew_multiplier": 1.0, "method": "v2rl301", "seed": 301, "feasible": 1, "wwt": 371.0, "makespan": 96.25, "mean_flow": 4.134583, "breach_share": 0.0175, "breach_p1": 0.42857142857142855, "breach_p2": 0.04040404040404041, "breach_p3": 0.0, "breach_p4": 0.0, "wall_seconds": 0.041735393926501274}, "v2rl302": {"id": "c09_replay_400_0118_sla0.5", "base_id": "c09_replay_400_0118", "campus": 9, "size": 400, "condition": "sla0.5", "sla_multiplier": 0.5, "crew_multiplier": 1.0, "method": "v2rl302", "seed": 302, "feasible": 1, "wwt": 371.0, "makespan": 96.25, "mean_flow": 4.134583, "breach_share": 0.0175, "breach_p1": 0.42857142857142855, "breach_p2": 0.04040404040404041, "breach_p3": 0.0, "breach_p4": 0.0, "wall_seconds": 0.041280228178948164}, "v2rl303": {"id": "c09_replay_400_0118_sla0.5", "base_id": "c09_replay_400_0118", "campus": 9, "size": 400, "condition": "sla0.5", "sla_multiplier": 0.5, "crew_multiplier": 1.0, "method": "v2rl303", "seed": 303, "feasible": 1, "wwt": 371.0, "makespan": 96.25, "mean_flow": 4.131499750000001, "breach_share": 0.0175, "breach_p1": 0.42857142857142855, "breach_p2": 0.04040404040404041, "breach_p3": 0.0, "breach_p4": 0.0, "wall_seconds": 0.041040625888854265}}, "methods_expected": ["edd", "wspt", "atc", "pfifo", "mor", "random", "v2rl301", "v2rl302", "v2rl303"], "infeasible": [], "wall_seconds_total": 0.1323239733465016}