{"shard_id": "c09_replay_150_0129", "id": "c09_replay_150_0129", "base_id": "c09_replay_150_0129", "campus": 9, "size": 150, "condition": "baseline", "rows": {"edd": {"id": "c09_replay_150_0129", "base_id": "c09_replay_150_0129", "campus": 9, "size": 150, "condition": "baseline", "sla_multiplier": 1.0, "crew_multiplier": 1.0, "method": "edd", "seed": 301, "feasible": 1, "wwt": 18.0, "makespan": 77.75, "mean_flow": 3.874444, "breach_share": 0.013333333333333334, "breach_p1": 0.14285714285714285, "breach_p2": 0.034482758620689655, "breach_p3": null, "breach_p4": 0.0, "wall_seconds": 0.0002551879733800888}, "wspt": {"id": "c09_replay_150_0129", "base_id": "c09_replay_150_0129", "campus": 9, "size": 150, "condition": "baseline", "sla_multiplier": 1.0, "crew_multiplier": 1.0, "method": "wspt", "seed": 301, "feasible": 1, "wwt": 18.0, "makespan": 77.75, "mean_flow": 3.844444, "breach_share": 0.013333333333333334, "breach_p1": 0.14285714285714285, "breach_p2": 0.034482758620689655, "breach_p3": null, "breach_p4": 0.0, "wall_seconds": 0.0002505891025066376}, "atc": {"id": "c09_replay_150_0129", "base_id": "c09_replay_150_0129", "campus": 9, "size": 150, "condition": "baseline", "sla_multiplier": 1.0, "crew_multiplier": 1.0, "method": "atc", "seed": 301, "feasible": 1, "wwt": 18.0, "makespan": 77.75, "mean_flow": 3.844444, "breach_share": 0.013333333333333334, "breach_p1": 0.14285714285714285, "breach_p2": 0.034482758620689655, "breach_p3": null, "breach_p4": 0.0, "wall_seconds": 0.00032560713589191437}, "pfifo": {"id": "c09_replay_150_0129", "base_id": "c09_replay_150_0129", "campus": 9, "size": 150, "condition": "baseline", "sla_multiplier": 1.0, "crew_multiplier": 1.0, "method": "pfifo", "seed": 301, "feasible": 1, "wwt": 18.0, "makespan": 77.75, "mean_flow": 3.874444, "breach_share": 0.013333333333333334, "breach_p1": 0.14285714285714285, "breach_p2": 0.034482758620689655, "breach_p3": null, "breach_p4": 0.0, "wall_seconds": 0.00023899972438812256}, "mor": {"id": "c09_replay_150_0129", "base_id": "c09_replay_150_0129", "campus": 9, "size": 150, "condition": "baseline", "sla_multiplier": 1.0, "crew_multiplier": 1.0, "method": "mor", "seed": 301, "feasible": 1, "wwt": 18.0, "makespan": 77.75, "mean_flow": 3.9444440000000003, "breach_share": 0.013333333333333334, "breach_p1": 0.14285714285714285, "breach_p2": 0.034482758620689655, "breach_p3": null, "breach_p4": 0.0, "wall_seconds": 0.00023769866675138474}, "random": {"id": "c09_replay_150_0129", "base_id": "c09_replay_150_0129", "campus": 9, "size": 150, "condition": "baseline", "sla_multiplier": 1.0, "crew_multiplier": 1.0, "method": "random", "seed": 301, "feasible": 1, "wwt": 18.0, "makespan": 77.75, "mean_flow": 3.889444, "breach_share": 0.013333333333333334, "breach_p1": 0.14285714285714285, "breach_p2": 0.034482758620689655, "breach_p3": null, "breach_p4": 0.0, "wall_seconds": 0.0002212589606642723}, "v2rl301": {"id": "c09_replay_150_0129", "base_id": "c09_replay_150_0129", "campus": 9, "size": 150, "condition": "baseline", "sla_multiplier": 1.0, "crew_multiplier": 1.0, "method": "v2rl301", "seed": 301, "feasible": 1, "wwt": 18.0, "makespan": 77.75, "mean_flow": 3.9444440000000003, "breach_share": 0.013333333333333334, "breach_p1": 0.14285714285714285, "breach_p2": 0.034482758620689655, "breach_p3": null, "breach_p4": 0.0, "wall_seconds": 0.015504057984799147}, "v2rl302": {"id": "c09_replay_150_0129", "base_id": "c09_replay_150_0129", "campus": 9, "size": 150, "condition": "baseline", "sla_multiplier": 1.0, "crew_multiplier": 1.0, "method": "v2rl302", "seed": 302, "feasible": 1, "wwt": 18.0, "makespan": 77.75, "mean_flow": 3.9444440000000003, "breach_share": 0.013333333333333334, "breach_p1": 0.14285714285714285, "breach_p2": 0.034482758620689655, "breach_p3": null, "breach_p4": 0.0, "wall_seconds": 0.015264926943928003}, "v2rl303": {"id": "c09_replay_150_0129", "base_id": "c09_replay_150_0129", "campus": 9, "size": 150, "condition": "baseline", "sla_multiplier": 1.0, "crew_multiplier": 1.0, "method": "v2rl303", "seed": 303, "feasible": 1, "wwt": 18.0, "makespan": 77.75, "mean_flow": 3.9444440000000003, "breach_share": 0.013333333333333334, "breach_p1": 0.14285714285714285, "breach_p2": 0.034482758620689655, "breach_p3": null, "breach_p4": 0.0, "wall_seconds": 0.015365055296570063}}, "methods_expected": ["edd", "wspt", "atc", "pfifo", "mor", "random", "v2rl301", "v2rl302", "v2rl303"], "infeasible": [], "wall_seconds_total": 0.04930452723056078}