{"shard_id": "c09_replay_400_0112_m0.75", "id": "c09_replay_400_0112_m0.75", "base_id": "c09_replay_400_0112", "campus": 9, "size": 400, "condition": "crew0.75", "rows": {"edd": {"id": "c09_replay_400_0112_m0.75", "base_id": "c09_replay_400_0112", "campus": 9, "size": 400, "condition": "crew0.75", "sla_multiplier": 1.0, "crew_multiplier": 0.75, "method": "edd", "seed": 301, "feasible": 1, "wwt": 103.00000000000001, "makespan": 115.75, "mean_flow": 5.4032504999999995, "breach_share": 0.0075, "breach_p1": 0.5, "breach_p2": 0.02564102564102564, "breach_p3": 0.0, "breach_p4": 0.0, "wall_seconds": 0.0007756361737847328}, "wspt": {"id": "c09_replay_400_0112_m0.75", "base_id": "c09_replay_400_0112", "campus": 9, "size": 400, "condition": "crew0.75", "sla_multiplier": 1.0, "crew_multiplier": 0.75, "method": "wspt", "seed": 301, "feasible": 1, "wwt": 115.73320000000002, "makespan": 119.25, "mean_flow": 4.43904275, "breach_share": 0.0075, "breach_p1": 0.5, "breach_p2": 0.02564102564102564, "breach_p3": 0.0, "breach_p4": 0.0, "wall_seconds": 0.000813228078186512}, "atc": {"id": "c09_replay_400_0112_m0.75", "base_id": "c09_replay_400_0112", "campus": 9, "size": 400, "condition": "crew0.75", "sla_multiplier": 1.0, "crew_multiplier": 0.75, "method": "atc", "seed": 301, "feasible": 1, "wwt": 103.00000000000001, "makespan": 105.5, "mean_flow": 4.494376249999999, "breach_share": 0.0075, "breach_p1": 0.5, "breach_p2": 0.02564102564102564, "breach_p3": 0.0, "breach_p4": 0.0, "wall_seconds": 0.0014105797745287418}, "pfifo": {"id": "c09_replay_400_0112_m0.75", "base_id": "c09_replay_400_0112", "campus": 9, "size": 400, "condition": "crew0.75", "sla_multiplier": 1.0, "crew_multiplier": 0.75, "method": "pfifo", "seed": 301, "feasible": 1, "wwt": 103.00000000000001, "makespan": 115.75, "mean_flow": 5.4032504999999995, "breach_share": 0.0075, "breach_p1": 0.5, "breach_p2": 0.02564102564102564, "breach_p3": 0.0, "breach_p4": 0.0, "wall_seconds": 0.0007632961496710777}, "mor": {"id": "c09_replay_400_0112_m0.75", "base_id": "c09_replay_400_0112", "campus": 9, "size": 400, "condition": "crew0.75", "sla_multiplier": 1.0, "crew_multiplier": 0.75, "method": "mor", "seed": 301, "feasible": 1, "wwt": 103.00000000000001, "makespan": 105.5, "mean_flow": 7.14033425, "breach_share": 0.0075, "breach_p1": 0.5, "breach_p2": 0.02564102564102564, "breach_p3": 0.0, "breach_p4": 0.0, "wall_seconds": 0.0007540741935372353}, "random": {"id": "c09_replay_400_0112_m0.75", "base_id": "c09_replay_400_0112", "campus": 9, "size": 400, "condition": "crew0.75", "sla_multiplier": 1.0, "crew_multiplier": 0.75, "method": "random", "seed": 301, "feasible": 1, "wwt": 113.00000000000001, "makespan": 116.0, "mean_flow": 5.07975125, "breach_share": 0.0075, "breach_p1": 0.5, "breach_p2": 0.02564102564102564, "breach_p3": 0.0, "breach_p4": 0.0, "wall_seconds": 0.0005105650052428246}, "v2rl301": {"id": "c09_replay_400_0112_m0.75", "base_id": "c09_replay_400_0112", "campus": 9, "size": 400, "condition": "crew0.75", "sla_multiplier": 1.0, "crew_multiplier": 0.75, "method": "v2rl301", "seed": 301, "feasible": 1, "wwt": 103.00000000000001, "makespan": 105.5, "mean_flow": 7.069792250000001, "breach_share": 0.0075, "breach_p1": 0.5, "breach_p2": 0.02564102564102564, "breach_p3": 0.0, "breach_p4": 0.0, "wall_seconds": 0.04654416907578707}, "v2rl302": {"id": "c09_replay_400_0112_m0.75", "base_id": "c09_replay_400_0112", "campus": 9, "size": 400, "condition": "crew0.75", "sla_multiplier": 1.0, "crew_multiplier": 0.75, "method": "v2rl302", "seed": 302, "feasible": 1, "wwt": 103.00000000000001, "makespan": 105.5, "mean_flow": 7.069792250000001, "breach_share": 0.0075, "breach_p1": 0.5, "breach_p2": 0.02564102564102564, "breach_p3": 0.0, "breach_p4": 0.0, "wall_seconds": 0.04519668594002724}, "v2rl303": {"id": "c09_replay_400_0112_m0.75", "base_id": "c09_replay_400_0112", "campus": 9, "size": 400, "condition": "crew0.75", "sla_multiplier": 1.0, "crew_multiplier": 0.75, "method": "v2rl303", "seed": 303, "feasible": 1, "wwt": 103.00000000000001, "makespan": 105.5, "mean_flow": 7.069792250000001, "breach_share": 0.0075, "breach_p1": 0.5, "breach_p2": 0.02564102564102564, "breach_p3": 0.0, "breach_p4": 0.0, "wall_seconds": 0.04578715283423662}}, "methods_expected": ["edd", "wspt", "atc", "pfifo", "mor", "random", "v2rl301", "v2rl302", "v2rl303"], "infeasible": [], "wall_seconds_total": 0.14689145283773541}