{"shard_id": "c09_replay_150_0102_sla1.5", "id": "c09_replay_150_0102_sla1.5", "base_id": "c09_replay_150_0102", "campus": 9, "size": 150, "condition": "sla1.5", "rows": {"edd": {"id": "c09_replay_150_0102_sla1.5", "base_id": "c09_replay_150_0102", "campus": 9, "size": 150, "condition": "sla1.5", "sla_multiplier": 1.5, "crew_multiplier": 1.0, "method": "edd", "seed": 301, "feasible": 1, "wwt": 302.0, "makespan": 104.75, "mean_flow": 7.843333333333334, "breach_share": 0.013333333333333334, "breach_p1": 0.08333333333333333, "breach_p2": 0.0, "breach_p3": null, "breach_p4": 0.0, "wall_seconds": 0.0003100628964602947}, "wspt": {"id": "c09_replay_150_0102_sla1.5", "base_id": "c09_replay_150_0102", "campus": 9, "size": 150, "condition": "sla1.5", "sla_multiplier": 1.5, "crew_multiplier": 1.0, "method": "wspt", "seed": 301, "feasible": 1, "wwt": 302.0, "makespan": 104.75, "mean_flow": 4.116666666666666, "breach_share": 0.013333333333333334, "breach_p1": 0.08333333333333333, "breach_p2": 0.0, "breach_p3": null, "breach_p4": 0.0, "wall_seconds": 0.0003489293158054352}, "atc": {"id": "c09_replay_150_0102_sla1.5", "base_id": "c09_replay_150_0102", "campus": 9, "size": 150, "condition": "sla1.5", "sla_multiplier": 1.5, "crew_multiplier": 1.0, "method": "atc", "seed": 301, "feasible": 1, "wwt": 302.0, "makespan": 104.75, "mean_flow": 4.128333333333333, "breach_share": 0.013333333333333334, "breach_p1": 0.08333333333333333, "breach_p2": 0.0, "breach_p3": null, "breach_p4": 0.0, "wall_seconds": 0.000567649956792593}, "pfifo": {"id": "c09_replay_150_0102_sla1.5", "base_id": "c09_replay_150_0102", "campus": 9, "size": 150, "condition": "sla1.5", "sla_multiplier": 1.5, "crew_multiplier": 1.0, "method": "pfifo", "seed": 301, "feasible": 1, "wwt": 302.0, "makespan": 104.75, "mean_flow": 7.843333333333334, "breach_share": 0.013333333333333334, "breach_p1": 0.08333333333333333, "breach_p2": 0.0, "breach_p3": null, "breach_p4": 0.0, "wall_seconds": 0.0003060372546315193}, "mor": {"id": "c09_replay_150_0102_sla1.5", "base_id": "c09_replay_150_0102", "campus": 9, "size": 150, "condition": "sla1.5", "sla_multiplier": 1.5, "crew_multiplier": 1.0, "method": "mor", "seed": 301, "feasible": 1, "wwt": 326.0, "makespan": 104.75, "mean_flow": 9.043333333333333, "breach_share": 0.02, "breach_p1": 0.125, "breach_p2": 0.0, "breach_p3": null, "breach_p4": 0.0, "wall_seconds": 0.0002973722293972969}, "random": {"id": "c09_replay_150_0102_sla1.5", "base_id": "c09_replay_150_0102", "campus": 9, "size": 150, "condition": "sla1.5", "sla_multiplier": 1.5, "crew_multiplier": 1.0, "method": "random", "seed": 301, "feasible": 1, "wwt": 350.0, "makespan": 104.75, "mean_flow": 5.456666666666667, "breach_share": 0.02, "breach_p1": 0.125, "breach_p2": 0.0, "breach_p3": null, "breach_p4": 0.0, "wall_seconds": 0.0002163131721317768}, "v2rl301": {"id": "c09_replay_150_0102_sla1.5", "base_id": "c09_replay_150_0102", "campus": 9, "size": 150, "condition": "sla1.5", "sla_multiplier": 1.5, "crew_multiplier": 1.0, "method": "v2rl301", "seed": 301, "feasible": 1, "wwt": 302.0, "makespan": 104.75, "mean_flow": 9.023333333333333, "breach_share": 0.013333333333333334, "breach_p1": 0.08333333333333333, "breach_p2": 0.0, "breach_p3": null, "breach_p4": 0.0, "wall_seconds": 0.016509855166077614}, "v2rl302": {"id": "c09_replay_150_0102_sla1.5", "base_id": "c09_replay_150_0102", "campus": 9, "size": 150, "condition": "sla1.5", "sla_multiplier": 1.5, "crew_multiplier": 1.0, "method": "v2rl302", "seed": 302, "feasible": 1, "wwt": 302.0, "makespan": 104.75, "mean_flow": 9.023333333333333, "breach_share": 0.013333333333333334, "breach_p1": 0.08333333333333333, "breach_p2": 0.0, "breach_p3": null, "breach_p4": 0.0, "wall_seconds": 0.01618203381076455}, "v2rl303": {"id": "c09_replay_150_0102_sla1.5", "base_id": "c09_replay_150_0102", "campus": 9, "size": 150, "condition": "sla1.5", "sla_multiplier": 1.5, "crew_multiplier": 1.0, "method": "v2rl303", "seed": 303, "feasible": 1, "wwt": 302.0, "makespan": 104.75, "mean_flow": 9.023333333333333, "breach_share": 0.013333333333333334, "breach_p1": 0.08333333333333333, "breach_p2": 0.0, "breach_p3": null, "breach_p4": 0.0, "wall_seconds": 0.016165961045771837}}, "methods_expected": ["edd", "wspt", "atc", "pfifo", "mor", "random", "v2rl301", "v2rl302", "v2rl303"], "infeasible": [], "wall_seconds_total": 0.05297697801142931}