{"shard_id": "c09_replay_400_0112_sla0.5", "id": "c09_replay_400_0112_sla0.5", "base_id": "c09_replay_400_0112", "campus": 9, "size": 400, "condition": "sla0.5", "rows": {"edd": {"id": "c09_replay_400_0112_sla0.5", "base_id": "c09_replay_400_0112", "campus": 9, "size": 400, "condition": "sla0.5", "sla_multiplier": 0.5, "crew_multiplier": 1.0, "method": "edd", "seed": 301, "feasible": 1, "wwt": 344.0, "makespan": 108.5, "mean_flow": 4.6067505, "breach_share": 0.02, "breach_p1": 0.5, "breach_p2": 0.08974358974358974, "breach_p3": 0.0, "breach_p4": 0.0, "wall_seconds": 0.0007487721741199493}, "wspt": {"id": "c09_replay_400_0112_sla0.5", "base_id": "c09_replay_400_0112", "campus": 9, "size": 400, "condition": "sla0.5", "sla_multiplier": 0.5, "crew_multiplier": 1.0, "method": "wspt", "seed": 301, "feasible": 1, "wwt": 367.7832, "makespan": 111.75, "mean_flow": 4.00900075, "breach_share": 0.0225, "breach_p1": 0.5, "breach_p2": 0.08974358974358974, "breach_p3": 0.0, "breach_p4": 0.003134796238244514, "wall_seconds": 0.0008212612010538578}, "atc": {"id": "c09_replay_400_0112_sla0.5", "base_id": "c09_replay_400_0112", "campus": 9, "size": 400, "condition": "sla0.5", "sla_multiplier": 0.5, "crew_multiplier": 1.0, "method": "atc", "seed": 301, "feasible": 1, "wwt": 344.0, "makespan": 105.5, "mean_flow": 4.02900075, "breach_share": 0.02, "breach_p1": 0.5, "breach_p2": 0.08974358974358974, "breach_p3": 0.0, "breach_p4": 0.0, "wall_seconds": 0.0014560474082827568}, "pfifo": {"id": "c09_replay_400_0112_sla0.5", "base_id": "c09_replay_400_0112", "campus": 9, "size": 400, "condition": "sla0.5", "sla_multiplier": 0.5, "crew_multiplier": 1.0, "method": "pfifo", "seed": 301, "feasible": 1, "wwt": 344.0, "makespan": 108.5, "mean_flow": 4.6067505, "breach_share": 0.02, "breach_p1": 0.5, "breach_p2": 0.08974358974358974, "breach_p3": 0.0, "breach_p4": 0.0, "wall_seconds": 0.0007641222327947617}, "mor": {"id": "c09_replay_400_0112_sla0.5", "base_id": "c09_replay_400_0112", "campus": 9, "size": 400, "condition": "sla0.5", "sla_multiplier": 0.5, "crew_multiplier": 1.0, "method": "mor", "seed": 301, "feasible": 1, "wwt": 344.0, "makespan": 105.5, "mean_flow": 5.58966775, "breach_share": 0.02, "breach_p1": 0.5, "breach_p2": 0.08974358974358974, "breach_p3": 0.0, "breach_p4": 0.0, "wall_seconds": 0.0007524709217250347}, "random": {"id": "c09_replay_400_0112_sla0.5", "base_id": "c09_replay_400_0112", "campus": 9, "size": 400, "condition": "sla0.5", "sla_multiplier": 0.5, "crew_multiplier": 1.0, "method": "random", "seed": 301, "feasible": 1, "wwt": 362.7332, "makespan": 105.5, "mean_flow": 4.43108475, "breach_share": 0.02, "breach_p1": 0.5, "breach_p2": 0.08974358974358974, "breach_p3": 0.0, "breach_p4": 0.0, "wall_seconds": 0.0005201827734708786}, "v2rl301": {"id": "c09_replay_400_0112_sla0.5", "base_id": "c09_replay_400_0112", "campus": 9, "size": 400, "condition": "sla0.5", "sla_multiplier": 0.5, "crew_multiplier": 1.0, "method": "v2rl301", "seed": 301, "feasible": 1, "wwt": 344.0, "makespan": 105.5, "mean_flow": 5.558750750000001, "breach_share": 0.02, "breach_p1": 0.5, "breach_p2": 0.08974358974358974, "breach_p3": 0.0, "breach_p4": 0.0, "wall_seconds": 0.04480957705527544}, "v2rl302": {"id": "c09_replay_400_0112_sla0.5", "base_id": "c09_replay_400_0112", "campus": 9, "size": 400, "condition": "sla0.5", "sla_multiplier": 0.5, "crew_multiplier": 1.0, "method": "v2rl302", "seed": 302, "feasible": 1, "wwt": 344.0, "makespan": 105.5, "mean_flow": 5.55937575, "breach_share": 0.02, "breach_p1": 0.5, "breach_p2": 0.08974358974358974, "breach_p3": 0.0, "breach_p4": 0.0, "wall_seconds": 0.044001779053360224}, "v2rl303": {"id": "c09_replay_400_0112_sla0.5", "base_id": "c09_replay_400_0112", "campus": 9, "size": 400, "condition": "sla0.5", "sla_multiplier": 0.5, "crew_multiplier": 1.0, "method": "v2rl303", "seed": 303, "feasible": 1, "wwt": 344.0, "makespan": 105.5, "mean_flow": 5.1530845, "breach_share": 0.02, "breach_p1": 0.5, "breach_p2": 0.08974358974358974, "breach_p3": 0.0, "breach_p4": 0.0, "wall_seconds": 0.043620110023766756}}, "methods_expected": ["edd", "wspt", "atc", "pfifo", "mor", "random", "v2rl301", "v2rl302", "v2rl303"], "infeasible": [], "wall_seconds_total": 0.1420634901151061}