{"shard_id": "c09_replay_150_0120", "id": "c09_replay_150_0120", "base_id": "c09_replay_150_0120", "campus": 9, "size": 150, "condition": "baseline", "rows": {"edd": {"id": "c09_replay_150_0120", "base_id": "c09_replay_150_0120", "campus": 9, "size": 150, "condition": "baseline", "sla_multiplier": 1.0, "crew_multiplier": 1.0, "method": "edd", "seed": 301, "feasible": 1, "wwt": 216.0, "makespan": 78.0, "mean_flow": 3.95, "breach_share": 0.006666666666666667, "breach_p1": 0.0, "breach_p2": 0.02040816326530612, "breach_p3": null, "breach_p4": 0.0, "wall_seconds": 0.00026880810037255287}, "wspt": {"id": "c09_replay_150_0120", "base_id": "c09_replay_150_0120", "campus": 9, "size": 150, "condition": "baseline", "sla_multiplier": 1.0, "crew_multiplier": 1.0, "method": "wspt", "seed": 301, "feasible": 1, "wwt": 216.0, "makespan": 78.0, "mean_flow": 3.9483333333333333, "breach_share": 0.006666666666666667, "breach_p1": 0.0, "breach_p2": 0.02040816326530612, "breach_p3": null, "breach_p4": 0.0, "wall_seconds": 0.00026427675038576126}, "atc": {"id": "c09_replay_150_0120", "base_id": "c09_replay_150_0120", "campus": 9, "size": 150, "condition": "baseline", "sla_multiplier": 1.0, "crew_multiplier": 1.0, "method": "atc", "seed": 301, "feasible": 1, "wwt": 216.0, "makespan": 78.0, "mean_flow": 3.9483333333333333, "breach_share": 0.006666666666666667, "breach_p1": 0.0, "breach_p2": 0.02040816326530612, "breach_p3": null, "breach_p4": 0.0, "wall_seconds": 0.0004046289250254631}, "pfifo": {"id": "c09_replay_150_0120", "base_id": "c09_replay_150_0120", "campus": 9, "size": 150, "condition": "baseline", "sla_multiplier": 1.0, "crew_multiplier": 1.0, "method": "pfifo", "seed": 301, "feasible": 1, "wwt": 216.0, "makespan": 78.0, "mean_flow": 3.95, "breach_share": 0.006666666666666667, "breach_p1": 0.0, "breach_p2": 0.02040816326530612, "breach_p3": null, "breach_p4": 0.0, "wall_seconds": 0.00029059266671538353}, "mor": {"id": "c09_replay_150_0120", "base_id": "c09_replay_150_0120", "campus": 9, "size": 150, "condition": "baseline", "sla_multiplier": 1.0, "crew_multiplier": 1.0, "method": "mor", "seed": 301, "feasible": 1, "wwt": 216.0, "makespan": 78.0, "mean_flow": 3.9516666666666667, "breach_share": 0.006666666666666667, "breach_p1": 0.0, "breach_p2": 0.02040816326530612, "breach_p3": null, "breach_p4": 0.0, "wall_seconds": 0.00025008805096149445}, "random": {"id": "c09_replay_150_0120", "base_id": "c09_replay_150_0120", "campus": 9, "size": 150, "condition": "baseline", "sla_multiplier": 1.0, "crew_multiplier": 1.0, "method": "random", "seed": 301, "feasible": 1, "wwt": 216.0, "makespan": 78.0, "mean_flow": 3.9483333333333333, "breach_share": 0.006666666666666667, "breach_p1": 0.0, "breach_p2": 0.02040816326530612, "breach_p3": null, "breach_p4": 0.0, "wall_seconds": 0.00021832017228007317}, "v2rl301": {"id": "c09_replay_150_0120", "base_id": "c09_replay_150_0120", "campus": 9, "size": 150, "condition": "baseline", "sla_multiplier": 1.0, "crew_multiplier": 1.0, "method": "v2rl301", "seed": 301, "feasible": 1, "wwt": 216.0, "makespan": 78.0, "mean_flow": 3.9516666666666667, "breach_share": 0.006666666666666667, "breach_p1": 0.0, "breach_p2": 0.02040816326530612, "breach_p3": null, "breach_p4": 0.0, "wall_seconds": 0.01568681187927723}, "v2rl302": {"id": "c09_replay_150_0120", "base_id": "c09_replay_150_0120", "campus": 9, "size": 150, "condition": "baseline", "sla_multiplier": 1.0, "crew_multiplier": 1.0, "method": "v2rl302", "seed": 302, "feasible": 1, "wwt": 216.0, "makespan": 78.0, "mean_flow": 3.9516666666666667, "breach_share": 0.006666666666666667, "breach_p1": 0.0, "breach_p2": 0.02040816326530612, "breach_p3": null, "breach_p4": 0.0, "wall_seconds": 0.015218176878988743}, "v2rl303": {"id": "c09_replay_150_0120", "base_id": "c09_replay_150_0120", "campus": 9, "size": 150, "condition": "baseline", "sla_multiplier": 1.0, "crew_multiplier": 1.0, "method": "v2rl303", "seed": 303, "feasible": 1, "wwt": 216.0, "makespan": 78.0, "mean_flow": 3.9516666666666667, "breach_share": 0.006666666666666667, "breach_p1": 0.0, "breach_p2": 0.02040816326530612, "breach_p3": null, "breach_p4": 0.0, "wall_seconds": 0.01565280696377158}}, "methods_expected": ["edd", "wspt", "atc", "pfifo", "mor", "random", "v2rl301", "v2rl302", "v2rl303"], "infeasible": [], "wall_seconds_total": 0.049992216750979424}