{"shard_id": "c09_replay_400_0118_m1.25", "id": "c09_replay_400_0118_m1.25", "base_id": "c09_replay_400_0118", "campus": 9, "size": 400, "condition": "crew1.25", "rows": {"edd": {"id": "c09_replay_400_0118_m1.25", "base_id": "c09_replay_400_0118", "campus": 9, "size": 400, "condition": "crew1.25", "sla_multiplier": 1.0, "crew_multiplier": 1.25, "method": "edd", "seed": 301, "feasible": 1, "wwt": 151.0, "makespan": 96.25, "mean_flow": 3.9369167500000004, "breach_share": 0.01, "breach_p1": 0.2857142857142857, "breach_p2": 0.020202020202020204, "breach_p3": 0.0, "breach_p4": 0.0, "wall_seconds": 0.000648261047899723}, "wspt": {"id": "c09_replay_400_0118_m1.25", "base_id": "c09_replay_400_0118", "campus": 9, "size": 400, "condition": "crew1.25", "sla_multiplier": 1.0, "crew_multiplier": 1.25, "method": "wspt", "seed": 301, "feasible": 1, "wwt": 151.0, "makespan": 96.25, "mean_flow": 3.90254175, "breach_share": 0.01, "breach_p1": 0.2857142857142857, "breach_p2": 0.020202020202020204, "breach_p3": 0.0, "breach_p4": 0.0, "wall_seconds": 0.0006213928572833538}, "atc": {"id": "c09_replay_400_0118_m1.25", "base_id": "c09_replay_400_0118", "campus": 9, "size": 400, "condition": "crew1.25", "sla_multiplier": 1.0, "crew_multiplier": 1.25, "method": "atc", "seed": 301, "feasible": 1, "wwt": 151.0, "makespan": 96.25, "mean_flow": 3.90254175, "breach_share": 0.01, "breach_p1": 0.2857142857142857, "breach_p2": 0.020202020202020204, "breach_p3": 0.0, "breach_p4": 0.0, "wall_seconds": 0.0008487552404403687}, "pfifo": {"id": "c09_replay_400_0118_m1.25", "base_id": "c09_replay_400_0118", "campus": 9, "size": 400, "condition": "crew1.25", "sla_multiplier": 1.0, "crew_multiplier": 1.25, "method": "pfifo", "seed": 301, "feasible": 1, "wwt": 151.0, "makespan": 96.25, "mean_flow": 3.9369167500000004, "breach_share": 0.01, "breach_p1": 0.2857142857142857, "breach_p2": 0.020202020202020204, "breach_p3": 0.0, "breach_p4": 0.0, "wall_seconds": 0.0006085708737373352}, "mor": {"id": "c09_replay_400_0118_m1.25", "base_id": "c09_replay_400_0118", "campus": 9, "size": 400, "condition": "crew1.25", "sla_multiplier": 1.0, "crew_multiplier": 1.25, "method": "mor", "seed": 301, "feasible": 1, "wwt": 151.0, "makespan": 96.25, "mean_flow": 3.986, "breach_share": 0.01, "breach_p1": 0.2857142857142857, "breach_p2": 0.020202020202020204, "breach_p3": 0.0, "breach_p4": 0.0, "wall_seconds": 0.0006187367253005505}, "random": {"id": "c09_replay_400_0118_m1.25", "base_id": "c09_replay_400_0118", "campus": 9, "size": 400, "condition": "crew1.25", "sla_multiplier": 1.0, "crew_multiplier": 1.25, "method": "random", "seed": 301, "feasible": 1, "wwt": 151.0, "makespan": 96.25, "mean_flow": 3.9557917499999995, "breach_share": 0.01, "breach_p1": 0.2857142857142857, "breach_p2": 0.020202020202020204, "breach_p3": 0.0, "breach_p4": 0.0, "wall_seconds": 0.0005478127859532833}, "v2rl301": {"id": "c09_replay_400_0118_m1.25", "base_id": "c09_replay_400_0118", "campus": 9, "size": 400, "condition": "crew1.25", "sla_multiplier": 1.0, "crew_multiplier": 1.25, "method": "v2rl301", "seed": 301, "feasible": 1, "wwt": 151.0, "makespan": 96.25, "mean_flow": 3.9682917499999997, "breach_share": 0.01, "breach_p1": 0.2857142857142857, "breach_p2": 0.020202020202020204, "breach_p3": 0.0, "breach_p4": 0.0, "wall_seconds": 0.041202661115676165}, "v2rl302": {"id": "c09_replay_400_0118_m1.25", "base_id": "c09_replay_400_0118", "campus": 9, "size": 400, "condition": "crew1.25", "sla_multiplier": 1.0, "crew_multiplier": 1.25, "method": "v2rl302", "seed": 302, "feasible": 1, "wwt": 151.0, "makespan": 96.25, "mean_flow": 3.9682917499999997, "breach_share": 0.01, "breach_p1": 0.2857142857142857, "breach_p2": 0.020202020202020204, "breach_p3": 0.0, "breach_p4": 0.0, "wall_seconds": 0.04091297881677747}, "v2rl303": {"id": "c09_replay_400_0118_m1.25", "base_id": "c09_replay_400_0118", "campus": 9, "size": 400, "condition": "crew1.25", "sla_multiplier": 1.0, "crew_multiplier": 1.25, "method": "v2rl303", "seed": 303, "feasible": 1, "wwt": 151.0, "makespan": 96.25, "mean_flow": 3.9682917499999997, "breach_share": 0.01, "breach_p1": 0.2857142857142857, "breach_p2": 0.020202020202020204, "breach_p3": 0.0, "breach_p4": 0.0, "wall_seconds": 0.04096685070544481}}, "methods_expected": ["edd", "wspt", "atc", "pfifo", "mor", "random", "v2rl301", "v2rl302", "v2rl303"], "infeasible": [], "wall_seconds_total": 0.13159518502652645}