{"shard_id": "c09_replay_400_0111", "id": "c09_replay_400_0111", "base_id": "c09_replay_400_0111", "campus": 9, "size": 400, "condition": "baseline", "rows": {"edd": {"id": "c09_replay_400_0111", "base_id": "c09_replay_400_0111", "campus": 9, "size": 400, "condition": "baseline", "sla_multiplier": 1.0, "crew_multiplier": 1.0, "method": "edd", "seed": 301, "feasible": 1, "wwt": 182.0, "makespan": 138.8648, "mean_flow": 4.1861625, "breach_share": 0.01, "breach_p1": 0.13333333333333333, "breach_p2": 0.01680672268907563, "breach_p3": 0.0, "breach_p4": 0.0, "wall_seconds": 0.0006317184306681156}, "wspt": {"id": "c09_replay_400_0111", "base_id": "c09_replay_400_0111", "campus": 9, "size": 400, "condition": "baseline", "sla_multiplier": 1.0, "crew_multiplier": 1.0, "method": "wspt", "seed": 301, "feasible": 1, "wwt": 182.0, "makespan": 138.8648, "mean_flow": 4.1461205, "breach_share": 0.01, "breach_p1": 0.13333333333333333, "breach_p2": 0.01680672268907563, "breach_p3": 0.0, "breach_p4": 0.0, "wall_seconds": 0.0006163613870739937}, "atc": {"id": "c09_replay_400_0111", "base_id": "c09_replay_400_0111", "campus": 9, "size": 400, "condition": "baseline", "sla_multiplier": 1.0, "crew_multiplier": 1.0, "method": "atc", "seed": 301, "feasible": 1, "wwt": 182.0, "makespan": 138.8648, "mean_flow": 4.1486205, "breach_share": 0.01, "breach_p1": 0.13333333333333333, "breach_p2": 0.01680672268907563, "breach_p3": 0.0, "breach_p4": 0.0, "wall_seconds": 0.0008684080094099045}, "pfifo": {"id": "c09_replay_400_0111", "base_id": "c09_replay_400_0111", "campus": 9, "size": 400, "condition": "baseline", "sla_multiplier": 1.0, "crew_multiplier": 1.0, "method": "pfifo", "seed": 301, "feasible": 1, "wwt": 182.0, "makespan": 138.8648, "mean_flow": 4.1861625, "breach_share": 0.01, "breach_p1": 0.13333333333333333, "breach_p2": 0.01680672268907563, "breach_p3": 0.0, "breach_p4": 0.0, "wall_seconds": 0.0005951616913080215}, "mor": {"id": "c09_replay_400_0111", "base_id": "c09_replay_400_0111", "campus": 9, "size": 400, "condition": "baseline", "sla_multiplier": 1.0, "crew_multiplier": 1.0, "method": "mor", "seed": 301, "feasible": 1, "wwt": 182.0, "makespan": 138.8648, "mean_flow": 4.2809955, "breach_share": 0.01, "breach_p1": 0.13333333333333333, "breach_p2": 0.01680672268907563, "breach_p3": 0.0, "breach_p4": 0.0, "wall_seconds": 0.000605379231274128}, "random": {"id": "c09_replay_400_0111", "base_id": "c09_replay_400_0111", "campus": 9, "size": 400, "condition": "baseline", "sla_multiplier": 1.0, "crew_multiplier": 1.0, "method": "random", "seed": 301, "feasible": 1, "wwt": 182.0, "makespan": 138.8648, "mean_flow": 4.20066225, "breach_share": 0.01, "breach_p1": 0.13333333333333333, "breach_p2": 0.01680672268907563, "breach_p3": 0.0, "breach_p4": 0.0, "wall_seconds": 0.000531656201928854}, "v2rl301": {"id": "c09_replay_400_0111", "base_id": "c09_replay_400_0111", "campus": 9, "size": 400, "condition": "baseline", "sla_multiplier": 1.0, "crew_multiplier": 1.0, "method": "v2rl301", "seed": 301, "feasible": 1, "wwt": 182.0, "makespan": 138.8648, "mean_flow": 4.26591225, "breach_share": 0.01, "breach_p1": 0.13333333333333333, "breach_p2": 0.01680672268907563, "breach_p3": 0.0, "breach_p4": 0.0, "wall_seconds": 0.040385750122368336}, "v2rl302": {"id": "c09_replay_400_0111", "base_id": "c09_replay_400_0111", "campus": 9, "size": 400, "condition": "baseline", "sla_multiplier": 1.0, "crew_multiplier": 1.0, "method": "v2rl302", "seed": 302, "feasible": 1, "wwt": 182.0, "makespan": 138.8648, "mean_flow": 4.26591225, "breach_share": 0.01, "breach_p1": 0.13333333333333333, "breach_p2": 0.01680672268907563, "breach_p3": 0.0, "breach_p4": 0.0, "wall_seconds": 0.039487699046730995}, "v2rl303": {"id": "c09_replay_400_0111", "base_id": "c09_replay_400_0111", "campus": 9, "size": 400, "condition": "baseline", "sla_multiplier": 1.0, "crew_multiplier": 1.0, "method": "v2rl303", "seed": 303, "feasible": 1, "wwt": 182.0, "makespan": 138.8648, "mean_flow": 4.26591225, "breach_share": 0.01, "breach_p1": 0.13333333333333333, "breach_p2": 0.01680672268907563, "breach_p3": 0.0, "breach_p4": 0.0, "wall_seconds": 0.039669944904744625}}, "methods_expected": ["edd", "wspt", "atc", "pfifo", "mor", "random", "v2rl301", "v2rl302", "v2rl303"], "infeasible": [], "wall_seconds_total": 0.1269661681726575}