{"shard_id": "c09_replay_150_0101_sla0.5", "id": "c09_replay_150_0101_sla0.5", "base_id": "c09_replay_150_0101", "campus": 9, "size": 150, "condition": "sla0.5", "rows": {"edd": {"id": "c09_replay_150_0101_sla0.5", "base_id": "c09_replay_150_0101", "campus": 9, "size": 150, "condition": "sla0.5", "sla_multiplier": 0.5, "crew_multiplier": 1.0, "method": "edd", "seed": 301, "feasible": 1, "wwt": 630.0, "makespan": 34.5, "mean_flow": 3.3686673333333332, "breach_share": 0.05333333333333334, "breach_p1": 0.5384615384615384, "breach_p2": 0.023255813953488372, "breach_p3": 0.0, "breach_p4": 0.0, "wall_seconds": 0.00026205694302916527}, "wspt": {"id": "c09_replay_150_0101_sla0.5", "base_id": "c09_replay_150_0101", "campus": 9, "size": 150, "condition": "sla0.5", "sla_multiplier": 0.5, "crew_multiplier": 1.0, "method": "wspt", "seed": 301, "feasible": 1, "wwt": 630.0, "makespan": 34.5, "mean_flow": 3.363556, "breach_share": 0.05333333333333334, "breach_p1": 0.5384615384615384, "breach_p2": 0.023255813953488372, "breach_p3": 0.0, "breach_p4": 0.0, "wall_seconds": 0.00028445664793252945}, "atc": {"id": "c09_replay_150_0101_sla0.5", "base_id": "c09_replay_150_0101", "campus": 9, "size": 150, "condition": "sla0.5", "sla_multiplier": 0.5, "crew_multiplier": 1.0, "method": "atc", "seed": 301, "feasible": 1, "wwt": 630.0, "makespan": 34.5, "mean_flow": 3.363556, "breach_share": 0.05333333333333334, "breach_p1": 0.5384615384615384, "breach_p2": 0.023255813953488372, "breach_p3": 0.0, "breach_p4": 0.0, "wall_seconds": 0.00035727769136428833}, "pfifo": {"id": "c09_replay_150_0101_sla0.5", "base_id": "c09_replay_150_0101", "campus": 9, "size": 150, "condition": "sla0.5", "sla_multiplier": 0.5, "crew_multiplier": 1.0, "method": "pfifo", "seed": 301, "feasible": 1, "wwt": 630.0, "makespan": 34.5, "mean_flow": 3.3686673333333332, "breach_share": 0.05333333333333334, "breach_p1": 0.5384615384615384, "breach_p2": 0.023255813953488372, "breach_p3": 0.0, "breach_p4": 0.0, "wall_seconds": 0.00025571184232831}, "mor": {"id": "c09_replay_150_0101_sla0.5", "base_id": "c09_replay_150_0101", "campus": 9, "size": 150, "condition": "sla0.5", "sla_multiplier": 0.5, "crew_multiplier": 1.0, "method": "mor", "seed": 301, "feasible": 1, "wwt": 630.0, "makespan": 34.5, "mean_flow": 3.3940006666666664, "breach_share": 0.05333333333333334, "breach_p1": 0.5384615384615384, "breach_p2": 0.023255813953488372, "breach_p3": 0.0, "breach_p4": 0.0, "wall_seconds": 0.0002496112138032913}, "random": {"id": "c09_replay_150_0101_sla0.5", "base_id": "c09_replay_150_0101", "campus": 9, "size": 150, "condition": "sla0.5", "sla_multiplier": 0.5, "crew_multiplier": 1.0, "method": "random", "seed": 301, "feasible": 1, "wwt": 630.0, "makespan": 34.5, "mean_flow": 3.379556, "breach_share": 0.05333333333333334, "breach_p1": 0.5384615384615384, "breach_p2": 0.023255813953488372, "breach_p3": 0.0, "breach_p4": 0.0, "wall_seconds": 0.00022204173728823662}, "v2rl301": {"id": "c09_replay_150_0101_sla0.5", "base_id": "c09_replay_150_0101", "campus": 9, "size": 150, "condition": "sla0.5", "sla_multiplier": 0.5, "crew_multiplier": 1.0, "method": "v2rl301", "seed": 301, "feasible": 1, "wwt": 630.0, "makespan": 34.5, "mean_flow": 3.3878893333333333, "breach_share": 0.05333333333333334, "breach_p1": 0.5384615384615384, "breach_p2": 0.023255813953488372, "breach_p3": 0.0, "breach_p4": 0.0, "wall_seconds": 0.01603763224557042}, "v2rl302": {"id": "c09_replay_150_0101_sla0.5", "base_id": "c09_replay_150_0101", "campus": 9, "size": 150, "condition": "sla0.5", "sla_multiplier": 0.5, "crew_multiplier": 1.0, "method": "v2rl302", "seed": 302, "feasible": 1, "wwt": 630.0, "makespan": 34.5, "mean_flow": 3.3878893333333333, "breach_share": 0.05333333333333334, "breach_p1": 0.5384615384615384, "breach_p2": 0.023255813953488372, "breach_p3": 0.0, "breach_p4": 0.0, "wall_seconds": 0.015570537652820349}, "v2rl303": {"id": "c09_replay_150_0101_sla0.5", "base_id": "c09_replay_150_0101", "campus": 9, "size": 150, "condition": "sla0.5", "sla_multiplier": 0.5, "crew_multiplier": 1.0, "method": "v2rl303", "seed": 303, "feasible": 1, "wwt": 630.0, "makespan": 34.5, "mean_flow": 3.3878893333333333, "breach_share": 0.05333333333333334, "breach_p1": 0.5384615384615384, "breach_p2": 0.023255813953488372, "breach_p3": 0.0, "breach_p4": 0.0, "wall_seconds": 0.015192314982414246}}, "methods_expected": ["edd", "wspt", "atc", "pfifo", "mor", "random", "v2rl301", "v2rl302", "v2rl303"], "infeasible": [], "wall_seconds_total": 0.05048978189006448}