{"shard_id": "c09_replay_400_0124_sla1.5", "id": "c09_replay_400_0124_sla1.5", "base_id": "c09_replay_400_0124", "campus": 9, "size": 400, "condition": "sla1.5", "rows": {"edd": {"id": "c09_replay_400_0124_sla1.5", "base_id": "c09_replay_400_0124", "campus": 9, "size": 400, "condition": "sla1.5", "sla_multiplier": 1.5, "crew_multiplier": 1.0, "method": "edd", "seed": 301, "feasible": 1, "wwt": 311.4591999999999, "makespan": 114.8648, "mean_flow": 3.7801947500000006, "breach_share": 0.01, "breach_p1": 0.1, "breach_p2": 0.025210084033613446, "breach_p3": 0.0, "breach_p4": 0.0, "wall_seconds": 0.0005956930108368397}, "wspt": {"id": "c09_replay_400_0124_sla1.5", "base_id": "c09_replay_400_0124", "campus": 9, "size": 400, "condition": "sla1.5", "sla_multiplier": 1.5, "crew_multiplier": 1.0, "method": "wspt", "seed": 301, "feasible": 1, "wwt": 311.4591999999999, "makespan": 115.6148, "mean_flow": 3.767903, "breach_share": 0.01, "breach_p1": 0.1, "breach_p2": 0.025210084033613446, "breach_p3": 0.0, "breach_p4": 0.0, "wall_seconds": 0.0006230468861758709}, "atc": {"id": "c09_replay_400_0124_sla1.5", "base_id": "c09_replay_400_0124", "campus": 9, "size": 400, "condition": "sla1.5", "sla_multiplier": 1.5, "crew_multiplier": 1.0, "method": "atc", "seed": 301, "feasible": 1, "wwt": 311.4591999999999, "makespan": 114.8648, "mean_flow": 3.768528, "breach_share": 0.01, "breach_p1": 0.1, "breach_p2": 0.025210084033613446, "breach_p3": 0.0, "breach_p4": 0.0, "wall_seconds": 0.0008109826594591141}, "pfifo": {"id": "c09_replay_400_0124_sla1.5", "base_id": "c09_replay_400_0124", "campus": 9, "size": 400, "condition": "sla1.5", "sla_multiplier": 1.5, "crew_multiplier": 1.0, "method": "pfifo", "seed": 301, "feasible": 1, "wwt": 311.4591999999999, "makespan": 114.8648, "mean_flow": 3.7801947500000006, "breach_share": 0.01, "breach_p1": 0.1, "breach_p2": 0.025210084033613446, "breach_p3": 0.0, "breach_p4": 0.0, "wall_seconds": 0.0005870908498764038}, "mor": {"id": "c09_replay_400_0124_sla1.5", "base_id": "c09_replay_400_0124", "campus": 9, "size": 400, "condition": "sla1.5", "sla_multiplier": 1.5, "crew_multiplier": 1.0, "method": "mor", "seed": 301, "feasible": 1, "wwt": 311.4591999999999, "makespan": 114.8648, "mean_flow": 3.8222782500000005, "breach_share": 0.01, "breach_p1": 0.1, "breach_p2": 0.025210084033613446, "breach_p3": 0.0, "breach_p4": 0.0, "wall_seconds": 0.000578420702368021}, "random": {"id": "c09_replay_400_0124_sla1.5", "base_id": "c09_replay_400_0124", "campus": 9, "size": 400, "condition": "sla1.5", "sla_multiplier": 1.5, "crew_multiplier": 1.0, "method": "random", "seed": 301, "feasible": 1, "wwt": 311.4591999999999, "makespan": 114.8648, "mean_flow": 3.777278, "breach_share": 0.01, "breach_p1": 0.1, "breach_p2": 0.025210084033613446, "breach_p3": 0.0, "breach_p4": 0.0, "wall_seconds": 0.0005356031470000744}, "v2rl301": {"id": "c09_replay_400_0124_sla1.5", "base_id": "c09_replay_400_0124", "campus": 9, "size": 400, "condition": "sla1.5", "sla_multiplier": 1.5, "crew_multiplier": 1.0, "method": "v2rl301", "seed": 301, "feasible": 1, "wwt": 311.4591999999999, "makespan": 114.8648, "mean_flow": 3.8129032499999997, "breach_share": 0.01, "breach_p1": 0.1, "breach_p2": 0.025210084033613446, "breach_p3": 0.0, "breach_p4": 0.0, "wall_seconds": 0.04064212925732136}, "v2rl302": {"id": "c09_replay_400_0124_sla1.5", "base_id": "c09_replay_400_0124", "campus": 9, "size": 400, "condition": "sla1.5", "sla_multiplier": 1.5, "crew_multiplier": 1.0, "method": "v2rl302", "seed": 302, "feasible": 1, "wwt": 311.4591999999999, "makespan": 114.8648, "mean_flow": 3.804778, "breach_share": 0.01, "breach_p1": 0.1, "breach_p2": 0.025210084033613446, "breach_p3": 0.0, "breach_p4": 0.0, "wall_seconds": 0.040593259036540985}, "v2rl303": {"id": "c09_replay_400_0124_sla1.5", "base_id": "c09_replay_400_0124", "campus": 9, "size": 400, "condition": "sla1.5", "sla_multiplier": 1.5, "crew_multiplier": 1.0, "method": "v2rl303", "seed": 303, "feasible": 1, "wwt": 311.4591999999999, "makespan": 114.8648, "mean_flow": 3.804778, "breach_share": 0.01, "breach_p1": 0.1, "breach_p2": 0.025210084033613446, "breach_p3": 0.0, "breach_p4": 0.0, "wall_seconds": 0.04037234000861645}}, "methods_expected": ["edd", "wspt", "atc", "pfifo", "mor", "random", "v2rl301", "v2rl302", "v2rl303"], "infeasible": [], "wall_seconds_total": 0.12984216026961803}