{"shard_id": "c09_replay_150_0128_sla0.5", "id": "c09_replay_150_0128_sla0.5", "base_id": "c09_replay_150_0128", "campus": 9, "size": 150, "condition": "sla0.5", "rows": {"edd": {"id": "c09_replay_150_0128_sla0.5", "base_id": "c09_replay_150_0128", "campus": 9, "size": 150, "condition": "sla0.5", "sla_multiplier": 0.5, "crew_multiplier": 1.0, "method": "edd", "seed": 301, "feasible": 1, "wwt": 483.78880000000004, "makespan": 114.8648, "mean_flow": 4.788518666666667, "breach_share": 0.04, "breach_p1": 0.6666666666666666, "breach_p2": 0.05405405405405406, "breach_p3": null, "breach_p4": 0.01818181818181818, "wall_seconds": 0.0002871681936085224}, "wspt": {"id": "c09_replay_150_0128_sla0.5", "base_id": "c09_replay_150_0128", "campus": 9, "size": 150, "condition": "sla0.5", "sla_multiplier": 0.5, "crew_multiplier": 1.0, "method": "wspt", "seed": 301, "feasible": 1, "wwt": 483.78880000000004, "makespan": 114.8648, "mean_flow": 4.768518666666667, "breach_share": 0.04, "breach_p1": 0.6666666666666666, "breach_p2": 0.05405405405405406, "breach_p3": null, "breach_p4": 0.01818181818181818, "wall_seconds": 0.00026473309844732285}, "atc": {"id": "c09_replay_150_0128_sla0.5", "base_id": "c09_replay_150_0128", "campus": 9, "size": 150, "condition": "sla0.5", "sla_multiplier": 0.5, "crew_multiplier": 1.0, "method": "atc", "seed": 301, "feasible": 1, "wwt": 483.78880000000004, "makespan": 114.8648, "mean_flow": 4.768518666666667, "breach_share": 0.04, "breach_p1": 0.6666666666666666, "breach_p2": 0.05405405405405406, "breach_p3": null, "breach_p4": 0.01818181818181818, "wall_seconds": 0.00032576825469732285}, "pfifo": {"id": "c09_replay_150_0128_sla0.5", "base_id": "c09_replay_150_0128", "campus": 9, "size": 150, "condition": "sla0.5", "sla_multiplier": 0.5, "crew_multiplier": 1.0, "method": "pfifo", "seed": 301, "feasible": 1, "wwt": 483.78880000000004, "makespan": 114.8648, "mean_flow": 4.788518666666667, "breach_share": 0.04, "breach_p1": 0.6666666666666666, "breach_p2": 0.05405405405405406, "breach_p3": null, "breach_p4": 0.01818181818181818, "wall_seconds": 0.00023947330191731453}, "mor": {"id": "c09_replay_150_0128_sla0.5", "base_id": "c09_replay_150_0128", "campus": 9, "size": 150, "condition": "sla0.5", "sla_multiplier": 0.5, "crew_multiplier": 1.0, "method": "mor", "seed": 301, "feasible": 1, "wwt": 483.78880000000004, "makespan": 114.8648, "mean_flow": 4.820185333333334, "breach_share": 0.04, "breach_p1": 0.6666666666666666, "breach_p2": 0.05405405405405406, "breach_p3": null, "breach_p4": 0.01818181818181818, "wall_seconds": 0.0002340148203074932}, "random": {"id": "c09_replay_150_0128_sla0.5", "base_id": "c09_replay_150_0128", "campus": 9, "size": 150, "condition": "sla0.5", "sla_multiplier": 0.5, "crew_multiplier": 1.0, "method": "random", "seed": 301, "feasible": 1, "wwt": 483.78880000000004, "makespan": 114.8648, "mean_flow": 4.775185333333334, "breach_share": 0.04, "breach_p1": 0.6666666666666666, "breach_p2": 0.05405405405405406, "breach_p3": null, "breach_p4": 0.01818181818181818, "wall_seconds": 0.0002216068096458912}, "v2rl301": {"id": "c09_replay_150_0128_sla0.5", "base_id": "c09_replay_150_0128", "campus": 9, "size": 150, "condition": "sla0.5", "sla_multiplier": 0.5, "crew_multiplier": 1.0, "method": "v2rl301", "seed": 301, "feasible": 1, "wwt": 483.78880000000004, "makespan": 114.8648, "mean_flow": 4.820185333333334, "breach_share": 0.04, "breach_p1": 0.6666666666666666, "breach_p2": 0.05405405405405406, "breach_p3": null, "breach_p4": 0.01818181818181818, "wall_seconds": 0.015069914981722832}, "v2rl302": {"id": "c09_replay_150_0128_sla0.5", "base_id": "c09_replay_150_0128", "campus": 9, "size": 150, "condition": "sla0.5", "sla_multiplier": 0.5, "crew_multiplier": 1.0, "method": "v2rl302", "seed": 302, "feasible": 1, "wwt": 483.78880000000004, "makespan": 114.8648, "mean_flow": 4.820185333333334, "breach_share": 0.04, "breach_p1": 0.6666666666666666, "breach_p2": 0.05405405405405406, "breach_p3": null, "breach_p4": 0.01818181818181818, "wall_seconds": 0.014862596057355404}, "v2rl303": {"id": "c09_replay_150_0128_sla0.5", "base_id": "c09_replay_150_0128", "campus": 9, "size": 150, "condition": "sla0.5", "sla_multiplier": 0.5, "crew_multiplier": 1.0, "method": "v2rl303", "seed": 303, "feasible": 1, "wwt": 483.78880000000004, "makespan": 114.8648, "mean_flow": 4.820185333333334, "breach_share": 0.04, "breach_p1": 0.6666666666666666, "breach_p2": 0.05405405405405406, "breach_p3": null, "breach_p4": 0.01818181818181818, "wall_seconds": 0.014846749138087034}}, "methods_expected": ["edd", "wspt", "atc", "pfifo", "mor", "random", "v2rl301", "v2rl302", "v2rl303"], "infeasible": [], "wall_seconds_total": 0.04849353572353721}