{"shard_id": "c09_replay_400_0125_m1.25", "id": "c09_replay_400_0125_m1.25", "base_id": "c09_replay_400_0125", "campus": 9, "size": 400, "condition": "crew1.25", "rows": {"edd": {"id": "c09_replay_400_0125_m1.25", "base_id": "c09_replay_400_0125", "campus": 9, "size": 400, "condition": "crew1.25", "sla_multiplier": 1.0, "crew_multiplier": 1.25, "method": "edd", "seed": 301, "feasible": 1, "wwt": 144.0, "makespan": 76.0, "mean_flow": 3.45595825, "breach_share": 0.005, "breach_p1": 0.15384615384615385, "breach_p2": 0.0, "breach_p3": 0.0, "breach_p4": 0.0, "wall_seconds": 0.0006527500227093697}, "wspt": {"id": "c09_replay_400_0125_m1.25", "base_id": "c09_replay_400_0125", "campus": 9, "size": 400, "condition": "crew1.25", "sla_multiplier": 1.0, "crew_multiplier": 1.25, "method": "wspt", "seed": 301, "feasible": 1, "wwt": 148.0, "makespan": 76.0, "mean_flow": 3.38720825, "breach_share": 0.005, "breach_p1": 0.15384615384615385, "breach_p2": 0.0, "breach_p3": 0.0, "breach_p4": 0.0, "wall_seconds": 0.0006755487993359566}, "atc": {"id": "c09_replay_400_0125_m1.25", "base_id": "c09_replay_400_0125", "campus": 9, "size": 400, "condition": "crew1.25", "sla_multiplier": 1.0, "crew_multiplier": 1.25, "method": "atc", "seed": 301, "feasible": 1, "wwt": 144.0, "makespan": 76.0, "mean_flow": 3.42033325, "breach_share": 0.005, "breach_p1": 0.15384615384615385, "breach_p2": 0.0, "breach_p3": 0.0, "breach_p4": 0.0, "wall_seconds": 0.0009439419955015182}, "pfifo": {"id": "c09_replay_400_0125_m1.25", "base_id": "c09_replay_400_0125", "campus": 9, "size": 400, "condition": "crew1.25", "sla_multiplier": 1.0, "crew_multiplier": 1.25, "method": "pfifo", "seed": 301, "feasible": 1, "wwt": 144.0, "makespan": 76.0, "mean_flow": 3.45595825, "breach_share": 0.005, "breach_p1": 0.15384615384615385, "breach_p2": 0.0, "breach_p3": 0.0, "breach_p4": 0.0, "wall_seconds": 0.000639759935438633}, "mor": {"id": "c09_replay_400_0125_m1.25", "base_id": "c09_replay_400_0125", "campus": 9, "size": 400, "condition": "crew1.25", "sla_multiplier": 1.0, "crew_multiplier": 1.25, "method": "mor", "seed": 301, "feasible": 1, "wwt": 144.0, "makespan": 76.0, "mean_flow": 3.47508325, "breach_share": 0.005, "breach_p1": 0.15384615384615385, "breach_p2": 0.0, "breach_p3": 0.0, "breach_p4": 0.0, "wall_seconds": 0.0006284690462052822}, "random": {"id": "c09_replay_400_0125_m1.25", "base_id": "c09_replay_400_0125", "campus": 9, "size": 400, "condition": "crew1.25", "sla_multiplier": 1.0, "crew_multiplier": 1.25, "method": "random", "seed": 301, "feasible": 1, "wwt": 144.0, "makespan": 76.0, "mean_flow": 3.4309582499999998, "breach_share": 0.005, "breach_p1": 0.15384615384615385, "breach_p2": 0.0, "breach_p3": 0.0, "breach_p4": 0.0, "wall_seconds": 0.0005484218709170818}, "v2rl301": {"id": "c09_replay_400_0125_m1.25", "base_id": "c09_replay_400_0125", "campus": 9, "size": 400, "condition": "crew1.25", "sla_multiplier": 1.0, "crew_multiplier": 1.25, "method": "v2rl301", "seed": 301, "feasible": 1, "wwt": 144.0, "makespan": 76.0, "mean_flow": 3.47508325, "breach_share": 0.005, "breach_p1": 0.15384615384615385, "breach_p2": 0.0, "breach_p3": 0.0, "breach_p4": 0.0, "wall_seconds": 0.04192543588578701}, "v2rl302": {"id": "c09_replay_400_0125_m1.25", "base_id": "c09_replay_400_0125", "campus": 9, "size": 400, "condition": "crew1.25", "sla_multiplier": 1.0, "crew_multiplier": 1.25, "method": "v2rl302", "seed": 302, "feasible": 1, "wwt": 144.0, "makespan": 76.0, "mean_flow": 3.47383325, "breach_share": 0.005, "breach_p1": 0.15384615384615385, "breach_p2": 0.0, "breach_p3": 0.0, "breach_p4": 0.0, "wall_seconds": 0.04043434327468276}, "v2rl303": {"id": "c09_replay_400_0125_m1.25", "base_id": "c09_replay_400_0125", "campus": 9, "size": 400, "condition": "crew1.25", "sla_multiplier": 1.0, "crew_multiplier": 1.25, "method": "v2rl303", "seed": 303, "feasible": 1, "wwt": 144.0, "makespan": 76.0, "mean_flow": 3.47383325, "breach_share": 0.005, "breach_p1": 0.15384615384615385, "breach_p2": 0.0, "breach_p3": 0.0, "breach_p4": 0.0, "wall_seconds": 0.039988372940570116}}, "methods_expected": ["edd", "wspt", "atc", "pfifo", "mor", "random", "v2rl301", "v2rl302", "v2rl303"], "infeasible": [], "wall_seconds_total": 0.13099448708817363}