{"shard_id": "c09_replay_150_0108", "id": "c09_replay_150_0108", "base_id": "c09_replay_150_0108", "campus": 9, "size": 150, "condition": "baseline", "rows": {"edd": {"id": "c09_replay_150_0108", "base_id": "c09_replay_150_0108", "campus": 9, "size": 150, "condition": "baseline", "sla_multiplier": 1.0, "crew_multiplier": 1.0, "method": "edd", "seed": 301, "feasible": 1, "wwt": 10.0, "makespan": 32.0, "mean_flow": 3.4193333333333333, "breach_share": 0.006666666666666667, "breach_p1": 0.0, "breach_p2": 0.022222222222222223, "breach_p3": 0.0, "breach_p4": 0.0, "wall_seconds": 0.00026548514142632484}, "wspt": {"id": "c09_replay_150_0108", "base_id": "c09_replay_150_0108", "campus": 9, "size": 150, "condition": "baseline", "sla_multiplier": 1.0, "crew_multiplier": 1.0, "method": "wspt", "seed": 301, "feasible": 1, "wwt": 10.0, "makespan": 33.25, "mean_flow": 3.3916666666666666, "breach_share": 0.006666666666666667, "breach_p1": 0.0, "breach_p2": 0.022222222222222223, "breach_p3": 0.0, "breach_p4": 0.0, "wall_seconds": 0.0002606799826025963}, "atc": {"id": "c09_replay_150_0108", "base_id": "c09_replay_150_0108", "campus": 9, "size": 150, "condition": "baseline", "sla_multiplier": 1.0, "crew_multiplier": 1.0, "method": "atc", "seed": 301, "feasible": 1, "wwt": 10.0, "makespan": 33.25, "mean_flow": 3.3916666666666666, "breach_share": 0.006666666666666667, "breach_p1": 0.0, "breach_p2": 0.022222222222222223, "breach_p3": 0.0, "breach_p4": 0.0, "wall_seconds": 0.00036510778591036797}, "pfifo": {"id": "c09_replay_150_0108", "base_id": "c09_replay_150_0108", "campus": 9, "size": 150, "condition": "baseline", "sla_multiplier": 1.0, "crew_multiplier": 1.0, "method": "pfifo", "seed": 301, "feasible": 1, "wwt": 10.0, "makespan": 32.0, "mean_flow": 3.4193333333333333, "breach_share": 0.006666666666666667, "breach_p1": 0.0, "breach_p2": 0.022222222222222223, "breach_p3": 0.0, "breach_p4": 0.0, "wall_seconds": 0.0002490021288394928}, "mor": {"id": "c09_replay_150_0108", "base_id": "c09_replay_150_0108", "campus": 9, "size": 150, "condition": "baseline", "sla_multiplier": 1.0, "crew_multiplier": 1.0, "method": "mor", "seed": 301, "feasible": 1, "wwt": 10.0, "makespan": 32.0, "mean_flow": 3.582444666666667, "breach_share": 0.006666666666666667, "breach_p1": 0.0, "breach_p2": 0.022222222222222223, "breach_p3": 0.0, "breach_p4": 0.0, "wall_seconds": 0.00024655694141983986}, "random": {"id": "c09_replay_150_0108", "base_id": "c09_replay_150_0108", "campus": 9, "size": 150, "condition": "baseline", "sla_multiplier": 1.0, "crew_multiplier": 1.0, "method": "random", "seed": 301, "feasible": 1, "wwt": 18.0, "makespan": 33.25, "mean_flow": 3.455333333333333, "breach_share": 0.013333333333333334, "breach_p1": 1.0, "breach_p2": 0.022222222222222223, "breach_p3": 0.0, "breach_p4": 0.0, "wall_seconds": 0.00021945685148239136}, "v2rl301": {"id": "c09_replay_150_0108", "base_id": "c09_replay_150_0108", "campus": 9, "size": 150, "condition": "baseline", "sla_multiplier": 1.0, "crew_multiplier": 1.0, "method": "v2rl301", "seed": 301, "feasible": 1, "wwt": 10.0, "makespan": 32.0, "mean_flow": 3.567444666666667, "breach_share": 0.006666666666666667, "breach_p1": 0.0, "breach_p2": 0.022222222222222223, "breach_p3": 0.0, "breach_p4": 0.0, "wall_seconds": 0.015581649262458086}, "v2rl302": {"id": "c09_replay_150_0108", "base_id": "c09_replay_150_0108", "campus": 9, "size": 150, "condition": "baseline", "sla_multiplier": 1.0, "crew_multiplier": 1.0, "method": "v2rl302", "seed": 302, "feasible": 1, "wwt": 10.0, "makespan": 32.0, "mean_flow": 3.567444666666667, "breach_share": 0.006666666666666667, "breach_p1": 0.0, "breach_p2": 0.022222222222222223, "breach_p3": 0.0, "breach_p4": 0.0, "wall_seconds": 0.015235182829201221}, "v2rl303": {"id": "c09_replay_150_0108", "base_id": "c09_replay_150_0108", "campus": 9, "size": 150, "condition": "baseline", "sla_multiplier": 1.0, "crew_multiplier": 1.0, "method": "v2rl303", "seed": 303, "feasible": 1, "wwt": 10.0, "makespan": 32.0, "mean_flow": 3.567444666666667, "breach_share": 0.006666666666666667, "breach_p1": 0.0, "breach_p2": 0.022222222222222223, "breach_p3": 0.0, "breach_p4": 0.0, "wall_seconds": 0.015212235040962696}}, "methods_expected": ["edd", "wspt", "atc", "pfifo", "mor", "random", "v2rl301", "v2rl302", "v2rl303"], "infeasible": [], "wall_seconds_total": 0.04935787199065089}