{"shard_id": "c09_replay_150_0112_sla0.5", "id": "c09_replay_150_0112_sla0.5", "base_id": "c09_replay_150_0112", "campus": 9, "size": 150, "condition": "sla0.5", "rows": {"edd": {"id": "c09_replay_150_0112_sla0.5", "base_id": "c09_replay_150_0112", "campus": 9, "size": 150, "condition": "sla0.5", "sla_multiplier": 0.5, "crew_multiplier": 1.0, "method": "edd", "seed": 301, "feasible": 1, "wwt": 72.0, "makespan": 47.0, "mean_flow": 4.031222666666666, "breach_share": 0.02666666666666667, "breach_p1": 1.0, "breach_p2": 0.05714285714285714, "breach_p3": 0.0, "breach_p4": 0.0, "wall_seconds": 0.0002659810706973076}, "wspt": {"id": "c09_replay_150_0112_sla0.5", "base_id": "c09_replay_150_0112", "campus": 9, "size": 150, "condition": "sla0.5", "sla_multiplier": 0.5, "crew_multiplier": 1.0, "method": "wspt", "seed": 301, "feasible": 1, "wwt": 72.0, "makespan": 48.0, "mean_flow": 4.021222666666667, "breach_share": 0.02666666666666667, "breach_p1": 1.0, "breach_p2": 0.05714285714285714, "breach_p3": 0.0, "breach_p4": 0.0, "wall_seconds": 0.00027335621416568756}, "atc": {"id": "c09_replay_150_0112_sla0.5", "base_id": "c09_replay_150_0112", "campus": 9, "size": 150, "condition": "sla0.5", "sla_multiplier": 0.5, "crew_multiplier": 1.0, "method": "atc", "seed": 301, "feasible": 1, "wwt": 72.0, "makespan": 48.0, "mean_flow": 4.021222666666667, "breach_share": 0.02666666666666667, "breach_p1": 1.0, "breach_p2": 0.05714285714285714, "breach_p3": 0.0, "breach_p4": 0.0, "wall_seconds": 0.0003763246349990368}, "pfifo": {"id": "c09_replay_150_0112_sla0.5", "base_id": "c09_replay_150_0112", "campus": 9, "size": 150, "condition": "sla0.5", "sla_multiplier": 0.5, "crew_multiplier": 1.0, "method": "pfifo", "seed": 301, "feasible": 1, "wwt": 72.0, "makespan": 47.0, "mean_flow": 4.031222666666666, "breach_share": 0.02666666666666667, "breach_p1": 1.0, "breach_p2": 0.05714285714285714, "breach_p3": 0.0, "breach_p4": 0.0, "wall_seconds": 0.0002690819092094898}, "mor": {"id": "c09_replay_150_0112_sla0.5", "base_id": "c09_replay_150_0112", "campus": 9, "size": 150, "condition": "sla0.5", "sla_multiplier": 0.5, "crew_multiplier": 1.0, "method": "mor", "seed": 301, "feasible": 1, "wwt": 72.0, "makespan": 47.0, "mean_flow": 4.059444666666667, "breach_share": 0.02666666666666667, "breach_p1": 1.0, "breach_p2": 0.05714285714285714, "breach_p3": 0.0, "breach_p4": 0.0, "wall_seconds": 0.0002533299848437309}, "random": {"id": "c09_replay_150_0112_sla0.5", "base_id": "c09_replay_150_0112", "campus": 9, "size": 150, "condition": "sla0.5", "sla_multiplier": 0.5, "crew_multiplier": 1.0, "method": "random", "seed": 301, "feasible": 1, "wwt": 72.0, "makespan": 47.0, "mean_flow": 4.031222666666666, "breach_share": 0.02666666666666667, "breach_p1": 1.0, "breach_p2": 0.05714285714285714, "breach_p3": 0.0, "breach_p4": 0.0, "wall_seconds": 0.00021834997460246086}, "v2rl301": {"id": "c09_replay_150_0112_sla0.5", "base_id": "c09_replay_150_0112", "campus": 9, "size": 150, "condition": "sla0.5", "sla_multiplier": 0.5, "crew_multiplier": 1.0, "method": "v2rl301", "seed": 301, "feasible": 1, "wwt": 72.0, "makespan": 47.0, "mean_flow": 4.057778, "breach_share": 0.02666666666666667, "breach_p1": 1.0, "breach_p2": 0.05714285714285714, "breach_p3": 0.0, "breach_p4": 0.0, "wall_seconds": 0.015766540076583624}, "v2rl302": {"id": "c09_replay_150_0112_sla0.5", "base_id": "c09_replay_150_0112", "campus": 9, "size": 150, "condition": "sla0.5", "sla_multiplier": 0.5, "crew_multiplier": 1.0, "method": "v2rl302", "seed": 302, "feasible": 1, "wwt": 72.0, "makespan": 47.0, "mean_flow": 4.057778, "breach_share": 0.02666666666666667, "breach_p1": 1.0, "breach_p2": 0.05714285714285714, "breach_p3": 0.0, "breach_p4": 0.0, "wall_seconds": 0.015386802144348621}, "v2rl303": {"id": "c09_replay_150_0112_sla0.5", "base_id": "c09_replay_150_0112", "campus": 9, "size": 150, "condition": "sla0.5", "sla_multiplier": 0.5, "crew_multiplier": 1.0, "method": "v2rl303", "seed": 303, "feasible": 1, "wwt": 72.0, "makespan": 47.0, "mean_flow": 4.057778, "breach_share": 0.02666666666666667, "breach_p1": 1.0, "breach_p2": 0.05714285714285714, "breach_p3": 0.0, "breach_p4": 0.0, "wall_seconds": 0.015278927981853485}}, "methods_expected": ["edd", "wspt", "atc", "pfifo", "mor", "random", "v2rl301", "v2rl302", "v2rl303"], "infeasible": [], "wall_seconds_total": 0.050187918823212385}