{"shard_id": "c09_replay_150_0120_m0.75", "id": "c09_replay_150_0120_m0.75", "base_id": "c09_replay_150_0120", "campus": 9, "size": 150, "condition": "crew0.75", "rows": {"edd": {"id": "c09_replay_150_0120_m0.75", "base_id": "c09_replay_150_0120", "campus": 9, "size": 150, "condition": "crew0.75", "sla_multiplier": 1.0, "crew_multiplier": 0.75, "method": "edd", "seed": 301, "feasible": 1, "wwt": 216.0, "makespan": 78.0, "mean_flow": 4.041111333333333, "breach_share": 0.006666666666666667, "breach_p1": 0.0, "breach_p2": 0.02040816326530612, "breach_p3": null, "breach_p4": 0.0, "wall_seconds": 0.00025250203907489777}, "wspt": {"id": "c09_replay_150_0120_m0.75", "base_id": "c09_replay_150_0120", "campus": 9, "size": 150, "condition": "crew0.75", "sla_multiplier": 1.0, "crew_multiplier": 0.75, "method": "wspt", "seed": 301, "feasible": 1, "wwt": 216.0, "makespan": 78.0, "mean_flow": 4.023222666666667, "breach_share": 0.006666666666666667, "breach_p1": 0.0, "breach_p2": 0.02040816326530612, "breach_p3": null, "breach_p4": 0.0, "wall_seconds": 0.00026840483769774437}, "atc": {"id": "c09_replay_150_0120_m0.75", "base_id": "c09_replay_150_0120", "campus": 9, "size": 150, "condition": "crew0.75", "sla_multiplier": 1.0, "crew_multiplier": 0.75, "method": "atc", "seed": 301, "feasible": 1, "wwt": 216.0, "makespan": 78.0, "mean_flow": 4.027778, "breach_share": 0.006666666666666667, "breach_p1": 0.0, "breach_p2": 0.02040816326530612, "breach_p3": null, "breach_p4": 0.0, "wall_seconds": 0.00035845208913087845}, "pfifo": {"id": "c09_replay_150_0120_m0.75", "base_id": "c09_replay_150_0120", "campus": 9, "size": 150, "condition": "crew0.75", "sla_multiplier": 1.0, "crew_multiplier": 0.75, "method": "pfifo", "seed": 301, "feasible": 1, "wwt": 216.0, "makespan": 78.0, "mean_flow": 4.041111333333333, "breach_share": 0.006666666666666667, "breach_p1": 0.0, "breach_p2": 0.02040816326530612, "breach_p3": null, "breach_p4": 0.0, "wall_seconds": 0.0002417578361928463}, "mor": {"id": "c09_replay_150_0120_m0.75", "base_id": "c09_replay_150_0120", "campus": 9, "size": 150, "condition": "crew0.75", "sla_multiplier": 1.0, "crew_multiplier": 0.75, "method": "mor", "seed": 301, "feasible": 1, "wwt": 216.0, "makespan": 78.0, "mean_flow": 4.097778, "breach_share": 0.006666666666666667, "breach_p1": 0.0, "breach_p2": 0.02040816326530612, "breach_p3": null, "breach_p4": 0.0, "wall_seconds": 0.00023889681324362755}, "random": {"id": "c09_replay_150_0120_m0.75", "base_id": "c09_replay_150_0120", "campus": 9, "size": 150, "condition": "crew0.75", "sla_multiplier": 1.0, "crew_multiplier": 0.75, "method": "random", "seed": 301, "feasible": 1, "wwt": 216.0, "makespan": 78.0, "mean_flow": 4.054444666666667, "breach_share": 0.006666666666666667, "breach_p1": 0.0, "breach_p2": 0.02040816326530612, "breach_p3": null, "breach_p4": 0.0, "wall_seconds": 0.00020945491269230843}, "v2rl301": {"id": "c09_replay_150_0120_m0.75", "base_id": "c09_replay_150_0120", "campus": 9, "size": 150, "condition": "crew0.75", "sla_multiplier": 1.0, "crew_multiplier": 0.75, "method": "v2rl301", "seed": 301, "feasible": 1, "wwt": 216.0, "makespan": 78.0, "mean_flow": 4.070222666666667, "breach_share": 0.006666666666666667, "breach_p1": 0.0, "breach_p2": 0.02040816326530612, "breach_p3": null, "breach_p4": 0.0, "wall_seconds": 0.01592977996915579}, "v2rl302": {"id": "c09_replay_150_0120_m0.75", "base_id": "c09_replay_150_0120", "campus": 9, "size": 150, "condition": "crew0.75", "sla_multiplier": 1.0, "crew_multiplier": 0.75, "method": "v2rl302", "seed": 302, "feasible": 1, "wwt": 216.0, "makespan": 78.0, "mean_flow": 4.070222666666667, "breach_share": 0.006666666666666667, "breach_p1": 0.0, "breach_p2": 0.02040816326530612, "breach_p3": null, "breach_p4": 0.0, "wall_seconds": 0.01529718516394496}, "v2rl303": {"id": "c09_replay_150_0120_m0.75", "base_id": "c09_replay_150_0120", "campus": 9, "size": 150, "condition": "crew0.75", "sla_multiplier": 1.0, "crew_multiplier": 0.75, "method": "v2rl303", "seed": 303, "feasible": 1, "wwt": 216.0, "makespan": 78.0, "mean_flow": 4.070222666666667, "breach_share": 0.006666666666666667, "breach_p1": 0.0, "breach_p2": 0.02040816326530612, "breach_p3": null, "breach_p4": 0.0, "wall_seconds": 0.015217885840684175}}, "methods_expected": ["edd", "wspt", "atc", "pfifo", "mor", "random", "v2rl301", "v2rl302", "v2rl303"], "infeasible": [], "wall_seconds_total": 0.05002375738695264}