{"shard_id": "c10_replay_400_0129", "id": "c10_replay_400_0129", "base_id": "c10_replay_400_0129", "campus": 10, "size": 400, "condition": "baseline", "rows": {"edd": {"id": "c10_replay_400_0129", "base_id": "c10_replay_400_0129", "campus": 10, "size": 400, "condition": "baseline", "sla_multiplier": 1.0, "crew_multiplier": 1.0, "method": "edd", "seed": 301, "feasible": 1, "wwt": 6.293200000000013, "makespan": 126.0162, "mean_flow": 14.294902999999998, "breach_share": 0.0025, "breach_p1": 0.0, "breach_p2": 0.01818181818181818, "breach_p3": 0.0, "breach_p4": 0.0, "wall_seconds": 0.0007787980139255524}, "wspt": {"id": "c10_replay_400_0129", "base_id": "c10_replay_400_0129", "campus": 10, "size": 400, "condition": "baseline", "sla_multiplier": 1.0, "crew_multiplier": 1.0, "method": "wspt", "seed": 301, "feasible": 1, "wwt": 6.293200000000013, "makespan": 132.0159, "mean_flow": 10.65349925, "breach_share": 0.0025, "breach_p1": 0.0, "breach_p2": 0.01818181818181818, "breach_p3": 0.0, "breach_p4": 0.0, "wall_seconds": 0.0008068326860666275}, "atc": {"id": "c10_replay_400_0129", "base_id": "c10_replay_400_0129", "campus": 10, "size": 400, "condition": "baseline", "sla_multiplier": 1.0, "crew_multiplier": 1.0, "method": "atc", "seed": 301, "feasible": 1, "wwt": 6.293200000000013, "makespan": 132.0159, "mean_flow": 10.658205500000001, "breach_share": 0.0025, "breach_p1": 0.0, "breach_p2": 0.01818181818181818, "breach_p3": 0.0, "breach_p4": 0.0, "wall_seconds": 0.0012872139923274517}, "pfifo": {"id": "c10_replay_400_0129", "base_id": "c10_replay_400_0129", "campus": 10, "size": 400, "condition": "baseline", "sla_multiplier": 1.0, "crew_multiplier": 1.0, "method": "pfifo", "seed": 301, "feasible": 1, "wwt": 6.293200000000013, "makespan": 126.0162, "mean_flow": 14.294902999999998, "breach_share": 0.0025, "breach_p1": 0.0, "breach_p2": 0.01818181818181818, "breach_p3": 0.0, "breach_p4": 0.0, "wall_seconds": 0.0007825358770787716}, "mor": {"id": "c10_replay_400_0129", "base_id": "c10_replay_400_0129", "campus": 10, "size": 400, "condition": "baseline", "sla_multiplier": 1.0, "crew_multiplier": 1.0, "method": "mor", "seed": 301, "feasible": 1, "wwt": 864.4304, "makespan": 124.0162, "mean_flow": 16.574683500000003, "breach_share": 0.01, "breach_p1": 0.25, "breach_p2": 0.05454545454545454, "breach_p3": 0.0, "breach_p4": 0.0, "wall_seconds": 0.0007813465781509876}, "random": {"id": "c10_replay_400_0129", "base_id": "c10_replay_400_0129", "campus": 10, "size": 400, "condition": "baseline", "sla_multiplier": 1.0, "crew_multiplier": 1.0, "method": "random", "seed": 301, "feasible": 1, "wwt": 62.064400000000006, "makespan": 126.0162, "mean_flow": 13.80224425, "breach_share": 0.0075, "breach_p1": 0.25, "breach_p2": 0.03636363636363636, "breach_p3": 0.0, "breach_p4": 0.0, "wall_seconds": 0.0005747778341174126}, "v2rl301": {"id": "c10_replay_400_0129", "base_id": "c10_replay_400_0129", "campus": 10, "size": 400, "condition": "baseline", "sla_multiplier": 1.0, "crew_multiplier": 1.0, "method": "v2rl301", "seed": 301, "feasible": 1, "wwt": 6.293200000000013, "makespan": 126.0162, "mean_flow": 15.447586750000001, "breach_share": 0.0025, "breach_p1": 0.0, "breach_p2": 0.01818181818181818, "breach_p3": 0.0, "breach_p4": 0.0, "wall_seconds": 0.0443027107976377}, "v2rl302": {"id": "c10_replay_400_0129", "base_id": "c10_replay_400_0129", "campus": 10, "size": 400, "condition": "baseline", "sla_multiplier": 1.0, "crew_multiplier": 1.0, "method": "v2rl302", "seed": 302, "feasible": 1, "wwt": 6.293200000000013, "makespan": 126.0162, "mean_flow": 14.93526525, "breach_share": 0.0025, "breach_p1": 0.0, "breach_p2": 0.01818181818181818, "breach_p3": 0.0, "breach_p4": 0.0, "wall_seconds": 0.04410465294495225}, "v2rl303": {"id": "c10_replay_400_0129", "base_id": "c10_replay_400_0129", "campus": 10, "size": 400, "condition": "baseline", "sla_multiplier": 1.0, "crew_multiplier": 1.0, "method": "v2rl303", "seed": 303, "feasible": 1, "wwt": 6.293200000000013, "makespan": 126.0162, "mean_flow": 15.10716425, "breach_share": 0.0025, "breach_p1": 0.0, "breach_p2": 0.01818181818181818, "breach_p3": 0.0, "breach_p4": 0.0, "wall_seconds": 0.044360753148794174}}, "methods_expected": ["edd", "wspt", "atc", "pfifo", "mor", "random", "v2rl301", "v2rl302", "v2rl303"], "infeasible": [], "wall_seconds_total": 0.1417504157871008}