{"shard_id": "c10_replay_400_0103", "id": "c10_replay_400_0103", "base_id": "c10_replay_400_0103", "campus": 10, "size": 400, "condition": "baseline", "rows": {"edd": {"id": "c10_replay_400_0103", "base_id": "c10_replay_400_0103", "campus": 10, "size": 400, "condition": "baseline", "sla_multiplier": 1.0, "crew_multiplier": 1.0, "method": "edd", "seed": 301, "feasible": 1, "wwt": 70.0, "makespan": 95.2437, "mean_flow": 4.14009375, "breach_share": 0.005, "breach_p1": 0.14285714285714285, "breach_p2": 0.0, "breach_p3": 0.0, "breach_p4": 0.0, "wall_seconds": 0.0008130762726068497}, "wspt": {"id": "c10_replay_400_0103", "base_id": "c10_replay_400_0103", "campus": 10, "size": 400, "condition": "baseline", "sla_multiplier": 1.0, "crew_multiplier": 1.0, "method": "wspt", "seed": 301, "feasible": 1, "wwt": 70.0, "makespan": 94.9945, "mean_flow": 4.108076499999999, "breach_share": 0.005, "breach_p1": 0.14285714285714285, "breach_p2": 0.0, "breach_p3": 0.0, "breach_p4": 0.0, "wall_seconds": 0.0009060800075531006}, "atc": {"id": "c10_replay_400_0103", "base_id": "c10_replay_400_0103", "campus": 10, "size": 400, "condition": "baseline", "sla_multiplier": 1.0, "crew_multiplier": 1.0, "method": "atc", "seed": 301, "feasible": 1, "wwt": 70.0, "makespan": 94.9945, "mean_flow": 4.1108655, "breach_share": 0.005, "breach_p1": 0.14285714285714285, "breach_p2": 0.0, "breach_p3": 0.0, "breach_p4": 0.0, "wall_seconds": 0.001367080956697464}, "pfifo": {"id": "c10_replay_400_0103", "base_id": "c10_replay_400_0103", "campus": 10, "size": 400, "condition": "baseline", "sla_multiplier": 1.0, "crew_multiplier": 1.0, "method": "pfifo", "seed": 301, "feasible": 1, "wwt": 70.0, "makespan": 95.2437, "mean_flow": 4.14009375, "breach_share": 0.005, "breach_p1": 0.14285714285714285, "breach_p2": 0.0, "breach_p3": 0.0, "breach_p4": 0.0, "wall_seconds": 0.0007835491560399532}, "mor": {"id": "c10_replay_400_0103", "base_id": "c10_replay_400_0103", "campus": 10, "size": 400, "condition": "baseline", "sla_multiplier": 1.0, "crew_multiplier": 1.0, "method": "mor", "seed": 301, "feasible": 1, "wwt": 70.0, "makespan": 94.494, "mean_flow": 4.16331875, "breach_share": 0.005, "breach_p1": 0.14285714285714285, "breach_p2": 0.0, "breach_p3": 0.0, "breach_p4": 0.0, "wall_seconds": 0.00084676593542099}, "random": {"id": "c10_replay_400_0103", "base_id": "c10_replay_400_0103", "campus": 10, "size": 400, "condition": "baseline", "sla_multiplier": 1.0, "crew_multiplier": 1.0, "method": "random", "seed": 301, "feasible": 1, "wwt": 70.0, "makespan": 94.7445, "mean_flow": 4.126015249999999, "breach_share": 0.005, "breach_p1": 0.14285714285714285, "breach_p2": 0.0, "breach_p3": 0.0, "breach_p4": 0.0, "wall_seconds": 0.0006584706716239452}, "v2rl301": {"id": "c10_replay_400_0103", "base_id": "c10_replay_400_0103", "campus": 10, "size": 400, "condition": "baseline", "sla_multiplier": 1.0, "crew_multiplier": 1.0, "method": "v2rl301", "seed": 301, "feasible": 1, "wwt": 70.0, "makespan": 94.494, "mean_flow": 4.163318749999999, "breach_share": 0.005, "breach_p1": 0.14285714285714285, "breach_p2": 0.0, "breach_p3": 0.0, "breach_p4": 0.0, "wall_seconds": 0.044019024819135666}, "v2rl302": {"id": "c10_replay_400_0103", "base_id": "c10_replay_400_0103", "campus": 10, "size": 400, "condition": "baseline", "sla_multiplier": 1.0, "crew_multiplier": 1.0, "method": "v2rl302", "seed": 302, "feasible": 1, "wwt": 70.0, "makespan": 94.494, "mean_flow": 4.143143749999999, "breach_share": 0.005, "breach_p1": 0.14285714285714285, "breach_p2": 0.0, "breach_p3": 0.0, "breach_p4": 0.0, "wall_seconds": 0.04400386707857251}, "v2rl303": {"id": "c10_replay_400_0103", "base_id": "c10_replay_400_0103", "campus": 10, "size": 400, "condition": "baseline", "sla_multiplier": 1.0, "crew_multiplier": 1.0, "method": "v2rl303", "seed": 303, "feasible": 1, "wwt": 70.0, "makespan": 94.494, "mean_flow": 4.16269425, "breach_share": 0.005, "breach_p1": 0.14285714285714285, "breach_p2": 0.0, "breach_p3": 0.0, "breach_p4": 0.0, "wall_seconds": 0.043903689831495285}}, "methods_expected": ["edd", "wspt", "atc", "pfifo", "mor", "random", "v2rl301", "v2rl302", "v2rl303"], "infeasible": [], "wall_seconds_total": 0.14121192414313555}