{"shard_id": "c10_replay_150_0106_sla0.5", "id": "c10_replay_150_0106_sla0.5", "base_id": "c10_replay_150_0106", "campus": 10, "size": 150, "condition": "sla0.5", "rows": {"edd": {"id": "c10_replay_150_0106_sla0.5", "base_id": "c10_replay_150_0106", "campus": 10, "size": 150, "condition": "sla0.5", "sla_multiplier": 0.5, "crew_multiplier": 1.0, "method": "edd", "seed": 301, "feasible": 1, "wwt": 264.92819999999995, "makespan": 95.5112, "mean_flow": 7.610074666666666, "breach_share": 0.05333333333333334, "breach_p1": 0.8, "breach_p2": 0.0, "breach_p3": 0.0, "breach_p4": 0.0547945205479452, "wall_seconds": 0.00031523825600743294}, "wspt": {"id": "c10_replay_150_0106_sla0.5", "base_id": "c10_replay_150_0106", "campus": 10, "size": 150, "condition": "sla0.5", "sla_multiplier": 0.5, "crew_multiplier": 1.0, "method": "wspt", "seed": 301, "feasible": 1, "wwt": 264.92819999999995, "makespan": 95.5112, "mean_flow": 7.576894666666667, "breach_share": 0.05333333333333334, "breach_p1": 0.8, "breach_p2": 0.0, "breach_p3": 0.0, "breach_p4": 0.0547945205479452, "wall_seconds": 0.00027229683473706245}, "atc": {"id": "c10_replay_150_0106_sla0.5", "base_id": "c10_replay_150_0106", "campus": 10, "size": 150, "condition": "sla0.5", "sla_multiplier": 0.5, "crew_multiplier": 1.0, "method": "atc", "seed": 301, "feasible": 1, "wwt": 264.92819999999995, "makespan": 95.5112, "mean_flow": 7.602474000000001, "breach_share": 0.05333333333333334, "breach_p1": 0.8, "breach_p2": 0.0, "breach_p3": 0.0, "breach_p4": 0.0547945205479452, "wall_seconds": 0.0003387262113392353}, "pfifo": {"id": "c10_replay_150_0106_sla0.5", "base_id": "c10_replay_150_0106", "campus": 10, "size": 150, "condition": "sla0.5", "sla_multiplier": 0.5, "crew_multiplier": 1.0, "method": "pfifo", "seed": 301, "feasible": 1, "wwt": 264.92819999999995, "makespan": 95.5112, "mean_flow": 7.610074666666666, "breach_share": 0.05333333333333334, "breach_p1": 0.8, "breach_p2": 0.0, "breach_p3": 0.0, "breach_p4": 0.0547945205479452, "wall_seconds": 0.00025715678930282593}, "mor": {"id": "c10_replay_150_0106_sla0.5", "base_id": "c10_replay_150_0106", "campus": 10, "size": 150, "condition": "sla0.5", "sla_multiplier": 0.5, "crew_multiplier": 1.0, "method": "mor", "seed": 301, "feasible": 1, "wwt": 264.92879999999997, "makespan": 95.5112, "mean_flow": 7.803114666666667, "breach_share": 0.05333333333333334, "breach_p1": 0.8, "breach_p2": 0.0, "breach_p3": 0.0, "breach_p4": 0.0547945205479452, "wall_seconds": 0.00025851884856820107}, "random": {"id": "c10_replay_150_0106_sla0.5", "base_id": "c10_replay_150_0106", "campus": 10, "size": 150, "condition": "sla0.5", "sla_multiplier": 0.5, "crew_multiplier": 1.0, "method": "random", "seed": 301, "feasible": 1, "wwt": 264.92879999999997, "makespan": 95.5112, "mean_flow": 7.785825333333334, "breach_share": 0.05333333333333334, "breach_p1": 0.8, "breach_p2": 0.0, "breach_p3": 0.0, "breach_p4": 0.0547945205479452, "wall_seconds": 0.00024034408852458}, "v2rl301": {"id": "c10_replay_150_0106_sla0.5", "base_id": "c10_replay_150_0106", "campus": 10, "size": 150, "condition": "sla0.5", "sla_multiplier": 0.5, "crew_multiplier": 1.0, "method": "v2rl301", "seed": 301, "feasible": 1, "wwt": 264.92879999999997, "makespan": 95.5112, "mean_flow": 7.799781333333334, "breach_share": 0.05333333333333334, "breach_p1": 0.8, "breach_p2": 0.0, "breach_p3": 0.0, "breach_p4": 0.0547945205479452, "wall_seconds": 0.015802429988980293}, "v2rl302": {"id": "c10_replay_150_0106_sla0.5", "base_id": "c10_replay_150_0106", "campus": 10, "size": 150, "condition": "sla0.5", "sla_multiplier": 0.5, "crew_multiplier": 1.0, "method": "v2rl302", "seed": 302, "feasible": 1, "wwt": 264.92879999999997, "makespan": 95.5112, "mean_flow": 7.799781333333334, "breach_share": 0.05333333333333334, "breach_p1": 0.8, "breach_p2": 0.0, "breach_p3": 0.0, "breach_p4": 0.0547945205479452, "wall_seconds": 0.015435739886015654}, "v2rl303": {"id": "c10_replay_150_0106_sla0.5", "base_id": "c10_replay_150_0106", "campus": 10, "size": 150, "condition": "sla0.5", "sla_multiplier": 0.5, "crew_multiplier": 1.0, "method": "v2rl303", "seed": 303, "feasible": 1, "wwt": 264.92879999999997, "makespan": 95.5112, "mean_flow": 7.799781333333334, "breach_share": 0.05333333333333334, "breach_p1": 0.8, "breach_p2": 0.0, "breach_p3": 0.0, "breach_p4": 0.0547945205479452, "wall_seconds": 0.01568764913827181}}, "methods_expected": ["edd", "wspt", "atc", "pfifo", "mor", "random", "v2rl301", "v2rl302", "v2rl303"], "infeasible": [], "wall_seconds_total": 0.05079134413972497}