{"shard_id": "c10_replay_400_0116_sla0.5", "id": "c10_replay_400_0116_sla0.5", "base_id": "c10_replay_400_0116", "campus": 10, "size": 400, "condition": "sla0.5", "rows": {"edd": {"id": "c10_replay_400_0116_sla0.5", "base_id": "c10_replay_400_0116", "campus": 10, "size": 400, "condition": "sla0.5", "sla_multiplier": 0.5, "crew_multiplier": 1.0, "method": "edd", "seed": 301, "feasible": 1, "wwt": 680.5722000000001, "makespan": 112.1858, "mean_flow": 6.307841, "breach_share": 0.0425, "breach_p1": 0.6666666666666666, "breach_p2": 0.06818181818181818, "breach_p3": 0.0, "breach_p4": 0.04184100418410042, "wall_seconds": 0.0008515608496963978}, "wspt": {"id": "c10_replay_400_0116_sla0.5", "base_id": "c10_replay_400_0116", "campus": 10, "size": 400, "condition": "sla0.5", "sla_multiplier": 0.5, "crew_multiplier": 1.0, "method": "wspt", "seed": 301, "feasible": 1, "wwt": 703.3575000000001, "makespan": 120.1858, "mean_flow": 5.9076717499999996, "breach_share": 0.0375, "breach_p1": 0.6666666666666666, "breach_p2": 0.06818181818181818, "breach_p3": 0.0, "breach_p4": 0.03347280334728033, "wall_seconds": 0.000902100931853056}, "atc": {"id": "c10_replay_400_0116_sla0.5", "base_id": "c10_replay_400_0116", "campus": 10, "size": 400, "condition": "sla0.5", "sla_multiplier": 0.5, "crew_multiplier": 1.0, "method": "atc", "seed": 301, "feasible": 1, "wwt": 674.3575000000001, "makespan": 120.1858, "mean_flow": 6.008093249999999, "breach_share": 0.0375, "breach_p1": 0.6666666666666666, "breach_p2": 0.06818181818181818, "breach_p3": 0.0, "breach_p4": 0.03347280334728033, "wall_seconds": 0.0016071521677076817}, "pfifo": {"id": "c10_replay_400_0116_sla0.5", "base_id": "c10_replay_400_0116", "campus": 10, "size": 400, "condition": "sla0.5", "sla_multiplier": 0.5, "crew_multiplier": 1.0, "method": "pfifo", "seed": 301, "feasible": 1, "wwt": 680.5722000000001, "makespan": 112.1858, "mean_flow": 6.307841, "breach_share": 0.0425, "breach_p1": 0.6666666666666666, "breach_p2": 0.06818181818181818, "breach_p3": 0.0, "breach_p4": 0.04184100418410042, "wall_seconds": 0.0008528763428330421}, "mor": {"id": "c10_replay_400_0116_sla0.5", "base_id": "c10_replay_400_0116", "campus": 10, "size": 400, "condition": "sla0.5", "sla_multiplier": 0.5, "crew_multiplier": 1.0, "method": "mor", "seed": 301, "feasible": 1, "wwt": 679.8222000000001, "makespan": 109.5504, "mean_flow": 6.48137225, "breach_share": 0.0425, "breach_p1": 0.6666666666666666, "breach_p2": 0.06818181818181818, "breach_p3": 0.0, "breach_p4": 0.04184100418410042, "wall_seconds": 0.0008261748589575291}, "random": {"id": "c10_replay_400_0116_sla0.5", "base_id": "c10_replay_400_0116", "campus": 10, "size": 400, "condition": "sla0.5", "sla_multiplier": 0.5, "crew_multiplier": 1.0, "method": "random", "seed": 301, "feasible": 1, "wwt": 682.3587, "makespan": 120.1858, "mean_flow": 6.070689500000001, "breach_share": 0.04, "breach_p1": 0.8333333333333334, "breach_p2": 0.06818181818181818, "breach_p3": 0.0, "breach_p4": 0.03347280334728033, "wall_seconds": 0.0005397889763116837}, "v2rl301": {"id": "c10_replay_400_0116_sla0.5", "base_id": "c10_replay_400_0116", "campus": 10, "size": 400, "condition": "sla0.5", "sla_multiplier": 0.5, "crew_multiplier": 1.0, "method": "v2rl301", "seed": 301, "feasible": 1, "wwt": 679.8222000000001, "makespan": 109.5504, "mean_flow": 6.45846425, "breach_share": 0.0425, "breach_p1": 0.6666666666666666, "breach_p2": 0.06818181818181818, "breach_p3": 0.0, "breach_p4": 0.04184100418410042, "wall_seconds": 0.04650419345125556}, "v2rl302": {"id": "c10_replay_400_0116_sla0.5", "base_id": "c10_replay_400_0116", "campus": 10, "size": 400, "condition": "sla0.5", "sla_multiplier": 0.5, "crew_multiplier": 1.0, "method": "v2rl302", "seed": 302, "feasible": 1, "wwt": 679.8222000000001, "makespan": 112.1858, "mean_flow": 6.449383, "breach_share": 0.0425, "breach_p1": 0.6666666666666666, "breach_p2": 0.06818181818181818, "breach_p3": 0.0, "breach_p4": 0.04184100418410042, "wall_seconds": 0.04729969706386328}, "v2rl303": {"id": "c10_replay_400_0116_sla0.5", "base_id": "c10_replay_400_0116", "campus": 10, "size": 400, "condition": "sla0.5", "sla_multiplier": 0.5, "crew_multiplier": 1.0, "method": "v2rl303", "seed": 303, "feasible": 1, "wwt": 679.8222000000001, "makespan": 109.5504, "mean_flow": 6.41193125, "breach_share": 0.0425, "breach_p1": 0.6666666666666666, "breach_p2": 0.06818181818181818, "breach_p3": 0.0, "breach_p4": 0.04184100418410042, "wall_seconds": 0.04715392924845219}}, "methods_expected": ["edd", "wspt", "atc", "pfifo", "mor", "random", "v2rl301", "v2rl302", "v2rl303"], "infeasible": [], "wall_seconds_total": 0.1513992939144373}