{"shard_id": "c10_replay_400_0104", "id": "c10_replay_400_0104", "base_id": "c10_replay_400_0104", "campus": 10, "size": 400, "condition": "baseline", "rows": {"edd": {"id": "c10_replay_400_0104", "base_id": "c10_replay_400_0104", "campus": 10, "size": 400, "condition": "baseline", "sla_multiplier": 1.0, "crew_multiplier": 1.0, "method": "edd", "seed": 301, "feasible": 1, "wwt": 21.729600000000005, "makespan": 106.10730000000001, "mean_flow": 2.0361989999999985, "breach_share": 0.0025, "breach_p1": 0.0, "breach_p2": 0.0, "breach_p3": 0.058823529411764705, "breach_p4": 0.0, "wall_seconds": 0.002193822991102934}, "wspt": {"id": "c10_replay_400_0104", "base_id": "c10_replay_400_0104", "campus": 10, "size": 400, "condition": "baseline", "sla_multiplier": 1.0, "crew_multiplier": 1.0, "method": "wspt", "seed": 301, "feasible": 1, "wwt": 21.729600000000005, "makespan": 106.10730000000001, "mean_flow": 1.823398999999998, "breach_share": 0.0025, "breach_p1": 0.0, "breach_p2": 0.0, "breach_p3": 0.058823529411764705, "breach_p4": 0.0, "wall_seconds": 0.0024488698691129684}, "atc": {"id": "c10_replay_400_0104", "base_id": "c10_replay_400_0104", "campus": 10, "size": 400, "condition": "baseline", "sla_multiplier": 1.0, "crew_multiplier": 1.0, "method": "atc", "seed": 301, "feasible": 1, "wwt": 21.729600000000005, "makespan": 106.10730000000001, "mean_flow": 1.9505739999999987, "breach_share": 0.0025, "breach_p1": 0.0, "breach_p2": 0.0, "breach_p3": 0.058823529411764705, "breach_p4": 0.0, "wall_seconds": 0.005952699109911919}, "pfifo": {"id": "c10_replay_400_0104", "base_id": "c10_replay_400_0104", "campus": 10, "size": 400, "condition": "baseline", "sla_multiplier": 1.0, "crew_multiplier": 1.0, "method": "pfifo", "seed": 301, "feasible": 1, "wwt": 21.729600000000005, "makespan": 106.10730000000001, "mean_flow": 2.0361989999999985, "breach_share": 0.0025, "breach_p1": 0.0, "breach_p2": 0.0, "breach_p3": 0.058823529411764705, "breach_p4": 0.0, "wall_seconds": 0.0023264698684215546}, "mor": {"id": "c10_replay_400_0104", "base_id": "c10_replay_400_0104", "campus": 10, "size": 400, "condition": "baseline", "sla_multiplier": 1.0, "crew_multiplier": 1.0, "method": "mor", "seed": 301, "feasible": 1, "wwt": 21.729600000000005, "makespan": 106.10730000000001, "mean_flow": 2.7103489999999995, "breach_share": 0.0025, "breach_p1": 0.0, "breach_p2": 0.0, "breach_p3": 0.058823529411764705, "breach_p4": 0.0, "wall_seconds": 0.002146780025213957}, "random": {"id": "c10_replay_400_0104", "base_id": "c10_replay_400_0104", "campus": 10, "size": 400, "condition": "baseline", "sla_multiplier": 1.0, "crew_multiplier": 1.0, "method": "random", "seed": 301, "feasible": 1, "wwt": 21.729600000000005, "makespan": 106.10730000000001, "mean_flow": 2.0703489999999984, "breach_share": 0.0025, "breach_p1": 0.0, "breach_p2": 0.0, "breach_p3": 0.058823529411764705, "breach_p4": 0.0, "wall_seconds": 0.0006589340046048164}, "v2rl301": {"id": "c10_replay_400_0104", "base_id": "c10_replay_400_0104", "campus": 10, "size": 400, "condition": "baseline", "sla_multiplier": 1.0, "crew_multiplier": 1.0, "method": "v2rl301", "seed": 301, "feasible": 1, "wwt": 21.729600000000005, "makespan": 106.10730000000001, "mean_flow": 2.7078489999999995, "breach_share": 0.0025, "breach_p1": 0.0, "breach_p2": 0.0, "breach_p3": 0.058823529411764705, "breach_p4": 0.0, "wall_seconds": 0.06059590680524707}, "v2rl302": {"id": "c10_replay_400_0104", "base_id": "c10_replay_400_0104", "campus": 10, "size": 400, "condition": "baseline", "sla_multiplier": 1.0, "crew_multiplier": 1.0, "method": "v2rl302", "seed": 302, "feasible": 1, "wwt": 21.729600000000005, "makespan": 106.10730000000001, "mean_flow": 2.630323999999998, "breach_share": 0.0025, "breach_p1": 0.0, "breach_p2": 0.0, "breach_p3": 0.058823529411764705, "breach_p4": 0.0, "wall_seconds": 0.05995707307010889}, "v2rl303": {"id": "c10_replay_400_0104", "base_id": "c10_replay_400_0104", "campus": 10, "size": 400, "condition": "baseline", "sla_multiplier": 1.0, "crew_multiplier": 1.0, "method": "v2rl303", "seed": 303, "feasible": 1, "wwt": 21.729600000000005, "makespan": 106.10730000000001, "mean_flow": 1.9735239999999978, "breach_share": 0.0025, "breach_p1": 0.0, "breach_p2": 0.0, "breach_p3": 0.058823529411764705, "breach_p4": 0.0, "wall_seconds": 0.06031944137066603}}, "methods_expected": ["edd", "wspt", "atc", "pfifo", "mor", "random", "v2rl301", "v2rl302", "v2rl303"], "infeasible": [], "wall_seconds_total": 0.20029214676469564}