{"shard_id": "c10_replay_400_0102_sla0.5", "id": "c10_replay_400_0102_sla0.5", "base_id": "c10_replay_400_0102", "campus": 10, "size": 400, "condition": "sla0.5", "rows": {"edd": {"id": "c10_replay_400_0102_sla0.5", "base_id": "c10_replay_400_0102", "campus": 10, "size": 400, "condition": "sla0.5", "sla_multiplier": 0.5, "crew_multiplier": 1.0, "method": "edd", "seed": 301, "feasible": 1, "wwt": 890.5776000000001, "makespan": 93.4431, "mean_flow": 3.6239399999999993, "breach_share": 0.0175, "breach_p1": 0.5, "breach_p2": 0.0, "breach_p3": 0.013888888888888888, "breach_p4": 0.013422818791946308, "wall_seconds": 0.002105006016790867}, "wspt": {"id": "c10_replay_400_0102_sla0.5", "base_id": "c10_replay_400_0102", "campus": 10, "size": 400, "condition": "sla0.5", "sla_multiplier": 0.5, "crew_multiplier": 1.0, "method": "wspt", "seed": 301, "feasible": 1, "wwt": 890.5776000000001, "makespan": 93.4431, "mean_flow": 3.4205310000000004, "breach_share": 0.0175, "breach_p1": 0.5, "breach_p2": 0.0, "breach_p3": 0.013888888888888888, "breach_p4": 0.013422818791946308, "wall_seconds": 0.0023247632198035717}, "atc": {"id": "c10_replay_400_0102_sla0.5", "base_id": "c10_replay_400_0102", "campus": 10, "size": 400, "condition": "sla0.5", "sla_multiplier": 0.5, "crew_multiplier": 1.0, "method": "atc", "seed": 301, "feasible": 1, "wwt": 890.5776000000001, "makespan": 93.4431, "mean_flow": 3.47961325, "breach_share": 0.0175, "breach_p1": 0.5, "breach_p2": 0.0, "breach_p3": 0.013888888888888888, "breach_p4": 0.013422818791946308, "wall_seconds": 0.005362246185541153}, "pfifo": {"id": "c10_replay_400_0102_sla0.5", "base_id": "c10_replay_400_0102", "campus": 10, "size": 400, "condition": "sla0.5", "sla_multiplier": 0.5, "crew_multiplier": 1.0, "method": "pfifo", "seed": 301, "feasible": 1, "wwt": 890.5776000000001, "makespan": 93.4431, "mean_flow": 3.6239399999999993, "breach_share": 0.0175, "breach_p1": 0.5, "breach_p2": 0.0, "breach_p3": 0.013888888888888888, "breach_p4": 0.013422818791946308, "wall_seconds": 0.0023132450878620148}, "mor": {"id": "c10_replay_400_0102_sla0.5", "base_id": "c10_replay_400_0102", "campus": 10, "size": 400, "condition": "sla0.5", "sla_multiplier": 0.5, "crew_multiplier": 1.0, "method": "mor", "seed": 301, "feasible": 1, "wwt": 890.5776000000001, "makespan": 93.4431, "mean_flow": 3.6820567499999997, "breach_share": 0.0175, "breach_p1": 0.5, "breach_p2": 0.0, "breach_p3": 0.013888888888888888, "breach_p4": 0.013422818791946308, "wall_seconds": 0.0021480941213667393}, "random": {"id": "c10_replay_400_0102_sla0.5", "base_id": "c10_replay_400_0102", "campus": 10, "size": 400, "condition": "sla0.5", "sla_multiplier": 0.5, "crew_multiplier": 1.0, "method": "random", "seed": 301, "feasible": 1, "wwt": 890.5776000000001, "makespan": 93.4431, "mean_flow": 3.55139825, "breach_share": 0.0175, "breach_p1": 0.5, "breach_p2": 0.0, "breach_p3": 0.013888888888888888, "breach_p4": 0.013422818791946308, "wall_seconds": 0.0006832419894635677}, "v2rl301": {"id": "c10_replay_400_0102_sla0.5", "base_id": "c10_replay_400_0102", "campus": 10, "size": 400, "condition": "sla0.5", "sla_multiplier": 0.5, "crew_multiplier": 1.0, "method": "v2rl301", "seed": 301, "feasible": 1, "wwt": 890.5776000000001, "makespan": 93.4431, "mean_flow": 3.6820567499999997, "breach_share": 0.0175, "breach_p1": 0.5, "breach_p2": 0.0, "breach_p3": 0.013888888888888888, "breach_p4": 0.013422818791946308, "wall_seconds": 0.05618494329974055}, "v2rl302": {"id": "c10_replay_400_0102_sla0.5", "base_id": "c10_replay_400_0102", "campus": 10, "size": 400, "condition": "sla0.5", "sla_multiplier": 0.5, "crew_multiplier": 1.0, "method": "v2rl302", "seed": 302, "feasible": 1, "wwt": 890.5776000000001, "makespan": 93.4431, "mean_flow": 3.548825250000001, "breach_share": 0.0175, "breach_p1": 0.5, "breach_p2": 0.0, "breach_p3": 0.013888888888888888, "breach_p4": 0.013422818791946308, "wall_seconds": 0.05598548008129001}, "v2rl303": {"id": "c10_replay_400_0102_sla0.5", "base_id": "c10_replay_400_0102", "campus": 10, "size": 400, "condition": "sla0.5", "sla_multiplier": 0.5, "crew_multiplier": 1.0, "method": "v2rl303", "seed": 303, "feasible": 1, "wwt": 890.5776000000001, "makespan": 93.4431, "mean_flow": 3.5488252499999997, "breach_share": 0.0175, "breach_p1": 0.5, "breach_p2": 0.0, "breach_p3": 0.013888888888888888, "breach_p4": 0.013422818791946308, "wall_seconds": 0.05825624102726579}}, "methods_expected": ["edd", "wspt", "atc", "pfifo", "mor", "random", "v2rl301", "v2rl302", "v2rl303"], "infeasible": [], "wall_seconds_total": 0.19003768963739276}