{"shard_id": "c10_replay_400_0108_m1.25", "id": "c10_replay_400_0108_m1.25", "base_id": "c10_replay_400_0108", "campus": 10, "size": 400, "condition": "crew1.25", "rows": {"edd": {"id": "c10_replay_400_0108_m1.25", "base_id": "c10_replay_400_0108", "campus": 10, "size": 400, "condition": "crew1.25", "sla_multiplier": 1.0, "crew_multiplier": 1.25, "method": "edd", "seed": 301, "feasible": 1, "wwt": 16.0, "makespan": 37.65, "mean_flow": 1.12744775, "breach_share": 0.0025, "breach_p1": 0.3333333333333333, "breach_p2": 0.0, "breach_p3": 0.0, "breach_p4": 0.0, "wall_seconds": 0.0013270261697471142}, "wspt": {"id": "c10_replay_400_0108_m1.25", "base_id": "c10_replay_400_0108", "campus": 10, "size": 400, "condition": "crew1.25", "sla_multiplier": 1.0, "crew_multiplier": 1.25, "method": "wspt", "seed": 301, "feasible": 1, "wwt": 16.0, "makespan": 37.62, "mean_flow": 1.07790175, "breach_share": 0.0025, "breach_p1": 0.3333333333333333, "breach_p2": 0.0, "breach_p3": 0.0, "breach_p4": 0.0, "wall_seconds": 0.0015355930663645267}, "atc": {"id": "c10_replay_400_0108_m1.25", "base_id": "c10_replay_400_0108", "campus": 10, "size": 400, "condition": "crew1.25", "sla_multiplier": 1.0, "crew_multiplier": 1.25, "method": "atc", "seed": 301, "feasible": 1, "wwt": 16.0, "makespan": 37.5, "mean_flow": 1.11708125, "breach_share": 0.0025, "breach_p1": 0.3333333333333333, "breach_p2": 0.0, "breach_p3": 0.0, "breach_p4": 0.0, "wall_seconds": 0.003438427112996578}, "pfifo": {"id": "c10_replay_400_0108_m1.25", "base_id": "c10_replay_400_0108", "campus": 10, "size": 400, "condition": "crew1.25", "sla_multiplier": 1.0, "crew_multiplier": 1.25, "method": "pfifo", "seed": 301, "feasible": 1, "wwt": 16.0, "makespan": 37.65, "mean_flow": 1.12744775, "breach_share": 0.0025, "breach_p1": 0.3333333333333333, "breach_p2": 0.0, "breach_p3": 0.0, "breach_p4": 0.0, "wall_seconds": 0.0014077341184020042}, "mor": {"id": "c10_replay_400_0108_m1.25", "base_id": "c10_replay_400_0108", "campus": 10, "size": 400, "condition": "crew1.25", "sla_multiplier": 1.0, "crew_multiplier": 1.25, "method": "mor", "seed": 301, "feasible": 1, "wwt": 16.0, "makespan": 37.5, "mean_flow": 1.1587987499999999, "breach_share": 0.0025, "breach_p1": 0.3333333333333333, "breach_p2": 0.0, "breach_p3": 0.0, "breach_p4": 0.0, "wall_seconds": 0.0013155038468539715}, "random": {"id": "c10_replay_400_0108_m1.25", "base_id": "c10_replay_400_0108", "campus": 10, "size": 400, "condition": "crew1.25", "sla_multiplier": 1.0, "crew_multiplier": 1.25, "method": "random", "seed": 301, "feasible": 1, "wwt": 16.0, "makespan": 37.58, "mean_flow": 1.116122, "breach_share": 0.0025, "breach_p1": 0.3333333333333333, "breach_p2": 0.0, "breach_p3": 0.0, "breach_p4": 0.0, "wall_seconds": 0.0005781827494502068}, "v2rl301": {"id": "c10_replay_400_0108_m1.25", "base_id": "c10_replay_400_0108", "campus": 10, "size": 400, "condition": "crew1.25", "sla_multiplier": 1.0, "crew_multiplier": 1.25, "method": "v2rl301", "seed": 301, "feasible": 1, "wwt": 16.0, "makespan": 37.5, "mean_flow": 1.1587987499999999, "breach_share": 0.0025, "breach_p1": 0.3333333333333333, "breach_p2": 0.0, "breach_p3": 0.0, "breach_p4": 0.0, "wall_seconds": 0.051483805291354656}, "v2rl302": {"id": "c10_replay_400_0108_m1.25", "base_id": "c10_replay_400_0108", "campus": 10, "size": 400, "condition": "crew1.25", "sla_multiplier": 1.0, "crew_multiplier": 1.25, "method": "v2rl302", "seed": 302, "feasible": 1, "wwt": 16.0, "makespan": 37.5, "mean_flow": 1.11514325, "breach_share": 0.0025, "breach_p1": 0.3333333333333333, "breach_p2": 0.0, "breach_p3": 0.0, "breach_p4": 0.0, "wall_seconds": 0.05123457312583923}, "v2rl303": {"id": "c10_replay_400_0108_m1.25", "base_id": "c10_replay_400_0108", "campus": 10, "size": 400, "condition": "crew1.25", "sla_multiplier": 1.0, "crew_multiplier": 1.25, "method": "v2rl303", "seed": 303, "feasible": 1, "wwt": 16.0, "makespan": 37.5, "mean_flow": 1.1229182500000001, "breach_share": 0.0025, "breach_p1": 0.3333333333333333, "breach_p2": 0.0, "breach_p3": 0.0, "breach_p4": 0.0, "wall_seconds": 0.051397598814219236}}, "methods_expected": ["edd", "wspt", "atc", "pfifo", "mor", "random", "v2rl301", "v2rl302", "v2rl303"], "infeasible": [], "wall_seconds_total": 0.16861873399466276}