{"shard_id": "c10_replay_150_0119_sla0.5", "id": "c10_replay_150_0119_sla0.5", "base_id": "c10_replay_150_0119", "campus": 10, "size": 150, "condition": "sla0.5", "rows": {"edd": {"id": "c10_replay_150_0119_sla0.5", "base_id": "c10_replay_150_0119", "campus": 10, "size": 150, "condition": "sla0.5", "sla_multiplier": 0.5, "crew_multiplier": 1.0, "method": "edd", "seed": 301, "feasible": 1, "wwt": 5.1648, "makespan": 90.8648, "mean_flow": 1.5043653333333336, "breach_share": 0.006666666666666667, "breach_p1": 0.0, "breach_p2": 0.0, "breach_p3": 0.0, "breach_p4": 0.007352941176470588, "wall_seconds": 0.0006364919245243073}, "wspt": {"id": "c10_replay_150_0119_sla0.5", "base_id": "c10_replay_150_0119", "campus": 10, "size": 150, "condition": "sla0.5", "sla_multiplier": 0.5, "crew_multiplier": 1.0, "method": "wspt", "seed": 301, "feasible": 1, "wwt": 5.1648, "makespan": 90.8648, "mean_flow": 1.3634986666666666, "breach_share": 0.006666666666666667, "breach_p1": 0.0, "breach_p2": 0.0, "breach_p3": 0.0, "breach_p4": 0.007352941176470588, "wall_seconds": 0.0007036812603473663}, "atc": {"id": "c10_replay_150_0119_sla0.5", "base_id": "c10_replay_150_0119", "campus": 10, "size": 150, "condition": "sla0.5", "sla_multiplier": 0.5, "crew_multiplier": 1.0, "method": "atc", "seed": 301, "feasible": 1, "wwt": 5.1648, "makespan": 90.8648, "mean_flow": 1.4210319999999999, "breach_share": 0.006666666666666667, "breach_p1": 0.0, "breach_p2": 0.0, "breach_p3": 0.0, "breach_p4": 0.007352941176470588, "wall_seconds": 0.0015056971460580826}, "pfifo": {"id": "c10_replay_150_0119_sla0.5", "base_id": "c10_replay_150_0119", "campus": 10, "size": 150, "condition": "sla0.5", "sla_multiplier": 0.5, "crew_multiplier": 1.0, "method": "pfifo", "seed": 301, "feasible": 1, "wwt": 5.1648, "makespan": 90.8648, "mean_flow": 1.5043653333333336, "breach_share": 0.006666666666666667, "breach_p1": 0.0, "breach_p2": 0.0, "breach_p3": 0.0, "breach_p4": 0.007352941176470588, "wall_seconds": 0.0006790431216359138}, "mor": {"id": "c10_replay_150_0119_sla0.5", "base_id": "c10_replay_150_0119", "campus": 10, "size": 150, "condition": "sla0.5", "sla_multiplier": 0.5, "crew_multiplier": 1.0, "method": "mor", "seed": 301, "feasible": 1, "wwt": 5.1648, "makespan": 90.8648, "mean_flow": 1.5372986666666666, "breach_share": 0.006666666666666667, "breach_p1": 0.0, "breach_p2": 0.0, "breach_p3": 0.0, "breach_p4": 0.007352941176470588, "wall_seconds": 0.0006074639968574047}, "random": {"id": "c10_replay_150_0119_sla0.5", "base_id": "c10_replay_150_0119", "campus": 10, "size": 150, "condition": "sla0.5", "sla_multiplier": 0.5, "crew_multiplier": 1.0, "method": "random", "seed": 301, "feasible": 1, "wwt": 5.1648, "makespan": 90.8648, "mean_flow": 1.423232, "breach_share": 0.006666666666666667, "breach_p1": 0.0, "breach_p2": 0.0, "breach_p3": 0.0, "breach_p4": 0.007352941176470588, "wall_seconds": 0.0002729319967329502}, "v2rl301": {"id": "c10_replay_150_0119_sla0.5", "base_id": "c10_replay_150_0119", "campus": 10, "size": 150, "condition": "sla0.5", "sla_multiplier": 0.5, "crew_multiplier": 1.0, "method": "v2rl301", "seed": 301, "feasible": 1, "wwt": 5.1648, "makespan": 90.8648, "mean_flow": 1.4809653333333332, "breach_share": 0.006666666666666667, "breach_p1": 0.0, "breach_p2": 0.0, "breach_p3": 0.0, "breach_p4": 0.007352941176470588, "wall_seconds": 0.020640728995203972}, "v2rl302": {"id": "c10_replay_150_0119_sla0.5", "base_id": "c10_replay_150_0119", "campus": 10, "size": 150, "condition": "sla0.5", "sla_multiplier": 0.5, "crew_multiplier": 1.0, "method": "v2rl302", "seed": 302, "feasible": 1, "wwt": 5.1648, "makespan": 90.8648, "mean_flow": 1.4165653333333335, "breach_share": 0.006666666666666667, "breach_p1": 0.0, "breach_p2": 0.0, "breach_p3": 0.0, "breach_p4": 0.007352941176470588, "wall_seconds": 0.0200027022510767}, "v2rl303": {"id": "c10_replay_150_0119_sla0.5", "base_id": "c10_replay_150_0119", "campus": 10, "size": 150, "condition": "sla0.5", "sla_multiplier": 0.5, "crew_multiplier": 1.0, "method": "v2rl303", "seed": 303, "feasible": 1, "wwt": 5.1648, "makespan": 90.8648, "mean_flow": 1.4129653333333334, "breach_share": 0.006666666666666667, "breach_p1": 0.0, "breach_p2": 0.0, "breach_p3": 0.0, "breach_p4": 0.007352941176470588, "wall_seconds": 0.020006176084280014}}, "methods_expected": ["edd", "wspt", "atc", "pfifo", "mor", "random", "v2rl301", "v2rl302", "v2rl303"], "infeasible": [], "wall_seconds_total": 0.06733533181250095}