{"shard_id": "c10_replay_400_0124_m0.75", "id": "c10_replay_400_0124_m0.75", "base_id": "c10_replay_400_0124", "campus": 10, "size": 400, "condition": "crew0.75", "rows": {"edd": {"id": "c10_replay_400_0124_m0.75", "base_id": "c10_replay_400_0124", "campus": 10, "size": 400, "condition": "crew0.75", "sla_multiplier": 1.0, "crew_multiplier": 0.75, "method": "edd", "seed": 301, "feasible": 1, "wwt": 60.0, "makespan": 95.2262, "mean_flow": 6.78212475, "breach_share": 0.005, "breach_p1": 0.2857142857142857, "breach_p2": 0.0, "breach_p3": 0.0, "breach_p4": 0.0, "wall_seconds": 0.0012240568175911903}, "wspt": {"id": "c10_replay_400_0124_m0.75", "base_id": "c10_replay_400_0124", "campus": 10, "size": 400, "condition": "crew0.75", "sla_multiplier": 1.0, "crew_multiplier": 0.75, "method": "wspt", "seed": 301, "feasible": 1, "wwt": 60.0, "makespan": 95.2262, "mean_flow": 5.916954250000001, "breach_share": 0.005, "breach_p1": 0.2857142857142857, "breach_p2": 0.0, "breach_p3": 0.0, "breach_p4": 0.0, "wall_seconds": 0.0014995462261140347}, "atc": {"id": "c10_replay_400_0124_m0.75", "base_id": "c10_replay_400_0124", "campus": 10, "size": 400, "condition": "crew0.75", "sla_multiplier": 1.0, "crew_multiplier": 0.75, "method": "atc", "seed": 301, "feasible": 1, "wwt": 60.0, "makespan": 95.2262, "mean_flow": 6.931700250000001, "breach_share": 0.005, "breach_p1": 0.2857142857142857, "breach_p2": 0.0, "breach_p3": 0.0, "breach_p4": 0.0, "wall_seconds": 0.003057519905269146}, "pfifo": {"id": "c10_replay_400_0124_m0.75", "base_id": "c10_replay_400_0124", "campus": 10, "size": 400, "condition": "crew0.75", "sla_multiplier": 1.0, "crew_multiplier": 0.75, "method": "pfifo", "seed": 301, "feasible": 1, "wwt": 60.0, "makespan": 95.2262, "mean_flow": 6.78212475, "breach_share": 0.005, "breach_p1": 0.2857142857142857, "breach_p2": 0.0, "breach_p3": 0.0, "breach_p4": 0.0, "wall_seconds": 0.001234420109540224}, "mor": {"id": "c10_replay_400_0124_m0.75", "base_id": "c10_replay_400_0124", "campus": 10, "size": 400, "condition": "crew0.75", "sla_multiplier": 1.0, "crew_multiplier": 0.75, "method": "mor", "seed": 301, "feasible": 1, "wwt": 60.0, "makespan": 95.2262, "mean_flow": 7.15612175, "breach_share": 0.005, "breach_p1": 0.2857142857142857, "breach_p2": 0.0, "breach_p3": 0.0, "breach_p4": 0.0, "wall_seconds": 0.00128115713596344}, "random": {"id": "c10_replay_400_0124_m0.75", "base_id": "c10_replay_400_0124", "campus": 10, "size": 400, "condition": "crew0.75", "sla_multiplier": 1.0, "crew_multiplier": 0.75, "method": "random", "seed": 301, "feasible": 1, "wwt": 60.0, "makespan": 95.2262, "mean_flow": 6.3399469999999996, "breach_share": 0.005, "breach_p1": 0.2857142857142857, "breach_p2": 0.0, "breach_p3": 0.0, "breach_p4": 0.0, "wall_seconds": 0.00060306116938591}, "v2rl301": {"id": "c10_replay_400_0124_m0.75", "base_id": "c10_replay_400_0124", "campus": 10, "size": 400, "condition": "crew0.75", "sla_multiplier": 1.0, "crew_multiplier": 0.75, "method": "v2rl301", "seed": 301, "feasible": 1, "wwt": 60.0, "makespan": 95.2262, "mean_flow": 7.058770999999999, "breach_share": 0.005, "breach_p1": 0.2857142857142857, "breach_p2": 0.0, "breach_p3": 0.0, "breach_p4": 0.0, "wall_seconds": 0.05161991808563471}, "v2rl302": {"id": "c10_replay_400_0124_m0.75", "base_id": "c10_replay_400_0124", "campus": 10, "size": 400, "condition": "crew0.75", "sla_multiplier": 1.0, "crew_multiplier": 0.75, "method": "v2rl302", "seed": 302, "feasible": 1, "wwt": 60.0, "makespan": 95.2262, "mean_flow": 6.72692625, "breach_share": 0.005, "breach_p1": 0.2857142857142857, "breach_p2": 0.0, "breach_p3": 0.0, "breach_p4": 0.0, "wall_seconds": 0.053063801024109125}, "v2rl303": {"id": "c10_replay_400_0124_m0.75", "base_id": "c10_replay_400_0124", "campus": 10, "size": 400, "condition": "crew0.75", "sla_multiplier": 1.0, "crew_multiplier": 0.75, "method": "v2rl303", "seed": 303, "feasible": 1, "wwt": 60.0, "makespan": 95.2262, "mean_flow": 6.0847032500000005, "breach_share": 0.005, "breach_p1": 0.2857142857142857, "breach_p2": 0.0, "breach_p3": 0.0, "breach_p4": 0.0, "wall_seconds": 0.05223897285759449}}, "methods_expected": ["edd", "wspt", "atc", "pfifo", "mor", "random", "v2rl301", "v2rl302", "v2rl303"], "infeasible": [], "wall_seconds_total": 0.17045590607449412}