{"shard_id": "c10_replay_150_0103_sla0.5", "id": "c10_replay_150_0103_sla0.5", "base_id": "c10_replay_150_0103", "campus": 10, "size": 150, "condition": "sla0.5", "rows": {"edd": {"id": "c10_replay_150_0103_sla0.5", "base_id": "c10_replay_150_0103", "campus": 10, "size": 150, "condition": "sla0.5", "sla_multiplier": 0.5, "crew_multiplier": 1.0, "method": "edd", "seed": 301, "feasible": 1, "wwt": 94.3154, "makespan": 94.7448, "mean_flow": 5.644919333333333, "breach_share": 0.04, "breach_p1": 0.2857142857142857, "breach_p2": 0.15384615384615385, "breach_p3": 0.0, "breach_p4": 0.020833333333333332, "wall_seconds": 0.00029854942113161087}, "wspt": {"id": "c10_replay_150_0103_sla0.5", "base_id": "c10_replay_150_0103", "campus": 10, "size": 150, "condition": "sla0.5", "sla_multiplier": 0.5, "crew_multiplier": 1.0, "method": "wspt", "seed": 301, "feasible": 1, "wwt": 94.8146, "makespan": 94.9942, "mean_flow": 5.641586666666666, "breach_share": 0.04, "breach_p1": 0.2857142857142857, "breach_p2": 0.15384615384615385, "breach_p3": 0.0, "breach_p4": 0.020833333333333332, "wall_seconds": 0.0002844971604645252}, "atc": {"id": "c10_replay_150_0103_sla0.5", "base_id": "c10_replay_150_0103", "campus": 10, "size": 150, "condition": "sla0.5", "sla_multiplier": 0.5, "crew_multiplier": 1.0, "method": "atc", "seed": 301, "feasible": 1, "wwt": 94.81400000000001, "makespan": 94.9942, "mean_flow": 5.641586666666667, "breach_share": 0.04, "breach_p1": 0.2857142857142857, "breach_p2": 0.15384615384615385, "breach_p3": 0.0, "breach_p4": 0.020833333333333332, "wall_seconds": 0.00040077511221170425}, "pfifo": {"id": "c10_replay_150_0103_sla0.5", "base_id": "c10_replay_150_0103", "campus": 10, "size": 150, "condition": "sla0.5", "sla_multiplier": 0.5, "crew_multiplier": 1.0, "method": "pfifo", "seed": 301, "feasible": 1, "wwt": 94.3154, "makespan": 94.7448, "mean_flow": 5.644919333333333, "breach_share": 0.04, "breach_p1": 0.2857142857142857, "breach_p2": 0.15384615384615385, "breach_p3": 0.0, "breach_p4": 0.020833333333333332, "wall_seconds": 0.00028583407402038574}, "mor": {"id": "c10_replay_150_0103_sla0.5", "base_id": "c10_replay_150_0103", "campus": 10, "size": 150, "condition": "sla0.5", "sla_multiplier": 0.5, "crew_multiplier": 1.0, "method": "mor", "seed": 301, "feasible": 1, "wwt": 93.8135, "makespan": 94.4937, "mean_flow": 5.668228666666667, "breach_share": 0.04, "breach_p1": 0.2857142857142857, "breach_p2": 0.15384615384615385, "breach_p3": 0.0, "breach_p4": 0.020833333333333332, "wall_seconds": 0.0002728467807173729}, "random": {"id": "c10_replay_150_0103_sla0.5", "base_id": "c10_replay_150_0103", "campus": 10, "size": 150, "condition": "sla0.5", "sla_multiplier": 0.5, "crew_multiplier": 1.0, "method": "random", "seed": 301, "feasible": 1, "wwt": 94.31519999999999, "makespan": 94.994, "mean_flow": 5.649924000000001, "breach_share": 0.04, "breach_p1": 0.2857142857142857, "breach_p2": 0.15384615384615385, "breach_p3": 0.0, "breach_p4": 0.020833333333333332, "wall_seconds": 0.000229658093303442}, "v2rl301": {"id": "c10_replay_150_0103_sla0.5", "base_id": "c10_replay_150_0103", "campus": 10, "size": 150, "condition": "sla0.5", "sla_multiplier": 0.5, "crew_multiplier": 1.0, "method": "v2rl301", "seed": 301, "feasible": 1, "wwt": 93.8135, "makespan": 94.4937, "mean_flow": 5.666567333333332, "breach_share": 0.04, "breach_p1": 0.2857142857142857, "breach_p2": 0.15384615384615385, "breach_p3": 0.0, "breach_p4": 0.020833333333333332, "wall_seconds": 0.01579442387446761}, "v2rl302": {"id": "c10_replay_150_0103_sla0.5", "base_id": "c10_replay_150_0103", "campus": 10, "size": 150, "condition": "sla0.5", "sla_multiplier": 0.5, "crew_multiplier": 1.0, "method": "v2rl302", "seed": 302, "feasible": 1, "wwt": 93.8135, "makespan": 94.4937, "mean_flow": 5.666563999999999, "breach_share": 0.04, "breach_p1": 0.2857142857142857, "breach_p2": 0.15384615384615385, "breach_p3": 0.0, "breach_p4": 0.020833333333333332, "wall_seconds": 0.01600836729630828}, "v2rl303": {"id": "c10_replay_150_0103_sla0.5", "base_id": "c10_replay_150_0103", "campus": 10, "size": 150, "condition": "sla0.5", "sla_multiplier": 0.5, "crew_multiplier": 1.0, "method": "v2rl303", "seed": 303, "feasible": 1, "wwt": 93.8135, "makespan": 94.4937, "mean_flow": 5.664899333333333, "breach_share": 0.04, "breach_p1": 0.2857142857142857, "breach_p2": 0.15384615384615385, "breach_p3": 0.0, "breach_p4": 0.020833333333333332, "wall_seconds": 0.01577998884022236}}, "methods_expected": ["edd", "wspt", "atc", "pfifo", "mor", "random", "v2rl301", "v2rl302", "v2rl303"], "infeasible": [], "wall_seconds_total": 0.05153834028169513}