{"shard_id": "c10_replay_150_0105", "id": "c10_replay_150_0105", "base_id": "c10_replay_150_0105", "campus": 10, "size": 150, "condition": "baseline", "rows": {"edd": {"id": "c10_replay_150_0105", "base_id": "c10_replay_150_0105", "campus": 10, "size": 150, "condition": "baseline", "sla_multiplier": 1.0, "crew_multiplier": 1.0, "method": "edd", "seed": 301, "feasible": 1, "wwt": 292.0, "makespan": 98.8373, "mean_flow": 5.458104666666666, "breach_share": 0.013333333333333334, "breach_p1": 0.3333333333333333, "breach_p2": 0.0, "breach_p3": 0.0, "breach_p4": 0.0, "wall_seconds": 0.00030574388802051544}, "wspt": {"id": "c10_replay_150_0105", "base_id": "c10_replay_150_0105", "campus": 10, "size": 150, "condition": "baseline", "sla_multiplier": 1.0, "crew_multiplier": 1.0, "method": "wspt", "seed": 301, "feasible": 1, "wwt": 292.0, "makespan": 98.8373, "mean_flow": 5.45796, "breach_share": 0.013333333333333334, "breach_p1": 0.3333333333333333, "breach_p2": 0.0, "breach_p3": 0.0, "breach_p4": 0.0, "wall_seconds": 0.00026366906240582466}, "atc": {"id": "c10_replay_150_0105", "base_id": "c10_replay_150_0105", "campus": 10, "size": 150, "condition": "baseline", "sla_multiplier": 1.0, "crew_multiplier": 1.0, "method": "atc", "seed": 301, "feasible": 1, "wwt": 292.0, "makespan": 98.8373, "mean_flow": 5.45796, "breach_share": 0.013333333333333334, "breach_p1": 0.3333333333333333, "breach_p2": 0.0, "breach_p3": 0.0, "breach_p4": 0.0, "wall_seconds": 0.0003746422007679939}, "pfifo": {"id": "c10_replay_150_0105", "base_id": "c10_replay_150_0105", "campus": 10, "size": 150, "condition": "baseline", "sla_multiplier": 1.0, "crew_multiplier": 1.0, "method": "pfifo", "seed": 301, "feasible": 1, "wwt": 292.0, "makespan": 98.8373, "mean_flow": 5.458104666666666, "breach_share": 0.013333333333333334, "breach_p1": 0.3333333333333333, "breach_p2": 0.0, "breach_p3": 0.0, "breach_p4": 0.0, "wall_seconds": 0.00032295286655426025}, "mor": {"id": "c10_replay_150_0105", "base_id": "c10_replay_150_0105", "campus": 10, "size": 150, "condition": "baseline", "sla_multiplier": 1.0, "crew_multiplier": 1.0, "method": "mor", "seed": 301, "feasible": 1, "wwt": 292.0, "makespan": 98.8373, "mean_flow": 5.458104666666666, "breach_share": 0.013333333333333334, "breach_p1": 0.3333333333333333, "breach_p2": 0.0, "breach_p3": 0.0, "breach_p4": 0.0, "wall_seconds": 0.00028573907911777496}, "random": {"id": "c10_replay_150_0105", "base_id": "c10_replay_150_0105", "campus": 10, "size": 150, "condition": "baseline", "sla_multiplier": 1.0, "crew_multiplier": 1.0, "method": "random", "seed": 301, "feasible": 1, "wwt": 292.0, "makespan": 98.8373, "mean_flow": 5.458104666666666, "breach_share": 0.013333333333333334, "breach_p1": 0.3333333333333333, "breach_p2": 0.0, "breach_p3": 0.0, "breach_p4": 0.0, "wall_seconds": 0.0002399231307208538}, "v2rl301": {"id": "c10_replay_150_0105", "base_id": "c10_replay_150_0105", "campus": 10, "size": 150, "condition": "baseline", "sla_multiplier": 1.0, "crew_multiplier": 1.0, "method": "v2rl301", "seed": 301, "feasible": 1, "wwt": 292.0, "makespan": 98.8373, "mean_flow": 5.458104666666666, "breach_share": 0.013333333333333334, "breach_p1": 0.3333333333333333, "breach_p2": 0.0, "breach_p3": 0.0, "breach_p4": 0.0, "wall_seconds": 0.015136190224438906}, "v2rl302": {"id": "c10_replay_150_0105", "base_id": "c10_replay_150_0105", "campus": 10, "size": 150, "condition": "baseline", "sla_multiplier": 1.0, "crew_multiplier": 1.0, "method": "v2rl302", "seed": 302, "feasible": 1, "wwt": 292.0, "makespan": 98.8373, "mean_flow": 5.458104666666666, "breach_share": 0.013333333333333334, "breach_p1": 0.3333333333333333, "breach_p2": 0.0, "breach_p3": 0.0, "breach_p4": 0.0, "wall_seconds": 0.014707930851727724}, "v2rl303": {"id": "c10_replay_150_0105", "base_id": "c10_replay_150_0105", "campus": 10, "size": 150, "condition": "baseline", "sla_multiplier": 1.0, "crew_multiplier": 1.0, "method": "v2rl303", "seed": 303, "feasible": 1, "wwt": 292.0, "makespan": 98.8373, "mean_flow": 5.458104666666666, "breach_share": 0.013333333333333334, "breach_p1": 0.3333333333333333, "breach_p2": 0.0, "breach_p3": 0.0, "breach_p4": 0.0, "wall_seconds": 0.014802779071033001}}, "methods_expected": ["edd", "wspt", "atc", "pfifo", "mor", "random", "v2rl301", "v2rl302", "v2rl303"], "infeasible": [], "wall_seconds_total": 0.0482678241096437}