{"shard_id": "c10_replay_400_0125_m1.25", "id": "c10_replay_400_0125_m1.25", "base_id": "c10_replay_400_0125", "campus": 10, "size": 400, "condition": "crew1.25", "rows": {"edd": {"id": "c10_replay_400_0125_m1.25", "base_id": "c10_replay_400_0125", "campus": 10, "size": 400, "condition": "crew1.25", "sla_multiplier": 1.0, "crew_multiplier": 1.25, "method": "edd", "seed": 301, "feasible": 1, "wwt": 0.0, "makespan": 91.47540000000001, "mean_flow": 1.7672780000000001, "breach_share": 0.0, "breach_p1": 0.0, "breach_p2": 0.0, "breach_p3": 0.0, "breach_p4": 0.0, "wall_seconds": 0.0010150959715247154}, "wspt": {"id": "c10_replay_400_0125_m1.25", "base_id": "c10_replay_400_0125", "campus": 10, "size": 400, "condition": "crew1.25", "sla_multiplier": 1.0, "crew_multiplier": 1.25, "method": "wspt", "seed": 301, "feasible": 1, "wwt": 0.0, "makespan": 91.47540000000001, "mean_flow": 1.7053539999999998, "breach_share": 0.0, "breach_p1": 0.0, "breach_p2": 0.0, "breach_p3": 0.0, "breach_p4": 0.0, "wall_seconds": 0.0012223320081830025}, "atc": {"id": "c10_replay_400_0125_m1.25", "base_id": "c10_replay_400_0125", "campus": 10, "size": 400, "condition": "crew1.25", "sla_multiplier": 1.0, "crew_multiplier": 1.25, "method": "atc", "seed": 301, "feasible": 1, "wwt": 0.0, "makespan": 91.47540000000001, "mean_flow": 1.7497117500000001, "breach_share": 0.0, "breach_p1": 0.0, "breach_p2": 0.0, "breach_p3": 0.0, "breach_p4": 0.0, "wall_seconds": 0.002399283926934004}, "pfifo": {"id": "c10_replay_400_0125_m1.25", "base_id": "c10_replay_400_0125", "campus": 10, "size": 400, "condition": "crew1.25", "sla_multiplier": 1.0, "crew_multiplier": 1.25, "method": "pfifo", "seed": 301, "feasible": 1, "wwt": 0.0, "makespan": 91.47540000000001, "mean_flow": 1.7672780000000001, "breach_share": 0.0, "breach_p1": 0.0, "breach_p2": 0.0, "breach_p3": 0.0, "breach_p4": 0.0, "wall_seconds": 0.001062735915184021}, "mor": {"id": "c10_replay_400_0125_m1.25", "base_id": "c10_replay_400_0125", "campus": 10, "size": 400, "condition": "crew1.25", "sla_multiplier": 1.0, "crew_multiplier": 1.25, "method": "mor", "seed": 301, "feasible": 1, "wwt": 0.0, "makespan": 91.4751, "mean_flow": 1.7928559999999998, "breach_share": 0.0, "breach_p1": 0.0, "breach_p2": 0.0, "breach_p3": 0.0, "breach_p4": 0.0, "wall_seconds": 0.001056324690580368}, "random": {"id": "c10_replay_400_0125_m1.25", "base_id": "c10_replay_400_0125", "campus": 10, "size": 400, "condition": "crew1.25", "sla_multiplier": 1.0, "crew_multiplier": 1.25, "method": "random", "seed": 301, "feasible": 1, "wwt": 0.0, "makespan": 91.47540000000001, "mean_flow": 1.7320327500000001, "breach_share": 0.0, "breach_p1": 0.0, "breach_p2": 0.0, "breach_p3": 0.0, "breach_p4": 0.0, "wall_seconds": 0.0005800179205834866}, "v2rl301": {"id": "c10_replay_400_0125_m1.25", "base_id": "c10_replay_400_0125", "campus": 10, "size": 400, "condition": "crew1.25", "sla_multiplier": 1.0, "crew_multiplier": 1.25, "method": "v2rl301", "seed": 301, "feasible": 1, "wwt": 0.0, "makespan": 91.4751, "mean_flow": 1.7916059999999998, "breach_share": 0.0, "breach_p1": 0.0, "breach_p2": 0.0, "breach_p3": 0.0, "breach_p4": 0.0, "wall_seconds": 0.049205177929252386}, "v2rl302": {"id": "c10_replay_400_0125_m1.25", "base_id": "c10_replay_400_0125", "campus": 10, "size": 400, "condition": "crew1.25", "sla_multiplier": 1.0, "crew_multiplier": 1.25, "method": "v2rl302", "seed": 302, "feasible": 1, "wwt": 0.0, "makespan": 91.4751, "mean_flow": 1.748084, "breach_share": 0.0, "breach_p1": 0.0, "breach_p2": 0.0, "breach_p3": 0.0, "breach_p4": 0.0, "wall_seconds": 0.04978238698095083}, "v2rl303": {"id": "c10_replay_400_0125_m1.25", "base_id": "c10_replay_400_0125", "campus": 10, "size": 400, "condition": "crew1.25", "sla_multiplier": 1.0, "crew_multiplier": 1.25, "method": "v2rl303", "seed": 303, "feasible": 1, "wwt": 0.0, "makespan": 91.4751, "mean_flow": 1.748084, "breach_share": 0.0, "breach_p1": 0.0, "breach_p2": 0.0, "breach_p3": 0.0, "breach_p4": 0.0, "wall_seconds": 0.04865813907235861}}, "methods_expected": ["edd", "wspt", "atc", "pfifo", "mor", "random", "v2rl301", "v2rl302", "v2rl303"], "infeasible": [], "wall_seconds_total": 0.15967881120741367}