{"shard_id": "c10_replay_400_0126_m0.75", "id": "c10_replay_400_0126_m0.75", "base_id": "c10_replay_400_0126", "campus": 10, "size": 400, "condition": "crew0.75", "rows": {"edd": {"id": "c10_replay_400_0126_m0.75", "base_id": "c10_replay_400_0126", "campus": 10, "size": 400, "condition": "crew0.75", "sla_multiplier": 1.0, "crew_multiplier": 0.75, "method": "edd", "seed": 301, "feasible": 1, "wwt": 212.68880000000001, "makespan": 102.6329, "mean_flow": 7.08798675, "breach_share": 0.005, "breach_p1": 0.2, "breach_p2": 0.0, "breach_p3": 0.0, "breach_p4": 0.0, "wall_seconds": 0.0009011747315526009}, "wspt": {"id": "c10_replay_400_0126_m0.75", "base_id": "c10_replay_400_0126", "campus": 10, "size": 400, "condition": "crew0.75", "sla_multiplier": 1.0, "crew_multiplier": 0.75, "method": "wspt", "seed": 301, "feasible": 1, "wwt": 212.68880000000001, "makespan": 102.6329, "mean_flow": 6.329151749999999, "breach_share": 0.005, "breach_p1": 0.2, "breach_p2": 0.0, "breach_p3": 0.0, "breach_p4": 0.0, "wall_seconds": 0.0009106406942009926}, "atc": {"id": "c10_replay_400_0126_m0.75", "base_id": "c10_replay_400_0126", "campus": 10, "size": 400, "condition": "crew0.75", "sla_multiplier": 1.0, "crew_multiplier": 0.75, "method": "atc", "seed": 301, "feasible": 1, "wwt": 212.68880000000001, "makespan": 102.6329, "mean_flow": 6.364495, "breach_share": 0.005, "breach_p1": 0.2, "breach_p2": 0.0, "breach_p3": 0.0, "breach_p4": 0.0, "wall_seconds": 0.0016308841295540333}, "pfifo": {"id": "c10_replay_400_0126_m0.75", "base_id": "c10_replay_400_0126", "campus": 10, "size": 400, "condition": "crew0.75", "sla_multiplier": 1.0, "crew_multiplier": 0.75, "method": "pfifo", "seed": 301, "feasible": 1, "wwt": 212.68880000000001, "makespan": 102.6329, "mean_flow": 7.08798675, "breach_share": 0.005, "breach_p1": 0.2, "breach_p2": 0.0, "breach_p3": 0.0, "breach_p4": 0.0, "wall_seconds": 0.0009353803470730782}, "mor": {"id": "c10_replay_400_0126_m0.75", "base_id": "c10_replay_400_0126", "campus": 10, "size": 400, "condition": "crew0.75", "sla_multiplier": 1.0, "crew_multiplier": 0.75, "method": "mor", "seed": 301, "feasible": 1, "wwt": 212.68880000000001, "makespan": 102.6329, "mean_flow": 8.37679175, "breach_share": 0.005, "breach_p1": 0.2, "breach_p2": 0.0, "breach_p3": 0.0, "breach_p4": 0.0, "wall_seconds": 0.0009751119650900364}, "random": {"id": "c10_replay_400_0126_m0.75", "base_id": "c10_replay_400_0126", "campus": 10, "size": 400, "condition": "crew0.75", "sla_multiplier": 1.0, "crew_multiplier": 0.75, "method": "random", "seed": 301, "feasible": 1, "wwt": 212.68880000000001, "makespan": 102.6329, "mean_flow": 6.977079750000001, "breach_share": 0.005, "breach_p1": 0.2, "breach_p2": 0.0, "breach_p3": 0.0, "breach_p4": 0.0, "wall_seconds": 0.0005414928309619427}, "v2rl301": {"id": "c10_replay_400_0126_m0.75", "base_id": "c10_replay_400_0126", "campus": 10, "size": 400, "condition": "crew0.75", "sla_multiplier": 1.0, "crew_multiplier": 0.75, "method": "v2rl301", "seed": 301, "feasible": 1, "wwt": 212.68880000000001, "makespan": 102.6329, "mean_flow": 7.9387105, "breach_share": 0.005, "breach_p1": 0.2, "breach_p2": 0.0, "breach_p3": 0.0, "breach_p4": 0.0, "wall_seconds": 0.0484145600348711}, "v2rl302": {"id": "c10_replay_400_0126_m0.75", "base_id": "c10_replay_400_0126", "campus": 10, "size": 400, "condition": "crew0.75", "sla_multiplier": 1.0, "crew_multiplier": 0.75, "method": "v2rl302", "seed": 302, "feasible": 1, "wwt": 212.68880000000001, "makespan": 102.6329, "mean_flow": 7.92133275, "breach_share": 0.005, "breach_p1": 0.2, "breach_p2": 0.0, "breach_p3": 0.0, "breach_p4": 0.0, "wall_seconds": 0.04910632316023111}, "v2rl303": {"id": "c10_replay_400_0126_m0.75", "base_id": "c10_replay_400_0126", "campus": 10, "size": 400, "condition": "crew0.75", "sla_multiplier": 1.0, "crew_multiplier": 0.75, "method": "v2rl303", "seed": 303, "feasible": 1, "wwt": 212.68880000000001, "makespan": 102.6329, "mean_flow": 7.7453265, "breach_share": 0.005, "breach_p1": 0.2, "breach_p2": 0.0, "breach_p3": 0.0, "breach_p4": 0.0, "wall_seconds": 0.04945467226207256}}, "methods_expected": ["edd", "wspt", "atc", "pfifo", "mor", "random", "v2rl301", "v2rl302", "v2rl303"], "infeasible": [], "wall_seconds_total": 0.15757234813645482}