{"shard_id": "c10_replay_150_0103_m0.75", "id": "c10_replay_150_0103_m0.75", "base_id": "c10_replay_150_0103", "campus": 10, "size": 150, "condition": "crew0.75", "rows": {"edd": {"id": "c10_replay_150_0103_m0.75", "base_id": "c10_replay_150_0103", "campus": 10, "size": 150, "condition": "crew0.75", "sla_multiplier": 1.0, "crew_multiplier": 0.75, "method": "edd", "seed": 301, "feasible": 1, "wwt": 18.0, "makespan": 95.2445, "mean_flow": 5.764098000000001, "breach_share": 0.006666666666666667, "breach_p1": 0.14285714285714285, "breach_p2": 0.0, "breach_p3": 0.0, "breach_p4": 0.0, "wall_seconds": 0.0002974448725581169}, "wspt": {"id": "c10_replay_150_0103_m0.75", "base_id": "c10_replay_150_0103", "campus": 10, "size": 150, "condition": "crew0.75", "sla_multiplier": 1.0, "crew_multiplier": 0.75, "method": "wspt", "seed": 301, "feasible": 1, "wwt": 18.0, "makespan": 95.2442, "mean_flow": 5.743458, "breach_share": 0.006666666666666667, "breach_p1": 0.14285714285714285, "breach_p2": 0.0, "breach_p3": 0.0, "breach_p4": 0.0, "wall_seconds": 0.0003025718033313751}, "atc": {"id": "c10_replay_150_0103_m0.75", "base_id": "c10_replay_150_0103", "campus": 10, "size": 150, "condition": "crew0.75", "sla_multiplier": 1.0, "crew_multiplier": 0.75, "method": "atc", "seed": 301, "feasible": 1, "wwt": 18.0, "makespan": 95.2442, "mean_flow": 5.743461999999999, "breach_share": 0.006666666666666667, "breach_p1": 0.14285714285714285, "breach_p2": 0.0, "breach_p3": 0.0, "breach_p4": 0.0, "wall_seconds": 0.00045215897262096405}, "pfifo": {"id": "c10_replay_150_0103_m0.75", "base_id": "c10_replay_150_0103", "campus": 10, "size": 150, "condition": "crew0.75", "sla_multiplier": 1.0, "crew_multiplier": 0.75, "method": "pfifo", "seed": 301, "feasible": 1, "wwt": 18.0, "makespan": 95.2445, "mean_flow": 5.764098000000001, "breach_share": 0.006666666666666667, "breach_p1": 0.14285714285714285, "breach_p2": 0.0, "breach_p3": 0.0, "breach_p4": 0.0, "wall_seconds": 0.00028122076764702797}, "mor": {"id": "c10_replay_150_0103_m0.75", "base_id": "c10_replay_150_0103", "campus": 10, "size": 150, "condition": "crew0.75", "sla_multiplier": 1.0, "crew_multiplier": 0.75, "method": "mor", "seed": 301, "feasible": 1, "wwt": 18.0, "makespan": 94.4937, "mean_flow": 5.859089333333333, "breach_share": 0.006666666666666667, "breach_p1": 0.14285714285714285, "breach_p2": 0.0, "breach_p3": 0.0, "breach_p4": 0.0, "wall_seconds": 0.0002830158919095993}, "random": {"id": "c10_replay_150_0103_m0.75", "base_id": "c10_replay_150_0103", "campus": 10, "size": 150, "condition": "crew0.75", "sla_multiplier": 1.0, "crew_multiplier": 0.75, "method": "random", "seed": 301, "feasible": 1, "wwt": 18.0, "makespan": 95.4945, "mean_flow": 5.773459333333333, "breach_share": 0.006666666666666667, "breach_p1": 0.14285714285714285, "breach_p2": 0.0, "breach_p3": 0.0, "breach_p4": 0.0, "wall_seconds": 0.00022627878934144974}, "v2rl301": {"id": "c10_replay_150_0103_m0.75", "base_id": "c10_replay_150_0103", "campus": 10, "size": 150, "condition": "crew0.75", "sla_multiplier": 1.0, "crew_multiplier": 0.75, "method": "v2rl301", "seed": 301, "feasible": 1, "wwt": 18.0, "makespan": 94.4937, "mean_flow": 5.859089333333333, "breach_share": 0.006666666666666667, "breach_p1": 0.14285714285714285, "breach_p2": 0.0, "breach_p3": 0.0, "breach_p4": 0.0, "wall_seconds": 0.01628214819356799}, "v2rl302": {"id": "c10_replay_150_0103_m0.75", "base_id": "c10_replay_150_0103", "campus": 10, "size": 150, "condition": "crew0.75", "sla_multiplier": 1.0, "crew_multiplier": 0.75, "method": "v2rl302", "seed": 302, "feasible": 1, "wwt": 18.0, "makespan": 94.4937, "mean_flow": 5.852424666666668, "breach_share": 0.006666666666666667, "breach_p1": 0.14285714285714285, "breach_p2": 0.0, "breach_p3": 0.0, "breach_p4": 0.0, "wall_seconds": 0.01601460436359048}, "v2rl303": {"id": "c10_replay_150_0103_m0.75", "base_id": "c10_replay_150_0103", "campus": 10, "size": 150, "condition": "crew0.75", "sla_multiplier": 1.0, "crew_multiplier": 0.75, "method": "v2rl303", "seed": 303, "feasible": 1, "wwt": 18.0, "makespan": 94.4937, "mean_flow": 5.852424666666666, "breach_share": 0.006666666666666667, "breach_p1": 0.14285714285714285, "breach_p2": 0.0, "breach_p3": 0.0, "breach_p4": 0.0, "wall_seconds": 0.015998406801372766}}, "methods_expected": ["edd", "wspt", "atc", "pfifo", "mor", "random", "v2rl301", "v2rl302", "v2rl303"], "infeasible": [], "wall_seconds_total": 0.052301743067801}