{"shard_id": "c10_replay_150_0104_m1.25", "id": "c10_replay_150_0104_m1.25", "base_id": "c10_replay_150_0104", "campus": 10, "size": 150, "condition": "crew1.25", "rows": {"edd": {"id": "c10_replay_150_0104_m1.25", "base_id": "c10_replay_150_0104", "campus": 10, "size": 150, "condition": "crew1.25", "sla_multiplier": 1.0, "crew_multiplier": 1.25, "method": "edd", "seed": 301, "feasible": 1, "wwt": 21.729600000000005, "makespan": 106.10730000000001, "mean_flow": 2.9067306666666664, "breach_share": 0.006666666666666667, "breach_p1": 0.0, "breach_p2": 0.0, "breach_p3": 0.09090909090909091, "breach_p4": 0.0, "wall_seconds": 0.0005733249709010124}, "wspt": {"id": "c10_replay_150_0104_m1.25", "base_id": "c10_replay_150_0104", "campus": 10, "size": 150, "condition": "crew1.25", "sla_multiplier": 1.0, "crew_multiplier": 1.25, "method": "wspt", "seed": 301, "feasible": 1, "wwt": 21.729600000000005, "makespan": 106.10730000000001, "mean_flow": 2.7717306666666666, "breach_share": 0.006666666666666667, "breach_p1": 0.0, "breach_p2": 0.0, "breach_p3": 0.09090909090909091, "breach_p4": 0.0, "wall_seconds": 0.0006299070082604885}, "atc": {"id": "c10_replay_150_0104_m1.25", "base_id": "c10_replay_150_0104", "campus": 10, "size": 150, "condition": "crew1.25", "sla_multiplier": 1.0, "crew_multiplier": 1.25, "method": "atc", "seed": 301, "feasible": 1, "wwt": 21.729600000000005, "makespan": 106.10730000000001, "mean_flow": 2.7850639999999998, "breach_share": 0.006666666666666667, "breach_p1": 0.0, "breach_p2": 0.0, "breach_p3": 0.09090909090909091, "breach_p4": 0.0, "wall_seconds": 0.0013219299726188183}, "pfifo": {"id": "c10_replay_150_0104_m1.25", "base_id": "c10_replay_150_0104", "campus": 10, "size": 150, "condition": "crew1.25", "sla_multiplier": 1.0, "crew_multiplier": 1.25, "method": "pfifo", "seed": 301, "feasible": 1, "wwt": 21.729600000000005, "makespan": 106.10730000000001, "mean_flow": 2.9067306666666664, "breach_share": 0.006666666666666667, "breach_p1": 0.0, "breach_p2": 0.0, "breach_p3": 0.09090909090909091, "breach_p4": 0.0, "wall_seconds": 0.0005736909806728363}, "mor": {"id": "c10_replay_150_0104_m1.25", "base_id": "c10_replay_150_0104", "campus": 10, "size": 150, "condition": "crew1.25", "sla_multiplier": 1.0, "crew_multiplier": 1.25, "method": "mor", "seed": 301, "feasible": 1, "wwt": 21.729600000000005, "makespan": 106.10730000000001, "mean_flow": 3.0467306666666665, "breach_share": 0.006666666666666667, "breach_p1": 0.0, "breach_p2": 0.0, "breach_p3": 0.09090909090909091, "breach_p4": 0.0, "wall_seconds": 0.0005279085598886013}, "random": {"id": "c10_replay_150_0104_m1.25", "base_id": "c10_replay_150_0104", "campus": 10, "size": 150, "condition": "crew1.25", "sla_multiplier": 1.0, "crew_multiplier": 1.25, "method": "random", "seed": 301, "feasible": 1, "wwt": 21.729600000000005, "makespan": 106.10730000000001, "mean_flow": 2.858397333333333, "breach_share": 0.006666666666666667, "breach_p1": 0.0, "breach_p2": 0.0, "breach_p3": 0.09090909090909091, "breach_p4": 0.0, "wall_seconds": 0.0002475208602845669}, "v2rl301": {"id": "c10_replay_150_0104_m1.25", "base_id": "c10_replay_150_0104", "campus": 10, "size": 150, "condition": "crew1.25", "sla_multiplier": 1.0, "crew_multiplier": 1.25, "method": "v2rl301", "seed": 301, "feasible": 1, "wwt": 21.729600000000005, "makespan": 106.10730000000001, "mean_flow": 3.0467306666666665, "breach_share": 0.006666666666666667, "breach_p1": 0.0, "breach_p2": 0.0, "breach_p3": 0.09090909090909091, "breach_p4": 0.0, "wall_seconds": 0.019301589112728834}, "v2rl302": {"id": "c10_replay_150_0104_m1.25", "base_id": "c10_replay_150_0104", "campus": 10, "size": 150, "condition": "crew1.25", "sla_multiplier": 1.0, "crew_multiplier": 1.25, "method": "v2rl302", "seed": 302, "feasible": 1, "wwt": 21.729600000000005, "makespan": 106.10730000000001, "mean_flow": 3.0467306666666665, "breach_share": 0.006666666666666667, "breach_p1": 0.0, "breach_p2": 0.0, "breach_p3": 0.09090909090909091, "breach_p4": 0.0, "wall_seconds": 0.018834323156625032}, "v2rl303": {"id": "c10_replay_150_0104_m1.25", "base_id": "c10_replay_150_0104", "campus": 10, "size": 150, "condition": "crew1.25", "sla_multiplier": 1.0, "crew_multiplier": 1.25, "method": "v2rl303", "seed": 303, "feasible": 1, "wwt": 21.729600000000005, "makespan": 106.10730000000001, "mean_flow": 2.8950639999999996, "breach_share": 0.006666666666666667, "breach_p1": 0.0, "breach_p2": 0.0, "breach_p3": 0.09090909090909091, "breach_p4": 0.0, "wall_seconds": 0.0188978249207139}}, "methods_expected": ["edd", "wspt", "atc", "pfifo", "mor", "random", "v2rl301", "v2rl302", "v2rl303"], "infeasible": [], "wall_seconds_total": 0.06315539916977286}