{"shard_id": "c10_replay_400_0111_sla0.5", "id": "c10_replay_400_0111_sla0.5", "base_id": "c10_replay_400_0111", "campus": 10, "size": 400, "condition": "sla0.5", "rows": {"edd": {"id": "c10_replay_400_0111_sla0.5", "base_id": "c10_replay_400_0111", "campus": 10, "size": 400, "condition": "sla0.5", "sla_multiplier": 0.5, "crew_multiplier": 1.0, "method": "edd", "seed": 301, "feasible": 1, "wwt": 28.0, "makespan": 31.0461, "mean_flow": 2.5132670000000004, "breach_share": 0.005, "breach_p1": 0.05555555555555555, "breach_p2": 0.05555555555555555, "breach_p3": 0.0, "breach_p4": 0.0, "wall_seconds": 0.0013036769814789295}, "wspt": {"id": "c10_replay_400_0111_sla0.5", "base_id": "c10_replay_400_0111", "campus": 10, "size": 400, "condition": "sla0.5", "sla_multiplier": 0.5, "crew_multiplier": 1.0, "method": "wspt", "seed": 301, "feasible": 1, "wwt": 28.0, "makespan": 31.0461, "mean_flow": 2.1740465, "breach_share": 0.005, "breach_p1": 0.05555555555555555, "breach_p2": 0.05555555555555555, "breach_p3": 0.0, "breach_p4": 0.0, "wall_seconds": 0.0015986040234565735}, "atc": {"id": "c10_replay_400_0111_sla0.5", "base_id": "c10_replay_400_0111", "campus": 10, "size": 400, "condition": "sla0.5", "sla_multiplier": 0.5, "crew_multiplier": 1.0, "method": "atc", "seed": 301, "feasible": 1, "wwt": 28.0, "makespan": 31.0461, "mean_flow": 2.5710405000000005, "breach_share": 0.005, "breach_p1": 0.05555555555555555, "breach_p2": 0.05555555555555555, "breach_p3": 0.0, "breach_p4": 0.0, "wall_seconds": 0.0030413009226322174}, "pfifo": {"id": "c10_replay_400_0111_sla0.5", "base_id": "c10_replay_400_0111", "campus": 10, "size": 400, "condition": "sla0.5", "sla_multiplier": 0.5, "crew_multiplier": 1.0, "method": "pfifo", "seed": 301, "feasible": 1, "wwt": 28.0, "makespan": 31.0461, "mean_flow": 2.5132670000000004, "breach_share": 0.005, "breach_p1": 0.05555555555555555, "breach_p2": 0.05555555555555555, "breach_p3": 0.0, "breach_p4": 0.0, "wall_seconds": 0.0012585660442709923}, "mor": {"id": "c10_replay_400_0111_sla0.5", "base_id": "c10_replay_400_0111", "campus": 10, "size": 400, "condition": "sla0.5", "sla_multiplier": 0.5, "crew_multiplier": 1.0, "method": "mor", "seed": 301, "feasible": 1, "wwt": 28.0, "makespan": 31.0461, "mean_flow": 2.7201952499999997, "breach_share": 0.005, "breach_p1": 0.05555555555555555, "breach_p2": 0.05555555555555555, "breach_p3": 0.0, "breach_p4": 0.0, "wall_seconds": 0.0012935162521898746}, "random": {"id": "c10_replay_400_0111_sla0.5", "base_id": "c10_replay_400_0111", "campus": 10, "size": 400, "condition": "sla0.5", "sla_multiplier": 0.5, "crew_multiplier": 1.0, "method": "random", "seed": 301, "feasible": 1, "wwt": 28.0, "makespan": 31.0461, "mean_flow": 2.3094925, "breach_share": 0.005, "breach_p1": 0.05555555555555555, "breach_p2": 0.05555555555555555, "breach_p3": 0.0, "breach_p4": 0.0, "wall_seconds": 0.0005949758924543858}, "v2rl301": {"id": "c10_replay_400_0111_sla0.5", "base_id": "c10_replay_400_0111", "campus": 10, "size": 400, "condition": "sla0.5", "sla_multiplier": 0.5, "crew_multiplier": 1.0, "method": "v2rl301", "seed": 301, "feasible": 1, "wwt": 28.0, "makespan": 31.0461, "mean_flow": 2.7201447499999993, "breach_share": 0.005, "breach_p1": 0.05555555555555555, "breach_p2": 0.05555555555555555, "breach_p3": 0.0, "breach_p4": 0.0, "wall_seconds": 0.052427676040679216}, "v2rl302": {"id": "c10_replay_400_0111_sla0.5", "base_id": "c10_replay_400_0111", "campus": 10, "size": 400, "condition": "sla0.5", "sla_multiplier": 0.5, "crew_multiplier": 1.0, "method": "v2rl302", "seed": 302, "feasible": 1, "wwt": 28.0, "makespan": 31.0461, "mean_flow": 2.44960025, "breach_share": 0.005, "breach_p1": 0.05555555555555555, "breach_p2": 0.05555555555555555, "breach_p3": 0.0, "breach_p4": 0.0, "wall_seconds": 0.05255051236599684}, "v2rl303": {"id": "c10_replay_400_0111_sla0.5", "base_id": "c10_replay_400_0111", "campus": 10, "size": 400, "condition": "sla0.5", "sla_multiplier": 0.5, "crew_multiplier": 1.0, "method": "v2rl303", "seed": 303, "feasible": 1, "wwt": 28.0, "makespan": 31.0461, "mean_flow": 2.2154875, "breach_share": 0.005, "breach_p1": 0.05555555555555555, "breach_p2": 0.05555555555555555, "breach_p3": 0.0, "breach_p4": 0.0, "wall_seconds": 0.05419541010633111}}, "methods_expected": ["edd", "wspt", "atc", "pfifo", "mor", "random", "v2rl301", "v2rl302", "v2rl303"], "infeasible": [], "wall_seconds_total": 0.17307299794629216}