{"shard_id": "c10_replay_400_0103_sla1.5", "id": "c10_replay_400_0103_sla1.5", "base_id": "c10_replay_400_0103", "campus": 10, "size": 400, "condition": "sla1.5", "rows": {"edd": {"id": "c10_replay_400_0103_sla1.5", "base_id": "c10_replay_400_0103", "campus": 10, "size": 400, "condition": "sla1.5", "sla_multiplier": 1.5, "crew_multiplier": 1.0, "method": "edd", "seed": 301, "feasible": 1, "wwt": 20.0, "makespan": 95.2437, "mean_flow": 4.14009375, "breach_share": 0.0025, "breach_p1": 0.07142857142857142, "breach_p2": 0.0, "breach_p3": 0.0, "breach_p4": 0.0, "wall_seconds": 0.0007411097176373005}, "wspt": {"id": "c10_replay_400_0103_sla1.5", "base_id": "c10_replay_400_0103", "campus": 10, "size": 400, "condition": "sla1.5", "sla_multiplier": 1.5, "crew_multiplier": 1.0, "method": "wspt", "seed": 301, "feasible": 1, "wwt": 20.0, "makespan": 94.9945, "mean_flow": 4.108076499999999, "breach_share": 0.0025, "breach_p1": 0.07142857142857142, "breach_p2": 0.0, "breach_p3": 0.0, "breach_p4": 0.0, "wall_seconds": 0.0007568206638097763}, "atc": {"id": "c10_replay_400_0103_sla1.5", "base_id": "c10_replay_400_0103", "campus": 10, "size": 400, "condition": "sla1.5", "sla_multiplier": 1.5, "crew_multiplier": 1.0, "method": "atc", "seed": 301, "feasible": 1, "wwt": 20.0, "makespan": 94.9945, "mean_flow": 4.130840500000001, "breach_share": 0.0025, "breach_p1": 0.07142857142857142, "breach_p2": 0.0, "breach_p3": 0.0, "breach_p4": 0.0, "wall_seconds": 0.0012340191751718521}, "pfifo": {"id": "c10_replay_400_0103_sla1.5", "base_id": "c10_replay_400_0103", "campus": 10, "size": 400, "condition": "sla1.5", "sla_multiplier": 1.5, "crew_multiplier": 1.0, "method": "pfifo", "seed": 301, "feasible": 1, "wwt": 20.0, "makespan": 95.2437, "mean_flow": 4.14009375, "breach_share": 0.0025, "breach_p1": 0.07142857142857142, "breach_p2": 0.0, "breach_p3": 0.0, "breach_p4": 0.0, "wall_seconds": 0.0007455958984792233}, "mor": {"id": "c10_replay_400_0103_sla1.5", "base_id": "c10_replay_400_0103", "campus": 10, "size": 400, "condition": "sla1.5", "sla_multiplier": 1.5, "crew_multiplier": 1.0, "method": "mor", "seed": 301, "feasible": 1, "wwt": 20.0, "makespan": 94.494, "mean_flow": 4.16331875, "breach_share": 0.0025, "breach_p1": 0.07142857142857142, "breach_p2": 0.0, "breach_p3": 0.0, "breach_p4": 0.0, "wall_seconds": 0.0007575112394988537}, "random": {"id": "c10_replay_400_0103_sla1.5", "base_id": "c10_replay_400_0103", "campus": 10, "size": 400, "condition": "sla1.5", "sla_multiplier": 1.5, "crew_multiplier": 1.0, "method": "random", "seed": 301, "feasible": 1, "wwt": 20.0, "makespan": 94.7445, "mean_flow": 4.126015249999999, "breach_share": 0.0025, "breach_p1": 0.07142857142857142, "breach_p2": 0.0, "breach_p3": 0.0, "breach_p4": 0.0, "wall_seconds": 0.0005464558489620686}, "v2rl301": {"id": "c10_replay_400_0103_sla1.5", "base_id": "c10_replay_400_0103", "campus": 10, "size": 400, "condition": "sla1.5", "sla_multiplier": 1.5, "crew_multiplier": 1.0, "method": "v2rl301", "seed": 301, "feasible": 1, "wwt": 20.0, "makespan": 94.4945, "mean_flow": 4.15896375, "breach_share": 0.0025, "breach_p1": 0.07142857142857142, "breach_p2": 0.0, "breach_p3": 0.0, "breach_p4": 0.0, "wall_seconds": 0.044900269247591496}, "v2rl302": {"id": "c10_replay_400_0103_sla1.5", "base_id": "c10_replay_400_0103", "campus": 10, "size": 400, "condition": "sla1.5", "sla_multiplier": 1.5, "crew_multiplier": 1.0, "method": "v2rl302", "seed": 302, "feasible": 1, "wwt": 20.0, "makespan": 94.494, "mean_flow": 4.16269225, "breach_share": 0.0025, "breach_p1": 0.07142857142857142, "breach_p2": 0.0, "breach_p3": 0.0, "breach_p4": 0.0, "wall_seconds": 0.04416175885125995}, "v2rl303": {"id": "c10_replay_400_0103_sla1.5", "base_id": "c10_replay_400_0103", "campus": 10, "size": 400, "condition": "sla1.5", "sla_multiplier": 1.5, "crew_multiplier": 1.0, "method": "v2rl303", "seed": 303, "feasible": 1, "wwt": 20.0, "makespan": 94.494, "mean_flow": 4.16269375, "breach_share": 0.0025, "breach_p1": 0.07142857142857142, "breach_p2": 0.0, "breach_p3": 0.0, "breach_p4": 0.0, "wall_seconds": 0.04436703398823738}}, "methods_expected": ["edd", "wspt", "atc", "pfifo", "mor", "random", "v2rl301", "v2rl302", "v2rl303"], "infeasible": [], "wall_seconds_total": 0.142768869176507}