{"shard_id": "c10_replay_400_0126_sla1.5", "id": "c10_replay_400_0126_sla1.5", "base_id": "c10_replay_400_0126", "campus": 10, "size": 400, "condition": "sla1.5", "rows": {"edd": {"id": "c10_replay_400_0126_sla1.5", "base_id": "c10_replay_400_0126", "campus": 10, "size": 400, "condition": "sla1.5", "sla_multiplier": 1.5, "crew_multiplier": 1.0, "method": "edd", "seed": 301, "feasible": 1, "wwt": 143.99999999999994, "makespan": 102.6329, "mean_flow": 6.5378895, "breach_share": 0.0025, "breach_p1": 0.1, "breach_p2": 0.0, "breach_p3": 0.0, "breach_p4": 0.0, "wall_seconds": 0.0008913120254874229}, "wspt": {"id": "c10_replay_400_0126_sla1.5", "base_id": "c10_replay_400_0126", "campus": 10, "size": 400, "condition": "sla1.5", "sla_multiplier": 1.5, "crew_multiplier": 1.0, "method": "wspt", "seed": 301, "feasible": 1, "wwt": 143.99999999999994, "makespan": 102.6329, "mean_flow": 5.990327, "breach_share": 0.0025, "breach_p1": 0.1, "breach_p2": 0.0, "breach_p3": 0.0, "breach_p4": 0.0, "wall_seconds": 0.0009314767085015774}, "atc": {"id": "c10_replay_400_0126_sla1.5", "base_id": "c10_replay_400_0126", "campus": 10, "size": 400, "condition": "sla1.5", "sla_multiplier": 1.5, "crew_multiplier": 1.0, "method": "atc", "seed": 301, "feasible": 1, "wwt": 143.99999999999994, "makespan": 102.6329, "mean_flow": 6.01029, "breach_share": 0.0025, "breach_p1": 0.1, "breach_p2": 0.0, "breach_p3": 0.0, "breach_p4": 0.0, "wall_seconds": 0.0016024732030928135}, "pfifo": {"id": "c10_replay_400_0126_sla1.5", "base_id": "c10_replay_400_0126", "campus": 10, "size": 400, "condition": "sla1.5", "sla_multiplier": 1.5, "crew_multiplier": 1.0, "method": "pfifo", "seed": 301, "feasible": 1, "wwt": 143.99999999999994, "makespan": 102.6329, "mean_flow": 6.5378895, "breach_share": 0.0025, "breach_p1": 0.1, "breach_p2": 0.0, "breach_p3": 0.0, "breach_p4": 0.0, "wall_seconds": 0.0008773822337388992}, "mor": {"id": "c10_replay_400_0126_sla1.5", "base_id": "c10_replay_400_0126", "campus": 10, "size": 400, "condition": "sla1.5", "sla_multiplier": 1.5, "crew_multiplier": 1.0, "method": "mor", "seed": 301, "feasible": 1, "wwt": 143.99999999999994, "makespan": 102.6329, "mean_flow": 7.20034475, "breach_share": 0.0025, "breach_p1": 0.1, "breach_p2": 0.0, "breach_p3": 0.0, "breach_p4": 0.0, "wall_seconds": 0.0008653220720589161}, "random": {"id": "c10_replay_400_0126_sla1.5", "base_id": "c10_replay_400_0126", "campus": 10, "size": 400, "condition": "sla1.5", "sla_multiplier": 1.5, "crew_multiplier": 1.0, "method": "random", "seed": 301, "feasible": 1, "wwt": 143.99999999999994, "makespan": 102.6329, "mean_flow": 6.36451675, "breach_share": 0.0025, "breach_p1": 0.1, "breach_p2": 0.0, "breach_p3": 0.0, "breach_p4": 0.0, "wall_seconds": 0.0005531320348381996}, "v2rl301": {"id": "c10_replay_400_0126_sla1.5", "base_id": "c10_replay_400_0126", "campus": 10, "size": 400, "condition": "sla1.5", "sla_multiplier": 1.5, "crew_multiplier": 1.0, "method": "v2rl301", "seed": 301, "feasible": 1, "wwt": 143.99999999999994, "makespan": 102.6329, "mean_flow": 7.09599475, "breach_share": 0.0025, "breach_p1": 0.1, "breach_p2": 0.0, "breach_p3": 0.0, "breach_p4": 0.0, "wall_seconds": 0.0479926411062479}, "v2rl302": {"id": "c10_replay_400_0126_sla1.5", "base_id": "c10_replay_400_0126", "campus": 10, "size": 400, "condition": "sla1.5", "sla_multiplier": 1.5, "crew_multiplier": 1.0, "method": "v2rl302", "seed": 302, "feasible": 1, "wwt": 143.99999999999994, "makespan": 102.6329, "mean_flow": 6.912708749999999, "breach_share": 0.0025, "breach_p1": 0.1, "breach_p2": 0.0, "breach_p3": 0.0, "breach_p4": 0.0, "wall_seconds": 0.0480120861902833}, "v2rl303": {"id": "c10_replay_400_0126_sla1.5", "base_id": "c10_replay_400_0126", "campus": 10, "size": 400, "condition": "sla1.5", "sla_multiplier": 1.5, "crew_multiplier": 1.0, "method": "v2rl303", "seed": 303, "feasible": 1, "wwt": 143.99999999999994, "makespan": 102.6329, "mean_flow": 6.9066399999999994, "breach_share": 0.0025, "breach_p1": 0.1, "breach_p2": 0.0, "breach_p3": 0.0, "breach_p4": 0.0, "wall_seconds": 0.04772751405835152}}, "methods_expected": ["edd", "wspt", "atc", "pfifo", "mor", "random", "v2rl301", "v2rl302", "v2rl303"], "infeasible": [], "wall_seconds_total": 0.15424123592674732}