{"shard_id": "c10_replay_150_0122", "id": "c10_replay_150_0122", "base_id": "c10_replay_150_0122", "campus": 10, "size": 150, "condition": "baseline", "rows": {"edd": {"id": "c10_replay_150_0122", "base_id": "c10_replay_150_0122", "campus": 10, "size": 150, "condition": "baseline", "sla_multiplier": 1.0, "crew_multiplier": 1.0, "method": "edd", "seed": 301, "feasible": 1, "wwt": 23.999999999999986, "makespan": 41.5586, "mean_flow": 2.9261779999999997, "breach_share": 0.006666666666666667, "breach_p1": 0.0, "breach_p2": 0.034482758620689655, "breach_p3": 0.0, "breach_p4": 0.0, "wall_seconds": 0.00026832660660147667}, "wspt": {"id": "c10_replay_150_0122", "base_id": "c10_replay_150_0122", "campus": 10, "size": 150, "condition": "baseline", "sla_multiplier": 1.0, "crew_multiplier": 1.0, "method": "wspt", "seed": 301, "feasible": 1, "wwt": 23.999999999999986, "makespan": 41.5586, "mean_flow": 2.925352666666667, "breach_share": 0.006666666666666667, "breach_p1": 0.0, "breach_p2": 0.034482758620689655, "breach_p3": 0.0, "breach_p4": 0.0, "wall_seconds": 0.0002687200903892517}, "atc": {"id": "c10_replay_150_0122", "base_id": "c10_replay_150_0122", "campus": 10, "size": 150, "condition": "baseline", "sla_multiplier": 1.0, "crew_multiplier": 1.0, "method": "atc", "seed": 301, "feasible": 1, "wwt": 23.999999999999986, "makespan": 41.5586, "mean_flow": 2.925352666666667, "breach_share": 0.006666666666666667, "breach_p1": 0.0, "breach_p2": 0.034482758620689655, "breach_p3": 0.0, "breach_p4": 0.0, "wall_seconds": 0.00033097993582487106}, "pfifo": {"id": "c10_replay_150_0122", "base_id": "c10_replay_150_0122", "campus": 10, "size": 150, "condition": "baseline", "sla_multiplier": 1.0, "crew_multiplier": 1.0, "method": "pfifo", "seed": 301, "feasible": 1, "wwt": 23.999999999999986, "makespan": 41.5586, "mean_flow": 2.9261779999999997, "breach_share": 0.006666666666666667, "breach_p1": 0.0, "breach_p2": 0.034482758620689655, "breach_p3": 0.0, "breach_p4": 0.0, "wall_seconds": 0.00027848919853568077}, "mor": {"id": "c10_replay_150_0122", "base_id": "c10_replay_150_0122", "campus": 10, "size": 150, "condition": "baseline", "sla_multiplier": 1.0, "crew_multiplier": 1.0, "method": "mor", "seed": 301, "feasible": 1, "wwt": 23.999999999999986, "makespan": 41.5586, "mean_flow": 2.9261779999999997, "breach_share": 0.006666666666666667, "breach_p1": 0.0, "breach_p2": 0.034482758620689655, "breach_p3": 0.0, "breach_p4": 0.0, "wall_seconds": 0.0002521248534321785}, "random": {"id": "c10_replay_150_0122", "base_id": "c10_replay_150_0122", "campus": 10, "size": 150, "condition": "baseline", "sla_multiplier": 1.0, "crew_multiplier": 1.0, "method": "random", "seed": 301, "feasible": 1, "wwt": 23.999999999999986, "makespan": 41.5586, "mean_flow": 2.9260799999999993, "breach_share": 0.006666666666666667, "breach_p1": 0.0, "breach_p2": 0.034482758620689655, "breach_p3": 0.0, "breach_p4": 0.0, "wall_seconds": 0.00023532193154096603}, "v2rl301": {"id": "c10_replay_150_0122", "base_id": "c10_replay_150_0122", "campus": 10, "size": 150, "condition": "baseline", "sla_multiplier": 1.0, "crew_multiplier": 1.0, "method": "v2rl301", "seed": 301, "feasible": 1, "wwt": 23.999999999999986, "makespan": 41.5586, "mean_flow": 2.9261779999999997, "breach_share": 0.006666666666666667, "breach_p1": 0.0, "breach_p2": 0.034482758620689655, "breach_p3": 0.0, "breach_p4": 0.0, "wall_seconds": 0.01535895699635148}, "v2rl302": {"id": "c10_replay_150_0122", "base_id": "c10_replay_150_0122", "campus": 10, "size": 150, "condition": "baseline", "sla_multiplier": 1.0, "crew_multiplier": 1.0, "method": "v2rl302", "seed": 302, "feasible": 1, "wwt": 23.999999999999986, "makespan": 41.5586, "mean_flow": 2.9261779999999997, "breach_share": 0.006666666666666667, "breach_p1": 0.0, "breach_p2": 0.034482758620689655, "breach_p3": 0.0, "breach_p4": 0.0, "wall_seconds": 0.015275183133780956}, "v2rl303": {"id": "c10_replay_150_0122", "base_id": "c10_replay_150_0122", "campus": 10, "size": 150, "condition": "baseline", "sla_multiplier": 1.0, "crew_multiplier": 1.0, "method": "v2rl303", "seed": 303, "feasible": 1, "wwt": 23.999999999999986, "makespan": 41.5586, "mean_flow": 2.9261779999999997, "breach_share": 0.006666666666666667, "breach_p1": 0.0, "breach_p2": 0.034482758620689655, "breach_p3": 0.0, "breach_p4": 0.0, "wall_seconds": 0.015344023704528809}}, "methods_expected": ["edd", "wspt", "atc", "pfifo", "mor", "random", "v2rl301", "v2rl302", "v2rl303"], "infeasible": [], "wall_seconds_total": 0.04941448522731662}