{"shard_id": "c10_replay_150_0127_m0.75", "id": "c10_replay_150_0127_m0.75", "base_id": "c10_replay_150_0127", "campus": 10, "size": 150, "condition": "crew0.75", "rows": {"edd": {"id": "c10_replay_150_0127_m0.75", "base_id": "c10_replay_150_0127", "campus": 10, "size": 150, "condition": "crew0.75", "sla_multiplier": 1.0, "crew_multiplier": 0.75, "method": "edd", "seed": 301, "feasible": 1, "wwt": 80.0, "makespan": 58.25, "mean_flow": 1.7568666666666666, "breach_share": 0.006666666666666667, "breach_p1": 0.5, "breach_p2": 0.0, "breach_p3": 0.0, "breach_p4": 0.0, "wall_seconds": 0.0005777631886303425}, "wspt": {"id": "c10_replay_150_0127_m0.75", "base_id": "c10_replay_150_0127", "campus": 10, "size": 150, "condition": "crew0.75", "sla_multiplier": 1.0, "crew_multiplier": 0.75, "method": "wspt", "seed": 301, "feasible": 1, "wwt": 80.0, "makespan": 59.02, "mean_flow": 1.6195333333333333, "breach_share": 0.006666666666666667, "breach_p1": 0.5, "breach_p2": 0.0, "breach_p3": 0.0, "breach_p4": 0.0, "wall_seconds": 0.0006729783490300179}, "atc": {"id": "c10_replay_150_0127_m0.75", "base_id": "c10_replay_150_0127", "campus": 10, "size": 150, "condition": "crew0.75", "sla_multiplier": 1.0, "crew_multiplier": 0.75, "method": "atc", "seed": 301, "feasible": 1, "wwt": 80.0, "makespan": 59.02, "mean_flow": 1.748866666666667, "breach_share": 0.006666666666666667, "breach_p1": 0.5, "breach_p2": 0.0, "breach_p3": 0.0, "breach_p4": 0.0, "wall_seconds": 0.0013886247761547565}, "pfifo": {"id": "c10_replay_150_0127_m0.75", "base_id": "c10_replay_150_0127", "campus": 10, "size": 150, "condition": "crew0.75", "sla_multiplier": 1.0, "crew_multiplier": 0.75, "method": "pfifo", "seed": 301, "feasible": 1, "wwt": 80.0, "makespan": 58.25, "mean_flow": 1.7568666666666666, "breach_share": 0.006666666666666667, "breach_p1": 0.5, "breach_p2": 0.0, "breach_p3": 0.0, "breach_p4": 0.0, "wall_seconds": 0.0006034700199961662}, "mor": {"id": "c10_replay_150_0127_m0.75", "base_id": "c10_replay_150_0127", "campus": 10, "size": 150, "condition": "crew0.75", "sla_multiplier": 1.0, "crew_multiplier": 0.75, "method": "mor", "seed": 301, "feasible": 1, "wwt": 80.0, "makespan": 58.25, "mean_flow": 1.8538, "breach_share": 0.006666666666666667, "breach_p1": 0.5, "breach_p2": 0.0, "breach_p3": 0.0, "breach_p4": 0.0, "wall_seconds": 0.0005484111607074738}, "random": {"id": "c10_replay_150_0127_m0.75", "base_id": "c10_replay_150_0127", "campus": 10, "size": 150, "condition": "crew0.75", "sla_multiplier": 1.0, "crew_multiplier": 0.75, "method": "random", "seed": 301, "feasible": 1, "wwt": 80.0, "makespan": 58.5, "mean_flow": 1.723066666666667, "breach_share": 0.006666666666666667, "breach_p1": 0.5, "breach_p2": 0.0, "breach_p3": 0.0, "breach_p4": 0.0, "wall_seconds": 0.00023633567616343498}, "v2rl301": {"id": "c10_replay_150_0127_m0.75", "base_id": "c10_replay_150_0127", "campus": 10, "size": 150, "condition": "crew0.75", "sla_multiplier": 1.0, "crew_multiplier": 0.75, "method": "v2rl301", "seed": 301, "feasible": 1, "wwt": 80.0, "makespan": 58.25, "mean_flow": 1.8538, "breach_share": 0.006666666666666667, "breach_p1": 0.5, "breach_p2": 0.0, "breach_p3": 0.0, "breach_p4": 0.0, "wall_seconds": 0.02013012021780014}, "v2rl302": {"id": "c10_replay_150_0127_m0.75", "base_id": "c10_replay_150_0127", "campus": 10, "size": 150, "condition": "crew0.75", "sla_multiplier": 1.0, "crew_multiplier": 0.75, "method": "v2rl302", "seed": 302, "feasible": 1, "wwt": 80.0, "makespan": 58.25, "mean_flow": 1.7150666666666665, "breach_share": 0.006666666666666667, "breach_p1": 0.5, "breach_p2": 0.0, "breach_p3": 0.0, "breach_p4": 0.0, "wall_seconds": 0.019545629154890776}, "v2rl303": {"id": "c10_replay_150_0127_m0.75", "base_id": "c10_replay_150_0127", "campus": 10, "size": 150, "condition": "crew0.75", "sla_multiplier": 1.0, "crew_multiplier": 0.75, "method": "v2rl303", "seed": 303, "feasible": 1, "wwt": 80.0, "makespan": 58.25, "mean_flow": 1.7323333333333335, "breach_share": 0.006666666666666667, "breach_p1": 0.5, "breach_p2": 0.0, "breach_p3": 0.0, "breach_p4": 0.0, "wall_seconds": 0.019522641319781542}}, "methods_expected": ["edd", "wspt", "atc", "pfifo", "mor", "random", "v2rl301", "v2rl302", "v2rl303"], "infeasible": [], "wall_seconds_total": 0.06547816516831517}