{"shard_id": "c10_replay_400_0126_sla0.5", "id": "c10_replay_400_0126_sla0.5", "base_id": "c10_replay_400_0126", "campus": 10, "size": 400, "condition": "sla0.5", "rows": {"edd": {"id": "c10_replay_400_0126_sla0.5", "base_id": "c10_replay_400_0126", "campus": 10, "size": 400, "condition": "sla0.5", "sla_multiplier": 0.5, "crew_multiplier": 1.0, "method": "edd", "seed": 301, "feasible": 1, "wwt": 325.41670000000005, "makespan": 102.6329, "mean_flow": 6.5378895, "breach_share": 0.035, "breach_p1": 0.2, "breach_p2": 0.0, "breach_p3": 0.0, "breach_p4": 0.045112781954887216, "wall_seconds": 0.0009037768468260765}, "wspt": {"id": "c10_replay_400_0126_sla0.5", "base_id": "c10_replay_400_0126", "campus": 10, "size": 400, "condition": "sla0.5", "sla_multiplier": 0.5, "crew_multiplier": 1.0, "method": "wspt", "seed": 301, "feasible": 1, "wwt": 325.41670000000005, "makespan": 102.6329, "mean_flow": 5.990327, "breach_share": 0.035, "breach_p1": 0.2, "breach_p2": 0.0, "breach_p3": 0.0, "breach_p4": 0.045112781954887216, "wall_seconds": 0.0009519588202238083}, "atc": {"id": "c10_replay_400_0126_sla0.5", "base_id": "c10_replay_400_0126", "campus": 10, "size": 400, "condition": "sla0.5", "sla_multiplier": 0.5, "crew_multiplier": 1.0, "method": "atc", "seed": 301, "feasible": 1, "wwt": 325.41670000000005, "makespan": 102.6329, "mean_flow": 6.01029, "breach_share": 0.035, "breach_p1": 0.2, "breach_p2": 0.0, "breach_p3": 0.0, "breach_p4": 0.045112781954887216, "wall_seconds": 0.001640596892684698}, "pfifo": {"id": "c10_replay_400_0126_sla0.5", "base_id": "c10_replay_400_0126", "campus": 10, "size": 400, "condition": "sla0.5", "sla_multiplier": 0.5, "crew_multiplier": 1.0, "method": "pfifo", "seed": 301, "feasible": 1, "wwt": 325.41670000000005, "makespan": 102.6329, "mean_flow": 6.5378895, "breach_share": 0.035, "breach_p1": 0.2, "breach_p2": 0.0, "breach_p3": 0.0, "breach_p4": 0.045112781954887216, "wall_seconds": 0.0008831028826534748}, "mor": {"id": "c10_replay_400_0126_sla0.5", "base_id": "c10_replay_400_0126", "campus": 10, "size": 400, "condition": "sla0.5", "sla_multiplier": 0.5, "crew_multiplier": 1.0, "method": "mor", "seed": 301, "feasible": 1, "wwt": 338.25790000000006, "makespan": 102.6329, "mean_flow": 7.20034475, "breach_share": 0.0375, "breach_p1": 0.2, "breach_p2": 0.029411764705882353, "breach_p3": 0.0, "breach_p4": 0.045112781954887216, "wall_seconds": 0.0008887872099876404}, "random": {"id": "c10_replay_400_0126_sla0.5", "base_id": "c10_replay_400_0126", "campus": 10, "size": 400, "condition": "sla0.5", "sla_multiplier": 0.5, "crew_multiplier": 1.0, "method": "random", "seed": 301, "feasible": 1, "wwt": 331.67350000000005, "makespan": 102.6329, "mean_flow": 6.36451675, "breach_share": 0.0375, "breach_p1": 0.2, "breach_p2": 0.029411764705882353, "breach_p3": 0.0, "breach_p4": 0.045112781954887216, "wall_seconds": 0.0005642389878630638}, "v2rl301": {"id": "c10_replay_400_0126_sla0.5", "base_id": "c10_replay_400_0126", "campus": 10, "size": 400, "condition": "sla0.5", "sla_multiplier": 0.5, "crew_multiplier": 1.0, "method": "v2rl301", "seed": 301, "feasible": 1, "wwt": 325.41670000000005, "makespan": 102.6329, "mean_flow": 6.897081000000001, "breach_share": 0.035, "breach_p1": 0.2, "breach_p2": 0.0, "breach_p3": 0.0, "breach_p4": 0.045112781954887216, "wall_seconds": 0.047097790986299515}, "v2rl302": {"id": "c10_replay_400_0126_sla0.5", "base_id": "c10_replay_400_0126", "campus": 10, "size": 400, "condition": "sla0.5", "sla_multiplier": 0.5, "crew_multiplier": 1.0, "method": "v2rl302", "seed": 302, "feasible": 1, "wwt": 325.41670000000005, "makespan": 102.6329, "mean_flow": 6.895346999999999, "breach_share": 0.035, "breach_p1": 0.2, "breach_p2": 0.0, "breach_p3": 0.0, "breach_p4": 0.045112781954887216, "wall_seconds": 0.04773020604625344}, "v2rl303": {"id": "c10_replay_400_0126_sla0.5", "base_id": "c10_replay_400_0126", "campus": 10, "size": 400, "condition": "sla0.5", "sla_multiplier": 0.5, "crew_multiplier": 1.0, "method": "v2rl303", "seed": 303, "feasible": 1, "wwt": 325.41670000000005, "makespan": 102.6329, "mean_flow": 6.755348000000001, "breach_share": 0.035, "breach_p1": 0.2, "breach_p2": 0.0, "breach_p3": 0.0, "breach_p4": 0.045112781954887216, "wall_seconds": 0.045704321935772896}}, "methods_expected": ["edd", "wspt", "atc", "pfifo", "mor", "random", "v2rl301", "v2rl302", "v2rl303"], "infeasible": [], "wall_seconds_total": 0.15112464874982834}