{"shard_id": "c10_replay_150_0114_sla0.5", "id": "c10_replay_150_0114_sla0.5", "base_id": "c10_replay_150_0114", "campus": 10, "size": 150, "condition": "sla0.5", "rows": {"edd": {"id": "c10_replay_150_0114_sla0.5", "base_id": "c10_replay_150_0114", "campus": 10, "size": 150, "condition": "sla0.5", "sla_multiplier": 0.5, "crew_multiplier": 1.0, "method": "edd", "seed": 301, "feasible": 1, "wwt": 55.413100000000014, "makespan": 92.6331, "mean_flow": 6.685747333333333, "breach_share": 0.02, "breach_p1": 0.0, "breach_p2": 0.08, "breach_p3": 0.0, "breach_p4": 0.011235955056179775, "wall_seconds": 0.00030236318707466125}, "wspt": {"id": "c10_replay_150_0114_sla0.5", "base_id": "c10_replay_150_0114", "campus": 10, "size": 150, "condition": "sla0.5", "sla_multiplier": 0.5, "crew_multiplier": 1.0, "method": "wspt", "seed": 301, "feasible": 1, "wwt": 55.66090000000001, "makespan": 92.8809, "mean_flow": 6.685743333333333, "breach_share": 0.02, "breach_p1": 0.0, "breach_p2": 0.08, "breach_p3": 0.0, "breach_p4": 0.011235955056179775, "wall_seconds": 0.000307559035718441}, "atc": {"id": "c10_replay_150_0114_sla0.5", "base_id": "c10_replay_150_0114", "campus": 10, "size": 150, "condition": "sla0.5", "sla_multiplier": 0.5, "crew_multiplier": 1.0, "method": "atc", "seed": 301, "feasible": 1, "wwt": 55.66090000000001, "makespan": 92.8809, "mean_flow": 6.685743333333333, "breach_share": 0.02, "breach_p1": 0.0, "breach_p2": 0.08, "breach_p3": 0.0, "breach_p4": 0.011235955056179775, "wall_seconds": 0.00039546890184283257}, "pfifo": {"id": "c10_replay_150_0114_sla0.5", "base_id": "c10_replay_150_0114", "campus": 10, "size": 150, "condition": "sla0.5", "sla_multiplier": 0.5, "crew_multiplier": 1.0, "method": "pfifo", "seed": 301, "feasible": 1, "wwt": 55.413100000000014, "makespan": 92.6331, "mean_flow": 6.685747333333333, "breach_share": 0.02, "breach_p1": 0.0, "breach_p2": 0.08, "breach_p3": 0.0, "breach_p4": 0.011235955056179775, "wall_seconds": 0.0002708309330046177}, "mor": {"id": "c10_replay_150_0114_sla0.5", "base_id": "c10_replay_150_0114", "campus": 10, "size": 150, "condition": "sla0.5", "sla_multiplier": 0.5, "crew_multiplier": 1.0, "method": "mor", "seed": 301, "feasible": 1, "wwt": 55.410400000000024, "makespan": 92.63040000000001, "mean_flow": 6.6890926666666655, "breach_share": 0.02, "breach_p1": 0.0, "breach_p2": 0.08, "breach_p3": 0.0, "breach_p4": 0.011235955056179775, "wall_seconds": 0.0002645188942551613}, "random": {"id": "c10_replay_150_0114_sla0.5", "base_id": "c10_replay_150_0114", "campus": 10, "size": 150, "condition": "sla0.5", "sla_multiplier": 0.5, "crew_multiplier": 1.0, "method": "random", "seed": 301, "feasible": 1, "wwt": 55.66090000000001, "makespan": 92.8809, "mean_flow": 6.685750666666667, "breach_share": 0.02, "breach_p1": 0.0, "breach_p2": 0.08, "breach_p3": 0.0, "breach_p4": 0.011235955056179775, "wall_seconds": 0.00022887298837304115}, "v2rl301": {"id": "c10_replay_150_0114_sla0.5", "base_id": "c10_replay_150_0114", "campus": 10, "size": 150, "condition": "sla0.5", "sla_multiplier": 0.5, "crew_multiplier": 1.0, "method": "v2rl301", "seed": 301, "feasible": 1, "wwt": 55.410400000000024, "makespan": 92.63040000000001, "mean_flow": 6.689092666666666, "breach_share": 0.02, "breach_p1": 0.0, "breach_p2": 0.08, "breach_p3": 0.0, "breach_p4": 0.011235955056179775, "wall_seconds": 0.01592678716406226}, "v2rl302": {"id": "c10_replay_150_0114_sla0.5", "base_id": "c10_replay_150_0114", "campus": 10, "size": 150, "condition": "sla0.5", "sla_multiplier": 0.5, "crew_multiplier": 1.0, "method": "v2rl302", "seed": 302, "feasible": 1, "wwt": 55.410400000000024, "makespan": 92.63040000000001, "mean_flow": 6.689092666666667, "breach_share": 0.02, "breach_p1": 0.0, "breach_p2": 0.08, "breach_p3": 0.0, "breach_p4": 0.011235955056179775, "wall_seconds": 0.015763754956424236}, "v2rl303": {"id": "c10_replay_150_0114_sla0.5", "base_id": "c10_replay_150_0114", "campus": 10, "size": 150, "condition": "sla0.5", "sla_multiplier": 0.5, "crew_multiplier": 1.0, "method": "v2rl303", "seed": 303, "feasible": 1, "wwt": 55.410400000000024, "makespan": 92.63040000000001, "mean_flow": 6.6890926666666655, "breach_share": 0.02, "breach_p1": 0.0, "breach_p2": 0.08, "breach_p3": 0.0, "breach_p4": 0.011235955056179775, "wall_seconds": 0.016052127815783024}}, "methods_expected": ["edd", "wspt", "atc", "pfifo", "mor", "random", "v2rl301", "v2rl302", "v2rl303"], "infeasible": [], "wall_seconds_total": 0.05173768289387226}