{"shard_id": "c10_replay_400_0125_sla0.5", "id": "c10_replay_400_0125_sla0.5", "base_id": "c10_replay_400_0125", "campus": 10, "size": 400, "condition": "sla0.5", "rows": {"edd": {"id": "c10_replay_400_0125_sla0.5", "base_id": "c10_replay_400_0125", "campus": 10, "size": 400, "condition": "sla0.5", "sla_multiplier": 0.5, "crew_multiplier": 1.0, "method": "edd", "seed": 301, "feasible": 1, "wwt": 42.80710000000002, "makespan": 91.4762, "mean_flow": 1.94800375, "breach_share": 0.0075, "breach_p1": 0.2, "breach_p2": 0.0, "breach_p3": 0.0, "breach_p4": 0.005747126436781609, "wall_seconds": 0.0010845731012523174}, "wspt": {"id": "c10_replay_400_0125_sla0.5", "base_id": "c10_replay_400_0125", "campus": 10, "size": 400, "condition": "sla0.5", "sla_multiplier": 0.5, "crew_multiplier": 1.0, "method": "wspt", "seed": 301, "feasible": 1, "wwt": 42.80710000000002, "makespan": 91.4762, "mean_flow": 1.81084025, "breach_share": 0.0075, "breach_p1": 0.2, "breach_p2": 0.0, "breach_p3": 0.0, "breach_p4": 0.005747126436781609, "wall_seconds": 0.0013266000896692276}, "atc": {"id": "c10_replay_400_0125_sla0.5", "base_id": "c10_replay_400_0125", "campus": 10, "size": 400, "condition": "sla0.5", "sla_multiplier": 0.5, "crew_multiplier": 1.0, "method": "atc", "seed": 301, "feasible": 1, "wwt": 42.80710000000002, "makespan": 91.4762, "mean_flow": 1.8325137500000002, "breach_share": 0.0075, "breach_p1": 0.2, "breach_p2": 0.0, "breach_p3": 0.0, "breach_p4": 0.005747126436781609, "wall_seconds": 0.00250861793756485}, "pfifo": {"id": "c10_replay_400_0125_sla0.5", "base_id": "c10_replay_400_0125", "campus": 10, "size": 400, "condition": "sla0.5", "sla_multiplier": 0.5, "crew_multiplier": 1.0, "method": "pfifo", "seed": 301, "feasible": 1, "wwt": 42.80710000000002, "makespan": 91.4762, "mean_flow": 1.94800375, "breach_share": 0.0075, "breach_p1": 0.2, "breach_p2": 0.0, "breach_p3": 0.0, "breach_p4": 0.005747126436781609, "wall_seconds": 0.001095710787922144}, "mor": {"id": "c10_replay_400_0125_sla0.5", "base_id": "c10_replay_400_0125", "campus": 10, "size": 400, "condition": "sla0.5", "sla_multiplier": 0.5, "crew_multiplier": 1.0, "method": "mor", "seed": 301, "feasible": 1, "wwt": 42.80460000000001, "makespan": 91.4751, "mean_flow": 2.0142675, "breach_share": 0.0075, "breach_p1": 0.2, "breach_p2": 0.0, "breach_p3": 0.0, "breach_p4": 0.005747126436781609, "wall_seconds": 0.0010970886796712875}, "random": {"id": "c10_replay_400_0125_sla0.5", "base_id": "c10_replay_400_0125", "campus": 10, "size": 400, "condition": "sla0.5", "sla_multiplier": 0.5, "crew_multiplier": 1.0, "method": "random", "seed": 301, "feasible": 1, "wwt": 42.80710000000002, "makespan": 91.4762, "mean_flow": 1.8804765, "breach_share": 0.0075, "breach_p1": 0.2, "breach_p2": 0.0, "breach_p3": 0.0, "breach_p4": 0.005747126436781609, "wall_seconds": 0.0005952250212430954}, "v2rl301": {"id": "c10_replay_400_0125_sla0.5", "base_id": "c10_replay_400_0125", "campus": 10, "size": 400, "condition": "sla0.5", "sla_multiplier": 0.5, "crew_multiplier": 1.0, "method": "v2rl301", "seed": 301, "feasible": 1, "wwt": 42.80460000000001, "makespan": 91.4751, "mean_flow": 2.0130175, "breach_share": 0.0075, "breach_p1": 0.2, "breach_p2": 0.0, "breach_p3": 0.0, "breach_p4": 0.005747126436781609, "wall_seconds": 0.051035353913903236}, "v2rl302": {"id": "c10_replay_400_0125_sla0.5", "base_id": "c10_replay_400_0125", "campus": 10, "size": 400, "condition": "sla0.5", "sla_multiplier": 0.5, "crew_multiplier": 1.0, "method": "v2rl302", "seed": 302, "feasible": 1, "wwt": 42.80460000000001, "makespan": 91.4751, "mean_flow": 1.9334339999999997, "breach_share": 0.0075, "breach_p1": 0.2, "breach_p2": 0.0, "breach_p3": 0.0, "breach_p4": 0.005747126436781609, "wall_seconds": 0.05127544514834881}, "v2rl303": {"id": "c10_replay_400_0125_sla0.5", "base_id": "c10_replay_400_0125", "campus": 10, "size": 400, "condition": "sla0.5", "sla_multiplier": 0.5, "crew_multiplier": 1.0, "method": "v2rl303", "seed": 303, "feasible": 1, "wwt": 42.80460000000001, "makespan": 91.4751, "mean_flow": 1.9172154999999997, "breach_share": 0.0075, "breach_p1": 0.2, "breach_p2": 0.0, "breach_p3": 0.0, "breach_p4": 0.005747126436781609, "wall_seconds": 0.050609380938112736}}, "methods_expected": ["edd", "wspt", "atc", "pfifo", "mor", "random", "v2rl301", "v2rl302", "v2rl303"], "infeasible": [], "wall_seconds_total": 0.16529635479673743}