{"shard_id": "c10_replay_150_0102_sla1.5", "id": "c10_replay_150_0102_sla1.5", "base_id": "c10_replay_150_0102", "campus": 10, "size": 150, "condition": "sla1.5", "rows": {"edd": {"id": "c10_replay_150_0102_sla1.5", "base_id": "c10_replay_150_0102", "campus": 10, "size": 150, "condition": "sla1.5", "sla_multiplier": 1.5, "crew_multiplier": 1.0, "method": "edd", "seed": 301, "feasible": 1, "wwt": 630.9184, "makespan": 93.4431, "mean_flow": 7.785159999999999, "breach_share": 0.006666666666666667, "breach_p1": 0.3333333333333333, "breach_p2": 0.0, "breach_p3": 0.0, "breach_p4": 0.0, "wall_seconds": 0.0002985638566315174}, "wspt": {"id": "c10_replay_150_0102_sla1.5", "base_id": "c10_replay_150_0102", "campus": 10, "size": 150, "condition": "sla1.5", "sla_multiplier": 1.5, "crew_multiplier": 1.0, "method": "wspt", "seed": 301, "feasible": 1, "wwt": 630.9184, "makespan": 93.4431, "mean_flow": 7.7847599999999995, "breach_share": 0.006666666666666667, "breach_p1": 0.3333333333333333, "breach_p2": 0.0, "breach_p3": 0.0, "breach_p4": 0.0, "wall_seconds": 0.00028886832296848297}, "atc": {"id": "c10_replay_150_0102_sla1.5", "base_id": "c10_replay_150_0102", "campus": 10, "size": 150, "condition": "sla1.5", "sla_multiplier": 1.5, "crew_multiplier": 1.0, "method": "atc", "seed": 301, "feasible": 1, "wwt": 630.9184, "makespan": 93.4431, "mean_flow": 7.785159999999999, "breach_share": 0.006666666666666667, "breach_p1": 0.3333333333333333, "breach_p2": 0.0, "breach_p3": 0.0, "breach_p4": 0.0, "wall_seconds": 0.00040559517219662666}, "pfifo": {"id": "c10_replay_150_0102_sla1.5", "base_id": "c10_replay_150_0102", "campus": 10, "size": 150, "condition": "sla1.5", "sla_multiplier": 1.5, "crew_multiplier": 1.0, "method": "pfifo", "seed": 301, "feasible": 1, "wwt": 630.9184, "makespan": 93.4431, "mean_flow": 7.785159999999999, "breach_share": 0.006666666666666667, "breach_p1": 0.3333333333333333, "breach_p2": 0.0, "breach_p3": 0.0, "breach_p4": 0.0, "wall_seconds": 0.0002728216350078583}, "mor": {"id": "c10_replay_150_0102_sla1.5", "base_id": "c10_replay_150_0102", "campus": 10, "size": 150, "condition": "sla1.5", "sla_multiplier": 1.5, "crew_multiplier": 1.0, "method": "mor", "seed": 301, "feasible": 1, "wwt": 630.9184, "makespan": 93.4431, "mean_flow": 7.786226666666667, "breach_share": 0.006666666666666667, "breach_p1": 0.3333333333333333, "breach_p2": 0.0, "breach_p3": 0.0, "breach_p4": 0.0, "wall_seconds": 0.00027470290660858154}, "random": {"id": "c10_replay_150_0102_sla1.5", "base_id": "c10_replay_150_0102", "campus": 10, "size": 150, "condition": "sla1.5", "sla_multiplier": 1.5, "crew_multiplier": 1.0, "method": "random", "seed": 301, "feasible": 1, "wwt": 630.9184, "makespan": 93.4431, "mean_flow": 7.784893333333333, "breach_share": 0.006666666666666667, "breach_p1": 0.3333333333333333, "breach_p2": 0.0, "breach_p3": 0.0, "breach_p4": 0.0, "wall_seconds": 0.00024722376838326454}, "v2rl301": {"id": "c10_replay_150_0102_sla1.5", "base_id": "c10_replay_150_0102", "campus": 10, "size": 150, "condition": "sla1.5", "sla_multiplier": 1.5, "crew_multiplier": 1.0, "method": "v2rl301", "seed": 301, "feasible": 1, "wwt": 630.9184, "makespan": 93.4431, "mean_flow": 7.7847599999999995, "breach_share": 0.006666666666666667, "breach_p1": 0.3333333333333333, "breach_p2": 0.0, "breach_p3": 0.0, "breach_p4": 0.0, "wall_seconds": 0.015486863907426596}, "v2rl302": {"id": "c10_replay_150_0102_sla1.5", "base_id": "c10_replay_150_0102", "campus": 10, "size": 150, "condition": "sla1.5", "sla_multiplier": 1.5, "crew_multiplier": 1.0, "method": "v2rl302", "seed": 302, "feasible": 1, "wwt": 630.9184, "makespan": 93.4431, "mean_flow": 7.786226666666667, "breach_share": 0.006666666666666667, "breach_p1": 0.3333333333333333, "breach_p2": 0.0, "breach_p3": 0.0, "breach_p4": 0.0, "wall_seconds": 0.01497996598482132}, "v2rl303": {"id": "c10_replay_150_0102_sla1.5", "base_id": "c10_replay_150_0102", "campus": 10, "size": 150, "condition": "sla1.5", "sla_multiplier": 1.5, "crew_multiplier": 1.0, "method": "v2rl303", "seed": 303, "feasible": 1, "wwt": 630.9184, "makespan": 93.4431, "mean_flow": 7.786226666666667, "breach_share": 0.006666666666666667, "breach_p1": 0.3333333333333333, "breach_p2": 0.0, "breach_p3": 0.0, "breach_p4": 0.0, "wall_seconds": 0.014948768075555563}}, "methods_expected": ["edd", "wspt", "atc", "pfifo", "mor", "random", "v2rl301", "v2rl302", "v2rl303"], "infeasible": [], "wall_seconds_total": 0.04944124771282077}