{"shard_id": "c10_replay_400_0113_sla0.5", "id": "c10_replay_400_0113_sla0.5", "base_id": "c10_replay_400_0113", "campus": 10, "size": 400, "condition": "sla0.5", "rows": {"edd": {"id": "c10_replay_400_0113_sla0.5", "base_id": "c10_replay_400_0113", "campus": 10, "size": 400, "condition": "sla0.5", "sla_multiplier": 0.5, "crew_multiplier": 1.0, "method": "edd", "seed": 301, "feasible": 1, "wwt": 39.13080000000002, "makespan": 97.6195, "mean_flow": 3.56028175, "breach_share": 0.0125, "breach_p1": 0.25, "breach_p2": 0.11538461538461539, "breach_p3": 0.0, "breach_p4": 0.003076923076923077, "wall_seconds": 0.0010722670704126358}, "wspt": {"id": "c10_replay_400_0113_sla0.5", "base_id": "c10_replay_400_0113", "campus": 10, "size": 400, "condition": "sla0.5", "sla_multiplier": 0.5, "crew_multiplier": 1.0, "method": "wspt", "seed": 301, "feasible": 1, "wwt": 57.13960000000003, "makespan": 97.6195, "mean_flow": 3.5152419999999993, "breach_share": 0.0125, "breach_p1": 0.25, "breach_p2": 0.11538461538461539, "breach_p3": 0.0, "breach_p4": 0.003076923076923077, "wall_seconds": 0.001225507352501154}, "atc": {"id": "c10_replay_400_0113_sla0.5", "base_id": "c10_replay_400_0113", "campus": 10, "size": 400, "condition": "sla0.5", "sla_multiplier": 0.5, "crew_multiplier": 1.0, "method": "atc", "seed": 301, "feasible": 1, "wwt": 39.135200000000026, "makespan": 97.6195, "mean_flow": 3.5505335000000002, "breach_share": 0.0125, "breach_p1": 0.25, "breach_p2": 0.11538461538461539, "breach_p3": 0.0, "breach_p4": 0.003076923076923077, "wall_seconds": 0.0023818393237888813}, "pfifo": {"id": "c10_replay_400_0113_sla0.5", "base_id": "c10_replay_400_0113", "campus": 10, "size": 400, "condition": "sla0.5", "sla_multiplier": 0.5, "crew_multiplier": 1.0, "method": "pfifo", "seed": 301, "feasible": 1, "wwt": 39.13080000000002, "makespan": 97.6195, "mean_flow": 3.56028175, "breach_share": 0.0125, "breach_p1": 0.25, "breach_p2": 0.11538461538461539, "breach_p3": 0.0, "breach_p4": 0.003076923076923077, "wall_seconds": 0.0011052479967474937}, "mor": {"id": "c10_replay_400_0113_sla0.5", "base_id": "c10_replay_400_0113", "campus": 10, "size": 400, "condition": "sla0.5", "sla_multiplier": 0.5, "crew_multiplier": 1.0, "method": "mor", "seed": 301, "feasible": 1, "wwt": 39.135200000000026, "makespan": 97.6195, "mean_flow": 3.60083075, "breach_share": 0.0125, "breach_p1": 0.25, "breach_p2": 0.11538461538461539, "breach_p3": 0.0, "breach_p4": 0.003076923076923077, "wall_seconds": 0.0011020572856068611}, "random": {"id": "c10_replay_400_0113_sla0.5", "base_id": "c10_replay_400_0113", "campus": 10, "size": 400, "condition": "sla0.5", "sla_multiplier": 0.5, "crew_multiplier": 1.0, "method": "random", "seed": 301, "feasible": 1, "wwt": 43.144000000000034, "makespan": 97.6195, "mean_flow": 3.5443892500000005, "breach_share": 0.0125, "breach_p1": 0.25, "breach_p2": 0.11538461538461539, "breach_p3": 0.0, "breach_p4": 0.003076923076923077, "wall_seconds": 0.0005870559252798557}, "v2rl301": {"id": "c10_replay_400_0113_sla0.5", "base_id": "c10_replay_400_0113", "campus": 10, "size": 400, "condition": "sla0.5", "sla_multiplier": 0.5, "crew_multiplier": 1.0, "method": "v2rl301", "seed": 301, "feasible": 1, "wwt": 39.135200000000026, "makespan": 97.6195, "mean_flow": 3.60083075, "breach_share": 0.0125, "breach_p1": 0.25, "breach_p2": 0.11538461538461539, "breach_p3": 0.0, "breach_p4": 0.003076923076923077, "wall_seconds": 0.04937892314046621}, "v2rl302": {"id": "c10_replay_400_0113_sla0.5", "base_id": "c10_replay_400_0113", "campus": 10, "size": 400, "condition": "sla0.5", "sla_multiplier": 0.5, "crew_multiplier": 1.0, "method": "v2rl302", "seed": 302, "feasible": 1, "wwt": 39.135200000000026, "makespan": 97.6195, "mean_flow": 3.59856975, "breach_share": 0.0125, "breach_p1": 0.25, "breach_p2": 0.11538461538461539, "breach_p3": 0.0, "breach_p4": 0.003076923076923077, "wall_seconds": 0.04986806400120258}, "v2rl303": {"id": "c10_replay_400_0113_sla0.5", "base_id": "c10_replay_400_0113", "campus": 10, "size": 400, "condition": "sla0.5", "sla_multiplier": 0.5, "crew_multiplier": 1.0, "method": "v2rl303", "seed": 303, "feasible": 1, "wwt": 39.13080000000002, "makespan": 97.6195, "mean_flow": 3.53528175, "breach_share": 0.0125, "breach_p1": 0.25, "breach_p2": 0.11538461538461539, "breach_p3": 0.0, "breach_p4": 0.003076923076923077, "wall_seconds": 0.0486738127656281}}, "methods_expected": ["edd", "wspt", "atc", "pfifo", "mor", "random", "v2rl301", "v2rl302", "v2rl303"], "infeasible": [], "wall_seconds_total": 0.15991383511573076}