{"shard_id": "c10_replay_400_0128_sla0.5", "id": "c10_replay_400_0128_sla0.5", "base_id": "c10_replay_400_0128", "campus": 10, "size": 400, "condition": "sla0.5", "rows": {"edd": {"id": "c10_replay_400_0128_sla0.5", "base_id": "c10_replay_400_0128", "campus": 10, "size": 400, "condition": "sla0.5", "sla_multiplier": 0.5, "crew_multiplier": 1.0, "method": "edd", "seed": 301, "feasible": 1, "wwt": 128.9776, "makespan": 93.897, "mean_flow": 6.364455999999999, "breach_share": 0.04, "breach_p1": 0.3333333333333333, "breach_p2": 0.05, "breach_p3": 0.0, "breach_p4": 0.03761755485893417, "wall_seconds": 0.0010117553174495697}, "wspt": {"id": "c10_replay_400_0128_sla0.5", "base_id": "c10_replay_400_0128", "campus": 10, "size": 400, "condition": "sla0.5", "sla_multiplier": 0.5, "crew_multiplier": 1.0, "method": "wspt", "seed": 301, "feasible": 1, "wwt": 130.9776, "makespan": 93.897, "mean_flow": 6.309826999999999, "breach_share": 0.04, "breach_p1": 0.3333333333333333, "breach_p2": 0.05, "breach_p3": 0.0, "breach_p4": 0.03761755485893417, "wall_seconds": 0.0010048369877040386}, "atc": {"id": "c10_replay_400_0128_sla0.5", "base_id": "c10_replay_400_0128", "campus": 10, "size": 400, "condition": "sla0.5", "sla_multiplier": 0.5, "crew_multiplier": 1.0, "method": "atc", "seed": 301, "feasible": 1, "wwt": 128.9776, "makespan": 93.897, "mean_flow": 6.309826999999999, "breach_share": 0.04, "breach_p1": 0.3333333333333333, "breach_p2": 0.05, "breach_p3": 0.0, "breach_p4": 0.03761755485893417, "wall_seconds": 0.0018118098378181458}, "pfifo": {"id": "c10_replay_400_0128_sla0.5", "base_id": "c10_replay_400_0128", "campus": 10, "size": 400, "condition": "sla0.5", "sla_multiplier": 0.5, "crew_multiplier": 1.0, "method": "pfifo", "seed": 301, "feasible": 1, "wwt": 128.9776, "makespan": 93.897, "mean_flow": 6.364455999999999, "breach_share": 0.04, "breach_p1": 0.3333333333333333, "breach_p2": 0.05, "breach_p3": 0.0, "breach_p4": 0.03761755485893417, "wall_seconds": 0.0009189853444695473}, "mor": {"id": "c10_replay_400_0128_sla0.5", "base_id": "c10_replay_400_0128", "campus": 10, "size": 400, "condition": "sla0.5", "sla_multiplier": 0.5, "crew_multiplier": 1.0, "method": "mor", "seed": 301, "feasible": 1, "wwt": 128.9776, "makespan": 93.897, "mean_flow": 6.414084999999999, "breach_share": 0.04, "breach_p1": 0.3333333333333333, "breach_p2": 0.05, "breach_p3": 0.0, "breach_p4": 0.03761755485893417, "wall_seconds": 0.0008556870743632317}, "random": {"id": "c10_replay_400_0128_sla0.5", "base_id": "c10_replay_400_0128", "campus": 10, "size": 400, "condition": "sla0.5", "sla_multiplier": 0.5, "crew_multiplier": 1.0, "method": "random", "seed": 301, "feasible": 1, "wwt": 130.9776, "makespan": 93.897, "mean_flow": 6.359030250000001, "breach_share": 0.04, "breach_p1": 0.3333333333333333, "breach_p2": 0.05, "breach_p3": 0.0, "breach_p4": 0.03761755485893417, "wall_seconds": 0.0005483748391270638}, "v2rl301": {"id": "c10_replay_400_0128_sla0.5", "base_id": "c10_replay_400_0128", "campus": 10, "size": 400, "condition": "sla0.5", "sla_multiplier": 0.5, "crew_multiplier": 1.0, "method": "v2rl301", "seed": 301, "feasible": 1, "wwt": 128.9776, "makespan": 93.897, "mean_flow": 6.4068584999999985, "breach_share": 0.04, "breach_p1": 0.3333333333333333, "breach_p2": 0.05, "breach_p3": 0.0, "breach_p4": 0.03761755485893417, "wall_seconds": 0.04571478674188256}, "v2rl302": {"id": "c10_replay_400_0128_sla0.5", "base_id": "c10_replay_400_0128", "campus": 10, "size": 400, "condition": "sla0.5", "sla_multiplier": 0.5, "crew_multiplier": 1.0, "method": "v2rl302", "seed": 302, "feasible": 1, "wwt": 128.9776, "makespan": 93.897, "mean_flow": 6.373984249999999, "breach_share": 0.04, "breach_p1": 0.3333333333333333, "breach_p2": 0.05, "breach_p3": 0.0, "breach_p4": 0.03761755485893417, "wall_seconds": 0.04531290289014578}, "v2rl303": {"id": "c10_replay_400_0128_sla0.5", "base_id": "c10_replay_400_0128", "campus": 10, "size": 400, "condition": "sla0.5", "sla_multiplier": 0.5, "crew_multiplier": 1.0, "method": "v2rl303", "seed": 303, "feasible": 1, "wwt": 128.9776, "makespan": 93.897, "mean_flow": 6.37023625, "breach_share": 0.04, "breach_p1": 0.3333333333333333, "breach_p2": 0.05, "breach_p3": 0.0, "breach_p4": 0.03761755485893417, "wall_seconds": 0.04604726890102029}}, "methods_expected": ["edd", "wspt", "atc", "pfifo", "mor", "random", "v2rl301", "v2rl302", "v2rl303"], "infeasible": [], "wall_seconds_total": 0.14816509699448943}