{"shard_id": "c10_replay_150_0124", "id": "c10_replay_150_0124", "base_id": "c10_replay_150_0124", "campus": 10, "size": 150, "condition": "baseline", "rows": {"edd": {"id": "c10_replay_150_0124", "base_id": "c10_replay_150_0124", "campus": 10, "size": 150, "condition": "baseline", "sla_multiplier": 1.0, "crew_multiplier": 1.0, "method": "edd", "seed": 301, "feasible": 1, "wwt": 60.0, "makespan": 95.2262, "mean_flow": 10.852226666666667, "breach_share": 0.013333333333333334, "breach_p1": 0.2857142857142857, "breach_p2": 0.0, "breach_p3": 0.0, "breach_p4": 0.0, "wall_seconds": 0.0003093271516263485}, "wspt": {"id": "c10_replay_150_0124", "base_id": "c10_replay_150_0124", "campus": 10, "size": 150, "condition": "baseline", "sla_multiplier": 1.0, "crew_multiplier": 1.0, "method": "wspt", "seed": 301, "feasible": 1, "wwt": 60.0, "makespan": 95.2262, "mean_flow": 10.846493333333333, "breach_share": 0.013333333333333334, "breach_p1": 0.2857142857142857, "breach_p2": 0.0, "breach_p3": 0.0, "breach_p4": 0.0, "wall_seconds": 0.0003142980858683586}, "atc": {"id": "c10_replay_150_0124", "base_id": "c10_replay_150_0124", "campus": 10, "size": 150, "condition": "baseline", "sla_multiplier": 1.0, "crew_multiplier": 1.0, "method": "atc", "seed": 301, "feasible": 1, "wwt": 60.0, "makespan": 95.2262, "mean_flow": 10.853159999999999, "breach_share": 0.013333333333333334, "breach_p1": 0.2857142857142857, "breach_p2": 0.0, "breach_p3": 0.0, "breach_p4": 0.0, "wall_seconds": 0.0004458329640328884}, "pfifo": {"id": "c10_replay_150_0124", "base_id": "c10_replay_150_0124", "campus": 10, "size": 150, "condition": "baseline", "sla_multiplier": 1.0, "crew_multiplier": 1.0, "method": "pfifo", "seed": 301, "feasible": 1, "wwt": 60.0, "makespan": 95.2262, "mean_flow": 10.852226666666667, "breach_share": 0.013333333333333334, "breach_p1": 0.2857142857142857, "breach_p2": 0.0, "breach_p3": 0.0, "breach_p4": 0.0, "wall_seconds": 0.00029145926237106323}, "mor": {"id": "c10_replay_150_0124", "base_id": "c10_replay_150_0124", "campus": 10, "size": 150, "condition": "baseline", "sla_multiplier": 1.0, "crew_multiplier": 1.0, "method": "mor", "seed": 301, "feasible": 1, "wwt": 60.0, "makespan": 95.2262, "mean_flow": 10.85316, "breach_share": 0.013333333333333334, "breach_p1": 0.2857142857142857, "breach_p2": 0.0, "breach_p3": 0.0, "breach_p4": 0.0, "wall_seconds": 0.000289401039481163}, "random": {"id": "c10_replay_150_0124", "base_id": "c10_replay_150_0124", "campus": 10, "size": 150, "condition": "baseline", "sla_multiplier": 1.0, "crew_multiplier": 1.0, "method": "random", "seed": 301, "feasible": 1, "wwt": 60.0, "makespan": 95.2262, "mean_flow": 10.84896, "breach_share": 0.013333333333333334, "breach_p1": 0.2857142857142857, "breach_p2": 0.0, "breach_p3": 0.0, "breach_p4": 0.0, "wall_seconds": 0.00023779412731528282}, "v2rl301": {"id": "c10_replay_150_0124", "base_id": "c10_replay_150_0124", "campus": 10, "size": 150, "condition": "baseline", "sla_multiplier": 1.0, "crew_multiplier": 1.0, "method": "v2rl301", "seed": 301, "feasible": 1, "wwt": 60.0, "makespan": 95.2262, "mean_flow": 10.851693333333333, "breach_share": 0.013333333333333334, "breach_p1": 0.2857142857142857, "breach_p2": 0.0, "breach_p3": 0.0, "breach_p4": 0.0, "wall_seconds": 0.015946350060403347}, "v2rl302": {"id": "c10_replay_150_0124", "base_id": "c10_replay_150_0124", "campus": 10, "size": 150, "condition": "baseline", "sla_multiplier": 1.0, "crew_multiplier": 1.0, "method": "v2rl302", "seed": 302, "feasible": 1, "wwt": 60.0, "makespan": 95.2262, "mean_flow": 10.85316, "breach_share": 0.013333333333333334, "breach_p1": 0.2857142857142857, "breach_p2": 0.0, "breach_p3": 0.0, "breach_p4": 0.0, "wall_seconds": 0.016204454004764557}, "v2rl303": {"id": "c10_replay_150_0124", "base_id": "c10_replay_150_0124", "campus": 10, "size": 150, "condition": "baseline", "sla_multiplier": 1.0, "crew_multiplier": 1.0, "method": "v2rl303", "seed": 303, "feasible": 1, "wwt": 60.0, "makespan": 95.2262, "mean_flow": 10.85316, "breach_share": 0.013333333333333334, "breach_p1": 0.2857142857142857, "breach_p2": 0.0, "breach_p3": 0.0, "breach_p4": 0.0, "wall_seconds": 0.01604487793520093}}, "methods_expected": ["edd", "wspt", "atc", "pfifo", "mor", "random", "v2rl301", "v2rl302", "v2rl303"], "infeasible": [], "wall_seconds_total": 0.05192287312820554}