{"shard_id": "c10_replay_400_0102_m1.25", "id": "c10_replay_400_0102_m1.25", "base_id": "c10_replay_400_0102", "campus": 10, "size": 400, "condition": "crew1.25", "rows": {"edd": {"id": "c10_replay_400_0102_m1.25", "base_id": "c10_replay_400_0102", "campus": 10, "size": 400, "condition": "crew1.25", "sla_multiplier": 1.0, "crew_multiplier": 1.25, "method": "edd", "seed": 301, "feasible": 1, "wwt": 796.9184, "makespan": 93.4431, "mean_flow": 3.44616825, "breach_share": 0.005, "breach_p1": 0.5, "breach_p2": 0.0, "breach_p3": 0.0, "breach_p4": 0.0, "wall_seconds": 0.0024844538420438766}, "wspt": {"id": "c10_replay_400_0102_m1.25", "base_id": "c10_replay_400_0102", "campus": 10, "size": 400, "condition": "crew1.25", "sla_multiplier": 1.0, "crew_multiplier": 1.25, "method": "wspt", "seed": 301, "feasible": 1, "wwt": 796.9184, "makespan": 93.4431, "mean_flow": 3.3104134999999997, "breach_share": 0.005, "breach_p1": 0.5, "breach_p2": 0.0, "breach_p3": 0.0, "breach_p4": 0.0, "wall_seconds": 0.0025060060434043407}, "atc": {"id": "c10_replay_400_0102_m1.25", "base_id": "c10_replay_400_0102", "campus": 10, "size": 400, "condition": "crew1.25", "sla_multiplier": 1.0, "crew_multiplier": 1.25, "method": "atc", "seed": 301, "feasible": 1, "wwt": 796.9184, "makespan": 93.4431, "mean_flow": 3.44616825, "breach_share": 0.005, "breach_p1": 0.5, "breach_p2": 0.0, "breach_p3": 0.0, "breach_p4": 0.0, "wall_seconds": 0.005549638066440821}, "pfifo": {"id": "c10_replay_400_0102_m1.25", "base_id": "c10_replay_400_0102", "campus": 10, "size": 400, "condition": "crew1.25", "sla_multiplier": 1.0, "crew_multiplier": 1.25, "method": "pfifo", "seed": 301, "feasible": 1, "wwt": 796.9184, "makespan": 93.4431, "mean_flow": 3.44616825, "breach_share": 0.005, "breach_p1": 0.5, "breach_p2": 0.0, "breach_p3": 0.0, "breach_p4": 0.0, "wall_seconds": 0.0022515873424708843}, "mor": {"id": "c10_replay_400_0102_m1.25", "base_id": "c10_replay_400_0102", "campus": 10, "size": 400, "condition": "crew1.25", "sla_multiplier": 1.0, "crew_multiplier": 1.25, "method": "mor", "seed": 301, "feasible": 1, "wwt": 796.9184, "makespan": 93.4431, "mean_flow": 3.4898432500000003, "breach_share": 0.005, "breach_p1": 0.5, "breach_p2": 0.0, "breach_p3": 0.0, "breach_p4": 0.0, "wall_seconds": 0.002039792947471142}, "random": {"id": "c10_replay_400_0102_m1.25", "base_id": "c10_replay_400_0102", "campus": 10, "size": 400, "condition": "crew1.25", "sla_multiplier": 1.0, "crew_multiplier": 1.25, "method": "random", "seed": 301, "feasible": 1, "wwt": 796.9184, "makespan": 93.4431, "mean_flow": 3.3946735, "breach_share": 0.005, "breach_p1": 0.5, "breach_p2": 0.0, "breach_p3": 0.0, "breach_p4": 0.0, "wall_seconds": 0.0006789299659430981}, "v2rl301": {"id": "c10_replay_400_0102_m1.25", "base_id": "c10_replay_400_0102", "campus": 10, "size": 400, "condition": "crew1.25", "sla_multiplier": 1.0, "crew_multiplier": 1.25, "method": "v2rl301", "seed": 301, "feasible": 1, "wwt": 796.9184, "makespan": 93.4431, "mean_flow": 3.4683085, "breach_share": 0.005, "breach_p1": 0.5, "breach_p2": 0.0, "breach_p3": 0.0, "breach_p4": 0.0, "wall_seconds": 0.05700877634808421}, "v2rl302": {"id": "c10_replay_400_0102_m1.25", "base_id": "c10_replay_400_0102", "campus": 10, "size": 400, "condition": "crew1.25", "sla_multiplier": 1.0, "crew_multiplier": 1.25, "method": "v2rl302", "seed": 302, "feasible": 1, "wwt": 796.9184, "makespan": 93.4431, "mean_flow": 3.39405075, "breach_share": 0.005, "breach_p1": 0.5, "breach_p2": 0.0, "breach_p3": 0.0, "breach_p4": 0.0, "wall_seconds": 0.05638750782236457}, "v2rl303": {"id": "c10_replay_400_0102_m1.25", "base_id": "c10_replay_400_0102", "campus": 10, "size": 400, "condition": "crew1.25", "sla_multiplier": 1.0, "crew_multiplier": 1.25, "method": "v2rl303", "seed": 303, "feasible": 1, "wwt": 796.9184, "makespan": 93.4431, "mean_flow": 3.39405075, "breach_share": 0.005, "breach_p1": 0.5, "breach_p2": 0.0, "breach_p3": 0.0, "breach_p4": 0.0, "wall_seconds": 0.05629317928105593}}, "methods_expected": ["edd", "wspt", "atc", "pfifo", "mor", "random", "v2rl301", "v2rl302", "v2rl303"], "infeasible": [], "wall_seconds_total": 0.1899673813022673}