{"shard_id": "c10_replay_150_0127", "id": "c10_replay_150_0127", "base_id": "c10_replay_150_0127", "campus": 10, "size": 150, "condition": "baseline", "rows": {"edd": {"id": "c10_replay_150_0127", "base_id": "c10_replay_150_0127", "campus": 10, "size": 150, "condition": "baseline", "sla_multiplier": 1.0, "crew_multiplier": 1.0, "method": "edd", "seed": 301, "feasible": 1, "wwt": 80.0, "makespan": 58.25, "mean_flow": 1.6367333333333334, "breach_share": 0.006666666666666667, "breach_p1": 0.5, "breach_p2": 0.0, "breach_p3": 0.0, "breach_p4": 0.0, "wall_seconds": 0.000585965346544981}, "wspt": {"id": "c10_replay_150_0127", "base_id": "c10_replay_150_0127", "campus": 10, "size": 150, "condition": "baseline", "sla_multiplier": 1.0, "crew_multiplier": 1.0, "method": "wspt", "seed": 301, "feasible": 1, "wwt": 80.0, "makespan": 58.77, "mean_flow": 1.5655333333333337, "breach_share": 0.006666666666666667, "breach_p1": 0.5, "breach_p2": 0.0, "breach_p3": 0.0, "breach_p4": 0.0, "wall_seconds": 0.0006397087126970291}, "atc": {"id": "c10_replay_150_0127", "base_id": "c10_replay_150_0127", "campus": 10, "size": 150, "condition": "baseline", "sla_multiplier": 1.0, "crew_multiplier": 1.0, "method": "atc", "seed": 301, "feasible": 1, "wwt": 80.0, "makespan": 58.77, "mean_flow": 1.6342666666666665, "breach_share": 0.006666666666666667, "breach_p1": 0.5, "breach_p2": 0.0, "breach_p3": 0.0, "breach_p4": 0.0, "wall_seconds": 0.001379211898893118}, "pfifo": {"id": "c10_replay_150_0127", "base_id": "c10_replay_150_0127", "campus": 10, "size": 150, "condition": "baseline", "sla_multiplier": 1.0, "crew_multiplier": 1.0, "method": "pfifo", "seed": 301, "feasible": 1, "wwt": 80.0, "makespan": 58.25, "mean_flow": 1.6367333333333334, "breach_share": 0.006666666666666667, "breach_p1": 0.5, "breach_p2": 0.0, "breach_p3": 0.0, "breach_p4": 0.0, "wall_seconds": 0.000625294167548418}, "mor": {"id": "c10_replay_150_0127", "base_id": "c10_replay_150_0127", "campus": 10, "size": 150, "condition": "baseline", "sla_multiplier": 1.0, "crew_multiplier": 1.0, "method": "mor", "seed": 301, "feasible": 1, "wwt": 80.0, "makespan": 58.25, "mean_flow": 1.7016000000000002, "breach_share": 0.006666666666666667, "breach_p1": 0.5, "breach_p2": 0.0, "breach_p3": 0.0, "breach_p4": 0.0, "wall_seconds": 0.000570870004594326}, "random": {"id": "c10_replay_150_0127", "base_id": "c10_replay_150_0127", "campus": 10, "size": 150, "condition": "baseline", "sla_multiplier": 1.0, "crew_multiplier": 1.0, "method": "random", "seed": 301, "feasible": 1, "wwt": 80.0, "makespan": 58.77, "mean_flow": 1.6232000000000002, "breach_share": 0.006666666666666667, "breach_p1": 0.5, "breach_p2": 0.0, "breach_p3": 0.0, "breach_p4": 0.0, "wall_seconds": 0.0002705412916839123}, "v2rl301": {"id": "c10_replay_150_0127", "base_id": "c10_replay_150_0127", "campus": 10, "size": 150, "condition": "baseline", "sla_multiplier": 1.0, "crew_multiplier": 1.0, "method": "v2rl301", "seed": 301, "feasible": 1, "wwt": 80.0, "makespan": 58.25, "mean_flow": 1.7015999999999998, "breach_share": 0.006666666666666667, "breach_p1": 0.5, "breach_p2": 0.0, "breach_p3": 0.0, "breach_p4": 0.0, "wall_seconds": 0.02011065697297454}, "v2rl302": {"id": "c10_replay_150_0127", "base_id": "c10_replay_150_0127", "campus": 10, "size": 150, "condition": "baseline", "sla_multiplier": 1.0, "crew_multiplier": 1.0, "method": "v2rl302", "seed": 302, "feasible": 1, "wwt": 80.0, "makespan": 58.25, "mean_flow": 1.6097333333333332, "breach_share": 0.006666666666666667, "breach_p1": 0.5, "breach_p2": 0.0, "breach_p3": 0.0, "breach_p4": 0.0, "wall_seconds": 0.01953268237411976}, "v2rl303": {"id": "c10_replay_150_0127", "base_id": "c10_replay_150_0127", "campus": 10, "size": 150, "condition": "baseline", "sla_multiplier": 1.0, "crew_multiplier": 1.0, "method": "v2rl303", "seed": 303, "feasible": 1, "wwt": 80.0, "makespan": 58.25, "mean_flow": 1.6432000000000002, "breach_share": 0.006666666666666667, "breach_p1": 0.5, "breach_p2": 0.0, "breach_p3": 0.0, "breach_p4": 0.0, "wall_seconds": 0.019501698203384876}}, "methods_expected": ["edd", "wspt", "atc", "pfifo", "mor", "random", "v2rl301", "v2rl302", "v2rl303"], "infeasible": [], "wall_seconds_total": 0.06511702388525009}