{"shard_id": "c10_replay_150_0128_sla0.5", "id": "c10_replay_150_0128_sla0.5", "base_id": "c10_replay_150_0128", "campus": 10, "size": 150, "condition": "sla0.5", "rows": {"edd": {"id": "c10_replay_150_0128_sla0.5", "base_id": "c10_replay_150_0128", "campus": 10, "size": 150, "condition": "sla0.5", "sla_multiplier": 0.5, "crew_multiplier": 1.0, "method": "edd", "seed": 301, "feasible": 1, "wwt": 66.9776, "makespan": 93.897, "mean_flow": 14.206684, "breach_share": 0.08666666666666667, "breach_p1": 0.0, "breach_p2": 0.041666666666666664, "breach_p3": 0.0, "breach_p4": 0.12121212121212122, "wall_seconds": 0.00032491423189640045}, "wspt": {"id": "c10_replay_150_0128_sla0.5", "base_id": "c10_replay_150_0128", "campus": 10, "size": 150, "condition": "sla0.5", "sla_multiplier": 0.5, "crew_multiplier": 1.0, "method": "wspt", "seed": 301, "feasible": 1, "wwt": 68.9776, "makespan": 93.897, "mean_flow": 14.195017333333332, "breach_share": 0.08666666666666667, "breach_p1": 0.0, "breach_p2": 0.041666666666666664, "breach_p3": 0.0, "breach_p4": 0.12121212121212122, "wall_seconds": 0.0003291461616754532}, "atc": {"id": "c10_replay_150_0128_sla0.5", "base_id": "c10_replay_150_0128", "campus": 10, "size": 150, "condition": "sla0.5", "sla_multiplier": 0.5, "crew_multiplier": 1.0, "method": "atc", "seed": 301, "feasible": 1, "wwt": 66.9776, "makespan": 93.897, "mean_flow": 14.195017333333332, "breach_share": 0.08666666666666667, "breach_p1": 0.0, "breach_p2": 0.041666666666666664, "breach_p3": 0.0, "breach_p4": 0.12121212121212122, "wall_seconds": 0.0004973579198122025}, "pfifo": {"id": "c10_replay_150_0128_sla0.5", "base_id": "c10_replay_150_0128", "campus": 10, "size": 150, "condition": "sla0.5", "sla_multiplier": 0.5, "crew_multiplier": 1.0, "method": "pfifo", "seed": 301, "feasible": 1, "wwt": 66.9776, "makespan": 93.897, "mean_flow": 14.206684, "breach_share": 0.08666666666666667, "breach_p1": 0.0, "breach_p2": 0.041666666666666664, "breach_p3": 0.0, "breach_p4": 0.12121212121212122, "wall_seconds": 0.00029814988374710083}, "mor": {"id": "c10_replay_150_0128_sla0.5", "base_id": "c10_replay_150_0128", "campus": 10, "size": 150, "condition": "sla0.5", "sla_multiplier": 0.5, "crew_multiplier": 1.0, "method": "mor", "seed": 301, "feasible": 1, "wwt": 66.9776, "makespan": 93.897, "mean_flow": 14.231684, "breach_share": 0.08666666666666667, "breach_p1": 0.0, "breach_p2": 0.041666666666666664, "breach_p3": 0.0, "breach_p4": 0.12121212121212122, "wall_seconds": 0.00029889727011322975}, "random": {"id": "c10_replay_150_0128_sla0.5", "base_id": "c10_replay_150_0128", "campus": 10, "size": 150, "condition": "sla0.5", "sla_multiplier": 0.5, "crew_multiplier": 1.0, "method": "random", "seed": 301, "feasible": 1, "wwt": 68.9776, "makespan": 93.897, "mean_flow": 14.198350666666668, "breach_share": 0.08666666666666667, "breach_p1": 0.0, "breach_p2": 0.041666666666666664, "breach_p3": 0.0, "breach_p4": 0.12121212121212122, "wall_seconds": 0.00024149520322680473}, "v2rl301": {"id": "c10_replay_150_0128_sla0.5", "base_id": "c10_replay_150_0128", "campus": 10, "size": 150, "condition": "sla0.5", "sla_multiplier": 0.5, "crew_multiplier": 1.0, "method": "v2rl301", "seed": 301, "feasible": 1, "wwt": 66.9776, "makespan": 93.897, "mean_flow": 14.231684, "breach_share": 0.08666666666666667, "breach_p1": 0.0, "breach_p2": 0.041666666666666664, "breach_p3": 0.0, "breach_p4": 0.12121212121212122, "wall_seconds": 0.015938960015773773}, "v2rl302": {"id": "c10_replay_150_0128_sla0.5", "base_id": "c10_replay_150_0128", "campus": 10, "size": 150, "condition": "sla0.5", "sla_multiplier": 0.5, "crew_multiplier": 1.0, "method": "v2rl302", "seed": 302, "feasible": 1, "wwt": 66.9776, "makespan": 93.897, "mean_flow": 14.231684, "breach_share": 0.08666666666666667, "breach_p1": 0.0, "breach_p2": 0.041666666666666664, "breach_p3": 0.0, "breach_p4": 0.12121212121212122, "wall_seconds": 0.0160707151517272}, "v2rl303": {"id": "c10_replay_150_0128_sla0.5", "base_id": "c10_replay_150_0128", "campus": 10, "size": 150, "condition": "sla0.5", "sla_multiplier": 0.5, "crew_multiplier": 1.0, "method": "v2rl303", "seed": 303, "feasible": 1, "wwt": 66.9776, "makespan": 93.897, "mean_flow": 14.231684, "breach_share": 0.08666666666666667, "breach_p1": 0.0, "breach_p2": 0.041666666666666664, "breach_p3": 0.0, "breach_p4": 0.12121212121212122, "wall_seconds": 0.015844021923840046}}, "methods_expected": ["edd", "wspt", "atc", "pfifo", "mor", "random", "v2rl301", "v2rl302", "v2rl303"], "infeasible": [], "wall_seconds_total": 0.0521883862093091}