{"shard_id": "c10_replay_400_0119_sla0.5", "id": "c10_replay_400_0119_sla0.5", "base_id": "c10_replay_400_0119", "campus": 10, "size": 400, "condition": "sla0.5", "rows": {"edd": {"id": "c10_replay_400_0119_sla0.5", "base_id": "c10_replay_400_0119", "campus": 10, "size": 400, "condition": "sla0.5", "sla_multiplier": 0.5, "crew_multiplier": 1.0, "method": "edd", "seed": 301, "feasible": 1, "wwt": 32.6592, "makespan": 96.5659, "mean_flow": 1.9592175000000005, "breach_share": 0.0125, "breach_p1": 0.25, "breach_p2": 0.0, "breach_p3": 0.0, "breach_p4": 0.012121212121212121, "wall_seconds": 0.0013526640832424164}, "wspt": {"id": "c10_replay_400_0119_sla0.5", "base_id": "c10_replay_400_0119", "campus": 10, "size": 400, "condition": "sla0.5", "sla_multiplier": 0.5, "crew_multiplier": 1.0, "method": "wspt", "seed": 301, "feasible": 1, "wwt": 32.6592, "makespan": 96.5659, "mean_flow": 1.8669425000000006, "breach_share": 0.0125, "breach_p1": 0.25, "breach_p2": 0.0, "breach_p3": 0.0, "breach_p4": 0.012121212121212121, "wall_seconds": 0.0015815971419215202}, "atc": {"id": "c10_replay_400_0119_sla0.5", "base_id": "c10_replay_400_0119", "campus": 10, "size": 400, "condition": "sla0.5", "sla_multiplier": 0.5, "crew_multiplier": 1.0, "method": "atc", "seed": 301, "feasible": 1, "wwt": 32.6592, "makespan": 96.5659, "mean_flow": 1.9186925000000008, "breach_share": 0.0125, "breach_p1": 0.25, "breach_p2": 0.0, "breach_p3": 0.0, "breach_p4": 0.012121212121212121, "wall_seconds": 0.0033330628648400307}, "pfifo": {"id": "c10_replay_400_0119_sla0.5", "base_id": "c10_replay_400_0119", "campus": 10, "size": 400, "condition": "sla0.5", "sla_multiplier": 0.5, "crew_multiplier": 1.0, "method": "pfifo", "seed": 301, "feasible": 1, "wwt": 32.6592, "makespan": 96.5659, "mean_flow": 1.9592175000000005, "breach_share": 0.0125, "breach_p1": 0.25, "breach_p2": 0.0, "breach_p3": 0.0, "breach_p4": 0.012121212121212121, "wall_seconds": 0.0014356030151247978}, "mor": {"id": "c10_replay_400_0119_sla0.5", "base_id": "c10_replay_400_0119", "campus": 10, "size": 400, "condition": "sla0.5", "sla_multiplier": 0.5, "crew_multiplier": 1.0, "method": "mor", "seed": 301, "feasible": 1, "wwt": 32.6592, "makespan": 96.5659, "mean_flow": 1.9949005000000006, "breach_share": 0.0125, "breach_p1": 0.25, "breach_p2": 0.0, "breach_p3": 0.0, "breach_p4": 0.012121212121212121, "wall_seconds": 0.0014162440784275532}, "random": {"id": "c10_replay_400_0119_sla0.5", "base_id": "c10_replay_400_0119", "campus": 10, "size": 400, "condition": "sla0.5", "sla_multiplier": 0.5, "crew_multiplier": 1.0, "method": "random", "seed": 301, "feasible": 1, "wwt": 32.6592, "makespan": 96.5659, "mean_flow": 1.8972790000000004, "breach_share": 0.0125, "breach_p1": 0.25, "breach_p2": 0.0, "breach_p3": 0.0, "breach_p4": 0.012121212121212121, "wall_seconds": 0.000591781921684742}, "v2rl301": {"id": "c10_replay_400_0119_sla0.5", "base_id": "c10_replay_400_0119", "campus": 10, "size": 400, "condition": "sla0.5", "sla_multiplier": 0.5, "crew_multiplier": 1.0, "method": "v2rl301", "seed": 301, "feasible": 1, "wwt": 32.6592, "makespan": 96.5659, "mean_flow": 1.9456505000000004, "breach_share": 0.0125, "breach_p1": 0.25, "breach_p2": 0.0, "breach_p3": 0.0, "breach_p4": 0.012121212121212121, "wall_seconds": 0.051925649866461754}, "v2rl302": {"id": "c10_replay_400_0119_sla0.5", "base_id": "c10_replay_400_0119", "campus": 10, "size": 400, "condition": "sla0.5", "sla_multiplier": 0.5, "crew_multiplier": 1.0, "method": "v2rl302", "seed": 302, "feasible": 1, "wwt": 32.6592, "makespan": 96.5659, "mean_flow": 1.9132675000000006, "breach_share": 0.0125, "breach_p1": 0.25, "breach_p2": 0.0, "breach_p3": 0.0, "breach_p4": 0.012121212121212121, "wall_seconds": 0.051585223991423845}, "v2rl303": {"id": "c10_replay_400_0119_sla0.5", "base_id": "c10_replay_400_0119", "campus": 10, "size": 400, "condition": "sla0.5", "sla_multiplier": 0.5, "crew_multiplier": 1.0, "method": "v2rl303", "seed": 303, "feasible": 1, "wwt": 32.6592, "makespan": 96.5659, "mean_flow": 1.9094925000000007, "breach_share": 0.0125, "breach_p1": 0.25, "breach_p2": 0.0, "breach_p3": 0.0, "breach_p4": 0.012121212121212121, "wall_seconds": 0.05220819916576147}}, "methods_expected": ["edd", "wspt", "atc", "pfifo", "mor", "random", "v2rl301", "v2rl302", "v2rl303"], "infeasible": [], "wall_seconds_total": 0.17016090685501695}