{"shard_id": "c10_replay_400_0112_sla0.5", "id": "c10_replay_400_0112_sla0.5", "base_id": "c10_replay_400_0112", "campus": 10, "size": 400, "condition": "sla0.5", "rows": {"edd": {"id": "c10_replay_400_0112_sla0.5", "base_id": "c10_replay_400_0112", "campus": 10, "size": 400, "condition": "sla0.5", "sla_multiplier": 0.5, "crew_multiplier": 1.0, "method": "edd", "seed": 301, "feasible": 1, "wwt": 88.1648, "makespan": 93.12480000000001, "mean_flow": 3.5408230000000005, "breach_share": 0.0075, "breach_p1": 0.16666666666666666, "breach_p2": 0.045454545454545456, "breach_p3": 0.0, "breach_p4": 0.0033333333333333335, "wall_seconds": 0.0008996357209980488}, "wspt": {"id": "c10_replay_400_0112_sla0.5", "base_id": "c10_replay_400_0112", "campus": 10, "size": 400, "condition": "sla0.5", "sla_multiplier": 0.5, "crew_multiplier": 1.0, "method": "wspt", "seed": 301, "feasible": 1, "wwt": 88.1648, "makespan": 93.12480000000001, "mean_flow": 2.87043025, "breach_share": 0.0075, "breach_p1": 0.16666666666666666, "breach_p2": 0.045454545454545456, "breach_p3": 0.0, "breach_p4": 0.0033333333333333335, "wall_seconds": 0.000984350685030222}, "atc": {"id": "c10_replay_400_0112_sla0.5", "base_id": "c10_replay_400_0112", "campus": 10, "size": 400, "condition": "sla0.5", "sla_multiplier": 0.5, "crew_multiplier": 1.0, "method": "atc", "seed": 301, "feasible": 1, "wwt": 88.1648, "makespan": 93.12480000000001, "mean_flow": 2.89755525, "breach_share": 0.0075, "breach_p1": 0.16666666666666666, "breach_p2": 0.045454545454545456, "breach_p3": 0.0, "breach_p4": 0.0033333333333333335, "wall_seconds": 0.001722504384815693}, "pfifo": {"id": "c10_replay_400_0112_sla0.5", "base_id": "c10_replay_400_0112", "campus": 10, "size": 400, "condition": "sla0.5", "sla_multiplier": 0.5, "crew_multiplier": 1.0, "method": "pfifo", "seed": 301, "feasible": 1, "wwt": 88.1648, "makespan": 93.12480000000001, "mean_flow": 3.5408230000000005, "breach_share": 0.0075, "breach_p1": 0.16666666666666666, "breach_p2": 0.045454545454545456, "breach_p3": 0.0, "breach_p4": 0.0033333333333333335, "wall_seconds": 0.0009383000433444977}, "mor": {"id": "c10_replay_400_0112_sla0.5", "base_id": "c10_replay_400_0112", "campus": 10, "size": 400, "condition": "sla0.5", "sla_multiplier": 0.5, "crew_multiplier": 1.0, "method": "mor", "seed": 301, "feasible": 1, "wwt": 88.1648, "makespan": 93.12480000000001, "mean_flow": 3.775052, "breach_share": 0.0075, "breach_p1": 0.16666666666666666, "breach_p2": 0.045454545454545456, "breach_p3": 0.0, "breach_p4": 0.0033333333333333335, "wall_seconds": 0.0009587258100509644}, "random": {"id": "c10_replay_400_0112_sla0.5", "base_id": "c10_replay_400_0112", "campus": 10, "size": 400, "condition": "sla0.5", "sla_multiplier": 0.5, "crew_multiplier": 1.0, "method": "random", "seed": 301, "feasible": 1, "wwt": 88.1648, "makespan": 93.12480000000001, "mean_flow": 3.3091319999999995, "breach_share": 0.0075, "breach_p1": 0.16666666666666666, "breach_p2": 0.045454545454545456, "breach_p3": 0.0, "breach_p4": 0.0033333333333333335, "wall_seconds": 0.0006201942451298237}, "v2rl301": {"id": "c10_replay_400_0112_sla0.5", "base_id": "c10_replay_400_0112", "campus": 10, "size": 400, "condition": "sla0.5", "sla_multiplier": 0.5, "crew_multiplier": 1.0, "method": "v2rl301", "seed": 301, "feasible": 1, "wwt": 88.1648, "makespan": 93.12480000000001, "mean_flow": 3.7360519999999995, "breach_share": 0.0075, "breach_p1": 0.16666666666666666, "breach_p2": 0.045454545454545456, "breach_p3": 0.0, "breach_p4": 0.0033333333333333335, "wall_seconds": 0.04665672592818737}, "v2rl302": {"id": "c10_replay_400_0112_sla0.5", "base_id": "c10_replay_400_0112", "campus": 10, "size": 400, "condition": "sla0.5", "sla_multiplier": 0.5, "crew_multiplier": 1.0, "method": "v2rl302", "seed": 302, "feasible": 1, "wwt": 88.1648, "makespan": 93.12480000000001, "mean_flow": 3.73972125, "breach_share": 0.0075, "breach_p1": 0.16666666666666666, "breach_p2": 0.045454545454545456, "breach_p3": 0.0, "breach_p4": 0.0033333333333333335, "wall_seconds": 0.04673166386783123}, "v2rl303": {"id": "c10_replay_400_0112_sla0.5", "base_id": "c10_replay_400_0112", "campus": 10, "size": 400, "condition": "sla0.5", "sla_multiplier": 0.5, "crew_multiplier": 1.0, "method": "v2rl303", "seed": 303, "feasible": 1, "wwt": 88.1648, "makespan": 93.12480000000001, "mean_flow": 3.5597895, "breach_share": 0.0075, "breach_p1": 0.16666666666666666, "breach_p2": 0.045454545454545456, "breach_p3": 0.0, "breach_p4": 0.0033333333333333335, "wall_seconds": 0.04619414312765002}}, "methods_expected": ["edd", "wspt", "atc", "pfifo", "mor", "random", "v2rl301", "v2rl302", "v2rl303"], "infeasible": [], "wall_seconds_total": 0.15060620801523328}