{"shard_id": "c10_replay_150_0111_sla0.5", "id": "c10_replay_150_0111_sla0.5", "base_id": "c10_replay_150_0111", "campus": 10, "size": 150, "condition": "sla0.5", "rows": {"edd": {"id": "c10_replay_150_0111_sla0.5", "base_id": "c10_replay_150_0111", "campus": 10, "size": 150, "condition": "sla0.5", "sla_multiplier": 0.5, "crew_multiplier": 1.0, "method": "edd", "seed": 301, "feasible": 1, "wwt": 12.0, "makespan": 31.0461, "mean_flow": 2.1603926666666666, "breach_share": 0.006666666666666667, "breach_p1": 0.07142857142857142, "breach_p2": 0.0, "breach_p3": 0.0, "breach_p4": 0.0, "wall_seconds": 0.0002976241521537304}, "wspt": {"id": "c10_replay_150_0111_sla0.5", "base_id": "c10_replay_150_0111", "campus": 10, "size": 150, "condition": "sla0.5", "sla_multiplier": 0.5, "crew_multiplier": 1.0, "method": "wspt", "seed": 301, "feasible": 1, "wwt": 12.0, "makespan": 31.0461, "mean_flow": 2.1603926666666666, "breach_share": 0.006666666666666667, "breach_p1": 0.07142857142857142, "breach_p2": 0.0, "breach_p3": 0.0, "breach_p4": 0.0, "wall_seconds": 0.0002748691476881504}, "atc": {"id": "c10_replay_150_0111_sla0.5", "base_id": "c10_replay_150_0111", "campus": 10, "size": 150, "condition": "sla0.5", "sla_multiplier": 0.5, "crew_multiplier": 1.0, "method": "atc", "seed": 301, "feasible": 1, "wwt": 12.0, "makespan": 31.0461, "mean_flow": 2.1603926666666666, "breach_share": 0.006666666666666667, "breach_p1": 0.07142857142857142, "breach_p2": 0.0, "breach_p3": 0.0, "breach_p4": 0.0, "wall_seconds": 0.00036034826189279556}, "pfifo": {"id": "c10_replay_150_0111_sla0.5", "base_id": "c10_replay_150_0111", "campus": 10, "size": 150, "condition": "sla0.5", "sla_multiplier": 0.5, "crew_multiplier": 1.0, "method": "pfifo", "seed": 301, "feasible": 1, "wwt": 12.0, "makespan": 31.0461, "mean_flow": 2.1603926666666666, "breach_share": 0.006666666666666667, "breach_p1": 0.07142857142857142, "breach_p2": 0.0, "breach_p3": 0.0, "breach_p4": 0.0, "wall_seconds": 0.0002629128284752369}, "mor": {"id": "c10_replay_150_0111_sla0.5", "base_id": "c10_replay_150_0111", "campus": 10, "size": 150, "condition": "sla0.5", "sla_multiplier": 0.5, "crew_multiplier": 1.0, "method": "mor", "seed": 301, "feasible": 1, "wwt": 12.0, "makespan": 31.0461, "mean_flow": 2.16175, "breach_share": 0.006666666666666667, "breach_p1": 0.07142857142857142, "breach_p2": 0.0, "breach_p3": 0.0, "breach_p4": 0.0, "wall_seconds": 0.0002587842755019665}, "random": {"id": "c10_replay_150_0111_sla0.5", "base_id": "c10_replay_150_0111", "campus": 10, "size": 150, "condition": "sla0.5", "sla_multiplier": 0.5, "crew_multiplier": 1.0, "method": "random", "seed": 301, "feasible": 1, "wwt": 12.0, "makespan": 31.0461, "mean_flow": 2.1612833333333334, "breach_share": 0.006666666666666667, "breach_p1": 0.07142857142857142, "breach_p2": 0.0, "breach_p3": 0.0, "breach_p4": 0.0, "wall_seconds": 0.00023138988763093948}, "v2rl301": {"id": "c10_replay_150_0111_sla0.5", "base_id": "c10_replay_150_0111", "campus": 10, "size": 150, "condition": "sla0.5", "sla_multiplier": 0.5, "crew_multiplier": 1.0, "method": "v2rl301", "seed": 301, "feasible": 1, "wwt": 12.0, "makespan": 31.0461, "mean_flow": 2.161683333333333, "breach_share": 0.006666666666666667, "breach_p1": 0.07142857142857142, "breach_p2": 0.0, "breach_p3": 0.0, "breach_p4": 0.0, "wall_seconds": 0.01560573698952794}, "v2rl302": {"id": "c10_replay_150_0111_sla0.5", "base_id": "c10_replay_150_0111", "campus": 10, "size": 150, "condition": "sla0.5", "sla_multiplier": 0.5, "crew_multiplier": 1.0, "method": "v2rl302", "seed": 302, "feasible": 1, "wwt": 12.0, "makespan": 31.0461, "mean_flow": 2.1617500000000005, "breach_share": 0.006666666666666667, "breach_p1": 0.07142857142857142, "breach_p2": 0.0, "breach_p3": 0.0, "breach_p4": 0.0, "wall_seconds": 0.015276954974979162}, "v2rl303": {"id": "c10_replay_150_0111_sla0.5", "base_id": "c10_replay_150_0111", "campus": 10, "size": 150, "condition": "sla0.5", "sla_multiplier": 0.5, "crew_multiplier": 1.0, "method": "v2rl303", "seed": 303, "feasible": 1, "wwt": 12.0, "makespan": 31.0461, "mean_flow": 2.16175, "breach_share": 0.006666666666666667, "breach_p1": 0.07142857142857142, "breach_p2": 0.0, "breach_p3": 0.0, "breach_p4": 0.0, "wall_seconds": 0.015704721212387085}}, "methods_expected": ["edd", "wspt", "atc", "pfifo", "mor", "random", "v2rl301", "v2rl302", "v2rl303"], "infeasible": [], "wall_seconds_total": 0.050469114910811186}