{"shard_id": "c10_replay_400_0112_m1.25", "id": "c10_replay_400_0112_m1.25", "base_id": "c10_replay_400_0112", "campus": 10, "size": 400, "condition": "crew1.25", "rows": {"edd": {"id": "c10_replay_400_0112_m1.25", "base_id": "c10_replay_400_0112", "campus": 10, "size": 400, "condition": "crew1.25", "sla_multiplier": 1.0, "crew_multiplier": 1.25, "method": "edd", "seed": 301, "feasible": 1, "wwt": 28.0, "makespan": 93.12480000000001, "mean_flow": 3.18709225, "breach_share": 0.0025, "breach_p1": 0.16666666666666666, "breach_p2": 0.0, "breach_p3": 0.0, "breach_p4": 0.0, "wall_seconds": 0.0008611809462308884}, "wspt": {"id": "c10_replay_400_0112_m1.25", "base_id": "c10_replay_400_0112", "campus": 10, "size": 400, "condition": "crew1.25", "sla_multiplier": 1.0, "crew_multiplier": 1.25, "method": "wspt", "seed": 301, "feasible": 1, "wwt": 28.0, "makespan": 93.12480000000001, "mean_flow": 2.6764014999999994, "breach_share": 0.0025, "breach_p1": 0.16666666666666666, "breach_p2": 0.0, "breach_p3": 0.0, "breach_p4": 0.0, "wall_seconds": 0.0008856290951371193}, "atc": {"id": "c10_replay_400_0112_m1.25", "base_id": "c10_replay_400_0112", "campus": 10, "size": 400, "condition": "crew1.25", "sla_multiplier": 1.0, "crew_multiplier": 1.25, "method": "atc", "seed": 301, "feasible": 1, "wwt": 28.0, "makespan": 93.12480000000001, "mean_flow": 2.6870265, "breach_share": 0.0025, "breach_p1": 0.16666666666666666, "breach_p2": 0.0, "breach_p3": 0.0, "breach_p4": 0.0, "wall_seconds": 0.001557053066790104}, "pfifo": {"id": "c10_replay_400_0112_m1.25", "base_id": "c10_replay_400_0112", "campus": 10, "size": 400, "condition": "crew1.25", "sla_multiplier": 1.0, "crew_multiplier": 1.25, "method": "pfifo", "seed": 301, "feasible": 1, "wwt": 28.0, "makespan": 93.12480000000001, "mean_flow": 3.18709225, "breach_share": 0.0025, "breach_p1": 0.16666666666666666, "breach_p2": 0.0, "breach_p3": 0.0, "breach_p4": 0.0, "wall_seconds": 0.0008727340027689934}, "mor": {"id": "c10_replay_400_0112_m1.25", "base_id": "c10_replay_400_0112", "campus": 10, "size": 400, "condition": "crew1.25", "sla_multiplier": 1.0, "crew_multiplier": 1.25, "method": "mor", "seed": 301, "feasible": 1, "wwt": 28.0, "makespan": 93.12480000000001, "mean_flow": 3.3401417500000004, "breach_share": 0.0025, "breach_p1": 0.16666666666666666, "breach_p2": 0.0, "breach_p3": 0.0, "breach_p4": 0.0, "wall_seconds": 0.0008440189994871616}, "random": {"id": "c10_replay_400_0112_m1.25", "base_id": "c10_replay_400_0112", "campus": 10, "size": 400, "condition": "crew1.25", "sla_multiplier": 1.0, "crew_multiplier": 1.25, "method": "random", "seed": 301, "feasible": 1, "wwt": 28.0, "makespan": 93.12480000000001, "mean_flow": 2.9756470000000004, "breach_share": 0.0025, "breach_p1": 0.16666666666666666, "breach_p2": 0.0, "breach_p3": 0.0, "breach_p4": 0.0, "wall_seconds": 0.0005620578303933144}, "v2rl301": {"id": "c10_replay_400_0112_m1.25", "base_id": "c10_replay_400_0112", "campus": 10, "size": 400, "condition": "crew1.25", "sla_multiplier": 1.0, "crew_multiplier": 1.25, "method": "v2rl301", "seed": 301, "feasible": 1, "wwt": 28.0, "makespan": 93.12480000000001, "mean_flow": 3.3312667499999997, "breach_share": 0.0025, "breach_p1": 0.16666666666666666, "breach_p2": 0.0, "breach_p3": 0.0, "breach_p4": 0.0, "wall_seconds": 0.04660823196172714}, "v2rl302": {"id": "c10_replay_400_0112_m1.25", "base_id": "c10_replay_400_0112", "campus": 10, "size": 400, "condition": "crew1.25", "sla_multiplier": 1.0, "crew_multiplier": 1.25, "method": "v2rl302", "seed": 302, "feasible": 1, "wwt": 28.0, "makespan": 93.12480000000001, "mean_flow": 3.32428225, "breach_share": 0.0025, "breach_p1": 0.16666666666666666, "breach_p2": 0.0, "breach_p3": 0.0, "breach_p4": 0.0, "wall_seconds": 0.04583997745066881}, "v2rl303": {"id": "c10_replay_400_0112_m1.25", "base_id": "c10_replay_400_0112", "campus": 10, "size": 400, "condition": "crew1.25", "sla_multiplier": 1.0, "crew_multiplier": 1.25, "method": "v2rl303", "seed": 303, "feasible": 1, "wwt": 28.0, "makespan": 93.12480000000001, "mean_flow": 3.3288917500000004, "breach_share": 0.0025, "breach_p1": 0.16666666666666666, "breach_p2": 0.0, "breach_p3": 0.0, "breach_p4": 0.0, "wall_seconds": 0.046734302304685116}}, "methods_expected": ["edd", "wspt", "atc", "pfifo", "mor", "random", "v2rl301", "v2rl302", "v2rl303"], "infeasible": [], "wall_seconds_total": 0.14951913990080357}