{"shard_id": "c10_replay_150_0102", "id": "c10_replay_150_0102", "base_id": "c10_replay_150_0102", "campus": 10, "size": 150, "condition": "baseline", "rows": {"edd": {"id": "c10_replay_150_0102", "base_id": "c10_replay_150_0102", "campus": 10, "size": 150, "condition": "baseline", "sla_multiplier": 1.0, "crew_multiplier": 1.0, "method": "edd", "seed": 301, "feasible": 1, "wwt": 662.9184, "makespan": 93.4431, "mean_flow": 7.785159999999999, "breach_share": 0.006666666666666667, "breach_p1": 0.3333333333333333, "breach_p2": 0.0, "breach_p3": 0.0, "breach_p4": 0.0, "wall_seconds": 0.00027803098782896996}, "wspt": {"id": "c10_replay_150_0102", "base_id": "c10_replay_150_0102", "campus": 10, "size": 150, "condition": "baseline", "sla_multiplier": 1.0, "crew_multiplier": 1.0, "method": "wspt", "seed": 301, "feasible": 1, "wwt": 662.9184, "makespan": 93.4431, "mean_flow": 7.7847599999999995, "breach_share": 0.006666666666666667, "breach_p1": 0.3333333333333333, "breach_p2": 0.0, "breach_p3": 0.0, "breach_p4": 0.0, "wall_seconds": 0.00027847616001963615}, "atc": {"id": "c10_replay_150_0102", "base_id": "c10_replay_150_0102", "campus": 10, "size": 150, "condition": "baseline", "sla_multiplier": 1.0, "crew_multiplier": 1.0, "method": "atc", "seed": 301, "feasible": 1, "wwt": 662.9184, "makespan": 93.4431, "mean_flow": 7.785159999999999, "breach_share": 0.006666666666666667, "breach_p1": 0.3333333333333333, "breach_p2": 0.0, "breach_p3": 0.0, "breach_p4": 0.0, "wall_seconds": 0.00033946288749575615}, "pfifo": {"id": "c10_replay_150_0102", "base_id": "c10_replay_150_0102", "campus": 10, "size": 150, "condition": "baseline", "sla_multiplier": 1.0, "crew_multiplier": 1.0, "method": "pfifo", "seed": 301, "feasible": 1, "wwt": 662.9184, "makespan": 93.4431, "mean_flow": 7.785159999999999, "breach_share": 0.006666666666666667, "breach_p1": 0.3333333333333333, "breach_p2": 0.0, "breach_p3": 0.0, "breach_p4": 0.0, "wall_seconds": 0.00028983596712350845}, "mor": {"id": "c10_replay_150_0102", "base_id": "c10_replay_150_0102", "campus": 10, "size": 150, "condition": "baseline", "sla_multiplier": 1.0, "crew_multiplier": 1.0, "method": "mor", "seed": 301, "feasible": 1, "wwt": 662.9184, "makespan": 93.4431, "mean_flow": 7.786226666666667, "breach_share": 0.006666666666666667, "breach_p1": 0.3333333333333333, "breach_p2": 0.0, "breach_p3": 0.0, "breach_p4": 0.0, "wall_seconds": 0.0002607181668281555}, "random": {"id": "c10_replay_150_0102", "base_id": "c10_replay_150_0102", "campus": 10, "size": 150, "condition": "baseline", "sla_multiplier": 1.0, "crew_multiplier": 1.0, "method": "random", "seed": 301, "feasible": 1, "wwt": 662.9184, "makespan": 93.4431, "mean_flow": 7.784893333333333, "breach_share": 0.006666666666666667, "breach_p1": 0.3333333333333333, "breach_p2": 0.0, "breach_p3": 0.0, "breach_p4": 0.0, "wall_seconds": 0.00025740498676896095}, "v2rl301": {"id": "c10_replay_150_0102", "base_id": "c10_replay_150_0102", "campus": 10, "size": 150, "condition": "baseline", "sla_multiplier": 1.0, "crew_multiplier": 1.0, "method": "v2rl301", "seed": 301, "feasible": 1, "wwt": 662.9184, "makespan": 93.4431, "mean_flow": 7.785493333333334, "breach_share": 0.006666666666666667, "breach_p1": 0.3333333333333333, "breach_p2": 0.0, "breach_p3": 0.0, "breach_p4": 0.0, "wall_seconds": 0.015407998114824295}, "v2rl302": {"id": "c10_replay_150_0102", "base_id": "c10_replay_150_0102", "campus": 10, "size": 150, "condition": "baseline", "sla_multiplier": 1.0, "crew_multiplier": 1.0, "method": "v2rl302", "seed": 302, "feasible": 1, "wwt": 662.9184, "makespan": 93.4431, "mean_flow": 7.786226666666667, "breach_share": 0.006666666666666667, "breach_p1": 0.3333333333333333, "breach_p2": 0.0, "breach_p3": 0.0, "breach_p4": 0.0, "wall_seconds": 0.01505387295037508}, "v2rl303": {"id": "c10_replay_150_0102", "base_id": "c10_replay_150_0102", "campus": 10, "size": 150, "condition": "baseline", "sla_multiplier": 1.0, "crew_multiplier": 1.0, "method": "v2rl303", "seed": 303, "feasible": 1, "wwt": 662.9184, "makespan": 93.4431, "mean_flow": 7.786226666666667, "breach_share": 0.006666666666666667, "breach_p1": 0.3333333333333333, "breach_p2": 0.0, "breach_p3": 0.0, "breach_p4": 0.0, "wall_seconds": 0.014928831718862057}}, "methods_expected": ["edd", "wspt", "atc", "pfifo", "mor", "random", "v2rl301", "v2rl302", "v2rl303"], "infeasible": [], "wall_seconds_total": 0.04887109575793147}