{"shard_id": "c10_replay_150_0124_m1.25", "id": "c10_replay_150_0124_m1.25", "base_id": "c10_replay_150_0124", "campus": 10, "size": 150, "condition": "crew1.25", "rows": {"edd": {"id": "c10_replay_150_0124_m1.25", "base_id": "c10_replay_150_0124", "campus": 10, "size": 150, "condition": "crew1.25", "sla_multiplier": 1.0, "crew_multiplier": 1.25, "method": "edd", "seed": 301, "feasible": 1, "wwt": 60.0, "makespan": 95.2262, "mean_flow": 10.84416, "breach_share": 0.013333333333333334, "breach_p1": 0.2857142857142857, "breach_p2": 0.0, "breach_p3": 0.0, "breach_p4": 0.0, "wall_seconds": 0.0003160960040986538}, "wspt": {"id": "c10_replay_150_0124_m1.25", "base_id": "c10_replay_150_0124", "campus": 10, "size": 150, "condition": "crew1.25", "sla_multiplier": 1.0, "crew_multiplier": 1.25, "method": "wspt", "seed": 301, "feasible": 1, "wwt": 60.0, "makespan": 95.2262, "mean_flow": 10.84316, "breach_share": 0.013333333333333334, "breach_p1": 0.2857142857142857, "breach_p2": 0.0, "breach_p3": 0.0, "breach_p4": 0.0, "wall_seconds": 0.0003243167884647846}, "atc": {"id": "c10_replay_150_0124_m1.25", "base_id": "c10_replay_150_0124", "campus": 10, "size": 150, "condition": "crew1.25", "sla_multiplier": 1.0, "crew_multiplier": 1.25, "method": "atc", "seed": 301, "feasible": 1, "wwt": 60.0, "makespan": 95.2262, "mean_flow": 10.84436, "breach_share": 0.013333333333333334, "breach_p1": 0.2857142857142857, "breach_p2": 0.0, "breach_p3": 0.0, "breach_p4": 0.0, "wall_seconds": 0.00045935576781630516}, "pfifo": {"id": "c10_replay_150_0124_m1.25", "base_id": "c10_replay_150_0124", "campus": 10, "size": 150, "condition": "crew1.25", "sla_multiplier": 1.0, "crew_multiplier": 1.25, "method": "pfifo", "seed": 301, "feasible": 1, "wwt": 60.0, "makespan": 95.2262, "mean_flow": 10.84416, "breach_share": 0.013333333333333334, "breach_p1": 0.2857142857142857, "breach_p2": 0.0, "breach_p3": 0.0, "breach_p4": 0.0, "wall_seconds": 0.00030428729951381683}, "mor": {"id": "c10_replay_150_0124_m1.25", "base_id": "c10_replay_150_0124", "campus": 10, "size": 150, "condition": "crew1.25", "sla_multiplier": 1.0, "crew_multiplier": 1.25, "method": "mor", "seed": 301, "feasible": 1, "wwt": 60.0, "makespan": 95.2262, "mean_flow": 10.84436, "breach_share": 0.013333333333333334, "breach_p1": 0.2857142857142857, "breach_p2": 0.0, "breach_p3": 0.0, "breach_p4": 0.0, "wall_seconds": 0.00032383203506469727}, "random": {"id": "c10_replay_150_0124_m1.25", "base_id": "c10_replay_150_0124", "campus": 10, "size": 150, "condition": "crew1.25", "sla_multiplier": 1.0, "crew_multiplier": 1.25, "method": "random", "seed": 301, "feasible": 1, "wwt": 60.0, "makespan": 95.2262, "mean_flow": 10.843293333333333, "breach_share": 0.013333333333333334, "breach_p1": 0.2857142857142857, "breach_p2": 0.0, "breach_p3": 0.0, "breach_p4": 0.0, "wall_seconds": 0.0002516363747417927}, "v2rl301": {"id": "c10_replay_150_0124_m1.25", "base_id": "c10_replay_150_0124", "campus": 10, "size": 150, "condition": "crew1.25", "sla_multiplier": 1.0, "crew_multiplier": 1.25, "method": "v2rl301", "seed": 301, "feasible": 1, "wwt": 60.0, "makespan": 95.2262, "mean_flow": 10.84436, "breach_share": 0.013333333333333334, "breach_p1": 0.2857142857142857, "breach_p2": 0.0, "breach_p3": 0.0, "breach_p4": 0.0, "wall_seconds": 0.016008868347853422}, "v2rl302": {"id": "c10_replay_150_0124_m1.25", "base_id": "c10_replay_150_0124", "campus": 10, "size": 150, "condition": "crew1.25", "sla_multiplier": 1.0, "crew_multiplier": 1.25, "method": "v2rl302", "seed": 302, "feasible": 1, "wwt": 60.0, "makespan": 95.2262, "mean_flow": 10.84436, "breach_share": 0.013333333333333334, "breach_p1": 0.2857142857142857, "breach_p2": 0.0, "breach_p3": 0.0, "breach_p4": 0.0, "wall_seconds": 0.015696177259087563}, "v2rl303": {"id": "c10_replay_150_0124_m1.25", "base_id": "c10_replay_150_0124", "campus": 10, "size": 150, "condition": "crew1.25", "sla_multiplier": 1.0, "crew_multiplier": 1.25, "method": "v2rl303", "seed": 303, "feasible": 1, "wwt": 60.0, "makespan": 95.2262, "mean_flow": 10.84436, "breach_share": 0.013333333333333334, "breach_p1": 0.2857142857142857, "breach_p2": 0.0, "breach_p3": 0.0, "breach_p4": 0.0, "wall_seconds": 0.01548626460134983}}, "methods_expected": ["edd", "wspt", "atc", "pfifo", "mor", "random", "v2rl301", "v2rl302", "v2rl303"], "infeasible": [], "wall_seconds_total": 0.05147167015820742}