{"shard_id": "c10_replay_400_0122", "id": "c10_replay_400_0122", "base_id": "c10_replay_400_0122", "campus": 10, "size": 400, "condition": "baseline", "rows": {"edd": {"id": "c10_replay_400_0122", "base_id": "c10_replay_400_0122", "campus": 10, "size": 400, "condition": "baseline", "sla_multiplier": 1.0, "crew_multiplier": 1.0, "method": "edd", "seed": 301, "feasible": 1, "wwt": 23.999999999999986, "makespan": 41.5586, "mean_flow": 1.9997502500000002, "breach_share": 0.0025, "breach_p1": 0.0, "breach_p2": 0.034482758620689655, "breach_p3": 0.0, "breach_p4": 0.0, "wall_seconds": 0.0012384089641273022}, "wspt": {"id": "c10_replay_400_0122", "base_id": "c10_replay_400_0122", "campus": 10, "size": 400, "condition": "baseline", "sla_multiplier": 1.0, "crew_multiplier": 1.0, "method": "wspt", "seed": 301, "feasible": 1, "wwt": 23.999999999999986, "makespan": 41.5586, "mean_flow": 1.905795, "breach_share": 0.0025, "breach_p1": 0.0, "breach_p2": 0.034482758620689655, "breach_p3": 0.0, "breach_p4": 0.0, "wall_seconds": 0.0014820359647274017}, "atc": {"id": "c10_replay_400_0122", "base_id": "c10_replay_400_0122", "campus": 10, "size": 400, "condition": "baseline", "sla_multiplier": 1.0, "crew_multiplier": 1.0, "method": "atc", "seed": 301, "feasible": 1, "wwt": 23.999999999999986, "makespan": 41.5586, "mean_flow": 1.9297840000000002, "breach_share": 0.0025, "breach_p1": 0.0, "breach_p2": 0.034482758620689655, "breach_p3": 0.0, "breach_p4": 0.0, "wall_seconds": 0.0031070630066096783}, "pfifo": {"id": "c10_replay_400_0122", "base_id": "c10_replay_400_0122", "campus": 10, "size": 400, "condition": "baseline", "sla_multiplier": 1.0, "crew_multiplier": 1.0, "method": "pfifo", "seed": 301, "feasible": 1, "wwt": 23.999999999999986, "makespan": 41.5586, "mean_flow": 1.9997502500000002, "breach_share": 0.0025, "breach_p1": 0.0, "breach_p2": 0.034482758620689655, "breach_p3": 0.0, "breach_p4": 0.0, "wall_seconds": 0.001278421375900507}, "mor": {"id": "c10_replay_400_0122", "base_id": "c10_replay_400_0122", "campus": 10, "size": 400, "condition": "baseline", "sla_multiplier": 1.0, "crew_multiplier": 1.0, "method": "mor", "seed": 301, "feasible": 1, "wwt": 23.999999999999986, "makespan": 41.5586, "mean_flow": 2.0495705, "breach_share": 0.0025, "breach_p1": 0.0, "breach_p2": 0.034482758620689655, "breach_p3": 0.0, "breach_p4": 0.0, "wall_seconds": 0.001289829146116972}, "random": {"id": "c10_replay_400_0122", "base_id": "c10_replay_400_0122", "campus": 10, "size": 400, "condition": "baseline", "sla_multiplier": 1.0, "crew_multiplier": 1.0, "method": "random", "seed": 301, "feasible": 1, "wwt": 23.999999999999986, "makespan": 41.5586, "mean_flow": 1.9602160000000004, "breach_share": 0.0025, "breach_p1": 0.0, "breach_p2": 0.034482758620689655, "breach_p3": 0.0, "breach_p4": 0.0, "wall_seconds": 0.0006422465667128563}, "v2rl301": {"id": "c10_replay_400_0122", "base_id": "c10_replay_400_0122", "campus": 10, "size": 400, "condition": "baseline", "sla_multiplier": 1.0, "crew_multiplier": 1.0, "method": "v2rl301", "seed": 301, "feasible": 1, "wwt": 23.999999999999986, "makespan": 41.5586, "mean_flow": 2.0478787500000006, "breach_share": 0.0025, "breach_p1": 0.0, "breach_p2": 0.034482758620689655, "breach_p3": 0.0, "breach_p4": 0.0, "wall_seconds": 0.05297985812649131}, "v2rl302": {"id": "c10_replay_400_0122", "base_id": "c10_replay_400_0122", "campus": 10, "size": 400, "condition": "baseline", "sla_multiplier": 1.0, "crew_multiplier": 1.0, "method": "v2rl302", "seed": 302, "feasible": 1, "wwt": 23.999999999999986, "makespan": 41.5586, "mean_flow": 2.0297177500000005, "breach_share": 0.0025, "breach_p1": 0.0, "breach_p2": 0.034482758620689655, "breach_p3": 0.0, "breach_p4": 0.0, "wall_seconds": 0.053087068255990744}, "v2rl303": {"id": "c10_replay_400_0122", "base_id": "c10_replay_400_0122", "campus": 10, "size": 400, "condition": "baseline", "sla_multiplier": 1.0, "crew_multiplier": 1.0, "method": "v2rl303", "seed": 303, "feasible": 1, "wwt": 23.999999999999986, "makespan": 41.5586, "mean_flow": 2.0297177500000005, "breach_share": 0.0025, "breach_p1": 0.0, "breach_p2": 0.034482758620689655, "breach_p3": 0.0, "breach_p4": 0.0, "wall_seconds": 0.05191028583794832}}, "methods_expected": ["edd", "wspt", "atc", "pfifo", "mor", "random", "v2rl301", "v2rl302", "v2rl303"], "infeasible": [], "wall_seconds_total": 0.17086596181616187}