{"shard_id": "c10_replay_400_0118_m0.75", "id": "c10_replay_400_0118_m0.75", "base_id": "c10_replay_400_0118", "campus": 10, "size": 400, "condition": "crew0.75", "rows": {"edd": {"id": "c10_replay_400_0118_m0.75", "base_id": "c10_replay_400_0118", "campus": 10, "size": 400, "condition": "crew0.75", "sla_multiplier": 1.0, "crew_multiplier": 0.75, "method": "edd", "seed": 301, "feasible": 1, "wwt": 9.662399999999991, "makespan": 98.8648, "mean_flow": 5.029219, "breach_share": 0.0025, "breach_p1": 0.1, "breach_p2": 0.0, "breach_p3": 0.0, "breach_p4": 0.0, "wall_seconds": 0.0012351139448583126}, "wspt": {"id": "c10_replay_400_0118_m0.75", "base_id": "c10_replay_400_0118", "campus": 10, "size": 400, "condition": "crew0.75", "sla_multiplier": 1.0, "crew_multiplier": 0.75, "method": "wspt", "seed": 301, "feasible": 1, "wwt": 9.662399999999991, "makespan": 98.8648, "mean_flow": 4.830450000000001, "breach_share": 0.0025, "breach_p1": 0.1, "breach_p2": 0.0, "breach_p3": 0.0, "breach_p4": 0.0, "wall_seconds": 0.0015302877873182297}, "atc": {"id": "c10_replay_400_0118_m0.75", "base_id": "c10_replay_400_0118", "campus": 10, "size": 400, "condition": "crew0.75", "sla_multiplier": 1.0, "crew_multiplier": 0.75, "method": "atc", "seed": 301, "feasible": 1, "wwt": 9.662399999999991, "makespan": 98.8648, "mean_flow": 5.01410375, "breach_share": 0.0025, "breach_p1": 0.1, "breach_p2": 0.0, "breach_p3": 0.0, "breach_p4": 0.0, "wall_seconds": 0.0032967738807201385}, "pfifo": {"id": "c10_replay_400_0118_m0.75", "base_id": "c10_replay_400_0118", "campus": 10, "size": 400, "condition": "crew0.75", "sla_multiplier": 1.0, "crew_multiplier": 0.75, "method": "pfifo", "seed": 301, "feasible": 1, "wwt": 9.662399999999991, "makespan": 98.8648, "mean_flow": 5.029219, "breach_share": 0.0025, "breach_p1": 0.1, "breach_p2": 0.0, "breach_p3": 0.0, "breach_p4": 0.0, "wall_seconds": 0.0015485291369259357}, "mor": {"id": "c10_replay_400_0118_m0.75", "base_id": "c10_replay_400_0118", "campus": 10, "size": 400, "condition": "crew0.75", "sla_multiplier": 1.0, "crew_multiplier": 0.75, "method": "mor", "seed": 301, "feasible": 1, "wwt": 9.662399999999991, "makespan": 98.8648, "mean_flow": 5.53074875, "breach_share": 0.0025, "breach_p1": 0.1, "breach_p2": 0.0, "breach_p3": 0.0, "breach_p4": 0.0, "wall_seconds": 0.0013789869844913483}, "random": {"id": "c10_replay_400_0118_m0.75", "base_id": "c10_replay_400_0118", "campus": 10, "size": 400, "condition": "crew0.75", "sla_multiplier": 1.0, "crew_multiplier": 0.75, "method": "random", "seed": 301, "feasible": 1, "wwt": 9.662399999999991, "makespan": 98.8648, "mean_flow": 5.124125, "breach_share": 0.0025, "breach_p1": 0.1, "breach_p2": 0.0, "breach_p3": 0.0, "breach_p4": 0.0, "wall_seconds": 0.0006043491885066032}, "v2rl301": {"id": "c10_replay_400_0118_m0.75", "base_id": "c10_replay_400_0118", "campus": 10, "size": 400, "condition": "crew0.75", "sla_multiplier": 1.0, "crew_multiplier": 0.75, "method": "v2rl301", "seed": 301, "feasible": 1, "wwt": 9.662399999999991, "makespan": 98.8648, "mean_flow": 5.5111855, "breach_share": 0.0025, "breach_p1": 0.1, "breach_p2": 0.0, "breach_p3": 0.0, "breach_p4": 0.0, "wall_seconds": 0.053803944028913975}, "v2rl302": {"id": "c10_replay_400_0118_m0.75", "base_id": "c10_replay_400_0118", "campus": 10, "size": 400, "condition": "crew0.75", "sla_multiplier": 1.0, "crew_multiplier": 0.75, "method": "v2rl302", "seed": 302, "feasible": 1, "wwt": 9.662399999999991, "makespan": 98.8648, "mean_flow": 5.453189, "breach_share": 0.0025, "breach_p1": 0.1, "breach_p2": 0.0, "breach_p3": 0.0, "breach_p4": 0.0, "wall_seconds": 0.053850934375077486}, "v2rl303": {"id": "c10_replay_400_0118_m0.75", "base_id": "c10_replay_400_0118", "campus": 10, "size": 400, "condition": "crew0.75", "sla_multiplier": 1.0, "crew_multiplier": 0.75, "method": "v2rl303", "seed": 303, "feasible": 1, "wwt": 9.662399999999991, "makespan": 98.8648, "mean_flow": 5.134799, "breach_share": 0.0025, "breach_p1": 0.1, "breach_p2": 0.0, "breach_p3": 0.0, "breach_p4": 0.0, "wall_seconds": 0.054339833091944456}}, "methods_expected": ["edd", "wspt", "atc", "pfifo", "mor", "random", "v2rl301", "v2rl302", "v2rl303"], "infeasible": [], "wall_seconds_total": 0.1761341579258442}