{"shard_id": "c10_replay_150_0105_sla1.5", "id": "c10_replay_150_0105_sla1.5", "base_id": "c10_replay_150_0105", "campus": 10, "size": 150, "condition": "sla1.5", "rows": {"edd": {"id": "c10_replay_150_0105_sla1.5", "base_id": "c10_replay_150_0105", "campus": 10, "size": 150, "condition": "sla1.5", "sla_multiplier": 1.5, "crew_multiplier": 1.0, "method": "edd", "seed": 301, "feasible": 1, "wwt": 227.99999999999997, "makespan": 98.8373, "mean_flow": 5.458104666666666, "breach_share": 0.013333333333333334, "breach_p1": 0.3333333333333333, "breach_p2": 0.0, "breach_p3": 0.0, "breach_p4": 0.0, "wall_seconds": 0.000290790107101202}, "wspt": {"id": "c10_replay_150_0105_sla1.5", "base_id": "c10_replay_150_0105", "campus": 10, "size": 150, "condition": "sla1.5", "sla_multiplier": 1.5, "crew_multiplier": 1.0, "method": "wspt", "seed": 301, "feasible": 1, "wwt": 227.99999999999997, "makespan": 98.8373, "mean_flow": 5.45796, "breach_share": 0.013333333333333334, "breach_p1": 0.3333333333333333, "breach_p2": 0.0, "breach_p3": 0.0, "breach_p4": 0.0, "wall_seconds": 0.00027045002207159996}, "atc": {"id": "c10_replay_150_0105_sla1.5", "base_id": "c10_replay_150_0105", "campus": 10, "size": 150, "condition": "sla1.5", "sla_multiplier": 1.5, "crew_multiplier": 1.0, "method": "atc", "seed": 301, "feasible": 1, "wwt": 227.99999999999997, "makespan": 98.8373, "mean_flow": 5.45796, "breach_share": 0.013333333333333334, "breach_p1": 0.3333333333333333, "breach_p2": 0.0, "breach_p3": 0.0, "breach_p4": 0.0, "wall_seconds": 0.00033249007537961006}, "pfifo": {"id": "c10_replay_150_0105_sla1.5", "base_id": "c10_replay_150_0105", "campus": 10, "size": 150, "condition": "sla1.5", "sla_multiplier": 1.5, "crew_multiplier": 1.0, "method": "pfifo", "seed": 301, "feasible": 1, "wwt": 227.99999999999997, "makespan": 98.8373, "mean_flow": 5.458104666666666, "breach_share": 0.013333333333333334, "breach_p1": 0.3333333333333333, "breach_p2": 0.0, "breach_p3": 0.0, "breach_p4": 0.0, "wall_seconds": 0.0002603689208626747}, "mor": {"id": "c10_replay_150_0105_sla1.5", "base_id": "c10_replay_150_0105", "campus": 10, "size": 150, "condition": "sla1.5", "sla_multiplier": 1.5, "crew_multiplier": 1.0, "method": "mor", "seed": 301, "feasible": 1, "wwt": 227.99999999999997, "makespan": 98.8373, "mean_flow": 5.458104666666666, "breach_share": 0.013333333333333334, "breach_p1": 0.3333333333333333, "breach_p2": 0.0, "breach_p3": 0.0, "breach_p4": 0.0, "wall_seconds": 0.00025732629001140594}, "random": {"id": "c10_replay_150_0105_sla1.5", "base_id": "c10_replay_150_0105", "campus": 10, "size": 150, "condition": "sla1.5", "sla_multiplier": 1.5, "crew_multiplier": 1.0, "method": "random", "seed": 301, "feasible": 1, "wwt": 227.99999999999997, "makespan": 98.8373, "mean_flow": 5.458104666666666, "breach_share": 0.013333333333333334, "breach_p1": 0.3333333333333333, "breach_p2": 0.0, "breach_p3": 0.0, "breach_p4": 0.0, "wall_seconds": 0.00023302575573325157}, "v2rl301": {"id": "c10_replay_150_0105_sla1.5", "base_id": "c10_replay_150_0105", "campus": 10, "size": 150, "condition": "sla1.5", "sla_multiplier": 1.5, "crew_multiplier": 1.0, "method": "v2rl301", "seed": 301, "feasible": 1, "wwt": 227.99999999999997, "makespan": 98.8373, "mean_flow": 5.458104666666666, "breach_share": 0.013333333333333334, "breach_p1": 0.3333333333333333, "breach_p2": 0.0, "breach_p3": 0.0, "breach_p4": 0.0, "wall_seconds": 0.015294944867491722}, "v2rl302": {"id": "c10_replay_150_0105_sla1.5", "base_id": "c10_replay_150_0105", "campus": 10, "size": 150, "condition": "sla1.5", "sla_multiplier": 1.5, "crew_multiplier": 1.0, "method": "v2rl302", "seed": 302, "feasible": 1, "wwt": 227.99999999999997, "makespan": 98.8373, "mean_flow": 5.458104666666666, "breach_share": 0.013333333333333334, "breach_p1": 0.3333333333333333, "breach_p2": 0.0, "breach_p3": 0.0, "breach_p4": 0.0, "wall_seconds": 0.015031287912279367}, "v2rl303": {"id": "c10_replay_150_0105_sla1.5", "base_id": "c10_replay_150_0105", "campus": 10, "size": 150, "condition": "sla1.5", "sla_multiplier": 1.5, "crew_multiplier": 1.0, "method": "v2rl303", "seed": 303, "feasible": 1, "wwt": 227.99999999999997, "makespan": 98.8373, "mean_flow": 5.458104666666666, "breach_share": 0.013333333333333334, "breach_p1": 0.3333333333333333, "breach_p2": 0.0, "breach_p3": 0.0, "breach_p4": 0.0, "wall_seconds": 0.015022357925772667}}, "methods_expected": ["edd", "wspt", "atc", "pfifo", "mor", "random", "v2rl301", "v2rl302", "v2rl303"], "infeasible": [], "wall_seconds_total": 0.049150481820106506}