{"shard_id": "c10_replay_150_0103", "id": "c10_replay_150_0103", "base_id": "c10_replay_150_0103", "campus": 10, "size": 150, "condition": "baseline", "rows": {"edd": {"id": "c10_replay_150_0103", "base_id": "c10_replay_150_0103", "campus": 10, "size": 150, "condition": "baseline", "sla_multiplier": 1.0, "crew_multiplier": 1.0, "method": "edd", "seed": 301, "feasible": 1, "wwt": 18.0, "makespan": 94.7448, "mean_flow": 5.644919333333333, "breach_share": 0.006666666666666667, "breach_p1": 0.14285714285714285, "breach_p2": 0.0, "breach_p3": 0.0, "breach_p4": 0.0, "wall_seconds": 0.00028161704540252686}, "wspt": {"id": "c10_replay_150_0103", "base_id": "c10_replay_150_0103", "campus": 10, "size": 150, "condition": "baseline", "sla_multiplier": 1.0, "crew_multiplier": 1.0, "method": "wspt", "seed": 301, "feasible": 1, "wwt": 18.0, "makespan": 94.9942, "mean_flow": 5.641586666666666, "breach_share": 0.006666666666666667, "breach_p1": 0.14285714285714285, "breach_p2": 0.0, "breach_p3": 0.0, "breach_p4": 0.0, "wall_seconds": 0.0002863919362425804}, "atc": {"id": "c10_replay_150_0103", "base_id": "c10_replay_150_0103", "campus": 10, "size": 150, "condition": "baseline", "sla_multiplier": 1.0, "crew_multiplier": 1.0, "method": "atc", "seed": 301, "feasible": 1, "wwt": 18.0, "makespan": 94.9942, "mean_flow": 5.641586666666667, "breach_share": 0.006666666666666667, "breach_p1": 0.14285714285714285, "breach_p2": 0.0, "breach_p3": 0.0, "breach_p4": 0.0, "wall_seconds": 0.00040248269215226173}, "pfifo": {"id": "c10_replay_150_0103", "base_id": "c10_replay_150_0103", "campus": 10, "size": 150, "condition": "baseline", "sla_multiplier": 1.0, "crew_multiplier": 1.0, "method": "pfifo", "seed": 301, "feasible": 1, "wwt": 18.0, "makespan": 94.7448, "mean_flow": 5.644919333333333, "breach_share": 0.006666666666666667, "breach_p1": 0.14285714285714285, "breach_p2": 0.0, "breach_p3": 0.0, "breach_p4": 0.0, "wall_seconds": 0.00027563516050577164}, "mor": {"id": "c10_replay_150_0103", "base_id": "c10_replay_150_0103", "campus": 10, "size": 150, "condition": "baseline", "sla_multiplier": 1.0, "crew_multiplier": 1.0, "method": "mor", "seed": 301, "feasible": 1, "wwt": 18.0, "makespan": 94.4937, "mean_flow": 5.668228666666667, "breach_share": 0.006666666666666667, "breach_p1": 0.14285714285714285, "breach_p2": 0.0, "breach_p3": 0.0, "breach_p4": 0.0, "wall_seconds": 0.0002713720314204693}, "random": {"id": "c10_replay_150_0103", "base_id": "c10_replay_150_0103", "campus": 10, "size": 150, "condition": "baseline", "sla_multiplier": 1.0, "crew_multiplier": 1.0, "method": "random", "seed": 301, "feasible": 1, "wwt": 18.0, "makespan": 94.994, "mean_flow": 5.649924000000001, "breach_share": 0.006666666666666667, "breach_p1": 0.14285714285714285, "breach_p2": 0.0, "breach_p3": 0.0, "breach_p4": 0.0, "wall_seconds": 0.00022565433755517006}, "v2rl301": {"id": "c10_replay_150_0103", "base_id": "c10_replay_150_0103", "campus": 10, "size": 150, "condition": "baseline", "sla_multiplier": 1.0, "crew_multiplier": 1.0, "method": "v2rl301", "seed": 301, "feasible": 1, "wwt": 18.0, "makespan": 94.4937, "mean_flow": 5.668228666666665, "breach_share": 0.006666666666666667, "breach_p1": 0.14285714285714285, "breach_p2": 0.0, "breach_p3": 0.0, "breach_p4": 0.0, "wall_seconds": 0.015690356958657503}, "v2rl302": {"id": "c10_replay_150_0103", "base_id": "c10_replay_150_0103", "campus": 10, "size": 150, "condition": "baseline", "sla_multiplier": 1.0, "crew_multiplier": 1.0, "method": "v2rl302", "seed": 302, "feasible": 1, "wwt": 18.0, "makespan": 94.4937, "mean_flow": 5.666563999999999, "breach_share": 0.006666666666666667, "breach_p1": 0.14285714285714285, "breach_p2": 0.0, "breach_p3": 0.0, "breach_p4": 0.0, "wall_seconds": 0.01581315277144313}, "v2rl303": {"id": "c10_replay_150_0103", "base_id": "c10_replay_150_0103", "campus": 10, "size": 150, "condition": "baseline", "sla_multiplier": 1.0, "crew_multiplier": 1.0, "method": "v2rl303", "seed": 303, "feasible": 1, "wwt": 18.0, "makespan": 94.4937, "mean_flow": 5.666564, "breach_share": 0.006666666666666667, "breach_p1": 0.14285714285714285, "breach_p2": 0.0, "breach_p3": 0.0, "breach_p4": 0.0, "wall_seconds": 0.015464739874005318}}, "methods_expected": ["edd", "wspt", "atc", "pfifo", "mor", "random", "v2rl301", "v2rl302", "v2rl303"], "infeasible": [], "wall_seconds_total": 0.050491820089519024}