{"shard_id": "c10_replay_150_0124_sla0.5", "id": "c10_replay_150_0124_sla0.5", "base_id": "c10_replay_150_0124", "campus": 10, "size": 150, "condition": "sla0.5", "rows": {"edd": {"id": "c10_replay_150_0124_sla0.5", "base_id": "c10_replay_150_0124", "campus": 10, "size": 150, "condition": "sla0.5", "sla_multiplier": 0.5, "crew_multiplier": 1.0, "method": "edd", "seed": 301, "feasible": 1, "wwt": 182.12400000000002, "makespan": 95.2262, "mean_flow": 10.852226666666667, "breach_share": 0.06, "breach_p1": 0.42857142857142855, "breach_p2": 0.0, "breach_p3": 0.0, "breach_p4": 0.06896551724137931, "wall_seconds": 0.0003520464524626732}, "wspt": {"id": "c10_replay_150_0124_sla0.5", "base_id": "c10_replay_150_0124", "campus": 10, "size": 150, "condition": "sla0.5", "sla_multiplier": 0.5, "crew_multiplier": 1.0, "method": "wspt", "seed": 301, "feasible": 1, "wwt": 182.12400000000002, "makespan": 95.2262, "mean_flow": 10.846493333333333, "breach_share": 0.06, "breach_p1": 0.42857142857142855, "breach_p2": 0.0, "breach_p3": 0.0, "breach_p4": 0.06896551724137931, "wall_seconds": 0.00033628102391958237}, "atc": {"id": "c10_replay_150_0124_sla0.5", "base_id": "c10_replay_150_0124", "campus": 10, "size": 150, "condition": "sla0.5", "sla_multiplier": 0.5, "crew_multiplier": 1.0, "method": "atc", "seed": 301, "feasible": 1, "wwt": 182.12400000000002, "makespan": 95.2262, "mean_flow": 10.850493333333334, "breach_share": 0.06, "breach_p1": 0.42857142857142855, "breach_p2": 0.0, "breach_p3": 0.0, "breach_p4": 0.06896551724137931, "wall_seconds": 0.0004713190719485283}, "pfifo": {"id": "c10_replay_150_0124_sla0.5", "base_id": "c10_replay_150_0124", "campus": 10, "size": 150, "condition": "sla0.5", "sla_multiplier": 0.5, "crew_multiplier": 1.0, "method": "pfifo", "seed": 301, "feasible": 1, "wwt": 182.12400000000002, "makespan": 95.2262, "mean_flow": 10.852226666666667, "breach_share": 0.06, "breach_p1": 0.42857142857142855, "breach_p2": 0.0, "breach_p3": 0.0, "breach_p4": 0.06896551724137931, "wall_seconds": 0.000310427974909544}, "mor": {"id": "c10_replay_150_0124_sla0.5", "base_id": "c10_replay_150_0124", "campus": 10, "size": 150, "condition": "sla0.5", "sla_multiplier": 0.5, "crew_multiplier": 1.0, "method": "mor", "seed": 301, "feasible": 1, "wwt": 182.12400000000002, "makespan": 95.2262, "mean_flow": 10.85316, "breach_share": 0.06, "breach_p1": 0.42857142857142855, "breach_p2": 0.0, "breach_p3": 0.0, "breach_p4": 0.06896551724137931, "wall_seconds": 0.00028248177841305733}, "random": {"id": "c10_replay_150_0124_sla0.5", "base_id": "c10_replay_150_0124", "campus": 10, "size": 150, "condition": "sla0.5", "sla_multiplier": 0.5, "crew_multiplier": 1.0, "method": "random", "seed": 301, "feasible": 1, "wwt": 182.12400000000002, "makespan": 95.2262, "mean_flow": 10.84896, "breach_share": 0.06, "breach_p1": 0.42857142857142855, "breach_p2": 0.0, "breach_p3": 0.0, "breach_p4": 0.06896551724137931, "wall_seconds": 0.0002445261925458908}, "v2rl301": {"id": "c10_replay_150_0124_sla0.5", "base_id": "c10_replay_150_0124", "campus": 10, "size": 150, "condition": "sla0.5", "sla_multiplier": 0.5, "crew_multiplier": 1.0, "method": "v2rl301", "seed": 301, "feasible": 1, "wwt": 182.12400000000002, "makespan": 95.2262, "mean_flow": 10.853159999999999, "breach_share": 0.06, "breach_p1": 0.42857142857142855, "breach_p2": 0.0, "breach_p3": 0.0, "breach_p4": 0.06896551724137931, "wall_seconds": 0.016568005084991455}, "v2rl302": {"id": "c10_replay_150_0124_sla0.5", "base_id": "c10_replay_150_0124", "campus": 10, "size": 150, "condition": "sla0.5", "sla_multiplier": 0.5, "crew_multiplier": 1.0, "method": "v2rl302", "seed": 302, "feasible": 1, "wwt": 182.12400000000002, "makespan": 95.2262, "mean_flow": 10.85216, "breach_share": 0.06, "breach_p1": 0.42857142857142855, "breach_p2": 0.0, "breach_p3": 0.0, "breach_p4": 0.06896551724137931, "wall_seconds": 0.015918624121695757}, "v2rl303": {"id": "c10_replay_150_0124_sla0.5", "base_id": "c10_replay_150_0124", "campus": 10, "size": 150, "condition": "sla0.5", "sla_multiplier": 0.5, "crew_multiplier": 1.0, "method": "v2rl303", "seed": 303, "feasible": 1, "wwt": 182.12400000000002, "makespan": 95.2262, "mean_flow": 10.853159999999999, "breach_share": 0.06, "breach_p1": 0.42857142857142855, "breach_p2": 0.0, "breach_p3": 0.0, "breach_p4": 0.06896551724137931, "wall_seconds": 0.015596205834299326}}, "methods_expected": ["edd", "wspt", "atc", "pfifo", "mor", "random", "v2rl301", "v2rl302", "v2rl303"], "infeasible": [], "wall_seconds_total": 0.05245378706604242}