{"shard_id": "c10_replay_400_0106_sla0.5", "id": "c10_replay_400_0106_sla0.5", "base_id": "c10_replay_400_0106", "campus": 10, "size": 400, "condition": "sla0.5", "rows": {"edd": {"id": "c10_replay_400_0106_sla0.5", "base_id": "c10_replay_400_0106", "campus": 10, "size": 400, "condition": "sla0.5", "sla_multiplier": 0.5, "crew_multiplier": 1.0, "method": "edd", "seed": 301, "feasible": 1, "wwt": 616.9282, "makespan": 95.5112, "mean_flow": 3.8806232500000006, "breach_share": 0.0225, "breach_p1": 0.8333333333333334, "breach_p2": 0.0, "breach_p3": 0.0, "breach_p4": 0.013201320132013201, "wall_seconds": 0.0009961589239537716}, "wspt": {"id": "c10_replay_400_0106_sla0.5", "base_id": "c10_replay_400_0106", "campus": 10, "size": 400, "condition": "sla0.5", "sla_multiplier": 0.5, "crew_multiplier": 1.0, "method": "wspt", "seed": 301, "feasible": 1, "wwt": 616.9282, "makespan": 95.5112, "mean_flow": 3.7021585000000004, "breach_share": 0.0225, "breach_p1": 0.8333333333333334, "breach_p2": 0.0, "breach_p3": 0.0, "breach_p4": 0.013201320132013201, "wall_seconds": 0.0010836520232260227}, "atc": {"id": "c10_replay_400_0106_sla0.5", "base_id": "c10_replay_400_0106", "campus": 10, "size": 400, "condition": "sla0.5", "sla_multiplier": 0.5, "crew_multiplier": 1.0, "method": "atc", "seed": 301, "feasible": 1, "wwt": 616.9282, "makespan": 95.5112, "mean_flow": 3.71999175, "breach_share": 0.0225, "breach_p1": 0.8333333333333334, "breach_p2": 0.0, "breach_p3": 0.0, "breach_p4": 0.013201320132013201, "wall_seconds": 0.001996282022446394}, "pfifo": {"id": "c10_replay_400_0106_sla0.5", "base_id": "c10_replay_400_0106", "campus": 10, "size": 400, "condition": "sla0.5", "sla_multiplier": 0.5, "crew_multiplier": 1.0, "method": "pfifo", "seed": 301, "feasible": 1, "wwt": 616.9282, "makespan": 95.5112, "mean_flow": 3.8806232500000006, "breach_share": 0.0225, "breach_p1": 0.8333333333333334, "breach_p2": 0.0, "breach_p3": 0.0, "breach_p4": 0.013201320132013201, "wall_seconds": 0.0010251090861856937}, "mor": {"id": "c10_replay_400_0106_sla0.5", "base_id": "c10_replay_400_0106", "campus": 10, "size": 400, "condition": "sla0.5", "sla_multiplier": 0.5, "crew_multiplier": 1.0, "method": "mor", "seed": 301, "feasible": 1, "wwt": 616.9288, "makespan": 95.5112, "mean_flow": 4.054461, "breach_share": 0.0225, "breach_p1": 0.8333333333333334, "breach_p2": 0.0, "breach_p3": 0.0, "breach_p4": 0.013201320132013201, "wall_seconds": 0.0009899018332362175}, "random": {"id": "c10_replay_400_0106_sla0.5", "base_id": "c10_replay_400_0106", "campus": 10, "size": 400, "condition": "sla0.5", "sla_multiplier": 0.5, "crew_multiplier": 1.0, "method": "random", "seed": 301, "feasible": 1, "wwt": 616.9288, "makespan": 95.5112, "mean_flow": 3.88130225, "breach_share": 0.0225, "breach_p1": 0.8333333333333334, "breach_p2": 0.0, "breach_p3": 0.0, "breach_p4": 0.013201320132013201, "wall_seconds": 0.0005602892488241196}, "v2rl301": {"id": "c10_replay_400_0106_sla0.5", "base_id": "c10_replay_400_0106", "campus": 10, "size": 400, "condition": "sla0.5", "sla_multiplier": 0.5, "crew_multiplier": 1.0, "method": "v2rl301", "seed": 301, "feasible": 1, "wwt": 616.9288, "makespan": 95.5112, "mean_flow": 4.0332437500000005, "breach_share": 0.0225, "breach_p1": 0.8333333333333334, "breach_p2": 0.0, "breach_p3": 0.0, "breach_p4": 0.013201320132013201, "wall_seconds": 0.04851118102669716}, "v2rl302": {"id": "c10_replay_400_0106_sla0.5", "base_id": "c10_replay_400_0106", "campus": 10, "size": 400, "condition": "sla0.5", "sla_multiplier": 0.5, "crew_multiplier": 1.0, "method": "v2rl302", "seed": 302, "feasible": 1, "wwt": 616.9288, "makespan": 95.5112, "mean_flow": 3.9241525, "breach_share": 0.0225, "breach_p1": 0.8333333333333334, "breach_p2": 0.0, "breach_p3": 0.0, "breach_p4": 0.013201320132013201, "wall_seconds": 0.04806877626106143}, "v2rl303": {"id": "c10_replay_400_0106_sla0.5", "base_id": "c10_replay_400_0106", "campus": 10, "size": 400, "condition": "sla0.5", "sla_multiplier": 0.5, "crew_multiplier": 1.0, "method": "v2rl303", "seed": 303, "feasible": 1, "wwt": 616.9288, "makespan": 95.5112, "mean_flow": 3.8410270000000004, "breach_share": 0.0225, "breach_p1": 0.8333333333333334, "breach_p2": 0.0, "breach_p3": 0.0, "breach_p4": 0.013201320132013201, "wall_seconds": 0.047732921317219734}}, "methods_expected": ["edd", "wspt", "atc", "pfifo", "mor", "random", "v2rl301", "v2rl302", "v2rl303"], "infeasible": [], "wall_seconds_total": 0.1556101469323039}