{"shard_id": "c10_replay_400_0129_m1.25", "id": "c10_replay_400_0129_m1.25", "base_id": "c10_replay_400_0129", "campus": 10, "size": 400, "condition": "crew1.25", "rows": {"edd": {"id": "c10_replay_400_0129_m1.25", "base_id": "c10_replay_400_0129", "campus": 10, "size": 400, "condition": "crew1.25", "sla_multiplier": 1.0, "crew_multiplier": 1.25, "method": "edd", "seed": 301, "feasible": 1, "wwt": 6.293200000000013, "makespan": 126.0162, "mean_flow": 12.2253485, "breach_share": 0.0025, "breach_p1": 0.0, "breach_p2": 0.01818181818181818, "breach_p3": 0.0, "breach_p4": 0.0, "wall_seconds": 0.0007382160983979702}, "wspt": {"id": "c10_replay_400_0129_m1.25", "base_id": "c10_replay_400_0129", "campus": 10, "size": 400, "condition": "crew1.25", "sla_multiplier": 1.0, "crew_multiplier": 1.25, "method": "wspt", "seed": 301, "feasible": 1, "wwt": 6.293200000000013, "makespan": 127.0162, "mean_flow": 10.3261365, "breach_share": 0.0025, "breach_p1": 0.0, "breach_p2": 0.01818181818181818, "breach_p3": 0.0, "breach_p4": 0.0, "wall_seconds": 0.0007403381168842316}, "atc": {"id": "c10_replay_400_0129_m1.25", "base_id": "c10_replay_400_0129", "campus": 10, "size": 400, "condition": "crew1.25", "sla_multiplier": 1.0, "crew_multiplier": 1.25, "method": "atc", "seed": 301, "feasible": 1, "wwt": 6.293200000000013, "makespan": 127.0162, "mean_flow": 11.09261, "breach_share": 0.0025, "breach_p1": 0.0, "breach_p2": 0.01818181818181818, "breach_p3": 0.0, "breach_p4": 0.0, "wall_seconds": 0.0011296458542346954}, "pfifo": {"id": "c10_replay_400_0129_m1.25", "base_id": "c10_replay_400_0129", "campus": 10, "size": 400, "condition": "crew1.25", "sla_multiplier": 1.0, "crew_multiplier": 1.25, "method": "pfifo", "seed": 301, "feasible": 1, "wwt": 6.293200000000013, "makespan": 126.0162, "mean_flow": 12.2253485, "breach_share": 0.0025, "breach_p1": 0.0, "breach_p2": 0.01818181818181818, "breach_p3": 0.0, "breach_p4": 0.0, "wall_seconds": 0.0007210578769445419}, "mor": {"id": "c10_replay_400_0129_m1.25", "base_id": "c10_replay_400_0129", "campus": 10, "size": 400, "condition": "crew1.25", "sla_multiplier": 1.0, "crew_multiplier": 1.25, "method": "mor", "seed": 301, "feasible": 1, "wwt": 441.2608, "makespan": 124.0162, "mean_flow": 12.94956075, "breach_share": 0.0075, "breach_p1": 0.25, "breach_p2": 0.03636363636363636, "breach_p3": 0.0, "breach_p4": 0.0, "wall_seconds": 0.0007327888160943985}, "random": {"id": "c10_replay_400_0129_m1.25", "base_id": "c10_replay_400_0129", "campus": 10, "size": 400, "condition": "crew1.25", "sla_multiplier": 1.0, "crew_multiplier": 1.25, "method": "random", "seed": 301, "feasible": 1, "wwt": 273.75, "makespan": 125.0162, "mean_flow": 10.85350025, "breach_share": 0.0025, "breach_p1": 0.0, "breach_p2": 0.01818181818181818, "breach_p3": 0.0, "breach_p4": 0.0, "wall_seconds": 0.0005761468783020973}, "v2rl301": {"id": "c10_replay_400_0129_m1.25", "base_id": "c10_replay_400_0129", "campus": 10, "size": 400, "condition": "crew1.25", "sla_multiplier": 1.0, "crew_multiplier": 1.25, "method": "v2rl301", "seed": 301, "feasible": 1, "wwt": 6.293200000000013, "makespan": 126.0162, "mean_flow": 12.5749335, "breach_share": 0.0025, "breach_p1": 0.0, "breach_p2": 0.01818181818181818, "breach_p3": 0.0, "breach_p4": 0.0, "wall_seconds": 0.04352525295689702}, "v2rl302": {"id": "c10_replay_400_0129_m1.25", "base_id": "c10_replay_400_0129", "campus": 10, "size": 400, "condition": "crew1.25", "sla_multiplier": 1.0, "crew_multiplier": 1.25, "method": "v2rl302", "seed": 302, "feasible": 1, "wwt": 6.293200000000013, "makespan": 126.0162, "mean_flow": 12.226346999999999, "breach_share": 0.0025, "breach_p1": 0.0, "breach_p2": 0.01818181818181818, "breach_p3": 0.0, "breach_p4": 0.0, "wall_seconds": 0.04284020187333226}, "v2rl303": {"id": "c10_replay_400_0129_m1.25", "base_id": "c10_replay_400_0129", "campus": 10, "size": 400, "condition": "crew1.25", "sla_multiplier": 1.0, "crew_multiplier": 1.25, "method": "v2rl303", "seed": 303, "feasible": 1, "wwt": 6.293200000000013, "makespan": 126.0162, "mean_flow": 12.307648499999997, "breach_share": 0.0025, "breach_p1": 0.0, "breach_p2": 0.01818181818181818, "breach_p3": 0.0, "breach_p4": 0.0, "wall_seconds": 0.044062874279916286}}, "methods_expected": ["edd", "wspt", "atc", "pfifo", "mor", "random", "v2rl301", "v2rl302", "v2rl303"], "infeasible": [], "wall_seconds_total": 0.1397379618138075}