{"shard_id": "c10_replay_150_0105_m0.75", "id": "c10_replay_150_0105_m0.75", "base_id": "c10_replay_150_0105", "campus": 10, "size": 150, "condition": "crew0.75", "rows": {"edd": {"id": "c10_replay_150_0105_m0.75", "base_id": "c10_replay_150_0105", "campus": 10, "size": 150, "condition": "crew0.75", "sla_multiplier": 1.0, "crew_multiplier": 0.75, "method": "edd", "seed": 301, "feasible": 1, "wwt": 409.4528, "makespan": 98.8373, "mean_flow": 5.584486, "breach_share": 0.013333333333333334, "breach_p1": 0.3333333333333333, "breach_p2": 0.0, "breach_p3": 0.0, "breach_p4": 0.0, "wall_seconds": 0.0002695932053029537}, "wspt": {"id": "c10_replay_150_0105_m0.75", "base_id": "c10_replay_150_0105", "campus": 10, "size": 150, "condition": "crew0.75", "sla_multiplier": 1.0, "crew_multiplier": 0.75, "method": "wspt", "seed": 301, "feasible": 1, "wwt": 409.4528, "makespan": 98.8373, "mean_flow": 5.581952666666666, "breach_share": 0.013333333333333334, "breach_p1": 0.3333333333333333, "breach_p2": 0.0, "breach_p3": 0.0, "breach_p4": 0.0, "wall_seconds": 0.00026495475322008133}, "atc": {"id": "c10_replay_150_0105_m0.75", "base_id": "c10_replay_150_0105", "campus": 10, "size": 150, "condition": "crew0.75", "sla_multiplier": 1.0, "crew_multiplier": 0.75, "method": "atc", "seed": 301, "feasible": 1, "wwt": 409.4528, "makespan": 98.8373, "mean_flow": 5.581952666666666, "breach_share": 0.013333333333333334, "breach_p1": 0.3333333333333333, "breach_p2": 0.0, "breach_p3": 0.0, "breach_p4": 0.0, "wall_seconds": 0.000330271665006876}, "pfifo": {"id": "c10_replay_150_0105_m0.75", "base_id": "c10_replay_150_0105", "campus": 10, "size": 150, "condition": "crew0.75", "sla_multiplier": 1.0, "crew_multiplier": 0.75, "method": "pfifo", "seed": 301, "feasible": 1, "wwt": 409.4528, "makespan": 98.8373, "mean_flow": 5.584486, "breach_share": 0.013333333333333334, "breach_p1": 0.3333333333333333, "breach_p2": 0.0, "breach_p3": 0.0, "breach_p4": 0.0, "wall_seconds": 0.000256270170211792}, "mor": {"id": "c10_replay_150_0105_m0.75", "base_id": "c10_replay_150_0105", "campus": 10, "size": 150, "condition": "crew0.75", "sla_multiplier": 1.0, "crew_multiplier": 0.75, "method": "mor", "seed": 301, "feasible": 1, "wwt": 409.4528, "makespan": 98.8373, "mean_flow": 5.585019333333333, "breach_share": 0.013333333333333334, "breach_p1": 0.3333333333333333, "breach_p2": 0.0, "breach_p3": 0.0, "breach_p4": 0.0, "wall_seconds": 0.00024682795628905296}, "random": {"id": "c10_replay_150_0105_m0.75", "base_id": "c10_replay_150_0105", "campus": 10, "size": 150, "condition": "crew0.75", "sla_multiplier": 1.0, "crew_multiplier": 0.75, "method": "random", "seed": 301, "feasible": 1, "wwt": 409.4528, "makespan": 98.8373, "mean_flow": 5.5827100000000005, "breach_share": 0.013333333333333334, "breach_p1": 0.3333333333333333, "breach_p2": 0.0, "breach_p3": 0.0, "breach_p4": 0.0, "wall_seconds": 0.00023660622537136078}, "v2rl301": {"id": "c10_replay_150_0105_m0.75", "base_id": "c10_replay_150_0105", "campus": 10, "size": 150, "condition": "crew0.75", "sla_multiplier": 1.0, "crew_multiplier": 0.75, "method": "v2rl301", "seed": 301, "feasible": 1, "wwt": 409.4528, "makespan": 98.8373, "mean_flow": 5.585019333333333, "breach_share": 0.013333333333333334, "breach_p1": 0.3333333333333333, "breach_p2": 0.0, "breach_p3": 0.0, "breach_p4": 0.0, "wall_seconds": 0.015408360864967108}, "v2rl302": {"id": "c10_replay_150_0105_m0.75", "base_id": "c10_replay_150_0105", "campus": 10, "size": 150, "condition": "crew0.75", "sla_multiplier": 1.0, "crew_multiplier": 0.75, "method": "v2rl302", "seed": 302, "feasible": 1, "wwt": 409.4528, "makespan": 98.8373, "mean_flow": 5.585019333333333, "breach_share": 0.013333333333333334, "breach_p1": 0.3333333333333333, "breach_p2": 0.0, "breach_p3": 0.0, "breach_p4": 0.0, "wall_seconds": 0.015178625006228685}, "v2rl303": {"id": "c10_replay_150_0105_m0.75", "base_id": "c10_replay_150_0105", "campus": 10, "size": 150, "condition": "crew0.75", "sla_multiplier": 1.0, "crew_multiplier": 0.75, "method": "v2rl303", "seed": 303, "feasible": 1, "wwt": 409.4528, "makespan": 98.8373, "mean_flow": 5.585019333333333, "breach_share": 0.013333333333333334, "breach_p1": 0.3333333333333333, "breach_p2": 0.0, "breach_p3": 0.0, "breach_p4": 0.0, "wall_seconds": 0.015079966746270657}}, "methods_expected": ["edd", "wspt", "atc", "pfifo", "mor", "random", "v2rl301", "v2rl302", "v2rl303"], "infeasible": [], "wall_seconds_total": 0.04938980843871832}