{"shard_id": "c10_replay_150_0105_sla0.5", "id": "c10_replay_150_0105_sla0.5", "base_id": "c10_replay_150_0105", "campus": 10, "size": 150, "condition": "sla0.5", "rows": {"edd": {"id": "c10_replay_150_0105_sla0.5", "base_id": "c10_replay_150_0105", "campus": 10, "size": 150, "condition": "sla0.5", "sla_multiplier": 0.5, "crew_multiplier": 1.0, "method": "edd", "seed": 301, "feasible": 1, "wwt": 366.3296, "makespan": 98.8373, "mean_flow": 5.458104666666666, "breach_share": 0.02666666666666667, "breach_p1": 0.3333333333333333, "breach_p2": 0.0, "breach_p3": 0.0, "breach_p4": 0.03508771929824561, "wall_seconds": 0.00028988067060709}, "wspt": {"id": "c10_replay_150_0105_sla0.5", "base_id": "c10_replay_150_0105", "campus": 10, "size": 150, "condition": "sla0.5", "sla_multiplier": 0.5, "crew_multiplier": 1.0, "method": "wspt", "seed": 301, "feasible": 1, "wwt": 366.3296, "makespan": 98.8373, "mean_flow": 5.45796, "breach_share": 0.02666666666666667, "breach_p1": 0.3333333333333333, "breach_p2": 0.0, "breach_p3": 0.0, "breach_p4": 0.03508771929824561, "wall_seconds": 0.00026617618277668953}, "atc": {"id": "c10_replay_150_0105_sla0.5", "base_id": "c10_replay_150_0105", "campus": 10, "size": 150, "condition": "sla0.5", "sla_multiplier": 0.5, "crew_multiplier": 1.0, "method": "atc", "seed": 301, "feasible": 1, "wwt": 366.3296, "makespan": 98.8373, "mean_flow": 5.45796, "breach_share": 0.02666666666666667, "breach_p1": 0.3333333333333333, "breach_p2": 0.0, "breach_p3": 0.0, "breach_p4": 0.03508771929824561, "wall_seconds": 0.00033200578764081}, "pfifo": {"id": "c10_replay_150_0105_sla0.5", "base_id": "c10_replay_150_0105", "campus": 10, "size": 150, "condition": "sla0.5", "sla_multiplier": 0.5, "crew_multiplier": 1.0, "method": "pfifo", "seed": 301, "feasible": 1, "wwt": 366.3296, "makespan": 98.8373, "mean_flow": 5.458104666666666, "breach_share": 0.02666666666666667, "breach_p1": 0.3333333333333333, "breach_p2": 0.0, "breach_p3": 0.0, "breach_p4": 0.03508771929824561, "wall_seconds": 0.00025798892602324486}, "mor": {"id": "c10_replay_150_0105_sla0.5", "base_id": "c10_replay_150_0105", "campus": 10, "size": 150, "condition": "sla0.5", "sla_multiplier": 0.5, "crew_multiplier": 1.0, "method": "mor", "seed": 301, "feasible": 1, "wwt": 366.3296, "makespan": 98.8373, "mean_flow": 5.458104666666666, "breach_share": 0.02666666666666667, "breach_p1": 0.3333333333333333, "breach_p2": 0.0, "breach_p3": 0.0, "breach_p4": 0.03508771929824561, "wall_seconds": 0.00025466084480285645}, "random": {"id": "c10_replay_150_0105_sla0.5", "base_id": "c10_replay_150_0105", "campus": 10, "size": 150, "condition": "sla0.5", "sla_multiplier": 0.5, "crew_multiplier": 1.0, "method": "random", "seed": 301, "feasible": 1, "wwt": 366.3296, "makespan": 98.8373, "mean_flow": 5.458104666666666, "breach_share": 0.02666666666666667, "breach_p1": 0.3333333333333333, "breach_p2": 0.0, "breach_p3": 0.0, "breach_p4": 0.03508771929824561, "wall_seconds": 0.00023692194372415543}, "v2rl301": {"id": "c10_replay_150_0105_sla0.5", "base_id": "c10_replay_150_0105", "campus": 10, "size": 150, "condition": "sla0.5", "sla_multiplier": 0.5, "crew_multiplier": 1.0, "method": "v2rl301", "seed": 301, "feasible": 1, "wwt": 366.3296, "makespan": 98.8373, "mean_flow": 5.458104666666666, "breach_share": 0.02666666666666667, "breach_p1": 0.3333333333333333, "breach_p2": 0.0, "breach_p3": 0.0, "breach_p4": 0.03508771929824561, "wall_seconds": 0.015056573320180178}, "v2rl302": {"id": "c10_replay_150_0105_sla0.5", "base_id": "c10_replay_150_0105", "campus": 10, "size": 150, "condition": "sla0.5", "sla_multiplier": 0.5, "crew_multiplier": 1.0, "method": "v2rl302", "seed": 302, "feasible": 1, "wwt": 366.3296, "makespan": 98.8373, "mean_flow": 5.458104666666666, "breach_share": 0.02666666666666667, "breach_p1": 0.3333333333333333, "breach_p2": 0.0, "breach_p3": 0.0, "breach_p4": 0.03508771929824561, "wall_seconds": 0.014614882878959179}, "v2rl303": {"id": "c10_replay_150_0105_sla0.5", "base_id": "c10_replay_150_0105", "campus": 10, "size": 150, "condition": "sla0.5", "sla_multiplier": 0.5, "crew_multiplier": 1.0, "method": "v2rl303", "seed": 303, "feasible": 1, "wwt": 366.3296, "makespan": 98.8373, "mean_flow": 5.458104666666666, "breach_share": 0.02666666666666667, "breach_p1": 0.3333333333333333, "breach_p2": 0.0, "breach_p3": 0.0, "breach_p4": 0.03508771929824561, "wall_seconds": 0.01460695220157504}}, "methods_expected": ["edd", "wspt", "atc", "pfifo", "mor", "random", "v2rl301", "v2rl302", "v2rl303"], "infeasible": [], "wall_seconds_total": 0.048084264155477285}