{"shard_id": "c10_replay_400_0120_sla0.5", "id": "c10_replay_400_0120_sla0.5", "base_id": "c10_replay_400_0120", "campus": 10, "size": 400, "condition": "sla0.5", "rows": {"edd": {"id": "c10_replay_400_0120_sla0.5", "base_id": "c10_replay_400_0120", "campus": 10, "size": 400, "condition": "sla0.5", "sla_multiplier": 0.5, "crew_multiplier": 1.0, "method": "edd", "seed": 301, "feasible": 1, "wwt": 611.1648, "makespan": 90.8648, "mean_flow": 3.2131489999999996, "breach_share": 0.0075, "breach_p1": 0.16666666666666666, "breach_p2": 0.03225806451612903, "breach_p3": 0.0, "breach_p4": 0.0031446540880503146, "wall_seconds": 0.0009192731231451035}, "wspt": {"id": "c10_replay_400_0120_sla0.5", "base_id": "c10_replay_400_0120", "campus": 10, "size": 400, "condition": "sla0.5", "sla_multiplier": 0.5, "crew_multiplier": 1.0, "method": "wspt", "seed": 301, "feasible": 1, "wwt": 611.1648, "makespan": 90.8648, "mean_flow": 3.0368532500000005, "breach_share": 0.0075, "breach_p1": 0.16666666666666666, "breach_p2": 0.03225806451612903, "breach_p3": 0.0, "breach_p4": 0.0031446540880503146, "wall_seconds": 0.0009636906906962395}, "atc": {"id": "c10_replay_400_0120_sla0.5", "base_id": "c10_replay_400_0120", "campus": 10, "size": 400, "condition": "sla0.5", "sla_multiplier": 0.5, "crew_multiplier": 1.0, "method": "atc", "seed": 301, "feasible": 1, "wwt": 611.1648, "makespan": 90.8648, "mean_flow": 3.0888412499999998, "breach_share": 0.0075, "breach_p1": 0.16666666666666666, "breach_p2": 0.03225806451612903, "breach_p3": 0.0, "breach_p4": 0.0031446540880503146, "wall_seconds": 0.0017457688227295876}, "pfifo": {"id": "c10_replay_400_0120_sla0.5", "base_id": "c10_replay_400_0120", "campus": 10, "size": 400, "condition": "sla0.5", "sla_multiplier": 0.5, "crew_multiplier": 1.0, "method": "pfifo", "seed": 301, "feasible": 1, "wwt": 611.1648, "makespan": 90.8648, "mean_flow": 3.2131489999999996, "breach_share": 0.0075, "breach_p1": 0.16666666666666666, "breach_p2": 0.03225806451612903, "breach_p3": 0.0, "breach_p4": 0.0031446540880503146, "wall_seconds": 0.0009297588840126991}, "mor": {"id": "c10_replay_400_0120_sla0.5", "base_id": "c10_replay_400_0120", "campus": 10, "size": 400, "condition": "sla0.5", "sla_multiplier": 0.5, "crew_multiplier": 1.0, "method": "mor", "seed": 301, "feasible": 1, "wwt": 611.1648, "makespan": 90.8648, "mean_flow": 3.3034857499999997, "breach_share": 0.0075, "breach_p1": 0.16666666666666666, "breach_p2": 0.03225806451612903, "breach_p3": 0.0, "breach_p4": 0.0031446540880503146, "wall_seconds": 0.0008846423588693142}, "random": {"id": "c10_replay_400_0120_sla0.5", "base_id": "c10_replay_400_0120", "campus": 10, "size": 400, "condition": "sla0.5", "sla_multiplier": 0.5, "crew_multiplier": 1.0, "method": "random", "seed": 301, "feasible": 1, "wwt": 611.1648, "makespan": 90.8648, "mean_flow": 3.10763975, "breach_share": 0.0075, "breach_p1": 0.16666666666666666, "breach_p2": 0.03225806451612903, "breach_p3": 0.0, "breach_p4": 0.0031446540880503146, "wall_seconds": 0.0005433340556919575}, "v2rl301": {"id": "c10_replay_400_0120_sla0.5", "base_id": "c10_replay_400_0120", "campus": 10, "size": 400, "condition": "sla0.5", "sla_multiplier": 0.5, "crew_multiplier": 1.0, "method": "v2rl301", "seed": 301, "feasible": 1, "wwt": 611.1648, "makespan": 90.8648, "mean_flow": 3.29144675, "breach_share": 0.0075, "breach_p1": 0.16666666666666666, "breach_p2": 0.03225806451612903, "breach_p3": 0.0, "breach_p4": 0.0031446540880503146, "wall_seconds": 0.04709806339815259}, "v2rl302": {"id": "c10_replay_400_0120_sla0.5", "base_id": "c10_replay_400_0120", "campus": 10, "size": 400, "condition": "sla0.5", "sla_multiplier": 0.5, "crew_multiplier": 1.0, "method": "v2rl302", "seed": 302, "feasible": 1, "wwt": 611.1648, "makespan": 90.8648, "mean_flow": 3.2873967500000005, "breach_share": 0.0075, "breach_p1": 0.16666666666666666, "breach_p2": 0.03225806451612903, "breach_p3": 0.0, "breach_p4": 0.0031446540880503146, "wall_seconds": 0.04603222897276282}, "v2rl303": {"id": "c10_replay_400_0120_sla0.5", "base_id": "c10_replay_400_0120", "campus": 10, "size": 400, "condition": "sla0.5", "sla_multiplier": 0.5, "crew_multiplier": 1.0, "method": "v2rl303", "seed": 303, "feasible": 1, "wwt": 611.1648, "makespan": 90.8648, "mean_flow": 3.0920372499999997, "breach_share": 0.0075, "breach_p1": 0.16666666666666666, "breach_p2": 0.03225806451612903, "breach_p3": 0.0, "breach_p4": 0.0031446540880503146, "wall_seconds": 0.046280380338430405}}, "methods_expected": ["edd", "wspt", "atc", "pfifo", "mor", "random", "v2rl301", "v2rl302", "v2rl303"], "infeasible": [], "wall_seconds_total": 0.15001190872862935}