{"shard_id": "c10_replay_400_0120_sla1.5", "id": "c10_replay_400_0120_sla1.5", "base_id": "c10_replay_400_0120", "campus": 10, "size": 400, "condition": "sla1.5", "rows": {"edd": {"id": "c10_replay_400_0120_sla1.5", "base_id": "c10_replay_400_0120", "campus": 10, "size": 400, "condition": "sla1.5", "sla_multiplier": 1.5, "crew_multiplier": 1.0, "method": "edd", "seed": 301, "feasible": 1, "wwt": 480.0, "makespan": 90.8648, "mean_flow": 3.2131489999999996, "breach_share": 0.0025, "breach_p1": 0.16666666666666666, "breach_p2": 0.0, "breach_p3": 0.0, "breach_p4": 0.0, "wall_seconds": 0.0009076772257685661}, "wspt": {"id": "c10_replay_400_0120_sla1.5", "base_id": "c10_replay_400_0120", "campus": 10, "size": 400, "condition": "sla1.5", "sla_multiplier": 1.5, "crew_multiplier": 1.0, "method": "wspt", "seed": 301, "feasible": 1, "wwt": 480.0, "makespan": 90.8648, "mean_flow": 3.0368532500000005, "breach_share": 0.0025, "breach_p1": 0.16666666666666666, "breach_p2": 0.0, "breach_p3": 0.0, "breach_p4": 0.0, "wall_seconds": 0.0009925607591867447}, "atc": {"id": "c10_replay_400_0120_sla1.5", "base_id": "c10_replay_400_0120", "campus": 10, "size": 400, "condition": "sla1.5", "sla_multiplier": 1.5, "crew_multiplier": 1.0, "method": "atc", "seed": 301, "feasible": 1, "wwt": 480.0, "makespan": 90.8648, "mean_flow": 3.0888412499999998, "breach_share": 0.0025, "breach_p1": 0.16666666666666666, "breach_p2": 0.0, "breach_p3": 0.0, "breach_p4": 0.0, "wall_seconds": 0.0017930809408426285}, "pfifo": {"id": "c10_replay_400_0120_sla1.5", "base_id": "c10_replay_400_0120", "campus": 10, "size": 400, "condition": "sla1.5", "sla_multiplier": 1.5, "crew_multiplier": 1.0, "method": "pfifo", "seed": 301, "feasible": 1, "wwt": 480.0, "makespan": 90.8648, "mean_flow": 3.2131489999999996, "breach_share": 0.0025, "breach_p1": 0.16666666666666666, "breach_p2": 0.0, "breach_p3": 0.0, "breach_p4": 0.0, "wall_seconds": 0.0009303116239607334}, "mor": {"id": "c10_replay_400_0120_sla1.5", "base_id": "c10_replay_400_0120", "campus": 10, "size": 400, "condition": "sla1.5", "sla_multiplier": 1.5, "crew_multiplier": 1.0, "method": "mor", "seed": 301, "feasible": 1, "wwt": 480.0, "makespan": 90.8648, "mean_flow": 3.3034857499999997, "breach_share": 0.0025, "breach_p1": 0.16666666666666666, "breach_p2": 0.0, "breach_p3": 0.0, "breach_p4": 0.0, "wall_seconds": 0.0008815079927444458}, "random": {"id": "c10_replay_400_0120_sla1.5", "base_id": "c10_replay_400_0120", "campus": 10, "size": 400, "condition": "sla1.5", "sla_multiplier": 1.5, "crew_multiplier": 1.0, "method": "random", "seed": 301, "feasible": 1, "wwt": 480.0, "makespan": 90.8648, "mean_flow": 3.10763975, "breach_share": 0.0025, "breach_p1": 0.16666666666666666, "breach_p2": 0.0, "breach_p3": 0.0, "breach_p4": 0.0, "wall_seconds": 0.0005861516110599041}, "v2rl301": {"id": "c10_replay_400_0120_sla1.5", "base_id": "c10_replay_400_0120", "campus": 10, "size": 400, "condition": "sla1.5", "sla_multiplier": 1.5, "crew_multiplier": 1.0, "method": "v2rl301", "seed": 301, "feasible": 1, "wwt": 480.0, "makespan": 90.8648, "mean_flow": 3.27213375, "breach_share": 0.0025, "breach_p1": 0.16666666666666666, "breach_p2": 0.0, "breach_p3": 0.0, "breach_p4": 0.0, "wall_seconds": 0.04650740418583155}, "v2rl302": {"id": "c10_replay_400_0120_sla1.5", "base_id": "c10_replay_400_0120", "campus": 10, "size": 400, "condition": "sla1.5", "sla_multiplier": 1.5, "crew_multiplier": 1.0, "method": "v2rl302", "seed": 302, "feasible": 1, "wwt": 480.0, "makespan": 90.8648, "mean_flow": 3.29144675, "breach_share": 0.0025, "breach_p1": 0.16666666666666666, "breach_p2": 0.0, "breach_p3": 0.0, "breach_p4": 0.0, "wall_seconds": 0.04560869699344039}, "v2rl303": {"id": "c10_replay_400_0120_sla1.5", "base_id": "c10_replay_400_0120", "campus": 10, "size": 400, "condition": "sla1.5", "sla_multiplier": 1.5, "crew_multiplier": 1.0, "method": "v2rl303", "seed": 303, "feasible": 1, "wwt": 480.0, "makespan": 90.8648, "mean_flow": 3.2845687499999996, "breach_share": 0.0025, "breach_p1": 0.16666666666666666, "breach_p2": 0.0, "breach_p3": 0.0, "breach_p4": 0.0, "wall_seconds": 0.04539362620562315}}, "methods_expected": ["edd", "wspt", "atc", "pfifo", "mor", "random", "v2rl301", "v2rl302", "v2rl303"], "infeasible": [], "wall_seconds_total": 0.14828099310398102}