{"shard_id": "c10_replay_400_0116", "id": "c10_replay_400_0116", "base_id": "c10_replay_400_0116", "campus": 10, "size": 400, "condition": "baseline", "rows": {"edd": {"id": "c10_replay_400_0116", "base_id": "c10_replay_400_0116", "campus": 10, "size": 400, "condition": "baseline", "sla_multiplier": 1.0, "crew_multiplier": 1.0, "method": "edd", "seed": 301, "feasible": 1, "wwt": 425.94239999999996, "makespan": 112.1858, "mean_flow": 6.307841, "breach_share": 0.01, "breach_p1": 0.6666666666666666, "breach_p2": 0.0, "breach_p3": 0.0, "breach_p4": 0.0, "wall_seconds": 0.0009246491827070713}, "wspt": {"id": "c10_replay_400_0116", "base_id": "c10_replay_400_0116", "campus": 10, "size": 400, "condition": "baseline", "sla_multiplier": 1.0, "crew_multiplier": 1.0, "method": "wspt", "seed": 301, "feasible": 1, "wwt": 433.94, "makespan": 120.1858, "mean_flow": 5.9076717499999996, "breach_share": 0.01, "breach_p1": 0.6666666666666666, "breach_p2": 0.0, "breach_p3": 0.0, "breach_p4": 0.0, "wall_seconds": 0.0009885337203741074}, "atc": {"id": "c10_replay_400_0116", "base_id": "c10_replay_400_0116", "campus": 10, "size": 400, "condition": "baseline", "sla_multiplier": 1.0, "crew_multiplier": 1.0, "method": "atc", "seed": 301, "feasible": 1, "wwt": 433.94, "makespan": 120.1858, "mean_flow": 6.008093249999999, "breach_share": 0.01, "breach_p1": 0.6666666666666666, "breach_p2": 0.0, "breach_p3": 0.0, "breach_p4": 0.0, "wall_seconds": 0.0017155851237475872}, "pfifo": {"id": "c10_replay_400_0116", "base_id": "c10_replay_400_0116", "campus": 10, "size": 400, "condition": "baseline", "sla_multiplier": 1.0, "crew_multiplier": 1.0, "method": "pfifo", "seed": 301, "feasible": 1, "wwt": 425.94239999999996, "makespan": 112.1858, "mean_flow": 6.307841, "breach_share": 0.01, "breach_p1": 0.6666666666666666, "breach_p2": 0.0, "breach_p3": 0.0, "breach_p4": 0.0, "wall_seconds": 0.0010280581191182137}, "mor": {"id": "c10_replay_400_0116", "base_id": "c10_replay_400_0116", "campus": 10, "size": 400, "condition": "baseline", "sla_multiplier": 1.0, "crew_multiplier": 1.0, "method": "mor", "seed": 301, "feasible": 1, "wwt": 425.94239999999996, "makespan": 109.5504, "mean_flow": 6.48137225, "breach_share": 0.01, "breach_p1": 0.6666666666666666, "breach_p2": 0.0, "breach_p3": 0.0, "breach_p4": 0.0, "wall_seconds": 0.0008779079653322697}, "random": {"id": "c10_replay_400_0116", "base_id": "c10_replay_400_0116", "campus": 10, "size": 400, "condition": "baseline", "sla_multiplier": 1.0, "crew_multiplier": 1.0, "method": "random", "seed": 301, "feasible": 1, "wwt": 425.94239999999996, "makespan": 120.1858, "mean_flow": 6.070689500000001, "breach_share": 0.01, "breach_p1": 0.6666666666666666, "breach_p2": 0.0, "breach_p3": 0.0, "breach_p4": 0.0, "wall_seconds": 0.0005723820067942142}, "v2rl301": {"id": "c10_replay_400_0116", "base_id": "c10_replay_400_0116", "campus": 10, "size": 400, "condition": "baseline", "sla_multiplier": 1.0, "crew_multiplier": 1.0, "method": "v2rl301", "seed": 301, "feasible": 1, "wwt": 425.94239999999996, "makespan": 109.5504, "mean_flow": 6.45887225, "breach_share": 0.01, "breach_p1": 0.6666666666666666, "breach_p2": 0.0, "breach_p3": 0.0, "breach_p4": 0.0, "wall_seconds": 0.04617895418778062}, "v2rl302": {"id": "c10_replay_400_0116", "base_id": "c10_replay_400_0116", "campus": 10, "size": 400, "condition": "baseline", "sla_multiplier": 1.0, "crew_multiplier": 1.0, "method": "v2rl302", "seed": 302, "feasible": 1, "wwt": 425.94239999999996, "makespan": 109.5504, "mean_flow": 6.4580079999999995, "breach_share": 0.01, "breach_p1": 0.6666666666666666, "breach_p2": 0.0, "breach_p3": 0.0, "breach_p4": 0.0, "wall_seconds": 0.04578610183671117}, "v2rl303": {"id": "c10_replay_400_0116", "base_id": "c10_replay_400_0116", "campus": 10, "size": 400, "condition": "baseline", "sla_multiplier": 1.0, "crew_multiplier": 1.0, "method": "v2rl303", "seed": 303, "feasible": 1, "wwt": 425.94239999999996, "makespan": 109.5504, "mean_flow": 6.4580079999999995, "breach_share": 0.01, "breach_p1": 0.6666666666666666, "breach_p2": 0.0, "breach_p3": 0.0, "breach_p4": 0.0, "wall_seconds": 0.04662960907444358}}, "methods_expected": ["edd", "wspt", "atc", "pfifo", "mor", "random", "v2rl301", "v2rl302", "v2rl303"], "infeasible": [], "wall_seconds_total": 0.1487019546329975}