{"shard_id": "c10_replay_400_0124_sla1.5", "id": "c10_replay_400_0124_sla1.5", "base_id": "c10_replay_400_0124", "campus": 10, "size": 400, "condition": "sla1.5", "rows": {"edd": {"id": "c10_replay_400_0124_sla1.5", "base_id": "c10_replay_400_0124", "campus": 10, "size": 400, "condition": "sla1.5", "sla_multiplier": 1.5, "crew_multiplier": 1.0, "method": "edd", "seed": 301, "feasible": 1, "wwt": 12.0, "makespan": 95.2262, "mean_flow": 5.511946, "breach_share": 0.0025, "breach_p1": 0.14285714285714285, "breach_p2": 0.0, "breach_p3": 0.0, "breach_p4": 0.0, "wall_seconds": 0.0012692129239439964}, "wspt": {"id": "c10_replay_400_0124_sla1.5", "base_id": "c10_replay_400_0124", "campus": 10, "size": 400, "condition": "sla1.5", "sla_multiplier": 1.5, "crew_multiplier": 1.0, "method": "wspt", "seed": 301, "feasible": 1, "wwt": 12.0, "makespan": 95.2262, "mean_flow": 5.218355250000001, "breach_share": 0.0025, "breach_p1": 0.14285714285714285, "breach_p2": 0.0, "breach_p3": 0.0, "breach_p4": 0.0, "wall_seconds": 0.0015360466204583645}, "atc": {"id": "c10_replay_400_0124_sla1.5", "base_id": "c10_replay_400_0124", "campus": 10, "size": 400, "condition": "sla1.5", "sla_multiplier": 1.5, "crew_multiplier": 1.0, "method": "atc", "seed": 301, "feasible": 1, "wwt": 12.0, "makespan": 95.2262, "mean_flow": 5.5037512500000005, "breach_share": 0.0025, "breach_p1": 0.14285714285714285, "breach_p2": 0.0, "breach_p3": 0.0, "breach_p4": 0.0, "wall_seconds": 0.002846886869519949}, "pfifo": {"id": "c10_replay_400_0124_sla1.5", "base_id": "c10_replay_400_0124", "campus": 10, "size": 400, "condition": "sla1.5", "sla_multiplier": 1.5, "crew_multiplier": 1.0, "method": "pfifo", "seed": 301, "feasible": 1, "wwt": 12.0, "makespan": 95.2262, "mean_flow": 5.511946, "breach_share": 0.0025, "breach_p1": 0.14285714285714285, "breach_p2": 0.0, "breach_p3": 0.0, "breach_p4": 0.0, "wall_seconds": 0.0011858968064188957}, "mor": {"id": "c10_replay_400_0124_sla1.5", "base_id": "c10_replay_400_0124", "campus": 10, "size": 400, "condition": "sla1.5", "sla_multiplier": 1.5, "crew_multiplier": 1.0, "method": "mor", "seed": 301, "feasible": 1, "wwt": 12.0, "makespan": 95.2262, "mean_flow": 5.6835935, "breach_share": 0.0025, "breach_p1": 0.14285714285714285, "breach_p2": 0.0, "breach_p3": 0.0, "breach_p4": 0.0, "wall_seconds": 0.0012619136832654476}, "random": {"id": "c10_replay_400_0124_sla1.5", "base_id": "c10_replay_400_0124", "campus": 10, "size": 400, "condition": "sla1.5", "sla_multiplier": 1.5, "crew_multiplier": 1.0, "method": "random", "seed": 301, "feasible": 1, "wwt": 12.0, "makespan": 95.2262, "mean_flow": 5.357454000000001, "breach_share": 0.0025, "breach_p1": 0.14285714285714285, "breach_p2": 0.0, "breach_p3": 0.0, "breach_p4": 0.0, "wall_seconds": 0.000593994278460741}, "v2rl301": {"id": "c10_replay_400_0124_sla1.5", "base_id": "c10_replay_400_0124", "campus": 10, "size": 400, "condition": "sla1.5", "sla_multiplier": 1.5, "crew_multiplier": 1.0, "method": "v2rl301", "seed": 301, "feasible": 1, "wwt": 12.0, "makespan": 95.2262, "mean_flow": 5.682343499999999, "breach_share": 0.0025, "breach_p1": 0.14285714285714285, "breach_p2": 0.0, "breach_p3": 0.0, "breach_p4": 0.0, "wall_seconds": 0.05092187179252505}, "v2rl302": {"id": "c10_replay_400_0124_sla1.5", "base_id": "c10_replay_400_0124", "campus": 10, "size": 400, "condition": "sla1.5", "sla_multiplier": 1.5, "crew_multiplier": 1.0, "method": "v2rl302", "seed": 302, "feasible": 1, "wwt": 12.0, "makespan": 95.2262, "mean_flow": 5.561103, "breach_share": 0.0025, "breach_p1": 0.14285714285714285, "breach_p2": 0.0, "breach_p3": 0.0, "breach_p4": 0.0, "wall_seconds": 0.051105916034430265}, "v2rl303": {"id": "c10_replay_400_0124_sla1.5", "base_id": "c10_replay_400_0124", "campus": 10, "size": 400, "condition": "sla1.5", "sla_multiplier": 1.5, "crew_multiplier": 1.0, "method": "v2rl303", "seed": 303, "feasible": 1, "wwt": 12.0, "makespan": 95.2262, "mean_flow": 5.2886305, "breach_share": 0.0025, "breach_p1": 0.14285714285714285, "breach_p2": 0.0, "breach_p3": 0.0, "breach_p4": 0.0, "wall_seconds": 0.05140206031501293}}, "methods_expected": ["edd", "wspt", "atc", "pfifo", "mor", "random", "v2rl301", "v2rl302", "v2rl303"], "infeasible": [], "wall_seconds_total": 0.1668141009286046}