{"shard_id": "c10_replay_400_0112_m0.75", "id": "c10_replay_400_0112_m0.75", "base_id": "c10_replay_400_0112", "campus": 10, "size": 400, "condition": "crew0.75", "rows": {"edd": {"id": "c10_replay_400_0112_m0.75", "base_id": "c10_replay_400_0112", "campus": 10, "size": 400, "condition": "crew0.75", "sla_multiplier": 1.0, "crew_multiplier": 0.75, "method": "edd", "seed": 301, "feasible": 1, "wwt": 28.0, "makespan": 93.12480000000001, "mean_flow": 4.118178, "breach_share": 0.0025, "breach_p1": 0.16666666666666666, "breach_p2": 0.0, "breach_p3": 0.0, "breach_p4": 0.0, "wall_seconds": 0.000865511130541563}, "wspt": {"id": "c10_replay_400_0112_m0.75", "base_id": "c10_replay_400_0112", "campus": 10, "size": 400, "condition": "crew0.75", "sla_multiplier": 1.0, "crew_multiplier": 0.75, "method": "wspt", "seed": 301, "feasible": 1, "wwt": 28.0, "makespan": 93.12480000000001, "mean_flow": 3.2243404999999994, "breach_share": 0.0025, "breach_p1": 0.16666666666666666, "breach_p2": 0.0, "breach_p3": 0.0, "breach_p4": 0.0, "wall_seconds": 0.0009320070967078209}, "atc": {"id": "c10_replay_400_0112_m0.75", "base_id": "c10_replay_400_0112", "campus": 10, "size": 400, "condition": "crew0.75", "sla_multiplier": 1.0, "crew_multiplier": 0.75, "method": "atc", "seed": 301, "feasible": 1, "wwt": 28.0, "makespan": 93.12480000000001, "mean_flow": 3.28279125, "breach_share": 0.0025, "breach_p1": 0.16666666666666666, "breach_p2": 0.0, "breach_p3": 0.0, "breach_p4": 0.0, "wall_seconds": 0.0016770819202065468}, "pfifo": {"id": "c10_replay_400_0112_m0.75", "base_id": "c10_replay_400_0112", "campus": 10, "size": 400, "condition": "crew0.75", "sla_multiplier": 1.0, "crew_multiplier": 0.75, "method": "pfifo", "seed": 301, "feasible": 1, "wwt": 28.0, "makespan": 93.12480000000001, "mean_flow": 4.118178, "breach_share": 0.0025, "breach_p1": 0.16666666666666666, "breach_p2": 0.0, "breach_p3": 0.0, "breach_p4": 0.0, "wall_seconds": 0.0008887615986168385}, "mor": {"id": "c10_replay_400_0112_m0.75", "base_id": "c10_replay_400_0112", "campus": 10, "size": 400, "condition": "crew0.75", "sla_multiplier": 1.0, "crew_multiplier": 0.75, "method": "mor", "seed": 301, "feasible": 1, "wwt": 28.0, "makespan": 93.12480000000001, "mean_flow": 4.50648275, "breach_share": 0.0025, "breach_p1": 0.16666666666666666, "breach_p2": 0.0, "breach_p3": 0.0, "breach_p4": 0.0, "wall_seconds": 0.0008587120100855827}, "random": {"id": "c10_replay_400_0112_m0.75", "base_id": "c10_replay_400_0112", "campus": 10, "size": 400, "condition": "crew0.75", "sla_multiplier": 1.0, "crew_multiplier": 0.75, "method": "random", "seed": 301, "feasible": 1, "wwt": 28.0, "makespan": 93.12480000000001, "mean_flow": 3.80929125, "breach_share": 0.0025, "breach_p1": 0.16666666666666666, "breach_p2": 0.0, "breach_p3": 0.0, "breach_p4": 0.0, "wall_seconds": 0.0005354532040655613}, "v2rl301": {"id": "c10_replay_400_0112_m0.75", "base_id": "c10_replay_400_0112", "campus": 10, "size": 400, "condition": "crew0.75", "sla_multiplier": 1.0, "crew_multiplier": 0.75, "method": "v2rl301", "seed": 301, "feasible": 1, "wwt": 28.0, "makespan": 93.12480000000001, "mean_flow": 4.4784827499999995, "breach_share": 0.0025, "breach_p1": 0.16666666666666666, "breach_p2": 0.0, "breach_p3": 0.0, "breach_p4": 0.0, "wall_seconds": 0.04725563433021307}, "v2rl302": {"id": "c10_replay_400_0112_m0.75", "base_id": "c10_replay_400_0112", "campus": 10, "size": 400, "condition": "crew0.75", "sla_multiplier": 1.0, "crew_multiplier": 0.75, "method": "v2rl302", "seed": 302, "feasible": 1, "wwt": 28.0, "makespan": 93.12480000000001, "mean_flow": 4.45724425, "breach_share": 0.0025, "breach_p1": 0.16666666666666666, "breach_p2": 0.0, "breach_p3": 0.0, "breach_p4": 0.0, "wall_seconds": 0.04730690084397793}, "v2rl303": {"id": "c10_replay_400_0112_m0.75", "base_id": "c10_replay_400_0112", "campus": 10, "size": 400, "condition": "crew0.75", "sla_multiplier": 1.0, "crew_multiplier": 0.75, "method": "v2rl303", "seed": 303, "feasible": 1, "wwt": 28.0, "makespan": 93.12480000000001, "mean_flow": 4.48648275, "breach_share": 0.0025, "breach_p1": 0.16666666666666666, "breach_p2": 0.0, "breach_p3": 0.0, "breach_p4": 0.0, "wall_seconds": 0.04779837606474757}}, "methods_expected": ["edd", "wspt", "atc", "pfifo", "mor", "random", "v2rl301", "v2rl302", "v2rl303"], "infeasible": [], "wall_seconds_total": 0.15269854618236423}