{"shard_id": "c10_replay_400_0129_m0.75", "id": "c10_replay_400_0129_m0.75", "base_id": "c10_replay_400_0129", "campus": 10, "size": 400, "condition": "crew0.75", "rows": {"edd": {"id": "c10_replay_400_0129_m0.75", "base_id": "c10_replay_400_0129", "campus": 10, "size": 400, "condition": "crew0.75", "sla_multiplier": 1.0, "crew_multiplier": 0.75, "method": "edd", "seed": 301, "feasible": 1, "wwt": 6.293200000000013, "makespan": 137.5154, "mean_flow": 19.410435, "breach_share": 0.0025, "breach_p1": 0.0, "breach_p2": 0.01818181818181818, "breach_p3": 0.0, "breach_p4": 0.0, "wall_seconds": 0.0007872646674513817}, "wspt": {"id": "c10_replay_400_0129_m0.75", "base_id": "c10_replay_400_0129", "campus": 10, "size": 400, "condition": "crew0.75", "sla_multiplier": 1.0, "crew_multiplier": 0.75, "method": "wspt", "seed": 301, "feasible": 1, "wwt": 6.293200000000013, "makespan": 138.6148, "mean_flow": 11.19444825, "breach_share": 0.0025, "breach_p1": 0.0, "breach_p2": 0.01818181818181818, "breach_p3": 0.0, "breach_p4": 0.0, "wall_seconds": 0.0008456208743155003}, "atc": {"id": "c10_replay_400_0129_m0.75", "base_id": "c10_replay_400_0129", "campus": 10, "size": 400, "condition": "crew0.75", "sla_multiplier": 1.0, "crew_multiplier": 0.75, "method": "atc", "seed": 301, "feasible": 1, "wwt": 6.293200000000013, "makespan": 138.6148, "mean_flow": 11.1994045, "breach_share": 0.0025, "breach_p1": 0.0, "breach_p2": 0.01818181818181818, "breach_p3": 0.0, "breach_p4": 0.0, "wall_seconds": 0.0014065396972000599}, "pfifo": {"id": "c10_replay_400_0129_m0.75", "base_id": "c10_replay_400_0129", "campus": 10, "size": 400, "condition": "crew0.75", "sla_multiplier": 1.0, "crew_multiplier": 0.75, "method": "pfifo", "seed": 301, "feasible": 1, "wwt": 6.293200000000013, "makespan": 137.5154, "mean_flow": 19.410435, "breach_share": 0.0025, "breach_p1": 0.0, "breach_p2": 0.01818181818181818, "breach_p3": 0.0, "breach_p4": 0.0, "wall_seconds": 0.0008112490177154541}, "mor": {"id": "c10_replay_400_0129_m0.75", "base_id": "c10_replay_400_0129", "campus": 10, "size": 400, "condition": "crew0.75", "sla_multiplier": 1.0, "crew_multiplier": 0.75, "method": "mor", "seed": 301, "feasible": 1, "wwt": 1724.0810000000001, "makespan": 126.6506, "mean_flow": 22.87852425, "breach_share": 0.03, "breach_p1": 0.25, "breach_p2": 0.05454545454545454, "breach_p3": 0.11267605633802817, "breach_p4": 0.0, "wall_seconds": 0.0008029742166399956}, "random": {"id": "c10_replay_400_0129_m0.75", "base_id": "c10_replay_400_0129", "campus": 10, "size": 400, "condition": "crew0.75", "sla_multiplier": 1.0, "crew_multiplier": 0.75, "method": "random", "seed": 301, "feasible": 1, "wwt": 453.33759999999995, "makespan": 163.1173, "mean_flow": 16.086959500000003, "breach_share": 0.0075, "breach_p1": 0.0, "breach_p2": 0.05454545454545454, "breach_p3": 0.0, "breach_p4": 0.0, "wall_seconds": 0.0005456199869513512}, "v2rl301": {"id": "c10_replay_400_0129_m0.75", "base_id": "c10_replay_400_0129", "campus": 10, "size": 400, "condition": "crew0.75", "sla_multiplier": 1.0, "crew_multiplier": 0.75, "method": "v2rl301", "seed": 301, "feasible": 1, "wwt": 6.293200000000013, "makespan": 127.5825, "mean_flow": 20.4395155, "breach_share": 0.0025, "breach_p1": 0.0, "breach_p2": 0.01818181818181818, "breach_p3": 0.0, "breach_p4": 0.0, "wall_seconds": 0.04557178495451808}, "v2rl302": {"id": "c10_replay_400_0129_m0.75", "base_id": "c10_replay_400_0129", "campus": 10, "size": 400, "condition": "crew0.75", "sla_multiplier": 1.0, "crew_multiplier": 0.75, "method": "v2rl302", "seed": 302, "feasible": 1, "wwt": 6.293200000000013, "makespan": 127.5825, "mean_flow": 20.4665645, "breach_share": 0.0025, "breach_p1": 0.0, "breach_p2": 0.01818181818181818, "breach_p3": 0.0, "breach_p4": 0.0, "wall_seconds": 0.04502456309273839}, "v2rl303": {"id": "c10_replay_400_0129_m0.75", "base_id": "c10_replay_400_0129", "campus": 10, "size": 400, "condition": "crew0.75", "sla_multiplier": 1.0, "crew_multiplier": 0.75, "method": "v2rl303", "seed": 303, "feasible": 1, "wwt": 6.293200000000013, "makespan": 132.1508, "mean_flow": 20.487921, "breach_share": 0.0025, "breach_p1": 0.0, "breach_p2": 0.01818181818181818, "breach_p3": 0.0, "breach_p4": 0.0, "wall_seconds": 0.046238997019827366}}, "methods_expected": ["edd", "wspt", "atc", "pfifo", "mor", "random", "v2rl301", "v2rl302", "v2rl303"], "infeasible": [], "wall_seconds_total": 0.14657653495669365}