{"shard_id": "c10_replay_400_0117_m1.25", "id": "c10_replay_400_0117_m1.25", "base_id": "c10_replay_400_0117", "campus": 10, "size": 400, "condition": "crew1.25", "rows": {"edd": {"id": "c10_replay_400_0117_m1.25", "base_id": "c10_replay_400_0117", "campus": 10, "size": 400, "condition": "crew1.25", "sla_multiplier": 1.0, "crew_multiplier": 1.25, "method": "edd", "seed": 301, "feasible": 1, "wwt": 226.0, "makespan": 94.97200000000001, "mean_flow": 5.18427675, "breach_share": 0.005, "breach_p1": 0.09090909090909091, "breach_p2": 0.034482758620689655, "breach_p3": 0.0, "breach_p4": 0.0, "wall_seconds": 0.0012005539610981941}, "wspt": {"id": "c10_replay_400_0117_m1.25", "base_id": "c10_replay_400_0117", "campus": 10, "size": 400, "condition": "crew1.25", "sla_multiplier": 1.0, "crew_multiplier": 1.25, "method": "wspt", "seed": 301, "feasible": 1, "wwt": 231.0, "makespan": 94.97200000000001, "mean_flow": 4.88860425, "breach_share": 0.005, "breach_p1": 0.09090909090909091, "breach_p2": 0.034482758620689655, "breach_p3": 0.0, "breach_p4": 0.0, "wall_seconds": 0.0012981859035789967}, "atc": {"id": "c10_replay_400_0117_m1.25", "base_id": "c10_replay_400_0117", "campus": 10, "size": 400, "condition": "crew1.25", "sla_multiplier": 1.0, "crew_multiplier": 1.25, "method": "atc", "seed": 301, "feasible": 1, "wwt": 226.0, "makespan": 94.97200000000001, "mean_flow": 5.0660697500000005, "breach_share": 0.005, "breach_p1": 0.09090909090909091, "breach_p2": 0.034482758620689655, "breach_p3": 0.0, "breach_p4": 0.0, "wall_seconds": 0.002732439897954464}, "pfifo": {"id": "c10_replay_400_0117_m1.25", "base_id": "c10_replay_400_0117", "campus": 10, "size": 400, "condition": "crew1.25", "sla_multiplier": 1.0, "crew_multiplier": 1.25, "method": "pfifo", "seed": 301, "feasible": 1, "wwt": 226.0, "makespan": 94.97200000000001, "mean_flow": 5.18427675, "breach_share": 0.005, "breach_p1": 0.09090909090909091, "breach_p2": 0.034482758620689655, "breach_p3": 0.0, "breach_p4": 0.0, "wall_seconds": 0.0012547741644084454}, "mor": {"id": "c10_replay_400_0117_m1.25", "base_id": "c10_replay_400_0117", "campus": 10, "size": 400, "condition": "crew1.25", "sla_multiplier": 1.0, "crew_multiplier": 1.25, "method": "mor", "seed": 301, "feasible": 1, "wwt": 226.0, "makespan": 94.97200000000001, "mean_flow": 5.868308999999999, "breach_share": 0.005, "breach_p1": 0.09090909090909091, "breach_p2": 0.034482758620689655, "breach_p3": 0.0, "breach_p4": 0.0, "wall_seconds": 0.0012971642427146435}, "random": {"id": "c10_replay_400_0117_m1.25", "base_id": "c10_replay_400_0117", "campus": 10, "size": 400, "condition": "crew1.25", "sla_multiplier": 1.0, "crew_multiplier": 1.25, "method": "random", "seed": 301, "feasible": 1, "wwt": 226.0, "makespan": 94.97200000000001, "mean_flow": 5.04865925, "breach_share": 0.005, "breach_p1": 0.09090909090909091, "breach_p2": 0.034482758620689655, "breach_p3": 0.0, "breach_p4": 0.0, "wall_seconds": 0.000564205925911665}, "v2rl301": {"id": "c10_replay_400_0117_m1.25", "base_id": "c10_replay_400_0117", "campus": 10, "size": 400, "condition": "crew1.25", "sla_multiplier": 1.0, "crew_multiplier": 1.25, "method": "v2rl301", "seed": 301, "feasible": 1, "wwt": 226.0, "makespan": 95.1148, "mean_flow": 5.84852, "breach_share": 0.005, "breach_p1": 0.09090909090909091, "breach_p2": 0.034482758620689655, "breach_p3": 0.0, "breach_p4": 0.0, "wall_seconds": 0.05317147169262171}, "v2rl302": {"id": "c10_replay_400_0117_m1.25", "base_id": "c10_replay_400_0117", "campus": 10, "size": 400, "condition": "crew1.25", "sla_multiplier": 1.0, "crew_multiplier": 1.25, "method": "v2rl302", "seed": 302, "feasible": 1, "wwt": 226.0, "makespan": 95.1148, "mean_flow": 5.851902, "breach_share": 0.005, "breach_p1": 0.09090909090909091, "breach_p2": 0.034482758620689655, "breach_p3": 0.0, "breach_p4": 0.0, "wall_seconds": 0.0534179680980742}, "v2rl303": {"id": "c10_replay_400_0117_m1.25", "base_id": "c10_replay_400_0117", "campus": 10, "size": 400, "condition": "crew1.25", "sla_multiplier": 1.0, "crew_multiplier": 1.25, "method": "v2rl303", "seed": 303, "feasible": 1, "wwt": 226.0, "makespan": 95.1148, "mean_flow": 5.652577, "breach_share": 0.005, "breach_p1": 0.09090909090909091, "breach_p2": 0.034482758620689655, "breach_p3": 0.0, "breach_p4": 0.0, "wall_seconds": 0.05205882666632533}}, "methods_expected": ["edd", "wspt", "atc", "pfifo", "mor", "random", "v2rl301", "v2rl302", "v2rl303"], "infeasible": [], "wall_seconds_total": 0.17184443166479468}