{"shard_id": "c10_replay_400_0124_sla0.5", "id": "c10_replay_400_0124_sla0.5", "base_id": "c10_replay_400_0124", "campus": 10, "size": 400, "condition": "sla0.5", "rows": {"edd": {"id": "c10_replay_400_0124_sla0.5", "base_id": "c10_replay_400_0124", "campus": 10, "size": 400, "condition": "sla0.5", "sla_multiplier": 0.5, "crew_multiplier": 1.0, "method": "edd", "seed": 301, "feasible": 1, "wwt": 182.12400000000002, "makespan": 95.2262, "mean_flow": 5.511946, "breach_share": 0.0225, "breach_p1": 0.42857142857142855, "breach_p2": 0.0, "breach_p3": 0.0, "breach_p4": 0.017857142857142856, "wall_seconds": 0.0011426117271184921}, "wspt": {"id": "c10_replay_400_0124_sla0.5", "base_id": "c10_replay_400_0124", "campus": 10, "size": 400, "condition": "sla0.5", "sla_multiplier": 0.5, "crew_multiplier": 1.0, "method": "wspt", "seed": 301, "feasible": 1, "wwt": 182.12400000000002, "makespan": 95.2262, "mean_flow": 5.218355250000001, "breach_share": 0.0225, "breach_p1": 0.42857142857142855, "breach_p2": 0.0, "breach_p3": 0.0, "breach_p4": 0.017857142857142856, "wall_seconds": 0.0014252429828047752}, "atc": {"id": "c10_replay_400_0124_sla0.5", "base_id": "c10_replay_400_0124", "campus": 10, "size": 400, "condition": "sla0.5", "sla_multiplier": 0.5, "crew_multiplier": 1.0, "method": "atc", "seed": 301, "feasible": 1, "wwt": 182.12400000000002, "makespan": 95.2262, "mean_flow": 5.492149750000001, "breach_share": 0.0225, "breach_p1": 0.42857142857142855, "breach_p2": 0.0, "breach_p3": 0.0, "breach_p4": 0.017857142857142856, "wall_seconds": 0.002997566945850849}, "pfifo": {"id": "c10_replay_400_0124_sla0.5", "base_id": "c10_replay_400_0124", "campus": 10, "size": 400, "condition": "sla0.5", "sla_multiplier": 0.5, "crew_multiplier": 1.0, "method": "pfifo", "seed": 301, "feasible": 1, "wwt": 182.12400000000002, "makespan": 95.2262, "mean_flow": 5.511946, "breach_share": 0.0225, "breach_p1": 0.42857142857142855, "breach_p2": 0.0, "breach_p3": 0.0, "breach_p4": 0.017857142857142856, "wall_seconds": 0.0013324888423085213}, "mor": {"id": "c10_replay_400_0124_sla0.5", "base_id": "c10_replay_400_0124", "campus": 10, "size": 400, "condition": "sla0.5", "sla_multiplier": 0.5, "crew_multiplier": 1.0, "method": "mor", "seed": 301, "feasible": 1, "wwt": 182.12400000000002, "makespan": 95.2262, "mean_flow": 5.6835935, "breach_share": 0.0225, "breach_p1": 0.42857142857142855, "breach_p2": 0.0, "breach_p3": 0.0, "breach_p4": 0.017857142857142856, "wall_seconds": 0.0012925458140671253}, "random": {"id": "c10_replay_400_0124_sla0.5", "base_id": "c10_replay_400_0124", "campus": 10, "size": 400, "condition": "sla0.5", "sla_multiplier": 0.5, "crew_multiplier": 1.0, "method": "random", "seed": 301, "feasible": 1, "wwt": 182.12400000000002, "makespan": 95.2262, "mean_flow": 5.357454000000001, "breach_share": 0.0225, "breach_p1": 0.42857142857142855, "breach_p2": 0.0, "breach_p3": 0.0, "breach_p4": 0.017857142857142856, "wall_seconds": 0.000611661933362484}, "v2rl301": {"id": "c10_replay_400_0124_sla0.5", "base_id": "c10_replay_400_0124", "campus": 10, "size": 400, "condition": "sla0.5", "sla_multiplier": 0.5, "crew_multiplier": 1.0, "method": "v2rl301", "seed": 301, "feasible": 1, "wwt": 182.12400000000002, "makespan": 95.2262, "mean_flow": 5.6835935, "breach_share": 0.0225, "breach_p1": 0.42857142857142855, "breach_p2": 0.0, "breach_p3": 0.0, "breach_p4": 0.017857142857142856, "wall_seconds": 0.050842955242842436}, "v2rl302": {"id": "c10_replay_400_0124_sla0.5", "base_id": "c10_replay_400_0124", "campus": 10, "size": 400, "condition": "sla0.5", "sla_multiplier": 0.5, "crew_multiplier": 1.0, "method": "v2rl302", "seed": 302, "feasible": 1, "wwt": 182.12400000000002, "makespan": 95.2262, "mean_flow": 5.395142250000001, "breach_share": 0.0225, "breach_p1": 0.42857142857142855, "breach_p2": 0.0, "breach_p3": 0.0, "breach_p4": 0.017857142857142856, "wall_seconds": 0.05136250704526901}, "v2rl303": {"id": "c10_replay_400_0124_sla0.5", "base_id": "c10_replay_400_0124", "campus": 10, "size": 400, "condition": "sla0.5", "sla_multiplier": 0.5, "crew_multiplier": 1.0, "method": "v2rl303", "seed": 303, "feasible": 1, "wwt": 182.12400000000002, "makespan": 95.2262, "mean_flow": 5.25456025, "breach_share": 0.0225, "breach_p1": 0.42857142857142855, "breach_p2": 0.0, "breach_p3": 0.0, "breach_p4": 0.017857142857142856, "wall_seconds": 0.05122097721323371}}, "methods_expected": ["edd", "wspt", "atc", "pfifo", "mor", "random", "v2rl301", "v2rl302", "v2rl303"], "infeasible": [], "wall_seconds_total": 0.16697413474321365}