{"shard_id": "c10_replay_400_0114_sla1.5", "id": "c10_replay_400_0114_sla1.5", "base_id": "c10_replay_400_0114", "campus": 10, "size": 400, "condition": "sla1.5", "rows": {"edd": {"id": "c10_replay_400_0114_sla1.5", "base_id": "c10_replay_400_0114", "campus": 10, "size": 400, "condition": "sla1.5", "sla_multiplier": 1.5, "crew_multiplier": 1.0, "method": "edd", "seed": 301, "feasible": 1, "wwt": 0.0, "makespan": 113.38560000000001, "mean_flow": 6.9757282499999995, "breach_share": 0.0, "breach_p1": 0.0, "breach_p2": 0.0, "breach_p3": 0.0, "breach_p4": 0.0, "wall_seconds": 0.0008323369547724724}, "wspt": {"id": "c10_replay_400_0114_sla1.5", "base_id": "c10_replay_400_0114", "campus": 10, "size": 400, "condition": "sla1.5", "sla_multiplier": 1.5, "crew_multiplier": 1.0, "method": "wspt", "seed": 301, "feasible": 1, "wwt": 0.0, "makespan": 113.38560000000001, "mean_flow": 6.920530250000001, "breach_share": 0.0, "breach_p1": 0.0, "breach_p2": 0.0, "breach_p3": 0.0, "breach_p4": 0.0, "wall_seconds": 0.0008793682791292667}, "atc": {"id": "c10_replay_400_0114_sla1.5", "base_id": "c10_replay_400_0114", "campus": 10, "size": 400, "condition": "sla1.5", "sla_multiplier": 1.5, "crew_multiplier": 1.0, "method": "atc", "seed": 301, "feasible": 1, "wwt": 0.0, "makespan": 113.38560000000001, "mean_flow": 6.9733852500000015, "breach_share": 0.0, "breach_p1": 0.0, "breach_p2": 0.0, "breach_p3": 0.0, "breach_p4": 0.0, "wall_seconds": 0.001566275954246521}, "pfifo": {"id": "c10_replay_400_0114_sla1.5", "base_id": "c10_replay_400_0114", "campus": 10, "size": 400, "condition": "sla1.5", "sla_multiplier": 1.5, "crew_multiplier": 1.0, "method": "pfifo", "seed": 301, "feasible": 1, "wwt": 0.0, "makespan": 113.38560000000001, "mean_flow": 6.9757282499999995, "breach_share": 0.0, "breach_p1": 0.0, "breach_p2": 0.0, "breach_p3": 0.0, "breach_p4": 0.0, "wall_seconds": 0.00083593325689435}, "mor": {"id": "c10_replay_400_0114_sla1.5", "base_id": "c10_replay_400_0114", "campus": 10, "size": 400, "condition": "sla1.5", "sla_multiplier": 1.5, "crew_multiplier": 1.0, "method": "mor", "seed": 301, "feasible": 1, "wwt": 0.0, "makespan": 94.6459, "mean_flow": 7.0297875, "breach_share": 0.0, "breach_p1": 0.0, "breach_p2": 0.0, "breach_p3": 0.0, "breach_p4": 0.0, "wall_seconds": 0.0008021700195968151}, "random": {"id": "c10_replay_400_0114_sla1.5", "base_id": "c10_replay_400_0114", "campus": 10, "size": 400, "condition": "sla1.5", "sla_multiplier": 1.5, "crew_multiplier": 1.0, "method": "random", "seed": 301, "feasible": 1, "wwt": 0.0, "makespan": 94.6459, "mean_flow": 6.954069, "breach_share": 0.0, "breach_p1": 0.0, "breach_p2": 0.0, "breach_p3": 0.0, "breach_p4": 0.0, "wall_seconds": 0.0005526132881641388}, "v2rl301": {"id": "c10_replay_400_0114_sla1.5", "base_id": "c10_replay_400_0114", "campus": 10, "size": 400, "condition": "sla1.5", "sla_multiplier": 1.5, "crew_multiplier": 1.0, "method": "v2rl301", "seed": 301, "feasible": 1, "wwt": 0.0, "makespan": 94.6459, "mean_flow": 7.0297875, "breach_share": 0.0, "breach_p1": 0.0, "breach_p2": 0.0, "breach_p3": 0.0, "breach_p4": 0.0, "wall_seconds": 0.04583740001544356}, "v2rl302": {"id": "c10_replay_400_0114_sla1.5", "base_id": "c10_replay_400_0114", "campus": 10, "size": 400, "condition": "sla1.5", "sla_multiplier": 1.5, "crew_multiplier": 1.0, "method": "v2rl302", "seed": 302, "feasible": 1, "wwt": 0.0, "makespan": 94.6459, "mean_flow": 6.98650775, "breach_share": 0.0, "breach_p1": 0.0, "breach_p2": 0.0, "breach_p3": 0.0, "breach_p4": 0.0, "wall_seconds": 0.045501753222197294}, "v2rl303": {"id": "c10_replay_400_0114_sla1.5", "base_id": "c10_replay_400_0114", "campus": 10, "size": 400, "condition": "sla1.5", "sla_multiplier": 1.5, "crew_multiplier": 1.0, "method": "v2rl303", "seed": 303, "feasible": 1, "wwt": 0.0, "makespan": 94.6459, "mean_flow": 7.0297875, "breach_share": 0.0, "breach_p1": 0.0, "breach_p2": 0.0, "breach_p3": 0.0, "breach_p4": 0.0, "wall_seconds": 0.045085007790476084}}, "methods_expected": ["edd", "wspt", "atc", "pfifo", "mor", "random", "v2rl301", "v2rl302", "v2rl303"], "infeasible": [], "wall_seconds_total": 0.14649161137640476}