{"shard_id": "c10_replay_150_0106_sla1.5", "id": "c10_replay_150_0106_sla1.5", "base_id": "c10_replay_150_0106", "campus": 10, "size": 150, "condition": "sla1.5", "rows": {"edd": {"id": "c10_replay_150_0106_sla1.5", "base_id": "c10_replay_150_0106", "campus": 10, "size": 150, "condition": "sla1.5", "sla_multiplier": 1.5, "crew_multiplier": 1.0, "method": "edd", "seed": 301, "feasible": 1, "wwt": 79.99999999999999, "makespan": 95.5112, "mean_flow": 7.610074666666666, "breach_share": 0.013333333333333334, "breach_p1": 0.4, "breach_p2": 0.0, "breach_p3": 0.0, "breach_p4": 0.0, "wall_seconds": 0.000291312113404274}, "wspt": {"id": "c10_replay_150_0106_sla1.5", "base_id": "c10_replay_150_0106", "campus": 10, "size": 150, "condition": "sla1.5", "sla_multiplier": 1.5, "crew_multiplier": 1.0, "method": "wspt", "seed": 301, "feasible": 1, "wwt": 79.99999999999999, "makespan": 95.5112, "mean_flow": 7.576894666666667, "breach_share": 0.013333333333333334, "breach_p1": 0.4, "breach_p2": 0.0, "breach_p3": 0.0, "breach_p4": 0.0, "wall_seconds": 0.000275289174169302}, "atc": {"id": "c10_replay_150_0106_sla1.5", "base_id": "c10_replay_150_0106", "campus": 10, "size": 150, "condition": "sla1.5", "sla_multiplier": 1.5, "crew_multiplier": 1.0, "method": "atc", "seed": 301, "feasible": 1, "wwt": 79.99999999999999, "makespan": 95.5112, "mean_flow": 7.602474000000001, "breach_share": 0.013333333333333334, "breach_p1": 0.4, "breach_p2": 0.0, "breach_p3": 0.0, "breach_p4": 0.0, "wall_seconds": 0.0003500301390886307}, "pfifo": {"id": "c10_replay_150_0106_sla1.5", "base_id": "c10_replay_150_0106", "campus": 10, "size": 150, "condition": "sla1.5", "sla_multiplier": 1.5, "crew_multiplier": 1.0, "method": "pfifo", "seed": 301, "feasible": 1, "wwt": 79.99999999999999, "makespan": 95.5112, "mean_flow": 7.610074666666666, "breach_share": 0.013333333333333334, "breach_p1": 0.4, "breach_p2": 0.0, "breach_p3": 0.0, "breach_p4": 0.0, "wall_seconds": 0.00026298919692635536}, "mor": {"id": "c10_replay_150_0106_sla1.5", "base_id": "c10_replay_150_0106", "campus": 10, "size": 150, "condition": "sla1.5", "sla_multiplier": 1.5, "crew_multiplier": 1.0, "method": "mor", "seed": 301, "feasible": 1, "wwt": 79.99999999999999, "makespan": 95.5112, "mean_flow": 7.803114666666667, "breach_share": 0.013333333333333334, "breach_p1": 0.4, "breach_p2": 0.0, "breach_p3": 0.0, "breach_p4": 0.0, "wall_seconds": 0.0002612648531794548}, "random": {"id": "c10_replay_150_0106_sla1.5", "base_id": "c10_replay_150_0106", "campus": 10, "size": 150, "condition": "sla1.5", "sla_multiplier": 1.5, "crew_multiplier": 1.0, "method": "random", "seed": 301, "feasible": 1, "wwt": 79.99999999999999, "makespan": 95.5112, "mean_flow": 7.785825333333334, "breach_share": 0.013333333333333334, "breach_p1": 0.4, "breach_p2": 0.0, "breach_p3": 0.0, "breach_p4": 0.0, "wall_seconds": 0.00024083489552140236}, "v2rl301": {"id": "c10_replay_150_0106_sla1.5", "base_id": "c10_replay_150_0106", "campus": 10, "size": 150, "condition": "sla1.5", "sla_multiplier": 1.5, "crew_multiplier": 1.0, "method": "v2rl301", "seed": 301, "feasible": 1, "wwt": 79.99999999999999, "makespan": 95.5112, "mean_flow": 7.796448000000001, "breach_share": 0.013333333333333334, "breach_p1": 0.4, "breach_p2": 0.0, "breach_p3": 0.0, "breach_p4": 0.0, "wall_seconds": 0.015996367670595646}, "v2rl302": {"id": "c10_replay_150_0106_sla1.5", "base_id": "c10_replay_150_0106", "campus": 10, "size": 150, "condition": "sla1.5", "sla_multiplier": 1.5, "crew_multiplier": 1.0, "method": "v2rl302", "seed": 302, "feasible": 1, "wwt": 79.99999999999999, "makespan": 95.5112, "mean_flow": 7.799781333333334, "breach_share": 0.013333333333333334, "breach_p1": 0.4, "breach_p2": 0.0, "breach_p3": 0.0, "breach_p4": 0.0, "wall_seconds": 0.015560742001980543}, "v2rl303": {"id": "c10_replay_150_0106_sla1.5", "base_id": "c10_replay_150_0106", "campus": 10, "size": 150, "condition": "sla1.5", "sla_multiplier": 1.5, "crew_multiplier": 1.0, "method": "v2rl303", "seed": 303, "feasible": 1, "wwt": 79.99999999999999, "makespan": 95.5112, "mean_flow": 7.799781333333334, "breach_share": 0.013333333333333334, "breach_p1": 0.4, "breach_p2": 0.0, "breach_p3": 0.0, "breach_p4": 0.0, "wall_seconds": 0.01573311584070325}}, "methods_expected": ["edd", "wspt", "atc", "pfifo", "mor", "random", "v2rl301", "v2rl302", "v2rl303"], "infeasible": [], "wall_seconds_total": 0.05119481310248375}