{"shard_id": "c10_replay_400_0101", "id": "c10_replay_400_0101", "base_id": "c10_replay_400_0101", "campus": 10, "size": 400, "condition": "baseline", "rows": {"edd": {"id": "c10_replay_400_0101", "base_id": "c10_replay_400_0101", "campus": 10, "size": 400, "condition": "baseline", "sla_multiplier": 1.0, "crew_multiplier": 1.0, "method": "edd", "seed": 301, "feasible": 1, "wwt": 46.21679999999999, "makespan": 37.3064, "mean_flow": 2.672652, "breach_share": 0.0025, "breach_p1": 0.0, "breach_p2": 0.05263157894736842, "breach_p3": 0.0, "breach_p4": 0.0, "wall_seconds": 0.0015972340479493141}, "wspt": {"id": "c10_replay_400_0101", "base_id": "c10_replay_400_0101", "campus": 10, "size": 400, "condition": "baseline", "sla_multiplier": 1.0, "crew_multiplier": 1.0, "method": "wspt", "seed": 301, "feasible": 1, "wwt": 58.578800000000015, "makespan": 40.3969, "mean_flow": 1.97966775, "breach_share": 0.0025, "breach_p1": 0.0, "breach_p2": 0.05263157894736842, "breach_p3": 0.0, "breach_p4": 0.0, "wall_seconds": 0.001978670246899128}, "atc": {"id": "c10_replay_400_0101", "base_id": "c10_replay_400_0101", "campus": 10, "size": 400, "condition": "baseline", "sla_multiplier": 1.0, "crew_multiplier": 1.0, "method": "atc", "seed": 301, "feasible": 1, "wwt": 46.21679999999999, "makespan": 37.3064, "mean_flow": 2.64769675, "breach_share": 0.0025, "breach_p1": 0.0, "breach_p2": 0.05263157894736842, "breach_p3": 0.0, "breach_p4": 0.0, "wall_seconds": 0.004516153130680323}, "pfifo": {"id": "c10_replay_400_0101", "base_id": "c10_replay_400_0101", "campus": 10, "size": 400, "condition": "baseline", "sla_multiplier": 1.0, "crew_multiplier": 1.0, "method": "pfifo", "seed": 301, "feasible": 1, "wwt": 46.21679999999999, "makespan": 37.3064, "mean_flow": 2.672652, "breach_share": 0.0025, "breach_p1": 0.0, "breach_p2": 0.05263157894736842, "breach_p3": 0.0, "breach_p4": 0.0, "wall_seconds": 0.001683343667536974}, "mor": {"id": "c10_replay_400_0101", "base_id": "c10_replay_400_0101", "campus": 10, "size": 400, "condition": "baseline", "sla_multiplier": 1.0, "crew_multiplier": 1.0, "method": "mor", "seed": 301, "feasible": 1, "wwt": 46.21679999999999, "makespan": 37.3064, "mean_flow": 3.0508845000000004, "breach_share": 0.0025, "breach_p1": 0.0, "breach_p2": 0.05263157894736842, "breach_p3": 0.0, "breach_p4": 0.0, "wall_seconds": 0.0017518759705126286}, "random": {"id": "c10_replay_400_0101", "base_id": "c10_replay_400_0101", "campus": 10, "size": 400, "condition": "baseline", "sla_multiplier": 1.0, "crew_multiplier": 1.0, "method": "random", "seed": 301, "feasible": 1, "wwt": 48.58120000000001, "makespan": 37.8975, "mean_flow": 2.376038, "breach_share": 0.0025, "breach_p1": 0.0, "breach_p2": 0.05263157894736842, "breach_p3": 0.0, "breach_p4": 0.0, "wall_seconds": 0.0006764018908143044}, "v2rl301": {"id": "c10_replay_400_0101", "base_id": "c10_replay_400_0101", "campus": 10, "size": 400, "condition": "baseline", "sla_multiplier": 1.0, "crew_multiplier": 1.0, "method": "v2rl301", "seed": 301, "feasible": 1, "wwt": 46.21679999999999, "makespan": 37.3064, "mean_flow": 3.0266995, "breach_share": 0.0025, "breach_p1": 0.0, "breach_p2": 0.05263157894736842, "breach_p3": 0.0, "breach_p4": 0.0, "wall_seconds": 0.05826120916754007}, "v2rl302": {"id": "c10_replay_400_0101", "base_id": "c10_replay_400_0101", "campus": 10, "size": 400, "condition": "baseline", "sla_multiplier": 1.0, "crew_multiplier": 1.0, "method": "v2rl302", "seed": 302, "feasible": 1, "wwt": 46.21679999999999, "makespan": 37.3064, "mean_flow": 2.304055, "breach_share": 0.0025, "breach_p1": 0.0, "breach_p2": 0.05263157894736842, "breach_p3": 0.0, "breach_p4": 0.0, "wall_seconds": 0.05882369400933385}, "v2rl303": {"id": "c10_replay_400_0101", "base_id": "c10_replay_400_0101", "campus": 10, "size": 400, "condition": "baseline", "sla_multiplier": 1.0, "crew_multiplier": 1.0, "method": "v2rl303", "seed": 303, "feasible": 1, "wwt": 46.21679999999999, "makespan": 37.3064, "mean_flow": 2.6213545, "breach_share": 0.0025, "breach_p1": 0.0, "breach_p2": 0.05263157894736842, "breach_p3": 0.0, "breach_p4": 0.0, "wall_seconds": 0.061075945384800434}}, "methods_expected": ["edd", "wspt", "atc", "pfifo", "mor", "random", "v2rl301", "v2rl302", "v2rl303"], "infeasible": [], "wall_seconds_total": 0.19414027221500874}