{"shard_id": "c10_replay_400_0114_m1.25", "id": "c10_replay_400_0114_m1.25", "base_id": "c10_replay_400_0114", "campus": 10, "size": 400, "condition": "crew1.25", "rows": {"edd": {"id": "c10_replay_400_0114_m1.25", "base_id": "c10_replay_400_0114", "campus": 10, "size": 400, "condition": "crew1.25", "sla_multiplier": 1.0, "crew_multiplier": 1.25, "method": "edd", "seed": 301, "feasible": 1, "wwt": 0.0, "makespan": 113.38560000000001, "mean_flow": 6.862463750000001, "breach_share": 0.0, "breach_p1": 0.0, "breach_p2": 0.0, "breach_p3": 0.0, "breach_p4": 0.0, "wall_seconds": 0.0008321278728544712}, "wspt": {"id": "c10_replay_400_0114_m1.25", "base_id": "c10_replay_400_0114", "campus": 10, "size": 400, "condition": "crew1.25", "sla_multiplier": 1.0, "crew_multiplier": 1.25, "method": "wspt", "seed": 301, "feasible": 1, "wwt": 0.0, "makespan": 113.38560000000001, "mean_flow": 6.834332750000001, "breach_share": 0.0, "breach_p1": 0.0, "breach_p2": 0.0, "breach_p3": 0.0, "breach_p4": 0.0, "wall_seconds": 0.0008764970116317272}, "atc": {"id": "c10_replay_400_0114_m1.25", "base_id": "c10_replay_400_0114", "campus": 10, "size": 400, "condition": "crew1.25", "sla_multiplier": 1.0, "crew_multiplier": 1.25, "method": "atc", "seed": 301, "feasible": 1, "wwt": 0.0, "makespan": 113.38560000000001, "mean_flow": 6.86183875, "breach_share": 0.0, "breach_p1": 0.0, "breach_p2": 0.0, "breach_p3": 0.0, "breach_p4": 0.0, "wall_seconds": 0.001555668655782938}, "pfifo": {"id": "c10_replay_400_0114_m1.25", "base_id": "c10_replay_400_0114", "campus": 10, "size": 400, "condition": "crew1.25", "sla_multiplier": 1.0, "crew_multiplier": 1.25, "method": "pfifo", "seed": 301, "feasible": 1, "wwt": 0.0, "makespan": 113.38560000000001, "mean_flow": 6.862463750000001, "breach_share": 0.0, "breach_p1": 0.0, "breach_p2": 0.0, "breach_p3": 0.0, "breach_p4": 0.0, "wall_seconds": 0.0009763119742274284}, "mor": {"id": "c10_replay_400_0114_m1.25", "base_id": "c10_replay_400_0114", "campus": 10, "size": 400, "condition": "crew1.25", "sla_multiplier": 1.0, "crew_multiplier": 1.25, "method": "mor", "seed": 301, "feasible": 1, "wwt": 0.0, "makespan": 94.6459, "mean_flow": 6.8755075, "breach_share": 0.0, "breach_p1": 0.0, "breach_p2": 0.0, "breach_p3": 0.0, "breach_p4": 0.0, "wall_seconds": 0.000788975041359663}, "random": {"id": "c10_replay_400_0114_m1.25", "base_id": "c10_replay_400_0114", "campus": 10, "size": 400, "condition": "crew1.25", "sla_multiplier": 1.0, "crew_multiplier": 1.25, "method": "random", "seed": 301, "feasible": 1, "wwt": 0.0, "makespan": 94.6459, "mean_flow": 6.8535622499999995, "breach_share": 0.0, "breach_p1": 0.0, "breach_p2": 0.0, "breach_p3": 0.0, "breach_p4": 0.0, "wall_seconds": 0.0005938350223004818}, "v2rl301": {"id": "c10_replay_400_0114_m1.25", "base_id": "c10_replay_400_0114", "campus": 10, "size": 400, "condition": "crew1.25", "sla_multiplier": 1.0, "crew_multiplier": 1.25, "method": "v2rl301", "seed": 301, "feasible": 1, "wwt": 0.0, "makespan": 94.6459, "mean_flow": 6.8755075, "breach_share": 0.0, "breach_p1": 0.0, "breach_p2": 0.0, "breach_p3": 0.0, "breach_p4": 0.0, "wall_seconds": 0.04472355078905821}, "v2rl302": {"id": "c10_replay_400_0114_m1.25", "base_id": "c10_replay_400_0114", "campus": 10, "size": 400, "condition": "crew1.25", "sla_multiplier": 1.0, "crew_multiplier": 1.25, "method": "v2rl302", "seed": 302, "feasible": 1, "wwt": 0.0, "makespan": 94.6459, "mean_flow": 6.844053, "breach_share": 0.0, "breach_p1": 0.0, "breach_p2": 0.0, "breach_p3": 0.0, "breach_p4": 0.0, "wall_seconds": 0.04432614706456661}, "v2rl303": {"id": "c10_replay_400_0114_m1.25", "base_id": "c10_replay_400_0114", "campus": 10, "size": 400, "condition": "crew1.25", "sla_multiplier": 1.0, "crew_multiplier": 1.25, "method": "v2rl303", "seed": 303, "feasible": 1, "wwt": 0.0, "makespan": 94.6459, "mean_flow": 6.863308999999999, "breach_share": 0.0, "breach_p1": 0.0, "breach_p2": 0.0, "breach_p3": 0.0, "breach_p4": 0.0, "wall_seconds": 0.044789290986955166}}, "methods_expected": ["edd", "wspt", "atc", "pfifo", "mor", "random", "v2rl301", "v2rl302", "v2rl303"], "infeasible": [], "wall_seconds_total": 0.14431461691856384}