{"shard_id": "c10_replay_400_0101_m0.75", "id": "c10_replay_400_0101_m0.75", "base_id": "c10_replay_400_0101", "campus": 10, "size": 400, "condition": "crew0.75", "rows": {"edd": {"id": "c10_replay_400_0101_m0.75", "base_id": "c10_replay_400_0101", "campus": 10, "size": 400, "condition": "crew0.75", "sla_multiplier": 1.0, "crew_multiplier": 0.75, "method": "edd", "seed": 301, "feasible": 1, "wwt": 46.21679999999999, "makespan": 37.3064, "mean_flow": 3.983223749999999, "breach_share": 0.0025, "breach_p1": 0.0, "breach_p2": 0.05263157894736842, "breach_p3": 0.0, "breach_p4": 0.0, "wall_seconds": 0.0016052918508648872}, "wspt": {"id": "c10_replay_400_0101_m0.75", "base_id": "c10_replay_400_0101", "campus": 10, "size": 400, "condition": "crew0.75", "sla_multiplier": 1.0, "crew_multiplier": 0.75, "method": "wspt", "seed": 301, "feasible": 1, "wwt": 62.578800000000015, "makespan": 41.3969, "mean_flow": 2.4552542500000003, "breach_share": 0.0025, "breach_p1": 0.0, "breach_p2": 0.05263157894736842, "breach_p3": 0.0, "breach_p4": 0.0, "wall_seconds": 0.0020983009599149227}, "atc": {"id": "c10_replay_400_0101_m0.75", "base_id": "c10_replay_400_0101", "campus": 10, "size": 400, "condition": "crew0.75", "sla_multiplier": 1.0, "crew_multiplier": 0.75, "method": "atc", "seed": 301, "feasible": 1, "wwt": 46.21679999999999, "makespan": 37.3064, "mean_flow": 4.044857499999999, "breach_share": 0.0025, "breach_p1": 0.0, "breach_p2": 0.05263157894736842, "breach_p3": 0.0, "breach_p4": 0.0, "wall_seconds": 0.00480454508215189}, "pfifo": {"id": "c10_replay_400_0101_m0.75", "base_id": "c10_replay_400_0101", "campus": 10, "size": 400, "condition": "crew0.75", "sla_multiplier": 1.0, "crew_multiplier": 0.75, "method": "pfifo", "seed": 301, "feasible": 1, "wwt": 46.21679999999999, "makespan": 37.3064, "mean_flow": 3.983223749999999, "breach_share": 0.0025, "breach_p1": 0.0, "breach_p2": 0.05263157894736842, "breach_p3": 0.0, "breach_p4": 0.0, "wall_seconds": 0.0017246329225599766}, "mor": {"id": "c10_replay_400_0101_m0.75", "base_id": "c10_replay_400_0101", "campus": 10, "size": 400, "condition": "crew0.75", "sla_multiplier": 1.0, "crew_multiplier": 0.75, "method": "mor", "seed": 301, "feasible": 1, "wwt": 46.21679999999999, "makespan": 37.3064, "mean_flow": 4.717177999999999, "breach_share": 0.0025, "breach_p1": 0.0, "breach_p2": 0.05263157894736842, "breach_p3": 0.0, "breach_p4": 0.0, "wall_seconds": 0.0017447643913328648}, "random": {"id": "c10_replay_400_0101_m0.75", "base_id": "c10_replay_400_0101", "campus": 10, "size": 400, "condition": "crew0.75", "sla_multiplier": 1.0, "crew_multiplier": 0.75, "method": "random", "seed": 301, "feasible": 1, "wwt": 52.58, "makespan": 38.8972, "mean_flow": 3.2267745000000003, "breach_share": 0.0025, "breach_p1": 0.0, "breach_p2": 0.05263157894736842, "breach_p3": 0.0, "breach_p4": 0.0, "wall_seconds": 0.0006457744166254997}, "v2rl301": {"id": "c10_replay_400_0101_m0.75", "base_id": "c10_replay_400_0101", "campus": 10, "size": 400, "condition": "crew0.75", "sla_multiplier": 1.0, "crew_multiplier": 0.75, "method": "v2rl301", "seed": 301, "feasible": 1, "wwt": 46.21679999999999, "makespan": 37.3064, "mean_flow": 4.639469, "breach_share": 0.0025, "breach_p1": 0.0, "breach_p2": 0.05263157894736842, "breach_p3": 0.0, "breach_p4": 0.0, "wall_seconds": 0.05974870175123215}, "v2rl302": {"id": "c10_replay_400_0101_m0.75", "base_id": "c10_replay_400_0101", "campus": 10, "size": 400, "condition": "crew0.75", "sla_multiplier": 1.0, "crew_multiplier": 0.75, "method": "v2rl302", "seed": 302, "feasible": 1, "wwt": 46.21679999999999, "makespan": 37.3064, "mean_flow": 3.740173, "breach_share": 0.0025, "breach_p1": 0.0, "breach_p2": 0.05263157894736842, "breach_p3": 0.0, "breach_p4": 0.0, "wall_seconds": 0.05996779212728143}, "v2rl303": {"id": "c10_replay_400_0101_m0.75", "base_id": "c10_replay_400_0101", "campus": 10, "size": 400, "condition": "crew0.75", "sla_multiplier": 1.0, "crew_multiplier": 0.75, "method": "v2rl303", "seed": 303, "feasible": 1, "wwt": 46.21679999999999, "makespan": 37.3064, "mean_flow": 4.0912745, "breach_share": 0.0025, "breach_p1": 0.0, "breach_p2": 0.05263157894736842, "breach_p3": 0.0, "breach_p4": 0.0, "wall_seconds": 0.062321475241333246}}, "methods_expected": ["edd", "wspt", "atc", "pfifo", "mor", "random", "v2rl301", "v2rl302", "v2rl303"], "infeasible": [], "wall_seconds_total": 0.19929287489503622}