{"shard_id": "c10_replay_400_0105_sla1.5", "id": "c10_replay_400_0105_sla1.5", "base_id": "c10_replay_400_0105", "campus": 10, "size": 400, "condition": "sla1.5", "rows": {"edd": {"id": "c10_replay_400_0105_sla1.5", "base_id": "c10_replay_400_0105", "campus": 10, "size": 400, "condition": "sla1.5", "sla_multiplier": 1.5, "crew_multiplier": 1.0, "method": "edd", "seed": 301, "feasible": 1, "wwt": 227.99999999999997, "makespan": 98.8373, "mean_flow": 5.59779125, "breach_share": 0.005, "breach_p1": 0.25, "breach_p2": 0.0, "breach_p3": 0.0, "breach_p4": 0.0, "wall_seconds": 0.001455946359783411}, "wspt": {"id": "c10_replay_400_0105_sla1.5", "base_id": "c10_replay_400_0105", "campus": 10, "size": 400, "condition": "sla1.5", "sla_multiplier": 1.5, "crew_multiplier": 1.0, "method": "wspt", "seed": 301, "feasible": 1, "wwt": 227.99999999999997, "makespan": 98.8373, "mean_flow": 4.3465435, "breach_share": 0.005, "breach_p1": 0.25, "breach_p2": 0.0, "breach_p3": 0.0, "breach_p4": 0.0, "wall_seconds": 0.001632442232221365}, "atc": {"id": "c10_replay_400_0105_sla1.5", "base_id": "c10_replay_400_0105", "campus": 10, "size": 400, "condition": "sla1.5", "sla_multiplier": 1.5, "crew_multiplier": 1.0, "method": "atc", "seed": 301, "feasible": 1, "wwt": 227.99999999999997, "makespan": 98.8373, "mean_flow": 4.4423465, "breach_share": 0.005, "breach_p1": 0.25, "breach_p2": 0.0, "breach_p3": 0.0, "breach_p4": 0.0, "wall_seconds": 0.0029857303015887737}, "pfifo": {"id": "c10_replay_400_0105_sla1.5", "base_id": "c10_replay_400_0105", "campus": 10, "size": 400, "condition": "sla1.5", "sla_multiplier": 1.5, "crew_multiplier": 1.0, "method": "pfifo", "seed": 301, "feasible": 1, "wwt": 227.99999999999997, "makespan": 98.8373, "mean_flow": 5.59779125, "breach_share": 0.005, "breach_p1": 0.25, "breach_p2": 0.0, "breach_p3": 0.0, "breach_p4": 0.0, "wall_seconds": 0.0013888697139918804}, "mor": {"id": "c10_replay_400_0105_sla1.5", "base_id": "c10_replay_400_0105", "campus": 10, "size": 400, "condition": "sla1.5", "sla_multiplier": 1.5, "crew_multiplier": 1.0, "method": "mor", "seed": 301, "feasible": 1, "wwt": 227.99999999999997, "makespan": 98.8373, "mean_flow": 6.081014249999999, "breach_share": 0.005, "breach_p1": 0.25, "breach_p2": 0.0, "breach_p3": 0.0, "breach_p4": 0.0, "wall_seconds": 0.0012534684501588345}, "random": {"id": "c10_replay_400_0105_sla1.5", "base_id": "c10_replay_400_0105", "campus": 10, "size": 400, "condition": "sla1.5", "sla_multiplier": 1.5, "crew_multiplier": 1.0, "method": "random", "seed": 301, "feasible": 1, "wwt": 227.99999999999997, "makespan": 98.8373, "mean_flow": 4.9600349999999995, "breach_share": 0.005, "breach_p1": 0.25, "breach_p2": 0.0, "breach_p3": 0.0, "breach_p4": 0.0, "wall_seconds": 0.0005898945964872837}, "v2rl301": {"id": "c10_replay_400_0105_sla1.5", "base_id": "c10_replay_400_0105", "campus": 10, "size": 400, "condition": "sla1.5", "sla_multiplier": 1.5, "crew_multiplier": 1.0, "method": "v2rl301", "seed": 301, "feasible": 1, "wwt": 227.99999999999997, "makespan": 98.8373, "mean_flow": 6.07001625, "breach_share": 0.005, "breach_p1": 0.25, "breach_p2": 0.0, "breach_p3": 0.0, "breach_p4": 0.0, "wall_seconds": 0.051478530280292034}, "v2rl302": {"id": "c10_replay_400_0105_sla1.5", "base_id": "c10_replay_400_0105", "campus": 10, "size": 400, "condition": "sla1.5", "sla_multiplier": 1.5, "crew_multiplier": 1.0, "method": "v2rl302", "seed": 302, "feasible": 1, "wwt": 227.99999999999997, "makespan": 98.8373, "mean_flow": 6.07001625, "breach_share": 0.005, "breach_p1": 0.25, "breach_p2": 0.0, "breach_p3": 0.0, "breach_p4": 0.0, "wall_seconds": 0.0514498776756227}, "v2rl303": {"id": "c10_replay_400_0105_sla1.5", "base_id": "c10_replay_400_0105", "campus": 10, "size": 400, "condition": "sla1.5", "sla_multiplier": 1.5, "crew_multiplier": 1.0, "method": "v2rl303", "seed": 303, "feasible": 1, "wwt": 227.99999999999997, "makespan": 98.8373, "mean_flow": 6.0656565, "breach_share": 0.005, "breach_p1": 0.25, "breach_p2": 0.0, "breach_p3": 0.0, "breach_p4": 0.0, "wall_seconds": 0.05153107037767768}}, "methods_expected": ["edd", "wspt", "atc", "pfifo", "mor", "random", "v2rl301", "v2rl302", "v2rl303"], "infeasible": [], "wall_seconds_total": 0.1686035064049065}