{"shard_id": "c10_replay_400_0109_sla0.5", "id": "c10_replay_400_0109_sla0.5", "base_id": "c10_replay_400_0109", "campus": 10, "size": 400, "condition": "sla0.5", "rows": {"edd": {"id": "c10_replay_400_0109_sla0.5", "base_id": "c10_replay_400_0109", "campus": 10, "size": 400, "condition": "sla0.5", "sla_multiplier": 0.5, "crew_multiplier": 1.0, "method": "edd", "seed": 301, "feasible": 1, "wwt": 87.44239999999999, "makespan": 96.0631, "mean_flow": 6.74497075, "breach_share": 0.04, "breach_p1": 0.125, "breach_p2": 0.08333333333333333, "breach_p3": 0.0, "breach_p4": 0.038356164383561646, "wall_seconds": 0.0009004208259284496}, "wspt": {"id": "c10_replay_400_0109_sla0.5", "base_id": "c10_replay_400_0109", "campus": 10, "size": 400, "condition": "sla0.5", "sla_multiplier": 0.5, "crew_multiplier": 1.0, "method": "wspt", "seed": 301, "feasible": 1, "wwt": 87.44239999999999, "makespan": 96.0631, "mean_flow": 6.593847499999999, "breach_share": 0.04, "breach_p1": 0.125, "breach_p2": 0.08333333333333333, "breach_p3": 0.0, "breach_p4": 0.038356164383561646, "wall_seconds": 0.0009519760496914387}, "atc": {"id": "c10_replay_400_0109_sla0.5", "base_id": "c10_replay_400_0109", "campus": 10, "size": 400, "condition": "sla0.5", "sla_multiplier": 0.5, "crew_multiplier": 1.0, "method": "atc", "seed": 301, "feasible": 1, "wwt": 87.44239999999999, "makespan": 96.0631, "mean_flow": 6.59493075, "breach_share": 0.04, "breach_p1": 0.125, "breach_p2": 0.08333333333333333, "breach_p3": 0.0, "breach_p4": 0.038356164383561646, "wall_seconds": 0.0015893708914518356}, "pfifo": {"id": "c10_replay_400_0109_sla0.5", "base_id": "c10_replay_400_0109", "campus": 10, "size": 400, "condition": "sla0.5", "sla_multiplier": 0.5, "crew_multiplier": 1.0, "method": "pfifo", "seed": 301, "feasible": 1, "wwt": 87.44239999999999, "makespan": 96.0631, "mean_flow": 6.74497075, "breach_share": 0.04, "breach_p1": 0.125, "breach_p2": 0.08333333333333333, "breach_p3": 0.0, "breach_p4": 0.038356164383561646, "wall_seconds": 0.0008600051514804363}, "mor": {"id": "c10_replay_400_0109_sla0.5", "base_id": "c10_replay_400_0109", "campus": 10, "size": 400, "condition": "sla0.5", "sla_multiplier": 0.5, "crew_multiplier": 1.0, "method": "mor", "seed": 301, "feasible": 1, "wwt": 87.44239999999999, "makespan": 96.0631, "mean_flow": 6.8902572499999994, "breach_share": 0.04, "breach_p1": 0.125, "breach_p2": 0.08333333333333333, "breach_p3": 0.0, "breach_p4": 0.038356164383561646, "wall_seconds": 0.0008261511102318764}, "random": {"id": "c10_replay_400_0109_sla0.5", "base_id": "c10_replay_400_0109", "campus": 10, "size": 400, "condition": "sla0.5", "sla_multiplier": 0.5, "crew_multiplier": 1.0, "method": "random", "seed": 301, "feasible": 1, "wwt": 87.44239999999999, "makespan": 96.0631, "mean_flow": 6.7117515, "breach_share": 0.04, "breach_p1": 0.125, "breach_p2": 0.08333333333333333, "breach_p3": 0.0, "breach_p4": 0.038356164383561646, "wall_seconds": 0.0005476139485836029}, "v2rl301": {"id": "c10_replay_400_0109_sla0.5", "base_id": "c10_replay_400_0109", "campus": 10, "size": 400, "condition": "sla0.5", "sla_multiplier": 0.5, "crew_multiplier": 1.0, "method": "v2rl301", "seed": 301, "feasible": 1, "wwt": 87.44239999999999, "makespan": 96.0631, "mean_flow": 6.8789834999999995, "breach_share": 0.04, "breach_p1": 0.125, "breach_p2": 0.08333333333333333, "breach_p3": 0.0, "breach_p4": 0.038356164383561646, "wall_seconds": 0.04600622598081827}, "v2rl302": {"id": "c10_replay_400_0109_sla0.5", "base_id": "c10_replay_400_0109", "campus": 10, "size": 400, "condition": "sla0.5", "sla_multiplier": 0.5, "crew_multiplier": 1.0, "method": "v2rl302", "seed": 302, "feasible": 1, "wwt": 87.44239999999999, "makespan": 96.0631, "mean_flow": 6.766521249999999, "breach_share": 0.04, "breach_p1": 0.125, "breach_p2": 0.08333333333333333, "breach_p3": 0.0, "breach_p4": 0.038356164383561646, "wall_seconds": 0.04569831024855375}, "v2rl303": {"id": "c10_replay_400_0109_sla0.5", "base_id": "c10_replay_400_0109", "campus": 10, "size": 400, "condition": "sla0.5", "sla_multiplier": 0.5, "crew_multiplier": 1.0, "method": "v2rl303", "seed": 303, "feasible": 1, "wwt": 87.44239999999999, "makespan": 96.0631, "mean_flow": 6.653497, "breach_share": 0.04, "breach_p1": 0.125, "breach_p2": 0.08333333333333333, "breach_p3": 0.0, "breach_p4": 0.038356164383561646, "wall_seconds": 0.0456504188477993}}, "methods_expected": ["edd", "wspt", "atc", "pfifo", "mor", "random", "v2rl301", "v2rl302", "v2rl303"], "infeasible": [], "wall_seconds_total": 0.14761670492589474}