{"shard_id": "c10_replay_150_0117_m0.75", "id": "c10_replay_150_0117_m0.75", "base_id": "c10_replay_150_0117", "campus": 10, "size": 150, "condition": "crew0.75", "rows": {"edd": {"id": "c10_replay_150_0117_m0.75", "base_id": "c10_replay_150_0117", "campus": 10, "size": 150, "condition": "crew0.75", "sla_multiplier": 1.0, "crew_multiplier": 0.75, "method": "edd", "seed": 301, "feasible": 1, "wwt": 202.0, "makespan": 74.5, "mean_flow": 3.3252666666666664, "breach_share": 0.006666666666666667, "breach_p1": 0.0, "breach_p2": 0.5, "breach_p3": 0.0, "breach_p4": 0.0, "wall_seconds": 0.0005958429537713528}, "wspt": {"id": "c10_replay_150_0117_m0.75", "base_id": "c10_replay_150_0117", "campus": 10, "size": 150, "condition": "crew0.75", "sla_multiplier": 1.0, "crew_multiplier": 0.75, "method": "wspt", "seed": 301, "feasible": 1, "wwt": 213.0, "makespan": 77.25, "mean_flow": 3.1138666666666666, "breach_share": 0.006666666666666667, "breach_p1": 0.0, "breach_p2": 0.5, "breach_p3": 0.0, "breach_p4": 0.0, "wall_seconds": 0.0006665769033133984}, "atc": {"id": "c10_replay_150_0117_m0.75", "base_id": "c10_replay_150_0117", "campus": 10, "size": 150, "condition": "crew0.75", "sla_multiplier": 1.0, "crew_multiplier": 0.75, "method": "atc", "seed": 301, "feasible": 1, "wwt": 202.0, "makespan": 74.5, "mean_flow": 3.2888666666666664, "breach_share": 0.006666666666666667, "breach_p1": 0.0, "breach_p2": 0.5, "breach_p3": 0.0, "breach_p4": 0.0, "wall_seconds": 0.0014394712634384632}, "pfifo": {"id": "c10_replay_150_0117_m0.75", "base_id": "c10_replay_150_0117", "campus": 10, "size": 150, "condition": "crew0.75", "sla_multiplier": 1.0, "crew_multiplier": 0.75, "method": "pfifo", "seed": 301, "feasible": 1, "wwt": 202.0, "makespan": 74.5, "mean_flow": 3.3252666666666664, "breach_share": 0.006666666666666667, "breach_p1": 0.0, "breach_p2": 0.5, "breach_p3": 0.0, "breach_p4": 0.0, "wall_seconds": 0.0006690528243780136}, "mor": {"id": "c10_replay_150_0117_m0.75", "base_id": "c10_replay_150_0117", "campus": 10, "size": 150, "condition": "crew0.75", "sla_multiplier": 1.0, "crew_multiplier": 0.75, "method": "mor", "seed": 301, "feasible": 1, "wwt": 202.0, "makespan": 74.5, "mean_flow": 5.1886, "breach_share": 0.006666666666666667, "breach_p1": 0.0, "breach_p2": 0.5, "breach_p3": 0.0, "breach_p4": 0.0, "wall_seconds": 0.0006557810120284557}, "random": {"id": "c10_replay_150_0117_m0.75", "base_id": "c10_replay_150_0117", "campus": 10, "size": 150, "condition": "crew0.75", "sla_multiplier": 1.0, "crew_multiplier": 0.75, "method": "random", "seed": 301, "feasible": 1, "wwt": 218.0, "makespan": 78.5, "mean_flow": 3.4921999999999995, "breach_share": 0.006666666666666667, "breach_p1": 0.0, "breach_p2": 0.5, "breach_p3": 0.0, "breach_p4": 0.0, "wall_seconds": 0.000253911130130291}, "v2rl301": {"id": "c10_replay_150_0117_m0.75", "base_id": "c10_replay_150_0117", "campus": 10, "size": 150, "condition": "crew0.75", "sla_multiplier": 1.0, "crew_multiplier": 0.75, "method": "v2rl301", "seed": 301, "feasible": 1, "wwt": 202.0, "makespan": 74.5, "mean_flow": 5.178866666666667, "breach_share": 0.006666666666666667, "breach_p1": 0.0, "breach_p2": 0.5, "breach_p3": 0.0, "breach_p4": 0.0, "wall_seconds": 0.019859664142131805}, "v2rl302": {"id": "c10_replay_150_0117_m0.75", "base_id": "c10_replay_150_0117", "campus": 10, "size": 150, "condition": "crew0.75", "sla_multiplier": 1.0, "crew_multiplier": 0.75, "method": "v2rl302", "seed": 302, "feasible": 1, "wwt": 202.0, "makespan": 74.5, "mean_flow": 5.185266666666666, "breach_share": 0.006666666666666667, "breach_p1": 0.0, "breach_p2": 0.5, "breach_p3": 0.0, "breach_p4": 0.0, "wall_seconds": 0.01954431412741542}, "v2rl303": {"id": "c10_replay_150_0117_m0.75", "base_id": "c10_replay_150_0117", "campus": 10, "size": 150, "condition": "crew0.75", "sla_multiplier": 1.0, "crew_multiplier": 0.75, "method": "v2rl303", "seed": 303, "feasible": 1, "wwt": 202.0, "makespan": 74.5, "mean_flow": 5.185266666666666, "breach_share": 0.006666666666666667, "breach_p1": 0.0, "breach_p2": 0.5, "breach_p3": 0.0, "breach_p4": 0.0, "wall_seconds": 0.01941599603742361}}, "methods_expected": ["edd", "wspt", "atc", "pfifo", "mor", "random", "v2rl301", "v2rl302", "v2rl303"], "infeasible": [], "wall_seconds_total": 0.0654017822816968}