{"shard_id": "c10_replay_150_0127_m1.25", "id": "c10_replay_150_0127_m1.25", "base_id": "c10_replay_150_0127", "campus": 10, "size": 150, "condition": "crew1.25", "rows": {"edd": {"id": "c10_replay_150_0127_m1.25", "base_id": "c10_replay_150_0127", "campus": 10, "size": 150, "condition": "crew1.25", "sla_multiplier": 1.0, "crew_multiplier": 1.25, "method": "edd", "seed": 301, "feasible": 1, "wwt": 80.0, "makespan": 58.25, "mean_flow": 1.5774666666666668, "breach_share": 0.006666666666666667, "breach_p1": 0.5, "breach_p2": 0.0, "breach_p3": 0.0, "breach_p4": 0.0, "wall_seconds": 0.0006041890010237694}, "wspt": {"id": "c10_replay_150_0127_m1.25", "base_id": "c10_replay_150_0127", "campus": 10, "size": 150, "condition": "crew1.25", "sla_multiplier": 1.0, "crew_multiplier": 1.25, "method": "wspt", "seed": 301, "feasible": 1, "wwt": 80.0, "makespan": 58.5, "mean_flow": 1.5321999999999998, "breach_share": 0.006666666666666667, "breach_p1": 0.5, "breach_p2": 0.0, "breach_p3": 0.0, "breach_p4": 0.0, "wall_seconds": 0.000680193305015564}, "atc": {"id": "c10_replay_150_0127_m1.25", "base_id": "c10_replay_150_0127", "campus": 10, "size": 150, "condition": "crew1.25", "sla_multiplier": 1.0, "crew_multiplier": 1.25, "method": "atc", "seed": 301, "feasible": 1, "wwt": 80.0, "makespan": 58.5, "mean_flow": 1.5751333333333333, "breach_share": 0.006666666666666667, "breach_p1": 0.5, "breach_p2": 0.0, "breach_p3": 0.0, "breach_p4": 0.0, "wall_seconds": 0.0015196357853710651}, "pfifo": {"id": "c10_replay_150_0127_m1.25", "base_id": "c10_replay_150_0127", "campus": 10, "size": 150, "condition": "crew1.25", "sla_multiplier": 1.0, "crew_multiplier": 1.25, "method": "pfifo", "seed": 301, "feasible": 1, "wwt": 80.0, "makespan": 58.25, "mean_flow": 1.5774666666666668, "breach_share": 0.006666666666666667, "breach_p1": 0.5, "breach_p2": 0.0, "breach_p3": 0.0, "breach_p4": 0.0, "wall_seconds": 0.0006408789195120335}, "mor": {"id": "c10_replay_150_0127_m1.25", "base_id": "c10_replay_150_0127", "campus": 10, "size": 150, "condition": "crew1.25", "sla_multiplier": 1.0, "crew_multiplier": 1.25, "method": "mor", "seed": 301, "feasible": 1, "wwt": 80.0, "makespan": 58.25, "mean_flow": 1.6261333333333332, "breach_share": 0.006666666666666667, "breach_p1": 0.5, "breach_p2": 0.0, "breach_p3": 0.0, "breach_p4": 0.0, "wall_seconds": 0.0005970117636024952}, "random": {"id": "c10_replay_150_0127_m1.25", "base_id": "c10_replay_150_0127", "campus": 10, "size": 150, "condition": "crew1.25", "sla_multiplier": 1.0, "crew_multiplier": 1.25, "method": "random", "seed": 301, "feasible": 1, "wwt": 80.0, "makespan": 58.25, "mean_flow": 1.5721333333333334, "breach_share": 0.006666666666666667, "breach_p1": 0.5, "breach_p2": 0.0, "breach_p3": 0.0, "breach_p4": 0.0, "wall_seconds": 0.00025156885385513306}, "v2rl301": {"id": "c10_replay_150_0127_m1.25", "base_id": "c10_replay_150_0127", "campus": 10, "size": 150, "condition": "crew1.25", "sla_multiplier": 1.0, "crew_multiplier": 1.25, "method": "v2rl301", "seed": 301, "feasible": 1, "wwt": 80.0, "makespan": 58.25, "mean_flow": 1.6261333333333332, "breach_share": 0.006666666666666667, "breach_p1": 0.5, "breach_p2": 0.0, "breach_p3": 0.0, "breach_p4": 0.0, "wall_seconds": 0.0199794746004045}, "v2rl302": {"id": "c10_replay_150_0127_m1.25", "base_id": "c10_replay_150_0127", "campus": 10, "size": 150, "condition": "crew1.25", "sla_multiplier": 1.0, "crew_multiplier": 1.25, "method": "v2rl302", "seed": 302, "feasible": 1, "wwt": 80.0, "makespan": 58.25, "mean_flow": 1.5577333333333332, "breach_share": 0.006666666666666667, "breach_p1": 0.5, "breach_p2": 0.0, "breach_p3": 0.0, "breach_p4": 0.0, "wall_seconds": 0.019449721090495586}, "v2rl303": {"id": "c10_replay_150_0127_m1.25", "base_id": "c10_replay_150_0127", "campus": 10, "size": 150, "condition": "crew1.25", "sla_multiplier": 1.0, "crew_multiplier": 1.25, "method": "v2rl303", "seed": 303, "feasible": 1, "wwt": 80.0, "makespan": 58.25, "mean_flow": 1.5955333333333332, "breach_share": 0.006666666666666667, "breach_p1": 0.5, "breach_p2": 0.0, "breach_p3": 0.0, "breach_p4": 0.0, "wall_seconds": 0.01989799691364169}}, "methods_expected": ["edd", "wspt", "atc", "pfifo", "mor", "random", "v2rl301", "v2rl302", "v2rl303"], "infeasible": [], "wall_seconds_total": 0.06598047073930502}