{"shard_id": "c10_replay_400_0122_sla0.5", "id": "c10_replay_400_0122_sla0.5", "base_id": "c10_replay_400_0122", "campus": 10, "size": 400, "condition": "sla0.5", "rows": {"edd": {"id": "c10_replay_400_0122_sla0.5", "base_id": "c10_replay_400_0122", "campus": 10, "size": 400, "condition": "sla0.5", "sla_multiplier": 0.5, "crew_multiplier": 1.0, "method": "edd", "seed": 301, "feasible": 1, "wwt": 71.99999999999999, "makespan": 41.5586, "mean_flow": 1.9997502500000002, "breach_share": 0.0025, "breach_p1": 0.0, "breach_p2": 0.034482758620689655, "breach_p3": 0.0, "breach_p4": 0.0, "wall_seconds": 0.0011683092452585697}, "wspt": {"id": "c10_replay_400_0122_sla0.5", "base_id": "c10_replay_400_0122", "campus": 10, "size": 400, "condition": "sla0.5", "sla_multiplier": 0.5, "crew_multiplier": 1.0, "method": "wspt", "seed": 301, "feasible": 1, "wwt": 71.99999999999999, "makespan": 41.5586, "mean_flow": 1.905795, "breach_share": 0.0025, "breach_p1": 0.0, "breach_p2": 0.034482758620689655, "breach_p3": 0.0, "breach_p4": 0.0, "wall_seconds": 0.001445711124688387}, "atc": {"id": "c10_replay_400_0122_sla0.5", "base_id": "c10_replay_400_0122", "campus": 10, "size": 400, "condition": "sla0.5", "sla_multiplier": 0.5, "crew_multiplier": 1.0, "method": "atc", "seed": 301, "feasible": 1, "wwt": 71.99999999999999, "makespan": 41.5586, "mean_flow": 1.905795, "breach_share": 0.0025, "breach_p1": 0.0, "breach_p2": 0.034482758620689655, "breach_p3": 0.0, "breach_p4": 0.0, "wall_seconds": 0.0029086307622492313}, "pfifo": {"id": "c10_replay_400_0122_sla0.5", "base_id": "c10_replay_400_0122", "campus": 10, "size": 400, "condition": "sla0.5", "sla_multiplier": 0.5, "crew_multiplier": 1.0, "method": "pfifo", "seed": 301, "feasible": 1, "wwt": 71.99999999999999, "makespan": 41.5586, "mean_flow": 1.9997502500000002, "breach_share": 0.0025, "breach_p1": 0.0, "breach_p2": 0.034482758620689655, "breach_p3": 0.0, "breach_p4": 0.0, "wall_seconds": 0.0012476020492613316}, "mor": {"id": "c10_replay_400_0122_sla0.5", "base_id": "c10_replay_400_0122", "campus": 10, "size": 400, "condition": "sla0.5", "sla_multiplier": 0.5, "crew_multiplier": 1.0, "method": "mor", "seed": 301, "feasible": 1, "wwt": 71.99999999999999, "makespan": 41.5586, "mean_flow": 2.0495705, "breach_share": 0.0025, "breach_p1": 0.0, "breach_p2": 0.034482758620689655, "breach_p3": 0.0, "breach_p4": 0.0, "wall_seconds": 0.0012861648574471474}, "random": {"id": "c10_replay_400_0122_sla0.5", "base_id": "c10_replay_400_0122", "campus": 10, "size": 400, "condition": "sla0.5", "sla_multiplier": 0.5, "crew_multiplier": 1.0, "method": "random", "seed": 301, "feasible": 1, "wwt": 71.99999999999999, "makespan": 41.5586, "mean_flow": 1.9602160000000004, "breach_share": 0.0025, "breach_p1": 0.0, "breach_p2": 0.034482758620689655, "breach_p3": 0.0, "breach_p4": 0.0, "wall_seconds": 0.0005906340666115284}, "v2rl301": {"id": "c10_replay_400_0122_sla0.5", "base_id": "c10_replay_400_0122", "campus": 10, "size": 400, "condition": "sla0.5", "sla_multiplier": 0.5, "crew_multiplier": 1.0, "method": "v2rl301", "seed": 301, "feasible": 1, "wwt": 71.99999999999999, "makespan": 41.5586, "mean_flow": 2.0492955000000004, "breach_share": 0.0025, "breach_p1": 0.0, "breach_p2": 0.034482758620689655, "breach_p3": 0.0, "breach_p4": 0.0, "wall_seconds": 0.05365489376708865}, "v2rl302": {"id": "c10_replay_400_0122_sla0.5", "base_id": "c10_replay_400_0122", "campus": 10, "size": 400, "condition": "sla0.5", "sla_multiplier": 0.5, "crew_multiplier": 1.0, "method": "v2rl302", "seed": 302, "feasible": 1, "wwt": 71.99999999999999, "makespan": 41.5586, "mean_flow": 2.0297177500000005, "breach_share": 0.0025, "breach_p1": 0.0, "breach_p2": 0.034482758620689655, "breach_p3": 0.0, "breach_p4": 0.0, "wall_seconds": 0.05259566102176905}, "v2rl303": {"id": "c10_replay_400_0122_sla0.5", "base_id": "c10_replay_400_0122", "campus": 10, "size": 400, "condition": "sla0.5", "sla_multiplier": 0.5, "crew_multiplier": 1.0, "method": "v2rl303", "seed": 303, "feasible": 1, "wwt": 71.99999999999999, "makespan": 41.5586, "mean_flow": 1.9603517500000003, "breach_share": 0.0025, "breach_p1": 0.0, "breach_p2": 0.034482758620689655, "breach_p3": 0.0, "breach_p4": 0.0, "wall_seconds": 0.05138297379016876}}, "methods_expected": ["edd", "wspt", "atc", "pfifo", "mor", "random", "v2rl301", "v2rl302", "v2rl303"], "infeasible": [], "wall_seconds_total": 0.17098341789096594}