{"shard_id": "c10_replay_150_0120", "id": "c10_replay_150_0120", "base_id": "c10_replay_150_0120", "campus": 10, "size": 150, "condition": "baseline", "rows": {"edd": {"id": "c10_replay_150_0120", "base_id": "c10_replay_150_0120", "campus": 10, "size": 150, "condition": "baseline", "sla_multiplier": 1.0, "crew_multiplier": 1.0, "method": "edd", "seed": 301, "feasible": 1, "wwt": 14.0, "makespan": 90.8648, "mean_flow": 3.2056693333333337, "breach_share": 0.006666666666666667, "breach_p1": 0.0, "breach_p2": 0.07142857142857142, "breach_p3": 0.0, "breach_p4": 0.0, "wall_seconds": 0.00031307293102145195}, "wspt": {"id": "c10_replay_150_0120", "base_id": "c10_replay_150_0120", "campus": 10, "size": 150, "condition": "baseline", "sla_multiplier": 1.0, "crew_multiplier": 1.0, "method": "wspt", "seed": 301, "feasible": 1, "wwt": 14.0, "makespan": 90.8648, "mean_flow": 3.166917333333333, "breach_share": 0.006666666666666667, "breach_p1": 0.0, "breach_p2": 0.07142857142857142, "breach_p3": 0.0, "breach_p4": 0.0, "wall_seconds": 0.0003013680689036846}, "atc": {"id": "c10_replay_150_0120", "base_id": "c10_replay_150_0120", "campus": 10, "size": 150, "condition": "baseline", "sla_multiplier": 1.0, "crew_multiplier": 1.0, "method": "atc", "seed": 301, "feasible": 1, "wwt": 14.0, "makespan": 90.8648, "mean_flow": 3.1752506666666664, "breach_share": 0.006666666666666667, "breach_p1": 0.0, "breach_p2": 0.07142857142857142, "breach_p3": 0.0, "breach_p4": 0.0, "wall_seconds": 0.00044426415115594864}, "pfifo": {"id": "c10_replay_150_0120", "base_id": "c10_replay_150_0120", "campus": 10, "size": 150, "condition": "baseline", "sla_multiplier": 1.0, "crew_multiplier": 1.0, "method": "pfifo", "seed": 301, "feasible": 1, "wwt": 14.0, "makespan": 90.8648, "mean_flow": 3.2056693333333337, "breach_share": 0.006666666666666667, "breach_p1": 0.0, "breach_p2": 0.07142857142857142, "breach_p3": 0.0, "breach_p4": 0.0, "wall_seconds": 0.00028715888038277626}, "mor": {"id": "c10_replay_150_0120", "base_id": "c10_replay_150_0120", "campus": 10, "size": 150, "condition": "baseline", "sla_multiplier": 1.0, "crew_multiplier": 1.0, "method": "mor", "seed": 301, "feasible": 1, "wwt": 14.0, "makespan": 90.8648, "mean_flow": 3.215602666666667, "breach_share": 0.006666666666666667, "breach_p1": 0.0, "breach_p2": 0.07142857142857142, "breach_p3": 0.0, "breach_p4": 0.0, "wall_seconds": 0.0003298446536064148}, "random": {"id": "c10_replay_150_0120", "base_id": "c10_replay_150_0120", "campus": 10, "size": 150, "condition": "baseline", "sla_multiplier": 1.0, "crew_multiplier": 1.0, "method": "random", "seed": 301, "feasible": 1, "wwt": 14.0, "makespan": 90.8648, "mean_flow": 3.1927173333333334, "breach_share": 0.006666666666666667, "breach_p1": 0.0, "breach_p2": 0.07142857142857142, "breach_p3": 0.0, "breach_p4": 0.0, "wall_seconds": 0.00023561017587780952}, "v2rl301": {"id": "c10_replay_150_0120", "base_id": "c10_replay_150_0120", "campus": 10, "size": 150, "condition": "baseline", "sla_multiplier": 1.0, "crew_multiplier": 1.0, "method": "v2rl301", "seed": 301, "feasible": 1, "wwt": 14.0, "makespan": 90.8648, "mean_flow": 3.2072693333333335, "breach_share": 0.006666666666666667, "breach_p1": 0.0, "breach_p2": 0.07142857142857142, "breach_p3": 0.0, "breach_p4": 0.0, "wall_seconds": 0.015830057207494974}, "v2rl302": {"id": "c10_replay_150_0120", "base_id": "c10_replay_150_0120", "campus": 10, "size": 150, "condition": "baseline", "sla_multiplier": 1.0, "crew_multiplier": 1.0, "method": "v2rl302", "seed": 302, "feasible": 1, "wwt": 14.0, "makespan": 90.8648, "mean_flow": 3.2072693333333335, "breach_share": 0.006666666666666667, "breach_p1": 0.0, "breach_p2": 0.07142857142857142, "breach_p3": 0.0, "breach_p4": 0.0, "wall_seconds": 0.015848484355956316}, "v2rl303": {"id": "c10_replay_150_0120", "base_id": "c10_replay_150_0120", "campus": 10, "size": 150, "condition": "baseline", "sla_multiplier": 1.0, "crew_multiplier": 1.0, "method": "v2rl303", "seed": 303, "feasible": 1, "wwt": 14.0, "makespan": 90.8648, "mean_flow": 3.2072693333333335, "breach_share": 0.006666666666666667, "breach_p1": 0.0, "breach_p2": 0.07142857142857142, "breach_p3": 0.0, "breach_p4": 0.0, "wall_seconds": 0.01600528508424759}}, "methods_expected": ["edd", "wspt", "atc", "pfifo", "mor", "random", "v2rl301", "v2rl302", "v2rl303"], "infeasible": [], "wall_seconds_total": 0.05142144300043583}