{"shard_id": "c10_replay_400_0103_sla0.5", "id": "c10_replay_400_0103_sla0.5", "base_id": "c10_replay_400_0103", "campus": 10, "size": 400, "condition": "sla0.5", "rows": {"edd": {"id": "c10_replay_400_0103_sla0.5", "base_id": "c10_replay_400_0103", "campus": 10, "size": 400, "condition": "sla0.5", "sla_multiplier": 0.5, "crew_multiplier": 1.0, "method": "edd", "seed": 301, "feasible": 1, "wwt": 230.7694, "makespan": 95.2437, "mean_flow": 4.14009375, "breach_share": 0.0275, "breach_p1": 0.2857142857142857, "breach_p2": 0.11538461538461539, "breach_p3": 0.0, "breach_p4": 0.013605442176870748, "wall_seconds": 0.0008693146519362926}, "wspt": {"id": "c10_replay_400_0103_sla0.5", "base_id": "c10_replay_400_0103", "campus": 10, "size": 400, "condition": "sla0.5", "sla_multiplier": 0.5, "crew_multiplier": 1.0, "method": "wspt", "seed": 301, "feasible": 1, "wwt": 231.0196, "makespan": 94.9945, "mean_flow": 4.108076499999999, "breach_share": 0.0275, "breach_p1": 0.2857142857142857, "breach_p2": 0.11538461538461539, "breach_p3": 0.0, "breach_p4": 0.013605442176870748, "wall_seconds": 0.0007799011655151844}, "atc": {"id": "c10_replay_400_0103_sla0.5", "base_id": "c10_replay_400_0103", "campus": 10, "size": 400, "condition": "sla0.5", "sla_multiplier": 0.5, "crew_multiplier": 1.0, "method": "atc", "seed": 301, "feasible": 1, "wwt": 231.0196, "makespan": 94.9945, "mean_flow": 4.1108655, "breach_share": 0.0275, "breach_p1": 0.2857142857142857, "breach_p2": 0.11538461538461539, "breach_p3": 0.0, "breach_p4": 0.013605442176870748, "wall_seconds": 0.001375420019030571}, "pfifo": {"id": "c10_replay_400_0103_sla0.5", "base_id": "c10_replay_400_0103", "campus": 10, "size": 400, "condition": "sla0.5", "sla_multiplier": 0.5, "crew_multiplier": 1.0, "method": "pfifo", "seed": 301, "feasible": 1, "wwt": 230.7694, "makespan": 95.2437, "mean_flow": 4.14009375, "breach_share": 0.0275, "breach_p1": 0.2857142857142857, "breach_p2": 0.11538461538461539, "breach_p3": 0.0, "breach_p4": 0.013605442176870748, "wall_seconds": 0.0008372641168534756}, "mor": {"id": "c10_replay_400_0103_sla0.5", "base_id": "c10_replay_400_0103", "campus": 10, "size": 400, "condition": "sla0.5", "sla_multiplier": 0.5, "crew_multiplier": 1.0, "method": "mor", "seed": 301, "feasible": 1, "wwt": 229.5178, "makespan": 94.494, "mean_flow": 4.16331875, "breach_share": 0.0275, "breach_p1": 0.2857142857142857, "breach_p2": 0.11538461538461539, "breach_p3": 0.0, "breach_p4": 0.013605442176870748, "wall_seconds": 0.0007083402015268803}, "random": {"id": "c10_replay_400_0103_sla0.5", "base_id": "c10_replay_400_0103", "campus": 10, "size": 400, "condition": "sla0.5", "sla_multiplier": 0.5, "crew_multiplier": 1.0, "method": "random", "seed": 301, "feasible": 1, "wwt": 229.7697, "makespan": 94.7445, "mean_flow": 4.126015249999999, "breach_share": 0.0275, "breach_p1": 0.2857142857142857, "breach_p2": 0.11538461538461539, "breach_p3": 0.0, "breach_p4": 0.013605442176870748, "wall_seconds": 0.0005424907431006432}, "v2rl301": {"id": "c10_replay_400_0103_sla0.5", "base_id": "c10_replay_400_0103", "campus": 10, "size": 400, "condition": "sla0.5", "sla_multiplier": 0.5, "crew_multiplier": 1.0, "method": "v2rl301", "seed": 301, "feasible": 1, "wwt": 229.5178, "makespan": 94.494, "mean_flow": 4.16269575, "breach_share": 0.0275, "breach_p1": 0.2857142857142857, "breach_p2": 0.11538461538461539, "breach_p3": 0.0, "breach_p4": 0.013605442176870748, "wall_seconds": 0.04410534119233489}, "v2rl302": {"id": "c10_replay_400_0103_sla0.5", "base_id": "c10_replay_400_0103", "campus": 10, "size": 400, "condition": "sla0.5", "sla_multiplier": 0.5, "crew_multiplier": 1.0, "method": "v2rl302", "seed": 302, "feasible": 1, "wwt": 229.5178, "makespan": 94.494, "mean_flow": 4.13601925, "breach_share": 0.0275, "breach_p1": 0.2857142857142857, "breach_p2": 0.11538461538461539, "breach_p3": 0.0, "breach_p4": 0.013605442176870748, "wall_seconds": 0.04387674340978265}, "v2rl303": {"id": "c10_replay_400_0103_sla0.5", "base_id": "c10_replay_400_0103", "campus": 10, "size": 400, "condition": "sla0.5", "sla_multiplier": 0.5, "crew_multiplier": 1.0, "method": "v2rl303", "seed": 303, "feasible": 1, "wwt": 229.5178, "makespan": 94.494, "mean_flow": 4.134770499999999, "breach_share": 0.0275, "breach_p1": 0.2857142857142857, "breach_p2": 0.11538461538461539, "breach_p3": 0.0, "breach_p4": 0.013605442176870748, "wall_seconds": 0.04390776716172695}}, "methods_expected": ["edd", "wspt", "atc", "pfifo", "mor", "random", "v2rl301", "v2rl302", "v2rl303"], "infeasible": [], "wall_seconds_total": 0.1418661130592227}