{"shard_id": "c10_replay_150_0117_sla1.5", "id": "c10_replay_150_0117_sla1.5", "base_id": "c10_replay_150_0117", "campus": 10, "size": 150, "condition": "sla1.5", "rows": {"edd": {"id": "c10_replay_150_0117_sla1.5", "base_id": "c10_replay_150_0117", "campus": 10, "size": 150, "condition": "sla1.5", "sla_multiplier": 1.5, "crew_multiplier": 1.0, "method": "edd", "seed": 301, "feasible": 1, "wwt": 154.0, "makespan": 74.5, "mean_flow": 2.9537333333333335, "breach_share": 0.006666666666666667, "breach_p1": 0.0, "breach_p2": 0.5, "breach_p3": 0.0, "breach_p4": 0.0, "wall_seconds": 0.0005898419767618179}, "wspt": {"id": "c10_replay_150_0117_sla1.5", "base_id": "c10_replay_150_0117", "campus": 10, "size": 150, "condition": "sla1.5", "sla_multiplier": 1.5, "crew_multiplier": 1.0, "method": "wspt", "seed": 301, "feasible": 1, "wwt": 161.0, "makespan": 76.25, "mean_flow": 2.8137333333333334, "breach_share": 0.006666666666666667, "breach_p1": 0.0, "breach_p2": 0.5, "breach_p3": 0.0, "breach_p4": 0.0, "wall_seconds": 0.0006319866515696049}, "atc": {"id": "c10_replay_150_0117_sla1.5", "base_id": "c10_replay_150_0117", "campus": 10, "size": 150, "condition": "sla1.5", "sla_multiplier": 1.5, "crew_multiplier": 1.0, "method": "atc", "seed": 301, "feasible": 1, "wwt": 154.0, "makespan": 74.5, "mean_flow": 2.8837333333333333, "breach_share": 0.006666666666666667, "breach_p1": 0.0, "breach_p2": 0.5, "breach_p3": 0.0, "breach_p4": 0.0, "wall_seconds": 0.0013573779724538326}, "pfifo": {"id": "c10_replay_150_0117_sla1.5", "base_id": "c10_replay_150_0117", "campus": 10, "size": 150, "condition": "sla1.5", "sla_multiplier": 1.5, "crew_multiplier": 1.0, "method": "pfifo", "seed": 301, "feasible": 1, "wwt": 154.0, "makespan": 74.5, "mean_flow": 2.9537333333333335, "breach_share": 0.006666666666666667, "breach_p1": 0.0, "breach_p2": 0.5, "breach_p3": 0.0, "breach_p4": 0.0, "wall_seconds": 0.0006216419860720634}, "mor": {"id": "c10_replay_150_0117_sla1.5", "base_id": "c10_replay_150_0117", "campus": 10, "size": 150, "condition": "sla1.5", "sla_multiplier": 1.5, "crew_multiplier": 1.0, "method": "mor", "seed": 301, "feasible": 1, "wwt": 154.0, "makespan": 74.5, "mean_flow": 3.763733333333333, "breach_share": 0.006666666666666667, "breach_p1": 0.0, "breach_p2": 0.5, "breach_p3": 0.0, "breach_p4": 0.0, "wall_seconds": 0.0005569919012486935}, "random": {"id": "c10_replay_150_0117_sla1.5", "base_id": "c10_replay_150_0117", "campus": 10, "size": 150, "condition": "sla1.5", "sla_multiplier": 1.5, "crew_multiplier": 1.0, "method": "random", "seed": 301, "feasible": 1, "wwt": 160.0, "makespan": 76.0, "mean_flow": 3.0037333333333334, "breach_share": 0.006666666666666667, "breach_p1": 0.0, "breach_p2": 0.5, "breach_p3": 0.0, "breach_p4": 0.0, "wall_seconds": 0.00023825187236070633}, "v2rl301": {"id": "c10_replay_150_0117_sla1.5", "base_id": "c10_replay_150_0117", "campus": 10, "size": 150, "condition": "sla1.5", "sla_multiplier": 1.5, "crew_multiplier": 1.0, "method": "v2rl301", "seed": 301, "feasible": 1, "wwt": 154.0, "makespan": 74.5, "mean_flow": 3.763733333333333, "breach_share": 0.006666666666666667, "breach_p1": 0.0, "breach_p2": 0.5, "breach_p3": 0.0, "breach_p4": 0.0, "wall_seconds": 0.020342880859971046}, "v2rl302": {"id": "c10_replay_150_0117_sla1.5", "base_id": "c10_replay_150_0117", "campus": 10, "size": 150, "condition": "sla1.5", "sla_multiplier": 1.5, "crew_multiplier": 1.0, "method": "v2rl302", "seed": 302, "feasible": 1, "wwt": 154.0, "makespan": 74.5, "mean_flow": 3.763733333333333, "breach_share": 0.006666666666666667, "breach_p1": 0.0, "breach_p2": 0.5, "breach_p3": 0.0, "breach_p4": 0.0, "wall_seconds": 0.019715314731001854}, "v2rl303": {"id": "c10_replay_150_0117_sla1.5", "base_id": "c10_replay_150_0117", "campus": 10, "size": 150, "condition": "sla1.5", "sla_multiplier": 1.5, "crew_multiplier": 1.0, "method": "v2rl303", "seed": 303, "feasible": 1, "wwt": 154.0, "makespan": 74.5, "mean_flow": 3.3104, "breach_share": 0.006666666666666667, "breach_p1": 0.0, "breach_p2": 0.5, "breach_p3": 0.0, "breach_p4": 0.0, "wall_seconds": 0.019730864092707634}}, "methods_expected": ["edd", "wspt", "atc", "pfifo", "mor", "random", "v2rl301", "v2rl302", "v2rl303"], "infeasible": [], "wall_seconds_total": 0.06605775700882077}