{"shard_id": "c10_replay_150_0125_m1.25", "id": "c10_replay_150_0125_m1.25", "base_id": "c10_replay_150_0125", "campus": 10, "size": 150, "condition": "crew1.25", "rows": {"edd": {"id": "c10_replay_150_0125_m1.25", "base_id": "c10_replay_150_0125", "campus": 10, "size": 150, "condition": "crew1.25", "sla_multiplier": 1.0, "crew_multiplier": 1.25, "method": "edd", "seed": 301, "feasible": 1, "wwt": 0.0, "makespan": 91.47540000000001, "mean_flow": 3.356084666666667, "breach_share": 0.0, "breach_p1": 0.0, "breach_p2": 0.0, "breach_p3": 0.0, "breach_p4": 0.0, "wall_seconds": 0.00027824798598885536}, "wspt": {"id": "c10_replay_150_0125_m1.25", "base_id": "c10_replay_150_0125", "campus": 10, "size": 150, "condition": "crew1.25", "sla_multiplier": 1.0, "crew_multiplier": 1.25, "method": "wspt", "seed": 301, "feasible": 1, "wwt": 0.0, "makespan": 91.47540000000001, "mean_flow": 3.3221739999999995, "breach_share": 0.0, "breach_p1": 0.0, "breach_p2": 0.0, "breach_p3": 0.0, "breach_p4": 0.0, "wall_seconds": 0.00028844643384218216}, "atc": {"id": "c10_replay_150_0125_m1.25", "base_id": "c10_replay_150_0125", "campus": 10, "size": 150, "condition": "crew1.25", "sla_multiplier": 1.0, "crew_multiplier": 1.25, "method": "atc", "seed": 301, "feasible": 1, "wwt": 0.0, "makespan": 91.47540000000001, "mean_flow": 3.3221739999999995, "breach_share": 0.0, "breach_p1": 0.0, "breach_p2": 0.0, "breach_p3": 0.0, "breach_p4": 0.0, "wall_seconds": 0.0003818608820438385}, "pfifo": {"id": "c10_replay_150_0125_m1.25", "base_id": "c10_replay_150_0125", "campus": 10, "size": 150, "condition": "crew1.25", "sla_multiplier": 1.0, "crew_multiplier": 1.25, "method": "pfifo", "seed": 301, "feasible": 1, "wwt": 0.0, "makespan": 91.47540000000001, "mean_flow": 3.356084666666667, "breach_share": 0.0, "breach_p1": 0.0, "breach_p2": 0.0, "breach_p3": 0.0, "breach_p4": 0.0, "wall_seconds": 0.00027161696925759315}, "mor": {"id": "c10_replay_150_0125_m1.25", "base_id": "c10_replay_150_0125", "campus": 10, "size": 150, "condition": "crew1.25", "sla_multiplier": 1.0, "crew_multiplier": 1.25, "method": "mor", "seed": 301, "feasible": 1, "wwt": 0.0, "makespan": 91.4751, "mean_flow": 3.3735713333333335, "breach_share": 0.0, "breach_p1": 0.0, "breach_p2": 0.0, "breach_p3": 0.0, "breach_p4": 0.0, "wall_seconds": 0.0002648071385920048}, "random": {"id": "c10_replay_150_0125_m1.25", "base_id": "c10_replay_150_0125", "campus": 10, "size": 150, "condition": "crew1.25", "sla_multiplier": 1.0, "crew_multiplier": 1.25, "method": "random", "seed": 301, "feasible": 1, "wwt": 0.0, "makespan": 91.47540000000001, "mean_flow": 3.336318, "breach_share": 0.0, "breach_p1": 0.0, "breach_p2": 0.0, "breach_p3": 0.0, "breach_p4": 0.0, "wall_seconds": 0.00023067323490977287}, "v2rl301": {"id": "c10_replay_150_0125_m1.25", "base_id": "c10_replay_150_0125", "campus": 10, "size": 150, "condition": "crew1.25", "sla_multiplier": 1.0, "crew_multiplier": 1.25, "method": "v2rl301", "seed": 301, "feasible": 1, "wwt": 0.0, "makespan": 91.4751, "mean_flow": 3.370238, "breach_share": 0.0, "breach_p1": 0.0, "breach_p2": 0.0, "breach_p3": 0.0, "breach_p4": 0.0, "wall_seconds": 0.015714328736066818}, "v2rl302": {"id": "c10_replay_150_0125_m1.25", "base_id": "c10_replay_150_0125", "campus": 10, "size": 150, "condition": "crew1.25", "sla_multiplier": 1.0, "crew_multiplier": 1.25, "method": "v2rl302", "seed": 302, "feasible": 1, "wwt": 0.0, "makespan": 91.4751, "mean_flow": 3.370238, "breach_share": 0.0, "breach_p1": 0.0, "breach_p2": 0.0, "breach_p3": 0.0, "breach_p4": 0.0, "wall_seconds": 0.015642298851162195}, "v2rl303": {"id": "c10_replay_150_0125_m1.25", "base_id": "c10_replay_150_0125", "campus": 10, "size": 150, "condition": "crew1.25", "sla_multiplier": 1.0, "crew_multiplier": 1.25, "method": "v2rl303", "seed": 303, "feasible": 1, "wwt": 0.0, "makespan": 91.4751, "mean_flow": 3.370238, "breach_share": 0.0, "breach_p1": 0.0, "breach_p2": 0.0, "breach_p3": 0.0, "breach_p4": 0.0, "wall_seconds": 0.015490665100514889}}, "methods_expected": ["edd", "wspt", "atc", "pfifo", "mor", "random", "v2rl301", "v2rl302", "v2rl303"], "infeasible": [], "wall_seconds_total": 0.050772856920957565}