{"shard_id": "c10_replay_400_0103_m0.75", "id": "c10_replay_400_0103_m0.75", "base_id": "c10_replay_400_0103", "campus": 10, "size": 400, "condition": "crew0.75", "rows": {"edd": {"id": "c10_replay_400_0103_m0.75", "base_id": "c10_replay_400_0103", "campus": 10, "size": 400, "condition": "crew0.75", "sla_multiplier": 1.0, "crew_multiplier": 0.75, "method": "edd", "seed": 301, "feasible": 1, "wwt": 70.0, "makespan": 95.7437, "mean_flow": 4.41231975, "breach_share": 0.005, "breach_p1": 0.14285714285714285, "breach_p2": 0.0, "breach_p3": 0.0, "breach_p4": 0.0, "wall_seconds": 0.0007756850682199001}, "wspt": {"id": "c10_replay_400_0103_m0.75", "base_id": "c10_replay_400_0103", "campus": 10, "size": 400, "condition": "crew0.75", "sla_multiplier": 1.0, "crew_multiplier": 0.75, "method": "wspt", "seed": 301, "feasible": 1, "wwt": 70.0, "makespan": 95.2445, "mean_flow": 4.33029225, "breach_share": 0.005, "breach_p1": 0.14285714285714285, "breach_p2": 0.0, "breach_p3": 0.0, "breach_p4": 0.0, "wall_seconds": 0.0008048852905631065}, "atc": {"id": "c10_replay_400_0103_m0.75", "base_id": "c10_replay_400_0103", "campus": 10, "size": 400, "condition": "crew0.75", "sla_multiplier": 1.0, "crew_multiplier": 0.75, "method": "atc", "seed": 301, "feasible": 1, "wwt": 70.0, "makespan": 95.2445, "mean_flow": 4.34617025, "breach_share": 0.005, "breach_p1": 0.14285714285714285, "breach_p2": 0.0, "breach_p3": 0.0, "breach_p4": 0.0, "wall_seconds": 0.001369548961520195}, "pfifo": {"id": "c10_replay_400_0103_m0.75", "base_id": "c10_replay_400_0103", "campus": 10, "size": 400, "condition": "crew0.75", "sla_multiplier": 1.0, "crew_multiplier": 0.75, "method": "pfifo", "seed": 301, "feasible": 1, "wwt": 70.0, "makespan": 95.7437, "mean_flow": 4.41231975, "breach_share": 0.005, "breach_p1": 0.14285714285714285, "breach_p2": 0.0, "breach_p3": 0.0, "breach_p4": 0.0, "wall_seconds": 0.0007638558745384216}, "mor": {"id": "c10_replay_400_0103_m0.75", "base_id": "c10_replay_400_0103", "campus": 10, "size": 400, "condition": "crew0.75", "sla_multiplier": 1.0, "crew_multiplier": 0.75, "method": "mor", "seed": 301, "feasible": 1, "wwt": 70.0, "makespan": 94.494, "mean_flow": 4.56624725, "breach_share": 0.005, "breach_p1": 0.14285714285714285, "breach_p2": 0.0, "breach_p3": 0.0, "breach_p4": 0.0, "wall_seconds": 0.0007684393785893917}, "random": {"id": "c10_replay_400_0103_m0.75", "base_id": "c10_replay_400_0103", "campus": 10, "size": 400, "condition": "crew0.75", "sla_multiplier": 1.0, "crew_multiplier": 0.75, "method": "random", "seed": 301, "feasible": 1, "wwt": 70.0, "makespan": 95.744, "mean_flow": 4.424269, "breach_share": 0.005, "breach_p1": 0.14285714285714285, "breach_p2": 0.0, "breach_p3": 0.0, "breach_p4": 0.0, "wall_seconds": 0.0005364110693335533}, "v2rl301": {"id": "c10_replay_400_0103_m0.75", "base_id": "c10_replay_400_0103", "campus": 10, "size": 400, "condition": "crew0.75", "sla_multiplier": 1.0, "crew_multiplier": 0.75, "method": "v2rl301", "seed": 301, "feasible": 1, "wwt": 70.0, "makespan": 94.494, "mean_flow": 4.5662395, "breach_share": 0.005, "breach_p1": 0.14285714285714285, "breach_p2": 0.0, "breach_p3": 0.0, "breach_p4": 0.0, "wall_seconds": 0.045568750239908695}, "v2rl302": {"id": "c10_replay_400_0103_m0.75", "base_id": "c10_replay_400_0103", "campus": 10, "size": 400, "condition": "crew0.75", "sla_multiplier": 1.0, "crew_multiplier": 0.75, "method": "v2rl302", "seed": 302, "feasible": 1, "wwt": 70.0, "makespan": 94.494, "mean_flow": 4.52448125, "breach_share": 0.005, "breach_p1": 0.14285714285714285, "breach_p2": 0.0, "breach_p3": 0.0, "breach_p4": 0.0, "wall_seconds": 0.045162374153733253}, "v2rl303": {"id": "c10_replay_400_0103_m0.75", "base_id": "c10_replay_400_0103", "campus": 10, "size": 400, "condition": "crew0.75", "sla_multiplier": 1.0, "crew_multiplier": 0.75, "method": "v2rl303", "seed": 303, "feasible": 1, "wwt": 70.0, "makespan": 94.494, "mean_flow": 4.563107250000001, "breach_share": 0.005, "breach_p1": 0.14285714285714285, "breach_p2": 0.0, "breach_p3": 0.0, "breach_p4": 0.0, "wall_seconds": 0.045375708024948835}}, "methods_expected": ["edd", "wspt", "atc", "pfifo", "mor", "random", "v2rl301", "v2rl302", "v2rl303"], "infeasible": [], "wall_seconds_total": 0.14564560167491436}