{"shard_id": "c10_replay_150_0124_m0.75", "id": "c10_replay_150_0124_m0.75", "base_id": "c10_replay_150_0124", "campus": 10, "size": 150, "condition": "crew0.75", "rows": {"edd": {"id": "c10_replay_150_0124_m0.75", "base_id": "c10_replay_150_0124", "campus": 10, "size": 150, "condition": "crew0.75", "sla_multiplier": 1.0, "crew_multiplier": 0.75, "method": "edd", "seed": 301, "feasible": 1, "wwt": 60.0, "makespan": 95.2262, "mean_flow": 10.878493333333333, "breach_share": 0.013333333333333334, "breach_p1": 0.2857142857142857, "breach_p2": 0.0, "breach_p3": 0.0, "breach_p4": 0.0, "wall_seconds": 0.0003035939298570156}, "wspt": {"id": "c10_replay_150_0124_m0.75", "base_id": "c10_replay_150_0124", "campus": 10, "size": 150, "condition": "crew0.75", "sla_multiplier": 1.0, "crew_multiplier": 0.75, "method": "wspt", "seed": 301, "feasible": 1, "wwt": 60.0, "makespan": 95.2262, "mean_flow": 10.86636, "breach_share": 0.013333333333333334, "breach_p1": 0.2857142857142857, "breach_p2": 0.0, "breach_p3": 0.0, "breach_p4": 0.0, "wall_seconds": 0.0003146049566566944}, "atc": {"id": "c10_replay_150_0124_m0.75", "base_id": "c10_replay_150_0124", "campus": 10, "size": 150, "condition": "crew0.75", "sla_multiplier": 1.0, "crew_multiplier": 0.75, "method": "atc", "seed": 301, "feasible": 1, "wwt": 60.0, "makespan": 95.2262, "mean_flow": 10.88116, "breach_share": 0.013333333333333334, "breach_p1": 0.2857142857142857, "breach_p2": 0.0, "breach_p3": 0.0, "breach_p4": 0.0, "wall_seconds": 0.0005020578391849995}, "pfifo": {"id": "c10_replay_150_0124_m0.75", "base_id": "c10_replay_150_0124", "campus": 10, "size": 150, "condition": "crew0.75", "sla_multiplier": 1.0, "crew_multiplier": 0.75, "method": "pfifo", "seed": 301, "feasible": 1, "wwt": 60.0, "makespan": 95.2262, "mean_flow": 10.878493333333333, "breach_share": 0.013333333333333334, "breach_p1": 0.2857142857142857, "breach_p2": 0.0, "breach_p3": 0.0, "breach_p4": 0.0, "wall_seconds": 0.0003120419569313526}, "mor": {"id": "c10_replay_150_0124_m0.75", "base_id": "c10_replay_150_0124", "campus": 10, "size": 150, "condition": "crew0.75", "sla_multiplier": 1.0, "crew_multiplier": 0.75, "method": "mor", "seed": 301, "feasible": 1, "wwt": 60.0, "makespan": 95.2262, "mean_flow": 10.89796, "breach_share": 0.013333333333333334, "breach_p1": 0.2857142857142857, "breach_p2": 0.0, "breach_p3": 0.0, "breach_p4": 0.0, "wall_seconds": 0.0003233961760997772}, "random": {"id": "c10_replay_150_0124_m0.75", "base_id": "c10_replay_150_0124", "campus": 10, "size": 150, "condition": "crew0.75", "sla_multiplier": 1.0, "crew_multiplier": 0.75, "method": "random", "seed": 301, "feasible": 1, "wwt": 60.0, "makespan": 95.2262, "mean_flow": 10.876493333333332, "breach_share": 0.013333333333333334, "breach_p1": 0.2857142857142857, "breach_p2": 0.0, "breach_p3": 0.0, "breach_p4": 0.0, "wall_seconds": 0.0002383710816502571}, "v2rl301": {"id": "c10_replay_150_0124_m0.75", "base_id": "c10_replay_150_0124", "campus": 10, "size": 150, "condition": "crew0.75", "sla_multiplier": 1.0, "crew_multiplier": 0.75, "method": "v2rl301", "seed": 301, "feasible": 1, "wwt": 60.0, "makespan": 95.2262, "mean_flow": 10.893026666666666, "breach_share": 0.013333333333333334, "breach_p1": 0.2857142857142857, "breach_p2": 0.0, "breach_p3": 0.0, "breach_p4": 0.0, "wall_seconds": 0.015799742192029953}, "v2rl302": {"id": "c10_replay_150_0124_m0.75", "base_id": "c10_replay_150_0124", "campus": 10, "size": 150, "condition": "crew0.75", "sla_multiplier": 1.0, "crew_multiplier": 0.75, "method": "v2rl302", "seed": 302, "feasible": 1, "wwt": 60.0, "makespan": 95.2262, "mean_flow": 10.881293333333334, "breach_share": 0.013333333333333334, "breach_p1": 0.2857142857142857, "breach_p2": 0.0, "breach_p3": 0.0, "breach_p4": 0.0, "wall_seconds": 0.015359953045845032}, "v2rl303": {"id": "c10_replay_150_0124_m0.75", "base_id": "c10_replay_150_0124", "campus": 10, "size": 150, "condition": "crew0.75", "sla_multiplier": 1.0, "crew_multiplier": 0.75, "method": "v2rl303", "seed": 303, "feasible": 1, "wwt": 60.0, "makespan": 95.2262, "mean_flow": 10.881293333333334, "breach_share": 0.013333333333333334, "breach_p1": 0.2857142857142857, "breach_p2": 0.0, "breach_p3": 0.0, "breach_p4": 0.0, "wall_seconds": 0.015394785907119513}}, "methods_expected": ["edd", "wspt", "atc", "pfifo", "mor", "random", "v2rl301", "v2rl302", "v2rl303"], "infeasible": [], "wall_seconds_total": 0.05079170223325491}