{"shard_id": "c10_replay_150_0116_sla0.5", "id": "c10_replay_150_0116_sla0.5", "base_id": "c10_replay_150_0116", "campus": 10, "size": 150, "condition": "sla0.5", "rows": {"edd": {"id": "c10_replay_150_0116_sla0.5", "base_id": "c10_replay_150_0116", "campus": 10, "size": 150, "condition": "sla0.5", "sla_multiplier": 0.5, "crew_multiplier": 1.0, "method": "edd", "seed": 301, "feasible": 1, "wwt": 41.0, "makespan": 18.5, "mean_flow": 1.9193999999999998, "breach_share": 0.013333333333333334, "breach_p1": null, "breach_p2": 0.2, "breach_p3": 0.0, "breach_p4": 0.0, "wall_seconds": 0.0004013301804661751}, "wspt": {"id": "c10_replay_150_0116_sla0.5", "base_id": "c10_replay_150_0116", "campus": 10, "size": 150, "condition": "sla0.5", "sla_multiplier": 0.5, "crew_multiplier": 1.0, "method": "wspt", "seed": 301, "feasible": 1, "wwt": 53.0, "makespan": 19.75, "mean_flow": 1.7751333333333332, "breach_share": 0.013333333333333334, "breach_p1": null, "breach_p2": 0.2, "breach_p3": 0.0, "breach_p4": 0.0, "wall_seconds": 0.000445307232439518}, "atc": {"id": "c10_replay_150_0116_sla0.5", "base_id": "c10_replay_150_0116", "campus": 10, "size": 150, "condition": "sla0.5", "sla_multiplier": 0.5, "crew_multiplier": 1.0, "method": "atc", "seed": 301, "feasible": 1, "wwt": 41.0, "makespan": 18.0, "mean_flow": 1.8125333333333333, "breach_share": 0.013333333333333334, "breach_p1": null, "breach_p2": 0.2, "breach_p3": 0.0, "breach_p4": 0.0, "wall_seconds": 0.0007804143242537975}, "pfifo": {"id": "c10_replay_150_0116_sla0.5", "base_id": "c10_replay_150_0116", "campus": 10, "size": 150, "condition": "sla0.5", "sla_multiplier": 0.5, "crew_multiplier": 1.0, "method": "pfifo", "seed": 301, "feasible": 1, "wwt": 41.0, "makespan": 18.5, "mean_flow": 1.9193999999999998, "breach_share": 0.013333333333333334, "breach_p1": null, "breach_p2": 0.2, "breach_p3": 0.0, "breach_p4": 0.0, "wall_seconds": 0.00040691206231713295}, "mor": {"id": "c10_replay_150_0116_sla0.5", "base_id": "c10_replay_150_0116", "campus": 10, "size": 150, "condition": "sla0.5", "sla_multiplier": 0.5, "crew_multiplier": 1.0, "method": "mor", "seed": 301, "feasible": 1, "wwt": 41.0, "makespan": 18.0, "mean_flow": 2.0626666666666664, "breach_share": 0.013333333333333334, "breach_p1": null, "breach_p2": 0.2, "breach_p3": 0.0, "breach_p4": 0.0, "wall_seconds": 0.00042415689677000046}, "random": {"id": "c10_replay_150_0116_sla0.5", "base_id": "c10_replay_150_0116", "campus": 10, "size": 150, "condition": "sla0.5", "sla_multiplier": 0.5, "crew_multiplier": 1.0, "method": "random", "seed": 301, "feasible": 1, "wwt": 51.0, "makespan": 19.75, "mean_flow": 1.8184666666666665, "breach_share": 0.013333333333333334, "breach_p1": null, "breach_p2": 0.2, "breach_p3": 0.0, "breach_p4": 0.0, "wall_seconds": 0.0002218172885477543}, "v2rl301": {"id": "c10_replay_150_0116_sla0.5", "base_id": "c10_replay_150_0116", "campus": 10, "size": 150, "condition": "sla0.5", "sla_multiplier": 0.5, "crew_multiplier": 1.0, "method": "v2rl301", "seed": 301, "feasible": 1, "wwt": 41.0, "makespan": 18.0, "mean_flow": 2.0376666666666665, "breach_share": 0.013333333333333334, "breach_p1": null, "breach_p2": 0.2, "breach_p3": 0.0, "breach_p4": 0.0, "wall_seconds": 0.017609320115298033}, "v2rl302": {"id": "c10_replay_150_0116_sla0.5", "base_id": "c10_replay_150_0116", "campus": 10, "size": 150, "condition": "sla0.5", "sla_multiplier": 0.5, "crew_multiplier": 1.0, "method": "v2rl302", "seed": 302, "feasible": 1, "wwt": 41.0, "makespan": 18.0, "mean_flow": 2.0376666666666665, "breach_share": 0.013333333333333334, "breach_p1": null, "breach_p2": 0.2, "breach_p3": 0.0, "breach_p4": 0.0, "wall_seconds": 0.017554593738168478}, "v2rl303": {"id": "c10_replay_150_0116_sla0.5", "base_id": "c10_replay_150_0116", "campus": 10, "size": 150, "condition": "sla0.5", "sla_multiplier": 0.5, "crew_multiplier": 1.0, "method": "v2rl303", "seed": 303, "feasible": 1, "wwt": 41.0, "makespan": 18.0, "mean_flow": 2.0376666666666665, "breach_share": 0.013333333333333334, "breach_p1": null, "breach_p2": 0.2, "breach_p3": 0.0, "breach_p4": 0.0, "wall_seconds": 0.017116067931056023}}, "methods_expected": ["edd", "wspt", "atc", "pfifo", "mor", "random", "v2rl301", "v2rl302", "v2rl303"], "infeasible": [], "wall_seconds_total": 0.0573606570251286}