{"shard_id": "c10_replay_400_0122_m1.25", "id": "c10_replay_400_0122_m1.25", "base_id": "c10_replay_400_0122", "campus": 10, "size": 400, "condition": "crew1.25", "rows": {"edd": {"id": "c10_replay_400_0122_m1.25", "base_id": "c10_replay_400_0122", "campus": 10, "size": 400, "condition": "crew1.25", "sla_multiplier": 1.0, "crew_multiplier": 1.25, "method": "edd", "seed": 301, "feasible": 1, "wwt": 23.999999999999986, "makespan": 41.5586, "mean_flow": 1.7634535000000002, "breach_share": 0.0025, "breach_p1": 0.0, "breach_p2": 0.034482758620689655, "breach_p3": 0.0, "breach_p4": 0.0, "wall_seconds": 0.0011358102783560753}, "wspt": {"id": "c10_replay_400_0122_m1.25", "base_id": "c10_replay_400_0122", "campus": 10, "size": 400, "condition": "crew1.25", "sla_multiplier": 1.0, "crew_multiplier": 1.25, "method": "wspt", "seed": 301, "feasible": 1, "wwt": 23.999999999999986, "makespan": 41.5586, "mean_flow": 1.7240864999999999, "breach_share": 0.0025, "breach_p1": 0.0, "breach_p2": 0.034482758620689655, "breach_p3": 0.0, "breach_p4": 0.0, "wall_seconds": 0.0014555477537214756}, "atc": {"id": "c10_replay_400_0122_m1.25", "base_id": "c10_replay_400_0122", "campus": 10, "size": 400, "condition": "crew1.25", "sla_multiplier": 1.0, "crew_multiplier": 1.25, "method": "atc", "seed": 301, "feasible": 1, "wwt": 23.999999999999986, "makespan": 41.5586, "mean_flow": 1.7388657500000002, "breach_share": 0.0025, "breach_p1": 0.0, "breach_p2": 0.034482758620689655, "breach_p3": 0.0, "breach_p4": 0.0, "wall_seconds": 0.0028290990740060806}, "pfifo": {"id": "c10_replay_400_0122_m1.25", "base_id": "c10_replay_400_0122", "campus": 10, "size": 400, "condition": "crew1.25", "sla_multiplier": 1.0, "crew_multiplier": 1.25, "method": "pfifo", "seed": 301, "feasible": 1, "wwt": 23.999999999999986, "makespan": 41.5586, "mean_flow": 1.7634535000000002, "breach_share": 0.0025, "breach_p1": 0.0, "breach_p2": 0.034482758620689655, "breach_p3": 0.0, "breach_p4": 0.0, "wall_seconds": 0.0011948002502322197}, "mor": {"id": "c10_replay_400_0122_m1.25", "base_id": "c10_replay_400_0122", "campus": 10, "size": 400, "condition": "crew1.25", "sla_multiplier": 1.0, "crew_multiplier": 1.25, "method": "mor", "seed": 301, "feasible": 1, "wwt": 23.999999999999986, "makespan": 41.5586, "mean_flow": 1.79499275, "breach_share": 0.0025, "breach_p1": 0.0, "breach_p2": 0.034482758620689655, "breach_p3": 0.0, "breach_p4": 0.0, "wall_seconds": 0.0011754869483411312}, "random": {"id": "c10_replay_400_0122_m1.25", "base_id": "c10_replay_400_0122", "campus": 10, "size": 400, "condition": "crew1.25", "sla_multiplier": 1.0, "crew_multiplier": 1.25, "method": "random", "seed": 301, "feasible": 1, "wwt": 23.999999999999986, "makespan": 41.5586, "mean_flow": 1.7631935, "breach_share": 0.0025, "breach_p1": 0.0, "breach_p2": 0.034482758620689655, "breach_p3": 0.0, "breach_p4": 0.0, "wall_seconds": 0.0005974322557449341}, "v2rl301": {"id": "c10_replay_400_0122_m1.25", "base_id": "c10_replay_400_0122", "campus": 10, "size": 400, "condition": "crew1.25", "sla_multiplier": 1.0, "crew_multiplier": 1.25, "method": "v2rl301", "seed": 301, "feasible": 1, "wwt": 23.999999999999986, "makespan": 41.5586, "mean_flow": 1.794117, "breach_share": 0.0025, "breach_p1": 0.0, "breach_p2": 0.034482758620689655, "breach_p3": 0.0, "breach_p4": 0.0, "wall_seconds": 0.051102552097290754}, "v2rl302": {"id": "c10_replay_400_0122_m1.25", "base_id": "c10_replay_400_0122", "campus": 10, "size": 400, "condition": "crew1.25", "sla_multiplier": 1.0, "crew_multiplier": 1.25, "method": "v2rl302", "seed": 302, "feasible": 1, "wwt": 23.999999999999986, "makespan": 41.5586, "mean_flow": 1.7815162500000001, "breach_share": 0.0025, "breach_p1": 0.0, "breach_p2": 0.034482758620689655, "breach_p3": 0.0, "breach_p4": 0.0, "wall_seconds": 0.05089767882600427}, "v2rl303": {"id": "c10_replay_400_0122_m1.25", "base_id": "c10_replay_400_0122", "campus": 10, "size": 400, "condition": "crew1.25", "sla_multiplier": 1.0, "crew_multiplier": 1.25, "method": "v2rl303", "seed": 303, "feasible": 1, "wwt": 23.999999999999986, "makespan": 41.5586, "mean_flow": 1.7815162500000001, "breach_share": 0.0025, "breach_p1": 0.0, "breach_p2": 0.034482758620689655, "breach_p3": 0.0, "breach_p4": 0.0, "wall_seconds": 0.05103983683511615}}, "methods_expected": ["edd", "wspt", "atc", "pfifo", "mor", "random", "v2rl301", "v2rl302", "v2rl303"], "infeasible": [], "wall_seconds_total": 0.16607074905186892}