{"shard_id": "c10_replay_400_0101_sla0.5", "id": "c10_replay_400_0101_sla0.5", "base_id": "c10_replay_400_0101", "campus": 10, "size": 400, "condition": "sla0.5", "rows": {"edd": {"id": "c10_replay_400_0101_sla0.5", "base_id": "c10_replay_400_0101", "campus": 10, "size": 400, "condition": "sla0.5", "sla_multiplier": 0.5, "crew_multiplier": 1.0, "method": "edd", "seed": 301, "feasible": 1, "wwt": 94.21679999999998, "makespan": 37.3064, "mean_flow": 2.672652, "breach_share": 0.0025, "breach_p1": 0.0, "breach_p2": 0.05263157894736842, "breach_p3": 0.0, "breach_p4": 0.0, "wall_seconds": 0.0016450071707367897}, "wspt": {"id": "c10_replay_400_0101_sla0.5", "base_id": "c10_replay_400_0101", "campus": 10, "size": 400, "condition": "sla0.5", "sla_multiplier": 0.5, "crew_multiplier": 1.0, "method": "wspt", "seed": 301, "feasible": 1, "wwt": 106.5788, "makespan": 40.3969, "mean_flow": 1.97966775, "breach_share": 0.0025, "breach_p1": 0.0, "breach_p2": 0.05263157894736842, "breach_p3": 0.0, "breach_p4": 0.0, "wall_seconds": 0.001958040054887533}, "atc": {"id": "c10_replay_400_0101_sla0.5", "base_id": "c10_replay_400_0101", "campus": 10, "size": 400, "condition": "sla0.5", "sla_multiplier": 0.5, "crew_multiplier": 1.0, "method": "atc", "seed": 301, "feasible": 1, "wwt": 94.21679999999998, "makespan": 37.3064, "mean_flow": 2.2064842500000004, "breach_share": 0.0025, "breach_p1": 0.0, "breach_p2": 0.05263157894736842, "breach_p3": 0.0, "breach_p4": 0.0, "wall_seconds": 0.0041883657686412334}, "pfifo": {"id": "c10_replay_400_0101_sla0.5", "base_id": "c10_replay_400_0101", "campus": 10, "size": 400, "condition": "sla0.5", "sla_multiplier": 0.5, "crew_multiplier": 1.0, "method": "pfifo", "seed": 301, "feasible": 1, "wwt": 94.21679999999998, "makespan": 37.3064, "mean_flow": 2.672652, "breach_share": 0.0025, "breach_p1": 0.0, "breach_p2": 0.05263157894736842, "breach_p3": 0.0, "breach_p4": 0.0, "wall_seconds": 0.0016394532285630703}, "mor": {"id": "c10_replay_400_0101_sla0.5", "base_id": "c10_replay_400_0101", "campus": 10, "size": 400, "condition": "sla0.5", "sla_multiplier": 0.5, "crew_multiplier": 1.0, "method": "mor", "seed": 301, "feasible": 1, "wwt": 94.21679999999998, "makespan": 37.3064, "mean_flow": 3.0508845000000004, "breach_share": 0.0025, "breach_p1": 0.0, "breach_p2": 0.05263157894736842, "breach_p3": 0.0, "breach_p4": 0.0, "wall_seconds": 0.0016694720834493637}, "random": {"id": "c10_replay_400_0101_sla0.5", "base_id": "c10_replay_400_0101", "campus": 10, "size": 400, "condition": "sla0.5", "sla_multiplier": 0.5, "crew_multiplier": 1.0, "method": "random", "seed": 301, "feasible": 1, "wwt": 96.5812, "makespan": 37.8975, "mean_flow": 2.376038, "breach_share": 0.0025, "breach_p1": 0.0, "breach_p2": 0.05263157894736842, "breach_p3": 0.0, "breach_p4": 0.0, "wall_seconds": 0.00065569207072258}, "v2rl301": {"id": "c10_replay_400_0101_sla0.5", "base_id": "c10_replay_400_0101", "campus": 10, "size": 400, "condition": "sla0.5", "sla_multiplier": 0.5, "crew_multiplier": 1.0, "method": "v2rl301", "seed": 301, "feasible": 1, "wwt": 94.21679999999998, "makespan": 37.3064, "mean_flow": 3.0480064999999996, "breach_share": 0.0025, "breach_p1": 0.0, "breach_p2": 0.05263157894736842, "breach_p3": 0.0, "breach_p4": 0.0, "wall_seconds": 0.05866134678944945}, "v2rl302": {"id": "c10_replay_400_0101_sla0.5", "base_id": "c10_replay_400_0101", "campus": 10, "size": 400, "condition": "sla0.5", "sla_multiplier": 0.5, "crew_multiplier": 1.0, "method": "v2rl302", "seed": 302, "feasible": 1, "wwt": 94.21679999999998, "makespan": 37.3064, "mean_flow": 2.3165787500000006, "breach_share": 0.0025, "breach_p1": 0.0, "breach_p2": 0.05263157894736842, "breach_p3": 0.0, "breach_p4": 0.0, "wall_seconds": 0.05742286704480648}, "v2rl303": {"id": "c10_replay_400_0101_sla0.5", "base_id": "c10_replay_400_0101", "campus": 10, "size": 400, "condition": "sla0.5", "sla_multiplier": 0.5, "crew_multiplier": 1.0, "method": "v2rl303", "seed": 303, "feasible": 1, "wwt": 94.21679999999998, "makespan": 37.3064, "mean_flow": 2.0776545, "breach_share": 0.0025, "breach_p1": 0.0, "breach_p2": 0.05263157894736842, "breach_p3": 0.0, "breach_p4": 0.0, "wall_seconds": 0.058012595400214195}}, "methods_expected": ["edd", "wspt", "atc", "pfifo", "mor", "random", "v2rl301", "v2rl302", "v2rl303"], "infeasible": [], "wall_seconds_total": 0.1907315361313522}