{"shard_id": "c10_replay_150_0104_sla0.5", "id": "c10_replay_150_0104_sla0.5", "base_id": "c10_replay_150_0104", "campus": 10, "size": 150, "condition": "sla0.5", "rows": {"edd": {"id": "c10_replay_150_0104_sla0.5", "base_id": "c10_replay_150_0104", "campus": 10, "size": 150, "condition": "sla0.5", "sla_multiplier": 0.5, "crew_multiplier": 1.0, "method": "edd", "seed": 301, "feasible": 1, "wwt": 106.89440000000002, "makespan": 106.10730000000001, "mean_flow": 3.0783973333333337, "breach_share": 0.013333333333333334, "breach_p1": 0.0, "breach_p2": 0.0, "breach_p3": 0.09090909090909091, "breach_p4": 0.007936507936507936, "wall_seconds": 0.0005440986715257168}, "wspt": {"id": "c10_replay_150_0104_sla0.5", "base_id": "c10_replay_150_0104", "campus": 10, "size": 150, "condition": "sla0.5", "sla_multiplier": 0.5, "crew_multiplier": 1.0, "method": "wspt", "seed": 301, "feasible": 1, "wwt": 106.89440000000002, "makespan": 106.10730000000001, "mean_flow": 2.878397333333333, "breach_share": 0.013333333333333334, "breach_p1": 0.0, "breach_p2": 0.0, "breach_p3": 0.09090909090909091, "breach_p4": 0.007936507936507936, "wall_seconds": 0.0005708951503038406}, "atc": {"id": "c10_replay_150_0104_sla0.5", "base_id": "c10_replay_150_0104", "campus": 10, "size": 150, "condition": "sla0.5", "sla_multiplier": 0.5, "crew_multiplier": 1.0, "method": "atc", "seed": 301, "feasible": 1, "wwt": 106.89440000000002, "makespan": 106.10730000000001, "mean_flow": 2.905064, "breach_share": 0.013333333333333334, "breach_p1": 0.0, "breach_p2": 0.0, "breach_p3": 0.09090909090909091, "breach_p4": 0.007936507936507936, "wall_seconds": 0.0011906921863555908}, "pfifo": {"id": "c10_replay_150_0104_sla0.5", "base_id": "c10_replay_150_0104", "campus": 10, "size": 150, "condition": "sla0.5", "sla_multiplier": 0.5, "crew_multiplier": 1.0, "method": "pfifo", "seed": 301, "feasible": 1, "wwt": 106.89440000000002, "makespan": 106.10730000000001, "mean_flow": 3.0783973333333337, "breach_share": 0.013333333333333334, "breach_p1": 0.0, "breach_p2": 0.0, "breach_p3": 0.09090909090909091, "breach_p4": 0.007936507936507936, "wall_seconds": 0.0005493797361850739}, "mor": {"id": "c10_replay_150_0104_sla0.5", "base_id": "c10_replay_150_0104", "campus": 10, "size": 150, "condition": "sla0.5", "sla_multiplier": 0.5, "crew_multiplier": 1.0, "method": "mor", "seed": 301, "feasible": 1, "wwt": 106.89440000000002, "makespan": 106.10730000000001, "mean_flow": 3.333397333333333, "breach_share": 0.013333333333333334, "breach_p1": 0.0, "breach_p2": 0.0, "breach_p3": 0.09090909090909091, "breach_p4": 0.007936507936507936, "wall_seconds": 0.0005252361297607422}, "random": {"id": "c10_replay_150_0104_sla0.5", "base_id": "c10_replay_150_0104", "campus": 10, "size": 150, "condition": "sla0.5", "sla_multiplier": 0.5, "crew_multiplier": 1.0, "method": "random", "seed": 301, "feasible": 1, "wwt": 106.89440000000002, "makespan": 106.10730000000001, "mean_flow": 3.031730666666667, "breach_share": 0.013333333333333334, "breach_p1": 0.0, "breach_p2": 0.0, "breach_p3": 0.09090909090909091, "breach_p4": 0.007936507936507936, "wall_seconds": 0.00024192407727241516}, "v2rl301": {"id": "c10_replay_150_0104_sla0.5", "base_id": "c10_replay_150_0104", "campus": 10, "size": 150, "condition": "sla0.5", "sla_multiplier": 0.5, "crew_multiplier": 1.0, "method": "v2rl301", "seed": 301, "feasible": 1, "wwt": 106.89440000000002, "makespan": 106.10730000000001, "mean_flow": 3.333397333333333, "breach_share": 0.013333333333333334, "breach_p1": 0.0, "breach_p2": 0.0, "breach_p3": 0.09090909090909091, "breach_p4": 0.007936507936507936, "wall_seconds": 0.019442052114754915}, "v2rl302": {"id": "c10_replay_150_0104_sla0.5", "base_id": "c10_replay_150_0104", "campus": 10, "size": 150, "condition": "sla0.5", "sla_multiplier": 0.5, "crew_multiplier": 1.0, "method": "v2rl302", "seed": 302, "feasible": 1, "wwt": 106.89440000000002, "makespan": 106.10730000000001, "mean_flow": 3.248397333333333, "breach_share": 0.013333333333333334, "breach_p1": 0.0, "breach_p2": 0.0, "breach_p3": 0.09090909090909091, "breach_p4": 0.007936507936507936, "wall_seconds": 0.018748929724097252}, "v2rl303": {"id": "c10_replay_150_0104_sla0.5", "base_id": "c10_replay_150_0104", "campus": 10, "size": 150, "condition": "sla0.5", "sla_multiplier": 0.5, "crew_multiplier": 1.0, "method": "v2rl303", "seed": 303, "feasible": 1, "wwt": 106.89440000000002, "makespan": 106.10730000000001, "mean_flow": 2.900064, "breach_share": 0.013333333333333334, "breach_p1": 0.0, "breach_p2": 0.0, "breach_p3": 0.09090909090909091, "breach_p4": 0.007936507936507936, "wall_seconds": 0.01875431090593338}}, "methods_expected": ["edd", "wspt", "atc", "pfifo", "mor", "random", "v2rl301", "v2rl302", "v2rl303"], "infeasible": [], "wall_seconds_total": 0.06269852491095662}