{"shard_id": "c10_replay_150_0129_sla0.5", "id": "c10_replay_150_0129_sla0.5", "base_id": "c10_replay_150_0129", "campus": 10, "size": 150, "condition": "sla0.5", "rows": {"edd": {"id": "c10_replay_150_0129_sla0.5", "base_id": "c10_replay_150_0129", "campus": 10, "size": 150, "condition": "sla0.5", "sla_multiplier": 0.5, "crew_multiplier": 1.0, "method": "edd", "seed": 301, "feasible": 1, "wwt": 10.0, "makespan": 45.0, "mean_flow": 2.7135000000000002, "breach_share": 0.006666666666666667, "breach_p1": 0.0, "breach_p2": 0.0, "breach_p3": 0.02702702702702703, "breach_p4": 0.0, "wall_seconds": 0.00036256806924939156}, "wspt": {"id": "c10_replay_150_0129_sla0.5", "base_id": "c10_replay_150_0129", "campus": 10, "size": 150, "condition": "sla0.5", "sla_multiplier": 0.5, "crew_multiplier": 1.0, "method": "wspt", "seed": 301, "feasible": 1, "wwt": 10.0, "makespan": 45.0, "mean_flow": 2.7123000000000004, "breach_share": 0.006666666666666667, "breach_p1": 0.0, "breach_p2": 0.0, "breach_p3": 0.02702702702702703, "breach_p4": 0.0, "wall_seconds": 0.00034320494160056114}, "atc": {"id": "c10_replay_150_0129_sla0.5", "base_id": "c10_replay_150_0129", "campus": 10, "size": 150, "condition": "sla0.5", "sla_multiplier": 0.5, "crew_multiplier": 1.0, "method": "atc", "seed": 301, "feasible": 1, "wwt": 10.0, "makespan": 45.0, "mean_flow": 2.7123000000000004, "breach_share": 0.006666666666666667, "breach_p1": 0.0, "breach_p2": 0.0, "breach_p3": 0.02702702702702703, "breach_p4": 0.0, "wall_seconds": 0.00045815156772732735}, "pfifo": {"id": "c10_replay_150_0129_sla0.5", "base_id": "c10_replay_150_0129", "campus": 10, "size": 150, "condition": "sla0.5", "sla_multiplier": 0.5, "crew_multiplier": 1.0, "method": "pfifo", "seed": 301, "feasible": 1, "wwt": 10.0, "makespan": 45.0, "mean_flow": 2.7135000000000002, "breach_share": 0.006666666666666667, "breach_p1": 0.0, "breach_p2": 0.0, "breach_p3": 0.02702702702702703, "breach_p4": 0.0, "wall_seconds": 0.0002821739763021469}, "mor": {"id": "c10_replay_150_0129_sla0.5", "base_id": "c10_replay_150_0129", "campus": 10, "size": 150, "condition": "sla0.5", "sla_multiplier": 0.5, "crew_multiplier": 1.0, "method": "mor", "seed": 301, "feasible": 1, "wwt": 10.0, "makespan": 45.0, "mean_flow": 2.7175666666666665, "breach_share": 0.006666666666666667, "breach_p1": 0.0, "breach_p2": 0.0, "breach_p3": 0.02702702702702703, "breach_p4": 0.0, "wall_seconds": 0.00027998723089694977}, "random": {"id": "c10_replay_150_0129_sla0.5", "base_id": "c10_replay_150_0129", "campus": 10, "size": 150, "condition": "sla0.5", "sla_multiplier": 0.5, "crew_multiplier": 1.0, "method": "random", "seed": 301, "feasible": 1, "wwt": 10.0, "makespan": 45.0, "mean_flow": 2.7137000000000002, "breach_share": 0.006666666666666667, "breach_p1": 0.0, "breach_p2": 0.0, "breach_p3": 0.02702702702702703, "breach_p4": 0.0, "wall_seconds": 0.00023255962878465652}, "v2rl301": {"id": "c10_replay_150_0129_sla0.5", "base_id": "c10_replay_150_0129", "campus": 10, "size": 150, "condition": "sla0.5", "sla_multiplier": 0.5, "crew_multiplier": 1.0, "method": "v2rl301", "seed": 301, "feasible": 1, "wwt": 10.0, "makespan": 45.0, "mean_flow": 2.7123000000000004, "breach_share": 0.006666666666666667, "breach_p1": 0.0, "breach_p2": 0.0, "breach_p3": 0.02702702702702703, "breach_p4": 0.0, "wall_seconds": 0.016074371989816427}, "v2rl302": {"id": "c10_replay_150_0129_sla0.5", "base_id": "c10_replay_150_0129", "campus": 10, "size": 150, "condition": "sla0.5", "sla_multiplier": 0.5, "crew_multiplier": 1.0, "method": "v2rl302", "seed": 302, "feasible": 1, "wwt": 10.0, "makespan": 45.0, "mean_flow": 2.7175666666666665, "breach_share": 0.006666666666666667, "breach_p1": 0.0, "breach_p2": 0.0, "breach_p3": 0.02702702702702703, "breach_p4": 0.0, "wall_seconds": 0.015494347084313631}, "v2rl303": {"id": "c10_replay_150_0129_sla0.5", "base_id": "c10_replay_150_0129", "campus": 10, "size": 150, "condition": "sla0.5", "sla_multiplier": 0.5, "crew_multiplier": 1.0, "method": "v2rl303", "seed": 303, "feasible": 1, "wwt": 10.0, "makespan": 45.0, "mean_flow": 2.7175666666666665, "breach_share": 0.006666666666666667, "breach_p1": 0.0, "breach_p2": 0.0, "breach_p3": 0.02702702702702703, "breach_p4": 0.0, "wall_seconds": 0.015581510961055756}}, "methods_expected": ["edd", "wspt", "atc", "pfifo", "mor", "random", "v2rl301", "v2rl302", "v2rl303"], "infeasible": [], "wall_seconds_total": 0.051381977275013924}