{"shard_id": "c10_replay_150_0120_m0.75", "id": "c10_replay_150_0120_m0.75", "base_id": "c10_replay_150_0120", "campus": 10, "size": 150, "condition": "crew0.75", "rows": {"edd": {"id": "c10_replay_150_0120_m0.75", "base_id": "c10_replay_150_0120", "campus": 10, "size": 150, "condition": "crew0.75", "sla_multiplier": 1.0, "crew_multiplier": 0.75, "method": "edd", "seed": 301, "feasible": 1, "wwt": 14.0, "makespan": 90.8648, "mean_flow": 3.2953653333333333, "breach_share": 0.006666666666666667, "breach_p1": 0.0, "breach_p2": 0.07142857142857142, "breach_p3": 0.0, "breach_p4": 0.0, "wall_seconds": 0.000295169185847044}, "wspt": {"id": "c10_replay_150_0120_m0.75", "base_id": "c10_replay_150_0120", "campus": 10, "size": 150, "condition": "crew0.75", "sla_multiplier": 1.0, "crew_multiplier": 0.75, "method": "wspt", "seed": 301, "feasible": 1, "wwt": 14.0, "makespan": 90.8648, "mean_flow": 3.2108693333333336, "breach_share": 0.006666666666666667, "breach_p1": 0.0, "breach_p2": 0.07142857142857142, "breach_p3": 0.0, "breach_p4": 0.0, "wall_seconds": 0.0002875332720577717}, "atc": {"id": "c10_replay_150_0120_m0.75", "base_id": "c10_replay_150_0120", "campus": 10, "size": 150, "condition": "crew0.75", "sla_multiplier": 1.0, "crew_multiplier": 0.75, "method": "atc", "seed": 301, "feasible": 1, "wwt": 14.0, "makespan": 90.8648, "mean_flow": 3.2330173333333336, "breach_share": 0.006666666666666667, "breach_p1": 0.0, "breach_p2": 0.07142857142857142, "breach_p3": 0.0, "breach_p4": 0.0, "wall_seconds": 0.00042583514004945755}, "pfifo": {"id": "c10_replay_150_0120_m0.75", "base_id": "c10_replay_150_0120", "campus": 10, "size": 150, "condition": "crew0.75", "sla_multiplier": 1.0, "crew_multiplier": 0.75, "method": "pfifo", "seed": 301, "feasible": 1, "wwt": 14.0, "makespan": 90.8648, "mean_flow": 3.2953653333333333, "breach_share": 0.006666666666666667, "breach_p1": 0.0, "breach_p2": 0.07142857142857142, "breach_p3": 0.0, "breach_p4": 0.0, "wall_seconds": 0.00027552293613553047}, "mor": {"id": "c10_replay_150_0120_m0.75", "base_id": "c10_replay_150_0120", "campus": 10, "size": 150, "condition": "crew0.75", "sla_multiplier": 1.0, "crew_multiplier": 0.75, "method": "mor", "seed": 301, "feasible": 1, "wwt": 14.0, "makespan": 90.8648, "mean_flow": 3.3106986666666667, "breach_share": 0.006666666666666667, "breach_p1": 0.0, "breach_p2": 0.07142857142857142, "breach_p3": 0.0, "breach_p4": 0.0, "wall_seconds": 0.0002689370885491371}, "random": {"id": "c10_replay_150_0120_m0.75", "base_id": "c10_replay_150_0120", "campus": 10, "size": 150, "condition": "crew0.75", "sla_multiplier": 1.0, "crew_multiplier": 0.75, "method": "random", "seed": 301, "feasible": 1, "wwt": 14.0, "makespan": 90.8648, "mean_flow": 3.2660839999999998, "breach_share": 0.006666666666666667, "breach_p1": 0.0, "breach_p2": 0.07142857142857142, "breach_p3": 0.0, "breach_p4": 0.0, "wall_seconds": 0.0002347189001739025}, "v2rl301": {"id": "c10_replay_150_0120_m0.75", "base_id": "c10_replay_150_0120", "campus": 10, "size": 150, "condition": "crew0.75", "sla_multiplier": 1.0, "crew_multiplier": 0.75, "method": "v2rl301", "seed": 301, "feasible": 1, "wwt": 14.0, "makespan": 90.8648, "mean_flow": 3.3023653333333334, "breach_share": 0.006666666666666667, "breach_p1": 0.0, "breach_p2": 0.07142857142857142, "breach_p3": 0.0, "breach_p4": 0.0, "wall_seconds": 0.01696109725162387}, "v2rl302": {"id": "c10_replay_150_0120_m0.75", "base_id": "c10_replay_150_0120", "campus": 10, "size": 150, "condition": "crew0.75", "sla_multiplier": 1.0, "crew_multiplier": 0.75, "method": "v2rl302", "seed": 302, "feasible": 1, "wwt": 14.0, "makespan": 90.8648, "mean_flow": 3.3023653333333334, "breach_share": 0.006666666666666667, "breach_p1": 0.0, "breach_p2": 0.07142857142857142, "breach_p3": 0.0, "breach_p4": 0.0, "wall_seconds": 0.015925250947475433}, "v2rl303": {"id": "c10_replay_150_0120_m0.75", "base_id": "c10_replay_150_0120", "campus": 10, "size": 150, "condition": "crew0.75", "sla_multiplier": 1.0, "crew_multiplier": 0.75, "method": "v2rl303", "seed": 303, "feasible": 1, "wwt": 14.0, "makespan": 90.8648, "mean_flow": 3.3023653333333334, "breach_share": 0.006666666666666667, "breach_p1": 0.0, "breach_p2": 0.07142857142857142, "breach_p3": 0.0, "breach_p4": 0.0, "wall_seconds": 0.01581214601173997}}, "methods_expected": ["edd", "wspt", "atc", "pfifo", "mor", "random", "v2rl301", "v2rl302", "v2rl303"], "infeasible": [], "wall_seconds_total": 0.052652007434517145}