{"shard_id": "c10_replay_400_0116_m1.25", "id": "c10_replay_400_0116_m1.25", "base_id": "c10_replay_400_0116", "campus": 10, "size": 400, "condition": "crew1.25", "rows": {"edd": {"id": "c10_replay_400_0116_m1.25", "base_id": "c10_replay_400_0116", "campus": 10, "size": 400, "condition": "crew1.25", "sla_multiplier": 1.0, "crew_multiplier": 1.25, "method": "edd", "seed": 301, "feasible": 1, "wwt": 336.0, "makespan": 112.1858, "mean_flow": 6.036105750000001, "breach_share": 0.01, "breach_p1": 0.6666666666666666, "breach_p2": 0.0, "breach_p3": 0.0, "breach_p4": 0.0, "wall_seconds": 0.0008542858995497227}, "wspt": {"id": "c10_replay_400_0116_m1.25", "base_id": "c10_replay_400_0116", "campus": 10, "size": 400, "condition": "crew1.25", "sla_multiplier": 1.0, "crew_multiplier": 1.25, "method": "wspt", "seed": 301, "feasible": 1, "wwt": 336.0, "makespan": 120.1858, "mean_flow": 5.7439884999999995, "breach_share": 0.01, "breach_p1": 0.6666666666666666, "breach_p2": 0.0, "breach_p3": 0.0, "breach_p4": 0.0, "wall_seconds": 0.0008860533125698566}, "atc": {"id": "c10_replay_400_0116_m1.25", "base_id": "c10_replay_400_0116", "campus": 10, "size": 400, "condition": "crew1.25", "sla_multiplier": 1.0, "crew_multiplier": 1.25, "method": "atc", "seed": 301, "feasible": 1, "wwt": 336.0, "makespan": 120.1858, "mean_flow": 5.78388225, "breach_share": 0.01, "breach_p1": 0.6666666666666666, "breach_p2": 0.0, "breach_p3": 0.0, "breach_p4": 0.0, "wall_seconds": 0.001546874176710844}, "pfifo": {"id": "c10_replay_400_0116_m1.25", "base_id": "c10_replay_400_0116", "campus": 10, "size": 400, "condition": "crew1.25", "sla_multiplier": 1.0, "crew_multiplier": 1.25, "method": "pfifo", "seed": 301, "feasible": 1, "wwt": 336.0, "makespan": 112.1858, "mean_flow": 6.036105750000001, "breach_share": 0.01, "breach_p1": 0.6666666666666666, "breach_p2": 0.0, "breach_p3": 0.0, "breach_p4": 0.0, "wall_seconds": 0.0008756555616855621}, "mor": {"id": "c10_replay_400_0116_m1.25", "base_id": "c10_replay_400_0116", "campus": 10, "size": 400, "condition": "crew1.25", "sla_multiplier": 1.0, "crew_multiplier": 1.25, "method": "mor", "seed": 301, "feasible": 1, "wwt": 336.0, "makespan": 109.5504, "mean_flow": 6.1446837499999996, "breach_share": 0.01, "breach_p1": 0.6666666666666666, "breach_p2": 0.0, "breach_p3": 0.0, "breach_p4": 0.0, "wall_seconds": 0.000819037202745676}, "random": {"id": "c10_replay_400_0116_m1.25", "base_id": "c10_replay_400_0116", "campus": 10, "size": 400, "condition": "crew1.25", "sla_multiplier": 1.0, "crew_multiplier": 1.25, "method": "random", "seed": 301, "feasible": 1, "wwt": 336.0, "makespan": 112.1858, "mean_flow": 5.957116000000001, "breach_share": 0.01, "breach_p1": 0.6666666666666666, "breach_p2": 0.0, "breach_p3": 0.0, "breach_p4": 0.0, "wall_seconds": 0.0005504121072590351}, "v2rl301": {"id": "c10_replay_400_0116_m1.25", "base_id": "c10_replay_400_0116", "campus": 10, "size": 400, "condition": "crew1.25", "sla_multiplier": 1.0, "crew_multiplier": 1.25, "method": "v2rl301", "seed": 301, "feasible": 1, "wwt": 336.0, "makespan": 109.5504, "mean_flow": 6.13126075, "breach_share": 0.01, "breach_p1": 0.6666666666666666, "breach_p2": 0.0, "breach_p3": 0.0, "breach_p4": 0.0, "wall_seconds": 0.04754162672907114}, "v2rl302": {"id": "c10_replay_400_0116_m1.25", "base_id": "c10_replay_400_0116", "campus": 10, "size": 400, "condition": "crew1.25", "sla_multiplier": 1.0, "crew_multiplier": 1.25, "method": "v2rl302", "seed": 302, "feasible": 1, "wwt": 336.0, "makespan": 109.5504, "mean_flow": 6.128857, "breach_share": 0.01, "breach_p1": 0.6666666666666666, "breach_p2": 0.0, "breach_p3": 0.0, "breach_p4": 0.0, "wall_seconds": 0.046170157846063375}, "v2rl303": {"id": "c10_replay_400_0116_m1.25", "base_id": "c10_replay_400_0116", "campus": 10, "size": 400, "condition": "crew1.25", "sla_multiplier": 1.0, "crew_multiplier": 1.25, "method": "v2rl303", "seed": 303, "feasible": 1, "wwt": 336.0, "makespan": 109.5504, "mean_flow": 6.128856999999999, "breach_share": 0.01, "breach_p1": 0.6666666666666666, "breach_p2": 0.0, "breach_p3": 0.0, "breach_p4": 0.0, "wall_seconds": 0.04500445118173957}}, "methods_expected": ["edd", "wspt", "atc", "pfifo", "mor", "random", "v2rl301", "v2rl302", "v2rl303"], "infeasible": [], "wall_seconds_total": 0.14908380713313818}