{"shard_id": "c10_replay_150_0107_sla0.5", "id": "c10_replay_150_0107_sla0.5", "base_id": "c10_replay_150_0107", "campus": 10, "size": 150, "condition": "sla0.5", "rows": {"edd": {"id": "c10_replay_150_0107_sla0.5", "base_id": "c10_replay_150_0107", "campus": 10, "size": 150, "condition": "sla0.5", "sla_multiplier": 0.5, "crew_multiplier": 1.0, "method": "edd", "seed": 301, "feasible": 1, "wwt": 61.0, "makespan": 26.7164, "mean_flow": 2.3005826666666667, "breach_share": 0.02666666666666667, "breach_p1": 0.18181818181818182, "breach_p2": 0.06451612903225806, "breach_p3": 0.0, "breach_p4": 0.0, "wall_seconds": 0.0003081047907471657}, "wspt": {"id": "c10_replay_150_0107_sla0.5", "base_id": "c10_replay_150_0107", "campus": 10, "size": 150, "condition": "sla0.5", "sla_multiplier": 0.5, "crew_multiplier": 1.0, "method": "wspt", "seed": 301, "feasible": 1, "wwt": 67.0, "makespan": 26.7164, "mean_flow": 2.283580666666667, "breach_share": 0.03333333333333333, "breach_p1": 0.18181818181818182, "breach_p2": 0.0967741935483871, "breach_p3": 0.0, "breach_p4": 0.0, "wall_seconds": 0.0002869018353521824}, "atc": {"id": "c10_replay_150_0107_sla0.5", "base_id": "c10_replay_150_0107", "campus": 10, "size": 150, "condition": "sla0.5", "sla_multiplier": 0.5, "crew_multiplier": 1.0, "method": "atc", "seed": 301, "feasible": 1, "wwt": 61.0, "makespan": 26.7164, "mean_flow": 2.2935806666666667, "breach_share": 0.02666666666666667, "breach_p1": 0.18181818181818182, "breach_p2": 0.06451612903225806, "breach_p3": 0.0, "breach_p4": 0.0, "wall_seconds": 0.00040602684020996094}, "pfifo": {"id": "c10_replay_150_0107_sla0.5", "base_id": "c10_replay_150_0107", "campus": 10, "size": 150, "condition": "sla0.5", "sla_multiplier": 0.5, "crew_multiplier": 1.0, "method": "pfifo", "seed": 301, "feasible": 1, "wwt": 61.0, "makespan": 26.7164, "mean_flow": 2.3005826666666667, "breach_share": 0.02666666666666667, "breach_p1": 0.18181818181818182, "breach_p2": 0.06451612903225806, "breach_p3": 0.0, "breach_p4": 0.0, "wall_seconds": 0.0002663903869688511}, "mor": {"id": "c10_replay_150_0107_sla0.5", "base_id": "c10_replay_150_0107", "campus": 10, "size": 150, "condition": "sla0.5", "sla_multiplier": 0.5, "crew_multiplier": 1.0, "method": "mor", "seed": 301, "feasible": 1, "wwt": 61.0, "makespan": 26.7164, "mean_flow": 2.309245333333333, "breach_share": 0.02666666666666667, "breach_p1": 0.18181818181818182, "breach_p2": 0.06451612903225806, "breach_p3": 0.0, "breach_p4": 0.0, "wall_seconds": 0.0002807881683111191}, "random": {"id": "c10_replay_150_0107_sla0.5", "base_id": "c10_replay_150_0107", "campus": 10, "size": 150, "condition": "sla0.5", "sla_multiplier": 0.5, "crew_multiplier": 1.0, "method": "random", "seed": 301, "feasible": 1, "wwt": 61.0, "makespan": 26.7164, "mean_flow": 2.2957140000000003, "breach_share": 0.02666666666666667, "breach_p1": 0.18181818181818182, "breach_p2": 0.06451612903225806, "breach_p3": 0.0, "breach_p4": 0.0, "wall_seconds": 0.0002530049532651901}, "v2rl301": {"id": "c10_replay_150_0107_sla0.5", "base_id": "c10_replay_150_0107", "campus": 10, "size": 150, "condition": "sla0.5", "sla_multiplier": 0.5, "crew_multiplier": 1.0, "method": "v2rl301", "seed": 301, "feasible": 1, "wwt": 61.0, "makespan": 26.7164, "mean_flow": 2.306808, "breach_share": 0.02666666666666667, "breach_p1": 0.18181818181818182, "breach_p2": 0.06451612903225806, "breach_p3": 0.0, "breach_p4": 0.0, "wall_seconds": 0.01595958974212408}, "v2rl302": {"id": "c10_replay_150_0107_sla0.5", "base_id": "c10_replay_150_0107", "campus": 10, "size": 150, "condition": "sla0.5", "sla_multiplier": 0.5, "crew_multiplier": 1.0, "method": "v2rl302", "seed": 302, "feasible": 1, "wwt": 61.0, "makespan": 26.7164, "mean_flow": 2.306938, "breach_share": 0.02666666666666667, "breach_p1": 0.18181818181818182, "breach_p2": 0.06451612903225806, "breach_p3": 0.0, "breach_p4": 0.0, "wall_seconds": 0.01575904106721282}, "v2rl303": {"id": "c10_replay_150_0107_sla0.5", "base_id": "c10_replay_150_0107", "campus": 10, "size": 150, "condition": "sla0.5", "sla_multiplier": 0.5, "crew_multiplier": 1.0, "method": "v2rl303", "seed": 303, "feasible": 1, "wwt": 61.0, "makespan": 26.7164, "mean_flow": 2.3070713333333335, "breach_share": 0.02666666666666667, "breach_p1": 0.18181818181818182, "breach_p2": 0.06451612903225806, "breach_p3": 0.0, "breach_p4": 0.0, "wall_seconds": 0.015918330289423466}}, "methods_expected": ["edd", "wspt", "atc", "pfifo", "mor", "random", "v2rl301", "v2rl302", "v2rl303"], "infeasible": [], "wall_seconds_total": 0.05174793163314462}