{"shard_id": "c10_replay_150_0117_m1.25", "id": "c10_replay_150_0117_m1.25", "base_id": "c10_replay_150_0117", "campus": 10, "size": 150, "condition": "crew1.25", "rows": {"edd": {"id": "c10_replay_150_0117_m1.25", "base_id": "c10_replay_150_0117", "campus": 10, "size": 150, "condition": "crew1.25", "sla_multiplier": 1.0, "crew_multiplier": 1.25, "method": "edd", "seed": 301, "feasible": 1, "wwt": 202.0, "makespan": 74.5, "mean_flow": 2.7469333333333332, "breach_share": 0.006666666666666667, "breach_p1": 0.0, "breach_p2": 0.5, "breach_p3": 0.0, "breach_p4": 0.0, "wall_seconds": 0.0006499532610177994}, "wspt": {"id": "c10_replay_150_0117_m1.25", "base_id": "c10_replay_150_0117", "campus": 10, "size": 150, "condition": "crew1.25", "sla_multiplier": 1.0, "crew_multiplier": 1.25, "method": "wspt", "seed": 301, "feasible": 1, "wwt": 207.0, "makespan": 75.75, "mean_flow": 2.6586000000000003, "breach_share": 0.006666666666666667, "breach_p1": 0.0, "breach_p2": 0.5, "breach_p3": 0.0, "breach_p4": 0.0, "wall_seconds": 0.0006683082319796085}, "atc": {"id": "c10_replay_150_0117_m1.25", "base_id": "c10_replay_150_0117", "campus": 10, "size": 150, "condition": "crew1.25", "sla_multiplier": 1.0, "crew_multiplier": 1.25, "method": "atc", "seed": 301, "feasible": 1, "wwt": 202.0, "makespan": 74.5, "mean_flow": 2.6786, "breach_share": 0.006666666666666667, "breach_p1": 0.0, "breach_p2": 0.5, "breach_p3": 0.0, "breach_p4": 0.0, "wall_seconds": 0.0016154819168150425}, "pfifo": {"id": "c10_replay_150_0117_m1.25", "base_id": "c10_replay_150_0117", "campus": 10, "size": 150, "condition": "crew1.25", "sla_multiplier": 1.0, "crew_multiplier": 1.25, "method": "pfifo", "seed": 301, "feasible": 1, "wwt": 202.0, "makespan": 74.5, "mean_flow": 2.7469333333333332, "breach_share": 0.006666666666666667, "breach_p1": 0.0, "breach_p2": 0.5, "breach_p3": 0.0, "breach_p4": 0.0, "wall_seconds": 0.0006273030303418636}, "mor": {"id": "c10_replay_150_0117_m1.25", "base_id": "c10_replay_150_0117", "campus": 10, "size": 150, "condition": "crew1.25", "sla_multiplier": 1.0, "crew_multiplier": 1.25, "method": "mor", "seed": 301, "feasible": 1, "wwt": 202.0, "makespan": 74.5, "mean_flow": 3.1352666666666664, "breach_share": 0.006666666666666667, "breach_p1": 0.0, "breach_p2": 0.5, "breach_p3": 0.0, "breach_p4": 0.0, "wall_seconds": 0.0005730609409511089}, "random": {"id": "c10_replay_150_0117_m1.25", "base_id": "c10_replay_150_0117", "campus": 10, "size": 150, "condition": "crew1.25", "sla_multiplier": 1.0, "crew_multiplier": 1.25, "method": "random", "seed": 301, "feasible": 1, "wwt": 207.0, "makespan": 75.75, "mean_flow": 2.7685999999999997, "breach_share": 0.006666666666666667, "breach_p1": 0.0, "breach_p2": 0.5, "breach_p3": 0.0, "breach_p4": 0.0, "wall_seconds": 0.00024715205654501915}, "v2rl301": {"id": "c10_replay_150_0117_m1.25", "base_id": "c10_replay_150_0117", "campus": 10, "size": 150, "condition": "crew1.25", "sla_multiplier": 1.0, "crew_multiplier": 1.25, "method": "v2rl301", "seed": 301, "feasible": 1, "wwt": 202.0, "makespan": 74.5, "mean_flow": 3.135266666666667, "breach_share": 0.006666666666666667, "breach_p1": 0.0, "breach_p2": 0.5, "breach_p3": 0.0, "breach_p4": 0.0, "wall_seconds": 0.020012807101011276}, "v2rl302": {"id": "c10_replay_150_0117_m1.25", "base_id": "c10_replay_150_0117", "campus": 10, "size": 150, "condition": "crew1.25", "sla_multiplier": 1.0, "crew_multiplier": 1.25, "method": "v2rl302", "seed": 302, "feasible": 1, "wwt": 202.0, "makespan": 74.5, "mean_flow": 3.1352666666666664, "breach_share": 0.006666666666666667, "breach_p1": 0.0, "breach_p2": 0.5, "breach_p3": 0.0, "breach_p4": 0.0, "wall_seconds": 0.019627494737505913}, "v2rl303": {"id": "c10_replay_150_0117_m1.25", "base_id": "c10_replay_150_0117", "campus": 10, "size": 150, "condition": "crew1.25", "sla_multiplier": 1.0, "crew_multiplier": 1.25, "method": "v2rl303", "seed": 303, "feasible": 1, "wwt": 202.0, "makespan": 74.5, "mean_flow": 3.1352666666666664, "breach_share": 0.006666666666666667, "breach_p1": 0.0, "breach_p2": 0.5, "breach_p3": 0.0, "breach_p4": 0.0, "wall_seconds": 0.019725505262613297}}, "methods_expected": ["edd", "wspt", "atc", "pfifo", "mor", "random", "v2rl301", "v2rl302", "v2rl303"], "infeasible": [], "wall_seconds_total": 0.0661487109027803}