{"shard_id": "c10_replay_150_0125_sla0.5", "id": "c10_replay_150_0125_sla0.5", "base_id": "c10_replay_150_0125", "campus": 10, "size": 150, "condition": "sla0.5", "rows": {"edd": {"id": "c10_replay_150_0125_sla0.5", "base_id": "c10_replay_150_0125", "campus": 10, "size": 150, "condition": "sla0.5", "sla_multiplier": 0.5, "crew_multiplier": 1.0, "method": "edd", "seed": 301, "feasible": 1, "wwt": 42.80710000000002, "makespan": 91.4762, "mean_flow": 3.4828480000000006, "breach_share": 0.02, "breach_p1": 0.25, "breach_p2": 0.0, "breach_p3": 0.0, "breach_p4": 0.01694915254237288, "wall_seconds": 0.0002908320166170597}, "wspt": {"id": "c10_replay_150_0125_sla0.5", "base_id": "c10_replay_150_0125", "campus": 10, "size": 150, "condition": "sla0.5", "sla_multiplier": 0.5, "crew_multiplier": 1.0, "method": "wspt", "seed": 301, "feasible": 1, "wwt": 42.80710000000002, "makespan": 91.4762, "mean_flow": 3.4012306666666667, "breach_share": 0.02, "breach_p1": 0.25, "breach_p2": 0.0, "breach_p3": 0.0, "breach_p4": 0.01694915254237288, "wall_seconds": 0.0002935631200671196}, "atc": {"id": "c10_replay_150_0125_sla0.5", "base_id": "c10_replay_150_0125", "campus": 10, "size": 150, "condition": "sla0.5", "sla_multiplier": 0.5, "crew_multiplier": 1.0, "method": "atc", "seed": 301, "feasible": 1, "wwt": 42.80710000000002, "makespan": 91.4762, "mean_flow": 3.4012306666666667, "breach_share": 0.02, "breach_p1": 0.25, "breach_p2": 0.0, "breach_p3": 0.0, "breach_p4": 0.01694915254237288, "wall_seconds": 0.0004233941435813904}, "pfifo": {"id": "c10_replay_150_0125_sla0.5", "base_id": "c10_replay_150_0125", "campus": 10, "size": 150, "condition": "sla0.5", "sla_multiplier": 0.5, "crew_multiplier": 1.0, "method": "pfifo", "seed": 301, "feasible": 1, "wwt": 42.80710000000002, "makespan": 91.4762, "mean_flow": 3.4828480000000006, "breach_share": 0.02, "breach_p1": 0.25, "breach_p2": 0.0, "breach_p3": 0.0, "breach_p4": 0.01694915254237288, "wall_seconds": 0.00026680994778871536}, "mor": {"id": "c10_replay_150_0125_sla0.5", "base_id": "c10_replay_150_0125", "campus": 10, "size": 150, "condition": "sla0.5", "sla_multiplier": 0.5, "crew_multiplier": 1.0, "method": "mor", "seed": 301, "feasible": 1, "wwt": 42.80460000000001, "makespan": 91.4751, "mean_flow": 3.508742666666667, "breach_share": 0.02, "breach_p1": 0.25, "breach_p2": 0.0, "breach_p3": 0.0, "breach_p4": 0.01694915254237288, "wall_seconds": 0.0002745208330452442}, "random": {"id": "c10_replay_150_0125_sla0.5", "base_id": "c10_replay_150_0125", "campus": 10, "size": 150, "condition": "sla0.5", "sla_multiplier": 0.5, "crew_multiplier": 1.0, "method": "random", "seed": 301, "feasible": 1, "wwt": 42.80520000000001, "makespan": 91.47540000000001, "mean_flow": 3.4370779999999996, "breach_share": 0.02, "breach_p1": 0.25, "breach_p2": 0.0, "breach_p3": 0.0, "breach_p4": 0.01694915254237288, "wall_seconds": 0.00022943690419197083}, "v2rl301": {"id": "c10_replay_150_0125_sla0.5", "base_id": "c10_replay_150_0125", "campus": 10, "size": 150, "condition": "sla0.5", "sla_multiplier": 0.5, "crew_multiplier": 1.0, "method": "v2rl301", "seed": 301, "feasible": 1, "wwt": 42.80460000000001, "makespan": 91.4751, "mean_flow": 3.5054093333333345, "breach_share": 0.02, "breach_p1": 0.25, "breach_p2": 0.0, "breach_p3": 0.0, "breach_p4": 0.01694915254237288, "wall_seconds": 0.016190482769161463}, "v2rl302": {"id": "c10_replay_150_0125_sla0.5", "base_id": "c10_replay_150_0125", "campus": 10, "size": 150, "condition": "sla0.5", "sla_multiplier": 0.5, "crew_multiplier": 1.0, "method": "v2rl302", "seed": 302, "feasible": 1, "wwt": 42.80460000000001, "makespan": 91.4751, "mean_flow": 3.5054093333333345, "breach_share": 0.02, "breach_p1": 0.25, "breach_p2": 0.0, "breach_p3": 0.0, "breach_p4": 0.01694915254237288, "wall_seconds": 0.015748661011457443}, "v2rl303": {"id": "c10_replay_150_0125_sla0.5", "base_id": "c10_replay_150_0125", "campus": 10, "size": 150, "condition": "sla0.5", "sla_multiplier": 0.5, "crew_multiplier": 1.0, "method": "v2rl303", "seed": 303, "feasible": 1, "wwt": 42.80460000000001, "makespan": 91.4751, "mean_flow": 3.5054093333333336, "breach_share": 0.02, "breach_p1": 0.25, "breach_p2": 0.0, "breach_p3": 0.0, "breach_p4": 0.01694915254237288, "wall_seconds": 0.01568329008296132}}, "methods_expected": ["edd", "wspt", "atc", "pfifo", "mor", "random", "v2rl301", "v2rl302", "v2rl303"], "infeasible": [], "wall_seconds_total": 0.05159302428364754}