{"shard_id": "c10_replay_150_0106_m0.75", "id": "c10_replay_150_0106_m0.75", "base_id": "c10_replay_150_0106", "campus": 10, "size": 150, "condition": "crew0.75", "rows": {"edd": {"id": "c10_replay_150_0106_m0.75", "base_id": "c10_replay_150_0106", "campus": 10, "size": 150, "condition": "crew0.75", "sla_multiplier": 1.0, "crew_multiplier": 0.75, "method": "edd", "seed": 301, "feasible": 1, "wwt": 144.0, "makespan": 95.5112, "mean_flow": 7.731787333333335, "breach_share": 0.013333333333333334, "breach_p1": 0.4, "breach_p2": 0.0, "breach_p3": 0.0, "breach_p4": 0.0, "wall_seconds": 0.0002719699405133724}, "wspt": {"id": "c10_replay_150_0106_m0.75", "base_id": "c10_replay_150_0106", "campus": 10, "size": 150, "condition": "crew0.75", "sla_multiplier": 1.0, "crew_multiplier": 0.75, "method": "wspt", "seed": 301, "feasible": 1, "wwt": 144.0, "makespan": 95.5112, "mean_flow": 7.655835333333334, "breach_share": 0.013333333333333334, "breach_p1": 0.4, "breach_p2": 0.0, "breach_p3": 0.0, "breach_p4": 0.0, "wall_seconds": 0.0002607908099889755}, "atc": {"id": "c10_replay_150_0106_m0.75", "base_id": "c10_replay_150_0106", "campus": 10, "size": 150, "condition": "crew0.75", "sla_multiplier": 1.0, "crew_multiplier": 0.75, "method": "atc", "seed": 301, "feasible": 1, "wwt": 144.0, "makespan": 95.5112, "mean_flow": 7.714168666666668, "breach_share": 0.013333333333333334, "breach_p1": 0.4, "breach_p2": 0.0, "breach_p3": 0.0, "breach_p4": 0.0, "wall_seconds": 0.0003331471234560013}, "pfifo": {"id": "c10_replay_150_0106_m0.75", "base_id": "c10_replay_150_0106", "campus": 10, "size": 150, "condition": "crew0.75", "sla_multiplier": 1.0, "crew_multiplier": 0.75, "method": "pfifo", "seed": 301, "feasible": 1, "wwt": 144.0, "makespan": 95.5112, "mean_flow": 7.731787333333335, "breach_share": 0.013333333333333334, "breach_p1": 0.4, "breach_p2": 0.0, "breach_p3": 0.0, "breach_p4": 0.0, "wall_seconds": 0.00025263382121920586}, "mor": {"id": "c10_replay_150_0106_m0.75", "base_id": "c10_replay_150_0106", "campus": 10, "size": 150, "condition": "crew0.75", "sla_multiplier": 1.0, "crew_multiplier": 0.75, "method": "mor", "seed": 301, "feasible": 1, "wwt": 144.0, "makespan": 95.5112, "mean_flow": 7.937080666666668, "breach_share": 0.013333333333333334, "breach_p1": 0.4, "breach_p2": 0.0, "breach_p3": 0.0, "breach_p4": 0.0, "wall_seconds": 0.0002511129714548588}, "random": {"id": "c10_replay_150_0106_m0.75", "base_id": "c10_replay_150_0106", "campus": 10, "size": 150, "condition": "crew0.75", "sla_multiplier": 1.0, "crew_multiplier": 0.75, "method": "random", "seed": 301, "feasible": 1, "wwt": 144.0, "makespan": 95.5112, "mean_flow": 7.665254666666667, "breach_share": 0.013333333333333334, "breach_p1": 0.4, "breach_p2": 0.0, "breach_p3": 0.0, "breach_p4": 0.0, "wall_seconds": 0.00022443663328886032}, "v2rl301": {"id": "c10_replay_150_0106_m0.75", "base_id": "c10_replay_150_0106", "campus": 10, "size": 150, "condition": "crew0.75", "sla_multiplier": 1.0, "crew_multiplier": 0.75, "method": "v2rl301", "seed": 301, "feasible": 1, "wwt": 144.0, "makespan": 95.5112, "mean_flow": 7.931805333333335, "breach_share": 0.013333333333333334, "breach_p1": 0.4, "breach_p2": 0.0, "breach_p3": 0.0, "breach_p4": 0.0, "wall_seconds": 0.01621246710419655}, "v2rl302": {"id": "c10_replay_150_0106_m0.75", "base_id": "c10_replay_150_0106", "campus": 10, "size": 150, "condition": "crew0.75", "sla_multiplier": 1.0, "crew_multiplier": 0.75, "method": "v2rl302", "seed": 302, "feasible": 1, "wwt": 144.0, "makespan": 95.5112, "mean_flow": 7.935138666666667, "breach_share": 0.013333333333333334, "breach_p1": 0.4, "breach_p2": 0.0, "breach_p3": 0.0, "breach_p4": 0.0, "wall_seconds": 0.01570835802704096}, "v2rl303": {"id": "c10_replay_150_0106_m0.75", "base_id": "c10_replay_150_0106", "campus": 10, "size": 150, "condition": "crew0.75", "sla_multiplier": 1.0, "crew_multiplier": 0.75, "method": "v2rl303", "seed": 303, "feasible": 1, "wwt": 144.0, "makespan": 95.5112, "mean_flow": 7.935138666666668, "breach_share": 0.013333333333333334, "breach_p1": 0.4, "breach_p2": 0.0, "breach_p3": 0.0, "breach_p4": 0.0, "wall_seconds": 0.016070197802037}}, "methods_expected": ["edd", "wspt", "atc", "pfifo", "mor", "random", "v2rl301", "v2rl302", "v2rl303"], "infeasible": [], "wall_seconds_total": 0.05173105373978615}