{"shard_id": "c10_replay_400_0106_m0.75", "id": "c10_replay_400_0106_m0.75", "base_id": "c10_replay_400_0106", "campus": 10, "size": 400, "condition": "crew0.75", "rows": {"edd": {"id": "c10_replay_400_0106_m0.75", "base_id": "c10_replay_400_0106", "campus": 10, "size": 400, "condition": "crew0.75", "sla_multiplier": 1.0, "crew_multiplier": 0.75, "method": "edd", "seed": 301, "feasible": 1, "wwt": 464.0, "makespan": 95.5112, "mean_flow": 4.204494499999999, "breach_share": 0.0075, "breach_p1": 0.5, "breach_p2": 0.0, "breach_p3": 0.0, "breach_p4": 0.0, "wall_seconds": 0.0010027079842984676}, "wspt": {"id": "c10_replay_400_0106_m0.75", "base_id": "c10_replay_400_0106", "campus": 10, "size": 400, "condition": "crew0.75", "sla_multiplier": 1.0, "crew_multiplier": 0.75, "method": "wspt", "seed": 301, "feasible": 1, "wwt": 464.0, "makespan": 95.5112, "mean_flow": 3.8712832500000003, "breach_share": 0.0075, "breach_p1": 0.5, "breach_p2": 0.0, "breach_p3": 0.0, "breach_p4": 0.0, "wall_seconds": 0.0011073560453951359}, "atc": {"id": "c10_replay_400_0106_m0.75", "base_id": "c10_replay_400_0106", "campus": 10, "size": 400, "condition": "crew0.75", "sla_multiplier": 1.0, "crew_multiplier": 0.75, "method": "atc", "seed": 301, "feasible": 1, "wwt": 464.0, "makespan": 95.5112, "mean_flow": 3.9167952500000003, "breach_share": 0.0075, "breach_p1": 0.5, "breach_p2": 0.0, "breach_p3": 0.0, "breach_p4": 0.0, "wall_seconds": 0.0020751343108713627}, "pfifo": {"id": "c10_replay_400_0106_m0.75", "base_id": "c10_replay_400_0106", "campus": 10, "size": 400, "condition": "crew0.75", "sla_multiplier": 1.0, "crew_multiplier": 0.75, "method": "pfifo", "seed": 301, "feasible": 1, "wwt": 464.0, "makespan": 95.5112, "mean_flow": 4.204494499999999, "breach_share": 0.0075, "breach_p1": 0.5, "breach_p2": 0.0, "breach_p3": 0.0, "breach_p4": 0.0, "wall_seconds": 0.0010547870770096779}, "mor": {"id": "c10_replay_400_0106_m0.75", "base_id": "c10_replay_400_0106", "campus": 10, "size": 400, "condition": "crew0.75", "sla_multiplier": 1.0, "crew_multiplier": 0.75, "method": "mor", "seed": 301, "feasible": 1, "wwt": 464.0, "makespan": 95.5112, "mean_flow": 4.47035175, "breach_share": 0.0075, "breach_p1": 0.5, "breach_p2": 0.0, "breach_p3": 0.0, "breach_p4": 0.0, "wall_seconds": 0.0009671272709965706}, "random": {"id": "c10_replay_400_0106_m0.75", "base_id": "c10_replay_400_0106", "campus": 10, "size": 400, "condition": "crew0.75", "sla_multiplier": 1.0, "crew_multiplier": 0.75, "method": "random", "seed": 301, "feasible": 1, "wwt": 464.0, "makespan": 95.5112, "mean_flow": 4.0100785000000005, "breach_share": 0.0075, "breach_p1": 0.5, "breach_p2": 0.0, "breach_p3": 0.0, "breach_p4": 0.0, "wall_seconds": 0.0005583059974014759}, "v2rl301": {"id": "c10_replay_400_0106_m0.75", "base_id": "c10_replay_400_0106", "campus": 10, "size": 400, "condition": "crew0.75", "sla_multiplier": 1.0, "crew_multiplier": 0.75, "method": "v2rl301", "seed": 301, "feasible": 1, "wwt": 464.0, "makespan": 95.5112, "mean_flow": 4.468497, "breach_share": 0.0075, "breach_p1": 0.5, "breach_p2": 0.0, "breach_p3": 0.0, "breach_p4": 0.0, "wall_seconds": 0.04892291920259595}, "v2rl302": {"id": "c10_replay_400_0106_m0.75", "base_id": "c10_replay_400_0106", "campus": 10, "size": 400, "condition": "crew0.75", "sla_multiplier": 1.0, "crew_multiplier": 0.75, "method": "v2rl302", "seed": 302, "feasible": 1, "wwt": 464.0, "makespan": 95.5112, "mean_flow": 4.3382955, "breach_share": 0.0075, "breach_p1": 0.5, "breach_p2": 0.0, "breach_p3": 0.0, "breach_p4": 0.0, "wall_seconds": 0.048698934726417065}, "v2rl303": {"id": "c10_replay_400_0106_m0.75", "base_id": "c10_replay_400_0106", "campus": 10, "size": 400, "condition": "crew0.75", "sla_multiplier": 1.0, "crew_multiplier": 0.75, "method": "v2rl303", "seed": 303, "feasible": 1, "wwt": 464.0, "makespan": 95.5112, "mean_flow": 4.26971825, "breach_share": 0.0075, "breach_p1": 0.5, "breach_p2": 0.0, "breach_p3": 0.0, "breach_p4": 0.0, "wall_seconds": 0.04951679892838001}}, "methods_expected": ["edd", "wspt", "atc", "pfifo", "mor", "random", "v2rl301", "v2rl302", "v2rl303"], "infeasible": [], "wall_seconds_total": 0.15864110086113214}