{"shard_id": "c10_replay_150_0127_sla0.5", "id": "c10_replay_150_0127_sla0.5", "base_id": "c10_replay_150_0127", "campus": 10, "size": 150, "condition": "sla0.5", "rows": {"edd": {"id": "c10_replay_150_0127_sla0.5", "base_id": "c10_replay_150_0127", "campus": 10, "size": 150, "condition": "sla0.5", "sla_multiplier": 0.5, "crew_multiplier": 1.0, "method": "edd", "seed": 301, "feasible": 1, "wwt": 112.0, "makespan": 58.25, "mean_flow": 1.6367333333333334, "breach_share": 0.006666666666666667, "breach_p1": 0.5, "breach_p2": 0.0, "breach_p3": 0.0, "breach_p4": 0.0, "wall_seconds": 0.0005979160778224468}, "wspt": {"id": "c10_replay_150_0127_sla0.5", "base_id": "c10_replay_150_0127", "campus": 10, "size": 150, "condition": "sla0.5", "sla_multiplier": 0.5, "crew_multiplier": 1.0, "method": "wspt", "seed": 301, "feasible": 1, "wwt": 112.0, "makespan": 58.77, "mean_flow": 1.5655333333333337, "breach_share": 0.006666666666666667, "breach_p1": 0.5, "breach_p2": 0.0, "breach_p3": 0.0, "breach_p4": 0.0, "wall_seconds": 0.0006541670300066471}, "atc": {"id": "c10_replay_150_0127_sla0.5", "base_id": "c10_replay_150_0127", "campus": 10, "size": 150, "condition": "sla0.5", "sla_multiplier": 0.5, "crew_multiplier": 1.0, "method": "atc", "seed": 301, "feasible": 1, "wwt": 112.0, "makespan": 58.77, "mean_flow": 1.5945333333333334, "breach_share": 0.006666666666666667, "breach_p1": 0.5, "breach_p2": 0.0, "breach_p3": 0.0, "breach_p4": 0.0, "wall_seconds": 0.0013841702602803707}, "pfifo": {"id": "c10_replay_150_0127_sla0.5", "base_id": "c10_replay_150_0127", "campus": 10, "size": 150, "condition": "sla0.5", "sla_multiplier": 0.5, "crew_multiplier": 1.0, "method": "pfifo", "seed": 301, "feasible": 1, "wwt": 112.0, "makespan": 58.25, "mean_flow": 1.6367333333333334, "breach_share": 0.006666666666666667, "breach_p1": 0.5, "breach_p2": 0.0, "breach_p3": 0.0, "breach_p4": 0.0, "wall_seconds": 0.0007110908627510071}, "mor": {"id": "c10_replay_150_0127_sla0.5", "base_id": "c10_replay_150_0127", "campus": 10, "size": 150, "condition": "sla0.5", "sla_multiplier": 0.5, "crew_multiplier": 1.0, "method": "mor", "seed": 301, "feasible": 1, "wwt": 112.0, "makespan": 58.25, "mean_flow": 1.7016000000000002, "breach_share": 0.006666666666666667, "breach_p1": 0.5, "breach_p2": 0.0, "breach_p3": 0.0, "breach_p4": 0.0, "wall_seconds": 0.0006058551371097565}, "random": {"id": "c10_replay_150_0127_sla0.5", "base_id": "c10_replay_150_0127", "campus": 10, "size": 150, "condition": "sla0.5", "sla_multiplier": 0.5, "crew_multiplier": 1.0, "method": "random", "seed": 301, "feasible": 1, "wwt": 112.0, "makespan": 58.77, "mean_flow": 1.6232000000000002, "breach_share": 0.006666666666666667, "breach_p1": 0.5, "breach_p2": 0.0, "breach_p3": 0.0, "breach_p4": 0.0, "wall_seconds": 0.00027979398146271706}, "v2rl301": {"id": "c10_replay_150_0127_sla0.5", "base_id": "c10_replay_150_0127", "campus": 10, "size": 150, "condition": "sla0.5", "sla_multiplier": 0.5, "crew_multiplier": 1.0, "method": "v2rl301", "seed": 301, "feasible": 1, "wwt": 112.0, "makespan": 58.25, "mean_flow": 1.6696666666666669, "breach_share": 0.006666666666666667, "breach_p1": 0.5, "breach_p2": 0.0, "breach_p3": 0.0, "breach_p4": 0.0, "wall_seconds": 0.01997934328392148}, "v2rl302": {"id": "c10_replay_150_0127_sla0.5", "base_id": "c10_replay_150_0127", "campus": 10, "size": 150, "condition": "sla0.5", "sla_multiplier": 0.5, "crew_multiplier": 1.0, "method": "v2rl302", "seed": 302, "feasible": 1, "wwt": 112.0, "makespan": 58.25, "mean_flow": 1.5836666666666666, "breach_share": 0.006666666666666667, "breach_p1": 0.5, "breach_p2": 0.0, "breach_p3": 0.0, "breach_p4": 0.0, "wall_seconds": 0.019768251106142998}, "v2rl303": {"id": "c10_replay_150_0127_sla0.5", "base_id": "c10_replay_150_0127", "campus": 10, "size": 150, "condition": "sla0.5", "sla_multiplier": 0.5, "crew_multiplier": 1.0, "method": "v2rl303", "seed": 303, "feasible": 1, "wwt": 112.0, "makespan": 58.25, "mean_flow": 1.5836666666666668, "breach_share": 0.006666666666666667, "breach_p1": 0.5, "breach_p2": 0.0, "breach_p3": 0.0, "breach_p4": 0.0, "wall_seconds": 0.019501183182001114}}, "methods_expected": ["edd", "wspt", "atc", "pfifo", "mor", "random", "v2rl301", "v2rl302", "v2rl303"], "infeasible": [], "wall_seconds_total": 0.06585269002243876}