{"shard_id": "c10_replay_400_0110_sla0.5", "id": "c10_replay_400_0110_sla0.5", "base_id": "c10_replay_400_0110", "campus": 10, "size": 400, "condition": "sla0.5", "rows": {"edd": {"id": "c10_replay_400_0110_sla0.5", "base_id": "c10_replay_400_0110", "campus": 10, "size": 400, "condition": "sla0.5", "sla_multiplier": 0.5, "crew_multiplier": 1.0, "method": "edd", "seed": 301, "feasible": 1, "wwt": 40.5, "makespan": 55.6844, "mean_flow": 2.71514775, "breach_share": 0.01, "breach_p1": 0.13333333333333333, "breach_p2": 0.020833333333333332, "breach_p3": 0.011764705882352941, "breach_p4": 0.0, "wall_seconds": 0.0006396379321813583}, "wspt": {"id": "c10_replay_400_0110_sla0.5", "base_id": "c10_replay_400_0110", "campus": 10, "size": 400, "condition": "sla0.5", "sla_multiplier": 0.5, "crew_multiplier": 1.0, "method": "wspt", "seed": 301, "feasible": 1, "wwt": 40.5, "makespan": 55.6844, "mean_flow": 2.7138857499999993, "breach_share": 0.01, "breach_p1": 0.13333333333333333, "breach_p2": 0.020833333333333332, "breach_p3": 0.011764705882352941, "breach_p4": 0.0, "wall_seconds": 0.0006288499571382999}, "atc": {"id": "c10_replay_400_0110_sla0.5", "base_id": "c10_replay_400_0110", "campus": 10, "size": 400, "condition": "sla0.5", "sla_multiplier": 0.5, "crew_multiplier": 1.0, "method": "atc", "seed": 301, "feasible": 1, "wwt": 40.5, "makespan": 55.6844, "mean_flow": 2.7138857499999993, "breach_share": 0.01, "breach_p1": 0.13333333333333333, "breach_p2": 0.020833333333333332, "breach_p3": 0.011764705882352941, "breach_p4": 0.0, "wall_seconds": 0.0008273101411759853}, "pfifo": {"id": "c10_replay_400_0110_sla0.5", "base_id": "c10_replay_400_0110", "campus": 10, "size": 400, "condition": "sla0.5", "sla_multiplier": 0.5, "crew_multiplier": 1.0, "method": "pfifo", "seed": 301, "feasible": 1, "wwt": 40.5, "makespan": 55.6844, "mean_flow": 2.71514775, "breach_share": 0.01, "breach_p1": 0.13333333333333333, "breach_p2": 0.020833333333333332, "breach_p3": 0.011764705882352941, "breach_p4": 0.0, "wall_seconds": 0.0006145620718598366}, "mor": {"id": "c10_replay_400_0110_sla0.5", "base_id": "c10_replay_400_0110", "campus": 10, "size": 400, "condition": "sla0.5", "sla_multiplier": 0.5, "crew_multiplier": 1.0, "method": "mor", "seed": 301, "feasible": 1, "wwt": 40.5, "makespan": 55.6844, "mean_flow": 2.7235575, "breach_share": 0.01, "breach_p1": 0.13333333333333333, "breach_p2": 0.020833333333333332, "breach_p3": 0.011764705882352941, "breach_p4": 0.0, "wall_seconds": 0.000622650608420372}, "random": {"id": "c10_replay_400_0110_sla0.5", "base_id": "c10_replay_400_0110", "campus": 10, "size": 400, "condition": "sla0.5", "sla_multiplier": 0.5, "crew_multiplier": 1.0, "method": "random", "seed": 301, "feasible": 1, "wwt": 40.5, "makespan": 55.6844, "mean_flow": 2.7154162499999996, "breach_share": 0.01, "breach_p1": 0.13333333333333333, "breach_p2": 0.020833333333333332, "breach_p3": 0.011764705882352941, "breach_p4": 0.0, "wall_seconds": 0.0005758590996265411}, "v2rl301": {"id": "c10_replay_400_0110_sla0.5", "base_id": "c10_replay_400_0110", "campus": 10, "size": 400, "condition": "sla0.5", "sla_multiplier": 0.5, "crew_multiplier": 1.0, "method": "v2rl301", "seed": 301, "feasible": 1, "wwt": 40.5, "makespan": 55.6844, "mean_flow": 2.7199775, "breach_share": 0.01, "breach_p1": 0.13333333333333333, "breach_p2": 0.020833333333333332, "breach_p3": 0.011764705882352941, "breach_p4": 0.0, "wall_seconds": 0.04125217394903302}, "v2rl302": {"id": "c10_replay_400_0110_sla0.5", "base_id": "c10_replay_400_0110", "campus": 10, "size": 400, "condition": "sla0.5", "sla_multiplier": 0.5, "crew_multiplier": 1.0, "method": "v2rl302", "seed": 302, "feasible": 1, "wwt": 40.5, "makespan": 55.6844, "mean_flow": 2.71955, "breach_share": 0.01, "breach_p1": 0.13333333333333333, "breach_p2": 0.020833333333333332, "breach_p3": 0.011764705882352941, "breach_p4": 0.0, "wall_seconds": 0.04068563086912036}, "v2rl303": {"id": "c10_replay_400_0110_sla0.5", "base_id": "c10_replay_400_0110", "campus": 10, "size": 400, "condition": "sla0.5", "sla_multiplier": 0.5, "crew_multiplier": 1.0, "method": "v2rl303", "seed": 303, "feasible": 1, "wwt": 40.5, "makespan": 55.6844, "mean_flow": 2.71506825, "breach_share": 0.01, "breach_p1": 0.13333333333333333, "breach_p2": 0.020833333333333332, "breach_p3": 0.011764705882352941, "breach_p4": 0.0, "wall_seconds": 0.0411571697331965}}, "methods_expected": ["edd", "wspt", "atc", "pfifo", "mor", "random", "v2rl301", "v2rl302", "v2rl303"], "infeasible": [], "wall_seconds_total": 0.1316632512025535}