{"shard_id": "c10_replay_150_0106_m1.25", "id": "c10_replay_150_0106_m1.25", "base_id": "c10_replay_150_0106", "campus": 10, "size": 150, "condition": "crew1.25", "rows": {"edd": {"id": "c10_replay_150_0106_m1.25", "base_id": "c10_replay_150_0106", "campus": 10, "size": 150, "condition": "crew1.25", "sla_multiplier": 1.0, "crew_multiplier": 1.25, "method": "edd", "seed": 301, "feasible": 1, "wwt": 144.0, "makespan": 95.5112, "mean_flow": 7.549495333333335, "breach_share": 0.013333333333333334, "breach_p1": 0.4, "breach_p2": 0.0, "breach_p3": 0.0, "breach_p4": 0.0, "wall_seconds": 0.0002884427085518837}, "wspt": {"id": "c10_replay_150_0106_m1.25", "base_id": "c10_replay_150_0106", "campus": 10, "size": 150, "condition": "crew1.25", "sla_multiplier": 1.0, "crew_multiplier": 1.25, "method": "wspt", "seed": 301, "feasible": 1, "wwt": 144.0, "makespan": 95.5112, "mean_flow": 7.532188, "breach_share": 0.013333333333333334, "breach_p1": 0.4, "breach_p2": 0.0, "breach_p3": 0.0, "breach_p4": 0.0, "wall_seconds": 0.00027403468266129494}, "atc": {"id": "c10_replay_150_0106_m1.25", "base_id": "c10_replay_150_0106", "campus": 10, "size": 150, "condition": "crew1.25", "sla_multiplier": 1.0, "crew_multiplier": 1.25, "method": "atc", "seed": 301, "feasible": 1, "wwt": 144.0, "makespan": 95.5112, "mean_flow": 7.545228000000001, "breach_share": 0.013333333333333334, "breach_p1": 0.4, "breach_p2": 0.0, "breach_p3": 0.0, "breach_p4": 0.0, "wall_seconds": 0.0003656269982457161}, "pfifo": {"id": "c10_replay_150_0106_m1.25", "base_id": "c10_replay_150_0106", "campus": 10, "size": 150, "condition": "crew1.25", "sla_multiplier": 1.0, "crew_multiplier": 1.25, "method": "pfifo", "seed": 301, "feasible": 1, "wwt": 144.0, "makespan": 95.5112, "mean_flow": 7.549495333333335, "breach_share": 0.013333333333333334, "breach_p1": 0.4, "breach_p2": 0.0, "breach_p3": 0.0, "breach_p4": 0.0, "wall_seconds": 0.0002666269429028034}, "mor": {"id": "c10_replay_150_0106_m1.25", "base_id": "c10_replay_150_0106", "campus": 10, "size": 150, "condition": "crew1.25", "sla_multiplier": 1.0, "crew_multiplier": 1.25, "method": "mor", "seed": 301, "feasible": 1, "wwt": 144.0, "makespan": 95.5112, "mean_flow": 7.732828666666667, "breach_share": 0.013333333333333334, "breach_p1": 0.4, "breach_p2": 0.0, "breach_p3": 0.0, "breach_p4": 0.0, "wall_seconds": 0.0002647559158504009}, "random": {"id": "c10_replay_150_0106_m1.25", "base_id": "c10_replay_150_0106", "campus": 10, "size": 150, "condition": "crew1.25", "sla_multiplier": 1.0, "crew_multiplier": 1.25, "method": "random", "seed": 301, "feasible": 1, "wwt": 144.0, "makespan": 95.5112, "mean_flow": 7.543872666666666, "breach_share": 0.013333333333333334, "breach_p1": 0.4, "breach_p2": 0.0, "breach_p3": 0.0, "breach_p4": 0.0, "wall_seconds": 0.00024732621386647224}, "v2rl301": {"id": "c10_replay_150_0106_m1.25", "base_id": "c10_replay_150_0106", "campus": 10, "size": 150, "condition": "crew1.25", "sla_multiplier": 1.0, "crew_multiplier": 1.25, "method": "v2rl301", "seed": 301, "feasible": 1, "wwt": 144.0, "makespan": 95.5112, "mean_flow": 7.731180000000001, "breach_share": 0.013333333333333334, "breach_p1": 0.4, "breach_p2": 0.0, "breach_p3": 0.0, "breach_p4": 0.0, "wall_seconds": 0.015880416613072157}, "v2rl302": {"id": "c10_replay_150_0106_m1.25", "base_id": "c10_replay_150_0106", "campus": 10, "size": 150, "condition": "crew1.25", "sla_multiplier": 1.0, "crew_multiplier": 1.25, "method": "v2rl302", "seed": 302, "feasible": 1, "wwt": 144.0, "makespan": 95.5112, "mean_flow": 7.731180000000001, "breach_share": 0.013333333333333334, "breach_p1": 0.4, "breach_p2": 0.0, "breach_p3": 0.0, "breach_p4": 0.0, "wall_seconds": 0.01540808891877532}, "v2rl303": {"id": "c10_replay_150_0106_m1.25", "base_id": "c10_replay_150_0106", "campus": 10, "size": 150, "condition": "crew1.25", "sla_multiplier": 1.0, "crew_multiplier": 1.25, "method": "v2rl303", "seed": 303, "feasible": 1, "wwt": 144.0, "makespan": 95.5112, "mean_flow": 7.731180000000001, "breach_share": 0.013333333333333334, "breach_p1": 0.4, "breach_p2": 0.0, "breach_p3": 0.0, "breach_p4": 0.0, "wall_seconds": 0.01583225978538394}}, "methods_expected": ["edd", "wspt", "atc", "pfifo", "mor", "random", "v2rl301", "v2rl302", "v2rl303"], "infeasible": [], "wall_seconds_total": 0.05106178019195795}