{"shard_id": "c10_replay_150_0109_sla0.5", "id": "c10_replay_150_0109_sla0.5", "base_id": "c10_replay_150_0109", "campus": 10, "size": 150, "condition": "sla0.5", "rows": {"edd": {"id": "c10_replay_150_0109_sla0.5", "base_id": "c10_replay_150_0109", "campus": 10, "size": 150, "condition": "sla0.5", "sla_multiplier": 0.5, "crew_multiplier": 1.0, "method": "edd", "seed": 301, "feasible": 1, "wwt": 41.3184, "makespan": 91.7215, "mean_flow": 8.653659333333334, "breach_share": 0.05333333333333334, "breach_p1": null, "breach_p2": 0.0, "breach_p3": 0.0, "breach_p4": 0.058823529411764705, "wall_seconds": 0.00029945606365799904}, "wspt": {"id": "c10_replay_150_0109_sla0.5", "base_id": "c10_replay_150_0109", "campus": 10, "size": 150, "condition": "sla0.5", "sla_multiplier": 0.5, "crew_multiplier": 1.0, "method": "wspt", "seed": 301, "feasible": 1, "wwt": 41.3184, "makespan": 91.7215, "mean_flow": 8.634508666666667, "breach_share": 0.05333333333333334, "breach_p1": null, "breach_p2": 0.0, "breach_p3": 0.0, "breach_p4": 0.058823529411764705, "wall_seconds": 0.0002856217324733734}, "atc": {"id": "c10_replay_150_0109_sla0.5", "base_id": "c10_replay_150_0109", "campus": 10, "size": 150, "condition": "sla0.5", "sla_multiplier": 0.5, "crew_multiplier": 1.0, "method": "atc", "seed": 301, "feasible": 1, "wwt": 41.3184, "makespan": 91.7215, "mean_flow": 8.634508666666667, "breach_share": 0.05333333333333334, "breach_p1": null, "breach_p2": 0.0, "breach_p3": 0.0, "breach_p4": 0.058823529411764705, "wall_seconds": 0.0003950018435716629}, "pfifo": {"id": "c10_replay_150_0109_sla0.5", "base_id": "c10_replay_150_0109", "campus": 10, "size": 150, "condition": "sla0.5", "sla_multiplier": 0.5, "crew_multiplier": 1.0, "method": "pfifo", "seed": 301, "feasible": 1, "wwt": 41.3184, "makespan": 91.7215, "mean_flow": 8.653659333333334, "breach_share": 0.05333333333333334, "breach_p1": null, "breach_p2": 0.0, "breach_p3": 0.0, "breach_p4": 0.058823529411764705, "wall_seconds": 0.00027030473574995995}, "mor": {"id": "c10_replay_150_0109_sla0.5", "base_id": "c10_replay_150_0109", "campus": 10, "size": 150, "condition": "sla0.5", "sla_multiplier": 0.5, "crew_multiplier": 1.0, "method": "mor", "seed": 301, "feasible": 1, "wwt": 41.3184, "makespan": 91.7215, "mean_flow": 8.666366666666667, "breach_share": 0.05333333333333334, "breach_p1": null, "breach_p2": 0.0, "breach_p3": 0.0, "breach_p4": 0.058823529411764705, "wall_seconds": 0.0002791876904666424}, "random": {"id": "c10_replay_150_0109_sla0.5", "base_id": "c10_replay_150_0109", "campus": 10, "size": 150, "condition": "sla0.5", "sla_multiplier": 0.5, "crew_multiplier": 1.0, "method": "random", "seed": 301, "feasible": 1, "wwt": 41.3184, "makespan": 91.7215, "mean_flow": 8.644925333333333, "breach_share": 0.05333333333333334, "breach_p1": null, "breach_p2": 0.0, "breach_p3": 0.0, "breach_p4": 0.058823529411764705, "wall_seconds": 0.00023855408653616905}, "v2rl301": {"id": "c10_replay_150_0109_sla0.5", "base_id": "c10_replay_150_0109", "campus": 10, "size": 150, "condition": "sla0.5", "sla_multiplier": 0.5, "crew_multiplier": 1.0, "method": "v2rl301", "seed": 301, "feasible": 1, "wwt": 41.3184, "makespan": 91.7215, "mean_flow": 8.666366666666667, "breach_share": 0.05333333333333334, "breach_p1": null, "breach_p2": 0.0, "breach_p3": 0.0, "breach_p4": 0.058823529411764705, "wall_seconds": 0.016028440091758966}, "v2rl302": {"id": "c10_replay_150_0109_sla0.5", "base_id": "c10_replay_150_0109", "campus": 10, "size": 150, "condition": "sla0.5", "sla_multiplier": 0.5, "crew_multiplier": 1.0, "method": "v2rl302", "seed": 302, "feasible": 1, "wwt": 41.3184, "makespan": 91.7215, "mean_flow": 8.666166666666667, "breach_share": 0.05333333333333334, "breach_p1": null, "breach_p2": 0.0, "breach_p3": 0.0, "breach_p4": 0.058823529411764705, "wall_seconds": 0.015753247775137424}, "v2rl303": {"id": "c10_replay_150_0109_sla0.5", "base_id": "c10_replay_150_0109", "campus": 10, "size": 150, "condition": "sla0.5", "sla_multiplier": 0.5, "crew_multiplier": 1.0, "method": "v2rl303", "seed": 303, "feasible": 1, "wwt": 41.3184, "makespan": 91.7215, "mean_flow": 8.666366666666667, "breach_share": 0.05333333333333334, "breach_p1": null, "breach_p2": 0.0, "breach_p3": 0.0, "breach_p4": 0.058823529411764705, "wall_seconds": 0.016359999775886536}}, "methods_expected": ["edd", "wspt", "atc", "pfifo", "mor", "random", "v2rl301", "v2rl302", "v2rl303"], "infeasible": [], "wall_seconds_total": 0.0520858783274889}