{"shard_id": "c10_replay_150_0102_sla0.5", "id": "c10_replay_150_0102_sla0.5", "base_id": "c10_replay_150_0102", "campus": 10, "size": 150, "condition": "sla0.5", "rows": {"edd": {"id": "c10_replay_150_0102_sla0.5", "base_id": "c10_replay_150_0102", "campus": 10, "size": 150, "condition": "sla0.5", "sla_multiplier": 0.5, "crew_multiplier": 1.0, "method": "edd", "seed": 301, "feasible": 1, "wwt": 724.5776000000001, "makespan": 93.4431, "mean_flow": 7.785159999999999, "breach_share": 0.04, "breach_p1": 0.3333333333333333, "breach_p2": 0.0, "breach_p3": 0.015151515151515152, "breach_p4": 0.07142857142857142, "wall_seconds": 0.0002898569218814373}, "wspt": {"id": "c10_replay_150_0102_sla0.5", "base_id": "c10_replay_150_0102", "campus": 10, "size": 150, "condition": "sla0.5", "sla_multiplier": 0.5, "crew_multiplier": 1.0, "method": "wspt", "seed": 301, "feasible": 1, "wwt": 724.5776000000001, "makespan": 93.4431, "mean_flow": 7.7847599999999995, "breach_share": 0.04, "breach_p1": 0.3333333333333333, "breach_p2": 0.0, "breach_p3": 0.015151515151515152, "breach_p4": 0.07142857142857142, "wall_seconds": 0.00027573900297284126}, "atc": {"id": "c10_replay_150_0102_sla0.5", "base_id": "c10_replay_150_0102", "campus": 10, "size": 150, "condition": "sla0.5", "sla_multiplier": 0.5, "crew_multiplier": 1.0, "method": "atc", "seed": 301, "feasible": 1, "wwt": 724.5776000000001, "makespan": 93.4431, "mean_flow": 7.7847599999999995, "breach_share": 0.04, "breach_p1": 0.3333333333333333, "breach_p2": 0.0, "breach_p3": 0.015151515151515152, "breach_p4": 0.07142857142857142, "wall_seconds": 0.0003558192402124405}, "pfifo": {"id": "c10_replay_150_0102_sla0.5", "base_id": "c10_replay_150_0102", "campus": 10, "size": 150, "condition": "sla0.5", "sla_multiplier": 0.5, "crew_multiplier": 1.0, "method": "pfifo", "seed": 301, "feasible": 1, "wwt": 724.5776000000001, "makespan": 93.4431, "mean_flow": 7.785159999999999, "breach_share": 0.04, "breach_p1": 0.3333333333333333, "breach_p2": 0.0, "breach_p3": 0.015151515151515152, "breach_p4": 0.07142857142857142, "wall_seconds": 0.0003157961182296276}, "mor": {"id": "c10_replay_150_0102_sla0.5", "base_id": "c10_replay_150_0102", "campus": 10, "size": 150, "condition": "sla0.5", "sla_multiplier": 0.5, "crew_multiplier": 1.0, "method": "mor", "seed": 301, "feasible": 1, "wwt": 724.5776000000001, "makespan": 93.4431, "mean_flow": 7.786226666666667, "breach_share": 0.04, "breach_p1": 0.3333333333333333, "breach_p2": 0.0, "breach_p3": 0.015151515151515152, "breach_p4": 0.07142857142857142, "wall_seconds": 0.0002672690898180008}, "random": {"id": "c10_replay_150_0102_sla0.5", "base_id": "c10_replay_150_0102", "campus": 10, "size": 150, "condition": "sla0.5", "sla_multiplier": 0.5, "crew_multiplier": 1.0, "method": "random", "seed": 301, "feasible": 1, "wwt": 724.5776000000001, "makespan": 93.4431, "mean_flow": 7.784893333333333, "breach_share": 0.04, "breach_p1": 0.3333333333333333, "breach_p2": 0.0, "breach_p3": 0.015151515151515152, "breach_p4": 0.07142857142857142, "wall_seconds": 0.00024649687111377716}, "v2rl301": {"id": "c10_replay_150_0102_sla0.5", "base_id": "c10_replay_150_0102", "campus": 10, "size": 150, "condition": "sla0.5", "sla_multiplier": 0.5, "crew_multiplier": 1.0, "method": "v2rl301", "seed": 301, "feasible": 1, "wwt": 724.5776000000001, "makespan": 93.4431, "mean_flow": 7.784893333333333, "breach_share": 0.04, "breach_p1": 0.3333333333333333, "breach_p2": 0.0, "breach_p3": 0.015151515151515152, "breach_p4": 0.07142857142857142, "wall_seconds": 0.015235322061926126}, "v2rl302": {"id": "c10_replay_150_0102_sla0.5", "base_id": "c10_replay_150_0102", "campus": 10, "size": 150, "condition": "sla0.5", "sla_multiplier": 0.5, "crew_multiplier": 1.0, "method": "v2rl302", "seed": 302, "feasible": 1, "wwt": 724.5776000000001, "makespan": 93.4431, "mean_flow": 7.785159999999999, "breach_share": 0.04, "breach_p1": 0.3333333333333333, "breach_p2": 0.0, "breach_p3": 0.015151515151515152, "breach_p4": 0.07142857142857142, "wall_seconds": 0.015001669991761446}, "v2rl303": {"id": "c10_replay_150_0102_sla0.5", "base_id": "c10_replay_150_0102", "campus": 10, "size": 150, "condition": "sla0.5", "sla_multiplier": 0.5, "crew_multiplier": 1.0, "method": "v2rl303", "seed": 303, "feasible": 1, "wwt": 724.5776000000001, "makespan": 93.4431, "mean_flow": 7.786226666666667, "breach_share": 0.04, "breach_p1": 0.3333333333333333, "breach_p2": 0.0, "breach_p3": 0.015151515151515152, "breach_p4": 0.07142857142857142, "wall_seconds": 0.0149287860840559}}, "methods_expected": ["edd", "wspt", "atc", "pfifo", "mor", "random", "v2rl301", "v2rl302", "v2rl303"], "infeasible": [], "wall_seconds_total": 0.04914550203830004}