{"shard_id": "c12_replay_150_0113_sla0.5", "id": "c12_replay_150_0113_sla0.5", "base_id": "c12_replay_150_0113", "campus": 12, "size": 150, "condition": "sla0.5", "rows": {"edd": {"id": "c12_replay_150_0113_sla0.5", "base_id": "c12_replay_150_0113", "campus": 12, "size": 150, "condition": "sla0.5", "sla_multiplier": 0.5, "crew_multiplier": 1.0, "method": "edd", "seed": 301, "feasible": 1, "wwt": 1375.248, "makespan": 100.6526, "mean_flow": 7.730371333333334, "breach_share": 0.09333333333333334, "breach_p1": 0.2647058823529412, "breach_p2": 0.23076923076923078, "breach_p3": 0.0, "breach_p4": 0.028985507246376812, "wall_seconds": 0.00030336296185851097}, "wspt": {"id": "c12_replay_150_0113_sla0.5", "base_id": "c12_replay_150_0113", "campus": 12, "size": 150, "condition": "sla0.5", "sla_multiplier": 0.5, "crew_multiplier": 1.0, "method": "wspt", "seed": 301, "feasible": 1, "wwt": 1375.248, "makespan": 100.6526, "mean_flow": 7.730371333333334, "breach_share": 0.09333333333333334, "breach_p1": 0.2647058823529412, "breach_p2": 0.23076923076923078, "breach_p3": 0.0, "breach_p4": 0.028985507246376812, "wall_seconds": 0.0002880450338125229}, "atc": {"id": "c12_replay_150_0113_sla0.5", "base_id": "c12_replay_150_0113", "campus": 12, "size": 150, "condition": "sla0.5", "sla_multiplier": 0.5, "crew_multiplier": 1.0, "method": "atc", "seed": 301, "feasible": 1, "wwt": 1375.248, "makespan": 100.6526, "mean_flow": 7.730371333333334, "breach_share": 0.09333333333333334, "breach_p1": 0.2647058823529412, "breach_p2": 0.23076923076923078, "breach_p3": 0.0, "breach_p4": 0.028985507246376812, "wall_seconds": 0.00034723803400993347}, "pfifo": {"id": "c12_replay_150_0113_sla0.5", "base_id": "c12_replay_150_0113", "campus": 12, "size": 150, "condition": "sla0.5", "sla_multiplier": 0.5, "crew_multiplier": 1.0, "method": "pfifo", "seed": 301, "feasible": 1, "wwt": 1375.248, "makespan": 100.6526, "mean_flow": 7.730371333333334, "breach_share": 0.09333333333333334, "breach_p1": 0.2647058823529412, "breach_p2": 0.23076923076923078, "breach_p3": 0.0, "breach_p4": 0.028985507246376812, "wall_seconds": 0.00026899995282292366}, "mor": {"id": "c12_replay_150_0113_sla0.5", "base_id": "c12_replay_150_0113", "campus": 12, "size": 150, "condition": "sla0.5", "sla_multiplier": 0.5, "crew_multiplier": 1.0, "method": "mor", "seed": 301, "feasible": 1, "wwt": 1375.248, "makespan": 100.6526, "mean_flow": 7.730371333333334, "breach_share": 0.09333333333333334, "breach_p1": 0.2647058823529412, "breach_p2": 0.23076923076923078, "breach_p3": 0.0, "breach_p4": 0.028985507246376812, "wall_seconds": 0.00028130412101745605}, "random": {"id": "c12_replay_150_0113_sla0.5", "base_id": "c12_replay_150_0113", "campus": 12, "size": 150, "condition": "sla0.5", "sla_multiplier": 0.5, "crew_multiplier": 1.0, "method": "random", "seed": 301, "feasible": 1, "wwt": 1375.248, "makespan": 100.6526, "mean_flow": 7.730371333333334, "breach_share": 0.09333333333333334, "breach_p1": 0.2647058823529412, "breach_p2": 0.23076923076923078, "breach_p3": 0.0, "breach_p4": 0.028985507246376812, "wall_seconds": 0.0002507893368601799}, "v2rl301": {"id": "c12_replay_150_0113_sla0.5", "base_id": "c12_replay_150_0113", "campus": 12, "size": 150, "condition": "sla0.5", "sla_multiplier": 0.5, "crew_multiplier": 1.0, "method": "v2rl301", "seed": 301, "feasible": 1, "wwt": 1375.248, "makespan": 100.6526, "mean_flow": 7.730371333333334, "breach_share": 0.09333333333333334, "breach_p1": 0.2647058823529412, "breach_p2": 0.23076923076923078, "breach_p3": 0.0, "breach_p4": 0.028985507246376812, "wall_seconds": 0.015423015225678682}, "v2rl302": {"id": "c12_replay_150_0113_sla0.5", "base_id": "c12_replay_150_0113", "campus": 12, "size": 150, "condition": "sla0.5", "sla_multiplier": 0.5, "crew_multiplier": 1.0, "method": "v2rl302", "seed": 302, "feasible": 1, "wwt": 1375.248, "makespan": 100.6526, "mean_flow": 7.730371333333334, "breach_share": 0.09333333333333334, "breach_p1": 0.2647058823529412, "breach_p2": 0.23076923076923078, "breach_p3": 0.0, "breach_p4": 0.028985507246376812, "wall_seconds": 0.015153302811086178}, "v2rl303": {"id": "c12_replay_150_0113_sla0.5", "base_id": "c12_replay_150_0113", "campus": 12, "size": 150, "condition": "sla0.5", "sla_multiplier": 0.5, "crew_multiplier": 1.0, "method": "v2rl303", "seed": 303, "feasible": 1, "wwt": 1375.248, "makespan": 100.6526, "mean_flow": 7.730371333333332, "breach_share": 0.09333333333333334, "breach_p1": 0.2647058823529412, "breach_p2": 0.23076923076923078, "breach_p3": 0.0, "breach_p4": 0.028985507246376812, "wall_seconds": 0.015265563037246466}}, "methods_expected": ["edd", "wspt", "atc", "pfifo", "mor", "random", "v2rl301", "v2rl302", "v2rl303"], "infeasible": [], "wall_seconds_total": 0.04987409710884094}