{"shard_id": "c12_replay_150_0108_sla1.5", "id": "c12_replay_150_0108_sla1.5", "base_id": "c12_replay_150_0108", "campus": 12, "size": 150, "condition": "sla1.5", "rows": {"edd": {"id": "c12_replay_150_0108_sla1.5", "base_id": "c12_replay_150_0108", "campus": 12, "size": 150, "condition": "sla1.5", "sla_multiplier": 1.5, "crew_multiplier": 1.0, "method": "edd", "seed": 301, "feasible": 1, "wwt": 134.0, "makespan": 93.93260000000001, "mean_flow": 5.8802433333333335, "breach_share": 0.006666666666666667, "breach_p1": 0.0, "breach_p2": 0.07142857142857142, "breach_p3": 0.0, "breach_p4": 0.0, "wall_seconds": 0.0003042439930140972}, "wspt": {"id": "c12_replay_150_0108_sla1.5", "base_id": "c12_replay_150_0108", "campus": 12, "size": 150, "condition": "sla1.5", "sla_multiplier": 1.5, "crew_multiplier": 1.0, "method": "wspt", "seed": 301, "feasible": 1, "wwt": 134.0, "makespan": 93.93260000000001, "mean_flow": 5.880243333333333, "breach_share": 0.006666666666666667, "breach_p1": 0.0, "breach_p2": 0.07142857142857142, "breach_p3": 0.0, "breach_p4": 0.0, "wall_seconds": 0.0002819099463522434}, "atc": {"id": "c12_replay_150_0108_sla1.5", "base_id": "c12_replay_150_0108", "campus": 12, "size": 150, "condition": "sla1.5", "sla_multiplier": 1.5, "crew_multiplier": 1.0, "method": "atc", "seed": 301, "feasible": 1, "wwt": 134.0, "makespan": 93.93260000000001, "mean_flow": 5.880243333333333, "breach_share": 0.006666666666666667, "breach_p1": 0.0, "breach_p2": 0.07142857142857142, "breach_p3": 0.0, "breach_p4": 0.0, "wall_seconds": 0.0003380989655852318}, "pfifo": {"id": "c12_replay_150_0108_sla1.5", "base_id": "c12_replay_150_0108", "campus": 12, "size": 150, "condition": "sla1.5", "sla_multiplier": 1.5, "crew_multiplier": 1.0, "method": "pfifo", "seed": 301, "feasible": 1, "wwt": 134.0, "makespan": 93.93260000000001, "mean_flow": 5.8802433333333335, "breach_share": 0.006666666666666667, "breach_p1": 0.0, "breach_p2": 0.07142857142857142, "breach_p3": 0.0, "breach_p4": 0.0, "wall_seconds": 0.00026270095258951187}, "mor": {"id": "c12_replay_150_0108_sla1.5", "base_id": "c12_replay_150_0108", "campus": 12, "size": 150, "condition": "sla1.5", "sla_multiplier": 1.5, "crew_multiplier": 1.0, "method": "mor", "seed": 301, "feasible": 1, "wwt": 134.0, "makespan": 93.93260000000001, "mean_flow": 5.880243333333333, "breach_share": 0.006666666666666667, "breach_p1": 0.0, "breach_p2": 0.07142857142857142, "breach_p3": 0.0, "breach_p4": 0.0, "wall_seconds": 0.00026356615126132965}, "random": {"id": "c12_replay_150_0108_sla1.5", "base_id": "c12_replay_150_0108", "campus": 12, "size": 150, "condition": "sla1.5", "sla_multiplier": 1.5, "crew_multiplier": 1.0, "method": "random", "seed": 301, "feasible": 1, "wwt": 134.0, "makespan": 93.93260000000001, "mean_flow": 5.880243333333333, "breach_share": 0.006666666666666667, "breach_p1": 0.0, "breach_p2": 0.07142857142857142, "breach_p3": 0.0, "breach_p4": 0.0, "wall_seconds": 0.000252279918640852}, "v2rl301": {"id": "c12_replay_150_0108_sla1.5", "base_id": "c12_replay_150_0108", "campus": 12, "size": 150, "condition": "sla1.5", "sla_multiplier": 1.5, "crew_multiplier": 1.0, "method": "v2rl301", "seed": 301, "feasible": 1, "wwt": 134.0, "makespan": 93.93260000000001, "mean_flow": 5.880243333333333, "breach_share": 0.006666666666666667, "breach_p1": 0.0, "breach_p2": 0.07142857142857142, "breach_p3": 0.0, "breach_p4": 0.0, "wall_seconds": 0.015919040888547897}, "v2rl302": {"id": "c12_replay_150_0108_sla1.5", "base_id": "c12_replay_150_0108", "campus": 12, "size": 150, "condition": "sla1.5", "sla_multiplier": 1.5, "crew_multiplier": 1.0, "method": "v2rl302", "seed": 302, "feasible": 1, "wwt": 134.0, "makespan": 93.93260000000001, "mean_flow": 5.8802433333333335, "breach_share": 0.006666666666666667, "breach_p1": 0.0, "breach_p2": 0.07142857142857142, "breach_p3": 0.0, "breach_p4": 0.0, "wall_seconds": 0.014894647989422083}, "v2rl303": {"id": "c12_replay_150_0108_sla1.5", "base_id": "c12_replay_150_0108", "campus": 12, "size": 150, "condition": "sla1.5", "sla_multiplier": 1.5, "crew_multiplier": 1.0, "method": "v2rl303", "seed": 303, "feasible": 1, "wwt": 134.0, "makespan": 93.93260000000001, "mean_flow": 5.8802433333333335, "breach_share": 0.006666666666666667, "breach_p1": 0.0, "breach_p2": 0.07142857142857142, "breach_p3": 0.0, "breach_p4": 0.0, "wall_seconds": 0.015040411613881588}}, "methods_expected": ["edd", "wspt", "atc", "pfifo", "mor", "random", "v2rl301", "v2rl302", "v2rl303"], "infeasible": [], "wall_seconds_total": 0.04987157415598631}