{"shard_id": "c12_replay_150_0103", "id": "c12_replay_150_0103", "base_id": "c12_replay_150_0103", "campus": 12, "size": 150, "condition": "baseline", "rows": {"edd": {"id": "c12_replay_150_0103", "base_id": "c12_replay_150_0103", "campus": 12, "size": 150, "condition": "baseline", "sla_multiplier": 1.0, "crew_multiplier": 1.0, "method": "edd", "seed": 301, "feasible": 1, "wwt": 1095.3184, "makespan": 91.854, "mean_flow": 6.189098666666667, "breach_share": 0.03333333333333333, "breach_p1": 0.13333333333333333, "breach_p2": 0.038461538461538464, "breach_p3": 0.0, "breach_p4": 0.0, "wall_seconds": 0.0002858000807464123}, "wspt": {"id": "c12_replay_150_0103", "base_id": "c12_replay_150_0103", "campus": 12, "size": 150, "condition": "baseline", "sla_multiplier": 1.0, "crew_multiplier": 1.0, "method": "wspt", "seed": 301, "feasible": 1, "wwt": 1095.3184, "makespan": 91.854, "mean_flow": 6.189098666666666, "breach_share": 0.03333333333333333, "breach_p1": 0.13333333333333333, "breach_p2": 0.038461538461538464, "breach_p3": 0.0, "breach_p4": 0.0, "wall_seconds": 0.00028016790747642517}, "atc": {"id": "c12_replay_150_0103", "base_id": "c12_replay_150_0103", "campus": 12, "size": 150, "condition": "baseline", "sla_multiplier": 1.0, "crew_multiplier": 1.0, "method": "atc", "seed": 301, "feasible": 1, "wwt": 1095.3184, "makespan": 91.854, "mean_flow": 6.189098666666666, "breach_share": 0.03333333333333333, "breach_p1": 0.13333333333333333, "breach_p2": 0.038461538461538464, "breach_p3": 0.0, "breach_p4": 0.0, "wall_seconds": 0.0003361026756465435}, "pfifo": {"id": "c12_replay_150_0103", "base_id": "c12_replay_150_0103", "campus": 12, "size": 150, "condition": "baseline", "sla_multiplier": 1.0, "crew_multiplier": 1.0, "method": "pfifo", "seed": 301, "feasible": 1, "wwt": 1095.3184, "makespan": 91.854, "mean_flow": 6.189098666666667, "breach_share": 0.03333333333333333, "breach_p1": 0.13333333333333333, "breach_p2": 0.038461538461538464, "breach_p3": 0.0, "breach_p4": 0.0, "wall_seconds": 0.0002674032002687454}, "mor": {"id": "c12_replay_150_0103", "base_id": "c12_replay_150_0103", "campus": 12, "size": 150, "condition": "baseline", "sla_multiplier": 1.0, "crew_multiplier": 1.0, "method": "mor", "seed": 301, "feasible": 1, "wwt": 1095.3184, "makespan": 91.854, "mean_flow": 6.189098666666667, "breach_share": 0.03333333333333333, "breach_p1": 0.13333333333333333, "breach_p2": 0.038461538461538464, "breach_p3": 0.0, "breach_p4": 0.0, "wall_seconds": 0.00026517175137996674}, "random": {"id": "c12_replay_150_0103", "base_id": "c12_replay_150_0103", "campus": 12, "size": 150, "condition": "baseline", "sla_multiplier": 1.0, "crew_multiplier": 1.0, "method": "random", "seed": 301, "feasible": 1, "wwt": 1095.3184, "makespan": 91.854, "mean_flow": 6.189098666666667, "breach_share": 0.03333333333333333, "breach_p1": 0.13333333333333333, "breach_p2": 0.038461538461538464, "breach_p3": 0.0, "breach_p4": 0.0, "wall_seconds": 0.0002590389922261238}, "v2rl301": {"id": "c12_replay_150_0103", "base_id": "c12_replay_150_0103", "campus": 12, "size": 150, "condition": "baseline", "sla_multiplier": 1.0, "crew_multiplier": 1.0, "method": "v2rl301", "seed": 301, "feasible": 1, "wwt": 1095.3184, "makespan": 91.854, "mean_flow": 6.189098666666667, "breach_share": 0.03333333333333333, "breach_p1": 0.13333333333333333, "breach_p2": 0.038461538461538464, "breach_p3": 0.0, "breach_p4": 0.0, "wall_seconds": 0.015077034942805767}, "v2rl302": {"id": "c12_replay_150_0103", "base_id": "c12_replay_150_0103", "campus": 12, "size": 150, "condition": "baseline", "sla_multiplier": 1.0, "crew_multiplier": 1.0, "method": "v2rl302", "seed": 302, "feasible": 1, "wwt": 1095.3184, "makespan": 91.854, "mean_flow": 6.189098666666667, "breach_share": 0.03333333333333333, "breach_p1": 0.13333333333333333, "breach_p2": 0.038461538461538464, "breach_p3": 0.0, "breach_p4": 0.0, "wall_seconds": 0.014861544128507376}, "v2rl303": {"id": "c12_replay_150_0103", "base_id": "c12_replay_150_0103", "campus": 12, "size": 150, "condition": "baseline", "sla_multiplier": 1.0, "crew_multiplier": 1.0, "method": "v2rl303", "seed": 303, "feasible": 1, "wwt": 1095.3184, "makespan": 91.854, "mean_flow": 6.189098666666667, "breach_share": 0.03333333333333333, "breach_p1": 0.13333333333333333, "breach_p2": 0.038461538461538464, "breach_p3": 0.0, "breach_p4": 0.0, "wall_seconds": 0.014715583063662052}}, "methods_expected": ["edd", "wspt", "atc", "pfifo", "mor", "random", "v2rl301", "v2rl302", "v2rl303"], "infeasible": [], "wall_seconds_total": 0.04818451125174761}