{"shard_id": "c12_replay_400_0062", "id": "c12_replay_400_0062", "base_id": "c12_replay_400_0062", "campus": 12, "size": 400, "condition": "baseline", "rows": {"edd": {"id": "c12_replay_400_0062", "base_id": "c12_replay_400_0062", "campus": 12, "size": 400, "condition": "baseline", "sla_multiplier": 1.0, "crew_multiplier": 1.0, "method": "edd", "seed": 301, "feasible": 1, "wwt": 1759.848, "makespan": 106.802, "mean_flow": 5.37813975, "breach_share": 0.0375, "breach_p1": 0.14432989690721648, "breach_p2": 0.0, "breach_p3": 0.009345794392523364, "breach_p4": 0.0, "wall_seconds": 0.0006604418158531189}, "wspt": {"id": "c12_replay_400_0062", "base_id": "c12_replay_400_0062", "campus": 12, "size": 400, "condition": "baseline", "sla_multiplier": 1.0, "crew_multiplier": 1.0, "method": "wspt", "seed": 301, "feasible": 1, "wwt": 1759.848, "makespan": 106.802, "mean_flow": 5.37813975, "breach_share": 0.0375, "breach_p1": 0.14432989690721648, "breach_p2": 0.0, "breach_p3": 0.009345794392523364, "breach_p4": 0.0, "wall_seconds": 0.0006525022909045219}, "atc": {"id": "c12_replay_400_0062", "base_id": "c12_replay_400_0062", "campus": 12, "size": 400, "condition": "baseline", "sla_multiplier": 1.0, "crew_multiplier": 1.0, "method": "atc", "seed": 301, "feasible": 1, "wwt": 1759.848, "makespan": 106.802, "mean_flow": 5.37813975, "breach_share": 0.0375, "breach_p1": 0.14432989690721648, "breach_p2": 0.0, "breach_p3": 0.009345794392523364, "breach_p4": 0.0, "wall_seconds": 0.0008358159102499485}, "pfifo": {"id": "c12_replay_400_0062", "base_id": "c12_replay_400_0062", "campus": 12, "size": 400, "condition": "baseline", "sla_multiplier": 1.0, "crew_multiplier": 1.0, "method": "pfifo", "seed": 301, "feasible": 1, "wwt": 1759.848, "makespan": 106.802, "mean_flow": 5.37813975, "breach_share": 0.0375, "breach_p1": 0.14432989690721648, "breach_p2": 0.0, "breach_p3": 0.009345794392523364, "breach_p4": 0.0, "wall_seconds": 0.000662440899759531}, "mor": {"id": "c12_replay_400_0062", "base_id": "c12_replay_400_0062", "campus": 12, "size": 400, "condition": "baseline", "sla_multiplier": 1.0, "crew_multiplier": 1.0, "method": "mor", "seed": 301, "feasible": 1, "wwt": 1759.848, "makespan": 106.802, "mean_flow": 5.37813975, "breach_share": 0.0375, "breach_p1": 0.14432989690721648, "breach_p2": 0.0, "breach_p3": 0.009345794392523364, "breach_p4": 0.0, "wall_seconds": 0.0006699669174849987}, "random": {"id": "c12_replay_400_0062", "base_id": "c12_replay_400_0062", "campus": 12, "size": 400, "condition": "baseline", "sla_multiplier": 1.0, "crew_multiplier": 1.0, "method": "random", "seed": 301, "feasible": 1, "wwt": 1759.848, "makespan": 106.802, "mean_flow": 5.37813975, "breach_share": 0.0375, "breach_p1": 0.14432989690721648, "breach_p2": 0.0, "breach_p3": 0.009345794392523364, "breach_p4": 0.0, "wall_seconds": 0.0005760113708674908}, "v2rl301": {"id": "c12_replay_400_0062", "base_id": "c12_replay_400_0062", "campus": 12, "size": 400, "condition": "baseline", "sla_multiplier": 1.0, "crew_multiplier": 1.0, "method": "v2rl301", "seed": 301, "feasible": 1, "wwt": 1759.848, "makespan": 106.802, "mean_flow": 5.37813975, "breach_share": 0.0375, "breach_p1": 0.14432989690721648, "breach_p2": 0.0, "breach_p3": 0.009345794392523364, "breach_p4": 0.0, "wall_seconds": 0.04031317261978984}, "v2rl302": {"id": "c12_replay_400_0062", "base_id": "c12_replay_400_0062", "campus": 12, "size": 400, "condition": "baseline", "sla_multiplier": 1.0, "crew_multiplier": 1.0, "method": "v2rl302", "seed": 302, "feasible": 1, "wwt": 1759.848, "makespan": 106.802, "mean_flow": 5.37813975, "breach_share": 0.0375, "breach_p1": 0.14432989690721648, "breach_p2": 0.0, "breach_p3": 0.009345794392523364, "breach_p4": 0.0, "wall_seconds": 0.04019417194649577}, "v2rl303": {"id": "c12_replay_400_0062", "base_id": "c12_replay_400_0062", "campus": 12, "size": 400, "condition": "baseline", "sla_multiplier": 1.0, "crew_multiplier": 1.0, "method": "v2rl303", "seed": 303, "feasible": 1, "wwt": 1759.848, "makespan": 106.802, "mean_flow": 5.37813975, "breach_share": 0.0375, "breach_p1": 0.14432989690721648, "breach_p2": 0.0, "breach_p3": 0.009345794392523364, "breach_p4": 0.0, "wall_seconds": 0.04090150399133563}}, "methods_expected": ["edd", "wspt", "atc", "pfifo", "mor", "random", "v2rl301", "v2rl302", "v2rl303"], "infeasible": [], "wall_seconds_total": 0.12932188902050257}