{"shard_id": "c12_replay_400_0087", "id": "c12_replay_400_0087", "base_id": "c12_replay_400_0087", "campus": 12, "size": 400, "condition": "baseline", "rows": {"edd": {"id": "c12_replay_400_0087", "base_id": "c12_replay_400_0087", "campus": 12, "size": 400, "condition": "baseline", "sla_multiplier": 1.0, "crew_multiplier": 1.0, "method": "edd", "seed": 301, "feasible": 1, "wwt": 1714.116, "makespan": 106.97840000000001, "mean_flow": 5.460481, "breach_share": 0.045, "breach_p1": 0.1588785046728972, "breach_p2": 0.014705882352941176, "breach_p3": 0.0, "breach_p4": 0.0, "wall_seconds": 0.0006458479911088943}, "wspt": {"id": "c12_replay_400_0087", "base_id": "c12_replay_400_0087", "campus": 12, "size": 400, "condition": "baseline", "sla_multiplier": 1.0, "crew_multiplier": 1.0, "method": "wspt", "seed": 301, "feasible": 1, "wwt": 1714.116, "makespan": 106.97840000000001, "mean_flow": 5.460481, "breach_share": 0.045, "breach_p1": 0.1588785046728972, "breach_p2": 0.014705882352941176, "breach_p3": 0.0, "breach_p4": 0.0, "wall_seconds": 0.0006385156884789467}, "atc": {"id": "c12_replay_400_0087", "base_id": "c12_replay_400_0087", "campus": 12, "size": 400, "condition": "baseline", "sla_multiplier": 1.0, "crew_multiplier": 1.0, "method": "atc", "seed": 301, "feasible": 1, "wwt": 1714.116, "makespan": 106.97840000000001, "mean_flow": 5.460481, "breach_share": 0.045, "breach_p1": 0.1588785046728972, "breach_p2": 0.014705882352941176, "breach_p3": 0.0, "breach_p4": 0.0, "wall_seconds": 0.000985071063041687}, "pfifo": {"id": "c12_replay_400_0087", "base_id": "c12_replay_400_0087", "campus": 12, "size": 400, "condition": "baseline", "sla_multiplier": 1.0, "crew_multiplier": 1.0, "method": "pfifo", "seed": 301, "feasible": 1, "wwt": 1714.116, "makespan": 106.97840000000001, "mean_flow": 5.460481, "breach_share": 0.045, "breach_p1": 0.1588785046728972, "breach_p2": 0.014705882352941176, "breach_p3": 0.0, "breach_p4": 0.0, "wall_seconds": 0.0006782840937376022}, "mor": {"id": "c12_replay_400_0087", "base_id": "c12_replay_400_0087", "campus": 12, "size": 400, "condition": "baseline", "sla_multiplier": 1.0, "crew_multiplier": 1.0, "method": "mor", "seed": 301, "feasible": 1, "wwt": 1714.1624, "makespan": 106.97840000000001, "mean_flow": 5.460481, "breach_share": 0.045, "breach_p1": 0.1588785046728972, "breach_p2": 0.014705882352941176, "breach_p3": 0.0, "breach_p4": 0.0, "wall_seconds": 0.0006799120455980301}, "random": {"id": "c12_replay_400_0087", "base_id": "c12_replay_400_0087", "campus": 12, "size": 400, "condition": "baseline", "sla_multiplier": 1.0, "crew_multiplier": 1.0, "method": "random", "seed": 301, "feasible": 1, "wwt": 1714.1624, "makespan": 106.97840000000001, "mean_flow": 5.460481, "breach_share": 0.045, "breach_p1": 0.1588785046728972, "breach_p2": 0.014705882352941176, "breach_p3": 0.0, "breach_p4": 0.0, "wall_seconds": 0.0006303028203547001}, "v2rl301": {"id": "c12_replay_400_0087", "base_id": "c12_replay_400_0087", "campus": 12, "size": 400, "condition": "baseline", "sla_multiplier": 1.0, "crew_multiplier": 1.0, "method": "v2rl301", "seed": 301, "feasible": 1, "wwt": 1714.116, "makespan": 106.97840000000001, "mean_flow": 5.460481, "breach_share": 0.045, "breach_p1": 0.1588785046728972, "breach_p2": 0.014705882352941176, "breach_p3": 0.0, "breach_p4": 0.0, "wall_seconds": 0.04012136161327362}, "v2rl302": {"id": "c12_replay_400_0087", "base_id": "c12_replay_400_0087", "campus": 12, "size": 400, "condition": "baseline", "sla_multiplier": 1.0, "crew_multiplier": 1.0, "method": "v2rl302", "seed": 302, "feasible": 1, "wwt": 1714.116, "makespan": 106.97840000000001, "mean_flow": 5.460481, "breach_share": 0.045, "breach_p1": 0.1588785046728972, "breach_p2": 0.014705882352941176, "breach_p3": 0.0, "breach_p4": 0.0, "wall_seconds": 0.03933739382773638}, "v2rl303": {"id": "c12_replay_400_0087", "base_id": "c12_replay_400_0087", "campus": 12, "size": 400, "condition": "baseline", "sla_multiplier": 1.0, "crew_multiplier": 1.0, "method": "v2rl303", "seed": 303, "feasible": 1, "wwt": 1714.116, "makespan": 106.97840000000001, "mean_flow": 5.460481, "breach_share": 0.045, "breach_p1": 0.1588785046728972, "breach_p2": 0.014705882352941176, "breach_p3": 0.0, "breach_p4": 0.0, "wall_seconds": 0.03964131185784936}}, "methods_expected": ["edd", "wspt", "atc", "pfifo", "mor", "random", "v2rl301", "v2rl302", "v2rl303"], "infeasible": [], "wall_seconds_total": 0.12715064827352762}