{"shard_id": "c12_replay_150_0124_m0.75", "id": "c12_replay_150_0124_m0.75", "base_id": "c12_replay_150_0124", "campus": 12, "size": 150, "condition": "crew0.75", "rows": {"edd": {"id": "c12_replay_150_0124_m0.75", "base_id": "c12_replay_150_0124", "campus": 12, "size": 150, "condition": "crew0.75", "sla_multiplier": 1.0, "crew_multiplier": 0.75, "method": "edd", "seed": 301, "feasible": 1, "wwt": 208.0, "makespan": 67.25, "mean_flow": 6.699296666666666, "breach_share": 0.02, "breach_p1": 0.1111111111111111, "breach_p2": 0.045454545454545456, "breach_p3": 0.0, "breach_p4": 0.0, "wall_seconds": 0.0002866252325475216}, "wspt": {"id": "c12_replay_150_0124_m0.75", "base_id": "c12_replay_150_0124", "campus": 12, "size": 150, "condition": "crew0.75", "sla_multiplier": 1.0, "crew_multiplier": 0.75, "method": "wspt", "seed": 301, "feasible": 1, "wwt": 208.0, "makespan": 67.25, "mean_flow": 6.519893999999999, "breach_share": 0.02, "breach_p1": 0.1111111111111111, "breach_p2": 0.045454545454545456, "breach_p3": 0.0, "breach_p4": 0.0, "wall_seconds": 0.00028033507987856865}, "atc": {"id": "c12_replay_150_0124_m0.75", "base_id": "c12_replay_150_0124", "campus": 12, "size": 150, "condition": "crew0.75", "sla_multiplier": 1.0, "crew_multiplier": 0.75, "method": "atc", "seed": 301, "feasible": 1, "wwt": 208.0, "makespan": 67.25, "mean_flow": 6.5422899999999995, "breach_share": 0.02, "breach_p1": 0.1111111111111111, "breach_p2": 0.045454545454545456, "breach_p3": 0.0, "breach_p4": 0.0, "wall_seconds": 0.00036346958950161934}, "pfifo": {"id": "c12_replay_150_0124_m0.75", "base_id": "c12_replay_150_0124", "campus": 12, "size": 150, "condition": "crew0.75", "sla_multiplier": 1.0, "crew_multiplier": 0.75, "method": "pfifo", "seed": 301, "feasible": 1, "wwt": 208.0, "makespan": 67.25, "mean_flow": 6.699296666666666, "breach_share": 0.02, "breach_p1": 0.1111111111111111, "breach_p2": 0.045454545454545456, "breach_p3": 0.0, "breach_p4": 0.0, "wall_seconds": 0.0002635810524225235}, "mor": {"id": "c12_replay_150_0124_m0.75", "base_id": "c12_replay_150_0124", "campus": 12, "size": 150, "condition": "crew0.75", "sla_multiplier": 1.0, "crew_multiplier": 0.75, "method": "mor", "seed": 301, "feasible": 1, "wwt": 208.0, "makespan": 67.25, "mean_flow": 7.100180666666667, "breach_share": 0.02, "breach_p1": 0.1111111111111111, "breach_p2": 0.045454545454545456, "breach_p3": 0.0, "breach_p4": 0.0, "wall_seconds": 0.0002626110799610615}, "random": {"id": "c12_replay_150_0124_m0.75", "base_id": "c12_replay_150_0124", "campus": 12, "size": 150, "condition": "crew0.75", "sla_multiplier": 1.0, "crew_multiplier": 0.75, "method": "random", "seed": 301, "feasible": 1, "wwt": 208.0, "makespan": 67.25, "mean_flow": 6.721751333333334, "breach_share": 0.02, "breach_p1": 0.1111111111111111, "breach_p2": 0.045454545454545456, "breach_p3": 0.0, "breach_p4": 0.0, "wall_seconds": 0.00022855214774608612}, "v2rl301": {"id": "c12_replay_150_0124_m0.75", "base_id": "c12_replay_150_0124", "campus": 12, "size": 150, "condition": "crew0.75", "sla_multiplier": 1.0, "crew_multiplier": 0.75, "method": "v2rl301", "seed": 301, "feasible": 1, "wwt": 208.0, "makespan": 67.25, "mean_flow": 6.993221333333333, "breach_share": 0.02, "breach_p1": 0.1111111111111111, "breach_p2": 0.045454545454545456, "breach_p3": 0.0, "breach_p4": 0.0, "wall_seconds": 0.015416977927088737}, "v2rl302": {"id": "c12_replay_150_0124_m0.75", "base_id": "c12_replay_150_0124", "campus": 12, "size": 150, "condition": "crew0.75", "sla_multiplier": 1.0, "crew_multiplier": 0.75, "method": "v2rl302", "seed": 302, "feasible": 1, "wwt": 208.0, "makespan": 67.25, "mean_flow": 6.858895333333333, "breach_share": 0.02, "breach_p1": 0.1111111111111111, "breach_p2": 0.045454545454545456, "breach_p3": 0.0, "breach_p4": 0.0, "wall_seconds": 0.015155921690165997}, "v2rl303": {"id": "c12_replay_150_0124_m0.75", "base_id": "c12_replay_150_0124", "campus": 12, "size": 150, "condition": "crew0.75", "sla_multiplier": 1.0, "crew_multiplier": 0.75, "method": "v2rl303", "seed": 303, "feasible": 1, "wwt": 208.0, "makespan": 67.25, "mean_flow": 6.853763999999999, "breach_share": 0.02, "breach_p1": 0.1111111111111111, "breach_p2": 0.045454545454545456, "breach_p3": 0.0, "breach_p4": 0.0, "wall_seconds": 0.015327578410506248}}, "methods_expected": ["edd", "wspt", "atc", "pfifo", "mor", "random", "v2rl301", "v2rl302", "v2rl303"], "infeasible": [], "wall_seconds_total": 0.04983189841732383}