{"shard_id": "c12_replay_150_0121_sla0.5", "id": "c12_replay_150_0121_sla0.5", "base_id": "c12_replay_150_0121", "campus": 12, "size": 150, "condition": "sla0.5", "rows": {"edd": {"id": "c12_replay_150_0121_sla0.5", "base_id": "c12_replay_150_0121", "campus": 12, "size": 150, "condition": "sla0.5", "sla_multiplier": 0.5, "crew_multiplier": 1.0, "method": "edd", "seed": 301, "feasible": 1, "wwt": 835.7, "makespan": 86.9325, "mean_flow": 5.720666666666667, "breach_share": 0.1, "breach_p1": 0.3125, "breach_p2": 0.07142857142857142, "breach_p3": 0.07692307692307693, "breach_p4": 0.015625, "wall_seconds": 0.0003047552891075611}, "wspt": {"id": "c12_replay_150_0121_sla0.5", "base_id": "c12_replay_150_0121", "campus": 12, "size": 150, "condition": "sla0.5", "sla_multiplier": 0.5, "crew_multiplier": 1.0, "method": "wspt", "seed": 301, "feasible": 1, "wwt": 835.7, "makespan": 86.9325, "mean_flow": 5.720666666666667, "breach_share": 0.1, "breach_p1": 0.3125, "breach_p2": 0.07142857142857142, "breach_p3": 0.07692307692307693, "breach_p4": 0.015625, "wall_seconds": 0.0002805311232805252}, "atc": {"id": "c12_replay_150_0121_sla0.5", "base_id": "c12_replay_150_0121", "campus": 12, "size": 150, "condition": "sla0.5", "sla_multiplier": 0.5, "crew_multiplier": 1.0, "method": "atc", "seed": 301, "feasible": 1, "wwt": 835.7, "makespan": 86.9325, "mean_flow": 5.720666666666667, "breach_share": 0.1, "breach_p1": 0.3125, "breach_p2": 0.07142857142857142, "breach_p3": 0.07692307692307693, "breach_p4": 0.015625, "wall_seconds": 0.0003569461405277252}, "pfifo": {"id": "c12_replay_150_0121_sla0.5", "base_id": "c12_replay_150_0121", "campus": 12, "size": 150, "condition": "sla0.5", "sla_multiplier": 0.5, "crew_multiplier": 1.0, "method": "pfifo", "seed": 301, "feasible": 1, "wwt": 835.7, "makespan": 86.9325, "mean_flow": 5.720666666666667, "breach_share": 0.1, "breach_p1": 0.3125, "breach_p2": 0.07142857142857142, "breach_p3": 0.07692307692307693, "breach_p4": 0.015625, "wall_seconds": 0.00028931302949786186}, "mor": {"id": "c12_replay_150_0121_sla0.5", "base_id": "c12_replay_150_0121", "campus": 12, "size": 150, "condition": "sla0.5", "sla_multiplier": 0.5, "crew_multiplier": 1.0, "method": "mor", "seed": 301, "feasible": 1, "wwt": 835.7, "makespan": 86.9325, "mean_flow": 5.720666666666667, "breach_share": 0.1, "breach_p1": 0.3125, "breach_p2": 0.07142857142857142, "breach_p3": 0.07692307692307693, "breach_p4": 0.015625, "wall_seconds": 0.00027364958077669144}, "random": {"id": "c12_replay_150_0121_sla0.5", "base_id": "c12_replay_150_0121", "campus": 12, "size": 150, "condition": "sla0.5", "sla_multiplier": 0.5, "crew_multiplier": 1.0, "method": "random", "seed": 301, "feasible": 1, "wwt": 835.7, "makespan": 86.9325, "mean_flow": 5.720666666666667, "breach_share": 0.1, "breach_p1": 0.3125, "breach_p2": 0.07142857142857142, "breach_p3": 0.07692307692307693, "breach_p4": 0.015625, "wall_seconds": 0.00027308007702231407}, "v2rl301": {"id": "c12_replay_150_0121_sla0.5", "base_id": "c12_replay_150_0121", "campus": 12, "size": 150, "condition": "sla0.5", "sla_multiplier": 0.5, "crew_multiplier": 1.0, "method": "v2rl301", "seed": 301, "feasible": 1, "wwt": 835.7, "makespan": 86.9325, "mean_flow": 5.720666666666667, "breach_share": 0.1, "breach_p1": 0.3125, "breach_p2": 0.07142857142857142, "breach_p3": 0.07692307692307693, "breach_p4": 0.015625, "wall_seconds": 0.015430266037583351}, "v2rl302": {"id": "c12_replay_150_0121_sla0.5", "base_id": "c12_replay_150_0121", "campus": 12, "size": 150, "condition": "sla0.5", "sla_multiplier": 0.5, "crew_multiplier": 1.0, "method": "v2rl302", "seed": 302, "feasible": 1, "wwt": 835.7, "makespan": 86.9325, "mean_flow": 5.720666666666667, "breach_share": 0.1, "breach_p1": 0.3125, "breach_p2": 0.07142857142857142, "breach_p3": 0.07692307692307693, "breach_p4": 0.015625, "wall_seconds": 0.014986264985054731}, "v2rl303": {"id": "c12_replay_150_0121_sla0.5", "base_id": "c12_replay_150_0121", "campus": 12, "size": 150, "condition": "sla0.5", "sla_multiplier": 0.5, "crew_multiplier": 1.0, "method": "v2rl303", "seed": 303, "feasible": 1, "wwt": 835.7, "makespan": 86.9325, "mean_flow": 5.720666666666667, "breach_share": 0.1, "breach_p1": 0.3125, "breach_p2": 0.07142857142857142, "breach_p3": 0.07692307692307693, "breach_p4": 0.015625, "wall_seconds": 0.01503317803144455}}, "methods_expected": ["edd", "wspt", "atc", "pfifo", "mor", "random", "v2rl301", "v2rl302", "v2rl303"], "infeasible": [], "wall_seconds_total": 0.049554578959941864}