{"shard_id": "c12_replay_150_0118_sla0.5", "id": "c12_replay_150_0118_sla0.5", "base_id": "c12_replay_150_0118", "campus": 12, "size": 150, "condition": "sla0.5", "rows": {"edd": {"id": "c12_replay_150_0118_sla0.5", "base_id": "c12_replay_150_0118", "campus": 12, "size": 150, "condition": "sla0.5", "sla_multiplier": 0.5, "crew_multiplier": 1.0, "method": "edd", "seed": 301, "feasible": 1, "wwt": 988.7824, "makespan": 41.5, "mean_flow": 3.6634146666666667, "breach_share": 0.16, "breach_p1": 0.23404255319148937, "breach_p2": 0.10526315789473684, "breach_p3": 0.0, "breach_p4": 0.0, "wall_seconds": 0.00033546192571520805}, "wspt": {"id": "c12_replay_150_0118_sla0.5", "base_id": "c12_replay_150_0118", "campus": 12, "size": 150, "condition": "sla0.5", "sla_multiplier": 0.5, "crew_multiplier": 1.0, "method": "wspt", "seed": 301, "feasible": 1, "wwt": 1048.7824, "makespan": 41.5, "mean_flow": 3.6634146666666667, "breach_share": 0.15333333333333332, "breach_p1": 0.22340425531914893, "breach_p2": 0.10526315789473684, "breach_p3": 0.0, "breach_p4": 0.0, "wall_seconds": 0.0003466261550784111}, "atc": {"id": "c12_replay_150_0118_sla0.5", "base_id": "c12_replay_150_0118", "campus": 12, "size": 150, "condition": "sla0.5", "sla_multiplier": 0.5, "crew_multiplier": 1.0, "method": "atc", "seed": 301, "feasible": 1, "wwt": 1040.7824, "makespan": 41.5, "mean_flow": 3.6634146666666667, "breach_share": 0.14666666666666667, "breach_p1": 0.2127659574468085, "breach_p2": 0.10526315789473684, "breach_p3": 0.0, "breach_p4": 0.0, "wall_seconds": 0.0005232179537415504}, "pfifo": {"id": "c12_replay_150_0118_sla0.5", "base_id": "c12_replay_150_0118", "campus": 12, "size": 150, "condition": "sla0.5", "sla_multiplier": 0.5, "crew_multiplier": 1.0, "method": "pfifo", "seed": 301, "feasible": 1, "wwt": 988.7824, "makespan": 41.5, "mean_flow": 3.6634146666666667, "breach_share": 0.16, "breach_p1": 0.23404255319148937, "breach_p2": 0.10526315789473684, "breach_p3": 0.0, "breach_p4": 0.0, "wall_seconds": 0.00031537190079689026}, "mor": {"id": "c12_replay_150_0118_sla0.5", "base_id": "c12_replay_150_0118", "campus": 12, "size": 150, "condition": "sla0.5", "sla_multiplier": 0.5, "crew_multiplier": 1.0, "method": "mor", "seed": 301, "feasible": 1, "wwt": 976.7824, "makespan": 41.5, "mean_flow": 3.679340666666667, "breach_share": 0.14666666666666667, "breach_p1": 0.2127659574468085, "breach_p2": 0.10526315789473684, "breach_p3": 0.0, "breach_p4": 0.0, "wall_seconds": 0.00031089968979358673}, "random": {"id": "c12_replay_150_0118_sla0.5", "base_id": "c12_replay_150_0118", "campus": 12, "size": 150, "condition": "sla0.5", "sla_multiplier": 0.5, "crew_multiplier": 1.0, "method": "random", "seed": 301, "feasible": 1, "wwt": 976.7824, "makespan": 41.5, "mean_flow": 3.666748, "breach_share": 0.14666666666666667, "breach_p1": 0.2127659574468085, "breach_p2": 0.10526315789473684, "breach_p3": 0.0, "breach_p4": 0.0, "wall_seconds": 0.00024486612528562546}, "v2rl301": {"id": "c12_replay_150_0118_sla0.5", "base_id": "c12_replay_150_0118", "campus": 12, "size": 150, "condition": "sla0.5", "sla_multiplier": 0.5, "crew_multiplier": 1.0, "method": "v2rl301", "seed": 301, "feasible": 1, "wwt": 976.7824, "makespan": 41.5, "mean_flow": 3.6760073333333336, "breach_share": 0.14666666666666667, "breach_p1": 0.2127659574468085, "breach_p2": 0.10526315789473684, "breach_p3": 0.0, "breach_p4": 0.0, "wall_seconds": 0.01616372400894761}, "v2rl302": {"id": "c12_replay_150_0118_sla0.5", "base_id": "c12_replay_150_0118", "campus": 12, "size": 150, "condition": "sla0.5", "sla_multiplier": 0.5, "crew_multiplier": 1.0, "method": "v2rl302", "seed": 302, "feasible": 1, "wwt": 1006.7824, "makespan": 41.5, "mean_flow": 3.6634146666666667, "breach_share": 0.17333333333333334, "breach_p1": 0.2553191489361702, "breach_p2": 0.10526315789473684, "breach_p3": 0.0, "breach_p4": 0.0, "wall_seconds": 0.01601490192115307}, "v2rl303": {"id": "c12_replay_150_0118_sla0.5", "base_id": "c12_replay_150_0118", "campus": 12, "size": 150, "condition": "sla0.5", "sla_multiplier": 0.5, "crew_multiplier": 1.0, "method": "v2rl303", "seed": 303, "feasible": 1, "wwt": 976.7824, "makespan": 41.5, "mean_flow": 3.6760073333333336, "breach_share": 0.14666666666666667, "breach_p1": 0.2127659574468085, "breach_p2": 0.10526315789473684, "breach_p3": 0.0, "breach_p4": 0.0, "wall_seconds": 0.015820658300071955}}, "methods_expected": ["edd", "wspt", "atc", "pfifo", "mor", "random", "v2rl301", "v2rl302", "v2rl303"], "infeasible": [], "wall_seconds_total": 0.05242361081764102}