{"shard_id": "c12_replay_150_0123_m1.25", "id": "c12_replay_150_0123_m1.25", "base_id": "c12_replay_150_0123", "campus": 12, "size": 150, "condition": "crew1.25", "rows": {"edd": {"id": "c12_replay_150_0123_m1.25", "base_id": "c12_replay_150_0123", "campus": 12, "size": 150, "condition": "crew1.25", "sla_multiplier": 1.0, "crew_multiplier": 1.25, "method": "edd", "seed": 301, "feasible": 1, "wwt": 482.0, "makespan": 90.8648, "mean_flow": 5.740296, "breach_share": 0.04666666666666667, "breach_p1": 0.14583333333333334, "breach_p2": 0.0, "breach_p3": 0.0, "breach_p4": 0.0, "wall_seconds": 0.00030056387186050415}, "wspt": {"id": "c12_replay_150_0123_m1.25", "base_id": "c12_replay_150_0123", "campus": 12, "size": 150, "condition": "crew1.25", "sla_multiplier": 1.0, "crew_multiplier": 1.25, "method": "wspt", "seed": 301, "feasible": 1, "wwt": 482.0, "makespan": 90.8648, "mean_flow": 5.740296, "breach_share": 0.04666666666666667, "breach_p1": 0.14583333333333334, "breach_p2": 0.0, "breach_p3": 0.0, "breach_p4": 0.0, "wall_seconds": 0.00029195426031947136}, "atc": {"id": "c12_replay_150_0123_m1.25", "base_id": "c12_replay_150_0123", "campus": 12, "size": 150, "condition": "crew1.25", "sla_multiplier": 1.0, "crew_multiplier": 1.25, "method": "atc", "seed": 301, "feasible": 1, "wwt": 482.0, "makespan": 90.8648, "mean_flow": 5.740296, "breach_share": 0.04666666666666667, "breach_p1": 0.14583333333333334, "breach_p2": 0.0, "breach_p3": 0.0, "breach_p4": 0.0, "wall_seconds": 0.0003891359083354473}, "pfifo": {"id": "c12_replay_150_0123_m1.25", "base_id": "c12_replay_150_0123", "campus": 12, "size": 150, "condition": "crew1.25", "sla_multiplier": 1.0, "crew_multiplier": 1.25, "method": "pfifo", "seed": 301, "feasible": 1, "wwt": 482.0, "makespan": 90.8648, "mean_flow": 5.740296, "breach_share": 0.04666666666666667, "breach_p1": 0.14583333333333334, "breach_p2": 0.0, "breach_p3": 0.0, "breach_p4": 0.0, "wall_seconds": 0.00028535304591059685}, "mor": {"id": "c12_replay_150_0123_m1.25", "base_id": "c12_replay_150_0123", "campus": 12, "size": 150, "condition": "crew1.25", "sla_multiplier": 1.0, "crew_multiplier": 1.25, "method": "mor", "seed": 301, "feasible": 1, "wwt": 482.0, "makespan": 90.8648, "mean_flow": 5.740296, "breach_share": 0.04666666666666667, "breach_p1": 0.14583333333333334, "breach_p2": 0.0, "breach_p3": 0.0, "breach_p4": 0.0, "wall_seconds": 0.0002967878244817257}, "random": {"id": "c12_replay_150_0123_m1.25", "base_id": "c12_replay_150_0123", "campus": 12, "size": 150, "condition": "crew1.25", "sla_multiplier": 1.0, "crew_multiplier": 1.25, "method": "random", "seed": 301, "feasible": 1, "wwt": 482.0, "makespan": 90.8648, "mean_flow": 5.740296, "breach_share": 0.04666666666666667, "breach_p1": 0.14583333333333334, "breach_p2": 0.0, "breach_p3": 0.0, "breach_p4": 0.0, "wall_seconds": 0.00029576709493994713}, "v2rl301": {"id": "c12_replay_150_0123_m1.25", "base_id": "c12_replay_150_0123", "campus": 12, "size": 150, "condition": "crew1.25", "sla_multiplier": 1.0, "crew_multiplier": 1.25, "method": "v2rl301", "seed": 301, "feasible": 1, "wwt": 482.0, "makespan": 90.8648, "mean_flow": 5.740296, "breach_share": 0.04666666666666667, "breach_p1": 0.14583333333333334, "breach_p2": 0.0, "breach_p3": 0.0, "breach_p4": 0.0, "wall_seconds": 0.015226192306727171}, "v2rl302": {"id": "c12_replay_150_0123_m1.25", "base_id": "c12_replay_150_0123", "campus": 12, "size": 150, "condition": "crew1.25", "sla_multiplier": 1.0, "crew_multiplier": 1.25, "method": "v2rl302", "seed": 302, "feasible": 1, "wwt": 482.0, "makespan": 90.8648, "mean_flow": 5.740296, "breach_share": 0.04666666666666667, "breach_p1": 0.14583333333333334, "breach_p2": 0.0, "breach_p3": 0.0, "breach_p4": 0.0, "wall_seconds": 0.015365737024694681}, "v2rl303": {"id": "c12_replay_150_0123_m1.25", "base_id": "c12_replay_150_0123", "campus": 12, "size": 150, "condition": "crew1.25", "sla_multiplier": 1.0, "crew_multiplier": 1.25, "method": "v2rl303", "seed": 303, "feasible": 1, "wwt": 482.0, "makespan": 90.8648, "mean_flow": 5.740296, "breach_share": 0.04666666666666667, "breach_p1": 0.14583333333333334, "breach_p2": 0.0, "breach_p3": 0.0, "breach_p4": 0.0, "wall_seconds": 0.015078559052199125}}, "methods_expected": ["edd", "wspt", "atc", "pfifo", "mor", "random", "v2rl301", "v2rl302", "v2rl303"], "infeasible": [], "wall_seconds_total": 0.04992045508697629}