{"shard_id": "c12_replay_400_0063_sla0.5", "id": "c12_replay_400_0063_sla0.5", "base_id": "c12_replay_400_0063", "campus": 12, "size": 400, "condition": "sla0.5", "rows": {"edd": {"id": "c12_replay_400_0063_sla0.5", "base_id": "c12_replay_400_0063", "campus": 12, "size": 400, "condition": "sla0.5", "sla_multiplier": 0.5, "crew_multiplier": 1.0, "method": "edd", "seed": 301, "feasible": 1, "wwt": 3834.9184000000005, "makespan": 115.0364, "mean_flow": 7.106412000000001, "breach_share": 0.105, "breach_p1": 0.3522727272727273, "breach_p2": 0.10666666666666667, "breach_p3": 0.01020408163265306, "breach_p4": 0.014388489208633094, "wall_seconds": 0.0006554201245307922}, "wspt": {"id": "c12_replay_400_0063_sla0.5", "base_id": "c12_replay_400_0063", "campus": 12, "size": 400, "condition": "sla0.5", "sla_multiplier": 0.5, "crew_multiplier": 1.0, "method": "wspt", "seed": 301, "feasible": 1, "wwt": 3834.9184000000005, "makespan": 115.0364, "mean_flow": 7.106412000000001, "breach_share": 0.105, "breach_p1": 0.3522727272727273, "breach_p2": 0.10666666666666667, "breach_p3": 0.01020408163265306, "breach_p4": 0.014388489208633094, "wall_seconds": 0.0006351470947265625}, "atc": {"id": "c12_replay_400_0063_sla0.5", "base_id": "c12_replay_400_0063", "campus": 12, "size": 400, "condition": "sla0.5", "sla_multiplier": 0.5, "crew_multiplier": 1.0, "method": "atc", "seed": 301, "feasible": 1, "wwt": 3834.9184000000005, "makespan": 115.0364, "mean_flow": 7.106412000000001, "breach_share": 0.105, "breach_p1": 0.3522727272727273, "breach_p2": 0.10666666666666667, "breach_p3": 0.01020408163265306, "breach_p4": 0.014388489208633094, "wall_seconds": 0.0008079232648015022}, "pfifo": {"id": "c12_replay_400_0063_sla0.5", "base_id": "c12_replay_400_0063", "campus": 12, "size": 400, "condition": "sla0.5", "sla_multiplier": 0.5, "crew_multiplier": 1.0, "method": "pfifo", "seed": 301, "feasible": 1, "wwt": 3834.9184000000005, "makespan": 115.0364, "mean_flow": 7.106412000000001, "breach_share": 0.105, "breach_p1": 0.3522727272727273, "breach_p2": 0.10666666666666667, "breach_p3": 0.01020408163265306, "breach_p4": 0.014388489208633094, "wall_seconds": 0.0006176140159368515}, "mor": {"id": "c12_replay_400_0063_sla0.5", "base_id": "c12_replay_400_0063", "campus": 12, "size": 400, "condition": "sla0.5", "sla_multiplier": 0.5, "crew_multiplier": 1.0, "method": "mor", "seed": 301, "feasible": 1, "wwt": 3834.9184000000005, "makespan": 115.0364, "mean_flow": 7.106412000000001, "breach_share": 0.105, "breach_p1": 0.3522727272727273, "breach_p2": 0.10666666666666667, "breach_p3": 0.01020408163265306, "breach_p4": 0.014388489208633094, "wall_seconds": 0.0006169979460537434}, "random": {"id": "c12_replay_400_0063_sla0.5", "base_id": "c12_replay_400_0063", "campus": 12, "size": 400, "condition": "sla0.5", "sla_multiplier": 0.5, "crew_multiplier": 1.0, "method": "random", "seed": 301, "feasible": 1, "wwt": 3834.9184000000005, "makespan": 115.0364, "mean_flow": 7.106412000000001, "breach_share": 0.105, "breach_p1": 0.3522727272727273, "breach_p2": 0.10666666666666667, "breach_p3": 0.01020408163265306, "breach_p4": 0.014388489208633094, "wall_seconds": 0.0005808211863040924}, "v2rl301": {"id": "c12_replay_400_0063_sla0.5", "base_id": "c12_replay_400_0063", "campus": 12, "size": 400, "condition": "sla0.5", "sla_multiplier": 0.5, "crew_multiplier": 1.0, "method": "v2rl301", "seed": 301, "feasible": 1, "wwt": 3834.9184000000005, "makespan": 115.0364, "mean_flow": 7.106412000000001, "breach_share": 0.105, "breach_p1": 0.3522727272727273, "breach_p2": 0.10666666666666667, "breach_p3": 0.01020408163265306, "breach_p4": 0.014388489208633094, "wall_seconds": 0.040069784969091415}, "v2rl302": {"id": "c12_replay_400_0063_sla0.5", "base_id": "c12_replay_400_0063", "campus": 12, "size": 400, "condition": "sla0.5", "sla_multiplier": 0.5, "crew_multiplier": 1.0, "method": "v2rl302", "seed": 302, "feasible": 1, "wwt": 3834.9184000000005, "makespan": 115.0364, "mean_flow": 7.106412000000001, "breach_share": 0.105, "breach_p1": 0.3522727272727273, "breach_p2": 0.10666666666666667, "breach_p3": 0.01020408163265306, "breach_p4": 0.014388489208633094, "wall_seconds": 0.03932794975116849}, "v2rl303": {"id": "c12_replay_400_0063_sla0.5", "base_id": "c12_replay_400_0063", "campus": 12, "size": 400, "condition": "sla0.5", "sla_multiplier": 0.5, "crew_multiplier": 1.0, "method": "v2rl303", "seed": 303, "feasible": 1, "wwt": 3834.9184000000005, "makespan": 115.0364, "mean_flow": 7.106412000000001, "breach_share": 0.105, "breach_p1": 0.3522727272727273, "breach_p2": 0.10666666666666667, "breach_p3": 0.01020408163265306, "breach_p4": 0.014388489208633094, "wall_seconds": 0.04097531409934163}}, "methods_expected": ["edd", "wspt", "atc", "pfifo", "mor", "random", "v2rl301", "v2rl302", "v2rl303"], "infeasible": [], "wall_seconds_total": 0.12893163971602917}