{"shard_id": "c12_replay_400_0080", "id": "c12_replay_400_0080", "base_id": "c12_replay_400_0080", "campus": 12, "size": 400, "condition": "baseline", "rows": {"edd": {"id": "c12_replay_400_0080", "base_id": "c12_replay_400_0080", "campus": 12, "size": 400, "condition": "baseline", "sla_multiplier": 1.0, "crew_multiplier": 1.0, "method": "edd", "seed": 301, "feasible": 1, "wwt": 1121.7296000000001, "makespan": 110.5998, "mean_flow": 5.49244425, "breach_share": 0.0375, "breach_p1": 0.1590909090909091, "breach_p2": 0.0, "breach_p3": 0.007352941176470588, "breach_p4": 0.0, "wall_seconds": 0.0006704572588205338}, "wspt": {"id": "c12_replay_400_0080", "base_id": "c12_replay_400_0080", "campus": 12, "size": 400, "condition": "baseline", "sla_multiplier": 1.0, "crew_multiplier": 1.0, "method": "wspt", "seed": 301, "feasible": 1, "wwt": 1130.6696000000002, "makespan": 110.5998, "mean_flow": 5.4360349999999995, "breach_share": 0.0375, "breach_p1": 0.1590909090909091, "breach_p2": 0.0, "breach_p3": 0.007352941176470588, "breach_p4": 0.0, "wall_seconds": 0.0006602178327739239}, "atc": {"id": "c12_replay_400_0080", "base_id": "c12_replay_400_0080", "campus": 12, "size": 400, "condition": "baseline", "sla_multiplier": 1.0, "crew_multiplier": 1.0, "method": "atc", "seed": 301, "feasible": 1, "wwt": 1121.7296000000001, "makespan": 110.5998, "mean_flow": 5.44011575, "breach_share": 0.0375, "breach_p1": 0.1590909090909091, "breach_p2": 0.0, "breach_p3": 0.007352941176470588, "breach_p4": 0.0, "wall_seconds": 0.0009462861344218254}, "pfifo": {"id": "c12_replay_400_0080", "base_id": "c12_replay_400_0080", "campus": 12, "size": 400, "condition": "baseline", "sla_multiplier": 1.0, "crew_multiplier": 1.0, "method": "pfifo", "seed": 301, "feasible": 1, "wwt": 1121.7296000000001, "makespan": 110.5998, "mean_flow": 5.49244425, "breach_share": 0.0375, "breach_p1": 0.1590909090909091, "breach_p2": 0.0, "breach_p3": 0.007352941176470588, "breach_p4": 0.0, "wall_seconds": 0.0007092021405696869}, "mor": {"id": "c12_replay_400_0080", "base_id": "c12_replay_400_0080", "campus": 12, "size": 400, "condition": "baseline", "sla_multiplier": 1.0, "crew_multiplier": 1.0, "method": "mor", "seed": 301, "feasible": 1, "wwt": 1121.7296000000001, "makespan": 110.5998, "mean_flow": 5.7479492500000005, "breach_share": 0.0375, "breach_p1": 0.1590909090909091, "breach_p2": 0.0, "breach_p3": 0.007352941176470588, "breach_p4": 0.0, "wall_seconds": 0.0006418819539248943}, "random": {"id": "c12_replay_400_0080", "base_id": "c12_replay_400_0080", "campus": 12, "size": 400, "condition": "baseline", "sla_multiplier": 1.0, "crew_multiplier": 1.0, "method": "random", "seed": 301, "feasible": 1, "wwt": 1126.9232000000002, "makespan": 110.5998, "mean_flow": 5.515395000000001, "breach_share": 0.04, "breach_p1": 0.17045454545454544, "breach_p2": 0.0, "breach_p3": 0.007352941176470588, "breach_p4": 0.0, "wall_seconds": 0.0006083990447223186}, "v2rl301": {"id": "c12_replay_400_0080", "base_id": "c12_replay_400_0080", "campus": 12, "size": 400, "condition": "baseline", "sla_multiplier": 1.0, "crew_multiplier": 1.0, "method": "v2rl301", "seed": 301, "feasible": 1, "wwt": 1121.7296000000001, "makespan": 110.5998, "mean_flow": 5.739401250000001, "breach_share": 0.0375, "breach_p1": 0.1590909090909091, "breach_p2": 0.0, "breach_p3": 0.007352941176470588, "breach_p4": 0.0, "wall_seconds": 0.04165863711386919}, "v2rl302": {"id": "c12_replay_400_0080", "base_id": "c12_replay_400_0080", "campus": 12, "size": 400, "condition": "baseline", "sla_multiplier": 1.0, "crew_multiplier": 1.0, "method": "v2rl302", "seed": 302, "feasible": 1, "wwt": 1121.7296000000001, "makespan": 110.5998, "mean_flow": 5.740651250000001, "breach_share": 0.0375, "breach_p1": 0.1590909090909091, "breach_p2": 0.0, "breach_p3": 0.007352941176470588, "breach_p4": 0.0, "wall_seconds": 0.04098051926121116}, "v2rl303": {"id": "c12_replay_400_0080", "base_id": "c12_replay_400_0080", "campus": 12, "size": 400, "condition": "baseline", "sla_multiplier": 1.0, "crew_multiplier": 1.0, "method": "v2rl303", "seed": 303, "feasible": 1, "wwt": 1121.7296000000001, "makespan": 110.5998, "mean_flow": 5.740651250000001, "breach_share": 0.0375, "breach_p1": 0.1590909090909091, "breach_p2": 0.0, "breach_p3": 0.007352941176470588, "breach_p4": 0.0, "wall_seconds": 0.04148379294201732}}, "methods_expected": ["edd", "wspt", "atc", "pfifo", "mor", "random", "v2rl301", "v2rl302", "v2rl303"], "infeasible": [], "wall_seconds_total": 0.13217589119449258}