{"shard_id": "c12_replay_400_0086_m0.75", "id": "c12_replay_400_0086_m0.75", "base_id": "c12_replay_400_0086", "campus": 12, "size": 400, "condition": "crew0.75", "rows": {"edd": {"id": "c12_replay_400_0086_m0.75", "base_id": "c12_replay_400_0086", "campus": 12, "size": 400, "condition": "crew0.75", "sla_multiplier": 1.0, "crew_multiplier": 0.75, "method": "edd", "seed": 301, "feasible": 1, "wwt": 2079.2167999999997, "makespan": 95.0795, "mean_flow": 5.46232225, "breach_share": 0.0475, "breach_p1": 0.17475728155339806, "breach_p2": 0.011904761904761904, "breach_p3": 0.0, "breach_p4": 0.0, "wall_seconds": 0.000650427769869566}, "wspt": {"id": "c12_replay_400_0086_m0.75", "base_id": "c12_replay_400_0086", "campus": 12, "size": 400, "condition": "crew0.75", "sla_multiplier": 1.0, "crew_multiplier": 0.75, "method": "wspt", "seed": 301, "feasible": 1, "wwt": 2071.332, "makespan": 95.0795, "mean_flow": 5.390842, "breach_share": 0.045, "breach_p1": 0.1650485436893204, "breach_p2": 0.011904761904761904, "breach_p3": 0.0, "breach_p4": 0.0, "wall_seconds": 0.0006507439538836479}, "atc": {"id": "c12_replay_400_0086_m0.75", "base_id": "c12_replay_400_0086", "campus": 12, "size": 400, "condition": "crew0.75", "sla_multiplier": 1.0, "crew_multiplier": 0.75, "method": "atc", "seed": 301, "feasible": 1, "wwt": 2064.6672, "makespan": 95.0795, "mean_flow": 5.43428375, "breach_share": 0.045, "breach_p1": 0.1650485436893204, "breach_p2": 0.011904761904761904, "breach_p3": 0.0, "breach_p4": 0.0, "wall_seconds": 0.0009040269069373608}, "pfifo": {"id": "c12_replay_400_0086_m0.75", "base_id": "c12_replay_400_0086", "campus": 12, "size": 400, "condition": "crew0.75", "sla_multiplier": 1.0, "crew_multiplier": 0.75, "method": "pfifo", "seed": 301, "feasible": 1, "wwt": 2079.2167999999997, "makespan": 95.0795, "mean_flow": 5.46232225, "breach_share": 0.0475, "breach_p1": 0.17475728155339806, "breach_p2": 0.011904761904761904, "breach_p3": 0.0, "breach_p4": 0.0, "wall_seconds": 0.0006413087248802185}, "mor": {"id": "c12_replay_400_0086_m0.75", "base_id": "c12_replay_400_0086", "campus": 12, "size": 400, "condition": "crew0.75", "sla_multiplier": 1.0, "crew_multiplier": 0.75, "method": "mor", "seed": 301, "feasible": 1, "wwt": 2216.2896, "makespan": 95.0795, "mean_flow": 5.5706887499999995, "breach_share": 0.05, "breach_p1": 0.18446601941747573, "breach_p2": 0.011904761904761904, "breach_p3": 0.0, "breach_p4": 0.0, "wall_seconds": 0.0006273798644542694}, "random": {"id": "c12_replay_400_0086_m0.75", "base_id": "c12_replay_400_0086", "campus": 12, "size": 400, "condition": "crew0.75", "sla_multiplier": 1.0, "crew_multiplier": 0.75, "method": "random", "seed": 301, "feasible": 1, "wwt": 2173.3244, "makespan": 95.0795, "mean_flow": 5.428395, "breach_share": 0.0525, "breach_p1": 0.18446601941747573, "breach_p2": 0.023809523809523808, "breach_p3": 0.0, "breach_p4": 0.0, "wall_seconds": 0.0005475110374391079}, "v2rl301": {"id": "c12_replay_400_0086_m0.75", "base_id": "c12_replay_400_0086", "campus": 12, "size": 400, "condition": "crew0.75", "sla_multiplier": 1.0, "crew_multiplier": 0.75, "method": "v2rl301", "seed": 301, "feasible": 1, "wwt": 2084.5791999999997, "makespan": 95.0795, "mean_flow": 5.47527775, "breach_share": 0.05, "breach_p1": 0.17475728155339806, "breach_p2": 0.023809523809523808, "breach_p3": 0.0, "breach_p4": 0.0, "wall_seconds": 0.042536556255072355}, "v2rl302": {"id": "c12_replay_400_0086_m0.75", "base_id": "c12_replay_400_0086", "campus": 12, "size": 400, "condition": "crew0.75", "sla_multiplier": 1.0, "crew_multiplier": 0.75, "method": "v2rl302", "seed": 302, "feasible": 1, "wwt": 2144.2255999999998, "makespan": 95.0795, "mean_flow": 5.510316, "breach_share": 0.05, "breach_p1": 0.18446601941747573, "breach_p2": 0.011904761904761904, "breach_p3": 0.0, "breach_p4": 0.0, "wall_seconds": 0.04125814884901047}, "v2rl303": {"id": "c12_replay_400_0086_m0.75", "base_id": "c12_replay_400_0086", "campus": 12, "size": 400, "condition": "crew0.75", "sla_multiplier": 1.0, "crew_multiplier": 0.75, "method": "v2rl303", "seed": 303, "feasible": 1, "wwt": 2148.2255999999998, "makespan": 95.0795, "mean_flow": 5.509066000000001, "breach_share": 0.05, "breach_p1": 0.18446601941747573, "breach_p2": 0.011904761904761904, "breach_p3": 0.0, "breach_p4": 0.0, "wall_seconds": 0.04154248908162117}}, "methods_expected": ["edd", "wspt", "atc", "pfifo", "mor", "random", "v2rl301", "v2rl302", "v2rl303"], "infeasible": [], "wall_seconds_total": 0.13386091822758317}