{"shard_id": "c12_replay_400_0074", "id": "c12_replay_400_0074", "base_id": "c12_replay_400_0074", "campus": 12, "size": 400, "condition": "baseline", "rows": {"edd": {"id": "c12_replay_400_0074", "base_id": "c12_replay_400_0074", "campus": 12, "size": 400, "condition": "baseline", "sla_multiplier": 1.0, "crew_multiplier": 1.0, "method": "edd", "seed": 301, "feasible": 1, "wwt": 1218.0, "makespan": 129.0, "mean_flow": 5.8129420000000005, "breach_share": 0.04, "breach_p1": 0.19117647058823528, "breach_p2": 0.05660377358490566, "breach_p3": 0.0, "breach_p4": 0.0, "wall_seconds": 0.0006566038355231285}, "wspt": {"id": "c12_replay_400_0074", "base_id": "c12_replay_400_0074", "campus": 12, "size": 400, "condition": "baseline", "sla_multiplier": 1.0, "crew_multiplier": 1.0, "method": "wspt", "seed": 301, "feasible": 1, "wwt": 1218.0, "makespan": 129.0, "mean_flow": 5.8129420000000005, "breach_share": 0.04, "breach_p1": 0.19117647058823528, "breach_p2": 0.05660377358490566, "breach_p3": 0.0, "breach_p4": 0.0, "wall_seconds": 0.0006401999853551388}, "atc": {"id": "c12_replay_400_0074", "base_id": "c12_replay_400_0074", "campus": 12, "size": 400, "condition": "baseline", "sla_multiplier": 1.0, "crew_multiplier": 1.0, "method": "atc", "seed": 301, "feasible": 1, "wwt": 1218.0, "makespan": 129.0, "mean_flow": 5.8129420000000005, "breach_share": 0.04, "breach_p1": 0.19117647058823528, "breach_p2": 0.05660377358490566, "breach_p3": 0.0, "breach_p4": 0.0, "wall_seconds": 0.0008071381598711014}, "pfifo": {"id": "c12_replay_400_0074", "base_id": "c12_replay_400_0074", "campus": 12, "size": 400, "condition": "baseline", "sla_multiplier": 1.0, "crew_multiplier": 1.0, "method": "pfifo", "seed": 301, "feasible": 1, "wwt": 1218.0, "makespan": 129.0, "mean_flow": 5.8129420000000005, "breach_share": 0.04, "breach_p1": 0.19117647058823528, "breach_p2": 0.05660377358490566, "breach_p3": 0.0, "breach_p4": 0.0, "wall_seconds": 0.0006209402345120907}, "mor": {"id": "c12_replay_400_0074", "base_id": "c12_replay_400_0074", "campus": 12, "size": 400, "condition": "baseline", "sla_multiplier": 1.0, "crew_multiplier": 1.0, "method": "mor", "seed": 301, "feasible": 1, "wwt": 1218.0, "makespan": 129.0, "mean_flow": 5.8129420000000005, "breach_share": 0.04, "breach_p1": 0.19117647058823528, "breach_p2": 0.05660377358490566, "breach_p3": 0.0, "breach_p4": 0.0, "wall_seconds": 0.0006226780824363232}, "random": {"id": "c12_replay_400_0074", "base_id": "c12_replay_400_0074", "campus": 12, "size": 400, "condition": "baseline", "sla_multiplier": 1.0, "crew_multiplier": 1.0, "method": "random", "seed": 301, "feasible": 1, "wwt": 1218.0, "makespan": 129.0, "mean_flow": 5.8129420000000005, "breach_share": 0.04, "breach_p1": 0.19117647058823528, "breach_p2": 0.05660377358490566, "breach_p3": 0.0, "breach_p4": 0.0, "wall_seconds": 0.0005930019542574883}, "v2rl301": {"id": "c12_replay_400_0074", "base_id": "c12_replay_400_0074", "campus": 12, "size": 400, "condition": "baseline", "sla_multiplier": 1.0, "crew_multiplier": 1.0, "method": "v2rl301", "seed": 301, "feasible": 1, "wwt": 1218.0, "makespan": 129.0, "mean_flow": 5.8129420000000005, "breach_share": 0.04, "breach_p1": 0.19117647058823528, "breach_p2": 0.05660377358490566, "breach_p3": 0.0, "breach_p4": 0.0, "wall_seconds": 0.04023351613432169}, "v2rl302": {"id": "c12_replay_400_0074", "base_id": "c12_replay_400_0074", "campus": 12, "size": 400, "condition": "baseline", "sla_multiplier": 1.0, "crew_multiplier": 1.0, "method": "v2rl302", "seed": 302, "feasible": 1, "wwt": 1218.0, "makespan": 129.0, "mean_flow": 5.8129420000000005, "breach_share": 0.04, "breach_p1": 0.19117647058823528, "breach_p2": 0.05660377358490566, "breach_p3": 0.0, "breach_p4": 0.0, "wall_seconds": 0.039632610976696014}, "v2rl303": {"id": "c12_replay_400_0074", "base_id": "c12_replay_400_0074", "campus": 12, "size": 400, "condition": "baseline", "sla_multiplier": 1.0, "crew_multiplier": 1.0, "method": "v2rl303", "seed": 303, "feasible": 1, "wwt": 1218.0, "makespan": 129.0, "mean_flow": 5.8129420000000005, "breach_share": 0.04, "breach_p1": 0.19117647058823528, "breach_p2": 0.05660377358490566, "breach_p3": 0.0, "breach_p4": 0.0, "wall_seconds": 0.040028735995292664}}, "methods_expected": ["edd", "wspt", "atc", "pfifo", "mor", "random", "v2rl301", "v2rl302", "v2rl303"], "infeasible": [], "wall_seconds_total": 0.1276335367001593}