{"shard_id": "c12_replay_400_0082_m0.75", "id": "c12_replay_400_0082_m0.75", "base_id": "c12_replay_400_0082", "campus": 12, "size": 400, "condition": "crew0.75", "rows": {"edd": {"id": "c12_replay_400_0082_m0.75", "base_id": "c12_replay_400_0082", "campus": 12, "size": 400, "condition": "crew0.75", "sla_multiplier": 1.0, "crew_multiplier": 0.75, "method": "edd", "seed": 301, "feasible": 1, "wwt": 352.31819999999993, "makespan": 123.8354, "mean_flow": 7.57225325, "breach_share": 0.0225, "breach_p1": 0.08641975308641975, "breach_p2": 0.0, "breach_p3": 0.020833333333333332, "breach_p4": 0.0, "wall_seconds": 0.0006297691725194454}, "wspt": {"id": "c12_replay_400_0082_m0.75", "base_id": "c12_replay_400_0082", "campus": 12, "size": 400, "condition": "crew0.75", "sla_multiplier": 1.0, "crew_multiplier": 0.75, "method": "wspt", "seed": 301, "feasible": 1, "wwt": 354.87819999999994, "makespan": 123.462, "mean_flow": 7.4860215, "breach_share": 0.0225, "breach_p1": 0.08641975308641975, "breach_p2": 0.0, "breach_p3": 0.020833333333333332, "breach_p4": 0.0, "wall_seconds": 0.0006130491383373737}, "atc": {"id": "c12_replay_400_0082_m0.75", "base_id": "c12_replay_400_0082", "campus": 12, "size": 400, "condition": "crew0.75", "sla_multiplier": 1.0, "crew_multiplier": 0.75, "method": "atc", "seed": 301, "feasible": 1, "wwt": 354.87819999999994, "makespan": 123.462, "mean_flow": 7.50078675, "breach_share": 0.0225, "breach_p1": 0.08641975308641975, "breach_p2": 0.0, "breach_p3": 0.020833333333333332, "breach_p4": 0.0, "wall_seconds": 0.0008062100969254971}, "pfifo": {"id": "c12_replay_400_0082_m0.75", "base_id": "c12_replay_400_0082", "campus": 12, "size": 400, "condition": "crew0.75", "sla_multiplier": 1.0, "crew_multiplier": 0.75, "method": "pfifo", "seed": 301, "feasible": 1, "wwt": 352.31819999999993, "makespan": 123.8354, "mean_flow": 7.57225325, "breach_share": 0.0225, "breach_p1": 0.08641975308641975, "breach_p2": 0.0, "breach_p3": 0.020833333333333332, "breach_p4": 0.0, "wall_seconds": 0.000735837034881115}, "mor": {"id": "c12_replay_400_0082_m0.75", "base_id": "c12_replay_400_0082", "campus": 12, "size": 400, "condition": "crew0.75", "sla_multiplier": 1.0, "crew_multiplier": 0.75, "method": "mor", "seed": 301, "feasible": 1, "wwt": 352.31819999999993, "makespan": 115.66290000000001, "mean_flow": 7.726978750000001, "breach_share": 0.0225, "breach_p1": 0.08641975308641975, "breach_p2": 0.0, "breach_p3": 0.020833333333333332, "breach_p4": 0.0, "wall_seconds": 0.000642367172986269}, "random": {"id": "c12_replay_400_0082_m0.75", "base_id": "c12_replay_400_0082", "campus": 12, "size": 400, "condition": "crew0.75", "sla_multiplier": 1.0, "crew_multiplier": 0.75, "method": "random", "seed": 301, "feasible": 1, "wwt": 370.26419999999996, "makespan": 124.27170000000001, "mean_flow": 7.558108, "breach_share": 0.0225, "breach_p1": 0.08641975308641975, "breach_p2": 0.0, "breach_p3": 0.020833333333333332, "breach_p4": 0.0, "wall_seconds": 0.0005701766349375248}, "v2rl301": {"id": "c12_replay_400_0082_m0.75", "base_id": "c12_replay_400_0082", "campus": 12, "size": 400, "condition": "crew0.75", "sla_multiplier": 1.0, "crew_multiplier": 0.75, "method": "v2rl301", "seed": 301, "feasible": 1, "wwt": 352.31819999999993, "makespan": 115.66290000000001, "mean_flow": 7.640083999999999, "breach_share": 0.0225, "breach_p1": 0.08641975308641975, "breach_p2": 0.0, "breach_p3": 0.020833333333333332, "breach_p4": 0.0, "wall_seconds": 0.04167711595073342}, "v2rl302": {"id": "c12_replay_400_0082_m0.75", "base_id": "c12_replay_400_0082", "campus": 12, "size": 400, "condition": "crew0.75", "sla_multiplier": 1.0, "crew_multiplier": 0.75, "method": "v2rl302", "seed": 302, "feasible": 1, "wwt": 352.31819999999993, "makespan": 115.66290000000001, "mean_flow": 7.638744999999999, "breach_share": 0.0225, "breach_p1": 0.08641975308641975, "breach_p2": 0.0, "breach_p3": 0.020833333333333332, "breach_p4": 0.0, "wall_seconds": 0.041428472846746445}, "v2rl303": {"id": "c12_replay_400_0082_m0.75", "base_id": "c12_replay_400_0082", "campus": 12, "size": 400, "condition": "crew0.75", "sla_multiplier": 1.0, "crew_multiplier": 0.75, "method": "v2rl303", "seed": 303, "feasible": 1, "wwt": 352.31819999999993, "makespan": 115.66290000000001, "mean_flow": 7.6460040000000005, "breach_share": 0.0225, "breach_p1": 0.08641975308641975, "breach_p2": 0.0, "breach_p3": 0.020833333333333332, "breach_p4": 0.0, "wall_seconds": 0.041323056910187006}}, "methods_expected": ["edd", "wspt", "atc", "pfifo", "mor", "random", "v2rl301", "v2rl302", "v2rl303"], "infeasible": [], "wall_seconds_total": 0.13310729386284947}