{"shard_id": "c12_replay_150_0123_m0.75", "id": "c12_replay_150_0123_m0.75", "base_id": "c12_replay_150_0123", "campus": 12, "size": 150, "condition": "crew0.75", "rows": {"edd": {"id": "c12_replay_150_0123_m0.75", "base_id": "c12_replay_150_0123", "campus": 12, "size": 150, "condition": "crew0.75", "sla_multiplier": 1.0, "crew_multiplier": 0.75, "method": "edd", "seed": 301, "feasible": 1, "wwt": 486.0, "makespan": 90.8648, "mean_flow": 5.777073999999999, "breach_share": 0.05333333333333334, "breach_p1": 0.16666666666666666, "breach_p2": 0.0, "breach_p3": 0.0, "breach_p4": 0.0, "wall_seconds": 0.00026754382997751236}, "wspt": {"id": "c12_replay_150_0123_m0.75", "base_id": "c12_replay_150_0123", "campus": 12, "size": 150, "condition": "crew0.75", "sla_multiplier": 1.0, "crew_multiplier": 0.75, "method": "wspt", "seed": 301, "feasible": 1, "wwt": 503.1936, "makespan": 90.8648, "mean_flow": 5.775407333333333, "breach_share": 0.05333333333333334, "breach_p1": 0.16666666666666666, "breach_p2": 0.0, "breach_p3": 0.0, "breach_p4": 0.0, "wall_seconds": 0.00026818644255399704}, "atc": {"id": "c12_replay_150_0123_m0.75", "base_id": "c12_replay_150_0123", "campus": 12, "size": 150, "condition": "crew0.75", "sla_multiplier": 1.0, "crew_multiplier": 0.75, "method": "atc", "seed": 301, "feasible": 1, "wwt": 490.94, "makespan": 90.8648, "mean_flow": 5.775407333333333, "breach_share": 0.04666666666666667, "breach_p1": 0.14583333333333334, "breach_p2": 0.0, "breach_p3": 0.0, "breach_p4": 0.0, "wall_seconds": 0.00035085901618003845}, "pfifo": {"id": "c12_replay_150_0123_m0.75", "base_id": "c12_replay_150_0123", "campus": 12, "size": 150, "condition": "crew0.75", "sla_multiplier": 1.0, "crew_multiplier": 0.75, "method": "pfifo", "seed": 301, "feasible": 1, "wwt": 486.0, "makespan": 90.8648, "mean_flow": 5.777073999999999, "breach_share": 0.05333333333333334, "breach_p1": 0.16666666666666666, "breach_p2": 0.0, "breach_p3": 0.0, "breach_p4": 0.0, "wall_seconds": 0.0002592080272734165}, "mor": {"id": "c12_replay_150_0123_m0.75", "base_id": "c12_replay_150_0123", "campus": 12, "size": 150, "condition": "crew0.75", "sla_multiplier": 1.0, "crew_multiplier": 0.75, "method": "mor", "seed": 301, "feasible": 1, "wwt": 482.0, "makespan": 90.8648, "mean_flow": 5.781077999999999, "breach_share": 0.04666666666666667, "breach_p1": 0.14583333333333334, "breach_p2": 0.0, "breach_p3": 0.0, "breach_p4": 0.0, "wall_seconds": 0.00025469670072197914}, "random": {"id": "c12_replay_150_0123_m0.75", "base_id": "c12_replay_150_0123", "campus": 12, "size": 150, "condition": "crew0.75", "sla_multiplier": 1.0, "crew_multiplier": 0.75, "method": "random", "seed": 301, "feasible": 1, "wwt": 491.1936, "makespan": 90.8648, "mean_flow": 5.779411333333332, "breach_share": 0.04666666666666667, "breach_p1": 0.14583333333333334, "breach_p2": 0.0, "breach_p3": 0.0, "breach_p4": 0.0, "wall_seconds": 0.00023744534701108932}, "v2rl301": {"id": "c12_replay_150_0123_m0.75", "base_id": "c12_replay_150_0123", "campus": 12, "size": 150, "condition": "crew0.75", "sla_multiplier": 1.0, "crew_multiplier": 0.75, "method": "v2rl301", "seed": 301, "feasible": 1, "wwt": 482.0, "makespan": 90.8648, "mean_flow": 5.781077999999999, "breach_share": 0.04666666666666667, "breach_p1": 0.14583333333333334, "breach_p2": 0.0, "breach_p3": 0.0, "breach_p4": 0.0, "wall_seconds": 0.015673291869461536}, "v2rl302": {"id": "c12_replay_150_0123_m0.75", "base_id": "c12_replay_150_0123", "campus": 12, "size": 150, "condition": "crew0.75", "sla_multiplier": 1.0, "crew_multiplier": 0.75, "method": "v2rl302", "seed": 302, "feasible": 1, "wwt": 482.0, "makespan": 90.8648, "mean_flow": 5.781077999999999, "breach_share": 0.04666666666666667, "breach_p1": 0.14583333333333334, "breach_p2": 0.0, "breach_p3": 0.0, "breach_p4": 0.0, "wall_seconds": 0.015555070713162422}, "v2rl303": {"id": "c12_replay_150_0123_m0.75", "base_id": "c12_replay_150_0123", "campus": 12, "size": 150, "condition": "crew0.75", "sla_multiplier": 1.0, "crew_multiplier": 0.75, "method": "v2rl303", "seed": 303, "feasible": 1, "wwt": 482.0, "makespan": 90.8648, "mean_flow": 5.779411333333332, "breach_share": 0.04666666666666667, "breach_p1": 0.14583333333333334, "breach_p2": 0.0, "breach_p3": 0.0, "breach_p4": 0.0, "wall_seconds": 0.015530300792306662}}, "methods_expected": ["edd", "wspt", "atc", "pfifo", "mor", "random", "v2rl301", "v2rl302", "v2rl303"], "infeasible": [], "wall_seconds_total": 0.0506230928003788}