{"shard_id": "c12_replay_400_0089", "id": "c12_replay_400_0089", "base_id": "c12_replay_400_0089", "campus": 12, "size": 400, "condition": "baseline", "rows": {"edd": {"id": "c12_replay_400_0089", "base_id": "c12_replay_400_0089", "campus": 12, "size": 400, "condition": "baseline", "sla_multiplier": 1.0, "crew_multiplier": 1.0, "method": "edd", "seed": 301, "feasible": 1, "wwt": 1758.0, "makespan": 107.849, "mean_flow": 7.0574875, "breach_share": 0.0475, "breach_p1": 0.2236842105263158, "breach_p2": 0.03076923076923077, "breach_p3": 0.0, "breach_p4": 0.0, "wall_seconds": 0.0006661349907517433}, "wspt": {"id": "c12_replay_400_0089", "base_id": "c12_replay_400_0089", "campus": 12, "size": 400, "condition": "baseline", "sla_multiplier": 1.0, "crew_multiplier": 1.0, "method": "wspt", "seed": 301, "feasible": 1, "wwt": 1758.0, "makespan": 107.849, "mean_flow": 7.05289575, "breach_share": 0.0475, "breach_p1": 0.2236842105263158, "breach_p2": 0.03076923076923077, "breach_p3": 0.0, "breach_p4": 0.0, "wall_seconds": 0.0006985706277191639}, "atc": {"id": "c12_replay_400_0089", "base_id": "c12_replay_400_0089", "campus": 12, "size": 400, "condition": "baseline", "sla_multiplier": 1.0, "crew_multiplier": 1.0, "method": "atc", "seed": 301, "feasible": 1, "wwt": 1758.0, "makespan": 107.849, "mean_flow": 7.0552845, "breach_share": 0.0475, "breach_p1": 0.2236842105263158, "breach_p2": 0.03076923076923077, "breach_p3": 0.0, "breach_p4": 0.0, "wall_seconds": 0.0007976838387548923}, "pfifo": {"id": "c12_replay_400_0089", "base_id": "c12_replay_400_0089", "campus": 12, "size": 400, "condition": "baseline", "sla_multiplier": 1.0, "crew_multiplier": 1.0, "method": "pfifo", "seed": 301, "feasible": 1, "wwt": 1758.0, "makespan": 107.849, "mean_flow": 7.0574875, "breach_share": 0.0475, "breach_p1": 0.2236842105263158, "breach_p2": 0.03076923076923077, "breach_p3": 0.0, "breach_p4": 0.0, "wall_seconds": 0.0006251819431781769}, "mor": {"id": "c12_replay_400_0089", "base_id": "c12_replay_400_0089", "campus": 12, "size": 400, "condition": "baseline", "sla_multiplier": 1.0, "crew_multiplier": 1.0, "method": "mor", "seed": 301, "feasible": 1, "wwt": 1758.0, "makespan": 107.849, "mean_flow": 7.062532749999999, "breach_share": 0.0475, "breach_p1": 0.2236842105263158, "breach_p2": 0.03076923076923077, "breach_p3": 0.0, "breach_p4": 0.0, "wall_seconds": 0.000615196768194437}, "random": {"id": "c12_replay_400_0089", "base_id": "c12_replay_400_0089", "campus": 12, "size": 400, "condition": "baseline", "sla_multiplier": 1.0, "crew_multiplier": 1.0, "method": "random", "seed": 301, "feasible": 1, "wwt": 1758.0, "makespan": 107.849, "mean_flow": 7.055440999999999, "breach_share": 0.0475, "breach_p1": 0.2236842105263158, "breach_p2": 0.03076923076923077, "breach_p3": 0.0, "breach_p4": 0.0, "wall_seconds": 0.0005887080915272236}, "v2rl301": {"id": "c12_replay_400_0089", "base_id": "c12_replay_400_0089", "campus": 12, "size": 400, "condition": "baseline", "sla_multiplier": 1.0, "crew_multiplier": 1.0, "method": "v2rl301", "seed": 301, "feasible": 1, "wwt": 1758.0, "makespan": 107.849, "mean_flow": 7.06190775, "breach_share": 0.0475, "breach_p1": 0.2236842105263158, "breach_p2": 0.03076923076923077, "breach_p3": 0.0, "breach_p4": 0.0, "wall_seconds": 0.04058669088408351}, "v2rl302": {"id": "c12_replay_400_0089", "base_id": "c12_replay_400_0089", "campus": 12, "size": 400, "condition": "baseline", "sla_multiplier": 1.0, "crew_multiplier": 1.0, "method": "v2rl302", "seed": 302, "feasible": 1, "wwt": 1758.0, "makespan": 107.849, "mean_flow": 7.062532749999999, "breach_share": 0.0475, "breach_p1": 0.2236842105263158, "breach_p2": 0.03076923076923077, "breach_p3": 0.0, "breach_p4": 0.0, "wall_seconds": 0.039762417785823345}, "v2rl303": {"id": "c12_replay_400_0089", "base_id": "c12_replay_400_0089", "campus": 12, "size": 400, "condition": "baseline", "sla_multiplier": 1.0, "crew_multiplier": 1.0, "method": "v2rl303", "seed": 303, "feasible": 1, "wwt": 1758.0, "makespan": 107.849, "mean_flow": 7.06253275, "breach_share": 0.0475, "breach_p1": 0.2236842105263158, "breach_p2": 0.03076923076923077, "breach_p3": 0.0, "breach_p4": 0.0, "wall_seconds": 0.03982129134237766}}, "methods_expected": ["edd", "wspt", "atc", "pfifo", "mor", "random", "v2rl301", "v2rl302", "v2rl303"], "infeasible": [], "wall_seconds_total": 0.12793456902727485}