{"shard_id": "c12_replay_150_0112_m1.25", "id": "c12_replay_150_0112_m1.25", "base_id": "c12_replay_150_0112", "campus": 12, "size": 150, "condition": "crew1.25", "rows": {"edd": {"id": "c12_replay_150_0112_m1.25", "base_id": "c12_replay_150_0112", "campus": 12, "size": 150, "condition": "crew1.25", "sla_multiplier": 1.0, "crew_multiplier": 1.25, "method": "edd", "seed": 301, "feasible": 1, "wwt": 301.6, "makespan": 92.4528, "mean_flow": 6.2574320000000005, "breach_share": 0.03333333333333333, "breach_p1": 0.13513513513513514, "breach_p2": 0.0, "breach_p3": 0.0, "breach_p4": 0.0, "wall_seconds": 0.00028833094984292984}, "wspt": {"id": "c12_replay_150_0112_m1.25", "base_id": "c12_replay_150_0112", "campus": 12, "size": 150, "condition": "crew1.25", "sla_multiplier": 1.0, "crew_multiplier": 1.25, "method": "wspt", "seed": 301, "feasible": 1, "wwt": 301.6, "makespan": 92.4528, "mean_flow": 6.2574320000000005, "breach_share": 0.03333333333333333, "breach_p1": 0.13513513513513514, "breach_p2": 0.0, "breach_p3": 0.0, "breach_p4": 0.0, "wall_seconds": 0.000295417383313179}, "atc": {"id": "c12_replay_150_0112_m1.25", "base_id": "c12_replay_150_0112", "campus": 12, "size": 150, "condition": "crew1.25", "sla_multiplier": 1.0, "crew_multiplier": 1.25, "method": "atc", "seed": 301, "feasible": 1, "wwt": 301.6, "makespan": 92.4528, "mean_flow": 6.2574320000000005, "breach_share": 0.03333333333333333, "breach_p1": 0.13513513513513514, "breach_p2": 0.0, "breach_p3": 0.0, "breach_p4": 0.0, "wall_seconds": 0.00037596095353364944}, "pfifo": {"id": "c12_replay_150_0112_m1.25", "base_id": "c12_replay_150_0112", "campus": 12, "size": 150, "condition": "crew1.25", "sla_multiplier": 1.0, "crew_multiplier": 1.25, "method": "pfifo", "seed": 301, "feasible": 1, "wwt": 301.6, "makespan": 92.4528, "mean_flow": 6.2574320000000005, "breach_share": 0.03333333333333333, "breach_p1": 0.13513513513513514, "breach_p2": 0.0, "breach_p3": 0.0, "breach_p4": 0.0, "wall_seconds": 0.0002948399633169174}, "mor": {"id": "c12_replay_150_0112_m1.25", "base_id": "c12_replay_150_0112", "campus": 12, "size": 150, "condition": "crew1.25", "sla_multiplier": 1.0, "crew_multiplier": 1.25, "method": "mor", "seed": 301, "feasible": 1, "wwt": 301.6, "makespan": 92.4528, "mean_flow": 6.2574320000000005, "breach_share": 0.03333333333333333, "breach_p1": 0.13513513513513514, "breach_p2": 0.0, "breach_p3": 0.0, "breach_p4": 0.0, "wall_seconds": 0.00030379602685570717}, "random": {"id": "c12_replay_150_0112_m1.25", "base_id": "c12_replay_150_0112", "campus": 12, "size": 150, "condition": "crew1.25", "sla_multiplier": 1.0, "crew_multiplier": 1.25, "method": "random", "seed": 301, "feasible": 1, "wwt": 301.6, "makespan": 92.4528, "mean_flow": 6.2574320000000005, "breach_share": 0.03333333333333333, "breach_p1": 0.13513513513513514, "breach_p2": 0.0, "breach_p3": 0.0, "breach_p4": 0.0, "wall_seconds": 0.00026680203154683113}, "v2rl301": {"id": "c12_replay_150_0112_m1.25", "base_id": "c12_replay_150_0112", "campus": 12, "size": 150, "condition": "crew1.25", "sla_multiplier": 1.0, "crew_multiplier": 1.25, "method": "v2rl301", "seed": 301, "feasible": 1, "wwt": 301.6, "makespan": 92.4528, "mean_flow": 6.2574320000000005, "breach_share": 0.03333333333333333, "breach_p1": 0.13513513513513514, "breach_p2": 0.0, "breach_p3": 0.0, "breach_p4": 0.0, "wall_seconds": 0.015516096726059914}, "v2rl302": {"id": "c12_replay_150_0112_m1.25", "base_id": "c12_replay_150_0112", "campus": 12, "size": 150, "condition": "crew1.25", "sla_multiplier": 1.0, "crew_multiplier": 1.25, "method": "v2rl302", "seed": 302, "feasible": 1, "wwt": 301.6, "makespan": 92.4528, "mean_flow": 6.2574320000000005, "breach_share": 0.03333333333333333, "breach_p1": 0.13513513513513514, "breach_p2": 0.0, "breach_p3": 0.0, "breach_p4": 0.0, "wall_seconds": 0.014777267817407846}, "v2rl303": {"id": "c12_replay_150_0112_m1.25", "base_id": "c12_replay_150_0112", "campus": 12, "size": 150, "condition": "crew1.25", "sla_multiplier": 1.0, "crew_multiplier": 1.25, "method": "v2rl303", "seed": 303, "feasible": 1, "wwt": 301.6, "makespan": 92.4528, "mean_flow": 6.2574320000000005, "breach_share": 0.03333333333333333, "breach_p1": 0.13513513513513514, "breach_p2": 0.0, "breach_p3": 0.0, "breach_p4": 0.0, "wall_seconds": 0.01496354816481471}}, "methods_expected": ["edd", "wspt", "atc", "pfifo", "mor", "random", "v2rl301", "v2rl302", "v2rl303"], "infeasible": [], "wall_seconds_total": 0.04955568676814437}