{"shard_id": "c12_replay_400_0060_sla0.5", "id": "c12_replay_400_0060_sla0.5", "base_id": "c12_replay_400_0060", "campus": 12, "size": 400, "condition": "sla0.5", "rows": {"edd": {"id": "c12_replay_400_0060_sla0.5", "base_id": "c12_replay_400_0060", "campus": 12, "size": 400, "condition": "sla0.5", "sla_multiplier": 0.5, "crew_multiplier": 1.0, "method": "edd", "seed": 301, "feasible": 1, "wwt": 1977.948, "makespan": 115.2942, "mean_flow": 7.10717575, "breach_share": 0.075, "breach_p1": 0.21428571428571427, "breach_p2": 0.06521739130434782, "breach_p3": 0.02830188679245283, "breach_p4": 0.036585365853658534, "wall_seconds": 0.0006460840813815594}, "wspt": {"id": "c12_replay_400_0060_sla0.5", "base_id": "c12_replay_400_0060", "campus": 12, "size": 400, "condition": "sla0.5", "sla_multiplier": 0.5, "crew_multiplier": 1.0, "method": "wspt", "seed": 301, "feasible": 1, "wwt": 1977.948, "makespan": 115.2942, "mean_flow": 7.10717575, "breach_share": 0.075, "breach_p1": 0.21428571428571427, "breach_p2": 0.06521739130434782, "breach_p3": 0.02830188679245283, "breach_p4": 0.036585365853658534, "wall_seconds": 0.0006231851875782013}, "atc": {"id": "c12_replay_400_0060_sla0.5", "base_id": "c12_replay_400_0060", "campus": 12, "size": 400, "condition": "sla0.5", "sla_multiplier": 0.5, "crew_multiplier": 1.0, "method": "atc", "seed": 301, "feasible": 1, "wwt": 1977.948, "makespan": 115.2942, "mean_flow": 7.10717575, "breach_share": 0.075, "breach_p1": 0.21428571428571427, "breach_p2": 0.06521739130434782, "breach_p3": 0.02830188679245283, "breach_p4": 0.036585365853658534, "wall_seconds": 0.0007854253053665161}, "pfifo": {"id": "c12_replay_400_0060_sla0.5", "base_id": "c12_replay_400_0060", "campus": 12, "size": 400, "condition": "sla0.5", "sla_multiplier": 0.5, "crew_multiplier": 1.0, "method": "pfifo", "seed": 301, "feasible": 1, "wwt": 1977.948, "makespan": 115.2942, "mean_flow": 7.10717575, "breach_share": 0.075, "breach_p1": 0.21428571428571427, "breach_p2": 0.06521739130434782, "breach_p3": 0.02830188679245283, "breach_p4": 0.036585365853658534, "wall_seconds": 0.0006070048548281193}, "mor": {"id": "c12_replay_400_0060_sla0.5", "base_id": "c12_replay_400_0060", "campus": 12, "size": 400, "condition": "sla0.5", "sla_multiplier": 0.5, "crew_multiplier": 1.0, "method": "mor", "seed": 301, "feasible": 1, "wwt": 1977.948, "makespan": 115.2942, "mean_flow": 7.10717575, "breach_share": 0.075, "breach_p1": 0.21428571428571427, "breach_p2": 0.06521739130434782, "breach_p3": 0.02830188679245283, "breach_p4": 0.036585365853658534, "wall_seconds": 0.0006003668531775475}, "random": {"id": "c12_replay_400_0060_sla0.5", "base_id": "c12_replay_400_0060", "campus": 12, "size": 400, "condition": "sla0.5", "sla_multiplier": 0.5, "crew_multiplier": 1.0, "method": "random", "seed": 301, "feasible": 1, "wwt": 1977.948, "makespan": 115.2942, "mean_flow": 7.10717575, "breach_share": 0.075, "breach_p1": 0.21428571428571427, "breach_p2": 0.06521739130434782, "breach_p3": 0.02830188679245283, "breach_p4": 0.036585365853658534, "wall_seconds": 0.0005771131254732609}, "v2rl301": {"id": "c12_replay_400_0060_sla0.5", "base_id": "c12_replay_400_0060", "campus": 12, "size": 400, "condition": "sla0.5", "sla_multiplier": 0.5, "crew_multiplier": 1.0, "method": "v2rl301", "seed": 301, "feasible": 1, "wwt": 1977.948, "makespan": 115.2942, "mean_flow": 7.10717575, "breach_share": 0.075, "breach_p1": 0.21428571428571427, "breach_p2": 0.06521739130434782, "breach_p3": 0.02830188679245283, "breach_p4": 0.036585365853658534, "wall_seconds": 0.03997916728258133}, "v2rl302": {"id": "c12_replay_400_0060_sla0.5", "base_id": "c12_replay_400_0060", "campus": 12, "size": 400, "condition": "sla0.5", "sla_multiplier": 0.5, "crew_multiplier": 1.0, "method": "v2rl302", "seed": 302, "feasible": 1, "wwt": 1977.948, "makespan": 115.2942, "mean_flow": 7.10717575, "breach_share": 0.075, "breach_p1": 0.21428571428571427, "breach_p2": 0.06521739130434782, "breach_p3": 0.02830188679245283, "breach_p4": 0.036585365853658534, "wall_seconds": 0.04013510886579752}, "v2rl303": {"id": "c12_replay_400_0060_sla0.5", "base_id": "c12_replay_400_0060", "campus": 12, "size": 400, "condition": "sla0.5", "sla_multiplier": 0.5, "crew_multiplier": 1.0, "method": "v2rl303", "seed": 303, "feasible": 1, "wwt": 1977.948, "makespan": 115.2942, "mean_flow": 7.10717575, "breach_share": 0.075, "breach_p1": 0.21428571428571427, "breach_p2": 0.06521739130434782, "breach_p3": 0.02830188679245283, "breach_p4": 0.036585365853658534, "wall_seconds": 0.04211118584498763}}, "methods_expected": ["edd", "wspt", "atc", "pfifo", "mor", "random", "v2rl301", "v2rl302", "v2rl303"], "infeasible": [], "wall_seconds_total": 0.13073411723598838}