{"shard_id": "c12_replay_150_0105_sla0.5", "id": "c12_replay_150_0105_sla0.5", "base_id": "c12_replay_150_0105", "campus": 12, "size": 150, "condition": "sla0.5", "rows": {"edd": {"id": "c12_replay_150_0105_sla0.5", "base_id": "c12_replay_150_0105", "campus": 12, "size": 150, "condition": "sla0.5", "sla_multiplier": 0.5, "crew_multiplier": 1.0, "method": "edd", "seed": 301, "feasible": 1, "wwt": 435.4592, "makespan": 92.1662, "mean_flow": 7.903041333333334, "breach_share": 0.06666666666666667, "breach_p1": 0.24, "breach_p2": 0.041666666666666664, "breach_p3": 0.07894736842105263, "breach_p4": 0.0, "wall_seconds": 0.0002917647361755371}, "wspt": {"id": "c12_replay_150_0105_sla0.5", "base_id": "c12_replay_150_0105", "campus": 12, "size": 150, "condition": "sla0.5", "sla_multiplier": 0.5, "crew_multiplier": 1.0, "method": "wspt", "seed": 301, "feasible": 1, "wwt": 435.4592, "makespan": 92.1662, "mean_flow": 7.903041333333334, "breach_share": 0.06666666666666667, "breach_p1": 0.24, "breach_p2": 0.041666666666666664, "breach_p3": 0.07894736842105263, "breach_p4": 0.0, "wall_seconds": 0.0002722940407693386}, "atc": {"id": "c12_replay_150_0105_sla0.5", "base_id": "c12_replay_150_0105", "campus": 12, "size": 150, "condition": "sla0.5", "sla_multiplier": 0.5, "crew_multiplier": 1.0, "method": "atc", "seed": 301, "feasible": 1, "wwt": 435.4592, "makespan": 92.1662, "mean_flow": 7.903041333333334, "breach_share": 0.06666666666666667, "breach_p1": 0.24, "breach_p2": 0.041666666666666664, "breach_p3": 0.07894736842105263, "breach_p4": 0.0, "wall_seconds": 0.00033942004665732384}, "pfifo": {"id": "c12_replay_150_0105_sla0.5", "base_id": "c12_replay_150_0105", "campus": 12, "size": 150, "condition": "sla0.5", "sla_multiplier": 0.5, "crew_multiplier": 1.0, "method": "pfifo", "seed": 301, "feasible": 1, "wwt": 435.4592, "makespan": 92.1662, "mean_flow": 7.903041333333334, "breach_share": 0.06666666666666667, "breach_p1": 0.24, "breach_p2": 0.041666666666666664, "breach_p3": 0.07894736842105263, "breach_p4": 0.0, "wall_seconds": 0.0002855369821190834}, "mor": {"id": "c12_replay_150_0105_sla0.5", "base_id": "c12_replay_150_0105", "campus": 12, "size": 150, "condition": "sla0.5", "sla_multiplier": 0.5, "crew_multiplier": 1.0, "method": "mor", "seed": 301, "feasible": 1, "wwt": 435.4592, "makespan": 92.1662, "mean_flow": 7.909708, "breach_share": 0.06666666666666667, "breach_p1": 0.24, "breach_p2": 0.041666666666666664, "breach_p3": 0.07894736842105263, "breach_p4": 0.0, "wall_seconds": 0.00026602018624544144}, "random": {"id": "c12_replay_150_0105_sla0.5", "base_id": "c12_replay_150_0105", "campus": 12, "size": 150, "condition": "sla0.5", "sla_multiplier": 0.5, "crew_multiplier": 1.0, "method": "random", "seed": 301, "feasible": 1, "wwt": 435.4592, "makespan": 92.1662, "mean_flow": 7.903041333333334, "breach_share": 0.06666666666666667, "breach_p1": 0.24, "breach_p2": 0.041666666666666664, "breach_p3": 0.07894736842105263, "breach_p4": 0.0, "wall_seconds": 0.00024692341685295105}, "v2rl301": {"id": "c12_replay_150_0105_sla0.5", "base_id": "c12_replay_150_0105", "campus": 12, "size": 150, "condition": "sla0.5", "sla_multiplier": 0.5, "crew_multiplier": 1.0, "method": "v2rl301", "seed": 301, "feasible": 1, "wwt": 435.4592, "makespan": 92.1662, "mean_flow": 7.909708, "breach_share": 0.06666666666666667, "breach_p1": 0.24, "breach_p2": 0.041666666666666664, "breach_p3": 0.07894736842105263, "breach_p4": 0.0, "wall_seconds": 0.015622025821357965}, "v2rl302": {"id": "c12_replay_150_0105_sla0.5", "base_id": "c12_replay_150_0105", "campus": 12, "size": 150, "condition": "sla0.5", "sla_multiplier": 0.5, "crew_multiplier": 1.0, "method": "v2rl302", "seed": 302, "feasible": 1, "wwt": 435.4592, "makespan": 92.1662, "mean_flow": 7.909708, "breach_share": 0.06666666666666667, "breach_p1": 0.24, "breach_p2": 0.041666666666666664, "breach_p3": 0.07894736842105263, "breach_p4": 0.0, "wall_seconds": 0.015201328787952662}, "v2rl303": {"id": "c12_replay_150_0105_sla0.5", "base_id": "c12_replay_150_0105", "campus": 12, "size": 150, "condition": "sla0.5", "sla_multiplier": 0.5, "crew_multiplier": 1.0, "method": "v2rl303", "seed": 303, "feasible": 1, "wwt": 435.4592, "makespan": 92.1662, "mean_flow": 7.906374666666667, "breach_share": 0.06666666666666667, "breach_p1": 0.24, "breach_p2": 0.041666666666666664, "breach_p3": 0.07894736842105263, "breach_p4": 0.0, "wall_seconds": 0.015140028204768896}}, "methods_expected": ["edd", "wspt", "atc", "pfifo", "mor", "random", "v2rl301", "v2rl302", "v2rl303"], "infeasible": [], "wall_seconds_total": 0.049942614044994116}