{"shard_id": "c12_replay_150_0115", "id": "c12_replay_150_0115", "base_id": "c12_replay_150_0115", "campus": 12, "size": 150, "condition": "baseline", "rows": {"edd": {"id": "c12_replay_150_0115", "base_id": "c12_replay_150_0115", "campus": 12, "size": 150, "condition": "baseline", "sla_multiplier": 1.0, "crew_multiplier": 1.0, "method": "edd", "seed": 301, "feasible": 1, "wwt": 801.6, "makespan": 92.6709, "mean_flow": 6.8137653333333335, "breach_share": 0.06, "breach_p1": 0.11475409836065574, "breach_p2": 0.1, "breach_p3": 0.0, "breach_p4": 0.0, "wall_seconds": 0.00028243009001016617}, "wspt": {"id": "c12_replay_150_0115", "base_id": "c12_replay_150_0115", "campus": 12, "size": 150, "condition": "baseline", "sla_multiplier": 1.0, "crew_multiplier": 1.0, "method": "wspt", "seed": 301, "feasible": 1, "wwt": 801.6, "makespan": 92.6709, "mean_flow": 6.8137653333333335, "breach_share": 0.06, "breach_p1": 0.11475409836065574, "breach_p2": 0.1, "breach_p3": 0.0, "breach_p4": 0.0, "wall_seconds": 0.0002819751389324665}, "atc": {"id": "c12_replay_150_0115", "base_id": "c12_replay_150_0115", "campus": 12, "size": 150, "condition": "baseline", "sla_multiplier": 1.0, "crew_multiplier": 1.0, "method": "atc", "seed": 301, "feasible": 1, "wwt": 801.6, "makespan": 92.6709, "mean_flow": 6.8137653333333335, "breach_share": 0.06, "breach_p1": 0.11475409836065574, "breach_p2": 0.1, "breach_p3": 0.0, "breach_p4": 0.0, "wall_seconds": 0.00035981880500912666}, "pfifo": {"id": "c12_replay_150_0115", "base_id": "c12_replay_150_0115", "campus": 12, "size": 150, "condition": "baseline", "sla_multiplier": 1.0, "crew_multiplier": 1.0, "method": "pfifo", "seed": 301, "feasible": 1, "wwt": 801.6, "makespan": 92.6709, "mean_flow": 6.8137653333333335, "breach_share": 0.06, "breach_p1": 0.11475409836065574, "breach_p2": 0.1, "breach_p3": 0.0, "breach_p4": 0.0, "wall_seconds": 0.00027394993230700493}, "mor": {"id": "c12_replay_150_0115", "base_id": "c12_replay_150_0115", "campus": 12, "size": 150, "condition": "baseline", "sla_multiplier": 1.0, "crew_multiplier": 1.0, "method": "mor", "seed": 301, "feasible": 1, "wwt": 801.6, "makespan": 92.6709, "mean_flow": 6.8137653333333335, "breach_share": 0.06, "breach_p1": 0.11475409836065574, "breach_p2": 0.1, "breach_p3": 0.0, "breach_p4": 0.0, "wall_seconds": 0.00026698270812630653}, "random": {"id": "c12_replay_150_0115", "base_id": "c12_replay_150_0115", "campus": 12, "size": 150, "condition": "baseline", "sla_multiplier": 1.0, "crew_multiplier": 1.0, "method": "random", "seed": 301, "feasible": 1, "wwt": 801.6, "makespan": 92.6709, "mean_flow": 6.8137653333333335, "breach_share": 0.06, "breach_p1": 0.11475409836065574, "breach_p2": 0.1, "breach_p3": 0.0, "breach_p4": 0.0, "wall_seconds": 0.0002451939508318901}, "v2rl301": {"id": "c12_replay_150_0115", "base_id": "c12_replay_150_0115", "campus": 12, "size": 150, "condition": "baseline", "sla_multiplier": 1.0, "crew_multiplier": 1.0, "method": "v2rl301", "seed": 301, "feasible": 1, "wwt": 801.6, "makespan": 92.6709, "mean_flow": 6.8137653333333335, "breach_share": 0.06, "breach_p1": 0.11475409836065574, "breach_p2": 0.1, "breach_p3": 0.0, "breach_p4": 0.0, "wall_seconds": 0.015405168291181326}, "v2rl302": {"id": "c12_replay_150_0115", "base_id": "c12_replay_150_0115", "campus": 12, "size": 150, "condition": "baseline", "sla_multiplier": 1.0, "crew_multiplier": 1.0, "method": "v2rl302", "seed": 302, "feasible": 1, "wwt": 801.6, "makespan": 92.6709, "mean_flow": 6.8137653333333335, "breach_share": 0.06, "breach_p1": 0.11475409836065574, "breach_p2": 0.1, "breach_p3": 0.0, "breach_p4": 0.0, "wall_seconds": 0.015541727188974619}, "v2rl303": {"id": "c12_replay_150_0115", "base_id": "c12_replay_150_0115", "campus": 12, "size": 150, "condition": "baseline", "sla_multiplier": 1.0, "crew_multiplier": 1.0, "method": "v2rl303", "seed": 303, "feasible": 1, "wwt": 801.6, "makespan": 92.6709, "mean_flow": 6.8137653333333335, "breach_share": 0.06, "breach_p1": 0.11475409836065574, "breach_p2": 0.1, "breach_p3": 0.0, "breach_p4": 0.0, "wall_seconds": 0.01505657797679305}}, "methods_expected": ["edd", "wspt", "atc", "pfifo", "mor", "random", "v2rl301", "v2rl302", "v2rl303"], "infeasible": [], "wall_seconds_total": 0.0495503107085824}