{"shard_id": "c12_replay_150_0102_sla0.5", "id": "c12_replay_150_0102_sla0.5", "base_id": "c12_replay_150_0102", "campus": 12, "size": 150, "condition": "sla0.5", "rows": {"edd": {"id": "c12_replay_150_0102_sla0.5", "base_id": "c12_replay_150_0102", "campus": 12, "size": 150, "condition": "sla0.5", "sla_multiplier": 0.5, "crew_multiplier": 1.0, "method": "edd", "seed": 301, "feasible": 1, "wwt": 902.0944000000001, "makespan": 96.574, "mean_flow": 5.612863999999999, "breach_share": 0.08666666666666667, "breach_p1": 0.3333333333333333, "breach_p2": 0.05263157894736842, "breach_p3": 0.02631578947368421, "breach_p4": 0.015873015873015872, "wall_seconds": 0.00029884977266192436}, "wspt": {"id": "c12_replay_150_0102_sla0.5", "base_id": "c12_replay_150_0102", "campus": 12, "size": 150, "condition": "sla0.5", "sla_multiplier": 0.5, "crew_multiplier": 1.0, "method": "wspt", "seed": 301, "feasible": 1, "wwt": 902.0944000000001, "makespan": 96.574, "mean_flow": 5.612863999999999, "breach_share": 0.08666666666666667, "breach_p1": 0.3333333333333333, "breach_p2": 0.05263157894736842, "breach_p3": 0.02631578947368421, "breach_p4": 0.015873015873015872, "wall_seconds": 0.0003032982349395752}, "atc": {"id": "c12_replay_150_0102_sla0.5", "base_id": "c12_replay_150_0102", "campus": 12, "size": 150, "condition": "sla0.5", "sla_multiplier": 0.5, "crew_multiplier": 1.0, "method": "atc", "seed": 301, "feasible": 1, "wwt": 902.0944000000001, "makespan": 96.574, "mean_flow": 5.612863999999999, "breach_share": 0.08666666666666667, "breach_p1": 0.3333333333333333, "breach_p2": 0.05263157894736842, "breach_p3": 0.02631578947368421, "breach_p4": 0.015873015873015872, "wall_seconds": 0.0003596269525587559}, "pfifo": {"id": "c12_replay_150_0102_sla0.5", "base_id": "c12_replay_150_0102", "campus": 12, "size": 150, "condition": "sla0.5", "sla_multiplier": 0.5, "crew_multiplier": 1.0, "method": "pfifo", "seed": 301, "feasible": 1, "wwt": 902.0944000000001, "makespan": 96.574, "mean_flow": 5.612863999999999, "breach_share": 0.08666666666666667, "breach_p1": 0.3333333333333333, "breach_p2": 0.05263157894736842, "breach_p3": 0.02631578947368421, "breach_p4": 0.015873015873015872, "wall_seconds": 0.0002671382389962673}, "mor": {"id": "c12_replay_150_0102_sla0.5", "base_id": "c12_replay_150_0102", "campus": 12, "size": 150, "condition": "sla0.5", "sla_multiplier": 0.5, "crew_multiplier": 1.0, "method": "mor", "seed": 301, "feasible": 1, "wwt": 902.0944000000001, "makespan": 96.574, "mean_flow": 5.612863999999999, "breach_share": 0.08666666666666667, "breach_p1": 0.3333333333333333, "breach_p2": 0.05263157894736842, "breach_p3": 0.02631578947368421, "breach_p4": 0.015873015873015872, "wall_seconds": 0.0002624262124300003}, "random": {"id": "c12_replay_150_0102_sla0.5", "base_id": "c12_replay_150_0102", "campus": 12, "size": 150, "condition": "sla0.5", "sla_multiplier": 0.5, "crew_multiplier": 1.0, "method": "random", "seed": 301, "feasible": 1, "wwt": 902.0944000000001, "makespan": 96.574, "mean_flow": 5.612863999999999, "breach_share": 0.08666666666666667, "breach_p1": 0.3333333333333333, "breach_p2": 0.05263157894736842, "breach_p3": 0.02631578947368421, "breach_p4": 0.015873015873015872, "wall_seconds": 0.00024353619664907455}, "v2rl301": {"id": "c12_replay_150_0102_sla0.5", "base_id": "c12_replay_150_0102", "campus": 12, "size": 150, "condition": "sla0.5", "sla_multiplier": 0.5, "crew_multiplier": 1.0, "method": "v2rl301", "seed": 301, "feasible": 1, "wwt": 902.0944000000001, "makespan": 96.574, "mean_flow": 5.612863999999999, "breach_share": 0.08666666666666667, "breach_p1": 0.3333333333333333, "breach_p2": 0.05263157894736842, "breach_p3": 0.02631578947368421, "breach_p4": 0.015873015873015872, "wall_seconds": 0.015579997096210718}, "v2rl302": {"id": "c12_replay_150_0102_sla0.5", "base_id": "c12_replay_150_0102", "campus": 12, "size": 150, "condition": "sla0.5", "sla_multiplier": 0.5, "crew_multiplier": 1.0, "method": "v2rl302", "seed": 302, "feasible": 1, "wwt": 902.0944000000001, "makespan": 96.574, "mean_flow": 5.612863999999999, "breach_share": 0.08666666666666667, "breach_p1": 0.3333333333333333, "breach_p2": 0.05263157894736842, "breach_p3": 0.02631578947368421, "breach_p4": 0.015873015873015872, "wall_seconds": 0.015118650160729885}, "v2rl303": {"id": "c12_replay_150_0102_sla0.5", "base_id": "c12_replay_150_0102", "campus": 12, "size": 150, "condition": "sla0.5", "sla_multiplier": 0.5, "crew_multiplier": 1.0, "method": "v2rl303", "seed": 303, "feasible": 1, "wwt": 902.0944000000001, "makespan": 96.574, "mean_flow": 5.612863999999999, "breach_share": 0.08666666666666667, "breach_p1": 0.3333333333333333, "breach_p2": 0.05263157894736842, "breach_p3": 0.02631578947368421, "breach_p4": 0.015873015873015872, "wall_seconds": 0.015167009085416794}}, "methods_expected": ["edd", "wspt", "atc", "pfifo", "mor", "random", "v2rl301", "v2rl302", "v2rl303"], "infeasible": [], "wall_seconds_total": 0.04988495213910937}