{"shard_id": "c12_replay_400_0066_sla0.5", "id": "c12_replay_400_0066_sla0.5", "base_id": "c12_replay_400_0066", "campus": 12, "size": 400, "condition": "sla0.5", "rows": {"edd": {"id": "c12_replay_400_0066_sla0.5", "base_id": "c12_replay_400_0066", "campus": 12, "size": 400, "condition": "sla0.5", "sla_multiplier": 0.5, "crew_multiplier": 1.0, "method": "edd", "seed": 301, "feasible": 1, "wwt": 1155.9296, "makespan": 109.56139999999999, "mean_flow": 4.99193375, "breach_share": 0.0675, "breach_p1": 0.2318840579710145, "breach_p2": 0.09411764705882353, "breach_p3": 0.01098901098901099, "breach_p4": 0.012903225806451613, "wall_seconds": 0.0006556720472872257}, "wspt": {"id": "c12_replay_400_0066_sla0.5", "base_id": "c12_replay_400_0066", "campus": 12, "size": 400, "condition": "sla0.5", "sla_multiplier": 0.5, "crew_multiplier": 1.0, "method": "wspt", "seed": 301, "feasible": 1, "wwt": 1155.9296, "makespan": 109.56139999999999, "mean_flow": 4.99193375, "breach_share": 0.0675, "breach_p1": 0.2318840579710145, "breach_p2": 0.09411764705882353, "breach_p3": 0.01098901098901099, "breach_p4": 0.012903225806451613, "wall_seconds": 0.000662853941321373}, "atc": {"id": "c12_replay_400_0066_sla0.5", "base_id": "c12_replay_400_0066", "campus": 12, "size": 400, "condition": "sla0.5", "sla_multiplier": 0.5, "crew_multiplier": 1.0, "method": "atc", "seed": 301, "feasible": 1, "wwt": 1155.9296, "makespan": 109.56139999999999, "mean_flow": 4.99193375, "breach_share": 0.0675, "breach_p1": 0.2318840579710145, "breach_p2": 0.09411764705882353, "breach_p3": 0.01098901098901099, "breach_p4": 0.012903225806451613, "wall_seconds": 0.0008750548586249352}, "pfifo": {"id": "c12_replay_400_0066_sla0.5", "base_id": "c12_replay_400_0066", "campus": 12, "size": 400, "condition": "sla0.5", "sla_multiplier": 0.5, "crew_multiplier": 1.0, "method": "pfifo", "seed": 301, "feasible": 1, "wwt": 1155.9296, "makespan": 109.56139999999999, "mean_flow": 4.99193375, "breach_share": 0.0675, "breach_p1": 0.2318840579710145, "breach_p2": 0.09411764705882353, "breach_p3": 0.01098901098901099, "breach_p4": 0.012903225806451613, "wall_seconds": 0.0006260541267693043}, "mor": {"id": "c12_replay_400_0066_sla0.5", "base_id": "c12_replay_400_0066", "campus": 12, "size": 400, "condition": "sla0.5", "sla_multiplier": 0.5, "crew_multiplier": 1.0, "method": "mor", "seed": 301, "feasible": 1, "wwt": 1155.9296, "makespan": 109.56139999999999, "mean_flow": 4.99193375, "breach_share": 0.0675, "breach_p1": 0.2318840579710145, "breach_p2": 0.09411764705882353, "breach_p3": 0.01098901098901099, "breach_p4": 0.012903225806451613, "wall_seconds": 0.0006296252831816673}, "random": {"id": "c12_replay_400_0066_sla0.5", "base_id": "c12_replay_400_0066", "campus": 12, "size": 400, "condition": "sla0.5", "sla_multiplier": 0.5, "crew_multiplier": 1.0, "method": "random", "seed": 301, "feasible": 1, "wwt": 1155.9296, "makespan": 109.56139999999999, "mean_flow": 4.99193375, "breach_share": 0.0675, "breach_p1": 0.2318840579710145, "breach_p2": 0.09411764705882353, "breach_p3": 0.01098901098901099, "breach_p4": 0.012903225806451613, "wall_seconds": 0.0005677379667758942}, "v2rl301": {"id": "c12_replay_400_0066_sla0.5", "base_id": "c12_replay_400_0066", "campus": 12, "size": 400, "condition": "sla0.5", "sla_multiplier": 0.5, "crew_multiplier": 1.0, "method": "v2rl301", "seed": 301, "feasible": 1, "wwt": 1155.9296, "makespan": 109.56139999999999, "mean_flow": 4.99193375, "breach_share": 0.0675, "breach_p1": 0.2318840579710145, "breach_p2": 0.09411764705882353, "breach_p3": 0.01098901098901099, "breach_p4": 0.012903225806451613, "wall_seconds": 0.041136952582746744}, "v2rl302": {"id": "c12_replay_400_0066_sla0.5", "base_id": "c12_replay_400_0066", "campus": 12, "size": 400, "condition": "sla0.5", "sla_multiplier": 0.5, "crew_multiplier": 1.0, "method": "v2rl302", "seed": 302, "feasible": 1, "wwt": 1155.9296, "makespan": 109.56139999999999, "mean_flow": 4.99193375, "breach_share": 0.0675, "breach_p1": 0.2318840579710145, "breach_p2": 0.09411764705882353, "breach_p3": 0.01098901098901099, "breach_p4": 0.012903225806451613, "wall_seconds": 0.04009622102603316}, "v2rl303": {"id": "c12_replay_400_0066_sla0.5", "base_id": "c12_replay_400_0066", "campus": 12, "size": 400, "condition": "sla0.5", "sla_multiplier": 0.5, "crew_multiplier": 1.0, "method": "v2rl303", "seed": 303, "feasible": 1, "wwt": 1155.9296, "makespan": 109.56139999999999, "mean_flow": 4.99193375, "breach_share": 0.0675, "breach_p1": 0.2318840579710145, "breach_p2": 0.09411764705882353, "breach_p3": 0.01098901098901099, "breach_p4": 0.012903225806451613, "wall_seconds": 0.04016218986362219}}, "methods_expected": ["edd", "wspt", "atc", "pfifo", "mor", "random", "v2rl301", "v2rl302", "v2rl303"], "infeasible": [], "wall_seconds_total": 0.13009326811879873}