{"shard_id": "c12_replay_400_0080_m1.25", "id": "c12_replay_400_0080_m1.25", "base_id": "c12_replay_400_0080", "campus": 12, "size": 400, "condition": "crew1.25", "rows": {"edd": {"id": "c12_replay_400_0080_m1.25", "base_id": "c12_replay_400_0080", "campus": 12, "size": 400, "condition": "crew1.25", "sla_multiplier": 1.0, "crew_multiplier": 1.25, "method": "edd", "seed": 301, "feasible": 1, "wwt": 1121.7296000000001, "makespan": 110.5998, "mean_flow": 5.399269999999999, "breach_share": 0.0375, "breach_p1": 0.1590909090909091, "breach_p2": 0.0, "breach_p3": 0.007352941176470588, "breach_p4": 0.0, "wall_seconds": 0.0007640938274562359}, "wspt": {"id": "c12_replay_400_0080_m1.25", "base_id": "c12_replay_400_0080", "campus": 12, "size": 400, "condition": "crew1.25", "sla_multiplier": 1.0, "crew_multiplier": 1.25, "method": "wspt", "seed": 301, "feasible": 1, "wwt": 1121.7296000000001, "makespan": 110.5998, "mean_flow": 5.373120750000001, "breach_share": 0.0375, "breach_p1": 0.1590909090909091, "breach_p2": 0.0, "breach_p3": 0.007352941176470588, "breach_p4": 0.0, "wall_seconds": 0.0007475181482732296}, "atc": {"id": "c12_replay_400_0080_m1.25", "base_id": "c12_replay_400_0080", "campus": 12, "size": 400, "condition": "crew1.25", "sla_multiplier": 1.0, "crew_multiplier": 1.25, "method": "atc", "seed": 301, "feasible": 1, "wwt": 1121.7296000000001, "makespan": 110.5998, "mean_flow": 5.37435975, "breach_share": 0.0375, "breach_p1": 0.1590909090909091, "breach_p2": 0.0, "breach_p3": 0.007352941176470588, "breach_p4": 0.0, "wall_seconds": 0.0009528850205242634}, "pfifo": {"id": "c12_replay_400_0080_m1.25", "base_id": "c12_replay_400_0080", "campus": 12, "size": 400, "condition": "crew1.25", "sla_multiplier": 1.0, "crew_multiplier": 1.25, "method": "pfifo", "seed": 301, "feasible": 1, "wwt": 1121.7296000000001, "makespan": 110.5998, "mean_flow": 5.399269999999999, "breach_share": 0.0375, "breach_p1": 0.1590909090909091, "breach_p2": 0.0, "breach_p3": 0.007352941176470588, "breach_p4": 0.0, "wall_seconds": 0.0006900588050484657}, "mor": {"id": "c12_replay_400_0080_m1.25", "base_id": "c12_replay_400_0080", "campus": 12, "size": 400, "condition": "crew1.25", "sla_multiplier": 1.0, "crew_multiplier": 1.25, "method": "mor", "seed": 301, "feasible": 1, "wwt": 1121.7296000000001, "makespan": 110.5998, "mean_flow": 5.53310575, "breach_share": 0.0375, "breach_p1": 0.1590909090909091, "breach_p2": 0.0, "breach_p3": 0.007352941176470588, "breach_p4": 0.0, "wall_seconds": 0.0006681107915937901}, "random": {"id": "c12_replay_400_0080_m1.25", "base_id": "c12_replay_400_0080", "campus": 12, "size": 400, "condition": "crew1.25", "sla_multiplier": 1.0, "crew_multiplier": 1.25, "method": "random", "seed": 301, "feasible": 1, "wwt": 1121.7296000000001, "makespan": 110.5998, "mean_flow": 5.414851250000001, "breach_share": 0.0375, "breach_p1": 0.1590909090909091, "breach_p2": 0.0, "breach_p3": 0.007352941176470588, "breach_p4": 0.0, "wall_seconds": 0.0006081829778850079}, "v2rl301": {"id": "c12_replay_400_0080_m1.25", "base_id": "c12_replay_400_0080", "campus": 12, "size": 400, "condition": "crew1.25", "sla_multiplier": 1.0, "crew_multiplier": 1.25, "method": "v2rl301", "seed": 301, "feasible": 1, "wwt": 1121.7296000000001, "makespan": 110.5998, "mean_flow": 5.532812, "breach_share": 0.0375, "breach_p1": 0.1590909090909091, "breach_p2": 0.0, "breach_p3": 0.007352941176470588, "breach_p4": 0.0, "wall_seconds": 0.04177746968343854}, "v2rl302": {"id": "c12_replay_400_0080_m1.25", "base_id": "c12_replay_400_0080", "campus": 12, "size": 400, "condition": "crew1.25", "sla_multiplier": 1.0, "crew_multiplier": 1.25, "method": "v2rl302", "seed": 302, "feasible": 1, "wwt": 1121.7296000000001, "makespan": 110.5998, "mean_flow": 5.532811999999999, "breach_share": 0.0375, "breach_p1": 0.1590909090909091, "breach_p2": 0.0, "breach_p3": 0.007352941176470588, "breach_p4": 0.0, "wall_seconds": 0.04134534113109112}, "v2rl303": {"id": "c12_replay_400_0080_m1.25", "base_id": "c12_replay_400_0080", "campus": 12, "size": 400, "condition": "crew1.25", "sla_multiplier": 1.0, "crew_multiplier": 1.25, "method": "v2rl303", "seed": 303, "feasible": 1, "wwt": 1121.7296000000001, "makespan": 110.5998, "mean_flow": 5.532197999999999, "breach_share": 0.0375, "breach_p1": 0.1590909090909091, "breach_p2": 0.0, "breach_p3": 0.007352941176470588, "breach_p4": 0.0, "wall_seconds": 0.04095873422920704}}, "methods_expected": ["edd", "wspt", "atc", "pfifo", "mor", "random", "v2rl301", "v2rl302", "v2rl303"], "infeasible": [], "wall_seconds_total": 0.13343228911980987}