{"shard_id": "c12_replay_400_0072_m0.75", "id": "c12_replay_400_0072_m0.75", "base_id": "c12_replay_400_0072", "campus": 12, "size": 400, "condition": "crew0.75", "rows": {"edd": {"id": "c12_replay_400_0072_m0.75", "base_id": "c12_replay_400_0072", "campus": 12, "size": 400, "condition": "crew0.75", "sla_multiplier": 1.0, "crew_multiplier": 0.75, "method": "edd", "seed": 301, "feasible": 1, "wwt": 2807.0746, "makespan": 171.5436, "mean_flow": 15.790488499999997, "breach_share": 0.0825, "breach_p1": 0.14084507042253522, "breach_p2": 0.02127659574468085, "breach_p3": 0.1456953642384106, "breach_p4": 0.0, "wall_seconds": 0.0008140560239553452}, "wspt": {"id": "c12_replay_400_0072_m0.75", "base_id": "c12_replay_400_0072", "campus": 12, "size": 400, "condition": "crew0.75", "sla_multiplier": 1.0, "crew_multiplier": 0.75, "method": "wspt", "seed": 301, "feasible": 1, "wwt": 2572.0138, "makespan": 186.519, "mean_flow": 10.73820475, "breach_share": 0.05, "breach_p1": 0.14084507042253522, "breach_p2": 0.02127659574468085, "breach_p3": 0.059602649006622516, "breach_p4": 0.0, "wall_seconds": 0.0007814583368599415}, "atc": {"id": "c12_replay_400_0072_m0.75", "base_id": "c12_replay_400_0072", "campus": 12, "size": 400, "condition": "crew0.75", "sla_multiplier": 1.0, "crew_multiplier": 0.75, "method": "atc", "seed": 301, "feasible": 1, "wwt": 2573.4004000000004, "makespan": 187.2123, "mean_flow": 10.742654750000002, "breach_share": 0.05, "breach_p1": 0.14084507042253522, "breach_p2": 0.02127659574468085, "breach_p3": 0.059602649006622516, "breach_p4": 0.0, "wall_seconds": 0.0012296158820390701}, "pfifo": {"id": "c12_replay_400_0072_m0.75", "base_id": "c12_replay_400_0072", "campus": 12, "size": 400, "condition": "crew0.75", "sla_multiplier": 1.0, "crew_multiplier": 0.75, "method": "pfifo", "seed": 301, "feasible": 1, "wwt": 2807.0746, "makespan": 171.5436, "mean_flow": 15.790488499999997, "breach_share": 0.0825, "breach_p1": 0.14084507042253522, "breach_p2": 0.02127659574468085, "breach_p3": 0.1456953642384106, "breach_p4": 0.0, "wall_seconds": 0.0007463269867002964}, "mor": {"id": "c12_replay_400_0072_m0.75", "base_id": "c12_replay_400_0072", "campus": 12, "size": 400, "condition": "crew0.75", "sla_multiplier": 1.0, "crew_multiplier": 0.75, "method": "mor", "seed": 301, "feasible": 1, "wwt": 5674.553000000001, "makespan": 133.4042, "mean_flow": 25.16588725, "breach_share": 0.1975, "breach_p1": 0.14084507042253522, "breach_p2": 0.02127659574468085, "breach_p3": 0.4503311258278146, "breach_p4": 0.0, "wall_seconds": 0.0008336449973285198}, "random": {"id": "c12_replay_400_0072_m0.75", "base_id": "c12_replay_400_0072", "campus": 12, "size": 400, "condition": "crew0.75", "sla_multiplier": 1.0, "crew_multiplier": 0.75, "method": "random", "seed": 301, "feasible": 1, "wwt": 2871.1992, "makespan": 147.4042, "mean_flow": 15.821649000000003, "breach_share": 0.0825, "breach_p1": 0.14084507042253522, "breach_p2": 0.02127659574468085, "breach_p3": 0.1456953642384106, "breach_p4": 0.0, "wall_seconds": 0.0005998429842293262}, "v2rl301": {"id": "c12_replay_400_0072_m0.75", "base_id": "c12_replay_400_0072", "campus": 12, "size": 400, "condition": "crew0.75", "sla_multiplier": 1.0, "crew_multiplier": 0.75, "method": "v2rl301", "seed": 301, "feasible": 1, "wwt": 5399.167000000001, "makespan": 133.5975, "mean_flow": 24.7938495, "breach_share": 0.1975, "breach_p1": 0.14084507042253522, "breach_p2": 0.02127659574468085, "breach_p3": 0.4503311258278146, "breach_p4": 0.0, "wall_seconds": 0.04330663336440921}, "v2rl302": {"id": "c12_replay_400_0072_m0.75", "base_id": "c12_replay_400_0072", "campus": 12, "size": 400, "condition": "crew0.75", "sla_multiplier": 1.0, "crew_multiplier": 0.75, "method": "v2rl302", "seed": 302, "feasible": 1, "wwt": 3708.9802000000022, "makespan": 137.6542, "mean_flow": 22.69198975, "breach_share": 0.1975, "breach_p1": 0.14084507042253522, "breach_p2": 0.02127659574468085, "breach_p3": 0.4503311258278146, "breach_p4": 0.0, "wall_seconds": 0.04293260769918561}, "v2rl303": {"id": "c12_replay_400_0072_m0.75", "base_id": "c12_replay_400_0072", "campus": 12, "size": 400, "condition": "crew0.75", "sla_multiplier": 1.0, "crew_multiplier": 0.75, "method": "v2rl303", "seed": 303, "feasible": 1, "wwt": 5613.0266, "makespan": 133.4623, "mean_flow": 25.020417999999996, "breach_share": 0.1975, "breach_p1": 0.14084507042253522, "breach_p2": 0.02127659574468085, "breach_p3": 0.4503311258278146, "breach_p4": 0.0, "wall_seconds": 0.04350239085033536}}, "methods_expected": ["edd", "wspt", "atc", "pfifo", "mor", "random", "v2rl301", "v2rl302", "v2rl303"], "infeasible": [], "wall_seconds_total": 0.13945560483261943}