{"shard_id": "c12_replay_400_0089_sla1.5", "id": "c12_replay_400_0089_sla1.5", "base_id": "c12_replay_400_0089", "campus": 12, "size": 400, "condition": "sla1.5", "rows": {"edd": {"id": "c12_replay_400_0089_sla1.5", "base_id": "c12_replay_400_0089", "campus": 12, "size": 400, "condition": "sla1.5", "sla_multiplier": 1.5, "crew_multiplier": 1.0, "method": "edd", "seed": 301, "feasible": 1, "wwt": 1312.0, "makespan": 107.849, "mean_flow": 7.0574875, "breach_share": 0.0225, "breach_p1": 0.10526315789473684, "breach_p2": 0.015384615384615385, "breach_p3": 0.0, "breach_p4": 0.0, "wall_seconds": 0.0007236250676214695}, "wspt": {"id": "c12_replay_400_0089_sla1.5", "base_id": "c12_replay_400_0089", "campus": 12, "size": 400, "condition": "sla1.5", "sla_multiplier": 1.5, "crew_multiplier": 1.0, "method": "wspt", "seed": 301, "feasible": 1, "wwt": 1312.0, "makespan": 107.849, "mean_flow": 7.05289575, "breach_share": 0.0225, "breach_p1": 0.10526315789473684, "breach_p2": 0.015384615384615385, "breach_p3": 0.0, "breach_p4": 0.0, "wall_seconds": 0.0007386640645563602}, "atc": {"id": "c12_replay_400_0089_sla1.5", "base_id": "c12_replay_400_0089", "campus": 12, "size": 400, "condition": "sla1.5", "sla_multiplier": 1.5, "crew_multiplier": 1.0, "method": "atc", "seed": 301, "feasible": 1, "wwt": 1312.0, "makespan": 107.849, "mean_flow": 7.0552845, "breach_share": 0.0225, "breach_p1": 0.10526315789473684, "breach_p2": 0.015384615384615385, "breach_p3": 0.0, "breach_p4": 0.0, "wall_seconds": 0.0008237520232796669}, "pfifo": {"id": "c12_replay_400_0089_sla1.5", "base_id": "c12_replay_400_0089", "campus": 12, "size": 400, "condition": "sla1.5", "sla_multiplier": 1.5, "crew_multiplier": 1.0, "method": "pfifo", "seed": 301, "feasible": 1, "wwt": 1312.0, "makespan": 107.849, "mean_flow": 7.0574875, "breach_share": 0.0225, "breach_p1": 0.10526315789473684, "breach_p2": 0.015384615384615385, "breach_p3": 0.0, "breach_p4": 0.0, "wall_seconds": 0.000617573969066143}, "mor": {"id": "c12_replay_400_0089_sla1.5", "base_id": "c12_replay_400_0089", "campus": 12, "size": 400, "condition": "sla1.5", "sla_multiplier": 1.5, "crew_multiplier": 1.0, "method": "mor", "seed": 301, "feasible": 1, "wwt": 1312.0, "makespan": 107.849, "mean_flow": 7.062532749999999, "breach_share": 0.0225, "breach_p1": 0.10526315789473684, "breach_p2": 0.015384615384615385, "breach_p3": 0.0, "breach_p4": 0.0, "wall_seconds": 0.0006401962600648403}, "random": {"id": "c12_replay_400_0089_sla1.5", "base_id": "c12_replay_400_0089", "campus": 12, "size": 400, "condition": "sla1.5", "sla_multiplier": 1.5, "crew_multiplier": 1.0, "method": "random", "seed": 301, "feasible": 1, "wwt": 1312.0, "makespan": 107.849, "mean_flow": 7.055440999999999, "breach_share": 0.0225, "breach_p1": 0.10526315789473684, "breach_p2": 0.015384615384615385, "breach_p3": 0.0, "breach_p4": 0.0, "wall_seconds": 0.0005956720560789108}, "v2rl301": {"id": "c12_replay_400_0089_sla1.5", "base_id": "c12_replay_400_0089", "campus": 12, "size": 400, "condition": "sla1.5", "sla_multiplier": 1.5, "crew_multiplier": 1.0, "method": "v2rl301", "seed": 301, "feasible": 1, "wwt": 1312.0, "makespan": 107.849, "mean_flow": 7.06190775, "breach_share": 0.0225, "breach_p1": 0.10526315789473684, "breach_p2": 0.015384615384615385, "breach_p3": 0.0, "breach_p4": 0.0, "wall_seconds": 0.03999445727095008}, "v2rl302": {"id": "c12_replay_400_0089_sla1.5", "base_id": "c12_replay_400_0089", "campus": 12, "size": 400, "condition": "sla1.5", "sla_multiplier": 1.5, "crew_multiplier": 1.0, "method": "v2rl302", "seed": 302, "feasible": 1, "wwt": 1312.0, "makespan": 107.849, "mean_flow": 7.062532749999999, "breach_share": 0.0225, "breach_p1": 0.10526315789473684, "breach_p2": 0.015384615384615385, "breach_p3": 0.0, "breach_p4": 0.0, "wall_seconds": 0.03954077931120992}, "v2rl303": {"id": "c12_replay_400_0089_sla1.5", "base_id": "c12_replay_400_0089", "campus": 12, "size": 400, "condition": "sla1.5", "sla_multiplier": 1.5, "crew_multiplier": 1.0, "method": "v2rl303", "seed": 303, "feasible": 1, "wwt": 1312.0, "makespan": 107.849, "mean_flow": 7.06253275, "breach_share": 0.0225, "breach_p1": 0.10526315789473684, "breach_p2": 0.015384615384615385, "breach_p3": 0.0, "breach_p4": 0.0, "wall_seconds": 0.03964129416272044}}, "methods_expected": ["edd", "wspt", "atc", "pfifo", "mor", "random", "v2rl301", "v2rl302", "v2rl303"], "infeasible": [], "wall_seconds_total": 0.1282904651015997}