{"shard_id": "c12_replay_400_0089_m1.25", "id": "c12_replay_400_0089_m1.25", "base_id": "c12_replay_400_0089", "campus": 12, "size": 400, "condition": "crew1.25", "rows": {"edd": {"id": "c12_replay_400_0089_m1.25", "base_id": "c12_replay_400_0089", "campus": 12, "size": 400, "condition": "crew1.25", "sla_multiplier": 1.0, "crew_multiplier": 1.25, "method": "edd", "seed": 301, "feasible": 1, "wwt": 1758.0, "makespan": 107.849, "mean_flow": 7.040747249999999, "breach_share": 0.0475, "breach_p1": 0.2236842105263158, "breach_p2": 0.03076923076923077, "breach_p3": 0.0, "breach_p4": 0.0, "wall_seconds": 0.0006656120531260967}, "wspt": {"id": "c12_replay_400_0089_m1.25", "base_id": "c12_replay_400_0089", "campus": 12, "size": 400, "condition": "crew1.25", "sla_multiplier": 1.0, "crew_multiplier": 1.25, "method": "wspt", "seed": 301, "feasible": 1, "wwt": 1758.0, "makespan": 107.849, "mean_flow": 7.039608499999999, "breach_share": 0.0475, "breach_p1": 0.2236842105263158, "breach_p2": 0.03076923076923077, "breach_p3": 0.0, "breach_p4": 0.0, "wall_seconds": 0.0006432598456740379}, "atc": {"id": "c12_replay_400_0089_m1.25", "base_id": "c12_replay_400_0089", "campus": 12, "size": 400, "condition": "crew1.25", "sla_multiplier": 1.0, "crew_multiplier": 1.25, "method": "atc", "seed": 301, "feasible": 1, "wwt": 1758.0, "makespan": 107.849, "mean_flow": 7.039608499999999, "breach_share": 0.0475, "breach_p1": 0.2236842105263158, "breach_p2": 0.03076923076923077, "breach_p3": 0.0, "breach_p4": 0.0, "wall_seconds": 0.0008172052912414074}, "pfifo": {"id": "c12_replay_400_0089_m1.25", "base_id": "c12_replay_400_0089", "campus": 12, "size": 400, "condition": "crew1.25", "sla_multiplier": 1.0, "crew_multiplier": 1.25, "method": "pfifo", "seed": 301, "feasible": 1, "wwt": 1758.0, "makespan": 107.849, "mean_flow": 7.040747249999999, "breach_share": 0.0475, "breach_p1": 0.2236842105263158, "breach_p2": 0.03076923076923077, "breach_p3": 0.0, "breach_p4": 0.0, "wall_seconds": 0.0006385981105268002}, "mor": {"id": "c12_replay_400_0089_m1.25", "base_id": "c12_replay_400_0089", "campus": 12, "size": 400, "condition": "crew1.25", "sla_multiplier": 1.0, "crew_multiplier": 1.25, "method": "mor", "seed": 301, "feasible": 1, "wwt": 1758.0, "makespan": 107.849, "mean_flow": 7.040747249999999, "breach_share": 0.0475, "breach_p1": 0.2236842105263158, "breach_p2": 0.03076923076923077, "breach_p3": 0.0, "breach_p4": 0.0, "wall_seconds": 0.0006354246288537979}, "random": {"id": "c12_replay_400_0089_m1.25", "base_id": "c12_replay_400_0089", "campus": 12, "size": 400, "condition": "crew1.25", "sla_multiplier": 1.0, "crew_multiplier": 1.25, "method": "random", "seed": 301, "feasible": 1, "wwt": 1758.0, "makespan": 107.849, "mean_flow": 7.040747249999999, "breach_share": 0.0475, "breach_p1": 0.2236842105263158, "breach_p2": 0.03076923076923077, "breach_p3": 0.0, "breach_p4": 0.0, "wall_seconds": 0.0006002648733556271}, "v2rl301": {"id": "c12_replay_400_0089_m1.25", "base_id": "c12_replay_400_0089", "campus": 12, "size": 400, "condition": "crew1.25", "sla_multiplier": 1.0, "crew_multiplier": 1.25, "method": "v2rl301", "seed": 301, "feasible": 1, "wwt": 1758.0, "makespan": 107.849, "mean_flow": 7.040747249999999, "breach_share": 0.0475, "breach_p1": 0.2236842105263158, "breach_p2": 0.03076923076923077, "breach_p3": 0.0, "breach_p4": 0.0, "wall_seconds": 0.04074789909645915}, "v2rl302": {"id": "c12_replay_400_0089_m1.25", "base_id": "c12_replay_400_0089", "campus": 12, "size": 400, "condition": "crew1.25", "sla_multiplier": 1.0, "crew_multiplier": 1.25, "method": "v2rl302", "seed": 302, "feasible": 1, "wwt": 1758.0, "makespan": 107.849, "mean_flow": 7.040747249999999, "breach_share": 0.0475, "breach_p1": 0.2236842105263158, "breach_p2": 0.03076923076923077, "breach_p3": 0.0, "breach_p4": 0.0, "wall_seconds": 0.040005302987992764}, "v2rl303": {"id": "c12_replay_400_0089_m1.25", "base_id": "c12_replay_400_0089", "campus": 12, "size": 400, "condition": "crew1.25", "sla_multiplier": 1.0, "crew_multiplier": 1.25, "method": "v2rl303", "seed": 303, "feasible": 1, "wwt": 1758.0, "makespan": 107.849, "mean_flow": 7.040747249999999, "breach_share": 0.0475, "breach_p1": 0.2236842105263158, "breach_p2": 0.03076923076923077, "breach_p3": 0.0, "breach_p4": 0.0, "wall_seconds": 0.0407935013063252}}, "methods_expected": ["edd", "wspt", "atc", "pfifo", "mor", "random", "v2rl301", "v2rl302", "v2rl303"], "infeasible": [], "wall_seconds_total": 0.1303101610392332}