{"shard_id": "c12_replay_400_0088_sla1.5", "id": "c12_replay_400_0088_sla1.5", "base_id": "c12_replay_400_0088", "campus": 12, "size": 400, "condition": "sla1.5", "rows": {"edd": {"id": "c12_replay_400_0088_sla1.5", "base_id": "c12_replay_400_0088", "campus": 12, "size": 400, "condition": "sla1.5", "sla_multiplier": 1.5, "crew_multiplier": 1.0, "method": "edd", "seed": 301, "feasible": 1, "wwt": 793.6, "makespan": 77.0, "mean_flow": 3.7606852500000003, "breach_share": 0.01, "breach_p1": 0.07407407407407407, "breach_p2": 0.0, "breach_p3": 0.0, "breach_p4": 0.0, "wall_seconds": 0.0007745446637272835}, "wspt": {"id": "c12_replay_400_0088_sla1.5", "base_id": "c12_replay_400_0088", "campus": 12, "size": 400, "condition": "sla1.5", "sla_multiplier": 1.5, "crew_multiplier": 1.0, "method": "wspt", "seed": 301, "feasible": 1, "wwt": 805.6, "makespan": 78.0, "mean_flow": 3.620294, "breach_share": 0.01, "breach_p1": 0.07407407407407407, "breach_p2": 0.0, "breach_p3": 0.0, "breach_p4": 0.0, "wall_seconds": 0.0007909974083304405}, "atc": {"id": "c12_replay_400_0088_sla1.5", "base_id": "c12_replay_400_0088", "campus": 12, "size": 400, "condition": "sla1.5", "sla_multiplier": 1.5, "crew_multiplier": 1.0, "method": "atc", "seed": 301, "feasible": 1, "wwt": 793.6, "makespan": 77.0, "mean_flow": 3.7190087500000004, "breach_share": 0.01, "breach_p1": 0.07407407407407407, "breach_p2": 0.0, "breach_p3": 0.0, "breach_p4": 0.0, "wall_seconds": 0.0012474539689719677}, "pfifo": {"id": "c12_replay_400_0088_sla1.5", "base_id": "c12_replay_400_0088", "campus": 12, "size": 400, "condition": "sla1.5", "sla_multiplier": 1.5, "crew_multiplier": 1.0, "method": "pfifo", "seed": 301, "feasible": 1, "wwt": 793.6, "makespan": 77.0, "mean_flow": 3.7606852500000003, "breach_share": 0.01, "breach_p1": 0.07407407407407407, "breach_p2": 0.0, "breach_p3": 0.0, "breach_p4": 0.0, "wall_seconds": 0.0008192048408091068}, "mor": {"id": "c12_replay_400_0088_sla1.5", "base_id": "c12_replay_400_0088", "campus": 12, "size": 400, "condition": "sla1.5", "sla_multiplier": 1.5, "crew_multiplier": 1.0, "method": "mor", "seed": 301, "feasible": 1, "wwt": 793.6, "makespan": 77.0, "mean_flow": 3.94614325, "breach_share": 0.01, "breach_p1": 0.07407407407407407, "breach_p2": 0.0, "breach_p3": 0.0, "breach_p4": 0.0, "wall_seconds": 0.0008185920305550098}, "random": {"id": "c12_replay_400_0088_sla1.5", "base_id": "c12_replay_400_0088", "campus": 12, "size": 400, "condition": "sla1.5", "sla_multiplier": 1.5, "crew_multiplier": 1.0, "method": "random", "seed": 301, "feasible": 1, "wwt": 793.6, "makespan": 77.0, "mean_flow": 3.7122212500000002, "breach_share": 0.01, "breach_p1": 0.07407407407407407, "breach_p2": 0.0, "breach_p3": 0.0, "breach_p4": 0.0, "wall_seconds": 0.0005552228540182114}, "v2rl301": {"id": "c12_replay_400_0088_sla1.5", "base_id": "c12_replay_400_0088", "campus": 12, "size": 400, "condition": "sla1.5", "sla_multiplier": 1.5, "crew_multiplier": 1.0, "method": "v2rl301", "seed": 301, "feasible": 1, "wwt": 793.6, "makespan": 77.0, "mean_flow": 3.7938697500000003, "breach_share": 0.01, "breach_p1": 0.07407407407407407, "breach_p2": 0.0, "breach_p3": 0.0, "breach_p4": 0.0, "wall_seconds": 0.04332292638719082}, "v2rl302": {"id": "c12_replay_400_0088_sla1.5", "base_id": "c12_replay_400_0088", "campus": 12, "size": 400, "condition": "sla1.5", "sla_multiplier": 1.5, "crew_multiplier": 1.0, "method": "v2rl302", "seed": 302, "feasible": 1, "wwt": 793.6, "makespan": 77.0, "mean_flow": 3.8535900000000005, "breach_share": 0.01, "breach_p1": 0.07407407407407407, "breach_p2": 0.0, "breach_p3": 0.0, "breach_p4": 0.0, "wall_seconds": 0.04301320295780897}, "v2rl303": {"id": "c12_replay_400_0088_sla1.5", "base_id": "c12_replay_400_0088", "campus": 12, "size": 400, "condition": "sla1.5", "sla_multiplier": 1.5, "crew_multiplier": 1.0, "method": "v2rl303", "seed": 303, "feasible": 1, "wwt": 793.6, "makespan": 77.0, "mean_flow": 3.823549, "breach_share": 0.01, "breach_p1": 0.07407407407407407, "breach_p2": 0.0, "breach_p3": 0.0, "breach_p4": 0.0, "wall_seconds": 0.043744762893766165}}, "methods_expected": ["edd", "wspt", "atc", "pfifo", "mor", "random", "v2rl301", "v2rl302", "v2rl303"], "infeasible": [], "wall_seconds_total": 0.13991979509592056}