{"shard_id": "c12_replay_150_0107_m1.25", "id": "c12_replay_150_0107_m1.25", "base_id": "c12_replay_150_0107", "campus": 12, "size": 150, "condition": "crew1.25", "rows": {"edd": {"id": "c12_replay_150_0107_m1.25", "base_id": "c12_replay_150_0107", "campus": 12, "size": 150, "condition": "crew1.25", "sla_multiplier": 1.0, "crew_multiplier": 1.25, "method": "edd", "seed": 301, "feasible": 1, "wwt": 421.7296, "makespan": 98.1862, "mean_flow": 7.298629333333333, "breach_share": 0.03333333333333333, "breach_p1": 0.19047619047619047, "breach_p2": 0.0, "breach_p3": 0.030303030303030304, "breach_p4": 0.0, "wall_seconds": 0.0002846773713827133}, "wspt": {"id": "c12_replay_150_0107_m1.25", "base_id": "c12_replay_150_0107", "campus": 12, "size": 150, "condition": "crew1.25", "sla_multiplier": 1.0, "crew_multiplier": 1.25, "method": "wspt", "seed": 301, "feasible": 1, "wwt": 421.7296, "makespan": 98.1862, "mean_flow": 7.298629333333333, "breach_share": 0.03333333333333333, "breach_p1": 0.19047619047619047, "breach_p2": 0.0, "breach_p3": 0.030303030303030304, "breach_p4": 0.0, "wall_seconds": 0.00029868632555007935}, "atc": {"id": "c12_replay_150_0107_m1.25", "base_id": "c12_replay_150_0107", "campus": 12, "size": 150, "condition": "crew1.25", "sla_multiplier": 1.0, "crew_multiplier": 1.25, "method": "atc", "seed": 301, "feasible": 1, "wwt": 421.7296, "makespan": 98.1862, "mean_flow": 7.298629333333333, "breach_share": 0.03333333333333333, "breach_p1": 0.19047619047619047, "breach_p2": 0.0, "breach_p3": 0.030303030303030304, "breach_p4": 0.0, "wall_seconds": 0.0003372989594936371}, "pfifo": {"id": "c12_replay_150_0107_m1.25", "base_id": "c12_replay_150_0107", "campus": 12, "size": 150, "condition": "crew1.25", "sla_multiplier": 1.0, "crew_multiplier": 1.25, "method": "pfifo", "seed": 301, "feasible": 1, "wwt": 421.7296, "makespan": 98.1862, "mean_flow": 7.298629333333333, "breach_share": 0.03333333333333333, "breach_p1": 0.19047619047619047, "breach_p2": 0.0, "breach_p3": 0.030303030303030304, "breach_p4": 0.0, "wall_seconds": 0.0002725599333643913}, "mor": {"id": "c12_replay_150_0107_m1.25", "base_id": "c12_replay_150_0107", "campus": 12, "size": 150, "condition": "crew1.25", "sla_multiplier": 1.0, "crew_multiplier": 1.25, "method": "mor", "seed": 301, "feasible": 1, "wwt": 421.7296, "makespan": 98.1862, "mean_flow": 7.298629333333333, "breach_share": 0.03333333333333333, "breach_p1": 0.19047619047619047, "breach_p2": 0.0, "breach_p3": 0.030303030303030304, "breach_p4": 0.0, "wall_seconds": 0.0002705478109419346}, "random": {"id": "c12_replay_150_0107_m1.25", "base_id": "c12_replay_150_0107", "campus": 12, "size": 150, "condition": "crew1.25", "sla_multiplier": 1.0, "crew_multiplier": 1.25, "method": "random", "seed": 301, "feasible": 1, "wwt": 421.7296, "makespan": 98.1862, "mean_flow": 7.298629333333333, "breach_share": 0.03333333333333333, "breach_p1": 0.19047619047619047, "breach_p2": 0.0, "breach_p3": 0.030303030303030304, "breach_p4": 0.0, "wall_seconds": 0.00025715306401252747}, "v2rl301": {"id": "c12_replay_150_0107_m1.25", "base_id": "c12_replay_150_0107", "campus": 12, "size": 150, "condition": "crew1.25", "sla_multiplier": 1.0, "crew_multiplier": 1.25, "method": "v2rl301", "seed": 301, "feasible": 1, "wwt": 421.7296, "makespan": 98.1862, "mean_flow": 7.298629333333333, "breach_share": 0.03333333333333333, "breach_p1": 0.19047619047619047, "breach_p2": 0.0, "breach_p3": 0.030303030303030304, "breach_p4": 0.0, "wall_seconds": 0.015076721552759409}, "v2rl302": {"id": "c12_replay_150_0107_m1.25", "base_id": "c12_replay_150_0107", "campus": 12, "size": 150, "condition": "crew1.25", "sla_multiplier": 1.0, "crew_multiplier": 1.25, "method": "v2rl302", "seed": 302, "feasible": 1, "wwt": 421.7296, "makespan": 98.1862, "mean_flow": 7.298629333333333, "breach_share": 0.03333333333333333, "breach_p1": 0.19047619047619047, "breach_p2": 0.0, "breach_p3": 0.030303030303030304, "breach_p4": 0.0, "wall_seconds": 0.01486551621928811}, "v2rl303": {"id": "c12_replay_150_0107_m1.25", "base_id": "c12_replay_150_0107", "campus": 12, "size": 150, "condition": "crew1.25", "sla_multiplier": 1.0, "crew_multiplier": 1.25, "method": "v2rl303", "seed": 303, "feasible": 1, "wwt": 421.7296, "makespan": 98.1862, "mean_flow": 7.298629333333333, "breach_share": 0.03333333333333333, "breach_p1": 0.19047619047619047, "breach_p2": 0.0, "breach_p3": 0.030303030303030304, "breach_p4": 0.0, "wall_seconds": 0.015363449696451426}}, "methods_expected": ["edd", "wspt", "atc", "pfifo", "mor", "random", "v2rl301", "v2rl302", "v2rl303"], "infeasible": [], "wall_seconds_total": 0.04933955194428563}