{"shard_id": "c12_replay_400_0086_m1.25", "id": "c12_replay_400_0086_m1.25", "base_id": "c12_replay_400_0086", "campus": 12, "size": 400, "condition": "crew1.25", "rows": {"edd": {"id": "c12_replay_400_0086_m1.25", "base_id": "c12_replay_400_0086", "campus": 12, "size": 400, "condition": "crew1.25", "sla_multiplier": 1.0, "crew_multiplier": 1.25, "method": "edd", "seed": 301, "feasible": 1, "wwt": 2012.1183999999998, "makespan": 95.0795, "mean_flow": 5.12578575, "breach_share": 0.045, "breach_p1": 0.1650485436893204, "breach_p2": 0.011904761904761904, "breach_p3": 0.0, "breach_p4": 0.0, "wall_seconds": 0.0006788130849599838}, "wspt": {"id": "c12_replay_400_0086_m1.25", "base_id": "c12_replay_400_0086", "campus": 12, "size": 400, "condition": "crew1.25", "sla_multiplier": 1.0, "crew_multiplier": 1.25, "method": "wspt", "seed": 301, "feasible": 1, "wwt": 2012.1183999999998, "makespan": 95.0795, "mean_flow": 5.1253537499999995, "breach_share": 0.045, "breach_p1": 0.1650485436893204, "breach_p2": 0.011904761904761904, "breach_p3": 0.0, "breach_p4": 0.0, "wall_seconds": 0.0006799302063882351}, "atc": {"id": "c12_replay_400_0086_m1.25", "base_id": "c12_replay_400_0086", "campus": 12, "size": 400, "condition": "crew1.25", "sla_multiplier": 1.0, "crew_multiplier": 1.25, "method": "atc", "seed": 301, "feasible": 1, "wwt": 2012.1183999999998, "makespan": 95.0795, "mean_flow": 5.12578575, "breach_share": 0.045, "breach_p1": 0.1650485436893204, "breach_p2": 0.011904761904761904, "breach_p3": 0.0, "breach_p4": 0.0, "wall_seconds": 0.0009240163490176201}, "pfifo": {"id": "c12_replay_400_0086_m1.25", "base_id": "c12_replay_400_0086", "campus": 12, "size": 400, "condition": "crew1.25", "sla_multiplier": 1.0, "crew_multiplier": 1.25, "method": "pfifo", "seed": 301, "feasible": 1, "wwt": 2012.1183999999998, "makespan": 95.0795, "mean_flow": 5.12578575, "breach_share": 0.045, "breach_p1": 0.1650485436893204, "breach_p2": 0.011904761904761904, "breach_p3": 0.0, "breach_p4": 0.0, "wall_seconds": 0.0006612301804125309}, "mor": {"id": "c12_replay_400_0086_m1.25", "base_id": "c12_replay_400_0086", "campus": 12, "size": 400, "condition": "crew1.25", "sla_multiplier": 1.0, "crew_multiplier": 1.25, "method": "mor", "seed": 301, "feasible": 1, "wwt": 2012.1183999999998, "makespan": 95.0795, "mean_flow": 5.125978749999999, "breach_share": 0.045, "breach_p1": 0.1650485436893204, "breach_p2": 0.011904761904761904, "breach_p3": 0.0, "breach_p4": 0.0, "wall_seconds": 0.0006548482924699783}, "random": {"id": "c12_replay_400_0086_m1.25", "base_id": "c12_replay_400_0086", "campus": 12, "size": 400, "condition": "crew1.25", "sla_multiplier": 1.0, "crew_multiplier": 1.25, "method": "random", "seed": 301, "feasible": 1, "wwt": 2012.1183999999998, "makespan": 95.0795, "mean_flow": 5.12578575, "breach_share": 0.045, "breach_p1": 0.1650485436893204, "breach_p2": 0.011904761904761904, "breach_p3": 0.0, "breach_p4": 0.0, "wall_seconds": 0.0005737119354307652}, "v2rl301": {"id": "c12_replay_400_0086_m1.25", "base_id": "c12_replay_400_0086", "campus": 12, "size": 400, "condition": "crew1.25", "sla_multiplier": 1.0, "crew_multiplier": 1.25, "method": "v2rl301", "seed": 301, "feasible": 1, "wwt": 2012.1183999999998, "makespan": 95.0795, "mean_flow": 5.1253537499999995, "breach_share": 0.045, "breach_p1": 0.1650485436893204, "breach_p2": 0.011904761904761904, "breach_p3": 0.0, "breach_p4": 0.0, "wall_seconds": 0.041978564113378525}, "v2rl302": {"id": "c12_replay_400_0086_m1.25", "base_id": "c12_replay_400_0086", "campus": 12, "size": 400, "condition": "crew1.25", "sla_multiplier": 1.0, "crew_multiplier": 1.25, "method": "v2rl302", "seed": 302, "feasible": 1, "wwt": 2012.1183999999998, "makespan": 95.0795, "mean_flow": 5.125978749999999, "breach_share": 0.045, "breach_p1": 0.1650485436893204, "breach_p2": 0.011904761904761904, "breach_p3": 0.0, "breach_p4": 0.0, "wall_seconds": 0.040549193043261766}, "v2rl303": {"id": "c12_replay_400_0086_m1.25", "base_id": "c12_replay_400_0086", "campus": 12, "size": 400, "condition": "crew1.25", "sla_multiplier": 1.0, "crew_multiplier": 1.25, "method": "v2rl303", "seed": 303, "feasible": 1, "wwt": 2012.1183999999998, "makespan": 95.0795, "mean_flow": 5.125978749999999, "breach_share": 0.045, "breach_p1": 0.1650485436893204, "breach_p2": 0.011904761904761904, "breach_p3": 0.0, "breach_p4": 0.0, "wall_seconds": 0.040839029010385275}}, "methods_expected": ["edd", "wspt", "atc", "pfifo", "mor", "random", "v2rl301", "v2rl302", "v2rl303"], "infeasible": [], "wall_seconds_total": 0.13225146988406777}