{"shard_id": "c12_replay_150_0101_sla1.5", "id": "c12_replay_150_0101_sla1.5", "base_id": "c12_replay_150_0101", "campus": 12, "size": 150, "condition": "sla1.5", "rows": {"edd": {"id": "c12_replay_150_0101_sla1.5", "base_id": "c12_replay_150_0101", "campus": 12, "size": 150, "condition": "sla1.5", "sla_multiplier": 1.5, "crew_multiplier": 1.0, "method": "edd", "seed": 301, "feasible": 1, "wwt": 152.0, "makespan": 61.7108, "mean_flow": 4.819333333333334, "breach_share": 0.02666666666666667, "breach_p1": 0.14285714285714285, "breach_p2": 0.0, "breach_p3": 0.0, "breach_p4": 0.0, "wall_seconds": 0.0003146892413496971}, "wspt": {"id": "c12_replay_150_0101_sla1.5", "base_id": "c12_replay_150_0101", "campus": 12, "size": 150, "condition": "sla1.5", "sla_multiplier": 1.5, "crew_multiplier": 1.0, "method": "wspt", "seed": 301, "feasible": 1, "wwt": 152.0, "makespan": 61.7108, "mean_flow": 4.819333333333334, "breach_share": 0.02666666666666667, "breach_p1": 0.14285714285714285, "breach_p2": 0.0, "breach_p3": 0.0, "breach_p4": 0.0, "wall_seconds": 0.00034904200583696365}, "atc": {"id": "c12_replay_150_0101_sla1.5", "base_id": "c12_replay_150_0101", "campus": 12, "size": 150, "condition": "sla1.5", "sla_multiplier": 1.5, "crew_multiplier": 1.0, "method": "atc", "seed": 301, "feasible": 1, "wwt": 152.0, "makespan": 61.7108, "mean_flow": 4.819333333333334, "breach_share": 0.02666666666666667, "breach_p1": 0.14285714285714285, "breach_p2": 0.0, "breach_p3": 0.0, "breach_p4": 0.0, "wall_seconds": 0.0004204227589070797}, "pfifo": {"id": "c12_replay_150_0101_sla1.5", "base_id": "c12_replay_150_0101", "campus": 12, "size": 150, "condition": "sla1.5", "sla_multiplier": 1.5, "crew_multiplier": 1.0, "method": "pfifo", "seed": 301, "feasible": 1, "wwt": 152.0, "makespan": 61.7108, "mean_flow": 4.819333333333334, "breach_share": 0.02666666666666667, "breach_p1": 0.14285714285714285, "breach_p2": 0.0, "breach_p3": 0.0, "breach_p4": 0.0, "wall_seconds": 0.00029291724786162376}, "mor": {"id": "c12_replay_150_0101_sla1.5", "base_id": "c12_replay_150_0101", "campus": 12, "size": 150, "condition": "sla1.5", "sla_multiplier": 1.5, "crew_multiplier": 1.0, "method": "mor", "seed": 301, "feasible": 1, "wwt": 152.0, "makespan": 61.7108, "mean_flow": 4.819333333333333, "breach_share": 0.02666666666666667, "breach_p1": 0.14285714285714285, "breach_p2": 0.0, "breach_p3": 0.0, "breach_p4": 0.0, "wall_seconds": 0.0002869446761906147}, "random": {"id": "c12_replay_150_0101_sla1.5", "base_id": "c12_replay_150_0101", "campus": 12, "size": 150, "condition": "sla1.5", "sla_multiplier": 1.5, "crew_multiplier": 1.0, "method": "random", "seed": 301, "feasible": 1, "wwt": 152.0, "makespan": 61.7108, "mean_flow": 4.819333333333333, "breach_share": 0.02666666666666667, "breach_p1": 0.14285714285714285, "breach_p2": 0.0, "breach_p3": 0.0, "breach_p4": 0.0, "wall_seconds": 0.0002401508390903473}, "v2rl301": {"id": "c12_replay_150_0101_sla1.5", "base_id": "c12_replay_150_0101", "campus": 12, "size": 150, "condition": "sla1.5", "sla_multiplier": 1.5, "crew_multiplier": 1.0, "method": "v2rl301", "seed": 301, "feasible": 1, "wwt": 152.0, "makespan": 61.7108, "mean_flow": 4.819333333333333, "breach_share": 0.02666666666666667, "breach_p1": 0.14285714285714285, "breach_p2": 0.0, "breach_p3": 0.0, "breach_p4": 0.0, "wall_seconds": 0.01608788874000311}, "v2rl302": {"id": "c12_replay_150_0101_sla1.5", "base_id": "c12_replay_150_0101", "campus": 12, "size": 150, "condition": "sla1.5", "sla_multiplier": 1.5, "crew_multiplier": 1.0, "method": "v2rl302", "seed": 302, "feasible": 1, "wwt": 152.0, "makespan": 61.7108, "mean_flow": 4.819333333333333, "breach_share": 0.02666666666666667, "breach_p1": 0.14285714285714285, "breach_p2": 0.0, "breach_p3": 0.0, "breach_p4": 0.0, "wall_seconds": 0.015346311964094639}, "v2rl303": {"id": "c12_replay_150_0101_sla1.5", "base_id": "c12_replay_150_0101", "campus": 12, "size": 150, "condition": "sla1.5", "sla_multiplier": 1.5, "crew_multiplier": 1.0, "method": "v2rl303", "seed": 303, "feasible": 1, "wwt": 152.0, "makespan": 61.7108, "mean_flow": 4.819333333333333, "breach_share": 0.02666666666666667, "breach_p1": 0.14285714285714285, "breach_p2": 0.0, "breach_p3": 0.0, "breach_p4": 0.0, "wall_seconds": 0.01529488991945982}}, "methods_expected": ["edd", "wspt", "atc", "pfifo", "mor", "random", "v2rl301", "v2rl302", "v2rl303"], "infeasible": [], "wall_seconds_total": 0.05101768160238862}