{"shard_id": "c12_replay_150_0114_sla1.5", "id": "c12_replay_150_0114_sla1.5", "base_id": "c12_replay_150_0114", "campus": 12, "size": 150, "condition": "sla1.5", "rows": {"edd": {"id": "c12_replay_150_0114_sla1.5", "base_id": "c12_replay_150_0114", "campus": 12, "size": 150, "condition": "sla1.5", "sla_multiplier": 1.5, "crew_multiplier": 1.0, "method": "edd", "seed": 301, "feasible": 1, "wwt": 108.0, "makespan": 98.8648, "mean_flow": 6.754530666666667, "breach_share": 0.013333333333333334, "breach_p1": 0.045454545454545456, "breach_p2": 0.05263157894736842, "breach_p3": 0.0, "breach_p4": 0.0, "wall_seconds": 0.00030126795172691345}, "wspt": {"id": "c12_replay_150_0114_sla1.5", "base_id": "c12_replay_150_0114", "campus": 12, "size": 150, "condition": "sla1.5", "sla_multiplier": 1.5, "crew_multiplier": 1.0, "method": "wspt", "seed": 301, "feasible": 1, "wwt": 108.0, "makespan": 98.8648, "mean_flow": 6.754530666666667, "breach_share": 0.013333333333333334, "breach_p1": 0.045454545454545456, "breach_p2": 0.05263157894736842, "breach_p3": 0.0, "breach_p4": 0.0, "wall_seconds": 0.0002744942903518677}, "atc": {"id": "c12_replay_150_0114_sla1.5", "base_id": "c12_replay_150_0114", "campus": 12, "size": 150, "condition": "sla1.5", "sla_multiplier": 1.5, "crew_multiplier": 1.0, "method": "atc", "seed": 301, "feasible": 1, "wwt": 108.0, "makespan": 98.8648, "mean_flow": 6.754530666666667, "breach_share": 0.013333333333333334, "breach_p1": 0.045454545454545456, "breach_p2": 0.05263157894736842, "breach_p3": 0.0, "breach_p4": 0.0, "wall_seconds": 0.0003304900601506233}, "pfifo": {"id": "c12_replay_150_0114_sla1.5", "base_id": "c12_replay_150_0114", "campus": 12, "size": 150, "condition": "sla1.5", "sla_multiplier": 1.5, "crew_multiplier": 1.0, "method": "pfifo", "seed": 301, "feasible": 1, "wwt": 108.0, "makespan": 98.8648, "mean_flow": 6.754530666666667, "breach_share": 0.013333333333333334, "breach_p1": 0.045454545454545456, "breach_p2": 0.05263157894736842, "breach_p3": 0.0, "breach_p4": 0.0, "wall_seconds": 0.00028921617195010185}, "mor": {"id": "c12_replay_150_0114_sla1.5", "base_id": "c12_replay_150_0114", "campus": 12, "size": 150, "condition": "sla1.5", "sla_multiplier": 1.5, "crew_multiplier": 1.0, "method": "mor", "seed": 301, "feasible": 1, "wwt": 108.0, "makespan": 98.8648, "mean_flow": 6.754530666666667, "breach_share": 0.013333333333333334, "breach_p1": 0.045454545454545456, "breach_p2": 0.05263157894736842, "breach_p3": 0.0, "breach_p4": 0.0, "wall_seconds": 0.00026934314519166946}, "random": {"id": "c12_replay_150_0114_sla1.5", "base_id": "c12_replay_150_0114", "campus": 12, "size": 150, "condition": "sla1.5", "sla_multiplier": 1.5, "crew_multiplier": 1.0, "method": "random", "seed": 301, "feasible": 1, "wwt": 108.0, "makespan": 98.8648, "mean_flow": 6.754530666666667, "breach_share": 0.013333333333333334, "breach_p1": 0.045454545454545456, "breach_p2": 0.05263157894736842, "breach_p3": 0.0, "breach_p4": 0.0, "wall_seconds": 0.00026347720995545387}, "v2rl301": {"id": "c12_replay_150_0114_sla1.5", "base_id": "c12_replay_150_0114", "campus": 12, "size": 150, "condition": "sla1.5", "sla_multiplier": 1.5, "crew_multiplier": 1.0, "method": "v2rl301", "seed": 301, "feasible": 1, "wwt": 108.0, "makespan": 98.8648, "mean_flow": 6.754530666666667, "breach_share": 0.013333333333333334, "breach_p1": 0.045454545454545456, "breach_p2": 0.05263157894736842, "breach_p3": 0.0, "breach_p4": 0.0, "wall_seconds": 0.015225060284137726}, "v2rl302": {"id": "c12_replay_150_0114_sla1.5", "base_id": "c12_replay_150_0114", "campus": 12, "size": 150, "condition": "sla1.5", "sla_multiplier": 1.5, "crew_multiplier": 1.0, "method": "v2rl302", "seed": 302, "feasible": 1, "wwt": 108.0, "makespan": 98.8648, "mean_flow": 6.754530666666667, "breach_share": 0.013333333333333334, "breach_p1": 0.045454545454545456, "breach_p2": 0.05263157894736842, "breach_p3": 0.0, "breach_p4": 0.0, "wall_seconds": 0.014704779721796513}, "v2rl303": {"id": "c12_replay_150_0114_sla1.5", "base_id": "c12_replay_150_0114", "campus": 12, "size": 150, "condition": "sla1.5", "sla_multiplier": 1.5, "crew_multiplier": 1.0, "method": "v2rl303", "seed": 303, "feasible": 1, "wwt": 108.0, "makespan": 98.8648, "mean_flow": 6.754530666666667, "breach_share": 0.013333333333333334, "breach_p1": 0.045454545454545456, "breach_p2": 0.05263157894736842, "breach_p3": 0.0, "breach_p4": 0.0, "wall_seconds": 0.015041498932987452}}, "methods_expected": ["edd", "wspt", "atc", "pfifo", "mor", "random", "v2rl301", "v2rl302", "v2rl303"], "infeasible": [], "wall_seconds_total": 0.04896807298064232}