{"shard_id": "c12_replay_150_0116_sla1.5", "id": "c12_replay_150_0116_sla1.5", "base_id": "c12_replay_150_0116", "campus": 12, "size": 150, "condition": "sla1.5", "rows": {"edd": {"id": "c12_replay_150_0116_sla1.5", "base_id": "c12_replay_150_0116", "campus": 12, "size": 150, "condition": "sla1.5", "sla_multiplier": 1.5, "crew_multiplier": 1.0, "method": "edd", "seed": 301, "feasible": 1, "wwt": 184.0, "makespan": 94.1837, "mean_flow": 4.80651, "breach_share": 0.013333333333333334, "breach_p1": 0.09090909090909091, "breach_p2": 0.0, "breach_p3": 0.0, "breach_p4": 0.0, "wall_seconds": 0.00029159802943468094}, "wspt": {"id": "c12_replay_150_0116_sla1.5", "base_id": "c12_replay_150_0116", "campus": 12, "size": 150, "condition": "sla1.5", "sla_multiplier": 1.5, "crew_multiplier": 1.0, "method": "wspt", "seed": 301, "feasible": 1, "wwt": 184.0, "makespan": 94.1837, "mean_flow": 4.80651, "breach_share": 0.013333333333333334, "breach_p1": 0.09090909090909091, "breach_p2": 0.0, "breach_p3": 0.0, "breach_p4": 0.0, "wall_seconds": 0.0002722041681408882}, "atc": {"id": "c12_replay_150_0116_sla1.5", "base_id": "c12_replay_150_0116", "campus": 12, "size": 150, "condition": "sla1.5", "sla_multiplier": 1.5, "crew_multiplier": 1.0, "method": "atc", "seed": 301, "feasible": 1, "wwt": 184.0, "makespan": 94.1837, "mean_flow": 4.80651, "breach_share": 0.013333333333333334, "breach_p1": 0.09090909090909091, "breach_p2": 0.0, "breach_p3": 0.0, "breach_p4": 0.0, "wall_seconds": 0.00032886816188693047}, "pfifo": {"id": "c12_replay_150_0116_sla1.5", "base_id": "c12_replay_150_0116", "campus": 12, "size": 150, "condition": "sla1.5", "sla_multiplier": 1.5, "crew_multiplier": 1.0, "method": "pfifo", "seed": 301, "feasible": 1, "wwt": 184.0, "makespan": 94.1837, "mean_flow": 4.80651, "breach_share": 0.013333333333333334, "breach_p1": 0.09090909090909091, "breach_p2": 0.0, "breach_p3": 0.0, "breach_p4": 0.0, "wall_seconds": 0.00027018506079912186}, "mor": {"id": "c12_replay_150_0116_sla1.5", "base_id": "c12_replay_150_0116", "campus": 12, "size": 150, "condition": "sla1.5", "sla_multiplier": 1.5, "crew_multiplier": 1.0, "method": "mor", "seed": 301, "feasible": 1, "wwt": 184.0, "makespan": 94.1837, "mean_flow": 4.80651, "breach_share": 0.013333333333333334, "breach_p1": 0.09090909090909091, "breach_p2": 0.0, "breach_p3": 0.0, "breach_p4": 0.0, "wall_seconds": 0.00027522770687937737}, "random": {"id": "c12_replay_150_0116_sla1.5", "base_id": "c12_replay_150_0116", "campus": 12, "size": 150, "condition": "sla1.5", "sla_multiplier": 1.5, "crew_multiplier": 1.0, "method": "random", "seed": 301, "feasible": 1, "wwt": 184.0, "makespan": 94.1837, "mean_flow": 4.80651, "breach_share": 0.013333333333333334, "breach_p1": 0.09090909090909091, "breach_p2": 0.0, "breach_p3": 0.0, "breach_p4": 0.0, "wall_seconds": 0.00026834895834326744}, "v2rl301": {"id": "c12_replay_150_0116_sla1.5", "base_id": "c12_replay_150_0116", "campus": 12, "size": 150, "condition": "sla1.5", "sla_multiplier": 1.5, "crew_multiplier": 1.0, "method": "v2rl301", "seed": 301, "feasible": 1, "wwt": 184.0, "makespan": 94.1837, "mean_flow": 4.80651, "breach_share": 0.013333333333333334, "breach_p1": 0.09090909090909091, "breach_p2": 0.0, "breach_p3": 0.0, "breach_p4": 0.0, "wall_seconds": 0.01564466394484043}, "v2rl302": {"id": "c12_replay_150_0116_sla1.5", "base_id": "c12_replay_150_0116", "campus": 12, "size": 150, "condition": "sla1.5", "sla_multiplier": 1.5, "crew_multiplier": 1.0, "method": "v2rl302", "seed": 302, "feasible": 1, "wwt": 184.0, "makespan": 94.1837, "mean_flow": 4.80651, "breach_share": 0.013333333333333334, "breach_p1": 0.09090909090909091, "breach_p2": 0.0, "breach_p3": 0.0, "breach_p4": 0.0, "wall_seconds": 0.014850487932562828}, "v2rl303": {"id": "c12_replay_150_0116_sla1.5", "base_id": "c12_replay_150_0116", "campus": 12, "size": 150, "condition": "sla1.5", "sla_multiplier": 1.5, "crew_multiplier": 1.0, "method": "v2rl303", "seed": 303, "feasible": 1, "wwt": 184.0, "makespan": 94.1837, "mean_flow": 4.80651, "breach_share": 0.013333333333333334, "breach_p1": 0.09090909090909091, "breach_p2": 0.0, "breach_p3": 0.0, "breach_p4": 0.0, "wall_seconds": 0.014738860074430704}}, "methods_expected": ["edd", "wspt", "atc", "pfifo", "mor", "random", "v2rl301", "v2rl302", "v2rl303"], "infeasible": [], "wall_seconds_total": 0.049255475867539644}