{"shard_id": "c12_replay_400_0084_m1.25", "id": "c12_replay_400_0084_m1.25", "base_id": "c12_replay_400_0084", "campus": 12, "size": 400, "condition": "crew1.25", "rows": {"edd": {"id": "c12_replay_400_0084_m1.25", "base_id": "c12_replay_400_0084", "campus": 12, "size": 400, "condition": "crew1.25", "sla_multiplier": 1.0, "crew_multiplier": 1.25, "method": "edd", "seed": 301, "feasible": 1, "wwt": 1241.7676000000001, "makespan": 106.8648, "mean_flow": 4.44249575, "breach_share": 0.0275, "breach_p1": 0.1038961038961039, "breach_p2": 0.04225352112676056, "breach_p3": 0.0, "breach_p4": 0.0, "wall_seconds": 0.000810608733445406}, "wspt": {"id": "c12_replay_400_0084_m1.25", "base_id": "c12_replay_400_0084", "campus": 12, "size": 400, "condition": "crew1.25", "sla_multiplier": 1.0, "crew_multiplier": 1.25, "method": "wspt", "seed": 301, "feasible": 1, "wwt": 1254.2236, "makespan": 106.8648, "mean_flow": 4.401477750000001, "breach_share": 0.0275, "breach_p1": 0.1038961038961039, "breach_p2": 0.04225352112676056, "breach_p3": 0.0, "breach_p4": 0.0, "wall_seconds": 0.0007883254438638687}, "atc": {"id": "c12_replay_400_0084_m1.25", "base_id": "c12_replay_400_0084", "campus": 12, "size": 400, "condition": "crew1.25", "sla_multiplier": 1.0, "crew_multiplier": 1.25, "method": "atc", "seed": 301, "feasible": 1, "wwt": 1246.5436, "makespan": 106.8648, "mean_flow": 4.42235275, "breach_share": 0.0275, "breach_p1": 0.1038961038961039, "breach_p2": 0.04225352112676056, "breach_p3": 0.0, "breach_p4": 0.0, "wall_seconds": 0.0010561090894043446}, "pfifo": {"id": "c12_replay_400_0084_m1.25", "base_id": "c12_replay_400_0084", "campus": 12, "size": 400, "condition": "crew1.25", "sla_multiplier": 1.0, "crew_multiplier": 1.25, "method": "pfifo", "seed": 301, "feasible": 1, "wwt": 1241.7676000000001, "makespan": 106.8648, "mean_flow": 4.44249575, "breach_share": 0.0275, "breach_p1": 0.1038961038961039, "breach_p2": 0.04225352112676056, "breach_p3": 0.0, "breach_p4": 0.0, "wall_seconds": 0.0007077981717884541}, "mor": {"id": "c12_replay_400_0084_m1.25", "base_id": "c12_replay_400_0084", "campus": 12, "size": 400, "condition": "crew1.25", "sla_multiplier": 1.0, "crew_multiplier": 1.25, "method": "mor", "seed": 301, "feasible": 1, "wwt": 1239.9812000000002, "makespan": 106.8648, "mean_flow": 4.493890250000001, "breach_share": 0.0275, "breach_p1": 0.1038961038961039, "breach_p2": 0.04225352112676056, "breach_p3": 0.0, "breach_p4": 0.0, "wall_seconds": 0.0006856829859316349}, "random": {"id": "c12_replay_400_0084_m1.25", "base_id": "c12_replay_400_0084", "campus": 12, "size": 400, "condition": "crew1.25", "sla_multiplier": 1.0, "crew_multiplier": 1.25, "method": "random", "seed": 301, "feasible": 1, "wwt": 1242.81, "makespan": 106.8648, "mean_flow": 4.4282734999999995, "breach_share": 0.0275, "breach_p1": 0.1038961038961039, "breach_p2": 0.04225352112676056, "breach_p3": 0.0, "breach_p4": 0.0, "wall_seconds": 0.0005644611082971096}, "v2rl301": {"id": "c12_replay_400_0084_m1.25", "base_id": "c12_replay_400_0084", "campus": 12, "size": 400, "condition": "crew1.25", "sla_multiplier": 1.0, "crew_multiplier": 1.25, "method": "v2rl301", "seed": 301, "feasible": 1, "wwt": 1239.9812000000002, "makespan": 106.8648, "mean_flow": 4.46462075, "breach_share": 0.0275, "breach_p1": 0.1038961038961039, "breach_p2": 0.04225352112676056, "breach_p3": 0.0, "breach_p4": 0.0, "wall_seconds": 0.04124843887984753}, "v2rl302": {"id": "c12_replay_400_0084_m1.25", "base_id": "c12_replay_400_0084", "campus": 12, "size": 400, "condition": "crew1.25", "sla_multiplier": 1.0, "crew_multiplier": 1.25, "method": "v2rl302", "seed": 302, "feasible": 1, "wwt": 1239.9812000000002, "makespan": 106.8648, "mean_flow": 4.46406725, "breach_share": 0.0275, "breach_p1": 0.1038961038961039, "breach_p2": 0.04225352112676056, "breach_p3": 0.0, "breach_p4": 0.0, "wall_seconds": 0.041052660904824734}, "v2rl303": {"id": "c12_replay_400_0084_m1.25", "base_id": "c12_replay_400_0084", "campus": 12, "size": 400, "condition": "crew1.25", "sla_multiplier": 1.0, "crew_multiplier": 1.25, "method": "v2rl303", "seed": 303, "feasible": 1, "wwt": 1239.9812000000002, "makespan": 106.8648, "mean_flow": 4.44781725, "breach_share": 0.0275, "breach_p1": 0.1038961038961039, "breach_p2": 0.04225352112676056, "breach_p3": 0.0, "breach_p4": 0.0, "wall_seconds": 0.04129152186214924}}, "methods_expected": ["edd", "wspt", "atc", "pfifo", "mor", "random", "v2rl301", "v2rl302", "v2rl303"], "infeasible": [], "wall_seconds_total": 0.13303351495414972}