{"shard_id": "c12_replay_150_0100_m1.25", "id": "c12_replay_150_0100_m1.25", "base_id": "c12_replay_150_0100", "campus": 12, "size": 150, "condition": "crew1.25", "rows": {"edd": {"id": "c12_replay_150_0100_m1.25", "base_id": "c12_replay_150_0100", "campus": 12, "size": 150, "condition": "crew1.25", "sla_multiplier": 1.0, "crew_multiplier": 1.25, "method": "edd", "seed": 301, "feasible": 1, "wwt": 783.4592, "makespan": 100.6165, "mean_flow": 8.404727999999999, "breach_share": 0.02666666666666667, "breach_p1": 0.14285714285714285, "breach_p2": 0.058823529411764705, "breach_p3": 0.0, "breach_p4": 0.0, "wall_seconds": 0.00028384802863001823}, "wspt": {"id": "c12_replay_150_0100_m1.25", "base_id": "c12_replay_150_0100", "campus": 12, "size": 150, "condition": "crew1.25", "sla_multiplier": 1.0, "crew_multiplier": 1.25, "method": "wspt", "seed": 301, "feasible": 1, "wwt": 783.4592, "makespan": 100.6165, "mean_flow": 8.404728, "breach_share": 0.02666666666666667, "breach_p1": 0.14285714285714285, "breach_p2": 0.058823529411764705, "breach_p3": 0.0, "breach_p4": 0.0, "wall_seconds": 0.0002801148220896721}, "atc": {"id": "c12_replay_150_0100_m1.25", "base_id": "c12_replay_150_0100", "campus": 12, "size": 150, "condition": "crew1.25", "sla_multiplier": 1.0, "crew_multiplier": 1.25, "method": "atc", "seed": 301, "feasible": 1, "wwt": 783.4592, "makespan": 100.6165, "mean_flow": 8.404728, "breach_share": 0.02666666666666667, "breach_p1": 0.14285714285714285, "breach_p2": 0.058823529411764705, "breach_p3": 0.0, "breach_p4": 0.0, "wall_seconds": 0.0003288700245320797}, "pfifo": {"id": "c12_replay_150_0100_m1.25", "base_id": "c12_replay_150_0100", "campus": 12, "size": 150, "condition": "crew1.25", "sla_multiplier": 1.0, "crew_multiplier": 1.25, "method": "pfifo", "seed": 301, "feasible": 1, "wwt": 783.4592, "makespan": 100.6165, "mean_flow": 8.404727999999999, "breach_share": 0.02666666666666667, "breach_p1": 0.14285714285714285, "breach_p2": 0.058823529411764705, "breach_p3": 0.0, "breach_p4": 0.0, "wall_seconds": 0.0002829660661518574}, "mor": {"id": "c12_replay_150_0100_m1.25", "base_id": "c12_replay_150_0100", "campus": 12, "size": 150, "condition": "crew1.25", "sla_multiplier": 1.0, "crew_multiplier": 1.25, "method": "mor", "seed": 301, "feasible": 1, "wwt": 783.4592, "makespan": 100.6165, "mean_flow": 8.404728, "breach_share": 0.02666666666666667, "breach_p1": 0.14285714285714285, "breach_p2": 0.058823529411764705, "breach_p3": 0.0, "breach_p4": 0.0, "wall_seconds": 0.00027727894484996796}, "random": {"id": "c12_replay_150_0100_m1.25", "base_id": "c12_replay_150_0100", "campus": 12, "size": 150, "condition": "crew1.25", "sla_multiplier": 1.0, "crew_multiplier": 1.25, "method": "random", "seed": 301, "feasible": 1, "wwt": 783.4592, "makespan": 100.6165, "mean_flow": 8.404728, "breach_share": 0.02666666666666667, "breach_p1": 0.14285714285714285, "breach_p2": 0.058823529411764705, "breach_p3": 0.0, "breach_p4": 0.0, "wall_seconds": 0.00026482297107577324}, "v2rl301": {"id": "c12_replay_150_0100_m1.25", "base_id": "c12_replay_150_0100", "campus": 12, "size": 150, "condition": "crew1.25", "sla_multiplier": 1.0, "crew_multiplier": 1.25, "method": "v2rl301", "seed": 301, "feasible": 1, "wwt": 783.4592, "makespan": 100.6165, "mean_flow": 8.404727999999999, "breach_share": 0.02666666666666667, "breach_p1": 0.14285714285714285, "breach_p2": 0.058823529411764705, "breach_p3": 0.0, "breach_p4": 0.0, "wall_seconds": 0.015022666193544865}, "v2rl302": {"id": "c12_replay_150_0100_m1.25", "base_id": "c12_replay_150_0100", "campus": 12, "size": 150, "condition": "crew1.25", "sla_multiplier": 1.0, "crew_multiplier": 1.25, "method": "v2rl302", "seed": 302, "feasible": 1, "wwt": 783.4592, "makespan": 100.6165, "mean_flow": 8.404727999999999, "breach_share": 0.02666666666666667, "breach_p1": 0.14285714285714285, "breach_p2": 0.058823529411764705, "breach_p3": 0.0, "breach_p4": 0.0, "wall_seconds": 0.014819732867181301}, "v2rl303": {"id": "c12_replay_150_0100_m1.25", "base_id": "c12_replay_150_0100", "campus": 12, "size": 150, "condition": "crew1.25", "sla_multiplier": 1.0, "crew_multiplier": 1.25, "method": "v2rl303", "seed": 303, "feasible": 1, "wwt": 783.4592, "makespan": 100.6165, "mean_flow": 8.404727999999999, "breach_share": 0.02666666666666667, "breach_p1": 0.14285714285714285, "breach_p2": 0.058823529411764705, "breach_p3": 0.0, "breach_p4": 0.0, "wall_seconds": 0.015049629844725132}}, "methods_expected": ["edd", "wspt", "atc", "pfifo", "mor", "random", "v2rl301", "v2rl302", "v2rl303"], "infeasible": [], "wall_seconds_total": 0.048902051988989115}