{"shard_id": "c12_replay_400_0082_sla0.5", "id": "c12_replay_400_0082_sla0.5", "base_id": "c12_replay_400_0082", "campus": 12, "size": 400, "condition": "sla0.5", "rows": {"edd": {"id": "c12_replay_400_0082_sla0.5", "base_id": "c12_replay_400_0082", "campus": 12, "size": 400, "condition": "sla0.5", "sla_multiplier": 0.5, "crew_multiplier": 1.0, "method": "edd", "seed": 301, "feasible": 1, "wwt": 961.0791999999999, "makespan": 118.40010000000001, "mean_flow": 7.3599955, "breach_share": 0.0575, "breach_p1": 0.1728395061728395, "breach_p2": 0.02631578947368421, "breach_p3": 0.03125, "breach_p4": 0.02702702702702703, "wall_seconds": 0.0006788750179111958}, "wspt": {"id": "c12_replay_400_0082_sla0.5", "base_id": "c12_replay_400_0082", "campus": 12, "size": 400, "condition": "sla0.5", "sla_multiplier": 0.5, "crew_multiplier": 1.0, "method": "wspt", "seed": 301, "feasible": 1, "wwt": 963.5225, "makespan": 118.40010000000001, "mean_flow": 7.32677625, "breach_share": 0.0575, "breach_p1": 0.1728395061728395, "breach_p2": 0.02631578947368421, "breach_p3": 0.03125, "breach_p4": 0.02702702702702703, "wall_seconds": 0.0006416290998458862}, "atc": {"id": "c12_replay_400_0082_sla0.5", "base_id": "c12_replay_400_0082", "campus": 12, "size": 400, "condition": "sla0.5", "sla_multiplier": 0.5, "crew_multiplier": 1.0, "method": "atc", "seed": 301, "feasible": 1, "wwt": 963.5225, "makespan": 118.40010000000001, "mean_flow": 7.32874225, "breach_share": 0.0575, "breach_p1": 0.1728395061728395, "breach_p2": 0.02631578947368421, "breach_p3": 0.03125, "breach_p4": 0.02702702702702703, "wall_seconds": 0.00082353875041008}, "pfifo": {"id": "c12_replay_400_0082_sla0.5", "base_id": "c12_replay_400_0082", "campus": 12, "size": 400, "condition": "sla0.5", "sla_multiplier": 0.5, "crew_multiplier": 1.0, "method": "pfifo", "seed": 301, "feasible": 1, "wwt": 961.0791999999999, "makespan": 118.40010000000001, "mean_flow": 7.3599955, "breach_share": 0.0575, "breach_p1": 0.1728395061728395, "breach_p2": 0.02631578947368421, "breach_p3": 0.03125, "breach_p4": 0.02702702702702703, "wall_seconds": 0.0006251391023397446}, "mor": {"id": "c12_replay_400_0082_sla0.5", "base_id": "c12_replay_400_0082", "campus": 12, "size": 400, "condition": "sla0.5", "sla_multiplier": 0.5, "crew_multiplier": 1.0, "method": "mor", "seed": 301, "feasible": 1, "wwt": 952.1422, "makespan": 115.66290000000001, "mean_flow": 7.4295332499999995, "breach_share": 0.0575, "breach_p1": 0.1728395061728395, "breach_p2": 0.02631578947368421, "breach_p3": 0.03125, "breach_p4": 0.02702702702702703, "wall_seconds": 0.0006292248144745827}, "random": {"id": "c12_replay_400_0082_sla0.5", "base_id": "c12_replay_400_0082", "campus": 12, "size": 400, "condition": "sla0.5", "sla_multiplier": 0.5, "crew_multiplier": 1.0, "method": "random", "seed": 301, "feasible": 1, "wwt": 958.4499000000001, "makespan": 117.302, "mean_flow": 7.351102249999999, "breach_share": 0.0575, "breach_p1": 0.1728395061728395, "breach_p2": 0.02631578947368421, "breach_p3": 0.03125, "breach_p4": 0.02702702702702703, "wall_seconds": 0.0006313738413155079}, "v2rl301": {"id": "c12_replay_400_0082_sla0.5", "base_id": "c12_replay_400_0082", "campus": 12, "size": 400, "condition": "sla0.5", "sla_multiplier": 0.5, "crew_multiplier": 1.0, "method": "v2rl301", "seed": 301, "feasible": 1, "wwt": 952.1422, "makespan": 115.66290000000001, "mean_flow": 7.415151999999999, "breach_share": 0.0575, "breach_p1": 0.1728395061728395, "breach_p2": 0.02631578947368421, "breach_p3": 0.03125, "breach_p4": 0.02702702702702703, "wall_seconds": 0.041572199668735266}, "v2rl302": {"id": "c12_replay_400_0082_sla0.5", "base_id": "c12_replay_400_0082", "campus": 12, "size": 400, "condition": "sla0.5", "sla_multiplier": 0.5, "crew_multiplier": 1.0, "method": "v2rl302", "seed": 302, "feasible": 1, "wwt": 952.1422, "makespan": 115.66290000000001, "mean_flow": 7.40313175, "breach_share": 0.0575, "breach_p1": 0.1728395061728395, "breach_p2": 0.02631578947368421, "breach_p3": 0.03125, "breach_p4": 0.02702702702702703, "wall_seconds": 0.04105631681159139}, "v2rl303": {"id": "c12_replay_400_0082_sla0.5", "base_id": "c12_replay_400_0082", "campus": 12, "size": 400, "condition": "sla0.5", "sla_multiplier": 0.5, "crew_multiplier": 1.0, "method": "v2rl303", "seed": 303, "feasible": 1, "wwt": 952.1422, "makespan": 115.66290000000001, "mean_flow": 7.403644999999999, "breach_share": 0.0575, "breach_p1": 0.1728395061728395, "breach_p2": 0.02631578947368421, "breach_p3": 0.03125, "breach_p4": 0.02702702702702703, "wall_seconds": 0.04087500786408782}}, "methods_expected": ["edd", "wspt", "atc", "pfifo", "mor", "random", "v2rl301", "v2rl302", "v2rl303"], "infeasible": [], "wall_seconds_total": 0.1322830501012504}