{"shard_id": "c12_replay_150_0119_sla0.5", "id": "c12_replay_150_0119_sla0.5", "base_id": "c12_replay_150_0119", "campus": 12, "size": 150, "condition": "sla0.5", "rows": {"edd": {"id": "c12_replay_150_0119_sla0.5", "base_id": "c12_replay_150_0119", "campus": 12, "size": 150, "condition": "sla0.5", "sla_multiplier": 0.5, "crew_multiplier": 1.0, "method": "edd", "seed": 301, "feasible": 1, "wwt": 1236.0832, "makespan": 93.19590000000001, "mean_flow": 5.939197333333333, "breach_share": 0.04666666666666667, "breach_p1": 0.19047619047619047, "breach_p2": 0.05263157894736842, "breach_p3": 0.023809523809523808, "breach_p4": 0.014705882352941176, "wall_seconds": 0.00031060120090842247}, "wspt": {"id": "c12_replay_150_0119_sla0.5", "base_id": "c12_replay_150_0119", "campus": 12, "size": 150, "condition": "sla0.5", "sla_multiplier": 0.5, "crew_multiplier": 1.0, "method": "wspt", "seed": 301, "feasible": 1, "wwt": 1236.0832, "makespan": 93.19590000000001, "mean_flow": 5.939197333333333, "breach_share": 0.04666666666666667, "breach_p1": 0.19047619047619047, "breach_p2": 0.05263157894736842, "breach_p3": 0.023809523809523808, "breach_p4": 0.014705882352941176, "wall_seconds": 0.00026752986013889313}, "atc": {"id": "c12_replay_150_0119_sla0.5", "base_id": "c12_replay_150_0119", "campus": 12, "size": 150, "condition": "sla0.5", "sla_multiplier": 0.5, "crew_multiplier": 1.0, "method": "atc", "seed": 301, "feasible": 1, "wwt": 1236.0832, "makespan": 93.19590000000001, "mean_flow": 5.939197333333333, "breach_share": 0.04666666666666667, "breach_p1": 0.19047619047619047, "breach_p2": 0.05263157894736842, "breach_p3": 0.023809523809523808, "breach_p4": 0.014705882352941176, "wall_seconds": 0.0003300369717180729}, "pfifo": {"id": "c12_replay_150_0119_sla0.5", "base_id": "c12_replay_150_0119", "campus": 12, "size": 150, "condition": "sla0.5", "sla_multiplier": 0.5, "crew_multiplier": 1.0, "method": "pfifo", "seed": 301, "feasible": 1, "wwt": 1236.0832, "makespan": 93.19590000000001, "mean_flow": 5.939197333333333, "breach_share": 0.04666666666666667, "breach_p1": 0.19047619047619047, "breach_p2": 0.05263157894736842, "breach_p3": 0.023809523809523808, "breach_p4": 0.014705882352941176, "wall_seconds": 0.00026385486125946045}, "mor": {"id": "c12_replay_150_0119_sla0.5", "base_id": "c12_replay_150_0119", "campus": 12, "size": 150, "condition": "sla0.5", "sla_multiplier": 0.5, "crew_multiplier": 1.0, "method": "mor", "seed": 301, "feasible": 1, "wwt": 1236.0832, "makespan": 93.19590000000001, "mean_flow": 5.939197333333333, "breach_share": 0.04666666666666667, "breach_p1": 0.19047619047619047, "breach_p2": 0.05263157894736842, "breach_p3": 0.023809523809523808, "breach_p4": 0.014705882352941176, "wall_seconds": 0.0002598804421722889}, "random": {"id": "c12_replay_150_0119_sla0.5", "base_id": "c12_replay_150_0119", "campus": 12, "size": 150, "condition": "sla0.5", "sla_multiplier": 0.5, "crew_multiplier": 1.0, "method": "random", "seed": 301, "feasible": 1, "wwt": 1236.0832, "makespan": 93.19590000000001, "mean_flow": 5.939197333333333, "breach_share": 0.04666666666666667, "breach_p1": 0.19047619047619047, "breach_p2": 0.05263157894736842, "breach_p3": 0.023809523809523808, "breach_p4": 0.014705882352941176, "wall_seconds": 0.0002524568699300289}, "v2rl301": {"id": "c12_replay_150_0119_sla0.5", "base_id": "c12_replay_150_0119", "campus": 12, "size": 150, "condition": "sla0.5", "sla_multiplier": 0.5, "crew_multiplier": 1.0, "method": "v2rl301", "seed": 301, "feasible": 1, "wwt": 1236.0832, "makespan": 93.19590000000001, "mean_flow": 5.939197333333333, "breach_share": 0.04666666666666667, "breach_p1": 0.19047619047619047, "breach_p2": 0.05263157894736842, "breach_p3": 0.023809523809523808, "breach_p4": 0.014705882352941176, "wall_seconds": 0.015573636163026094}, "v2rl302": {"id": "c12_replay_150_0119_sla0.5", "base_id": "c12_replay_150_0119", "campus": 12, "size": 150, "condition": "sla0.5", "sla_multiplier": 0.5, "crew_multiplier": 1.0, "method": "v2rl302", "seed": 302, "feasible": 1, "wwt": 1236.0832, "makespan": 93.19590000000001, "mean_flow": 5.939197333333333, "breach_share": 0.04666666666666667, "breach_p1": 0.19047619047619047, "breach_p2": 0.05263157894736842, "breach_p3": 0.023809523809523808, "breach_p4": 0.014705882352941176, "wall_seconds": 0.015077960677444935}, "v2rl303": {"id": "c12_replay_150_0119_sla0.5", "base_id": "c12_replay_150_0119", "campus": 12, "size": 150, "condition": "sla0.5", "sla_multiplier": 0.5, "crew_multiplier": 1.0, "method": "v2rl303", "seed": 303, "feasible": 1, "wwt": 1236.0832, "makespan": 93.19590000000001, "mean_flow": 5.939197333333333, "breach_share": 0.04666666666666667, "breach_p1": 0.19047619047619047, "breach_p2": 0.05263157894736842, "breach_p3": 0.023809523809523808, "breach_p4": 0.014705882352941176, "wall_seconds": 0.014783279038965702}}, "methods_expected": ["edd", "wspt", "atc", "pfifo", "mor", "random", "v2rl301", "v2rl302", "v2rl303"], "infeasible": [], "wall_seconds_total": 0.04943641368299723}