{"shard_id": "c12_replay_400_0061_m0.75", "id": "c12_replay_400_0061_m0.75", "base_id": "c12_replay_400_0061", "campus": 12, "size": 400, "condition": "crew0.75", "rows": {"edd": {"id": "c12_replay_400_0061_m0.75", "base_id": "c12_replay_400_0061", "campus": 12, "size": 400, "condition": "crew0.75", "sla_multiplier": 1.0, "crew_multiplier": 0.75, "method": "edd", "seed": 301, "feasible": 1, "wwt": 560.0, "makespan": 102.3165, "mean_flow": 5.620414500000001, "breach_share": 0.025, "breach_p1": 0.13432835820895522, "breach_p2": 0.016666666666666666, "breach_p3": 0.0, "breach_p4": 0.0, "wall_seconds": 0.0006620408967137337}, "wspt": {"id": "c12_replay_400_0061_m0.75", "base_id": "c12_replay_400_0061", "campus": 12, "size": 400, "condition": "crew0.75", "sla_multiplier": 1.0, "crew_multiplier": 0.75, "method": "wspt", "seed": 301, "feasible": 1, "wwt": 560.0, "makespan": 102.3165, "mean_flow": 5.603470500000001, "breach_share": 0.025, "breach_p1": 0.13432835820895522, "breach_p2": 0.016666666666666666, "breach_p3": 0.0, "breach_p4": 0.0, "wall_seconds": 0.0006615230813622475}, "atc": {"id": "c12_replay_400_0061_m0.75", "base_id": "c12_replay_400_0061", "campus": 12, "size": 400, "condition": "crew0.75", "sla_multiplier": 1.0, "crew_multiplier": 0.75, "method": "atc", "seed": 301, "feasible": 1, "wwt": 560.0, "makespan": 102.3165, "mean_flow": 5.605737250000001, "breach_share": 0.025, "breach_p1": 0.13432835820895522, "breach_p2": 0.016666666666666666, "breach_p3": 0.0, "breach_p4": 0.0, "wall_seconds": 0.0009969021193683147}, "pfifo": {"id": "c12_replay_400_0061_m0.75", "base_id": "c12_replay_400_0061", "campus": 12, "size": 400, "condition": "crew0.75", "sla_multiplier": 1.0, "crew_multiplier": 0.75, "method": "pfifo", "seed": 301, "feasible": 1, "wwt": 560.0, "makespan": 102.3165, "mean_flow": 5.620414500000001, "breach_share": 0.025, "breach_p1": 0.13432835820895522, "breach_p2": 0.016666666666666666, "breach_p3": 0.0, "breach_p4": 0.0, "wall_seconds": 0.000640583224594593}, "mor": {"id": "c12_replay_400_0061_m0.75", "base_id": "c12_replay_400_0061", "campus": 12, "size": 400, "condition": "crew0.75", "sla_multiplier": 1.0, "crew_multiplier": 0.75, "method": "mor", "seed": 301, "feasible": 1, "wwt": 560.0, "makespan": 102.3165, "mean_flow": 5.625706, "breach_share": 0.025, "breach_p1": 0.13432835820895522, "breach_p2": 0.016666666666666666, "breach_p3": 0.0, "breach_p4": 0.0, "wall_seconds": 0.0006812643259763718}, "random": {"id": "c12_replay_400_0061_m0.75", "base_id": "c12_replay_400_0061", "campus": 12, "size": 400, "condition": "crew0.75", "sla_multiplier": 1.0, "crew_multiplier": 0.75, "method": "random", "seed": 301, "feasible": 1, "wwt": 575.4976, "makespan": 102.3165, "mean_flow": 5.604905249999999, "breach_share": 0.0275, "breach_p1": 0.14925373134328357, "breach_p2": 0.016666666666666666, "breach_p3": 0.0, "breach_p4": 0.0, "wall_seconds": 0.0005944482982158661}, "v2rl301": {"id": "c12_replay_400_0061_m0.75", "base_id": "c12_replay_400_0061", "campus": 12, "size": 400, "condition": "crew0.75", "sla_multiplier": 1.0, "crew_multiplier": 0.75, "method": "v2rl301", "seed": 301, "feasible": 1, "wwt": 560.0, "makespan": 102.3165, "mean_flow": 5.623831, "breach_share": 0.025, "breach_p1": 0.13432835820895522, "breach_p2": 0.016666666666666666, "breach_p3": 0.0, "breach_p4": 0.0, "wall_seconds": 0.04079507989808917}, "v2rl302": {"id": "c12_replay_400_0061_m0.75", "base_id": "c12_replay_400_0061", "campus": 12, "size": 400, "condition": "crew0.75", "sla_multiplier": 1.0, "crew_multiplier": 0.75, "method": "v2rl302", "seed": 302, "feasible": 1, "wwt": 560.0, "makespan": 102.3165, "mean_flow": 5.6212415, "breach_share": 0.025, "breach_p1": 0.13432835820895522, "breach_p2": 0.016666666666666666, "breach_p3": 0.0, "breach_p4": 0.0, "wall_seconds": 0.04042557440698147}, "v2rl303": {"id": "c12_replay_400_0061_m0.75", "base_id": "c12_replay_400_0061", "campus": 12, "size": 400, "condition": "crew0.75", "sla_multiplier": 1.0, "crew_multiplier": 0.75, "method": "v2rl303", "seed": 303, "feasible": 1, "wwt": 560.0, "makespan": 102.3165, "mean_flow": 5.61992975, "breach_share": 0.025, "breach_p1": 0.13432835820895522, "breach_p2": 0.016666666666666666, "breach_p3": 0.0, "breach_p4": 0.0, "wall_seconds": 0.040897661820054054}}, "methods_expected": ["edd", "wspt", "atc", "pfifo", "mor", "random", "v2rl301", "v2rl302", "v2rl303"], "infeasible": [], "wall_seconds_total": 0.13115688879042864}