{"shard_id": "c12_replay_150_0111_m1.25", "id": "c12_replay_150_0111_m1.25", "base_id": "c12_replay_150_0111", "campus": 12, "size": 150, "condition": "crew1.25", "rows": {"edd": {"id": "c12_replay_150_0111_m1.25", "base_id": "c12_replay_150_0111", "campus": 12, "size": 150, "condition": "crew1.25", "sla_multiplier": 1.0, "crew_multiplier": 1.25, "method": "edd", "seed": 301, "feasible": 1, "wwt": 312.92959999999994, "makespan": 98.2156, "mean_flow": 6.554432, "breach_share": 0.02666666666666667, "breach_p1": 0.08333333333333333, "breach_p2": 0.043478260869565216, "breach_p3": 0.022222222222222223, "breach_p4": 0.0, "wall_seconds": 0.0002927700988948345}, "wspt": {"id": "c12_replay_150_0111_m1.25", "base_id": "c12_replay_150_0111", "campus": 12, "size": 150, "condition": "crew1.25", "sla_multiplier": 1.0, "crew_multiplier": 1.25, "method": "wspt", "seed": 301, "feasible": 1, "wwt": 312.92959999999994, "makespan": 98.2156, "mean_flow": 6.554432, "breach_share": 0.02666666666666667, "breach_p1": 0.08333333333333333, "breach_p2": 0.043478260869565216, "breach_p3": 0.022222222222222223, "breach_p4": 0.0, "wall_seconds": 0.00029400596395134926}, "atc": {"id": "c12_replay_150_0111_m1.25", "base_id": "c12_replay_150_0111", "campus": 12, "size": 150, "condition": "crew1.25", "sla_multiplier": 1.0, "crew_multiplier": 1.25, "method": "atc", "seed": 301, "feasible": 1, "wwt": 312.92959999999994, "makespan": 98.2156, "mean_flow": 6.554432, "breach_share": 0.02666666666666667, "breach_p1": 0.08333333333333333, "breach_p2": 0.043478260869565216, "breach_p3": 0.022222222222222223, "breach_p4": 0.0, "wall_seconds": 0.00036237435415387154}, "pfifo": {"id": "c12_replay_150_0111_m1.25", "base_id": "c12_replay_150_0111", "campus": 12, "size": 150, "condition": "crew1.25", "sla_multiplier": 1.0, "crew_multiplier": 1.25, "method": "pfifo", "seed": 301, "feasible": 1, "wwt": 312.92959999999994, "makespan": 98.2156, "mean_flow": 6.554432, "breach_share": 0.02666666666666667, "breach_p1": 0.08333333333333333, "breach_p2": 0.043478260869565216, "breach_p3": 0.022222222222222223, "breach_p4": 0.0, "wall_seconds": 0.00028256000950932503}, "mor": {"id": "c12_replay_150_0111_m1.25", "base_id": "c12_replay_150_0111", "campus": 12, "size": 150, "condition": "crew1.25", "sla_multiplier": 1.0, "crew_multiplier": 1.25, "method": "mor", "seed": 301, "feasible": 1, "wwt": 312.92959999999994, "makespan": 98.2156, "mean_flow": 6.554432, "breach_share": 0.02666666666666667, "breach_p1": 0.08333333333333333, "breach_p2": 0.043478260869565216, "breach_p3": 0.022222222222222223, "breach_p4": 0.0, "wall_seconds": 0.0002767168916761875}, "random": {"id": "c12_replay_150_0111_m1.25", "base_id": "c12_replay_150_0111", "campus": 12, "size": 150, "condition": "crew1.25", "sla_multiplier": 1.0, "crew_multiplier": 1.25, "method": "random", "seed": 301, "feasible": 1, "wwt": 312.92959999999994, "makespan": 98.2156, "mean_flow": 6.554432, "breach_share": 0.02666666666666667, "breach_p1": 0.08333333333333333, "breach_p2": 0.043478260869565216, "breach_p3": 0.022222222222222223, "breach_p4": 0.0, "wall_seconds": 0.00025715772062540054}, "v2rl301": {"id": "c12_replay_150_0111_m1.25", "base_id": "c12_replay_150_0111", "campus": 12, "size": 150, "condition": "crew1.25", "sla_multiplier": 1.0, "crew_multiplier": 1.25, "method": "v2rl301", "seed": 301, "feasible": 1, "wwt": 312.92959999999994, "makespan": 98.2156, "mean_flow": 6.554432, "breach_share": 0.02666666666666667, "breach_p1": 0.08333333333333333, "breach_p2": 0.043478260869565216, "breach_p3": 0.022222222222222223, "breach_p4": 0.0, "wall_seconds": 0.01598041784018278}, "v2rl302": {"id": "c12_replay_150_0111_m1.25", "base_id": "c12_replay_150_0111", "campus": 12, "size": 150, "condition": "crew1.25", "sla_multiplier": 1.0, "crew_multiplier": 1.25, "method": "v2rl302", "seed": 302, "feasible": 1, "wwt": 312.92959999999994, "makespan": 98.2156, "mean_flow": 6.554432, "breach_share": 0.02666666666666667, "breach_p1": 0.08333333333333333, "breach_p2": 0.043478260869565216, "breach_p3": 0.022222222222222223, "breach_p4": 0.0, "wall_seconds": 0.015019147656857967}, "v2rl303": {"id": "c12_replay_150_0111_m1.25", "base_id": "c12_replay_150_0111", "campus": 12, "size": 150, "condition": "crew1.25", "sla_multiplier": 1.0, "crew_multiplier": 1.25, "method": "v2rl303", "seed": 303, "feasible": 1, "wwt": 312.92959999999994, "makespan": 98.2156, "mean_flow": 6.554432, "breach_share": 0.02666666666666667, "breach_p1": 0.08333333333333333, "breach_p2": 0.043478260869565216, "breach_p3": 0.022222222222222223, "breach_p4": 0.0, "wall_seconds": 0.01501053012907505}}, "methods_expected": ["edd", "wspt", "atc", "pfifo", "mor", "random", "v2rl301", "v2rl302", "v2rl303"], "infeasible": [], "wall_seconds_total": 0.05014502117410302}