{"shard_id": "c12_replay_400_0072_sla0.5", "id": "c12_replay_400_0072_sla0.5", "base_id": "c12_replay_400_0072", "campus": 12, "size": 400, "condition": "sla0.5", "rows": {"edd": {"id": "c12_replay_400_0072_sla0.5", "base_id": "c12_replay_400_0072", "campus": 12, "size": 400, "condition": "sla0.5", "sla_multiplier": 0.5, "crew_multiplier": 1.0, "method": "edd", "seed": 301, "feasible": 1, "wwt": 4645.264, "makespan": 149.2611, "mean_flow": 13.311866, "breach_share": 0.1625, "breach_p1": 0.30985915492957744, "breach_p2": 0.02127659574468085, "breach_p3": 0.26490066225165565, "breach_p4": 0.015267175572519083, "wall_seconds": 0.0007704570889472961}, "wspt": {"id": "c12_replay_400_0072_sla0.5", "base_id": "c12_replay_400_0072", "campus": 12, "size": 400, "condition": "sla0.5", "sla_multiplier": 0.5, "crew_multiplier": 1.0, "method": "wspt", "seed": 301, "feasible": 1, "wwt": 3777.148, "makespan": 166.2123, "mean_flow": 9.829134750000001, "breach_share": 0.105, "breach_p1": 0.30985915492957744, "breach_p2": 0.02127659574468085, "breach_p3": 0.11258278145695365, "breach_p4": 0.015267175572519083, "wall_seconds": 0.0008505815640091896}, "atc": {"id": "c12_replay_400_0072_sla0.5", "base_id": "c12_replay_400_0072", "campus": 12, "size": 400, "condition": "sla0.5", "sla_multiplier": 0.5, "crew_multiplier": 1.0, "method": "atc", "seed": 301, "feasible": 1, "wwt": 3777.3874, "makespan": 167.7123, "mean_flow": 9.834134749999999, "breach_share": 0.1025, "breach_p1": 0.30985915492957744, "breach_p2": 0.02127659574468085, "breach_p3": 0.10596026490066225, "breach_p4": 0.015267175572519083, "wall_seconds": 0.0014337808825075626}, "pfifo": {"id": "c12_replay_400_0072_sla0.5", "base_id": "c12_replay_400_0072", "campus": 12, "size": 400, "condition": "sla0.5", "sla_multiplier": 0.5, "crew_multiplier": 1.0, "method": "pfifo", "seed": 301, "feasible": 1, "wwt": 4645.264, "makespan": 149.2611, "mean_flow": 13.311866, "breach_share": 0.1625, "breach_p1": 0.30985915492957744, "breach_p2": 0.02127659574468085, "breach_p3": 0.26490066225165565, "breach_p4": 0.015267175572519083, "wall_seconds": 0.0008148220367729664}, "mor": {"id": "c12_replay_400_0072_sla0.5", "base_id": "c12_replay_400_0072", "campus": 12, "size": 400, "condition": "sla0.5", "sla_multiplier": 0.5, "crew_multiplier": 1.0, "method": "mor", "seed": 301, "feasible": 1, "wwt": 8764.445399999999, "makespan": 114.2123, "mean_flow": 20.486930750000003, "breach_share": 0.2525, "breach_p1": 0.30985915492957744, "breach_p2": 0.02127659574468085, "breach_p3": 0.5033112582781457, "breach_p4": 0.015267175572519083, "wall_seconds": 0.0008327900432050228}, "random": {"id": "c12_replay_400_0072_sla0.5", "base_id": "c12_replay_400_0072", "campus": 12, "size": 400, "condition": "sla0.5", "sla_multiplier": 0.5, "crew_multiplier": 1.0, "method": "random", "seed": 301, "feasible": 1, "wwt": 4586.654999999999, "makespan": 154.0975, "mean_flow": 13.331637249999998, "breach_share": 0.1575, "breach_p1": 0.30985915492957744, "breach_p2": 0.02127659574468085, "breach_p3": 0.25165562913907286, "breach_p4": 0.015267175572519083, "wall_seconds": 0.0005664881318807602}, "v2rl301": {"id": "c12_replay_400_0072_sla0.5", "base_id": "c12_replay_400_0072", "campus": 12, "size": 400, "condition": "sla0.5", "sla_multiplier": 0.5, "crew_multiplier": 1.0, "method": "v2rl301", "seed": 301, "feasible": 1, "wwt": 8612.151000000002, "makespan": 114.2123, "mean_flow": 20.296403, "breach_share": 0.2525, "breach_p1": 0.30985915492957744, "breach_p2": 0.02127659574468085, "breach_p3": 0.5033112582781457, "breach_p4": 0.015267175572519083, "wall_seconds": 0.043493716046214104}, "v2rl302": {"id": "c12_replay_400_0072_sla0.5", "base_id": "c12_replay_400_0072", "campus": 12, "size": 400, "condition": "sla0.5", "sla_multiplier": 0.5, "crew_multiplier": 1.0, "method": "v2rl302", "seed": 302, "feasible": 1, "wwt": 5477.6518000000015, "makespan": 131.7611, "mean_flow": 16.378279, "breach_share": 0.2525, "breach_p1": 0.30985915492957744, "breach_p2": 0.02127659574468085, "breach_p3": 0.5033112582781457, "breach_p4": 0.015267175572519083, "wall_seconds": 0.04234855528920889}, "v2rl303": {"id": "c12_replay_400_0072_sla0.5", "base_id": "c12_replay_400_0072", "campus": 12, "size": 400, "condition": "sla0.5", "sla_multiplier": 0.5, "crew_multiplier": 1.0, "method": "v2rl303", "seed": 303, "feasible": 1, "wwt": 8098.4364000000005, "makespan": 143.769, "mean_flow": 19.60493225, "breach_share": 0.245, "breach_p1": 0.30985915492957744, "breach_p2": 0.02127659574468085, "breach_p3": 0.48344370860927155, "breach_p4": 0.015267175572519083, "wall_seconds": 0.04434357490390539}}, "methods_expected": ["edd", "wspt", "atc", "pfifo", "mor", "random", "v2rl301", "v2rl302", "v2rl303"], "infeasible": [], "wall_seconds_total": 0.14030657801777124}