{"shard_id": "c12_replay_150_0103_sla0.5", "id": "c12_replay_150_0103_sla0.5", "base_id": "c12_replay_150_0103", "campus": 12, "size": 150, "condition": "sla0.5", "rows": {"edd": {"id": "c12_replay_150_0103_sla0.5", "base_id": "c12_replay_150_0103", "campus": 12, "size": 150, "condition": "sla0.5", "sla_multiplier": 0.5, "crew_multiplier": 1.0, "method": "edd", "seed": 301, "feasible": 1, "wwt": 1459.3184, "makespan": 91.854, "mean_flow": 6.189098666666667, "breach_share": 0.11333333333333333, "breach_p1": 0.43333333333333335, "breach_p2": 0.15384615384615385, "breach_p3": 0.0, "breach_p4": 0.0, "wall_seconds": 0.00030808523297309875}, "wspt": {"id": "c12_replay_150_0103_sla0.5", "base_id": "c12_replay_150_0103", "campus": 12, "size": 150, "condition": "sla0.5", "sla_multiplier": 0.5, "crew_multiplier": 1.0, "method": "wspt", "seed": 301, "feasible": 1, "wwt": 1459.3184, "makespan": 91.854, "mean_flow": 6.189098666666666, "breach_share": 0.11333333333333333, "breach_p1": 0.43333333333333335, "breach_p2": 0.15384615384615385, "breach_p3": 0.0, "breach_p4": 0.0, "wall_seconds": 0.00026569003239274025}, "atc": {"id": "c12_replay_150_0103_sla0.5", "base_id": "c12_replay_150_0103", "campus": 12, "size": 150, "condition": "sla0.5", "sla_multiplier": 0.5, "crew_multiplier": 1.0, "method": "atc", "seed": 301, "feasible": 1, "wwt": 1459.3184, "makespan": 91.854, "mean_flow": 6.189098666666666, "breach_share": 0.11333333333333333, "breach_p1": 0.43333333333333335, "breach_p2": 0.15384615384615385, "breach_p3": 0.0, "breach_p4": 0.0, "wall_seconds": 0.00033708009868860245}, "pfifo": {"id": "c12_replay_150_0103_sla0.5", "base_id": "c12_replay_150_0103", "campus": 12, "size": 150, "condition": "sla0.5", "sla_multiplier": 0.5, "crew_multiplier": 1.0, "method": "pfifo", "seed": 301, "feasible": 1, "wwt": 1459.3184, "makespan": 91.854, "mean_flow": 6.189098666666667, "breach_share": 0.11333333333333333, "breach_p1": 0.43333333333333335, "breach_p2": 0.15384615384615385, "breach_p3": 0.0, "breach_p4": 0.0, "wall_seconds": 0.00026444531977176666}, "mor": {"id": "c12_replay_150_0103_sla0.5", "base_id": "c12_replay_150_0103", "campus": 12, "size": 150, "condition": "sla0.5", "sla_multiplier": 0.5, "crew_multiplier": 1.0, "method": "mor", "seed": 301, "feasible": 1, "wwt": 1459.3184, "makespan": 91.854, "mean_flow": 6.189098666666667, "breach_share": 0.11333333333333333, "breach_p1": 0.43333333333333335, "breach_p2": 0.15384615384615385, "breach_p3": 0.0, "breach_p4": 0.0, "wall_seconds": 0.00026076799258589745}, "random": {"id": "c12_replay_150_0103_sla0.5", "base_id": "c12_replay_150_0103", "campus": 12, "size": 150, "condition": "sla0.5", "sla_multiplier": 0.5, "crew_multiplier": 1.0, "method": "random", "seed": 301, "feasible": 1, "wwt": 1459.3184, "makespan": 91.854, "mean_flow": 6.189098666666667, "breach_share": 0.11333333333333333, "breach_p1": 0.43333333333333335, "breach_p2": 0.15384615384615385, "breach_p3": 0.0, "breach_p4": 0.0, "wall_seconds": 0.0002484731376171112}, "v2rl301": {"id": "c12_replay_150_0103_sla0.5", "base_id": "c12_replay_150_0103", "campus": 12, "size": 150, "condition": "sla0.5", "sla_multiplier": 0.5, "crew_multiplier": 1.0, "method": "v2rl301", "seed": 301, "feasible": 1, "wwt": 1459.3184, "makespan": 91.854, "mean_flow": 6.189098666666667, "breach_share": 0.11333333333333333, "breach_p1": 0.43333333333333335, "breach_p2": 0.15384615384615385, "breach_p3": 0.0, "breach_p4": 0.0, "wall_seconds": 0.015199497807770967}, "v2rl302": {"id": "c12_replay_150_0103_sla0.5", "base_id": "c12_replay_150_0103", "campus": 12, "size": 150, "condition": "sla0.5", "sla_multiplier": 0.5, "crew_multiplier": 1.0, "method": "v2rl302", "seed": 302, "feasible": 1, "wwt": 1459.3184, "makespan": 91.854, "mean_flow": 6.189098666666667, "breach_share": 0.11333333333333333, "breach_p1": 0.43333333333333335, "breach_p2": 0.15384615384615385, "breach_p3": 0.0, "breach_p4": 0.0, "wall_seconds": 0.014940973836928606}, "v2rl303": {"id": "c12_replay_150_0103_sla0.5", "base_id": "c12_replay_150_0103", "campus": 12, "size": 150, "condition": "sla0.5", "sla_multiplier": 0.5, "crew_multiplier": 1.0, "method": "v2rl303", "seed": 303, "feasible": 1, "wwt": 1459.3184, "makespan": 91.854, "mean_flow": 6.189098666666667, "breach_share": 0.11333333333333333, "breach_p1": 0.43333333333333335, "breach_p2": 0.15384615384615385, "breach_p3": 0.0, "breach_p4": 0.0, "wall_seconds": 0.014953630045056343}}, "methods_expected": ["edd", "wspt", "atc", "pfifo", "mor", "random", "v2rl301", "v2rl302", "v2rl303"], "infeasible": [], "wall_seconds_total": 0.049018973018974066}