{"shard_id": "c12_replay_150_0105_m1.25", "id": "c12_replay_150_0105_m1.25", "base_id": "c12_replay_150_0105", "campus": 12, "size": 150, "condition": "crew1.25", "rows": {"edd": {"id": "c12_replay_150_0105_m1.25", "base_id": "c12_replay_150_0105", "campus": 12, "size": 150, "condition": "crew1.25", "sla_multiplier": 1.0, "crew_multiplier": 1.25, "method": "edd", "seed": 301, "feasible": 1, "wwt": 163.4592, "makespan": 92.1662, "mean_flow": 7.888419333333334, "breach_share": 0.02666666666666667, "breach_p1": 0.08, "breach_p2": 0.0, "breach_p3": 0.05263157894736842, "breach_p4": 0.0, "wall_seconds": 0.0002914820797741413}, "wspt": {"id": "c12_replay_150_0105_m1.25", "base_id": "c12_replay_150_0105", "campus": 12, "size": 150, "condition": "crew1.25", "sla_multiplier": 1.0, "crew_multiplier": 1.25, "method": "wspt", "seed": 301, "feasible": 1, "wwt": 163.4592, "makespan": 92.1662, "mean_flow": 7.888419333333334, "breach_share": 0.02666666666666667, "breach_p1": 0.08, "breach_p2": 0.0, "breach_p3": 0.05263157894736842, "breach_p4": 0.0, "wall_seconds": 0.0002826182171702385}, "atc": {"id": "c12_replay_150_0105_m1.25", "base_id": "c12_replay_150_0105", "campus": 12, "size": 150, "condition": "crew1.25", "sla_multiplier": 1.0, "crew_multiplier": 1.25, "method": "atc", "seed": 301, "feasible": 1, "wwt": 163.4592, "makespan": 92.1662, "mean_flow": 7.888419333333334, "breach_share": 0.02666666666666667, "breach_p1": 0.08, "breach_p2": 0.0, "breach_p3": 0.05263157894736842, "breach_p4": 0.0, "wall_seconds": 0.0003451392985880375}, "pfifo": {"id": "c12_replay_150_0105_m1.25", "base_id": "c12_replay_150_0105", "campus": 12, "size": 150, "condition": "crew1.25", "sla_multiplier": 1.0, "crew_multiplier": 1.25, "method": "pfifo", "seed": 301, "feasible": 1, "wwt": 163.4592, "makespan": 92.1662, "mean_flow": 7.888419333333334, "breach_share": 0.02666666666666667, "breach_p1": 0.08, "breach_p2": 0.0, "breach_p3": 0.05263157894736842, "breach_p4": 0.0, "wall_seconds": 0.00028032902628183365}, "mor": {"id": "c12_replay_150_0105_m1.25", "base_id": "c12_replay_150_0105", "campus": 12, "size": 150, "condition": "crew1.25", "sla_multiplier": 1.0, "crew_multiplier": 1.25, "method": "mor", "seed": 301, "feasible": 1, "wwt": 163.4592, "makespan": 92.1662, "mean_flow": 7.888419333333334, "breach_share": 0.02666666666666667, "breach_p1": 0.08, "breach_p2": 0.0, "breach_p3": 0.05263157894736842, "breach_p4": 0.0, "wall_seconds": 0.00027958909049630165}, "random": {"id": "c12_replay_150_0105_m1.25", "base_id": "c12_replay_150_0105", "campus": 12, "size": 150, "condition": "crew1.25", "sla_multiplier": 1.0, "crew_multiplier": 1.25, "method": "random", "seed": 301, "feasible": 1, "wwt": 163.4592, "makespan": 92.1662, "mean_flow": 7.888419333333334, "breach_share": 0.02666666666666667, "breach_p1": 0.08, "breach_p2": 0.0, "breach_p3": 0.05263157894736842, "breach_p4": 0.0, "wall_seconds": 0.00025833677500486374}, "v2rl301": {"id": "c12_replay_150_0105_m1.25", "base_id": "c12_replay_150_0105", "campus": 12, "size": 150, "condition": "crew1.25", "sla_multiplier": 1.0, "crew_multiplier": 1.25, "method": "v2rl301", "seed": 301, "feasible": 1, "wwt": 163.4592, "makespan": 92.1662, "mean_flow": 7.888419333333334, "breach_share": 0.02666666666666667, "breach_p1": 0.08, "breach_p2": 0.0, "breach_p3": 0.05263157894736842, "breach_p4": 0.0, "wall_seconds": 0.015224207658320665}, "v2rl302": {"id": "c12_replay_150_0105_m1.25", "base_id": "c12_replay_150_0105", "campus": 12, "size": 150, "condition": "crew1.25", "sla_multiplier": 1.0, "crew_multiplier": 1.25, "method": "v2rl302", "seed": 302, "feasible": 1, "wwt": 163.4592, "makespan": 92.1662, "mean_flow": 7.888419333333334, "breach_share": 0.02666666666666667, "breach_p1": 0.08, "breach_p2": 0.0, "breach_p3": 0.05263157894736842, "breach_p4": 0.0, "wall_seconds": 0.015014923643320799}, "v2rl303": {"id": "c12_replay_150_0105_m1.25", "base_id": "c12_replay_150_0105", "campus": 12, "size": 150, "condition": "crew1.25", "sla_multiplier": 1.0, "crew_multiplier": 1.25, "method": "v2rl303", "seed": 303, "feasible": 1, "wwt": 163.4592, "makespan": 92.1662, "mean_flow": 7.888419333333334, "breach_share": 0.02666666666666667, "breach_p1": 0.08, "breach_p2": 0.0, "breach_p3": 0.05263157894736842, "breach_p4": 0.0, "wall_seconds": 0.014972670935094357}}, "methods_expected": ["edd", "wspt", "atc", "pfifo", "mor", "random", "v2rl301", "v2rl302", "v2rl303"], "infeasible": [], "wall_seconds_total": 0.04931505164131522}