{"shard_id": "c12_replay_150_0114_sla0.5", "id": "c12_replay_150_0114_sla0.5", "base_id": "c12_replay_150_0114", "campus": 12, "size": 150, "condition": "sla0.5", "rows": {"edd": {"id": "c12_replay_150_0114_sla0.5", "base_id": "c12_replay_150_0114", "campus": 12, "size": 150, "condition": "sla0.5", "sla_multiplier": 0.5, "crew_multiplier": 1.0, "method": "edd", "seed": 301, "feasible": 1, "wwt": 431.3296, "makespan": 98.8648, "mean_flow": 6.754530666666667, "breach_share": 0.06666666666666667, "breach_p1": 0.2727272727272727, "breach_p2": 0.10526315789473684, "breach_p3": 0.0, "breach_p4": 0.02702702702702703, "wall_seconds": 0.00029305601492524147}, "wspt": {"id": "c12_replay_150_0114_sla0.5", "base_id": "c12_replay_150_0114", "campus": 12, "size": 150, "condition": "sla0.5", "sla_multiplier": 0.5, "crew_multiplier": 1.0, "method": "wspt", "seed": 301, "feasible": 1, "wwt": 431.3296, "makespan": 98.8648, "mean_flow": 6.754530666666667, "breach_share": 0.06666666666666667, "breach_p1": 0.2727272727272727, "breach_p2": 0.10526315789473684, "breach_p3": 0.0, "breach_p4": 0.02702702702702703, "wall_seconds": 0.00026179011911153793}, "atc": {"id": "c12_replay_150_0114_sla0.5", "base_id": "c12_replay_150_0114", "campus": 12, "size": 150, "condition": "sla0.5", "sla_multiplier": 0.5, "crew_multiplier": 1.0, "method": "atc", "seed": 301, "feasible": 1, "wwt": 431.3296, "makespan": 98.8648, "mean_flow": 6.754530666666667, "breach_share": 0.06666666666666667, "breach_p1": 0.2727272727272727, "breach_p2": 0.10526315789473684, "breach_p3": 0.0, "breach_p4": 0.02702702702702703, "wall_seconds": 0.0003163190558552742}, "pfifo": {"id": "c12_replay_150_0114_sla0.5", "base_id": "c12_replay_150_0114", "campus": 12, "size": 150, "condition": "sla0.5", "sla_multiplier": 0.5, "crew_multiplier": 1.0, "method": "pfifo", "seed": 301, "feasible": 1, "wwt": 431.3296, "makespan": 98.8648, "mean_flow": 6.754530666666667, "breach_share": 0.06666666666666667, "breach_p1": 0.2727272727272727, "breach_p2": 0.10526315789473684, "breach_p3": 0.0, "breach_p4": 0.02702702702702703, "wall_seconds": 0.00026104506105184555}, "mor": {"id": "c12_replay_150_0114_sla0.5", "base_id": "c12_replay_150_0114", "campus": 12, "size": 150, "condition": "sla0.5", "sla_multiplier": 0.5, "crew_multiplier": 1.0, "method": "mor", "seed": 301, "feasible": 1, "wwt": 431.3296, "makespan": 98.8648, "mean_flow": 6.754530666666667, "breach_share": 0.06666666666666667, "breach_p1": 0.2727272727272727, "breach_p2": 0.10526315789473684, "breach_p3": 0.0, "breach_p4": 0.02702702702702703, "wall_seconds": 0.0002598320133984089}, "random": {"id": "c12_replay_150_0114_sla0.5", "base_id": "c12_replay_150_0114", "campus": 12, "size": 150, "condition": "sla0.5", "sla_multiplier": 0.5, "crew_multiplier": 1.0, "method": "random", "seed": 301, "feasible": 1, "wwt": 431.3296, "makespan": 98.8648, "mean_flow": 6.754530666666667, "breach_share": 0.06666666666666667, "breach_p1": 0.2727272727272727, "breach_p2": 0.10526315789473684, "breach_p3": 0.0, "breach_p4": 0.02702702702702703, "wall_seconds": 0.00025338027626276016}, "v2rl301": {"id": "c12_replay_150_0114_sla0.5", "base_id": "c12_replay_150_0114", "campus": 12, "size": 150, "condition": "sla0.5", "sla_multiplier": 0.5, "crew_multiplier": 1.0, "method": "v2rl301", "seed": 301, "feasible": 1, "wwt": 431.3296, "makespan": 98.8648, "mean_flow": 6.754530666666667, "breach_share": 0.06666666666666667, "breach_p1": 0.2727272727272727, "breach_p2": 0.10526315789473684, "breach_p3": 0.0, "breach_p4": 0.02702702702702703, "wall_seconds": 0.015290084760636091}, "v2rl302": {"id": "c12_replay_150_0114_sla0.5", "base_id": "c12_replay_150_0114", "campus": 12, "size": 150, "condition": "sla0.5", "sla_multiplier": 0.5, "crew_multiplier": 1.0, "method": "v2rl302", "seed": 302, "feasible": 1, "wwt": 431.3296, "makespan": 98.8648, "mean_flow": 6.754530666666667, "breach_share": 0.06666666666666667, "breach_p1": 0.2727272727272727, "breach_p2": 0.10526315789473684, "breach_p3": 0.0, "breach_p4": 0.02702702702702703, "wall_seconds": 0.014982094056904316}, "v2rl303": {"id": "c12_replay_150_0114_sla0.5", "base_id": "c12_replay_150_0114", "campus": 12, "size": 150, "condition": "sla0.5", "sla_multiplier": 0.5, "crew_multiplier": 1.0, "method": "v2rl303", "seed": 303, "feasible": 1, "wwt": 431.3296, "makespan": 98.8648, "mean_flow": 6.754530666666667, "breach_share": 0.06666666666666667, "breach_p1": 0.2727272727272727, "breach_p2": 0.10526315789473684, "breach_p3": 0.0, "breach_p4": 0.02702702702702703, "wall_seconds": 0.014910382218658924}}, "methods_expected": ["edd", "wspt", "atc", "pfifo", "mor", "random", "v2rl301", "v2rl302", "v2rl303"], "infeasible": [], "wall_seconds_total": 0.04905236838385463}