{"shard_id": "c12_replay_400_0067", "id": "c12_replay_400_0067", "base_id": "c12_replay_400_0067", "campus": 12, "size": 400, "condition": "baseline", "rows": {"edd": {"id": "c12_replay_400_0067", "base_id": "c12_replay_400_0067", "campus": 12, "size": 400, "condition": "baseline", "sla_multiplier": 1.0, "crew_multiplier": 1.0, "method": "edd", "seed": 301, "feasible": 1, "wwt": 850.7296, "makespan": 100.3648, "mean_flow": 5.910315250000001, "breach_share": 0.025, "breach_p1": 0.1076923076923077, "breach_p2": 0.016666666666666666, "breach_p3": 0.009900990099009901, "breach_p4": 0.0, "wall_seconds": 0.0007017850875854492}, "wspt": {"id": "c12_replay_400_0067", "base_id": "c12_replay_400_0067", "campus": 12, "size": 400, "condition": "baseline", "sla_multiplier": 1.0, "crew_multiplier": 1.0, "method": "wspt", "seed": 301, "feasible": 1, "wwt": 870.7296, "makespan": 100.3648, "mean_flow": 5.863413250000001, "breach_share": 0.025, "breach_p1": 0.1076923076923077, "breach_p2": 0.016666666666666666, "breach_p3": 0.009900990099009901, "breach_p4": 0.0, "wall_seconds": 0.0006983880884945393}, "atc": {"id": "c12_replay_400_0067", "base_id": "c12_replay_400_0067", "campus": 12, "size": 400, "condition": "baseline", "sla_multiplier": 1.0, "crew_multiplier": 1.0, "method": "atc", "seed": 301, "feasible": 1, "wwt": 850.7296, "makespan": 100.3648, "mean_flow": 5.905962750000001, "breach_share": 0.025, "breach_p1": 0.1076923076923077, "breach_p2": 0.016666666666666666, "breach_p3": 0.009900990099009901, "breach_p4": 0.0, "wall_seconds": 0.001018160954117775}, "pfifo": {"id": "c12_replay_400_0067", "base_id": "c12_replay_400_0067", "campus": 12, "size": 400, "condition": "baseline", "sla_multiplier": 1.0, "crew_multiplier": 1.0, "method": "pfifo", "seed": 301, "feasible": 1, "wwt": 850.7296, "makespan": 100.3648, "mean_flow": 5.910315250000001, "breach_share": 0.025, "breach_p1": 0.1076923076923077, "breach_p2": 0.016666666666666666, "breach_p3": 0.009900990099009901, "breach_p4": 0.0, "wall_seconds": 0.0006962218321859837}, "mor": {"id": "c12_replay_400_0067", "base_id": "c12_replay_400_0067", "campus": 12, "size": 400, "condition": "baseline", "sla_multiplier": 1.0, "crew_multiplier": 1.0, "method": "mor", "seed": 301, "feasible": 1, "wwt": 851.692, "makespan": 100.3648, "mean_flow": 5.954017, "breach_share": 0.025, "breach_p1": 0.1076923076923077, "breach_p2": 0.016666666666666666, "breach_p3": 0.009900990099009901, "breach_p4": 0.0, "wall_seconds": 0.0006797648966312408}, "random": {"id": "c12_replay_400_0067", "base_id": "c12_replay_400_0067", "campus": 12, "size": 400, "condition": "baseline", "sla_multiplier": 1.0, "crew_multiplier": 1.0, "method": "random", "seed": 301, "feasible": 1, "wwt": 850.7296, "makespan": 100.3648, "mean_flow": 5.88668725, "breach_share": 0.025, "breach_p1": 0.1076923076923077, "breach_p2": 0.016666666666666666, "breach_p3": 0.009900990099009901, "breach_p4": 0.0, "wall_seconds": 0.0005659153684973717}, "v2rl301": {"id": "c12_replay_400_0067", "base_id": "c12_replay_400_0067", "campus": 12, "size": 400, "condition": "baseline", "sla_multiplier": 1.0, "crew_multiplier": 1.0, "method": "v2rl301", "seed": 301, "feasible": 1, "wwt": 851.692, "makespan": 100.3648, "mean_flow": 5.937439750000001, "breach_share": 0.025, "breach_p1": 0.1076923076923077, "breach_p2": 0.016666666666666666, "breach_p3": 0.009900990099009901, "breach_p4": 0.0, "wall_seconds": 0.04216895066201687}, "v2rl302": {"id": "c12_replay_400_0067", "base_id": "c12_replay_400_0067", "campus": 12, "size": 400, "condition": "baseline", "sla_multiplier": 1.0, "crew_multiplier": 1.0, "method": "v2rl302", "seed": 302, "feasible": 1, "wwt": 851.696, "makespan": 100.3648, "mean_flow": 5.917374000000001, "breach_share": 0.025, "breach_p1": 0.1076923076923077, "breach_p2": 0.016666666666666666, "breach_p3": 0.009900990099009901, "breach_p4": 0.0, "wall_seconds": 0.041305406019091606}, "v2rl303": {"id": "c12_replay_400_0067", "base_id": "c12_replay_400_0067", "campus": 12, "size": 400, "condition": "baseline", "sla_multiplier": 1.0, "crew_multiplier": 1.0, "method": "v2rl303", "seed": 303, "feasible": 1, "wwt": 851.692, "makespan": 100.3648, "mean_flow": 5.9283177500000015, "breach_share": 0.025, "breach_p1": 0.1076923076923077, "breach_p2": 0.016666666666666666, "breach_p3": 0.009900990099009901, "breach_p4": 0.0, "wall_seconds": 0.041572820860892534}}, "methods_expected": ["edd", "wspt", "atc", "pfifo", "mor", "random", "v2rl301", "v2rl302", "v2rl303"], "infeasible": [], "wall_seconds_total": 0.13319887034595013}