{"shard_id": "c12_replay_400_0072_m1.25", "id": "c12_replay_400_0072_m1.25", "base_id": "c12_replay_400_0072", "campus": 12, "size": 400, "condition": "crew1.25", "rows": {"edd": {"id": "c12_replay_400_0072_m1.25", "base_id": "c12_replay_400_0072", "campus": 12, "size": 400, "condition": "crew1.25", "sla_multiplier": 1.0, "crew_multiplier": 1.25, "method": "edd", "seed": 301, "feasible": 1, "wwt": 2131.3909999999996, "makespan": 133.4042, "mean_flow": 11.769135499999999, "breach_share": 0.035, "breach_p1": 0.14084507042253522, "breach_p2": 0.02127659574468085, "breach_p3": 0.019867549668874173, "breach_p4": 0.0, "wall_seconds": 0.0007776888087391853}, "wspt": {"id": "c12_replay_400_0072_m1.25", "base_id": "c12_replay_400_0072", "campus": 12, "size": 400, "condition": "crew1.25", "sla_multiplier": 1.0, "crew_multiplier": 1.25, "method": "wspt", "seed": 301, "feasible": 1, "wwt": 2210.456, "makespan": 153.2123, "mean_flow": 9.41034475, "breach_share": 0.035, "breach_p1": 0.14084507042253522, "breach_p2": 0.02127659574468085, "breach_p3": 0.019867549668874173, "breach_p4": 0.0, "wall_seconds": 0.0007941662333905697}, "atc": {"id": "c12_replay_400_0072_m1.25", "base_id": "c12_replay_400_0072", "campus": 12, "size": 400, "condition": "crew1.25", "sla_multiplier": 1.0, "crew_multiplier": 1.25, "method": "atc", "seed": 301, "feasible": 1, "wwt": 2208.891, "makespan": 153.2123, "mean_flow": 9.41096975, "breach_share": 0.035, "breach_p1": 0.14084507042253522, "breach_p2": 0.02127659574468085, "breach_p3": 0.019867549668874173, "breach_p4": 0.0, "wall_seconds": 0.0013537430204451084}, "pfifo": {"id": "c12_replay_400_0072_m1.25", "base_id": "c12_replay_400_0072", "campus": 12, "size": 400, "condition": "crew1.25", "sla_multiplier": 1.0, "crew_multiplier": 1.25, "method": "pfifo", "seed": 301, "feasible": 1, "wwt": 2131.3909999999996, "makespan": 133.4042, "mean_flow": 11.769135499999999, "breach_share": 0.035, "breach_p1": 0.14084507042253522, "breach_p2": 0.02127659574468085, "breach_p3": 0.019867549668874173, "breach_p4": 0.0, "wall_seconds": 0.0007604882121086121}, "mor": {"id": "c12_replay_400_0072_m1.25", "base_id": "c12_replay_400_0072", "campus": 12, "size": 400, "condition": "crew1.25", "sla_multiplier": 1.0, "crew_multiplier": 1.25, "method": "mor", "seed": 301, "feasible": 1, "wwt": 2013.793, "makespan": 114.2123, "mean_flow": 17.04959625, "breach_share": 0.03, "breach_p1": 0.14084507042253522, "breach_p2": 0.02127659574468085, "breach_p3": 0.006622516556291391, "breach_p4": 0.0, "wall_seconds": 0.0007577603682875633}, "random": {"id": "c12_replay_400_0072_m1.25", "base_id": "c12_replay_400_0072", "campus": 12, "size": 400, "condition": "crew1.25", "sla_multiplier": 1.0, "crew_multiplier": 1.25, "method": "random", "seed": 301, "feasible": 1, "wwt": 2092.2906, "makespan": 137.269, "mean_flow": 11.963381249999998, "breach_share": 0.035, "breach_p1": 0.14084507042253522, "breach_p2": 0.02127659574468085, "breach_p3": 0.019867549668874173, "breach_p4": 0.0, "wall_seconds": 0.0005819080397486687}, "v2rl301": {"id": "c12_replay_400_0072_m1.25", "base_id": "c12_replay_400_0072", "campus": 12, "size": 400, "condition": "crew1.25", "sla_multiplier": 1.0, "crew_multiplier": 1.25, "method": "v2rl301", "seed": 301, "feasible": 1, "wwt": 2013.793, "makespan": 114.2123, "mean_flow": 16.647504249999997, "breach_share": 0.03, "breach_p1": 0.14084507042253522, "breach_p2": 0.02127659574468085, "breach_p3": 0.006622516556291391, "breach_p4": 0.0, "wall_seconds": 0.04316796734929085}, "v2rl302": {"id": "c12_replay_400_0072_m1.25", "base_id": "c12_replay_400_0072", "campus": 12, "size": 400, "condition": "crew1.25", "sla_multiplier": 1.0, "crew_multiplier": 1.25, "method": "v2rl302", "seed": 302, "feasible": 1, "wwt": 2013.793, "makespan": 114.2123, "mean_flow": 16.52800575, "breach_share": 0.03, "breach_p1": 0.14084507042253522, "breach_p2": 0.02127659574468085, "breach_p3": 0.006622516556291391, "breach_p4": 0.0, "wall_seconds": 0.04283031774684787}, "v2rl303": {"id": "c12_replay_400_0072_m1.25", "base_id": "c12_replay_400_0072", "campus": 12, "size": 400, "condition": "crew1.25", "sla_multiplier": 1.0, "crew_multiplier": 1.25, "method": "v2rl303", "seed": 303, "feasible": 1, "wwt": 2014.1852, "makespan": 114.4084, "mean_flow": 16.99669675, "breach_share": 0.03, "breach_p1": 0.14084507042253522, "breach_p2": 0.02127659574468085, "breach_p3": 0.006622516556291391, "breach_p4": 0.0, "wall_seconds": 0.04357718676328659}}, "methods_expected": ["edd", "wspt", "atc", "pfifo", "mor", "random", "v2rl301", "v2rl302", "v2rl303"], "infeasible": [], "wall_seconds_total": 0.13933740369975567}