{"shard_id": "c12_replay_150_0110_m0.75", "id": "c12_replay_150_0110_m0.75", "base_id": "c12_replay_150_0110", "campus": 12, "size": 150, "condition": "crew0.75", "rows": {"edd": {"id": "c12_replay_150_0110_m0.75", "base_id": "c12_replay_150_0110", "campus": 12, "size": 150, "condition": "crew0.75", "sla_multiplier": 1.0, "crew_multiplier": 0.75, "method": "edd", "seed": 301, "feasible": 1, "wwt": 2801.5847999999996, "makespan": 101.3709, "mean_flow": 7.743804, "breach_share": 0.10666666666666667, "breach_p1": 0.18181818181818182, "breach_p2": 0.0, "breach_p3": 0.0, "breach_p4": 0.0, "wall_seconds": 0.00034768320620059967}, "wspt": {"id": "c12_replay_150_0110_m0.75", "base_id": "c12_replay_150_0110", "campus": 12, "size": 150, "condition": "crew0.75", "sla_multiplier": 1.0, "crew_multiplier": 0.75, "method": "wspt", "seed": 301, "feasible": 1, "wwt": 2848.1184, "makespan": 102.8648, "mean_flow": 7.627137333333334, "breach_share": 0.09333333333333334, "breach_p1": 0.1590909090909091, "breach_p2": 0.0, "breach_p3": 0.0, "breach_p4": 0.0, "wall_seconds": 0.0004021301865577698}, "atc": {"id": "c12_replay_150_0110_m0.75", "base_id": "c12_replay_150_0110", "campus": 12, "size": 150, "condition": "crew0.75", "sla_multiplier": 1.0, "crew_multiplier": 0.75, "method": "atc", "seed": 301, "feasible": 1, "wwt": 2840.1672000000003, "makespan": 103.3648, "mean_flow": 7.6371373333333334, "breach_share": 0.09333333333333334, "breach_p1": 0.1590909090909091, "breach_p2": 0.0, "breach_p3": 0.0, "breach_p4": 0.0, "wall_seconds": 0.0006527146324515343}, "pfifo": {"id": "c12_replay_150_0110_m0.75", "base_id": "c12_replay_150_0110", "campus": 12, "size": 150, "condition": "crew0.75", "sla_multiplier": 1.0, "crew_multiplier": 0.75, "method": "pfifo", "seed": 301, "feasible": 1, "wwt": 2801.5847999999996, "makespan": 101.3709, "mean_flow": 7.743804, "breach_share": 0.10666666666666667, "breach_p1": 0.18181818181818182, "breach_p2": 0.0, "breach_p3": 0.0, "breach_p4": 0.0, "wall_seconds": 0.00035533495247364044}, "mor": {"id": "c12_replay_150_0110_m0.75", "base_id": "c12_replay_150_0110", "campus": 12, "size": 150, "condition": "crew0.75", "sla_multiplier": 1.0, "crew_multiplier": 0.75, "method": "mor", "seed": 301, "feasible": 1, "wwt": 2648.1184, "makespan": 98.8648, "mean_flow": 8.622390666666666, "breach_share": 0.09333333333333334, "breach_p1": 0.1590909090909091, "breach_p2": 0.0, "breach_p3": 0.0, "breach_p4": 0.0, "wall_seconds": 0.0003428640775382519}, "random": {"id": "c12_replay_150_0110_m0.75", "base_id": "c12_replay_150_0110", "campus": 12, "size": 150, "condition": "crew0.75", "sla_multiplier": 1.0, "crew_multiplier": 0.75, "method": "random", "seed": 301, "feasible": 1, "wwt": 2748.9559999999997, "makespan": 98.8648, "mean_flow": 7.813844666666667, "breach_share": 0.11333333333333333, "breach_p1": 0.19318181818181818, "breach_p2": 0.0, "breach_p3": 0.0, "breach_p4": 0.0, "wall_seconds": 0.0002381717786192894}, "v2rl301": {"id": "c12_replay_150_0110_m0.75", "base_id": "c12_replay_150_0110", "campus": 12, "size": 150, "condition": "crew0.75", "sla_multiplier": 1.0, "crew_multiplier": 0.75, "method": "v2rl301", "seed": 301, "feasible": 1, "wwt": 2648.1184, "makespan": 98.8648, "mean_flow": 8.450238666666666, "breach_share": 0.09333333333333334, "breach_p1": 0.1590909090909091, "breach_p2": 0.0, "breach_p3": 0.0, "breach_p4": 0.0, "wall_seconds": 0.017234613187611103}, "v2rl302": {"id": "c12_replay_150_0110_m0.75", "base_id": "c12_replay_150_0110", "campus": 12, "size": 150, "condition": "crew0.75", "sla_multiplier": 1.0, "crew_multiplier": 0.75, "method": "v2rl302", "seed": 302, "feasible": 1, "wwt": 2648.9559999999997, "makespan": 98.8648, "mean_flow": 7.882390666666667, "breach_share": 0.1, "breach_p1": 0.17045454545454544, "breach_p2": 0.0, "breach_p3": 0.0, "breach_p4": 0.0, "wall_seconds": 0.017347226850688457}, "v2rl303": {"id": "c12_replay_150_0110_m0.75", "base_id": "c12_replay_150_0110", "campus": 12, "size": 150, "condition": "crew0.75", "sla_multiplier": 1.0, "crew_multiplier": 0.75, "method": "v2rl303", "seed": 303, "feasible": 1, "wwt": 2668.1672, "makespan": 101.3709, "mean_flow": 8.420198000000001, "breach_share": 0.09333333333333334, "breach_p1": 0.1590909090909091, "breach_p2": 0.0, "breach_p3": 0.0, "breach_p4": 0.0, "wall_seconds": 0.016957927029579878}}, "methods_expected": ["edd", "wspt", "atc", "pfifo", "mor", "random", "v2rl301", "v2rl302", "v2rl303"], "infeasible": [], "wall_seconds_total": 0.05607360787689686}