{"shard_id": "c12_replay_150_0126_m0.75", "id": "c12_replay_150_0126_m0.75", "base_id": "c12_replay_150_0126", "campus": 12, "size": 150, "condition": "crew0.75", "rows": {"edd": {"id": "c12_replay_150_0126_m0.75", "base_id": "c12_replay_150_0126", "campus": 12, "size": 150, "condition": "crew0.75", "sla_multiplier": 1.0, "crew_multiplier": 0.75, "method": "edd", "seed": 301, "feasible": 1, "wwt": 319.7296, "makespan": 97.5526, "mean_flow": 5.69206, "breach_share": 0.03333333333333333, "breach_p1": 0.0967741935483871, "breach_p2": 0.047619047619047616, "breach_p3": 0.030303030303030304, "breach_p4": 0.0, "wall_seconds": 0.00025830790400505066}, "wspt": {"id": "c12_replay_150_0126_m0.75", "base_id": "c12_replay_150_0126", "campus": 12, "size": 150, "condition": "crew0.75", "sla_multiplier": 1.0, "crew_multiplier": 0.75, "method": "wspt", "seed": 301, "feasible": 1, "wwt": 319.7296, "makespan": 97.5526, "mean_flow": 5.69206, "breach_share": 0.03333333333333333, "breach_p1": 0.0967741935483871, "breach_p2": 0.047619047619047616, "breach_p3": 0.030303030303030304, "breach_p4": 0.0, "wall_seconds": 0.0002581607550382614}, "atc": {"id": "c12_replay_150_0126_m0.75", "base_id": "c12_replay_150_0126", "campus": 12, "size": 150, "condition": "crew0.75", "sla_multiplier": 1.0, "crew_multiplier": 0.75, "method": "atc", "seed": 301, "feasible": 1, "wwt": 319.7296, "makespan": 97.5526, "mean_flow": 5.69206, "breach_share": 0.03333333333333333, "breach_p1": 0.0967741935483871, "breach_p2": 0.047619047619047616, "breach_p3": 0.030303030303030304, "breach_p4": 0.0, "wall_seconds": 0.0003189709968864918}, "pfifo": {"id": "c12_replay_150_0126_m0.75", "base_id": "c12_replay_150_0126", "campus": 12, "size": 150, "condition": "crew0.75", "sla_multiplier": 1.0, "crew_multiplier": 0.75, "method": "pfifo", "seed": 301, "feasible": 1, "wwt": 319.7296, "makespan": 97.5526, "mean_flow": 5.69206, "breach_share": 0.03333333333333333, "breach_p1": 0.0967741935483871, "breach_p2": 0.047619047619047616, "breach_p3": 0.030303030303030304, "breach_p4": 0.0, "wall_seconds": 0.0002493378706276417}, "mor": {"id": "c12_replay_150_0126_m0.75", "base_id": "c12_replay_150_0126", "campus": 12, "size": 150, "condition": "crew0.75", "sla_multiplier": 1.0, "crew_multiplier": 0.75, "method": "mor", "seed": 301, "feasible": 1, "wwt": 319.7296, "makespan": 97.5526, "mean_flow": 5.69206, "breach_share": 0.03333333333333333, "breach_p1": 0.0967741935483871, "breach_p2": 0.047619047619047616, "breach_p3": 0.030303030303030304, "breach_p4": 0.0, "wall_seconds": 0.00024362420663237572}, "random": {"id": "c12_replay_150_0126_m0.75", "base_id": "c12_replay_150_0126", "campus": 12, "size": 150, "condition": "crew0.75", "sla_multiplier": 1.0, "crew_multiplier": 0.75, "method": "random", "seed": 301, "feasible": 1, "wwt": 319.7296, "makespan": 97.5526, "mean_flow": 5.69206, "breach_share": 0.03333333333333333, "breach_p1": 0.0967741935483871, "breach_p2": 0.047619047619047616, "breach_p3": 0.030303030303030304, "breach_p4": 0.0, "wall_seconds": 0.00023040082305669785}, "v2rl301": {"id": "c12_replay_150_0126_m0.75", "base_id": "c12_replay_150_0126", "campus": 12, "size": 150, "condition": "crew0.75", "sla_multiplier": 1.0, "crew_multiplier": 0.75, "method": "v2rl301", "seed": 301, "feasible": 1, "wwt": 319.7296, "makespan": 97.5526, "mean_flow": 5.69206, "breach_share": 0.03333333333333333, "breach_p1": 0.0967741935483871, "breach_p2": 0.047619047619047616, "breach_p3": 0.030303030303030304, "breach_p4": 0.0, "wall_seconds": 0.015194450970739126}, "v2rl302": {"id": "c12_replay_150_0126_m0.75", "base_id": "c12_replay_150_0126", "campus": 12, "size": 150, "condition": "crew0.75", "sla_multiplier": 1.0, "crew_multiplier": 0.75, "method": "v2rl302", "seed": 302, "feasible": 1, "wwt": 319.7296, "makespan": 97.5526, "mean_flow": 5.69206, "breach_share": 0.03333333333333333, "breach_p1": 0.0967741935483871, "breach_p2": 0.047619047619047616, "breach_p3": 0.030303030303030304, "breach_p4": 0.0, "wall_seconds": 0.014923248905688524}, "v2rl303": {"id": "c12_replay_150_0126_m0.75", "base_id": "c12_replay_150_0126", "campus": 12, "size": 150, "condition": "crew0.75", "sla_multiplier": 1.0, "crew_multiplier": 0.75, "method": "v2rl303", "seed": 303, "feasible": 1, "wwt": 319.7296, "makespan": 97.5526, "mean_flow": 5.69206, "breach_share": 0.03333333333333333, "breach_p1": 0.0967741935483871, "breach_p2": 0.047619047619047616, "breach_p3": 0.030303030303030304, "breach_p4": 0.0, "wall_seconds": 0.015043518040329218}}, "methods_expected": ["edd", "wspt", "atc", "pfifo", "mor", "random", "v2rl301", "v2rl302", "v2rl303"], "infeasible": [], "wall_seconds_total": 0.048909952864050865}