{"shard_id": "c12_replay_400_0069_sla1.5", "id": "c12_replay_400_0069_sla1.5", "base_id": "c12_replay_400_0069", "campus": 12, "size": 400, "condition": "sla1.5", "rows": {"edd": {"id": "c12_replay_400_0069_sla1.5", "base_id": "c12_replay_400_0069", "campus": 12, "size": 400, "condition": "sla1.5", "sla_multiplier": 1.5, "crew_multiplier": 1.0, "method": "edd", "seed": 301, "feasible": 1, "wwt": 247.99999999999991, "makespan": 110.1504, "mean_flow": 7.10427225, "breach_share": 0.01, "breach_p1": 0.05, "breach_p2": 0.0, "breach_p3": 0.0, "breach_p4": 0.0, "wall_seconds": 0.0006379950791597366}, "wspt": {"id": "c12_replay_400_0069_sla1.5", "base_id": "c12_replay_400_0069", "campus": 12, "size": 400, "condition": "sla1.5", "sla_multiplier": 1.5, "crew_multiplier": 1.0, "method": "wspt", "seed": 301, "feasible": 1, "wwt": 247.99999999999991, "makespan": 110.1504, "mean_flow": 7.01481475, "breach_share": 0.01, "breach_p1": 0.05, "breach_p2": 0.0, "breach_p3": 0.0, "breach_p4": 0.0, "wall_seconds": 0.0006288830190896988}, "atc": {"id": "c12_replay_400_0069_sla1.5", "base_id": "c12_replay_400_0069", "campus": 12, "size": 400, "condition": "sla1.5", "sla_multiplier": 1.5, "crew_multiplier": 1.0, "method": "atc", "seed": 301, "feasible": 1, "wwt": 247.99999999999991, "makespan": 110.1504, "mean_flow": 7.02202875, "breach_share": 0.01, "breach_p1": 0.05, "breach_p2": 0.0, "breach_p3": 0.0, "breach_p4": 0.0, "wall_seconds": 0.0008124220184981823}, "pfifo": {"id": "c12_replay_400_0069_sla1.5", "base_id": "c12_replay_400_0069", "campus": 12, "size": 400, "condition": "sla1.5", "sla_multiplier": 1.5, "crew_multiplier": 1.0, "method": "pfifo", "seed": 301, "feasible": 1, "wwt": 247.99999999999991, "makespan": 110.1504, "mean_flow": 7.10427225, "breach_share": 0.01, "breach_p1": 0.05, "breach_p2": 0.0, "breach_p3": 0.0, "breach_p4": 0.0, "wall_seconds": 0.0006031859666109085}, "mor": {"id": "c12_replay_400_0069_sla1.5", "base_id": "c12_replay_400_0069", "campus": 12, "size": 400, "condition": "sla1.5", "sla_multiplier": 1.5, "crew_multiplier": 1.0, "method": "mor", "seed": 301, "feasible": 1, "wwt": 247.99999999999991, "makespan": 110.1504, "mean_flow": 7.1485069999999995, "breach_share": 0.01, "breach_p1": 0.05, "breach_p2": 0.0, "breach_p3": 0.0, "breach_p4": 0.0, "wall_seconds": 0.0006049168296158314}, "random": {"id": "c12_replay_400_0069_sla1.5", "base_id": "c12_replay_400_0069", "campus": 12, "size": 400, "condition": "sla1.5", "sla_multiplier": 1.5, "crew_multiplier": 1.0, "method": "random", "seed": 301, "feasible": 1, "wwt": 247.99999999999991, "makespan": 110.1504, "mean_flow": 7.044659999999999, "breach_share": 0.01, "breach_p1": 0.05, "breach_p2": 0.0, "breach_p3": 0.0, "breach_p4": 0.0, "wall_seconds": 0.0005665137432515621}, "v2rl301": {"id": "c12_replay_400_0069_sla1.5", "base_id": "c12_replay_400_0069", "campus": 12, "size": 400, "condition": "sla1.5", "sla_multiplier": 1.5, "crew_multiplier": 1.0, "method": "v2rl301", "seed": 301, "feasible": 1, "wwt": 247.99999999999991, "makespan": 110.1504, "mean_flow": 7.11964475, "breach_share": 0.01, "breach_p1": 0.05, "breach_p2": 0.0, "breach_p3": 0.0, "breach_p4": 0.0, "wall_seconds": 0.04090515663847327}, "v2rl302": {"id": "c12_replay_400_0069_sla1.5", "base_id": "c12_replay_400_0069", "campus": 12, "size": 400, "condition": "sla1.5", "sla_multiplier": 1.5, "crew_multiplier": 1.0, "method": "v2rl302", "seed": 302, "feasible": 1, "wwt": 247.99999999999991, "makespan": 110.1504, "mean_flow": 7.11806525, "breach_share": 0.01, "breach_p1": 0.05, "breach_p2": 0.0, "breach_p3": 0.0, "breach_p4": 0.0, "wall_seconds": 0.040849762968719006}, "v2rl303": {"id": "c12_replay_400_0069_sla1.5", "base_id": "c12_replay_400_0069", "campus": 12, "size": 400, "condition": "sla1.5", "sla_multiplier": 1.5, "crew_multiplier": 1.0, "method": "v2rl303", "seed": 303, "feasible": 1, "wwt": 247.99999999999991, "makespan": 110.1504, "mean_flow": 7.124041749999999, "breach_share": 0.01, "breach_p1": 0.05, "breach_p2": 0.0, "breach_p3": 0.0, "breach_p4": 0.0, "wall_seconds": 0.040789361111819744}}, "methods_expected": ["edd", "wspt", "atc", "pfifo", "mor", "random", "v2rl301", "v2rl302", "v2rl303"], "infeasible": [], "wall_seconds_total": 0.1310693621635437}