{"shard_id": "c12_replay_400_0070_sla1.5", "id": "c12_replay_400_0070_sla1.5", "base_id": "c12_replay_400_0070", "campus": 12, "size": 400, "condition": "sla1.5", "rows": {"edd": {"id": "c12_replay_400_0070_sla1.5", "base_id": "c12_replay_400_0070", "campus": 12, "size": 400, "condition": "sla1.5", "sla_multiplier": 1.5, "crew_multiplier": 1.0, "method": "edd", "seed": 301, "feasible": 1, "wwt": 3157.5776, "makespan": 112.0276, "mean_flow": 6.579899499999999, "breach_share": 0.0525, "breach_p1": 0.11494252873563218, "breach_p2": 0.02040816326530612, "breach_p3": 0.0, "breach_p4": 0.0, "wall_seconds": 0.0007299808785319328}, "wspt": {"id": "c12_replay_400_0070_sla1.5", "base_id": "c12_replay_400_0070", "campus": 12, "size": 400, "condition": "sla1.5", "sla_multiplier": 1.5, "crew_multiplier": 1.0, "method": "wspt", "seed": 301, "feasible": 1, "wwt": 3189.5776000000005, "makespan": 112.0276, "mean_flow": 6.554610749999999, "breach_share": 0.055, "breach_p1": 0.1206896551724138, "breach_p2": 0.02040816326530612, "breach_p3": 0.0, "breach_p4": 0.0, "wall_seconds": 0.000745655968785286}, "atc": {"id": "c12_replay_400_0070_sla1.5", "base_id": "c12_replay_400_0070", "campus": 12, "size": 400, "condition": "sla1.5", "sla_multiplier": 1.5, "crew_multiplier": 1.0, "method": "atc", "seed": 301, "feasible": 1, "wwt": 3174.9952000000003, "makespan": 112.0276, "mean_flow": 6.554610749999999, "breach_share": 0.055, "breach_p1": 0.1206896551724138, "breach_p2": 0.02040816326530612, "breach_p3": 0.0, "breach_p4": 0.0, "wall_seconds": 0.0011079632677137852}, "pfifo": {"id": "c12_replay_400_0070_sla1.5", "base_id": "c12_replay_400_0070", "campus": 12, "size": 400, "condition": "sla1.5", "sla_multiplier": 1.5, "crew_multiplier": 1.0, "method": "pfifo", "seed": 301, "feasible": 1, "wwt": 3157.5776, "makespan": 112.0276, "mean_flow": 6.579899499999999, "breach_share": 0.0525, "breach_p1": 0.11494252873563218, "breach_p2": 0.02040816326530612, "breach_p3": 0.0, "breach_p4": 0.0, "wall_seconds": 0.0007258020341396332}, "mor": {"id": "c12_replay_400_0070_sla1.5", "base_id": "c12_replay_400_0070", "campus": 12, "size": 400, "condition": "sla1.5", "sla_multiplier": 1.5, "crew_multiplier": 1.0, "method": "mor", "seed": 301, "feasible": 1, "wwt": 3101.5776000000005, "makespan": 112.0276, "mean_flow": 6.788418750000001, "breach_share": 0.0525, "breach_p1": 0.11494252873563218, "breach_p2": 0.02040816326530612, "breach_p3": 0.0, "breach_p4": 0.0, "wall_seconds": 0.0007253349758684635}, "random": {"id": "c12_replay_400_0070_sla1.5", "base_id": "c12_replay_400_0070", "campus": 12, "size": 400, "condition": "sla1.5", "sla_multiplier": 1.5, "crew_multiplier": 1.0, "method": "random", "seed": 301, "feasible": 1, "wwt": 3122.9952000000003, "makespan": 112.0276, "mean_flow": 6.605969, "breach_share": 0.055, "breach_p1": 0.1206896551724138, "breach_p2": 0.02040816326530612, "breach_p3": 0.0, "breach_p4": 0.0, "wall_seconds": 0.0005667549557983875}, "v2rl301": {"id": "c12_replay_400_0070_sla1.5", "base_id": "c12_replay_400_0070", "campus": 12, "size": 400, "condition": "sla1.5", "sla_multiplier": 1.5, "crew_multiplier": 1.0, "method": "v2rl301", "seed": 301, "feasible": 1, "wwt": 3101.5776000000005, "makespan": 112.0276, "mean_flow": 6.7160132500000005, "breach_share": 0.0525, "breach_p1": 0.11494252873563218, "breach_p2": 0.02040816326530612, "breach_p3": 0.0, "breach_p4": 0.0, "wall_seconds": 0.04315700987353921}, "v2rl302": {"id": "c12_replay_400_0070_sla1.5", "base_id": "c12_replay_400_0070", "campus": 12, "size": 400, "condition": "sla1.5", "sla_multiplier": 1.5, "crew_multiplier": 1.0, "method": "v2rl302", "seed": 302, "feasible": 1, "wwt": 3101.5776000000005, "makespan": 112.0276, "mean_flow": 6.61032375, "breach_share": 0.0525, "breach_p1": 0.11494252873563218, "breach_p2": 0.02040816326530612, "breach_p3": 0.0, "breach_p4": 0.0, "wall_seconds": 0.04253338323906064}, "v2rl303": {"id": "c12_replay_400_0070_sla1.5", "base_id": "c12_replay_400_0070", "campus": 12, "size": 400, "condition": "sla1.5", "sla_multiplier": 1.5, "crew_multiplier": 1.0, "method": "v2rl303", "seed": 303, "feasible": 1, "wwt": 3101.5776000000005, "makespan": 112.0276, "mean_flow": 6.69976325, "breach_share": 0.0525, "breach_p1": 0.11494252873563218, "breach_p2": 0.02040816326530612, "breach_p3": 0.0, "breach_p4": 0.0, "wall_seconds": 0.042574352119117975}}, "methods_expected": ["edd", "wspt", "atc", "pfifo", "mor", "random", "v2rl301", "v2rl302", "v2rl303"], "infeasible": [], "wall_seconds_total": 0.1375988689251244}