{"shard_id": "c12_replay_400_0068_m0.75", "id": "c12_replay_400_0068_m0.75", "base_id": "c12_replay_400_0068", "campus": 12, "size": 400, "condition": "crew0.75", "rows": {"edd": {"id": "c12_replay_400_0068_m0.75", "base_id": "c12_replay_400_0068", "campus": 12, "size": 400, "condition": "crew0.75", "sla_multiplier": 1.0, "crew_multiplier": 0.75, "method": "edd", "seed": 301, "feasible": 1, "wwt": 1280.7296000000001, "makespan": 113.842, "mean_flow": 5.690586000000001, "breach_share": 0.03, "breach_p1": 0.1875, "breach_p2": 0.02127659574468085, "breach_p3": 0.013513513513513514, "breach_p4": 0.0, "wall_seconds": 0.0006315098144114017}, "wspt": {"id": "c12_replay_400_0068_m0.75", "base_id": "c12_replay_400_0068", "campus": 12, "size": 400, "condition": "crew0.75", "sla_multiplier": 1.0, "crew_multiplier": 0.75, "method": "wspt", "seed": 301, "feasible": 1, "wwt": 1282.7296000000001, "makespan": 113.842, "mean_flow": 5.671838, "breach_share": 0.03, "breach_p1": 0.1875, "breach_p2": 0.02127659574468085, "breach_p3": 0.013513513513513514, "breach_p4": 0.0, "wall_seconds": 0.0006021158769726753}, "atc": {"id": "c12_replay_400_0068_m0.75", "base_id": "c12_replay_400_0068", "campus": 12, "size": 400, "condition": "crew0.75", "sla_multiplier": 1.0, "crew_multiplier": 0.75, "method": "atc", "seed": 301, "feasible": 1, "wwt": 1280.7296000000001, "makespan": 113.842, "mean_flow": 5.671909500000001, "breach_share": 0.03, "breach_p1": 0.1875, "breach_p2": 0.02127659574468085, "breach_p3": 0.013513513513513514, "breach_p4": 0.0, "wall_seconds": 0.000770143698900938}, "pfifo": {"id": "c12_replay_400_0068_m0.75", "base_id": "c12_replay_400_0068", "campus": 12, "size": 400, "condition": "crew0.75", "sla_multiplier": 1.0, "crew_multiplier": 0.75, "method": "pfifo", "seed": 301, "feasible": 1, "wwt": 1280.7296000000001, "makespan": 113.842, "mean_flow": 5.690586000000001, "breach_share": 0.03, "breach_p1": 0.1875, "breach_p2": 0.02127659574468085, "breach_p3": 0.013513513513513514, "breach_p4": 0.0, "wall_seconds": 0.0005916110239923}, "mor": {"id": "c12_replay_400_0068_m0.75", "base_id": "c12_replay_400_0068", "campus": 12, "size": 400, "condition": "crew0.75", "sla_multiplier": 1.0, "crew_multiplier": 0.75, "method": "mor", "seed": 301, "feasible": 1, "wwt": 1280.7296000000001, "makespan": 113.842, "mean_flow": 5.71096325, "breach_share": 0.03, "breach_p1": 0.1875, "breach_p2": 0.02127659574468085, "breach_p3": 0.013513513513513514, "breach_p4": 0.0, "wall_seconds": 0.0005830461159348488}, "random": {"id": "c12_replay_400_0068_m0.75", "base_id": "c12_replay_400_0068", "campus": 12, "size": 400, "condition": "crew0.75", "sla_multiplier": 1.0, "crew_multiplier": 0.75, "method": "random", "seed": 301, "feasible": 1, "wwt": 1285.7296000000001, "makespan": 113.842, "mean_flow": 5.69321375, "breach_share": 0.0325, "breach_p1": 0.1875, "breach_p2": 0.02127659574468085, "breach_p3": 0.02027027027027027, "breach_p4": 0.0, "wall_seconds": 0.0005463892593979836}, "v2rl301": {"id": "c12_replay_400_0068_m0.75", "base_id": "c12_replay_400_0068", "campus": 12, "size": 400, "condition": "crew0.75", "sla_multiplier": 1.0, "crew_multiplier": 0.75, "method": "v2rl301", "seed": 301, "feasible": 1, "wwt": 1280.7296000000001, "makespan": 113.842, "mean_flow": 5.71096325, "breach_share": 0.03, "breach_p1": 0.1875, "breach_p2": 0.02127659574468085, "breach_p3": 0.013513513513513514, "breach_p4": 0.0, "wall_seconds": 0.041025667916983366}, "v2rl302": {"id": "c12_replay_400_0068_m0.75", "base_id": "c12_replay_400_0068", "campus": 12, "size": 400, "condition": "crew0.75", "sla_multiplier": 1.0, "crew_multiplier": 0.75, "method": "v2rl302", "seed": 302, "feasible": 1, "wwt": 1280.7296000000001, "makespan": 113.842, "mean_flow": 5.71096325, "breach_share": 0.03, "breach_p1": 0.1875, "breach_p2": 0.02127659574468085, "breach_p3": 0.013513513513513514, "breach_p4": 0.0, "wall_seconds": 0.040809915866702795}, "v2rl303": {"id": "c12_replay_400_0068_m0.75", "base_id": "c12_replay_400_0068", "campus": 12, "size": 400, "condition": "crew0.75", "sla_multiplier": 1.0, "crew_multiplier": 0.75, "method": "v2rl303", "seed": 303, "feasible": 1, "wwt": 1280.7296000000001, "makespan": 113.842, "mean_flow": 5.7084645, "breach_share": 0.03, "breach_p1": 0.1875, "breach_p2": 0.02127659574468085, "breach_p3": 0.013513513513513514, "breach_p4": 0.0, "wall_seconds": 0.039951367769390345}}, "methods_expected": ["edd", "wspt", "atc", "pfifo", "mor", "random", "v2rl301", "v2rl302", "v2rl303"], "infeasible": [], "wall_seconds_total": 0.13007218204438686}