{"shard_id": "c12_replay_150_0125", "id": "c12_replay_150_0125", "base_id": "c12_replay_150_0125", "campus": 12, "size": 150, "condition": "baseline", "rows": {"edd": {"id": "c12_replay_150_0125", "base_id": "c12_replay_150_0125", "campus": 12, "size": 150, "condition": "baseline", "sla_multiplier": 1.0, "crew_multiplier": 1.0, "method": "edd", "seed": 301, "feasible": 1, "wwt": 80.0, "makespan": 102.6126, "mean_flow": 5.711032666666667, "breach_share": 0.02, "breach_p1": 0.10344827586206896, "breach_p2": 0.0, "breach_p3": 0.0, "breach_p4": 0.0, "wall_seconds": 0.0002795807085931301}, "wspt": {"id": "c12_replay_150_0125", "base_id": "c12_replay_150_0125", "campus": 12, "size": 150, "condition": "baseline", "sla_multiplier": 1.0, "crew_multiplier": 1.0, "method": "wspt", "seed": 301, "feasible": 1, "wwt": 80.0, "makespan": 102.6126, "mean_flow": 5.711032666666667, "breach_share": 0.02, "breach_p1": 0.10344827586206896, "breach_p2": 0.0, "breach_p3": 0.0, "breach_p4": 0.0, "wall_seconds": 0.00026656268164515495}, "atc": {"id": "c12_replay_150_0125", "base_id": "c12_replay_150_0125", "campus": 12, "size": 150, "condition": "baseline", "sla_multiplier": 1.0, "crew_multiplier": 1.0, "method": "atc", "seed": 301, "feasible": 1, "wwt": 80.0, "makespan": 102.6126, "mean_flow": 5.711032666666667, "breach_share": 0.02, "breach_p1": 0.10344827586206896, "breach_p2": 0.0, "breach_p3": 0.0, "breach_p4": 0.0, "wall_seconds": 0.00032273679971694946}, "pfifo": {"id": "c12_replay_150_0125", "base_id": "c12_replay_150_0125", "campus": 12, "size": 150, "condition": "baseline", "sla_multiplier": 1.0, "crew_multiplier": 1.0, "method": "pfifo", "seed": 301, "feasible": 1, "wwt": 80.0, "makespan": 102.6126, "mean_flow": 5.711032666666667, "breach_share": 0.02, "breach_p1": 0.10344827586206896, "breach_p2": 0.0, "breach_p3": 0.0, "breach_p4": 0.0, "wall_seconds": 0.0002614869736135006}, "mor": {"id": "c12_replay_150_0125", "base_id": "c12_replay_150_0125", "campus": 12, "size": 150, "condition": "baseline", "sla_multiplier": 1.0, "crew_multiplier": 1.0, "method": "mor", "seed": 301, "feasible": 1, "wwt": 80.0, "makespan": 102.6126, "mean_flow": 5.711032666666667, "breach_share": 0.02, "breach_p1": 0.10344827586206896, "breach_p2": 0.0, "breach_p3": 0.0, "breach_p4": 0.0, "wall_seconds": 0.00025653932243585587}, "random": {"id": "c12_replay_150_0125", "base_id": "c12_replay_150_0125", "campus": 12, "size": 150, "condition": "baseline", "sla_multiplier": 1.0, "crew_multiplier": 1.0, "method": "random", "seed": 301, "feasible": 1, "wwt": 80.0, "makespan": 102.6126, "mean_flow": 5.711032666666667, "breach_share": 0.02, "breach_p1": 0.10344827586206896, "breach_p2": 0.0, "breach_p3": 0.0, "breach_p4": 0.0, "wall_seconds": 0.00025695841759443283}, "v2rl301": {"id": "c12_replay_150_0125", "base_id": "c12_replay_150_0125", "campus": 12, "size": 150, "condition": "baseline", "sla_multiplier": 1.0, "crew_multiplier": 1.0, "method": "v2rl301", "seed": 301, "feasible": 1, "wwt": 80.0, "makespan": 102.6126, "mean_flow": 5.711032666666667, "breach_share": 0.02, "breach_p1": 0.10344827586206896, "breach_p2": 0.0, "breach_p3": 0.0, "breach_p4": 0.0, "wall_seconds": 0.014856596011668444}, "v2rl302": {"id": "c12_replay_150_0125", "base_id": "c12_replay_150_0125", "campus": 12, "size": 150, "condition": "baseline", "sla_multiplier": 1.0, "crew_multiplier": 1.0, "method": "v2rl302", "seed": 302, "feasible": 1, "wwt": 80.0, "makespan": 102.6126, "mean_flow": 5.711032666666667, "breach_share": 0.02, "breach_p1": 0.10344827586206896, "breach_p2": 0.0, "breach_p3": 0.0, "breach_p4": 0.0, "wall_seconds": 0.014457996934652328}, "v2rl303": {"id": "c12_replay_150_0125", "base_id": "c12_replay_150_0125", "campus": 12, "size": 150, "condition": "baseline", "sla_multiplier": 1.0, "crew_multiplier": 1.0, "method": "v2rl303", "seed": 303, "feasible": 1, "wwt": 80.0, "makespan": 102.6126, "mean_flow": 5.711032666666667, "breach_share": 0.02, "breach_p1": 0.10344827586206896, "breach_p2": 0.0, "breach_p3": 0.0, "breach_p4": 0.0, "wall_seconds": 0.014768650755286217}}, "methods_expected": ["edd", "wspt", "atc", "pfifo", "mor", "random", "v2rl301", "v2rl302", "v2rl303"], "infeasible": [], "wall_seconds_total": 0.047538012731820345}