{"shard_id": "c12_replay_400_0067_m1.25", "id": "c12_replay_400_0067_m1.25", "base_id": "c12_replay_400_0067", "campus": 12, "size": 400, "condition": "crew1.25", "rows": {"edd": {"id": "c12_replay_400_0067_m1.25", "base_id": "c12_replay_400_0067", "campus": 12, "size": 400, "condition": "crew1.25", "sla_multiplier": 1.0, "crew_multiplier": 1.25, "method": "edd", "seed": 301, "feasible": 1, "wwt": 850.7296, "makespan": 100.27420000000001, "mean_flow": 5.817888750000001, "breach_share": 0.025, "breach_p1": 0.1076923076923077, "breach_p2": 0.016666666666666666, "breach_p3": 0.009900990099009901, "breach_p4": 0.0, "wall_seconds": 0.0007009780965745449}, "wspt": {"id": "c12_replay_400_0067_m1.25", "base_id": "c12_replay_400_0067", "campus": 12, "size": 400, "condition": "crew1.25", "sla_multiplier": 1.0, "crew_multiplier": 1.25, "method": "wspt", "seed": 301, "feasible": 1, "wwt": 862.7296, "makespan": 100.27420000000001, "mean_flow": 5.809368000000001, "breach_share": 0.025, "breach_p1": 0.1076923076923077, "breach_p2": 0.016666666666666666, "breach_p3": 0.009900990099009901, "breach_p4": 0.0, "wall_seconds": 0.0007216488011181355}, "atc": {"id": "c12_replay_400_0067_m1.25", "base_id": "c12_replay_400_0067", "campus": 12, "size": 400, "condition": "crew1.25", "sla_multiplier": 1.0, "crew_multiplier": 1.25, "method": "atc", "seed": 301, "feasible": 1, "wwt": 850.7296, "makespan": 100.27420000000001, "mean_flow": 5.81038875, "breach_share": 0.025, "breach_p1": 0.1076923076923077, "breach_p2": 0.016666666666666666, "breach_p3": 0.009900990099009901, "breach_p4": 0.0, "wall_seconds": 0.0009890212677419186}, "pfifo": {"id": "c12_replay_400_0067_m1.25", "base_id": "c12_replay_400_0067", "campus": 12, "size": 400, "condition": "crew1.25", "sla_multiplier": 1.0, "crew_multiplier": 1.25, "method": "pfifo", "seed": 301, "feasible": 1, "wwt": 850.7296, "makespan": 100.27420000000001, "mean_flow": 5.817888750000001, "breach_share": 0.025, "breach_p1": 0.1076923076923077, "breach_p2": 0.016666666666666666, "breach_p3": 0.009900990099009901, "breach_p4": 0.0, "wall_seconds": 0.0006785569712519646}, "mor": {"id": "c12_replay_400_0067_m1.25", "base_id": "c12_replay_400_0067", "campus": 12, "size": 400, "condition": "crew1.25", "sla_multiplier": 1.0, "crew_multiplier": 1.25, "method": "mor", "seed": 301, "feasible": 1, "wwt": 850.7296, "makespan": 100.27420000000001, "mean_flow": 5.8244235, "breach_share": 0.025, "breach_p1": 0.1076923076923077, "breach_p2": 0.016666666666666666, "breach_p3": 0.009900990099009901, "breach_p4": 0.0, "wall_seconds": 0.0006651952862739563}, "random": {"id": "c12_replay_400_0067_m1.25", "base_id": "c12_replay_400_0067", "campus": 12, "size": 400, "condition": "crew1.25", "sla_multiplier": 1.0, "crew_multiplier": 1.25, "method": "random", "seed": 301, "feasible": 1, "wwt": 850.7296, "makespan": 100.27420000000001, "mean_flow": 5.812888750000001, "breach_share": 0.025, "breach_p1": 0.1076923076923077, "breach_p2": 0.016666666666666666, "breach_p3": 0.009900990099009901, "breach_p4": 0.0, "wall_seconds": 0.0005790311843156815}, "v2rl301": {"id": "c12_replay_400_0067_m1.25", "base_id": "c12_replay_400_0067", "campus": 12, "size": 400, "condition": "crew1.25", "sla_multiplier": 1.0, "crew_multiplier": 1.25, "method": "v2rl301", "seed": 301, "feasible": 1, "wwt": 850.7296, "makespan": 100.27420000000001, "mean_flow": 5.8244235, "breach_share": 0.025, "breach_p1": 0.1076923076923077, "breach_p2": 0.016666666666666666, "breach_p3": 0.009900990099009901, "breach_p4": 0.0, "wall_seconds": 0.04127704119309783}, "v2rl302": {"id": "c12_replay_400_0067_m1.25", "base_id": "c12_replay_400_0067", "campus": 12, "size": 400, "condition": "crew1.25", "sla_multiplier": 1.0, "crew_multiplier": 1.25, "method": "v2rl302", "seed": 302, "feasible": 1, "wwt": 850.7296, "makespan": 100.27420000000001, "mean_flow": 5.814138750000001, "breach_share": 0.025, "breach_p1": 0.1076923076923077, "breach_p2": 0.016666666666666666, "breach_p3": 0.009900990099009901, "breach_p4": 0.0, "wall_seconds": 0.041565870866179466}, "v2rl303": {"id": "c12_replay_400_0067_m1.25", "base_id": "c12_replay_400_0067", "campus": 12, "size": 400, "condition": "crew1.25", "sla_multiplier": 1.0, "crew_multiplier": 1.25, "method": "v2rl303", "seed": 303, "feasible": 1, "wwt": 850.7296, "makespan": 100.27420000000001, "mean_flow": 5.824279000000001, "breach_share": 0.025, "breach_p1": 0.1076923076923077, "breach_p2": 0.016666666666666666, "breach_p3": 0.009900990099009901, "breach_p4": 0.0, "wall_seconds": 0.04097958002239466}}, "methods_expected": ["edd", "wspt", "atc", "pfifo", "mor", "random", "v2rl301", "v2rl302", "v2rl303"], "infeasible": [], "wall_seconds_total": 0.13292574090883136}