{"shard_id": "c12_replay_400_0089_sla0.5", "id": "c12_replay_400_0089_sla0.5", "base_id": "c12_replay_400_0089", "campus": 12, "size": 400, "condition": "sla0.5", "rows": {"edd": {"id": "c12_replay_400_0089_sla0.5", "base_id": "c12_replay_400_0089", "campus": 12, "size": 400, "condition": "sla0.5", "sla_multiplier": 0.5, "crew_multiplier": 1.0, "method": "edd", "seed": 301, "feasible": 1, "wwt": 2805.4944, "makespan": 107.849, "mean_flow": 7.0574875, "breach_share": 0.1075, "breach_p1": 0.40789473684210525, "breach_p2": 0.12307692307692308, "breach_p3": 0.01020408163265306, "breach_p4": 0.018633540372670808, "wall_seconds": 0.0006453478708863258}, "wspt": {"id": "c12_replay_400_0089_sla0.5", "base_id": "c12_replay_400_0089", "campus": 12, "size": 400, "condition": "sla0.5", "sla_multiplier": 0.5, "crew_multiplier": 1.0, "method": "wspt", "seed": 301, "feasible": 1, "wwt": 2807.4944, "makespan": 107.849, "mean_flow": 7.05289575, "breach_share": 0.1075, "breach_p1": 0.40789473684210525, "breach_p2": 0.12307692307692308, "breach_p3": 0.01020408163265306, "breach_p4": 0.018633540372670808, "wall_seconds": 0.0006249053403735161}, "atc": {"id": "c12_replay_400_0089_sla0.5", "base_id": "c12_replay_400_0089", "campus": 12, "size": 400, "condition": "sla0.5", "sla_multiplier": 0.5, "crew_multiplier": 1.0, "method": "atc", "seed": 301, "feasible": 1, "wwt": 2805.4944, "makespan": 107.849, "mean_flow": 7.0552845, "breach_share": 0.1075, "breach_p1": 0.40789473684210525, "breach_p2": 0.12307692307692308, "breach_p3": 0.01020408163265306, "breach_p4": 0.018633540372670808, "wall_seconds": 0.0007946318946778774}, "pfifo": {"id": "c12_replay_400_0089_sla0.5", "base_id": "c12_replay_400_0089", "campus": 12, "size": 400, "condition": "sla0.5", "sla_multiplier": 0.5, "crew_multiplier": 1.0, "method": "pfifo", "seed": 301, "feasible": 1, "wwt": 2805.4944, "makespan": 107.849, "mean_flow": 7.0574875, "breach_share": 0.1075, "breach_p1": 0.40789473684210525, "breach_p2": 0.12307692307692308, "breach_p3": 0.01020408163265306, "breach_p4": 0.018633540372670808, "wall_seconds": 0.0006394032388925552}, "mor": {"id": "c12_replay_400_0089_sla0.5", "base_id": "c12_replay_400_0089", "campus": 12, "size": 400, "condition": "sla0.5", "sla_multiplier": 0.5, "crew_multiplier": 1.0, "method": "mor", "seed": 301, "feasible": 1, "wwt": 2805.4944, "makespan": 107.849, "mean_flow": 7.062532749999999, "breach_share": 0.1075, "breach_p1": 0.40789473684210525, "breach_p2": 0.12307692307692308, "breach_p3": 0.01020408163265306, "breach_p4": 0.018633540372670808, "wall_seconds": 0.0006421939469873905}, "random": {"id": "c12_replay_400_0089_sla0.5", "base_id": "c12_replay_400_0089", "campus": 12, "size": 400, "condition": "sla0.5", "sla_multiplier": 0.5, "crew_multiplier": 1.0, "method": "random", "seed": 301, "feasible": 1, "wwt": 2805.4944, "makespan": 107.849, "mean_flow": 7.055440999999999, "breach_share": 0.1075, "breach_p1": 0.40789473684210525, "breach_p2": 0.12307692307692308, "breach_p3": 0.01020408163265306, "breach_p4": 0.018633540372670808, "wall_seconds": 0.0006242780946195126}, "v2rl301": {"id": "c12_replay_400_0089_sla0.5", "base_id": "c12_replay_400_0089", "campus": 12, "size": 400, "condition": "sla0.5", "sla_multiplier": 0.5, "crew_multiplier": 1.0, "method": "v2rl301", "seed": 301, "feasible": 1, "wwt": 2805.4944, "makespan": 107.849, "mean_flow": 7.062532749999999, "breach_share": 0.1075, "breach_p1": 0.40789473684210525, "breach_p2": 0.12307692307692308, "breach_p3": 0.01020408163265306, "breach_p4": 0.018633540372670808, "wall_seconds": 0.040835509076714516}, "v2rl302": {"id": "c12_replay_400_0089_sla0.5", "base_id": "c12_replay_400_0089", "campus": 12, "size": 400, "condition": "sla0.5", "sla_multiplier": 0.5, "crew_multiplier": 1.0, "method": "v2rl302", "seed": 302, "feasible": 1, "wwt": 2805.4944, "makespan": 107.849, "mean_flow": 7.062532749999999, "breach_share": 0.1075, "breach_p1": 0.40789473684210525, "breach_p2": 0.12307692307692308, "breach_p3": 0.01020408163265306, "breach_p4": 0.018633540372670808, "wall_seconds": 0.03994130529463291}, "v2rl303": {"id": "c12_replay_400_0089_sla0.5", "base_id": "c12_replay_400_0089", "campus": 12, "size": 400, "condition": "sla0.5", "sla_multiplier": 0.5, "crew_multiplier": 1.0, "method": "v2rl303", "seed": 303, "feasible": 1, "wwt": 2805.4944, "makespan": 107.849, "mean_flow": 7.06253275, "breach_share": 0.1075, "breach_p1": 0.40789473684210525, "breach_p2": 0.12307692307692308, "breach_p3": 0.01020408163265306, "breach_p4": 0.018633540372670808, "wall_seconds": 0.0396994068287313}}, "methods_expected": ["edd", "wspt", "atc", "pfifo", "mor", "random", "v2rl301", "v2rl302", "v2rl303"], "infeasible": [], "wall_seconds_total": 0.12919557699933648}