{"shard_id": "c12_replay_400_0072_sla1.5", "id": "c12_replay_400_0072_sla1.5", "base_id": "c12_replay_400_0072", "campus": 12, "size": 400, "condition": "sla1.5", "rows": {"edd": {"id": "c12_replay_400_0072_sla1.5", "base_id": "c12_replay_400_0072", "campus": 12, "size": 400, "condition": "sla1.5", "sla_multiplier": 1.5, "crew_multiplier": 1.0, "method": "edd", "seed": 301, "feasible": 1, "wwt": 1706.4714, "makespan": 149.2611, "mean_flow": 13.311866, "breach_share": 0.02, "breach_p1": 0.07042253521126761, "breach_p2": 0.02127659574468085, "breach_p3": 0.013245033112582781, "breach_p4": 0.0, "wall_seconds": 0.0007523610256612301}, "wspt": {"id": "c12_replay_400_0072_sla1.5", "base_id": "c12_replay_400_0072", "campus": 12, "size": 400, "condition": "sla1.5", "sla_multiplier": 1.5, "crew_multiplier": 1.0, "method": "wspt", "seed": 301, "feasible": 1, "wwt": 1767.5991999999999, "makespan": 166.2123, "mean_flow": 9.829134750000001, "breach_share": 0.02, "breach_p1": 0.07042253521126761, "breach_p2": 0.02127659574468085, "breach_p3": 0.013245033112582781, "breach_p4": 0.0, "wall_seconds": 0.0007724207825958729}, "atc": {"id": "c12_replay_400_0072_sla1.5", "base_id": "c12_replay_400_0072", "campus": 12, "size": 400, "condition": "sla1.5", "sla_multiplier": 1.5, "crew_multiplier": 1.0, "method": "atc", "seed": 301, "feasible": 1, "wwt": 1771.2125999999998, "makespan": 167.769, "mean_flow": 9.834276500000001, "breach_share": 0.02, "breach_p1": 0.07042253521126761, "breach_p2": 0.02127659574468085, "breach_p3": 0.013245033112582781, "breach_p4": 0.0, "wall_seconds": 0.001253616064786911}, "pfifo": {"id": "c12_replay_400_0072_sla1.5", "base_id": "c12_replay_400_0072", "campus": 12, "size": 400, "condition": "sla1.5", "sla_multiplier": 1.5, "crew_multiplier": 1.0, "method": "pfifo", "seed": 301, "feasible": 1, "wwt": 1706.4714, "makespan": 149.2611, "mean_flow": 13.311866, "breach_share": 0.02, "breach_p1": 0.07042253521126761, "breach_p2": 0.02127659574468085, "breach_p3": 0.013245033112582781, "breach_p4": 0.0, "wall_seconds": 0.0007516019977629185}, "mor": {"id": "c12_replay_400_0072_sla1.5", "base_id": "c12_replay_400_0072", "campus": 12, "size": 400, "condition": "sla1.5", "sla_multiplier": 1.5, "crew_multiplier": 1.0, "method": "mor", "seed": 301, "feasible": 1, "wwt": 1683.4368, "makespan": 114.2123, "mean_flow": 20.486930750000003, "breach_share": 0.015, "breach_p1": 0.07042253521126761, "breach_p2": 0.02127659574468085, "breach_p3": 0.0, "breach_p4": 0.0, "wall_seconds": 0.0007921331562101841}, "random": {"id": "c12_replay_400_0072_sla1.5", "base_id": "c12_replay_400_0072", "campus": 12, "size": 400, "condition": "sla1.5", "sla_multiplier": 1.5, "crew_multiplier": 1.0, "method": "random", "seed": 301, "feasible": 1, "wwt": 1717.743, "makespan": 154.0975, "mean_flow": 13.331637249999998, "breach_share": 0.0175, "breach_p1": 0.07042253521126761, "breach_p2": 0.02127659574468085, "breach_p3": 0.006622516556291391, "breach_p4": 0.0, "wall_seconds": 0.0006416342221200466}, "v2rl301": {"id": "c12_replay_400_0072_sla1.5", "base_id": "c12_replay_400_0072", "campus": 12, "size": 400, "condition": "sla1.5", "sla_multiplier": 1.5, "crew_multiplier": 1.0, "method": "v2rl301", "seed": 301, "feasible": 1, "wwt": 1683.4368, "makespan": 114.2123, "mean_flow": 19.8791155, "breach_share": 0.015, "breach_p1": 0.07042253521126761, "breach_p2": 0.02127659574468085, "breach_p3": 0.0, "breach_p4": 0.0, "wall_seconds": 0.042961935978382826}, "v2rl302": {"id": "c12_replay_400_0072_sla1.5", "base_id": "c12_replay_400_0072", "campus": 12, "size": 400, "condition": "sla1.5", "sla_multiplier": 1.5, "crew_multiplier": 1.0, "method": "v2rl302", "seed": 302, "feasible": 1, "wwt": 1683.4368, "makespan": 114.2123, "mean_flow": 20.16759125, "breach_share": 0.015, "breach_p1": 0.07042253521126761, "breach_p2": 0.02127659574468085, "breach_p3": 0.0, "breach_p4": 0.0, "wall_seconds": 0.0427007800899446}, "v2rl303": {"id": "c12_replay_400_0072_sla1.5", "base_id": "c12_replay_400_0072", "campus": 12, "size": 400, "condition": "sla1.5", "sla_multiplier": 1.5, "crew_multiplier": 1.0, "method": "v2rl303", "seed": 303, "feasible": 1, "wwt": 1683.4368, "makespan": 114.4084, "mean_flow": 20.473245499999997, "breach_share": 0.015, "breach_p1": 0.07042253521126761, "breach_p2": 0.02127659574468085, "breach_p3": 0.0, "breach_p4": 0.0, "wall_seconds": 0.04313375800848007}}, "methods_expected": ["edd", "wspt", "atc", "pfifo", "mor", "random", "v2rl301", "v2rl302", "v2rl303"], "infeasible": [], "wall_seconds_total": 0.13843318866565824}