{"shard_id": "c12_replay_150_0126_m1.25", "id": "c12_replay_150_0126_m1.25", "base_id": "c12_replay_150_0126", "campus": 12, "size": 150, "condition": "crew1.25", "rows": {"edd": {"id": "c12_replay_150_0126_m1.25", "base_id": "c12_replay_150_0126", "campus": 12, "size": 150, "condition": "crew1.25", "sla_multiplier": 1.0, "crew_multiplier": 1.25, "method": "edd", "seed": 301, "feasible": 1, "wwt": 319.7296, "makespan": 97.5526, "mean_flow": 5.691864, "breach_share": 0.03333333333333333, "breach_p1": 0.0967741935483871, "breach_p2": 0.047619047619047616, "breach_p3": 0.030303030303030304, "breach_p4": 0.0, "wall_seconds": 0.00029063504189252853}, "wspt": {"id": "c12_replay_150_0126_m1.25", "base_id": "c12_replay_150_0126", "campus": 12, "size": 150, "condition": "crew1.25", "sla_multiplier": 1.0, "crew_multiplier": 1.25, "method": "wspt", "seed": 301, "feasible": 1, "wwt": 319.7296, "makespan": 97.5526, "mean_flow": 5.691864, "breach_share": 0.03333333333333333, "breach_p1": 0.0967741935483871, "breach_p2": 0.047619047619047616, "breach_p3": 0.030303030303030304, "breach_p4": 0.0, "wall_seconds": 0.00028718216344714165}, "atc": {"id": "c12_replay_150_0126_m1.25", "base_id": "c12_replay_150_0126", "campus": 12, "size": 150, "condition": "crew1.25", "sla_multiplier": 1.0, "crew_multiplier": 1.25, "method": "atc", "seed": 301, "feasible": 1, "wwt": 319.7296, "makespan": 97.5526, "mean_flow": 5.691864, "breach_share": 0.03333333333333333, "breach_p1": 0.0967741935483871, "breach_p2": 0.047619047619047616, "breach_p3": 0.030303030303030304, "breach_p4": 0.0, "wall_seconds": 0.00036216387525200844}, "pfifo": {"id": "c12_replay_150_0126_m1.25", "base_id": "c12_replay_150_0126", "campus": 12, "size": 150, "condition": "crew1.25", "sla_multiplier": 1.0, "crew_multiplier": 1.25, "method": "pfifo", "seed": 301, "feasible": 1, "wwt": 319.7296, "makespan": 97.5526, "mean_flow": 5.691864, "breach_share": 0.03333333333333333, "breach_p1": 0.0967741935483871, "breach_p2": 0.047619047619047616, "breach_p3": 0.030303030303030304, "breach_p4": 0.0, "wall_seconds": 0.00028584199026227}, "mor": {"id": "c12_replay_150_0126_m1.25", "base_id": "c12_replay_150_0126", "campus": 12, "size": 150, "condition": "crew1.25", "sla_multiplier": 1.0, "crew_multiplier": 1.25, "method": "mor", "seed": 301, "feasible": 1, "wwt": 319.7296, "makespan": 97.5526, "mean_flow": 5.691864, "breach_share": 0.03333333333333333, "breach_p1": 0.0967741935483871, "breach_p2": 0.047619047619047616, "breach_p3": 0.030303030303030304, "breach_p4": 0.0, "wall_seconds": 0.0002697799354791641}, "random": {"id": "c12_replay_150_0126_m1.25", "base_id": "c12_replay_150_0126", "campus": 12, "size": 150, "condition": "crew1.25", "sla_multiplier": 1.0, "crew_multiplier": 1.25, "method": "random", "seed": 301, "feasible": 1, "wwt": 319.7296, "makespan": 97.5526, "mean_flow": 5.691864, "breach_share": 0.03333333333333333, "breach_p1": 0.0967741935483871, "breach_p2": 0.047619047619047616, "breach_p3": 0.030303030303030304, "breach_p4": 0.0, "wall_seconds": 0.0002712700515985489}, "v2rl301": {"id": "c12_replay_150_0126_m1.25", "base_id": "c12_replay_150_0126", "campus": 12, "size": 150, "condition": "crew1.25", "sla_multiplier": 1.0, "crew_multiplier": 1.25, "method": "v2rl301", "seed": 301, "feasible": 1, "wwt": 319.7296, "makespan": 97.5526, "mean_flow": 5.691864, "breach_share": 0.03333333333333333, "breach_p1": 0.0967741935483871, "breach_p2": 0.047619047619047616, "breach_p3": 0.030303030303030304, "breach_p4": 0.0, "wall_seconds": 0.01527643809095025}, "v2rl302": {"id": "c12_replay_150_0126_m1.25", "base_id": "c12_replay_150_0126", "campus": 12, "size": 150, "condition": "crew1.25", "sla_multiplier": 1.0, "crew_multiplier": 1.25, "method": "v2rl302", "seed": 302, "feasible": 1, "wwt": 319.7296, "makespan": 97.5526, "mean_flow": 5.691864, "breach_share": 0.03333333333333333, "breach_p1": 0.0967741935483871, "breach_p2": 0.047619047619047616, "breach_p3": 0.030303030303030304, "breach_p4": 0.0, "wall_seconds": 0.015148424077779055}, "v2rl303": {"id": "c12_replay_150_0126_m1.25", "base_id": "c12_replay_150_0126", "campus": 12, "size": 150, "condition": "crew1.25", "sla_multiplier": 1.0, "crew_multiplier": 1.25, "method": "v2rl303", "seed": 303, "feasible": 1, "wwt": 319.7296, "makespan": 97.5526, "mean_flow": 5.691864, "breach_share": 0.03333333333333333, "breach_p1": 0.0967741935483871, "breach_p2": 0.047619047619047616, "breach_p3": 0.030303030303030304, "breach_p4": 0.0, "wall_seconds": 0.014949787873774767}}, "methods_expected": ["edd", "wspt", "atc", "pfifo", "mor", "random", "v2rl301", "v2rl302", "v2rl303"], "infeasible": [], "wall_seconds_total": 0.04949343577027321}