{"shard_id": "c12_replay_400_0061_sla1.5", "id": "c12_replay_400_0061_sla1.5", "base_id": "c12_replay_400_0061", "campus": 12, "size": 400, "condition": "sla1.5", "rows": {"edd": {"id": "c12_replay_400_0061_sla1.5", "base_id": "c12_replay_400_0061", "campus": 12, "size": 400, "condition": "sla1.5", "sla_multiplier": 1.5, "crew_multiplier": 1.0, "method": "edd", "seed": 301, "feasible": 1, "wwt": 252.0, "makespan": 102.3165, "mean_flow": 5.517111, "breach_share": 0.02, "breach_p1": 0.1044776119402985, "breach_p2": 0.016666666666666666, "breach_p3": 0.0, "breach_p4": 0.0, "wall_seconds": 0.0006543691270053387}, "wspt": {"id": "c12_replay_400_0061_sla1.5", "base_id": "c12_replay_400_0061", "campus": 12, "size": 400, "condition": "sla1.5", "sla_multiplier": 1.5, "crew_multiplier": 1.0, "method": "wspt", "seed": 301, "feasible": 1, "wwt": 252.0, "makespan": 102.3165, "mean_flow": 5.517111, "breach_share": 0.02, "breach_p1": 0.1044776119402985, "breach_p2": 0.016666666666666666, "breach_p3": 0.0, "breach_p4": 0.0, "wall_seconds": 0.0006656371988356113}, "atc": {"id": "c12_replay_400_0061_sla1.5", "base_id": "c12_replay_400_0061", "campus": 12, "size": 400, "condition": "sla1.5", "sla_multiplier": 1.5, "crew_multiplier": 1.0, "method": "atc", "seed": 301, "feasible": 1, "wwt": 252.0, "makespan": 102.3165, "mean_flow": 5.517111, "breach_share": 0.02, "breach_p1": 0.1044776119402985, "breach_p2": 0.016666666666666666, "breach_p3": 0.0, "breach_p4": 0.0, "wall_seconds": 0.0008761170320212841}, "pfifo": {"id": "c12_replay_400_0061_sla1.5", "base_id": "c12_replay_400_0061", "campus": 12, "size": 400, "condition": "sla1.5", "sla_multiplier": 1.5, "crew_multiplier": 1.0, "method": "pfifo", "seed": 301, "feasible": 1, "wwt": 252.0, "makespan": 102.3165, "mean_flow": 5.517111, "breach_share": 0.02, "breach_p1": 0.1044776119402985, "breach_p2": 0.016666666666666666, "breach_p3": 0.0, "breach_p4": 0.0, "wall_seconds": 0.0006302990950644016}, "mor": {"id": "c12_replay_400_0061_sla1.5", "base_id": "c12_replay_400_0061", "campus": 12, "size": 400, "condition": "sla1.5", "sla_multiplier": 1.5, "crew_multiplier": 1.0, "method": "mor", "seed": 301, "feasible": 1, "wwt": 252.0, "makespan": 102.3165, "mean_flow": 5.517111, "breach_share": 0.02, "breach_p1": 0.1044776119402985, "breach_p2": 0.016666666666666666, "breach_p3": 0.0, "breach_p4": 0.0, "wall_seconds": 0.0006289123557507992}, "random": {"id": "c12_replay_400_0061_sla1.5", "base_id": "c12_replay_400_0061", "campus": 12, "size": 400, "condition": "sla1.5", "sla_multiplier": 1.5, "crew_multiplier": 1.0, "method": "random", "seed": 301, "feasible": 1, "wwt": 252.0, "makespan": 102.3165, "mean_flow": 5.517111, "breach_share": 0.02, "breach_p1": 0.1044776119402985, "breach_p2": 0.016666666666666666, "breach_p3": 0.0, "breach_p4": 0.0, "wall_seconds": 0.0005782525986433029}, "v2rl301": {"id": "c12_replay_400_0061_sla1.5", "base_id": "c12_replay_400_0061", "campus": 12, "size": 400, "condition": "sla1.5", "sla_multiplier": 1.5, "crew_multiplier": 1.0, "method": "v2rl301", "seed": 301, "feasible": 1, "wwt": 252.0, "makespan": 102.3165, "mean_flow": 5.517111, "breach_share": 0.02, "breach_p1": 0.1044776119402985, "breach_p2": 0.016666666666666666, "breach_p3": 0.0, "breach_p4": 0.0, "wall_seconds": 0.041645890567451715}, "v2rl302": {"id": "c12_replay_400_0061_sla1.5", "base_id": "c12_replay_400_0061", "campus": 12, "size": 400, "condition": "sla1.5", "sla_multiplier": 1.5, "crew_multiplier": 1.0, "method": "v2rl302", "seed": 302, "feasible": 1, "wwt": 252.0, "makespan": 102.3165, "mean_flow": 5.517111, "breach_share": 0.02, "breach_p1": 0.1044776119402985, "breach_p2": 0.016666666666666666, "breach_p3": 0.0, "breach_p4": 0.0, "wall_seconds": 0.04067597072571516}, "v2rl303": {"id": "c12_replay_400_0061_sla1.5", "base_id": "c12_replay_400_0061", "campus": 12, "size": 400, "condition": "sla1.5", "sla_multiplier": 1.5, "crew_multiplier": 1.0, "method": "v2rl303", "seed": 303, "feasible": 1, "wwt": 252.0, "makespan": 102.3165, "mean_flow": 5.517111, "breach_share": 0.02, "breach_p1": 0.1044776119402985, "breach_p2": 0.016666666666666666, "breach_p3": 0.0, "breach_p4": 0.0, "wall_seconds": 0.04094003001227975}}, "methods_expected": ["edd", "wspt", "atc", "pfifo", "mor", "random", "v2rl301", "v2rl302", "v2rl303"], "infeasible": [], "wall_seconds_total": 0.13191718701273203}