{"shard_id": "c12_replay_400_0077_sla0.5", "id": "c12_replay_400_0077_sla0.5", "base_id": "c12_replay_400_0077", "campus": 12, "size": 400, "condition": "sla0.5", "rows": {"edd": {"id": "c12_replay_400_0077_sla0.5", "base_id": "c12_replay_400_0077", "campus": 12, "size": 400, "condition": "sla0.5", "sla_multiplier": 0.5, "crew_multiplier": 1.0, "method": "edd", "seed": 301, "feasible": 1, "wwt": 1875.4128, "makespan": 114.3729, "mean_flow": 4.9878925, "breach_share": 0.055, "breach_p1": 0.22413793103448276, "breach_p2": 0.08888888888888889, "breach_p3": 0.018018018018018018, "breach_p4": 0.016129032258064516, "wall_seconds": 0.0006439536809921265}, "wspt": {"id": "c12_replay_400_0077_sla0.5", "base_id": "c12_replay_400_0077", "campus": 12, "size": 400, "condition": "sla0.5", "sla_multiplier": 0.5, "crew_multiplier": 1.0, "method": "wspt", "seed": 301, "feasible": 1, "wwt": 1876.4128, "makespan": 114.3729, "mean_flow": 4.98698425, "breach_share": 0.055, "breach_p1": 0.22413793103448276, "breach_p2": 0.08888888888888889, "breach_p3": 0.018018018018018018, "breach_p4": 0.016129032258064516, "wall_seconds": 0.0006433730013668537}, "atc": {"id": "c12_replay_400_0077_sla0.5", "base_id": "c12_replay_400_0077", "campus": 12, "size": 400, "condition": "sla0.5", "sla_multiplier": 0.5, "crew_multiplier": 1.0, "method": "atc", "seed": 301, "feasible": 1, "wwt": 1875.4128, "makespan": 114.3729, "mean_flow": 4.986984250000001, "breach_share": 0.055, "breach_p1": 0.22413793103448276, "breach_p2": 0.08888888888888889, "breach_p3": 0.018018018018018018, "breach_p4": 0.016129032258064516, "wall_seconds": 0.0008344319649040699}, "pfifo": {"id": "c12_replay_400_0077_sla0.5", "base_id": "c12_replay_400_0077", "campus": 12, "size": 400, "condition": "sla0.5", "sla_multiplier": 0.5, "crew_multiplier": 1.0, "method": "pfifo", "seed": 301, "feasible": 1, "wwt": 1875.4128, "makespan": 114.3729, "mean_flow": 4.9878925, "breach_share": 0.055, "breach_p1": 0.22413793103448276, "breach_p2": 0.08888888888888889, "breach_p3": 0.018018018018018018, "breach_p4": 0.016129032258064516, "wall_seconds": 0.0006238515488803387}, "mor": {"id": "c12_replay_400_0077_sla0.5", "base_id": "c12_replay_400_0077", "campus": 12, "size": 400, "condition": "sla0.5", "sla_multiplier": 0.5, "crew_multiplier": 1.0, "method": "mor", "seed": 301, "feasible": 1, "wwt": 1875.4128, "makespan": 114.3729, "mean_flow": 4.9903925000000005, "breach_share": 0.055, "breach_p1": 0.22413793103448276, "breach_p2": 0.08888888888888889, "breach_p3": 0.018018018018018018, "breach_p4": 0.016129032258064516, "wall_seconds": 0.0006141709163784981}, "random": {"id": "c12_replay_400_0077_sla0.5", "base_id": "c12_replay_400_0077", "campus": 12, "size": 400, "condition": "sla0.5", "sla_multiplier": 0.5, "crew_multiplier": 1.0, "method": "random", "seed": 301, "feasible": 1, "wwt": 1875.4128, "makespan": 114.3729, "mean_flow": 4.986984250000001, "breach_share": 0.055, "breach_p1": 0.22413793103448276, "breach_p2": 0.08888888888888889, "breach_p3": 0.018018018018018018, "breach_p4": 0.016129032258064516, "wall_seconds": 0.0005645439960062504}, "v2rl301": {"id": "c12_replay_400_0077_sla0.5", "base_id": "c12_replay_400_0077", "campus": 12, "size": 400, "condition": "sla0.5", "sla_multiplier": 0.5, "crew_multiplier": 1.0, "method": "v2rl301", "seed": 301, "feasible": 1, "wwt": 1875.4128, "makespan": 114.3729, "mean_flow": 4.9903925000000005, "breach_share": 0.055, "breach_p1": 0.22413793103448276, "breach_p2": 0.08888888888888889, "breach_p3": 0.018018018018018018, "breach_p4": 0.016129032258064516, "wall_seconds": 0.04090755106881261}, "v2rl302": {"id": "c12_replay_400_0077_sla0.5", "base_id": "c12_replay_400_0077", "campus": 12, "size": 400, "condition": "sla0.5", "sla_multiplier": 0.5, "crew_multiplier": 1.0, "method": "v2rl302", "seed": 302, "feasible": 1, "wwt": 1875.4128, "makespan": 114.3729, "mean_flow": 4.9903925000000005, "breach_share": 0.055, "breach_p1": 0.22413793103448276, "breach_p2": 0.08888888888888889, "breach_p3": 0.018018018018018018, "breach_p4": 0.016129032258064516, "wall_seconds": 0.03928075730800629}, "v2rl303": {"id": "c12_replay_400_0077_sla0.5", "base_id": "c12_replay_400_0077", "campus": 12, "size": 400, "condition": "sla0.5", "sla_multiplier": 0.5, "crew_multiplier": 1.0, "method": "v2rl303", "seed": 303, "feasible": 1, "wwt": 1875.4128, "makespan": 114.3729, "mean_flow": 4.986984250000001, "breach_share": 0.055, "breach_p1": 0.22413793103448276, "breach_p2": 0.08888888888888889, "breach_p3": 0.018018018018018018, "breach_p4": 0.016129032258064516, "wall_seconds": 0.03916110470890999}}, "methods_expected": ["edd", "wspt", "atc", "pfifo", "mor", "random", "v2rl301", "v2rl302", "v2rl303"], "infeasible": [], "wall_seconds_total": 0.1279278132133186}