{"shard_id": "c12_replay_400_0067_m0.75", "id": "c12_replay_400_0067_m0.75", "base_id": "c12_replay_400_0067", "campus": 12, "size": 400, "condition": "crew0.75", "rows": {"edd": {"id": "c12_replay_400_0067_m0.75", "base_id": "c12_replay_400_0067", "campus": 12, "size": 400, "condition": "crew0.75", "sla_multiplier": 1.0, "crew_multiplier": 0.75, "method": "edd", "seed": 301, "feasible": 1, "wwt": 851.692, "makespan": 103.9281, "mean_flow": 6.2863552500000015, "breach_share": 0.025, "breach_p1": 0.1076923076923077, "breach_p2": 0.016666666666666666, "breach_p3": 0.009900990099009901, "breach_p4": 0.0, "wall_seconds": 0.0007099113427102566}, "wspt": {"id": "c12_replay_400_0067_m0.75", "base_id": "c12_replay_400_0067", "campus": 12, "size": 400, "condition": "crew0.75", "sla_multiplier": 1.0, "crew_multiplier": 0.75, "method": "wspt", "seed": 301, "feasible": 1, "wwt": 913.0696, "makespan": 104.1584, "mean_flow": 6.1203155, "breach_share": 0.03, "breach_p1": 0.13846153846153847, "breach_p2": 0.016666666666666666, "breach_p3": 0.009900990099009901, "breach_p4": 0.0, "wall_seconds": 0.0008055111393332481}, "atc": {"id": "c12_replay_400_0067_m0.75", "base_id": "c12_replay_400_0067", "campus": 12, "size": 400, "condition": "crew0.75", "sla_multiplier": 1.0, "crew_multiplier": 0.75, "method": "atc", "seed": 301, "feasible": 1, "wwt": 872.4295999999999, "makespan": 104.1584, "mean_flow": 6.199105500000001, "breach_share": 0.025, "breach_p1": 0.1076923076923077, "breach_p2": 0.016666666666666666, "breach_p3": 0.009900990099009901, "breach_p4": 0.0, "wall_seconds": 0.0010570241138339043}, "pfifo": {"id": "c12_replay_400_0067_m0.75", "base_id": "c12_replay_400_0067", "campus": 12, "size": 400, "condition": "crew0.75", "sla_multiplier": 1.0, "crew_multiplier": 0.75, "method": "pfifo", "seed": 301, "feasible": 1, "wwt": 851.692, "makespan": 103.9281, "mean_flow": 6.2863552500000015, "breach_share": 0.025, "breach_p1": 0.1076923076923077, "breach_p2": 0.016666666666666666, "breach_p3": 0.009900990099009901, "breach_p4": 0.0, "wall_seconds": 0.0007066540420055389}, "mor": {"id": "c12_replay_400_0067_m0.75", "base_id": "c12_replay_400_0067", "campus": 12, "size": 400, "condition": "crew0.75", "sla_multiplier": 1.0, "crew_multiplier": 0.75, "method": "mor", "seed": 301, "feasible": 1, "wwt": 943.3848, "makespan": 100.3648, "mean_flow": 7.048718000000001, "breach_share": 0.035, "breach_p1": 0.16923076923076924, "breach_p2": 0.016666666666666666, "breach_p3": 0.009900990099009901, "breach_p4": 0.0, "wall_seconds": 0.0007556509226560593}, "random": {"id": "c12_replay_400_0067_m0.75", "base_id": "c12_replay_400_0067", "campus": 12, "size": 400, "condition": "crew0.75", "sla_multiplier": 1.0, "crew_multiplier": 0.75, "method": "random", "seed": 301, "feasible": 1, "wwt": 909.4584, "makespan": 100.3648, "mean_flow": 6.2767360000000005, "breach_share": 0.0275, "breach_p1": 0.12307692307692308, "breach_p2": 0.016666666666666666, "breach_p3": 0.009900990099009901, "breach_p4": 0.0, "wall_seconds": 0.0005545932799577713}, "v2rl301": {"id": "c12_replay_400_0067_m0.75", "base_id": "c12_replay_400_0067", "campus": 12, "size": 400, "condition": "crew0.75", "sla_multiplier": 1.0, "crew_multiplier": 0.75, "method": "v2rl301", "seed": 301, "feasible": 1, "wwt": 853.2872, "makespan": 100.3648, "mean_flow": 6.684720500000001, "breach_share": 0.0275, "breach_p1": 0.12307692307692308, "breach_p2": 0.016666666666666666, "breach_p3": 0.009900990099009901, "breach_p4": 0.0, "wall_seconds": 0.04436941118910909}, "v2rl302": {"id": "c12_replay_400_0067_m0.75", "base_id": "c12_replay_400_0067", "campus": 12, "size": 400, "condition": "crew0.75", "sla_multiplier": 1.0, "crew_multiplier": 0.75, "method": "v2rl302", "seed": 302, "feasible": 1, "wwt": 852.3624, "makespan": 100.3648, "mean_flow": 6.358766, "breach_share": 0.0275, "breach_p1": 0.12307692307692308, "breach_p2": 0.016666666666666666, "breach_p3": 0.009900990099009901, "breach_p4": 0.0, "wall_seconds": 0.0437587178312242}, "v2rl303": {"id": "c12_replay_400_0067_m0.75", "base_id": "c12_replay_400_0067", "campus": 12, "size": 400, "condition": "crew0.75", "sla_multiplier": 1.0, "crew_multiplier": 0.75, "method": "v2rl303", "seed": 303, "feasible": 1, "wwt": 851.692, "makespan": 100.3648, "mean_flow": 6.32136775, "breach_share": 0.025, "breach_p1": 0.1076923076923077, "breach_p2": 0.016666666666666666, "breach_p3": 0.009900990099009901, "breach_p4": 0.0, "wall_seconds": 0.042926950845867395}}, "methods_expected": ["edd", "wspt", "atc", "pfifo", "mor", "random", "v2rl301", "v2rl302", "v2rl303"], "infeasible": [], "wall_seconds_total": 0.14011516328901052}