{"shard_id": "c12_replay_400_0086", "id": "c12_replay_400_0086", "base_id": "c12_replay_400_0086", "campus": 12, "size": 400, "condition": "baseline", "rows": {"edd": {"id": "c12_replay_400_0086", "base_id": "c12_replay_400_0086", "campus": 12, "size": 400, "condition": "baseline", "sla_multiplier": 1.0, "crew_multiplier": 1.0, "method": "edd", "seed": 301, "feasible": 1, "wwt": 2012.1183999999998, "makespan": 95.0795, "mean_flow": 5.17647425, "breach_share": 0.045, "breach_p1": 0.1650485436893204, "breach_p2": 0.011904761904761904, "breach_p3": 0.0, "breach_p4": 0.0, "wall_seconds": 0.0007865908555686474}, "wspt": {"id": "c12_replay_400_0086", "base_id": "c12_replay_400_0086", "campus": 12, "size": 400, "condition": "baseline", "sla_multiplier": 1.0, "crew_multiplier": 1.0, "method": "wspt", "seed": 301, "feasible": 1, "wwt": 2012.1183999999998, "makespan": 95.0795, "mean_flow": 5.1741665, "breach_share": 0.045, "breach_p1": 0.1650485436893204, "breach_p2": 0.011904761904761904, "breach_p3": 0.0, "breach_p4": 0.0, "wall_seconds": 0.0007751449011266232}, "atc": {"id": "c12_replay_400_0086", "base_id": "c12_replay_400_0086", "campus": 12, "size": 400, "condition": "baseline", "sla_multiplier": 1.0, "crew_multiplier": 1.0, "method": "atc", "seed": 301, "feasible": 1, "wwt": 2012.1183999999998, "makespan": 95.0795, "mean_flow": 5.17647425, "breach_share": 0.045, "breach_p1": 0.1650485436893204, "breach_p2": 0.011904761904761904, "breach_p3": 0.0, "breach_p4": 0.0, "wall_seconds": 0.0009622890502214432}, "pfifo": {"id": "c12_replay_400_0086", "base_id": "c12_replay_400_0086", "campus": 12, "size": 400, "condition": "baseline", "sla_multiplier": 1.0, "crew_multiplier": 1.0, "method": "pfifo", "seed": 301, "feasible": 1, "wwt": 2012.1183999999998, "makespan": 95.0795, "mean_flow": 5.17647425, "breach_share": 0.045, "breach_p1": 0.1650485436893204, "breach_p2": 0.011904761904761904, "breach_p3": 0.0, "breach_p4": 0.0, "wall_seconds": 0.0006779041141271591}, "mor": {"id": "c12_replay_400_0086", "base_id": "c12_replay_400_0086", "campus": 12, "size": 400, "condition": "baseline", "sla_multiplier": 1.0, "crew_multiplier": 1.0, "method": "mor", "seed": 301, "feasible": 1, "wwt": 2020.3408, "makespan": 95.0795, "mean_flow": 5.190909749999999, "breach_share": 0.0475, "breach_p1": 0.17475728155339806, "breach_p2": 0.011904761904761904, "breach_p3": 0.0, "breach_p4": 0.0, "wall_seconds": 0.0006763138808310032}, "random": {"id": "c12_replay_400_0086", "base_id": "c12_replay_400_0086", "campus": 12, "size": 400, "condition": "baseline", "sla_multiplier": 1.0, "crew_multiplier": 1.0, "method": "random", "seed": 301, "feasible": 1, "wwt": 2019.5431999999998, "makespan": 95.0795, "mean_flow": 5.18979225, "breach_share": 0.0475, "breach_p1": 0.17475728155339806, "breach_p2": 0.011904761904761904, "breach_p3": 0.0, "breach_p4": 0.0, "wall_seconds": 0.0005821301601827145}, "v2rl301": {"id": "c12_replay_400_0086", "base_id": "c12_replay_400_0086", "campus": 12, "size": 400, "condition": "baseline", "sla_multiplier": 1.0, "crew_multiplier": 1.0, "method": "v2rl301", "seed": 301, "feasible": 1, "wwt": 2012.1183999999998, "makespan": 95.0795, "mean_flow": 5.17860275, "breach_share": 0.045, "breach_p1": 0.1650485436893204, "breach_p2": 0.011904761904761904, "breach_p3": 0.0, "breach_p4": 0.0, "wall_seconds": 0.04165626177564263}, "v2rl302": {"id": "c12_replay_400_0086", "base_id": "c12_replay_400_0086", "campus": 12, "size": 400, "condition": "baseline", "sla_multiplier": 1.0, "crew_multiplier": 1.0, "method": "v2rl302", "seed": 302, "feasible": 1, "wwt": 2012.1183999999998, "makespan": 95.0795, "mean_flow": 5.1785422500000005, "breach_share": 0.045, "breach_p1": 0.1650485436893204, "breach_p2": 0.011904761904761904, "breach_p3": 0.0, "breach_p4": 0.0, "wall_seconds": 0.040814238134771585}, "v2rl303": {"id": "c12_replay_400_0086", "base_id": "c12_replay_400_0086", "campus": 12, "size": 400, "condition": "baseline", "sla_multiplier": 1.0, "crew_multiplier": 1.0, "method": "v2rl303", "seed": 303, "feasible": 1, "wwt": 2012.1183999999998, "makespan": 95.0795, "mean_flow": 5.1785422500000005, "breach_share": 0.045, "breach_p1": 0.1650485436893204, "breach_p2": 0.011904761904761904, "breach_p3": 0.0, "breach_p4": 0.0, "wall_seconds": 0.040874444879591465}}, "methods_expected": ["edd", "wspt", "atc", "pfifo", "mor", "random", "v2rl301", "v2rl302", "v2rl303"], "infeasible": [], "wall_seconds_total": 0.13175824796780944}