{"shard_id": "c12_replay_150_0118_m0.75", "id": "c12_replay_150_0118_m0.75", "base_id": "c12_replay_150_0118", "campus": 12, "size": 150, "condition": "crew0.75", "rows": {"edd": {"id": "c12_replay_150_0118_m0.75", "base_id": "c12_replay_150_0118", "campus": 12, "size": 150, "condition": "crew0.75", "sla_multiplier": 1.0, "crew_multiplier": 0.75, "method": "edd", "seed": 301, "feasible": 1, "wwt": 468.0, "makespan": 41.5, "mean_flow": 3.8076740000000004, "breach_share": 0.06, "breach_p1": 0.09574468085106383, "breach_p2": 0.0, "breach_p3": 0.0, "breach_p4": 0.0, "wall_seconds": 0.0003043408505618572}, "wspt": {"id": "c12_replay_150_0118_m0.75", "base_id": "c12_replay_150_0118", "campus": 12, "size": 150, "condition": "crew0.75", "sla_multiplier": 1.0, "crew_multiplier": 0.75, "method": "wspt", "seed": 301, "feasible": 1, "wwt": 516.0, "makespan": 41.5, "mean_flow": 3.7460073333333335, "breach_share": 0.06, "breach_p1": 0.09574468085106383, "breach_p2": 0.0, "breach_p3": 0.0, "breach_p4": 0.0, "wall_seconds": 0.0003229561261832714}, "atc": {"id": "c12_replay_150_0118_m0.75", "base_id": "c12_replay_150_0118", "campus": 12, "size": 150, "condition": "crew0.75", "sla_multiplier": 1.0, "crew_multiplier": 0.75, "method": "atc", "seed": 301, "feasible": 1, "wwt": 524.0, "makespan": 41.5, "mean_flow": 3.7526740000000003, "breach_share": 0.06, "breach_p1": 0.09574468085106383, "breach_p2": 0.0, "breach_p3": 0.0, "breach_p4": 0.0, "wall_seconds": 0.0005177422426640987}, "pfifo": {"id": "c12_replay_150_0118_m0.75", "base_id": "c12_replay_150_0118", "campus": 12, "size": 150, "condition": "crew0.75", "sla_multiplier": 1.0, "crew_multiplier": 0.75, "method": "pfifo", "seed": 301, "feasible": 1, "wwt": 468.0, "makespan": 41.5, "mean_flow": 3.8076740000000004, "breach_share": 0.06, "breach_p1": 0.09574468085106383, "breach_p2": 0.0, "breach_p3": 0.0, "breach_p4": 0.0, "wall_seconds": 0.00030700303614139557}, "mor": {"id": "c12_replay_150_0118_m0.75", "base_id": "c12_replay_150_0118", "campus": 12, "size": 150, "condition": "crew0.75", "sla_multiplier": 1.0, "crew_multiplier": 0.75, "method": "mor", "seed": 301, "feasible": 1, "wwt": 468.0, "makespan": 41.5, "mean_flow": 3.9460073333333336, "breach_share": 0.06, "breach_p1": 0.09574468085106383, "breach_p2": 0.0, "breach_p3": 0.0, "breach_p4": 0.0, "wall_seconds": 0.00030019693076610565}, "random": {"id": "c12_replay_150_0118_m0.75", "base_id": "c12_replay_150_0118", "campus": 12, "size": 150, "condition": "crew0.75", "sla_multiplier": 1.0, "crew_multiplier": 0.75, "method": "random", "seed": 301, "feasible": 1, "wwt": 468.0, "makespan": 41.5, "mean_flow": 3.844340666666667, "breach_share": 0.06, "breach_p1": 0.09574468085106383, "breach_p2": 0.0, "breach_p3": 0.0, "breach_p4": 0.0, "wall_seconds": 0.0002315230667591095}, "v2rl301": {"id": "c12_replay_150_0118_m0.75", "base_id": "c12_replay_150_0118", "campus": 12, "size": 150, "condition": "crew0.75", "sla_multiplier": 1.0, "crew_multiplier": 0.75, "method": "v2rl301", "seed": 301, "feasible": 1, "wwt": 468.0, "makespan": 41.5, "mean_flow": 3.9426740000000002, "breach_share": 0.06, "breach_p1": 0.09574468085106383, "breach_p2": 0.0, "breach_p3": 0.0, "breach_p4": 0.0, "wall_seconds": 0.016409175004810095}, "v2rl302": {"id": "c12_replay_150_0118_m0.75", "base_id": "c12_replay_150_0118", "campus": 12, "size": 150, "condition": "crew0.75", "sla_multiplier": 1.0, "crew_multiplier": 0.75, "method": "v2rl302", "seed": 302, "feasible": 1, "wwt": 468.0, "makespan": 41.5, "mean_flow": 3.7760073333333337, "breach_share": 0.06, "breach_p1": 0.09574468085106383, "breach_p2": 0.0, "breach_p3": 0.0, "breach_p4": 0.0, "wall_seconds": 0.01595401670783758}, "v2rl303": {"id": "c12_replay_150_0118_m0.75", "base_id": "c12_replay_150_0118", "campus": 12, "size": 150, "condition": "crew0.75", "sla_multiplier": 1.0, "crew_multiplier": 0.75, "method": "v2rl303", "seed": 303, "feasible": 1, "wwt": 468.0, "makespan": 41.5, "mean_flow": 3.9460073333333336, "breach_share": 0.06, "breach_p1": 0.09574468085106383, "breach_p2": 0.0, "breach_p3": 0.0, "breach_p4": 0.0, "wall_seconds": 0.01628735801205039}}, "methods_expected": ["edd", "wspt", "atc", "pfifo", "mor", "random", "v2rl301", "v2rl302", "v2rl303"], "infeasible": [], "wall_seconds_total": 0.05288641434162855}