{"shard_id": "c12_replay_400_0070", "id": "c12_replay_400_0070", "base_id": "c12_replay_400_0070", "campus": 12, "size": 400, "condition": "baseline", "rows": {"edd": {"id": "c12_replay_400_0070", "base_id": "c12_replay_400_0070", "campus": 12, "size": 400, "condition": "baseline", "sla_multiplier": 1.0, "crew_multiplier": 1.0, "method": "edd", "seed": 301, "feasible": 1, "wwt": 3959.5512, "makespan": 112.0276, "mean_flow": 6.579899499999999, "breach_share": 0.0675, "breach_p1": 0.14942528735632185, "breach_p2": 0.02040816326530612, "breach_p3": 0.0, "breach_p4": 0.0, "wall_seconds": 0.000720013864338398}, "wspt": {"id": "c12_replay_400_0070", "base_id": "c12_replay_400_0070", "campus": 12, "size": 400, "condition": "baseline", "sla_multiplier": 1.0, "crew_multiplier": 1.0, "method": "wspt", "seed": 301, "feasible": 1, "wwt": 4003.5512, "makespan": 112.0276, "mean_flow": 6.554610749999999, "breach_share": 0.0675, "breach_p1": 0.14942528735632185, "breach_p2": 0.02040816326530612, "breach_p3": 0.0, "breach_p4": 0.0, "wall_seconds": 0.0007341750897467136}, "atc": {"id": "c12_replay_400_0070", "base_id": "c12_replay_400_0070", "campus": 12, "size": 400, "condition": "baseline", "sla_multiplier": 1.0, "crew_multiplier": 1.0, "method": "atc", "seed": 301, "feasible": 1, "wwt": 3995.5512, "makespan": 112.0276, "mean_flow": 6.554610749999999, "breach_share": 0.0675, "breach_p1": 0.14942528735632185, "breach_p2": 0.02040816326530612, "breach_p3": 0.0, "breach_p4": 0.0, "wall_seconds": 0.0011258251033723354}, "pfifo": {"id": "c12_replay_400_0070", "base_id": "c12_replay_400_0070", "campus": 12, "size": 400, "condition": "baseline", "sla_multiplier": 1.0, "crew_multiplier": 1.0, "method": "pfifo", "seed": 301, "feasible": 1, "wwt": 3959.5512, "makespan": 112.0276, "mean_flow": 6.579899499999999, "breach_share": 0.0675, "breach_p1": 0.14942528735632185, "breach_p2": 0.02040816326530612, "breach_p3": 0.0, "breach_p4": 0.0, "wall_seconds": 0.0007122238166630268}, "mor": {"id": "c12_replay_400_0070", "base_id": "c12_replay_400_0070", "campus": 12, "size": 400, "condition": "baseline", "sla_multiplier": 1.0, "crew_multiplier": 1.0, "method": "mor", "seed": 301, "feasible": 1, "wwt": 3903.5512, "makespan": 112.0276, "mean_flow": 6.788418750000001, "breach_share": 0.0675, "breach_p1": 0.14942528735632185, "breach_p2": 0.02040816326530612, "breach_p3": 0.0, "breach_p4": 0.0, "wall_seconds": 0.0007182573899626732}, "random": {"id": "c12_replay_400_0070", "base_id": "c12_replay_400_0070", "campus": 12, "size": 400, "condition": "baseline", "sla_multiplier": 1.0, "crew_multiplier": 1.0, "method": "random", "seed": 301, "feasible": 1, "wwt": 3957.8552, "makespan": 112.0276, "mean_flow": 6.605969, "breach_share": 0.07, "breach_p1": 0.15517241379310345, "breach_p2": 0.02040816326530612, "breach_p3": 0.0, "breach_p4": 0.0, "wall_seconds": 0.0005831951275467873}, "v2rl301": {"id": "c12_replay_400_0070", "base_id": "c12_replay_400_0070", "campus": 12, "size": 400, "condition": "baseline", "sla_multiplier": 1.0, "crew_multiplier": 1.0, "method": "v2rl301", "seed": 301, "feasible": 1, "wwt": 3903.5512, "makespan": 112.0276, "mean_flow": 6.700570250000001, "breach_share": 0.0675, "breach_p1": 0.14942528735632185, "breach_p2": 0.02040816326530612, "breach_p3": 0.0, "breach_p4": 0.0, "wall_seconds": 0.04297545878216624}, "v2rl302": {"id": "c12_replay_400_0070", "base_id": "c12_replay_400_0070", "campus": 12, "size": 400, "condition": "baseline", "sla_multiplier": 1.0, "crew_multiplier": 1.0, "method": "v2rl302", "seed": 302, "feasible": 1, "wwt": 3903.5512, "makespan": 112.0276, "mean_flow": 6.60657375, "breach_share": 0.0675, "breach_p1": 0.14942528735632185, "breach_p2": 0.02040816326530612, "breach_p3": 0.0, "breach_p4": 0.0, "wall_seconds": 0.04209815617650747}, "v2rl303": {"id": "c12_replay_400_0070", "base_id": "c12_replay_400_0070", "campus": 12, "size": 400, "condition": "baseline", "sla_multiplier": 1.0, "crew_multiplier": 1.0, "method": "v2rl303", "seed": 303, "feasible": 1, "wwt": 3903.5512, "makespan": 112.0276, "mean_flow": 6.700570250000001, "breach_share": 0.0675, "breach_p1": 0.14942528735632185, "breach_p2": 0.02040816326530612, "breach_p3": 0.0, "breach_p4": 0.0, "wall_seconds": 0.04242130694910884}}, "methods_expected": ["edd", "wspt", "atc", "pfifo", "mor", "random", "v2rl301", "v2rl302", "v2rl303"], "infeasible": [], "wall_seconds_total": 0.13584527606144547}