{"shard_id": "c12_replay_400_0082_sla1.5", "id": "c12_replay_400_0082_sla1.5", "base_id": "c12_replay_400_0082", "campus": 12, "size": 400, "condition": "sla1.5", "rows": {"edd": {"id": "c12_replay_400_0082_sla1.5", "base_id": "c12_replay_400_0082", "campus": 12, "size": 400, "condition": "sla1.5", "sla_multiplier": 1.5, "crew_multiplier": 1.0, "method": "edd", "seed": 301, "feasible": 1, "wwt": 123.99999999999994, "makespan": 118.40010000000001, "mean_flow": 7.3599955, "breach_share": 0.01, "breach_p1": 0.04938271604938271, "breach_p2": 0.0, "breach_p3": 0.0, "breach_p4": 0.0, "wall_seconds": 0.0006589870899915695}, "wspt": {"id": "c12_replay_400_0082_sla1.5", "base_id": "c12_replay_400_0082", "campus": 12, "size": 400, "condition": "sla1.5", "sla_multiplier": 1.5, "crew_multiplier": 1.0, "method": "wspt", "seed": 301, "feasible": 1, "wwt": 123.99999999999994, "makespan": 118.40010000000001, "mean_flow": 7.32677625, "breach_share": 0.01, "breach_p1": 0.04938271604938271, "breach_p2": 0.0, "breach_p3": 0.0, "breach_p4": 0.0, "wall_seconds": 0.0006414549425244331}, "atc": {"id": "c12_replay_400_0082_sla1.5", "base_id": "c12_replay_400_0082", "campus": 12, "size": 400, "condition": "sla1.5", "sla_multiplier": 1.5, "crew_multiplier": 1.0, "method": "atc", "seed": 301, "feasible": 1, "wwt": 123.99999999999994, "makespan": 118.40010000000001, "mean_flow": 7.32874225, "breach_share": 0.01, "breach_p1": 0.04938271604938271, "breach_p2": 0.0, "breach_p3": 0.0, "breach_p4": 0.0, "wall_seconds": 0.0008438560180366039}, "pfifo": {"id": "c12_replay_400_0082_sla1.5", "base_id": "c12_replay_400_0082", "campus": 12, "size": 400, "condition": "sla1.5", "sla_multiplier": 1.5, "crew_multiplier": 1.0, "method": "pfifo", "seed": 301, "feasible": 1, "wwt": 123.99999999999994, "makespan": 118.40010000000001, "mean_flow": 7.3599955, "breach_share": 0.01, "breach_p1": 0.04938271604938271, "breach_p2": 0.0, "breach_p3": 0.0, "breach_p4": 0.0, "wall_seconds": 0.0006288071162998676}, "mor": {"id": "c12_replay_400_0082_sla1.5", "base_id": "c12_replay_400_0082", "campus": 12, "size": 400, "condition": "sla1.5", "sla_multiplier": 1.5, "crew_multiplier": 1.0, "method": "mor", "seed": 301, "feasible": 1, "wwt": 123.99999999999994, "makespan": 115.66290000000001, "mean_flow": 7.4295332499999995, "breach_share": 0.01, "breach_p1": 0.04938271604938271, "breach_p2": 0.0, "breach_p3": 0.0, "breach_p4": 0.0, "wall_seconds": 0.0006256941705942154}, "random": {"id": "c12_replay_400_0082_sla1.5", "base_id": "c12_replay_400_0082", "campus": 12, "size": 400, "condition": "sla1.5", "sla_multiplier": 1.5, "crew_multiplier": 1.0, "method": "random", "seed": 301, "feasible": 1, "wwt": 123.99999999999994, "makespan": 117.302, "mean_flow": 7.351102249999999, "breach_share": 0.01, "breach_p1": 0.04938271604938271, "breach_p2": 0.0, "breach_p3": 0.0, "breach_p4": 0.0, "wall_seconds": 0.0005844417028129101}, "v2rl301": {"id": "c12_replay_400_0082_sla1.5", "base_id": "c12_replay_400_0082", "campus": 12, "size": 400, "condition": "sla1.5", "sla_multiplier": 1.5, "crew_multiplier": 1.0, "method": "v2rl301", "seed": 301, "feasible": 1, "wwt": 123.99999999999994, "makespan": 115.66290000000001, "mean_flow": 7.390548500000001, "breach_share": 0.01, "breach_p1": 0.04938271604938271, "breach_p2": 0.0, "breach_p3": 0.0, "breach_p4": 0.0, "wall_seconds": 0.0405359361320734}, "v2rl302": {"id": "c12_replay_400_0082_sla1.5", "base_id": "c12_replay_400_0082", "campus": 12, "size": 400, "condition": "sla1.5", "sla_multiplier": 1.5, "crew_multiplier": 1.0, "method": "v2rl302", "seed": 302, "feasible": 1, "wwt": 123.99999999999994, "makespan": 115.66290000000001, "mean_flow": 7.40313175, "breach_share": 0.01, "breach_p1": 0.04938271604938271, "breach_p2": 0.0, "breach_p3": 0.0, "breach_p4": 0.0, "wall_seconds": 0.040154748130589724}, "v2rl303": {"id": "c12_replay_400_0082_sla1.5", "base_id": "c12_replay_400_0082", "campus": 12, "size": 400, "condition": "sla1.5", "sla_multiplier": 1.5, "crew_multiplier": 1.0, "method": "v2rl303", "seed": 303, "feasible": 1, "wwt": 123.99999999999994, "makespan": 115.66290000000001, "mean_flow": 7.403644999999999, "breach_share": 0.01, "breach_p1": 0.04938271604938271, "breach_p2": 0.0, "breach_p3": 0.0, "breach_p4": 0.0, "wall_seconds": 0.04021465126425028}}, "methods_expected": ["edd", "wspt", "atc", "pfifo", "mor", "random", "v2rl301", "v2rl302", "v2rl303"], "infeasible": [], "wall_seconds_total": 0.12960311956703663}