{"shard_id": "c12_replay_400_0088_sla0.5", "id": "c12_replay_400_0088_sla0.5", "base_id": "c12_replay_400_0088", "campus": 12, "size": 400, "condition": "sla0.5", "rows": {"edd": {"id": "c12_replay_400_0088_sla0.5", "base_id": "c12_replay_400_0088", "campus": 12, "size": 400, "condition": "sla0.5", "sla_multiplier": 0.5, "crew_multiplier": 1.0, "method": "edd", "seed": 301, "feasible": 1, "wwt": 1345.6, "makespan": 77.0, "mean_flow": 3.7606852500000003, "breach_share": 0.04, "breach_p1": 0.24074074074074073, "breach_p2": 0.047619047619047616, "breach_p3": 0.008928571428571428, "breach_p4": 0.0, "wall_seconds": 0.0007685460150241852}, "wspt": {"id": "c12_replay_400_0088_sla0.5", "base_id": "c12_replay_400_0088", "campus": 12, "size": 400, "condition": "sla0.5", "sla_multiplier": 0.5, "crew_multiplier": 1.0, "method": "wspt", "seed": 301, "feasible": 1, "wwt": 1371.6, "makespan": 78.0, "mean_flow": 3.620294, "breach_share": 0.04, "breach_p1": 0.24074074074074073, "breach_p2": 0.047619047619047616, "breach_p3": 0.008928571428571428, "breach_p4": 0.0, "wall_seconds": 0.0007603475823998451}, "atc": {"id": "c12_replay_400_0088_sla0.5", "base_id": "c12_replay_400_0088", "campus": 12, "size": 400, "condition": "sla0.5", "sla_multiplier": 0.5, "crew_multiplier": 1.0, "method": "atc", "seed": 301, "feasible": 1, "wwt": 1345.6, "makespan": 77.0, "mean_flow": 3.7190087500000004, "breach_share": 0.04, "breach_p1": 0.24074074074074073, "breach_p2": 0.047619047619047616, "breach_p3": 0.008928571428571428, "breach_p4": 0.0, "wall_seconds": 0.001179128885269165}, "pfifo": {"id": "c12_replay_400_0088_sla0.5", "base_id": "c12_replay_400_0088", "campus": 12, "size": 400, "condition": "sla0.5", "sla_multiplier": 0.5, "crew_multiplier": 1.0, "method": "pfifo", "seed": 301, "feasible": 1, "wwt": 1345.6, "makespan": 77.0, "mean_flow": 3.7606852500000003, "breach_share": 0.04, "breach_p1": 0.24074074074074073, "breach_p2": 0.047619047619047616, "breach_p3": 0.008928571428571428, "breach_p4": 0.0, "wall_seconds": 0.0007307343184947968}, "mor": {"id": "c12_replay_400_0088_sla0.5", "base_id": "c12_replay_400_0088", "campus": 12, "size": 400, "condition": "sla0.5", "sla_multiplier": 0.5, "crew_multiplier": 1.0, "method": "mor", "seed": 301, "feasible": 1, "wwt": 1350.1111999999998, "makespan": 77.0, "mean_flow": 3.94614325, "breach_share": 0.0425, "breach_p1": 0.25925925925925924, "breach_p2": 0.047619047619047616, "breach_p3": 0.008928571428571428, "breach_p4": 0.0, "wall_seconds": 0.0007487041875720024}, "random": {"id": "c12_replay_400_0088_sla0.5", "base_id": "c12_replay_400_0088", "campus": 12, "size": 400, "condition": "sla0.5", "sla_multiplier": 0.5, "crew_multiplier": 1.0, "method": "random", "seed": 301, "feasible": 1, "wwt": 1367.6, "makespan": 77.0, "mean_flow": 3.7122212500000002, "breach_share": 0.0425, "breach_p1": 0.25925925925925924, "breach_p2": 0.047619047619047616, "breach_p3": 0.008928571428571428, "breach_p4": 0.0, "wall_seconds": 0.0006289239972829819}, "v2rl301": {"id": "c12_replay_400_0088_sla0.5", "base_id": "c12_replay_400_0088", "campus": 12, "size": 400, "condition": "sla0.5", "sla_multiplier": 0.5, "crew_multiplier": 1.0, "method": "v2rl301", "seed": 301, "feasible": 1, "wwt": 1346.1111999999998, "makespan": 77.0, "mean_flow": 3.8691087500000005, "breach_share": 0.04, "breach_p1": 0.24074074074074073, "breach_p2": 0.047619047619047616, "breach_p3": 0.008928571428571428, "breach_p4": 0.0, "wall_seconds": 0.04329224722459912}, "v2rl302": {"id": "c12_replay_400_0088_sla0.5", "base_id": "c12_replay_400_0088", "campus": 12, "size": 400, "condition": "sla0.5", "sla_multiplier": 0.5, "crew_multiplier": 1.0, "method": "v2rl302", "seed": 302, "feasible": 1, "wwt": 1346.1111999999998, "makespan": 77.0, "mean_flow": 3.8535900000000005, "breach_share": 0.04, "breach_p1": 0.24074074074074073, "breach_p2": 0.047619047619047616, "breach_p3": 0.008928571428571428, "breach_p4": 0.0, "wall_seconds": 0.04252226883545518}, "v2rl303": {"id": "c12_replay_400_0088_sla0.5", "base_id": "c12_replay_400_0088", "campus": 12, "size": 400, "condition": "sla0.5", "sla_multiplier": 0.5, "crew_multiplier": 1.0, "method": "v2rl303", "seed": 303, "feasible": 1, "wwt": 1345.6, "makespan": 77.0, "mean_flow": 3.8235810000000003, "breach_share": 0.04, "breach_p1": 0.24074074074074073, "breach_p2": 0.047619047619047616, "breach_p3": 0.008928571428571428, "breach_p4": 0.0, "wall_seconds": 0.04304528096690774}}, "methods_expected": ["edd", "wspt", "atc", "pfifo", "mor", "random", "v2rl301", "v2rl302", "v2rl303"], "infeasible": [], "wall_seconds_total": 0.13842444820329547}