{"shard_id": "c12_replay_150_0110", "id": "c12_replay_150_0110", "base_id": "c12_replay_150_0110", "campus": 12, "size": 150, "condition": "baseline", "rows": {"edd": {"id": "c12_replay_150_0110", "base_id": "c12_replay_150_0110", "campus": 12, "size": 150, "condition": "baseline", "sla_multiplier": 1.0, "crew_multiplier": 1.0, "method": "edd", "seed": 301, "feasible": 1, "wwt": 2704.1184, "makespan": 99.8648, "mean_flow": 7.443105999999999, "breach_share": 0.09333333333333334, "breach_p1": 0.1590909090909091, "breach_p2": 0.0, "breach_p3": 0.0, "breach_p4": 0.0, "wall_seconds": 0.00036653876304626465}, "wspt": {"id": "c12_replay_150_0110", "base_id": "c12_replay_150_0110", "campus": 12, "size": 150, "condition": "baseline", "sla_multiplier": 1.0, "crew_multiplier": 1.0, "method": "wspt", "seed": 301, "feasible": 1, "wwt": 2748.1184, "makespan": 100.8648, "mean_flow": 7.399732, "breach_share": 0.09333333333333334, "breach_p1": 0.1590909090909091, "breach_p2": 0.0, "breach_p3": 0.0, "breach_p4": 0.0, "wall_seconds": 0.00038886861875653267}, "atc": {"id": "c12_replay_150_0110", "base_id": "c12_replay_150_0110", "campus": 12, "size": 150, "condition": "baseline", "sla_multiplier": 1.0, "crew_multiplier": 1.0, "method": "atc", "seed": 301, "feasible": 1, "wwt": 2740.1184, "makespan": 100.8648, "mean_flow": 7.399732, "breach_share": 0.09333333333333334, "breach_p1": 0.1590909090909091, "breach_p2": 0.0, "breach_p3": 0.0, "breach_p4": 0.0, "wall_seconds": 0.0006699822843074799}, "pfifo": {"id": "c12_replay_150_0110", "base_id": "c12_replay_150_0110", "campus": 12, "size": 150, "condition": "baseline", "sla_multiplier": 1.0, "crew_multiplier": 1.0, "method": "pfifo", "seed": 301, "feasible": 1, "wwt": 2704.1184, "makespan": 99.8648, "mean_flow": 7.443105999999999, "breach_share": 0.09333333333333334, "breach_p1": 0.1590909090909091, "breach_p2": 0.0, "breach_p3": 0.0, "breach_p4": 0.0, "wall_seconds": 0.0003626677207648754}, "mor": {"id": "c12_replay_150_0110", "base_id": "c12_replay_150_0110", "campus": 12, "size": 150, "condition": "baseline", "sla_multiplier": 1.0, "crew_multiplier": 1.0, "method": "mor", "seed": 301, "feasible": 1, "wwt": 2648.1184, "makespan": 98.8648, "mean_flow": 7.836864666666667, "breach_share": 0.09333333333333334, "breach_p1": 0.1590909090909091, "breach_p2": 0.0, "breach_p3": 0.0, "breach_p4": 0.0, "wall_seconds": 0.00036898115649819374}, "random": {"id": "c12_replay_150_0110", "base_id": "c12_replay_150_0110", "campus": 12, "size": 150, "condition": "baseline", "sla_multiplier": 1.0, "crew_multiplier": 1.0, "method": "random", "seed": 301, "feasible": 1, "wwt": 2701.5848, "makespan": 98.8648, "mean_flow": 7.493106000000001, "breach_share": 0.1, "breach_p1": 0.17045454545454544, "breach_p2": 0.0, "breach_p3": 0.0, "breach_p4": 0.0, "wall_seconds": 0.0002557709813117981}, "v2rl301": {"id": "c12_replay_150_0110", "base_id": "c12_replay_150_0110", "campus": 12, "size": 150, "condition": "baseline", "sla_multiplier": 1.0, "crew_multiplier": 1.0, "method": "v2rl301", "seed": 301, "feasible": 1, "wwt": 2648.1184, "makespan": 98.8648, "mean_flow": 7.7128739999999985, "breach_share": 0.09333333333333334, "breach_p1": 0.1590909090909091, "breach_p2": 0.0, "breach_p3": 0.0, "breach_p4": 0.0, "wall_seconds": 0.01735450280830264}, "v2rl302": {"id": "c12_replay_150_0110", "base_id": "c12_replay_150_0110", "campus": 12, "size": 150, "condition": "baseline", "sla_multiplier": 1.0, "crew_multiplier": 1.0, "method": "v2rl302", "seed": 302, "feasible": 1, "wwt": 2648.1184, "makespan": 98.8648, "mean_flow": 7.469772666666666, "breach_share": 0.09333333333333334, "breach_p1": 0.1590909090909091, "breach_p2": 0.0, "breach_p3": 0.0, "breach_p4": 0.0, "wall_seconds": 0.017268197145313025}, "v2rl303": {"id": "c12_replay_150_0110", "base_id": "c12_replay_150_0110", "campus": 12, "size": 150, "condition": "baseline", "sla_multiplier": 1.0, "crew_multiplier": 1.0, "method": "v2rl303", "seed": 303, "feasible": 1, "wwt": 2648.1184000000003, "makespan": 98.8648, "mean_flow": 7.7128739999999985, "breach_share": 0.09333333333333334, "breach_p1": 0.1590909090909091, "breach_p2": 0.0, "breach_p3": 0.0, "breach_p4": 0.0, "wall_seconds": 0.01745779300108552}}, "methods_expected": ["edd", "wspt", "atc", "pfifo", "mor", "random", "v2rl301", "v2rl302", "v2rl303"], "infeasible": [], "wall_seconds_total": 0.056326720863580704}