{"shard_id": "c12_replay_150_0106", "id": "c12_replay_150_0106", "base_id": "c12_replay_150_0106", "campus": 12, "size": 150, "condition": "baseline", "rows": {"edd": {"id": "c12_replay_150_0106", "base_id": "c12_replay_150_0106", "campus": 12, "size": 150, "condition": "baseline", "sla_multiplier": 1.0, "crew_multiplier": 1.0, "method": "edd", "seed": 301, "feasible": 1, "wwt": 144.0, "makespan": 90.8648, "mean_flow": 4.832432000000001, "breach_share": 0.02666666666666667, "breach_p1": 0.06818181818181818, "breach_p2": 0.04, "breach_p3": 0.0, "breach_p4": 0.0, "wall_seconds": 0.00029761577025055885}, "wspt": {"id": "c12_replay_150_0106", "base_id": "c12_replay_150_0106", "campus": 12, "size": 150, "condition": "baseline", "sla_multiplier": 1.0, "crew_multiplier": 1.0, "method": "wspt", "seed": 301, "feasible": 1, "wwt": 144.0, "makespan": 90.8648, "mean_flow": 4.832432000000001, "breach_share": 0.02666666666666667, "breach_p1": 0.06818181818181818, "breach_p2": 0.04, "breach_p3": 0.0, "breach_p4": 0.0, "wall_seconds": 0.0002901032567024231}, "atc": {"id": "c12_replay_150_0106", "base_id": "c12_replay_150_0106", "campus": 12, "size": 150, "condition": "baseline", "sla_multiplier": 1.0, "crew_multiplier": 1.0, "method": "atc", "seed": 301, "feasible": 1, "wwt": 144.0, "makespan": 90.8648, "mean_flow": 4.832432000000001, "breach_share": 0.02666666666666667, "breach_p1": 0.06818181818181818, "breach_p2": 0.04, "breach_p3": 0.0, "breach_p4": 0.0, "wall_seconds": 0.0003789179027080536}, "pfifo": {"id": "c12_replay_150_0106", "base_id": "c12_replay_150_0106", "campus": 12, "size": 150, "condition": "baseline", "sla_multiplier": 1.0, "crew_multiplier": 1.0, "method": "pfifo", "seed": 301, "feasible": 1, "wwt": 144.0, "makespan": 90.8648, "mean_flow": 4.832432000000001, "breach_share": 0.02666666666666667, "breach_p1": 0.06818181818181818, "breach_p2": 0.04, "breach_p3": 0.0, "breach_p4": 0.0, "wall_seconds": 0.0002821800298988819}, "mor": {"id": "c12_replay_150_0106", "base_id": "c12_replay_150_0106", "campus": 12, "size": 150, "condition": "baseline", "sla_multiplier": 1.0, "crew_multiplier": 1.0, "method": "mor", "seed": 301, "feasible": 1, "wwt": 144.0, "makespan": 90.8648, "mean_flow": 4.832432000000001, "breach_share": 0.02666666666666667, "breach_p1": 0.06818181818181818, "breach_p2": 0.04, "breach_p3": 0.0, "breach_p4": 0.0, "wall_seconds": 0.0002731550484895706}, "random": {"id": "c12_replay_150_0106", "base_id": "c12_replay_150_0106", "campus": 12, "size": 150, "condition": "baseline", "sla_multiplier": 1.0, "crew_multiplier": 1.0, "method": "random", "seed": 301, "feasible": 1, "wwt": 144.0, "makespan": 90.8648, "mean_flow": 4.832432000000001, "breach_share": 0.02666666666666667, "breach_p1": 0.06818181818181818, "breach_p2": 0.04, "breach_p3": 0.0, "breach_p4": 0.0, "wall_seconds": 0.000252316240221262}, "v2rl301": {"id": "c12_replay_150_0106", "base_id": "c12_replay_150_0106", "campus": 12, "size": 150, "condition": "baseline", "sla_multiplier": 1.0, "crew_multiplier": 1.0, "method": "v2rl301", "seed": 301, "feasible": 1, "wwt": 144.0, "makespan": 90.8648, "mean_flow": 4.832432000000001, "breach_share": 0.02666666666666667, "breach_p1": 0.06818181818181818, "breach_p2": 0.04, "breach_p3": 0.0, "breach_p4": 0.0, "wall_seconds": 0.01569184008985758}, "v2rl302": {"id": "c12_replay_150_0106", "base_id": "c12_replay_150_0106", "campus": 12, "size": 150, "condition": "baseline", "sla_multiplier": 1.0, "crew_multiplier": 1.0, "method": "v2rl302", "seed": 302, "feasible": 1, "wwt": 144.0, "makespan": 90.8648, "mean_flow": 4.832432000000001, "breach_share": 0.02666666666666667, "breach_p1": 0.06818181818181818, "breach_p2": 0.04, "breach_p3": 0.0, "breach_p4": 0.0, "wall_seconds": 0.015302151907235384}, "v2rl303": {"id": "c12_replay_150_0106", "base_id": "c12_replay_150_0106", "campus": 12, "size": 150, "condition": "baseline", "sla_multiplier": 1.0, "crew_multiplier": 1.0, "method": "v2rl303", "seed": 303, "feasible": 1, "wwt": 144.0, "makespan": 90.8648, "mean_flow": 4.832432000000001, "breach_share": 0.02666666666666667, "breach_p1": 0.06818181818181818, "breach_p2": 0.04, "breach_p3": 0.0, "breach_p4": 0.0, "wall_seconds": 0.015323241241276264}}, "methods_expected": ["edd", "wspt", "atc", "pfifo", "mor", "random", "v2rl301", "v2rl302", "v2rl303"], "infeasible": [], "wall_seconds_total": 0.04993271827697754}