{"shard_id": "c12_replay_150_0123", "id": "c12_replay_150_0123", "base_id": "c12_replay_150_0123", "campus": 12, "size": 150, "condition": "baseline", "rows": {"edd": {"id": "c12_replay_150_0123", "base_id": "c12_replay_150_0123", "campus": 12, "size": 150, "condition": "baseline", "sla_multiplier": 1.0, "crew_multiplier": 1.0, "method": "edd", "seed": 301, "feasible": 1, "wwt": 482.0, "makespan": 90.8648, "mean_flow": 5.746962666666667, "breach_share": 0.04666666666666667, "breach_p1": 0.14583333333333334, "breach_p2": 0.0, "breach_p3": 0.0, "breach_p4": 0.0, "wall_seconds": 0.00028454000130295753}, "wspt": {"id": "c12_replay_150_0123", "base_id": "c12_replay_150_0123", "campus": 12, "size": 150, "condition": "baseline", "sla_multiplier": 1.0, "crew_multiplier": 1.0, "method": "wspt", "seed": 301, "feasible": 1, "wwt": 490.0, "makespan": 90.8648, "mean_flow": 5.746962666666667, "breach_share": 0.04666666666666667, "breach_p1": 0.14583333333333334, "breach_p2": 0.0, "breach_p3": 0.0, "breach_p4": 0.0, "wall_seconds": 0.0002892958000302315}, "atc": {"id": "c12_replay_150_0123", "base_id": "c12_replay_150_0123", "campus": 12, "size": 150, "condition": "baseline", "sla_multiplier": 1.0, "crew_multiplier": 1.0, "method": "atc", "seed": 301, "feasible": 1, "wwt": 482.0, "makespan": 90.8648, "mean_flow": 5.746962666666667, "breach_share": 0.04666666666666667, "breach_p1": 0.14583333333333334, "breach_p2": 0.0, "breach_p3": 0.0, "breach_p4": 0.0, "wall_seconds": 0.0003801989369094372}, "pfifo": {"id": "c12_replay_150_0123", "base_id": "c12_replay_150_0123", "campus": 12, "size": 150, "condition": "baseline", "sla_multiplier": 1.0, "crew_multiplier": 1.0, "method": "pfifo", "seed": 301, "feasible": 1, "wwt": 482.0, "makespan": 90.8648, "mean_flow": 5.746962666666667, "breach_share": 0.04666666666666667, "breach_p1": 0.14583333333333334, "breach_p2": 0.0, "breach_p3": 0.0, "breach_p4": 0.0, "wall_seconds": 0.0002907230518758297}, "mor": {"id": "c12_replay_150_0123", "base_id": "c12_replay_150_0123", "campus": 12, "size": 150, "condition": "baseline", "sla_multiplier": 1.0, "crew_multiplier": 1.0, "method": "mor", "seed": 301, "feasible": 1, "wwt": 482.0, "makespan": 90.8648, "mean_flow": 5.747745999999999, "breach_share": 0.04666666666666667, "breach_p1": 0.14583333333333334, "breach_p2": 0.0, "breach_p3": 0.0, "breach_p4": 0.0, "wall_seconds": 0.00028627784922719}, "random": {"id": "c12_replay_150_0123", "base_id": "c12_replay_150_0123", "campus": 12, "size": 150, "condition": "baseline", "sla_multiplier": 1.0, "crew_multiplier": 1.0, "method": "random", "seed": 301, "feasible": 1, "wwt": 490.0, "makespan": 90.8648, "mean_flow": 5.746962666666667, "breach_share": 0.04666666666666667, "breach_p1": 0.14583333333333334, "breach_p2": 0.0, "breach_p3": 0.0, "breach_p4": 0.0, "wall_seconds": 0.0002471129409968853}, "v2rl301": {"id": "c12_replay_150_0123", "base_id": "c12_replay_150_0123", "campus": 12, "size": 150, "condition": "baseline", "sla_multiplier": 1.0, "crew_multiplier": 1.0, "method": "v2rl301", "seed": 301, "feasible": 1, "wwt": 482.0, "makespan": 90.8648, "mean_flow": 5.746962666666667, "breach_share": 0.04666666666666667, "breach_p1": 0.14583333333333334, "breach_p2": 0.0, "breach_p3": 0.0, "breach_p4": 0.0, "wall_seconds": 0.0157313859090209}, "v2rl302": {"id": "c12_replay_150_0123", "base_id": "c12_replay_150_0123", "campus": 12, "size": 150, "condition": "baseline", "sla_multiplier": 1.0, "crew_multiplier": 1.0, "method": "v2rl302", "seed": 302, "feasible": 1, "wwt": 482.0, "makespan": 90.8648, "mean_flow": 5.746962666666667, "breach_share": 0.04666666666666667, "breach_p1": 0.14583333333333334, "breach_p2": 0.0, "breach_p3": 0.0, "breach_p4": 0.0, "wall_seconds": 0.015224303118884563}, "v2rl303": {"id": "c12_replay_150_0123", "base_id": "c12_replay_150_0123", "campus": 12, "size": 150, "condition": "baseline", "sla_multiplier": 1.0, "crew_multiplier": 1.0, "method": "v2rl303", "seed": 303, "feasible": 1, "wwt": 482.0, "makespan": 90.8648, "mean_flow": 5.746962666666667, "breach_share": 0.04666666666666667, "breach_p1": 0.14583333333333334, "breach_p2": 0.0, "breach_p3": 0.0, "breach_p4": 0.0, "wall_seconds": 0.01526899915188551}}, "methods_expected": ["edd", "wspt", "atc", "pfifo", "mor", "random", "v2rl301", "v2rl302", "v2rl303"], "infeasible": [], "wall_seconds_total": 0.04987512994557619}