{"shard_id": "c12_replay_150_0128", "id": "c12_replay_150_0128", "base_id": "c12_replay_150_0128", "campus": 12, "size": 150, "condition": "baseline", "rows": {"edd": {"id": "c12_replay_150_0128", "base_id": "c12_replay_150_0128", "campus": 12, "size": 150, "condition": "baseline", "sla_multiplier": 1.0, "crew_multiplier": 1.0, "method": "edd", "seed": 301, "feasible": 1, "wwt": 43.45920000000001, "makespan": 92.1156, "mean_flow": 5.950629333333333, "breach_share": 0.013333333333333334, "breach_p1": 0.0, "breach_p2": 0.0, "breach_p3": 0.05405405405405406, "breach_p4": 0.0, "wall_seconds": 0.0002801083028316498}, "wspt": {"id": "c12_replay_150_0128", "base_id": "c12_replay_150_0128", "campus": 12, "size": 150, "condition": "baseline", "sla_multiplier": 1.0, "crew_multiplier": 1.0, "method": "wspt", "seed": 301, "feasible": 1, "wwt": 43.45920000000001, "makespan": 92.1156, "mean_flow": 5.950629333333333, "breach_share": 0.013333333333333334, "breach_p1": 0.0, "breach_p2": 0.0, "breach_p3": 0.05405405405405406, "breach_p4": 0.0, "wall_seconds": 0.0002693887799978256}, "atc": {"id": "c12_replay_150_0128", "base_id": "c12_replay_150_0128", "campus": 12, "size": 150, "condition": "baseline", "sla_multiplier": 1.0, "crew_multiplier": 1.0, "method": "atc", "seed": 301, "feasible": 1, "wwt": 43.45920000000001, "makespan": 92.1156, "mean_flow": 5.950629333333333, "breach_share": 0.013333333333333334, "breach_p1": 0.0, "breach_p2": 0.0, "breach_p3": 0.05405405405405406, "breach_p4": 0.0, "wall_seconds": 0.00034651532769203186}, "pfifo": {"id": "c12_replay_150_0128", "base_id": "c12_replay_150_0128", "campus": 12, "size": 150, "condition": "baseline", "sla_multiplier": 1.0, "crew_multiplier": 1.0, "method": "pfifo", "seed": 301, "feasible": 1, "wwt": 43.45920000000001, "makespan": 92.1156, "mean_flow": 5.950629333333333, "breach_share": 0.013333333333333334, "breach_p1": 0.0, "breach_p2": 0.0, "breach_p3": 0.05405405405405406, "breach_p4": 0.0, "wall_seconds": 0.0002582450397312641}, "mor": {"id": "c12_replay_150_0128", "base_id": "c12_replay_150_0128", "campus": 12, "size": 150, "condition": "baseline", "sla_multiplier": 1.0, "crew_multiplier": 1.0, "method": "mor", "seed": 301, "feasible": 1, "wwt": 43.45920000000001, "makespan": 92.1156, "mean_flow": 5.950629333333333, "breach_share": 0.013333333333333334, "breach_p1": 0.0, "breach_p2": 0.0, "breach_p3": 0.05405405405405406, "breach_p4": 0.0, "wall_seconds": 0.0002515162341296673}, "random": {"id": "c12_replay_150_0128", "base_id": "c12_replay_150_0128", "campus": 12, "size": 150, "condition": "baseline", "sla_multiplier": 1.0, "crew_multiplier": 1.0, "method": "random", "seed": 301, "feasible": 1, "wwt": 43.45920000000001, "makespan": 92.1156, "mean_flow": 5.950629333333333, "breach_share": 0.013333333333333334, "breach_p1": 0.0, "breach_p2": 0.0, "breach_p3": 0.05405405405405406, "breach_p4": 0.0, "wall_seconds": 0.0002478640526533127}, "v2rl301": {"id": "c12_replay_150_0128", "base_id": "c12_replay_150_0128", "campus": 12, "size": 150, "condition": "baseline", "sla_multiplier": 1.0, "crew_multiplier": 1.0, "method": "v2rl301", "seed": 301, "feasible": 1, "wwt": 43.45920000000001, "makespan": 92.1156, "mean_flow": 5.950629333333333, "breach_share": 0.013333333333333334, "breach_p1": 0.0, "breach_p2": 0.0, "breach_p3": 0.05405405405405406, "breach_p4": 0.0, "wall_seconds": 0.015183047857135534}, "v2rl302": {"id": "c12_replay_150_0128", "base_id": "c12_replay_150_0128", "campus": 12, "size": 150, "condition": "baseline", "sla_multiplier": 1.0, "crew_multiplier": 1.0, "method": "v2rl302", "seed": 302, "feasible": 1, "wwt": 43.45920000000001, "makespan": 92.1156, "mean_flow": 5.950629333333333, "breach_share": 0.013333333333333334, "breach_p1": 0.0, "breach_p2": 0.0, "breach_p3": 0.05405405405405406, "breach_p4": 0.0, "wall_seconds": 0.014786847867071629}, "v2rl303": {"id": "c12_replay_150_0128", "base_id": "c12_replay_150_0128", "campus": 12, "size": 150, "condition": "baseline", "sla_multiplier": 1.0, "crew_multiplier": 1.0, "method": "v2rl303", "seed": 303, "feasible": 1, "wwt": 43.45920000000001, "makespan": 92.1156, "mean_flow": 5.950629333333333, "breach_share": 0.013333333333333334, "breach_p1": 0.0, "breach_p2": 0.0, "breach_p3": 0.05405405405405406, "breach_p4": 0.0, "wall_seconds": 0.015076458919793367}}, "methods_expected": ["edd", "wspt", "atc", "pfifo", "mor", "random", "v2rl301", "v2rl302", "v2rl303"], "infeasible": [], "wall_seconds_total": 0.04855917487293482}