{"shard_id": "c12_replay_400_0060_sla1.5", "id": "c12_replay_400_0060_sla1.5", "base_id": "c12_replay_400_0060", "campus": 12, "size": 400, "condition": "sla1.5", "rows": {"edd": {"id": "c12_replay_400_0060_sla1.5", "base_id": "c12_replay_400_0060", "campus": 12, "size": 400, "condition": "sla1.5", "sla_multiplier": 1.5, "crew_multiplier": 1.0, "method": "edd", "seed": 301, "feasible": 1, "wwt": 899.4592, "makespan": 115.2942, "mean_flow": 7.10717575, "breach_share": 0.025, "breach_p1": 0.10714285714285714, "breach_p2": 0.021739130434782608, "breach_p3": 0.0, "breach_p4": 0.0, "wall_seconds": 0.0006547779776155949}, "wspt": {"id": "c12_replay_400_0060_sla1.5", "base_id": "c12_replay_400_0060", "campus": 12, "size": 400, "condition": "sla1.5", "sla_multiplier": 1.5, "crew_multiplier": 1.0, "method": "wspt", "seed": 301, "feasible": 1, "wwt": 899.4592, "makespan": 115.2942, "mean_flow": 7.10717575, "breach_share": 0.025, "breach_p1": 0.10714285714285714, "breach_p2": 0.021739130434782608, "breach_p3": 0.0, "breach_p4": 0.0, "wall_seconds": 0.0006349780596792698}, "atc": {"id": "c12_replay_400_0060_sla1.5", "base_id": "c12_replay_400_0060", "campus": 12, "size": 400, "condition": "sla1.5", "sla_multiplier": 1.5, "crew_multiplier": 1.0, "method": "atc", "seed": 301, "feasible": 1, "wwt": 899.4592, "makespan": 115.2942, "mean_flow": 7.10717575, "breach_share": 0.025, "breach_p1": 0.10714285714285714, "breach_p2": 0.021739130434782608, "breach_p3": 0.0, "breach_p4": 0.0, "wall_seconds": 0.0007945657707750797}, "pfifo": {"id": "c12_replay_400_0060_sla1.5", "base_id": "c12_replay_400_0060", "campus": 12, "size": 400, "condition": "sla1.5", "sla_multiplier": 1.5, "crew_multiplier": 1.0, "method": "pfifo", "seed": 301, "feasible": 1, "wwt": 899.4592, "makespan": 115.2942, "mean_flow": 7.10717575, "breach_share": 0.025, "breach_p1": 0.10714285714285714, "breach_p2": 0.021739130434782608, "breach_p3": 0.0, "breach_p4": 0.0, "wall_seconds": 0.0006221141666173935}, "mor": {"id": "c12_replay_400_0060_sla1.5", "base_id": "c12_replay_400_0060", "campus": 12, "size": 400, "condition": "sla1.5", "sla_multiplier": 1.5, "crew_multiplier": 1.0, "method": "mor", "seed": 301, "feasible": 1, "wwt": 899.4592, "makespan": 115.2942, "mean_flow": 7.10717575, "breach_share": 0.025, "breach_p1": 0.10714285714285714, "breach_p2": 0.021739130434782608, "breach_p3": 0.0, "breach_p4": 0.0, "wall_seconds": 0.0006171218119561672}, "random": {"id": "c12_replay_400_0060_sla1.5", "base_id": "c12_replay_400_0060", "campus": 12, "size": 400, "condition": "sla1.5", "sla_multiplier": 1.5, "crew_multiplier": 1.0, "method": "random", "seed": 301, "feasible": 1, "wwt": 899.4592, "makespan": 115.2942, "mean_flow": 7.10717575, "breach_share": 0.025, "breach_p1": 0.10714285714285714, "breach_p2": 0.021739130434782608, "breach_p3": 0.0, "breach_p4": 0.0, "wall_seconds": 0.0005829040892422199}, "v2rl301": {"id": "c12_replay_400_0060_sla1.5", "base_id": "c12_replay_400_0060", "campus": 12, "size": 400, "condition": "sla1.5", "sla_multiplier": 1.5, "crew_multiplier": 1.0, "method": "v2rl301", "seed": 301, "feasible": 1, "wwt": 899.4592, "makespan": 115.2942, "mean_flow": 7.10717575, "breach_share": 0.025, "breach_p1": 0.10714285714285714, "breach_p2": 0.021739130434782608, "breach_p3": 0.0, "breach_p4": 0.0, "wall_seconds": 0.040495471097528934}, "v2rl302": {"id": "c12_replay_400_0060_sla1.5", "base_id": "c12_replay_400_0060", "campus": 12, "size": 400, "condition": "sla1.5", "sla_multiplier": 1.5, "crew_multiplier": 1.0, "method": "v2rl302", "seed": 302, "feasible": 1, "wwt": 899.4592, "makespan": 115.2942, "mean_flow": 7.10717575, "breach_share": 0.025, "breach_p1": 0.10714285714285714, "breach_p2": 0.021739130434782608, "breach_p3": 0.0, "breach_p4": 0.0, "wall_seconds": 0.040818915236741304}, "v2rl303": {"id": "c12_replay_400_0060_sla1.5", "base_id": "c12_replay_400_0060", "campus": 12, "size": 400, "condition": "sla1.5", "sla_multiplier": 1.5, "crew_multiplier": 1.0, "method": "v2rl303", "seed": 303, "feasible": 1, "wwt": 899.4592, "makespan": 115.2942, "mean_flow": 7.10717575, "breach_share": 0.025, "breach_p1": 0.10714285714285714, "breach_p2": 0.021739130434782608, "breach_p3": 0.0, "breach_p4": 0.0, "wall_seconds": 0.040571087040007114}}, "methods_expected": ["edd", "wspt", "atc", "pfifo", "mor", "random", "v2rl301", "v2rl302", "v2rl303"], "infeasible": [], "wall_seconds_total": 0.1304925950244069}