{"shard_id": "c12_replay_150_0128_m0.75", "id": "c12_replay_150_0128_m0.75", "base_id": "c12_replay_150_0128", "campus": 12, "size": 150, "condition": "crew0.75", "rows": {"edd": {"id": "c12_replay_150_0128_m0.75", "base_id": "c12_replay_150_0128", "campus": 12, "size": 150, "condition": "crew0.75", "sla_multiplier": 1.0, "crew_multiplier": 0.75, "method": "edd", "seed": 301, "feasible": 1, "wwt": 43.45920000000001, "makespan": 92.1156, "mean_flow": 5.955157333333333, "breach_share": 0.013333333333333334, "breach_p1": 0.0, "breach_p2": 0.0, "breach_p3": 0.05405405405405406, "breach_p4": 0.0, "wall_seconds": 0.00030454574152827263}, "wspt": {"id": "c12_replay_150_0128_m0.75", "base_id": "c12_replay_150_0128", "campus": 12, "size": 150, "condition": "crew0.75", "sla_multiplier": 1.0, "crew_multiplier": 0.75, "method": "wspt", "seed": 301, "feasible": 1, "wwt": 43.45920000000001, "makespan": 92.1156, "mean_flow": 5.955157333333333, "breach_share": 0.013333333333333334, "breach_p1": 0.0, "breach_p2": 0.0, "breach_p3": 0.05405405405405406, "breach_p4": 0.0, "wall_seconds": 0.0002578236162662506}, "atc": {"id": "c12_replay_150_0128_m0.75", "base_id": "c12_replay_150_0128", "campus": 12, "size": 150, "condition": "crew0.75", "sla_multiplier": 1.0, "crew_multiplier": 0.75, "method": "atc", "seed": 301, "feasible": 1, "wwt": 43.45920000000001, "makespan": 92.1156, "mean_flow": 5.955157333333333, "breach_share": 0.013333333333333334, "breach_p1": 0.0, "breach_p2": 0.0, "breach_p3": 0.05405405405405406, "breach_p4": 0.0, "wall_seconds": 0.00030321208760142326}, "pfifo": {"id": "c12_replay_150_0128_m0.75", "base_id": "c12_replay_150_0128", "campus": 12, "size": 150, "condition": "crew0.75", "sla_multiplier": 1.0, "crew_multiplier": 0.75, "method": "pfifo", "seed": 301, "feasible": 1, "wwt": 43.45920000000001, "makespan": 92.1156, "mean_flow": 5.955157333333333, "breach_share": 0.013333333333333334, "breach_p1": 0.0, "breach_p2": 0.0, "breach_p3": 0.05405405405405406, "breach_p4": 0.0, "wall_seconds": 0.0002425108104944229}, "mor": {"id": "c12_replay_150_0128_m0.75", "base_id": "c12_replay_150_0128", "campus": 12, "size": 150, "condition": "crew0.75", "sla_multiplier": 1.0, "crew_multiplier": 0.75, "method": "mor", "seed": 301, "feasible": 1, "wwt": 43.45920000000001, "makespan": 92.1156, "mean_flow": 5.955385333333334, "breach_share": 0.013333333333333334, "breach_p1": 0.0, "breach_p2": 0.0, "breach_p3": 0.05405405405405406, "breach_p4": 0.0, "wall_seconds": 0.0002442002296447754}, "random": {"id": "c12_replay_150_0128_m0.75", "base_id": "c12_replay_150_0128", "campus": 12, "size": 150, "condition": "crew0.75", "sla_multiplier": 1.0, "crew_multiplier": 0.75, "method": "random", "seed": 301, "feasible": 1, "wwt": 43.45920000000001, "makespan": 92.1156, "mean_flow": 5.955581333333334, "breach_share": 0.013333333333333334, "breach_p1": 0.0, "breach_p2": 0.0, "breach_p3": 0.05405405405405406, "breach_p4": 0.0, "wall_seconds": 0.0002333647571504116}, "v2rl301": {"id": "c12_replay_150_0128_m0.75", "base_id": "c12_replay_150_0128", "campus": 12, "size": 150, "condition": "crew0.75", "sla_multiplier": 1.0, "crew_multiplier": 0.75, "method": "v2rl301", "seed": 301, "feasible": 1, "wwt": 43.45920000000001, "makespan": 92.1156, "mean_flow": 5.955157333333333, "breach_share": 0.013333333333333334, "breach_p1": 0.0, "breach_p2": 0.0, "breach_p3": 0.05405405405405406, "breach_p4": 0.0, "wall_seconds": 0.015061847865581512}, "v2rl302": {"id": "c12_replay_150_0128_m0.75", "base_id": "c12_replay_150_0128", "campus": 12, "size": 150, "condition": "crew0.75", "sla_multiplier": 1.0, "crew_multiplier": 0.75, "method": "v2rl302", "seed": 302, "feasible": 1, "wwt": 43.45920000000001, "makespan": 92.1156, "mean_flow": 5.955157333333333, "breach_share": 0.013333333333333334, "breach_p1": 0.0, "breach_p2": 0.0, "breach_p3": 0.05405405405405406, "breach_p4": 0.0, "wall_seconds": 0.015071872156113386}, "v2rl303": {"id": "c12_replay_150_0128_m0.75", "base_id": "c12_replay_150_0128", "campus": 12, "size": 150, "condition": "crew0.75", "sla_multiplier": 1.0, "crew_multiplier": 0.75, "method": "v2rl303", "seed": 303, "feasible": 1, "wwt": 43.45920000000001, "makespan": 92.1156, "mean_flow": 5.955157333333333, "breach_share": 0.013333333333333334, "breach_p1": 0.0, "breach_p2": 0.0, "breach_p3": 0.05405405405405406, "breach_p4": 0.0, "wall_seconds": 0.014996811747550964}}, "methods_expected": ["edd", "wspt", "atc", "pfifo", "mor", "random", "v2rl301", "v2rl302", "v2rl303"], "infeasible": [], "wall_seconds_total": 0.048978050239384174}