{"shard_id": "c12_replay_400_0062_m1.25", "id": "c12_replay_400_0062_m1.25", "base_id": "c12_replay_400_0062", "campus": 12, "size": 400, "condition": "crew1.25", "rows": {"edd": {"id": "c12_replay_400_0062_m1.25", "base_id": "c12_replay_400_0062", "campus": 12, "size": 400, "condition": "crew1.25", "sla_multiplier": 1.0, "crew_multiplier": 1.25, "method": "edd", "seed": 301, "feasible": 1, "wwt": 1759.848, "makespan": 106.802, "mean_flow": 5.377523000000001, "breach_share": 0.0375, "breach_p1": 0.14432989690721648, "breach_p2": 0.0, "breach_p3": 0.009345794392523364, "breach_p4": 0.0, "wall_seconds": 0.000679513905197382}, "wspt": {"id": "c12_replay_400_0062_m1.25", "base_id": "c12_replay_400_0062", "campus": 12, "size": 400, "condition": "crew1.25", "sla_multiplier": 1.0, "crew_multiplier": 1.25, "method": "wspt", "seed": 301, "feasible": 1, "wwt": 1759.848, "makespan": 106.802, "mean_flow": 5.377523000000001, "breach_share": 0.0375, "breach_p1": 0.14432989690721648, "breach_p2": 0.0, "breach_p3": 0.009345794392523364, "breach_p4": 0.0, "wall_seconds": 0.0006638658232986927}, "atc": {"id": "c12_replay_400_0062_m1.25", "base_id": "c12_replay_400_0062", "campus": 12, "size": 400, "condition": "crew1.25", "sla_multiplier": 1.0, "crew_multiplier": 1.25, "method": "atc", "seed": 301, "feasible": 1, "wwt": 1759.848, "makespan": 106.802, "mean_flow": 5.377523000000001, "breach_share": 0.0375, "breach_p1": 0.14432989690721648, "breach_p2": 0.0, "breach_p3": 0.009345794392523364, "breach_p4": 0.0, "wall_seconds": 0.0008563240990042686}, "pfifo": {"id": "c12_replay_400_0062_m1.25", "base_id": "c12_replay_400_0062", "campus": 12, "size": 400, "condition": "crew1.25", "sla_multiplier": 1.0, "crew_multiplier": 1.25, "method": "pfifo", "seed": 301, "feasible": 1, "wwt": 1759.848, "makespan": 106.802, "mean_flow": 5.377523000000001, "breach_share": 0.0375, "breach_p1": 0.14432989690721648, "breach_p2": 0.0, "breach_p3": 0.009345794392523364, "breach_p4": 0.0, "wall_seconds": 0.0006471551023423672}, "mor": {"id": "c12_replay_400_0062_m1.25", "base_id": "c12_replay_400_0062", "campus": 12, "size": 400, "condition": "crew1.25", "sla_multiplier": 1.0, "crew_multiplier": 1.25, "method": "mor", "seed": 301, "feasible": 1, "wwt": 1759.848, "makespan": 106.802, "mean_flow": 5.377523000000001, "breach_share": 0.0375, "breach_p1": 0.14432989690721648, "breach_p2": 0.0, "breach_p3": 0.009345794392523364, "breach_p4": 0.0, "wall_seconds": 0.000641851220279932}, "random": {"id": "c12_replay_400_0062_m1.25", "base_id": "c12_replay_400_0062", "campus": 12, "size": 400, "condition": "crew1.25", "sla_multiplier": 1.0, "crew_multiplier": 1.25, "method": "random", "seed": 301, "feasible": 1, "wwt": 1759.848, "makespan": 106.802, "mean_flow": 5.377523000000001, "breach_share": 0.0375, "breach_p1": 0.14432989690721648, "breach_p2": 0.0, "breach_p3": 0.009345794392523364, "breach_p4": 0.0, "wall_seconds": 0.000603869091719389}, "v2rl301": {"id": "c12_replay_400_0062_m1.25", "base_id": "c12_replay_400_0062", "campus": 12, "size": 400, "condition": "crew1.25", "sla_multiplier": 1.0, "crew_multiplier": 1.25, "method": "v2rl301", "seed": 301, "feasible": 1, "wwt": 1759.848, "makespan": 106.802, "mean_flow": 5.377523000000001, "breach_share": 0.0375, "breach_p1": 0.14432989690721648, "breach_p2": 0.0, "breach_p3": 0.009345794392523364, "breach_p4": 0.0, "wall_seconds": 0.04085105191916227}, "v2rl302": {"id": "c12_replay_400_0062_m1.25", "base_id": "c12_replay_400_0062", "campus": 12, "size": 400, "condition": "crew1.25", "sla_multiplier": 1.0, "crew_multiplier": 1.25, "method": "v2rl302", "seed": 302, "feasible": 1, "wwt": 1759.848, "makespan": 106.802, "mean_flow": 5.377523000000001, "breach_share": 0.0375, "breach_p1": 0.14432989690721648, "breach_p2": 0.0, "breach_p3": 0.009345794392523364, "breach_p4": 0.0, "wall_seconds": 0.04034327995032072}, "v2rl303": {"id": "c12_replay_400_0062_m1.25", "base_id": "c12_replay_400_0062", "campus": 12, "size": 400, "condition": "crew1.25", "sla_multiplier": 1.0, "crew_multiplier": 1.25, "method": "v2rl303", "seed": 303, "feasible": 1, "wwt": 1759.848, "makespan": 106.802, "mean_flow": 5.377523000000001, "breach_share": 0.0375, "breach_p1": 0.14432989690721648, "breach_p2": 0.0, "breach_p3": 0.009345794392523364, "breach_p4": 0.0, "wall_seconds": 0.040563634131103754}}, "methods_expected": ["edd", "wspt", "atc", "pfifo", "mor", "random", "v2rl301", "v2rl302", "v2rl303"], "infeasible": [], "wall_seconds_total": 0.13069873815402389}