{"shard_id": "c12_replay_150_0119_sla1.5", "id": "c12_replay_150_0119_sla1.5", "base_id": "c12_replay_150_0119", "campus": 12, "size": 150, "condition": "sla1.5", "rows": {"edd": {"id": "c12_replay_150_0119_sla1.5", "base_id": "c12_replay_150_0119", "campus": 12, "size": 150, "condition": "sla1.5", "sla_multiplier": 1.5, "crew_multiplier": 1.0, "method": "edd", "seed": 301, "feasible": 1, "wwt": 974.9184, "makespan": 93.19590000000001, "mean_flow": 5.939197333333333, "breach_share": 0.02, "breach_p1": 0.14285714285714285, "breach_p2": 0.0, "breach_p3": 0.0, "breach_p4": 0.0, "wall_seconds": 0.0004093749448657036}, "wspt": {"id": "c12_replay_150_0119_sla1.5", "base_id": "c12_replay_150_0119", "campus": 12, "size": 150, "condition": "sla1.5", "sla_multiplier": 1.5, "crew_multiplier": 1.0, "method": "wspt", "seed": 301, "feasible": 1, "wwt": 974.9184, "makespan": 93.19590000000001, "mean_flow": 5.939197333333333, "breach_share": 0.02, "breach_p1": 0.14285714285714285, "breach_p2": 0.0, "breach_p3": 0.0, "breach_p4": 0.0, "wall_seconds": 0.000398026779294014}, "atc": {"id": "c12_replay_150_0119_sla1.5", "base_id": "c12_replay_150_0119", "campus": 12, "size": 150, "condition": "sla1.5", "sla_multiplier": 1.5, "crew_multiplier": 1.0, "method": "atc", "seed": 301, "feasible": 1, "wwt": 974.9184, "makespan": 93.19590000000001, "mean_flow": 5.939197333333333, "breach_share": 0.02, "breach_p1": 0.14285714285714285, "breach_p2": 0.0, "breach_p3": 0.0, "breach_p4": 0.0, "wall_seconds": 0.0004614288918673992}, "pfifo": {"id": "c12_replay_150_0119_sla1.5", "base_id": "c12_replay_150_0119", "campus": 12, "size": 150, "condition": "sla1.5", "sla_multiplier": 1.5, "crew_multiplier": 1.0, "method": "pfifo", "seed": 301, "feasible": 1, "wwt": 974.9184, "makespan": 93.19590000000001, "mean_flow": 5.939197333333333, "breach_share": 0.02, "breach_p1": 0.14285714285714285, "breach_p2": 0.0, "breach_p3": 0.0, "breach_p4": 0.0, "wall_seconds": 0.00036171916872262955}, "mor": {"id": "c12_replay_150_0119_sla1.5", "base_id": "c12_replay_150_0119", "campus": 12, "size": 150, "condition": "sla1.5", "sla_multiplier": 1.5, "crew_multiplier": 1.0, "method": "mor", "seed": 301, "feasible": 1, "wwt": 974.9184, "makespan": 93.19590000000001, "mean_flow": 5.939197333333333, "breach_share": 0.02, "breach_p1": 0.14285714285714285, "breach_p2": 0.0, "breach_p3": 0.0, "breach_p4": 0.0, "wall_seconds": 0.0003557419404387474}, "random": {"id": "c12_replay_150_0119_sla1.5", "base_id": "c12_replay_150_0119", "campus": 12, "size": 150, "condition": "sla1.5", "sla_multiplier": 1.5, "crew_multiplier": 1.0, "method": "random", "seed": 301, "feasible": 1, "wwt": 974.9184, "makespan": 93.19590000000001, "mean_flow": 5.939197333333333, "breach_share": 0.02, "breach_p1": 0.14285714285714285, "breach_p2": 0.0, "breach_p3": 0.0, "breach_p4": 0.0, "wall_seconds": 0.0003424449823796749}, "v2rl301": {"id": "c12_replay_150_0119_sla1.5", "base_id": "c12_replay_150_0119", "campus": 12, "size": 150, "condition": "sla1.5", "sla_multiplier": 1.5, "crew_multiplier": 1.0, "method": "v2rl301", "seed": 301, "feasible": 1, "wwt": 974.9184, "makespan": 93.19590000000001, "mean_flow": 5.939197333333333, "breach_share": 0.02, "breach_p1": 0.14285714285714285, "breach_p2": 0.0, "breach_p3": 0.0, "breach_p4": 0.0, "wall_seconds": 0.021937373094260693}, "v2rl302": {"id": "c12_replay_150_0119_sla1.5", "base_id": "c12_replay_150_0119", "campus": 12, "size": 150, "condition": "sla1.5", "sla_multiplier": 1.5, "crew_multiplier": 1.0, "method": "v2rl302", "seed": 302, "feasible": 1, "wwt": 974.9184, "makespan": 93.19590000000001, "mean_flow": 5.939197333333333, "breach_share": 0.02, "breach_p1": 0.14285714285714285, "breach_p2": 0.0, "breach_p3": 0.0, "breach_p4": 0.0, "wall_seconds": 0.02109857415780425}, "v2rl303": {"id": "c12_replay_150_0119_sla1.5", "base_id": "c12_replay_150_0119", "campus": 12, "size": 150, "condition": "sla1.5", "sla_multiplier": 1.5, "crew_multiplier": 1.0, "method": "v2rl303", "seed": 303, "feasible": 1, "wwt": 974.9184, "makespan": 93.19590000000001, "mean_flow": 5.939197333333333, "breach_share": 0.02, "breach_p1": 0.14285714285714285, "breach_p2": 0.0, "breach_p3": 0.0, "breach_p4": 0.0, "wall_seconds": 0.018157437909394503}}, "methods_expected": ["edd", "wspt", "atc", "pfifo", "mor", "random", "v2rl301", "v2rl302", "v2rl303"], "infeasible": [], "wall_seconds_total": 0.0664828890003264}