{"shard_id": "c12_replay_400_0085", "id": "c12_replay_400_0085", "base_id": "c12_replay_400_0085", "campus": 12, "size": 400, "condition": "baseline", "rows": {"edd": {"id": "c12_replay_400_0085", "base_id": "c12_replay_400_0085", "campus": 12, "size": 400, "condition": "baseline", "sla_multiplier": 1.0, "crew_multiplier": 1.0, "method": "edd", "seed": 301, "feasible": 1, "wwt": 527.4592, "makespan": 92.1156, "mean_flow": 4.308084, "breach_share": 0.0175, "breach_p1": 0.07317073170731707, "breach_p2": 0.05263157894736842, "breach_p3": 0.02, "breach_p4": 0.0, "wall_seconds": 0.0006704810075461864}, "wspt": {"id": "c12_replay_400_0085", "base_id": "c12_replay_400_0085", "campus": 12, "size": 400, "condition": "baseline", "sla_multiplier": 1.0, "crew_multiplier": 1.0, "method": "wspt", "seed": 301, "feasible": 1, "wwt": 527.4592, "makespan": 92.1156, "mean_flow": 4.293072500000001, "breach_share": 0.0175, "breach_p1": 0.07317073170731707, "breach_p2": 0.05263157894736842, "breach_p3": 0.02, "breach_p4": 0.0, "wall_seconds": 0.0006414810195565224}, "atc": {"id": "c12_replay_400_0085", "base_id": "c12_replay_400_0085", "campus": 12, "size": 400, "condition": "baseline", "sla_multiplier": 1.0, "crew_multiplier": 1.0, "method": "atc", "seed": 301, "feasible": 1, "wwt": 527.4592, "makespan": 92.1156, "mean_flow": 4.29961225, "breach_share": 0.0175, "breach_p1": 0.07317073170731707, "breach_p2": 0.05263157894736842, "breach_p3": 0.02, "breach_p4": 0.0, "wall_seconds": 0.000839747954159975}, "pfifo": {"id": "c12_replay_400_0085", "base_id": "c12_replay_400_0085", "campus": 12, "size": 400, "condition": "baseline", "sla_multiplier": 1.0, "crew_multiplier": 1.0, "method": "pfifo", "seed": 301, "feasible": 1, "wwt": 527.4592, "makespan": 92.1156, "mean_flow": 4.308084, "breach_share": 0.0175, "breach_p1": 0.07317073170731707, "breach_p2": 0.05263157894736842, "breach_p3": 0.02, "breach_p4": 0.0, "wall_seconds": 0.0006196587346494198}, "mor": {"id": "c12_replay_400_0085", "base_id": "c12_replay_400_0085", "campus": 12, "size": 400, "condition": "baseline", "sla_multiplier": 1.0, "crew_multiplier": 1.0, "method": "mor", "seed": 301, "feasible": 1, "wwt": 527.4592, "makespan": 92.1156, "mean_flow": 4.32931225, "breach_share": 0.0175, "breach_p1": 0.07317073170731707, "breach_p2": 0.05263157894736842, "breach_p3": 0.02, "breach_p4": 0.0, "wall_seconds": 0.0006283260881900787}, "random": {"id": "c12_replay_400_0085", "base_id": "c12_replay_400_0085", "campus": 12, "size": 400, "condition": "baseline", "sla_multiplier": 1.0, "crew_multiplier": 1.0, "method": "random", "seed": 301, "feasible": 1, "wwt": 527.4592, "makespan": 92.1156, "mean_flow": 4.304590000000001, "breach_share": 0.0175, "breach_p1": 0.07317073170731707, "breach_p2": 0.05263157894736842, "breach_p3": 0.02, "breach_p4": 0.0, "wall_seconds": 0.0005735396407544613}, "v2rl301": {"id": "c12_replay_400_0085", "base_id": "c12_replay_400_0085", "campus": 12, "size": 400, "condition": "baseline", "sla_multiplier": 1.0, "crew_multiplier": 1.0, "method": "v2rl301", "seed": 301, "feasible": 1, "wwt": 527.4592, "makespan": 92.1156, "mean_flow": 4.3293065, "breach_share": 0.0175, "breach_p1": 0.07317073170731707, "breach_p2": 0.05263157894736842, "breach_p3": 0.02, "breach_p4": 0.0, "wall_seconds": 0.041075463872402906}, "v2rl302": {"id": "c12_replay_400_0085", "base_id": "c12_replay_400_0085", "campus": 12, "size": 400, "condition": "baseline", "sla_multiplier": 1.0, "crew_multiplier": 1.0, "method": "v2rl302", "seed": 302, "feasible": 1, "wwt": 527.4592, "makespan": 92.1156, "mean_flow": 4.326315500000001, "breach_share": 0.0175, "breach_p1": 0.07317073170731707, "breach_p2": 0.05263157894736842, "breach_p3": 0.02, "breach_p4": 0.0, "wall_seconds": 0.04050429118797183}, "v2rl303": {"id": "c12_replay_400_0085", "base_id": "c12_replay_400_0085", "campus": 12, "size": 400, "condition": "baseline", "sla_multiplier": 1.0, "crew_multiplier": 1.0, "method": "v2rl303", "seed": 303, "feasible": 1, "wwt": 527.4592, "makespan": 92.1156, "mean_flow": 4.317778000000001, "breach_share": 0.0175, "breach_p1": 0.07317073170731707, "breach_p2": 0.05263157894736842, "breach_p3": 0.02, "breach_p4": 0.0, "wall_seconds": 0.04067277489230037}}, "methods_expected": ["edd", "wspt", "atc", "pfifo", "mor", "random", "v2rl301", "v2rl302", "v2rl303"], "infeasible": [], "wall_seconds_total": 0.13003397593274713}