{"shard_id": "c12_replay_150_0120", "id": "c12_replay_150_0120", "base_id": "c12_replay_150_0120", "campus": 12, "size": 150, "condition": "baseline", "rows": {"edd": {"id": "c12_replay_150_0120", "base_id": "c12_replay_150_0120", "campus": 12, "size": 150, "condition": "baseline", "sla_multiplier": 1.0, "crew_multiplier": 1.0, "method": "edd", "seed": 301, "feasible": 1, "wwt": 1512.0, "makespan": 94.3142, "mean_flow": 6.307889333333334, "breach_share": 0.04666666666666667, "breach_p1": 0.28, "breach_p2": 0.0, "breach_p3": 0.0, "breach_p4": 0.0, "wall_seconds": 0.0002887016162276268}, "wspt": {"id": "c12_replay_150_0120", "base_id": "c12_replay_150_0120", "campus": 12, "size": 150, "condition": "baseline", "sla_multiplier": 1.0, "crew_multiplier": 1.0, "method": "wspt", "seed": 301, "feasible": 1, "wwt": 1520.0, "makespan": 94.3142, "mean_flow": 6.307889333333334, "breach_share": 0.04666666666666667, "breach_p1": 0.28, "breach_p2": 0.0, "breach_p3": 0.0, "breach_p4": 0.0, "wall_seconds": 0.0002884608693420887}, "atc": {"id": "c12_replay_150_0120", "base_id": "c12_replay_150_0120", "campus": 12, "size": 150, "condition": "baseline", "sla_multiplier": 1.0, "crew_multiplier": 1.0, "method": "atc", "seed": 301, "feasible": 1, "wwt": 1512.0, "makespan": 94.3142, "mean_flow": 6.307889333333334, "breach_share": 0.04666666666666667, "breach_p1": 0.28, "breach_p2": 0.0, "breach_p3": 0.0, "breach_p4": 0.0, "wall_seconds": 0.0003516511060297489}, "pfifo": {"id": "c12_replay_150_0120", "base_id": "c12_replay_150_0120", "campus": 12, "size": 150, "condition": "baseline", "sla_multiplier": 1.0, "crew_multiplier": 1.0, "method": "pfifo", "seed": 301, "feasible": 1, "wwt": 1512.0, "makespan": 94.3142, "mean_flow": 6.307889333333334, "breach_share": 0.04666666666666667, "breach_p1": 0.28, "breach_p2": 0.0, "breach_p3": 0.0, "breach_p4": 0.0, "wall_seconds": 0.00027870573103427887}, "mor": {"id": "c12_replay_150_0120", "base_id": "c12_replay_150_0120", "campus": 12, "size": 150, "condition": "baseline", "sla_multiplier": 1.0, "crew_multiplier": 1.0, "method": "mor", "seed": 301, "feasible": 1, "wwt": 1512.0, "makespan": 94.3142, "mean_flow": 6.32091, "breach_share": 0.04666666666666667, "breach_p1": 0.28, "breach_p2": 0.0, "breach_p3": 0.0, "breach_p4": 0.0, "wall_seconds": 0.00028297025710344315}, "random": {"id": "c12_replay_150_0120", "base_id": "c12_replay_150_0120", "campus": 12, "size": 150, "condition": "baseline", "sla_multiplier": 1.0, "crew_multiplier": 1.0, "method": "random", "seed": 301, "feasible": 1, "wwt": 1512.0, "makespan": 94.3142, "mean_flow": 6.307889333333334, "breach_share": 0.04666666666666667, "breach_p1": 0.28, "breach_p2": 0.0, "breach_p3": 0.0, "breach_p4": 0.0, "wall_seconds": 0.00025982968509197235}, "v2rl301": {"id": "c12_replay_150_0120", "base_id": "c12_replay_150_0120", "campus": 12, "size": 150, "condition": "baseline", "sla_multiplier": 1.0, "crew_multiplier": 1.0, "method": "v2rl301", "seed": 301, "feasible": 1, "wwt": 1512.0, "makespan": 94.3142, "mean_flow": 6.307889333333334, "breach_share": 0.04666666666666667, "breach_p1": 0.28, "breach_p2": 0.0, "breach_p3": 0.0, "breach_p4": 0.0, "wall_seconds": 0.015374322887510061}, "v2rl302": {"id": "c12_replay_150_0120", "base_id": "c12_replay_150_0120", "campus": 12, "size": 150, "condition": "baseline", "sla_multiplier": 1.0, "crew_multiplier": 1.0, "method": "v2rl302", "seed": 302, "feasible": 1, "wwt": 1512.0, "makespan": 94.3142, "mean_flow": 6.307889333333334, "breach_share": 0.04666666666666667, "breach_p1": 0.28, "breach_p2": 0.0, "breach_p3": 0.0, "breach_p4": 0.0, "wall_seconds": 0.01513421069830656}, "v2rl303": {"id": "c12_replay_150_0120", "base_id": "c12_replay_150_0120", "campus": 12, "size": 150, "condition": "baseline", "sla_multiplier": 1.0, "crew_multiplier": 1.0, "method": "v2rl303", "seed": 303, "feasible": 1, "wwt": 1512.0, "makespan": 94.3142, "mean_flow": 6.307889333333334, "breach_share": 0.04666666666666667, "breach_p1": 0.28, "breach_p2": 0.0, "breach_p3": 0.0, "breach_p4": 0.0, "wall_seconds": 0.015325207263231277}}, "methods_expected": ["edd", "wspt", "atc", "pfifo", "mor", "random", "v2rl301", "v2rl302", "v2rl303"], "infeasible": [], "wall_seconds_total": 0.04948431719094515}