{"shard_id": "c12_replay_400_0079_sla0.5", "id": "c12_replay_400_0079_sla0.5", "base_id": "c12_replay_400_0079", "campus": 12, "size": 400, "condition": "sla0.5", "rows": {"edd": {"id": "c12_replay_400_0079_sla0.5", "base_id": "c12_replay_400_0079", "campus": 12, "size": 400, "condition": "sla0.5", "sla_multiplier": 0.5, "crew_multiplier": 1.0, "method": "edd", "seed": 301, "feasible": 1, "wwt": 2987.348, "makespan": 114.8648, "mean_flow": 5.780536, "breach_share": 0.0775, "breach_p1": 0.2839506172839506, "breach_p2": 0.06153846153846154, "breach_p3": 0.04, "breach_p4": 0.00558659217877095, "wall_seconds": 0.0006633391603827477}, "wspt": {"id": "c12_replay_400_0079_sla0.5", "base_id": "c12_replay_400_0079", "campus": 12, "size": 400, "condition": "sla0.5", "sla_multiplier": 0.5, "crew_multiplier": 1.0, "method": "wspt", "seed": 301, "feasible": 1, "wwt": 2987.348, "makespan": 114.8648, "mean_flow": 5.780536, "breach_share": 0.0775, "breach_p1": 0.2839506172839506, "breach_p2": 0.06153846153846154, "breach_p3": 0.04, "breach_p4": 0.00558659217877095, "wall_seconds": 0.0006446195766329765}, "atc": {"id": "c12_replay_400_0079_sla0.5", "base_id": "c12_replay_400_0079", "campus": 12, "size": 400, "condition": "sla0.5", "sla_multiplier": 0.5, "crew_multiplier": 1.0, "method": "atc", "seed": 301, "feasible": 1, "wwt": 2987.348, "makespan": 114.8648, "mean_flow": 5.780536, "breach_share": 0.0775, "breach_p1": 0.2839506172839506, "breach_p2": 0.06153846153846154, "breach_p3": 0.04, "breach_p4": 0.00558659217877095, "wall_seconds": 0.0008267201483249664}, "pfifo": {"id": "c12_replay_400_0079_sla0.5", "base_id": "c12_replay_400_0079", "campus": 12, "size": 400, "condition": "sla0.5", "sla_multiplier": 0.5, "crew_multiplier": 1.0, "method": "pfifo", "seed": 301, "feasible": 1, "wwt": 2987.348, "makespan": 114.8648, "mean_flow": 5.780536, "breach_share": 0.0775, "breach_p1": 0.2839506172839506, "breach_p2": 0.06153846153846154, "breach_p3": 0.04, "breach_p4": 0.00558659217877095, "wall_seconds": 0.000686155166476965}, "mor": {"id": "c12_replay_400_0079_sla0.5", "base_id": "c12_replay_400_0079", "campus": 12, "size": 400, "condition": "sla0.5", "sla_multiplier": 0.5, "crew_multiplier": 1.0, "method": "mor", "seed": 301, "feasible": 1, "wwt": 2987.348, "makespan": 114.8648, "mean_flow": 5.780536, "breach_share": 0.0775, "breach_p1": 0.2839506172839506, "breach_p2": 0.06153846153846154, "breach_p3": 0.04, "breach_p4": 0.00558659217877095, "wall_seconds": 0.0006672227755188942}, "random": {"id": "c12_replay_400_0079_sla0.5", "base_id": "c12_replay_400_0079", "campus": 12, "size": 400, "condition": "sla0.5", "sla_multiplier": 0.5, "crew_multiplier": 1.0, "method": "random", "seed": 301, "feasible": 1, "wwt": 2987.348, "makespan": 114.8648, "mean_flow": 5.780536, "breach_share": 0.0775, "breach_p1": 0.2839506172839506, "breach_p2": 0.06153846153846154, "breach_p3": 0.04, "breach_p4": 0.00558659217877095, "wall_seconds": 0.0006534834392368793}, "v2rl301": {"id": "c12_replay_400_0079_sla0.5", "base_id": "c12_replay_400_0079", "campus": 12, "size": 400, "condition": "sla0.5", "sla_multiplier": 0.5, "crew_multiplier": 1.0, "method": "v2rl301", "seed": 301, "feasible": 1, "wwt": 2987.348, "makespan": 114.8648, "mean_flow": 5.780536, "breach_share": 0.0775, "breach_p1": 0.2839506172839506, "breach_p2": 0.06153846153846154, "breach_p3": 0.04, "breach_p4": 0.00558659217877095, "wall_seconds": 0.0398605540394783}, "v2rl302": {"id": "c12_replay_400_0079_sla0.5", "base_id": "c12_replay_400_0079", "campus": 12, "size": 400, "condition": "sla0.5", "sla_multiplier": 0.5, "crew_multiplier": 1.0, "method": "v2rl302", "seed": 302, "feasible": 1, "wwt": 2987.348, "makespan": 114.8648, "mean_flow": 5.780536, "breach_share": 0.0775, "breach_p1": 0.2839506172839506, "breach_p2": 0.06153846153846154, "breach_p3": 0.04, "breach_p4": 0.00558659217877095, "wall_seconds": 0.03915934497490525}, "v2rl303": {"id": "c12_replay_400_0079_sla0.5", "base_id": "c12_replay_400_0079", "campus": 12, "size": 400, "condition": "sla0.5", "sla_multiplier": 0.5, "crew_multiplier": 1.0, "method": "v2rl303", "seed": 303, "feasible": 1, "wwt": 2987.348, "makespan": 114.8648, "mean_flow": 5.780536, "breach_share": 0.0775, "breach_p1": 0.2839506172839506, "breach_p2": 0.06153846153846154, "breach_p3": 0.04, "breach_p4": 0.00558659217877095, "wall_seconds": 0.03920189896598458}}, "methods_expected": ["edd", "wspt", "atc", "pfifo", "mor", "random", "v2rl301", "v2rl302", "v2rl303"], "infeasible": [], "wall_seconds_total": 0.12710615899413824}