{"shard_id": "c12_replay_400_0074_m0.75", "id": "c12_replay_400_0074_m0.75", "base_id": "c12_replay_400_0074", "campus": 12, "size": 400, "condition": "crew0.75", "rows": {"edd": {"id": "c12_replay_400_0074_m0.75", "base_id": "c12_replay_400_0074", "campus": 12, "size": 400, "condition": "crew0.75", "sla_multiplier": 1.0, "crew_multiplier": 0.75, "method": "edd", "seed": 301, "feasible": 1, "wwt": 1218.0, "makespan": 129.0, "mean_flow": 5.8287087500000005, "breach_share": 0.04, "breach_p1": 0.19117647058823528, "breach_p2": 0.05660377358490566, "breach_p3": 0.0, "breach_p4": 0.0, "wall_seconds": 0.0006516119465231895}, "wspt": {"id": "c12_replay_400_0074_m0.75", "base_id": "c12_replay_400_0074", "campus": 12, "size": 400, "condition": "crew0.75", "sla_multiplier": 1.0, "crew_multiplier": 0.75, "method": "wspt", "seed": 301, "feasible": 1, "wwt": 1218.0, "makespan": 129.0, "mean_flow": 5.8287087500000005, "breach_share": 0.04, "breach_p1": 0.19117647058823528, "breach_p2": 0.05660377358490566, "breach_p3": 0.0, "breach_p4": 0.0, "wall_seconds": 0.0006850860081613064}, "atc": {"id": "c12_replay_400_0074_m0.75", "base_id": "c12_replay_400_0074", "campus": 12, "size": 400, "condition": "crew0.75", "sla_multiplier": 1.0, "crew_multiplier": 0.75, "method": "atc", "seed": 301, "feasible": 1, "wwt": 1218.0, "makespan": 129.0, "mean_flow": 5.8287087500000005, "breach_share": 0.04, "breach_p1": 0.19117647058823528, "breach_p2": 0.05660377358490566, "breach_p3": 0.0, "breach_p4": 0.0, "wall_seconds": 0.0008649667724967003}, "pfifo": {"id": "c12_replay_400_0074_m0.75", "base_id": "c12_replay_400_0074", "campus": 12, "size": 400, "condition": "crew0.75", "sla_multiplier": 1.0, "crew_multiplier": 0.75, "method": "pfifo", "seed": 301, "feasible": 1, "wwt": 1218.0, "makespan": 129.0, "mean_flow": 5.8287087500000005, "breach_share": 0.04, "breach_p1": 0.19117647058823528, "breach_p2": 0.05660377358490566, "breach_p3": 0.0, "breach_p4": 0.0, "wall_seconds": 0.0006186459213495255}, "mor": {"id": "c12_replay_400_0074_m0.75", "base_id": "c12_replay_400_0074", "campus": 12, "size": 400, "condition": "crew0.75", "sla_multiplier": 1.0, "crew_multiplier": 0.75, "method": "mor", "seed": 301, "feasible": 1, "wwt": 1218.0, "makespan": 129.0, "mean_flow": 5.83367125, "breach_share": 0.04, "breach_p1": 0.19117647058823528, "breach_p2": 0.05660377358490566, "breach_p3": 0.0, "breach_p4": 0.0, "wall_seconds": 0.0006561502814292908}, "random": {"id": "c12_replay_400_0074_m0.75", "base_id": "c12_replay_400_0074", "campus": 12, "size": 400, "condition": "crew0.75", "sla_multiplier": 1.0, "crew_multiplier": 0.75, "method": "random", "seed": 301, "feasible": 1, "wwt": 1218.0, "makespan": 129.0, "mean_flow": 5.8287087500000005, "breach_share": 0.04, "breach_p1": 0.19117647058823528, "breach_p2": 0.05660377358490566, "breach_p3": 0.0, "breach_p4": 0.0, "wall_seconds": 0.0006102225743234158}, "v2rl301": {"id": "c12_replay_400_0074_m0.75", "base_id": "c12_replay_400_0074", "campus": 12, "size": 400, "condition": "crew0.75", "sla_multiplier": 1.0, "crew_multiplier": 0.75, "method": "v2rl301", "seed": 301, "feasible": 1, "wwt": 1218.0, "makespan": 129.0, "mean_flow": 5.83367125, "breach_share": 0.04, "breach_p1": 0.19117647058823528, "breach_p2": 0.05660377358490566, "breach_p3": 0.0, "breach_p4": 0.0, "wall_seconds": 0.0510389506816864}, "v2rl302": {"id": "c12_replay_400_0074_m0.75", "base_id": "c12_replay_400_0074", "campus": 12, "size": 400, "condition": "crew0.75", "sla_multiplier": 1.0, "crew_multiplier": 0.75, "method": "v2rl302", "seed": 302, "feasible": 1, "wwt": 1218.0, "makespan": 129.0, "mean_flow": 5.829837250000001, "breach_share": 0.04, "breach_p1": 0.19117647058823528, "breach_p2": 0.05660377358490566, "breach_p3": 0.0, "breach_p4": 0.0, "wall_seconds": 0.03885072097182274}, "v2rl303": {"id": "c12_replay_400_0074_m0.75", "base_id": "c12_replay_400_0074", "campus": 12, "size": 400, "condition": "crew0.75", "sla_multiplier": 1.0, "crew_multiplier": 0.75, "method": "v2rl303", "seed": 303, "feasible": 1, "wwt": 1218.0, "makespan": 129.0, "mean_flow": 5.8287087500000005, "breach_share": 0.04, "breach_p1": 0.19117647058823528, "breach_p2": 0.05660377358490566, "breach_p3": 0.0, "breach_p4": 0.0, "wall_seconds": 0.03873909218236804}}, "methods_expected": ["edd", "wspt", "atc", "pfifo", "mor", "random", "v2rl301", "v2rl302", "v2rl303"], "infeasible": [], "wall_seconds_total": 0.1373785538598895}