{"shard_id": "c12_replay_150_0123_sla1.5", "id": "c12_replay_150_0123_sla1.5", "base_id": "c12_replay_150_0123", "campus": 12, "size": 150, "condition": "sla1.5", "rows": {"edd": {"id": "c12_replay_150_0123_sla1.5", "base_id": "c12_replay_150_0123", "campus": 12, "size": 150, "condition": "sla1.5", "sla_multiplier": 1.5, "crew_multiplier": 1.0, "method": "edd", "seed": 301, "feasible": 1, "wwt": 298.0, "makespan": 90.8648, "mean_flow": 5.746962666666667, "breach_share": 0.03333333333333333, "breach_p1": 0.10416666666666667, "breach_p2": 0.0, "breach_p3": 0.0, "breach_p4": 0.0, "wall_seconds": 0.0003139781765639782}, "wspt": {"id": "c12_replay_150_0123_sla1.5", "base_id": "c12_replay_150_0123", "campus": 12, "size": 150, "condition": "sla1.5", "sla_multiplier": 1.5, "crew_multiplier": 1.0, "method": "wspt", "seed": 301, "feasible": 1, "wwt": 306.0, "makespan": 90.8648, "mean_flow": 5.746962666666667, "breach_share": 0.03333333333333333, "breach_p1": 0.10416666666666667, "breach_p2": 0.0, "breach_p3": 0.0, "breach_p4": 0.0, "wall_seconds": 0.0002904757857322693}, "atc": {"id": "c12_replay_150_0123_sla1.5", "base_id": "c12_replay_150_0123", "campus": 12, "size": 150, "condition": "sla1.5", "sla_multiplier": 1.5, "crew_multiplier": 1.0, "method": "atc", "seed": 301, "feasible": 1, "wwt": 298.0, "makespan": 90.8648, "mean_flow": 5.746962666666667, "breach_share": 0.03333333333333333, "breach_p1": 0.10416666666666667, "breach_p2": 0.0, "breach_p3": 0.0, "breach_p4": 0.0, "wall_seconds": 0.0003652479499578476}, "pfifo": {"id": "c12_replay_150_0123_sla1.5", "base_id": "c12_replay_150_0123", "campus": 12, "size": 150, "condition": "sla1.5", "sla_multiplier": 1.5, "crew_multiplier": 1.0, "method": "pfifo", "seed": 301, "feasible": 1, "wwt": 298.0, "makespan": 90.8648, "mean_flow": 5.746962666666667, "breach_share": 0.03333333333333333, "breach_p1": 0.10416666666666667, "breach_p2": 0.0, "breach_p3": 0.0, "breach_p4": 0.0, "wall_seconds": 0.0002754898741841316}, "mor": {"id": "c12_replay_150_0123_sla1.5", "base_id": "c12_replay_150_0123", "campus": 12, "size": 150, "condition": "sla1.5", "sla_multiplier": 1.5, "crew_multiplier": 1.0, "method": "mor", "seed": 301, "feasible": 1, "wwt": 298.0, "makespan": 90.8648, "mean_flow": 5.747745999999999, "breach_share": 0.03333333333333333, "breach_p1": 0.10416666666666667, "breach_p2": 0.0, "breach_p3": 0.0, "breach_p4": 0.0, "wall_seconds": 0.00026382971554994583}, "random": {"id": "c12_replay_150_0123_sla1.5", "base_id": "c12_replay_150_0123", "campus": 12, "size": 150, "condition": "sla1.5", "sla_multiplier": 1.5, "crew_multiplier": 1.0, "method": "random", "seed": 301, "feasible": 1, "wwt": 306.0, "makespan": 90.8648, "mean_flow": 5.746962666666667, "breach_share": 0.03333333333333333, "breach_p1": 0.10416666666666667, "breach_p2": 0.0, "breach_p3": 0.0, "breach_p4": 0.0, "wall_seconds": 0.0002443501725792885}, "v2rl301": {"id": "c12_replay_150_0123_sla1.5", "base_id": "c12_replay_150_0123", "campus": 12, "size": 150, "condition": "sla1.5", "sla_multiplier": 1.5, "crew_multiplier": 1.0, "method": "v2rl301", "seed": 301, "feasible": 1, "wwt": 298.0, "makespan": 90.8648, "mean_flow": 5.746962666666667, "breach_share": 0.03333333333333333, "breach_p1": 0.10416666666666667, "breach_p2": 0.0, "breach_p3": 0.0, "breach_p4": 0.0, "wall_seconds": 0.01547425938770175}, "v2rl302": {"id": "c12_replay_150_0123_sla1.5", "base_id": "c12_replay_150_0123", "campus": 12, "size": 150, "condition": "sla1.5", "sla_multiplier": 1.5, "crew_multiplier": 1.0, "method": "v2rl302", "seed": 302, "feasible": 1, "wwt": 298.0, "makespan": 90.8648, "mean_flow": 5.746962666666667, "breach_share": 0.03333333333333333, "breach_p1": 0.10416666666666667, "breach_p2": 0.0, "breach_p3": 0.0, "breach_p4": 0.0, "wall_seconds": 0.01520566875115037}, "v2rl303": {"id": "c12_replay_150_0123_sla1.5", "base_id": "c12_replay_150_0123", "campus": 12, "size": 150, "condition": "sla1.5", "sla_multiplier": 1.5, "crew_multiplier": 1.0, "method": "v2rl303", "seed": 303, "feasible": 1, "wwt": 298.0, "makespan": 90.8648, "mean_flow": 5.746962666666667, "breach_share": 0.03333333333333333, "breach_p1": 0.10416666666666667, "breach_p2": 0.0, "breach_p3": 0.0, "breach_p4": 0.0, "wall_seconds": 0.015301519073545933}}, "methods_expected": ["edd", "wspt", "atc", "pfifo", "mor", "random", "v2rl301", "v2rl302", "v2rl303"], "infeasible": [], "wall_seconds_total": 0.050032095052301884}