{"shard_id": "c12_replay_400_0065", "id": "c12_replay_400_0065", "base_id": "c12_replay_400_0065", "campus": 12, "size": 400, "condition": "baseline", "rows": {"edd": {"id": "c12_replay_400_0065", "base_id": "c12_replay_400_0065", "campus": 12, "size": 400, "condition": "baseline", "sla_multiplier": 1.0, "crew_multiplier": 1.0, "method": "edd", "seed": 301, "feasible": 1, "wwt": 1463.3276, "makespan": 106.7467, "mean_flow": 6.3205375, "breach_share": 0.0375, "breach_p1": 0.12903225806451613, "breach_p2": 0.06578947368421052, "breach_p3": 0.023255813953488372, "breach_p4": 0.0, "wall_seconds": 0.0006479141302406788}, "wspt": {"id": "c12_replay_400_0065", "base_id": "c12_replay_400_0065", "campus": 12, "size": 400, "condition": "baseline", "sla_multiplier": 1.0, "crew_multiplier": 1.0, "method": "wspt", "seed": 301, "feasible": 1, "wwt": 1465.3276, "makespan": 106.7467, "mean_flow": 6.309214999999999, "breach_share": 0.0375, "breach_p1": 0.12903225806451613, "breach_p2": 0.06578947368421052, "breach_p3": 0.023255813953488372, "breach_p4": 0.0, "wall_seconds": 0.000636763870716095}, "atc": {"id": "c12_replay_400_0065", "base_id": "c12_replay_400_0065", "campus": 12, "size": 400, "condition": "baseline", "sla_multiplier": 1.0, "crew_multiplier": 1.0, "method": "atc", "seed": 301, "feasible": 1, "wwt": 1463.3276, "makespan": 106.7467, "mean_flow": 6.311376, "breach_share": 0.0375, "breach_p1": 0.12903225806451613, "breach_p2": 0.06578947368421052, "breach_p3": 0.023255813953488372, "breach_p4": 0.0, "wall_seconds": 0.0007980680093169212}, "pfifo": {"id": "c12_replay_400_0065", "base_id": "c12_replay_400_0065", "campus": 12, "size": 400, "condition": "baseline", "sla_multiplier": 1.0, "crew_multiplier": 1.0, "method": "pfifo", "seed": 301, "feasible": 1, "wwt": 1463.3276, "makespan": 106.7467, "mean_flow": 6.3205375, "breach_share": 0.0375, "breach_p1": 0.12903225806451613, "breach_p2": 0.06578947368421052, "breach_p3": 0.023255813953488372, "breach_p4": 0.0, "wall_seconds": 0.0006154589354991913}, "mor": {"id": "c12_replay_400_0065", "base_id": "c12_replay_400_0065", "campus": 12, "size": 400, "condition": "baseline", "sla_multiplier": 1.0, "crew_multiplier": 1.0, "method": "mor", "seed": 301, "feasible": 1, "wwt": 1463.3276, "makespan": 106.7467, "mean_flow": 6.347473750000001, "breach_share": 0.0375, "breach_p1": 0.12903225806451613, "breach_p2": 0.06578947368421052, "breach_p3": 0.023255813953488372, "breach_p4": 0.0, "wall_seconds": 0.0006144149228930473}, "random": {"id": "c12_replay_400_0065", "base_id": "c12_replay_400_0065", "campus": 12, "size": 400, "condition": "baseline", "sla_multiplier": 1.0, "crew_multiplier": 1.0, "method": "random", "seed": 301, "feasible": 1, "wwt": 1463.3276, "makespan": 106.7467, "mean_flow": 6.3231470000000005, "breach_share": 0.0375, "breach_p1": 0.12903225806451613, "breach_p2": 0.06578947368421052, "breach_p3": 0.023255813953488372, "breach_p4": 0.0, "wall_seconds": 0.0005974527448415756}, "v2rl301": {"id": "c12_replay_400_0065", "base_id": "c12_replay_400_0065", "campus": 12, "size": 400, "condition": "baseline", "sla_multiplier": 1.0, "crew_multiplier": 1.0, "method": "v2rl301", "seed": 301, "feasible": 1, "wwt": 1463.3276, "makespan": 106.7467, "mean_flow": 6.341412500000001, "breach_share": 0.0375, "breach_p1": 0.12903225806451613, "breach_p2": 0.06578947368421052, "breach_p3": 0.023255813953488372, "breach_p4": 0.0, "wall_seconds": 0.04099933197721839}, "v2rl302": {"id": "c12_replay_400_0065", "base_id": "c12_replay_400_0065", "campus": 12, "size": 400, "condition": "baseline", "sla_multiplier": 1.0, "crew_multiplier": 1.0, "method": "v2rl302", "seed": 302, "feasible": 1, "wwt": 1463.3276, "makespan": 106.7467, "mean_flow": 6.33134425, "breach_share": 0.0375, "breach_p1": 0.12903225806451613, "breach_p2": 0.06578947368421052, "breach_p3": 0.023255813953488372, "breach_p4": 0.0, "wall_seconds": 0.04005729407072067}, "v2rl303": {"id": "c12_replay_400_0065", "base_id": "c12_replay_400_0065", "campus": 12, "size": 400, "condition": "baseline", "sla_multiplier": 1.0, "crew_multiplier": 1.0, "method": "v2rl303", "seed": 303, "feasible": 1, "wwt": 1463.3276, "makespan": 106.7467, "mean_flow": 6.32357075, "breach_share": 0.0375, "breach_p1": 0.12903225806451613, "breach_p2": 0.06578947368421052, "breach_p3": 0.023255813953488372, "breach_p4": 0.0, "wall_seconds": 0.04007898364216089}}, "methods_expected": ["edd", "wspt", "atc", "pfifo", "mor", "random", "v2rl301", "v2rl302", "v2rl303"], "infeasible": [], "wall_seconds_total": 0.12888519885018468}