{"shard_id": "c12_replay_150_0129_m0.75", "id": "c12_replay_150_0129_m0.75", "base_id": "c12_replay_150_0129", "campus": 12, "size": 150, "condition": "crew0.75", "rows": {"edd": {"id": "c12_replay_150_0129_m0.75", "base_id": "c12_replay_150_0129", "campus": 12, "size": 150, "condition": "crew0.75", "sla_multiplier": 1.0, "crew_multiplier": 0.75, "method": "edd", "seed": 301, "feasible": 1, "wwt": 334.0, "makespan": 67.0, "mean_flow": 4.216, "breach_share": 0.02666666666666667, "breach_p1": 0.09375, "breach_p2": 0.03225806451612903, "breach_p3": 0.0, "breach_p4": 0.0, "wall_seconds": 0.0002607530914247036}, "wspt": {"id": "c12_replay_150_0129_m0.75", "base_id": "c12_replay_150_0129", "campus": 12, "size": 150, "condition": "crew0.75", "sla_multiplier": 1.0, "crew_multiplier": 0.75, "method": "wspt", "seed": 301, "feasible": 1, "wwt": 334.0, "makespan": 67.0, "mean_flow": 4.216, "breach_share": 0.02666666666666667, "breach_p1": 0.09375, "breach_p2": 0.03225806451612903, "breach_p3": 0.0, "breach_p4": 0.0, "wall_seconds": 0.00025684991851449013}, "atc": {"id": "c12_replay_150_0129_m0.75", "base_id": "c12_replay_150_0129", "campus": 12, "size": 150, "condition": "crew0.75", "sla_multiplier": 1.0, "crew_multiplier": 0.75, "method": "atc", "seed": 301, "feasible": 1, "wwt": 334.0, "makespan": 67.0, "mean_flow": 4.216, "breach_share": 0.02666666666666667, "breach_p1": 0.09375, "breach_p2": 0.03225806451612903, "breach_p3": 0.0, "breach_p4": 0.0, "wall_seconds": 0.00031679030507802963}, "pfifo": {"id": "c12_replay_150_0129_m0.75", "base_id": "c12_replay_150_0129", "campus": 12, "size": 150, "condition": "crew0.75", "sla_multiplier": 1.0, "crew_multiplier": 0.75, "method": "pfifo", "seed": 301, "feasible": 1, "wwt": 334.0, "makespan": 67.0, "mean_flow": 4.216, "breach_share": 0.02666666666666667, "breach_p1": 0.09375, "breach_p2": 0.03225806451612903, "breach_p3": 0.0, "breach_p4": 0.0, "wall_seconds": 0.000253140926361084}, "mor": {"id": "c12_replay_150_0129_m0.75", "base_id": "c12_replay_150_0129", "campus": 12, "size": 150, "condition": "crew0.75", "sla_multiplier": 1.0, "crew_multiplier": 0.75, "method": "mor", "seed": 301, "feasible": 1, "wwt": 334.0, "makespan": 67.0, "mean_flow": 4.216, "breach_share": 0.02666666666666667, "breach_p1": 0.09375, "breach_p2": 0.03225806451612903, "breach_p3": 0.0, "breach_p4": 0.0, "wall_seconds": 0.0002477038651704788}, "random": {"id": "c12_replay_150_0129_m0.75", "base_id": "c12_replay_150_0129", "campus": 12, "size": 150, "condition": "crew0.75", "sla_multiplier": 1.0, "crew_multiplier": 0.75, "method": "random", "seed": 301, "feasible": 1, "wwt": 334.0, "makespan": 67.0, "mean_flow": 4.216, "breach_share": 0.02666666666666667, "breach_p1": 0.09375, "breach_p2": 0.03225806451612903, "breach_p3": 0.0, "breach_p4": 0.0, "wall_seconds": 0.0002348138950765133}, "v2rl301": {"id": "c12_replay_150_0129_m0.75", "base_id": "c12_replay_150_0129", "campus": 12, "size": 150, "condition": "crew0.75", "sla_multiplier": 1.0, "crew_multiplier": 0.75, "method": "v2rl301", "seed": 301, "feasible": 1, "wwt": 334.0, "makespan": 67.0, "mean_flow": 4.216, "breach_share": 0.02666666666666667, "breach_p1": 0.09375, "breach_p2": 0.03225806451612903, "breach_p3": 0.0, "breach_p4": 0.0, "wall_seconds": 0.014964252710342407}, "v2rl302": {"id": "c12_replay_150_0129_m0.75", "base_id": "c12_replay_150_0129", "campus": 12, "size": 150, "condition": "crew0.75", "sla_multiplier": 1.0, "crew_multiplier": 0.75, "method": "v2rl302", "seed": 302, "feasible": 1, "wwt": 334.0, "makespan": 67.0, "mean_flow": 4.216, "breach_share": 0.02666666666666667, "breach_p1": 0.09375, "breach_p2": 0.03225806451612903, "breach_p3": 0.0, "breach_p4": 0.0, "wall_seconds": 0.01480560703203082}, "v2rl303": {"id": "c12_replay_150_0129_m0.75", "base_id": "c12_replay_150_0129", "campus": 12, "size": 150, "condition": "crew0.75", "sla_multiplier": 1.0, "crew_multiplier": 0.75, "method": "v2rl303", "seed": 303, "feasible": 1, "wwt": 334.0, "makespan": 67.0, "mean_flow": 4.216, "breach_share": 0.02666666666666667, "breach_p1": 0.09375, "breach_p2": 0.03225806451612903, "breach_p3": 0.0, "breach_p4": 0.0, "wall_seconds": 0.014675914775580168}}, "methods_expected": ["edd", "wspt", "atc", "pfifo", "mor", "random", "v2rl301", "v2rl302", "v2rl303"], "infeasible": [], "wall_seconds_total": 0.048190351109951735}