{"shard_id": "c12_replay_400_0066", "id": "c12_replay_400_0066", "base_id": "c12_replay_400_0066", "campus": 12, "size": 400, "condition": "baseline", "rows": {"edd": {"id": "c12_replay_400_0066", "base_id": "c12_replay_400_0066", "campus": 12, "size": 400, "condition": "baseline", "sla_multiplier": 1.0, "crew_multiplier": 1.0, "method": "edd", "seed": 301, "feasible": 1, "wwt": 546.0, "makespan": 109.56139999999999, "mean_flow": 4.99193375, "breach_share": 0.02, "breach_p1": 0.057971014492753624, "breach_p2": 0.047058823529411764, "breach_p3": 0.0, "breach_p4": 0.0, "wall_seconds": 0.0006710789166390896}, "wspt": {"id": "c12_replay_400_0066", "base_id": "c12_replay_400_0066", "campus": 12, "size": 400, "condition": "baseline", "sla_multiplier": 1.0, "crew_multiplier": 1.0, "method": "wspt", "seed": 301, "feasible": 1, "wwt": 546.0, "makespan": 109.56139999999999, "mean_flow": 4.99193375, "breach_share": 0.02, "breach_p1": 0.057971014492753624, "breach_p2": 0.047058823529411764, "breach_p3": 0.0, "breach_p4": 0.0, "wall_seconds": 0.000658170785754919}, "atc": {"id": "c12_replay_400_0066", "base_id": "c12_replay_400_0066", "campus": 12, "size": 400, "condition": "baseline", "sla_multiplier": 1.0, "crew_multiplier": 1.0, "method": "atc", "seed": 301, "feasible": 1, "wwt": 546.0, "makespan": 109.56139999999999, "mean_flow": 4.99193375, "breach_share": 0.02, "breach_p1": 0.057971014492753624, "breach_p2": 0.047058823529411764, "breach_p3": 0.0, "breach_p4": 0.0, "wall_seconds": 0.0008566100150346756}, "pfifo": {"id": "c12_replay_400_0066", "base_id": "c12_replay_400_0066", "campus": 12, "size": 400, "condition": "baseline", "sla_multiplier": 1.0, "crew_multiplier": 1.0, "method": "pfifo", "seed": 301, "feasible": 1, "wwt": 546.0, "makespan": 109.56139999999999, "mean_flow": 4.99193375, "breach_share": 0.02, "breach_p1": 0.057971014492753624, "breach_p2": 0.047058823529411764, "breach_p3": 0.0, "breach_p4": 0.0, "wall_seconds": 0.0006271260790526867}, "mor": {"id": "c12_replay_400_0066", "base_id": "c12_replay_400_0066", "campus": 12, "size": 400, "condition": "baseline", "sla_multiplier": 1.0, "crew_multiplier": 1.0, "method": "mor", "seed": 301, "feasible": 1, "wwt": 546.0, "makespan": 109.56139999999999, "mean_flow": 4.99193375, "breach_share": 0.02, "breach_p1": 0.057971014492753624, "breach_p2": 0.047058823529411764, "breach_p3": 0.0, "breach_p4": 0.0, "wall_seconds": 0.0006375801749527454}, "random": {"id": "c12_replay_400_0066", "base_id": "c12_replay_400_0066", "campus": 12, "size": 400, "condition": "baseline", "sla_multiplier": 1.0, "crew_multiplier": 1.0, "method": "random", "seed": 301, "feasible": 1, "wwt": 546.0, "makespan": 109.56139999999999, "mean_flow": 4.99193375, "breach_share": 0.02, "breach_p1": 0.057971014492753624, "breach_p2": 0.047058823529411764, "breach_p3": 0.0, "breach_p4": 0.0, "wall_seconds": 0.0005798041820526123}, "v2rl301": {"id": "c12_replay_400_0066", "base_id": "c12_replay_400_0066", "campus": 12, "size": 400, "condition": "baseline", "sla_multiplier": 1.0, "crew_multiplier": 1.0, "method": "v2rl301", "seed": 301, "feasible": 1, "wwt": 546.0, "makespan": 109.56139999999999, "mean_flow": 4.99193375, "breach_share": 0.02, "breach_p1": 0.057971014492753624, "breach_p2": 0.047058823529411764, "breach_p3": 0.0, "breach_p4": 0.0, "wall_seconds": 0.04073633113875985}, "v2rl302": {"id": "c12_replay_400_0066", "base_id": "c12_replay_400_0066", "campus": 12, "size": 400, "condition": "baseline", "sla_multiplier": 1.0, "crew_multiplier": 1.0, "method": "v2rl302", "seed": 302, "feasible": 1, "wwt": 546.0, "makespan": 109.56139999999999, "mean_flow": 4.99193375, "breach_share": 0.02, "breach_p1": 0.057971014492753624, "breach_p2": 0.047058823529411764, "breach_p3": 0.0, "breach_p4": 0.0, "wall_seconds": 0.04044653568416834}, "v2rl303": {"id": "c12_replay_400_0066", "base_id": "c12_replay_400_0066", "campus": 12, "size": 400, "condition": "baseline", "sla_multiplier": 1.0, "crew_multiplier": 1.0, "method": "v2rl303", "seed": 303, "feasible": 1, "wwt": 546.0, "makespan": 109.56139999999999, "mean_flow": 4.99193375, "breach_share": 0.02, "breach_p1": 0.057971014492753624, "breach_p2": 0.047058823529411764, "breach_p3": 0.0, "breach_p4": 0.0, "wall_seconds": 0.04010943742468953}}, "methods_expected": ["edd", "wspt", "atc", "pfifo", "mor", "random", "v2rl301", "v2rl302", "v2rl303"], "infeasible": [], "wall_seconds_total": 0.12906795600429177}