{"shard_id": "c12_replay_150_0105_sla1.5", "id": "c12_replay_150_0105_sla1.5", "base_id": "c12_replay_150_0105", "campus": 12, "size": 150, "condition": "sla1.5", "rows": {"edd": {"id": "c12_replay_150_0105_sla1.5", "base_id": "c12_replay_150_0105", "campus": 12, "size": 150, "condition": "sla1.5", "sla_multiplier": 1.5, "crew_multiplier": 1.0, "method": "edd", "seed": 301, "feasible": 1, "wwt": 56.0, "makespan": 92.1662, "mean_flow": 7.903041333333334, "breach_share": 0.013333333333333334, "breach_p1": 0.08, "breach_p2": 0.0, "breach_p3": 0.0, "breach_p4": 0.0, "wall_seconds": 0.0002974621020257473}, "wspt": {"id": "c12_replay_150_0105_sla1.5", "base_id": "c12_replay_150_0105", "campus": 12, "size": 150, "condition": "sla1.5", "sla_multiplier": 1.5, "crew_multiplier": 1.0, "method": "wspt", "seed": 301, "feasible": 1, "wwt": 56.0, "makespan": 92.1662, "mean_flow": 7.903041333333334, "breach_share": 0.013333333333333334, "breach_p1": 0.08, "breach_p2": 0.0, "breach_p3": 0.0, "breach_p4": 0.0, "wall_seconds": 0.00035532889887690544}, "atc": {"id": "c12_replay_150_0105_sla1.5", "base_id": "c12_replay_150_0105", "campus": 12, "size": 150, "condition": "sla1.5", "sla_multiplier": 1.5, "crew_multiplier": 1.0, "method": "atc", "seed": 301, "feasible": 1, "wwt": 56.0, "makespan": 92.1662, "mean_flow": 7.903041333333334, "breach_share": 0.013333333333333334, "breach_p1": 0.08, "breach_p2": 0.0, "breach_p3": 0.0, "breach_p4": 0.0, "wall_seconds": 0.00034909695386886597}, "pfifo": {"id": "c12_replay_150_0105_sla1.5", "base_id": "c12_replay_150_0105", "campus": 12, "size": 150, "condition": "sla1.5", "sla_multiplier": 1.5, "crew_multiplier": 1.0, "method": "pfifo", "seed": 301, "feasible": 1, "wwt": 56.0, "makespan": 92.1662, "mean_flow": 7.903041333333334, "breach_share": 0.013333333333333334, "breach_p1": 0.08, "breach_p2": 0.0, "breach_p3": 0.0, "breach_p4": 0.0, "wall_seconds": 0.00026680994778871536}, "mor": {"id": "c12_replay_150_0105_sla1.5", "base_id": "c12_replay_150_0105", "campus": 12, "size": 150, "condition": "sla1.5", "sla_multiplier": 1.5, "crew_multiplier": 1.0, "method": "mor", "seed": 301, "feasible": 1, "wwt": 56.0, "makespan": 92.1662, "mean_flow": 7.909708, "breach_share": 0.013333333333333334, "breach_p1": 0.08, "breach_p2": 0.0, "breach_p3": 0.0, "breach_p4": 0.0, "wall_seconds": 0.00026430608704686165}, "random": {"id": "c12_replay_150_0105_sla1.5", "base_id": "c12_replay_150_0105", "campus": 12, "size": 150, "condition": "sla1.5", "sla_multiplier": 1.5, "crew_multiplier": 1.0, "method": "random", "seed": 301, "feasible": 1, "wwt": 56.0, "makespan": 92.1662, "mean_flow": 7.903041333333334, "breach_share": 0.013333333333333334, "breach_p1": 0.08, "breach_p2": 0.0, "breach_p3": 0.0, "breach_p4": 0.0, "wall_seconds": 0.00027654506266117096}, "v2rl301": {"id": "c12_replay_150_0105_sla1.5", "base_id": "c12_replay_150_0105", "campus": 12, "size": 150, "condition": "sla1.5", "sla_multiplier": 1.5, "crew_multiplier": 1.0, "method": "v2rl301", "seed": 301, "feasible": 1, "wwt": 56.0, "makespan": 92.1662, "mean_flow": 7.909708, "breach_share": 0.013333333333333334, "breach_p1": 0.08, "breach_p2": 0.0, "breach_p3": 0.0, "breach_p4": 0.0, "wall_seconds": 0.015325400047004223}, "v2rl302": {"id": "c12_replay_150_0105_sla1.5", "base_id": "c12_replay_150_0105", "campus": 12, "size": 150, "condition": "sla1.5", "sla_multiplier": 1.5, "crew_multiplier": 1.0, "method": "v2rl302", "seed": 302, "feasible": 1, "wwt": 56.0, "makespan": 92.1662, "mean_flow": 7.909708, "breach_share": 0.013333333333333334, "breach_p1": 0.08, "breach_p2": 0.0, "breach_p3": 0.0, "breach_p4": 0.0, "wall_seconds": 0.014870564918965101}, "v2rl303": {"id": "c12_replay_150_0105_sla1.5", "base_id": "c12_replay_150_0105", "campus": 12, "size": 150, "condition": "sla1.5", "sla_multiplier": 1.5, "crew_multiplier": 1.0, "method": "v2rl303", "seed": 303, "feasible": 1, "wwt": 56.0, "makespan": 92.1662, "mean_flow": 7.906374666666667, "breach_share": 0.013333333333333334, "breach_p1": 0.08, "breach_p2": 0.0, "breach_p3": 0.0, "breach_p4": 0.0, "wall_seconds": 0.014764785766601562}}, "methods_expected": ["edd", "wspt", "atc", "pfifo", "mor", "random", "v2rl301", "v2rl302", "v2rl303"], "infeasible": [], "wall_seconds_total": 0.04908721521496773}