{"shard_id": "c12_replay_150_0120_m1.25", "id": "c12_replay_150_0120_m1.25", "base_id": "c12_replay_150_0120", "campus": 12, "size": 150, "condition": "crew1.25", "rows": {"edd": {"id": "c12_replay_150_0120_m1.25", "base_id": "c12_replay_150_0120", "campus": 12, "size": 150, "condition": "crew1.25", "sla_multiplier": 1.0, "crew_multiplier": 1.25, "method": "edd", "seed": 301, "feasible": 1, "wwt": 1512.0, "makespan": 94.3142, "mean_flow": 6.296765333333334, "breach_share": 0.04666666666666667, "breach_p1": 0.28, "breach_p2": 0.0, "breach_p3": 0.0, "breach_p4": 0.0, "wall_seconds": 0.0002999696880578995}, "wspt": {"id": "c12_replay_150_0120_m1.25", "base_id": "c12_replay_150_0120", "campus": 12, "size": 150, "condition": "crew1.25", "sla_multiplier": 1.0, "crew_multiplier": 1.25, "method": "wspt", "seed": 301, "feasible": 1, "wwt": 1512.0, "makespan": 94.3142, "mean_flow": 6.296765333333334, "breach_share": 0.04666666666666667, "breach_p1": 0.28, "breach_p2": 0.0, "breach_p3": 0.0, "breach_p4": 0.0, "wall_seconds": 0.0002868738956749439}, "atc": {"id": "c12_replay_150_0120_m1.25", "base_id": "c12_replay_150_0120", "campus": 12, "size": 150, "condition": "crew1.25", "sla_multiplier": 1.0, "crew_multiplier": 1.25, "method": "atc", "seed": 301, "feasible": 1, "wwt": 1512.0, "makespan": 94.3142, "mean_flow": 6.296765333333334, "breach_share": 0.04666666666666667, "breach_p1": 0.28, "breach_p2": 0.0, "breach_p3": 0.0, "breach_p4": 0.0, "wall_seconds": 0.0003604819066822529}, "pfifo": {"id": "c12_replay_150_0120_m1.25", "base_id": "c12_replay_150_0120", "campus": 12, "size": 150, "condition": "crew1.25", "sla_multiplier": 1.0, "crew_multiplier": 1.25, "method": "pfifo", "seed": 301, "feasible": 1, "wwt": 1512.0, "makespan": 94.3142, "mean_flow": 6.296765333333334, "breach_share": 0.04666666666666667, "breach_p1": 0.28, "breach_p2": 0.0, "breach_p3": 0.0, "breach_p4": 0.0, "wall_seconds": 0.0002803732641041279}, "mor": {"id": "c12_replay_150_0120_m1.25", "base_id": "c12_replay_150_0120", "campus": 12, "size": 150, "condition": "crew1.25", "sla_multiplier": 1.0, "crew_multiplier": 1.25, "method": "mor", "seed": 301, "feasible": 1, "wwt": 1512.0, "makespan": 94.3142, "mean_flow": 6.296765333333334, "breach_share": 0.04666666666666667, "breach_p1": 0.28, "breach_p2": 0.0, "breach_p3": 0.0, "breach_p4": 0.0, "wall_seconds": 0.0002949764020740986}, "random": {"id": "c12_replay_150_0120_m1.25", "base_id": "c12_replay_150_0120", "campus": 12, "size": 150, "condition": "crew1.25", "sla_multiplier": 1.0, "crew_multiplier": 1.25, "method": "random", "seed": 301, "feasible": 1, "wwt": 1512.0, "makespan": 94.3142, "mean_flow": 6.296765333333334, "breach_share": 0.04666666666666667, "breach_p1": 0.28, "breach_p2": 0.0, "breach_p3": 0.0, "breach_p4": 0.0, "wall_seconds": 0.00028548063710331917}, "v2rl301": {"id": "c12_replay_150_0120_m1.25", "base_id": "c12_replay_150_0120", "campus": 12, "size": 150, "condition": "crew1.25", "sla_multiplier": 1.0, "crew_multiplier": 1.25, "method": "v2rl301", "seed": 301, "feasible": 1, "wwt": 1512.0, "makespan": 94.3142, "mean_flow": 6.296765333333334, "breach_share": 0.04666666666666667, "breach_p1": 0.28, "breach_p2": 0.0, "breach_p3": 0.0, "breach_p4": 0.0, "wall_seconds": 0.015212744940072298}, "v2rl302": {"id": "c12_replay_150_0120_m1.25", "base_id": "c12_replay_150_0120", "campus": 12, "size": 150, "condition": "crew1.25", "sla_multiplier": 1.0, "crew_multiplier": 1.25, "method": "v2rl302", "seed": 302, "feasible": 1, "wwt": 1512.0, "makespan": 94.3142, "mean_flow": 6.296765333333334, "breach_share": 0.04666666666666667, "breach_p1": 0.28, "breach_p2": 0.0, "breach_p3": 0.0, "breach_p4": 0.0, "wall_seconds": 0.014737948309630156}, "v2rl303": {"id": "c12_replay_150_0120_m1.25", "base_id": "c12_replay_150_0120", "campus": 12, "size": 150, "condition": "crew1.25", "sla_multiplier": 1.0, "crew_multiplier": 1.25, "method": "v2rl303", "seed": 303, "feasible": 1, "wwt": 1512.0, "makespan": 94.3142, "mean_flow": 6.296765333333334, "breach_share": 0.04666666666666667, "breach_p1": 0.28, "breach_p2": 0.0, "breach_p3": 0.0, "breach_p4": 0.0, "wall_seconds": 0.014755064155906439}}, "methods_expected": ["edd", "wspt", "atc", "pfifo", "mor", "random", "v2rl301", "v2rl302", "v2rl303"], "infeasible": [], "wall_seconds_total": 0.04889931483194232}