{"shard_id": "c12_replay_400_0065_m0.75", "id": "c12_replay_400_0065_m0.75", "base_id": "c12_replay_400_0065", "campus": 12, "size": 400, "condition": "crew0.75", "rows": {"edd": {"id": "c12_replay_400_0065_m0.75", "base_id": "c12_replay_400_0065", "campus": 12, "size": 400, "condition": "crew0.75", "sla_multiplier": 1.0, "crew_multiplier": 0.75, "method": "edd", "seed": 301, "feasible": 1, "wwt": 1463.3276, "makespan": 106.7467, "mean_flow": 6.708844249999999, "breach_share": 0.0375, "breach_p1": 0.12903225806451613, "breach_p2": 0.06578947368421052, "breach_p3": 0.023255813953488372, "breach_p4": 0.0, "wall_seconds": 0.0006308979354798794}, "wspt": {"id": "c12_replay_400_0065_m0.75", "base_id": "c12_replay_400_0065", "campus": 12, "size": 400, "condition": "crew0.75", "sla_multiplier": 1.0, "crew_multiplier": 0.75, "method": "wspt", "seed": 301, "feasible": 1, "wwt": 1486.7852, "makespan": 106.7467, "mean_flow": 6.45216475, "breach_share": 0.0375, "breach_p1": 0.12903225806451613, "breach_p2": 0.06578947368421052, "breach_p3": 0.023255813953488372, "breach_p4": 0.0, "wall_seconds": 0.0006484640762209892}, "atc": {"id": "c12_replay_400_0065_m0.75", "base_id": "c12_replay_400_0065", "campus": 12, "size": 400, "condition": "crew0.75", "sla_multiplier": 1.0, "crew_multiplier": 0.75, "method": "atc", "seed": 301, "feasible": 1, "wwt": 1463.3276, "makespan": 106.7467, "mean_flow": 6.47790575, "breach_share": 0.0375, "breach_p1": 0.12903225806451613, "breach_p2": 0.06578947368421052, "breach_p3": 0.023255813953488372, "breach_p4": 0.0, "wall_seconds": 0.0008205031044781208}, "pfifo": {"id": "c12_replay_400_0065_m0.75", "base_id": "c12_replay_400_0065", "campus": 12, "size": 400, "condition": "crew0.75", "sla_multiplier": 1.0, "crew_multiplier": 0.75, "method": "pfifo", "seed": 301, "feasible": 1, "wwt": 1463.3276, "makespan": 106.7467, "mean_flow": 6.708844249999999, "breach_share": 0.0375, "breach_p1": 0.12903225806451613, "breach_p2": 0.06578947368421052, "breach_p3": 0.023255813953488372, "breach_p4": 0.0, "wall_seconds": 0.0006254939362406731}, "mor": {"id": "c12_replay_400_0065_m0.75", "base_id": "c12_replay_400_0065", "campus": 12, "size": 400, "condition": "crew0.75", "sla_multiplier": 1.0, "crew_multiplier": 0.75, "method": "mor", "seed": 301, "feasible": 1, "wwt": 1463.3276, "makespan": 106.7467, "mean_flow": 7.1117427499999994, "breach_share": 0.0375, "breach_p1": 0.12903225806451613, "breach_p2": 0.06578947368421052, "breach_p3": 0.023255813953488372, "breach_p4": 0.0, "wall_seconds": 0.0006211209110915661}, "random": {"id": "c12_replay_400_0065_m0.75", "base_id": "c12_replay_400_0065", "campus": 12, "size": 400, "condition": "crew0.75", "sla_multiplier": 1.0, "crew_multiplier": 0.75, "method": "random", "seed": 301, "feasible": 1, "wwt": 1469.3276, "makespan": 106.7467, "mean_flow": 6.743791249999999, "breach_share": 0.0375, "breach_p1": 0.12903225806451613, "breach_p2": 0.06578947368421052, "breach_p3": 0.023255813953488372, "breach_p4": 0.0, "wall_seconds": 0.0005539096891880035}, "v2rl301": {"id": "c12_replay_400_0065_m0.75", "base_id": "c12_replay_400_0065", "campus": 12, "size": 400, "condition": "crew0.75", "sla_multiplier": 1.0, "crew_multiplier": 0.75, "method": "v2rl301", "seed": 301, "feasible": 1, "wwt": 1463.3276, "makespan": 106.7467, "mean_flow": 6.9520409999999995, "breach_share": 0.0375, "breach_p1": 0.12903225806451613, "breach_p2": 0.06578947368421052, "breach_p3": 0.023255813953488372, "breach_p4": 0.0, "wall_seconds": 0.042366502806544304}, "v2rl302": {"id": "c12_replay_400_0065_m0.75", "base_id": "c12_replay_400_0065", "campus": 12, "size": 400, "condition": "crew0.75", "sla_multiplier": 1.0, "crew_multiplier": 0.75, "method": "v2rl302", "seed": 302, "feasible": 1, "wwt": 1463.3276, "makespan": 106.7467, "mean_flow": 6.9795145000000005, "breach_share": 0.0375, "breach_p1": 0.12903225806451613, "breach_p2": 0.06578947368421052, "breach_p3": 0.023255813953488372, "breach_p4": 0.0, "wall_seconds": 0.04148657899349928}, "v2rl303": {"id": "c12_replay_400_0065_m0.75", "base_id": "c12_replay_400_0065", "campus": 12, "size": 400, "condition": "crew0.75", "sla_multiplier": 1.0, "crew_multiplier": 0.75, "method": "v2rl303", "seed": 303, "feasible": 1, "wwt": 1463.3276, "makespan": 106.7467, "mean_flow": 6.811944, "breach_share": 0.0375, "breach_p1": 0.12903225806451613, "breach_p2": 0.06578947368421052, "breach_p3": 0.023255813953488372, "breach_p4": 0.0, "wall_seconds": 0.0416930727660656}}, "methods_expected": ["edd", "wspt", "atc", "pfifo", "mor", "random", "v2rl301", "v2rl302", "v2rl303"], "infeasible": [], "wall_seconds_total": 0.13408440491184592}