{"shard_id": "c12_replay_150_0119", "id": "c12_replay_150_0119", "base_id": "c12_replay_150_0119", "campus": 12, "size": 150, "condition": "baseline", "rows": {"edd": {"id": "c12_replay_150_0119", "base_id": "c12_replay_150_0119", "campus": 12, "size": 150, "condition": "baseline", "sla_multiplier": 1.0, "crew_multiplier": 1.0, "method": "edd", "seed": 301, "feasible": 1, "wwt": 1086.9184, "makespan": 93.19590000000001, "mean_flow": 5.939197333333333, "breach_share": 0.02666666666666667, "breach_p1": 0.19047619047619047, "breach_p2": 0.0, "breach_p3": 0.0, "breach_p4": 0.0, "wall_seconds": 0.0002793227322399616}, "wspt": {"id": "c12_replay_150_0119", "base_id": "c12_replay_150_0119", "campus": 12, "size": 150, "condition": "baseline", "sla_multiplier": 1.0, "crew_multiplier": 1.0, "method": "wspt", "seed": 301, "feasible": 1, "wwt": 1086.9184, "makespan": 93.19590000000001, "mean_flow": 5.939197333333333, "breach_share": 0.02666666666666667, "breach_p1": 0.19047619047619047, "breach_p2": 0.0, "breach_p3": 0.0, "breach_p4": 0.0, "wall_seconds": 0.0002709692344069481}, "atc": {"id": "c12_replay_150_0119", "base_id": "c12_replay_150_0119", "campus": 12, "size": 150, "condition": "baseline", "sla_multiplier": 1.0, "crew_multiplier": 1.0, "method": "atc", "seed": 301, "feasible": 1, "wwt": 1086.9184, "makespan": 93.19590000000001, "mean_flow": 5.939197333333333, "breach_share": 0.02666666666666667, "breach_p1": 0.19047619047619047, "breach_p2": 0.0, "breach_p3": 0.0, "breach_p4": 0.0, "wall_seconds": 0.0003387201577425003}, "pfifo": {"id": "c12_replay_150_0119", "base_id": "c12_replay_150_0119", "campus": 12, "size": 150, "condition": "baseline", "sla_multiplier": 1.0, "crew_multiplier": 1.0, "method": "pfifo", "seed": 301, "feasible": 1, "wwt": 1086.9184, "makespan": 93.19590000000001, "mean_flow": 5.939197333333333, "breach_share": 0.02666666666666667, "breach_p1": 0.19047619047619047, "breach_p2": 0.0, "breach_p3": 0.0, "breach_p4": 0.0, "wall_seconds": 0.0002808142453432083}, "mor": {"id": "c12_replay_150_0119", "base_id": "c12_replay_150_0119", "campus": 12, "size": 150, "condition": "baseline", "sla_multiplier": 1.0, "crew_multiplier": 1.0, "method": "mor", "seed": 301, "feasible": 1, "wwt": 1086.9184, "makespan": 93.19590000000001, "mean_flow": 5.939197333333333, "breach_share": 0.02666666666666667, "breach_p1": 0.19047619047619047, "breach_p2": 0.0, "breach_p3": 0.0, "breach_p4": 0.0, "wall_seconds": 0.000270242802798748}, "random": {"id": "c12_replay_150_0119", "base_id": "c12_replay_150_0119", "campus": 12, "size": 150, "condition": "baseline", "sla_multiplier": 1.0, "crew_multiplier": 1.0, "method": "random", "seed": 301, "feasible": 1, "wwt": 1086.9184, "makespan": 93.19590000000001, "mean_flow": 5.939197333333333, "breach_share": 0.02666666666666667, "breach_p1": 0.19047619047619047, "breach_p2": 0.0, "breach_p3": 0.0, "breach_p4": 0.0, "wall_seconds": 0.0002650069072842598}, "v2rl301": {"id": "c12_replay_150_0119", "base_id": "c12_replay_150_0119", "campus": 12, "size": 150, "condition": "baseline", "sla_multiplier": 1.0, "crew_multiplier": 1.0, "method": "v2rl301", "seed": 301, "feasible": 1, "wwt": 1086.9184, "makespan": 93.19590000000001, "mean_flow": 5.939197333333333, "breach_share": 0.02666666666666667, "breach_p1": 0.19047619047619047, "breach_p2": 0.0, "breach_p3": 0.0, "breach_p4": 0.0, "wall_seconds": 0.015209062956273556}, "v2rl302": {"id": "c12_replay_150_0119", "base_id": "c12_replay_150_0119", "campus": 12, "size": 150, "condition": "baseline", "sla_multiplier": 1.0, "crew_multiplier": 1.0, "method": "v2rl302", "seed": 302, "feasible": 1, "wwt": 1086.9184, "makespan": 93.19590000000001, "mean_flow": 5.939197333333333, "breach_share": 0.02666666666666667, "breach_p1": 0.19047619047619047, "breach_p2": 0.0, "breach_p3": 0.0, "breach_p4": 0.0, "wall_seconds": 0.014978419989347458}, "v2rl303": {"id": "c12_replay_150_0119", "base_id": "c12_replay_150_0119", "campus": 12, "size": 150, "condition": "baseline", "sla_multiplier": 1.0, "crew_multiplier": 1.0, "method": "v2rl303", "seed": 303, "feasible": 1, "wwt": 1086.9184, "makespan": 93.19590000000001, "mean_flow": 5.939197333333333, "breach_share": 0.02666666666666667, "breach_p1": 0.19047619047619047, "breach_p2": 0.0, "breach_p3": 0.0, "breach_p4": 0.0, "wall_seconds": 0.015308554749935865}}, "methods_expected": ["edd", "wspt", "atc", "pfifo", "mor", "random", "v2rl301", "v2rl302", "v2rl303"], "infeasible": [], "wall_seconds_total": 0.04907273920252919}