{"shard_id": "c12_replay_150_0120_sla1.5", "id": "c12_replay_150_0120_sla1.5", "base_id": "c12_replay_150_0120", "campus": 12, "size": 150, "condition": "sla1.5", "rows": {"edd": {"id": "c12_replay_150_0120_sla1.5", "base_id": "c12_replay_150_0120", "campus": 12, "size": 150, "condition": "sla1.5", "sla_multiplier": 1.5, "crew_multiplier": 1.0, "method": "edd", "seed": 301, "feasible": 1, "wwt": 1288.0, "makespan": 94.3142, "mean_flow": 6.307889333333334, "breach_share": 0.04666666666666667, "breach_p1": 0.28, "breach_p2": 0.0, "breach_p3": 0.0, "breach_p4": 0.0, "wall_seconds": 0.0002931840717792511}, "wspt": {"id": "c12_replay_150_0120_sla1.5", "base_id": "c12_replay_150_0120", "campus": 12, "size": 150, "condition": "sla1.5", "sla_multiplier": 1.5, "crew_multiplier": 1.0, "method": "wspt", "seed": 301, "feasible": 1, "wwt": 1296.0, "makespan": 94.3142, "mean_flow": 6.307889333333334, "breach_share": 0.04666666666666667, "breach_p1": 0.28, "breach_p2": 0.0, "breach_p3": 0.0, "breach_p4": 0.0, "wall_seconds": 0.00028050271794199944}, "atc": {"id": "c12_replay_150_0120_sla1.5", "base_id": "c12_replay_150_0120", "campus": 12, "size": 150, "condition": "sla1.5", "sla_multiplier": 1.5, "crew_multiplier": 1.0, "method": "atc", "seed": 301, "feasible": 1, "wwt": 1288.0, "makespan": 94.3142, "mean_flow": 6.307889333333334, "breach_share": 0.04666666666666667, "breach_p1": 0.28, "breach_p2": 0.0, "breach_p3": 0.0, "breach_p4": 0.0, "wall_seconds": 0.0003568059764802456}, "pfifo": {"id": "c12_replay_150_0120_sla1.5", "base_id": "c12_replay_150_0120", "campus": 12, "size": 150, "condition": "sla1.5", "sla_multiplier": 1.5, "crew_multiplier": 1.0, "method": "pfifo", "seed": 301, "feasible": 1, "wwt": 1288.0, "makespan": 94.3142, "mean_flow": 6.307889333333334, "breach_share": 0.04666666666666667, "breach_p1": 0.28, "breach_p2": 0.0, "breach_p3": 0.0, "breach_p4": 0.0, "wall_seconds": 0.0002821488305926323}, "mor": {"id": "c12_replay_150_0120_sla1.5", "base_id": "c12_replay_150_0120", "campus": 12, "size": 150, "condition": "sla1.5", "sla_multiplier": 1.5, "crew_multiplier": 1.0, "method": "mor", "seed": 301, "feasible": 1, "wwt": 1288.0, "makespan": 94.3142, "mean_flow": 6.32091, "breach_share": 0.04666666666666667, "breach_p1": 0.28, "breach_p2": 0.0, "breach_p3": 0.0, "breach_p4": 0.0, "wall_seconds": 0.0002649952657520771}, "random": {"id": "c12_replay_150_0120_sla1.5", "base_id": "c12_replay_150_0120", "campus": 12, "size": 150, "condition": "sla1.5", "sla_multiplier": 1.5, "crew_multiplier": 1.0, "method": "random", "seed": 301, "feasible": 1, "wwt": 1288.0, "makespan": 94.3142, "mean_flow": 6.307889333333334, "breach_share": 0.04666666666666667, "breach_p1": 0.28, "breach_p2": 0.0, "breach_p3": 0.0, "breach_p4": 0.0, "wall_seconds": 0.00025507109239697456}, "v2rl301": {"id": "c12_replay_150_0120_sla1.5", "base_id": "c12_replay_150_0120", "campus": 12, "size": 150, "condition": "sla1.5", "sla_multiplier": 1.5, "crew_multiplier": 1.0, "method": "v2rl301", "seed": 301, "feasible": 1, "wwt": 1288.0, "makespan": 94.3142, "mean_flow": 6.32091, "breach_share": 0.04666666666666667, "breach_p1": 0.28, "breach_p2": 0.0, "breach_p3": 0.0, "breach_p4": 0.0, "wall_seconds": 0.015540484804660082}, "v2rl302": {"id": "c12_replay_150_0120_sla1.5", "base_id": "c12_replay_150_0120", "campus": 12, "size": 150, "condition": "sla1.5", "sla_multiplier": 1.5, "crew_multiplier": 1.0, "method": "v2rl302", "seed": 302, "feasible": 1, "wwt": 1288.0, "makespan": 94.3142, "mean_flow": 6.307889333333334, "breach_share": 0.04666666666666667, "breach_p1": 0.28, "breach_p2": 0.0, "breach_p3": 0.0, "breach_p4": 0.0, "wall_seconds": 0.015174830798059702}, "v2rl303": {"id": "c12_replay_150_0120_sla1.5", "base_id": "c12_replay_150_0120", "campus": 12, "size": 150, "condition": "sla1.5", "sla_multiplier": 1.5, "crew_multiplier": 1.0, "method": "v2rl303", "seed": 303, "feasible": 1, "wwt": 1288.0, "makespan": 94.3142, "mean_flow": 6.307889333333334, "breach_share": 0.04666666666666667, "breach_p1": 0.28, "breach_p2": 0.0, "breach_p3": 0.0, "breach_p4": 0.0, "wall_seconds": 0.014802966732531786}}, "methods_expected": ["edd", "wspt", "atc", "pfifo", "mor", "random", "v2rl301", "v2rl302", "v2rl303"], "infeasible": [], "wall_seconds_total": 0.04950658231973648}