{"shard_id": "c12_replay_150_0128_sla0.5", "id": "c12_replay_150_0128_sla0.5", "base_id": "c12_replay_150_0128", "campus": 12, "size": 150, "condition": "sla0.5", "rows": {"edd": {"id": "c12_replay_150_0128_sla0.5", "base_id": "c12_replay_150_0128", "campus": 12, "size": 150, "condition": "sla0.5", "sla_multiplier": 0.5, "crew_multiplier": 1.0, "method": "edd", "seed": 301, "feasible": 1, "wwt": 291.624, "makespan": 92.1156, "mean_flow": 5.950629333333333, "breach_share": 0.06, "breach_p1": 0.2222222222222222, "breach_p2": 0.0625, "breach_p3": 0.08108108108108109, "breach_p4": 0.012658227848101266, "wall_seconds": 0.00028752395883202553}, "wspt": {"id": "c12_replay_150_0128_sla0.5", "base_id": "c12_replay_150_0128", "campus": 12, "size": 150, "condition": "sla0.5", "sla_multiplier": 0.5, "crew_multiplier": 1.0, "method": "wspt", "seed": 301, "feasible": 1, "wwt": 291.624, "makespan": 92.1156, "mean_flow": 5.950629333333333, "breach_share": 0.06, "breach_p1": 0.2222222222222222, "breach_p2": 0.0625, "breach_p3": 0.08108108108108109, "breach_p4": 0.012658227848101266, "wall_seconds": 0.000276744831353426}, "atc": {"id": "c12_replay_150_0128_sla0.5", "base_id": "c12_replay_150_0128", "campus": 12, "size": 150, "condition": "sla0.5", "sla_multiplier": 0.5, "crew_multiplier": 1.0, "method": "atc", "seed": 301, "feasible": 1, "wwt": 291.624, "makespan": 92.1156, "mean_flow": 5.950629333333333, "breach_share": 0.06, "breach_p1": 0.2222222222222222, "breach_p2": 0.0625, "breach_p3": 0.08108108108108109, "breach_p4": 0.012658227848101266, "wall_seconds": 0.00033168820664286613}, "pfifo": {"id": "c12_replay_150_0128_sla0.5", "base_id": "c12_replay_150_0128", "campus": 12, "size": 150, "condition": "sla0.5", "sla_multiplier": 0.5, "crew_multiplier": 1.0, "method": "pfifo", "seed": 301, "feasible": 1, "wwt": 291.624, "makespan": 92.1156, "mean_flow": 5.950629333333333, "breach_share": 0.06, "breach_p1": 0.2222222222222222, "breach_p2": 0.0625, "breach_p3": 0.08108108108108109, "breach_p4": 0.012658227848101266, "wall_seconds": 0.00025844108313322067}, "mor": {"id": "c12_replay_150_0128_sla0.5", "base_id": "c12_replay_150_0128", "campus": 12, "size": 150, "condition": "sla0.5", "sla_multiplier": 0.5, "crew_multiplier": 1.0, "method": "mor", "seed": 301, "feasible": 1, "wwt": 291.624, "makespan": 92.1156, "mean_flow": 5.950629333333333, "breach_share": 0.06, "breach_p1": 0.2222222222222222, "breach_p2": 0.0625, "breach_p3": 0.08108108108108109, "breach_p4": 0.012658227848101266, "wall_seconds": 0.0002564690075814724}, "random": {"id": "c12_replay_150_0128_sla0.5", "base_id": "c12_replay_150_0128", "campus": 12, "size": 150, "condition": "sla0.5", "sla_multiplier": 0.5, "crew_multiplier": 1.0, "method": "random", "seed": 301, "feasible": 1, "wwt": 291.624, "makespan": 92.1156, "mean_flow": 5.950629333333333, "breach_share": 0.06, "breach_p1": 0.2222222222222222, "breach_p2": 0.0625, "breach_p3": 0.08108108108108109, "breach_p4": 0.012658227848101266, "wall_seconds": 0.00024795206263661385}, "v2rl301": {"id": "c12_replay_150_0128_sla0.5", "base_id": "c12_replay_150_0128", "campus": 12, "size": 150, "condition": "sla0.5", "sla_multiplier": 0.5, "crew_multiplier": 1.0, "method": "v2rl301", "seed": 301, "feasible": 1, "wwt": 291.624, "makespan": 92.1156, "mean_flow": 5.950629333333333, "breach_share": 0.06, "breach_p1": 0.2222222222222222, "breach_p2": 0.0625, "breach_p3": 0.08108108108108109, "breach_p4": 0.012658227848101266, "wall_seconds": 0.015066433697938919}, "v2rl302": {"id": "c12_replay_150_0128_sla0.5", "base_id": "c12_replay_150_0128", "campus": 12, "size": 150, "condition": "sla0.5", "sla_multiplier": 0.5, "crew_multiplier": 1.0, "method": "v2rl302", "seed": 302, "feasible": 1, "wwt": 291.624, "makespan": 92.1156, "mean_flow": 5.950629333333333, "breach_share": 0.06, "breach_p1": 0.2222222222222222, "breach_p2": 0.0625, "breach_p3": 0.08108108108108109, "breach_p4": 0.012658227848101266, "wall_seconds": 0.014761977829039097}, "v2rl303": {"id": "c12_replay_150_0128_sla0.5", "base_id": "c12_replay_150_0128", "campus": 12, "size": 150, "condition": "sla0.5", "sla_multiplier": 0.5, "crew_multiplier": 1.0, "method": "v2rl303", "seed": 303, "feasible": 1, "wwt": 291.624, "makespan": 92.1156, "mean_flow": 5.950629333333333, "breach_share": 0.06, "breach_p1": 0.2222222222222222, "breach_p2": 0.0625, "breach_p3": 0.08108108108108109, "breach_p4": 0.012658227848101266, "wall_seconds": 0.0150090460665524}}, "methods_expected": ["edd", "wspt", "atc", "pfifo", "mor", "random", "v2rl301", "v2rl302", "v2rl303"], "infeasible": [], "wall_seconds_total": 0.0487634208984673}