{"shard_id": "c12_replay_150_0127", "id": "c12_replay_150_0127", "base_id": "c12_replay_150_0127", "campus": 12, "size": 150, "condition": "baseline", "rows": {"edd": {"id": "c12_replay_150_0127", "base_id": "c12_replay_150_0127", "campus": 12, "size": 150, "condition": "baseline", "sla_multiplier": 1.0, "crew_multiplier": 1.0, "method": "edd", "seed": 301, "feasible": 1, "wwt": 102.0, "makespan": 97.1215, "mean_flow": 5.339846, "breach_share": 0.006666666666666667, "breach_p1": 0.0, "breach_p2": 0.030303030303030304, "breach_p3": 0.0, "breach_p4": 0.0, "wall_seconds": 0.00028233602643013}, "wspt": {"id": "c12_replay_150_0127", "base_id": "c12_replay_150_0127", "campus": 12, "size": 150, "condition": "baseline", "sla_multiplier": 1.0, "crew_multiplier": 1.0, "method": "wspt", "seed": 301, "feasible": 1, "wwt": 102.0, "makespan": 97.1215, "mean_flow": 5.339846, "breach_share": 0.006666666666666667, "breach_p1": 0.0, "breach_p2": 0.030303030303030304, "breach_p3": 0.0, "breach_p4": 0.0, "wall_seconds": 0.0002921139821410179}, "atc": {"id": "c12_replay_150_0127", "base_id": "c12_replay_150_0127", "campus": 12, "size": 150, "condition": "baseline", "sla_multiplier": 1.0, "crew_multiplier": 1.0, "method": "atc", "seed": 301, "feasible": 1, "wwt": 102.0, "makespan": 97.1215, "mean_flow": 5.339846, "breach_share": 0.006666666666666667, "breach_p1": 0.0, "breach_p2": 0.030303030303030304, "breach_p3": 0.0, "breach_p4": 0.0, "wall_seconds": 0.00033156899735331535}, "pfifo": {"id": "c12_replay_150_0127", "base_id": "c12_replay_150_0127", "campus": 12, "size": 150, "condition": "baseline", "sla_multiplier": 1.0, "crew_multiplier": 1.0, "method": "pfifo", "seed": 301, "feasible": 1, "wwt": 102.0, "makespan": 97.1215, "mean_flow": 5.339846, "breach_share": 0.006666666666666667, "breach_p1": 0.0, "breach_p2": 0.030303030303030304, "breach_p3": 0.0, "breach_p4": 0.0, "wall_seconds": 0.0002823970280587673}, "mor": {"id": "c12_replay_150_0127", "base_id": "c12_replay_150_0127", "campus": 12, "size": 150, "condition": "baseline", "sla_multiplier": 1.0, "crew_multiplier": 1.0, "method": "mor", "seed": 301, "feasible": 1, "wwt": 102.0, "makespan": 97.1215, "mean_flow": 5.354558, "breach_share": 0.006666666666666667, "breach_p1": 0.0, "breach_p2": 0.030303030303030304, "breach_p3": 0.0, "breach_p4": 0.0, "wall_seconds": 0.0002610827796161175}, "random": {"id": "c12_replay_150_0127", "base_id": "c12_replay_150_0127", "campus": 12, "size": 150, "condition": "baseline", "sla_multiplier": 1.0, "crew_multiplier": 1.0, "method": "random", "seed": 301, "feasible": 1, "wwt": 102.0, "makespan": 97.1215, "mean_flow": 5.3437166666666664, "breach_share": 0.006666666666666667, "breach_p1": 0.0, "breach_p2": 0.030303030303030304, "breach_p3": 0.0, "breach_p4": 0.0, "wall_seconds": 0.00025019701570272446}, "v2rl301": {"id": "c12_replay_150_0127", "base_id": "c12_replay_150_0127", "campus": 12, "size": 150, "condition": "baseline", "sla_multiplier": 1.0, "crew_multiplier": 1.0, "method": "v2rl301", "seed": 301, "feasible": 1, "wwt": 102.0, "makespan": 97.1215, "mean_flow": 5.3437166666666664, "breach_share": 0.006666666666666667, "breach_p1": 0.0, "breach_p2": 0.030303030303030304, "breach_p3": 0.0, "breach_p4": 0.0, "wall_seconds": 0.015376208815723658}, "v2rl302": {"id": "c12_replay_150_0127", "base_id": "c12_replay_150_0127", "campus": 12, "size": 150, "condition": "baseline", "sla_multiplier": 1.0, "crew_multiplier": 1.0, "method": "v2rl302", "seed": 302, "feasible": 1, "wwt": 102.0, "makespan": 97.1215, "mean_flow": 5.3437166666666664, "breach_share": 0.006666666666666667, "breach_p1": 0.0, "breach_p2": 0.030303030303030304, "breach_p3": 0.0, "breach_p4": 0.0, "wall_seconds": 0.015126468148082495}, "v2rl303": {"id": "c12_replay_150_0127", "base_id": "c12_replay_150_0127", "campus": 12, "size": 150, "condition": "baseline", "sla_multiplier": 1.0, "crew_multiplier": 1.0, "method": "v2rl303", "seed": 303, "feasible": 1, "wwt": 102.0, "makespan": 97.1215, "mean_flow": 5.3437166666666664, "breach_share": 0.006666666666666667, "breach_p1": 0.0, "breach_p2": 0.030303030303030304, "breach_p3": 0.0, "breach_p4": 0.0, "wall_seconds": 0.014941731002181768}}, "methods_expected": ["edd", "wspt", "atc", "pfifo", "mor", "random", "v2rl301", "v2rl302", "v2rl303"], "infeasible": [], "wall_seconds_total": 0.04897869983687997}