{"shard_id": "c12_replay_400_0071_m1.25", "id": "c12_replay_400_0071_m1.25", "base_id": "c12_replay_400_0071", "campus": 12, "size": 400, "condition": "crew1.25", "rows": {"edd": {"id": "c12_replay_400_0071_m1.25", "base_id": "c12_replay_400_0071", "campus": 12, "size": 400, "condition": "crew1.25", "sla_multiplier": 1.0, "crew_multiplier": 1.25, "method": "edd", "seed": 301, "feasible": 1, "wwt": 554.9295999999999, "makespan": 109.3259, "mean_flow": 5.664823999999999, "breach_share": 0.025, "breach_p1": 0.11290322580645161, "breach_p2": 0.023255813953488372, "breach_p3": 0.008928571428571428, "breach_p4": 0.0, "wall_seconds": 0.0006521530449390411}, "wspt": {"id": "c12_replay_400_0071_m1.25", "base_id": "c12_replay_400_0071", "campus": 12, "size": 400, "condition": "crew1.25", "sla_multiplier": 1.0, "crew_multiplier": 1.25, "method": "wspt", "seed": 301, "feasible": 1, "wwt": 554.9295999999999, "makespan": 109.3259, "mean_flow": 5.664823999999999, "breach_share": 0.025, "breach_p1": 0.11290322580645161, "breach_p2": 0.023255813953488372, "breach_p3": 0.008928571428571428, "breach_p4": 0.0, "wall_seconds": 0.0006549539975821972}, "atc": {"id": "c12_replay_400_0071_m1.25", "base_id": "c12_replay_400_0071", "campus": 12, "size": 400, "condition": "crew1.25", "sla_multiplier": 1.0, "crew_multiplier": 1.25, "method": "atc", "seed": 301, "feasible": 1, "wwt": 554.9295999999999, "makespan": 109.3259, "mean_flow": 5.664823999999999, "breach_share": 0.025, "breach_p1": 0.11290322580645161, "breach_p2": 0.023255813953488372, "breach_p3": 0.008928571428571428, "breach_p4": 0.0, "wall_seconds": 0.0008245650678873062}, "pfifo": {"id": "c12_replay_400_0071_m1.25", "base_id": "c12_replay_400_0071", "campus": 12, "size": 400, "condition": "crew1.25", "sla_multiplier": 1.0, "crew_multiplier": 1.25, "method": "pfifo", "seed": 301, "feasible": 1, "wwt": 554.9295999999999, "makespan": 109.3259, "mean_flow": 5.664823999999999, "breach_share": 0.025, "breach_p1": 0.11290322580645161, "breach_p2": 0.023255813953488372, "breach_p3": 0.008928571428571428, "breach_p4": 0.0, "wall_seconds": 0.000623771920800209}, "mor": {"id": "c12_replay_400_0071_m1.25", "base_id": "c12_replay_400_0071", "campus": 12, "size": 400, "condition": "crew1.25", "sla_multiplier": 1.0, "crew_multiplier": 1.25, "method": "mor", "seed": 301, "feasible": 1, "wwt": 554.9295999999999, "makespan": 109.3259, "mean_flow": 5.664823999999999, "breach_share": 0.025, "breach_p1": 0.11290322580645161, "breach_p2": 0.023255813953488372, "breach_p3": 0.008928571428571428, "breach_p4": 0.0, "wall_seconds": 0.0006181281059980392}, "random": {"id": "c12_replay_400_0071_m1.25", "base_id": "c12_replay_400_0071", "campus": 12, "size": 400, "condition": "crew1.25", "sla_multiplier": 1.0, "crew_multiplier": 1.25, "method": "random", "seed": 301, "feasible": 1, "wwt": 554.9295999999999, "makespan": 109.3259, "mean_flow": 5.664823999999999, "breach_share": 0.025, "breach_p1": 0.11290322580645161, "breach_p2": 0.023255813953488372, "breach_p3": 0.008928571428571428, "breach_p4": 0.0, "wall_seconds": 0.0005844892002642155}, "v2rl301": {"id": "c12_replay_400_0071_m1.25", "base_id": "c12_replay_400_0071", "campus": 12, "size": 400, "condition": "crew1.25", "sla_multiplier": 1.0, "crew_multiplier": 1.25, "method": "v2rl301", "seed": 301, "feasible": 1, "wwt": 554.9295999999999, "makespan": 109.3259, "mean_flow": 5.664823999999999, "breach_share": 0.025, "breach_p1": 0.11290322580645161, "breach_p2": 0.023255813953488372, "breach_p3": 0.008928571428571428, "breach_p4": 0.0, "wall_seconds": 0.04026702791452408}, "v2rl302": {"id": "c12_replay_400_0071_m1.25", "base_id": "c12_replay_400_0071", "campus": 12, "size": 400, "condition": "crew1.25", "sla_multiplier": 1.0, "crew_multiplier": 1.25, "method": "v2rl302", "seed": 302, "feasible": 1, "wwt": 554.9295999999999, "makespan": 109.3259, "mean_flow": 5.664823999999999, "breach_share": 0.025, "breach_p1": 0.11290322580645161, "breach_p2": 0.023255813953488372, "breach_p3": 0.008928571428571428, "breach_p4": 0.0, "wall_seconds": 0.04021709877997637}, "v2rl303": {"id": "c12_replay_400_0071_m1.25", "base_id": "c12_replay_400_0071", "campus": 12, "size": 400, "condition": "crew1.25", "sla_multiplier": 1.0, "crew_multiplier": 1.25, "method": "v2rl303", "seed": 303, "feasible": 1, "wwt": 554.9295999999999, "makespan": 109.3259, "mean_flow": 5.664823999999999, "breach_share": 0.025, "breach_p1": 0.11290322580645161, "breach_p2": 0.023255813953488372, "breach_p3": 0.008928571428571428, "breach_p4": 0.0, "wall_seconds": 0.040718354750424623}}, "methods_expected": ["edd", "wspt", "atc", "pfifo", "mor", "random", "v2rl301", "v2rl302", "v2rl303"], "infeasible": [], "wall_seconds_total": 0.12982199573889375}