{"shard_id": "c12_replay_400_0088_m1.25", "id": "c12_replay_400_0088_m1.25", "base_id": "c12_replay_400_0088", "campus": 12, "size": 400, "condition": "crew1.25", "rows": {"edd": {"id": "c12_replay_400_0088_m1.25", "base_id": "c12_replay_400_0088", "campus": 12, "size": 400, "condition": "crew1.25", "sla_multiplier": 1.0, "crew_multiplier": 1.25, "method": "edd", "seed": 301, "feasible": 1, "wwt": 993.6, "makespan": 77.0, "mean_flow": 3.59416025, "breach_share": 0.0175, "breach_p1": 0.12962962962962962, "breach_p2": 0.0, "breach_p3": 0.0, "breach_p4": 0.0, "wall_seconds": 0.0007562730461359024}, "wspt": {"id": "c12_replay_400_0088_m1.25", "base_id": "c12_replay_400_0088", "campus": 12, "size": 400, "condition": "crew1.25", "sla_multiplier": 1.0, "crew_multiplier": 1.25, "method": "wspt", "seed": 301, "feasible": 1, "wwt": 999.6, "makespan": 77.5, "mean_flow": 3.5227017500000004, "breach_share": 0.0175, "breach_p1": 0.12962962962962962, "breach_p2": 0.0, "breach_p3": 0.0, "breach_p4": 0.0, "wall_seconds": 0.0008045351132750511}, "atc": {"id": "c12_replay_400_0088_m1.25", "base_id": "c12_replay_400_0088", "campus": 12, "size": 400, "condition": "crew1.25", "sla_multiplier": 1.0, "crew_multiplier": 1.25, "method": "atc", "seed": 301, "feasible": 1, "wwt": 993.6, "makespan": 77.0, "mean_flow": 3.5561675000000004, "breach_share": 0.0175, "breach_p1": 0.12962962962962962, "breach_p2": 0.0, "breach_p3": 0.0, "breach_p4": 0.0, "wall_seconds": 0.0012241043150424957}, "pfifo": {"id": "c12_replay_400_0088_m1.25", "base_id": "c12_replay_400_0088", "campus": 12, "size": 400, "condition": "crew1.25", "sla_multiplier": 1.0, "crew_multiplier": 1.25, "method": "pfifo", "seed": 301, "feasible": 1, "wwt": 993.6, "makespan": 77.0, "mean_flow": 3.59416025, "breach_share": 0.0175, "breach_p1": 0.12962962962962962, "breach_p2": 0.0, "breach_p3": 0.0, "breach_p4": 0.0, "wall_seconds": 0.000768306665122509}, "mor": {"id": "c12_replay_400_0088_m1.25", "base_id": "c12_replay_400_0088", "campus": 12, "size": 400, "condition": "crew1.25", "sla_multiplier": 1.0, "crew_multiplier": 1.25, "method": "mor", "seed": 301, "feasible": 1, "wwt": 993.6, "makespan": 77.0, "mean_flow": 3.68328625, "breach_share": 0.0175, "breach_p1": 0.12962962962962962, "breach_p2": 0.0, "breach_p3": 0.0, "breach_p4": 0.0, "wall_seconds": 0.0007459931075572968}, "random": {"id": "c12_replay_400_0088_m1.25", "base_id": "c12_replay_400_0088", "campus": 12, "size": 400, "condition": "crew1.25", "sla_multiplier": 1.0, "crew_multiplier": 1.25, "method": "random", "seed": 301, "feasible": 1, "wwt": 994.6752, "makespan": 77.0, "mean_flow": 3.5704190000000007, "breach_share": 0.0175, "breach_p1": 0.12962962962962962, "breach_p2": 0.0, "breach_p3": 0.0, "breach_p4": 0.0, "wall_seconds": 0.0006198221817612648}, "v2rl301": {"id": "c12_replay_400_0088_m1.25", "base_id": "c12_replay_400_0088", "campus": 12, "size": 400, "condition": "crew1.25", "sla_multiplier": 1.0, "crew_multiplier": 1.25, "method": "v2rl301", "seed": 301, "feasible": 1, "wwt": 993.6, "makespan": 77.0, "mean_flow": 3.6564345000000005, "breach_share": 0.0175, "breach_p1": 0.12962962962962962, "breach_p2": 0.0, "breach_p3": 0.0, "breach_p4": 0.0, "wall_seconds": 0.04342955118045211}, "v2rl302": {"id": "c12_replay_400_0088_m1.25", "base_id": "c12_replay_400_0088", "campus": 12, "size": 400, "condition": "crew1.25", "sla_multiplier": 1.0, "crew_multiplier": 1.25, "method": "v2rl302", "seed": 302, "feasible": 1, "wwt": 993.6, "makespan": 77.0, "mean_flow": 3.63716825, "breach_share": 0.0175, "breach_p1": 0.12962962962962962, "breach_p2": 0.0, "breach_p3": 0.0, "breach_p4": 0.0, "wall_seconds": 0.041965872049331665}, "v2rl303": {"id": "c12_replay_400_0088_m1.25", "base_id": "c12_replay_400_0088", "campus": 12, "size": 400, "condition": "crew1.25", "sla_multiplier": 1.0, "crew_multiplier": 1.25, "method": "v2rl303", "seed": 303, "feasible": 1, "wwt": 993.6, "makespan": 77.0, "mean_flow": 3.620687, "breach_share": 0.0175, "breach_p1": 0.12962962962962962, "breach_p2": 0.0, "breach_p3": 0.0, "breach_p4": 0.0, "wall_seconds": 0.04183241631835699}}, "methods_expected": ["edd", "wspt", "atc", "pfifo", "mor", "random", "v2rl301", "v2rl302", "v2rl303"], "infeasible": [], "wall_seconds_total": 0.13696605013683438}