{"shard_id": "c12_replay_150_0108", "id": "c12_replay_150_0108", "base_id": "c12_replay_150_0108", "campus": 12, "size": 150, "condition": "baseline", "rows": {"edd": {"id": "c12_replay_150_0108", "base_id": "c12_replay_150_0108", "campus": 12, "size": 150, "condition": "baseline", "sla_multiplier": 1.0, "crew_multiplier": 1.0, "method": "edd", "seed": 301, "feasible": 1, "wwt": 211.0, "makespan": 93.93260000000001, "mean_flow": 5.8802433333333335, "breach_share": 0.02, "breach_p1": 0.05, "breach_p2": 0.07142857142857142, "breach_p3": 0.01818181818181818, "breach_p4": 0.0, "wall_seconds": 0.0002903938293457031}, "wspt": {"id": "c12_replay_150_0108", "base_id": "c12_replay_150_0108", "campus": 12, "size": 150, "condition": "baseline", "sla_multiplier": 1.0, "crew_multiplier": 1.0, "method": "wspt", "seed": 301, "feasible": 1, "wwt": 211.0, "makespan": 93.93260000000001, "mean_flow": 5.880243333333333, "breach_share": 0.02, "breach_p1": 0.05, "breach_p2": 0.07142857142857142, "breach_p3": 0.01818181818181818, "breach_p4": 0.0, "wall_seconds": 0.00026735803112387657}, "atc": {"id": "c12_replay_150_0108", "base_id": "c12_replay_150_0108", "campus": 12, "size": 150, "condition": "baseline", "sla_multiplier": 1.0, "crew_multiplier": 1.0, "method": "atc", "seed": 301, "feasible": 1, "wwt": 211.0, "makespan": 93.93260000000001, "mean_flow": 5.880243333333333, "breach_share": 0.02, "breach_p1": 0.05, "breach_p2": 0.07142857142857142, "breach_p3": 0.01818181818181818, "breach_p4": 0.0, "wall_seconds": 0.00034096697345376015}, "pfifo": {"id": "c12_replay_150_0108", "base_id": "c12_replay_150_0108", "campus": 12, "size": 150, "condition": "baseline", "sla_multiplier": 1.0, "crew_multiplier": 1.0, "method": "pfifo", "seed": 301, "feasible": 1, "wwt": 211.0, "makespan": 93.93260000000001, "mean_flow": 5.8802433333333335, "breach_share": 0.02, "breach_p1": 0.05, "breach_p2": 0.07142857142857142, "breach_p3": 0.01818181818181818, "breach_p4": 0.0, "wall_seconds": 0.0002607950009405613}, "mor": {"id": "c12_replay_150_0108", "base_id": "c12_replay_150_0108", "campus": 12, "size": 150, "condition": "baseline", "sla_multiplier": 1.0, "crew_multiplier": 1.0, "method": "mor", "seed": 301, "feasible": 1, "wwt": 211.0, "makespan": 93.93260000000001, "mean_flow": 5.880243333333333, "breach_share": 0.02, "breach_p1": 0.05, "breach_p2": 0.07142857142857142, "breach_p3": 0.01818181818181818, "breach_p4": 0.0, "wall_seconds": 0.0002619670704007149}, "random": {"id": "c12_replay_150_0108", "base_id": "c12_replay_150_0108", "campus": 12, "size": 150, "condition": "baseline", "sla_multiplier": 1.0, "crew_multiplier": 1.0, "method": "random", "seed": 301, "feasible": 1, "wwt": 211.0, "makespan": 93.93260000000001, "mean_flow": 5.880243333333333, "breach_share": 0.02, "breach_p1": 0.05, "breach_p2": 0.07142857142857142, "breach_p3": 0.01818181818181818, "breach_p4": 0.0, "wall_seconds": 0.00024814996868371964}, "v2rl301": {"id": "c12_replay_150_0108", "base_id": "c12_replay_150_0108", "campus": 12, "size": 150, "condition": "baseline", "sla_multiplier": 1.0, "crew_multiplier": 1.0, "method": "v2rl301", "seed": 301, "feasible": 1, "wwt": 211.0, "makespan": 93.93260000000001, "mean_flow": 5.880243333333333, "breach_share": 0.02, "breach_p1": 0.05, "breach_p2": 0.07142857142857142, "breach_p3": 0.01818181818181818, "breach_p4": 0.0, "wall_seconds": 0.01512643788009882}, "v2rl302": {"id": "c12_replay_150_0108", "base_id": "c12_replay_150_0108", "campus": 12, "size": 150, "condition": "baseline", "sla_multiplier": 1.0, "crew_multiplier": 1.0, "method": "v2rl302", "seed": 302, "feasible": 1, "wwt": 211.0, "makespan": 93.93260000000001, "mean_flow": 5.8802433333333335, "breach_share": 0.02, "breach_p1": 0.05, "breach_p2": 0.07142857142857142, "breach_p3": 0.01818181818181818, "breach_p4": 0.0, "wall_seconds": 0.015093019232153893}, "v2rl303": {"id": "c12_replay_150_0108", "base_id": "c12_replay_150_0108", "campus": 12, "size": 150, "condition": "baseline", "sla_multiplier": 1.0, "crew_multiplier": 1.0, "method": "v2rl303", "seed": 303, "feasible": 1, "wwt": 211.0, "makespan": 93.93260000000001, "mean_flow": 5.8802433333333335, "breach_share": 0.02, "breach_p1": 0.05, "breach_p2": 0.07142857142857142, "breach_p3": 0.01818181818181818, "breach_p4": 0.0, "wall_seconds": 0.015085711143910885}}, "methods_expected": ["edd", "wspt", "atc", "pfifo", "mor", "random", "v2rl301", "v2rl302", "v2rl303"], "infeasible": [], "wall_seconds_total": 0.048811964225023985}