{"shard_id": "c12_replay_150_0104_sla0.5", "id": "c12_replay_150_0104_sla0.5", "base_id": "c12_replay_150_0104", "campus": 12, "size": 150, "condition": "sla0.5", "rows": {"edd": {"id": "c12_replay_150_0104_sla0.5", "base_id": "c12_replay_150_0104", "campus": 12, "size": 150, "condition": "sla0.5", "sla_multiplier": 0.5, "crew_multiplier": 1.0, "method": "edd", "seed": 301, "feasible": 1, "wwt": 2133.2, "makespan": 107.25, "mean_flow": 6.249570666666667, "breach_share": 0.14, "breach_p1": 0.3877551020408163, "breach_p2": 0.02857142857142857, "breach_p3": 0.041666666666666664, "breach_p4": 0.0, "wall_seconds": 0.00029867328703403473}, "wspt": {"id": "c12_replay_150_0104_sla0.5", "base_id": "c12_replay_150_0104", "campus": 12, "size": 150, "condition": "sla0.5", "sla_multiplier": 0.5, "crew_multiplier": 1.0, "method": "wspt", "seed": 301, "feasible": 1, "wwt": 2133.2, "makespan": 107.25, "mean_flow": 6.249570666666667, "breach_share": 0.14, "breach_p1": 0.3877551020408163, "breach_p2": 0.02857142857142857, "breach_p3": 0.041666666666666664, "breach_p4": 0.0, "wall_seconds": 0.0002824370749294758}, "atc": {"id": "c12_replay_150_0104_sla0.5", "base_id": "c12_replay_150_0104", "campus": 12, "size": 150, "condition": "sla0.5", "sla_multiplier": 0.5, "crew_multiplier": 1.0, "method": "atc", "seed": 301, "feasible": 1, "wwt": 2133.2, "makespan": 107.25, "mean_flow": 6.249570666666667, "breach_share": 0.14, "breach_p1": 0.3877551020408163, "breach_p2": 0.02857142857142857, "breach_p3": 0.041666666666666664, "breach_p4": 0.0, "wall_seconds": 0.00034701498225331306}, "pfifo": {"id": "c12_replay_150_0104_sla0.5", "base_id": "c12_replay_150_0104", "campus": 12, "size": 150, "condition": "sla0.5", "sla_multiplier": 0.5, "crew_multiplier": 1.0, "method": "pfifo", "seed": 301, "feasible": 1, "wwt": 2133.2, "makespan": 107.25, "mean_flow": 6.249570666666667, "breach_share": 0.14, "breach_p1": 0.3877551020408163, "breach_p2": 0.02857142857142857, "breach_p3": 0.041666666666666664, "breach_p4": 0.0, "wall_seconds": 0.0002667396329343319}, "mor": {"id": "c12_replay_150_0104_sla0.5", "base_id": "c12_replay_150_0104", "campus": 12, "size": 150, "condition": "sla0.5", "sla_multiplier": 0.5, "crew_multiplier": 1.0, "method": "mor", "seed": 301, "feasible": 1, "wwt": 2133.2, "makespan": 107.25, "mean_flow": 6.249570666666667, "breach_share": 0.14, "breach_p1": 0.3877551020408163, "breach_p2": 0.02857142857142857, "breach_p3": 0.041666666666666664, "breach_p4": 0.0, "wall_seconds": 0.000262673944234848}, "random": {"id": "c12_replay_150_0104_sla0.5", "base_id": "c12_replay_150_0104", "campus": 12, "size": 150, "condition": "sla0.5", "sla_multiplier": 0.5, "crew_multiplier": 1.0, "method": "random", "seed": 301, "feasible": 1, "wwt": 2133.2, "makespan": 107.25, "mean_flow": 6.249570666666667, "breach_share": 0.14, "breach_p1": 0.3877551020408163, "breach_p2": 0.02857142857142857, "breach_p3": 0.041666666666666664, "breach_p4": 0.0, "wall_seconds": 0.00025355396792292595}, "v2rl301": {"id": "c12_replay_150_0104_sla0.5", "base_id": "c12_replay_150_0104", "campus": 12, "size": 150, "condition": "sla0.5", "sla_multiplier": 0.5, "crew_multiplier": 1.0, "method": "v2rl301", "seed": 301, "feasible": 1, "wwt": 2133.2, "makespan": 107.25, "mean_flow": 6.249570666666667, "breach_share": 0.14, "breach_p1": 0.3877551020408163, "breach_p2": 0.02857142857142857, "breach_p3": 0.041666666666666664, "breach_p4": 0.0, "wall_seconds": 0.015174741856753826}, "v2rl302": {"id": "c12_replay_150_0104_sla0.5", "base_id": "c12_replay_150_0104", "campus": 12, "size": 150, "condition": "sla0.5", "sla_multiplier": 0.5, "crew_multiplier": 1.0, "method": "v2rl302", "seed": 302, "feasible": 1, "wwt": 2133.2, "makespan": 107.25, "mean_flow": 6.249570666666667, "breach_share": 0.14, "breach_p1": 0.3877551020408163, "breach_p2": 0.02857142857142857, "breach_p3": 0.041666666666666664, "breach_p4": 0.0, "wall_seconds": 0.014950635842978954}, "v2rl303": {"id": "c12_replay_150_0104_sla0.5", "base_id": "c12_replay_150_0104", "campus": 12, "size": 150, "condition": "sla0.5", "sla_multiplier": 0.5, "crew_multiplier": 1.0, "method": "v2rl303", "seed": 303, "feasible": 1, "wwt": 2133.2, "makespan": 107.25, "mean_flow": 6.249570666666667, "breach_share": 0.14, "breach_p1": 0.3877551020408163, "breach_p2": 0.02857142857142857, "breach_p3": 0.041666666666666664, "breach_p4": 0.0, "wall_seconds": 0.015429364051669836}}, "methods_expected": ["edd", "wspt", "atc", "pfifo", "mor", "random", "v2rl301", "v2rl302", "v2rl303"], "infeasible": [], "wall_seconds_total": 0.049502283334732056}