{"shard_id": "c12_replay_150_0126", "id": "c12_replay_150_0126", "base_id": "c12_replay_150_0126", "campus": 12, "size": 150, "condition": "baseline", "rows": {"edd": {"id": "c12_replay_150_0126", "base_id": "c12_replay_150_0126", "campus": 12, "size": 150, "condition": "baseline", "sla_multiplier": 1.0, "crew_multiplier": 1.0, "method": "edd", "seed": 301, "feasible": 1, "wwt": 319.7296, "makespan": 97.5526, "mean_flow": 5.691864, "breach_share": 0.03333333333333333, "breach_p1": 0.0967741935483871, "breach_p2": 0.047619047619047616, "breach_p3": 0.030303030303030304, "breach_p4": 0.0, "wall_seconds": 0.0002780202776193619}, "wspt": {"id": "c12_replay_150_0126", "base_id": "c12_replay_150_0126", "campus": 12, "size": 150, "condition": "baseline", "sla_multiplier": 1.0, "crew_multiplier": 1.0, "method": "wspt", "seed": 301, "feasible": 1, "wwt": 319.7296, "makespan": 97.5526, "mean_flow": 5.691864, "breach_share": 0.03333333333333333, "breach_p1": 0.0967741935483871, "breach_p2": 0.047619047619047616, "breach_p3": 0.030303030303030304, "breach_p4": 0.0, "wall_seconds": 0.00027095014229416847}, "atc": {"id": "c12_replay_150_0126", "base_id": "c12_replay_150_0126", "campus": 12, "size": 150, "condition": "baseline", "sla_multiplier": 1.0, "crew_multiplier": 1.0, "method": "atc", "seed": 301, "feasible": 1, "wwt": 319.7296, "makespan": 97.5526, "mean_flow": 5.691864, "breach_share": 0.03333333333333333, "breach_p1": 0.0967741935483871, "breach_p2": 0.047619047619047616, "breach_p3": 0.030303030303030304, "breach_p4": 0.0, "wall_seconds": 0.0003415010869503021}, "pfifo": {"id": "c12_replay_150_0126", "base_id": "c12_replay_150_0126", "campus": 12, "size": 150, "condition": "baseline", "sla_multiplier": 1.0, "crew_multiplier": 1.0, "method": "pfifo", "seed": 301, "feasible": 1, "wwt": 319.7296, "makespan": 97.5526, "mean_flow": 5.691864, "breach_share": 0.03333333333333333, "breach_p1": 0.0967741935483871, "breach_p2": 0.047619047619047616, "breach_p3": 0.030303030303030304, "breach_p4": 0.0, "wall_seconds": 0.00026422785595059395}, "mor": {"id": "c12_replay_150_0126", "base_id": "c12_replay_150_0126", "campus": 12, "size": 150, "condition": "baseline", "sla_multiplier": 1.0, "crew_multiplier": 1.0, "method": "mor", "seed": 301, "feasible": 1, "wwt": 319.7296, "makespan": 97.5526, "mean_flow": 5.691864, "breach_share": 0.03333333333333333, "breach_p1": 0.0967741935483871, "breach_p2": 0.047619047619047616, "breach_p3": 0.030303030303030304, "breach_p4": 0.0, "wall_seconds": 0.0002615489065647125}, "random": {"id": "c12_replay_150_0126", "base_id": "c12_replay_150_0126", "campus": 12, "size": 150, "condition": "baseline", "sla_multiplier": 1.0, "crew_multiplier": 1.0, "method": "random", "seed": 301, "feasible": 1, "wwt": 319.7296, "makespan": 97.5526, "mean_flow": 5.691864, "breach_share": 0.03333333333333333, "breach_p1": 0.0967741935483871, "breach_p2": 0.047619047619047616, "breach_p3": 0.030303030303030304, "breach_p4": 0.0, "wall_seconds": 0.00024861982092261314}, "v2rl301": {"id": "c12_replay_150_0126", "base_id": "c12_replay_150_0126", "campus": 12, "size": 150, "condition": "baseline", "sla_multiplier": 1.0, "crew_multiplier": 1.0, "method": "v2rl301", "seed": 301, "feasible": 1, "wwt": 319.7296, "makespan": 97.5526, "mean_flow": 5.691864, "breach_share": 0.03333333333333333, "breach_p1": 0.0967741935483871, "breach_p2": 0.047619047619047616, "breach_p3": 0.030303030303030304, "breach_p4": 0.0, "wall_seconds": 0.015140282921493053}, "v2rl302": {"id": "c12_replay_150_0126", "base_id": "c12_replay_150_0126", "campus": 12, "size": 150, "condition": "baseline", "sla_multiplier": 1.0, "crew_multiplier": 1.0, "method": "v2rl302", "seed": 302, "feasible": 1, "wwt": 319.7296, "makespan": 97.5526, "mean_flow": 5.691864, "breach_share": 0.03333333333333333, "breach_p1": 0.0967741935483871, "breach_p2": 0.047619047619047616, "breach_p3": 0.030303030303030304, "breach_p4": 0.0, "wall_seconds": 0.014925763942301273}, "v2rl303": {"id": "c12_replay_150_0126", "base_id": "c12_replay_150_0126", "campus": 12, "size": 150, "condition": "baseline", "sla_multiplier": 1.0, "crew_multiplier": 1.0, "method": "v2rl303", "seed": 303, "feasible": 1, "wwt": 319.7296, "makespan": 97.5526, "mean_flow": 5.691864, "breach_share": 0.03333333333333333, "breach_p1": 0.0967741935483871, "breach_p2": 0.047619047619047616, "breach_p3": 0.030303030303030304, "breach_p4": 0.0, "wall_seconds": 0.015081027057021856}}, "methods_expected": ["edd", "wspt", "atc", "pfifo", "mor", "random", "v2rl301", "v2rl302", "v2rl303"], "infeasible": [], "wall_seconds_total": 0.0486340899951756}