{"shard_id": "c12_replay_400_0063_m0.75", "id": "c12_replay_400_0063_m0.75", "base_id": "c12_replay_400_0063", "campus": 12, "size": 400, "condition": "crew0.75", "rows": {"edd": {"id": "c12_replay_400_0063_m0.75", "base_id": "c12_replay_400_0063", "campus": 12, "size": 400, "condition": "crew0.75", "sla_multiplier": 1.0, "crew_multiplier": 0.75, "method": "edd", "seed": 301, "feasible": 1, "wwt": 2755.4736000000003, "makespan": 115.9881, "mean_flow": 7.16366075, "breach_share": 0.0525, "breach_p1": 0.19318181818181818, "breach_p2": 0.04, "breach_p3": 0.01020408163265306, "breach_p4": 0.0, "wall_seconds": 0.000626786146312952}, "wspt": {"id": "c12_replay_400_0063_m0.75", "base_id": "c12_replay_400_0063", "campus": 12, "size": 400, "condition": "crew0.75", "sla_multiplier": 1.0, "crew_multiplier": 0.75, "method": "wspt", "seed": 301, "feasible": 1, "wwt": 2780.3184, "makespan": 115.5, "mean_flow": 7.15683725, "breach_share": 0.0525, "breach_p1": 0.19318181818181818, "breach_p2": 0.04, "breach_p3": 0.01020408163265306, "breach_p4": 0.0, "wall_seconds": 0.0006254231557250023}, "atc": {"id": "c12_replay_400_0063_m0.75", "base_id": "c12_replay_400_0063", "campus": 12, "size": 400, "condition": "crew0.75", "sla_multiplier": 1.0, "crew_multiplier": 0.75, "method": "atc", "seed": 301, "feasible": 1, "wwt": 2764.2232000000004, "makespan": 115.5, "mean_flow": 7.15767775, "breach_share": 0.0525, "breach_p1": 0.19318181818181818, "breach_p2": 0.04, "breach_p3": 0.01020408163265306, "breach_p4": 0.0, "wall_seconds": 0.00081206439062953}, "pfifo": {"id": "c12_replay_400_0063_m0.75", "base_id": "c12_replay_400_0063", "campus": 12, "size": 400, "condition": "crew0.75", "sla_multiplier": 1.0, "crew_multiplier": 0.75, "method": "pfifo", "seed": 301, "feasible": 1, "wwt": 2755.4736000000003, "makespan": 115.9881, "mean_flow": 7.16366075, "breach_share": 0.0525, "breach_p1": 0.19318181818181818, "breach_p2": 0.04, "breach_p3": 0.01020408163265306, "breach_p4": 0.0, "wall_seconds": 0.0006101117469370365}, "mor": {"id": "c12_replay_400_0063_m0.75", "base_id": "c12_replay_400_0063", "campus": 12, "size": 400, "condition": "crew0.75", "sla_multiplier": 1.0, "crew_multiplier": 0.75, "method": "mor", "seed": 301, "feasible": 1, "wwt": 2748.3184, "makespan": 115.5, "mean_flow": 7.19954625, "breach_share": 0.0525, "breach_p1": 0.19318181818181818, "breach_p2": 0.04, "breach_p3": 0.01020408163265306, "breach_p4": 0.0, "wall_seconds": 0.0006204158999025822}, "random": {"id": "c12_replay_400_0063_m0.75", "base_id": "c12_replay_400_0063", "campus": 12, "size": 400, "condition": "crew0.75", "sla_multiplier": 1.0, "crew_multiplier": 0.75, "method": "random", "seed": 301, "feasible": 1, "wwt": 2775.8720000000003, "makespan": 115.6156, "mean_flow": 7.175540499999999, "breach_share": 0.055, "breach_p1": 0.20454545454545456, "breach_p2": 0.04, "breach_p3": 0.01020408163265306, "breach_p4": 0.0, "wall_seconds": 0.000579513143748045}, "v2rl301": {"id": "c12_replay_400_0063_m0.75", "base_id": "c12_replay_400_0063", "campus": 12, "size": 400, "condition": "crew0.75", "sla_multiplier": 1.0, "crew_multiplier": 0.75, "method": "v2rl301", "seed": 301, "feasible": 1, "wwt": 2748.3184, "makespan": 115.5, "mean_flow": 7.1712375, "breach_share": 0.0525, "breach_p1": 0.19318181818181818, "breach_p2": 0.04, "breach_p3": 0.01020408163265306, "breach_p4": 0.0, "wall_seconds": 0.0414461730979383}, "v2rl302": {"id": "c12_replay_400_0063_m0.75", "base_id": "c12_replay_400_0063", "campus": 12, "size": 400, "condition": "crew0.75", "sla_multiplier": 1.0, "crew_multiplier": 0.75, "method": "v2rl302", "seed": 302, "feasible": 1, "wwt": 2748.3184, "makespan": 115.5, "mean_flow": 7.16622925, "breach_share": 0.0525, "breach_p1": 0.19318181818181818, "breach_p2": 0.04, "breach_p3": 0.01020408163265306, "breach_p4": 0.0, "wall_seconds": 0.040070817805826664}, "v2rl303": {"id": "c12_replay_400_0063_m0.75", "base_id": "c12_replay_400_0063", "campus": 12, "size": 400, "condition": "crew0.75", "sla_multiplier": 1.0, "crew_multiplier": 0.75, "method": "v2rl303", "seed": 303, "feasible": 1, "wwt": 2748.3184, "makespan": 115.5, "mean_flow": 7.169299499999999, "breach_share": 0.0525, "breach_p1": 0.19318181818181818, "breach_p2": 0.04, "breach_p3": 0.01020408163265306, "breach_p4": 0.0, "wall_seconds": 0.04008817719295621}}, "methods_expected": ["edd", "wspt", "atc", "pfifo", "mor", "random", "v2rl301", "v2rl302", "v2rl303"], "infeasible": [], "wall_seconds_total": 0.1300971028394997}