{"shard_id": "c12_replay_150_0104_m0.75", "id": "c12_replay_150_0104_m0.75", "base_id": "c12_replay_150_0104", "campus": 12, "size": 150, "condition": "crew0.75", "rows": {"edd": {"id": "c12_replay_150_0104_m0.75", "base_id": "c12_replay_150_0104", "campus": 12, "size": 150, "condition": "crew0.75", "sla_multiplier": 1.0, "crew_multiplier": 0.75, "method": "edd", "seed": 301, "feasible": 1, "wwt": 1590.3999999999999, "makespan": 107.25, "mean_flow": 6.309242666666666, "breach_share": 0.09333333333333334, "breach_p1": 0.2857142857142857, "breach_p2": 0.0, "breach_p3": 0.0, "breach_p4": 0.0, "wall_seconds": 0.0002728356048464775}, "wspt": {"id": "c12_replay_150_0104_m0.75", "base_id": "c12_replay_150_0104", "campus": 12, "size": 150, "condition": "crew0.75", "sla_multiplier": 1.0, "crew_multiplier": 0.75, "method": "wspt", "seed": 301, "feasible": 1, "wwt": 1590.3999999999999, "makespan": 107.25, "mean_flow": 6.306778, "breach_share": 0.09333333333333334, "breach_p1": 0.2857142857142857, "breach_p2": 0.0, "breach_p3": 0.0, "breach_p4": 0.0, "wall_seconds": 0.00026038894429802895}, "atc": {"id": "c12_replay_150_0104_m0.75", "base_id": "c12_replay_150_0104", "campus": 12, "size": 150, "condition": "crew0.75", "sla_multiplier": 1.0, "crew_multiplier": 0.75, "method": "atc", "seed": 301, "feasible": 1, "wwt": 1590.3999999999999, "makespan": 107.25, "mean_flow": 6.309242666666666, "breach_share": 0.09333333333333334, "breach_p1": 0.2857142857142857, "breach_p2": 0.0, "breach_p3": 0.0, "breach_p4": 0.0, "wall_seconds": 0.0003278222866356373}, "pfifo": {"id": "c12_replay_150_0104_m0.75", "base_id": "c12_replay_150_0104", "campus": 12, "size": 150, "condition": "crew0.75", "sla_multiplier": 1.0, "crew_multiplier": 0.75, "method": "pfifo", "seed": 301, "feasible": 1, "wwt": 1590.3999999999999, "makespan": 107.25, "mean_flow": 6.309242666666666, "breach_share": 0.09333333333333334, "breach_p1": 0.2857142857142857, "breach_p2": 0.0, "breach_p3": 0.0, "breach_p4": 0.0, "wall_seconds": 0.0002567581832408905}, "mor": {"id": "c12_replay_150_0104_m0.75", "base_id": "c12_replay_150_0104", "campus": 12, "size": 150, "condition": "crew0.75", "sla_multiplier": 1.0, "crew_multiplier": 0.75, "method": "mor", "seed": 301, "feasible": 1, "wwt": 1590.3999999999999, "makespan": 107.25, "mean_flow": 6.321348, "breach_share": 0.09333333333333334, "breach_p1": 0.2857142857142857, "breach_p2": 0.0, "breach_p3": 0.0, "breach_p4": 0.0, "wall_seconds": 0.00025211507454514503}, "random": {"id": "c12_replay_150_0104_m0.75", "base_id": "c12_replay_150_0104", "campus": 12, "size": 150, "condition": "crew0.75", "sla_multiplier": 1.0, "crew_multiplier": 0.75, "method": "random", "seed": 301, "feasible": 1, "wwt": 1590.3999999999999, "makespan": 107.25, "mean_flow": 6.309242666666666, "breach_share": 0.09333333333333334, "breach_p1": 0.2857142857142857, "breach_p2": 0.0, "breach_p3": 0.0, "breach_p4": 0.0, "wall_seconds": 0.0002424381673336029}, "v2rl301": {"id": "c12_replay_150_0104_m0.75", "base_id": "c12_replay_150_0104", "campus": 12, "size": 150, "condition": "crew0.75", "sla_multiplier": 1.0, "crew_multiplier": 0.75, "method": "v2rl301", "seed": 301, "feasible": 1, "wwt": 1590.3999999999999, "makespan": 107.25, "mean_flow": 6.321348, "breach_share": 0.09333333333333334, "breach_p1": 0.2857142857142857, "breach_p2": 0.0, "breach_p3": 0.0, "breach_p4": 0.0, "wall_seconds": 0.015536327846348286}, "v2rl302": {"id": "c12_replay_150_0104_m0.75", "base_id": "c12_replay_150_0104", "campus": 12, "size": 150, "condition": "crew0.75", "sla_multiplier": 1.0, "crew_multiplier": 0.75, "method": "v2rl302", "seed": 302, "feasible": 1, "wwt": 1590.3999999999999, "makespan": 107.25, "mean_flow": 6.321348, "breach_share": 0.09333333333333334, "breach_p1": 0.2857142857142857, "breach_p2": 0.0, "breach_p3": 0.0, "breach_p4": 0.0, "wall_seconds": 0.015687177889049053}, "v2rl303": {"id": "c12_replay_150_0104_m0.75", "base_id": "c12_replay_150_0104", "campus": 12, "size": 150, "condition": "crew0.75", "sla_multiplier": 1.0, "crew_multiplier": 0.75, "method": "v2rl303", "seed": 303, "feasible": 1, "wwt": 1590.3999999999999, "makespan": 107.25, "mean_flow": 6.321348, "breach_share": 0.09333333333333334, "breach_p1": 0.2857142857142857, "breach_p2": 0.0, "breach_p3": 0.0, "breach_p4": 0.0, "wall_seconds": 0.015303092077374458}}, "methods_expected": ["edd", "wspt", "atc", "pfifo", "mor", "random", "v2rl301", "v2rl302", "v2rl303"], "infeasible": [], "wall_seconds_total": 0.050300035160034895}