{"shard_id": "c12_replay_150_0105_m0.75", "id": "c12_replay_150_0105_m0.75", "base_id": "c12_replay_150_0105", "campus": 12, "size": 150, "condition": "crew0.75", "rows": {"edd": {"id": "c12_replay_150_0105_m0.75", "base_id": "c12_replay_150_0105", "campus": 12, "size": 150, "condition": "crew0.75", "sla_multiplier": 1.0, "crew_multiplier": 0.75, "method": "edd", "seed": 301, "feasible": 1, "wwt": 163.4592, "makespan": 92.1662, "mean_flow": 7.954025333333332, "breach_share": 0.02666666666666667, "breach_p1": 0.08, "breach_p2": 0.0, "breach_p3": 0.05263157894736842, "breach_p4": 0.0, "wall_seconds": 0.00026358943432569504}, "wspt": {"id": "c12_replay_150_0105_m0.75", "base_id": "c12_replay_150_0105", "campus": 12, "size": 150, "condition": "crew0.75", "sla_multiplier": 1.0, "crew_multiplier": 0.75, "method": "wspt", "seed": 301, "feasible": 1, "wwt": 163.4592, "makespan": 92.1662, "mean_flow": 7.950692000000001, "breach_share": 0.02666666666666667, "breach_p1": 0.08, "breach_p2": 0.0, "breach_p3": 0.05263157894736842, "breach_p4": 0.0, "wall_seconds": 0.00026198383420705795}, "atc": {"id": "c12_replay_150_0105_m0.75", "base_id": "c12_replay_150_0105", "campus": 12, "size": 150, "condition": "crew0.75", "sla_multiplier": 1.0, "crew_multiplier": 0.75, "method": "atc", "seed": 301, "feasible": 1, "wwt": 163.4592, "makespan": 92.1662, "mean_flow": 7.950692000000001, "breach_share": 0.02666666666666667, "breach_p1": 0.08, "breach_p2": 0.0, "breach_p3": 0.05263157894736842, "breach_p4": 0.0, "wall_seconds": 0.00034119514748454094}, "pfifo": {"id": "c12_replay_150_0105_m0.75", "base_id": "c12_replay_150_0105", "campus": 12, "size": 150, "condition": "crew0.75", "sla_multiplier": 1.0, "crew_multiplier": 0.75, "method": "pfifo", "seed": 301, "feasible": 1, "wwt": 163.4592, "makespan": 92.1662, "mean_flow": 7.954025333333332, "breach_share": 0.02666666666666667, "breach_p1": 0.08, "breach_p2": 0.0, "breach_p3": 0.05263157894736842, "breach_p4": 0.0, "wall_seconds": 0.0002614767290651798}, "mor": {"id": "c12_replay_150_0105_m0.75", "base_id": "c12_replay_150_0105", "campus": 12, "size": 150, "condition": "crew0.75", "sla_multiplier": 1.0, "crew_multiplier": 0.75, "method": "mor", "seed": 301, "feasible": 1, "wwt": 163.4592, "makespan": 92.1662, "mean_flow": 7.999906666666666, "breach_share": 0.02666666666666667, "breach_p1": 0.08, "breach_p2": 0.0, "breach_p3": 0.05263157894736842, "breach_p4": 0.0, "wall_seconds": 0.00025171320885419846}, "random": {"id": "c12_replay_150_0105_m0.75", "base_id": "c12_replay_150_0105", "campus": 12, "size": 150, "condition": "crew0.75", "sla_multiplier": 1.0, "crew_multiplier": 0.75, "method": "random", "seed": 301, "feasible": 1, "wwt": 163.4592, "makespan": 92.1662, "mean_flow": 7.96079, "breach_share": 0.02666666666666667, "breach_p1": 0.08, "breach_p2": 0.0, "breach_p3": 0.05263157894736842, "breach_p4": 0.0, "wall_seconds": 0.00023948634043335915}, "v2rl301": {"id": "c12_replay_150_0105_m0.75", "base_id": "c12_replay_150_0105", "campus": 12, "size": 150, "condition": "crew0.75", "sla_multiplier": 1.0, "crew_multiplier": 0.75, "method": "v2rl301", "seed": 301, "feasible": 1, "wwt": 163.4592, "makespan": 92.1662, "mean_flow": 7.9849066666666655, "breach_share": 0.02666666666666667, "breach_p1": 0.08, "breach_p2": 0.0, "breach_p3": 0.05263157894736842, "breach_p4": 0.0, "wall_seconds": 0.015578174963593483}, "v2rl302": {"id": "c12_replay_150_0105_m0.75", "base_id": "c12_replay_150_0105", "campus": 12, "size": 150, "condition": "crew0.75", "sla_multiplier": 1.0, "crew_multiplier": 0.75, "method": "v2rl302", "seed": 302, "feasible": 1, "wwt": 163.4592, "makespan": 92.1662, "mean_flow": 7.986573333333332, "breach_share": 0.02666666666666667, "breach_p1": 0.08, "breach_p2": 0.0, "breach_p3": 0.05263157894736842, "breach_p4": 0.0, "wall_seconds": 0.015344561077654362}, "v2rl303": {"id": "c12_replay_150_0105_m0.75", "base_id": "c12_replay_150_0105", "campus": 12, "size": 150, "condition": "crew0.75", "sla_multiplier": 1.0, "crew_multiplier": 0.75, "method": "v2rl303", "seed": 303, "feasible": 1, "wwt": 163.4592, "makespan": 92.1662, "mean_flow": 7.973910666666668, "breach_share": 0.02666666666666667, "breach_p1": 0.08, "breach_p2": 0.0, "breach_p3": 0.05263157894736842, "breach_p4": 0.0, "wall_seconds": 0.01522097596898675}}, "methods_expected": ["edd", "wspt", "atc", "pfifo", "mor", "random", "v2rl301", "v2rl302", "v2rl303"], "infeasible": [], "wall_seconds_total": 0.04996843170374632}