{"shard_id": "c12_replay_400_0062_m0.75", "id": "c12_replay_400_0062_m0.75", "base_id": "c12_replay_400_0062", "campus": 12, "size": 400, "condition": "crew0.75", "rows": {"edd": {"id": "c12_replay_400_0062_m0.75", "base_id": "c12_replay_400_0062", "campus": 12, "size": 400, "condition": "crew0.75", "sla_multiplier": 1.0, "crew_multiplier": 0.75, "method": "edd", "seed": 301, "feasible": 1, "wwt": 1759.848, "makespan": 106.802, "mean_flow": 5.40087575, "breach_share": 0.0375, "breach_p1": 0.14432989690721648, "breach_p2": 0.0, "breach_p3": 0.009345794392523364, "breach_p4": 0.0, "wall_seconds": 0.0006550140678882599}, "wspt": {"id": "c12_replay_400_0062_m0.75", "base_id": "c12_replay_400_0062", "campus": 12, "size": 400, "condition": "crew0.75", "sla_multiplier": 1.0, "crew_multiplier": 0.75, "method": "wspt", "seed": 301, "feasible": 1, "wwt": 1761.848, "makespan": 106.802, "mean_flow": 5.3981604999999995, "breach_share": 0.0375, "breach_p1": 0.14432989690721648, "breach_p2": 0.0, "breach_p3": 0.009345794392523364, "breach_p4": 0.0, "wall_seconds": 0.0006257561035454273}, "atc": {"id": "c12_replay_400_0062_m0.75", "base_id": "c12_replay_400_0062", "campus": 12, "size": 400, "condition": "crew0.75", "sla_multiplier": 1.0, "crew_multiplier": 0.75, "method": "atc", "seed": 301, "feasible": 1, "wwt": 1759.848, "makespan": 106.802, "mean_flow": 5.4002507500000005, "breach_share": 0.0375, "breach_p1": 0.14432989690721648, "breach_p2": 0.0, "breach_p3": 0.009345794392523364, "breach_p4": 0.0, "wall_seconds": 0.0008204597979784012}, "pfifo": {"id": "c12_replay_400_0062_m0.75", "base_id": "c12_replay_400_0062", "campus": 12, "size": 400, "condition": "crew0.75", "sla_multiplier": 1.0, "crew_multiplier": 0.75, "method": "pfifo", "seed": 301, "feasible": 1, "wwt": 1759.848, "makespan": 106.802, "mean_flow": 5.40087575, "breach_share": 0.0375, "breach_p1": 0.14432989690721648, "breach_p2": 0.0, "breach_p3": 0.009345794392523364, "breach_p4": 0.0, "wall_seconds": 0.0006130528636276722}, "mor": {"id": "c12_replay_400_0062_m0.75", "base_id": "c12_replay_400_0062", "campus": 12, "size": 400, "condition": "crew0.75", "sla_multiplier": 1.0, "crew_multiplier": 0.75, "method": "mor", "seed": 301, "feasible": 1, "wwt": 1759.848, "makespan": 106.802, "mean_flow": 5.406020999999999, "breach_share": 0.0375, "breach_p1": 0.14432989690721648, "breach_p2": 0.0, "breach_p3": 0.009345794392523364, "breach_p4": 0.0, "wall_seconds": 0.0006080721504986286}, "random": {"id": "c12_replay_400_0062_m0.75", "base_id": "c12_replay_400_0062", "campus": 12, "size": 400, "condition": "crew0.75", "sla_multiplier": 1.0, "crew_multiplier": 0.75, "method": "random", "seed": 301, "feasible": 1, "wwt": 1759.848, "makespan": 106.802, "mean_flow": 5.400023, "breach_share": 0.0375, "breach_p1": 0.14432989690721648, "breach_p2": 0.0, "breach_p3": 0.009345794392523364, "breach_p4": 0.0, "wall_seconds": 0.000553992111235857}, "v2rl301": {"id": "c12_replay_400_0062_m0.75", "base_id": "c12_replay_400_0062", "campus": 12, "size": 400, "condition": "crew0.75", "sla_multiplier": 1.0, "crew_multiplier": 0.75, "method": "v2rl301", "seed": 301, "feasible": 1, "wwt": 1759.848, "makespan": 106.802, "mean_flow": 5.403521, "breach_share": 0.0375, "breach_p1": 0.14432989690721648, "breach_p2": 0.0, "breach_p3": 0.009345794392523364, "breach_p4": 0.0, "wall_seconds": 0.04118492500856519}, "v2rl302": {"id": "c12_replay_400_0062_m0.75", "base_id": "c12_replay_400_0062", "campus": 12, "size": 400, "condition": "crew0.75", "sla_multiplier": 1.0, "crew_multiplier": 0.75, "method": "v2rl302", "seed": 302, "feasible": 1, "wwt": 1759.848, "makespan": 106.802, "mean_flow": 5.402271, "breach_share": 0.0375, "breach_p1": 0.14432989690721648, "breach_p2": 0.0, "breach_p3": 0.009345794392523364, "breach_p4": 0.0, "wall_seconds": 0.0402353978715837}, "v2rl303": {"id": "c12_replay_400_0062_m0.75", "base_id": "c12_replay_400_0062", "campus": 12, "size": 400, "condition": "crew0.75", "sla_multiplier": 1.0, "crew_multiplier": 0.75, "method": "v2rl303", "seed": 303, "feasible": 1, "wwt": 1759.848, "makespan": 106.802, "mean_flow": 5.402271, "breach_share": 0.0375, "breach_p1": 0.14432989690721648, "breach_p2": 0.0, "breach_p3": 0.009345794392523364, "breach_p4": 0.0, "wall_seconds": 0.040260063018649817}}, "methods_expected": ["edd", "wspt", "atc", "pfifo", "mor", "random", "v2rl301", "v2rl302", "v2rl303"], "infeasible": [], "wall_seconds_total": 0.13011860707774758}