{"shard_id": "c12_replay_150_0101_m0.75", "id": "c12_replay_150_0101_m0.75", "base_id": "c12_replay_150_0101", "campus": 12, "size": 150, "condition": "crew0.75", "rows": {"edd": {"id": "c12_replay_150_0101_m0.75", "base_id": "c12_replay_150_0101", "campus": 12, "size": 150, "condition": "crew0.75", "sla_multiplier": 1.0, "crew_multiplier": 0.75, "method": "edd", "seed": 301, "feasible": 1, "wwt": 304.0, "makespan": 61.7108, "mean_flow": 4.854194666666667, "breach_share": 0.03333333333333333, "breach_p1": 0.17857142857142858, "breach_p2": 0.0, "breach_p3": 0.0, "breach_p4": 0.0, "wall_seconds": 0.0003677261993288994}, "wspt": {"id": "c12_replay_150_0101_m0.75", "base_id": "c12_replay_150_0101", "campus": 12, "size": 150, "condition": "crew0.75", "sla_multiplier": 1.0, "crew_multiplier": 0.75, "method": "wspt", "seed": 301, "feasible": 1, "wwt": 304.0, "makespan": 61.7108, "mean_flow": 4.8398166666666675, "breach_share": 0.03333333333333333, "breach_p1": 0.17857142857142858, "breach_p2": 0.0, "breach_p3": 0.0, "breach_p4": 0.0, "wall_seconds": 0.00031402893364429474}, "atc": {"id": "c12_replay_150_0101_m0.75", "base_id": "c12_replay_150_0101", "campus": 12, "size": 150, "condition": "crew0.75", "sla_multiplier": 1.0, "crew_multiplier": 0.75, "method": "atc", "seed": 301, "feasible": 1, "wwt": 304.0, "makespan": 61.7108, "mean_flow": 4.845861333333334, "breach_share": 0.03333333333333333, "breach_p1": 0.17857142857142858, "breach_p2": 0.0, "breach_p3": 0.0, "breach_p4": 0.0, "wall_seconds": 0.0003746822476387024}, "pfifo": {"id": "c12_replay_150_0101_m0.75", "base_id": "c12_replay_150_0101", "campus": 12, "size": 150, "condition": "crew0.75", "sla_multiplier": 1.0, "crew_multiplier": 0.75, "method": "pfifo", "seed": 301, "feasible": 1, "wwt": 304.0, "makespan": 61.7108, "mean_flow": 4.854194666666667, "breach_share": 0.03333333333333333, "breach_p1": 0.17857142857142858, "breach_p2": 0.0, "breach_p3": 0.0, "breach_p4": 0.0, "wall_seconds": 0.00027230288833379745}, "mor": {"id": "c12_replay_150_0101_m0.75", "base_id": "c12_replay_150_0101", "campus": 12, "size": 150, "condition": "crew0.75", "sla_multiplier": 1.0, "crew_multiplier": 0.75, "method": "mor", "seed": 301, "feasible": 1, "wwt": 304.0, "makespan": 61.7108, "mean_flow": 4.859194666666667, "breach_share": 0.03333333333333333, "breach_p1": 0.17857142857142858, "breach_p2": 0.0, "breach_p3": 0.0, "breach_p4": 0.0, "wall_seconds": 0.000261903740465641}, "random": {"id": "c12_replay_150_0101_m0.75", "base_id": "c12_replay_150_0101", "campus": 12, "size": 150, "condition": "crew0.75", "sla_multiplier": 1.0, "crew_multiplier": 0.75, "method": "random", "seed": 301, "feasible": 1, "wwt": 304.0, "makespan": 61.7108, "mean_flow": 4.84345, "breach_share": 0.03333333333333333, "breach_p1": 0.17857142857142858, "breach_p2": 0.0, "breach_p3": 0.0, "breach_p4": 0.0, "wall_seconds": 0.00022418005391955376}, "v2rl301": {"id": "c12_replay_150_0101_m0.75", "base_id": "c12_replay_150_0101", "campus": 12, "size": 150, "condition": "crew0.75", "sla_multiplier": 1.0, "crew_multiplier": 0.75, "method": "v2rl301", "seed": 301, "feasible": 1, "wwt": 304.0, "makespan": 61.7108, "mean_flow": 4.857527999999999, "breach_share": 0.03333333333333333, "breach_p1": 0.17857142857142858, "breach_p2": 0.0, "breach_p3": 0.0, "breach_p4": 0.0, "wall_seconds": 0.01569534419104457}, "v2rl302": {"id": "c12_replay_150_0101_m0.75", "base_id": "c12_replay_150_0101", "campus": 12, "size": 150, "condition": "crew0.75", "sla_multiplier": 1.0, "crew_multiplier": 0.75, "method": "v2rl302", "seed": 302, "feasible": 1, "wwt": 304.0, "makespan": 61.7108, "mean_flow": 4.854194666666667, "breach_share": 0.03333333333333333, "breach_p1": 0.17857142857142858, "breach_p2": 0.0, "breach_p3": 0.0, "breach_p4": 0.0, "wall_seconds": 0.015351015143096447}, "v2rl303": {"id": "c12_replay_150_0101_m0.75", "base_id": "c12_replay_150_0101", "campus": 12, "size": 150, "condition": "crew0.75", "sla_multiplier": 1.0, "crew_multiplier": 0.75, "method": "v2rl303", "seed": 303, "feasible": 1, "wwt": 304.0, "makespan": 61.7108, "mean_flow": 4.854194666666667, "breach_share": 0.03333333333333333, "breach_p1": 0.17857142857142858, "breach_p2": 0.0, "breach_p3": 0.0, "breach_p4": 0.0, "wall_seconds": 0.015168806072324514}}, "methods_expected": ["edd", "wspt", "atc", "pfifo", "mor", "random", "v2rl301", "v2rl302", "v2rl303"], "infeasible": [], "wall_seconds_total": 0.05036851018667221}