{"shard_id": "c12_replay_400_0067_sla1.5", "id": "c12_replay_400_0067_sla1.5", "base_id": "c12_replay_400_0067", "campus": 12, "size": 400, "condition": "sla1.5", "rows": {"edd": {"id": "c12_replay_400_0067_sla1.5", "base_id": "c12_replay_400_0067", "campus": 12, "size": 400, "condition": "sla1.5", "sla_multiplier": 1.5, "crew_multiplier": 1.0, "method": "edd", "seed": 301, "feasible": 1, "wwt": 524.0, "makespan": 100.3648, "mean_flow": 5.910315250000001, "breach_share": 0.02, "breach_p1": 0.1076923076923077, "breach_p2": 0.008333333333333333, "breach_p3": 0.0, "breach_p4": 0.0, "wall_seconds": 0.0007054470479488373}, "wspt": {"id": "c12_replay_400_0067_sla1.5", "base_id": "c12_replay_400_0067", "campus": 12, "size": 400, "condition": "sla1.5", "sla_multiplier": 1.5, "crew_multiplier": 1.0, "method": "wspt", "seed": 301, "feasible": 1, "wwt": 544.0, "makespan": 100.3648, "mean_flow": 5.863413250000001, "breach_share": 0.02, "breach_p1": 0.1076923076923077, "breach_p2": 0.008333333333333333, "breach_p3": 0.0, "breach_p4": 0.0, "wall_seconds": 0.0007010386325418949}, "atc": {"id": "c12_replay_400_0067_sla1.5", "base_id": "c12_replay_400_0067", "campus": 12, "size": 400, "condition": "sla1.5", "sla_multiplier": 1.5, "crew_multiplier": 1.0, "method": "atc", "seed": 301, "feasible": 1, "wwt": 524.0, "makespan": 100.3648, "mean_flow": 5.905962750000001, "breach_share": 0.02, "breach_p1": 0.1076923076923077, "breach_p2": 0.008333333333333333, "breach_p3": 0.0, "breach_p4": 0.0, "wall_seconds": 0.0009995969012379646}, "pfifo": {"id": "c12_replay_400_0067_sla1.5", "base_id": "c12_replay_400_0067", "campus": 12, "size": 400, "condition": "sla1.5", "sla_multiplier": 1.5, "crew_multiplier": 1.0, "method": "pfifo", "seed": 301, "feasible": 1, "wwt": 524.0, "makespan": 100.3648, "mean_flow": 5.910315250000001, "breach_share": 0.02, "breach_p1": 0.1076923076923077, "breach_p2": 0.008333333333333333, "breach_p3": 0.0, "breach_p4": 0.0, "wall_seconds": 0.0006809895858168602}, "mor": {"id": "c12_replay_400_0067_sla1.5", "base_id": "c12_replay_400_0067", "campus": 12, "size": 400, "condition": "sla1.5", "sla_multiplier": 1.5, "crew_multiplier": 1.0, "method": "mor", "seed": 301, "feasible": 1, "wwt": 524.9624, "makespan": 100.3648, "mean_flow": 5.954017, "breach_share": 0.02, "breach_p1": 0.1076923076923077, "breach_p2": 0.008333333333333333, "breach_p3": 0.0, "breach_p4": 0.0, "wall_seconds": 0.0006908532232046127}, "random": {"id": "c12_replay_400_0067_sla1.5", "base_id": "c12_replay_400_0067", "campus": 12, "size": 400, "condition": "sla1.5", "sla_multiplier": 1.5, "crew_multiplier": 1.0, "method": "random", "seed": 301, "feasible": 1, "wwt": 524.0, "makespan": 100.3648, "mean_flow": 5.88668725, "breach_share": 0.02, "breach_p1": 0.1076923076923077, "breach_p2": 0.008333333333333333, "breach_p3": 0.0, "breach_p4": 0.0, "wall_seconds": 0.0005842065438628197}, "v2rl301": {"id": "c12_replay_400_0067_sla1.5", "base_id": "c12_replay_400_0067", "campus": 12, "size": 400, "condition": "sla1.5", "sla_multiplier": 1.5, "crew_multiplier": 1.0, "method": "v2rl301", "seed": 301, "feasible": 1, "wwt": 524.9624, "makespan": 100.3648, "mean_flow": 5.938037750000001, "breach_share": 0.02, "breach_p1": 0.1076923076923077, "breach_p2": 0.008333333333333333, "breach_p3": 0.0, "breach_p4": 0.0, "wall_seconds": 0.04155534412711859}, "v2rl302": {"id": "c12_replay_400_0067_sla1.5", "base_id": "c12_replay_400_0067", "campus": 12, "size": 400, "condition": "sla1.5", "sla_multiplier": 1.5, "crew_multiplier": 1.0, "method": "v2rl302", "seed": 302, "feasible": 1, "wwt": 524.9664, "makespan": 100.3648, "mean_flow": 5.917625500000001, "breach_share": 0.02, "breach_p1": 0.1076923076923077, "breach_p2": 0.008333333333333333, "breach_p3": 0.0, "breach_p4": 0.0, "wall_seconds": 0.04174171108752489}, "v2rl303": {"id": "c12_replay_400_0067_sla1.5", "base_id": "c12_replay_400_0067", "campus": 12, "size": 400, "condition": "sla1.5", "sla_multiplier": 1.5, "crew_multiplier": 1.0, "method": "v2rl303", "seed": 303, "feasible": 1, "wwt": 525.7, "makespan": 100.3648, "mean_flow": 5.926048250000001, "breach_share": 0.02, "breach_p1": 0.1076923076923077, "breach_p2": 0.008333333333333333, "breach_p3": 0.0, "breach_p4": 0.0, "wall_seconds": 0.04123608814552426}}, "methods_expected": ["edd", "wspt", "atc", "pfifo", "mor", "random", "v2rl301", "v2rl302", "v2rl303"], "infeasible": [], "wall_seconds_total": 0.13358004903420806}