{"shard_id": "c12_replay_400_0062_sla0.5", "id": "c12_replay_400_0062_sla0.5", "base_id": "c12_replay_400_0062", "campus": 12, "size": 400, "condition": "sla0.5", "rows": {"edd": {"id": "c12_replay_400_0062_sla0.5", "base_id": "c12_replay_400_0062", "campus": 12, "size": 400, "condition": "sla0.5", "sla_multiplier": 0.5, "crew_multiplier": 1.0, "method": "edd", "seed": 301, "feasible": 1, "wwt": 2581.7776, "makespan": 106.802, "mean_flow": 5.37813975, "breach_share": 0.0875, "breach_p1": 0.29896907216494845, "breach_p2": 0.037037037037037035, "breach_p3": 0.018691588785046728, "breach_p4": 0.014084507042253521, "wall_seconds": 0.0006476370617747307}, "wspt": {"id": "c12_replay_400_0062_sla0.5", "base_id": "c12_replay_400_0062", "campus": 12, "size": 400, "condition": "sla0.5", "sla_multiplier": 0.5, "crew_multiplier": 1.0, "method": "wspt", "seed": 301, "feasible": 1, "wwt": 2581.7776, "makespan": 106.802, "mean_flow": 5.37813975, "breach_share": 0.0875, "breach_p1": 0.29896907216494845, "breach_p2": 0.037037037037037035, "breach_p3": 0.018691588785046728, "breach_p4": 0.014084507042253521, "wall_seconds": 0.0006469418294727802}, "atc": {"id": "c12_replay_400_0062_sla0.5", "base_id": "c12_replay_400_0062", "campus": 12, "size": 400, "condition": "sla0.5", "sla_multiplier": 0.5, "crew_multiplier": 1.0, "method": "atc", "seed": 301, "feasible": 1, "wwt": 2581.7776, "makespan": 106.802, "mean_flow": 5.37813975, "breach_share": 0.0875, "breach_p1": 0.29896907216494845, "breach_p2": 0.037037037037037035, "breach_p3": 0.018691588785046728, "breach_p4": 0.014084507042253521, "wall_seconds": 0.0008369842544198036}, "pfifo": {"id": "c12_replay_400_0062_sla0.5", "base_id": "c12_replay_400_0062", "campus": 12, "size": 400, "condition": "sla0.5", "sla_multiplier": 0.5, "crew_multiplier": 1.0, "method": "pfifo", "seed": 301, "feasible": 1, "wwt": 2581.7776, "makespan": 106.802, "mean_flow": 5.37813975, "breach_share": 0.0875, "breach_p1": 0.29896907216494845, "breach_p2": 0.037037037037037035, "breach_p3": 0.018691588785046728, "breach_p4": 0.014084507042253521, "wall_seconds": 0.0006245230324566364}, "mor": {"id": "c12_replay_400_0062_sla0.5", "base_id": "c12_replay_400_0062", "campus": 12, "size": 400, "condition": "sla0.5", "sla_multiplier": 0.5, "crew_multiplier": 1.0, "method": "mor", "seed": 301, "feasible": 1, "wwt": 2581.7776, "makespan": 106.802, "mean_flow": 5.37813975, "breach_share": 0.0875, "breach_p1": 0.29896907216494845, "breach_p2": 0.037037037037037035, "breach_p3": 0.018691588785046728, "breach_p4": 0.014084507042253521, "wall_seconds": 0.000640238169580698}, "random": {"id": "c12_replay_400_0062_sla0.5", "base_id": "c12_replay_400_0062", "campus": 12, "size": 400, "condition": "sla0.5", "sla_multiplier": 0.5, "crew_multiplier": 1.0, "method": "random", "seed": 301, "feasible": 1, "wwt": 2581.7776, "makespan": 106.802, "mean_flow": 5.37813975, "breach_share": 0.0875, "breach_p1": 0.29896907216494845, "breach_p2": 0.037037037037037035, "breach_p3": 0.018691588785046728, "breach_p4": 0.014084507042253521, "wall_seconds": 0.0005605989135801792}, "v2rl301": {"id": "c12_replay_400_0062_sla0.5", "base_id": "c12_replay_400_0062", "campus": 12, "size": 400, "condition": "sla0.5", "sla_multiplier": 0.5, "crew_multiplier": 1.0, "method": "v2rl301", "seed": 301, "feasible": 1, "wwt": 2581.7776, "makespan": 106.802, "mean_flow": 5.37813975, "breach_share": 0.0875, "breach_p1": 0.29896907216494845, "breach_p2": 0.037037037037037035, "breach_p3": 0.018691588785046728, "breach_p4": 0.014084507042253521, "wall_seconds": 0.040964107029139996}, "v2rl302": {"id": "c12_replay_400_0062_sla0.5", "base_id": "c12_replay_400_0062", "campus": 12, "size": 400, "condition": "sla0.5", "sla_multiplier": 0.5, "crew_multiplier": 1.0, "method": "v2rl302", "seed": 302, "feasible": 1, "wwt": 2581.7776, "makespan": 106.802, "mean_flow": 5.37813975, "breach_share": 0.0875, "breach_p1": 0.29896907216494845, "breach_p2": 0.037037037037037035, "breach_p3": 0.018691588785046728, "breach_p4": 0.014084507042253521, "wall_seconds": 0.04052390297874808}, "v2rl303": {"id": "c12_replay_400_0062_sla0.5", "base_id": "c12_replay_400_0062", "campus": 12, "size": 400, "condition": "sla0.5", "sla_multiplier": 0.5, "crew_multiplier": 1.0, "method": "v2rl303", "seed": 303, "feasible": 1, "wwt": 2581.7776, "makespan": 106.802, "mean_flow": 5.37813975, "breach_share": 0.0875, "breach_p1": 0.29896907216494845, "breach_p2": 0.037037037037037035, "breach_p3": 0.018691588785046728, "breach_p4": 0.014084507042253521, "wall_seconds": 0.04099637595936656}}, "methods_expected": ["edd", "wspt", "atc", "pfifo", "mor", "random", "v2rl301", "v2rl302", "v2rl303"], "infeasible": [], "wall_seconds_total": 0.131230304017663}