{"shard_id": "c12_replay_150_0109_m1.25", "id": "c12_replay_150_0109_m1.25", "base_id": "c12_replay_150_0109", "campus": 12, "size": 150, "condition": "crew1.25", "rows": {"edd": {"id": "c12_replay_150_0109_m1.25", "base_id": "c12_replay_150_0109", "campus": 12, "size": 150, "condition": "crew1.25", "sla_multiplier": 1.0, "crew_multiplier": 1.25, "method": "edd", "seed": 301, "feasible": 1, "wwt": 114.0, "makespan": 76.4897, "mean_flow": 5.2043919999999995, "breach_share": 0.04, "breach_p1": 0.10909090909090909, "breach_p2": 0.0, "breach_p3": 0.0, "breach_p4": 0.0, "wall_seconds": 0.0002879807725548744}, "wspt": {"id": "c12_replay_150_0109_m1.25", "base_id": "c12_replay_150_0109", "campus": 12, "size": 150, "condition": "crew1.25", "sla_multiplier": 1.0, "crew_multiplier": 1.25, "method": "wspt", "seed": 301, "feasible": 1, "wwt": 114.0, "makespan": 76.4897, "mean_flow": 5.2043919999999995, "breach_share": 0.04, "breach_p1": 0.10909090909090909, "breach_p2": 0.0, "breach_p3": 0.0, "breach_p4": 0.0, "wall_seconds": 0.00029359711334109306}, "atc": {"id": "c12_replay_150_0109_m1.25", "base_id": "c12_replay_150_0109", "campus": 12, "size": 150, "condition": "crew1.25", "sla_multiplier": 1.0, "crew_multiplier": 1.25, "method": "atc", "seed": 301, "feasible": 1, "wwt": 114.0, "makespan": 76.4897, "mean_flow": 5.2043919999999995, "breach_share": 0.04, "breach_p1": 0.10909090909090909, "breach_p2": 0.0, "breach_p3": 0.0, "breach_p4": 0.0, "wall_seconds": 0.00036870595067739487}, "pfifo": {"id": "c12_replay_150_0109_m1.25", "base_id": "c12_replay_150_0109", "campus": 12, "size": 150, "condition": "crew1.25", "sla_multiplier": 1.0, "crew_multiplier": 1.25, "method": "pfifo", "seed": 301, "feasible": 1, "wwt": 114.0, "makespan": 76.4897, "mean_flow": 5.2043919999999995, "breach_share": 0.04, "breach_p1": 0.10909090909090909, "breach_p2": 0.0, "breach_p3": 0.0, "breach_p4": 0.0, "wall_seconds": 0.0002790088765323162}, "mor": {"id": "c12_replay_150_0109_m1.25", "base_id": "c12_replay_150_0109", "campus": 12, "size": 150, "condition": "crew1.25", "sla_multiplier": 1.0, "crew_multiplier": 1.25, "method": "mor", "seed": 301, "feasible": 1, "wwt": 114.0, "makespan": 76.4897, "mean_flow": 5.206058666666666, "breach_share": 0.04, "breach_p1": 0.10909090909090909, "breach_p2": 0.0, "breach_p3": 0.0, "breach_p4": 0.0, "wall_seconds": 0.00027504097670316696}, "random": {"id": "c12_replay_150_0109_m1.25", "base_id": "c12_replay_150_0109", "campus": 12, "size": 150, "condition": "crew1.25", "sla_multiplier": 1.0, "crew_multiplier": 1.25, "method": "random", "seed": 301, "feasible": 1, "wwt": 114.0, "makespan": 76.4897, "mean_flow": 5.2043919999999995, "breach_share": 0.04, "breach_p1": 0.10909090909090909, "breach_p2": 0.0, "breach_p3": 0.0, "breach_p4": 0.0, "wall_seconds": 0.00025875773280858994}, "v2rl301": {"id": "c12_replay_150_0109_m1.25", "base_id": "c12_replay_150_0109", "campus": 12, "size": 150, "condition": "crew1.25", "sla_multiplier": 1.0, "crew_multiplier": 1.25, "method": "v2rl301", "seed": 301, "feasible": 1, "wwt": 114.0, "makespan": 76.4897, "mean_flow": 5.2043919999999995, "breach_share": 0.04, "breach_p1": 0.10909090909090909, "breach_p2": 0.0, "breach_p3": 0.0, "breach_p4": 0.0, "wall_seconds": 0.015324120875447989}, "v2rl302": {"id": "c12_replay_150_0109_m1.25", "base_id": "c12_replay_150_0109", "campus": 12, "size": 150, "condition": "crew1.25", "sla_multiplier": 1.0, "crew_multiplier": 1.25, "method": "v2rl302", "seed": 302, "feasible": 1, "wwt": 114.0, "makespan": 76.4897, "mean_flow": 5.2043919999999995, "breach_share": 0.04, "breach_p1": 0.10909090909090909, "breach_p2": 0.0, "breach_p3": 0.0, "breach_p4": 0.0, "wall_seconds": 0.01501369709149003}, "v2rl303": {"id": "c12_replay_150_0109_m1.25", "base_id": "c12_replay_150_0109", "campus": 12, "size": 150, "condition": "crew1.25", "sla_multiplier": 1.0, "crew_multiplier": 1.25, "method": "v2rl303", "seed": 303, "feasible": 1, "wwt": 114.0, "makespan": 76.4897, "mean_flow": 5.2043919999999995, "breach_share": 0.04, "breach_p1": 0.10909090909090909, "breach_p2": 0.0, "breach_p3": 0.0, "breach_p4": 0.0, "wall_seconds": 0.015104459132999182}}, "methods_expected": ["edd", "wspt", "atc", "pfifo", "mor", "random", "v2rl301", "v2rl302", "v2rl303"], "infeasible": [], "wall_seconds_total": 0.049571678042411804}