{"shard_id": "c12_replay_400_0087_m0.75", "id": "c12_replay_400_0087_m0.75", "base_id": "c12_replay_400_0087", "campus": 12, "size": 400, "condition": "crew0.75", "rows": {"edd": {"id": "c12_replay_400_0087_m0.75", "base_id": "c12_replay_400_0087", "campus": 12, "size": 400, "condition": "crew0.75", "sla_multiplier": 1.0, "crew_multiplier": 0.75, "method": "edd", "seed": 301, "feasible": 1, "wwt": 1721.3496, "makespan": 107.8826, "mean_flow": 5.5090727500000005, "breach_share": 0.045, "breach_p1": 0.1588785046728972, "breach_p2": 0.014705882352941176, "breach_p3": 0.0, "breach_p4": 0.0, "wall_seconds": 0.0006281700916588306}, "wspt": {"id": "c12_replay_400_0087_m0.75", "base_id": "c12_replay_400_0087", "campus": 12, "size": 400, "condition": "crew0.75", "sla_multiplier": 1.0, "crew_multiplier": 0.75, "method": "wspt", "seed": 301, "feasible": 1, "wwt": 1725.3496, "makespan": 107.8826, "mean_flow": 5.5083934999999995, "breach_share": 0.045, "breach_p1": 0.1588785046728972, "breach_p2": 0.014705882352941176, "breach_p3": 0.0, "breach_p4": 0.0, "wall_seconds": 0.0006275232881307602}, "atc": {"id": "c12_replay_400_0087_m0.75", "base_id": "c12_replay_400_0087", "campus": 12, "size": 400, "condition": "crew0.75", "sla_multiplier": 1.0, "crew_multiplier": 0.75, "method": "atc", "seed": 301, "feasible": 1, "wwt": 1721.3496, "makespan": 107.8826, "mean_flow": 5.5090185, "breach_share": 0.045, "breach_p1": 0.1588785046728972, "breach_p2": 0.014705882352941176, "breach_p3": 0.0, "breach_p4": 0.0, "wall_seconds": 0.0007811370305716991}, "pfifo": {"id": "c12_replay_400_0087_m0.75", "base_id": "c12_replay_400_0087", "campus": 12, "size": 400, "condition": "crew0.75", "sla_multiplier": 1.0, "crew_multiplier": 0.75, "method": "pfifo", "seed": 301, "feasible": 1, "wwt": 1721.3496, "makespan": 107.8826, "mean_flow": 5.5090727500000005, "breach_share": 0.045, "breach_p1": 0.1588785046728972, "breach_p2": 0.014705882352941176, "breach_p3": 0.0, "breach_p4": 0.0, "wall_seconds": 0.0005967924371361732}, "mor": {"id": "c12_replay_400_0087_m0.75", "base_id": "c12_replay_400_0087", "campus": 12, "size": 400, "condition": "crew0.75", "sla_multiplier": 1.0, "crew_multiplier": 0.75, "method": "mor", "seed": 301, "feasible": 1, "wwt": 1721.3959999999997, "makespan": 107.8826, "mean_flow": 5.5283565, "breach_share": 0.045, "breach_p1": 0.1588785046728972, "breach_p2": 0.014705882352941176, "breach_p3": 0.0, "breach_p4": 0.0, "wall_seconds": 0.0006026723422110081}, "random": {"id": "c12_replay_400_0087_m0.75", "base_id": "c12_replay_400_0087", "campus": 12, "size": 400, "condition": "crew0.75", "sla_multiplier": 1.0, "crew_multiplier": 0.75, "method": "random", "seed": 301, "feasible": 1, "wwt": 1727.8336, "makespan": 106.97840000000001, "mean_flow": 5.5208960000000005, "breach_share": 0.045, "breach_p1": 0.1588785046728972, "breach_p2": 0.014705882352941176, "breach_p3": 0.0, "breach_p4": 0.0, "wall_seconds": 0.0005513490177690983}, "v2rl301": {"id": "c12_replay_400_0087_m0.75", "base_id": "c12_replay_400_0087", "campus": 12, "size": 400, "condition": "crew0.75", "sla_multiplier": 1.0, "crew_multiplier": 0.75, "method": "v2rl301", "seed": 301, "feasible": 1, "wwt": 1721.3496, "makespan": 107.8826, "mean_flow": 5.5283565, "breach_share": 0.045, "breach_p1": 0.1588785046728972, "breach_p2": 0.014705882352941176, "breach_p3": 0.0, "breach_p4": 0.0, "wall_seconds": 0.04121426399797201}, "v2rl302": {"id": "c12_replay_400_0087_m0.75", "base_id": "c12_replay_400_0087", "campus": 12, "size": 400, "condition": "crew0.75", "sla_multiplier": 1.0, "crew_multiplier": 0.75, "method": "v2rl302", "seed": 302, "feasible": 1, "wwt": 1721.3496, "makespan": 107.8826, "mean_flow": 5.5278719999999995, "breach_share": 0.045, "breach_p1": 0.1588785046728972, "breach_p2": 0.014705882352941176, "breach_p3": 0.0, "breach_p4": 0.0, "wall_seconds": 0.040233741980046034}, "v2rl303": {"id": "c12_replay_400_0087_m0.75", "base_id": "c12_replay_400_0087", "campus": 12, "size": 400, "condition": "crew0.75", "sla_multiplier": 1.0, "crew_multiplier": 0.75, "method": "v2rl303", "seed": 303, "feasible": 1, "wwt": 1721.3496, "makespan": 107.8826, "mean_flow": 5.5278719999999995, "breach_share": 0.045, "breach_p1": 0.1588785046728972, "breach_p2": 0.014705882352941176, "breach_p3": 0.0, "breach_p4": 0.0, "wall_seconds": 0.03999826777726412}}, "methods_expected": ["edd", "wspt", "atc", "pfifo", "mor", "random", "v2rl301", "v2rl302", "v2rl303"], "infeasible": [], "wall_seconds_total": 0.12982078408822417}