{"shard_id": "c12_replay_400_0064_m0.75", "id": "c12_replay_400_0064_m0.75", "base_id": "c12_replay_400_0064", "campus": 12, "size": 400, "condition": "crew0.75", "rows": {"edd": {"id": "c12_replay_400_0064_m0.75", "base_id": "c12_replay_400_0064", "campus": 12, "size": 400, "condition": "crew0.75", "sla_multiplier": 1.0, "crew_multiplier": 0.75, "method": "edd", "seed": 301, "feasible": 1, "wwt": 2154.1295999999998, "makespan": 166.7337, "mean_flow": 6.6479859999999995, "breach_share": 0.0525, "breach_p1": 0.1652892561983471, "breach_p2": 0.0, "breach_p3": 0.013513513513513514, "breach_p4": 0.0, "wall_seconds": 0.0006788130849599838}, "wspt": {"id": "c12_replay_400_0064_m0.75", "base_id": "c12_replay_400_0064", "campus": 12, "size": 400, "condition": "crew0.75", "sla_multiplier": 1.0, "crew_multiplier": 0.75, "method": "wspt", "seed": 301, "feasible": 1, "wwt": 2154.1295999999998, "makespan": 166.7337, "mean_flow": 6.647061750000001, "breach_share": 0.0525, "breach_p1": 0.1652892561983471, "breach_p2": 0.0, "breach_p3": 0.013513513513513514, "breach_p4": 0.0, "wall_seconds": 0.0007330202497541904}, "atc": {"id": "c12_replay_400_0064_m0.75", "base_id": "c12_replay_400_0064", "campus": 12, "size": 400, "condition": "crew0.75", "sla_multiplier": 1.0, "crew_multiplier": 0.75, "method": "atc", "seed": 301, "feasible": 1, "wwt": 2154.1295999999998, "makespan": 166.7337, "mean_flow": 6.6479859999999995, "breach_share": 0.0525, "breach_p1": 0.1652892561983471, "breach_p2": 0.0, "breach_p3": 0.013513513513513514, "breach_p4": 0.0, "wall_seconds": 0.0008821319788694382}, "pfifo": {"id": "c12_replay_400_0064_m0.75", "base_id": "c12_replay_400_0064", "campus": 12, "size": 400, "condition": "crew0.75", "sla_multiplier": 1.0, "crew_multiplier": 0.75, "method": "pfifo", "seed": 301, "feasible": 1, "wwt": 2154.1295999999998, "makespan": 166.7337, "mean_flow": 6.6479859999999995, "breach_share": 0.0525, "breach_p1": 0.1652892561983471, "breach_p2": 0.0, "breach_p3": 0.013513513513513514, "breach_p4": 0.0, "wall_seconds": 0.0006097583100199699}, "mor": {"id": "c12_replay_400_0064_m0.75", "base_id": "c12_replay_400_0064", "campus": 12, "size": 400, "condition": "crew0.75", "sla_multiplier": 1.0, "crew_multiplier": 0.75, "method": "mor", "seed": 301, "feasible": 1, "wwt": 2154.1295999999998, "makespan": 166.7337, "mean_flow": 6.652525499999999, "breach_share": 0.0525, "breach_p1": 0.1652892561983471, "breach_p2": 0.0, "breach_p3": 0.013513513513513514, "breach_p4": 0.0, "wall_seconds": 0.0006034788675606251}, "random": {"id": "c12_replay_400_0064_m0.75", "base_id": "c12_replay_400_0064", "campus": 12, "size": 400, "condition": "crew0.75", "sla_multiplier": 1.0, "crew_multiplier": 0.75, "method": "random", "seed": 301, "feasible": 1, "wwt": 2154.1295999999998, "makespan": 166.7337, "mean_flow": 6.6479859999999995, "breach_share": 0.0525, "breach_p1": 0.1652892561983471, "breach_p2": 0.0, "breach_p3": 0.013513513513513514, "breach_p4": 0.0, "wall_seconds": 0.0005577872507274151}, "v2rl301": {"id": "c12_replay_400_0064_m0.75", "base_id": "c12_replay_400_0064", "campus": 12, "size": 400, "condition": "crew0.75", "sla_multiplier": 1.0, "crew_multiplier": 0.75, "method": "v2rl301", "seed": 301, "feasible": 1, "wwt": 2154.1295999999998, "makespan": 166.7337, "mean_flow": 6.652525499999999, "breach_share": 0.0525, "breach_p1": 0.1652892561983471, "breach_p2": 0.0, "breach_p3": 0.013513513513513514, "breach_p4": 0.0, "wall_seconds": 0.04001433216035366}, "v2rl302": {"id": "c12_replay_400_0064_m0.75", "base_id": "c12_replay_400_0064", "campus": 12, "size": 400, "condition": "crew0.75", "sla_multiplier": 1.0, "crew_multiplier": 0.75, "method": "v2rl302", "seed": 302, "feasible": 1, "wwt": 2154.1295999999998, "makespan": 166.7337, "mean_flow": 6.652525499999999, "breach_share": 0.0525, "breach_p1": 0.1652892561983471, "breach_p2": 0.0, "breach_p3": 0.013513513513513514, "breach_p4": 0.0, "wall_seconds": 0.03962532617151737}, "v2rl303": {"id": "c12_replay_400_0064_m0.75", "base_id": "c12_replay_400_0064", "campus": 12, "size": 400, "condition": "crew0.75", "sla_multiplier": 1.0, "crew_multiplier": 0.75, "method": "v2rl303", "seed": 303, "feasible": 1, "wwt": 2154.1295999999998, "makespan": 166.7337, "mean_flow": 6.652525499999999, "breach_share": 0.0525, "breach_p1": 0.1652892561983471, "breach_p2": 0.0, "breach_p3": 0.013513513513513514, "breach_p4": 0.0, "wall_seconds": 0.03989032842218876}}, "methods_expected": ["edd", "wspt", "atc", "pfifo", "mor", "random", "v2rl301", "v2rl302", "v2rl303"], "infeasible": [], "wall_seconds_total": 0.12816581828519702}