{"shard_id": "c12_replay_150_0117_m0.75", "id": "c12_replay_150_0117_m0.75", "base_id": "c12_replay_150_0117", "campus": 12, "size": 150, "condition": "crew0.75", "rows": {"edd": {"id": "c12_replay_150_0117_m0.75", "base_id": "c12_replay_150_0117", "campus": 12, "size": 150, "condition": "crew0.75", "sla_multiplier": 1.0, "crew_multiplier": 0.75, "method": "edd", "seed": 301, "feasible": 1, "wwt": 443.0, "makespan": 70.0, "mean_flow": 3.8783933333333334, "breach_share": 0.02666666666666667, "breach_p1": 0.057692307692307696, "breach_p2": 0.023255813953488372, "breach_p3": 0.0, "breach_p4": 0.0, "wall_seconds": 0.000372063834220171}, "wspt": {"id": "c12_replay_150_0117_m0.75", "base_id": "c12_replay_150_0117", "campus": 12, "size": 150, "condition": "crew0.75", "sla_multiplier": 1.0, "crew_multiplier": 0.75, "method": "wspt", "seed": 301, "feasible": 1, "wwt": 475.0, "makespan": 69.5, "mean_flow": 3.7833933333333336, "breach_share": 0.04, "breach_p1": 0.09615384615384616, "breach_p2": 0.023255813953488372, "breach_p3": 0.0, "breach_p4": 0.0, "wall_seconds": 0.0003682943060994148}, "atc": {"id": "c12_replay_150_0117_m0.75", "base_id": "c12_replay_150_0117", "campus": 12, "size": 150, "condition": "crew0.75", "sla_multiplier": 1.0, "crew_multiplier": 0.75, "method": "atc", "seed": 301, "feasible": 1, "wwt": 451.0, "makespan": 69.5, "mean_flow": 3.836726666666667, "breach_share": 0.02666666666666667, "breach_p1": 0.057692307692307696, "breach_p2": 0.023255813953488372, "breach_p3": 0.0, "breach_p4": 0.0, "wall_seconds": 0.0006628530099987984}, "pfifo": {"id": "c12_replay_150_0117_m0.75", "base_id": "c12_replay_150_0117", "campus": 12, "size": 150, "condition": "crew0.75", "sla_multiplier": 1.0, "crew_multiplier": 0.75, "method": "pfifo", "seed": 301, "feasible": 1, "wwt": 443.0, "makespan": 70.0, "mean_flow": 3.8783933333333334, "breach_share": 0.02666666666666667, "breach_p1": 0.057692307692307696, "breach_p2": 0.023255813953488372, "breach_p3": 0.0, "breach_p4": 0.0, "wall_seconds": 0.0003517298027873039}, "mor": {"id": "c12_replay_150_0117_m0.75", "base_id": "c12_replay_150_0117", "campus": 12, "size": 150, "condition": "crew0.75", "sla_multiplier": 1.0, "crew_multiplier": 0.75, "method": "mor", "seed": 301, "feasible": 1, "wwt": 439.0, "makespan": 69.0, "mean_flow": 4.1667266666666665, "breach_share": 0.02666666666666667, "breach_p1": 0.057692307692307696, "breach_p2": 0.023255813953488372, "breach_p3": 0.0, "breach_p4": 0.0, "wall_seconds": 0.00034646177664399147}, "random": {"id": "c12_replay_150_0117_m0.75", "base_id": "c12_replay_150_0117", "campus": 12, "size": 150, "condition": "crew0.75", "sla_multiplier": 1.0, "crew_multiplier": 0.75, "method": "random", "seed": 301, "feasible": 1, "wwt": 451.0, "makespan": 69.0, "mean_flow": 3.84506, "breach_share": 0.03333333333333333, "breach_p1": 0.07692307692307693, "breach_p2": 0.023255813953488372, "breach_p3": 0.0, "breach_p4": 0.0, "wall_seconds": 0.00021751690655946732}, "v2rl301": {"id": "c12_replay_150_0117_m0.75", "base_id": "c12_replay_150_0117", "campus": 12, "size": 150, "condition": "crew0.75", "sla_multiplier": 1.0, "crew_multiplier": 0.75, "method": "v2rl301", "seed": 301, "feasible": 1, "wwt": 439.0, "makespan": 69.0, "mean_flow": 4.018393333333333, "breach_share": 0.02666666666666667, "breach_p1": 0.057692307692307696, "breach_p2": 0.023255813953488372, "breach_p3": 0.0, "breach_p4": 0.0, "wall_seconds": 0.01735350815579295}, "v2rl302": {"id": "c12_replay_150_0117_m0.75", "base_id": "c12_replay_150_0117", "campus": 12, "size": 150, "condition": "crew0.75", "sla_multiplier": 1.0, "crew_multiplier": 0.75, "method": "v2rl302", "seed": 302, "feasible": 1, "wwt": 439.0, "makespan": 69.0, "mean_flow": 3.90506, "breach_share": 0.02666666666666667, "breach_p1": 0.057692307692307696, "breach_p2": 0.023255813953488372, "breach_p3": 0.0, "breach_p4": 0.0, "wall_seconds": 0.01711399480700493}, "v2rl303": {"id": "c12_replay_150_0117_m0.75", "base_id": "c12_replay_150_0117", "campus": 12, "size": 150, "condition": "crew0.75", "sla_multiplier": 1.0, "crew_multiplier": 0.75, "method": "v2rl303", "seed": 303, "feasible": 1, "wwt": 439.0, "makespan": 69.5, "mean_flow": 3.93506, "breach_share": 0.02666666666666667, "breach_p1": 0.057692307692307696, "breach_p2": 0.023255813953488372, "breach_p3": 0.0, "breach_p4": 0.0, "wall_seconds": 0.017341238912194967}}, "methods_expected": ["edd", "wspt", "atc", "pfifo", "mor", "random", "v2rl301", "v2rl302", "v2rl303"], "infeasible": [], "wall_seconds_total": 0.05643327021971345}