{"shard_id": "c12_replay_400_0084_sla1.5", "id": "c12_replay_400_0084_sla1.5", "base_id": "c12_replay_400_0084", "campus": 12, "size": 400, "condition": "sla1.5", "rows": {"edd": {"id": "c12_replay_400_0084_sla1.5", "base_id": "c12_replay_400_0084", "campus": 12, "size": 400, "condition": "sla1.5", "sla_multiplier": 1.5, "crew_multiplier": 1.0, "method": "edd", "seed": 301, "feasible": 1, "wwt": 932.7248000000001, "makespan": 106.8648, "mean_flow": 4.5695387499999995, "breach_share": 0.0175, "breach_p1": 0.07792207792207792, "breach_p2": 0.014084507042253521, "breach_p3": 0.0, "breach_p4": 0.0, "wall_seconds": 0.0007380098104476929}, "wspt": {"id": "c12_replay_400_0084_sla1.5", "base_id": "c12_replay_400_0084", "campus": 12, "size": 400, "condition": "sla1.5", "sla_multiplier": 1.5, "crew_multiplier": 1.0, "method": "wspt", "seed": 301, "feasible": 1, "wwt": 946.704, "makespan": 106.8648, "mean_flow": 4.499807, "breach_share": 0.0175, "breach_p1": 0.07792207792207792, "breach_p2": 0.014084507042253521, "breach_p3": 0.0, "breach_p4": 0.0, "wall_seconds": 0.0007275361567735672}, "atc": {"id": "c12_replay_400_0084_sla1.5", "base_id": "c12_replay_400_0084", "campus": 12, "size": 400, "condition": "sla1.5", "sla_multiplier": 1.5, "crew_multiplier": 1.0, "method": "atc", "seed": 301, "feasible": 1, "wwt": 933.7376, "makespan": 106.8648, "mean_flow": 4.54297025, "breach_share": 0.0175, "breach_p1": 0.07792207792207792, "breach_p2": 0.014084507042253521, "breach_p3": 0.0, "breach_p4": 0.0, "wall_seconds": 0.0010964618995785713}, "pfifo": {"id": "c12_replay_400_0084_sla1.5", "base_id": "c12_replay_400_0084", "campus": 12, "size": 400, "condition": "sla1.5", "sla_multiplier": 1.5, "crew_multiplier": 1.0, "method": "pfifo", "seed": 301, "feasible": 1, "wwt": 932.7248000000001, "makespan": 106.8648, "mean_flow": 4.5695387499999995, "breach_share": 0.0175, "breach_p1": 0.07792207792207792, "breach_p2": 0.014084507042253521, "breach_p3": 0.0, "breach_p4": 0.0, "wall_seconds": 0.0007907291874289513}, "mor": {"id": "c12_replay_400_0084_sla1.5", "base_id": "c12_replay_400_0084", "campus": 12, "size": 400, "condition": "sla1.5", "sla_multiplier": 1.5, "crew_multiplier": 1.0, "method": "mor", "seed": 301, "feasible": 1, "wwt": 930.3824000000001, "makespan": 106.8648, "mean_flow": 4.6864245, "breach_share": 0.0175, "breach_p1": 0.07792207792207792, "breach_p2": 0.014084507042253521, "breach_p3": 0.0, "breach_p4": 0.0, "wall_seconds": 0.0007463130168616772}, "random": {"id": "c12_replay_400_0084_sla1.5", "base_id": "c12_replay_400_0084", "campus": 12, "size": 400, "condition": "sla1.5", "sla_multiplier": 1.5, "crew_multiplier": 1.0, "method": "random", "seed": 301, "feasible": 1, "wwt": 934.7248000000001, "makespan": 106.8648, "mean_flow": 4.56365975, "breach_share": 0.0175, "breach_p1": 0.07792207792207792, "breach_p2": 0.014084507042253521, "breach_p3": 0.0, "breach_p4": 0.0, "wall_seconds": 0.0005816281773149967}, "v2rl301": {"id": "c12_replay_400_0084_sla1.5", "base_id": "c12_replay_400_0084", "campus": 12, "size": 400, "condition": "sla1.5", "sla_multiplier": 1.5, "crew_multiplier": 1.0, "method": "v2rl301", "seed": 301, "feasible": 1, "wwt": 924.7248, "makespan": 106.8648, "mean_flow": 4.6061235, "breach_share": 0.0175, "breach_p1": 0.07792207792207792, "breach_p2": 0.014084507042253521, "breach_p3": 0.0, "breach_p4": 0.0, "wall_seconds": 0.042156243696808815}, "v2rl302": {"id": "c12_replay_400_0084_sla1.5", "base_id": "c12_replay_400_0084", "campus": 12, "size": 400, "condition": "sla1.5", "sla_multiplier": 1.5, "crew_multiplier": 1.0, "method": "v2rl302", "seed": 302, "feasible": 1, "wwt": 924.7248, "makespan": 106.8648, "mean_flow": 4.613061750000001, "breach_share": 0.0175, "breach_p1": 0.07792207792207792, "breach_p2": 0.014084507042253521, "breach_p3": 0.0, "breach_p4": 0.0, "wall_seconds": 0.04197741765528917}, "v2rl303": {"id": "c12_replay_400_0084_sla1.5", "base_id": "c12_replay_400_0084", "campus": 12, "size": 400, "condition": "sla1.5", "sla_multiplier": 1.5, "crew_multiplier": 1.0, "method": "v2rl303", "seed": 303, "feasible": 1, "wwt": 924.7248000000001, "makespan": 106.8648, "mean_flow": 4.5923895, "breach_share": 0.0175, "breach_p1": 0.07792207792207792, "breach_p2": 0.014084507042253521, "breach_p3": 0.0, "breach_p4": 0.0, "wall_seconds": 0.04160285368561745}}, "methods_expected": ["edd", "wspt", "atc", "pfifo", "mor", "random", "v2rl301", "v2rl302", "v2rl303"], "infeasible": [], "wall_seconds_total": 0.13523768307641149}