{"shard_id": "c12_replay_400_0077", "id": "c12_replay_400_0077", "base_id": "c12_replay_400_0077", "campus": 12, "size": 400, "condition": "baseline", "rows": {"edd": {"id": "c12_replay_400_0077", "base_id": "c12_replay_400_0077", "campus": 12, "size": 400, "condition": "baseline", "sla_multiplier": 1.0, "crew_multiplier": 1.0, "method": "edd", "seed": 301, "feasible": 1, "wwt": 1439.9184, "makespan": 114.3729, "mean_flow": 4.9878925, "breach_share": 0.0225, "breach_p1": 0.13793103448275862, "breach_p2": 0.022222222222222223, "breach_p3": 0.0, "breach_p4": 0.0, "wall_seconds": 0.0006627151742577553}, "wspt": {"id": "c12_replay_400_0077", "base_id": "c12_replay_400_0077", "campus": 12, "size": 400, "condition": "baseline", "sla_multiplier": 1.0, "crew_multiplier": 1.0, "method": "wspt", "seed": 301, "feasible": 1, "wwt": 1440.9184, "makespan": 114.3729, "mean_flow": 4.98698425, "breach_share": 0.0225, "breach_p1": 0.13793103448275862, "breach_p2": 0.022222222222222223, "breach_p3": 0.0, "breach_p4": 0.0, "wall_seconds": 0.0006403927691280842}, "atc": {"id": "c12_replay_400_0077", "base_id": "c12_replay_400_0077", "campus": 12, "size": 400, "condition": "baseline", "sla_multiplier": 1.0, "crew_multiplier": 1.0, "method": "atc", "seed": 301, "feasible": 1, "wwt": 1439.9184, "makespan": 114.3729, "mean_flow": 4.986984250000001, "breach_share": 0.0225, "breach_p1": 0.13793103448275862, "breach_p2": 0.022222222222222223, "breach_p3": 0.0, "breach_p4": 0.0, "wall_seconds": 0.0008359933272004128}, "pfifo": {"id": "c12_replay_400_0077", "base_id": "c12_replay_400_0077", "campus": 12, "size": 400, "condition": "baseline", "sla_multiplier": 1.0, "crew_multiplier": 1.0, "method": "pfifo", "seed": 301, "feasible": 1, "wwt": 1439.9184, "makespan": 114.3729, "mean_flow": 4.9878925, "breach_share": 0.0225, "breach_p1": 0.13793103448275862, "breach_p2": 0.022222222222222223, "breach_p3": 0.0, "breach_p4": 0.0, "wall_seconds": 0.0006318720988929272}, "mor": {"id": "c12_replay_400_0077", "base_id": "c12_replay_400_0077", "campus": 12, "size": 400, "condition": "baseline", "sla_multiplier": 1.0, "crew_multiplier": 1.0, "method": "mor", "seed": 301, "feasible": 1, "wwt": 1439.9184, "makespan": 114.3729, "mean_flow": 4.9903925000000005, "breach_share": 0.0225, "breach_p1": 0.13793103448275862, "breach_p2": 0.022222222222222223, "breach_p3": 0.0, "breach_p4": 0.0, "wall_seconds": 0.0006195157766342163}, "random": {"id": "c12_replay_400_0077", "base_id": "c12_replay_400_0077", "campus": 12, "size": 400, "condition": "baseline", "sla_multiplier": 1.0, "crew_multiplier": 1.0, "method": "random", "seed": 301, "feasible": 1, "wwt": 1439.9184, "makespan": 114.3729, "mean_flow": 4.986984250000001, "breach_share": 0.0225, "breach_p1": 0.13793103448275862, "breach_p2": 0.022222222222222223, "breach_p3": 0.0, "breach_p4": 0.0, "wall_seconds": 0.0005721072666347027}, "v2rl301": {"id": "c12_replay_400_0077", "base_id": "c12_replay_400_0077", "campus": 12, "size": 400, "condition": "baseline", "sla_multiplier": 1.0, "crew_multiplier": 1.0, "method": "v2rl301", "seed": 301, "feasible": 1, "wwt": 1439.9184, "makespan": 114.3729, "mean_flow": 4.9903925000000005, "breach_share": 0.0225, "breach_p1": 0.13793103448275862, "breach_p2": 0.022222222222222223, "breach_p3": 0.0, "breach_p4": 0.0, "wall_seconds": 0.041375516913831234}, "v2rl302": {"id": "c12_replay_400_0077", "base_id": "c12_replay_400_0077", "campus": 12, "size": 400, "condition": "baseline", "sla_multiplier": 1.0, "crew_multiplier": 1.0, "method": "v2rl302", "seed": 302, "feasible": 1, "wwt": 1439.9184, "makespan": 114.3729, "mean_flow": 4.9903925000000005, "breach_share": 0.0225, "breach_p1": 0.13793103448275862, "breach_p2": 0.022222222222222223, "breach_p3": 0.0, "breach_p4": 0.0, "wall_seconds": 0.03996304236352444}, "v2rl303": {"id": "c12_replay_400_0077", "base_id": "c12_replay_400_0077", "campus": 12, "size": 400, "condition": "baseline", "sla_multiplier": 1.0, "crew_multiplier": 1.0, "method": "v2rl303", "seed": 303, "feasible": 1, "wwt": 1439.9184, "makespan": 114.3729, "mean_flow": 4.986984250000001, "breach_share": 0.0225, "breach_p1": 0.13793103448275862, "breach_p2": 0.022222222222222223, "breach_p3": 0.0, "breach_p4": 0.0, "wall_seconds": 0.039697644766420126}}, "methods_expected": ["edd", "wspt", "atc", "pfifo", "mor", "random", "v2rl301", "v2rl302", "v2rl303"], "infeasible": [], "wall_seconds_total": 0.12873384729027748}