{"shard_id": "c12_replay_400_0076_m1.25", "id": "c12_replay_400_0076_m1.25", "base_id": "c12_replay_400_0076", "campus": 12, "size": 400, "condition": "crew1.25", "rows": {"edd": {"id": "c12_replay_400_0076_m1.25", "base_id": "c12_replay_400_0076", "campus": 12, "size": 400, "condition": "crew1.25", "sla_multiplier": 1.0, "crew_multiplier": 1.25, "method": "edd", "seed": 301, "feasible": 1, "wwt": 2199.6592, "makespan": 117.2242, "mean_flow": 6.0086005, "breach_share": 0.0575, "breach_p1": 0.14492753623188406, "breach_p2": 0.029411764705882353, "breach_p3": 0.0125, "breach_p4": 0.0, "wall_seconds": 0.0006879749707877636}, "wspt": {"id": "c12_replay_400_0076_m1.25", "base_id": "c12_replay_400_0076", "campus": 12, "size": 400, "condition": "crew1.25", "sla_multiplier": 1.0, "crew_multiplier": 1.25, "method": "wspt", "seed": 301, "feasible": 1, "wwt": 2199.6592, "makespan": 117.2242, "mean_flow": 6.0086005, "breach_share": 0.0575, "breach_p1": 0.14492753623188406, "breach_p2": 0.029411764705882353, "breach_p3": 0.0125, "breach_p4": 0.0, "wall_seconds": 0.0007044458761811256}, "atc": {"id": "c12_replay_400_0076_m1.25", "base_id": "c12_replay_400_0076", "campus": 12, "size": 400, "condition": "crew1.25", "sla_multiplier": 1.0, "crew_multiplier": 1.25, "method": "atc", "seed": 301, "feasible": 1, "wwt": 2199.6592, "makespan": 117.2242, "mean_flow": 6.0086005, "breach_share": 0.0575, "breach_p1": 0.14492753623188406, "breach_p2": 0.029411764705882353, "breach_p3": 0.0125, "breach_p4": 0.0, "wall_seconds": 0.0009784139692783356}, "pfifo": {"id": "c12_replay_400_0076_m1.25", "base_id": "c12_replay_400_0076", "campus": 12, "size": 400, "condition": "crew1.25", "sla_multiplier": 1.0, "crew_multiplier": 1.25, "method": "pfifo", "seed": 301, "feasible": 1, "wwt": 2199.6592, "makespan": 117.2242, "mean_flow": 6.0086005, "breach_share": 0.0575, "breach_p1": 0.14492753623188406, "breach_p2": 0.029411764705882353, "breach_p3": 0.0125, "breach_p4": 0.0, "wall_seconds": 0.0006801318377256393}, "mor": {"id": "c12_replay_400_0076_m1.25", "base_id": "c12_replay_400_0076", "campus": 12, "size": 400, "condition": "crew1.25", "sla_multiplier": 1.0, "crew_multiplier": 1.25, "method": "mor", "seed": 301, "feasible": 1, "wwt": 2199.6592, "makespan": 117.2242, "mean_flow": 6.0086005, "breach_share": 0.0575, "breach_p1": 0.14492753623188406, "breach_p2": 0.029411764705882353, "breach_p3": 0.0125, "breach_p4": 0.0, "wall_seconds": 0.0006642062216997147}, "random": {"id": "c12_replay_400_0076_m1.25", "base_id": "c12_replay_400_0076", "campus": 12, "size": 400, "condition": "crew1.25", "sla_multiplier": 1.0, "crew_multiplier": 1.25, "method": "random", "seed": 301, "feasible": 1, "wwt": 2199.6592, "makespan": 117.2242, "mean_flow": 6.0086005, "breach_share": 0.0575, "breach_p1": 0.14492753623188406, "breach_p2": 0.029411764705882353, "breach_p3": 0.0125, "breach_p4": 0.0, "wall_seconds": 0.0005717622116208076}, "v2rl301": {"id": "c12_replay_400_0076_m1.25", "base_id": "c12_replay_400_0076", "campus": 12, "size": 400, "condition": "crew1.25", "sla_multiplier": 1.0, "crew_multiplier": 1.25, "method": "v2rl301", "seed": 301, "feasible": 1, "wwt": 2199.6592, "makespan": 117.2242, "mean_flow": 6.0086005, "breach_share": 0.0575, "breach_p1": 0.14492753623188406, "breach_p2": 0.029411764705882353, "breach_p3": 0.0125, "breach_p4": 0.0, "wall_seconds": 0.042145038954913616}, "v2rl302": {"id": "c12_replay_400_0076_m1.25", "base_id": "c12_replay_400_0076", "campus": 12, "size": 400, "condition": "crew1.25", "sla_multiplier": 1.0, "crew_multiplier": 1.25, "method": "v2rl302", "seed": 302, "feasible": 1, "wwt": 2199.6592, "makespan": 117.2242, "mean_flow": 6.0086005, "breach_share": 0.0575, "breach_p1": 0.14492753623188406, "breach_p2": 0.029411764705882353, "breach_p3": 0.0125, "breach_p4": 0.0, "wall_seconds": 0.04072070773690939}, "v2rl303": {"id": "c12_replay_400_0076_m1.25", "base_id": "c12_replay_400_0076", "campus": 12, "size": 400, "condition": "crew1.25", "sla_multiplier": 1.0, "crew_multiplier": 1.25, "method": "v2rl303", "seed": 303, "feasible": 1, "wwt": 2199.6592, "makespan": 117.2242, "mean_flow": 6.0086005, "breach_share": 0.0575, "breach_p1": 0.14492753623188406, "breach_p2": 0.029411764705882353, "breach_p3": 0.0125, "breach_p4": 0.0, "wall_seconds": 0.04046247573569417}}, "methods_expected": ["edd", "wspt", "atc", "pfifo", "mor", "random", "v2rl301", "v2rl302", "v2rl303"], "infeasible": [], "wall_seconds_total": 0.1322590308263898}