{"shard_id": "c12_replay_150_0110_sla0.5", "id": "c12_replay_150_0110_sla0.5", "base_id": "c12_replay_150_0110", "campus": 12, "size": 150, "condition": "sla0.5", "rows": {"edd": {"id": "c12_replay_150_0110_sla0.5", "base_id": "c12_replay_150_0110", "campus": 12, "size": 150, "condition": "sla0.5", "sla_multiplier": 0.5, "crew_multiplier": 1.0, "method": "edd", "seed": 301, "feasible": 1, "wwt": 3483.5008, "makespan": 99.8648, "mean_flow": 7.443105999999999, "breach_share": 0.25333333333333335, "breach_p1": 0.38636363636363635, "breach_p2": 0.17647058823529413, "breach_p3": 0.0, "breach_p4": 0.05555555555555555, "wall_seconds": 0.0003871559165418148}, "wspt": {"id": "c12_replay_150_0110_sla0.5", "base_id": "c12_replay_150_0110", "campus": 12, "size": 150, "condition": "sla0.5", "sla_multiplier": 0.5, "crew_multiplier": 1.0, "method": "wspt", "seed": 301, "feasible": 1, "wwt": 3570.0832000000005, "makespan": 100.8648, "mean_flow": 7.399732, "breach_share": 0.24, "breach_p1": 0.36363636363636365, "breach_p2": 0.17647058823529413, "breach_p3": 0.0, "breach_p4": 0.05555555555555555, "wall_seconds": 0.00040271319448947906}, "atc": {"id": "c12_replay_150_0110_sla0.5", "base_id": "c12_replay_150_0110", "campus": 12, "size": 150, "condition": "sla0.5", "sla_multiplier": 0.5, "crew_multiplier": 1.0, "method": "atc", "seed": 301, "feasible": 1, "wwt": 3566.0832000000005, "makespan": 100.8648, "mean_flow": 7.399732, "breach_share": 0.24, "breach_p1": 0.36363636363636365, "breach_p2": 0.17647058823529413, "breach_p3": 0.0, "breach_p4": 0.05555555555555555, "wall_seconds": 0.0006775660440325737}, "pfifo": {"id": "c12_replay_150_0110_sla0.5", "base_id": "c12_replay_150_0110", "campus": 12, "size": 150, "condition": "sla0.5", "sla_multiplier": 0.5, "crew_multiplier": 1.0, "method": "pfifo", "seed": 301, "feasible": 1, "wwt": 3483.5008, "makespan": 99.8648, "mean_flow": 7.443105999999999, "breach_share": 0.25333333333333335, "breach_p1": 0.38636363636363635, "breach_p2": 0.17647058823529413, "breach_p3": 0.0, "breach_p4": 0.05555555555555555, "wall_seconds": 0.0003692568279802799}, "mor": {"id": "c12_replay_150_0110_sla0.5", "base_id": "c12_replay_150_0110", "campus": 12, "size": 150, "condition": "sla0.5", "sla_multiplier": 0.5, "crew_multiplier": 1.0, "method": "mor", "seed": 301, "feasible": 1, "wwt": 3506.5935999999992, "makespan": 98.8648, "mean_flow": 7.836864666666667, "breach_share": 0.37333333333333335, "breach_p1": 0.5909090909090909, "breach_p2": 0.17647058823529413, "breach_p3": 0.0, "breach_p4": 0.05555555555555555, "wall_seconds": 0.0003693592734634876}, "random": {"id": "c12_replay_150_0110_sla0.5", "base_id": "c12_replay_150_0110", "campus": 12, "size": 150, "condition": "sla0.5", "sla_multiplier": 0.5, "crew_multiplier": 1.0, "method": "random", "seed": 301, "feasible": 1, "wwt": 3515.5496, "makespan": 98.8648, "mean_flow": 7.493106000000001, "breach_share": 0.26, "breach_p1": 0.3977272727272727, "breach_p2": 0.17647058823529413, "breach_p3": 0.0, "breach_p4": 0.05555555555555555, "wall_seconds": 0.0002480139955878258}, "v2rl301": {"id": "c12_replay_150_0110_sla0.5", "base_id": "c12_replay_150_0110", "campus": 12, "size": 150, "condition": "sla0.5", "sla_multiplier": 0.5, "crew_multiplier": 1.0, "method": "v2rl301", "seed": 301, "feasible": 1, "wwt": 3376.3871999999997, "makespan": 98.8648, "mean_flow": 7.741692666666666, "breach_share": 0.28, "breach_p1": 0.4318181818181818, "breach_p2": 0.17647058823529413, "breach_p3": 0.0, "breach_p4": 0.05555555555555555, "wall_seconds": 0.01713655237108469}, "v2rl302": {"id": "c12_replay_150_0110_sla0.5", "base_id": "c12_replay_150_0110", "campus": 12, "size": 150, "condition": "sla0.5", "sla_multiplier": 0.5, "crew_multiplier": 1.0, "method": "v2rl302", "seed": 302, "feasible": 1, "wwt": 3398.0832, "makespan": 98.8648, "mean_flow": 7.4849853333333325, "breach_share": 0.28, "breach_p1": 0.4318181818181818, "breach_p2": 0.17647058823529413, "breach_p3": 0.0, "breach_p4": 0.05555555555555555, "wall_seconds": 0.017016639932990074}, "v2rl303": {"id": "c12_replay_150_0110_sla0.5", "base_id": "c12_replay_150_0110", "campus": 12, "size": 150, "condition": "sla0.5", "sla_multiplier": 0.5, "crew_multiplier": 1.0, "method": "v2rl303", "seed": 303, "feasible": 1, "wwt": 3376.3872000000006, "makespan": 98.8648, "mean_flow": 7.738359333333334, "breach_share": 0.28, "breach_p1": 0.4318181818181818, "breach_p2": 0.17647058823529413, "breach_p3": 0.0, "breach_p4": 0.05555555555555555, "wall_seconds": 0.01740850741043687}}, "methods_expected": ["edd", "wspt", "atc", "pfifo", "mor", "random", "v2rl301", "v2rl302", "v2rl303"], "infeasible": [], "wall_seconds_total": 0.05629928316920996}