{"shard_id": "c12_replay_400_0088", "id": "c12_replay_400_0088", "base_id": "c12_replay_400_0088", "campus": 12, "size": 400, "condition": "baseline", "rows": {"edd": {"id": "c12_replay_400_0088", "base_id": "c12_replay_400_0088", "campus": 12, "size": 400, "condition": "baseline", "sla_multiplier": 1.0, "crew_multiplier": 1.0, "method": "edd", "seed": 301, "feasible": 1, "wwt": 993.6, "makespan": 77.0, "mean_flow": 3.7606852500000003, "breach_share": 0.0175, "breach_p1": 0.12962962962962962, "breach_p2": 0.0, "breach_p3": 0.0, "breach_p4": 0.0, "wall_seconds": 0.0007524201646447182}, "wspt": {"id": "c12_replay_400_0088", "base_id": "c12_replay_400_0088", "campus": 12, "size": 400, "condition": "baseline", "sla_multiplier": 1.0, "crew_multiplier": 1.0, "method": "wspt", "seed": 301, "feasible": 1, "wwt": 1005.6, "makespan": 78.0, "mean_flow": 3.620294, "breach_share": 0.0175, "breach_p1": 0.12962962962962962, "breach_p2": 0.0, "breach_p3": 0.0, "breach_p4": 0.0, "wall_seconds": 0.0007626311853528023}, "atc": {"id": "c12_replay_400_0088", "base_id": "c12_replay_400_0088", "campus": 12, "size": 400, "condition": "baseline", "sla_multiplier": 1.0, "crew_multiplier": 1.0, "method": "atc", "seed": 301, "feasible": 1, "wwt": 993.6, "makespan": 77.0, "mean_flow": 3.7190087500000004, "breach_share": 0.0175, "breach_p1": 0.12962962962962962, "breach_p2": 0.0, "breach_p3": 0.0, "breach_p4": 0.0, "wall_seconds": 0.0012849108316004276}, "pfifo": {"id": "c12_replay_400_0088", "base_id": "c12_replay_400_0088", "campus": 12, "size": 400, "condition": "baseline", "sla_multiplier": 1.0, "crew_multiplier": 1.0, "method": "pfifo", "seed": 301, "feasible": 1, "wwt": 993.6, "makespan": 77.0, "mean_flow": 3.7606852500000003, "breach_share": 0.0175, "breach_p1": 0.12962962962962962, "breach_p2": 0.0, "breach_p3": 0.0, "breach_p4": 0.0, "wall_seconds": 0.0008181249722838402}, "mor": {"id": "c12_replay_400_0088", "base_id": "c12_replay_400_0088", "campus": 12, "size": 400, "condition": "baseline", "sla_multiplier": 1.0, "crew_multiplier": 1.0, "method": "mor", "seed": 301, "feasible": 1, "wwt": 993.6, "makespan": 77.0, "mean_flow": 3.94614325, "breach_share": 0.0175, "breach_p1": 0.12962962962962962, "breach_p2": 0.0, "breach_p3": 0.0, "breach_p4": 0.0, "wall_seconds": 0.0007518609054386616}, "random": {"id": "c12_replay_400_0088", "base_id": "c12_replay_400_0088", "campus": 12, "size": 400, "condition": "baseline", "sla_multiplier": 1.0, "crew_multiplier": 1.0, "method": "random", "seed": 301, "feasible": 1, "wwt": 993.6, "makespan": 77.0, "mean_flow": 3.7122212500000002, "breach_share": 0.0175, "breach_p1": 0.12962962962962962, "breach_p2": 0.0, "breach_p3": 0.0, "breach_p4": 0.0, "wall_seconds": 0.000569014810025692}, "v2rl301": {"id": "c12_replay_400_0088", "base_id": "c12_replay_400_0088", "campus": 12, "size": 400, "condition": "baseline", "sla_multiplier": 1.0, "crew_multiplier": 1.0, "method": "v2rl301", "seed": 301, "feasible": 1, "wwt": 993.6, "makespan": 77.0, "mean_flow": 3.8733067500000002, "breach_share": 0.0175, "breach_p1": 0.12962962962962962, "breach_p2": 0.0, "breach_p3": 0.0, "breach_p4": 0.0, "wall_seconds": 0.04379913583397865}, "v2rl302": {"id": "c12_replay_400_0088", "base_id": "c12_replay_400_0088", "campus": 12, "size": 400, "condition": "baseline", "sla_multiplier": 1.0, "crew_multiplier": 1.0, "method": "v2rl302", "seed": 302, "feasible": 1, "wwt": 993.6, "makespan": 77.0, "mean_flow": 3.852965, "breach_share": 0.0175, "breach_p1": 0.12962962962962962, "breach_p2": 0.0, "breach_p3": 0.0, "breach_p4": 0.0, "wall_seconds": 0.04296509502455592}, "v2rl303": {"id": "c12_replay_400_0088", "base_id": "c12_replay_400_0088", "campus": 12, "size": 400, "condition": "baseline", "sla_multiplier": 1.0, "crew_multiplier": 1.0, "method": "v2rl303", "seed": 303, "feasible": 1, "wwt": 993.6, "makespan": 77.0, "mean_flow": 3.823549, "breach_share": 0.0175, "breach_p1": 0.12962962962962962, "breach_p2": 0.0, "breach_p3": 0.0, "breach_p4": 0.0, "wall_seconds": 0.04314317321404815}}, "methods_expected": ["edd", "wspt", "atc", "pfifo", "mor", "random", "v2rl301", "v2rl302", "v2rl303"], "infeasible": [], "wall_seconds_total": 0.1387281771749258}