{"shard_id": "c12_replay_400_0089_m0.75", "id": "c12_replay_400_0089_m0.75", "base_id": "c12_replay_400_0089", "campus": 12, "size": 400, "condition": "crew0.75", "rows": {"edd": {"id": "c12_replay_400_0089_m0.75", "base_id": "c12_replay_400_0089", "campus": 12, "size": 400, "condition": "crew0.75", "sla_multiplier": 1.0, "crew_multiplier": 0.75, "method": "edd", "seed": 301, "feasible": 1, "wwt": 1758.0, "makespan": 107.849, "mean_flow": 7.193451250000001, "breach_share": 0.0475, "breach_p1": 0.2236842105263158, "breach_p2": 0.03076923076923077, "breach_p3": 0.0, "breach_p4": 0.0, "wall_seconds": 0.000625228974968195}, "wspt": {"id": "c12_replay_400_0089_m0.75", "base_id": "c12_replay_400_0089", "campus": 12, "size": 400, "condition": "crew0.75", "sla_multiplier": 1.0, "crew_multiplier": 0.75, "method": "wspt", "seed": 301, "feasible": 1, "wwt": 1761.0, "makespan": 107.849, "mean_flow": 7.14310825, "breach_share": 0.05, "breach_p1": 0.2236842105263158, "breach_p2": 0.046153846153846156, "breach_p3": 0.0, "breach_p4": 0.0, "wall_seconds": 0.0006346707232296467}, "atc": {"id": "c12_replay_400_0089_m0.75", "base_id": "c12_replay_400_0089", "campus": 12, "size": 400, "condition": "crew0.75", "sla_multiplier": 1.0, "crew_multiplier": 0.75, "method": "atc", "seed": 301, "feasible": 1, "wwt": 1758.0, "makespan": 107.849, "mean_flow": 7.1678025000000005, "breach_share": 0.0475, "breach_p1": 0.2236842105263158, "breach_p2": 0.03076923076923077, "breach_p3": 0.0, "breach_p4": 0.0, "wall_seconds": 0.0008044978603720665}, "pfifo": {"id": "c12_replay_400_0089_m0.75", "base_id": "c12_replay_400_0089", "campus": 12, "size": 400, "condition": "crew0.75", "sla_multiplier": 1.0, "crew_multiplier": 0.75, "method": "pfifo", "seed": 301, "feasible": 1, "wwt": 1758.0, "makespan": 107.849, "mean_flow": 7.193451250000001, "breach_share": 0.0475, "breach_p1": 0.2236842105263158, "breach_p2": 0.03076923076923077, "breach_p3": 0.0, "breach_p4": 0.0, "wall_seconds": 0.0006060642190277576}, "mor": {"id": "c12_replay_400_0089_m0.75", "base_id": "c12_replay_400_0089", "campus": 12, "size": 400, "condition": "crew0.75", "sla_multiplier": 1.0, "crew_multiplier": 0.75, "method": "mor", "seed": 301, "feasible": 1, "wwt": 1758.0, "makespan": 107.849, "mean_flow": 7.246879249999999, "breach_share": 0.0475, "breach_p1": 0.2236842105263158, "breach_p2": 0.03076923076923077, "breach_p3": 0.0, "breach_p4": 0.0, "wall_seconds": 0.0005975477397441864}, "random": {"id": "c12_replay_400_0089_m0.75", "base_id": "c12_replay_400_0089", "campus": 12, "size": 400, "condition": "crew0.75", "sla_multiplier": 1.0, "crew_multiplier": 0.75, "method": "random", "seed": 301, "feasible": 1, "wwt": 1761.0, "makespan": 107.849, "mean_flow": 7.168874249999999, "breach_share": 0.05, "breach_p1": 0.2236842105263158, "breach_p2": 0.046153846153846156, "breach_p3": 0.0, "breach_p4": 0.0, "wall_seconds": 0.0005690380930900574}, "v2rl301": {"id": "c12_replay_400_0089_m0.75", "base_id": "c12_replay_400_0089", "campus": 12, "size": 400, "condition": "crew0.75", "sla_multiplier": 1.0, "crew_multiplier": 0.75, "method": "v2rl301", "seed": 301, "feasible": 1, "wwt": 1758.0, "makespan": 107.849, "mean_flow": 7.18807425, "breach_share": 0.0475, "breach_p1": 0.2236842105263158, "breach_p2": 0.03076923076923077, "breach_p3": 0.0, "breach_p4": 0.0, "wall_seconds": 0.04107394767925143}, "v2rl302": {"id": "c12_replay_400_0089_m0.75", "base_id": "c12_replay_400_0089", "campus": 12, "size": 400, "condition": "crew0.75", "sla_multiplier": 1.0, "crew_multiplier": 0.75, "method": "v2rl302", "seed": 302, "feasible": 1, "wwt": 1758.0, "makespan": 107.849, "mean_flow": 7.214918749999999, "breach_share": 0.0475, "breach_p1": 0.2236842105263158, "breach_p2": 0.03076923076923077, "breach_p3": 0.0, "breach_p4": 0.0, "wall_seconds": 0.0405813199467957}, "v2rl303": {"id": "c12_replay_400_0089_m0.75", "base_id": "c12_replay_400_0089", "campus": 12, "size": 400, "condition": "crew0.75", "sla_multiplier": 1.0, "crew_multiplier": 0.75, "method": "v2rl303", "seed": 303, "feasible": 1, "wwt": 1758.0, "makespan": 107.849, "mean_flow": 7.214686750000001, "breach_share": 0.0475, "breach_p1": 0.2236842105263158, "breach_p2": 0.03076923076923077, "breach_p3": 0.0, "breach_p4": 0.0, "wall_seconds": 0.04112154617905617}}, "methods_expected": ["edd", "wspt", "atc", "pfifo", "mor", "random", "v2rl301", "v2rl302", "v2rl303"], "infeasible": [], "wall_seconds_total": 0.1311945361085236}