{"shard_id": "c12_replay_150_0107_m0.75", "id": "c12_replay_150_0107_m0.75", "base_id": "c12_replay_150_0107", "campus": 12, "size": 150, "condition": "crew0.75", "rows": {"edd": {"id": "c12_replay_150_0107_m0.75", "base_id": "c12_replay_150_0107", "campus": 12, "size": 150, "condition": "crew0.75", "sla_multiplier": 1.0, "crew_multiplier": 0.75, "method": "edd", "seed": 301, "feasible": 1, "wwt": 421.7296, "makespan": 98.1862, "mean_flow": 7.298629333333333, "breach_share": 0.03333333333333333, "breach_p1": 0.19047619047619047, "breach_p2": 0.0, "breach_p3": 0.030303030303030304, "breach_p4": 0.0, "wall_seconds": 0.00026822229847311974}, "wspt": {"id": "c12_replay_150_0107_m0.75", "base_id": "c12_replay_150_0107", "campus": 12, "size": 150, "condition": "crew0.75", "sla_multiplier": 1.0, "crew_multiplier": 0.75, "method": "wspt", "seed": 301, "feasible": 1, "wwt": 421.7296, "makespan": 98.1862, "mean_flow": 7.298629333333333, "breach_share": 0.03333333333333333, "breach_p1": 0.19047619047619047, "breach_p2": 0.0, "breach_p3": 0.030303030303030304, "breach_p4": 0.0, "wall_seconds": 0.0002567227929830551}, "atc": {"id": "c12_replay_150_0107_m0.75", "base_id": "c12_replay_150_0107", "campus": 12, "size": 150, "condition": "crew0.75", "sla_multiplier": 1.0, "crew_multiplier": 0.75, "method": "atc", "seed": 301, "feasible": 1, "wwt": 421.7296, "makespan": 98.1862, "mean_flow": 7.298629333333333, "breach_share": 0.03333333333333333, "breach_p1": 0.19047619047619047, "breach_p2": 0.0, "breach_p3": 0.030303030303030304, "breach_p4": 0.0, "wall_seconds": 0.00032026227563619614}, "pfifo": {"id": "c12_replay_150_0107_m0.75", "base_id": "c12_replay_150_0107", "campus": 12, "size": 150, "condition": "crew0.75", "sla_multiplier": 1.0, "crew_multiplier": 0.75, "method": "pfifo", "seed": 301, "feasible": 1, "wwt": 421.7296, "makespan": 98.1862, "mean_flow": 7.298629333333333, "breach_share": 0.03333333333333333, "breach_p1": 0.19047619047619047, "breach_p2": 0.0, "breach_p3": 0.030303030303030304, "breach_p4": 0.0, "wall_seconds": 0.0002494668588042259}, "mor": {"id": "c12_replay_150_0107_m0.75", "base_id": "c12_replay_150_0107", "campus": 12, "size": 150, "condition": "crew0.75", "sla_multiplier": 1.0, "crew_multiplier": 0.75, "method": "mor", "seed": 301, "feasible": 1, "wwt": 421.7296, "makespan": 98.1862, "mean_flow": 7.298629333333333, "breach_share": 0.03333333333333333, "breach_p1": 0.19047619047619047, "breach_p2": 0.0, "breach_p3": 0.030303030303030304, "breach_p4": 0.0, "wall_seconds": 0.0002487432211637497}, "random": {"id": "c12_replay_150_0107_m0.75", "base_id": "c12_replay_150_0107", "campus": 12, "size": 150, "condition": "crew0.75", "sla_multiplier": 1.0, "crew_multiplier": 0.75, "method": "random", "seed": 301, "feasible": 1, "wwt": 421.7296, "makespan": 98.1862, "mean_flow": 7.298629333333333, "breach_share": 0.03333333333333333, "breach_p1": 0.19047619047619047, "breach_p2": 0.0, "breach_p3": 0.030303030303030304, "breach_p4": 0.0, "wall_seconds": 0.00023647490888834}, "v2rl301": {"id": "c12_replay_150_0107_m0.75", "base_id": "c12_replay_150_0107", "campus": 12, "size": 150, "condition": "crew0.75", "sla_multiplier": 1.0, "crew_multiplier": 0.75, "method": "v2rl301", "seed": 301, "feasible": 1, "wwt": 421.7296, "makespan": 98.1862, "mean_flow": 7.298629333333333, "breach_share": 0.03333333333333333, "breach_p1": 0.19047619047619047, "breach_p2": 0.0, "breach_p3": 0.030303030303030304, "breach_p4": 0.0, "wall_seconds": 0.015083760023117065}, "v2rl302": {"id": "c12_replay_150_0107_m0.75", "base_id": "c12_replay_150_0107", "campus": 12, "size": 150, "condition": "crew0.75", "sla_multiplier": 1.0, "crew_multiplier": 0.75, "method": "v2rl302", "seed": 302, "feasible": 1, "wwt": 421.7296, "makespan": 98.1862, "mean_flow": 7.298629333333333, "breach_share": 0.03333333333333333, "breach_p1": 0.19047619047619047, "breach_p2": 0.0, "breach_p3": 0.030303030303030304, "breach_p4": 0.0, "wall_seconds": 0.014933227561414242}, "v2rl303": {"id": "c12_replay_150_0107_m0.75", "base_id": "c12_replay_150_0107", "campus": 12, "size": 150, "condition": "crew0.75", "sla_multiplier": 1.0, "crew_multiplier": 0.75, "method": "v2rl303", "seed": 303, "feasible": 1, "wwt": 421.7296, "makespan": 98.1862, "mean_flow": 7.298629333333333, "breach_share": 0.03333333333333333, "breach_p1": 0.19047619047619047, "breach_p2": 0.0, "breach_p3": 0.030303030303030304, "breach_p4": 0.0, "wall_seconds": 0.015418096911162138}}, "methods_expected": ["edd", "wspt", "atc", "pfifo", "mor", "random", "v2rl301", "v2rl302", "v2rl303"], "infeasible": [], "wall_seconds_total": 0.04920137394219637}