{"shard_id": "c12_replay_400_0075", "id": "c12_replay_400_0075", "base_id": "c12_replay_400_0075", "campus": 12, "size": 400, "condition": "baseline", "rows": {"edd": {"id": "c12_replay_400_0075", "base_id": "c12_replay_400_0075", "campus": 12, "size": 400, "condition": "baseline", "sla_multiplier": 1.0, "crew_multiplier": 1.0, "method": "edd", "seed": 301, "feasible": 1, "wwt": 1651.0592, "makespan": 117.0762, "mean_flow": 6.08292725, "breach_share": 0.04, "breach_p1": 0.125, "breach_p2": 0.05172413793103448, "breach_p3": 0.0, "breach_p4": 0.0, "wall_seconds": 0.0006500547751784325}, "wspt": {"id": "c12_replay_400_0075", "base_id": "c12_replay_400_0075", "campus": 12, "size": 400, "condition": "baseline", "sla_multiplier": 1.0, "crew_multiplier": 1.0, "method": "wspt", "seed": 301, "feasible": 1, "wwt": 1651.0592, "makespan": 117.0762, "mean_flow": 6.08292725, "breach_share": 0.04, "breach_p1": 0.125, "breach_p2": 0.05172413793103448, "breach_p3": 0.0, "breach_p4": 0.0, "wall_seconds": 0.0006355736404657364}, "atc": {"id": "c12_replay_400_0075", "base_id": "c12_replay_400_0075", "campus": 12, "size": 400, "condition": "baseline", "sla_multiplier": 1.0, "crew_multiplier": 1.0, "method": "atc", "seed": 301, "feasible": 1, "wwt": 1651.0592, "makespan": 117.0762, "mean_flow": 6.08292725, "breach_share": 0.04, "breach_p1": 0.125, "breach_p2": 0.05172413793103448, "breach_p3": 0.0, "breach_p4": 0.0, "wall_seconds": 0.0008303630165755749}, "pfifo": {"id": "c12_replay_400_0075", "base_id": "c12_replay_400_0075", "campus": 12, "size": 400, "condition": "baseline", "sla_multiplier": 1.0, "crew_multiplier": 1.0, "method": "pfifo", "seed": 301, "feasible": 1, "wwt": 1651.0592, "makespan": 117.0762, "mean_flow": 6.08292725, "breach_share": 0.04, "breach_p1": 0.125, "breach_p2": 0.05172413793103448, "breach_p3": 0.0, "breach_p4": 0.0, "wall_seconds": 0.000637733843177557}, "mor": {"id": "c12_replay_400_0075", "base_id": "c12_replay_400_0075", "campus": 12, "size": 400, "condition": "baseline", "sla_multiplier": 1.0, "crew_multiplier": 1.0, "method": "mor", "seed": 301, "feasible": 1, "wwt": 1651.0592, "makespan": 117.0762, "mean_flow": 6.08292725, "breach_share": 0.04, "breach_p1": 0.125, "breach_p2": 0.05172413793103448, "breach_p3": 0.0, "breach_p4": 0.0, "wall_seconds": 0.0006143301725387573}, "random": {"id": "c12_replay_400_0075", "base_id": "c12_replay_400_0075", "campus": 12, "size": 400, "condition": "baseline", "sla_multiplier": 1.0, "crew_multiplier": 1.0, "method": "random", "seed": 301, "feasible": 1, "wwt": 1651.0592, "makespan": 117.0762, "mean_flow": 6.08292725, "breach_share": 0.04, "breach_p1": 0.125, "breach_p2": 0.05172413793103448, "breach_p3": 0.0, "breach_p4": 0.0, "wall_seconds": 0.0005813590250909328}, "v2rl301": {"id": "c12_replay_400_0075", "base_id": "c12_replay_400_0075", "campus": 12, "size": 400, "condition": "baseline", "sla_multiplier": 1.0, "crew_multiplier": 1.0, "method": "v2rl301", "seed": 301, "feasible": 1, "wwt": 1651.0592, "makespan": 117.0762, "mean_flow": 6.08292725, "breach_share": 0.04, "breach_p1": 0.125, "breach_p2": 0.05172413793103448, "breach_p3": 0.0, "breach_p4": 0.0, "wall_seconds": 0.04031053697690368}, "v2rl302": {"id": "c12_replay_400_0075", "base_id": "c12_replay_400_0075", "campus": 12, "size": 400, "condition": "baseline", "sla_multiplier": 1.0, "crew_multiplier": 1.0, "method": "v2rl302", "seed": 302, "feasible": 1, "wwt": 1651.0592, "makespan": 117.0762, "mean_flow": 6.08292725, "breach_share": 0.04, "breach_p1": 0.125, "breach_p2": 0.05172413793103448, "breach_p3": 0.0, "breach_p4": 0.0, "wall_seconds": 0.040055624675005674}, "v2rl303": {"id": "c12_replay_400_0075", "base_id": "c12_replay_400_0075", "campus": 12, "size": 400, "condition": "baseline", "sla_multiplier": 1.0, "crew_multiplier": 1.0, "method": "v2rl303", "seed": 303, "feasible": 1, "wwt": 1651.0592, "makespan": 117.0762, "mean_flow": 6.08292725, "breach_share": 0.04, "breach_p1": 0.125, "breach_p2": 0.05172413793103448, "breach_p3": 0.0, "breach_p4": 0.0, "wall_seconds": 0.04038064926862717}}, "methods_expected": ["edd", "wspt", "atc", "pfifo", "mor", "random", "v2rl301", "v2rl302", "v2rl303"], "infeasible": [], "wall_seconds_total": 0.12840417679399252}