{"shard_id": "c12_replay_400_0085_sla0.5", "id": "c12_replay_400_0085_sla0.5", "base_id": "c12_replay_400_0085", "campus": 12, "size": 400, "condition": "sla0.5", "rows": {"edd": {"id": "c12_replay_400_0085_sla0.5", "base_id": "c12_replay_400_0085", "campus": 12, "size": 400, "condition": "sla0.5", "sla_multiplier": 0.5, "crew_multiplier": 1.0, "method": "edd", "seed": 301, "feasible": 1, "wwt": 1023.624, "makespan": 92.1156, "mean_flow": 4.308084, "breach_share": 0.0425, "breach_p1": 0.24390243902439024, "breach_p2": 0.07894736842105263, "breach_p3": 0.03, "breach_p4": 0.004524886877828055, "wall_seconds": 0.0006522750481963158}, "wspt": {"id": "c12_replay_400_0085_sla0.5", "base_id": "c12_replay_400_0085", "campus": 12, "size": 400, "condition": "sla0.5", "sla_multiplier": 0.5, "crew_multiplier": 1.0, "method": "wspt", "seed": 301, "feasible": 1, "wwt": 1023.624, "makespan": 92.1156, "mean_flow": 4.293072500000001, "breach_share": 0.0425, "breach_p1": 0.24390243902439024, "breach_p2": 0.07894736842105263, "breach_p3": 0.03, "breach_p4": 0.004524886877828055, "wall_seconds": 0.0006425762549042702}, "atc": {"id": "c12_replay_400_0085_sla0.5", "base_id": "c12_replay_400_0085", "campus": 12, "size": 400, "condition": "sla0.5", "sla_multiplier": 0.5, "crew_multiplier": 1.0, "method": "atc", "seed": 301, "feasible": 1, "wwt": 1023.624, "makespan": 92.1156, "mean_flow": 4.29961225, "breach_share": 0.0425, "breach_p1": 0.24390243902439024, "breach_p2": 0.07894736842105263, "breach_p3": 0.03, "breach_p4": 0.004524886877828055, "wall_seconds": 0.000817903783172369}, "pfifo": {"id": "c12_replay_400_0085_sla0.5", "base_id": "c12_replay_400_0085", "campus": 12, "size": 400, "condition": "sla0.5", "sla_multiplier": 0.5, "crew_multiplier": 1.0, "method": "pfifo", "seed": 301, "feasible": 1, "wwt": 1023.624, "makespan": 92.1156, "mean_flow": 4.308084, "breach_share": 0.0425, "breach_p1": 0.24390243902439024, "breach_p2": 0.07894736842105263, "breach_p3": 0.03, "breach_p4": 0.004524886877828055, "wall_seconds": 0.0006123622879385948}, "mor": {"id": "c12_replay_400_0085_sla0.5", "base_id": "c12_replay_400_0085", "campus": 12, "size": 400, "condition": "sla0.5", "sla_multiplier": 0.5, "crew_multiplier": 1.0, "method": "mor", "seed": 301, "feasible": 1, "wwt": 1023.624, "makespan": 92.1156, "mean_flow": 4.32931225, "breach_share": 0.0425, "breach_p1": 0.24390243902439024, "breach_p2": 0.07894736842105263, "breach_p3": 0.03, "breach_p4": 0.004524886877828055, "wall_seconds": 0.0006334739737212658}, "random": {"id": "c12_replay_400_0085_sla0.5", "base_id": "c12_replay_400_0085", "campus": 12, "size": 400, "condition": "sla0.5", "sla_multiplier": 0.5, "crew_multiplier": 1.0, "method": "random", "seed": 301, "feasible": 1, "wwt": 1023.624, "makespan": 92.1156, "mean_flow": 4.304590000000001, "breach_share": 0.0425, "breach_p1": 0.24390243902439024, "breach_p2": 0.07894736842105263, "breach_p3": 0.03, "breach_p4": 0.004524886877828055, "wall_seconds": 0.0005741231143474579}, "v2rl301": {"id": "c12_replay_400_0085_sla0.5", "base_id": "c12_replay_400_0085", "campus": 12, "size": 400, "condition": "sla0.5", "sla_multiplier": 0.5, "crew_multiplier": 1.0, "method": "v2rl301", "seed": 301, "feasible": 1, "wwt": 1023.624, "makespan": 92.1156, "mean_flow": 4.326315500000001, "breach_share": 0.0425, "breach_p1": 0.24390243902439024, "breach_p2": 0.07894736842105263, "breach_p3": 0.03, "breach_p4": 0.004524886877828055, "wall_seconds": 0.04094011103734374}, "v2rl302": {"id": "c12_replay_400_0085_sla0.5", "base_id": "c12_replay_400_0085", "campus": 12, "size": 400, "condition": "sla0.5", "sla_multiplier": 0.5, "crew_multiplier": 1.0, "method": "v2rl302", "seed": 302, "feasible": 1, "wwt": 1023.624, "makespan": 92.1156, "mean_flow": 4.326315500000001, "breach_share": 0.0425, "breach_p1": 0.24390243902439024, "breach_p2": 0.07894736842105263, "breach_p3": 0.03, "breach_p4": 0.004524886877828055, "wall_seconds": 0.039251219015568495}, "v2rl303": {"id": "c12_replay_400_0085_sla0.5", "base_id": "c12_replay_400_0085", "campus": 12, "size": 400, "condition": "sla0.5", "sla_multiplier": 0.5, "crew_multiplier": 1.0, "method": "v2rl303", "seed": 303, "feasible": 1, "wwt": 1023.624, "makespan": 92.1156, "mean_flow": 4.31592875, "breach_share": 0.0425, "breach_p1": 0.24390243902439024, "breach_p2": 0.07894736842105263, "breach_p3": 0.03, "breach_p4": 0.004524886877828055, "wall_seconds": 0.03927876055240631}}, "methods_expected": ["edd", "wspt", "atc", "pfifo", "mor", "random", "v2rl301", "v2rl302", "v2rl303"], "infeasible": [], "wall_seconds_total": 0.12809616792947054}