{"shard_id": "c12_replay_150_0103_m1.25", "id": "c12_replay_150_0103_m1.25", "base_id": "c12_replay_150_0103", "campus": 12, "size": 150, "condition": "crew1.25", "rows": {"edd": {"id": "c12_replay_150_0103_m1.25", "base_id": "c12_replay_150_0103", "campus": 12, "size": 150, "condition": "crew1.25", "sla_multiplier": 1.0, "crew_multiplier": 1.25, "method": "edd", "seed": 301, "feasible": 1, "wwt": 1095.3184, "makespan": 91.854, "mean_flow": 6.189098666666667, "breach_share": 0.03333333333333333, "breach_p1": 0.13333333333333333, "breach_p2": 0.038461538461538464, "breach_p3": 0.0, "breach_p4": 0.0, "wall_seconds": 0.0002865828573703766}, "wspt": {"id": "c12_replay_150_0103_m1.25", "base_id": "c12_replay_150_0103", "campus": 12, "size": 150, "condition": "crew1.25", "sla_multiplier": 1.0, "crew_multiplier": 1.25, "method": "wspt", "seed": 301, "feasible": 1, "wwt": 1095.3184, "makespan": 91.854, "mean_flow": 6.189098666666666, "breach_share": 0.03333333333333333, "breach_p1": 0.13333333333333333, "breach_p2": 0.038461538461538464, "breach_p3": 0.0, "breach_p4": 0.0, "wall_seconds": 0.0002836277708411217}, "atc": {"id": "c12_replay_150_0103_m1.25", "base_id": "c12_replay_150_0103", "campus": 12, "size": 150, "condition": "crew1.25", "sla_multiplier": 1.0, "crew_multiplier": 1.25, "method": "atc", "seed": 301, "feasible": 1, "wwt": 1095.3184, "makespan": 91.854, "mean_flow": 6.189098666666666, "breach_share": 0.03333333333333333, "breach_p1": 0.13333333333333333, "breach_p2": 0.038461538461538464, "breach_p3": 0.0, "breach_p4": 0.0, "wall_seconds": 0.00034453580155968666}, "pfifo": {"id": "c12_replay_150_0103_m1.25", "base_id": "c12_replay_150_0103", "campus": 12, "size": 150, "condition": "crew1.25", "sla_multiplier": 1.0, "crew_multiplier": 1.25, "method": "pfifo", "seed": 301, "feasible": 1, "wwt": 1095.3184, "makespan": 91.854, "mean_flow": 6.189098666666667, "breach_share": 0.03333333333333333, "breach_p1": 0.13333333333333333, "breach_p2": 0.038461538461538464, "breach_p3": 0.0, "breach_p4": 0.0, "wall_seconds": 0.0002715582959353924}, "mor": {"id": "c12_replay_150_0103_m1.25", "base_id": "c12_replay_150_0103", "campus": 12, "size": 150, "condition": "crew1.25", "sla_multiplier": 1.0, "crew_multiplier": 1.25, "method": "mor", "seed": 301, "feasible": 1, "wwt": 1095.3184, "makespan": 91.854, "mean_flow": 6.189098666666667, "breach_share": 0.03333333333333333, "breach_p1": 0.13333333333333333, "breach_p2": 0.038461538461538464, "breach_p3": 0.0, "breach_p4": 0.0, "wall_seconds": 0.00027524586766958237}, "random": {"id": "c12_replay_150_0103_m1.25", "base_id": "c12_replay_150_0103", "campus": 12, "size": 150, "condition": "crew1.25", "sla_multiplier": 1.0, "crew_multiplier": 1.25, "method": "random", "seed": 301, "feasible": 1, "wwt": 1095.3184, "makespan": 91.854, "mean_flow": 6.189098666666667, "breach_share": 0.03333333333333333, "breach_p1": 0.13333333333333333, "breach_p2": 0.038461538461538464, "breach_p3": 0.0, "breach_p4": 0.0, "wall_seconds": 0.0002587148919701576}, "v2rl301": {"id": "c12_replay_150_0103_m1.25", "base_id": "c12_replay_150_0103", "campus": 12, "size": 150, "condition": "crew1.25", "sla_multiplier": 1.0, "crew_multiplier": 1.25, "method": "v2rl301", "seed": 301, "feasible": 1, "wwt": 1095.3184, "makespan": 91.854, "mean_flow": 6.189098666666667, "breach_share": 0.03333333333333333, "breach_p1": 0.13333333333333333, "breach_p2": 0.038461538461538464, "breach_p3": 0.0, "breach_p4": 0.0, "wall_seconds": 0.015194886364042759}, "v2rl302": {"id": "c12_replay_150_0103_m1.25", "base_id": "c12_replay_150_0103", "campus": 12, "size": 150, "condition": "crew1.25", "sla_multiplier": 1.0, "crew_multiplier": 1.25, "method": "v2rl302", "seed": 302, "feasible": 1, "wwt": 1095.3184, "makespan": 91.854, "mean_flow": 6.189098666666667, "breach_share": 0.03333333333333333, "breach_p1": 0.13333333333333333, "breach_p2": 0.038461538461538464, "breach_p3": 0.0, "breach_p4": 0.0, "wall_seconds": 0.014939092099666595}, "v2rl303": {"id": "c12_replay_150_0103_m1.25", "base_id": "c12_replay_150_0103", "campus": 12, "size": 150, "condition": "crew1.25", "sla_multiplier": 1.0, "crew_multiplier": 1.25, "method": "v2rl303", "seed": 303, "feasible": 1, "wwt": 1095.3184, "makespan": 91.854, "mean_flow": 6.189098666666667, "breach_share": 0.03333333333333333, "breach_p1": 0.13333333333333333, "breach_p2": 0.038461538461538464, "breach_p3": 0.0, "breach_p4": 0.0, "wall_seconds": 0.015044414903968573}}, "methods_expected": ["edd", "wspt", "atc", "pfifo", "mor", "random", "v2rl301", "v2rl302", "v2rl303"], "infeasible": [], "wall_seconds_total": 0.04920368082821369}