{"shard_id": "c12_replay_150_0112_sla1.5", "id": "c12_replay_150_0112_sla1.5", "base_id": "c12_replay_150_0112", "campus": 12, "size": 150, "condition": "sla1.5", "rows": {"edd": {"id": "c12_replay_150_0112_sla1.5", "base_id": "c12_replay_150_0112", "campus": 12, "size": 150, "condition": "sla1.5", "sla_multiplier": 1.5, "crew_multiplier": 1.0, "method": "edd", "seed": 301, "feasible": 1, "wwt": 185.60000000000002, "makespan": 92.4528, "mean_flow": 6.257858000000001, "breach_share": 0.013333333333333334, "breach_p1": 0.05405405405405406, "breach_p2": 0.0, "breach_p3": 0.0, "breach_p4": 0.0, "wall_seconds": 0.0003118012100458145}, "wspt": {"id": "c12_replay_150_0112_sla1.5", "base_id": "c12_replay_150_0112", "campus": 12, "size": 150, "condition": "sla1.5", "sla_multiplier": 1.5, "crew_multiplier": 1.0, "method": "wspt", "seed": 301, "feasible": 1, "wwt": 185.60000000000002, "makespan": 92.4528, "mean_flow": 6.257858000000001, "breach_share": 0.013333333333333334, "breach_p1": 0.05405405405405406, "breach_p2": 0.0, "breach_p3": 0.0, "breach_p4": 0.0, "wall_seconds": 0.00029389513656497}, "atc": {"id": "c12_replay_150_0112_sla1.5", "base_id": "c12_replay_150_0112", "campus": 12, "size": 150, "condition": "sla1.5", "sla_multiplier": 1.5, "crew_multiplier": 1.0, "method": "atc", "seed": 301, "feasible": 1, "wwt": 185.60000000000002, "makespan": 92.4528, "mean_flow": 6.257858000000001, "breach_share": 0.013333333333333334, "breach_p1": 0.05405405405405406, "breach_p2": 0.0, "breach_p3": 0.0, "breach_p4": 0.0, "wall_seconds": 0.0003477679565548897}, "pfifo": {"id": "c12_replay_150_0112_sla1.5", "base_id": "c12_replay_150_0112", "campus": 12, "size": 150, "condition": "sla1.5", "sla_multiplier": 1.5, "crew_multiplier": 1.0, "method": "pfifo", "seed": 301, "feasible": 1, "wwt": 185.60000000000002, "makespan": 92.4528, "mean_flow": 6.257858000000001, "breach_share": 0.013333333333333334, "breach_p1": 0.05405405405405406, "breach_p2": 0.0, "breach_p3": 0.0, "breach_p4": 0.0, "wall_seconds": 0.0002700318582355976}, "mor": {"id": "c12_replay_150_0112_sla1.5", "base_id": "c12_replay_150_0112", "campus": 12, "size": 150, "condition": "sla1.5", "sla_multiplier": 1.5, "crew_multiplier": 1.0, "method": "mor", "seed": 301, "feasible": 1, "wwt": 185.60000000000002, "makespan": 92.4528, "mean_flow": 6.257858000000001, "breach_share": 0.013333333333333334, "breach_p1": 0.05405405405405406, "breach_p2": 0.0, "breach_p3": 0.0, "breach_p4": 0.0, "wall_seconds": 0.00027438998222351074}, "random": {"id": "c12_replay_150_0112_sla1.5", "base_id": "c12_replay_150_0112", "campus": 12, "size": 150, "condition": "sla1.5", "sla_multiplier": 1.5, "crew_multiplier": 1.0, "method": "random", "seed": 301, "feasible": 1, "wwt": 185.60000000000002, "makespan": 92.4528, "mean_flow": 6.257858000000001, "breach_share": 0.013333333333333334, "breach_p1": 0.05405405405405406, "breach_p2": 0.0, "breach_p3": 0.0, "breach_p4": 0.0, "wall_seconds": 0.0002609682269394398}, "v2rl301": {"id": "c12_replay_150_0112_sla1.5", "base_id": "c12_replay_150_0112", "campus": 12, "size": 150, "condition": "sla1.5", "sla_multiplier": 1.5, "crew_multiplier": 1.0, "method": "v2rl301", "seed": 301, "feasible": 1, "wwt": 185.60000000000002, "makespan": 92.4528, "mean_flow": 6.257858000000001, "breach_share": 0.013333333333333334, "breach_p1": 0.05405405405405406, "breach_p2": 0.0, "breach_p3": 0.0, "breach_p4": 0.0, "wall_seconds": 0.015325546730309725}, "v2rl302": {"id": "c12_replay_150_0112_sla1.5", "base_id": "c12_replay_150_0112", "campus": 12, "size": 150, "condition": "sla1.5", "sla_multiplier": 1.5, "crew_multiplier": 1.0, "method": "v2rl302", "seed": 302, "feasible": 1, "wwt": 185.60000000000002, "makespan": 92.4528, "mean_flow": 6.257858000000001, "breach_share": 0.013333333333333334, "breach_p1": 0.05405405405405406, "breach_p2": 0.0, "breach_p3": 0.0, "breach_p4": 0.0, "wall_seconds": 0.015088981948792934}, "v2rl303": {"id": "c12_replay_150_0112_sla1.5", "base_id": "c12_replay_150_0112", "campus": 12, "size": 150, "condition": "sla1.5", "sla_multiplier": 1.5, "crew_multiplier": 1.0, "method": "v2rl303", "seed": 303, "feasible": 1, "wwt": 185.60000000000002, "makespan": 92.4528, "mean_flow": 6.257858000000001, "breach_share": 0.013333333333333334, "breach_p1": 0.05405405405405406, "breach_p2": 0.0, "breach_p3": 0.0, "breach_p4": 0.0, "wall_seconds": 0.01478719711303711}}, "methods_expected": ["edd", "wspt", "atc", "pfifo", "mor", "random", "v2rl301", "v2rl302", "v2rl303"], "infeasible": [], "wall_seconds_total": 0.04928567539900541}