{"shard_id": "c12_replay_150_0125_sla0.5", "id": "c12_replay_150_0125_sla0.5", "base_id": "c12_replay_150_0125", "campus": 12, "size": 150, "condition": "sla0.5", "rows": {"edd": {"id": "c12_replay_150_0125_sla0.5", "base_id": "c12_replay_150_0125", "campus": 12, "size": 150, "condition": "sla0.5", "sla_multiplier": 0.5, "crew_multiplier": 1.0, "method": "edd", "seed": 301, "feasible": 1, "wwt": 248.32960000000003, "makespan": 102.6126, "mean_flow": 5.711032666666667, "breach_share": 0.06, "breach_p1": 0.20689655172413793, "breach_p2": 0.05263157894736842, "breach_p3": 0.0, "breach_p4": 0.028985507246376812, "wall_seconds": 0.00029532983899116516}, "wspt": {"id": "c12_replay_150_0125_sla0.5", "base_id": "c12_replay_150_0125", "campus": 12, "size": 150, "condition": "sla0.5", "sla_multiplier": 0.5, "crew_multiplier": 1.0, "method": "wspt", "seed": 301, "feasible": 1, "wwt": 248.32960000000003, "makespan": 102.6126, "mean_flow": 5.711032666666667, "breach_share": 0.06, "breach_p1": 0.20689655172413793, "breach_p2": 0.05263157894736842, "breach_p3": 0.0, "breach_p4": 0.028985507246376812, "wall_seconds": 0.0002731592394411564}, "atc": {"id": "c12_replay_150_0125_sla0.5", "base_id": "c12_replay_150_0125", "campus": 12, "size": 150, "condition": "sla0.5", "sla_multiplier": 0.5, "crew_multiplier": 1.0, "method": "atc", "seed": 301, "feasible": 1, "wwt": 248.32960000000003, "makespan": 102.6126, "mean_flow": 5.711032666666667, "breach_share": 0.06, "breach_p1": 0.20689655172413793, "breach_p2": 0.05263157894736842, "breach_p3": 0.0, "breach_p4": 0.028985507246376812, "wall_seconds": 0.0003216802142560482}, "pfifo": {"id": "c12_replay_150_0125_sla0.5", "base_id": "c12_replay_150_0125", "campus": 12, "size": 150, "condition": "sla0.5", "sla_multiplier": 0.5, "crew_multiplier": 1.0, "method": "pfifo", "seed": 301, "feasible": 1, "wwt": 248.32960000000003, "makespan": 102.6126, "mean_flow": 5.711032666666667, "breach_share": 0.06, "breach_p1": 0.20689655172413793, "breach_p2": 0.05263157894736842, "breach_p3": 0.0, "breach_p4": 0.028985507246376812, "wall_seconds": 0.0002610539086163044}, "mor": {"id": "c12_replay_150_0125_sla0.5", "base_id": "c12_replay_150_0125", "campus": 12, "size": 150, "condition": "sla0.5", "sla_multiplier": 0.5, "crew_multiplier": 1.0, "method": "mor", "seed": 301, "feasible": 1, "wwt": 248.32960000000003, "makespan": 102.6126, "mean_flow": 5.711032666666667, "breach_share": 0.06, "breach_p1": 0.20689655172413793, "breach_p2": 0.05263157894736842, "breach_p3": 0.0, "breach_p4": 0.028985507246376812, "wall_seconds": 0.00025708694010972977}, "random": {"id": "c12_replay_150_0125_sla0.5", "base_id": "c12_replay_150_0125", "campus": 12, "size": 150, "condition": "sla0.5", "sla_multiplier": 0.5, "crew_multiplier": 1.0, "method": "random", "seed": 301, "feasible": 1, "wwt": 248.32960000000003, "makespan": 102.6126, "mean_flow": 5.711032666666667, "breach_share": 0.06, "breach_p1": 0.20689655172413793, "breach_p2": 0.05263157894736842, "breach_p3": 0.0, "breach_p4": 0.028985507246376812, "wall_seconds": 0.0002504033036530018}, "v2rl301": {"id": "c12_replay_150_0125_sla0.5", "base_id": "c12_replay_150_0125", "campus": 12, "size": 150, "condition": "sla0.5", "sla_multiplier": 0.5, "crew_multiplier": 1.0, "method": "v2rl301", "seed": 301, "feasible": 1, "wwt": 248.32960000000003, "makespan": 102.6126, "mean_flow": 5.711032666666667, "breach_share": 0.06, "breach_p1": 0.20689655172413793, "breach_p2": 0.05263157894736842, "breach_p3": 0.0, "breach_p4": 0.028985507246376812, "wall_seconds": 0.015200424939393997}, "v2rl302": {"id": "c12_replay_150_0125_sla0.5", "base_id": "c12_replay_150_0125", "campus": 12, "size": 150, "condition": "sla0.5", "sla_multiplier": 0.5, "crew_multiplier": 1.0, "method": "v2rl302", "seed": 302, "feasible": 1, "wwt": 248.32960000000003, "makespan": 102.6126, "mean_flow": 5.711032666666667, "breach_share": 0.06, "breach_p1": 0.20689655172413793, "breach_p2": 0.05263157894736842, "breach_p3": 0.0, "breach_p4": 0.028985507246376812, "wall_seconds": 0.014607502147555351}, "v2rl303": {"id": "c12_replay_150_0125_sla0.5", "base_id": "c12_replay_150_0125", "campus": 12, "size": 150, "condition": "sla0.5", "sla_multiplier": 0.5, "crew_multiplier": 1.0, "method": "v2rl303", "seed": 303, "feasible": 1, "wwt": 248.32960000000003, "makespan": 102.6126, "mean_flow": 5.711032666666667, "breach_share": 0.06, "breach_p1": 0.20689655172413793, "breach_p2": 0.05263157894736842, "breach_p3": 0.0, "breach_p4": 0.028985507246376812, "wall_seconds": 0.01451196288689971}}, "methods_expected": ["edd", "wspt", "atc", "pfifo", "mor", "random", "v2rl301", "v2rl302", "v2rl303"], "infeasible": [], "wall_seconds_total": 0.04821703815832734}