{"shard_id": "c12_replay_150_0114_m0.75", "id": "c12_replay_150_0114_m0.75", "base_id": "c12_replay_150_0114", "campus": 12, "size": 150, "condition": "crew0.75", "rows": {"edd": {"id": "c12_replay_150_0114_m0.75", "base_id": "c12_replay_150_0114", "campus": 12, "size": 150, "condition": "crew0.75", "sla_multiplier": 1.0, "crew_multiplier": 0.75, "method": "edd", "seed": 301, "feasible": 1, "wwt": 204.0, "makespan": 98.8648, "mean_flow": 6.763732666666667, "breach_share": 0.02666666666666667, "breach_p1": 0.13636363636363635, "breach_p2": 0.05263157894736842, "breach_p3": 0.0, "breach_p4": 0.0, "wall_seconds": 0.00036576995626091957}, "wspt": {"id": "c12_replay_150_0114_m0.75", "base_id": "c12_replay_150_0114", "campus": 12, "size": 150, "condition": "crew0.75", "sla_multiplier": 1.0, "crew_multiplier": 0.75, "method": "wspt", "seed": 301, "feasible": 1, "wwt": 204.0, "makespan": 98.8648, "mean_flow": 6.763732666666667, "breach_share": 0.02666666666666667, "breach_p1": 0.13636363636363635, "breach_p2": 0.05263157894736842, "breach_p3": 0.0, "breach_p4": 0.0, "wall_seconds": 0.00035186996683478355}, "atc": {"id": "c12_replay_150_0114_m0.75", "base_id": "c12_replay_150_0114", "campus": 12, "size": 150, "condition": "crew0.75", "sla_multiplier": 1.0, "crew_multiplier": 0.75, "method": "atc", "seed": 301, "feasible": 1, "wwt": 204.0, "makespan": 98.8648, "mean_flow": 6.763732666666667, "breach_share": 0.02666666666666667, "breach_p1": 0.13636363636363635, "breach_p2": 0.05263157894736842, "breach_p3": 0.0, "breach_p4": 0.0, "wall_seconds": 0.0004241899587213993}, "pfifo": {"id": "c12_replay_150_0114_m0.75", "base_id": "c12_replay_150_0114", "campus": 12, "size": 150, "condition": "crew0.75", "sla_multiplier": 1.0, "crew_multiplier": 0.75, "method": "pfifo", "seed": 301, "feasible": 1, "wwt": 204.0, "makespan": 98.8648, "mean_flow": 6.763732666666667, "breach_share": 0.02666666666666667, "breach_p1": 0.13636363636363635, "breach_p2": 0.05263157894736842, "breach_p3": 0.0, "breach_p4": 0.0, "wall_seconds": 0.0003349217586219311}, "mor": {"id": "c12_replay_150_0114_m0.75", "base_id": "c12_replay_150_0114", "campus": 12, "size": 150, "condition": "crew0.75", "sla_multiplier": 1.0, "crew_multiplier": 0.75, "method": "mor", "seed": 301, "feasible": 1, "wwt": 204.0, "makespan": 98.8648, "mean_flow": 6.770399333333333, "breach_share": 0.02666666666666667, "breach_p1": 0.13636363636363635, "breach_p2": 0.05263157894736842, "breach_p3": 0.0, "breach_p4": 0.0, "wall_seconds": 0.0003378218971192837}, "random": {"id": "c12_replay_150_0114_m0.75", "base_id": "c12_replay_150_0114", "campus": 12, "size": 150, "condition": "crew0.75", "sla_multiplier": 1.0, "crew_multiplier": 0.75, "method": "random", "seed": 301, "feasible": 1, "wwt": 204.0, "makespan": 98.8648, "mean_flow": 6.763732666666667, "breach_share": 0.02666666666666667, "breach_p1": 0.13636363636363635, "breach_p2": 0.05263157894736842, "breach_p3": 0.0, "breach_p4": 0.0, "wall_seconds": 0.0003258609212934971}, "v2rl301": {"id": "c12_replay_150_0114_m0.75", "base_id": "c12_replay_150_0114", "campus": 12, "size": 150, "condition": "crew0.75", "sla_multiplier": 1.0, "crew_multiplier": 0.75, "method": "v2rl301", "seed": 301, "feasible": 1, "wwt": 204.0, "makespan": 98.8648, "mean_flow": 6.770399333333333, "breach_share": 0.02666666666666667, "breach_p1": 0.13636363636363635, "breach_p2": 0.05263157894736842, "breach_p3": 0.0, "breach_p4": 0.0, "wall_seconds": 0.02108711702749133}, "v2rl302": {"id": "c12_replay_150_0114_m0.75", "base_id": "c12_replay_150_0114", "campus": 12, "size": 150, "condition": "crew0.75", "sla_multiplier": 1.0, "crew_multiplier": 0.75, "method": "v2rl302", "seed": 302, "feasible": 1, "wwt": 204.0, "makespan": 98.8648, "mean_flow": 6.763732666666667, "breach_share": 0.02666666666666667, "breach_p1": 0.13636363636363635, "breach_p2": 0.05263157894736842, "breach_p3": 0.0, "breach_p4": 0.0, "wall_seconds": 0.021143775898963213}, "v2rl303": {"id": "c12_replay_150_0114_m0.75", "base_id": "c12_replay_150_0114", "campus": 12, "size": 150, "condition": "crew0.75", "sla_multiplier": 1.0, "crew_multiplier": 0.75, "method": "v2rl303", "seed": 303, "feasible": 1, "wwt": 204.0, "makespan": 98.8648, "mean_flow": 6.763732666666667, "breach_share": 0.02666666666666667, "breach_p1": 0.13636363636363635, "breach_p2": 0.05263157894736842, "breach_p3": 0.0, "breach_p4": 0.0, "wall_seconds": 0.021131624933332205}}, "methods_expected": ["edd", "wspt", "atc", "pfifo", "mor", "random", "v2rl301", "v2rl302", "v2rl303"], "infeasible": [], "wall_seconds_total": 0.06833562860265374}