{"shard_id": "c12_replay_400_0083_m1.25", "id": "c12_replay_400_0083_m1.25", "base_id": "c12_replay_400_0083", "campus": 12, "size": 400, "condition": "crew1.25", "rows": {"edd": {"id": "c12_replay_400_0083_m1.25", "base_id": "c12_replay_400_0083", "campus": 12, "size": 400, "condition": "crew1.25", "sla_multiplier": 1.0, "crew_multiplier": 1.25, "method": "edd", "seed": 301, "feasible": 1, "wwt": 665.7296, "makespan": 97.5526, "mean_flow": 4.6238915, "breach_share": 0.0375, "breach_p1": 0.1518987341772152, "breach_p2": 0.03389830508474576, "breach_p3": 0.011363636363636364, "breach_p4": 0.0, "wall_seconds": 0.000656267162412405}, "wspt": {"id": "c12_replay_400_0083_m1.25", "base_id": "c12_replay_400_0083", "campus": 12, "size": 400, "condition": "crew1.25", "sla_multiplier": 1.0, "crew_multiplier": 1.25, "method": "wspt", "seed": 301, "feasible": 1, "wwt": 665.7296, "makespan": 97.5526, "mean_flow": 4.6238915, "breach_share": 0.0375, "breach_p1": 0.1518987341772152, "breach_p2": 0.03389830508474576, "breach_p3": 0.011363636363636364, "breach_p4": 0.0, "wall_seconds": 0.0006739641539752483}, "atc": {"id": "c12_replay_400_0083_m1.25", "base_id": "c12_replay_400_0083", "campus": 12, "size": 400, "condition": "crew1.25", "sla_multiplier": 1.0, "crew_multiplier": 1.25, "method": "atc", "seed": 301, "feasible": 1, "wwt": 665.7296, "makespan": 97.5526, "mean_flow": 4.6238915, "breach_share": 0.0375, "breach_p1": 0.1518987341772152, "breach_p2": 0.03389830508474576, "breach_p3": 0.011363636363636364, "breach_p4": 0.0, "wall_seconds": 0.0009077349677681923}, "pfifo": {"id": "c12_replay_400_0083_m1.25", "base_id": "c12_replay_400_0083", "campus": 12, "size": 400, "condition": "crew1.25", "sla_multiplier": 1.0, "crew_multiplier": 1.25, "method": "pfifo", "seed": 301, "feasible": 1, "wwt": 665.7296, "makespan": 97.5526, "mean_flow": 4.6238915, "breach_share": 0.0375, "breach_p1": 0.1518987341772152, "breach_p2": 0.03389830508474576, "breach_p3": 0.011363636363636364, "breach_p4": 0.0, "wall_seconds": 0.000658934935927391}, "mor": {"id": "c12_replay_400_0083_m1.25", "base_id": "c12_replay_400_0083", "campus": 12, "size": 400, "condition": "crew1.25", "sla_multiplier": 1.0, "crew_multiplier": 1.25, "method": "mor", "seed": 301, "feasible": 1, "wwt": 665.7296, "makespan": 97.5526, "mean_flow": 4.6238915, "breach_share": 0.0375, "breach_p1": 0.1518987341772152, "breach_p2": 0.03389830508474576, "breach_p3": 0.011363636363636364, "breach_p4": 0.0, "wall_seconds": 0.000636120792478323}, "random": {"id": "c12_replay_400_0083_m1.25", "base_id": "c12_replay_400_0083", "campus": 12, "size": 400, "condition": "crew1.25", "sla_multiplier": 1.0, "crew_multiplier": 1.25, "method": "random", "seed": 301, "feasible": 1, "wwt": 665.7296, "makespan": 97.5526, "mean_flow": 4.6238915, "breach_share": 0.0375, "breach_p1": 0.1518987341772152, "breach_p2": 0.03389830508474576, "breach_p3": 0.011363636363636364, "breach_p4": 0.0, "wall_seconds": 0.0005874908529222012}, "v2rl301": {"id": "c12_replay_400_0083_m1.25", "base_id": "c12_replay_400_0083", "campus": 12, "size": 400, "condition": "crew1.25", "sla_multiplier": 1.0, "crew_multiplier": 1.25, "method": "v2rl301", "seed": 301, "feasible": 1, "wwt": 665.7296, "makespan": 97.5526, "mean_flow": 4.6238915, "breach_share": 0.0375, "breach_p1": 0.1518987341772152, "breach_p2": 0.03389830508474576, "breach_p3": 0.011363636363636364, "breach_p4": 0.0, "wall_seconds": 0.040465681813657284}, "v2rl302": {"id": "c12_replay_400_0083_m1.25", "base_id": "c12_replay_400_0083", "campus": 12, "size": 400, "condition": "crew1.25", "sla_multiplier": 1.0, "crew_multiplier": 1.25, "method": "v2rl302", "seed": 302, "feasible": 1, "wwt": 665.7296, "makespan": 97.5526, "mean_flow": 4.6238915, "breach_share": 0.0375, "breach_p1": 0.1518987341772152, "breach_p2": 0.03389830508474576, "breach_p3": 0.011363636363636364, "breach_p4": 0.0, "wall_seconds": 0.04038799088448286}, "v2rl303": {"id": "c12_replay_400_0083_m1.25", "base_id": "c12_replay_400_0083", "campus": 12, "size": 400, "condition": "crew1.25", "sla_multiplier": 1.0, "crew_multiplier": 1.25, "method": "v2rl303", "seed": 303, "feasible": 1, "wwt": 665.7296, "makespan": 97.5526, "mean_flow": 4.6238915, "breach_share": 0.0375, "breach_p1": 0.1518987341772152, "breach_p2": 0.03389830508474576, "breach_p3": 0.011363636363636364, "breach_p4": 0.0, "wall_seconds": 0.04041862906888127}}, "methods_expected": ["edd", "wspt", "atc", "pfifo", "mor", "random", "v2rl301", "v2rl302", "v2rl303"], "infeasible": [], "wall_seconds_total": 0.13035312294960022}