{"shard_id": "c12_replay_150_0129_m1.25", "id": "c12_replay_150_0129_m1.25", "base_id": "c12_replay_150_0129", "campus": 12, "size": 150, "condition": "crew1.25", "rows": {"edd": {"id": "c12_replay_150_0129_m1.25", "base_id": "c12_replay_150_0129", "campus": 12, "size": 150, "condition": "crew1.25", "sla_multiplier": 1.0, "crew_multiplier": 1.25, "method": "edd", "seed": 301, "feasible": 1, "wwt": 334.0, "makespan": 67.0, "mean_flow": 4.216, "breach_share": 0.02666666666666667, "breach_p1": 0.09375, "breach_p2": 0.03225806451612903, "breach_p3": 0.0, "breach_p4": 0.0, "wall_seconds": 0.0002904408611357212}, "wspt": {"id": "c12_replay_150_0129_m1.25", "base_id": "c12_replay_150_0129", "campus": 12, "size": 150, "condition": "crew1.25", "sla_multiplier": 1.0, "crew_multiplier": 1.25, "method": "wspt", "seed": 301, "feasible": 1, "wwt": 334.0, "makespan": 67.0, "mean_flow": 4.216, "breach_share": 0.02666666666666667, "breach_p1": 0.09375, "breach_p2": 0.03225806451612903, "breach_p3": 0.0, "breach_p4": 0.0, "wall_seconds": 0.00028199609369039536}, "atc": {"id": "c12_replay_150_0129_m1.25", "base_id": "c12_replay_150_0129", "campus": 12, "size": 150, "condition": "crew1.25", "sla_multiplier": 1.0, "crew_multiplier": 1.25, "method": "atc", "seed": 301, "feasible": 1, "wwt": 334.0, "makespan": 67.0, "mean_flow": 4.216, "breach_share": 0.02666666666666667, "breach_p1": 0.09375, "breach_p2": 0.03225806451612903, "breach_p3": 0.0, "breach_p4": 0.0, "wall_seconds": 0.00034821266308426857}, "pfifo": {"id": "c12_replay_150_0129_m1.25", "base_id": "c12_replay_150_0129", "campus": 12, "size": 150, "condition": "crew1.25", "sla_multiplier": 1.0, "crew_multiplier": 1.25, "method": "pfifo", "seed": 301, "feasible": 1, "wwt": 334.0, "makespan": 67.0, "mean_flow": 4.216, "breach_share": 0.02666666666666667, "breach_p1": 0.09375, "breach_p2": 0.03225806451612903, "breach_p3": 0.0, "breach_p4": 0.0, "wall_seconds": 0.00029247114434838295}, "mor": {"id": "c12_replay_150_0129_m1.25", "base_id": "c12_replay_150_0129", "campus": 12, "size": 150, "condition": "crew1.25", "sla_multiplier": 1.0, "crew_multiplier": 1.25, "method": "mor", "seed": 301, "feasible": 1, "wwt": 334.0, "makespan": 67.0, "mean_flow": 4.216, "breach_share": 0.02666666666666667, "breach_p1": 0.09375, "breach_p2": 0.03225806451612903, "breach_p3": 0.0, "breach_p4": 0.0, "wall_seconds": 0.00029439106583595276}, "random": {"id": "c12_replay_150_0129_m1.25", "base_id": "c12_replay_150_0129", "campus": 12, "size": 150, "condition": "crew1.25", "sla_multiplier": 1.0, "crew_multiplier": 1.25, "method": "random", "seed": 301, "feasible": 1, "wwt": 334.0, "makespan": 67.0, "mean_flow": 4.216, "breach_share": 0.02666666666666667, "breach_p1": 0.09375, "breach_p2": 0.03225806451612903, "breach_p3": 0.0, "breach_p4": 0.0, "wall_seconds": 0.0002547050826251507}, "v2rl301": {"id": "c12_replay_150_0129_m1.25", "base_id": "c12_replay_150_0129", "campus": 12, "size": 150, "condition": "crew1.25", "sla_multiplier": 1.0, "crew_multiplier": 1.25, "method": "v2rl301", "seed": 301, "feasible": 1, "wwt": 334.0, "makespan": 67.0, "mean_flow": 4.216, "breach_share": 0.02666666666666667, "breach_p1": 0.09375, "breach_p2": 0.03225806451612903, "breach_p3": 0.0, "breach_p4": 0.0, "wall_seconds": 0.015210267622023821}, "v2rl302": {"id": "c12_replay_150_0129_m1.25", "base_id": "c12_replay_150_0129", "campus": 12, "size": 150, "condition": "crew1.25", "sla_multiplier": 1.0, "crew_multiplier": 1.25, "method": "v2rl302", "seed": 302, "feasible": 1, "wwt": 334.0, "makespan": 67.0, "mean_flow": 4.216, "breach_share": 0.02666666666666667, "breach_p1": 0.09375, "breach_p2": 0.03225806451612903, "breach_p3": 0.0, "breach_p4": 0.0, "wall_seconds": 0.015059486031532288}, "v2rl303": {"id": "c12_replay_150_0129_m1.25", "base_id": "c12_replay_150_0129", "campus": 12, "size": 150, "condition": "crew1.25", "sla_multiplier": 1.0, "crew_multiplier": 1.25, "method": "v2rl303", "seed": 303, "feasible": 1, "wwt": 334.0, "makespan": 67.0, "mean_flow": 4.216, "breach_share": 0.02666666666666667, "breach_p1": 0.09375, "breach_p2": 0.03225806451612903, "breach_p3": 0.0, "breach_p4": 0.0, "wall_seconds": 0.014945583883672953}}, "methods_expected": ["edd", "wspt", "atc", "pfifo", "mor", "random", "v2rl301", "v2rl302", "v2rl303"], "infeasible": [], "wall_seconds_total": 0.04933005524799228}