{"shard_id": "c12_replay_150_0111_sla0.5", "id": "c12_replay_150_0111_sla0.5", "base_id": "c12_replay_150_0111", "campus": 12, "size": 150, "condition": "sla0.5", "rows": {"edd": {"id": "c12_replay_150_0111_sla0.5", "base_id": "c12_replay_150_0111", "campus": 12, "size": 150, "condition": "sla0.5", "sla_multiplier": 0.5, "crew_multiplier": 1.0, "method": "edd", "seed": 301, "feasible": 1, "wwt": 524.9295999999999, "makespan": 98.2156, "mean_flow": 6.554432, "breach_share": 0.04, "breach_p1": 0.16666666666666666, "breach_p2": 0.043478260869565216, "breach_p3": 0.022222222222222223, "breach_p4": 0.0, "wall_seconds": 0.00041623273864388466}, "wspt": {"id": "c12_replay_150_0111_sla0.5", "base_id": "c12_replay_150_0111", "campus": 12, "size": 150, "condition": "sla0.5", "sla_multiplier": 0.5, "crew_multiplier": 1.0, "method": "wspt", "seed": 301, "feasible": 1, "wwt": 524.9295999999999, "makespan": 98.2156, "mean_flow": 6.554432, "breach_share": 0.04, "breach_p1": 0.16666666666666666, "breach_p2": 0.043478260869565216, "breach_p3": 0.022222222222222223, "breach_p4": 0.0, "wall_seconds": 0.00043536629527807236}, "atc": {"id": "c12_replay_150_0111_sla0.5", "base_id": "c12_replay_150_0111", "campus": 12, "size": 150, "condition": "sla0.5", "sla_multiplier": 0.5, "crew_multiplier": 1.0, "method": "atc", "seed": 301, "feasible": 1, "wwt": 524.9295999999999, "makespan": 98.2156, "mean_flow": 6.554432, "breach_share": 0.04, "breach_p1": 0.16666666666666666, "breach_p2": 0.043478260869565216, "breach_p3": 0.022222222222222223, "breach_p4": 0.0, "wall_seconds": 0.0004979660734534264}, "pfifo": {"id": "c12_replay_150_0111_sla0.5", "base_id": "c12_replay_150_0111", "campus": 12, "size": 150, "condition": "sla0.5", "sla_multiplier": 0.5, "crew_multiplier": 1.0, "method": "pfifo", "seed": 301, "feasible": 1, "wwt": 524.9295999999999, "makespan": 98.2156, "mean_flow": 6.554432, "breach_share": 0.04, "breach_p1": 0.16666666666666666, "breach_p2": 0.043478260869565216, "breach_p3": 0.022222222222222223, "breach_p4": 0.0, "wall_seconds": 0.0003799479454755783}, "mor": {"id": "c12_replay_150_0111_sla0.5", "base_id": "c12_replay_150_0111", "campus": 12, "size": 150, "condition": "sla0.5", "sla_multiplier": 0.5, "crew_multiplier": 1.0, "method": "mor", "seed": 301, "feasible": 1, "wwt": 524.9295999999999, "makespan": 98.2156, "mean_flow": 6.554432, "breach_share": 0.04, "breach_p1": 0.16666666666666666, "breach_p2": 0.043478260869565216, "breach_p3": 0.022222222222222223, "breach_p4": 0.0, "wall_seconds": 0.00036750221624970436}, "random": {"id": "c12_replay_150_0111_sla0.5", "base_id": "c12_replay_150_0111", "campus": 12, "size": 150, "condition": "sla0.5", "sla_multiplier": 0.5, "crew_multiplier": 1.0, "method": "random", "seed": 301, "feasible": 1, "wwt": 524.9295999999999, "makespan": 98.2156, "mean_flow": 6.554432, "breach_share": 0.04, "breach_p1": 0.16666666666666666, "breach_p2": 0.043478260869565216, "breach_p3": 0.022222222222222223, "breach_p4": 0.0, "wall_seconds": 0.00033803703263401985}, "v2rl301": {"id": "c12_replay_150_0111_sla0.5", "base_id": "c12_replay_150_0111", "campus": 12, "size": 150, "condition": "sla0.5", "sla_multiplier": 0.5, "crew_multiplier": 1.0, "method": "v2rl301", "seed": 301, "feasible": 1, "wwt": 524.9295999999999, "makespan": 98.2156, "mean_flow": 6.554432, "breach_share": 0.04, "breach_p1": 0.16666666666666666, "breach_p2": 0.043478260869565216, "breach_p3": 0.022222222222222223, "breach_p4": 0.0, "wall_seconds": 0.02154110185801983}, "v2rl302": {"id": "c12_replay_150_0111_sla0.5", "base_id": "c12_replay_150_0111", "campus": 12, "size": 150, "condition": "sla0.5", "sla_multiplier": 0.5, "crew_multiplier": 1.0, "method": "v2rl302", "seed": 302, "feasible": 1, "wwt": 524.9295999999999, "makespan": 98.2156, "mean_flow": 6.554432, "breach_share": 0.04, "breach_p1": 0.16666666666666666, "breach_p2": 0.043478260869565216, "breach_p3": 0.022222222222222223, "breach_p4": 0.0, "wall_seconds": 0.021520670037716627}, "v2rl303": {"id": "c12_replay_150_0111_sla0.5", "base_id": "c12_replay_150_0111", "campus": 12, "size": 150, "condition": "sla0.5", "sla_multiplier": 0.5, "crew_multiplier": 1.0, "method": "v2rl303", "seed": 303, "feasible": 1, "wwt": 524.9295999999999, "makespan": 98.2156, "mean_flow": 6.554432, "breach_share": 0.04, "breach_p1": 0.16666666666666666, "breach_p2": 0.043478260869565216, "breach_p3": 0.022222222222222223, "breach_p4": 0.0, "wall_seconds": 0.021374200005084276}}, "methods_expected": ["edd", "wspt", "atc", "pfifo", "mor", "random", "v2rl301", "v2rl302", "v2rl303"], "infeasible": [], "wall_seconds_total": 0.07006447436287999}