{"shard_id": "c12_replay_400_0077_m1.25", "id": "c12_replay_400_0077_m1.25", "base_id": "c12_replay_400_0077", "campus": 12, "size": 400, "condition": "crew1.25", "rows": {"edd": {"id": "c12_replay_400_0077_m1.25", "base_id": "c12_replay_400_0077", "campus": 12, "size": 400, "condition": "crew1.25", "sla_multiplier": 1.0, "crew_multiplier": 1.25, "method": "edd", "seed": 301, "feasible": 1, "wwt": 1439.9184, "makespan": 114.3729, "mean_flow": 4.983898, "breach_share": 0.0225, "breach_p1": 0.13793103448275862, "breach_p2": 0.022222222222222223, "breach_p3": 0.0, "breach_p4": 0.0, "wall_seconds": 0.0006602955982089043}, "wspt": {"id": "c12_replay_400_0077_m1.25", "base_id": "c12_replay_400_0077", "campus": 12, "size": 400, "condition": "crew1.25", "sla_multiplier": 1.0, "crew_multiplier": 1.25, "method": "wspt", "seed": 301, "feasible": 1, "wwt": 1439.9184, "makespan": 114.3729, "mean_flow": 4.983898, "breach_share": 0.0225, "breach_p1": 0.13793103448275862, "breach_p2": 0.022222222222222223, "breach_p3": 0.0, "breach_p4": 0.0, "wall_seconds": 0.0006495579145848751}, "atc": {"id": "c12_replay_400_0077_m1.25", "base_id": "c12_replay_400_0077", "campus": 12, "size": 400, "condition": "crew1.25", "sla_multiplier": 1.0, "crew_multiplier": 1.25, "method": "atc", "seed": 301, "feasible": 1, "wwt": 1439.9184, "makespan": 114.3729, "mean_flow": 4.983898, "breach_share": 0.0225, "breach_p1": 0.13793103448275862, "breach_p2": 0.022222222222222223, "breach_p3": 0.0, "breach_p4": 0.0, "wall_seconds": 0.0008665858767926693}, "pfifo": {"id": "c12_replay_400_0077_m1.25", "base_id": "c12_replay_400_0077", "campus": 12, "size": 400, "condition": "crew1.25", "sla_multiplier": 1.0, "crew_multiplier": 1.25, "method": "pfifo", "seed": 301, "feasible": 1, "wwt": 1439.9184, "makespan": 114.3729, "mean_flow": 4.983898, "breach_share": 0.0225, "breach_p1": 0.13793103448275862, "breach_p2": 0.022222222222222223, "breach_p3": 0.0, "breach_p4": 0.0, "wall_seconds": 0.0006624157540500164}, "mor": {"id": "c12_replay_400_0077_m1.25", "base_id": "c12_replay_400_0077", "campus": 12, "size": 400, "condition": "crew1.25", "sla_multiplier": 1.0, "crew_multiplier": 1.25, "method": "mor", "seed": 301, "feasible": 1, "wwt": 1439.9184, "makespan": 114.3729, "mean_flow": 4.983898, "breach_share": 0.0225, "breach_p1": 0.13793103448275862, "breach_p2": 0.022222222222222223, "breach_p3": 0.0, "breach_p4": 0.0, "wall_seconds": 0.0006433911621570587}, "random": {"id": "c12_replay_400_0077_m1.25", "base_id": "c12_replay_400_0077", "campus": 12, "size": 400, "condition": "crew1.25", "sla_multiplier": 1.0, "crew_multiplier": 1.25, "method": "random", "seed": 301, "feasible": 1, "wwt": 1439.9184, "makespan": 114.3729, "mean_flow": 4.983898, "breach_share": 0.0225, "breach_p1": 0.13793103448275862, "breach_p2": 0.022222222222222223, "breach_p3": 0.0, "breach_p4": 0.0, "wall_seconds": 0.0005920561961829662}, "v2rl301": {"id": "c12_replay_400_0077_m1.25", "base_id": "c12_replay_400_0077", "campus": 12, "size": 400, "condition": "crew1.25", "sla_multiplier": 1.0, "crew_multiplier": 1.25, "method": "v2rl301", "seed": 301, "feasible": 1, "wwt": 1439.9184, "makespan": 114.3729, "mean_flow": 4.983898, "breach_share": 0.0225, "breach_p1": 0.13793103448275862, "breach_p2": 0.022222222222222223, "breach_p3": 0.0, "breach_p4": 0.0, "wall_seconds": 0.041796294040977955}, "v2rl302": {"id": "c12_replay_400_0077_m1.25", "base_id": "c12_replay_400_0077", "campus": 12, "size": 400, "condition": "crew1.25", "sla_multiplier": 1.0, "crew_multiplier": 1.25, "method": "v2rl302", "seed": 302, "feasible": 1, "wwt": 1439.9184, "makespan": 114.3729, "mean_flow": 4.983898, "breach_share": 0.0225, "breach_p1": 0.13793103448275862, "breach_p2": 0.022222222222222223, "breach_p3": 0.0, "breach_p4": 0.0, "wall_seconds": 0.04057778837159276}, "v2rl303": {"id": "c12_replay_400_0077_m1.25", "base_id": "c12_replay_400_0077", "campus": 12, "size": 400, "condition": "crew1.25", "sla_multiplier": 1.0, "crew_multiplier": 1.25, "method": "v2rl303", "seed": 303, "feasible": 1, "wwt": 1439.9184, "makespan": 114.3729, "mean_flow": 4.983898, "breach_share": 0.0225, "breach_p1": 0.13793103448275862, "breach_p2": 0.022222222222222223, "breach_p3": 0.0, "breach_p4": 0.0, "wall_seconds": 0.04088074527680874}}, "methods_expected": ["edd", "wspt", "atc", "pfifo", "mor", "random", "v2rl301", "v2rl302", "v2rl303"], "infeasible": [], "wall_seconds_total": 0.13207711139693856}