{"shard_id": "c12_replay_400_0083_sla0.5", "id": "c12_replay_400_0083_sla0.5", "base_id": "c12_replay_400_0083", "campus": 12, "size": 400, "condition": "sla0.5", "rows": {"edd": {"id": "c12_replay_400_0083_sla0.5", "base_id": "c12_replay_400_0083", "campus": 12, "size": 400, "condition": "sla0.5", "sla_multiplier": 0.5, "crew_multiplier": 1.0, "method": "edd", "seed": 301, "feasible": 1, "wwt": 1332.8944000000001, "makespan": 97.5526, "mean_flow": 4.62509725, "breach_share": 0.06, "breach_p1": 0.24050632911392406, "breach_p2": 0.05084745762711865, "breach_p3": 0.011363636363636364, "breach_p4": 0.005747126436781609, "wall_seconds": 0.0006833309307694435}, "wspt": {"id": "c12_replay_400_0083_sla0.5", "base_id": "c12_replay_400_0083", "campus": 12, "size": 400, "condition": "sla0.5", "sla_multiplier": 0.5, "crew_multiplier": 1.0, "method": "wspt", "seed": 301, "feasible": 1, "wwt": 1332.8944000000001, "makespan": 97.5526, "mean_flow": 4.62509725, "breach_share": 0.06, "breach_p1": 0.24050632911392406, "breach_p2": 0.05084745762711865, "breach_p3": 0.011363636363636364, "breach_p4": 0.005747126436781609, "wall_seconds": 0.0006360430270433426}, "atc": {"id": "c12_replay_400_0083_sla0.5", "base_id": "c12_replay_400_0083", "campus": 12, "size": 400, "condition": "sla0.5", "sla_multiplier": 0.5, "crew_multiplier": 1.0, "method": "atc", "seed": 301, "feasible": 1, "wwt": 1332.8944000000001, "makespan": 97.5526, "mean_flow": 4.62509725, "breach_share": 0.06, "breach_p1": 0.24050632911392406, "breach_p2": 0.05084745762711865, "breach_p3": 0.011363636363636364, "breach_p4": 0.005747126436781609, "wall_seconds": 0.000854147132486105}, "pfifo": {"id": "c12_replay_400_0083_sla0.5", "base_id": "c12_replay_400_0083", "campus": 12, "size": 400, "condition": "sla0.5", "sla_multiplier": 0.5, "crew_multiplier": 1.0, "method": "pfifo", "seed": 301, "feasible": 1, "wwt": 1332.8944000000001, "makespan": 97.5526, "mean_flow": 4.62509725, "breach_share": 0.06, "breach_p1": 0.24050632911392406, "breach_p2": 0.05084745762711865, "breach_p3": 0.011363636363636364, "breach_p4": 0.005747126436781609, "wall_seconds": 0.0006658970378339291}, "mor": {"id": "c12_replay_400_0083_sla0.5", "base_id": "c12_replay_400_0083", "campus": 12, "size": 400, "condition": "sla0.5", "sla_multiplier": 0.5, "crew_multiplier": 1.0, "method": "mor", "seed": 301, "feasible": 1, "wwt": 1332.8944000000001, "makespan": 97.5526, "mean_flow": 4.62509725, "breach_share": 0.06, "breach_p1": 0.24050632911392406, "breach_p2": 0.05084745762711865, "breach_p3": 0.011363636363636364, "breach_p4": 0.005747126436781609, "wall_seconds": 0.0006104628555476665}, "random": {"id": "c12_replay_400_0083_sla0.5", "base_id": "c12_replay_400_0083", "campus": 12, "size": 400, "condition": "sla0.5", "sla_multiplier": 0.5, "crew_multiplier": 1.0, "method": "random", "seed": 301, "feasible": 1, "wwt": 1332.8944000000001, "makespan": 97.5526, "mean_flow": 4.62509725, "breach_share": 0.06, "breach_p1": 0.24050632911392406, "breach_p2": 0.05084745762711865, "breach_p3": 0.011363636363636364, "breach_p4": 0.005747126436781609, "wall_seconds": 0.0005626319907605648}, "v2rl301": {"id": "c12_replay_400_0083_sla0.5", "base_id": "c12_replay_400_0083", "campus": 12, "size": 400, "condition": "sla0.5", "sla_multiplier": 0.5, "crew_multiplier": 1.0, "method": "v2rl301", "seed": 301, "feasible": 1, "wwt": 1332.8944000000001, "makespan": 97.5526, "mean_flow": 4.62509725, "breach_share": 0.06, "breach_p1": 0.24050632911392406, "breach_p2": 0.05084745762711865, "breach_p3": 0.011363636363636364, "breach_p4": 0.005747126436781609, "wall_seconds": 0.04026962583884597}, "v2rl302": {"id": "c12_replay_400_0083_sla0.5", "base_id": "c12_replay_400_0083", "campus": 12, "size": 400, "condition": "sla0.5", "sla_multiplier": 0.5, "crew_multiplier": 1.0, "method": "v2rl302", "seed": 302, "feasible": 1, "wwt": 1332.8944000000001, "makespan": 97.5526, "mean_flow": 4.62509725, "breach_share": 0.06, "breach_p1": 0.24050632911392406, "breach_p2": 0.05084745762711865, "breach_p3": 0.011363636363636364, "breach_p4": 0.005747126436781609, "wall_seconds": 0.039577043149620295}, "v2rl303": {"id": "c12_replay_400_0083_sla0.5", "base_id": "c12_replay_400_0083", "campus": 12, "size": 400, "condition": "sla0.5", "sla_multiplier": 0.5, "crew_multiplier": 1.0, "method": "v2rl303", "seed": 303, "feasible": 1, "wwt": 1332.8944000000001, "makespan": 97.5526, "mean_flow": 4.62509725, "breach_share": 0.06, "breach_p1": 0.24050632911392406, "breach_p2": 0.05084745762711865, "breach_p3": 0.011363636363636364, "breach_p4": 0.005747126436781609, "wall_seconds": 0.03989203413948417}}, "methods_expected": ["edd", "wspt", "atc", "pfifo", "mor", "random", "v2rl301", "v2rl302", "v2rl303"], "infeasible": [], "wall_seconds_total": 0.12848361395299435}