{"shard_id": "c12_replay_400_0077_sla1.5", "id": "c12_replay_400_0077_sla1.5", "base_id": "c12_replay_400_0077", "campus": 12, "size": 400, "condition": "sla1.5", "rows": {"edd": {"id": "c12_replay_400_0077_sla1.5", "base_id": "c12_replay_400_0077", "campus": 12, "size": 400, "condition": "sla1.5", "sla_multiplier": 1.5, "crew_multiplier": 1.0, "method": "edd", "seed": 301, "feasible": 1, "wwt": 1187.9184, "makespan": 114.3729, "mean_flow": 4.9878925, "breach_share": 0.015, "breach_p1": 0.08620689655172414, "breach_p2": 0.022222222222222223, "breach_p3": 0.0, "breach_p4": 0.0, "wall_seconds": 0.0007102731615304947}, "wspt": {"id": "c12_replay_400_0077_sla1.5", "base_id": "c12_replay_400_0077", "campus": 12, "size": 400, "condition": "sla1.5", "sla_multiplier": 1.5, "crew_multiplier": 1.0, "method": "wspt", "seed": 301, "feasible": 1, "wwt": 1188.9184, "makespan": 114.3729, "mean_flow": 4.98698425, "breach_share": 0.015, "breach_p1": 0.08620689655172414, "breach_p2": 0.022222222222222223, "breach_p3": 0.0, "breach_p4": 0.0, "wall_seconds": 0.0007478920742869377}, "atc": {"id": "c12_replay_400_0077_sla1.5", "base_id": "c12_replay_400_0077", "campus": 12, "size": 400, "condition": "sla1.5", "sla_multiplier": 1.5, "crew_multiplier": 1.0, "method": "atc", "seed": 301, "feasible": 1, "wwt": 1187.9184, "makespan": 114.3729, "mean_flow": 4.986984250000001, "breach_share": 0.015, "breach_p1": 0.08620689655172414, "breach_p2": 0.022222222222222223, "breach_p3": 0.0, "breach_p4": 0.0, "wall_seconds": 0.0009682979434728622}, "pfifo": {"id": "c12_replay_400_0077_sla1.5", "base_id": "c12_replay_400_0077", "campus": 12, "size": 400, "condition": "sla1.5", "sla_multiplier": 1.5, "crew_multiplier": 1.0, "method": "pfifo", "seed": 301, "feasible": 1, "wwt": 1187.9184, "makespan": 114.3729, "mean_flow": 4.9878925, "breach_share": 0.015, "breach_p1": 0.08620689655172414, "breach_p2": 0.022222222222222223, "breach_p3": 0.0, "breach_p4": 0.0, "wall_seconds": 0.0006430628709495068}, "mor": {"id": "c12_replay_400_0077_sla1.5", "base_id": "c12_replay_400_0077", "campus": 12, "size": 400, "condition": "sla1.5", "sla_multiplier": 1.5, "crew_multiplier": 1.0, "method": "mor", "seed": 301, "feasible": 1, "wwt": 1187.9184, "makespan": 114.3729, "mean_flow": 4.9903925000000005, "breach_share": 0.015, "breach_p1": 0.08620689655172414, "breach_p2": 0.022222222222222223, "breach_p3": 0.0, "breach_p4": 0.0, "wall_seconds": 0.0006194887682795525}, "random": {"id": "c12_replay_400_0077_sla1.5", "base_id": "c12_replay_400_0077", "campus": 12, "size": 400, "condition": "sla1.5", "sla_multiplier": 1.5, "crew_multiplier": 1.0, "method": "random", "seed": 301, "feasible": 1, "wwt": 1187.9184, "makespan": 114.3729, "mean_flow": 4.986984250000001, "breach_share": 0.015, "breach_p1": 0.08620689655172414, "breach_p2": 0.022222222222222223, "breach_p3": 0.0, "breach_p4": 0.0, "wall_seconds": 0.0005606953054666519}, "v2rl301": {"id": "c12_replay_400_0077_sla1.5", "base_id": "c12_replay_400_0077", "campus": 12, "size": 400, "condition": "sla1.5", "sla_multiplier": 1.5, "crew_multiplier": 1.0, "method": "v2rl301", "seed": 301, "feasible": 1, "wwt": 1187.9184, "makespan": 114.3729, "mean_flow": 4.9903925000000005, "breach_share": 0.015, "breach_p1": 0.08620689655172414, "breach_p2": 0.022222222222222223, "breach_p3": 0.0, "breach_p4": 0.0, "wall_seconds": 0.040768884122371674}, "v2rl302": {"id": "c12_replay_400_0077_sla1.5", "base_id": "c12_replay_400_0077", "campus": 12, "size": 400, "condition": "sla1.5", "sla_multiplier": 1.5, "crew_multiplier": 1.0, "method": "v2rl302", "seed": 302, "feasible": 1, "wwt": 1187.9184, "makespan": 114.3729, "mean_flow": 4.9903925000000005, "breach_share": 0.015, "breach_p1": 0.08620689655172414, "breach_p2": 0.022222222222222223, "breach_p3": 0.0, "breach_p4": 0.0, "wall_seconds": 0.03933859197422862}, "v2rl303": {"id": "c12_replay_400_0077_sla1.5", "base_id": "c12_replay_400_0077", "campus": 12, "size": 400, "condition": "sla1.5", "sla_multiplier": 1.5, "crew_multiplier": 1.0, "method": "v2rl303", "seed": 303, "feasible": 1, "wwt": 1187.9184, "makespan": 114.3729, "mean_flow": 4.986984250000001, "breach_share": 0.015, "breach_p1": 0.08620689655172414, "breach_p2": 0.022222222222222223, "breach_p3": 0.0, "breach_p4": 0.0, "wall_seconds": 0.03954126825556159}}, "methods_expected": ["edd", "wspt", "atc", "pfifo", "mor", "random", "v2rl301", "v2rl302", "v2rl303"], "infeasible": [], "wall_seconds_total": 0.12871133396402}