{"shard_id": "c12_replay_150_0108_m0.75", "id": "c12_replay_150_0108_m0.75", "base_id": "c12_replay_150_0108", "campus": 12, "size": 150, "condition": "crew0.75", "rows": {"edd": {"id": "c12_replay_150_0108_m0.75", "base_id": "c12_replay_150_0108", "campus": 12, "size": 150, "condition": "crew0.75", "sla_multiplier": 1.0, "crew_multiplier": 0.75, "method": "edd", "seed": 301, "feasible": 1, "wwt": 211.0, "makespan": 93.93260000000001, "mean_flow": 5.978319333333333, "breach_share": 0.02, "breach_p1": 0.05, "breach_p2": 0.07142857142857142, "breach_p3": 0.01818181818181818, "breach_p4": 0.0, "wall_seconds": 0.0002808249555528164}, "wspt": {"id": "c12_replay_150_0108_m0.75", "base_id": "c12_replay_150_0108", "campus": 12, "size": 150, "condition": "crew0.75", "sla_multiplier": 1.0, "crew_multiplier": 0.75, "method": "wspt", "seed": 301, "feasible": 1, "wwt": 211.0, "makespan": 93.93260000000001, "mean_flow": 5.9716526666666665, "breach_share": 0.02, "breach_p1": 0.05, "breach_p2": 0.07142857142857142, "breach_p3": 0.01818181818181818, "breach_p4": 0.0, "wall_seconds": 0.0002827630378305912}, "atc": {"id": "c12_replay_150_0108_m0.75", "base_id": "c12_replay_150_0108", "campus": 12, "size": 150, "condition": "crew0.75", "sla_multiplier": 1.0, "crew_multiplier": 0.75, "method": "atc", "seed": 301, "feasible": 1, "wwt": 211.0, "makespan": 93.93260000000001, "mean_flow": 5.9716526666666665, "breach_share": 0.02, "breach_p1": 0.05, "breach_p2": 0.07142857142857142, "breach_p3": 0.01818181818181818, "breach_p4": 0.0, "wall_seconds": 0.0003751171752810478}, "pfifo": {"id": "c12_replay_150_0108_m0.75", "base_id": "c12_replay_150_0108", "campus": 12, "size": 150, "condition": "crew0.75", "sla_multiplier": 1.0, "crew_multiplier": 0.75, "method": "pfifo", "seed": 301, "feasible": 1, "wwt": 211.0, "makespan": 93.93260000000001, "mean_flow": 5.978319333333333, "breach_share": 0.02, "breach_p1": 0.05, "breach_p2": 0.07142857142857142, "breach_p3": 0.01818181818181818, "breach_p4": 0.0, "wall_seconds": 0.0003125830553472042}, "mor": {"id": "c12_replay_150_0108_m0.75", "base_id": "c12_replay_150_0108", "campus": 12, "size": 150, "condition": "crew0.75", "sla_multiplier": 1.0, "crew_multiplier": 0.75, "method": "mor", "seed": 301, "feasible": 1, "wwt": 211.0, "makespan": 93.93260000000001, "mean_flow": 5.983738, "breach_share": 0.02, "breach_p1": 0.05, "breach_p2": 0.07142857142857142, "breach_p3": 0.01818181818181818, "breach_p4": 0.0, "wall_seconds": 0.0002656746655702591}, "random": {"id": "c12_replay_150_0108_m0.75", "base_id": "c12_replay_150_0108", "campus": 12, "size": 150, "condition": "crew0.75", "sla_multiplier": 1.0, "crew_multiplier": 0.75, "method": "random", "seed": 301, "feasible": 1, "wwt": 211.0, "makespan": 93.93260000000001, "mean_flow": 5.977071333333333, "breach_share": 0.02, "breach_p1": 0.05, "breach_p2": 0.07142857142857142, "breach_p3": 0.01818181818181818, "breach_p4": 0.0, "wall_seconds": 0.00024303700774908066}, "v2rl301": {"id": "c12_replay_150_0108_m0.75", "base_id": "c12_replay_150_0108", "campus": 12, "size": 150, "condition": "crew0.75", "sla_multiplier": 1.0, "crew_multiplier": 0.75, "method": "v2rl301", "seed": 301, "feasible": 1, "wwt": 211.0, "makespan": 93.93260000000001, "mean_flow": 5.983738, "breach_share": 0.02, "breach_p1": 0.05, "breach_p2": 0.07142857142857142, "breach_p3": 0.01818181818181818, "breach_p4": 0.0, "wall_seconds": 0.015295306220650673}, "v2rl302": {"id": "c12_replay_150_0108_m0.75", "base_id": "c12_replay_150_0108", "campus": 12, "size": 150, "condition": "crew0.75", "sla_multiplier": 1.0, "crew_multiplier": 0.75, "method": "v2rl302", "seed": 302, "feasible": 1, "wwt": 211.0, "makespan": 93.93260000000001, "mean_flow": 5.983738, "breach_share": 0.02, "breach_p1": 0.05, "breach_p2": 0.07142857142857142, "breach_p3": 0.01818181818181818, "breach_p4": 0.0, "wall_seconds": 0.015128687024116516}, "v2rl303": {"id": "c12_replay_150_0108_m0.75", "base_id": "c12_replay_150_0108", "campus": 12, "size": 150, "condition": "crew0.75", "sla_multiplier": 1.0, "crew_multiplier": 0.75, "method": "v2rl303", "seed": 303, "feasible": 1, "wwt": 211.0, "makespan": 93.93260000000001, "mean_flow": 5.983738, "breach_share": 0.02, "breach_p1": 0.05, "breach_p2": 0.07142857142857142, "breach_p3": 0.01818181818181818, "breach_p4": 0.0, "wall_seconds": 0.015133102424442768}}, "methods_expected": ["edd", "wspt", "atc", "pfifo", "mor", "random", "v2rl301", "v2rl302", "v2rl303"], "infeasible": [], "wall_seconds_total": 0.04962132312357426}