{"shard_id": "c12_replay_400_0070_m0.75", "id": "c12_replay_400_0070_m0.75", "base_id": "c12_replay_400_0070", "campus": 12, "size": 400, "condition": "crew0.75", "rows": {"edd": {"id": "c12_replay_400_0070_m0.75", "base_id": "c12_replay_400_0070", "campus": 12, "size": 400, "condition": "crew0.75", "sla_multiplier": 1.0, "crew_multiplier": 0.75, "method": "edd", "seed": 301, "feasible": 1, "wwt": 4065.017599999999, "makespan": 112.0276, "mean_flow": 6.77064375, "breach_share": 0.0725, "breach_p1": 0.16091954022988506, "breach_p2": 0.02040816326530612, "breach_p3": 0.0, "breach_p4": 0.0, "wall_seconds": 0.0007934416644275188}, "wspt": {"id": "c12_replay_400_0070_m0.75", "base_id": "c12_replay_400_0070", "campus": 12, "size": 400, "condition": "crew0.75", "sla_multiplier": 1.0, "crew_multiplier": 0.75, "method": "wspt", "seed": 301, "feasible": 1, "wwt": 4155.5512, "makespan": 112.0276, "mean_flow": 6.70378125, "breach_share": 0.0675, "breach_p1": 0.14942528735632185, "breach_p2": 0.02040816326530612, "breach_p3": 0.0, "breach_p4": 0.0, "wall_seconds": 0.0007850918918848038}, "atc": {"id": "c12_replay_400_0070_m0.75", "base_id": "c12_replay_400_0070", "campus": 12, "size": 400, "condition": "crew0.75", "sla_multiplier": 1.0, "crew_multiplier": 0.75, "method": "atc", "seed": 301, "feasible": 1, "wwt": 4135.6, "makespan": 112.0276, "mean_flow": 6.713781249999999, "breach_share": 0.0675, "breach_p1": 0.14942528735632185, "breach_p2": 0.02040816326530612, "breach_p3": 0.0, "breach_p4": 0.0, "wall_seconds": 0.0011624610051512718}, "pfifo": {"id": "c12_replay_400_0070_m0.75", "base_id": "c12_replay_400_0070", "campus": 12, "size": 400, "condition": "crew0.75", "sla_multiplier": 1.0, "crew_multiplier": 0.75, "method": "pfifo", "seed": 301, "feasible": 1, "wwt": 4065.017599999999, "makespan": 112.0276, "mean_flow": 6.77064375, "breach_share": 0.0725, "breach_p1": 0.16091954022988506, "breach_p2": 0.02040816326530612, "breach_p3": 0.0, "breach_p4": 0.0, "wall_seconds": 0.0007217060774564743}, "mor": {"id": "c12_replay_400_0070_m0.75", "base_id": "c12_replay_400_0070", "campus": 12, "size": 400, "condition": "crew0.75", "sla_multiplier": 1.0, "crew_multiplier": 0.75, "method": "mor", "seed": 301, "feasible": 1, "wwt": 4208.54, "makespan": 112.0276, "mean_flow": 7.305504000000001, "breach_share": 0.125, "breach_p1": 0.28160919540229884, "breach_p2": 0.02040816326530612, "breach_p3": 0.0, "breach_p4": 0.0, "wall_seconds": 0.0007386370562016964}, "random": {"id": "c12_replay_400_0070_m0.75", "base_id": "c12_replay_400_0070", "campus": 12, "size": 400, "condition": "crew0.75", "sla_multiplier": 1.0, "crew_multiplier": 0.75, "method": "random", "seed": 301, "feasible": 1, "wwt": 4051.5512, "makespan": 112.0276, "mean_flow": 6.8107825, "breach_share": 0.0725, "breach_p1": 0.16091954022988506, "breach_p2": 0.02040816326530612, "breach_p3": 0.0, "breach_p4": 0.0, "wall_seconds": 0.0006511937826871872}, "v2rl301": {"id": "c12_replay_400_0070_m0.75", "base_id": "c12_replay_400_0070", "campus": 12, "size": 400, "condition": "crew0.75", "sla_multiplier": 1.0, "crew_multiplier": 0.75, "method": "v2rl301", "seed": 301, "feasible": 1, "wwt": 3903.5512, "makespan": 112.0276, "mean_flow": 7.091025500000001, "breach_share": 0.0675, "breach_p1": 0.14942528735632185, "breach_p2": 0.02040816326530612, "breach_p3": 0.0, "breach_p4": 0.0, "wall_seconds": 0.04350970918312669}, "v2rl302": {"id": "c12_replay_400_0070_m0.75", "base_id": "c12_replay_400_0070", "campus": 12, "size": 400, "condition": "crew0.75", "sla_multiplier": 1.0, "crew_multiplier": 0.75, "method": "v2rl302", "seed": 302, "feasible": 1, "wwt": 3924.9687999999996, "makespan": 112.0276, "mean_flow": 6.8480825, "breach_share": 0.075, "breach_p1": 0.16666666666666666, "breach_p2": 0.02040816326530612, "breach_p3": 0.0, "breach_p4": 0.0, "wall_seconds": 0.042618799954652786}, "v2rl303": {"id": "c12_replay_400_0070_m0.75", "base_id": "c12_replay_400_0070", "campus": 12, "size": 400, "condition": "crew0.75", "sla_multiplier": 1.0, "crew_multiplier": 0.75, "method": "v2rl303", "seed": 303, "feasible": 1, "wwt": 3935.5512, "makespan": 112.0276, "mean_flow": 7.0642302500000005, "breach_share": 0.0675, "breach_p1": 0.14942528735632185, "breach_p2": 0.02040816326530612, "breach_p3": 0.0, "breach_p4": 0.0, "wall_seconds": 0.042852302081882954}}, "methods_expected": ["edd", "wspt", "atc", "pfifo", "mor", "random", "v2rl301", "v2rl302", "v2rl303"], "infeasible": [], "wall_seconds_total": 0.13851121068000793}