{"shard_id": "c12_replay_400_0080_m0.75", "id": "c12_replay_400_0080_m0.75", "base_id": "c12_replay_400_0080", "campus": 12, "size": 400, "condition": "crew0.75", "rows": {"edd": {"id": "c12_replay_400_0080_m0.75", "base_id": "c12_replay_400_0080", "campus": 12, "size": 400, "condition": "crew0.75", "sla_multiplier": 1.0, "crew_multiplier": 0.75, "method": "edd", "seed": 301, "feasible": 1, "wwt": 1125.7296000000001, "makespan": 110.5998, "mean_flow": 5.718090500000001, "breach_share": 0.04, "breach_p1": 0.17045454545454544, "breach_p2": 0.0, "breach_p3": 0.007352941176470588, "breach_p4": 0.0, "wall_seconds": 0.0007278439588844776}, "wspt": {"id": "c12_replay_400_0080_m0.75", "base_id": "c12_replay_400_0080", "campus": 12, "size": 400, "condition": "crew0.75", "sla_multiplier": 1.0, "crew_multiplier": 0.75, "method": "wspt", "seed": 301, "feasible": 1, "wwt": 1168.6696000000002, "makespan": 110.5998, "mean_flow": 5.5873075, "breach_share": 0.04, "breach_p1": 0.17045454545454544, "breach_p2": 0.0, "breach_p3": 0.007352941176470588, "breach_p4": 0.0, "wall_seconds": 0.0006766901351511478}, "atc": {"id": "c12_replay_400_0080_m0.75", "base_id": "c12_replay_400_0080", "campus": 12, "size": 400, "condition": "crew0.75", "sla_multiplier": 1.0, "crew_multiplier": 0.75, "method": "atc", "seed": 301, "feasible": 1, "wwt": 1130.6696000000002, "makespan": 110.5998, "mean_flow": 5.61012575, "breach_share": 0.0375, "breach_p1": 0.1590909090909091, "breach_p2": 0.0, "breach_p3": 0.007352941176470588, "breach_p4": 0.0, "wall_seconds": 0.0009664357639849186}, "pfifo": {"id": "c12_replay_400_0080_m0.75", "base_id": "c12_replay_400_0080", "campus": 12, "size": 400, "condition": "crew0.75", "sla_multiplier": 1.0, "crew_multiplier": 0.75, "method": "pfifo", "seed": 301, "feasible": 1, "wwt": 1125.7296000000001, "makespan": 110.5998, "mean_flow": 5.718090500000001, "breach_share": 0.04, "breach_p1": 0.17045454545454544, "breach_p2": 0.0, "breach_p3": 0.007352941176470588, "breach_p4": 0.0, "wall_seconds": 0.0007040207274258137}, "mor": {"id": "c12_replay_400_0080_m0.75", "base_id": "c12_replay_400_0080", "campus": 12, "size": 400, "condition": "crew0.75", "sla_multiplier": 1.0, "crew_multiplier": 0.75, "method": "mor", "seed": 301, "feasible": 1, "wwt": 1121.7296000000001, "makespan": 110.5998, "mean_flow": 6.160589749999999, "breach_share": 0.0375, "breach_p1": 0.1590909090909091, "breach_p2": 0.0, "breach_p3": 0.007352941176470588, "breach_p4": 0.0, "wall_seconds": 0.0006681159138679504}, "random": {"id": "c12_replay_400_0080_m0.75", "base_id": "c12_replay_400_0080", "campus": 12, "size": 400, "condition": "crew0.75", "sla_multiplier": 1.0, "crew_multiplier": 0.75, "method": "random", "seed": 301, "feasible": 1, "wwt": 1153.7296000000001, "makespan": 110.5998, "mean_flow": 5.67871625, "breach_share": 0.0375, "breach_p1": 0.1590909090909091, "breach_p2": 0.0, "breach_p3": 0.007352941176470588, "breach_p4": 0.0, "wall_seconds": 0.000567298848181963}, "v2rl301": {"id": "c12_replay_400_0080_m0.75", "base_id": "c12_replay_400_0080", "campus": 12, "size": 400, "condition": "crew0.75", "sla_multiplier": 1.0, "crew_multiplier": 0.75, "method": "v2rl301", "seed": 301, "feasible": 1, "wwt": 1121.7296000000001, "makespan": 110.5998, "mean_flow": 6.11556775, "breach_share": 0.0375, "breach_p1": 0.1590909090909091, "breach_p2": 0.0, "breach_p3": 0.007352941176470588, "breach_p4": 0.0, "wall_seconds": 0.04212965210899711}, "v2rl302": {"id": "c12_replay_400_0080_m0.75", "base_id": "c12_replay_400_0080", "campus": 12, "size": 400, "condition": "crew0.75", "sla_multiplier": 1.0, "crew_multiplier": 0.75, "method": "v2rl302", "seed": 302, "feasible": 1, "wwt": 1121.7296000000001, "makespan": 110.5998, "mean_flow": 6.1136645, "breach_share": 0.0375, "breach_p1": 0.1590909090909091, "breach_p2": 0.0, "breach_p3": 0.007352941176470588, "breach_p4": 0.0, "wall_seconds": 0.04131269035860896}, "v2rl303": {"id": "c12_replay_400_0080_m0.75", "base_id": "c12_replay_400_0080", "campus": 12, "size": 400, "condition": "crew0.75", "sla_multiplier": 1.0, "crew_multiplier": 0.75, "method": "v2rl303", "seed": 303, "feasible": 1, "wwt": 1121.7296000000001, "makespan": 110.5998, "mean_flow": 6.11286025, "breach_share": 0.0375, "breach_p1": 0.1590909090909091, "breach_p2": 0.0, "breach_p3": 0.007352941176470588, "breach_p4": 0.0, "wall_seconds": 0.04127661092206836}}, "methods_expected": ["edd", "wspt", "atc", "pfifo", "mor", "random", "v2rl301", "v2rl302", "v2rl303"], "infeasible": [], "wall_seconds_total": 0.13382939994335175}