{"shard_id": "c12_replay_150_0106_m0.75", "id": "c12_replay_150_0106_m0.75", "base_id": "c12_replay_150_0106", "campus": 12, "size": 150, "condition": "crew0.75", "rows": {"edd": {"id": "c12_replay_150_0106_m0.75", "base_id": "c12_replay_150_0106", "campus": 12, "size": 150, "condition": "crew0.75", "sla_multiplier": 1.0, "crew_multiplier": 0.75, "method": "edd", "seed": 301, "feasible": 1, "wwt": 144.0, "makespan": 90.8648, "mean_flow": 4.8443320000000005, "breach_share": 0.02666666666666667, "breach_p1": 0.06818181818181818, "breach_p2": 0.04, "breach_p3": 0.0, "breach_p4": 0.0, "wall_seconds": 0.00027751829475164413}, "wspt": {"id": "c12_replay_150_0106_m0.75", "base_id": "c12_replay_150_0106", "campus": 12, "size": 150, "condition": "crew0.75", "sla_multiplier": 1.0, "crew_multiplier": 0.75, "method": "wspt", "seed": 301, "feasible": 1, "wwt": 148.0, "makespan": 90.8648, "mean_flow": 4.8404913333333335, "breach_share": 0.02666666666666667, "breach_p1": 0.06818181818181818, "breach_p2": 0.04, "breach_p3": 0.0, "breach_p4": 0.0, "wall_seconds": 0.0002779839560389519}, "atc": {"id": "c12_replay_150_0106_m0.75", "base_id": "c12_replay_150_0106", "campus": 12, "size": 150, "condition": "crew0.75", "sla_multiplier": 1.0, "crew_multiplier": 0.75, "method": "atc", "seed": 301, "feasible": 1, "wwt": 144.0, "makespan": 90.8648, "mean_flow": 4.842939333333334, "breach_share": 0.02666666666666667, "breach_p1": 0.06818181818181818, "breach_p2": 0.04, "breach_p3": 0.0, "breach_p4": 0.0, "wall_seconds": 0.00037724198773503304}, "pfifo": {"id": "c12_replay_150_0106_m0.75", "base_id": "c12_replay_150_0106", "campus": 12, "size": 150, "condition": "crew0.75", "sla_multiplier": 1.0, "crew_multiplier": 0.75, "method": "pfifo", "seed": 301, "feasible": 1, "wwt": 144.0, "makespan": 90.8648, "mean_flow": 4.8443320000000005, "breach_share": 0.02666666666666667, "breach_p1": 0.06818181818181818, "breach_p2": 0.04, "breach_p3": 0.0, "breach_p4": 0.0, "wall_seconds": 0.00026592472568154335}, "mor": {"id": "c12_replay_150_0106_m0.75", "base_id": "c12_replay_150_0106", "campus": 12, "size": 150, "condition": "crew0.75", "sla_multiplier": 1.0, "crew_multiplier": 0.75, "method": "mor", "seed": 301, "feasible": 1, "wwt": 144.0, "makespan": 90.8648, "mean_flow": 4.8443320000000005, "breach_share": 0.02666666666666667, "breach_p1": 0.06818181818181818, "breach_p2": 0.04, "breach_p3": 0.0, "breach_p4": 0.0, "wall_seconds": 0.0002601449377834797}, "random": {"id": "c12_replay_150_0106_m0.75", "base_id": "c12_replay_150_0106", "campus": 12, "size": 150, "condition": "crew0.75", "sla_multiplier": 1.0, "crew_multiplier": 0.75, "method": "random", "seed": 301, "feasible": 1, "wwt": 148.0, "makespan": 90.8648, "mean_flow": 4.8404913333333335, "breach_share": 0.02666666666666667, "breach_p1": 0.06818181818181818, "breach_p2": 0.04, "breach_p3": 0.0, "breach_p4": 0.0, "wall_seconds": 0.0002366560511291027}, "v2rl301": {"id": "c12_replay_150_0106_m0.75", "base_id": "c12_replay_150_0106", "campus": 12, "size": 150, "condition": "crew0.75", "sla_multiplier": 1.0, "crew_multiplier": 0.75, "method": "v2rl301", "seed": 301, "feasible": 1, "wwt": 144.0, "makespan": 90.8648, "mean_flow": 4.841884, "breach_share": 0.02666666666666667, "breach_p1": 0.06818181818181818, "breach_p2": 0.04, "breach_p3": 0.0, "breach_p4": 0.0, "wall_seconds": 0.015441467985510826}, "v2rl302": {"id": "c12_replay_150_0106_m0.75", "base_id": "c12_replay_150_0106", "campus": 12, "size": 150, "condition": "crew0.75", "sla_multiplier": 1.0, "crew_multiplier": 0.75, "method": "v2rl302", "seed": 302, "feasible": 1, "wwt": 144.0, "makespan": 90.8648, "mean_flow": 4.8443320000000005, "breach_share": 0.02666666666666667, "breach_p1": 0.06818181818181818, "breach_p2": 0.04, "breach_p3": 0.0, "breach_p4": 0.0, "wall_seconds": 0.015141338109970093}, "v2rl303": {"id": "c12_replay_150_0106_m0.75", "base_id": "c12_replay_150_0106", "campus": 12, "size": 150, "condition": "crew0.75", "sla_multiplier": 1.0, "crew_multiplier": 0.75, "method": "v2rl303", "seed": 303, "feasible": 1, "wwt": 144.0, "makespan": 90.8648, "mean_flow": 4.842939333333334, "breach_share": 0.02666666666666667, "breach_p1": 0.06818181818181818, "breach_p2": 0.04, "breach_p3": 0.0, "breach_p4": 0.0, "wall_seconds": 0.015181626193225384}}, "methods_expected": ["edd", "wspt", "atc", "pfifo", "mor", "random", "v2rl301", "v2rl302", "v2rl303"], "infeasible": [], "wall_seconds_total": 0.04966668598353863}