{"shard_id": "c12_replay_400_0076_sla0.5", "id": "c12_replay_400_0076_sla0.5", "base_id": "c12_replay_400_0076", "campus": 12, "size": 400, "condition": "sla0.5", "rows": {"edd": {"id": "c12_replay_400_0076_sla0.5", "base_id": "c12_replay_400_0076", "campus": 12, "size": 400, "condition": "sla0.5", "sla_multiplier": 0.5, "crew_multiplier": 1.0, "method": "edd", "seed": 301, "feasible": 1, "wwt": 3493.8984, "makespan": 117.2242, "mean_flow": 6.064350000000001, "breach_share": 0.135, "breach_p1": 0.3115942028985507, "breach_p2": 0.08823529411764706, "breach_p3": 0.025, "breach_p4": 0.02631578947368421, "wall_seconds": 0.0006806347519159317}, "wspt": {"id": "c12_replay_400_0076_sla0.5", "base_id": "c12_replay_400_0076", "campus": 12, "size": 400, "condition": "sla0.5", "sla_multiplier": 0.5, "crew_multiplier": 1.0, "method": "wspt", "seed": 301, "feasible": 1, "wwt": 3559.8984, "makespan": 117.2242, "mean_flow": 6.053100000000001, "breach_share": 0.1325, "breach_p1": 0.30434782608695654, "breach_p2": 0.08823529411764706, "breach_p3": 0.025, "breach_p4": 0.02631578947368421, "wall_seconds": 0.0006910036318004131}, "atc": {"id": "c12_replay_400_0076_sla0.5", "base_id": "c12_replay_400_0076", "campus": 12, "size": 400, "condition": "sla0.5", "sla_multiplier": 0.5, "crew_multiplier": 1.0, "method": "atc", "seed": 301, "feasible": 1, "wwt": 3551.8984, "makespan": 117.2242, "mean_flow": 6.053100000000001, "breach_share": 0.13, "breach_p1": 0.2971014492753623, "breach_p2": 0.08823529411764706, "breach_p3": 0.025, "breach_p4": 0.02631578947368421, "wall_seconds": 0.0009666918776929379}, "pfifo": {"id": "c12_replay_400_0076_sla0.5", "base_id": "c12_replay_400_0076", "campus": 12, "size": 400, "condition": "sla0.5", "sla_multiplier": 0.5, "crew_multiplier": 1.0, "method": "pfifo", "seed": 301, "feasible": 1, "wwt": 3493.8984, "makespan": 117.2242, "mean_flow": 6.064350000000001, "breach_share": 0.135, "breach_p1": 0.3115942028985507, "breach_p2": 0.08823529411764706, "breach_p3": 0.025, "breach_p4": 0.02631578947368421, "wall_seconds": 0.0006731180474162102}, "mor": {"id": "c12_replay_400_0076_sla0.5", "base_id": "c12_replay_400_0076", "campus": 12, "size": 400, "condition": "sla0.5", "sla_multiplier": 0.5, "crew_multiplier": 1.0, "method": "mor", "seed": 301, "feasible": 1, "wwt": 3479.8984, "makespan": 117.2242, "mean_flow": 6.072822250000001, "breach_share": 0.13, "breach_p1": 0.2971014492753623, "breach_p2": 0.08823529411764706, "breach_p3": 0.025, "breach_p4": 0.02631578947368421, "wall_seconds": 0.0007130540907382965}, "random": {"id": "c12_replay_400_0076_sla0.5", "base_id": "c12_replay_400_0076", "campus": 12, "size": 400, "condition": "sla0.5", "sla_multiplier": 0.5, "crew_multiplier": 1.0, "method": "random", "seed": 301, "feasible": 1, "wwt": 3485.8984, "makespan": 117.2242, "mean_flow": 6.05935, "breach_share": 0.13, "breach_p1": 0.2971014492753623, "breach_p2": 0.08823529411764706, "breach_p3": 0.025, "breach_p4": 0.02631578947368421, "wall_seconds": 0.0006740321405231953}, "v2rl301": {"id": "c12_replay_400_0076_sla0.5", "base_id": "c12_replay_400_0076", "campus": 12, "size": 400, "condition": "sla0.5", "sla_multiplier": 0.5, "crew_multiplier": 1.0, "method": "v2rl301", "seed": 301, "feasible": 1, "wwt": 3477.8984, "makespan": 117.2242, "mean_flow": 6.064072249999999, "breach_share": 0.13, "breach_p1": 0.2971014492753623, "breach_p2": 0.08823529411764706, "breach_p3": 0.025, "breach_p4": 0.02631578947368421, "wall_seconds": 0.04113358724862337}, "v2rl302": {"id": "c12_replay_400_0076_sla0.5", "base_id": "c12_replay_400_0076", "campus": 12, "size": 400, "condition": "sla0.5", "sla_multiplier": 0.5, "crew_multiplier": 1.0, "method": "v2rl302", "seed": 302, "feasible": 1, "wwt": 3507.8984, "makespan": 117.2242, "mean_flow": 6.059349999999999, "breach_share": 0.14, "breach_p1": 0.32608695652173914, "breach_p2": 0.08823529411764706, "breach_p3": 0.025, "breach_p4": 0.02631578947368421, "wall_seconds": 0.040602548979222775}, "v2rl303": {"id": "c12_replay_400_0076_sla0.5", "base_id": "c12_replay_400_0076", "campus": 12, "size": 400, "condition": "sla0.5", "sla_multiplier": 0.5, "crew_multiplier": 1.0, "method": "v2rl303", "seed": 303, "feasible": 1, "wwt": 3479.8984, "makespan": 117.2242, "mean_flow": 6.07157225, "breach_share": 0.13, "breach_p1": 0.2971014492753623, "breach_p2": 0.08823529411764706, "breach_p3": 0.025, "breach_p4": 0.02631578947368421, "wall_seconds": 0.040895961225032806}}, "methods_expected": ["edd", "wspt", "atc", "pfifo", "mor", "random", "v2rl301", "v2rl302", "v2rl303"], "infeasible": [], "wall_seconds_total": 0.13187883282080293}