{"shard_id": "c12_replay_150_0119_m1.25", "id": "c12_replay_150_0119_m1.25", "base_id": "c12_replay_150_0119", "campus": 12, "size": 150, "condition": "crew1.25", "rows": {"edd": {"id": "c12_replay_150_0119_m1.25", "base_id": "c12_replay_150_0119", "campus": 12, "size": 150, "condition": "crew1.25", "sla_multiplier": 1.0, "crew_multiplier": 1.25, "method": "edd", "seed": 301, "feasible": 1, "wwt": 1086.9184, "makespan": 93.19590000000001, "mean_flow": 5.939197333333333, "breach_share": 0.02666666666666667, "breach_p1": 0.19047619047619047, "breach_p2": 0.0, "breach_p3": 0.0, "breach_p4": 0.0, "wall_seconds": 0.0003112880513072014}, "wspt": {"id": "c12_replay_150_0119_m1.25", "base_id": "c12_replay_150_0119", "campus": 12, "size": 150, "condition": "crew1.25", "sla_multiplier": 1.0, "crew_multiplier": 1.25, "method": "wspt", "seed": 301, "feasible": 1, "wwt": 1086.9184, "makespan": 93.19590000000001, "mean_flow": 5.939197333333333, "breach_share": 0.02666666666666667, "breach_p1": 0.19047619047619047, "breach_p2": 0.0, "breach_p3": 0.0, "breach_p4": 0.0, "wall_seconds": 0.0003458913415670395}, "atc": {"id": "c12_replay_150_0119_m1.25", "base_id": "c12_replay_150_0119", "campus": 12, "size": 150, "condition": "crew1.25", "sla_multiplier": 1.0, "crew_multiplier": 1.25, "method": "atc", "seed": 301, "feasible": 1, "wwt": 1086.9184, "makespan": 93.19590000000001, "mean_flow": 5.939197333333333, "breach_share": 0.02666666666666667, "breach_p1": 0.19047619047619047, "breach_p2": 0.0, "breach_p3": 0.0, "breach_p4": 0.0, "wall_seconds": 0.00036668218672275543}, "pfifo": {"id": "c12_replay_150_0119_m1.25", "base_id": "c12_replay_150_0119", "campus": 12, "size": 150, "condition": "crew1.25", "sla_multiplier": 1.0, "crew_multiplier": 1.25, "method": "pfifo", "seed": 301, "feasible": 1, "wwt": 1086.9184, "makespan": 93.19590000000001, "mean_flow": 5.939197333333333, "breach_share": 0.02666666666666667, "breach_p1": 0.19047619047619047, "breach_p2": 0.0, "breach_p3": 0.0, "breach_p4": 0.0, "wall_seconds": 0.00028839288279414177}, "mor": {"id": "c12_replay_150_0119_m1.25", "base_id": "c12_replay_150_0119", "campus": 12, "size": 150, "condition": "crew1.25", "sla_multiplier": 1.0, "crew_multiplier": 1.25, "method": "mor", "seed": 301, "feasible": 1, "wwt": 1086.9184, "makespan": 93.19590000000001, "mean_flow": 5.939197333333333, "breach_share": 0.02666666666666667, "breach_p1": 0.19047619047619047, "breach_p2": 0.0, "breach_p3": 0.0, "breach_p4": 0.0, "wall_seconds": 0.00028588995337486267}, "random": {"id": "c12_replay_150_0119_m1.25", "base_id": "c12_replay_150_0119", "campus": 12, "size": 150, "condition": "crew1.25", "sla_multiplier": 1.0, "crew_multiplier": 1.25, "method": "random", "seed": 301, "feasible": 1, "wwt": 1086.9184, "makespan": 93.19590000000001, "mean_flow": 5.939197333333333, "breach_share": 0.02666666666666667, "breach_p1": 0.19047619047619047, "breach_p2": 0.0, "breach_p3": 0.0, "breach_p4": 0.0, "wall_seconds": 0.0002855178900063038}, "v2rl301": {"id": "c12_replay_150_0119_m1.25", "base_id": "c12_replay_150_0119", "campus": 12, "size": 150, "condition": "crew1.25", "sla_multiplier": 1.0, "crew_multiplier": 1.25, "method": "v2rl301", "seed": 301, "feasible": 1, "wwt": 1086.9184, "makespan": 93.19590000000001, "mean_flow": 5.939197333333333, "breach_share": 0.02666666666666667, "breach_p1": 0.19047619047619047, "breach_p2": 0.0, "breach_p3": 0.0, "breach_p4": 0.0, "wall_seconds": 0.01534489681944251}, "v2rl302": {"id": "c12_replay_150_0119_m1.25", "base_id": "c12_replay_150_0119", "campus": 12, "size": 150, "condition": "crew1.25", "sla_multiplier": 1.0, "crew_multiplier": 1.25, "method": "v2rl302", "seed": 302, "feasible": 1, "wwt": 1086.9184, "makespan": 93.19590000000001, "mean_flow": 5.939197333333333, "breach_share": 0.02666666666666667, "breach_p1": 0.19047619047619047, "breach_p2": 0.0, "breach_p3": 0.0, "breach_p4": 0.0, "wall_seconds": 0.014755959156900644}, "v2rl303": {"id": "c12_replay_150_0119_m1.25", "base_id": "c12_replay_150_0119", "campus": 12, "size": 150, "condition": "crew1.25", "sla_multiplier": 1.0, "crew_multiplier": 1.25, "method": "v2rl303", "seed": 303, "feasible": 1, "wwt": 1086.9184, "makespan": 93.19590000000001, "mean_flow": 5.939197333333333, "breach_share": 0.02666666666666667, "breach_p1": 0.19047619047619047, "breach_p2": 0.0, "breach_p3": 0.0, "breach_p4": 0.0, "wall_seconds": 0.0151527663692832}}, "methods_expected": ["edd", "wspt", "atc", "pfifo", "mor", "random", "v2rl301", "v2rl302", "v2rl303"], "infeasible": [], "wall_seconds_total": 0.04951123334467411}