{"shard_id": "c12_replay_400_0085_sla1.5", "id": "c12_replay_400_0085_sla1.5", "base_id": "c12_replay_400_0085", "campus": 12, "size": 400, "condition": "sla1.5", "rows": {"edd": {"id": "c12_replay_400_0085_sla1.5", "base_id": "c12_replay_400_0085", "campus": 12, "size": 400, "condition": "sla1.5", "sla_multiplier": 1.5, "crew_multiplier": 1.0, "method": "edd", "seed": 301, "feasible": 1, "wwt": 344.0, "makespan": 92.1156, "mean_flow": 4.308084, "breach_share": 0.0075, "breach_p1": 0.04878048780487805, "breach_p2": 0.02631578947368421, "breach_p3": 0.0, "breach_p4": 0.0, "wall_seconds": 0.0006422167643904686}, "wspt": {"id": "c12_replay_400_0085_sla1.5", "base_id": "c12_replay_400_0085", "campus": 12, "size": 400, "condition": "sla1.5", "sla_multiplier": 1.5, "crew_multiplier": 1.0, "method": "wspt", "seed": 301, "feasible": 1, "wwt": 344.0, "makespan": 92.1156, "mean_flow": 4.293072500000001, "breach_share": 0.0075, "breach_p1": 0.04878048780487805, "breach_p2": 0.02631578947368421, "breach_p3": 0.0, "breach_p4": 0.0, "wall_seconds": 0.000625021755695343}, "atc": {"id": "c12_replay_400_0085_sla1.5", "base_id": "c12_replay_400_0085", "campus": 12, "size": 400, "condition": "sla1.5", "sla_multiplier": 1.5, "crew_multiplier": 1.0, "method": "atc", "seed": 301, "feasible": 1, "wwt": 344.0, "makespan": 92.1156, "mean_flow": 4.29961225, "breach_share": 0.0075, "breach_p1": 0.04878048780487805, "breach_p2": 0.02631578947368421, "breach_p3": 0.0, "breach_p4": 0.0, "wall_seconds": 0.0008064159192144871}, "pfifo": {"id": "c12_replay_400_0085_sla1.5", "base_id": "c12_replay_400_0085", "campus": 12, "size": 400, "condition": "sla1.5", "sla_multiplier": 1.5, "crew_multiplier": 1.0, "method": "pfifo", "seed": 301, "feasible": 1, "wwt": 344.0, "makespan": 92.1156, "mean_flow": 4.308084, "breach_share": 0.0075, "breach_p1": 0.04878048780487805, "breach_p2": 0.02631578947368421, "breach_p3": 0.0, "breach_p4": 0.0, "wall_seconds": 0.0006167641840875149}, "mor": {"id": "c12_replay_400_0085_sla1.5", "base_id": "c12_replay_400_0085", "campus": 12, "size": 400, "condition": "sla1.5", "sla_multiplier": 1.5, "crew_multiplier": 1.0, "method": "mor", "seed": 301, "feasible": 1, "wwt": 344.0, "makespan": 92.1156, "mean_flow": 4.32931225, "breach_share": 0.0075, "breach_p1": 0.04878048780487805, "breach_p2": 0.02631578947368421, "breach_p3": 0.0, "breach_p4": 0.0, "wall_seconds": 0.0006203651428222656}, "random": {"id": "c12_replay_400_0085_sla1.5", "base_id": "c12_replay_400_0085", "campus": 12, "size": 400, "condition": "sla1.5", "sla_multiplier": 1.5, "crew_multiplier": 1.0, "method": "random", "seed": 301, "feasible": 1, "wwt": 344.0, "makespan": 92.1156, "mean_flow": 4.304590000000001, "breach_share": 0.0075, "breach_p1": 0.04878048780487805, "breach_p2": 0.02631578947368421, "breach_p3": 0.0, "breach_p4": 0.0, "wall_seconds": 0.0005759382620453835}, "v2rl301": {"id": "c12_replay_400_0085_sla1.5", "base_id": "c12_replay_400_0085", "campus": 12, "size": 400, "condition": "sla1.5", "sla_multiplier": 1.5, "crew_multiplier": 1.0, "method": "v2rl301", "seed": 301, "feasible": 1, "wwt": 344.0, "makespan": 92.1156, "mean_flow": 4.32104275, "breach_share": 0.0075, "breach_p1": 0.04878048780487805, "breach_p2": 0.02631578947368421, "breach_p3": 0.0, "breach_p4": 0.0, "wall_seconds": 0.041121574118733406}, "v2rl302": {"id": "c12_replay_400_0085_sla1.5", "base_id": "c12_replay_400_0085", "campus": 12, "size": 400, "condition": "sla1.5", "sla_multiplier": 1.5, "crew_multiplier": 1.0, "method": "v2rl302", "seed": 302, "feasible": 1, "wwt": 344.0, "makespan": 92.1156, "mean_flow": 4.326315500000001, "breach_share": 0.0075, "breach_p1": 0.04878048780487805, "breach_p2": 0.02631578947368421, "breach_p3": 0.0, "breach_p4": 0.0, "wall_seconds": 0.03955148486420512}, "v2rl303": {"id": "c12_replay_400_0085_sla1.5", "base_id": "c12_replay_400_0085", "campus": 12, "size": 400, "condition": "sla1.5", "sla_multiplier": 1.5, "crew_multiplier": 1.0, "method": "v2rl303", "seed": 303, "feasible": 1, "wwt": 344.0, "makespan": 92.1156, "mean_flow": 4.317778000000001, "breach_share": 0.0075, "breach_p1": 0.04878048780487805, "breach_p2": 0.02631578947368421, "breach_p3": 0.0, "breach_p4": 0.0, "wall_seconds": 0.03947895998135209}}, "methods_expected": ["edd", "wspt", "atc", "pfifo", "mor", "random", "v2rl301", "v2rl302", "v2rl303"], "infeasible": [], "wall_seconds_total": 0.1287225321866572}