{"shard_id": "c12_replay_150_0121_sla1.5", "id": "c12_replay_150_0121_sla1.5", "base_id": "c12_replay_150_0121", "campus": 12, "size": 150, "condition": "sla1.5", "rows": {"edd": {"id": "c12_replay_150_0121_sla1.5", "base_id": "c12_replay_150_0121", "campus": 12, "size": 150, "condition": "sla1.5", "sla_multiplier": 1.5, "crew_multiplier": 1.0, "method": "edd", "seed": 301, "feasible": 1, "wwt": 291.2, "makespan": 86.9325, "mean_flow": 5.720666666666667, "breach_share": 0.02666666666666667, "breach_p1": 0.125, "breach_p2": 0.0, "breach_p3": 0.0, "breach_p4": 0.0, "wall_seconds": 0.0003446596674621105}, "wspt": {"id": "c12_replay_150_0121_sla1.5", "base_id": "c12_replay_150_0121", "campus": 12, "size": 150, "condition": "sla1.5", "sla_multiplier": 1.5, "crew_multiplier": 1.0, "method": "wspt", "seed": 301, "feasible": 1, "wwt": 291.2, "makespan": 86.9325, "mean_flow": 5.720666666666667, "breach_share": 0.02666666666666667, "breach_p1": 0.125, "breach_p2": 0.0, "breach_p3": 0.0, "breach_p4": 0.0, "wall_seconds": 0.00027239229530096054}, "atc": {"id": "c12_replay_150_0121_sla1.5", "base_id": "c12_replay_150_0121", "campus": 12, "size": 150, "condition": "sla1.5", "sla_multiplier": 1.5, "crew_multiplier": 1.0, "method": "atc", "seed": 301, "feasible": 1, "wwt": 291.2, "makespan": 86.9325, "mean_flow": 5.720666666666667, "breach_share": 0.02666666666666667, "breach_p1": 0.125, "breach_p2": 0.0, "breach_p3": 0.0, "breach_p4": 0.0, "wall_seconds": 0.000352226197719574}, "pfifo": {"id": "c12_replay_150_0121_sla1.5", "base_id": "c12_replay_150_0121", "campus": 12, "size": 150, "condition": "sla1.5", "sla_multiplier": 1.5, "crew_multiplier": 1.0, "method": "pfifo", "seed": 301, "feasible": 1, "wwt": 291.2, "makespan": 86.9325, "mean_flow": 5.720666666666667, "breach_share": 0.02666666666666667, "breach_p1": 0.125, "breach_p2": 0.0, "breach_p3": 0.0, "breach_p4": 0.0, "wall_seconds": 0.000266403891146183}, "mor": {"id": "c12_replay_150_0121_sla1.5", "base_id": "c12_replay_150_0121", "campus": 12, "size": 150, "condition": "sla1.5", "sla_multiplier": 1.5, "crew_multiplier": 1.0, "method": "mor", "seed": 301, "feasible": 1, "wwt": 291.2, "makespan": 86.9325, "mean_flow": 5.720666666666667, "breach_share": 0.02666666666666667, "breach_p1": 0.125, "breach_p2": 0.0, "breach_p3": 0.0, "breach_p4": 0.0, "wall_seconds": 0.00026697292923927307}, "random": {"id": "c12_replay_150_0121_sla1.5", "base_id": "c12_replay_150_0121", "campus": 12, "size": 150, "condition": "sla1.5", "sla_multiplier": 1.5, "crew_multiplier": 1.0, "method": "random", "seed": 301, "feasible": 1, "wwt": 291.2, "makespan": 86.9325, "mean_flow": 5.720666666666667, "breach_share": 0.02666666666666667, "breach_p1": 0.125, "breach_p2": 0.0, "breach_p3": 0.0, "breach_p4": 0.0, "wall_seconds": 0.0002525988966226578}, "v2rl301": {"id": "c12_replay_150_0121_sla1.5", "base_id": "c12_replay_150_0121", "campus": 12, "size": 150, "condition": "sla1.5", "sla_multiplier": 1.5, "crew_multiplier": 1.0, "method": "v2rl301", "seed": 301, "feasible": 1, "wwt": 291.2, "makespan": 86.9325, "mean_flow": 5.720666666666667, "breach_share": 0.02666666666666667, "breach_p1": 0.125, "breach_p2": 0.0, "breach_p3": 0.0, "breach_p4": 0.0, "wall_seconds": 0.01513288402929902}, "v2rl302": {"id": "c12_replay_150_0121_sla1.5", "base_id": "c12_replay_150_0121", "campus": 12, "size": 150, "condition": "sla1.5", "sla_multiplier": 1.5, "crew_multiplier": 1.0, "method": "v2rl302", "seed": 302, "feasible": 1, "wwt": 291.2, "makespan": 86.9325, "mean_flow": 5.720666666666667, "breach_share": 0.02666666666666667, "breach_p1": 0.125, "breach_p2": 0.0, "breach_p3": 0.0, "breach_p4": 0.0, "wall_seconds": 0.01488872803747654}, "v2rl303": {"id": "c12_replay_150_0121_sla1.5", "base_id": "c12_replay_150_0121", "campus": 12, "size": 150, "condition": "sla1.5", "sla_multiplier": 1.5, "crew_multiplier": 1.0, "method": "v2rl303", "seed": 303, "feasible": 1, "wwt": 291.2, "makespan": 86.9325, "mean_flow": 5.720666666666667, "breach_share": 0.02666666666666667, "breach_p1": 0.125, "breach_p2": 0.0, "breach_p3": 0.0, "breach_p4": 0.0, "wall_seconds": 0.01506347069516778}}, "methods_expected": ["edd", "wspt", "atc", "pfifo", "mor", "random", "v2rl301", "v2rl302", "v2rl303"], "infeasible": [], "wall_seconds_total": 0.04914412787184119}