{"shard_id": "c12_replay_150_0109_m0.75", "id": "c12_replay_150_0109_m0.75", "base_id": "c12_replay_150_0109", "campus": 12, "size": 150, "condition": "crew0.75", "rows": {"edd": {"id": "c12_replay_150_0109_m0.75", "base_id": "c12_replay_150_0109", "campus": 12, "size": 150, "condition": "crew0.75", "sla_multiplier": 1.0, "crew_multiplier": 0.75, "method": "edd", "seed": 301, "feasible": 1, "wwt": 118.0, "makespan": 76.4897, "mean_flow": 5.3583006666666675, "breach_share": 0.04, "breach_p1": 0.10909090909090909, "breach_p2": 0.0, "breach_p3": 0.0, "breach_p4": 0.0, "wall_seconds": 0.0002625510096549988}, "wspt": {"id": "c12_replay_150_0109_m0.75", "base_id": "c12_replay_150_0109", "campus": 12, "size": 150, "condition": "crew0.75", "sla_multiplier": 1.0, "crew_multiplier": 0.75, "method": "wspt", "seed": 301, "feasible": 1, "wwt": 126.0, "makespan": 76.4897, "mean_flow": 5.339017333333333, "breach_share": 0.04, "breach_p1": 0.10909090909090909, "breach_p2": 0.0, "breach_p3": 0.0, "breach_p4": 0.0, "wall_seconds": 0.0002683540806174278}, "atc": {"id": "c12_replay_150_0109_m0.75", "base_id": "c12_replay_150_0109", "campus": 12, "size": 150, "condition": "crew0.75", "sla_multiplier": 1.0, "crew_multiplier": 0.75, "method": "atc", "seed": 301, "feasible": 1, "wwt": 126.0, "makespan": 76.4897, "mean_flow": 5.339017333333333, "breach_share": 0.04, "breach_p1": 0.10909090909090909, "breach_p2": 0.0, "breach_p3": 0.0, "breach_p4": 0.0, "wall_seconds": 0.000359466765075922}, "pfifo": {"id": "c12_replay_150_0109_m0.75", "base_id": "c12_replay_150_0109", "campus": 12, "size": 150, "condition": "crew0.75", "sla_multiplier": 1.0, "crew_multiplier": 0.75, "method": "pfifo", "seed": 301, "feasible": 1, "wwt": 118.0, "makespan": 76.4897, "mean_flow": 5.3583006666666675, "breach_share": 0.04, "breach_p1": 0.10909090909090909, "breach_p2": 0.0, "breach_p3": 0.0, "breach_p4": 0.0, "wall_seconds": 0.0002753320150077343}, "mor": {"id": "c12_replay_150_0109_m0.75", "base_id": "c12_replay_150_0109", "campus": 12, "size": 150, "condition": "crew0.75", "sla_multiplier": 1.0, "crew_multiplier": 0.75, "method": "mor", "seed": 301, "feasible": 1, "wwt": 114.0, "makespan": 76.4897, "mean_flow": 5.607072666666666, "breach_share": 0.04, "breach_p1": 0.10909090909090909, "breach_p2": 0.0, "breach_p3": 0.0, "breach_p4": 0.0, "wall_seconds": 0.00025819288566708565}, "random": {"id": "c12_replay_150_0109_m0.75", "base_id": "c12_replay_150_0109", "campus": 12, "size": 150, "condition": "crew0.75", "sla_multiplier": 1.0, "crew_multiplier": 0.75, "method": "random", "seed": 301, "feasible": 1, "wwt": 118.0, "makespan": 76.4897, "mean_flow": 5.3467633333333335, "breach_share": 0.04, "breach_p1": 0.10909090909090909, "breach_p2": 0.0, "breach_p3": 0.0, "breach_p4": 0.0, "wall_seconds": 0.0002608918584883213}, "v2rl301": {"id": "c12_replay_150_0109_m0.75", "base_id": "c12_replay_150_0109", "campus": 12, "size": 150, "condition": "crew0.75", "sla_multiplier": 1.0, "crew_multiplier": 0.75, "method": "v2rl301", "seed": 301, "feasible": 1, "wwt": 114.0, "makespan": 76.4897, "mean_flow": 5.509326666666667, "breach_share": 0.04, "breach_p1": 0.10909090909090909, "breach_p2": 0.0, "breach_p3": 0.0, "breach_p4": 0.0, "wall_seconds": 0.015859020873904228}, "v2rl302": {"id": "c12_replay_150_0109_m0.75", "base_id": "c12_replay_150_0109", "campus": 12, "size": 150, "condition": "crew0.75", "sla_multiplier": 1.0, "crew_multiplier": 0.75, "method": "v2rl302", "seed": 302, "feasible": 1, "wwt": 114.0, "makespan": 76.4897, "mean_flow": 5.561867333333333, "breach_share": 0.04, "breach_p1": 0.10909090909090909, "breach_p2": 0.0, "breach_p3": 0.0, "breach_p4": 0.0, "wall_seconds": 0.015457483939826488}, "v2rl303": {"id": "c12_replay_150_0109_m0.75", "base_id": "c12_replay_150_0109", "campus": 12, "size": 150, "condition": "crew0.75", "sla_multiplier": 1.0, "crew_multiplier": 0.75, "method": "v2rl303", "seed": 303, "feasible": 1, "wwt": 114.0, "makespan": 76.4897, "mean_flow": 5.566634, "breach_share": 0.04, "breach_p1": 0.10909090909090909, "breach_p2": 0.0, "breach_p3": 0.0, "breach_p4": 0.0, "wall_seconds": 0.015425765421241522}}, "methods_expected": ["edd", "wspt", "atc", "pfifo", "mor", "random", "v2rl301", "v2rl302", "v2rl303"], "infeasible": [], "wall_seconds_total": 0.050643972121179104}