{"shard_id": "c12_replay_150_0117_sla1.5", "id": "c12_replay_150_0117_sla1.5", "base_id": "c12_replay_150_0117", "campus": 12, "size": 150, "condition": "sla1.5", "rows": {"edd": {"id": "c12_replay_150_0117_sla1.5", "base_id": "c12_replay_150_0117", "campus": 12, "size": 150, "condition": "sla1.5", "sla_multiplier": 1.5, "crew_multiplier": 1.0, "method": "edd", "seed": 301, "feasible": 1, "wwt": 313.0, "makespan": 68.6519, "mean_flow": 3.6550873333333334, "breach_share": 0.02, "breach_p1": 0.038461538461538464, "breach_p2": 0.023255813953488372, "breach_p3": 0.0, "breach_p4": 0.0, "wall_seconds": 0.00038103433325886726}, "wspt": {"id": "c12_replay_150_0117_sla1.5", "base_id": "c12_replay_150_0117", "campus": 12, "size": 150, "condition": "sla1.5", "sla_multiplier": 1.5, "crew_multiplier": 1.0, "method": "wspt", "seed": 301, "feasible": 1, "wwt": 319.0, "makespan": 68.6519, "mean_flow": 3.6450873333333336, "breach_share": 0.02, "breach_p1": 0.038461538461538464, "breach_p2": 0.023255813953488372, "breach_p3": 0.0, "breach_p4": 0.0, "wall_seconds": 0.000385139137506485}, "atc": {"id": "c12_replay_150_0117_sla1.5", "base_id": "c12_replay_150_0117", "campus": 12, "size": 150, "condition": "sla1.5", "sla_multiplier": 1.5, "crew_multiplier": 1.0, "method": "atc", "seed": 301, "feasible": 1, "wwt": 313.0, "makespan": 68.6519, "mean_flow": 3.6484206666666665, "breach_share": 0.02, "breach_p1": 0.038461538461538464, "breach_p2": 0.023255813953488372, "breach_p3": 0.0, "breach_p4": 0.0, "wall_seconds": 0.0006636041216552258}, "pfifo": {"id": "c12_replay_150_0117_sla1.5", "base_id": "c12_replay_150_0117", "campus": 12, "size": 150, "condition": "sla1.5", "sla_multiplier": 1.5, "crew_multiplier": 1.0, "method": "pfifo", "seed": 301, "feasible": 1, "wwt": 313.0, "makespan": 68.6519, "mean_flow": 3.6550873333333334, "breach_share": 0.02, "breach_p1": 0.038461538461538464, "breach_p2": 0.023255813953488372, "breach_p3": 0.0, "breach_p4": 0.0, "wall_seconds": 0.00036068493500351906}, "mor": {"id": "c12_replay_150_0117_sla1.5", "base_id": "c12_replay_150_0117", "campus": 12, "size": 150, "condition": "sla1.5", "sla_multiplier": 1.5, "crew_multiplier": 1.0, "method": "mor", "seed": 301, "feasible": 1, "wwt": 311.0, "makespan": 69.0, "mean_flow": 3.7238506666666673, "breach_share": 0.02, "breach_p1": 0.038461538461538464, "breach_p2": 0.023255813953488372, "breach_p3": 0.0, "breach_p4": 0.0, "wall_seconds": 0.00035676080733537674}, "random": {"id": "c12_replay_150_0117_sla1.5", "base_id": "c12_replay_150_0117", "campus": 12, "size": 150, "condition": "sla1.5", "sla_multiplier": 1.5, "crew_multiplier": 1.0, "method": "random", "seed": 301, "feasible": 1, "wwt": 315.0, "makespan": 68.6519, "mean_flow": 3.6550873333333334, "breach_share": 0.02, "breach_p1": 0.038461538461538464, "breach_p2": 0.023255813953488372, "breach_p3": 0.0, "breach_p4": 0.0, "wall_seconds": 0.00023402739316225052}, "v2rl301": {"id": "c12_replay_150_0117_sla1.5", "base_id": "c12_replay_150_0117", "campus": 12, "size": 150, "condition": "sla1.5", "sla_multiplier": 1.5, "crew_multiplier": 1.0, "method": "v2rl301", "seed": 301, "feasible": 1, "wwt": 311.0, "makespan": 69.0, "mean_flow": 3.7055173333333338, "breach_share": 0.02, "breach_p1": 0.038461538461538464, "breach_p2": 0.023255813953488372, "breach_p3": 0.0, "breach_p4": 0.0, "wall_seconds": 0.017322941217571497}, "v2rl302": {"id": "c12_replay_150_0117_sla1.5", "base_id": "c12_replay_150_0117", "campus": 12, "size": 150, "condition": "sla1.5", "sla_multiplier": 1.5, "crew_multiplier": 1.0, "method": "v2rl302", "seed": 302, "feasible": 1, "wwt": 311.0, "makespan": 68.6519, "mean_flow": 3.680946666666667, "breach_share": 0.02, "breach_p1": 0.038461538461538464, "breach_p2": 0.023255813953488372, "breach_p3": 0.0, "breach_p4": 0.0, "wall_seconds": 0.016986463218927383}, "v2rl303": {"id": "c12_replay_150_0117_sla1.5", "base_id": "c12_replay_150_0117", "campus": 12, "size": 150, "condition": "sla1.5", "sla_multiplier": 1.5, "crew_multiplier": 1.0, "method": "v2rl303", "seed": 303, "feasible": 1, "wwt": 311.0, "makespan": 68.6519, "mean_flow": 3.6792800000000003, "breach_share": 0.02, "breach_p1": 0.038461538461538464, "breach_p2": 0.023255813953488372, "breach_p3": 0.0, "breach_p4": 0.0, "wall_seconds": 0.01709203328937292}}, "methods_expected": ["edd", "wspt", "atc", "pfifo", "mor", "random", "v2rl301", "v2rl302", "v2rl303"], "infeasible": [], "wall_seconds_total": 0.056162276305258274}