{"shard_id": "c12_replay_400_0077_m0.75", "id": "c12_replay_400_0077_m0.75", "base_id": "c12_replay_400_0077", "campus": 12, "size": 400, "condition": "crew0.75", "rows": {"edd": {"id": "c12_replay_400_0077_m0.75", "base_id": "c12_replay_400_0077", "campus": 12, "size": 400, "condition": "crew0.75", "sla_multiplier": 1.0, "crew_multiplier": 0.75, "method": "edd", "seed": 301, "feasible": 1, "wwt": 1439.9184, "makespan": 114.3729, "mean_flow": 5.023852, "breach_share": 0.0225, "breach_p1": 0.13793103448275862, "breach_p2": 0.022222222222222223, "breach_p3": 0.0, "breach_p4": 0.0, "wall_seconds": 0.0007657450623810291}, "wspt": {"id": "c12_replay_400_0077_m0.75", "base_id": "c12_replay_400_0077", "campus": 12, "size": 400, "condition": "crew0.75", "sla_multiplier": 1.0, "crew_multiplier": 0.75, "method": "wspt", "seed": 301, "feasible": 1, "wwt": 1443.9184, "makespan": 114.3729, "mean_flow": 5.015437499999999, "breach_share": 0.0225, "breach_p1": 0.13793103448275862, "breach_p2": 0.022222222222222223, "breach_p3": 0.0, "breach_p4": 0.0, "wall_seconds": 0.0007244390435516834}, "atc": {"id": "c12_replay_400_0077_m0.75", "base_id": "c12_replay_400_0077", "campus": 12, "size": 400, "condition": "crew0.75", "sla_multiplier": 1.0, "crew_multiplier": 0.75, "method": "atc", "seed": 301, "feasible": 1, "wwt": 1439.9184, "makespan": 114.3729, "mean_flow": 5.016062499999999, "breach_share": 0.0225, "breach_p1": 0.13793103448275862, "breach_p2": 0.022222222222222223, "breach_p3": 0.0, "breach_p4": 0.0, "wall_seconds": 0.0008334307931363583}, "pfifo": {"id": "c12_replay_400_0077_m0.75", "base_id": "c12_replay_400_0077", "campus": 12, "size": 400, "condition": "crew0.75", "sla_multiplier": 1.0, "crew_multiplier": 0.75, "method": "pfifo", "seed": 301, "feasible": 1, "wwt": 1439.9184, "makespan": 114.3729, "mean_flow": 5.023852, "breach_share": 0.0225, "breach_p1": 0.13793103448275862, "breach_p2": 0.022222222222222223, "breach_p3": 0.0, "breach_p4": 0.0, "wall_seconds": 0.0005996301770210266}, "mor": {"id": "c12_replay_400_0077_m0.75", "base_id": "c12_replay_400_0077", "campus": 12, "size": 400, "condition": "crew0.75", "sla_multiplier": 1.0, "crew_multiplier": 0.75, "method": "mor", "seed": 301, "feasible": 1, "wwt": 1439.9184, "makespan": 114.3729, "mean_flow": 5.06095, "breach_share": 0.0225, "breach_p1": 0.13793103448275862, "breach_p2": 0.022222222222222223, "breach_p3": 0.0, "breach_p4": 0.0, "wall_seconds": 0.0006015361286699772}, "random": {"id": "c12_replay_400_0077_m0.75", "base_id": "c12_replay_400_0077", "campus": 12, "size": 400, "condition": "crew0.75", "sla_multiplier": 1.0, "crew_multiplier": 0.75, "method": "random", "seed": 301, "feasible": 1, "wwt": 1443.9184, "makespan": 114.3729, "mean_flow": 5.021007, "breach_share": 0.0225, "breach_p1": 0.13793103448275862, "breach_p2": 0.022222222222222223, "breach_p3": 0.0, "breach_p4": 0.0, "wall_seconds": 0.0005549942143261433}, "v2rl301": {"id": "c12_replay_400_0077_m0.75", "base_id": "c12_replay_400_0077", "campus": 12, "size": 400, "condition": "crew0.75", "sla_multiplier": 1.0, "crew_multiplier": 0.75, "method": "v2rl301", "seed": 301, "feasible": 1, "wwt": 1439.9184, "makespan": 114.3729, "mean_flow": 5.0557215, "breach_share": 0.0225, "breach_p1": 0.13793103448275862, "breach_p2": 0.022222222222222223, "breach_p3": 0.0, "breach_p4": 0.0, "wall_seconds": 0.04142897482961416}, "v2rl302": {"id": "c12_replay_400_0077_m0.75", "base_id": "c12_replay_400_0077", "campus": 12, "size": 400, "condition": "crew0.75", "sla_multiplier": 1.0, "crew_multiplier": 0.75, "method": "v2rl302", "seed": 302, "feasible": 1, "wwt": 1439.9184, "makespan": 114.3729, "mean_flow": 5.0572, "breach_share": 0.0225, "breach_p1": 0.13793103448275862, "breach_p2": 0.022222222222222223, "breach_p3": 0.0, "breach_p4": 0.0, "wall_seconds": 0.040304383262991905}, "v2rl303": {"id": "c12_replay_400_0077_m0.75", "base_id": "c12_replay_400_0077", "campus": 12, "size": 400, "condition": "crew0.75", "sla_multiplier": 1.0, "crew_multiplier": 0.75, "method": "v2rl303", "seed": 303, "feasible": 1, "wwt": 1439.9184, "makespan": 114.3729, "mean_flow": 5.02371525, "breach_share": 0.0225, "breach_p1": 0.13793103448275862, "breach_p2": 0.022222222222222223, "breach_p3": 0.0, "breach_p4": 0.0, "wall_seconds": 0.040234741754829884}}, "methods_expected": ["edd", "wspt", "atc", "pfifo", "mor", "random", "v2rl301", "v2rl302", "v2rl303"], "infeasible": [], "wall_seconds_total": 0.13077200716361403}