{"shard_id": "c12_replay_400_0063", "id": "c12_replay_400_0063", "base_id": "c12_replay_400_0063", "campus": 12, "size": 400, "condition": "baseline", "rows": {"edd": {"id": "c12_replay_400_0063", "base_id": "c12_replay_400_0063", "campus": 12, "size": 400, "condition": "baseline", "sla_multiplier": 1.0, "crew_multiplier": 1.0, "method": "edd", "seed": 301, "feasible": 1, "wwt": 2748.3184, "makespan": 115.0364, "mean_flow": 7.106412000000001, "breach_share": 0.0525, "breach_p1": 0.19318181818181818, "breach_p2": 0.04, "breach_p3": 0.01020408163265306, "breach_p4": 0.0, "wall_seconds": 0.0006528259254992008}, "wspt": {"id": "c12_replay_400_0063", "base_id": "c12_replay_400_0063", "campus": 12, "size": 400, "condition": "baseline", "sla_multiplier": 1.0, "crew_multiplier": 1.0, "method": "wspt", "seed": 301, "feasible": 1, "wwt": 2748.3184, "makespan": 115.0364, "mean_flow": 7.106412000000001, "breach_share": 0.0525, "breach_p1": 0.19318181818181818, "breach_p2": 0.04, "breach_p3": 0.01020408163265306, "breach_p4": 0.0, "wall_seconds": 0.000633730087429285}, "atc": {"id": "c12_replay_400_0063", "base_id": "c12_replay_400_0063", "campus": 12, "size": 400, "condition": "baseline", "sla_multiplier": 1.0, "crew_multiplier": 1.0, "method": "atc", "seed": 301, "feasible": 1, "wwt": 2748.3184, "makespan": 115.0364, "mean_flow": 7.106412000000001, "breach_share": 0.0525, "breach_p1": 0.19318181818181818, "breach_p2": 0.04, "breach_p3": 0.01020408163265306, "breach_p4": 0.0, "wall_seconds": 0.0008072401396930218}, "pfifo": {"id": "c12_replay_400_0063", "base_id": "c12_replay_400_0063", "campus": 12, "size": 400, "condition": "baseline", "sla_multiplier": 1.0, "crew_multiplier": 1.0, "method": "pfifo", "seed": 301, "feasible": 1, "wwt": 2748.3184, "makespan": 115.0364, "mean_flow": 7.106412000000001, "breach_share": 0.0525, "breach_p1": 0.19318181818181818, "breach_p2": 0.04, "breach_p3": 0.01020408163265306, "breach_p4": 0.0, "wall_seconds": 0.0006350982002913952}, "mor": {"id": "c12_replay_400_0063", "base_id": "c12_replay_400_0063", "campus": 12, "size": 400, "condition": "baseline", "sla_multiplier": 1.0, "crew_multiplier": 1.0, "method": "mor", "seed": 301, "feasible": 1, "wwt": 2748.3184, "makespan": 115.0364, "mean_flow": 7.106412000000001, "breach_share": 0.0525, "breach_p1": 0.19318181818181818, "breach_p2": 0.04, "breach_p3": 0.01020408163265306, "breach_p4": 0.0, "wall_seconds": 0.0006403462029993534}, "random": {"id": "c12_replay_400_0063", "base_id": "c12_replay_400_0063", "campus": 12, "size": 400, "condition": "baseline", "sla_multiplier": 1.0, "crew_multiplier": 1.0, "method": "random", "seed": 301, "feasible": 1, "wwt": 2748.3184, "makespan": 115.0364, "mean_flow": 7.106412000000001, "breach_share": 0.0525, "breach_p1": 0.19318181818181818, "breach_p2": 0.04, "breach_p3": 0.01020408163265306, "breach_p4": 0.0, "wall_seconds": 0.0005633188411593437}, "v2rl301": {"id": "c12_replay_400_0063", "base_id": "c12_replay_400_0063", "campus": 12, "size": 400, "condition": "baseline", "sla_multiplier": 1.0, "crew_multiplier": 1.0, "method": "v2rl301", "seed": 301, "feasible": 1, "wwt": 2748.3184, "makespan": 115.0364, "mean_flow": 7.106412000000001, "breach_share": 0.0525, "breach_p1": 0.19318181818181818, "breach_p2": 0.04, "breach_p3": 0.01020408163265306, "breach_p4": 0.0, "wall_seconds": 0.04037894820794463}, "v2rl302": {"id": "c12_replay_400_0063", "base_id": "c12_replay_400_0063", "campus": 12, "size": 400, "condition": "baseline", "sla_multiplier": 1.0, "crew_multiplier": 1.0, "method": "v2rl302", "seed": 302, "feasible": 1, "wwt": 2748.3184, "makespan": 115.0364, "mean_flow": 7.106412000000001, "breach_share": 0.0525, "breach_p1": 0.19318181818181818, "breach_p2": 0.04, "breach_p3": 0.01020408163265306, "breach_p4": 0.0, "wall_seconds": 0.0396694359369576}, "v2rl303": {"id": "c12_replay_400_0063", "base_id": "c12_replay_400_0063", "campus": 12, "size": 400, "condition": "baseline", "sla_multiplier": 1.0, "crew_multiplier": 1.0, "method": "v2rl303", "seed": 303, "feasible": 1, "wwt": 2748.3184, "makespan": 115.0364, "mean_flow": 7.106412000000001, "breach_share": 0.0525, "breach_p1": 0.19318181818181818, "breach_p2": 0.04, "breach_p3": 0.01020408163265306, "breach_p4": 0.0, "wall_seconds": 0.03987666219472885}}, "methods_expected": ["edd", "wspt", "atc", "pfifo", "mor", "random", "v2rl301", "v2rl302", "v2rl303"], "infeasible": [], "wall_seconds_total": 0.12773312721401453}