{"shard_id": "c12_replay_150_0113_sla1.5", "id": "c12_replay_150_0113_sla1.5", "base_id": "c12_replay_150_0113", "campus": 12, "size": 150, "condition": "sla1.5", "rows": {"edd": {"id": "c12_replay_150_0113_sla1.5", "base_id": "c12_replay_150_0113", "campus": 12, "size": 150, "condition": "sla1.5", "sla_multiplier": 1.5, "crew_multiplier": 1.0, "method": "edd", "seed": 301, "feasible": 1, "wwt": 879.7184, "makespan": 100.6526, "mean_flow": 7.730371333333334, "breach_share": 0.03333333333333333, "breach_p1": 0.14705882352941177, "breach_p2": 0.0, "breach_p3": 0.0, "breach_p4": 0.0, "wall_seconds": 0.00031106313690543175}, "wspt": {"id": "c12_replay_150_0113_sla1.5", "base_id": "c12_replay_150_0113", "campus": 12, "size": 150, "condition": "sla1.5", "sla_multiplier": 1.5, "crew_multiplier": 1.0, "method": "wspt", "seed": 301, "feasible": 1, "wwt": 879.7184, "makespan": 100.6526, "mean_flow": 7.730371333333334, "breach_share": 0.03333333333333333, "breach_p1": 0.14705882352941177, "breach_p2": 0.0, "breach_p3": 0.0, "breach_p4": 0.0, "wall_seconds": 0.0002786279655992985}, "atc": {"id": "c12_replay_150_0113_sla1.5", "base_id": "c12_replay_150_0113", "campus": 12, "size": 150, "condition": "sla1.5", "sla_multiplier": 1.5, "crew_multiplier": 1.0, "method": "atc", "seed": 301, "feasible": 1, "wwt": 879.7184, "makespan": 100.6526, "mean_flow": 7.730371333333334, "breach_share": 0.03333333333333333, "breach_p1": 0.14705882352941177, "breach_p2": 0.0, "breach_p3": 0.0, "breach_p4": 0.0, "wall_seconds": 0.0003585456870496273}, "pfifo": {"id": "c12_replay_150_0113_sla1.5", "base_id": "c12_replay_150_0113", "campus": 12, "size": 150, "condition": "sla1.5", "sla_multiplier": 1.5, "crew_multiplier": 1.0, "method": "pfifo", "seed": 301, "feasible": 1, "wwt": 879.7184, "makespan": 100.6526, "mean_flow": 7.730371333333334, "breach_share": 0.03333333333333333, "breach_p1": 0.14705882352941177, "breach_p2": 0.0, "breach_p3": 0.0, "breach_p4": 0.0, "wall_seconds": 0.00029201991856098175}, "mor": {"id": "c12_replay_150_0113_sla1.5", "base_id": "c12_replay_150_0113", "campus": 12, "size": 150, "condition": "sla1.5", "sla_multiplier": 1.5, "crew_multiplier": 1.0, "method": "mor", "seed": 301, "feasible": 1, "wwt": 879.7184, "makespan": 100.6526, "mean_flow": 7.730371333333334, "breach_share": 0.03333333333333333, "breach_p1": 0.14705882352941177, "breach_p2": 0.0, "breach_p3": 0.0, "breach_p4": 0.0, "wall_seconds": 0.00030710501596331596}, "random": {"id": "c12_replay_150_0113_sla1.5", "base_id": "c12_replay_150_0113", "campus": 12, "size": 150, "condition": "sla1.5", "sla_multiplier": 1.5, "crew_multiplier": 1.0, "method": "random", "seed": 301, "feasible": 1, "wwt": 879.7184, "makespan": 100.6526, "mean_flow": 7.730371333333334, "breach_share": 0.03333333333333333, "breach_p1": 0.14705882352941177, "breach_p2": 0.0, "breach_p3": 0.0, "breach_p4": 0.0, "wall_seconds": 0.0002653012052178383}, "v2rl301": {"id": "c12_replay_150_0113_sla1.5", "base_id": "c12_replay_150_0113", "campus": 12, "size": 150, "condition": "sla1.5", "sla_multiplier": 1.5, "crew_multiplier": 1.0, "method": "v2rl301", "seed": 301, "feasible": 1, "wwt": 879.7184, "makespan": 100.6526, "mean_flow": 7.730371333333332, "breach_share": 0.03333333333333333, "breach_p1": 0.14705882352941177, "breach_p2": 0.0, "breach_p3": 0.0, "breach_p4": 0.0, "wall_seconds": 0.015043121296912432}, "v2rl302": {"id": "c12_replay_150_0113_sla1.5", "base_id": "c12_replay_150_0113", "campus": 12, "size": 150, "condition": "sla1.5", "sla_multiplier": 1.5, "crew_multiplier": 1.0, "method": "v2rl302", "seed": 302, "feasible": 1, "wwt": 879.7184, "makespan": 100.6526, "mean_flow": 7.730371333333334, "breach_share": 0.03333333333333333, "breach_p1": 0.14705882352941177, "breach_p2": 0.0, "breach_p3": 0.0, "breach_p4": 0.0, "wall_seconds": 0.014906503725796938}, "v2rl303": {"id": "c12_replay_150_0113_sla1.5", "base_id": "c12_replay_150_0113", "campus": 12, "size": 150, "condition": "sla1.5", "sla_multiplier": 1.5, "crew_multiplier": 1.0, "method": "v2rl303", "seed": 303, "feasible": 1, "wwt": 879.7184, "makespan": 100.6526, "mean_flow": 7.730371333333334, "breach_share": 0.03333333333333333, "breach_p1": 0.14705882352941177, "breach_p2": 0.0, "breach_p3": 0.0, "breach_p4": 0.0, "wall_seconds": 0.01497181411832571}}, "methods_expected": ["edd", "wspt", "atc", "pfifo", "mor", "random", "v2rl301", "v2rl302", "v2rl303"], "infeasible": [], "wall_seconds_total": 0.04909726278856397}