{"shard_id": "c12_replay_400_0064_sla1.5", "id": "c12_replay_400_0064_sla1.5", "base_id": "c12_replay_400_0064", "campus": 12, "size": 400, "condition": "sla1.5", "rows": {"edd": {"id": "c12_replay_400_0064_sla1.5", "base_id": "c12_replay_400_0064", "campus": 12, "size": 400, "condition": "sla1.5", "sla_multiplier": 1.5, "crew_multiplier": 1.0, "method": "edd", "seed": 301, "feasible": 1, "wwt": 1604.3999999999999, "makespan": 166.7337, "mean_flow": 6.62395, "breach_share": 0.0325, "breach_p1": 0.10743801652892562, "breach_p2": 0.0, "breach_p3": 0.0, "breach_p4": 0.0, "wall_seconds": 0.0006897798739373684}, "wspt": {"id": "c12_replay_400_0064_sla1.5", "base_id": "c12_replay_400_0064", "campus": 12, "size": 400, "condition": "sla1.5", "sla_multiplier": 1.5, "crew_multiplier": 1.0, "method": "wspt", "seed": 301, "feasible": 1, "wwt": 1604.3999999999999, "makespan": 166.7337, "mean_flow": 6.62395, "breach_share": 0.0325, "breach_p1": 0.10743801652892562, "breach_p2": 0.0, "breach_p3": 0.0, "breach_p4": 0.0, "wall_seconds": 0.0006379978731274605}, "atc": {"id": "c12_replay_400_0064_sla1.5", "base_id": "c12_replay_400_0064", "campus": 12, "size": 400, "condition": "sla1.5", "sla_multiplier": 1.5, "crew_multiplier": 1.0, "method": "atc", "seed": 301, "feasible": 1, "wwt": 1604.3999999999999, "makespan": 166.7337, "mean_flow": 6.62395, "breach_share": 0.0325, "breach_p1": 0.10743801652892562, "breach_p2": 0.0, "breach_p3": 0.0, "breach_p4": 0.0, "wall_seconds": 0.0007808669470250607}, "pfifo": {"id": "c12_replay_400_0064_sla1.5", "base_id": "c12_replay_400_0064", "campus": 12, "size": 400, "condition": "sla1.5", "sla_multiplier": 1.5, "crew_multiplier": 1.0, "method": "pfifo", "seed": 301, "feasible": 1, "wwt": 1604.3999999999999, "makespan": 166.7337, "mean_flow": 6.62395, "breach_share": 0.0325, "breach_p1": 0.10743801652892562, "breach_p2": 0.0, "breach_p3": 0.0, "breach_p4": 0.0, "wall_seconds": 0.0006105899810791016}, "mor": {"id": "c12_replay_400_0064_sla1.5", "base_id": "c12_replay_400_0064", "campus": 12, "size": 400, "condition": "sla1.5", "sla_multiplier": 1.5, "crew_multiplier": 1.0, "method": "mor", "seed": 301, "feasible": 1, "wwt": 1604.3999999999999, "makespan": 166.7337, "mean_flow": 6.62395, "breach_share": 0.0325, "breach_p1": 0.10743801652892562, "breach_p2": 0.0, "breach_p3": 0.0, "breach_p4": 0.0, "wall_seconds": 0.0006185430102050304}, "random": {"id": "c12_replay_400_0064_sla1.5", "base_id": "c12_replay_400_0064", "campus": 12, "size": 400, "condition": "sla1.5", "sla_multiplier": 1.5, "crew_multiplier": 1.0, "method": "random", "seed": 301, "feasible": 1, "wwt": 1604.3999999999999, "makespan": 166.7337, "mean_flow": 6.62395, "breach_share": 0.0325, "breach_p1": 0.10743801652892562, "breach_p2": 0.0, "breach_p3": 0.0, "breach_p4": 0.0, "wall_seconds": 0.0005724607035517693}, "v2rl301": {"id": "c12_replay_400_0064_sla1.5", "base_id": "c12_replay_400_0064", "campus": 12, "size": 400, "condition": "sla1.5", "sla_multiplier": 1.5, "crew_multiplier": 1.0, "method": "v2rl301", "seed": 301, "feasible": 1, "wwt": 1604.3999999999999, "makespan": 166.7337, "mean_flow": 6.62395, "breach_share": 0.0325, "breach_p1": 0.10743801652892562, "breach_p2": 0.0, "breach_p3": 0.0, "breach_p4": 0.0, "wall_seconds": 0.04050160804763436}, "v2rl302": {"id": "c12_replay_400_0064_sla1.5", "base_id": "c12_replay_400_0064", "campus": 12, "size": 400, "condition": "sla1.5", "sla_multiplier": 1.5, "crew_multiplier": 1.0, "method": "v2rl302", "seed": 302, "feasible": 1, "wwt": 1604.3999999999999, "makespan": 166.7337, "mean_flow": 6.62395, "breach_share": 0.0325, "breach_p1": 0.10743801652892562, "breach_p2": 0.0, "breach_p3": 0.0, "breach_p4": 0.0, "wall_seconds": 0.03988225292414427}, "v2rl303": {"id": "c12_replay_400_0064_sla1.5", "base_id": "c12_replay_400_0064", "campus": 12, "size": 400, "condition": "sla1.5", "sla_multiplier": 1.5, "crew_multiplier": 1.0, "method": "v2rl303", "seed": 303, "feasible": 1, "wwt": 1604.3999999999999, "makespan": 166.7337, "mean_flow": 6.62395, "breach_share": 0.0325, "breach_p1": 0.10743801652892562, "breach_p2": 0.0, "breach_p3": 0.0, "breach_p4": 0.0, "wall_seconds": 0.04001191630959511}}, "methods_expected": ["edd", "wspt", "atc", "pfifo", "mor", "random", "v2rl301", "v2rl302", "v2rl303"], "infeasible": [], "wall_seconds_total": 0.12887534080073237}