{"shard_id": "c12_replay_400_0071", "id": "c12_replay_400_0071", "base_id": "c12_replay_400_0071", "campus": 12, "size": 400, "condition": "baseline", "rows": {"edd": {"id": "c12_replay_400_0071", "base_id": "c12_replay_400_0071", "campus": 12, "size": 400, "condition": "baseline", "sla_multiplier": 1.0, "crew_multiplier": 1.0, "method": "edd", "seed": 301, "feasible": 1, "wwt": 554.9295999999999, "makespan": 109.3259, "mean_flow": 5.664823999999999, "breach_share": 0.025, "breach_p1": 0.11290322580645161, "breach_p2": 0.023255813953488372, "breach_p3": 0.008928571428571428, "breach_p4": 0.0, "wall_seconds": 0.0007698629051446915}, "wspt": {"id": "c12_replay_400_0071", "base_id": "c12_replay_400_0071", "campus": 12, "size": 400, "condition": "baseline", "sla_multiplier": 1.0, "crew_multiplier": 1.0, "method": "wspt", "seed": 301, "feasible": 1, "wwt": 554.9295999999999, "makespan": 109.3259, "mean_flow": 5.664823999999999, "breach_share": 0.025, "breach_p1": 0.11290322580645161, "breach_p2": 0.023255813953488372, "breach_p3": 0.008928571428571428, "breach_p4": 0.0, "wall_seconds": 0.0006506629288196564}, "atc": {"id": "c12_replay_400_0071", "base_id": "c12_replay_400_0071", "campus": 12, "size": 400, "condition": "baseline", "sla_multiplier": 1.0, "crew_multiplier": 1.0, "method": "atc", "seed": 301, "feasible": 1, "wwt": 554.9295999999999, "makespan": 109.3259, "mean_flow": 5.664823999999999, "breach_share": 0.025, "breach_p1": 0.11290322580645161, "breach_p2": 0.023255813953488372, "breach_p3": 0.008928571428571428, "breach_p4": 0.0, "wall_seconds": 0.0008159070275723934}, "pfifo": {"id": "c12_replay_400_0071", "base_id": "c12_replay_400_0071", "campus": 12, "size": 400, "condition": "baseline", "sla_multiplier": 1.0, "crew_multiplier": 1.0, "method": "pfifo", "seed": 301, "feasible": 1, "wwt": 554.9295999999999, "makespan": 109.3259, "mean_flow": 5.664823999999999, "breach_share": 0.025, "breach_p1": 0.11290322580645161, "breach_p2": 0.023255813953488372, "breach_p3": 0.008928571428571428, "breach_p4": 0.0, "wall_seconds": 0.0006164582446217537}, "mor": {"id": "c12_replay_400_0071", "base_id": "c12_replay_400_0071", "campus": 12, "size": 400, "condition": "baseline", "sla_multiplier": 1.0, "crew_multiplier": 1.0, "method": "mor", "seed": 301, "feasible": 1, "wwt": 554.9295999999999, "makespan": 109.3259, "mean_flow": 5.664823999999999, "breach_share": 0.025, "breach_p1": 0.11290322580645161, "breach_p2": 0.023255813953488372, "breach_p3": 0.008928571428571428, "breach_p4": 0.0, "wall_seconds": 0.0006110970862209797}, "random": {"id": "c12_replay_400_0071", "base_id": "c12_replay_400_0071", "campus": 12, "size": 400, "condition": "baseline", "sla_multiplier": 1.0, "crew_multiplier": 1.0, "method": "random", "seed": 301, "feasible": 1, "wwt": 554.9295999999999, "makespan": 109.3259, "mean_flow": 5.664823999999999, "breach_share": 0.025, "breach_p1": 0.11290322580645161, "breach_p2": 0.023255813953488372, "breach_p3": 0.008928571428571428, "breach_p4": 0.0, "wall_seconds": 0.0005743247456848621}, "v2rl301": {"id": "c12_replay_400_0071", "base_id": "c12_replay_400_0071", "campus": 12, "size": 400, "condition": "baseline", "sla_multiplier": 1.0, "crew_multiplier": 1.0, "method": "v2rl301", "seed": 301, "feasible": 1, "wwt": 554.9295999999999, "makespan": 109.3259, "mean_flow": 5.664823999999999, "breach_share": 0.025, "breach_p1": 0.11290322580645161, "breach_p2": 0.023255813953488372, "breach_p3": 0.008928571428571428, "breach_p4": 0.0, "wall_seconds": 0.04045659210532904}, "v2rl302": {"id": "c12_replay_400_0071", "base_id": "c12_replay_400_0071", "campus": 12, "size": 400, "condition": "baseline", "sla_multiplier": 1.0, "crew_multiplier": 1.0, "method": "v2rl302", "seed": 302, "feasible": 1, "wwt": 554.9295999999999, "makespan": 109.3259, "mean_flow": 5.664823999999999, "breach_share": 0.025, "breach_p1": 0.11290322580645161, "breach_p2": 0.023255813953488372, "breach_p3": 0.008928571428571428, "breach_p4": 0.0, "wall_seconds": 0.03982585621997714}, "v2rl303": {"id": "c12_replay_400_0071", "base_id": "c12_replay_400_0071", "campus": 12, "size": 400, "condition": "baseline", "sla_multiplier": 1.0, "crew_multiplier": 1.0, "method": "v2rl303", "seed": 303, "feasible": 1, "wwt": 554.9295999999999, "makespan": 109.3259, "mean_flow": 5.664823999999999, "breach_share": 0.025, "breach_p1": 0.11290322580645161, "breach_p2": 0.023255813953488372, "breach_p3": 0.008928571428571428, "breach_p4": 0.0, "wall_seconds": 0.04018430691212416}}, "methods_expected": ["edd", "wspt", "atc", "pfifo", "mor", "random", "v2rl301", "v2rl302", "v2rl303"], "infeasible": [], "wall_seconds_total": 0.1282487278804183}