{"shard_id": "c12_replay_400_0069_sla0.5", "id": "c12_replay_400_0069_sla0.5", "base_id": "c12_replay_400_0069", "campus": 12, "size": 400, "condition": "sla0.5", "rows": {"edd": {"id": "c12_replay_400_0069_sla0.5", "base_id": "c12_replay_400_0069", "campus": 12, "size": 400, "condition": "sla0.5", "sla_multiplier": 0.5, "crew_multiplier": 1.0, "method": "edd", "seed": 301, "feasible": 1, "wwt": 1154.1648, "makespan": 110.1504, "mean_flow": 7.10427225, "breach_share": 0.06, "breach_p1": 0.25, "breach_p2": 0.04878048780487805, "breach_p3": 0.012048192771084338, "breach_p4": 0.00510204081632653, "wall_seconds": 0.0007956000044941902}, "wspt": {"id": "c12_replay_400_0069_sla0.5", "base_id": "c12_replay_400_0069", "campus": 12, "size": 400, "condition": "sla0.5", "sla_multiplier": 0.5, "crew_multiplier": 1.0, "method": "wspt", "seed": 301, "feasible": 1, "wwt": 1156.1648, "makespan": 110.1504, "mean_flow": 7.01481475, "breach_share": 0.06, "breach_p1": 0.25, "breach_p2": 0.04878048780487805, "breach_p3": 0.012048192771084338, "breach_p4": 0.00510204081632653, "wall_seconds": 0.0007174587808549404}, "atc": {"id": "c12_replay_400_0069_sla0.5", "base_id": "c12_replay_400_0069", "campus": 12, "size": 400, "condition": "sla0.5", "sla_multiplier": 0.5, "crew_multiplier": 1.0, "method": "atc", "seed": 301, "feasible": 1, "wwt": 1156.1648, "makespan": 110.1504, "mean_flow": 7.02202875, "breach_share": 0.06, "breach_p1": 0.25, "breach_p2": 0.04878048780487805, "breach_p3": 0.012048192771084338, "breach_p4": 0.00510204081632653, "wall_seconds": 0.0008079772815108299}, "pfifo": {"id": "c12_replay_400_0069_sla0.5", "base_id": "c12_replay_400_0069", "campus": 12, "size": 400, "condition": "sla0.5", "sla_multiplier": 0.5, "crew_multiplier": 1.0, "method": "pfifo", "seed": 301, "feasible": 1, "wwt": 1154.1648, "makespan": 110.1504, "mean_flow": 7.10427225, "breach_share": 0.06, "breach_p1": 0.25, "breach_p2": 0.04878048780487805, "breach_p3": 0.012048192771084338, "breach_p4": 0.00510204081632653, "wall_seconds": 0.0006366148591041565}, "mor": {"id": "c12_replay_400_0069_sla0.5", "base_id": "c12_replay_400_0069", "campus": 12, "size": 400, "condition": "sla0.5", "sla_multiplier": 0.5, "crew_multiplier": 1.0, "method": "mor", "seed": 301, "feasible": 1, "wwt": 1154.1648, "makespan": 110.1504, "mean_flow": 7.1485069999999995, "breach_share": 0.06, "breach_p1": 0.25, "breach_p2": 0.04878048780487805, "breach_p3": 0.012048192771084338, "breach_p4": 0.00510204081632653, "wall_seconds": 0.0006225872784852982}, "random": {"id": "c12_replay_400_0069_sla0.5", "base_id": "c12_replay_400_0069", "campus": 12, "size": 400, "condition": "sla0.5", "sla_multiplier": 0.5, "crew_multiplier": 1.0, "method": "random", "seed": 301, "feasible": 1, "wwt": 1154.1648, "makespan": 110.1504, "mean_flow": 7.044659999999999, "breach_share": 0.06, "breach_p1": 0.25, "breach_p2": 0.04878048780487805, "breach_p3": 0.012048192771084338, "breach_p4": 0.00510204081632653, "wall_seconds": 0.0005936641246080399}, "v2rl301": {"id": "c12_replay_400_0069_sla0.5", "base_id": "c12_replay_400_0069", "campus": 12, "size": 400, "condition": "sla0.5", "sla_multiplier": 0.5, "crew_multiplier": 1.0, "method": "v2rl301", "seed": 301, "feasible": 1, "wwt": 1154.1648, "makespan": 110.1504, "mean_flow": 7.118422999999999, "breach_share": 0.06, "breach_p1": 0.25, "breach_p2": 0.04878048780487805, "breach_p3": 0.012048192771084338, "breach_p4": 0.00510204081632653, "wall_seconds": 0.040845726151019335}, "v2rl302": {"id": "c12_replay_400_0069_sla0.5", "base_id": "c12_replay_400_0069", "campus": 12, "size": 400, "condition": "sla0.5", "sla_multiplier": 0.5, "crew_multiplier": 1.0, "method": "v2rl302", "seed": 302, "feasible": 1, "wwt": 1154.1648, "makespan": 110.1504, "mean_flow": 7.11968675, "breach_share": 0.06, "breach_p1": 0.25, "breach_p2": 0.04878048780487805, "breach_p3": 0.012048192771084338, "breach_p4": 0.00510204081632653, "wall_seconds": 0.04110073717311025}, "v2rl303": {"id": "c12_replay_400_0069_sla0.5", "base_id": "c12_replay_400_0069", "campus": 12, "size": 400, "condition": "sla0.5", "sla_multiplier": 0.5, "crew_multiplier": 1.0, "method": "v2rl303", "seed": 303, "feasible": 1, "wwt": 1154.1648, "makespan": 110.1504, "mean_flow": 7.126919499999999, "breach_share": 0.06, "breach_p1": 0.25, "breach_p2": 0.04878048780487805, "breach_p3": 0.012048192771084338, "breach_p4": 0.00510204081632653, "wall_seconds": 0.040564367081969976}}, "methods_expected": ["edd", "wspt", "atc", "pfifo", "mor", "random", "v2rl301", "v2rl302", "v2rl303"], "infeasible": [], "wall_seconds_total": 0.13144248723983765}