{"shard_id": "c12_replay_150_0125_sla1.5", "id": "c12_replay_150_0125_sla1.5", "base_id": "c12_replay_150_0125", "campus": 12, "size": 150, "condition": "sla1.5", "rows": {"edd": {"id": "c12_replay_150_0125_sla1.5", "base_id": "c12_replay_150_0125", "campus": 12, "size": 150, "condition": "sla1.5", "sla_multiplier": 1.5, "crew_multiplier": 1.0, "method": "edd", "seed": 301, "feasible": 1, "wwt": 16.0, "makespan": 102.6126, "mean_flow": 5.711032666666667, "breach_share": 0.006666666666666667, "breach_p1": 0.034482758620689655, "breach_p2": 0.0, "breach_p3": 0.0, "breach_p4": 0.0, "wall_seconds": 0.00028598494827747345}, "wspt": {"id": "c12_replay_150_0125_sla1.5", "base_id": "c12_replay_150_0125", "campus": 12, "size": 150, "condition": "sla1.5", "sla_multiplier": 1.5, "crew_multiplier": 1.0, "method": "wspt", "seed": 301, "feasible": 1, "wwt": 16.0, "makespan": 102.6126, "mean_flow": 5.711032666666667, "breach_share": 0.006666666666666667, "breach_p1": 0.034482758620689655, "breach_p2": 0.0, "breach_p3": 0.0, "breach_p4": 0.0, "wall_seconds": 0.00027227727696299553}, "atc": {"id": "c12_replay_150_0125_sla1.5", "base_id": "c12_replay_150_0125", "campus": 12, "size": 150, "condition": "sla1.5", "sla_multiplier": 1.5, "crew_multiplier": 1.0, "method": "atc", "seed": 301, "feasible": 1, "wwt": 16.0, "makespan": 102.6126, "mean_flow": 5.711032666666667, "breach_share": 0.006666666666666667, "breach_p1": 0.034482758620689655, "breach_p2": 0.0, "breach_p3": 0.0, "breach_p4": 0.0, "wall_seconds": 0.00031900592148303986}, "pfifo": {"id": "c12_replay_150_0125_sla1.5", "base_id": "c12_replay_150_0125", "campus": 12, "size": 150, "condition": "sla1.5", "sla_multiplier": 1.5, "crew_multiplier": 1.0, "method": "pfifo", "seed": 301, "feasible": 1, "wwt": 16.0, "makespan": 102.6126, "mean_flow": 5.711032666666667, "breach_share": 0.006666666666666667, "breach_p1": 0.034482758620689655, "breach_p2": 0.0, "breach_p3": 0.0, "breach_p4": 0.0, "wall_seconds": 0.0002622641623020172}, "mor": {"id": "c12_replay_150_0125_sla1.5", "base_id": "c12_replay_150_0125", "campus": 12, "size": 150, "condition": "sla1.5", "sla_multiplier": 1.5, "crew_multiplier": 1.0, "method": "mor", "seed": 301, "feasible": 1, "wwt": 16.0, "makespan": 102.6126, "mean_flow": 5.711032666666667, "breach_share": 0.006666666666666667, "breach_p1": 0.034482758620689655, "breach_p2": 0.0, "breach_p3": 0.0, "breach_p4": 0.0, "wall_seconds": 0.0002580033615231514}, "random": {"id": "c12_replay_150_0125_sla1.5", "base_id": "c12_replay_150_0125", "campus": 12, "size": 150, "condition": "sla1.5", "sla_multiplier": 1.5, "crew_multiplier": 1.0, "method": "random", "seed": 301, "feasible": 1, "wwt": 16.0, "makespan": 102.6126, "mean_flow": 5.711032666666667, "breach_share": 0.006666666666666667, "breach_p1": 0.034482758620689655, "breach_p2": 0.0, "breach_p3": 0.0, "breach_p4": 0.0, "wall_seconds": 0.0002529541961848736}, "v2rl301": {"id": "c12_replay_150_0125_sla1.5", "base_id": "c12_replay_150_0125", "campus": 12, "size": 150, "condition": "sla1.5", "sla_multiplier": 1.5, "crew_multiplier": 1.0, "method": "v2rl301", "seed": 301, "feasible": 1, "wwt": 16.0, "makespan": 102.6126, "mean_flow": 5.711032666666667, "breach_share": 0.006666666666666667, "breach_p1": 0.034482758620689655, "breach_p2": 0.0, "breach_p3": 0.0, "breach_p4": 0.0, "wall_seconds": 0.015261942986398935}, "v2rl302": {"id": "c12_replay_150_0125_sla1.5", "base_id": "c12_replay_150_0125", "campus": 12, "size": 150, "condition": "sla1.5", "sla_multiplier": 1.5, "crew_multiplier": 1.0, "method": "v2rl302", "seed": 302, "feasible": 1, "wwt": 16.0, "makespan": 102.6126, "mean_flow": 5.711032666666667, "breach_share": 0.006666666666666667, "breach_p1": 0.034482758620689655, "breach_p2": 0.0, "breach_p3": 0.0, "breach_p4": 0.0, "wall_seconds": 0.014745737425982952}, "v2rl303": {"id": "c12_replay_150_0125_sla1.5", "base_id": "c12_replay_150_0125", "campus": 12, "size": 150, "condition": "sla1.5", "sla_multiplier": 1.5, "crew_multiplier": 1.0, "method": "v2rl303", "seed": 303, "feasible": 1, "wwt": 16.0, "makespan": 102.6126, "mean_flow": 5.711032666666667, "breach_share": 0.006666666666666667, "breach_p1": 0.034482758620689655, "breach_p2": 0.0, "breach_p3": 0.0, "breach_p4": 0.0, "wall_seconds": 0.014833100140094757}}, "methods_expected": ["edd", "wspt", "atc", "pfifo", "mor", "random", "v2rl301", "v2rl302", "v2rl303"], "infeasible": [], "wall_seconds_total": 0.04873237619176507}