{"shard_id": "c12_replay_150_0107", "id": "c12_replay_150_0107", "base_id": "c12_replay_150_0107", "campus": 12, "size": 150, "condition": "baseline", "rows": {"edd": {"id": "c12_replay_150_0107", "base_id": "c12_replay_150_0107", "campus": 12, "size": 150, "condition": "baseline", "sla_multiplier": 1.0, "crew_multiplier": 1.0, "method": "edd", "seed": 301, "feasible": 1, "wwt": 421.7296, "makespan": 98.1862, "mean_flow": 7.298629333333333, "breach_share": 0.03333333333333333, "breach_p1": 0.19047619047619047, "breach_p2": 0.0, "breach_p3": 0.030303030303030304, "breach_p4": 0.0, "wall_seconds": 0.00027919188141822815}, "wspt": {"id": "c12_replay_150_0107", "base_id": "c12_replay_150_0107", "campus": 12, "size": 150, "condition": "baseline", "sla_multiplier": 1.0, "crew_multiplier": 1.0, "method": "wspt", "seed": 301, "feasible": 1, "wwt": 421.7296, "makespan": 98.1862, "mean_flow": 7.298629333333333, "breach_share": 0.03333333333333333, "breach_p1": 0.19047619047619047, "breach_p2": 0.0, "breach_p3": 0.030303030303030304, "breach_p4": 0.0, "wall_seconds": 0.0002738158218562603}, "atc": {"id": "c12_replay_150_0107", "base_id": "c12_replay_150_0107", "campus": 12, "size": 150, "condition": "baseline", "sla_multiplier": 1.0, "crew_multiplier": 1.0, "method": "atc", "seed": 301, "feasible": 1, "wwt": 421.7296, "makespan": 98.1862, "mean_flow": 7.298629333333333, "breach_share": 0.03333333333333333, "breach_p1": 0.19047619047619047, "breach_p2": 0.0, "breach_p3": 0.030303030303030304, "breach_p4": 0.0, "wall_seconds": 0.0003287326544523239}, "pfifo": {"id": "c12_replay_150_0107", "base_id": "c12_replay_150_0107", "campus": 12, "size": 150, "condition": "baseline", "sla_multiplier": 1.0, "crew_multiplier": 1.0, "method": "pfifo", "seed": 301, "feasible": 1, "wwt": 421.7296, "makespan": 98.1862, "mean_flow": 7.298629333333333, "breach_share": 0.03333333333333333, "breach_p1": 0.19047619047619047, "breach_p2": 0.0, "breach_p3": 0.030303030303030304, "breach_p4": 0.0, "wall_seconds": 0.0002647596411406994}, "mor": {"id": "c12_replay_150_0107", "base_id": "c12_replay_150_0107", "campus": 12, "size": 150, "condition": "baseline", "sla_multiplier": 1.0, "crew_multiplier": 1.0, "method": "mor", "seed": 301, "feasible": 1, "wwt": 421.7296, "makespan": 98.1862, "mean_flow": 7.298629333333333, "breach_share": 0.03333333333333333, "breach_p1": 0.19047619047619047, "breach_p2": 0.0, "breach_p3": 0.030303030303030304, "breach_p4": 0.0, "wall_seconds": 0.0002543400041759014}, "random": {"id": "c12_replay_150_0107", "base_id": "c12_replay_150_0107", "campus": 12, "size": 150, "condition": "baseline", "sla_multiplier": 1.0, "crew_multiplier": 1.0, "method": "random", "seed": 301, "feasible": 1, "wwt": 421.7296, "makespan": 98.1862, "mean_flow": 7.298629333333333, "breach_share": 0.03333333333333333, "breach_p1": 0.19047619047619047, "breach_p2": 0.0, "breach_p3": 0.030303030303030304, "breach_p4": 0.0, "wall_seconds": 0.00024753110483288765}, "v2rl301": {"id": "c12_replay_150_0107", "base_id": "c12_replay_150_0107", "campus": 12, "size": 150, "condition": "baseline", "sla_multiplier": 1.0, "crew_multiplier": 1.0, "method": "v2rl301", "seed": 301, "feasible": 1, "wwt": 421.7296, "makespan": 98.1862, "mean_flow": 7.298629333333333, "breach_share": 0.03333333333333333, "breach_p1": 0.19047619047619047, "breach_p2": 0.0, "breach_p3": 0.030303030303030304, "breach_p4": 0.0, "wall_seconds": 0.015114077366888523}, "v2rl302": {"id": "c12_replay_150_0107", "base_id": "c12_replay_150_0107", "campus": 12, "size": 150, "condition": "baseline", "sla_multiplier": 1.0, "crew_multiplier": 1.0, "method": "v2rl302", "seed": 302, "feasible": 1, "wwt": 421.7296, "makespan": 98.1862, "mean_flow": 7.298629333333333, "breach_share": 0.03333333333333333, "breach_p1": 0.19047619047619047, "breach_p2": 0.0, "breach_p3": 0.030303030303030304, "breach_p4": 0.0, "wall_seconds": 0.01496943598613143}, "v2rl303": {"id": "c12_replay_150_0107", "base_id": "c12_replay_150_0107", "campus": 12, "size": 150, "condition": "baseline", "sla_multiplier": 1.0, "crew_multiplier": 1.0, "method": "v2rl303", "seed": 303, "feasible": 1, "wwt": 421.7296, "makespan": 98.1862, "mean_flow": 7.298629333333333, "breach_share": 0.03333333333333333, "breach_p1": 0.19047619047619047, "breach_p2": 0.0, "breach_p3": 0.030303030303030304, "breach_p4": 0.0, "wall_seconds": 0.014892986975610256}}, "methods_expected": ["edd", "wspt", "atc", "pfifo", "mor", "random", "v2rl301", "v2rl302", "v2rl303"], "infeasible": [], "wall_seconds_total": 0.04844145802780986}