{"shard_id": "c12_replay_150_0102_m1.25", "id": "c12_replay_150_0102_m1.25", "base_id": "c12_replay_150_0102", "campus": 12, "size": 150, "condition": "crew1.25", "rows": {"edd": {"id": "c12_replay_150_0102_m1.25", "base_id": "c12_replay_150_0102", "campus": 12, "size": 150, "condition": "crew1.25", "sla_multiplier": 1.0, "crew_multiplier": 1.25, "method": "edd", "seed": 301, "feasible": 1, "wwt": 548.9295999999999, "makespan": 96.574, "mean_flow": 5.612863999999999, "breach_share": 0.05333333333333334, "breach_p1": 0.23333333333333334, "breach_p2": 0.0, "breach_p3": 0.02631578947368421, "breach_p4": 0.0, "wall_seconds": 0.00028946809470653534}, "wspt": {"id": "c12_replay_150_0102_m1.25", "base_id": "c12_replay_150_0102", "campus": 12, "size": 150, "condition": "crew1.25", "sla_multiplier": 1.0, "crew_multiplier": 1.25, "method": "wspt", "seed": 301, "feasible": 1, "wwt": 548.9295999999999, "makespan": 96.574, "mean_flow": 5.612863999999999, "breach_share": 0.05333333333333334, "breach_p1": 0.23333333333333334, "breach_p2": 0.0, "breach_p3": 0.02631578947368421, "breach_p4": 0.0, "wall_seconds": 0.0002924068830907345}, "atc": {"id": "c12_replay_150_0102_m1.25", "base_id": "c12_replay_150_0102", "campus": 12, "size": 150, "condition": "crew1.25", "sla_multiplier": 1.0, "crew_multiplier": 1.25, "method": "atc", "seed": 301, "feasible": 1, "wwt": 548.9295999999999, "makespan": 96.574, "mean_flow": 5.612863999999999, "breach_share": 0.05333333333333334, "breach_p1": 0.23333333333333334, "breach_p2": 0.0, "breach_p3": 0.02631578947368421, "breach_p4": 0.0, "wall_seconds": 0.00036932481452822685}, "pfifo": {"id": "c12_replay_150_0102_m1.25", "base_id": "c12_replay_150_0102", "campus": 12, "size": 150, "condition": "crew1.25", "sla_multiplier": 1.0, "crew_multiplier": 1.25, "method": "pfifo", "seed": 301, "feasible": 1, "wwt": 548.9295999999999, "makespan": 96.574, "mean_flow": 5.612863999999999, "breach_share": 0.05333333333333334, "breach_p1": 0.23333333333333334, "breach_p2": 0.0, "breach_p3": 0.02631578947368421, "breach_p4": 0.0, "wall_seconds": 0.0003014341928064823}, "mor": {"id": "c12_replay_150_0102_m1.25", "base_id": "c12_replay_150_0102", "campus": 12, "size": 150, "condition": "crew1.25", "sla_multiplier": 1.0, "crew_multiplier": 1.25, "method": "mor", "seed": 301, "feasible": 1, "wwt": 548.9295999999999, "makespan": 96.574, "mean_flow": 5.612863999999999, "breach_share": 0.05333333333333334, "breach_p1": 0.23333333333333334, "breach_p2": 0.0, "breach_p3": 0.02631578947368421, "breach_p4": 0.0, "wall_seconds": 0.00027941493317484856}, "random": {"id": "c12_replay_150_0102_m1.25", "base_id": "c12_replay_150_0102", "campus": 12, "size": 150, "condition": "crew1.25", "sla_multiplier": 1.0, "crew_multiplier": 1.25, "method": "random", "seed": 301, "feasible": 1, "wwt": 548.9295999999999, "makespan": 96.574, "mean_flow": 5.612863999999999, "breach_share": 0.05333333333333334, "breach_p1": 0.23333333333333334, "breach_p2": 0.0, "breach_p3": 0.02631578947368421, "breach_p4": 0.0, "wall_seconds": 0.00026073306798934937}, "v2rl301": {"id": "c12_replay_150_0102_m1.25", "base_id": "c12_replay_150_0102", "campus": 12, "size": 150, "condition": "crew1.25", "sla_multiplier": 1.0, "crew_multiplier": 1.25, "method": "v2rl301", "seed": 301, "feasible": 1, "wwt": 548.9295999999999, "makespan": 96.574, "mean_flow": 5.612863999999999, "breach_share": 0.05333333333333334, "breach_p1": 0.23333333333333334, "breach_p2": 0.0, "breach_p3": 0.02631578947368421, "breach_p4": 0.0, "wall_seconds": 0.01539086177945137}, "v2rl302": {"id": "c12_replay_150_0102_m1.25", "base_id": "c12_replay_150_0102", "campus": 12, "size": 150, "condition": "crew1.25", "sla_multiplier": 1.0, "crew_multiplier": 1.25, "method": "v2rl302", "seed": 302, "feasible": 1, "wwt": 548.9295999999999, "makespan": 96.574, "mean_flow": 5.612863999999999, "breach_share": 0.05333333333333334, "breach_p1": 0.23333333333333334, "breach_p2": 0.0, "breach_p3": 0.02631578947368421, "breach_p4": 0.0, "wall_seconds": 0.015138326678425074}, "v2rl303": {"id": "c12_replay_150_0102_m1.25", "base_id": "c12_replay_150_0102", "campus": 12, "size": 150, "condition": "crew1.25", "sla_multiplier": 1.0, "crew_multiplier": 1.25, "method": "v2rl303", "seed": 303, "feasible": 1, "wwt": 548.9295999999999, "makespan": 96.574, "mean_flow": 5.612863999999999, "breach_share": 0.05333333333333334, "breach_p1": 0.23333333333333334, "breach_p2": 0.0, "breach_p3": 0.02631578947368421, "breach_p4": 0.0, "wall_seconds": 0.015089896973222494}}, "methods_expected": ["edd", "wspt", "atc", "pfifo", "mor", "random", "v2rl301", "v2rl302", "v2rl303"], "infeasible": [], "wall_seconds_total": 0.049726034980267286}