{"shard_id": "c12_replay_150_0122", "id": "c12_replay_150_0122", "base_id": "c12_replay_150_0122", "campus": 12, "size": 150, "condition": "baseline", "rows": {"edd": {"id": "c12_replay_150_0122", "base_id": "c12_replay_150_0122", "campus": 12, "size": 150, "condition": "baseline", "sla_multiplier": 1.0, "crew_multiplier": 1.0, "method": "edd", "seed": 301, "feasible": 1, "wwt": 530.0, "makespan": 61.8669, "mean_flow": 5.144468, "breach_share": 0.04666666666666667, "breach_p1": 0.1076923076923077, "breach_p2": 0.0, "breach_p3": 0.0, "breach_p4": 0.0, "wall_seconds": 0.0002863681875169277}, "wspt": {"id": "c12_replay_150_0122", "base_id": "c12_replay_150_0122", "campus": 12, "size": 150, "condition": "baseline", "sla_multiplier": 1.0, "crew_multiplier": 1.0, "method": "wspt", "seed": 301, "feasible": 1, "wwt": 530.0, "makespan": 61.8669, "mean_flow": 5.141134666666667, "breach_share": 0.04666666666666667, "breach_p1": 0.1076923076923077, "breach_p2": 0.0, "breach_p3": 0.0, "breach_p4": 0.0, "wall_seconds": 0.000278388150036335}, "atc": {"id": "c12_replay_150_0122", "base_id": "c12_replay_150_0122", "campus": 12, "size": 150, "condition": "baseline", "sla_multiplier": 1.0, "crew_multiplier": 1.0, "method": "atc", "seed": 301, "feasible": 1, "wwt": 530.0, "makespan": 61.8669, "mean_flow": 5.141134666666667, "breach_share": 0.04666666666666667, "breach_p1": 0.1076923076923077, "breach_p2": 0.0, "breach_p3": 0.0, "breach_p4": 0.0, "wall_seconds": 0.00035129301249980927}, "pfifo": {"id": "c12_replay_150_0122", "base_id": "c12_replay_150_0122", "campus": 12, "size": 150, "condition": "baseline", "sla_multiplier": 1.0, "crew_multiplier": 1.0, "method": "pfifo", "seed": 301, "feasible": 1, "wwt": 530.0, "makespan": 61.8669, "mean_flow": 5.144468, "breach_share": 0.04666666666666667, "breach_p1": 0.1076923076923077, "breach_p2": 0.0, "breach_p3": 0.0, "breach_p4": 0.0, "wall_seconds": 0.00026193680241703987}, "mor": {"id": "c12_replay_150_0122", "base_id": "c12_replay_150_0122", "campus": 12, "size": 150, "condition": "baseline", "sla_multiplier": 1.0, "crew_multiplier": 1.0, "method": "mor", "seed": 301, "feasible": 1, "wwt": 530.0, "makespan": 61.8669, "mean_flow": 5.144468, "breach_share": 0.04666666666666667, "breach_p1": 0.1076923076923077, "breach_p2": 0.0, "breach_p3": 0.0, "breach_p4": 0.0, "wall_seconds": 0.00026628514751791954}, "random": {"id": "c12_replay_150_0122", "base_id": "c12_replay_150_0122", "campus": 12, "size": 150, "condition": "baseline", "sla_multiplier": 1.0, "crew_multiplier": 1.0, "method": "random", "seed": 301, "feasible": 1, "wwt": 530.0, "makespan": 61.8669, "mean_flow": 5.143943999999999, "breach_share": 0.04666666666666667, "breach_p1": 0.1076923076923077, "breach_p2": 0.0, "breach_p3": 0.0, "breach_p4": 0.0, "wall_seconds": 0.000249749980866909}, "v2rl301": {"id": "c12_replay_150_0122", "base_id": "c12_replay_150_0122", "campus": 12, "size": 150, "condition": "baseline", "sla_multiplier": 1.0, "crew_multiplier": 1.0, "method": "v2rl301", "seed": 301, "feasible": 1, "wwt": 530.0, "makespan": 61.8669, "mean_flow": 5.144468, "breach_share": 0.04666666666666667, "breach_p1": 0.1076923076923077, "breach_p2": 0.0, "breach_p3": 0.0, "breach_p4": 0.0, "wall_seconds": 0.01508086221292615}, "v2rl302": {"id": "c12_replay_150_0122", "base_id": "c12_replay_150_0122", "campus": 12, "size": 150, "condition": "baseline", "sla_multiplier": 1.0, "crew_multiplier": 1.0, "method": "v2rl302", "seed": 302, "feasible": 1, "wwt": 530.0, "makespan": 61.8669, "mean_flow": 5.144468, "breach_share": 0.04666666666666667, "breach_p1": 0.1076923076923077, "breach_p2": 0.0, "breach_p3": 0.0, "breach_p4": 0.0, "wall_seconds": 0.014761081896722317}, "v2rl303": {"id": "c12_replay_150_0122", "base_id": "c12_replay_150_0122", "campus": 12, "size": 150, "condition": "baseline", "sla_multiplier": 1.0, "crew_multiplier": 1.0, "method": "v2rl303", "seed": 303, "feasible": 1, "wwt": 530.0, "makespan": 61.8669, "mean_flow": 5.144468, "breach_share": 0.04666666666666667, "breach_p1": 0.1076923076923077, "breach_p2": 0.0, "breach_p3": 0.0, "breach_p4": 0.0, "wall_seconds": 0.014910195954144001}}, "methods_expected": ["edd", "wspt", "atc", "pfifo", "mor", "random", "v2rl301", "v2rl302", "v2rl303"], "infeasible": [], "wall_seconds_total": 0.04828414833173156}