{"shard_id": "c12_replay_400_0070_m1.25", "id": "c12_replay_400_0070_m1.25", "base_id": "c12_replay_400_0070", "campus": 12, "size": 400, "condition": "crew1.25", "rows": {"edd": {"id": "c12_replay_400_0070_m1.25", "base_id": "c12_replay_400_0070", "campus": 12, "size": 400, "condition": "crew1.25", "sla_multiplier": 1.0, "crew_multiplier": 1.25, "method": "edd", "seed": 301, "feasible": 1, "wwt": 3933.5775999999996, "makespan": 112.0276, "mean_flow": 6.5008565, "breach_share": 0.0675, "breach_p1": 0.14942528735632185, "breach_p2": 0.02040816326530612, "breach_p3": 0.0, "breach_p4": 0.0, "wall_seconds": 0.0007296362891793251}, "wspt": {"id": "c12_replay_400_0070_m1.25", "base_id": "c12_replay_400_0070", "campus": 12, "size": 400, "condition": "crew1.25", "sla_multiplier": 1.0, "crew_multiplier": 1.25, "method": "wspt", "seed": 301, "feasible": 1, "wwt": 3965.5776000000005, "makespan": 112.0276, "mean_flow": 6.5004237499999995, "breach_share": 0.0675, "breach_p1": 0.14942528735632185, "breach_p2": 0.02040816326530612, "breach_p3": 0.0, "breach_p4": 0.0, "wall_seconds": 0.0007490199059247971}, "atc": {"id": "c12_replay_400_0070_m1.25", "base_id": "c12_replay_400_0070", "campus": 12, "size": 400, "condition": "crew1.25", "sla_multiplier": 1.0, "crew_multiplier": 1.25, "method": "atc", "seed": 301, "feasible": 1, "wwt": 3965.5776000000005, "makespan": 112.0276, "mean_flow": 6.5004237499999995, "breach_share": 0.0675, "breach_p1": 0.14942528735632185, "breach_p2": 0.02040816326530612, "breach_p3": 0.0, "breach_p4": 0.0, "wall_seconds": 0.0011385860852897167}, "pfifo": {"id": "c12_replay_400_0070_m1.25", "base_id": "c12_replay_400_0070", "campus": 12, "size": 400, "condition": "crew1.25", "sla_multiplier": 1.0, "crew_multiplier": 1.25, "method": "pfifo", "seed": 301, "feasible": 1, "wwt": 3933.5775999999996, "makespan": 112.0276, "mean_flow": 6.5008565, "breach_share": 0.0675, "breach_p1": 0.14942528735632185, "breach_p2": 0.02040816326530612, "breach_p3": 0.0, "breach_p4": 0.0, "wall_seconds": 0.0007364330813288689}, "mor": {"id": "c12_replay_400_0070_m1.25", "base_id": "c12_replay_400_0070", "campus": 12, "size": 400, "condition": "crew1.25", "sla_multiplier": 1.0, "crew_multiplier": 1.25, "method": "mor", "seed": 301, "feasible": 1, "wwt": 3903.5512, "makespan": 112.0276, "mean_flow": 6.546592, "breach_share": 0.0675, "breach_p1": 0.14942528735632185, "breach_p2": 0.02040816326530612, "breach_p3": 0.0, "breach_p4": 0.0, "wall_seconds": 0.0007952852174639702}, "random": {"id": "c12_replay_400_0070_m1.25", "base_id": "c12_replay_400_0070", "campus": 12, "size": 400, "condition": "crew1.25", "sla_multiplier": 1.0, "crew_multiplier": 1.25, "method": "random", "seed": 301, "feasible": 1, "wwt": 3933.5775999999996, "makespan": 112.0276, "mean_flow": 6.501692499999999, "breach_share": 0.0675, "breach_p1": 0.14942528735632185, "breach_p2": 0.02040816326530612, "breach_p3": 0.0, "breach_p4": 0.0, "wall_seconds": 0.0006161113269627094}, "v2rl301": {"id": "c12_replay_400_0070_m1.25", "base_id": "c12_replay_400_0070", "campus": 12, "size": 400, "condition": "crew1.25", "sla_multiplier": 1.0, "crew_multiplier": 1.25, "method": "v2rl301", "seed": 301, "feasible": 1, "wwt": 3901.5775999999996, "makespan": 112.0276, "mean_flow": 6.5258752499999995, "breach_share": 0.0675, "breach_p1": 0.14942528735632185, "breach_p2": 0.02040816326530612, "breach_p3": 0.0, "breach_p4": 0.0, "wall_seconds": 0.04181987792253494}, "v2rl302": {"id": "c12_replay_400_0070_m1.25", "base_id": "c12_replay_400_0070", "campus": 12, "size": 400, "condition": "crew1.25", "sla_multiplier": 1.0, "crew_multiplier": 1.25, "method": "v2rl302", "seed": 302, "feasible": 1, "wwt": 3901.5775999999996, "makespan": 112.0276, "mean_flow": 6.5013295, "breach_share": 0.0675, "breach_p1": 0.14942528735632185, "breach_p2": 0.02040816326530612, "breach_p3": 0.0, "breach_p4": 0.0, "wall_seconds": 0.041285403072834015}, "v2rl303": {"id": "c12_replay_400_0070_m1.25", "base_id": "c12_replay_400_0070", "campus": 12, "size": 400, "condition": "crew1.25", "sla_multiplier": 1.0, "crew_multiplier": 1.25, "method": "v2rl303", "seed": 303, "feasible": 1, "wwt": 3901.5776000000005, "makespan": 112.0276, "mean_flow": 6.523375249999999, "breach_share": 0.0675, "breach_p1": 0.14942528735632185, "breach_p2": 0.02040816326530612, "breach_p3": 0.0, "breach_p4": 0.0, "wall_seconds": 0.041407686192542315}}, "methods_expected": ["edd", "wspt", "atc", "pfifo", "mor", "random", "v2rl301", "v2rl302", "v2rl303"], "infeasible": [], "wall_seconds_total": 0.13402008404955268}