{"shard_id": "c12_replay_400_0075_sla0.5", "id": "c12_replay_400_0075_sla0.5", "base_id": "c12_replay_400_0075", "campus": 12, "size": 400, "condition": "sla0.5", "rows": {"edd": {"id": "c12_replay_400_0075_sla0.5", "base_id": "c12_replay_400_0075", "campus": 12, "size": 400, "condition": "sla0.5", "sla_multiplier": 0.5, "crew_multiplier": 1.0, "method": "edd", "seed": 301, "feasible": 1, "wwt": 2404.9536, "makespan": 117.0762, "mean_flow": 6.08292725, "breach_share": 0.0875, "breach_p1": 0.25, "breach_p2": 0.10344827586206896, "breach_p3": 0.0, "breach_p4": 0.02040816326530612, "wall_seconds": 0.0006437418051064014}, "wspt": {"id": "c12_replay_400_0075_sla0.5", "base_id": "c12_replay_400_0075", "campus": 12, "size": 400, "condition": "sla0.5", "sla_multiplier": 0.5, "crew_multiplier": 1.0, "method": "wspt", "seed": 301, "feasible": 1, "wwt": 2404.9536, "makespan": 117.0762, "mean_flow": 6.08292725, "breach_share": 0.0875, "breach_p1": 0.25, "breach_p2": 0.10344827586206896, "breach_p3": 0.0, "breach_p4": 0.02040816326530612, "wall_seconds": 0.0006414856761693954}, "atc": {"id": "c12_replay_400_0075_sla0.5", "base_id": "c12_replay_400_0075", "campus": 12, "size": 400, "condition": "sla0.5", "sla_multiplier": 0.5, "crew_multiplier": 1.0, "method": "atc", "seed": 301, "feasible": 1, "wwt": 2404.9536, "makespan": 117.0762, "mean_flow": 6.08292725, "breach_share": 0.0875, "breach_p1": 0.25, "breach_p2": 0.10344827586206896, "breach_p3": 0.0, "breach_p4": 0.02040816326530612, "wall_seconds": 0.0008229459635913372}, "pfifo": {"id": "c12_replay_400_0075_sla0.5", "base_id": "c12_replay_400_0075", "campus": 12, "size": 400, "condition": "sla0.5", "sla_multiplier": 0.5, "crew_multiplier": 1.0, "method": "pfifo", "seed": 301, "feasible": 1, "wwt": 2404.9536, "makespan": 117.0762, "mean_flow": 6.08292725, "breach_share": 0.0875, "breach_p1": 0.25, "breach_p2": 0.10344827586206896, "breach_p3": 0.0, "breach_p4": 0.02040816326530612, "wall_seconds": 0.0006157872267067432}, "mor": {"id": "c12_replay_400_0075_sla0.5", "base_id": "c12_replay_400_0075", "campus": 12, "size": 400, "condition": "sla0.5", "sla_multiplier": 0.5, "crew_multiplier": 1.0, "method": "mor", "seed": 301, "feasible": 1, "wwt": 2404.9536, "makespan": 117.0762, "mean_flow": 6.08292725, "breach_share": 0.0875, "breach_p1": 0.25, "breach_p2": 0.10344827586206896, "breach_p3": 0.0, "breach_p4": 0.02040816326530612, "wall_seconds": 0.0006034029647707939}, "random": {"id": "c12_replay_400_0075_sla0.5", "base_id": "c12_replay_400_0075", "campus": 12, "size": 400, "condition": "sla0.5", "sla_multiplier": 0.5, "crew_multiplier": 1.0, "method": "random", "seed": 301, "feasible": 1, "wwt": 2404.9536, "makespan": 117.0762, "mean_flow": 6.08292725, "breach_share": 0.0875, "breach_p1": 0.25, "breach_p2": 0.10344827586206896, "breach_p3": 0.0, "breach_p4": 0.02040816326530612, "wall_seconds": 0.0005686529912054539}, "v2rl301": {"id": "c12_replay_400_0075_sla0.5", "base_id": "c12_replay_400_0075", "campus": 12, "size": 400, "condition": "sla0.5", "sla_multiplier": 0.5, "crew_multiplier": 1.0, "method": "v2rl301", "seed": 301, "feasible": 1, "wwt": 2404.9536, "makespan": 117.0762, "mean_flow": 6.08292725, "breach_share": 0.0875, "breach_p1": 0.25, "breach_p2": 0.10344827586206896, "breach_p3": 0.0, "breach_p4": 0.02040816326530612, "wall_seconds": 0.04064800404012203}, "v2rl302": {"id": "c12_replay_400_0075_sla0.5", "base_id": "c12_replay_400_0075", "campus": 12, "size": 400, "condition": "sla0.5", "sla_multiplier": 0.5, "crew_multiplier": 1.0, "method": "v2rl302", "seed": 302, "feasible": 1, "wwt": 2404.9536, "makespan": 117.0762, "mean_flow": 6.08292725, "breach_share": 0.0875, "breach_p1": 0.25, "breach_p2": 0.10344827586206896, "breach_p3": 0.0, "breach_p4": 0.02040816326530612, "wall_seconds": 0.04014360113069415}, "v2rl303": {"id": "c12_replay_400_0075_sla0.5", "base_id": "c12_replay_400_0075", "campus": 12, "size": 400, "condition": "sla0.5", "sla_multiplier": 0.5, "crew_multiplier": 1.0, "method": "v2rl303", "seed": 303, "feasible": 1, "wwt": 2404.9536, "makespan": 117.0762, "mean_flow": 6.08292725, "breach_share": 0.0875, "breach_p1": 0.25, "breach_p2": 0.10344827586206896, "breach_p3": 0.0, "breach_p4": 0.02040816326530612, "wall_seconds": 0.04042395297437906}}, "methods_expected": ["edd", "wspt", "atc", "pfifo", "mor", "random", "v2rl301", "v2rl302", "v2rl303"], "infeasible": [], "wall_seconds_total": 0.12971445312723517}