{"shard_id": "c12_replay_150_0122_sla0.5", "id": "c12_replay_150_0122_sla0.5", "base_id": "c12_replay_150_0122", "campus": 12, "size": 150, "condition": "sla0.5", "rows": {"edd": {"id": "c12_replay_150_0122_sla0.5", "base_id": "c12_replay_150_0122", "campus": 12, "size": 150, "condition": "sla0.5", "sla_multiplier": 0.5, "crew_multiplier": 1.0, "method": "edd", "seed": 301, "feasible": 1, "wwt": 926.0, "makespan": 61.8669, "mean_flow": 5.144468, "breach_share": 0.12, "breach_p1": 0.24615384615384617, "breach_p2": 0.13333333333333333, "breach_p3": 0.0, "breach_p4": 0.0, "wall_seconds": 0.00028788112103939056}, "wspt": {"id": "c12_replay_150_0122_sla0.5", "base_id": "c12_replay_150_0122", "campus": 12, "size": 150, "condition": "sla0.5", "sla_multiplier": 0.5, "crew_multiplier": 1.0, "method": "wspt", "seed": 301, "feasible": 1, "wwt": 926.0, "makespan": 61.8669, "mean_flow": 5.141134666666667, "breach_share": 0.12, "breach_p1": 0.24615384615384617, "breach_p2": 0.13333333333333333, "breach_p3": 0.0, "breach_p4": 0.0, "wall_seconds": 0.00027132779359817505}, "atc": {"id": "c12_replay_150_0122_sla0.5", "base_id": "c12_replay_150_0122", "campus": 12, "size": 150, "condition": "sla0.5", "sla_multiplier": 0.5, "crew_multiplier": 1.0, "method": "atc", "seed": 301, "feasible": 1, "wwt": 926.0, "makespan": 61.8669, "mean_flow": 5.141134666666667, "breach_share": 0.12, "breach_p1": 0.24615384615384617, "breach_p2": 0.13333333333333333, "breach_p3": 0.0, "breach_p4": 0.0, "wall_seconds": 0.000333297997713089}, "pfifo": {"id": "c12_replay_150_0122_sla0.5", "base_id": "c12_replay_150_0122", "campus": 12, "size": 150, "condition": "sla0.5", "sla_multiplier": 0.5, "crew_multiplier": 1.0, "method": "pfifo", "seed": 301, "feasible": 1, "wwt": 926.0, "makespan": 61.8669, "mean_flow": 5.144468, "breach_share": 0.12, "breach_p1": 0.24615384615384617, "breach_p2": 0.13333333333333333, "breach_p3": 0.0, "breach_p4": 0.0, "wall_seconds": 0.00025939103215932846}, "mor": {"id": "c12_replay_150_0122_sla0.5", "base_id": "c12_replay_150_0122", "campus": 12, "size": 150, "condition": "sla0.5", "sla_multiplier": 0.5, "crew_multiplier": 1.0, "method": "mor", "seed": 301, "feasible": 1, "wwt": 926.0, "makespan": 61.8669, "mean_flow": 5.144468, "breach_share": 0.12, "breach_p1": 0.24615384615384617, "breach_p2": 0.13333333333333333, "breach_p3": 0.0, "breach_p4": 0.0, "wall_seconds": 0.0002556317485868931}, "random": {"id": "c12_replay_150_0122_sla0.5", "base_id": "c12_replay_150_0122", "campus": 12, "size": 150, "condition": "sla0.5", "sla_multiplier": 0.5, "crew_multiplier": 1.0, "method": "random", "seed": 301, "feasible": 1, "wwt": 926.0, "makespan": 61.8669, "mean_flow": 5.143943999999999, "breach_share": 0.12, "breach_p1": 0.24615384615384617, "breach_p2": 0.13333333333333333, "breach_p3": 0.0, "breach_p4": 0.0, "wall_seconds": 0.0002419562079012394}, "v2rl301": {"id": "c12_replay_150_0122_sla0.5", "base_id": "c12_replay_150_0122", "campus": 12, "size": 150, "condition": "sla0.5", "sla_multiplier": 0.5, "crew_multiplier": 1.0, "method": "v2rl301", "seed": 301, "feasible": 1, "wwt": 926.0, "makespan": 61.8669, "mean_flow": 5.144468, "breach_share": 0.12, "breach_p1": 0.24615384615384617, "breach_p2": 0.13333333333333333, "breach_p3": 0.0, "breach_p4": 0.0, "wall_seconds": 0.015143908094614744}, "v2rl302": {"id": "c12_replay_150_0122_sla0.5", "base_id": "c12_replay_150_0122", "campus": 12, "size": 150, "condition": "sla0.5", "sla_multiplier": 0.5, "crew_multiplier": 1.0, "method": "v2rl302", "seed": 302, "feasible": 1, "wwt": 926.0, "makespan": 61.8669, "mean_flow": 5.144468, "breach_share": 0.12, "breach_p1": 0.24615384615384617, "breach_p2": 0.13333333333333333, "breach_p3": 0.0, "breach_p4": 0.0, "wall_seconds": 0.014901576098054647}, "v2rl303": {"id": "c12_replay_150_0122_sla0.5", "base_id": "c12_replay_150_0122", "campus": 12, "size": 150, "condition": "sla0.5", "sla_multiplier": 0.5, "crew_multiplier": 1.0, "method": "v2rl303", "seed": 303, "feasible": 1, "wwt": 926.0, "makespan": 61.8669, "mean_flow": 5.144468, "breach_share": 0.12, "breach_p1": 0.24615384615384617, "breach_p2": 0.13333333333333333, "breach_p3": 0.0, "breach_p4": 0.0, "wall_seconds": 0.015070067718625069}}, "methods_expected": ["edd", "wspt", "atc", "pfifo", "mor", "random", "v2rl301", "v2rl302", "v2rl303"], "infeasible": [], "wall_seconds_total": 0.04898627381771803}