{"shard_id": "c12_replay_400_0067_sla0.5", "id": "c12_replay_400_0067_sla0.5", "base_id": "c12_replay_400_0067", "campus": 12, "size": 400, "condition": "sla0.5", "rows": {"edd": {"id": "c12_replay_400_0067_sla0.5", "base_id": "c12_replay_400_0067", "campus": 12, "size": 400, "condition": "sla0.5", "sla_multiplier": 0.5, "crew_multiplier": 1.0, "method": "edd", "seed": 301, "feasible": 1, "wwt": 1555.3146000000002, "makespan": 100.3648, "mean_flow": 5.910315250000001, "breach_share": 0.07, "breach_p1": 0.26153846153846155, "breach_p2": 0.041666666666666664, "breach_p3": 0.0297029702970297, "breach_p4": 0.02631578947368421, "wall_seconds": 0.0006994339637458324}, "wspt": {"id": "c12_replay_400_0067_sla0.5", "base_id": "c12_replay_400_0067", "campus": 12, "size": 400, "condition": "sla0.5", "sla_multiplier": 0.5, "crew_multiplier": 1.0, "method": "wspt", "seed": 301, "feasible": 1, "wwt": 1616.2946000000002, "makespan": 100.3648, "mean_flow": 5.863413250000001, "breach_share": 0.075, "breach_p1": 0.27692307692307694, "breach_p2": 0.05, "breach_p3": 0.0297029702970297, "breach_p4": 0.02631578947368421, "wall_seconds": 0.0007063341327011585}, "atc": {"id": "c12_replay_400_0067_sla0.5", "base_id": "c12_replay_400_0067", "campus": 12, "size": 400, "condition": "sla0.5", "sla_multiplier": 0.5, "crew_multiplier": 1.0, "method": "atc", "seed": 301, "feasible": 1, "wwt": 1599.401, "makespan": 100.3648, "mean_flow": 5.8850690000000005, "breach_share": 0.0725, "breach_p1": 0.26153846153846155, "breach_p2": 0.05, "breach_p3": 0.0297029702970297, "breach_p4": 0.02631578947368421, "wall_seconds": 0.0010062227956950665}, "pfifo": {"id": "c12_replay_400_0067_sla0.5", "base_id": "c12_replay_400_0067", "campus": 12, "size": 400, "condition": "sla0.5", "sla_multiplier": 0.5, "crew_multiplier": 1.0, "method": "pfifo", "seed": 301, "feasible": 1, "wwt": 1555.3146000000002, "makespan": 100.3648, "mean_flow": 5.910315250000001, "breach_share": 0.07, "breach_p1": 0.26153846153846155, "breach_p2": 0.041666666666666664, "breach_p3": 0.0297029702970297, "breach_p4": 0.02631578947368421, "wall_seconds": 0.0006925323978066444}, "mor": {"id": "c12_replay_400_0067_sla0.5", "base_id": "c12_replay_400_0067", "campus": 12, "size": 400, "condition": "sla0.5", "sla_multiplier": 0.5, "crew_multiplier": 1.0, "method": "mor", "seed": 301, "feasible": 1, "wwt": 1556.277, "makespan": 100.3648, "mean_flow": 5.954017, "breach_share": 0.07, "breach_p1": 0.26153846153846155, "breach_p2": 0.041666666666666664, "breach_p3": 0.0297029702970297, "breach_p4": 0.02631578947368421, "wall_seconds": 0.0006795050576329231}, "random": {"id": "c12_replay_400_0067_sla0.5", "base_id": "c12_replay_400_0067", "campus": 12, "size": 400, "condition": "sla0.5", "sla_multiplier": 0.5, "crew_multiplier": 1.0, "method": "random", "seed": 301, "feasible": 1, "wwt": 1591.3146000000002, "makespan": 100.3648, "mean_flow": 5.88668725, "breach_share": 0.0725, "breach_p1": 0.27692307692307694, "breach_p2": 0.041666666666666664, "breach_p3": 0.0297029702970297, "breach_p4": 0.02631578947368421, "wall_seconds": 0.0005799541249871254}, "v2rl301": {"id": "c12_replay_400_0067_sla0.5", "base_id": "c12_replay_400_0067", "campus": 12, "size": 400, "condition": "sla0.5", "sla_multiplier": 0.5, "crew_multiplier": 1.0, "method": "v2rl301", "seed": 301, "feasible": 1, "wwt": 1556.277, "makespan": 100.3648, "mean_flow": 5.93726, "breach_share": 0.07, "breach_p1": 0.26153846153846155, "breach_p2": 0.041666666666666664, "breach_p3": 0.0297029702970297, "breach_p4": 0.02631578947368421, "wall_seconds": 0.041998269967734814}, "v2rl302": {"id": "c12_replay_400_0067_sla0.5", "base_id": "c12_replay_400_0067", "campus": 12, "size": 400, "condition": "sla0.5", "sla_multiplier": 0.5, "crew_multiplier": 1.0, "method": "v2rl302", "seed": 302, "feasible": 1, "wwt": 1557.0146000000002, "makespan": 100.3648, "mean_flow": 5.910970500000001, "breach_share": 0.07, "breach_p1": 0.26153846153846155, "breach_p2": 0.041666666666666664, "breach_p3": 0.0297029702970297, "breach_p4": 0.02631578947368421, "wall_seconds": 0.04206212190911174}, "v2rl303": {"id": "c12_replay_400_0067_sla0.5", "base_id": "c12_replay_400_0067", "campus": 12, "size": 400, "condition": "sla0.5", "sla_multiplier": 0.5, "crew_multiplier": 1.0, "method": "v2rl303", "seed": 303, "feasible": 1, "wwt": 1557.0146000000002, "makespan": 100.3648, "mean_flow": 5.92271925, "breach_share": 0.07, "breach_p1": 0.26153846153846155, "breach_p2": 0.041666666666666664, "breach_p3": 0.0297029702970297, "breach_p4": 0.02631578947368421, "wall_seconds": 0.04159861011430621}}, "methods_expected": ["edd", "wspt", "atc", "pfifo", "mor", "random", "v2rl301", "v2rl302", "v2rl303"], "infeasible": [], "wall_seconds_total": 0.13472267286852002}