{"shard_id": "c12_replay_150_0111_sla1.5", "id": "c12_replay_150_0111_sla1.5", "base_id": "c12_replay_150_0111", "campus": 12, "size": 150, "condition": "sla1.5", "rows": {"edd": {"id": "c12_replay_150_0111_sla1.5", "base_id": "c12_replay_150_0111", "campus": 12, "size": 150, "condition": "sla1.5", "sla_multiplier": 1.5, "crew_multiplier": 1.0, "method": "edd", "seed": 301, "feasible": 1, "wwt": 179.2, "makespan": 98.2156, "mean_flow": 6.554432, "breach_share": 0.02, "breach_p1": 0.08333333333333333, "breach_p2": 0.043478260869565216, "breach_p3": 0.0, "breach_p4": 0.0, "wall_seconds": 0.0003074817359447479}, "wspt": {"id": "c12_replay_150_0111_sla1.5", "base_id": "c12_replay_150_0111", "campus": 12, "size": 150, "condition": "sla1.5", "sla_multiplier": 1.5, "crew_multiplier": 1.0, "method": "wspt", "seed": 301, "feasible": 1, "wwt": 179.2, "makespan": 98.2156, "mean_flow": 6.554432, "breach_share": 0.02, "breach_p1": 0.08333333333333333, "breach_p2": 0.043478260869565216, "breach_p3": 0.0, "breach_p4": 0.0, "wall_seconds": 0.00028535211458802223}, "atc": {"id": "c12_replay_150_0111_sla1.5", "base_id": "c12_replay_150_0111", "campus": 12, "size": 150, "condition": "sla1.5", "sla_multiplier": 1.5, "crew_multiplier": 1.0, "method": "atc", "seed": 301, "feasible": 1, "wwt": 179.2, "makespan": 98.2156, "mean_flow": 6.554432, "breach_share": 0.02, "breach_p1": 0.08333333333333333, "breach_p2": 0.043478260869565216, "breach_p3": 0.0, "breach_p4": 0.0, "wall_seconds": 0.00035555195063352585}, "pfifo": {"id": "c12_replay_150_0111_sla1.5", "base_id": "c12_replay_150_0111", "campus": 12, "size": 150, "condition": "sla1.5", "sla_multiplier": 1.5, "crew_multiplier": 1.0, "method": "pfifo", "seed": 301, "feasible": 1, "wwt": 179.2, "makespan": 98.2156, "mean_flow": 6.554432, "breach_share": 0.02, "breach_p1": 0.08333333333333333, "breach_p2": 0.043478260869565216, "breach_p3": 0.0, "breach_p4": 0.0, "wall_seconds": 0.0002739429473876953}, "mor": {"id": "c12_replay_150_0111_sla1.5", "base_id": "c12_replay_150_0111", "campus": 12, "size": 150, "condition": "sla1.5", "sla_multiplier": 1.5, "crew_multiplier": 1.0, "method": "mor", "seed": 301, "feasible": 1, "wwt": 179.2, "makespan": 98.2156, "mean_flow": 6.554432, "breach_share": 0.02, "breach_p1": 0.08333333333333333, "breach_p2": 0.043478260869565216, "breach_p3": 0.0, "breach_p4": 0.0, "wall_seconds": 0.00026850588619709015}, "random": {"id": "c12_replay_150_0111_sla1.5", "base_id": "c12_replay_150_0111", "campus": 12, "size": 150, "condition": "sla1.5", "sla_multiplier": 1.5, "crew_multiplier": 1.0, "method": "random", "seed": 301, "feasible": 1, "wwt": 179.2, "makespan": 98.2156, "mean_flow": 6.554432, "breach_share": 0.02, "breach_p1": 0.08333333333333333, "breach_p2": 0.043478260869565216, "breach_p3": 0.0, "breach_p4": 0.0, "wall_seconds": 0.00025811605155467987}, "v2rl301": {"id": "c12_replay_150_0111_sla1.5", "base_id": "c12_replay_150_0111", "campus": 12, "size": 150, "condition": "sla1.5", "sla_multiplier": 1.5, "crew_multiplier": 1.0, "method": "v2rl301", "seed": 301, "feasible": 1, "wwt": 179.2, "makespan": 98.2156, "mean_flow": 6.554432, "breach_share": 0.02, "breach_p1": 0.08333333333333333, "breach_p2": 0.043478260869565216, "breach_p3": 0.0, "breach_p4": 0.0, "wall_seconds": 0.015260556247085333}, "v2rl302": {"id": "c12_replay_150_0111_sla1.5", "base_id": "c12_replay_150_0111", "campus": 12, "size": 150, "condition": "sla1.5", "sla_multiplier": 1.5, "crew_multiplier": 1.0, "method": "v2rl302", "seed": 302, "feasible": 1, "wwt": 179.2, "makespan": 98.2156, "mean_flow": 6.554432, "breach_share": 0.02, "breach_p1": 0.08333333333333333, "breach_p2": 0.043478260869565216, "breach_p3": 0.0, "breach_p4": 0.0, "wall_seconds": 0.015484082978218794}, "v2rl303": {"id": "c12_replay_150_0111_sla1.5", "base_id": "c12_replay_150_0111", "campus": 12, "size": 150, "condition": "sla1.5", "sla_multiplier": 1.5, "crew_multiplier": 1.0, "method": "v2rl303", "seed": 303, "feasible": 1, "wwt": 179.2, "makespan": 98.2156, "mean_flow": 6.554432, "breach_share": 0.02, "breach_p1": 0.08333333333333333, "breach_p2": 0.043478260869565216, "breach_p3": 0.0, "breach_p4": 0.0, "wall_seconds": 0.01493964297696948}}, "methods_expected": ["edd", "wspt", "atc", "pfifo", "mor", "random", "v2rl301", "v2rl302", "v2rl303"], "infeasible": [], "wall_seconds_total": 0.049776810221374035}