{"shard_id": "c12_replay_400_0083_sla1.5", "id": "c12_replay_400_0083_sla1.5", "base_id": "c12_replay_400_0083", "campus": 12, "size": 400, "condition": "sla1.5", "rows": {"edd": {"id": "c12_replay_400_0083_sla1.5", "base_id": "c12_replay_400_0083", "campus": 12, "size": 400, "condition": "sla1.5", "sla_multiplier": 1.5, "crew_multiplier": 1.0, "method": "edd", "seed": 301, "feasible": 1, "wwt": 304.0, "makespan": 97.5526, "mean_flow": 4.62509725, "breach_share": 0.0175, "breach_p1": 0.06329113924050633, "breach_p2": 0.03389830508474576, "breach_p3": 0.0, "breach_p4": 0.0, "wall_seconds": 0.0006414060480892658}, "wspt": {"id": "c12_replay_400_0083_sla1.5", "base_id": "c12_replay_400_0083", "campus": 12, "size": 400, "condition": "sla1.5", "sla_multiplier": 1.5, "crew_multiplier": 1.0, "method": "wspt", "seed": 301, "feasible": 1, "wwt": 304.0, "makespan": 97.5526, "mean_flow": 4.62509725, "breach_share": 0.0175, "breach_p1": 0.06329113924050633, "breach_p2": 0.03389830508474576, "breach_p3": 0.0, "breach_p4": 0.0, "wall_seconds": 0.0006375638768076897}, "atc": {"id": "c12_replay_400_0083_sla1.5", "base_id": "c12_replay_400_0083", "campus": 12, "size": 400, "condition": "sla1.5", "sla_multiplier": 1.5, "crew_multiplier": 1.0, "method": "atc", "seed": 301, "feasible": 1, "wwt": 304.0, "makespan": 97.5526, "mean_flow": 4.62509725, "breach_share": 0.0175, "breach_p1": 0.06329113924050633, "breach_p2": 0.03389830508474576, "breach_p3": 0.0, "breach_p4": 0.0, "wall_seconds": 0.0008361181244254112}, "pfifo": {"id": "c12_replay_400_0083_sla1.5", "base_id": "c12_replay_400_0083", "campus": 12, "size": 400, "condition": "sla1.5", "sla_multiplier": 1.5, "crew_multiplier": 1.0, "method": "pfifo", "seed": 301, "feasible": 1, "wwt": 304.0, "makespan": 97.5526, "mean_flow": 4.62509725, "breach_share": 0.0175, "breach_p1": 0.06329113924050633, "breach_p2": 0.03389830508474576, "breach_p3": 0.0, "breach_p4": 0.0, "wall_seconds": 0.0006121438927948475}, "mor": {"id": "c12_replay_400_0083_sla1.5", "base_id": "c12_replay_400_0083", "campus": 12, "size": 400, "condition": "sla1.5", "sla_multiplier": 1.5, "crew_multiplier": 1.0, "method": "mor", "seed": 301, "feasible": 1, "wwt": 304.0, "makespan": 97.5526, "mean_flow": 4.62509725, "breach_share": 0.0175, "breach_p1": 0.06329113924050633, "breach_p2": 0.03389830508474576, "breach_p3": 0.0, "breach_p4": 0.0, "wall_seconds": 0.0006227330304682255}, "random": {"id": "c12_replay_400_0083_sla1.5", "base_id": "c12_replay_400_0083", "campus": 12, "size": 400, "condition": "sla1.5", "sla_multiplier": 1.5, "crew_multiplier": 1.0, "method": "random", "seed": 301, "feasible": 1, "wwt": 304.0, "makespan": 97.5526, "mean_flow": 4.62509725, "breach_share": 0.0175, "breach_p1": 0.06329113924050633, "breach_p2": 0.03389830508474576, "breach_p3": 0.0, "breach_p4": 0.0, "wall_seconds": 0.0005841259844601154}, "v2rl301": {"id": "c12_replay_400_0083_sla1.5", "base_id": "c12_replay_400_0083", "campus": 12, "size": 400, "condition": "sla1.5", "sla_multiplier": 1.5, "crew_multiplier": 1.0, "method": "v2rl301", "seed": 301, "feasible": 1, "wwt": 304.0, "makespan": 97.5526, "mean_flow": 4.62509725, "breach_share": 0.0175, "breach_p1": 0.06329113924050633, "breach_p2": 0.03389830508474576, "breach_p3": 0.0, "breach_p4": 0.0, "wall_seconds": 0.04083167714998126}, "v2rl302": {"id": "c12_replay_400_0083_sla1.5", "base_id": "c12_replay_400_0083", "campus": 12, "size": 400, "condition": "sla1.5", "sla_multiplier": 1.5, "crew_multiplier": 1.0, "method": "v2rl302", "seed": 302, "feasible": 1, "wwt": 304.0, "makespan": 97.5526, "mean_flow": 4.62509725, "breach_share": 0.0175, "breach_p1": 0.06329113924050633, "breach_p2": 0.03389830508474576, "breach_p3": 0.0, "breach_p4": 0.0, "wall_seconds": 0.04025134118273854}, "v2rl303": {"id": "c12_replay_400_0083_sla1.5", "base_id": "c12_replay_400_0083", "campus": 12, "size": 400, "condition": "sla1.5", "sla_multiplier": 1.5, "crew_multiplier": 1.0, "method": "v2rl303", "seed": 303, "feasible": 1, "wwt": 304.0, "makespan": 97.5526, "mean_flow": 4.62509725, "breach_share": 0.0175, "breach_p1": 0.06329113924050633, "breach_p2": 0.03389830508474576, "breach_p3": 0.0, "breach_p4": 0.0, "wall_seconds": 0.04026946518570185}}, "methods_expected": ["edd", "wspt", "atc", "pfifo", "mor", "random", "v2rl301", "v2rl302", "v2rl303"], "infeasible": [], "wall_seconds_total": 0.1299586328677833}