{"shard_id": "c12_replay_400_0065_sla0.5", "id": "c12_replay_400_0065_sla0.5", "base_id": "c12_replay_400_0065", "campus": 12, "size": 400, "condition": "sla0.5", "rows": {"edd": {"id": "c12_replay_400_0065_sla0.5", "base_id": "c12_replay_400_0065", "campus": 12, "size": 400, "condition": "sla0.5", "sla_multiplier": 0.5, "crew_multiplier": 1.0, "method": "edd", "seed": 301, "feasible": 1, "wwt": 2400.4924, "makespan": 106.7467, "mean_flow": 6.3205375, "breach_share": 0.085, "breach_p1": 0.3870967741935484, "breach_p2": 0.07894736842105263, "breach_p3": 0.03488372093023256, "breach_p4": 0.005681818181818182, "wall_seconds": 0.0006641969084739685}, "wspt": {"id": "c12_replay_400_0065_sla0.5", "base_id": "c12_replay_400_0065", "campus": 12, "size": 400, "condition": "sla0.5", "sla_multiplier": 0.5, "crew_multiplier": 1.0, "method": "wspt", "seed": 301, "feasible": 1, "wwt": 2402.4924, "makespan": 106.7467, "mean_flow": 6.309214999999999, "breach_share": 0.085, "breach_p1": 0.3870967741935484, "breach_p2": 0.07894736842105263, "breach_p3": 0.03488372093023256, "breach_p4": 0.005681818181818182, "wall_seconds": 0.0006780000403523445}, "atc": {"id": "c12_replay_400_0065_sla0.5", "base_id": "c12_replay_400_0065", "campus": 12, "size": 400, "condition": "sla0.5", "sla_multiplier": 0.5, "crew_multiplier": 1.0, "method": "atc", "seed": 301, "feasible": 1, "wwt": 2400.4924, "makespan": 106.7467, "mean_flow": 6.311376, "breach_share": 0.085, "breach_p1": 0.3870967741935484, "breach_p2": 0.07894736842105263, "breach_p3": 0.03488372093023256, "breach_p4": 0.005681818181818182, "wall_seconds": 0.0008289851248264313}, "pfifo": {"id": "c12_replay_400_0065_sla0.5", "base_id": "c12_replay_400_0065", "campus": 12, "size": 400, "condition": "sla0.5", "sla_multiplier": 0.5, "crew_multiplier": 1.0, "method": "pfifo", "seed": 301, "feasible": 1, "wwt": 2400.4924, "makespan": 106.7467, "mean_flow": 6.3205375, "breach_share": 0.085, "breach_p1": 0.3870967741935484, "breach_p2": 0.07894736842105263, "breach_p3": 0.03488372093023256, "breach_p4": 0.005681818181818182, "wall_seconds": 0.0006375559605658054}, "mor": {"id": "c12_replay_400_0065_sla0.5", "base_id": "c12_replay_400_0065", "campus": 12, "size": 400, "condition": "sla0.5", "sla_multiplier": 0.5, "crew_multiplier": 1.0, "method": "mor", "seed": 301, "feasible": 1, "wwt": 2400.4924, "makespan": 106.7467, "mean_flow": 6.347473750000001, "breach_share": 0.085, "breach_p1": 0.3870967741935484, "breach_p2": 0.07894736842105263, "breach_p3": 0.03488372093023256, "breach_p4": 0.005681818181818182, "wall_seconds": 0.0006169271655380726}, "random": {"id": "c12_replay_400_0065_sla0.5", "base_id": "c12_replay_400_0065", "campus": 12, "size": 400, "condition": "sla0.5", "sla_multiplier": 0.5, "crew_multiplier": 1.0, "method": "random", "seed": 301, "feasible": 1, "wwt": 2400.4924, "makespan": 106.7467, "mean_flow": 6.3231470000000005, "breach_share": 0.085, "breach_p1": 0.3870967741935484, "breach_p2": 0.07894736842105263, "breach_p3": 0.03488372093023256, "breach_p4": 0.005681818181818182, "wall_seconds": 0.0005805990658700466}, "v2rl301": {"id": "c12_replay_400_0065_sla0.5", "base_id": "c12_replay_400_0065", "campus": 12, "size": 400, "condition": "sla0.5", "sla_multiplier": 0.5, "crew_multiplier": 1.0, "method": "v2rl301", "seed": 301, "feasible": 1, "wwt": 2400.4924, "makespan": 106.7467, "mean_flow": 6.340229000000001, "breach_share": 0.085, "breach_p1": 0.3870967741935484, "breach_p2": 0.07894736842105263, "breach_p3": 0.03488372093023256, "breach_p4": 0.005681818181818182, "wall_seconds": 0.04110076790675521}, "v2rl302": {"id": "c12_replay_400_0065_sla0.5", "base_id": "c12_replay_400_0065", "campus": 12, "size": 400, "condition": "sla0.5", "sla_multiplier": 0.5, "crew_multiplier": 1.0, "method": "v2rl302", "seed": 302, "feasible": 1, "wwt": 2400.4924, "makespan": 106.7467, "mean_flow": 6.33134425, "breach_share": 0.085, "breach_p1": 0.3870967741935484, "breach_p2": 0.07894736842105263, "breach_p3": 0.03488372093023256, "breach_p4": 0.005681818181818182, "wall_seconds": 0.040256558917462826}, "v2rl303": {"id": "c12_replay_400_0065_sla0.5", "base_id": "c12_replay_400_0065", "campus": 12, "size": 400, "condition": "sla0.5", "sla_multiplier": 0.5, "crew_multiplier": 1.0, "method": "v2rl303", "seed": 303, "feasible": 1, "wwt": 2400.4924, "makespan": 106.7467, "mean_flow": 6.32357075, "breach_share": 0.085, "breach_p1": 0.3870967741935484, "breach_p2": 0.07894736842105263, "breach_p3": 0.03488372093023256, "breach_p4": 0.005681818181818182, "wall_seconds": 0.040163648780435324}}, "methods_expected": ["edd", "wspt", "atc", "pfifo", "mor", "random", "v2rl301", "v2rl302", "v2rl303"], "infeasible": [], "wall_seconds_total": 0.13020156882703304}