{"shard_id": "c12_replay_150_0117_m1.25", "id": "c12_replay_150_0117_m1.25", "base_id": "c12_replay_150_0117", "campus": 12, "size": 150, "condition": "crew1.25", "rows": {"edd": {"id": "c12_replay_150_0117_m1.25", "base_id": "c12_replay_150_0117", "campus": 12, "size": 150, "condition": "crew1.25", "sla_multiplier": 1.0, "crew_multiplier": 1.25, "method": "edd", "seed": 301, "feasible": 1, "wwt": 439.0, "makespan": 68.6519, "mean_flow": 3.587222, "breach_share": 0.02666666666666667, "breach_p1": 0.057692307692307696, "breach_p2": 0.023255813953488372, "breach_p3": 0.0, "breach_p4": 0.0, "wall_seconds": 0.0005175541155040264}, "wspt": {"id": "c12_replay_150_0117_m1.25", "base_id": "c12_replay_150_0117", "campus": 12, "size": 150, "condition": "crew1.25", "sla_multiplier": 1.0, "crew_multiplier": 1.25, "method": "wspt", "seed": 301, "feasible": 1, "wwt": 445.0, "makespan": 68.6519, "mean_flow": 3.587222, "breach_share": 0.02666666666666667, "breach_p1": 0.057692307692307696, "breach_p2": 0.023255813953488372, "breach_p3": 0.0, "breach_p4": 0.0, "wall_seconds": 0.0005508949980139732}, "atc": {"id": "c12_replay_150_0117_m1.25", "base_id": "c12_replay_150_0117", "campus": 12, "size": 150, "condition": "crew1.25", "sla_multiplier": 1.0, "crew_multiplier": 1.25, "method": "atc", "seed": 301, "feasible": 1, "wwt": 439.0, "makespan": 68.6519, "mean_flow": 3.587222, "breach_share": 0.02666666666666667, "breach_p1": 0.057692307692307696, "breach_p2": 0.023255813953488372, "breach_p3": 0.0, "breach_p4": 0.0, "wall_seconds": 0.0009544054046273232}, "pfifo": {"id": "c12_replay_150_0117_m1.25", "base_id": "c12_replay_150_0117", "campus": 12, "size": 150, "condition": "crew1.25", "sla_multiplier": 1.0, "crew_multiplier": 1.25, "method": "pfifo", "seed": 301, "feasible": 1, "wwt": 439.0, "makespan": 68.6519, "mean_flow": 3.587222, "breach_share": 0.02666666666666667, "breach_p1": 0.057692307692307696, "breach_p2": 0.023255813953488372, "breach_p3": 0.0, "breach_p4": 0.0, "wall_seconds": 0.0005177878774702549}, "mor": {"id": "c12_replay_150_0117_m1.25", "base_id": "c12_replay_150_0117", "campus": 12, "size": 150, "condition": "crew1.25", "sla_multiplier": 1.0, "crew_multiplier": 1.25, "method": "mor", "seed": 301, "feasible": 1, "wwt": 439.0, "makespan": 68.6519, "mean_flow": 3.5979793333333334, "breach_share": 0.02666666666666667, "breach_p1": 0.057692307692307696, "breach_p2": 0.023255813953488372, "breach_p3": 0.0, "breach_p4": 0.0, "wall_seconds": 0.0004974347539246082}, "random": {"id": "c12_replay_150_0117_m1.25", "base_id": "c12_replay_150_0117", "campus": 12, "size": 150, "condition": "crew1.25", "sla_multiplier": 1.0, "crew_multiplier": 1.25, "method": "random", "seed": 301, "feasible": 1, "wwt": 443.0, "makespan": 68.6519, "mean_flow": 3.5877846666666664, "breach_share": 0.02666666666666667, "breach_p1": 0.057692307692307696, "breach_p2": 0.023255813953488372, "breach_p3": 0.0, "breach_p4": 0.0, "wall_seconds": 0.0003391052596271038}, "v2rl301": {"id": "c12_replay_150_0117_m1.25", "base_id": "c12_replay_150_0117", "campus": 12, "size": 150, "condition": "crew1.25", "sla_multiplier": 1.0, "crew_multiplier": 1.25, "method": "v2rl301", "seed": 301, "feasible": 1, "wwt": 439.0, "makespan": 68.6519, "mean_flow": 3.5979793333333334, "breach_share": 0.02666666666666667, "breach_p1": 0.057692307692307696, "breach_p2": 0.023255813953488372, "breach_p3": 0.0, "breach_p4": 0.0, "wall_seconds": 0.02394038299098611}, "v2rl302": {"id": "c12_replay_150_0117_m1.25", "base_id": "c12_replay_150_0117", "campus": 12, "size": 150, "condition": "crew1.25", "sla_multiplier": 1.0, "crew_multiplier": 1.25, "method": "v2rl302", "seed": 302, "feasible": 1, "wwt": 439.0, "makespan": 68.6519, "mean_flow": 3.587222, "breach_share": 0.02666666666666667, "breach_p1": 0.057692307692307696, "breach_p2": 0.023255813953488372, "breach_p3": 0.0, "breach_p4": 0.0, "wall_seconds": 0.02615086641162634}, "v2rl303": {"id": "c12_replay_150_0117_m1.25", "base_id": "c12_replay_150_0117", "campus": 12, "size": 150, "condition": "crew1.25", "sla_multiplier": 1.0, "crew_multiplier": 1.25, "method": "v2rl303", "seed": 303, "feasible": 1, "wwt": 439.0, "makespan": 68.6519, "mean_flow": 3.587222, "breach_share": 0.02666666666666667, "breach_p1": 0.057692307692307696, "breach_p2": 0.023255813953488372, "breach_p3": 0.0, "breach_p4": 0.0, "wall_seconds": 0.024072222877293825}}, "methods_expected": ["edd", "wspt", "atc", "pfifo", "mor", "random", "v2rl301", "v2rl302", "v2rl303"], "infeasible": [], "wall_seconds_total": 0.0807849308475852}