{"shard_id": "c12_replay_400_0078", "id": "c12_replay_400_0078", "base_id": "c12_replay_400_0078", "campus": 12, "size": 400, "condition": "baseline", "rows": {"edd": {"id": "c12_replay_400_0078", "base_id": "c12_replay_400_0078", "campus": 12, "size": 400, "condition": "baseline", "sla_multiplier": 1.0, "crew_multiplier": 1.0, "method": "edd", "seed": 301, "feasible": 1, "wwt": 1841.2, "makespan": 107.31700000000001, "mean_flow": 5.6152675, "breach_share": 0.0325, "breach_p1": 0.17142857142857143, "breach_p2": 0.019230769230769232, "breach_p3": 0.0, "breach_p4": 0.0, "wall_seconds": 0.0006636632606387138}, "wspt": {"id": "c12_replay_400_0078", "base_id": "c12_replay_400_0078", "campus": 12, "size": 400, "condition": "baseline", "sla_multiplier": 1.0, "crew_multiplier": 1.0, "method": "wspt", "seed": 301, "feasible": 1, "wwt": 1849.2, "makespan": 107.31700000000001, "mean_flow": 5.61316075, "breach_share": 0.0325, "breach_p1": 0.17142857142857143, "breach_p2": 0.019230769230769232, "breach_p3": 0.0, "breach_p4": 0.0, "wall_seconds": 0.0006621377542614937}, "atc": {"id": "c12_replay_400_0078", "base_id": "c12_replay_400_0078", "campus": 12, "size": 400, "condition": "baseline", "sla_multiplier": 1.0, "crew_multiplier": 1.0, "method": "atc", "seed": 301, "feasible": 1, "wwt": 1841.2, "makespan": 107.31700000000001, "mean_flow": 5.61451125, "breach_share": 0.0325, "breach_p1": 0.17142857142857143, "breach_p2": 0.019230769230769232, "breach_p3": 0.0, "breach_p4": 0.0, "wall_seconds": 0.0008812542073428631}, "pfifo": {"id": "c12_replay_400_0078", "base_id": "c12_replay_400_0078", "campus": 12, "size": 400, "condition": "baseline", "sla_multiplier": 1.0, "crew_multiplier": 1.0, "method": "pfifo", "seed": 301, "feasible": 1, "wwt": 1841.2, "makespan": 107.31700000000001, "mean_flow": 5.6152675, "breach_share": 0.0325, "breach_p1": 0.17142857142857143, "breach_p2": 0.019230769230769232, "breach_p3": 0.0, "breach_p4": 0.0, "wall_seconds": 0.0006299088709056377}, "mor": {"id": "c12_replay_400_0078", "base_id": "c12_replay_400_0078", "campus": 12, "size": 400, "condition": "baseline", "sla_multiplier": 1.0, "crew_multiplier": 1.0, "method": "mor", "seed": 301, "feasible": 1, "wwt": 1841.2, "makespan": 107.31700000000001, "mean_flow": 5.62927825, "breach_share": 0.0325, "breach_p1": 0.17142857142857143, "breach_p2": 0.019230769230769232, "breach_p3": 0.0, "breach_p4": 0.0, "wall_seconds": 0.0006301808170974255}, "random": {"id": "c12_replay_400_0078", "base_id": "c12_replay_400_0078", "campus": 12, "size": 400, "condition": "baseline", "sla_multiplier": 1.0, "crew_multiplier": 1.0, "method": "random", "seed": 301, "feasible": 1, "wwt": 1841.2, "makespan": 107.31700000000001, "mean_flow": 5.6121425, "breach_share": 0.0325, "breach_p1": 0.17142857142857143, "breach_p2": 0.019230769230769232, "breach_p3": 0.0, "breach_p4": 0.0, "wall_seconds": 0.0005686059594154358}, "v2rl301": {"id": "c12_replay_400_0078", "base_id": "c12_replay_400_0078", "campus": 12, "size": 400, "condition": "baseline", "sla_multiplier": 1.0, "crew_multiplier": 1.0, "method": "v2rl301", "seed": 301, "feasible": 1, "wwt": 1841.2, "makespan": 107.31700000000001, "mean_flow": 5.615138999999999, "breach_share": 0.0325, "breach_p1": 0.17142857142857143, "breach_p2": 0.019230769230769232, "breach_p3": 0.0, "breach_p4": 0.0, "wall_seconds": 0.04112442396581173}, "v2rl302": {"id": "c12_replay_400_0078", "base_id": "c12_replay_400_0078", "campus": 12, "size": 400, "condition": "baseline", "sla_multiplier": 1.0, "crew_multiplier": 1.0, "method": "v2rl302", "seed": 302, "feasible": 1, "wwt": 1841.2, "makespan": 107.31700000000001, "mean_flow": 5.616528, "breach_share": 0.0325, "breach_p1": 0.17142857142857143, "breach_p2": 0.019230769230769232, "breach_p3": 0.0, "breach_p4": 0.0, "wall_seconds": 0.04099989542737603}, "v2rl303": {"id": "c12_replay_400_0078", "base_id": "c12_replay_400_0078", "campus": 12, "size": 400, "condition": "baseline", "sla_multiplier": 1.0, "crew_multiplier": 1.0, "method": "v2rl303", "seed": 303, "feasible": 1, "wwt": 1841.2, "makespan": 107.31700000000001, "mean_flow": 5.616528, "breach_share": 0.0325, "breach_p1": 0.17142857142857143, "breach_p2": 0.019230769230769232, "breach_p3": 0.0, "breach_p4": 0.0, "wall_seconds": 0.04039352014660835}}, "methods_expected": ["edd", "wspt", "atc", "pfifo", "mor", "random", "v2rl301", "v2rl302", "v2rl303"], "infeasible": [], "wall_seconds_total": 0.13035445706918836}