{"shard_id": "c12_replay_150_0121_m0.75", "id": "c12_replay_150_0121_m0.75", "base_id": "c12_replay_150_0121", "campus": 12, "size": 150, "condition": "crew0.75", "rows": {"edd": {"id": "c12_replay_150_0121_m0.75", "base_id": "c12_replay_150_0121", "campus": 12, "size": 150, "condition": "crew0.75", "sla_multiplier": 1.0, "crew_multiplier": 0.75, "method": "edd", "seed": 301, "feasible": 1, "wwt": 477.2, "makespan": 86.9325, "mean_flow": 5.720764666666668, "breach_share": 0.04666666666666667, "breach_p1": 0.1875, "breach_p2": 0.03571428571428571, "breach_p3": 0.0, "breach_p4": 0.0, "wall_seconds": 0.000266385730355978}, "wspt": {"id": "c12_replay_150_0121_m0.75", "base_id": "c12_replay_150_0121", "campus": 12, "size": 150, "condition": "crew0.75", "sla_multiplier": 1.0, "crew_multiplier": 0.75, "method": "wspt", "seed": 301, "feasible": 1, "wwt": 477.2, "makespan": 86.9325, "mean_flow": 5.720764666666668, "breach_share": 0.04666666666666667, "breach_p1": 0.1875, "breach_p2": 0.03571428571428571, "breach_p3": 0.0, "breach_p4": 0.0, "wall_seconds": 0.00026396429166197777}, "atc": {"id": "c12_replay_150_0121_m0.75", "base_id": "c12_replay_150_0121", "campus": 12, "size": 150, "condition": "crew0.75", "sla_multiplier": 1.0, "crew_multiplier": 0.75, "method": "atc", "seed": 301, "feasible": 1, "wwt": 477.2, "makespan": 86.9325, "mean_flow": 5.720764666666668, "breach_share": 0.04666666666666667, "breach_p1": 0.1875, "breach_p2": 0.03571428571428571, "breach_p3": 0.0, "breach_p4": 0.0, "wall_seconds": 0.0003317352384328842}, "pfifo": {"id": "c12_replay_150_0121_m0.75", "base_id": "c12_replay_150_0121", "campus": 12, "size": 150, "condition": "crew0.75", "sla_multiplier": 1.0, "crew_multiplier": 0.75, "method": "pfifo", "seed": 301, "feasible": 1, "wwt": 477.2, "makespan": 86.9325, "mean_flow": 5.720764666666668, "breach_share": 0.04666666666666667, "breach_p1": 0.1875, "breach_p2": 0.03571428571428571, "breach_p3": 0.0, "breach_p4": 0.0, "wall_seconds": 0.0002529262565076351}, "mor": {"id": "c12_replay_150_0121_m0.75", "base_id": "c12_replay_150_0121", "campus": 12, "size": 150, "condition": "crew0.75", "sla_multiplier": 1.0, "crew_multiplier": 0.75, "method": "mor", "seed": 301, "feasible": 1, "wwt": 477.2, "makespan": 86.9325, "mean_flow": 5.720764666666668, "breach_share": 0.04666666666666667, "breach_p1": 0.1875, "breach_p2": 0.03571428571428571, "breach_p3": 0.0, "breach_p4": 0.0, "wall_seconds": 0.00025067105889320374}, "random": {"id": "c12_replay_150_0121_m0.75", "base_id": "c12_replay_150_0121", "campus": 12, "size": 150, "condition": "crew0.75", "sla_multiplier": 1.0, "crew_multiplier": 0.75, "method": "random", "seed": 301, "feasible": 1, "wwt": 477.2, "makespan": 86.9325, "mean_flow": 5.720764666666668, "breach_share": 0.04666666666666667, "breach_p1": 0.1875, "breach_p2": 0.03571428571428571, "breach_p3": 0.0, "breach_p4": 0.0, "wall_seconds": 0.0002348320558667183}, "v2rl301": {"id": "c12_replay_150_0121_m0.75", "base_id": "c12_replay_150_0121", "campus": 12, "size": 150, "condition": "crew0.75", "sla_multiplier": 1.0, "crew_multiplier": 0.75, "method": "v2rl301", "seed": 301, "feasible": 1, "wwt": 477.2, "makespan": 86.9325, "mean_flow": 5.720764666666668, "breach_share": 0.04666666666666667, "breach_p1": 0.1875, "breach_p2": 0.03571428571428571, "breach_p3": 0.0, "breach_p4": 0.0, "wall_seconds": 0.015248194336891174}, "v2rl302": {"id": "c12_replay_150_0121_m0.75", "base_id": "c12_replay_150_0121", "campus": 12, "size": 150, "condition": "crew0.75", "sla_multiplier": 1.0, "crew_multiplier": 0.75, "method": "v2rl302", "seed": 302, "feasible": 1, "wwt": 477.2, "makespan": 86.9325, "mean_flow": 5.720764666666668, "breach_share": 0.04666666666666667, "breach_p1": 0.1875, "breach_p2": 0.03571428571428571, "breach_p3": 0.0, "breach_p4": 0.0, "wall_seconds": 0.014915614854544401}, "v2rl303": {"id": "c12_replay_150_0121_m0.75", "base_id": "c12_replay_150_0121", "campus": 12, "size": 150, "condition": "crew0.75", "sla_multiplier": 1.0, "crew_multiplier": 0.75, "method": "v2rl303", "seed": 303, "feasible": 1, "wwt": 477.2, "makespan": 86.9325, "mean_flow": 5.720764666666668, "breach_share": 0.04666666666666667, "breach_p1": 0.1875, "breach_p2": 0.03571428571428571, "breach_p3": 0.0, "breach_p4": 0.0, "wall_seconds": 0.01501371804624796}}, "methods_expected": ["edd", "wspt", "atc", "pfifo", "mor", "random", "v2rl301", "v2rl302", "v2rl303"], "infeasible": [], "wall_seconds_total": 0.048978596925735474}