{"shard_id": "c12_replay_150_0101", "id": "c12_replay_150_0101", "base_id": "c12_replay_150_0101", "campus": 12, "size": 150, "condition": "baseline", "rows": {"edd": {"id": "c12_replay_150_0101", "base_id": "c12_replay_150_0101", "campus": 12, "size": 150, "condition": "baseline", "sla_multiplier": 1.0, "crew_multiplier": 1.0, "method": "edd", "seed": 301, "feasible": 1, "wwt": 304.0, "makespan": 61.7108, "mean_flow": 4.819333333333334, "breach_share": 0.03333333333333333, "breach_p1": 0.17857142857142858, "breach_p2": 0.0, "breach_p3": 0.0, "breach_p4": 0.0, "wall_seconds": 0.00029041385278105736}, "wspt": {"id": "c12_replay_150_0101", "base_id": "c12_replay_150_0101", "campus": 12, "size": 150, "condition": "baseline", "sla_multiplier": 1.0, "crew_multiplier": 1.0, "method": "wspt", "seed": 301, "feasible": 1, "wwt": 304.0, "makespan": 61.7108, "mean_flow": 4.819333333333334, "breach_share": 0.03333333333333333, "breach_p1": 0.17857142857142858, "breach_p2": 0.0, "breach_p3": 0.0, "breach_p4": 0.0, "wall_seconds": 0.00029683392494916916}, "atc": {"id": "c12_replay_150_0101", "base_id": "c12_replay_150_0101", "campus": 12, "size": 150, "condition": "baseline", "sla_multiplier": 1.0, "crew_multiplier": 1.0, "method": "atc", "seed": 301, "feasible": 1, "wwt": 304.0, "makespan": 61.7108, "mean_flow": 4.819333333333334, "breach_share": 0.03333333333333333, "breach_p1": 0.17857142857142858, "breach_p2": 0.0, "breach_p3": 0.0, "breach_p4": 0.0, "wall_seconds": 0.0003912881948053837}, "pfifo": {"id": "c12_replay_150_0101", "base_id": "c12_replay_150_0101", "campus": 12, "size": 150, "condition": "baseline", "sla_multiplier": 1.0, "crew_multiplier": 1.0, "method": "pfifo", "seed": 301, "feasible": 1, "wwt": 304.0, "makespan": 61.7108, "mean_flow": 4.819333333333334, "breach_share": 0.03333333333333333, "breach_p1": 0.17857142857142858, "breach_p2": 0.0, "breach_p3": 0.0, "breach_p4": 0.0, "wall_seconds": 0.0002833590842783451}, "mor": {"id": "c12_replay_150_0101", "base_id": "c12_replay_150_0101", "campus": 12, "size": 150, "condition": "baseline", "sla_multiplier": 1.0, "crew_multiplier": 1.0, "method": "mor", "seed": 301, "feasible": 1, "wwt": 304.0, "makespan": 61.7108, "mean_flow": 4.819333333333333, "breach_share": 0.03333333333333333, "breach_p1": 0.17857142857142858, "breach_p2": 0.0, "breach_p3": 0.0, "breach_p4": 0.0, "wall_seconds": 0.0002803071402013302}, "random": {"id": "c12_replay_150_0101", "base_id": "c12_replay_150_0101", "campus": 12, "size": 150, "condition": "baseline", "sla_multiplier": 1.0, "crew_multiplier": 1.0, "method": "random", "seed": 301, "feasible": 1, "wwt": 304.0, "makespan": 61.7108, "mean_flow": 4.819333333333333, "breach_share": 0.03333333333333333, "breach_p1": 0.17857142857142858, "breach_p2": 0.0, "breach_p3": 0.0, "breach_p4": 0.0, "wall_seconds": 0.0002461271360516548}, "v2rl301": {"id": "c12_replay_150_0101", "base_id": "c12_replay_150_0101", "campus": 12, "size": 150, "condition": "baseline", "sla_multiplier": 1.0, "crew_multiplier": 1.0, "method": "v2rl301", "seed": 301, "feasible": 1, "wwt": 304.0, "makespan": 61.7108, "mean_flow": 4.819333333333333, "breach_share": 0.03333333333333333, "breach_p1": 0.17857142857142858, "breach_p2": 0.0, "breach_p3": 0.0, "breach_p4": 0.0, "wall_seconds": 0.015507533214986324}, "v2rl302": {"id": "c12_replay_150_0101", "base_id": "c12_replay_150_0101", "campus": 12, "size": 150, "condition": "baseline", "sla_multiplier": 1.0, "crew_multiplier": 1.0, "method": "v2rl302", "seed": 302, "feasible": 1, "wwt": 304.0, "makespan": 61.7108, "mean_flow": 4.819333333333333, "breach_share": 0.03333333333333333, "breach_p1": 0.17857142857142858, "breach_p2": 0.0, "breach_p3": 0.0, "breach_p4": 0.0, "wall_seconds": 0.016033101826906204}, "v2rl303": {"id": "c12_replay_150_0101", "base_id": "c12_replay_150_0101", "campus": 12, "size": 150, "condition": "baseline", "sla_multiplier": 1.0, "crew_multiplier": 1.0, "method": "v2rl303", "seed": 303, "feasible": 1, "wwt": 304.0, "makespan": 61.7108, "mean_flow": 4.819333333333333, "breach_share": 0.03333333333333333, "breach_p1": 0.17857142857142858, "breach_p2": 0.0, "breach_p3": 0.0, "breach_p4": 0.0, "wall_seconds": 0.015199709217995405}}, "methods_expected": ["edd", "wspt", "atc", "pfifo", "mor", "random", "v2rl301", "v2rl302", "v2rl303"], "infeasible": [], "wall_seconds_total": 0.05048072384670377}