{"shard_id": "c12_replay_150_0116_sla0.5", "id": "c12_replay_150_0116_sla0.5", "base_id": "c12_replay_150_0116", "campus": 12, "size": 150, "condition": "sla0.5", "rows": {"edd": {"id": "c12_replay_150_0116_sla0.5", "base_id": "c12_replay_150_0116", "campus": 12, "size": 150, "condition": "sla0.5", "sla_multiplier": 0.5, "crew_multiplier": 1.0, "method": "edd", "seed": 301, "feasible": 1, "wwt": 435.5648, "makespan": 94.1837, "mean_flow": 4.80651, "breach_share": 0.06, "breach_p1": 0.3181818181818182, "breach_p2": 0.05555555555555555, "breach_p3": 0.0, "breach_p4": 0.012987012987012988, "wall_seconds": 0.0004051108844578266}, "wspt": {"id": "c12_replay_150_0116_sla0.5", "base_id": "c12_replay_150_0116", "campus": 12, "size": 150, "condition": "sla0.5", "sla_multiplier": 0.5, "crew_multiplier": 1.0, "method": "wspt", "seed": 301, "feasible": 1, "wwt": 435.5648, "makespan": 94.1837, "mean_flow": 4.80651, "breach_share": 0.06, "breach_p1": 0.3181818181818182, "breach_p2": 0.05555555555555555, "breach_p3": 0.0, "breach_p4": 0.012987012987012988, "wall_seconds": 0.00036887824535369873}, "atc": {"id": "c12_replay_150_0116_sla0.5", "base_id": "c12_replay_150_0116", "campus": 12, "size": 150, "condition": "sla0.5", "sla_multiplier": 0.5, "crew_multiplier": 1.0, "method": "atc", "seed": 301, "feasible": 1, "wwt": 435.5648, "makespan": 94.1837, "mean_flow": 4.80651, "breach_share": 0.06, "breach_p1": 0.3181818181818182, "breach_p2": 0.05555555555555555, "breach_p3": 0.0, "breach_p4": 0.012987012987012988, "wall_seconds": 0.000444639939814806}, "pfifo": {"id": "c12_replay_150_0116_sla0.5", "base_id": "c12_replay_150_0116", "campus": 12, "size": 150, "condition": "sla0.5", "sla_multiplier": 0.5, "crew_multiplier": 1.0, "method": "pfifo", "seed": 301, "feasible": 1, "wwt": 435.5648, "makespan": 94.1837, "mean_flow": 4.80651, "breach_share": 0.06, "breach_p1": 0.3181818181818182, "breach_p2": 0.05555555555555555, "breach_p3": 0.0, "breach_p4": 0.012987012987012988, "wall_seconds": 0.000359375961124897}, "mor": {"id": "c12_replay_150_0116_sla0.5", "base_id": "c12_replay_150_0116", "campus": 12, "size": 150, "condition": "sla0.5", "sla_multiplier": 0.5, "crew_multiplier": 1.0, "method": "mor", "seed": 301, "feasible": 1, "wwt": 435.5648, "makespan": 94.1837, "mean_flow": 4.80651, "breach_share": 0.06, "breach_p1": 0.3181818181818182, "breach_p2": 0.05555555555555555, "breach_p3": 0.0, "breach_p4": 0.012987012987012988, "wall_seconds": 0.0003553731366991997}, "random": {"id": "c12_replay_150_0116_sla0.5", "base_id": "c12_replay_150_0116", "campus": 12, "size": 150, "condition": "sla0.5", "sla_multiplier": 0.5, "crew_multiplier": 1.0, "method": "random", "seed": 301, "feasible": 1, "wwt": 435.5648, "makespan": 94.1837, "mean_flow": 4.80651, "breach_share": 0.06, "breach_p1": 0.3181818181818182, "breach_p2": 0.05555555555555555, "breach_p3": 0.0, "breach_p4": 0.012987012987012988, "wall_seconds": 0.0003433581441640854}, "v2rl301": {"id": "c12_replay_150_0116_sla0.5", "base_id": "c12_replay_150_0116", "campus": 12, "size": 150, "condition": "sla0.5", "sla_multiplier": 0.5, "crew_multiplier": 1.0, "method": "v2rl301", "seed": 301, "feasible": 1, "wwt": 435.5648, "makespan": 94.1837, "mean_flow": 4.80651, "breach_share": 0.06, "breach_p1": 0.3181818181818182, "breach_p2": 0.05555555555555555, "breach_p3": 0.0, "breach_p4": 0.012987012987012988, "wall_seconds": 0.021891769021749496}, "v2rl302": {"id": "c12_replay_150_0116_sla0.5", "base_id": "c12_replay_150_0116", "campus": 12, "size": 150, "condition": "sla0.5", "sla_multiplier": 0.5, "crew_multiplier": 1.0, "method": "v2rl302", "seed": 302, "feasible": 1, "wwt": 435.5648, "makespan": 94.1837, "mean_flow": 4.80651, "breach_share": 0.06, "breach_p1": 0.3181818181818182, "breach_p2": 0.05555555555555555, "breach_p3": 0.0, "breach_p4": 0.012987012987012988, "wall_seconds": 0.020976901054382324}, "v2rl303": {"id": "c12_replay_150_0116_sla0.5", "base_id": "c12_replay_150_0116", "campus": 12, "size": 150, "condition": "sla0.5", "sla_multiplier": 0.5, "crew_multiplier": 1.0, "method": "v2rl303", "seed": 303, "feasible": 1, "wwt": 435.5648, "makespan": 94.1837, "mean_flow": 4.80651, "breach_share": 0.06, "breach_p1": 0.3181818181818182, "breach_p2": 0.05555555555555555, "breach_p3": 0.0, "breach_p4": 0.012987012987012988, "wall_seconds": 0.020851125940680504}}, "methods_expected": ["edd", "wspt", "atc", "pfifo", "mor", "random", "v2rl301", "v2rl302", "v2rl303"], "infeasible": [], "wall_seconds_total": 0.06894137104973197}