{"shard_id": "c12_replay_150_0110_sla1.5", "id": "c12_replay_150_0110_sla1.5", "base_id": "c12_replay_150_0110", "campus": 12, "size": 150, "condition": "sla1.5", "rows": {"edd": {"id": "c12_replay_150_0110_sla1.5", "base_id": "c12_replay_150_0110", "campus": 12, "size": 150, "condition": "sla1.5", "sla_multiplier": 1.5, "crew_multiplier": 1.0, "method": "edd", "seed": 301, "feasible": 1, "wwt": 2312.1184, "makespan": 99.8648, "mean_flow": 7.443105999999999, "breach_share": 0.07333333333333333, "breach_p1": 0.125, "breach_p2": 0.0, "breach_p3": 0.0, "breach_p4": 0.0, "wall_seconds": 0.0003801570273935795}, "wspt": {"id": "c12_replay_150_0110_sla1.5", "base_id": "c12_replay_150_0110", "campus": 12, "size": 150, "condition": "sla1.5", "sla_multiplier": 1.5, "crew_multiplier": 1.0, "method": "wspt", "seed": 301, "feasible": 1, "wwt": 2344.1184000000003, "makespan": 100.8648, "mean_flow": 7.399732, "breach_share": 0.08, "breach_p1": 0.13636363636363635, "breach_p2": 0.0, "breach_p3": 0.0, "breach_p4": 0.0, "wall_seconds": 0.0004113903269171715}, "atc": {"id": "c12_replay_150_0110_sla1.5", "base_id": "c12_replay_150_0110", "campus": 12, "size": 150, "condition": "sla1.5", "sla_multiplier": 1.5, "crew_multiplier": 1.0, "method": "atc", "seed": 301, "feasible": 1, "wwt": 2329.536, "makespan": 100.8648, "mean_flow": 7.399732, "breach_share": 0.08, "breach_p1": 0.13636363636363635, "breach_p2": 0.0, "breach_p3": 0.0, "breach_p4": 0.0, "wall_seconds": 0.0006842110306024551}, "pfifo": {"id": "c12_replay_150_0110_sla1.5", "base_id": "c12_replay_150_0110", "campus": 12, "size": 150, "condition": "sla1.5", "sla_multiplier": 1.5, "crew_multiplier": 1.0, "method": "pfifo", "seed": 301, "feasible": 1, "wwt": 2312.1184, "makespan": 99.8648, "mean_flow": 7.443105999999999, "breach_share": 0.07333333333333333, "breach_p1": 0.125, "breach_p2": 0.0, "breach_p3": 0.0, "breach_p4": 0.0, "wall_seconds": 0.00039659207686781883}, "mor": {"id": "c12_replay_150_0110_sla1.5", "base_id": "c12_replay_150_0110", "campus": 12, "size": 150, "condition": "sla1.5", "sla_multiplier": 1.5, "crew_multiplier": 1.0, "method": "mor", "seed": 301, "feasible": 1, "wwt": 2256.1184000000003, "makespan": 98.8648, "mean_flow": 7.836864666666667, "breach_share": 0.07333333333333333, "breach_p1": 0.125, "breach_p2": 0.0, "breach_p3": 0.0, "breach_p4": 0.0, "wall_seconds": 0.0004050871357321739}, "random": {"id": "c12_replay_150_0110_sla1.5", "base_id": "c12_replay_150_0110", "campus": 12, "size": 150, "condition": "sla1.5", "sla_multiplier": 1.5, "crew_multiplier": 1.0, "method": "random", "seed": 301, "feasible": 1, "wwt": 2277.536, "makespan": 98.8648, "mean_flow": 7.493106000000001, "breach_share": 0.08, "breach_p1": 0.13636363636363635, "breach_p2": 0.0, "breach_p3": 0.0, "breach_p4": 0.0, "wall_seconds": 0.00025327689945697784}, "v2rl301": {"id": "c12_replay_150_0110_sla1.5", "base_id": "c12_replay_150_0110", "campus": 12, "size": 150, "condition": "sla1.5", "sla_multiplier": 1.5, "crew_multiplier": 1.0, "method": "v2rl301", "seed": 301, "feasible": 1, "wwt": 2256.1184000000003, "makespan": 98.8648, "mean_flow": 7.741692666666666, "breach_share": 0.07333333333333333, "breach_p1": 0.125, "breach_p2": 0.0, "breach_p3": 0.0, "breach_p4": 0.0, "wall_seconds": 0.0172268133610487}, "v2rl302": {"id": "c12_replay_150_0110_sla1.5", "base_id": "c12_replay_150_0110", "campus": 12, "size": 150, "condition": "sla1.5", "sla_multiplier": 1.5, "crew_multiplier": 1.0, "method": "v2rl302", "seed": 302, "feasible": 1, "wwt": 2256.1184000000003, "makespan": 98.8648, "mean_flow": 7.4764393333333325, "breach_share": 0.07333333333333333, "breach_p1": 0.125, "breach_p2": 0.0, "breach_p3": 0.0, "breach_p4": 0.0, "wall_seconds": 0.01713084289804101}, "v2rl303": {"id": "c12_replay_150_0110_sla1.5", "base_id": "c12_replay_150_0110", "campus": 12, "size": 150, "condition": "sla1.5", "sla_multiplier": 1.5, "crew_multiplier": 1.0, "method": "v2rl303", "seed": 303, "feasible": 1, "wwt": 2256.1184000000003, "makespan": 98.8648, "mean_flow": 7.712874, "breach_share": 0.07333333333333333, "breach_p1": 0.125, "breach_p2": 0.0, "breach_p3": 0.0, "breach_p4": 0.0, "wall_seconds": 0.01714397594332695}}, "methods_expected": ["edd", "wspt", "atc", "pfifo", "mor", "random", "v2rl301", "v2rl302", "v2rl303"], "infeasible": [], "wall_seconds_total": 0.056332034058868885}