{"shard_id": "c12_replay_400_0065_m1.25", "id": "c12_replay_400_0065_m1.25", "base_id": "c12_replay_400_0065", "campus": 12, "size": 400, "condition": "crew1.25", "rows": {"edd": {"id": "c12_replay_400_0065_m1.25", "base_id": "c12_replay_400_0065", "campus": 12, "size": 400, "condition": "crew1.25", "sla_multiplier": 1.0, "crew_multiplier": 1.25, "method": "edd", "seed": 301, "feasible": 1, "wwt": 1462.3776, "makespan": 106.7467, "mean_flow": 6.2795145, "breach_share": 0.0375, "breach_p1": 0.12903225806451613, "breach_p2": 0.06578947368421052, "breach_p3": 0.023255813953488372, "breach_p4": 0.0, "wall_seconds": 0.0006928066723048687}, "wspt": {"id": "c12_replay_400_0065_m1.25", "base_id": "c12_replay_400_0065", "campus": 12, "size": 400, "condition": "crew1.25", "sla_multiplier": 1.0, "crew_multiplier": 1.25, "method": "wspt", "seed": 301, "feasible": 1, "wwt": 1462.3776, "makespan": 106.7467, "mean_flow": 6.2788895, "breach_share": 0.0375, "breach_p1": 0.12903225806451613, "breach_p2": 0.06578947368421052, "breach_p3": 0.023255813953488372, "breach_p4": 0.0, "wall_seconds": 0.0006646560505032539}, "atc": {"id": "c12_replay_400_0065_m1.25", "base_id": "c12_replay_400_0065", "campus": 12, "size": 400, "condition": "crew1.25", "sla_multiplier": 1.0, "crew_multiplier": 1.25, "method": "atc", "seed": 301, "feasible": 1, "wwt": 1462.3776, "makespan": 106.7467, "mean_flow": 6.2788895, "breach_share": 0.0375, "breach_p1": 0.12903225806451613, "breach_p2": 0.06578947368421052, "breach_p3": 0.023255813953488372, "breach_p4": 0.0, "wall_seconds": 0.0008177058771252632}, "pfifo": {"id": "c12_replay_400_0065_m1.25", "base_id": "c12_replay_400_0065", "campus": 12, "size": 400, "condition": "crew1.25", "sla_multiplier": 1.0, "crew_multiplier": 1.25, "method": "pfifo", "seed": 301, "feasible": 1, "wwt": 1462.3776, "makespan": 106.7467, "mean_flow": 6.2795145, "breach_share": 0.0375, "breach_p1": 0.12903225806451613, "breach_p2": 0.06578947368421052, "breach_p3": 0.023255813953488372, "breach_p4": 0.0, "wall_seconds": 0.0007102158851921558}, "mor": {"id": "c12_replay_400_0065_m1.25", "base_id": "c12_replay_400_0065", "campus": 12, "size": 400, "condition": "crew1.25", "sla_multiplier": 1.0, "crew_multiplier": 1.25, "method": "mor", "seed": 301, "feasible": 1, "wwt": 1462.3776, "makespan": 106.7467, "mean_flow": 6.2795145, "breach_share": 0.0375, "breach_p1": 0.12903225806451613, "breach_p2": 0.06578947368421052, "breach_p3": 0.023255813953488372, "breach_p4": 0.0, "wall_seconds": 0.0007697041146457195}, "random": {"id": "c12_replay_400_0065_m1.25", "base_id": "c12_replay_400_0065", "campus": 12, "size": 400, "condition": "crew1.25", "sla_multiplier": 1.0, "crew_multiplier": 1.25, "method": "random", "seed": 301, "feasible": 1, "wwt": 1462.3776, "makespan": 106.7467, "mean_flow": 6.2795145, "breach_share": 0.0375, "breach_p1": 0.12903225806451613, "breach_p2": 0.06578947368421052, "breach_p3": 0.023255813953488372, "breach_p4": 0.0, "wall_seconds": 0.0006495630368590355}, "v2rl301": {"id": "c12_replay_400_0065_m1.25", "base_id": "c12_replay_400_0065", "campus": 12, "size": 400, "condition": "crew1.25", "sla_multiplier": 1.0, "crew_multiplier": 1.25, "method": "v2rl301", "seed": 301, "feasible": 1, "wwt": 1462.3776, "makespan": 106.7467, "mean_flow": 6.2795145, "breach_share": 0.0375, "breach_p1": 0.12903225806451613, "breach_p2": 0.06578947368421052, "breach_p3": 0.023255813953488372, "breach_p4": 0.0, "wall_seconds": 0.04089292278513312}, "v2rl302": {"id": "c12_replay_400_0065_m1.25", "base_id": "c12_replay_400_0065", "campus": 12, "size": 400, "condition": "crew1.25", "sla_multiplier": 1.0, "crew_multiplier": 1.25, "method": "v2rl302", "seed": 302, "feasible": 1, "wwt": 1462.3776, "makespan": 106.7467, "mean_flow": 6.2795145, "breach_share": 0.0375, "breach_p1": 0.12903225806451613, "breach_p2": 0.06578947368421052, "breach_p3": 0.023255813953488372, "breach_p4": 0.0, "wall_seconds": 0.04036457324400544}, "v2rl303": {"id": "c12_replay_400_0065_m1.25", "base_id": "c12_replay_400_0065", "campus": 12, "size": 400, "condition": "crew1.25", "sla_multiplier": 1.0, "crew_multiplier": 1.25, "method": "v2rl303", "seed": 303, "feasible": 1, "wwt": 1462.3776, "makespan": 106.7467, "mean_flow": 6.2795145, "breach_share": 0.0375, "breach_p1": 0.12903225806451613, "breach_p2": 0.06578947368421052, "breach_p3": 0.023255813953488372, "breach_p4": 0.0, "wall_seconds": 0.04047696432098746}}, "methods_expected": ["edd", "wspt", "atc", "pfifo", "mor", "random", "v2rl301", "v2rl302", "v2rl303"], "infeasible": [], "wall_seconds_total": 0.1309561626985669}