{"shard_id": "c12_replay_400_0075_sla1.5", "id": "c12_replay_400_0075_sla1.5", "base_id": "c12_replay_400_0075", "campus": 12, "size": 400, "condition": "sla1.5", "rows": {"edd": {"id": "c12_replay_400_0075_sla1.5", "base_id": "c12_replay_400_0075", "campus": 12, "size": 400, "condition": "sla1.5", "sla_multiplier": 1.5, "crew_multiplier": 1.0, "method": "edd", "seed": 301, "feasible": 1, "wwt": 1199.4592, "makespan": 117.0762, "mean_flow": 6.08292725, "breach_share": 0.025, "breach_p1": 0.08653846153846154, "breach_p2": 0.017241379310344827, "breach_p3": 0.0, "breach_p4": 0.0, "wall_seconds": 0.0006598080508410931}, "wspt": {"id": "c12_replay_400_0075_sla1.5", "base_id": "c12_replay_400_0075", "campus": 12, "size": 400, "condition": "sla1.5", "sla_multiplier": 1.5, "crew_multiplier": 1.0, "method": "wspt", "seed": 301, "feasible": 1, "wwt": 1199.4592, "makespan": 117.0762, "mean_flow": 6.08292725, "breach_share": 0.025, "breach_p1": 0.08653846153846154, "breach_p2": 0.017241379310344827, "breach_p3": 0.0, "breach_p4": 0.0, "wall_seconds": 0.0006522159092128277}, "atc": {"id": "c12_replay_400_0075_sla1.5", "base_id": "c12_replay_400_0075", "campus": 12, "size": 400, "condition": "sla1.5", "sla_multiplier": 1.5, "crew_multiplier": 1.0, "method": "atc", "seed": 301, "feasible": 1, "wwt": 1199.4592, "makespan": 117.0762, "mean_flow": 6.08292725, "breach_share": 0.025, "breach_p1": 0.08653846153846154, "breach_p2": 0.017241379310344827, "breach_p3": 0.0, "breach_p4": 0.0, "wall_seconds": 0.0008596992120146751}, "pfifo": {"id": "c12_replay_400_0075_sla1.5", "base_id": "c12_replay_400_0075", "campus": 12, "size": 400, "condition": "sla1.5", "sla_multiplier": 1.5, "crew_multiplier": 1.0, "method": "pfifo", "seed": 301, "feasible": 1, "wwt": 1199.4592, "makespan": 117.0762, "mean_flow": 6.08292725, "breach_share": 0.025, "breach_p1": 0.08653846153846154, "breach_p2": 0.017241379310344827, "breach_p3": 0.0, "breach_p4": 0.0, "wall_seconds": 0.000625312328338623}, "mor": {"id": "c12_replay_400_0075_sla1.5", "base_id": "c12_replay_400_0075", "campus": 12, "size": 400, "condition": "sla1.5", "sla_multiplier": 1.5, "crew_multiplier": 1.0, "method": "mor", "seed": 301, "feasible": 1, "wwt": 1199.4592, "makespan": 117.0762, "mean_flow": 6.08292725, "breach_share": 0.025, "breach_p1": 0.08653846153846154, "breach_p2": 0.017241379310344827, "breach_p3": 0.0, "breach_p4": 0.0, "wall_seconds": 0.0006174910813570023}, "random": {"id": "c12_replay_400_0075_sla1.5", "base_id": "c12_replay_400_0075", "campus": 12, "size": 400, "condition": "sla1.5", "sla_multiplier": 1.5, "crew_multiplier": 1.0, "method": "random", "seed": 301, "feasible": 1, "wwt": 1199.4592, "makespan": 117.0762, "mean_flow": 6.08292725, "breach_share": 0.025, "breach_p1": 0.08653846153846154, "breach_p2": 0.017241379310344827, "breach_p3": 0.0, "breach_p4": 0.0, "wall_seconds": 0.000566157978028059}, "v2rl301": {"id": "c12_replay_400_0075_sla1.5", "base_id": "c12_replay_400_0075", "campus": 12, "size": 400, "condition": "sla1.5", "sla_multiplier": 1.5, "crew_multiplier": 1.0, "method": "v2rl301", "seed": 301, "feasible": 1, "wwt": 1199.4592, "makespan": 117.0762, "mean_flow": 6.08292725, "breach_share": 0.025, "breach_p1": 0.08653846153846154, "breach_p2": 0.017241379310344827, "breach_p3": 0.0, "breach_p4": 0.0, "wall_seconds": 0.04087335802614689}, "v2rl302": {"id": "c12_replay_400_0075_sla1.5", "base_id": "c12_replay_400_0075", "campus": 12, "size": 400, "condition": "sla1.5", "sla_multiplier": 1.5, "crew_multiplier": 1.0, "method": "v2rl302", "seed": 302, "feasible": 1, "wwt": 1199.4592, "makespan": 117.0762, "mean_flow": 6.08292725, "breach_share": 0.025, "breach_p1": 0.08653846153846154, "breach_p2": 0.017241379310344827, "breach_p3": 0.0, "breach_p4": 0.0, "wall_seconds": 0.04040073696523905}, "v2rl303": {"id": "c12_replay_400_0075_sla1.5", "base_id": "c12_replay_400_0075", "campus": 12, "size": 400, "condition": "sla1.5", "sla_multiplier": 1.5, "crew_multiplier": 1.0, "method": "v2rl303", "seed": 303, "feasible": 1, "wwt": 1199.4592, "makespan": 117.0762, "mean_flow": 6.08292725, "breach_share": 0.025, "breach_p1": 0.08653846153846154, "breach_p2": 0.017241379310344827, "breach_p3": 0.0, "breach_p4": 0.0, "wall_seconds": 0.041399108711630106}}, "methods_expected": ["edd", "wspt", "atc", "pfifo", "mor", "random", "v2rl301", "v2rl302", "v2rl303"], "infeasible": [], "wall_seconds_total": 0.13135444512590766}