{"shard_id": "c12_replay_400_0063_m1.25", "id": "c12_replay_400_0063_m1.25", "base_id": "c12_replay_400_0063", "campus": 12, "size": 400, "condition": "crew1.25", "rows": {"edd": {"id": "c12_replay_400_0063_m1.25", "base_id": "c12_replay_400_0063", "campus": 12, "size": 400, "condition": "crew1.25", "sla_multiplier": 1.0, "crew_multiplier": 1.25, "method": "edd", "seed": 301, "feasible": 1, "wwt": 2748.3184, "makespan": 115.0364, "mean_flow": 7.106412000000001, "breach_share": 0.0525, "breach_p1": 0.19318181818181818, "breach_p2": 0.04, "breach_p3": 0.01020408163265306, "breach_p4": 0.0, "wall_seconds": 0.0006663752719759941}, "wspt": {"id": "c12_replay_400_0063_m1.25", "base_id": "c12_replay_400_0063", "campus": 12, "size": 400, "condition": "crew1.25", "sla_multiplier": 1.0, "crew_multiplier": 1.25, "method": "wspt", "seed": 301, "feasible": 1, "wwt": 2748.3184, "makespan": 115.0364, "mean_flow": 7.106412000000001, "breach_share": 0.0525, "breach_p1": 0.19318181818181818, "breach_p2": 0.04, "breach_p3": 0.01020408163265306, "breach_p4": 0.0, "wall_seconds": 0.0006491858512163162}, "atc": {"id": "c12_replay_400_0063_m1.25", "base_id": "c12_replay_400_0063", "campus": 12, "size": 400, "condition": "crew1.25", "sla_multiplier": 1.0, "crew_multiplier": 1.25, "method": "atc", "seed": 301, "feasible": 1, "wwt": 2748.3184, "makespan": 115.0364, "mean_flow": 7.106412000000001, "breach_share": 0.0525, "breach_p1": 0.19318181818181818, "breach_p2": 0.04, "breach_p3": 0.01020408163265306, "breach_p4": 0.0, "wall_seconds": 0.0008284891955554485}, "pfifo": {"id": "c12_replay_400_0063_m1.25", "base_id": "c12_replay_400_0063", "campus": 12, "size": 400, "condition": "crew1.25", "sla_multiplier": 1.0, "crew_multiplier": 1.25, "method": "pfifo", "seed": 301, "feasible": 1, "wwt": 2748.3184, "makespan": 115.0364, "mean_flow": 7.106412000000001, "breach_share": 0.0525, "breach_p1": 0.19318181818181818, "breach_p2": 0.04, "breach_p3": 0.01020408163265306, "breach_p4": 0.0, "wall_seconds": 0.0006333319470286369}, "mor": {"id": "c12_replay_400_0063_m1.25", "base_id": "c12_replay_400_0063", "campus": 12, "size": 400, "condition": "crew1.25", "sla_multiplier": 1.0, "crew_multiplier": 1.25, "method": "mor", "seed": 301, "feasible": 1, "wwt": 2748.3184, "makespan": 115.0364, "mean_flow": 7.106412000000001, "breach_share": 0.0525, "breach_p1": 0.19318181818181818, "breach_p2": 0.04, "breach_p3": 0.01020408163265306, "breach_p4": 0.0, "wall_seconds": 0.0006926078349351883}, "random": {"id": "c12_replay_400_0063_m1.25", "base_id": "c12_replay_400_0063", "campus": 12, "size": 400, "condition": "crew1.25", "sla_multiplier": 1.0, "crew_multiplier": 1.25, "method": "random", "seed": 301, "feasible": 1, "wwt": 2748.3184, "makespan": 115.0364, "mean_flow": 7.106412000000001, "breach_share": 0.0525, "breach_p1": 0.19318181818181818, "breach_p2": 0.04, "breach_p3": 0.01020408163265306, "breach_p4": 0.0, "wall_seconds": 0.0006913491524755955}, "v2rl301": {"id": "c12_replay_400_0063_m1.25", "base_id": "c12_replay_400_0063", "campus": 12, "size": 400, "condition": "crew1.25", "sla_multiplier": 1.0, "crew_multiplier": 1.25, "method": "v2rl301", "seed": 301, "feasible": 1, "wwt": 2748.3184, "makespan": 115.0364, "mean_flow": 7.106412000000001, "breach_share": 0.0525, "breach_p1": 0.19318181818181818, "breach_p2": 0.04, "breach_p3": 0.01020408163265306, "breach_p4": 0.0, "wall_seconds": 0.04134752415120602}, "v2rl302": {"id": "c12_replay_400_0063_m1.25", "base_id": "c12_replay_400_0063", "campus": 12, "size": 400, "condition": "crew1.25", "sla_multiplier": 1.0, "crew_multiplier": 1.25, "method": "v2rl302", "seed": 302, "feasible": 1, "wwt": 2748.3184, "makespan": 115.0364, "mean_flow": 7.106412000000001, "breach_share": 0.0525, "breach_p1": 0.19318181818181818, "breach_p2": 0.04, "breach_p3": 0.01020408163265306, "breach_p4": 0.0, "wall_seconds": 0.0401197113096714}, "v2rl303": {"id": "c12_replay_400_0063_m1.25", "base_id": "c12_replay_400_0063", "campus": 12, "size": 400, "condition": "crew1.25", "sla_multiplier": 1.0, "crew_multiplier": 1.25, "method": "v2rl303", "seed": 303, "feasible": 1, "wwt": 2748.3184, "makespan": 115.0364, "mean_flow": 7.106412000000001, "breach_share": 0.0525, "breach_p1": 0.19318181818181818, "breach_p2": 0.04, "breach_p3": 0.01020408163265306, "breach_p4": 0.0, "wall_seconds": 0.04018585244193673}}, "methods_expected": ["edd", "wspt", "atc", "pfifo", "mor", "random", "v2rl301", "v2rl302", "v2rl303"], "infeasible": [], "wall_seconds_total": 0.1305964752100408}