{"shard_id": "c12_replay_400_0061", "id": "c12_replay_400_0061", "base_id": "c12_replay_400_0061", "campus": 12, "size": 400, "condition": "baseline", "rows": {"edd": {"id": "c12_replay_400_0061", "base_id": "c12_replay_400_0061", "campus": 12, "size": 400, "condition": "baseline", "sla_multiplier": 1.0, "crew_multiplier": 1.0, "method": "edd", "seed": 301, "feasible": 1, "wwt": 560.0, "makespan": 102.3165, "mean_flow": 5.517111, "breach_share": 0.025, "breach_p1": 0.13432835820895522, "breach_p2": 0.016666666666666666, "breach_p3": 0.0, "breach_p4": 0.0, "wall_seconds": 0.0006867800839245319}, "wspt": {"id": "c12_replay_400_0061", "base_id": "c12_replay_400_0061", "campus": 12, "size": 400, "condition": "baseline", "sla_multiplier": 1.0, "crew_multiplier": 1.0, "method": "wspt", "seed": 301, "feasible": 1, "wwt": 560.0, "makespan": 102.3165, "mean_flow": 5.517111, "breach_share": 0.025, "breach_p1": 0.13432835820895522, "breach_p2": 0.016666666666666666, "breach_p3": 0.0, "breach_p4": 0.0, "wall_seconds": 0.0006778477691113949}, "atc": {"id": "c12_replay_400_0061", "base_id": "c12_replay_400_0061", "campus": 12, "size": 400, "condition": "baseline", "sla_multiplier": 1.0, "crew_multiplier": 1.0, "method": "atc", "seed": 301, "feasible": 1, "wwt": 560.0, "makespan": 102.3165, "mean_flow": 5.517111, "breach_share": 0.025, "breach_p1": 0.13432835820895522, "breach_p2": 0.016666666666666666, "breach_p3": 0.0, "breach_p4": 0.0, "wall_seconds": 0.0009157299064099789}, "pfifo": {"id": "c12_replay_400_0061", "base_id": "c12_replay_400_0061", "campus": 12, "size": 400, "condition": "baseline", "sla_multiplier": 1.0, "crew_multiplier": 1.0, "method": "pfifo", "seed": 301, "feasible": 1, "wwt": 560.0, "makespan": 102.3165, "mean_flow": 5.517111, "breach_share": 0.025, "breach_p1": 0.13432835820895522, "breach_p2": 0.016666666666666666, "breach_p3": 0.0, "breach_p4": 0.0, "wall_seconds": 0.0006393948569893837}, "mor": {"id": "c12_replay_400_0061", "base_id": "c12_replay_400_0061", "campus": 12, "size": 400, "condition": "baseline", "sla_multiplier": 1.0, "crew_multiplier": 1.0, "method": "mor", "seed": 301, "feasible": 1, "wwt": 560.0, "makespan": 102.3165, "mean_flow": 5.517111, "breach_share": 0.025, "breach_p1": 0.13432835820895522, "breach_p2": 0.016666666666666666, "breach_p3": 0.0, "breach_p4": 0.0, "wall_seconds": 0.0006317440420389175}, "random": {"id": "c12_replay_400_0061", "base_id": "c12_replay_400_0061", "campus": 12, "size": 400, "condition": "baseline", "sla_multiplier": 1.0, "crew_multiplier": 1.0, "method": "random", "seed": 301, "feasible": 1, "wwt": 560.0, "makespan": 102.3165, "mean_flow": 5.517111, "breach_share": 0.025, "breach_p1": 0.13432835820895522, "breach_p2": 0.016666666666666666, "breach_p3": 0.0, "breach_p4": 0.0, "wall_seconds": 0.000574083998799324}, "v2rl301": {"id": "c12_replay_400_0061", "base_id": "c12_replay_400_0061", "campus": 12, "size": 400, "condition": "baseline", "sla_multiplier": 1.0, "crew_multiplier": 1.0, "method": "v2rl301", "seed": 301, "feasible": 1, "wwt": 560.0, "makespan": 102.3165, "mean_flow": 5.517111, "breach_share": 0.025, "breach_p1": 0.13432835820895522, "breach_p2": 0.016666666666666666, "breach_p3": 0.0, "breach_p4": 0.0, "wall_seconds": 0.04166545858606696}, "v2rl302": {"id": "c12_replay_400_0061", "base_id": "c12_replay_400_0061", "campus": 12, "size": 400, "condition": "baseline", "sla_multiplier": 1.0, "crew_multiplier": 1.0, "method": "v2rl302", "seed": 302, "feasible": 1, "wwt": 560.0, "makespan": 102.3165, "mean_flow": 5.517111, "breach_share": 0.025, "breach_p1": 0.13432835820895522, "breach_p2": 0.016666666666666666, "breach_p3": 0.0, "breach_p4": 0.0, "wall_seconds": 0.04164376761764288}, "v2rl303": {"id": "c12_replay_400_0061", "base_id": "c12_replay_400_0061", "campus": 12, "size": 400, "condition": "baseline", "sla_multiplier": 1.0, "crew_multiplier": 1.0, "method": "v2rl303", "seed": 303, "feasible": 1, "wwt": 560.0, "makespan": 102.3165, "mean_flow": 5.517111, "breach_share": 0.025, "breach_p1": 0.13432835820895522, "breach_p2": 0.016666666666666666, "breach_p3": 0.0, "breach_p4": 0.0, "wall_seconds": 0.0415600030682981}}, "methods_expected": ["edd", "wspt", "atc", "pfifo", "mor", "random", "v2rl301", "v2rl302", "v2rl303"], "infeasible": [], "wall_seconds_total": 0.13289869390428066}