{"shard_id": "c12_replay_400_0078_sla1.5", "id": "c12_replay_400_0078_sla1.5", "base_id": "c12_replay_400_0078", "campus": 12, "size": 400, "condition": "sla1.5", "rows": {"edd": {"id": "c12_replay_400_0078_sla1.5", "base_id": "c12_replay_400_0078", "campus": 12, "size": 400, "condition": "sla1.5", "sla_multiplier": 1.5, "crew_multiplier": 1.0, "method": "edd", "seed": 301, "feasible": 1, "wwt": 1488.0, "makespan": 107.31700000000001, "mean_flow": 5.6152675, "breach_share": 0.0225, "breach_p1": 0.12857142857142856, "breach_p2": 0.0, "breach_p3": 0.0, "breach_p4": 0.0, "wall_seconds": 0.0006612557917833328}, "wspt": {"id": "c12_replay_400_0078_sla1.5", "base_id": "c12_replay_400_0078", "campus": 12, "size": 400, "condition": "sla1.5", "sla_multiplier": 1.5, "crew_multiplier": 1.0, "method": "wspt", "seed": 301, "feasible": 1, "wwt": 1496.0, "makespan": 107.31700000000001, "mean_flow": 5.61316075, "breach_share": 0.0225, "breach_p1": 0.12857142857142856, "breach_p2": 0.0, "breach_p3": 0.0, "breach_p4": 0.0, "wall_seconds": 0.000635234173387289}, "atc": {"id": "c12_replay_400_0078_sla1.5", "base_id": "c12_replay_400_0078", "campus": 12, "size": 400, "condition": "sla1.5", "sla_multiplier": 1.5, "crew_multiplier": 1.0, "method": "atc", "seed": 301, "feasible": 1, "wwt": 1488.0, "makespan": 107.31700000000001, "mean_flow": 5.61451125, "breach_share": 0.0225, "breach_p1": 0.12857142857142856, "breach_p2": 0.0, "breach_p3": 0.0, "breach_p4": 0.0, "wall_seconds": 0.0008560726419091225}, "pfifo": {"id": "c12_replay_400_0078_sla1.5", "base_id": "c12_replay_400_0078", "campus": 12, "size": 400, "condition": "sla1.5", "sla_multiplier": 1.5, "crew_multiplier": 1.0, "method": "pfifo", "seed": 301, "feasible": 1, "wwt": 1488.0, "makespan": 107.31700000000001, "mean_flow": 5.6152675, "breach_share": 0.0225, "breach_p1": 0.12857142857142856, "breach_p2": 0.0, "breach_p3": 0.0, "breach_p4": 0.0, "wall_seconds": 0.0006273570470511913}, "mor": {"id": "c12_replay_400_0078_sla1.5", "base_id": "c12_replay_400_0078", "campus": 12, "size": 400, "condition": "sla1.5", "sla_multiplier": 1.5, "crew_multiplier": 1.0, "method": "mor", "seed": 301, "feasible": 1, "wwt": 1488.0, "makespan": 107.31700000000001, "mean_flow": 5.62927825, "breach_share": 0.0225, "breach_p1": 0.12857142857142856, "breach_p2": 0.0, "breach_p3": 0.0, "breach_p4": 0.0, "wall_seconds": 0.0006279177032411098}, "random": {"id": "c12_replay_400_0078_sla1.5", "base_id": "c12_replay_400_0078", "campus": 12, "size": 400, "condition": "sla1.5", "sla_multiplier": 1.5, "crew_multiplier": 1.0, "method": "random", "seed": 301, "feasible": 1, "wwt": 1488.0, "makespan": 107.31700000000001, "mean_flow": 5.6121425, "breach_share": 0.0225, "breach_p1": 0.12857142857142856, "breach_p2": 0.0, "breach_p3": 0.0, "breach_p4": 0.0, "wall_seconds": 0.000564665999263525}, "v2rl301": {"id": "c12_replay_400_0078_sla1.5", "base_id": "c12_replay_400_0078", "campus": 12, "size": 400, "condition": "sla1.5", "sla_multiplier": 1.5, "crew_multiplier": 1.0, "method": "v2rl301", "seed": 301, "feasible": 1, "wwt": 1488.0, "makespan": 107.31700000000001, "mean_flow": 5.61991075, "breach_share": 0.0225, "breach_p1": 0.12857142857142856, "breach_p2": 0.0, "breach_p3": 0.0, "breach_p4": 0.0, "wall_seconds": 0.0416884939186275}, "v2rl302": {"id": "c12_replay_400_0078_sla1.5", "base_id": "c12_replay_400_0078", "campus": 12, "size": 400, "condition": "sla1.5", "sla_multiplier": 1.5, "crew_multiplier": 1.0, "method": "v2rl302", "seed": 302, "feasible": 1, "wwt": 1488.0, "makespan": 107.31700000000001, "mean_flow": 5.616528, "breach_share": 0.0225, "breach_p1": 0.12857142857142856, "breach_p2": 0.0, "breach_p3": 0.0, "breach_p4": 0.0, "wall_seconds": 0.04045981215313077}, "v2rl303": {"id": "c12_replay_400_0078_sla1.5", "base_id": "c12_replay_400_0078", "campus": 12, "size": 400, "condition": "sla1.5", "sla_multiplier": 1.5, "crew_multiplier": 1.0, "method": "v2rl303", "seed": 303, "feasible": 1, "wwt": 1488.0, "makespan": 107.31700000000001, "mean_flow": 5.616528, "breach_share": 0.0225, "breach_p1": 0.12857142857142856, "breach_p2": 0.0, "breach_p3": 0.0, "breach_p4": 0.0, "wall_seconds": 0.04042016388848424}}, "methods_expected": ["edd", "wspt", "atc", "pfifo", "mor", "random", "v2rl301", "v2rl302", "v2rl303"], "infeasible": [], "wall_seconds_total": 0.13116423832252622}