{"shard_id": "c12_replay_400_0081_sla1.5", "id": "c12_replay_400_0081_sla1.5", "base_id": "c12_replay_400_0081", "campus": 12, "size": 400, "condition": "sla1.5", "rows": {"edd": {"id": "c12_replay_400_0081_sla1.5", "base_id": "c12_replay_400_0081", "campus": 12, "size": 400, "condition": "sla1.5", "sla_multiplier": 1.5, "crew_multiplier": 1.0, "method": "edd", "seed": 301, "feasible": 1, "wwt": 110.0, "makespan": 121.3923, "mean_flow": 10.03817325, "breach_share": 0.01, "breach_p1": 0.06666666666666667, "breach_p2": 0.027777777777777776, "breach_p3": 0.0, "breach_p4": 0.0, "wall_seconds": 0.0006898683495819569}, "wspt": {"id": "c12_replay_400_0081_sla1.5", "base_id": "c12_replay_400_0081", "campus": 12, "size": 400, "condition": "sla1.5", "sla_multiplier": 1.5, "crew_multiplier": 1.0, "method": "wspt", "seed": 301, "feasible": 1, "wwt": 110.0, "makespan": 124.5923, "mean_flow": 8.410489250000001, "breach_share": 0.01, "breach_p1": 0.06666666666666667, "breach_p2": 0.027777777777777776, "breach_p3": 0.0, "breach_p4": 0.0, "wall_seconds": 0.0007143290713429451}, "atc": {"id": "c12_replay_400_0081_sla1.5", "base_id": "c12_replay_400_0081", "campus": 12, "size": 400, "condition": "sla1.5", "sla_multiplier": 1.5, "crew_multiplier": 1.0, "method": "atc", "seed": 301, "feasible": 1, "wwt": 110.0, "makespan": 121.3329, "mean_flow": 8.47923075, "breach_share": 0.01, "breach_p1": 0.06666666666666667, "breach_p2": 0.027777777777777776, "breach_p3": 0.0, "breach_p4": 0.0, "wall_seconds": 0.0010308977216482162}, "pfifo": {"id": "c12_replay_400_0081_sla1.5", "base_id": "c12_replay_400_0081", "campus": 12, "size": 400, "condition": "sla1.5", "sla_multiplier": 1.5, "crew_multiplier": 1.0, "method": "pfifo", "seed": 301, "feasible": 1, "wwt": 110.0, "makespan": 121.3923, "mean_flow": 10.03817325, "breach_share": 0.01, "breach_p1": 0.06666666666666667, "breach_p2": 0.027777777777777776, "breach_p3": 0.0, "breach_p4": 0.0, "wall_seconds": 0.0007438710890710354}, "mor": {"id": "c12_replay_400_0081_sla1.5", "base_id": "c12_replay_400_0081", "campus": 12, "size": 400, "condition": "sla1.5", "sla_multiplier": 1.5, "crew_multiplier": 1.0, "method": "mor", "seed": 301, "feasible": 1, "wwt": 110.0, "makespan": 105.929, "mean_flow": 12.28801275, "breach_share": 0.01, "breach_p1": 0.06666666666666667, "breach_p2": 0.027777777777777776, "breach_p3": 0.0, "breach_p4": 0.0, "wall_seconds": 0.000762599054723978}, "random": {"id": "c12_replay_400_0081_sla1.5", "base_id": "c12_replay_400_0081", "campus": 12, "size": 400, "condition": "sla1.5", "sla_multiplier": 1.5, "crew_multiplier": 1.0, "method": "random", "seed": 301, "feasible": 1, "wwt": 115.7142, "makespan": 129.4265, "mean_flow": 9.340990249999999, "breach_share": 0.0125, "breach_p1": 0.06666666666666667, "breach_p2": 0.027777777777777776, "breach_p3": 0.006329113924050633, "breach_p4": 0.0, "wall_seconds": 0.0006014839746057987}, "v2rl301": {"id": "c12_replay_400_0081_sla1.5", "base_id": "c12_replay_400_0081", "campus": 12, "size": 400, "condition": "sla1.5", "sla_multiplier": 1.5, "crew_multiplier": 1.0, "method": "v2rl301", "seed": 301, "feasible": 1, "wwt": 110.0, "makespan": 105.929, "mean_flow": 11.95629475, "breach_share": 0.01, "breach_p1": 0.06666666666666667, "breach_p2": 0.027777777777777776, "breach_p3": 0.0, "breach_p4": 0.0, "wall_seconds": 0.04295813711360097}, "v2rl302": {"id": "c12_replay_400_0081_sla1.5", "base_id": "c12_replay_400_0081", "campus": 12, "size": 400, "condition": "sla1.5", "sla_multiplier": 1.5, "crew_multiplier": 1.0, "method": "v2rl302", "seed": 302, "feasible": 1, "wwt": 110.0, "makespan": 105.929, "mean_flow": 12.143480749999998, "breach_share": 0.01, "breach_p1": 0.06666666666666667, "breach_p2": 0.027777777777777776, "breach_p3": 0.0, "breach_p4": 0.0, "wall_seconds": 0.04252519505098462}, "v2rl303": {"id": "c12_replay_400_0081_sla1.5", "base_id": "c12_replay_400_0081", "campus": 12, "size": 400, "condition": "sla1.5", "sla_multiplier": 1.5, "crew_multiplier": 1.0, "method": "v2rl303", "seed": 303, "feasible": 1, "wwt": 110.0, "makespan": 105.929, "mean_flow": 12.165980750000001, "breach_share": 0.01, "breach_p1": 0.06666666666666667, "breach_p2": 0.027777777777777776, "breach_p3": 0.0, "breach_p4": 0.0, "wall_seconds": 0.042688027024269104}}, "methods_expected": ["edd", "wspt", "atc", "pfifo", "mor", "random", "v2rl301", "v2rl302", "v2rl303"], "infeasible": [], "wall_seconds_total": 0.1375569929368794}