{"shard_id": "c12_replay_150_0128_m1.25", "id": "c12_replay_150_0128_m1.25", "base_id": "c12_replay_150_0128", "campus": 12, "size": 150, "condition": "crew1.25", "rows": {"edd": {"id": "c12_replay_150_0128_m1.25", "base_id": "c12_replay_150_0128", "campus": 12, "size": 150, "condition": "crew1.25", "sla_multiplier": 1.0, "crew_multiplier": 1.25, "method": "edd", "seed": 301, "feasible": 1, "wwt": 43.45920000000001, "makespan": 92.1156, "mean_flow": 5.950629333333333, "breach_share": 0.013333333333333334, "breach_p1": 0.0, "breach_p2": 0.0, "breach_p3": 0.05405405405405406, "breach_p4": 0.0, "wall_seconds": 0.00028670579195022583}, "wspt": {"id": "c12_replay_150_0128_m1.25", "base_id": "c12_replay_150_0128", "campus": 12, "size": 150, "condition": "crew1.25", "sla_multiplier": 1.0, "crew_multiplier": 1.25, "method": "wspt", "seed": 301, "feasible": 1, "wwt": 43.45920000000001, "makespan": 92.1156, "mean_flow": 5.950629333333333, "breach_share": 0.013333333333333334, "breach_p1": 0.0, "breach_p2": 0.0, "breach_p3": 0.05405405405405406, "breach_p4": 0.0, "wall_seconds": 0.00028559379279613495}, "atc": {"id": "c12_replay_150_0128_m1.25", "base_id": "c12_replay_150_0128", "campus": 12, "size": 150, "condition": "crew1.25", "sla_multiplier": 1.0, "crew_multiplier": 1.25, "method": "atc", "seed": 301, "feasible": 1, "wwt": 43.45920000000001, "makespan": 92.1156, "mean_flow": 5.950629333333333, "breach_share": 0.013333333333333334, "breach_p1": 0.0, "breach_p2": 0.0, "breach_p3": 0.05405405405405406, "breach_p4": 0.0, "wall_seconds": 0.0003360556438565254}, "pfifo": {"id": "c12_replay_150_0128_m1.25", "base_id": "c12_replay_150_0128", "campus": 12, "size": 150, "condition": "crew1.25", "sla_multiplier": 1.0, "crew_multiplier": 1.25, "method": "pfifo", "seed": 301, "feasible": 1, "wwt": 43.45920000000001, "makespan": 92.1156, "mean_flow": 5.950629333333333, "breach_share": 0.013333333333333334, "breach_p1": 0.0, "breach_p2": 0.0, "breach_p3": 0.05405405405405406, "breach_p4": 0.0, "wall_seconds": 0.0002724551595747471}, "mor": {"id": "c12_replay_150_0128_m1.25", "base_id": "c12_replay_150_0128", "campus": 12, "size": 150, "condition": "crew1.25", "sla_multiplier": 1.0, "crew_multiplier": 1.25, "method": "mor", "seed": 301, "feasible": 1, "wwt": 43.45920000000001, "makespan": 92.1156, "mean_flow": 5.950629333333333, "breach_share": 0.013333333333333334, "breach_p1": 0.0, "breach_p2": 0.0, "breach_p3": 0.05405405405405406, "breach_p4": 0.0, "wall_seconds": 0.0002616569399833679}, "random": {"id": "c12_replay_150_0128_m1.25", "base_id": "c12_replay_150_0128", "campus": 12, "size": 150, "condition": "crew1.25", "sla_multiplier": 1.0, "crew_multiplier": 1.25, "method": "random", "seed": 301, "feasible": 1, "wwt": 43.45920000000001, "makespan": 92.1156, "mean_flow": 5.950629333333333, "breach_share": 0.013333333333333334, "breach_p1": 0.0, "breach_p2": 0.0, "breach_p3": 0.05405405405405406, "breach_p4": 0.0, "wall_seconds": 0.00026460597291588783}, "v2rl301": {"id": "c12_replay_150_0128_m1.25", "base_id": "c12_replay_150_0128", "campus": 12, "size": 150, "condition": "crew1.25", "sla_multiplier": 1.0, "crew_multiplier": 1.25, "method": "v2rl301", "seed": 301, "feasible": 1, "wwt": 43.45920000000001, "makespan": 92.1156, "mean_flow": 5.950629333333333, "breach_share": 0.013333333333333334, "breach_p1": 0.0, "breach_p2": 0.0, "breach_p3": 0.05405405405405406, "breach_p4": 0.0, "wall_seconds": 0.015249582938849926}, "v2rl302": {"id": "c12_replay_150_0128_m1.25", "base_id": "c12_replay_150_0128", "campus": 12, "size": 150, "condition": "crew1.25", "sla_multiplier": 1.0, "crew_multiplier": 1.25, "method": "v2rl302", "seed": 302, "feasible": 1, "wwt": 43.45920000000001, "makespan": 92.1156, "mean_flow": 5.950629333333333, "breach_share": 0.013333333333333334, "breach_p1": 0.0, "breach_p2": 0.0, "breach_p3": 0.05405405405405406, "breach_p4": 0.0, "wall_seconds": 0.01481285784393549}, "v2rl303": {"id": "c12_replay_150_0128_m1.25", "base_id": "c12_replay_150_0128", "campus": 12, "size": 150, "condition": "crew1.25", "sla_multiplier": 1.0, "crew_multiplier": 1.25, "method": "v2rl303", "seed": 303, "feasible": 1, "wwt": 43.45920000000001, "makespan": 92.1156, "mean_flow": 5.950629333333333, "breach_share": 0.013333333333333334, "breach_p1": 0.0, "breach_p2": 0.0, "breach_p3": 0.05405405405405406, "breach_p4": 0.0, "wall_seconds": 0.014728298876434565}}, "methods_expected": ["edd", "wspt", "atc", "pfifo", "mor", "random", "v2rl301", "v2rl302", "v2rl303"], "infeasible": [], "wall_seconds_total": 0.048817590810358524}