{"shard_id": "c12_replay_400_0072", "id": "c12_replay_400_0072", "base_id": "c12_replay_400_0072", "campus": 12, "size": 400, "condition": "baseline", "rows": {"edd": {"id": "c12_replay_400_0072", "base_id": "c12_replay_400_0072", "campus": 12, "size": 400, "condition": "baseline", "sla_multiplier": 1.0, "crew_multiplier": 1.0, "method": "edd", "seed": 301, "feasible": 1, "wwt": 2229.9046000000003, "makespan": 149.2611, "mean_flow": 13.311866, "breach_share": 0.045, "breach_p1": 0.14084507042253522, "breach_p2": 0.02127659574468085, "breach_p3": 0.046357615894039736, "breach_p4": 0.0, "wall_seconds": 0.0007555629126727581}, "wspt": {"id": "c12_replay_400_0072", "base_id": "c12_replay_400_0072", "campus": 12, "size": 400, "condition": "baseline", "sla_multiplier": 1.0, "crew_multiplier": 1.0, "method": "wspt", "seed": 301, "feasible": 1, "wwt": 2350.0266, "makespan": 166.2123, "mean_flow": 9.829134750000001, "breach_share": 0.04, "breach_p1": 0.14084507042253522, "breach_p2": 0.02127659574468085, "breach_p3": 0.033112582781456956, "breach_p4": 0.0, "wall_seconds": 0.0007745889015495777}, "atc": {"id": "c12_replay_400_0072", "base_id": "c12_replay_400_0072", "campus": 12, "size": 400, "condition": "baseline", "sla_multiplier": 1.0, "crew_multiplier": 1.0, "method": "atc", "seed": 301, "feasible": 1, "wwt": 2353.64, "makespan": 167.769, "mean_flow": 9.8342765, "breach_share": 0.04, "breach_p1": 0.14084507042253522, "breach_p2": 0.02127659574468085, "breach_p3": 0.033112582781456956, "breach_p4": 0.0, "wall_seconds": 0.0014642640016973019}, "pfifo": {"id": "c12_replay_400_0072", "base_id": "c12_replay_400_0072", "campus": 12, "size": 400, "condition": "baseline", "sla_multiplier": 1.0, "crew_multiplier": 1.0, "method": "pfifo", "seed": 301, "feasible": 1, "wwt": 2229.9046000000003, "makespan": 149.2611, "mean_flow": 13.311866, "breach_share": 0.045, "breach_p1": 0.14084507042253522, "breach_p2": 0.02127659574468085, "breach_p3": 0.046357615894039736, "breach_p4": 0.0, "wall_seconds": 0.0008417759090662003}, "mor": {"id": "c12_replay_400_0072", "base_id": "c12_replay_400_0072", "campus": 12, "size": 400, "condition": "baseline", "sla_multiplier": 1.0, "crew_multiplier": 1.0, "method": "mor", "seed": 301, "feasible": 1, "wwt": 2850.0378000000014, "makespan": 114.2123, "mean_flow": 20.486930750000003, "breach_share": 0.1525, "breach_p1": 0.14084507042253522, "breach_p2": 0.02127659574468085, "breach_p3": 0.33112582781456956, "breach_p4": 0.0, "wall_seconds": 0.0008167852647602558}, "random": {"id": "c12_replay_400_0072", "base_id": "c12_replay_400_0072", "campus": 12, "size": 400, "condition": "baseline", "sla_multiplier": 1.0, "crew_multiplier": 1.0, "method": "random", "seed": 301, "feasible": 1, "wwt": 2242.3279999999995, "makespan": 154.0975, "mean_flow": 13.331637249999998, "breach_share": 0.0425, "breach_p1": 0.14084507042253522, "breach_p2": 0.02127659574468085, "breach_p3": 0.039735099337748346, "breach_p4": 0.0, "wall_seconds": 0.0006328071467578411}, "v2rl301": {"id": "c12_replay_400_0072", "base_id": "c12_replay_400_0072", "campus": 12, "size": 400, "condition": "baseline", "sla_multiplier": 1.0, "crew_multiplier": 1.0, "method": "v2rl301", "seed": 301, "feasible": 1, "wwt": 2656.321600000001, "makespan": 114.2123, "mean_flow": 20.117770999999998, "breach_share": 0.1425, "breach_p1": 0.14084507042253522, "breach_p2": 0.02127659574468085, "breach_p3": 0.304635761589404, "breach_p4": 0.0, "wall_seconds": 0.043507864233106375}, "v2rl302": {"id": "c12_replay_400_0072", "base_id": "c12_replay_400_0072", "campus": 12, "size": 400, "condition": "baseline", "sla_multiplier": 1.0, "crew_multiplier": 1.0, "method": "v2rl302", "seed": 302, "feasible": 1, "wwt": 2270.2967999999996, "makespan": 114.2123, "mean_flow": 19.425766499999998, "breach_share": 0.0975, "breach_p1": 0.14084507042253522, "breach_p2": 0.02127659574468085, "breach_p3": 0.18543046357615894, "breach_p4": 0.0, "wall_seconds": 0.0425386899150908}, "v2rl303": {"id": "c12_replay_400_0072", "base_id": "c12_replay_400_0072", "campus": 12, "size": 400, "condition": "baseline", "sla_multiplier": 1.0, "crew_multiplier": 1.0, "method": "v2rl303", "seed": 303, "feasible": 1, "wwt": 2820.4121999999998, "makespan": 119.2123, "mean_flow": 20.377312500000002, "breach_share": 0.1475, "breach_p1": 0.14084507042253522, "breach_p2": 0.02127659574468085, "breach_p3": 0.31788079470198677, "breach_p4": 0.0, "wall_seconds": 0.04317663889378309}}, "methods_expected": ["edd", "wspt", "atc", "pfifo", "mor", "random", "v2rl301", "v2rl302", "v2rl303"], "infeasible": [], "wall_seconds_total": 0.13853392098098993}