{"shard_id": "c12_replay_150_0125_m0.75", "id": "c12_replay_150_0125_m0.75", "base_id": "c12_replay_150_0125", "campus": 12, "size": 150, "condition": "crew0.75", "rows": {"edd": {"id": "c12_replay_150_0125_m0.75", "base_id": "c12_replay_150_0125", "campus": 12, "size": 150, "condition": "crew0.75", "sla_multiplier": 1.0, "crew_multiplier": 0.75, "method": "edd", "seed": 301, "feasible": 1, "wwt": 80.0, "makespan": 102.6126, "mean_flow": 5.74524, "breach_share": 0.02, "breach_p1": 0.10344827586206896, "breach_p2": 0.0, "breach_p3": 0.0, "breach_p4": 0.0, "wall_seconds": 0.0002671242691576481}, "wspt": {"id": "c12_replay_150_0125_m0.75", "base_id": "c12_replay_150_0125", "campus": 12, "size": 150, "condition": "crew0.75", "sla_multiplier": 1.0, "crew_multiplier": 0.75, "method": "wspt", "seed": 301, "feasible": 1, "wwt": 80.0, "makespan": 102.6126, "mean_flow": 5.74524, "breach_share": 0.02, "breach_p1": 0.10344827586206896, "breach_p2": 0.0, "breach_p3": 0.0, "breach_p4": 0.0, "wall_seconds": 0.00025375839322805405}, "atc": {"id": "c12_replay_150_0125_m0.75", "base_id": "c12_replay_150_0125", "campus": 12, "size": 150, "condition": "crew0.75", "sla_multiplier": 1.0, "crew_multiplier": 0.75, "method": "atc", "seed": 301, "feasible": 1, "wwt": 80.0, "makespan": 102.6126, "mean_flow": 5.74524, "breach_share": 0.02, "breach_p1": 0.10344827586206896, "breach_p2": 0.0, "breach_p3": 0.0, "breach_p4": 0.0, "wall_seconds": 0.00031158607453107834}, "pfifo": {"id": "c12_replay_150_0125_m0.75", "base_id": "c12_replay_150_0125", "campus": 12, "size": 150, "condition": "crew0.75", "sla_multiplier": 1.0, "crew_multiplier": 0.75, "method": "pfifo", "seed": 301, "feasible": 1, "wwt": 80.0, "makespan": 102.6126, "mean_flow": 5.74524, "breach_share": 0.02, "breach_p1": 0.10344827586206896, "breach_p2": 0.0, "breach_p3": 0.0, "breach_p4": 0.0, "wall_seconds": 0.0002503548748791218}, "mor": {"id": "c12_replay_150_0125_m0.75", "base_id": "c12_replay_150_0125", "campus": 12, "size": 150, "condition": "crew0.75", "sla_multiplier": 1.0, "crew_multiplier": 0.75, "method": "mor", "seed": 301, "feasible": 1, "wwt": 80.0, "makespan": 102.6126, "mean_flow": 5.74809, "breach_share": 0.02, "breach_p1": 0.10344827586206896, "breach_p2": 0.0, "breach_p3": 0.0, "breach_p4": 0.0, "wall_seconds": 0.0002394658513367176}, "random": {"id": "c12_replay_150_0125_m0.75", "base_id": "c12_replay_150_0125", "campus": 12, "size": 150, "condition": "crew0.75", "sla_multiplier": 1.0, "crew_multiplier": 0.75, "method": "random", "seed": 301, "feasible": 1, "wwt": 80.0, "makespan": 102.6126, "mean_flow": 5.745240000000001, "breach_share": 0.02, "breach_p1": 0.10344827586206896, "breach_p2": 0.0, "breach_p3": 0.0, "breach_p4": 0.0, "wall_seconds": 0.00024040509015321732}, "v2rl301": {"id": "c12_replay_150_0125_m0.75", "base_id": "c12_replay_150_0125", "campus": 12, "size": 150, "condition": "crew0.75", "sla_multiplier": 1.0, "crew_multiplier": 0.75, "method": "v2rl301", "seed": 301, "feasible": 1, "wwt": 80.0, "makespan": 102.6126, "mean_flow": 5.7480899999999995, "breach_share": 0.02, "breach_p1": 0.10344827586206896, "breach_p2": 0.0, "breach_p3": 0.0, "breach_p4": 0.0, "wall_seconds": 0.015062117017805576}, "v2rl302": {"id": "c12_replay_150_0125_m0.75", "base_id": "c12_replay_150_0125", "campus": 12, "size": 150, "condition": "crew0.75", "sla_multiplier": 1.0, "crew_multiplier": 0.75, "method": "v2rl302", "seed": 302, "feasible": 1, "wwt": 80.0, "makespan": 102.6126, "mean_flow": 5.74524, "breach_share": 0.02, "breach_p1": 0.10344827586206896, "breach_p2": 0.0, "breach_p3": 0.0, "breach_p4": 0.0, "wall_seconds": 0.01479136198759079}, "v2rl303": {"id": "c12_replay_150_0125_m0.75", "base_id": "c12_replay_150_0125", "campus": 12, "size": 150, "condition": "crew0.75", "sla_multiplier": 1.0, "crew_multiplier": 0.75, "method": "v2rl303", "seed": 303, "feasible": 1, "wwt": 80.0, "makespan": 102.6126, "mean_flow": 5.745240000000001, "breach_share": 0.02, "breach_p1": 0.10344827586206896, "breach_p2": 0.0, "breach_p3": 0.0, "breach_p4": 0.0, "wall_seconds": 0.014833980239927769}}, "methods_expected": ["edd", "wspt", "atc", "pfifo", "mor", "random", "v2rl301", "v2rl302", "v2rl303"], "infeasible": [], "wall_seconds_total": 0.048421273939311504}