{"shard_id": "c12_replay_400_0074_m1.25", "id": "c12_replay_400_0074_m1.25", "base_id": "c12_replay_400_0074", "campus": 12, "size": 400, "condition": "crew1.25", "rows": {"edd": {"id": "c12_replay_400_0074_m1.25", "base_id": "c12_replay_400_0074", "campus": 12, "size": 400, "condition": "crew1.25", "sla_multiplier": 1.0, "crew_multiplier": 1.25, "method": "edd", "seed": 301, "feasible": 1, "wwt": 1218.0, "makespan": 129.0, "mean_flow": 5.811574, "breach_share": 0.04, "breach_p1": 0.19117647058823528, "breach_p2": 0.05660377358490566, "breach_p3": 0.0, "breach_p4": 0.0, "wall_seconds": 0.0006569880060851574}, "wspt": {"id": "c12_replay_400_0074_m1.25", "base_id": "c12_replay_400_0074", "campus": 12, "size": 400, "condition": "crew1.25", "sla_multiplier": 1.0, "crew_multiplier": 1.25, "method": "wspt", "seed": 301, "feasible": 1, "wwt": 1218.0, "makespan": 129.0, "mean_flow": 5.811574, "breach_share": 0.04, "breach_p1": 0.19117647058823528, "breach_p2": 0.05660377358490566, "breach_p3": 0.0, "breach_p4": 0.0, "wall_seconds": 0.0006251512095332146}, "atc": {"id": "c12_replay_400_0074_m1.25", "base_id": "c12_replay_400_0074", "campus": 12, "size": 400, "condition": "crew1.25", "sla_multiplier": 1.0, "crew_multiplier": 1.25, "method": "atc", "seed": 301, "feasible": 1, "wwt": 1218.0, "makespan": 129.0, "mean_flow": 5.811574, "breach_share": 0.04, "breach_p1": 0.19117647058823528, "breach_p2": 0.05660377358490566, "breach_p3": 0.0, "breach_p4": 0.0, "wall_seconds": 0.0007667131721973419}, "pfifo": {"id": "c12_replay_400_0074_m1.25", "base_id": "c12_replay_400_0074", "campus": 12, "size": 400, "condition": "crew1.25", "sla_multiplier": 1.0, "crew_multiplier": 1.25, "method": "pfifo", "seed": 301, "feasible": 1, "wwt": 1218.0, "makespan": 129.0, "mean_flow": 5.811574, "breach_share": 0.04, "breach_p1": 0.19117647058823528, "breach_p2": 0.05660377358490566, "breach_p3": 0.0, "breach_p4": 0.0, "wall_seconds": 0.0006192340515553951}, "mor": {"id": "c12_replay_400_0074_m1.25", "base_id": "c12_replay_400_0074", "campus": 12, "size": 400, "condition": "crew1.25", "sla_multiplier": 1.0, "crew_multiplier": 1.25, "method": "mor", "seed": 301, "feasible": 1, "wwt": 1218.0, "makespan": 129.0, "mean_flow": 5.811574, "breach_share": 0.04, "breach_p1": 0.19117647058823528, "breach_p2": 0.05660377358490566, "breach_p3": 0.0, "breach_p4": 0.0, "wall_seconds": 0.0006204019300639629}, "random": {"id": "c12_replay_400_0074_m1.25", "base_id": "c12_replay_400_0074", "campus": 12, "size": 400, "condition": "crew1.25", "sla_multiplier": 1.0, "crew_multiplier": 1.25, "method": "random", "seed": 301, "feasible": 1, "wwt": 1218.0, "makespan": 129.0, "mean_flow": 5.811574, "breach_share": 0.04, "breach_p1": 0.19117647058823528, "breach_p2": 0.05660377358490566, "breach_p3": 0.0, "breach_p4": 0.0, "wall_seconds": 0.0005808654241263866}, "v2rl301": {"id": "c12_replay_400_0074_m1.25", "base_id": "c12_replay_400_0074", "campus": 12, "size": 400, "condition": "crew1.25", "sla_multiplier": 1.0, "crew_multiplier": 1.25, "method": "v2rl301", "seed": 301, "feasible": 1, "wwt": 1218.0, "makespan": 129.0, "mean_flow": 5.811574, "breach_share": 0.04, "breach_p1": 0.19117647058823528, "breach_p2": 0.05660377358490566, "breach_p3": 0.0, "breach_p4": 0.0, "wall_seconds": 0.03940257569774985}, "v2rl302": {"id": "c12_replay_400_0074_m1.25", "base_id": "c12_replay_400_0074", "campus": 12, "size": 400, "condition": "crew1.25", "sla_multiplier": 1.0, "crew_multiplier": 1.25, "method": "v2rl302", "seed": 302, "feasible": 1, "wwt": 1218.0, "makespan": 129.0, "mean_flow": 5.811574, "breach_share": 0.04, "breach_p1": 0.19117647058823528, "breach_p2": 0.05660377358490566, "breach_p3": 0.0, "breach_p4": 0.0, "wall_seconds": 0.03886986104771495}, "v2rl303": {"id": "c12_replay_400_0074_m1.25", "base_id": "c12_replay_400_0074", "campus": 12, "size": 400, "condition": "crew1.25", "sla_multiplier": 1.0, "crew_multiplier": 1.25, "method": "v2rl303", "seed": 303, "feasible": 1, "wwt": 1218.0, "makespan": 129.0, "mean_flow": 5.811574, "breach_share": 0.04, "breach_p1": 0.19117647058823528, "breach_p2": 0.05660377358490566, "breach_p3": 0.0, "breach_p4": 0.0, "wall_seconds": 0.038767509162425995}}, "methods_expected": ["edd", "wspt", "atc", "pfifo", "mor", "random", "v2rl301", "v2rl302", "v2rl303"], "infeasible": [], "wall_seconds_total": 0.12552953511476517}