{"shard_id": "c12_replay_150_0122_m0.75", "id": "c12_replay_150_0122_m0.75", "base_id": "c12_replay_150_0122", "campus": 12, "size": 150, "condition": "crew0.75", "rows": {"edd": {"id": "c12_replay_150_0122_m0.75", "base_id": "c12_replay_150_0122", "campus": 12, "size": 150, "condition": "crew0.75", "sla_multiplier": 1.0, "crew_multiplier": 0.75, "method": "edd", "seed": 301, "feasible": 1, "wwt": 530.0, "makespan": 61.8669, "mean_flow": 5.197726666666667, "breach_share": 0.04666666666666667, "breach_p1": 0.1076923076923077, "breach_p2": 0.0, "breach_p3": 0.0, "breach_p4": 0.0, "wall_seconds": 0.0002624187618494034}, "wspt": {"id": "c12_replay_150_0122_m0.75", "base_id": "c12_replay_150_0122", "campus": 12, "size": 150, "condition": "crew0.75", "sla_multiplier": 1.0, "crew_multiplier": 0.75, "method": "wspt", "seed": 301, "feasible": 1, "wwt": 530.0, "makespan": 61.8669, "mean_flow": 5.183250666666666, "breach_share": 0.04666666666666667, "breach_p1": 0.1076923076923077, "breach_p2": 0.0, "breach_p3": 0.0, "breach_p4": 0.0, "wall_seconds": 0.0002697352319955826}, "atc": {"id": "c12_replay_150_0122_m0.75", "base_id": "c12_replay_150_0122", "campus": 12, "size": 150, "condition": "crew0.75", "sla_multiplier": 1.0, "crew_multiplier": 0.75, "method": "atc", "seed": 301, "feasible": 1, "wwt": 530.0, "makespan": 61.8669, "mean_flow": 5.183250666666666, "breach_share": 0.04666666666666667, "breach_p1": 0.1076923076923077, "breach_p2": 0.0, "breach_p3": 0.0, "breach_p4": 0.0, "wall_seconds": 0.00032901205122470856}, "pfifo": {"id": "c12_replay_150_0122_m0.75", "base_id": "c12_replay_150_0122", "campus": 12, "size": 150, "condition": "crew0.75", "sla_multiplier": 1.0, "crew_multiplier": 0.75, "method": "pfifo", "seed": 301, "feasible": 1, "wwt": 530.0, "makespan": 61.8669, "mean_flow": 5.197726666666667, "breach_share": 0.04666666666666667, "breach_p1": 0.1076923076923077, "breach_p2": 0.0, "breach_p3": 0.0, "breach_p4": 0.0, "wall_seconds": 0.00025225570425391197}, "mor": {"id": "c12_replay_150_0122_m0.75", "base_id": "c12_replay_150_0122", "campus": 12, "size": 150, "condition": "crew0.75", "sla_multiplier": 1.0, "crew_multiplier": 0.75, "method": "mor", "seed": 301, "feasible": 1, "wwt": 530.0, "makespan": 61.8669, "mean_flow": 5.197726666666666, "breach_share": 0.04666666666666667, "breach_p1": 0.1076923076923077, "breach_p2": 0.0, "breach_p3": 0.0, "breach_p4": 0.0, "wall_seconds": 0.000254141166806221}, "random": {"id": "c12_replay_150_0122_m0.75", "base_id": "c12_replay_150_0122", "campus": 12, "size": 150, "condition": "crew0.75", "sla_multiplier": 1.0, "crew_multiplier": 0.75, "method": "random", "seed": 301, "feasible": 1, "wwt": 530.0, "makespan": 61.8669, "mean_flow": 5.189917333333333, "breach_share": 0.04666666666666667, "breach_p1": 0.1076923076923077, "breach_p2": 0.0, "breach_p3": 0.0, "breach_p4": 0.0, "wall_seconds": 0.00023372378200292587}, "v2rl301": {"id": "c12_replay_150_0122_m0.75", "base_id": "c12_replay_150_0122", "campus": 12, "size": 150, "condition": "crew0.75", "sla_multiplier": 1.0, "crew_multiplier": 0.75, "method": "v2rl301", "seed": 301, "feasible": 1, "wwt": 530.0, "makespan": 61.8669, "mean_flow": 5.197726666666666, "breach_share": 0.04666666666666667, "breach_p1": 0.1076923076923077, "breach_p2": 0.0, "breach_p3": 0.0, "breach_p4": 0.0, "wall_seconds": 0.015166603960096836}, "v2rl302": {"id": "c12_replay_150_0122_m0.75", "base_id": "c12_replay_150_0122", "campus": 12, "size": 150, "condition": "crew0.75", "sla_multiplier": 1.0, "crew_multiplier": 0.75, "method": "v2rl302", "seed": 302, "feasible": 1, "wwt": 530.0, "makespan": 61.8669, "mean_flow": 5.197726666666666, "breach_share": 0.04666666666666667, "breach_p1": 0.1076923076923077, "breach_p2": 0.0, "breach_p3": 0.0, "breach_p4": 0.0, "wall_seconds": 0.01502714492380619}, "v2rl303": {"id": "c12_replay_150_0122_m0.75", "base_id": "c12_replay_150_0122", "campus": 12, "size": 150, "condition": "crew0.75", "sla_multiplier": 1.0, "crew_multiplier": 0.75, "method": "v2rl303", "seed": 303, "feasible": 1, "wwt": 530.0, "makespan": 61.8669, "mean_flow": 5.197726666666667, "breach_share": 0.04666666666666667, "breach_p1": 0.1076923076923077, "breach_p2": 0.0, "breach_p3": 0.0, "breach_p4": 0.0, "wall_seconds": 0.014892579056322575}}, "methods_expected": ["edd", "wspt", "atc", "pfifo", "mor", "random", "v2rl301", "v2rl302", "v2rl303"], "infeasible": [], "wall_seconds_total": 0.0488441358320415}