{"shard_id": "c12_replay_150_0118_m1.25", "id": "c12_replay_150_0118_m1.25", "base_id": "c12_replay_150_0118", "campus": 12, "size": 150, "condition": "crew1.25", "rows": {"edd": {"id": "c12_replay_150_0118_m1.25", "base_id": "c12_replay_150_0118", "campus": 12, "size": 150, "condition": "crew1.25", "sla_multiplier": 1.0, "crew_multiplier": 1.25, "method": "edd", "seed": 301, "feasible": 1, "wwt": 468.0, "makespan": 41.5, "mean_flow": 3.5977626666666667, "breach_share": 0.06, "breach_p1": 0.09574468085106383, "breach_p2": 0.0, "breach_p3": 0.0, "breach_p4": 0.0, "wall_seconds": 0.00033825403079390526}, "wspt": {"id": "c12_replay_150_0118_m1.25", "base_id": "c12_replay_150_0118", "campus": 12, "size": 150, "condition": "crew1.25", "sla_multiplier": 1.0, "crew_multiplier": 1.25, "method": "wspt", "seed": 301, "feasible": 1, "wwt": 468.0, "makespan": 41.5, "mean_flow": 3.5977626666666667, "breach_share": 0.06, "breach_p1": 0.09574468085106383, "breach_p2": 0.0, "breach_p3": 0.0, "breach_p4": 0.0, "wall_seconds": 0.0003686491400003433}, "atc": {"id": "c12_replay_150_0118_m1.25", "base_id": "c12_replay_150_0118", "campus": 12, "size": 150, "condition": "crew1.25", "sla_multiplier": 1.0, "crew_multiplier": 1.25, "method": "atc", "seed": 301, "feasible": 1, "wwt": 468.0, "makespan": 41.5, "mean_flow": 3.5977626666666667, "breach_share": 0.06, "breach_p1": 0.09574468085106383, "breach_p2": 0.0, "breach_p3": 0.0, "breach_p4": 0.0, "wall_seconds": 0.0005640303716063499}, "pfifo": {"id": "c12_replay_150_0118_m1.25", "base_id": "c12_replay_150_0118", "campus": 12, "size": 150, "condition": "crew1.25", "sla_multiplier": 1.0, "crew_multiplier": 1.25, "method": "pfifo", "seed": 301, "feasible": 1, "wwt": 468.0, "makespan": 41.5, "mean_flow": 3.5977626666666667, "breach_share": 0.06, "breach_p1": 0.09574468085106383, "breach_p2": 0.0, "breach_p3": 0.0, "breach_p4": 0.0, "wall_seconds": 0.0003418717533349991}, "mor": {"id": "c12_replay_150_0118_m1.25", "base_id": "c12_replay_150_0118", "campus": 12, "size": 150, "condition": "crew1.25", "sla_multiplier": 1.0, "crew_multiplier": 1.25, "method": "mor", "seed": 301, "feasible": 1, "wwt": 468.0, "makespan": 41.5, "mean_flow": 3.5977626666666667, "breach_share": 0.06, "breach_p1": 0.09574468085106383, "breach_p2": 0.0, "breach_p3": 0.0, "breach_p4": 0.0, "wall_seconds": 0.0003241351805627346}, "random": {"id": "c12_replay_150_0118_m1.25", "base_id": "c12_replay_150_0118", "campus": 12, "size": 150, "condition": "crew1.25", "sla_multiplier": 1.0, "crew_multiplier": 1.25, "method": "random", "seed": 301, "feasible": 1, "wwt": 468.0, "makespan": 41.5, "mean_flow": 3.5977626666666667, "breach_share": 0.06, "breach_p1": 0.09574468085106383, "breach_p2": 0.0, "breach_p3": 0.0, "breach_p4": 0.0, "wall_seconds": 0.00025732768699526787}, "v2rl301": {"id": "c12_replay_150_0118_m1.25", "base_id": "c12_replay_150_0118", "campus": 12, "size": 150, "condition": "crew1.25", "sla_multiplier": 1.0, "crew_multiplier": 1.25, "method": "v2rl301", "seed": 301, "feasible": 1, "wwt": 468.0, "makespan": 41.5, "mean_flow": 3.5977626666666667, "breach_share": 0.06, "breach_p1": 0.09574468085106383, "breach_p2": 0.0, "breach_p3": 0.0, "breach_p4": 0.0, "wall_seconds": 0.01605209382250905}, "v2rl302": {"id": "c12_replay_150_0118_m1.25", "base_id": "c12_replay_150_0118", "campus": 12, "size": 150, "condition": "crew1.25", "sla_multiplier": 1.0, "crew_multiplier": 1.25, "method": "v2rl302", "seed": 302, "feasible": 1, "wwt": 468.0, "makespan": 41.5, "mean_flow": 3.5977626666666667, "breach_share": 0.06, "breach_p1": 0.09574468085106383, "breach_p2": 0.0, "breach_p3": 0.0, "breach_p4": 0.0, "wall_seconds": 0.01610082294791937}, "v2rl303": {"id": "c12_replay_150_0118_m1.25", "base_id": "c12_replay_150_0118", "campus": 12, "size": 150, "condition": "crew1.25", "sla_multiplier": 1.0, "crew_multiplier": 1.25, "method": "v2rl303", "seed": 303, "feasible": 1, "wwt": 468.0, "makespan": 41.5, "mean_flow": 3.5977626666666667, "breach_share": 0.06, "breach_p1": 0.09574468085106383, "breach_p2": 0.0, "breach_p3": 0.0, "breach_p4": 0.0, "wall_seconds": 0.016421832609921694}}, "methods_expected": ["edd", "wspt", "atc", "pfifo", "mor", "random", "v2rl301", "v2rl302", "v2rl303"], "infeasible": [], "wall_seconds_total": 0.053276331163942814}