{"shard_id": "c12_replay_400_0073_m1.25", "id": "c12_replay_400_0073_m1.25", "base_id": "c12_replay_400_0073", "campus": 12, "size": 400, "condition": "crew1.25", "rows": {"edd": {"id": "c12_replay_400_0073_m1.25", "base_id": "c12_replay_400_0073", "campus": 12, "size": 400, "condition": "crew1.25", "sla_multiplier": 1.0, "crew_multiplier": 1.25, "method": "edd", "seed": 301, "feasible": 1, "wwt": 1790.5184, "makespan": 115.4195, "mean_flow": 7.1447635, "breach_share": 0.03, "breach_p1": 0.1506849315068493, "breach_p2": 0.023255813953488372, "breach_p3": 0.0, "breach_p4": 0.0, "wall_seconds": 0.0007284451276063919}, "wspt": {"id": "c12_replay_400_0073_m1.25", "base_id": "c12_replay_400_0073", "campus": 12, "size": 400, "condition": "crew1.25", "sla_multiplier": 1.0, "crew_multiplier": 1.25, "method": "wspt", "seed": 301, "feasible": 1, "wwt": 1790.5184, "makespan": 115.4195, "mean_flow": 7.1447635, "breach_share": 0.03, "breach_p1": 0.1506849315068493, "breach_p2": 0.023255813953488372, "breach_p3": 0.0, "breach_p4": 0.0, "wall_seconds": 0.0006388952024281025}, "atc": {"id": "c12_replay_400_0073_m1.25", "base_id": "c12_replay_400_0073", "campus": 12, "size": 400, "condition": "crew1.25", "sla_multiplier": 1.0, "crew_multiplier": 1.25, "method": "atc", "seed": 301, "feasible": 1, "wwt": 1790.5184, "makespan": 115.4195, "mean_flow": 7.1447635, "breach_share": 0.03, "breach_p1": 0.1506849315068493, "breach_p2": 0.023255813953488372, "breach_p3": 0.0, "breach_p4": 0.0, "wall_seconds": 0.0007993308827280998}, "pfifo": {"id": "c12_replay_400_0073_m1.25", "base_id": "c12_replay_400_0073", "campus": 12, "size": 400, "condition": "crew1.25", "sla_multiplier": 1.0, "crew_multiplier": 1.25, "method": "pfifo", "seed": 301, "feasible": 1, "wwt": 1790.5184, "makespan": 115.4195, "mean_flow": 7.1447635, "breach_share": 0.03, "breach_p1": 0.1506849315068493, "breach_p2": 0.023255813953488372, "breach_p3": 0.0, "breach_p4": 0.0, "wall_seconds": 0.0006629419513046741}, "mor": {"id": "c12_replay_400_0073_m1.25", "base_id": "c12_replay_400_0073", "campus": 12, "size": 400, "condition": "crew1.25", "sla_multiplier": 1.0, "crew_multiplier": 1.25, "method": "mor", "seed": 301, "feasible": 1, "wwt": 1790.5184, "makespan": 115.4195, "mean_flow": 7.1447635, "breach_share": 0.03, "breach_p1": 0.1506849315068493, "breach_p2": 0.023255813953488372, "breach_p3": 0.0, "breach_p4": 0.0, "wall_seconds": 0.0006270380690693855}, "random": {"id": "c12_replay_400_0073_m1.25", "base_id": "c12_replay_400_0073", "campus": 12, "size": 400, "condition": "crew1.25", "sla_multiplier": 1.0, "crew_multiplier": 1.25, "method": "random", "seed": 301, "feasible": 1, "wwt": 1790.5184, "makespan": 115.4195, "mean_flow": 7.1447635, "breach_share": 0.03, "breach_p1": 0.1506849315068493, "breach_p2": 0.023255813953488372, "breach_p3": 0.0, "breach_p4": 0.0, "wall_seconds": 0.000599944032728672}, "v2rl301": {"id": "c12_replay_400_0073_m1.25", "base_id": "c12_replay_400_0073", "campus": 12, "size": 400, "condition": "crew1.25", "sla_multiplier": 1.0, "crew_multiplier": 1.25, "method": "v2rl301", "seed": 301, "feasible": 1, "wwt": 1790.5184, "makespan": 115.4195, "mean_flow": 7.1447635, "breach_share": 0.03, "breach_p1": 0.1506849315068493, "breach_p2": 0.023255813953488372, "breach_p3": 0.0, "breach_p4": 0.0, "wall_seconds": 0.0403316100127995}, "v2rl302": {"id": "c12_replay_400_0073_m1.25", "base_id": "c12_replay_400_0073", "campus": 12, "size": 400, "condition": "crew1.25", "sla_multiplier": 1.0, "crew_multiplier": 1.25, "method": "v2rl302", "seed": 302, "feasible": 1, "wwt": 1790.5184, "makespan": 115.4195, "mean_flow": 7.1447635, "breach_share": 0.03, "breach_p1": 0.1506849315068493, "breach_p2": 0.023255813953488372, "breach_p3": 0.0, "breach_p4": 0.0, "wall_seconds": 0.03979452094063163}, "v2rl303": {"id": "c12_replay_400_0073_m1.25", "base_id": "c12_replay_400_0073", "campus": 12, "size": 400, "condition": "crew1.25", "sla_multiplier": 1.0, "crew_multiplier": 1.25, "method": "v2rl303", "seed": 303, "feasible": 1, "wwt": 1790.5184, "makespan": 115.4195, "mean_flow": 7.1447635, "breach_share": 0.03, "breach_p1": 0.1506849315068493, "breach_p2": 0.023255813953488372, "breach_p3": 0.0, "breach_p4": 0.0, "wall_seconds": 0.0404207450337708}}, "methods_expected": ["edd", "wspt", "atc", "pfifo", "mor", "random", "v2rl301", "v2rl302", "v2rl303"], "infeasible": [], "wall_seconds_total": 0.12960469396784902}