check,arm,stratum,method,family,rank,n_rows,coverage,mean,best_method,mean_best,pct_from_best,abs_from_best,n_tied_with_best,n_configs,n_clusters,mean_diff,ci_lo,ci_hi,margin,wilcoxon_p,verdict,in_equivalence_set
pmodel,sum,verdict,v2rl302,policy,1,180,1.0,444.68101666666666,v2rl302,444.68101666666666,0.0,0.0,1,180,180,0.0,0.0,0.0,4.446810166666666,1.0,equivalent,1
pmodel,sum,verdict,v2rl308,policy,2,180,1.0,444.70772111111114,v2rl302,444.68101666666666,0.006005303452045958,0.026704444444476394,1,180,180,0.026704444444443552,0.0,0.0645444444444441,4.446810166666667,0.10880943004054568,equivalent,1
pmodel,sum,verdict,v2rl310,policy,3,180,1.0,444.7120755555556,v2rl302,444.68101666666666,0.0069845322208160225,0.0310588888889356,1,180,180,0.031058888888890836,-0.003246666666665574,0.0825688888888917,4.446810166666667,0.27332167829229814,equivalent,1
pmodel,sum,verdict,v2rl303,policy,4,180,1.0,444.73146333333335,v2rl302,444.68101666666666,0.011344461484961939,0.05044666666668718,1,180,180,0.05044666666666823,0.0,0.12979450000000672,4.446810166666667,0.10880943004054568,equivalent,1
pmodel,sum,verdict,v2rl301,policy,5,180,1.0,444.75599888888894,v2rl302,444.68101666666666,0.01686202455511642,0.07498222222227469,1,180,180,0.07498222222222037,0.014309222222222638,0.15945366666666724,4.446810166666667,0.043114446783075355,equivalent,1
pmodel,sum,verdict,v2rl305,policy,6,180,1.0,444.76037666666673,v2rl302,444.68101666666666,0.017846500530863337,0.07936000000006516,1,180,180,0.07935999999999695,0.011111111111111112,0.18044444444444202,4.446810166666667,0.043114446783075355,equivalent,1
pmodel,sum,verdict,v2rl304,policy,7,180,1.0,444.7625444444445,v2rl302,444.68101666666666,0.018333991045748,0.08152777777780784,1,180,180,0.08152777777777974,-0.002406666666666663,0.19521222222222528,4.446810166666667,0.14412703481601533,equivalent,1
pmodel,sum,verdict,v2rl307,policy,8,180,1.0,444.7699366666667,v2rl302,444.68101666666666,0.01999635618956152,0.08892000000003009,1,180,180,0.08892000000000182,0.012000000000001402,0.18329366666666883,4.446810166666667,0.046399461870904594,equivalent,1
pmodel,sum,verdict,v2rl306,policy,9,180,1.0,444.8585588888889,v2rl302,444.68101666666666,0.03992574802340689,0.17754222222225735,1,180,180,0.17754222222222324,0.007160000000000208,0.48380000000000284,4.446810166666667,0.06788915486182899,equivalent,1
pmodel,sum,verdict,edd,duedate,10,180,1.0,444.8689277777778,v2rl302,444.68101666666666,0.042257506857323886,0.18791111111113423,1,180,180,0.1879111111111126,0.023322222222222265,0.4062266666666695,4.446810166666667,0.03546586462402558,equivalent,1
pmodel,sum,verdict,pfifo,duedate,10,180,1.0,444.8689277777778,v2rl302,444.68101666666666,0.042257506857323886,0.18791111111113423,1,180,180,0.1879111111111126,0.026617777777777955,0.4040193333333374,4.446810166666667,0.03546586462402558,equivalent,1
pmodel,sum,verdict,v2rl309,policy,12,180,1.0,444.95305222222225,v2rl302,444.68101666666666,0.061175437079543225,0.2720355555555898,1,180,180,0.27203555555555725,0.02955555555555551,0.6347733333333385,4.446810166666667,0.043114446783075355,equivalent,1
pmodel,sum,verdict,wmdd,weighted,13,180,1.0,445.33198999999996,v2rl302,444.68101666666666,0.14639107785913597,0.6509733333332974,1,180,180,0.6509733333333377,0.16524922222222213,1.2735096111111235,4.446810166666667,0.020879263166351643,equivalent,1
pmodel,sum,verdict,atc,weighted,14,180,1.0,445.55514999999997,v2rl302,444.68101666666666,0.1965753653901884,0.8741333333333046,1,180,180,0.8741333333333341,0.2628995,1.6410129444444428,4.446810166666667,0.012792160247732852,equivalent,1
pmodel,sum,verdict,lpt,processing,15,180,1.0,445.5785988888889,v2rl302,444.68101666666666,0.2018485585354027,0.8975822222222405,1,180,180,0.8975822222222226,0.07433955555555252,2.4381644444444497,4.446810166666667,0.007685794055213263,equivalent,1
pmodel,sum,verdict,random,random,16,180,1.0,446.3160666666667,v2rl302,444.68101666666666,0.36769053292546333,1.6350500000000352,1,180,180,1.6350499999999972,0.5723388888888871,3.181273361111108,4.446810166666667,0.0001318338889828333,equivalent,1
pmodel,sum,verdict,wspt,processing,17,180,1.0,446.6459477777778,v2rl302,444.68101666666666,0.441874295835759,1.9649311111111274,1,180,180,1.9649311111111145,0.8907340555555577,3.3120528888888994,4.446810166666667,1.7564851371585654e-05,equivalent,1
pmodel,sum,campus1,atc,weighted,1,30,1.0,80.41734666666666,atc,80.41734666666666,0.0,0.0,15,30,30,0.0,0.0,0.0,1.0,1.0,equivalent,1
pmodel,sum,campus1,edd,duedate,1,30,1.0,80.41734666666666,atc,80.41734666666666,0.0,0.0,15,30,30,0.0,0.0,0.0,1.0,1.0,equivalent,1
pmodel,sum,campus1,lpt,processing,1,30,1.0,80.41734666666666,atc,80.41734666666666,0.0,0.0,15,30,30,0.0,0.0,0.0,1.0,1.0,equivalent,1
pmodel,sum,campus1,pfifo,duedate,1,30,1.0,80.41734666666666,atc,80.41734666666666,0.0,0.0,15,30,30,0.0,0.0,0.0,1.0,1.0,equivalent,1
pmodel,sum,campus1,v2rl301,policy,1,30,1.0,80.41734666666666,atc,80.41734666666666,0.0,0.0,15,30,30,0.0,0.0,0.0,1.0,1.0,equivalent,1
pmodel,sum,campus1,v2rl302,policy,1,30,1.0,80.41734666666666,atc,80.41734666666666,0.0,0.0,15,30,30,0.0,0.0,0.0,1.0,1.0,equivalent,1
pmodel,sum,campus1,v2rl303,policy,1,30,1.0,80.41734666666666,atc,80.41734666666666,0.0,0.0,15,30,30,0.0,0.0,0.0,1.0,1.0,equivalent,1
pmodel,sum,campus1,v2rl304,policy,1,30,1.0,80.41734666666666,atc,80.41734666666666,0.0,0.0,15,30,30,0.0,0.0,0.0,1.0,1.0,equivalent,1
pmodel,sum,campus1,v2rl305,policy,1,30,1.0,80.41734666666666,atc,80.41734666666666,0.0,0.0,15,30,30,0.0,0.0,0.0,1.0,1.0,equivalent,1
pmodel,sum,campus1,v2rl306,policy,1,30,1.0,80.41734666666666,atc,80.41734666666666,0.0,0.0,15,30,30,0.0,0.0,0.0,1.0,1.0,equivalent,1
pmodel,sum,campus1,v2rl307,policy,1,30,1.0,80.41734666666666,atc,80.41734666666666,0.0,0.0,15,30,30,0.0,0.0,0.0,1.0,1.0,equivalent,1
pmodel,sum,campus1,v2rl308,policy,1,30,1.0,80.41734666666666,atc,80.41734666666666,0.0,0.0,15,30,30,0.0,0.0,0.0,1.0,1.0,equivalent,1
pmodel,sum,campus1,v2rl309,policy,1,30,1.0,80.41734666666666,atc,80.41734666666666,0.0,0.0,15,30,30,0.0,0.0,0.0,1.0,1.0,equivalent,1
pmodel,sum,campus1,v2rl310,policy,1,30,1.0,80.41734666666666,atc,80.41734666666666,0.0,0.0,15,30,30,0.0,0.0,0.0,1.0,1.0,equivalent,1
pmodel,sum,campus1,wmdd,weighted,1,30,1.0,80.41734666666666,atc,80.41734666666666,0.0,0.0,15,30,30,0.0,0.0,0.0,1.0,1.0,equivalent,1
pmodel,sum,campus1,random,random,16,30,1.0,81.12109333333333,atc,80.41734666666666,0.8751179886396084,0.7037466666666745,15,30,30,0.7037466666666667,0.0,1.7748666666666664,1.0,0.17971249487899976,inconclusive,0
pmodel,sum,campus1,wspt,processing,17,30,1.0,81.29713333333332,atc,80.41734666666666,1.0940259821222578,0.8797866666666607,15,30,30,0.8797866666666664,0.0,2.292906666666666,1.0,0.17971249487899976,inconclusive,0
pmodel,sum,campus2,wmdd,weighted,1,17,1.0,1218.2288470588235,wmdd,1218.2288470588235,0.0,0.0,1,17,17,0.0,0.0,0.0,12.182288470588235,1.0,equivalent,1
pmodel,sum,campus2,atc,weighted,2,17,1.0,1252.1157176470588,wmdd,1218.2288470588235,2.7816506455292496,33.8868705882353,1,17,17,33.88687058823534,12.320760000000067,59.461952941176534,12.182288470588235,0.004741768038406972,worse,0
pmodel,sum,campus2,wspt,processing,3,17,1.0,1291.2388588235294,wmdd,1218.2288470588235,5.993127805253867,73.01001176470595,1,17,17,73.01001176470588,35.21711176470586,113.92594147058831,12.182288470588235,0.0014737808438751421,worse,0
pmodel,sum,campus2,edd,duedate,4,17,1.0,1311.3221411764705,wmdd,1218.2288470588235,7.641691816968763,93.09329411764702,1,17,17,93.09329411764713,-17.24791117647057,242.40648529411772,12.182288470588235,0.8588630128278887,inconclusive,0
pmodel,sum,campus2,pfifo,duedate,4,17,1.0,1311.3221411764705,wmdd,1218.2288470588235,7.641691816968763,93.09329411764702,1,17,17,93.09329411764713,-16.389175882352987,241.6933029411764,12.182288470588235,0.8588630128278887,inconclusive,0
pmodel,sum,campus2,v2rl310,policy,6,17,1.0,1324.8887411764706,wmdd,1218.2288470588235,8.755324943680055,106.65989411764713,1,17,17,106.65989411764711,9.845770294117656,226.40966617647067,12.182288470588235,0.15793931050013033,inconclusive,0
pmodel,sum,campus2,v2rl302,policy,7,17,1.0,1420.4514,wmdd,1218.2288470588235,16.599717978227446,202.22255294117645,1,17,17,202.22255294117647,67.39359117647068,367.7740394117647,12.182288470588235,0.012063323418854825,worse,0
pmodel,sum,campus2,v2rl304,policy,8,17,1.0,1447.7240823529412,wmdd,1218.2288470588235,18.8384338335272,229.49523529411772,1,17,17,229.49523529411763,33.03737205882359,520.3425738235293,12.182288470588235,0.08437944259396049,worse,0
pmodel,sum,campus2,v2rl309,policy,9,17,1.0,1453.0060823529411,wmdd,1218.2288470588235,19.272014109741498,234.77723529411765,1,17,17,234.7772352941176,57.099894117647096,525.7912141176469,12.182288470588235,0.012063323418854825,worse,0
pmodel,sum,campus2,v2rl308,policy,10,17,1.0,1494.2145294117647,wmdd,1218.2288470588235,22.654666487274124,275.98568235294124,1,17,17,275.98568235294124,15.247808823529455,683.8380873529409,12.182288470588235,0.13609738111439368,worse,0
pmodel,sum,campus2,random,random,11,17,1.0,1636.0305647058824,wmdd,1218.2288470588235,34.2958319084103,417.8017176470589,1,17,17,417.80171764705887,215.39784558823533,661.251451764706,12.182288470588235,0.0018714329102470324,worse,0
pmodel,sum,campus2,v2rl305,policy,12,17,1.0,1720.644105882353,wmdd,1218.2288470588235,41.24145147576446,502.4152588235295,1,17,17,502.4152588235294,188.44146500000002,917.3618438235292,12.182288470588235,0.004741768038406972,worse,0
pmodel,sum,campus2,v2rl307,policy,13,17,1.0,1751.246494117647,wmdd,1218.2288470588235,43.75349084416207,533.0176470588235,1,17,17,533.0176470588236,193.12754735294124,968.1324120588234,12.182288470588235,0.012063323418854825,worse,0
pmodel,sum,campus2,v2rl301,policy,14,17,1.0,1851.2520352941178,wmdd,1218.2288470588235,51.96258402217331,633.0231882352944,1,17,17,633.0231882352942,225.05518117647065,1116.0518982352937,12.182288470588235,0.012063323418854825,worse,0
pmodel,sum,campus2,v2rl306,policy,15,17,1.0,1863.508082352941,wmdd,1218.2288470588235,52.96863859791358,645.2792352941176,1,17,17,645.2792352941175,260.127394117647,1105.5040597058812,12.182288470588235,0.004741768038406972,worse,0
pmodel,sum,campus2,v2rl303,policy,16,17,1.0,2171.692823529412,wmdd,1218.2288470588235,78.26640936738134,953.4639764705887,1,17,17,953.4639764705884,451.92441588235295,1507.92646,12.182288470588235,0.0028734139278525227,worse,0
pmodel,sum,campus2,lpt,processing,17,17,1.0,2615.111835294117,wmdd,1218.2288470588235,114.66507229801657,1396.8829882352936,1,17,17,1396.8829882352936,683.1075429411763,2224.13401352941,12.182288470588235,0.0018714329102470324,worse,0
pmodel,max,verdict,v2rl310,policy,1,180,1.0,64.92746666666666,v2rl310,64.92746666666666,0.0,0.0,1,180,180,0.0,0.0,0.0,1.0,1.0,equivalent,1
pmodel,max,verdict,v2rl301,policy,2,180,1.0,65.8732088888889,v2rl310,64.92746666666666,1.4566134654192109,0.9457422222222363,1,180,180,0.9457422222222222,-0.07286355555555583,2.578965,1.0,0.1823383541807685,inconclusive,0
pmodel,max,verdict,v2rl308,policy,3,180,1.0,65.87542888888889,v2rl310,64.92746666666666,1.460032665511202,0.9479622222222304,1,180,180,0.9479622222222222,-0.12150822222222309,2.59699261111111,1.0,0.05342623055066985,inconclusive,0
pmodel,max,verdict,v2rl304,policy,4,180,1.0,66.02777777777777,v2rl310,64.92746666666666,1.6946774109638927,1.100311111111111,1,180,180,1.100311111111111,0.46938811111111056,1.8968663333333338,1.0,0.0006533107814151376,inconclusive,0
pmodel,max,verdict,v2rl303,policy,5,180,1.0,66.12452888888889,v2rl310,64.92746666666666,1.8436915587171567,1.197062222222229,1,180,180,1.197062222222223,-0.18354366666666663,3.569362777777778,1.0,0.7221076526150257,inconclusive,0
pmodel,max,verdict,v2rl305,policy,6,180,1.0,66.15268666666667,v2rl310,64.92746666666666,1.887059611135309,1.2252200000000073,1,180,180,1.2252200000000004,-0.15860183333333333,3.6155273333333344,1.0,0.5336947142111965,inconclusive,0
pmodel,max,verdict,v2rl307,policy,7,180,1.0,66.23345111111111,v2rl310,64.92746666666666,2.0114514110788986,1.305984444444448,1,180,180,1.3059844444444448,-0.14385072222222167,3.836625722222223,1.0,0.47690655496758394,inconclusive,0
pmodel,max,verdict,edd,duedate,8,180,1.0,66.35225777777778,v2rl310,64.92746666666666,2.1944350892757036,1.4247911111111193,1,180,180,1.4247911111111118,0.2354535555555554,3.011288333333335,1.0,0.029818382500813,inconclusive,0
pmodel,max,verdict,pfifo,duedate,8,180,1.0,66.35225777777778,v2rl310,64.92746666666666,2.1944350892757036,1.4247911111111193,1,180,180,1.4247911111111118,0.24416755555555525,3.0513001111111127,1.0,0.029818382500813,inconclusive,0
pmodel,max,verdict,v2rl302,policy,10,180,1.0,66.44010666666667,v2rl310,64.92746666666666,2.3297382104338045,1.5126400000000046,1,180,180,1.5126400000000009,-0.009962333333332097,4.106707222222222,1.0,0.21299677467111144,inconclusive,0
pmodel,max,verdict,atc,weighted,11,180,1.0,66.84536666666666,v2rl310,64.92746666666666,2.9539116470481983,1.917900000000003,1,180,180,1.9178999999999993,0.621089888888888,3.9518689999999985,1.0,5.918797344808716e-05,inconclusive,0
pmodel,max,verdict,wmdd,weighted,12,180,1.0,66.9034311111111,v2rl310,64.92746666666666,3.043341355960975,1.9759644444444433,1,180,180,1.9759644444444446,0.676183222222223,3.905348666666664,1.0,0.00018642927166394497,inconclusive,0
pmodel,max,verdict,v2rl306,policy,13,180,1.0,67.5052,v2rl310,64.92746666666666,3.9701738966149023,2.5777333333333416,1,180,180,2.5777333333333337,0.4248842222222226,5.580570222222221,1.0,0.05973901545539241,inconclusive,0
pmodel,max,verdict,v2rl309,policy,14,180,1.0,67.91842666666668,v2rl310,64.92746666666666,4.606617435661563,2.9909600000000154,1,180,180,2.99096,0.8228480000000006,6.051614222222222,1.0,0.00016264151523010344,inconclusive,0
pmodel,max,verdict,wspt,processing,15,180,1.0,70.81071777777778,v2rl310,64.92746666666666,9.06126700016704,5.883251111111122,1,180,180,5.883251111111112,2.5253585555555547,10.417077444444446,1.0,7.679281788543987e-08,worse,0
pmodel,max,verdict,random,random,16,180,1.0,82.21121111111111,v2rl310,64.92746666666666,26.620081348896697,17.28374444444445,1,180,180,17.283744444444448,7.588807722222221,29.151685499999996,1.0,2.560102984460719e-06,worse,0
pmodel,max,verdict,lpt,processing,17,180,1.0,102.84803333333333,v2rl310,64.92746666666666,58.40450677268584,37.92056666666667,1,180,180,37.92056666666667,15.206806111111115,69.50734188888889,1.0,6.970098219192445e-05,worse,0
pmodel,max,campus1,atc,weighted,1,30,1.0,40.50430666666667,atc,40.50430666666667,0.0,0.0,15,30,30,0.0,0.0,0.0,1.0,1.0,equivalent,1
pmodel,max,campus1,edd,duedate,1,30,1.0,40.50430666666667,atc,40.50430666666667,0.0,0.0,15,30,30,0.0,0.0,0.0,1.0,1.0,equivalent,1
pmodel,max,campus1,lpt,processing,1,30,1.0,40.50430666666667,atc,40.50430666666667,0.0,0.0,15,30,30,0.0,0.0,0.0,1.0,1.0,equivalent,1
pmodel,max,campus1,pfifo,duedate,1,30,1.0,40.50430666666667,atc,40.50430666666667,0.0,0.0,15,30,30,0.0,0.0,0.0,1.0,1.0,equivalent,1
pmodel,max,campus1,v2rl301,policy,1,30,1.0,40.50430666666667,atc,40.50430666666667,0.0,0.0,15,30,30,0.0,0.0,0.0,1.0,1.0,equivalent,1
pmodel,max,campus1,v2rl302,policy,1,30,1.0,40.50430666666667,atc,40.50430666666667,0.0,0.0,15,30,30,0.0,0.0,0.0,1.0,1.0,equivalent,1
pmodel,max,campus1,v2rl303,policy,1,30,1.0,40.50430666666667,atc,40.50430666666667,0.0,0.0,15,30,30,0.0,0.0,0.0,1.0,1.0,equivalent,1
pmodel,max,campus1,v2rl304,policy,1,30,1.0,40.50430666666667,atc,40.50430666666667,0.0,0.0,15,30,30,0.0,0.0,0.0,1.0,1.0,equivalent,1
pmodel,max,campus1,v2rl305,policy,1,30,1.0,40.50430666666667,atc,40.50430666666667,0.0,0.0,15,30,30,0.0,0.0,0.0,1.0,1.0,equivalent,1
pmodel,max,campus1,v2rl306,policy,1,30,1.0,40.50430666666667,atc,40.50430666666667,0.0,0.0,15,30,30,0.0,0.0,0.0,1.0,1.0,equivalent,1
pmodel,max,campus1,v2rl307,policy,1,30,1.0,40.50430666666667,atc,40.50430666666667,0.0,0.0,15,30,30,0.0,0.0,0.0,1.0,1.0,equivalent,1
pmodel,max,campus1,v2rl308,policy,1,30,1.0,40.50430666666667,atc,40.50430666666667,0.0,0.0,15,30,30,0.0,0.0,0.0,1.0,1.0,equivalent,1
pmodel,max,campus1,v2rl309,policy,1,30,1.0,40.50430666666667,atc,40.50430666666667,0.0,0.0,15,30,30,0.0,0.0,0.0,1.0,1.0,equivalent,1
pmodel,max,campus1,v2rl310,policy,1,30,1.0,40.50430666666667,atc,40.50430666666667,0.0,0.0,15,30,30,0.0,0.0,0.0,1.0,1.0,equivalent,1
pmodel,max,campus1,wmdd,weighted,1,30,1.0,40.50430666666667,atc,40.50430666666667,0.0,0.0,15,30,30,0.0,0.0,0.0,1.0,1.0,equivalent,1
pmodel,max,campus1,random,random,16,30,1.0,40.785493333333335,atc,40.50430666666667,0.6942142448720592,0.28118666666666314,15,30,30,0.2811866666666673,0.0,0.7071866666666681,1.0,0.17971249487899976,equivalent,1
pmodel,max,campus1,wspt,processing,17,30,1.0,41.38409333333333,atc,40.50430666666667,2.172081783566704,0.8797866666666607,15,30,30,0.8797866666666673,0.0,2.2929066666666675,1.0,0.17971249487899976,inconclusive,0
pmodel,max,campus2,wmdd,weighted,1,17,1.0,444.20757647058826,wmdd,444.20757647058826,0.0,0.0,1,17,17,0.0,0.0,0.0,4.442075764705883,1.0,equivalent,1
pmodel,max,campus2,atc,weighted,2,17,1.0,479.02391764705885,wmdd,444.20757647058826,7.837853972032788,34.81634117647059,1,17,17,34.81634117647058,5.408874999999982,68.55617999999998,4.442075764705883,0.08437944259396049,worse,0
pmodel,max,campus2,v2rl308,policy,3,17,1.0,511.77969411764707,wmdd,444.20757647058826,15.211833662079123,67.5721176470588,1,17,17,67.57211764705883,1.480253529411783,151.60029823529413,4.442075764705883,0.24886387493792206,inconclusive,0
pmodel,max,campus2,v2rl310,policy,4,17,1.0,523.6346352941176,wmdd,444.20757647058826,17.880617763121016,79.42705882352936,1,17,17,79.42705882352939,6.9484194117646965,173.65266294117646,4.442075764705883,0.1823383541807685,worse,0
pmodel,max,campus2,edd,duedate,5,17,1.0,530.673105882353,wmdd,444.20757647058826,19.46511810959391,86.46552941176469,1,17,17,86.46552941176469,-4.164079411764702,232.8085217647058,4.442075764705883,0.32806478170083675,inconclusive,0
pmodel,max,campus2,pfifo,duedate,5,17,1.0,530.673105882353,wmdd,444.20757647058826,19.46511810959391,86.46552941176469,1,17,17,86.46552941176469,-3.9453817647058838,233.649194117647,4.442075764705883,0.32806478170083675,inconclusive,0
pmodel,max,campus2,v2rl304,policy,7,17,1.0,573.6614705882353,wmdd,444.20757647058826,29.142657841680997,129.453894117647,1,17,17,129.45389411764705,19.08238176470586,273.05155470588227,4.442075764705883,0.1005251728089838,worse,0
pmodel,max,campus2,wspt,processing,8,17,1.0,575.9746470588235,wmdd,444.20757647058826,29.663400078670147,131.76707058823524,1,17,17,131.76707058823527,59.09473705882354,210.07952617647052,4.442075764705883,0.006318521553682498,worse,0
pmodel,max,campus2,v2rl302,policy,9,17,1.0,632.3971176470588,wmdd,444.20757647058826,42.36522543620571,188.18954117647058,1,17,17,188.18954117647058,55.00536705882354,345.31271441176466,4.442075764705883,0.022909099354356588,worse,0
pmodel,max,campus2,v2rl309,policy,10,17,1.0,643.2289058823528,wmdd,444.20757647058826,44.8036773692765,199.02132941176455,1,17,17,199.02132941176467,84.92196235294115,331.0733420588233,4.442075764705883,0.0014737808438751421,worse,0
pmodel,max,campus2,v2rl305,policy,11,17,1.0,905.0962705882353,wmdd,444.20757647058826,103.75525284363609,460.888694117647,1,17,17,460.88869411764705,140.57605647058827,866.1305461764705,4.442075764705883,0.010746783005343858,worse,0
pmodel,max,campus2,v2rl301,policy,12,17,1.0,942.2667058823529,wmdd,444.20757647058826,112.12306043247823,498.0591294117646,1,17,17,498.0591294117647,155.4963817647059,930.1757535294114,4.442075764705883,0.027707849358079864,worse,0
pmodel,max,campus2,v2rl307,policy,13,17,1.0,960.4692705882352,wmdd,444.20757647058826,116.22082140506433,516.2616941176469,1,17,17,516.2616941176469,182.66503529411762,913.2748452941172,4.442075764705883,0.027707849358079864,worse,0
pmodel,max,campus2,random,random,14,17,1.0,1004.7012705882354,wmdd,444.20757647058826,126.17832828764422,560.4936941176471,1,17,17,560.4936941176471,310.8503029411765,842.6899070588238,4.442075764705883,0.0006549583433856954,worse,0
pmodel,max,campus2,v2rl306,policy,15,17,1.0,1031.4695411764706,wmdd,444.20757647058826,132.2044007830573,587.2619647058823,1,17,17,587.2619647058823,173.36114941176464,1093.2178661764704,4.442075764705883,0.022909099354356588,worse,0
pmodel,max,campus2,v2rl303,policy,16,17,1.0,1410.8608588235293,wmdd,444.20757647058826,217.61296599967937,966.653282352941,1,17,17,966.653282352941,397.42684970588226,1622.4149394117642,4.442075764705883,0.0037017494066892425,worse,0
pmodel,max,campus2,lpt,processing,17,17,1.0,2158.563482352941,wmdd,444.20757647058826,385.93576442428446,1714.3559058823525,1,17,17,1714.3559058823528,844.3532397058825,2743.3836623529396,4.442075764705883,0.0009815397525216685,worse,0
pmodel,single,verdict,wmdd,weighted,1,179,1.0,17.193426815642457,wmdd,17.193426815642457,0.0,0.0,1,179,179,0.0,0.0,0.0,1.0,1.0,equivalent,1
pmodel,single,verdict,atc,weighted,2,179,1.0,17.525782681564245,wmdd,17.193426815642457,1.933040280366985,0.33235586592178734,1,179,179,0.3323558659217884,-0.1263525139664801,0.9688192458100594,1.0,0.12819017434510785,equivalent,1
pmodel,single,verdict,v2rl304,policy,3,179,1.0,17.92895586592179,wmdd,17.193426815642457,4.277966563420349,0.7355290502793324,1,179,179,0.73552905027933,0.09151731843575478,1.6245397346368726,1.0,0.011718685599768628,inconclusive,0
pmodel,single,verdict,v2rl308,policy,4,179,1.0,19.195717318435754,wmdd,17.193426815642457,11.645674386281318,2.002290502793297,1,179,179,2.002290502793296,0.13036424581005596,4.7392916201117306,1.0,0.0499499764547464,inconclusive,0
pmodel,single,verdict,wspt,processing,5,179,1.0,19.775386033519553,wmdd,17.193426815642457,15.017129776177297,2.5819592178770954,1,179,179,2.5819592178770954,1.20665311452514,4.528701466480449,1.0,1.2268056633232531e-05,worse,0
pmodel,single,verdict,edd,duedate,6,179,1.0,20.088206145251398,wmdd,17.193426815642457,16.83654666779569,2.894779329608941,1,179,179,2.8947793296089377,0.030590391061452754,7.17668888268156,1.0,0.11585149752593009,inconclusive,0
pmodel,single,verdict,pfifo,duedate,6,179,1.0,20.088206145251398,wmdd,17.193426815642457,16.83654666779569,2.894779329608941,1,179,179,2.8947793296089377,0.03671061452513984,7.342840893854745,1.0,0.11585149752593009,inconclusive,0
pmodel,single,verdict,v2rl310,policy,8,179,1.0,20.092146927374305,wmdd,17.193426815642457,16.859466951024636,2.8987201117318477,1,179,179,2.898720111731845,-0.019299999999999776,8.320738659217879,1.0,0.17295491798842066,inconclusive,0
pmodel,single,verdict,v2rl309,policy,9,179,1.0,20.28672122905028,wmdd,17.193426815642457,17.991145375356847,3.093294413407822,1,179,179,3.093294413407822,0.06729653631284932,8.581320446927378,1.0,0.02841686417486375,inconclusive,0
pmodel,single,verdict,v2rl302,policy,10,179,1.0,21.5481530726257,wmdd,17.193426815642457,25.32785525350503,4.354726256983241,1,179,179,4.354726256983241,-0.10845586592178788,12.234966145251393,1.0,0.17629637444051116,inconclusive,0
pmodel,single,verdict,v2rl305,policy,11,179,1.0,23.0951156424581,wmdd,17.193426815642457,34.32526214870865,5.9016888268156436,1,179,179,5.901688826815644,0.004586703910615495,14.414595418994416,1.0,0.17552335081205495,inconclusive,0
pmodel,single,verdict,v2rl307,policy,12,179,1.0,23.355766480446928,wmdd,17.193426815642457,35.84125335153094,6.16233966480447,1,179,179,6.16233966480447,0.091928491620112,15.166835139664805,1.0,0.17629637444051116,inconclusive,0
pmodel,single,verdict,v2rl301,policy,13,179,1.0,23.784700558659218,wmdd,17.193426815642457,38.33600953255035,6.59127374301676,1,179,179,6.591273743016759,0.0020436871508386916,16.07655312849161,1.0,0.17629637444051116,inconclusive,0
pmodel,single,verdict,v2rl303,policy,14,179,1.0,24.107385474860333,wmdd,17.193426815642457,40.21280186523146,6.913958659217876,1,179,179,6.913958659217878,0.04944357541899461,17.187015642458096,1.0,0.17629637444051116,inconclusive,0
pmodel,single,verdict,v2rl306,policy,15,179,1.0,24.516284357541902,wmdd,17.193426815642457,42.59102981865815,7.322857541899445,1,179,179,7.322857541899444,0.25130603351955355,17.696196536312854,1.0,0.06297905121445523,inconclusive,0
pmodel,single,verdict,random,random,16,179,1.0,42.751170949720674,wmdd,17.193426815642457,148.6483433938019,25.557744134078217,1,179,179,25.557744134078217,8.810679553072625,52.10619374301676,1.0,2.4225434693825012e-08,worse,0
pmodel,single,verdict,lpt,processing,17,179,1.0,78.33846089385476,wmdd,17.193426815642457,355.6302925172717,61.145034078212305,1,179,179,61.14503407821231,15.337258435754187,140.26645776536313,1.0,1.7333066441991056e-06,worse,0
pmodel,single,campus1,atc,weighted,1,30,1.0,31.180439999999997,atc,31.180439999999997,0.0,0.0,15,30,30,0.0,0.0,0.0,1.0,1.0,equivalent,1
pmodel,single,campus1,edd,duedate,1,30,1.0,31.180439999999997,atc,31.180439999999997,0.0,0.0,15,30,30,0.0,0.0,0.0,1.0,1.0,equivalent,1
pmodel,single,campus1,lpt,processing,1,30,1.0,31.180439999999997,atc,31.180439999999997,0.0,0.0,15,30,30,0.0,0.0,0.0,1.0,1.0,equivalent,1
pmodel,single,campus1,pfifo,duedate,1,30,1.0,31.180439999999997,atc,31.180439999999997,0.0,0.0,15,30,30,0.0,0.0,0.0,1.0,1.0,equivalent,1
pmodel,single,campus1,v2rl301,policy,1,30,1.0,31.180439999999997,atc,31.180439999999997,0.0,0.0,15,30,30,0.0,0.0,0.0,1.0,1.0,equivalent,1
pmodel,single,campus1,v2rl302,policy,1,30,1.0,31.180439999999997,atc,31.180439999999997,0.0,0.0,15,30,30,0.0,0.0,0.0,1.0,1.0,equivalent,1
pmodel,single,campus1,v2rl303,policy,1,30,1.0,31.180439999999997,atc,31.180439999999997,0.0,0.0,15,30,30,0.0,0.0,0.0,1.0,1.0,equivalent,1
pmodel,single,campus1,v2rl304,policy,1,30,1.0,31.180439999999997,atc,31.180439999999997,0.0,0.0,15,30,30,0.0,0.0,0.0,1.0,1.0,equivalent,1
pmodel,single,campus1,v2rl305,policy,1,30,1.0,31.180439999999997,atc,31.180439999999997,0.0,0.0,15,30,30,0.0,0.0,0.0,1.0,1.0,equivalent,1
pmodel,single,campus1,v2rl306,policy,1,30,1.0,31.180439999999997,atc,31.180439999999997,0.0,0.0,15,30,30,0.0,0.0,0.0,1.0,1.0,equivalent,1
pmodel,single,campus1,v2rl307,policy,1,30,1.0,31.180439999999997,atc,31.180439999999997,0.0,0.0,15,30,30,0.0,0.0,0.0,1.0,1.0,equivalent,1
pmodel,single,campus1,v2rl308,policy,1,30,1.0,31.180439999999997,atc,31.180439999999997,0.0,0.0,15,30,30,0.0,0.0,0.0,1.0,1.0,equivalent,1
pmodel,single,campus1,v2rl309,policy,1,30,1.0,31.180439999999997,atc,31.180439999999997,0.0,0.0,15,30,30,0.0,0.0,0.0,1.0,1.0,equivalent,1
pmodel,single,campus1,v2rl310,policy,1,30,1.0,31.180439999999997,atc,31.180439999999997,0.0,0.0,15,30,30,0.0,0.0,0.0,1.0,1.0,equivalent,1
pmodel,single,campus1,wmdd,weighted,1,30,1.0,31.180439999999997,atc,31.180439999999997,0.0,0.0,15,30,30,0.0,0.0,0.0,1.0,1.0,equivalent,1
pmodel,single,campus1,random,random,16,30,1.0,31.18929333333333,atc,31.180439999999997,0.028393869147884027,0.00885333333333449,15,30,30,0.008853333333333543,0.0,0.026560000000000628,1.0,0.31731050786291415,equivalent,1
pmodel,single,campus1,wspt,processing,17,30,1.0,32.3486,atc,31.180439999999997,3.7464513008796554,1.1681600000000003,15,30,30,1.1681600000000003,0.0,2.9371066666666676,1.0,0.17971249487899976,inconclusive,0
pmodel,single,campus2,atc,weighted,1,17,1.0,0.0,atc,0.0,,0.0,15,17,17,0.0,0.0,0.0,1.0,1.0,equivalent,1
pmodel,single,campus2,edd,duedate,1,17,1.0,0.0,atc,0.0,,0.0,15,17,17,0.0,0.0,0.0,1.0,1.0,equivalent,1
pmodel,single,campus2,pfifo,duedate,1,17,1.0,0.0,atc,0.0,,0.0,15,17,17,0.0,0.0,0.0,1.0,1.0,equivalent,1
pmodel,single,campus2,v2rl301,policy,1,17,1.0,0.0,atc,0.0,,0.0,15,17,17,0.0,0.0,0.0,1.0,1.0,equivalent,1
pmodel,single,campus2,v2rl302,policy,1,17,1.0,0.0,atc,0.0,,0.0,15,17,17,0.0,0.0,0.0,1.0,1.0,equivalent,1
pmodel,single,campus2,v2rl303,policy,1,17,1.0,0.0,atc,0.0,,0.0,15,17,17,0.0,0.0,0.0,1.0,1.0,equivalent,1
pmodel,single,campus2,v2rl304,policy,1,17,1.0,0.0,atc,0.0,,0.0,15,17,17,0.0,0.0,0.0,1.0,1.0,equivalent,1
pmodel,single,campus2,v2rl305,policy,1,17,1.0,0.0,atc,0.0,,0.0,15,17,17,0.0,0.0,0.0,1.0,1.0,equivalent,1
pmodel,single,campus2,v2rl306,policy,1,17,1.0,0.0,atc,0.0,,0.0,15,17,17,0.0,0.0,0.0,1.0,1.0,equivalent,1
pmodel,single,campus2,v2rl307,policy,1,17,1.0,0.0,atc,0.0,,0.0,15,17,17,0.0,0.0,0.0,1.0,1.0,equivalent,1
pmodel,single,campus2,v2rl308,policy,1,17,1.0,0.0,atc,0.0,,0.0,15,17,17,0.0,0.0,0.0,1.0,1.0,equivalent,1
pmodel,single,campus2,v2rl309,policy,1,17,1.0,0.0,atc,0.0,,0.0,15,17,17,0.0,0.0,0.0,1.0,1.0,equivalent,1
pmodel,single,campus2,v2rl310,policy,1,17,1.0,0.0,atc,0.0,,0.0,15,17,17,0.0,0.0,0.0,1.0,1.0,equivalent,1
pmodel,single,campus2,wmdd,weighted,1,17,1.0,0.0,atc,0.0,,0.0,15,17,17,0.0,0.0,0.0,1.0,1.0,equivalent,1
pmodel,single,campus2,wspt,processing,1,17,1.0,0.0,atc,0.0,,0.0,15,17,17,0.0,0.0,0.0,1.0,1.0,equivalent,1
pmodel,single,campus2,random,random,16,17,1.0,6.4117647058823595,atc,0.0,,6.4117647058823595,15,17,17,6.4117647058823595,0.0,18.818023529411782,1.0,0.17971249487899976,inconclusive,0
pmodel,single,campus2,lpt,processing,17,17,1.0,36.343905882352935,atc,0.0,,36.343905882352935,15,17,17,36.343905882352935,4.52310588235293,76.34070588235295,1.0,0.043114446783075355,worse,0
capacity,q0.95,verdict,v2rl302,policy,1,180,1.0,444.68101666666666,v2rl302,444.68101666666666,0.0,0.0,1,180,180,0.0,0.0,0.0,4.446810166666666,1.0,equivalent,1
capacity,q0.95,verdict,v2rl308,policy,2,180,1.0,444.70772111111114,v2rl302,444.68101666666666,0.006005303452045958,0.026704444444476394,1,180,180,0.026704444444443552,0.0,0.0645444444444441,4.446810166666667,0.10880943004054568,equivalent,1
capacity,q0.95,verdict,v2rl310,policy,3,180,1.0,444.7120755555556,v2rl302,444.68101666666666,0.0069845322208160225,0.0310588888889356,1,180,180,0.031058888888890836,-0.003246666666665574,0.0825688888888917,4.446810166666667,0.27332167829229814,equivalent,1
capacity,q0.95,verdict,v2rl303,policy,4,180,1.0,444.73146333333335,v2rl302,444.68101666666666,0.011344461484961939,0.05044666666668718,1,180,180,0.05044666666666823,0.0,0.12979450000000672,4.446810166666667,0.10880943004054568,equivalent,1
capacity,q0.95,verdict,v2rl301,policy,5,180,1.0,444.75599888888894,v2rl302,444.68101666666666,0.01686202455511642,0.07498222222227469,1,180,180,0.07498222222222037,0.014309222222222638,0.15945366666666724,4.446810166666667,0.043114446783075355,equivalent,1
capacity,q0.95,verdict,v2rl305,policy,6,180,1.0,444.76037666666673,v2rl302,444.68101666666666,0.017846500530863337,0.07936000000006516,1,180,180,0.07935999999999695,0.011111111111111112,0.18044444444444202,4.446810166666667,0.043114446783075355,equivalent,1
capacity,q0.95,verdict,v2rl304,policy,7,180,1.0,444.7625444444445,v2rl302,444.68101666666666,0.018333991045748,0.08152777777780784,1,180,180,0.08152777777777974,-0.002406666666666663,0.19521222222222528,4.446810166666667,0.14412703481601533,equivalent,1
capacity,q0.95,verdict,v2rl307,policy,8,180,1.0,444.7699366666667,v2rl302,444.68101666666666,0.01999635618956152,0.08892000000003009,1,180,180,0.08892000000000182,0.012000000000001402,0.18329366666666883,4.446810166666667,0.046399461870904594,equivalent,1
capacity,q0.95,verdict,v2rl306,policy,9,180,1.0,444.8585588888889,v2rl302,444.68101666666666,0.03992574802340689,0.17754222222225735,1,180,180,0.17754222222222324,0.007160000000000208,0.48380000000000284,4.446810166666667,0.06788915486182899,equivalent,1
capacity,q0.95,verdict,edd,duedate,10,180,1.0,444.8689277777778,v2rl302,444.68101666666666,0.042257506857323886,0.18791111111113423,1,180,180,0.1879111111111126,0.023322222222222265,0.4062266666666695,4.446810166666667,0.03546586462402558,equivalent,1
capacity,q0.95,verdict,pfifo,duedate,10,180,1.0,444.8689277777778,v2rl302,444.68101666666666,0.042257506857323886,0.18791111111113423,1,180,180,0.1879111111111126,0.026617777777777955,0.4040193333333374,4.446810166666667,0.03546586462402558,equivalent,1
capacity,q0.95,verdict,v2rl309,policy,12,180,1.0,444.95305222222225,v2rl302,444.68101666666666,0.061175437079543225,0.2720355555555898,1,180,180,0.27203555555555725,0.02955555555555551,0.6347733333333385,4.446810166666667,0.043114446783075355,equivalent,1
capacity,q0.95,verdict,wmdd,weighted,13,180,1.0,445.33198999999996,v2rl302,444.68101666666666,0.14639107785913597,0.6509733333332974,1,180,180,0.6509733333333377,0.16524922222222213,1.2735096111111235,4.446810166666667,0.020879263166351643,equivalent,1
capacity,q0.95,verdict,atc,weighted,14,180,1.0,445.55514999999997,v2rl302,444.68101666666666,0.1965753653901884,0.8741333333333046,1,180,180,0.8741333333333341,0.2628995,1.6410129444444428,4.446810166666667,0.012792160247732852,equivalent,1
capacity,q0.95,verdict,lpt,processing,15,180,1.0,445.5785988888889,v2rl302,444.68101666666666,0.2018485585354027,0.8975822222222405,1,180,180,0.8975822222222226,0.07433955555555252,2.4381644444444497,4.446810166666667,0.007685794055213263,equivalent,1
capacity,q0.95,verdict,random,random,16,180,1.0,446.3160666666667,v2rl302,444.68101666666666,0.36769053292546333,1.6350500000000352,1,180,180,1.6350499999999972,0.5723388888888871,3.181273361111108,4.446810166666667,0.0001318338889828333,equivalent,1
capacity,q0.95,verdict,wspt,processing,17,180,1.0,446.6459477777778,v2rl302,444.68101666666666,0.441874295835759,1.9649311111111274,1,180,180,1.9649311111111145,0.8907340555555577,3.3120528888888994,4.446810166666667,1.7564851371585654e-05,equivalent,1
capacity,q0.95,campus1,atc,weighted,1,30,1.0,80.41734666666666,atc,80.41734666666666,0.0,0.0,15,30,30,0.0,0.0,0.0,1.0,1.0,equivalent,1
capacity,q0.95,campus1,edd,duedate,1,30,1.0,80.41734666666666,atc,80.41734666666666,0.0,0.0,15,30,30,0.0,0.0,0.0,1.0,1.0,equivalent,1
capacity,q0.95,campus1,lpt,processing,1,30,1.0,80.41734666666666,atc,80.41734666666666,0.0,0.0,15,30,30,0.0,0.0,0.0,1.0,1.0,equivalent,1
capacity,q0.95,campus1,pfifo,duedate,1,30,1.0,80.41734666666666,atc,80.41734666666666,0.0,0.0,15,30,30,0.0,0.0,0.0,1.0,1.0,equivalent,1
capacity,q0.95,campus1,v2rl301,policy,1,30,1.0,80.41734666666666,atc,80.41734666666666,0.0,0.0,15,30,30,0.0,0.0,0.0,1.0,1.0,equivalent,1
capacity,q0.95,campus1,v2rl302,policy,1,30,1.0,80.41734666666666,atc,80.41734666666666,0.0,0.0,15,30,30,0.0,0.0,0.0,1.0,1.0,equivalent,1
capacity,q0.95,campus1,v2rl303,policy,1,30,1.0,80.41734666666666,atc,80.41734666666666,0.0,0.0,15,30,30,0.0,0.0,0.0,1.0,1.0,equivalent,1
capacity,q0.95,campus1,v2rl304,policy,1,30,1.0,80.41734666666666,atc,80.41734666666666,0.0,0.0,15,30,30,0.0,0.0,0.0,1.0,1.0,equivalent,1
capacity,q0.95,campus1,v2rl305,policy,1,30,1.0,80.41734666666666,atc,80.41734666666666,0.0,0.0,15,30,30,0.0,0.0,0.0,1.0,1.0,equivalent,1
capacity,q0.95,campus1,v2rl306,policy,1,30,1.0,80.41734666666666,atc,80.41734666666666,0.0,0.0,15,30,30,0.0,0.0,0.0,1.0,1.0,equivalent,1
capacity,q0.95,campus1,v2rl307,policy,1,30,1.0,80.41734666666666,atc,80.41734666666666,0.0,0.0,15,30,30,0.0,0.0,0.0,1.0,1.0,equivalent,1
capacity,q0.95,campus1,v2rl308,policy,1,30,1.0,80.41734666666666,atc,80.41734666666666,0.0,0.0,15,30,30,0.0,0.0,0.0,1.0,1.0,equivalent,1
capacity,q0.95,campus1,v2rl309,policy,1,30,1.0,80.41734666666666,atc,80.41734666666666,0.0,0.0,15,30,30,0.0,0.0,0.0,1.0,1.0,equivalent,1
capacity,q0.95,campus1,v2rl310,policy,1,30,1.0,80.41734666666666,atc,80.41734666666666,0.0,0.0,15,30,30,0.0,0.0,0.0,1.0,1.0,equivalent,1
capacity,q0.95,campus1,wmdd,weighted,1,30,1.0,80.41734666666666,atc,80.41734666666666,0.0,0.0,15,30,30,0.0,0.0,0.0,1.0,1.0,equivalent,1
capacity,q0.95,campus1,random,random,16,30,1.0,81.12109333333333,atc,80.41734666666666,0.8751179886396084,0.7037466666666745,15,30,30,0.7037466666666667,0.0,1.7748666666666664,1.0,0.17971249487899976,inconclusive,0
capacity,q0.95,campus1,wspt,processing,17,30,1.0,81.29713333333332,atc,80.41734666666666,1.0940259821222578,0.8797866666666607,15,30,30,0.8797866666666664,0.0,2.292906666666666,1.0,0.17971249487899976,inconclusive,0
capacity,q0.95,campus2,wmdd,weighted,1,17,1.0,1218.2288470588235,wmdd,1218.2288470588235,0.0,0.0,1,17,17,0.0,0.0,0.0,12.182288470588235,1.0,equivalent,1
capacity,q0.95,campus2,atc,weighted,2,17,1.0,1252.1157176470588,wmdd,1218.2288470588235,2.7816506455292496,33.8868705882353,1,17,17,33.88687058823534,12.320760000000067,59.461952941176534,12.182288470588235,0.004741768038406972,worse,0
capacity,q0.95,campus2,wspt,processing,3,17,1.0,1291.2388588235294,wmdd,1218.2288470588235,5.993127805253867,73.01001176470595,1,17,17,73.01001176470588,35.21711176470586,113.92594147058831,12.182288470588235,0.0014737808438751421,worse,0
capacity,q0.95,campus2,edd,duedate,4,17,1.0,1311.3221411764705,wmdd,1218.2288470588235,7.641691816968763,93.09329411764702,1,17,17,93.09329411764713,-17.24791117647057,242.40648529411772,12.182288470588235,0.8588630128278887,inconclusive,0
capacity,q0.95,campus2,pfifo,duedate,4,17,1.0,1311.3221411764705,wmdd,1218.2288470588235,7.641691816968763,93.09329411764702,1,17,17,93.09329411764713,-16.389175882352987,241.6933029411764,12.182288470588235,0.8588630128278887,inconclusive,0
capacity,q0.95,campus2,v2rl310,policy,6,17,1.0,1324.8887411764706,wmdd,1218.2288470588235,8.755324943680055,106.65989411764713,1,17,17,106.65989411764711,9.845770294117656,226.40966617647067,12.182288470588235,0.15793931050013033,inconclusive,0
capacity,q0.95,campus2,v2rl302,policy,7,17,1.0,1420.4514,wmdd,1218.2288470588235,16.599717978227446,202.22255294117645,1,17,17,202.22255294117647,67.39359117647068,367.7740394117647,12.182288470588235,0.012063323418854825,worse,0
capacity,q0.95,campus2,v2rl304,policy,8,17,1.0,1447.7240823529412,wmdd,1218.2288470588235,18.8384338335272,229.49523529411772,1,17,17,229.49523529411763,33.03737205882359,520.3425738235293,12.182288470588235,0.08437944259396049,worse,0
capacity,q0.95,campus2,v2rl309,policy,9,17,1.0,1453.0060823529411,wmdd,1218.2288470588235,19.272014109741498,234.77723529411765,1,17,17,234.7772352941176,57.099894117647096,525.7912141176469,12.182288470588235,0.012063323418854825,worse,0
capacity,q0.95,campus2,v2rl308,policy,10,17,1.0,1494.2145294117647,wmdd,1218.2288470588235,22.654666487274124,275.98568235294124,1,17,17,275.98568235294124,15.247808823529455,683.8380873529409,12.182288470588235,0.13609738111439368,worse,0
capacity,q0.95,campus2,random,random,11,17,1.0,1636.0305647058824,wmdd,1218.2288470588235,34.2958319084103,417.8017176470589,1,17,17,417.80171764705887,215.39784558823533,661.251451764706,12.182288470588235,0.0018714329102470324,worse,0
capacity,q0.95,campus2,v2rl305,policy,12,17,1.0,1720.644105882353,wmdd,1218.2288470588235,41.24145147576446,502.4152588235295,1,17,17,502.4152588235294,188.44146500000002,917.3618438235292,12.182288470588235,0.004741768038406972,worse,0
capacity,q0.95,campus2,v2rl307,policy,13,17,1.0,1751.246494117647,wmdd,1218.2288470588235,43.75349084416207,533.0176470588235,1,17,17,533.0176470588236,193.12754735294124,968.1324120588234,12.182288470588235,0.012063323418854825,worse,0
capacity,q0.95,campus2,v2rl301,policy,14,17,1.0,1851.2520352941178,wmdd,1218.2288470588235,51.96258402217331,633.0231882352944,1,17,17,633.0231882352942,225.05518117647065,1116.0518982352937,12.182288470588235,0.012063323418854825,worse,0
capacity,q0.95,campus2,v2rl306,policy,15,17,1.0,1863.508082352941,wmdd,1218.2288470588235,52.96863859791358,645.2792352941176,1,17,17,645.2792352941175,260.127394117647,1105.5040597058812,12.182288470588235,0.004741768038406972,worse,0
capacity,q0.95,campus2,v2rl303,policy,16,17,1.0,2171.692823529412,wmdd,1218.2288470588235,78.26640936738134,953.4639764705887,1,17,17,953.4639764705884,451.92441588235295,1507.92646,12.182288470588235,0.0028734139278525227,worse,0
capacity,q0.95,campus2,lpt,processing,17,17,1.0,2615.111835294117,wmdd,1218.2288470588235,114.66507229801657,1396.8829882352936,1,17,17,1396.8829882352936,683.1075429411763,2224.13401352941,12.182288470588235,0.0018714329102470324,worse,0
capacity,q0.90,verdict,v2rl301,policy,1,180,1.0,446.13819888888884,v2rl301,446.13819888888884,0.0,0.0,1,180,180,0.0,0.0,0.0,4.461381988888888,1.0,equivalent,1
capacity,q0.90,verdict,v2rl305,policy,2,180,1.0,446.17625888888887,v2rl301,446.13819888888884,0.008530988849378675,0.03806000000002996,1,180,180,0.038060000000000906,-0.052414777777778324,0.17444461111111428,4.461381988888888,0.892738400944348,equivalent,1
capacity,q0.90,verdict,v2rl310,policy,3,180,1.0,446.18442444444446,v2rl301,446.13819888888884,0.010361263767762486,0.04622555555562258,1,180,180,0.04622555555555839,-0.0751168888888885,0.18323894444445044,4.461381988888888,0.49896229860376107,equivalent,1
capacity,q0.90,verdict,v2rl307,policy,4,180,1.0,446.20065,v2rl301,446.13819888888884,0.013998153770892922,0.06245111111115875,1,180,180,0.06245111111111383,-0.02373777777777772,0.17736444444444968,4.461381988888888,0.34523107177184,equivalent,1
capacity,q0.90,verdict,v2rl302,policy,5,180,1.0,446.20275,v2rl301,446.13819888888884,0.014468859934412322,0.0645511111111432,1,180,180,0.06455111111111414,-0.052053333333333285,0.25647111111111875,4.461381988888888,0.7150006546880893,equivalent,1
capacity,q0.90,verdict,v2rl303,policy,6,180,1.0,446.2115788888889,v2rl301,446.13819888888884,0.016447818228252233,0.07338000000004286,1,180,180,0.07338000000000117,-0.05901777777777776,0.2823977777777789,4.461381988888888,0.6858304344516057,equivalent,1
capacity,q0.90,verdict,v2rl304,policy,7,180,1.0,446.2519211111111,v2rl301,446.13819888888884,0.02549035758548864,0.11372222222223627,1,180,180,0.11372222222222317,-0.02778266666666713,0.3048715000000001,4.461381988888888,0.2626182904425206,equivalent,1
capacity,q0.90,verdict,v2rl308,policy,8,180,1.0,446.27958555555557,v2rl301,446.13819888888884,0.03169122639999397,0.14138666666673316,1,180,180,0.14138666666666874,-0.057165444444443506,0.43573088888889366,4.461381988888888,0.49896229860376107,equivalent,1
capacity,q0.90,verdict,v2rl309,policy,9,180,1.0,446.45682555555555,v2rl301,446.13819888888884,0.071418826601322,0.3186266666667166,1,180,180,0.3186266666666694,0.004871111111111127,0.8016223333333369,4.461381988888888,0.09289194088370532,equivalent,1
capacity,q0.90,verdict,edd,duedate,10,180,1.0,446.52333,v2rl301,446.13819888888884,0.08632551798306498,0.38513111111114995,1,180,180,0.3851311111111122,0.048270611111111146,0.8519190000000024,4.461381988888888,0.028401837044201694,equivalent,1
capacity,q0.90,verdict,pfifo,duedate,10,180,1.0,446.52333,v2rl301,446.13819888888884,0.08632551798306498,0.38513111111114995,1,180,180,0.3851311111111122,0.05114444444444501,0.836392500000002,4.461381988888888,0.028401837044201694,equivalent,1
capacity,q0.90,verdict,v2rl306,policy,12,180,1.0,446.59578555555555,v2rl301,446.13819888888884,0.10256612587900735,0.4575866666667139,1,180,180,0.4575866666666684,-0.052053333333333285,1.4248133333333386,4.461381988888888,0.6547208460185769,equivalent,1
capacity,q0.90,verdict,wmdd,weighted,13,180,1.0,446.9786177777778,v2rl301,446.13819888888884,0.18837635759099597,0.8404188888889621,1,180,180,0.8404188888888903,0.20260744444444484,1.6745651944444464,4.461381988888888,0.00764908205529392,equivalent,1
capacity,q0.90,verdict,atc,weighted,14,180,1.0,447.4043866666667,v2rl301,446.13819888888884,0.2838106624654254,1.2661877777778727,1,180,180,1.2661877777777746,0.36291077777778064,2.442541666666663,4.461381988888888,0.006318521553682498,equivalent,1
capacity,q0.90,verdict,wspt,processing,15,180,1.0,448.9091166666667,v2rl301,446.13819888888884,0.6210895602929458,2.7709177777778677,1,180,180,2.7709177777777763,1.4235978611111098,4.404932722222219,4.461381988888888,7.08874923203644e-07,equivalent,1
capacity,q0.90,verdict,random,random,16,180,1.0,448.9651344444444,v2rl301,446.13819888888884,0.6336457094676208,2.826935555555565,1,180,180,2.826935555555553,1.1029460555555524,5.204436611111108,4.461381988888888,2.8591590114049322e-05,inconclusive,0
capacity,q0.90,verdict,lpt,processing,17,180,1.0,449.60809666666665,v2rl301,446.13819888888884,0.7777629860925669,3.469897777777817,1,180,180,3.469897777777781,0.2900977777777778,8.157208000000004,4.461381988888888,0.011718685599768628,inconclusive,0
capacity,q0.90,campus1,atc,weighted,1,30,1.0,80.41734666666666,atc,80.41734666666666,0.0,0.0,15,30,30,0.0,0.0,0.0,1.0,1.0,equivalent,1
capacity,q0.90,campus1,edd,duedate,1,30,1.0,80.41734666666666,atc,80.41734666666666,0.0,0.0,15,30,30,0.0,0.0,0.0,1.0,1.0,equivalent,1
capacity,q0.90,campus1,lpt,processing,1,30,1.0,80.41734666666666,atc,80.41734666666666,0.0,0.0,15,30,30,0.0,0.0,0.0,1.0,1.0,equivalent,1
capacity,q0.90,campus1,pfifo,duedate,1,30,1.0,80.41734666666666,atc,80.41734666666666,0.0,0.0,15,30,30,0.0,0.0,0.0,1.0,1.0,equivalent,1
capacity,q0.90,campus1,v2rl301,policy,1,30,1.0,80.41734666666666,atc,80.41734666666666,0.0,0.0,15,30,30,0.0,0.0,0.0,1.0,1.0,equivalent,1
capacity,q0.90,campus1,v2rl302,policy,1,30,1.0,80.41734666666666,atc,80.41734666666666,0.0,0.0,15,30,30,0.0,0.0,0.0,1.0,1.0,equivalent,1
capacity,q0.90,campus1,v2rl303,policy,1,30,1.0,80.41734666666666,atc,80.41734666666666,0.0,0.0,15,30,30,0.0,0.0,0.0,1.0,1.0,equivalent,1
capacity,q0.90,campus1,v2rl304,policy,1,30,1.0,80.41734666666666,atc,80.41734666666666,0.0,0.0,15,30,30,0.0,0.0,0.0,1.0,1.0,equivalent,1
capacity,q0.90,campus1,v2rl305,policy,1,30,1.0,80.41734666666666,atc,80.41734666666666,0.0,0.0,15,30,30,0.0,0.0,0.0,1.0,1.0,equivalent,1
capacity,q0.90,campus1,v2rl306,policy,1,30,1.0,80.41734666666666,atc,80.41734666666666,0.0,0.0,15,30,30,0.0,0.0,0.0,1.0,1.0,equivalent,1
capacity,q0.90,campus1,v2rl307,policy,1,30,1.0,80.41734666666666,atc,80.41734666666666,0.0,0.0,15,30,30,0.0,0.0,0.0,1.0,1.0,equivalent,1
capacity,q0.90,campus1,v2rl308,policy,1,30,1.0,80.41734666666666,atc,80.41734666666666,0.0,0.0,15,30,30,0.0,0.0,0.0,1.0,1.0,equivalent,1
capacity,q0.90,campus1,v2rl309,policy,1,30,1.0,80.41734666666666,atc,80.41734666666666,0.0,0.0,15,30,30,0.0,0.0,0.0,1.0,1.0,equivalent,1
capacity,q0.90,campus1,v2rl310,policy,1,30,1.0,80.41734666666666,atc,80.41734666666666,0.0,0.0,15,30,30,0.0,0.0,0.0,1.0,1.0,equivalent,1
capacity,q0.90,campus1,wmdd,weighted,1,30,1.0,80.41734666666666,atc,80.41734666666666,0.0,0.0,15,30,30,0.0,0.0,0.0,1.0,1.0,equivalent,1
capacity,q0.90,campus1,random,random,16,30,1.0,80.88776,atc,80.41734666666666,0.5849650017467296,0.47041333333334023,15,30,30,0.47041333333333457,0.0,1.4074933333333357,1.0,0.17971249487899976,inconclusive,0
capacity,q0.90,campus1,wspt,processing,17,30,1.0,81.58550666666666,atc,80.41734666666666,1.4526219135805032,1.1681600000000003,15,30,30,1.16816,0.0,2.937106666666667,1.0,0.17971249487899976,inconclusive,0
capacity,q0.90,campus2,wmdd,weighted,1,17,1.0,1417.143705882353,wmdd,1417.143705882353,0.0,0.0,1,17,17,0.0,0.0,0.0,14.17143705882353,1.0,equivalent,1
capacity,q0.90,campus2,atc,weighted,2,17,1.0,1480.3090470588236,wmdd,1417.143705882353,4.457229066768639,63.16534117647052,1,17,17,63.16534117647058,25.9391335294117,106.3318135294118,14.17143705882353,0.002610776740525937,worse,0
capacity,q0.90,campus2,wspt,processing,3,17,1.0,1519.5474000000002,wmdd,1417.143705882353,7.226062797483739,102.40369411764709,1,17,17,102.40369411764696,50.65213588235284,162.5530858823529,14.17143705882353,0.001887179308509098,worse,0
capacity,q0.90,campus2,v2rl310,policy,4,17,1.0,1752.254105882353,wmdd,1417.143705882353,23.646889063473697,335.1104,1,17,17,335.1103999999999,75.85190411764704,676.7283782352938,14.17143705882353,0.08840247992639415,worse,0
capacity,q0.90,campus2,edd,duedate,5,17,1.0,1770.1799882352943,wmdd,1417.143705882353,24.911819520316826,353.03628235294127,1,17,17,353.03628235294116,59.68170294117657,749.4181238235293,14.17143705882353,0.30028987962532416,worse,0
capacity,q0.90,campus2,pfifo,duedate,5,17,1.0,1770.1799882352943,wmdd,1417.143705882353,24.911819520316826,353.03628235294127,1,17,17,353.03628235294116,61.904065000000024,745.3445047058821,14.17143705882353,0.30028987962532416,worse,0
capacity,q0.90,campus2,v2rl309,policy,7,17,1.0,1874.7351764705882,wmdd,1417.143705882353,32.28970136824098,457.5914705882351,1,17,17,457.5914705882352,162.35723147058806,825.724245588235,14.17143705882353,0.005385665016640753,worse,0
capacity,q0.90,campus2,v2rl304,policy,8,17,1.0,1894.377917647059,wmdd,1417.143705882353,33.675781064670964,477.23421176470583,1,17,17,477.23421176470583,164.63898999999992,855.190099117647,14.17143705882353,0.023095732617466558,worse,0
capacity,q0.90,campus2,v2rl308,policy,9,17,1.0,2005.1070000000002,wmdd,1417.143705882353,41.48932050271958,587.9632941176471,1,17,17,587.9632941176469,168.1781847058823,1089.476920294117,14.17143705882353,0.02675655362446764,worse,0
capacity,q0.90,campus2,v2rl302,policy,10,17,1.0,2029.8562823529414,wmdd,1417.143705882353,43.235740590549106,612.7125764705884,1,17,17,612.7125764705884,161.83608235294122,1172.7376355882352,14.17143705882353,0.010593539088689496,worse,0
capacity,q0.90,campus2,random,random,11,17,1.0,2333.2741882352943,wmdd,1417.143705882353,64.64626548106729,916.1304823529413,1,17,17,916.1304823529413,391.2957273529411,1541.4706194117646,14.17143705882353,0.0012250235420688657,worse,0
capacity,q0.90,campus2,v2rl305,policy,12,17,1.0,2760.573058823529,wmdd,1417.143705882353,94.79838546823447,1343.4293529411761,1,17,17,1343.4293529411764,536.0259176470587,2243.2232902941178,14.17143705882353,0.010593539088689496,worse,0
capacity,q0.90,campus2,v2rl307,policy,13,17,1.0,2886.4930352941174,wmdd,1417.143705882353,103.6838623572693,1469.3493294117643,1,17,17,1469.3493294117643,630.4140170588234,2404.5601585294103,14.17143705882353,0.008984997655215593,worse,0
capacity,q0.90,campus2,v2rl301,policy,14,17,1.0,2976.173164705882,wmdd,1417.143705882353,110.01209350556539,1559.0294588235288,1,17,17,1559.0294588235292,676.0346217647057,2530.96695617647,14.17143705882353,0.010593539088689496,worse,0
capacity,q0.90,campus2,v2rl306,policy,15,17,1.0,3187.3075411764703,wmdd,1417.143705882353,124.91067969652124,1770.1638352941172,1,17,17,1770.1638352941175,713.9873570588234,3022.789798235293,14.17143705882353,0.004514052854917141,worse,0
capacity,q0.90,campus2,v2rl303,policy,16,17,1.0,3341.883294117647,wmdd,1417.143705882353,135.81823637546324,1924.739588235294,1,17,17,1924.739588235294,908.007234117647,3107.6444479411757,14.17143705882353,0.004514052854917141,worse,0
capacity,q0.90,campus2,lpt,processing,17,17,1.0,4148.895623529411,wmdd,1417.143705882353,192.76463680486043,2731.751917647058,1,17,17,2731.7519176470582,1308.8835873529413,4366.365890294116,14.17143705882353,0.0008052762369668134,worse,0
capacity,q0.75,verdict,v2rl310,policy,1,180,1.0,456.3031544444445,v2rl310,456.3031544444445,0.0,0.0,1,180,180,0.0,0.0,0.0,4.563031544444445,1.0,equivalent,1
capacity,q0.75,verdict,v2rl302,policy,2,180,1.0,456.4452177777778,v2rl310,456.3031544444445,0.031133541802117054,0.14206333333333987,1,180,180,0.1420633333333365,-0.48562555555555154,1.0875340000000007,4.563031544444445,0.27172613308032645,equivalent,1
capacity,q0.75,verdict,v2rl304,policy,3,180,1.0,456.6749055555556,v2rl310,456.3031544444445,0.08147020407161584,0.37175111111110937,1,180,180,0.37175111111111026,-0.02154611111111221,0.8190269444444435,4.563031544444445,0.13283892519329157,equivalent,1
capacity,q0.75,verdict,v2rl303,policy,4,180,1.0,456.9178888888889,v2rl310,456.3031544444445,0.13472062124857997,0.6147344444444229,1,180,180,0.6147344444444475,-0.20258911111110875,1.7266776388888931,4.563031544444445,0.6601891687867206,equivalent,1
capacity,q0.75,verdict,atc,weighted,5,180,1.0,457.55915666666664,v2rl310,456.3031544444445,0.27525609016473945,1.2560022222221505,1,180,180,1.2560022222222236,-2.1608185555555544,4.0644148888888925,4.563031544444445,0.04219783800833004,equivalent,1
capacity,q0.75,verdict,wmdd,weighted,6,180,1.0,458.1362966666667,v2rl310,456.3031544444445,0.401737793036752,1.8331422222221931,1,180,180,1.8331422222222253,0.47101422222222084,3.3590266944444385,4.563031544444445,0.010996241904815084,equivalent,1
capacity,q0.75,verdict,v2rl308,policy,7,180,1.0,458.37646222222224,v2rl310,456.3031544444445,0.45437068702758326,2.0733077777777567,1,180,180,2.073307777777778,-0.1485508055555504,6.2325165277777685,4.563031544444445,0.3257891629860271,inconclusive,0
capacity,q0.75,verdict,wspt,processing,8,180,1.0,462.05569222222226,v2rl310,456.3031544444445,1.2606833246159717,5.752537777777775,1,180,180,5.752537777777778,3.181972388888891,8.73592513888888,4.563031544444445,9.908705059113447e-09,inconclusive,0
capacity,q0.75,verdict,edd,duedate,9,180,1.0,462.1728811111111,v2rl310,456.3031544444445,1.2863655684811335,5.869726666666622,1,180,180,5.869726666666665,0.2426927222222209,14.635817249999997,4.563031544444445,0.08909829606253376,inconclusive,0
capacity,q0.75,verdict,pfifo,duedate,9,180,1.0,462.1728811111111,v2rl310,456.3031544444445,1.2863655684811335,5.869726666666622,1,180,180,5.869726666666665,0.2241731944444438,14.572046527777768,4.563031544444445,0.08909829606253376,inconclusive,0
capacity,q0.75,verdict,v2rl301,policy,11,180,1.0,464.56277222222224,v2rl310,456.3031544444445,1.810116300386735,8.259617777777748,1,180,180,8.259617777777779,-1.51663016666667,24.608387611111112,4.563031544444445,0.3257891629860271,inconclusive,0
capacity,q0.75,verdict,v2rl307,policy,12,180,1.0,465.48564888888893,v2rl310,456.3031544444445,2.01236707548609,9.182494444444444,1,180,180,9.182494444444446,-0.14119677777777392,25.329361666666667,4.563031544444445,0.4532379194310021,inconclusive,0
capacity,q0.75,verdict,v2rl305,policy,13,180,1.0,465.5359666666667,v2rl310,456.3031544444445,2.023394344810806,9.232812222222208,1,180,180,9.232812222222224,-0.11334411111111,24.82085333333331,4.563031544444445,0.42083506994660747,inconclusive,0
capacity,q0.75,verdict,v2rl306,policy,14,180,1.0,466.3446311111111,v2rl310,456.3031544444445,2.200615220136323,10.041476666666597,1,180,180,10.04147666666667,0.5873885000000003,26.0491365,4.563031544444445,0.10537319960472753,inconclusive,0
capacity,q0.75,verdict,v2rl309,policy,15,180,1.0,466.62907333333334,v2rl310,456.3031544444445,2.262951458545318,10.32591888888885,1,180,180,10.325918888888888,0.801215777777777,26.848319861111097,4.563031544444445,0.002492835955186284,inconclusive,0
capacity,q0.75,verdict,random,random,16,180,1.0,473.20494444444444,v2rl310,456.3031544444445,3.704070382896677,16.90178999999995,1,180,180,16.901790000000002,6.261598166666671,33.752100750000004,4.563031544444445,5.824709640093858e-08,worse,0
capacity,q0.75,verdict,lpt,processing,17,180,1.0,489.48093,v2rl310,456.3031544444445,7.270994125813117,33.17777555555551,1,180,180,33.17777555555555,13.517503833333327,57.919459777777746,4.563031544444445,3.1759728478379807e-06,worse,0
capacity,q0.75,campus1,v2rl304,policy,1,30,1.0,80.47734666666666,v2rl304,80.47734666666666,0.0,0.0,2,30,30,0.0,0.0,0.0,1.0,1.0,equivalent,1
capacity,q0.75,campus1,v2rl310,policy,1,30,1.0,80.47734666666666,v2rl304,80.47734666666666,0.0,0.0,2,30,30,0.0,0.0,0.0,1.0,1.0,equivalent,1
capacity,q0.75,campus1,atc,weighted,3,30,1.0,80.47793333333334,v2rl304,80.47734666666666,0.0007289836096455327,0.0005866666666776155,2,30,30,0.0005866666666667204,0.0,0.0017600000000001614,1.0,0.31731050786291415,equivalent,1
capacity,q0.75,campus1,edd,duedate,3,30,1.0,80.47793333333334,v2rl304,80.47734666666666,0.0007289836096455327,0.0005866666666776155,2,30,30,0.0005866666666667204,0.0,0.0017600000000001614,1.0,0.31731050786291415,equivalent,1
capacity,q0.75,campus1,pfifo,duedate,3,30,1.0,80.47793333333334,v2rl304,80.47734666666666,0.0007289836096455327,0.0005866666666776155,2,30,30,0.0005866666666667204,0.0,0.0017600000000001614,1.0,0.31731050786291415,equivalent,1
capacity,q0.75,campus1,v2rl307,policy,3,30,1.0,80.47793333333334,v2rl304,80.47734666666666,0.0007289836096455327,0.0005866666666776155,2,30,30,0.0005866666666667204,0.0,0.0017600000000001614,1.0,0.31731050786291415,equivalent,1
capacity,q0.75,campus1,v2rl308,policy,3,30,1.0,80.47793333333334,v2rl304,80.47734666666666,0.0007289836096455327,0.0005866666666776155,2,30,30,0.0005866666666667204,0.0,0.0017600000000001614,1.0,0.31731050786291415,equivalent,1
capacity,q0.75,campus1,wmdd,weighted,3,30,1.0,80.47793333333334,v2rl304,80.47734666666666,0.0007289836096455327,0.0005866666666776155,2,30,30,0.0005866666666667204,0.0,0.0017600000000001614,1.0,0.31731050786291415,equivalent,1
capacity,q0.75,campus1,v2rl301,policy,9,30,1.0,80.5446,v2rl304,80.47734666666666,0.08356803015872355,0.06725333333334049,2,30,30,0.06725333333333339,0.0,0.20176000000000016,1.0,0.31731050786291415,equivalent,1
capacity,q0.75,campus1,v2rl302,policy,9,30,1.0,80.5446,v2rl304,80.47734666666666,0.08356803015872355,0.06725333333334049,2,30,30,0.06725333333333339,0.0,0.20176000000000016,1.0,0.31731050786291415,equivalent,1
capacity,q0.75,campus1,v2rl303,policy,9,30,1.0,80.5446,v2rl304,80.47734666666666,0.08356803015872355,0.06725333333334049,2,30,30,0.06725333333333339,0.0,0.20176000000000016,1.0,0.31731050786291415,equivalent,1
capacity,q0.75,campus1,v2rl305,policy,9,30,1.0,80.5446,v2rl304,80.47734666666666,0.08356803015872355,0.06725333333334049,2,30,30,0.06725333333333339,0.0,0.20176000000000016,1.0,0.31731050786291415,equivalent,1
capacity,q0.75,campus1,v2rl306,policy,9,30,1.0,80.5446,v2rl304,80.47734666666666,0.08356803015872355,0.06725333333334049,2,30,30,0.06725333333333339,0.0,0.20176000000000016,1.0,0.31731050786291415,equivalent,1
capacity,q0.75,campus1,v2rl309,policy,14,30,1.0,80.63956,v2rl304,80.47734666666666,0.20156396806323743,0.16221333333334087,2,30,30,0.16221333333333235,0.0,0.44482666666666354,1.0,0.17971249487899976,equivalent,1
capacity,q0.75,campus1,lpt,processing,15,30,1.0,81.11370666666667,v2rl304,80.47734666666666,0.7907318349296272,0.6363600000000105,2,30,30,0.63636,0.0,1.9084933333333334,1.0,0.17971249487899976,inconclusive,0
capacity,q0.75,campus1,random,random,16,30,1.0,81.39338666666666,v2rl304,80.47734666666666,1.1382582030123203,0.9160399999999953,2,30,30,0.9160400000000001,0.0,2.4147866666666666,1.0,0.17971249487899976,inconclusive,0
capacity,q0.75,campus1,wspt,processing,17,30,1.0,82.63201333333333,v2rl304,80.47734666666666,2.677357984466359,2.154666666666671,2,30,30,2.154666666666665,0.0,5.156533333333331,1.0,0.10880943004054568,inconclusive,0
capacity,q0.75,campus2,atc,weighted,1,17,1.0,2830.0547470588235,atc,2830.0547470588235,0.0,0.0,1,17,17,0.0,0.0,0.0,28.300547470588235,1.0,equivalent,1
capacity,q0.75,campus2,wmdd,weighted,2,17,1.0,2954.9877764705884,atc,2830.0547470588235,4.414509279073255,124.93302941176489,1,17,17,124.93302941176498,-154.88348235294092,588.1850438235293,28.300547470588235,0.1476602555616499,inconclusive,0
capacity,q0.75,campus2,wspt,processing,3,17,1.0,2966.2111588235293,atc,2830.0547470588235,4.811087556034327,136.1564117647058,1,17,17,136.15641176470584,64.84685117647035,222.13180882352927,28.300547470588235,0.002162232660801692,worse,0
capacity,q0.75,campus2,v2rl310,policy,4,17,1.0,4427.082776470588,atc,2830.0547470588235,56.43099417322226,1597.0280294117647,1,17,17,1597.0280294117647,711.8629570588232,2635.1063319117648,28.300547470588235,0.010986328125,worse,0
capacity,q0.75,campus2,v2rl308,policy,5,17,1.0,4722.222311764705,atc,2830.0547470588235,66.85975127061924,1892.167564705882,1,17,17,1892.1675647058821,909.6007001470584,2986.822408970588,28.300547470588235,0.0013427734375,worse,0
capacity,q0.75,campus2,v2rl309,policy,6,17,1.0,5068.351305882353,atc,2830.0547470588235,79.09022117503955,2238.2965588235293,1,17,17,2238.2965588235293,1237.9587394117646,3369.552104852941,28.300547470588235,0.0001068115234375,worse,0
capacity,q0.75,campus2,v2rl304,policy,7,17,1.0,5326.375029411765,atc,2830.0547470588235,88.20749086028388,2496.320282352942,1,17,17,2496.320282352942,1140.3802961764704,3985.643294705883,28.300547470588235,0.001678466796875,worse,0
capacity,q0.75,campus2,pfifo,duedate,8,17,1.0,5620.576094117648,atc,2830.0547470588235,98.60308709430144,2790.521347058824,1,17,17,2790.521347058824,1353.0933801470596,4368.1234254411775,28.300547470588235,0.00665283203125,worse,0
capacity,q0.75,campus2,edd,duedate,9,17,1.0,5629.988752941176,atc,2830.0547470588235,98.93568344542543,2799.9340058823527,1,17,17,2799.934005882353,1376.218555294117,4380.928149411766,28.300547470588235,0.00665283203125,worse,0
capacity,q0.75,campus2,random,random,10,17,1.0,7278.248682352941,atc,2830.0547470588235,157.17695708597046,4448.193935294117,1,17,17,4448.193935294119,2681.5100048529407,6305.003205294117,28.300547470588235,3.0517578125e-05,worse,0
capacity,q0.75,campus2,v2rl302,policy,11,17,1.0,7316.840282352941,atc,2830.0547470588235,158.5405914835067,4486.785535294118,1,17,17,4486.785535294118,2001.4802670588233,7318.189942500001,28.300547470588235,0.0006561279296875,worse,0
capacity,q0.75,campus2,v2rl307,policy,12,17,1.0,10134.585158823531,atc,2830.0547470588235,258.10562213879604,7304.530411764707,1,17,17,7304.530411764707,3837.636490588236,11021.897914411764,28.300547470588235,7.62939453125e-05,worse,0
capacity,q0.75,campus2,v2rl305,policy,13,17,1.0,10241.060952941176,atc,2830.0547470588235,261.86794490758,7411.006205882352,1,17,17,7411.006205882352,3826.5842211764702,11330.270343676466,28.300547470588235,0.0002899169921875,worse,0
capacity,q0.75,campus2,v2rl301,policy,14,17,1.0,10863.26497647059,atc,2830.0547470588235,283.8535274895441,8033.210229411766,1,17,17,8033.210229411766,4172.917378529412,12300.569250882354,28.300547470588235,0.0001068115234375,worse,0
capacity,q0.75,campus2,v2rl303,policy,15,17,1.0,11499.530270588235,atc,2830.0547470588235,306.3359651448189,8669.47552352941,1,17,17,8669.475523529412,4634.718029264705,13106.39068867647,28.300547470588235,3.0517578125e-05,worse,0
capacity,q0.75,campus2,v2rl306,policy,16,17,1.0,11554.096964705883,atc,2830.0547470588235,308.26407958056825,8724.04221764706,1,17,17,8724.04221764706,4502.694035735295,13330.949084117652,28.300547470588235,7.62939453125e-05,worse,0
capacity,q0.75,campus2,lpt,processing,17,17,1.0,15682.749817647056,atc,2830.0547470588235,454.15005077006333,12852.695070588234,1,17,17,12852.695070588234,7658.280068382354,18449.292187205876,28.300547470588235,1.52587890625e-05,worse,0
backdate,baseline,verdict,v2rl302,policy,1,180,1.0,444.68101666666666,v2rl302,444.68101666666666,0.0,0.0,1,180,180,0.0,0.0,0.0,4.446810166666666,1.0,equivalent,1
backdate,baseline,verdict,v2rl308,policy,2,180,1.0,444.70772111111114,v2rl302,444.68101666666666,0.006005303452045958,0.026704444444476394,1,180,180,0.026704444444443552,0.0,0.0645444444444441,4.446810166666667,0.10880943004054568,equivalent,1
backdate,baseline,verdict,v2rl310,policy,3,180,1.0,444.7120755555556,v2rl302,444.68101666666666,0.0069845322208160225,0.0310588888889356,1,180,180,0.031058888888890836,-0.003246666666665574,0.0825688888888917,4.446810166666667,0.27332167829229814,equivalent,1
backdate,baseline,verdict,v2rl303,policy,4,180,1.0,444.73146333333335,v2rl302,444.68101666666666,0.011344461484961939,0.05044666666668718,1,180,180,0.05044666666666823,0.0,0.12979450000000672,4.446810166666667,0.10880943004054568,equivalent,1
backdate,baseline,verdict,v2rl301,policy,5,180,1.0,444.75599888888894,v2rl302,444.68101666666666,0.01686202455511642,0.07498222222227469,1,180,180,0.07498222222222037,0.014309222222222638,0.15945366666666724,4.446810166666667,0.043114446783075355,equivalent,1
backdate,baseline,verdict,v2rl305,policy,6,180,1.0,444.76037666666673,v2rl302,444.68101666666666,0.017846500530863337,0.07936000000006516,1,180,180,0.07935999999999695,0.011111111111111112,0.18044444444444202,4.446810166666667,0.043114446783075355,equivalent,1
backdate,baseline,verdict,v2rl304,policy,7,180,1.0,444.7625444444445,v2rl302,444.68101666666666,0.018333991045748,0.08152777777780784,1,180,180,0.08152777777777974,-0.002406666666666663,0.19521222222222528,4.446810166666667,0.14412703481601533,equivalent,1
backdate,baseline,verdict,v2rl307,policy,8,180,1.0,444.7699366666667,v2rl302,444.68101666666666,0.01999635618956152,0.08892000000003009,1,180,180,0.08892000000000182,0.012000000000001402,0.18329366666666883,4.446810166666667,0.046399461870904594,equivalent,1
backdate,baseline,verdict,v2rl306,policy,9,180,1.0,444.8585588888889,v2rl302,444.68101666666666,0.03992574802340689,0.17754222222225735,1,180,180,0.17754222222222324,0.007160000000000208,0.48380000000000284,4.446810166666667,0.06788915486182899,equivalent,1
backdate,baseline,verdict,edd,duedate,10,180,1.0,444.8689277777778,v2rl302,444.68101666666666,0.042257506857323886,0.18791111111113423,1,180,180,0.1879111111111126,0.023322222222222265,0.4062266666666695,4.446810166666667,0.03546586462402558,equivalent,1
backdate,baseline,verdict,pfifo,duedate,10,180,1.0,444.8689277777778,v2rl302,444.68101666666666,0.042257506857323886,0.18791111111113423,1,180,180,0.1879111111111126,0.026617777777777955,0.4040193333333374,4.446810166666667,0.03546586462402558,equivalent,1
backdate,baseline,verdict,v2rl309,policy,12,180,1.0,444.95305222222225,v2rl302,444.68101666666666,0.061175437079543225,0.2720355555555898,1,180,180,0.27203555555555725,0.02955555555555551,0.6347733333333385,4.446810166666667,0.043114446783075355,equivalent,1
backdate,baseline,verdict,wmdd,weighted,13,180,1.0,445.33198999999996,v2rl302,444.68101666666666,0.14639107785913597,0.6509733333332974,1,180,180,0.6509733333333377,0.16524922222222213,1.2735096111111235,4.446810166666667,0.020879263166351643,equivalent,1
backdate,baseline,verdict,atc,weighted,14,180,1.0,445.55514999999997,v2rl302,444.68101666666666,0.1965753653901884,0.8741333333333046,1,180,180,0.8741333333333341,0.2628995,1.6410129444444428,4.446810166666667,0.012792160247732852,equivalent,1
backdate,baseline,verdict,lpt,processing,15,180,1.0,445.5785988888889,v2rl302,444.68101666666666,0.2018485585354027,0.8975822222222405,1,180,180,0.8975822222222226,0.07433955555555252,2.4381644444444497,4.446810166666667,0.007685794055213263,equivalent,1
backdate,baseline,verdict,random,random,16,180,1.0,446.3160666666667,v2rl302,444.68101666666666,0.36769053292546333,1.6350500000000352,1,180,180,1.6350499999999972,0.5723388888888871,3.181273361111108,4.446810166666667,0.0001318338889828333,equivalent,1
backdate,baseline,verdict,wspt,processing,17,180,1.0,446.6459477777778,v2rl302,444.68101666666666,0.441874295835759,1.9649311111111274,1,180,180,1.9649311111111145,0.8907340555555577,3.3120528888888994,4.446810166666667,1.7564851371585654e-05,equivalent,1
backdate,baseline,campus1,atc,weighted,1,30,1.0,80.41734666666666,atc,80.41734666666666,0.0,0.0,15,30,30,0.0,0.0,0.0,1.0,1.0,equivalent,1
backdate,baseline,campus1,edd,duedate,1,30,1.0,80.41734666666666,atc,80.41734666666666,0.0,0.0,15,30,30,0.0,0.0,0.0,1.0,1.0,equivalent,1
backdate,baseline,campus1,lpt,processing,1,30,1.0,80.41734666666666,atc,80.41734666666666,0.0,0.0,15,30,30,0.0,0.0,0.0,1.0,1.0,equivalent,1
backdate,baseline,campus1,pfifo,duedate,1,30,1.0,80.41734666666666,atc,80.41734666666666,0.0,0.0,15,30,30,0.0,0.0,0.0,1.0,1.0,equivalent,1
backdate,baseline,campus1,v2rl301,policy,1,30,1.0,80.41734666666666,atc,80.41734666666666,0.0,0.0,15,30,30,0.0,0.0,0.0,1.0,1.0,equivalent,1
backdate,baseline,campus1,v2rl302,policy,1,30,1.0,80.41734666666666,atc,80.41734666666666,0.0,0.0,15,30,30,0.0,0.0,0.0,1.0,1.0,equivalent,1
backdate,baseline,campus1,v2rl303,policy,1,30,1.0,80.41734666666666,atc,80.41734666666666,0.0,0.0,15,30,30,0.0,0.0,0.0,1.0,1.0,equivalent,1
backdate,baseline,campus1,v2rl304,policy,1,30,1.0,80.41734666666666,atc,80.41734666666666,0.0,0.0,15,30,30,0.0,0.0,0.0,1.0,1.0,equivalent,1
backdate,baseline,campus1,v2rl305,policy,1,30,1.0,80.41734666666666,atc,80.41734666666666,0.0,0.0,15,30,30,0.0,0.0,0.0,1.0,1.0,equivalent,1
backdate,baseline,campus1,v2rl306,policy,1,30,1.0,80.41734666666666,atc,80.41734666666666,0.0,0.0,15,30,30,0.0,0.0,0.0,1.0,1.0,equivalent,1
backdate,baseline,campus1,v2rl307,policy,1,30,1.0,80.41734666666666,atc,80.41734666666666,0.0,0.0,15,30,30,0.0,0.0,0.0,1.0,1.0,equivalent,1
backdate,baseline,campus1,v2rl308,policy,1,30,1.0,80.41734666666666,atc,80.41734666666666,0.0,0.0,15,30,30,0.0,0.0,0.0,1.0,1.0,equivalent,1
backdate,baseline,campus1,v2rl309,policy,1,30,1.0,80.41734666666666,atc,80.41734666666666,0.0,0.0,15,30,30,0.0,0.0,0.0,1.0,1.0,equivalent,1
backdate,baseline,campus1,v2rl310,policy,1,30,1.0,80.41734666666666,atc,80.41734666666666,0.0,0.0,15,30,30,0.0,0.0,0.0,1.0,1.0,equivalent,1
backdate,baseline,campus1,wmdd,weighted,1,30,1.0,80.41734666666666,atc,80.41734666666666,0.0,0.0,15,30,30,0.0,0.0,0.0,1.0,1.0,equivalent,1
backdate,baseline,campus1,random,random,16,30,1.0,81.12109333333333,atc,80.41734666666666,0.8751179886396084,0.7037466666666745,15,30,30,0.7037466666666667,0.0,1.7748666666666664,1.0,0.17971249487899976,inconclusive,0
backdate,baseline,campus1,wspt,processing,17,30,1.0,81.29713333333332,atc,80.41734666666666,1.0940259821222578,0.8797866666666607,15,30,30,0.8797866666666664,0.0,2.292906666666666,1.0,0.17971249487899976,inconclusive,0
backdate,baseline,campus2,wmdd,weighted,1,17,1.0,1218.2288470588235,wmdd,1218.2288470588235,0.0,0.0,1,17,17,0.0,0.0,0.0,12.182288470588235,1.0,equivalent,1
backdate,baseline,campus2,atc,weighted,2,17,1.0,1252.1157176470588,wmdd,1218.2288470588235,2.7816506455292496,33.8868705882353,1,17,17,33.88687058823534,12.320760000000067,59.461952941176534,12.182288470588235,0.004741768038406972,worse,0
backdate,baseline,campus2,wspt,processing,3,17,1.0,1291.2388588235294,wmdd,1218.2288470588235,5.993127805253867,73.01001176470595,1,17,17,73.01001176470588,35.21711176470586,113.92594147058831,12.182288470588235,0.0014737808438751421,worse,0
backdate,baseline,campus2,edd,duedate,4,17,1.0,1311.3221411764705,wmdd,1218.2288470588235,7.641691816968763,93.09329411764702,1,17,17,93.09329411764713,-17.24791117647057,242.40648529411772,12.182288470588235,0.8588630128278887,inconclusive,0
backdate,baseline,campus2,pfifo,duedate,4,17,1.0,1311.3221411764705,wmdd,1218.2288470588235,7.641691816968763,93.09329411764702,1,17,17,93.09329411764713,-16.389175882352987,241.6933029411764,12.182288470588235,0.8588630128278887,inconclusive,0
backdate,baseline,campus2,v2rl310,policy,6,17,1.0,1324.8887411764706,wmdd,1218.2288470588235,8.755324943680055,106.65989411764713,1,17,17,106.65989411764711,9.845770294117656,226.40966617647067,12.182288470588235,0.15793931050013033,inconclusive,0
backdate,baseline,campus2,v2rl302,policy,7,17,1.0,1420.4514,wmdd,1218.2288470588235,16.599717978227446,202.22255294117645,1,17,17,202.22255294117647,67.39359117647068,367.7740394117647,12.182288470588235,0.012063323418854825,worse,0
backdate,baseline,campus2,v2rl304,policy,8,17,1.0,1447.7240823529412,wmdd,1218.2288470588235,18.8384338335272,229.49523529411772,1,17,17,229.49523529411763,33.03737205882359,520.3425738235293,12.182288470588235,0.08437944259396049,worse,0
backdate,baseline,campus2,v2rl309,policy,9,17,1.0,1453.0060823529411,wmdd,1218.2288470588235,19.272014109741498,234.77723529411765,1,17,17,234.7772352941176,57.099894117647096,525.7912141176469,12.182288470588235,0.012063323418854825,worse,0
backdate,baseline,campus2,v2rl308,policy,10,17,1.0,1494.2145294117647,wmdd,1218.2288470588235,22.654666487274124,275.98568235294124,1,17,17,275.98568235294124,15.247808823529455,683.8380873529409,12.182288470588235,0.13609738111439368,worse,0
backdate,baseline,campus2,random,random,11,17,1.0,1636.0305647058824,wmdd,1218.2288470588235,34.2958319084103,417.8017176470589,1,17,17,417.80171764705887,215.39784558823533,661.251451764706,12.182288470588235,0.0018714329102470324,worse,0
backdate,baseline,campus2,v2rl305,policy,12,17,1.0,1720.644105882353,wmdd,1218.2288470588235,41.24145147576446,502.4152588235295,1,17,17,502.4152588235294,188.44146500000002,917.3618438235292,12.182288470588235,0.004741768038406972,worse,0
backdate,baseline,campus2,v2rl307,policy,13,17,1.0,1751.246494117647,wmdd,1218.2288470588235,43.75349084416207,533.0176470588235,1,17,17,533.0176470588236,193.12754735294124,968.1324120588234,12.182288470588235,0.012063323418854825,worse,0
backdate,baseline,campus2,v2rl301,policy,14,17,1.0,1851.2520352941178,wmdd,1218.2288470588235,51.96258402217331,633.0231882352944,1,17,17,633.0231882352942,225.05518117647065,1116.0518982352937,12.182288470588235,0.012063323418854825,worse,0
backdate,baseline,campus2,v2rl306,policy,15,17,1.0,1863.508082352941,wmdd,1218.2288470588235,52.96863859791358,645.2792352941176,1,17,17,645.2792352941175,260.127394117647,1105.5040597058812,12.182288470588235,0.004741768038406972,worse,0
backdate,baseline,campus2,v2rl303,policy,16,17,1.0,2171.692823529412,wmdd,1218.2288470588235,78.26640936738134,953.4639764705887,1,17,17,953.4639764705884,451.92441588235295,1507.92646,12.182288470588235,0.0028734139278525227,worse,0
backdate,baseline,campus2,lpt,processing,17,17,1.0,2615.111835294117,wmdd,1218.2288470588235,114.66507229801657,1396.8829882352936,1,17,17,1396.8829882352936,683.1075429411763,2224.13401352941,12.182288470588235,0.0018714329102470324,worse,0
backdate,backdate,verdict,edd,duedate,1,180,1.0,444.93246444444446,edd,444.93246444444446,0.0,0.0,2,180,180,0.0,0.0,0.0,4.449324644444444,1.0,equivalent,1
backdate,backdate,verdict,pfifo,duedate,1,180,1.0,444.93246444444446,edd,444.93246444444446,0.0,0.0,2,180,180,0.0,0.0,0.0,4.449324644444444,1.0,equivalent,1
backdate,backdate,verdict,v2rl302,policy,3,180,1.0,444.9404688888889,edd,444.93246444444446,0.0017990245900458297,0.008004444444452474,2,180,180,0.008004444444451843,-0.1672631111111132,0.14508000000002236,4.449324644444444,0.3139380937749148,equivalent,1
backdate,backdate,verdict,v2rl310,policy,3,180,1.0,444.9404688888889,edd,444.93246444444446,0.0017990245900458297,0.008004444444452474,2,180,180,0.008004444444451843,-0.17092466666665912,0.16556966666666556,4.449324644444444,0.5076243443095237,equivalent,1
backdate,backdate,verdict,v2rl308,policy,5,180,1.0,444.9443755555556,edd,444.93246444444446,0.002677060467147316,0.01191111111114651,2,180,180,0.011911111111118089,-0.19261344444444178,0.19631477777779832,4.449324644444444,0.9374729223624751,equivalent,1
backdate,backdate,verdict,v2rl307,policy,6,180,1.0,444.9597977777778,edd,444.93246444444446,0.006143254430188726,0.02733333333333121,2,180,180,0.027333333333340055,-0.16208533333333158,0.19838800000001258,4.449324644444444,0.6120898800892568,equivalent,1
backdate,backdate,verdict,v2rl304,policy,7,180,1.0,444.98491333333334,edd,444.93246444444446,0.011788056183844585,0.052448888888875445,2,180,180,0.05244888888889629,-0.15609699999997562,0.27547111111112543,4.449324644444444,0.3742593192802244,equivalent,1
backdate,backdate,verdict,v2rl305,policy,8,180,1.0,444.99602444444446,edd,444.93246444444446,0.014285314082297468,0.0635599999999954,2,180,180,0.0635600000000074,-0.141813222222217,0.2895381111111247,4.449324644444444,0.26039294361048326,equivalent,1
backdate,backdate,verdict,v2rl301,policy,9,180,1.0,445.00143333333335,edd,444.93246444444446,0.01550097922726454,0.06896888888888952,2,180,180,0.06896888888889648,-0.18348444444443748,0.40792677777777864,4.449324644444444,0.7211030967617672,equivalent,1
backdate,backdate,verdict,v2rl306,policy,10,180,1.0,445.0569888888889,edd,444.93246444444446,0.02798726871951618,0.12452444444443245,2,180,180,0.12452444444445203,-0.14786222222222262,0.48988511111113553,4.449324644444444,0.3139380937749148,equivalent,1
backdate,backdate,verdict,v2rl309,policy,11,180,1.0,445.14224666666667,edd,444.93246444444446,0.04714922802590776,0.2097822222222021,2,180,180,0.2097822222222296,-0.14120499999998595,0.7510932222222381,4.449324644444444,0.3862707203664827,equivalent,1
backdate,backdate,verdict,v2rl303,policy,12,180,1.0,445.20240222222225,edd,444.93246444444446,0.06066938228812684,0.26993777777778405,2,180,180,0.2699377777777853,-0.10620444444444324,0.8294373333333469,4.449324644444444,0.1730709208049953,equivalent,1
backdate,backdate,verdict,wmdd,weighted,13,180,1.0,445.38802000000004,edd,444.93246444444446,0.10238757383649154,0.45555555555557703,2,180,180,0.4555555555555568,0.08333333333333333,1.0000000000000038,4.449324644444444,0.01755232593841686,equivalent,1
backdate,backdate,verdict,atc,weighted,14,180,1.0,445.7677444444445,edd,444.93246444444446,0.18773186196762834,0.8352800000000116,2,180,180,0.8352799999999989,0.15505433333333093,1.725018666666667,4.449324644444444,0.012458141993823996,equivalent,1
backdate,backdate,verdict,random,random,15,180,1.0,447.88117555555556,edd,444.93246444444446,0.6627322901224888,2.948711111111095,2,180,180,2.94871111111111,0.5547812222222199,6.431158111111108,4.449324644444444,0.0006506605320808104,inconclusive,0
backdate,backdate,verdict,wspt,processing,16,180,1.0,448.1772777777778,edd,444.93246444444446,0.7292822153098948,3.2448133333333544,2,180,180,3.2448133333333318,1.104143555555557,6.383837555555545,4.449324644444444,3.448653054867208e-06,inconclusive,0
backdate,backdate,verdict,lpt,processing,17,180,1.0,448.9778155555556,edd,444.93246444444446,0.909205651280644,4.045351111111131,2,180,180,4.0453511111111204,0.4968534444444461,9.732959333333353,4.449324644444444,0.013150364234284668,inconclusive,0
backdate,backdate,campus1,v2rl304,policy,1,30,1.0,80.42493333333333,v2rl304,80.42493333333333,0.0,0.0,3,30,30,0.0,0.0,0.0,1.0,1.0,equivalent,1
backdate,backdate,campus1,v2rl307,policy,1,30,1.0,80.42493333333333,v2rl304,80.42493333333333,0.0,0.0,3,30,30,0.0,0.0,0.0,1.0,1.0,equivalent,1
backdate,backdate,campus1,v2rl310,policy,1,30,1.0,80.42493333333333,v2rl304,80.42493333333333,0.0,0.0,3,30,30,0.0,0.0,0.0,1.0,1.0,equivalent,1
backdate,backdate,campus1,edd,duedate,4,30,1.0,80.47148,v2rl304,80.42493333333333,0.057875915760789855,0.0465466666666714,3,30,30,0.04654666666666666,0.0,0.13964,1.0,0.31731050786291415,equivalent,1
backdate,backdate,campus1,lpt,processing,4,30,1.0,80.47148,v2rl304,80.42493333333333,0.057875915760789855,0.0465466666666714,3,30,30,0.04654666666666666,0.0,0.13964,1.0,0.31731050786291415,equivalent,1
backdate,backdate,campus1,pfifo,duedate,4,30,1.0,80.47148,v2rl304,80.42493333333333,0.057875915760789855,0.0465466666666714,3,30,30,0.04654666666666666,0.0,0.13964,1.0,0.31731050786291415,equivalent,1
backdate,backdate,campus1,v2rl301,policy,4,30,1.0,80.47148,v2rl304,80.42493333333333,0.057875915760789855,0.0465466666666714,3,30,30,0.04654666666666666,0.0,0.13964,1.0,0.31731050786291415,equivalent,1
backdate,backdate,campus1,v2rl302,policy,4,30,1.0,80.47148,v2rl304,80.42493333333333,0.057875915760789855,0.0465466666666714,3,30,30,0.04654666666666666,0.0,0.13964,1.0,0.31731050786291415,equivalent,1
backdate,backdate,campus1,v2rl303,policy,4,30,1.0,80.47148,v2rl304,80.42493333333333,0.057875915760789855,0.0465466666666714,3,30,30,0.04654666666666666,0.0,0.13964,1.0,0.31731050786291415,equivalent,1
backdate,backdate,campus1,v2rl305,policy,4,30,1.0,80.47148,v2rl304,80.42493333333333,0.057875915760789855,0.0465466666666714,3,30,30,0.04654666666666666,0.0,0.13964,1.0,0.31731050786291415,equivalent,1
backdate,backdate,campus1,v2rl306,policy,4,30,1.0,80.47148,v2rl304,80.42493333333333,0.057875915760789855,0.0465466666666714,3,30,30,0.04654666666666666,0.0,0.13964,1.0,0.31731050786291415,equivalent,1
backdate,backdate,campus1,v2rl308,policy,4,30,1.0,80.47148,v2rl304,80.42493333333333,0.057875915760789855,0.0465466666666714,3,30,30,0.04654666666666666,0.0,0.13964,1.0,0.31731050786291415,equivalent,1
backdate,backdate,campus1,v2rl309,policy,4,30,1.0,80.47148,v2rl304,80.42493333333333,0.057875915760789855,0.0465466666666714,3,30,30,0.04654666666666666,0.0,0.13964,1.0,0.31731050786291415,equivalent,1
backdate,backdate,campus1,random,random,14,30,1.0,80.60481333333334,v2rl304,80.42493333333333,0.22366198210506613,0.17988000000001136,3,30,30,0.17987999999999998,0.0,0.49309333333333333,1.0,0.17971249487899976,equivalent,1
backdate,backdate,campus1,wmdd,weighted,14,30,1.0,80.60481333333334,v2rl304,80.42493333333333,0.22366198210506613,0.17988000000001136,3,30,30,0.17987999999999998,0.0,0.49309333333333333,1.0,0.17971249487899976,equivalent,1
backdate,backdate,campus1,atc,weighted,16,30,1.0,80.69160000000001,v2rl304,80.42493333333333,0.33157213268855257,0.26666666666667993,3,30,30,0.26666666666666666,0.0,0.8,1.0,0.31731050786291415,equivalent,1
backdate,backdate,campus1,wspt,processing,17,30,1.0,81.02493333333334,v2rl304,80.42493333333333,0.7460372985492167,0.6000000000000085,3,30,30,0.6,0.0,1.3333333333333333,1.0,0.10880943004054568,inconclusive,0
backdate,backdate,campus2,wmdd,weighted,1,17,1.0,1265.9134352941176,wmdd,1265.9134352941176,0.0,0.0,1,17,17,0.0,0.0,0.0,12.659134352941177,1.0,equivalent,1
backdate,backdate,campus2,edd,duedate,2,17,1.0,1292.8646352941178,wmdd,1265.9134352941176,2.128992334593436,26.9512000000002,1,17,17,26.951199999999968,-34.69859235294124,117.92461411764708,12.659134352941178,0.4703377962613965,inconclusive,0
backdate,backdate,campus2,pfifo,duedate,2,17,1.0,1292.8646352941178,wmdd,1265.9134352941176,2.128992334593436,26.9512000000002,1,17,17,26.951199999999968,-35.06070000000012,117.84768647058823,12.659134352941178,0.4703377962613965,inconclusive,0
backdate,backdate,campus2,atc,weighted,4,17,1.0,1310.0192588235293,wmdd,1265.9134352941176,3.4841105481406283,44.10582352941174,1,17,17,44.10582352941168,-0.21718794117643472,94.24828029411738,12.659134352941178,0.04132685891250041,inconclusive,0
backdate,backdate,campus2,wspt,processing,5,17,1.0,1357.6961882352941,wmdd,1265.9134352941176,7.250318258914134,91.78275294117657,1,17,17,91.78275294117643,23.90387941176466,165.9112152941175,12.659134352941178,0.008360653818070695,worse,0
backdate,backdate,campus2,v2rl302,policy,6,17,1.0,1512.9223058823532,wmdd,1265.9134352941176,19.512303424668723,247.0088705882356,1,17,17,247.00887058823525,49.57725764705885,513.1129370588233,12.659134352941178,0.08840247992639415,worse,0
backdate,backdate,campus2,v2rl309,policy,7,17,1.0,1516.9960823529414,wmdd,1265.9134352941176,19.83410872011862,251.0826470588238,1,17,17,251.0826470588235,45.14282794117642,535.8211767647058,12.659134352941178,0.13975586593901426,worse,0
backdate,backdate,campus2,v2rl308,policy,8,17,1.0,1518.755211764706,wmdd,1265.9134352941176,19.973069992091848,252.84177647058846,1,17,17,252.8417764705883,39.813826176470734,547.1478964705881,12.659134352941178,0.023095732617466558,worse,0
backdate,backdate,campus2,v2rl310,policy,9,17,1.0,1531.6334000000002,wmdd,1265.9134352941176,20.99037400958986,265.7199647058826,1,17,17,265.71996470588226,25.948865882352813,568.3812670588234,12.659134352941178,0.15563546075803855,worse,0
backdate,backdate,campus2,v2rl304,policy,10,17,1.0,1557.4459882352944,wmdd,1265.9134352941176,23.02942245600255,291.53255294117685,1,17,17,291.5325529411765,35.138579411764674,618.9374958823531,12.659134352941178,0.28053090025207417,worse,0
backdate,backdate,campus2,random,random,11,17,1.0,1857.4636000000003,wmdd,1265.9134352941176,46.72911655830907,591.5501647058827,1,17,17,591.5501647058824,281.16679294117654,967.038922352941,12.659134352941178,0.0002899169921875,worse,0
backdate,backdate,campus2,v2rl307,policy,12,17,1.0,2038.8645529411767,wmdd,1265.9134352941176,61.0587656388586,772.9511176470592,1,17,17,772.9511176470588,212.06167941176474,1446.8816294117642,12.659134352941178,0.08840247992639415,worse,0
backdate,backdate,campus2,v2rl305,policy,13,17,1.0,2066.2737647058825,wmdd,1265.9134352941176,63.22393831184928,800.360329411765,1,17,17,800.3603294117647,314.12885264705903,1354.4162282352934,12.659134352941178,0.014596605678345812,worse,0
backdate,backdate,campus2,v2rl306,policy,14,17,1.0,2133.7527999999998,wmdd,1265.9134352941176,68.55440036500218,867.8393647058822,1,17,17,867.8393647058823,287.99106352941175,1539.960996764706,12.659134352941178,0.04088813291185591,worse,0
backdate,backdate,campus2,v2rl301,policy,15,17,1.0,2309.0003294117646,wmdd,1265.9134352941176,82.39796379720863,1043.086894117647,1,17,17,1043.0868941176468,393.41941205882364,1766.9558749999997,12.659134352941178,0.010593539088689496,worse,0
backdate,backdate,campus2,v2rl303,policy,16,17,1.0,2619.502329411765,wmdd,1265.9134352941176,106.925865258959,1353.5888941176474,1,17,17,1353.5888941176472,577.3277864705883,2231.9396441176473,12.659134352941178,0.004514052854917141,worse,0
backdate,backdate,campus2,lpt,processing,17,17,1.0,3312.168164705882,wmdd,1265.9134352941176,161.64254777312996,2046.2547294117646,1,17,17,2046.2547294117642,977.5259164705884,3301.998682941175,12.659134352941178,0.002162232660801692,worse,0
sla,baseline,verdict,v2rl302,policy,1,180,1.0,444.68101666666666,v2rl302,444.68101666666666,0.0,0.0,1,180,180,0.0,0.0,0.0,4.446810166666666,1.0,equivalent,1
sla,baseline,verdict,v2rl308,policy,2,180,1.0,444.70772111111114,v2rl302,444.68101666666666,0.006005303452045958,0.026704444444476394,1,180,180,0.026704444444443552,0.0,0.0645444444444441,4.446810166666667,0.10880943004054568,equivalent,1
sla,baseline,verdict,v2rl310,policy,3,180,1.0,444.7120755555556,v2rl302,444.68101666666666,0.0069845322208160225,0.0310588888889356,1,180,180,0.031058888888890836,-0.003246666666665574,0.0825688888888917,4.446810166666667,0.27332167829229814,equivalent,1
sla,baseline,verdict,v2rl303,policy,4,180,1.0,444.73146333333335,v2rl302,444.68101666666666,0.011344461484961939,0.05044666666668718,1,180,180,0.05044666666666823,0.0,0.12979450000000672,4.446810166666667,0.10880943004054568,equivalent,1
sla,baseline,verdict,v2rl301,policy,5,180,1.0,444.75599888888894,v2rl302,444.68101666666666,0.01686202455511642,0.07498222222227469,1,180,180,0.07498222222222037,0.014309222222222638,0.15945366666666724,4.446810166666667,0.043114446783075355,equivalent,1
sla,baseline,verdict,v2rl305,policy,6,180,1.0,444.76037666666673,v2rl302,444.68101666666666,0.017846500530863337,0.07936000000006516,1,180,180,0.07935999999999695,0.011111111111111112,0.18044444444444202,4.446810166666667,0.043114446783075355,equivalent,1
sla,baseline,verdict,v2rl304,policy,7,180,1.0,444.7625444444445,v2rl302,444.68101666666666,0.018333991045748,0.08152777777780784,1,180,180,0.08152777777777974,-0.002406666666666663,0.19521222222222528,4.446810166666667,0.14412703481601533,equivalent,1
sla,baseline,verdict,v2rl307,policy,8,180,1.0,444.7699366666667,v2rl302,444.68101666666666,0.01999635618956152,0.08892000000003009,1,180,180,0.08892000000000182,0.012000000000001402,0.18329366666666883,4.446810166666667,0.046399461870904594,equivalent,1
sla,baseline,verdict,v2rl306,policy,9,180,1.0,444.8585588888889,v2rl302,444.68101666666666,0.03992574802340689,0.17754222222225735,1,180,180,0.17754222222222324,0.007160000000000208,0.48380000000000284,4.446810166666667,0.06788915486182899,equivalent,1
sla,baseline,verdict,edd,duedate,10,180,1.0,444.8689277777778,v2rl302,444.68101666666666,0.042257506857323886,0.18791111111113423,1,180,180,0.1879111111111126,0.023322222222222265,0.4062266666666695,4.446810166666667,0.03546586462402558,equivalent,1
sla,baseline,verdict,pfifo,duedate,10,180,1.0,444.8689277777778,v2rl302,444.68101666666666,0.042257506857323886,0.18791111111113423,1,180,180,0.1879111111111126,0.026617777777777955,0.4040193333333374,4.446810166666667,0.03546586462402558,equivalent,1
sla,baseline,verdict,v2rl309,policy,12,180,1.0,444.95305222222225,v2rl302,444.68101666666666,0.061175437079543225,0.2720355555555898,1,180,180,0.27203555555555725,0.02955555555555551,0.6347733333333385,4.446810166666667,0.043114446783075355,equivalent,1
sla,baseline,verdict,wmdd,weighted,13,180,1.0,445.33198999999996,v2rl302,444.68101666666666,0.14639107785913597,0.6509733333332974,1,180,180,0.6509733333333377,0.16524922222222213,1.2735096111111235,4.446810166666667,0.020879263166351643,equivalent,1
sla,baseline,verdict,atc,weighted,14,180,1.0,445.55514999999997,v2rl302,444.68101666666666,0.1965753653901884,0.8741333333333046,1,180,180,0.8741333333333341,0.2628995,1.6410129444444428,4.446810166666667,0.012792160247732852,equivalent,1
sla,baseline,verdict,lpt,processing,15,180,1.0,445.5785988888889,v2rl302,444.68101666666666,0.2018485585354027,0.8975822222222405,1,180,180,0.8975822222222226,0.07433955555555252,2.4381644444444497,4.446810166666667,0.007685794055213263,equivalent,1
sla,baseline,verdict,random,random,16,180,1.0,446.3160666666667,v2rl302,444.68101666666666,0.36769053292546333,1.6350500000000352,1,180,180,1.6350499999999972,0.5723388888888871,3.181273361111108,4.446810166666667,0.0001318338889828333,equivalent,1
sla,baseline,verdict,wspt,processing,17,180,1.0,446.6459477777778,v2rl302,444.68101666666666,0.441874295835759,1.9649311111111274,1,180,180,1.9649311111111145,0.8907340555555577,3.3120528888888994,4.446810166666667,1.7564851371585654e-05,equivalent,1
sla,baseline,campus1,atc,weighted,1,30,1.0,80.41734666666666,atc,80.41734666666666,0.0,0.0,15,30,30,0.0,0.0,0.0,1.0,1.0,equivalent,1
sla,baseline,campus1,edd,duedate,1,30,1.0,80.41734666666666,atc,80.41734666666666,0.0,0.0,15,30,30,0.0,0.0,0.0,1.0,1.0,equivalent,1
sla,baseline,campus1,lpt,processing,1,30,1.0,80.41734666666666,atc,80.41734666666666,0.0,0.0,15,30,30,0.0,0.0,0.0,1.0,1.0,equivalent,1
sla,baseline,campus1,pfifo,duedate,1,30,1.0,80.41734666666666,atc,80.41734666666666,0.0,0.0,15,30,30,0.0,0.0,0.0,1.0,1.0,equivalent,1
sla,baseline,campus1,v2rl301,policy,1,30,1.0,80.41734666666666,atc,80.41734666666666,0.0,0.0,15,30,30,0.0,0.0,0.0,1.0,1.0,equivalent,1
sla,baseline,campus1,v2rl302,policy,1,30,1.0,80.41734666666666,atc,80.41734666666666,0.0,0.0,15,30,30,0.0,0.0,0.0,1.0,1.0,equivalent,1
sla,baseline,campus1,v2rl303,policy,1,30,1.0,80.41734666666666,atc,80.41734666666666,0.0,0.0,15,30,30,0.0,0.0,0.0,1.0,1.0,equivalent,1
sla,baseline,campus1,v2rl304,policy,1,30,1.0,80.41734666666666,atc,80.41734666666666,0.0,0.0,15,30,30,0.0,0.0,0.0,1.0,1.0,equivalent,1
sla,baseline,campus1,v2rl305,policy,1,30,1.0,80.41734666666666,atc,80.41734666666666,0.0,0.0,15,30,30,0.0,0.0,0.0,1.0,1.0,equivalent,1
sla,baseline,campus1,v2rl306,policy,1,30,1.0,80.41734666666666,atc,80.41734666666666,0.0,0.0,15,30,30,0.0,0.0,0.0,1.0,1.0,equivalent,1
sla,baseline,campus1,v2rl307,policy,1,30,1.0,80.41734666666666,atc,80.41734666666666,0.0,0.0,15,30,30,0.0,0.0,0.0,1.0,1.0,equivalent,1
sla,baseline,campus1,v2rl308,policy,1,30,1.0,80.41734666666666,atc,80.41734666666666,0.0,0.0,15,30,30,0.0,0.0,0.0,1.0,1.0,equivalent,1
sla,baseline,campus1,v2rl309,policy,1,30,1.0,80.41734666666666,atc,80.41734666666666,0.0,0.0,15,30,30,0.0,0.0,0.0,1.0,1.0,equivalent,1
sla,baseline,campus1,v2rl310,policy,1,30,1.0,80.41734666666666,atc,80.41734666666666,0.0,0.0,15,30,30,0.0,0.0,0.0,1.0,1.0,equivalent,1
sla,baseline,campus1,wmdd,weighted,1,30,1.0,80.41734666666666,atc,80.41734666666666,0.0,0.0,15,30,30,0.0,0.0,0.0,1.0,1.0,equivalent,1
sla,baseline,campus1,random,random,16,30,1.0,81.12109333333333,atc,80.41734666666666,0.8751179886396084,0.7037466666666745,15,30,30,0.7037466666666667,0.0,1.7748666666666664,1.0,0.17971249487899976,inconclusive,0
sla,baseline,campus1,wspt,processing,17,30,1.0,81.29713333333332,atc,80.41734666666666,1.0940259821222578,0.8797866666666607,15,30,30,0.8797866666666664,0.0,2.292906666666666,1.0,0.17971249487899976,inconclusive,0
sla,baseline,campus2,wmdd,weighted,1,17,1.0,1218.2288470588235,wmdd,1218.2288470588235,0.0,0.0,1,17,17,0.0,0.0,0.0,12.182288470588235,1.0,equivalent,1
sla,baseline,campus2,atc,weighted,2,17,1.0,1252.1157176470588,wmdd,1218.2288470588235,2.7816506455292496,33.8868705882353,1,17,17,33.88687058823534,12.320760000000067,59.461952941176534,12.182288470588235,0.004741768038406972,worse,0
sla,baseline,campus2,wspt,processing,3,17,1.0,1291.2388588235294,wmdd,1218.2288470588235,5.993127805253867,73.01001176470595,1,17,17,73.01001176470588,35.21711176470586,113.92594147058831,12.182288470588235,0.0014737808438751421,worse,0
sla,baseline,campus2,edd,duedate,4,17,1.0,1311.3221411764705,wmdd,1218.2288470588235,7.641691816968763,93.09329411764702,1,17,17,93.09329411764713,-17.24791117647057,242.40648529411772,12.182288470588235,0.8588630128278887,inconclusive,0
sla,baseline,campus2,pfifo,duedate,4,17,1.0,1311.3221411764705,wmdd,1218.2288470588235,7.641691816968763,93.09329411764702,1,17,17,93.09329411764713,-16.389175882352987,241.6933029411764,12.182288470588235,0.8588630128278887,inconclusive,0
sla,baseline,campus2,v2rl310,policy,6,17,1.0,1324.8887411764706,wmdd,1218.2288470588235,8.755324943680055,106.65989411764713,1,17,17,106.65989411764711,9.845770294117656,226.40966617647067,12.182288470588235,0.15793931050013033,inconclusive,0
sla,baseline,campus2,v2rl302,policy,7,17,1.0,1420.4514,wmdd,1218.2288470588235,16.599717978227446,202.22255294117645,1,17,17,202.22255294117647,67.39359117647068,367.7740394117647,12.182288470588235,0.012063323418854825,worse,0
sla,baseline,campus2,v2rl304,policy,8,17,1.0,1447.7240823529412,wmdd,1218.2288470588235,18.8384338335272,229.49523529411772,1,17,17,229.49523529411763,33.03737205882359,520.3425738235293,12.182288470588235,0.08437944259396049,worse,0
sla,baseline,campus2,v2rl309,policy,9,17,1.0,1453.0060823529411,wmdd,1218.2288470588235,19.272014109741498,234.77723529411765,1,17,17,234.7772352941176,57.099894117647096,525.7912141176469,12.182288470588235,0.012063323418854825,worse,0
sla,baseline,campus2,v2rl308,policy,10,17,1.0,1494.2145294117647,wmdd,1218.2288470588235,22.654666487274124,275.98568235294124,1,17,17,275.98568235294124,15.247808823529455,683.8380873529409,12.182288470588235,0.13609738111439368,worse,0
sla,baseline,campus2,random,random,11,17,1.0,1636.0305647058824,wmdd,1218.2288470588235,34.2958319084103,417.8017176470589,1,17,17,417.80171764705887,215.39784558823533,661.251451764706,12.182288470588235,0.0018714329102470324,worse,0
sla,baseline,campus2,v2rl305,policy,12,17,1.0,1720.644105882353,wmdd,1218.2288470588235,41.24145147576446,502.4152588235295,1,17,17,502.4152588235294,188.44146500000002,917.3618438235292,12.182288470588235,0.004741768038406972,worse,0
sla,baseline,campus2,v2rl307,policy,13,17,1.0,1751.246494117647,wmdd,1218.2288470588235,43.75349084416207,533.0176470588235,1,17,17,533.0176470588236,193.12754735294124,968.1324120588234,12.182288470588235,0.012063323418854825,worse,0
sla,baseline,campus2,v2rl301,policy,14,17,1.0,1851.2520352941178,wmdd,1218.2288470588235,51.96258402217331,633.0231882352944,1,17,17,633.0231882352942,225.05518117647065,1116.0518982352937,12.182288470588235,0.012063323418854825,worse,0
sla,baseline,campus2,v2rl306,policy,15,17,1.0,1863.508082352941,wmdd,1218.2288470588235,52.96863859791358,645.2792352941176,1,17,17,645.2792352941175,260.127394117647,1105.5040597058812,12.182288470588235,0.004741768038406972,worse,0
sla,baseline,campus2,v2rl303,policy,16,17,1.0,2171.692823529412,wmdd,1218.2288470588235,78.26640936738134,953.4639764705887,1,17,17,953.4639764705884,451.92441588235295,1507.92646,12.182288470588235,0.0028734139278525227,worse,0
sla,baseline,campus2,lpt,processing,17,17,1.0,2615.111835294117,wmdd,1218.2288470588235,114.66507229801657,1396.8829882352936,1,17,17,1396.8829882352936,683.1075429411763,2224.13401352941,12.182288470588235,0.0018714329102470324,worse,0
sla,emg,verdict,v2rl303,policy,1,180,1.0,633.1997255555556,v2rl303,633.1997255555556,0.0,0.0,1,180,180,0.0,0.0,0.0,6.331997255555556,1.0,equivalent,1
sla,emg,verdict,v2rl310,policy,2,180,1.0,633.2638944444444,v2rl303,633.1997255555556,0.0101340677039213,0.06416888888884387,1,180,180,0.06416888888889258,-0.016777777777777836,0.18110700000000515,6.331997255555556,0.23672357063785732,equivalent,1
sla,emg,verdict,v2rl305,policy,3,180,1.0,633.3065211111111,v2rl303,633.1997255555556,0.016866014188785364,0.10679555555554998,1,180,180,0.10679555555555882,-0.05595633333332542,0.3806535555555638,6.331997255555556,0.8657723749926214,equivalent,1
sla,emg,verdict,v2rl302,policy,4,180,1.0,633.3334088888889,v2rl303,633.1997255555556,0.021112348590495794,0.13368333333335158,1,180,180,0.13368333333333138,-0.049505555555558405,0.4236211111111086,6.331997255555556,0.5001842570707944,equivalent,1
sla,emg,verdict,v2rl307,policy,5,180,1.0,633.3507122222222,v2rl303,633.1997255555556,0.023845030339231677,0.15098666666665395,1,180,180,0.15098666666667115,-0.0036266666666642145,0.4254644444444515,6.331997255555556,0.11585149752593009,equivalent,1
sla,emg,verdict,v2rl301,policy,6,180,1.0,633.3530900000001,v2rl303,633.1997255555556,0.024220548154838997,0.1533644444444917,1,180,180,0.15336444444444877,0.007604444444445512,0.4156797777777822,6.331997255555556,0.06788915486182899,equivalent,1
sla,emg,verdict,v2rl304,policy,7,180,1.0,633.3941511111111,v2rl303,633.1997255555556,0.030705249498482547,0.19442555555554009,1,180,180,0.19442555555556046,0.01663244444445123,0.43548238888889207,6.331997255555556,0.06188375105213765,equivalent,1
sla,emg,verdict,edd,duedate,8,180,1.0,633.4016055555555,v2rl303,633.1997255555556,0.03188251539793941,0.2018799999999601,1,180,180,0.20188000000000447,0.033330500000005404,0.42282022222222765,6.331997255555556,0.047934751018931465,equivalent,1
sla,emg,verdict,pfifo,duedate,8,180,1.0,633.4016055555555,v2rl303,633.1997255555556,0.03188251539793941,0.2018799999999601,1,180,180,0.20188000000000447,0.03752194444445322,0.42249650000000805,6.331997255555556,0.047934751018931465,equivalent,1
sla,emg,verdict,v2rl306,policy,10,180,1.0,633.46633,v2rl303,633.1997255555556,0.04210432090924929,0.2666044444443969,1,180,180,0.2666044444444474,0.0,0.7998133333333423,6.331997255555556,0.17971249487899976,equivalent,1
sla,emg,verdict,v2rl308,policy,11,180,1.0,633.4860144444444,v2rl303,633.1997255555556,0.045213046900435455,0.28628888888886195,1,180,180,0.28628888888889226,-0.009345666666663541,0.7487982222222263,6.331997255555556,0.12348527214454898,equivalent,1
sla,emg,verdict,v2rl309,policy,12,180,1.0,633.6045744444444,v2rl303,633.1997255555556,0.06393699689835756,0.40484888888886417,1,180,180,0.4048488888888899,0.056755555555556704,0.8954013333333362,6.331997255555556,0.020879263166351643,equivalent,1
sla,emg,verdict,wmdd,weighted,13,180,1.0,633.9276655555556,v2rl303,633.1997255555556,0.11496214711105741,0.7279399999999896,1,180,180,0.7279400000000016,0.19499694444444265,1.433809111111112,6.331997255555556,0.015085824244536002,equivalent,1
sla,emg,verdict,atc,weighted,14,180,1.0,633.9968455555555,v2rl303,633.1997255555556,0.12588760983757127,0.7971199999999499,1,180,180,0.7971200000000036,0.1910312222222245,1.609551611111118,6.331997255555556,0.009882125340139674,equivalent,1
sla,emg,verdict,wspt,processing,15,180,1.0,635.5619788888889,v2rl303,633.1997255555556,0.3730660703083459,2.362253333333342,1,180,180,2.362253333333341,1.2071951666666743,3.7739312777777845,6.331997255555556,5.856506312910129e-07,equivalent,1
sla,emg,verdict,lpt,processing,16,180,1.0,635.5635011111111,v2rl303,633.1997255555556,0.3733064719005719,2.3637755555555486,1,180,180,2.3637755555555597,0.6247525000000008,4.9001329444444455,6.331997255555556,0.0028734139278525227,equivalent,1
sla,emg,verdict,random,random,17,180,1.0,636.6742577777778,v2rl303,633.1997255555556,0.5487261099448161,3.474532222222251,1,180,180,3.4745322222222224,1.657597444444436,5.9975509722222275,6.331997255555556,3.986949168611369e-07,equivalent,1
sla,emg,campus1,atc,weighted,1,30,1.0,137.55008,atc,137.55008,0.0,0.0,1,30,30,0.0,0.0,0.0,1.3755008000000002,1.0,equivalent,1
sla,emg,campus1,edd,duedate,2,30,1.0,137.6433066666667,atc,137.55008,0.06777652667790564,0.09322666666668056,1,30,30,0.09322666666666682,0.0,0.2796800000000005,1.3755007999999997,0.31731050786291415,equivalent,1
sla,emg,campus1,pfifo,duedate,2,30,1.0,137.6433066666667,atc,137.55008,0.06777652667790564,0.09322666666668056,1,30,30,0.09322666666666682,0.0,0.2796800000000005,1.3755007999999997,0.31731050786291415,equivalent,1
sla,emg,campus1,v2rl304,policy,2,30,1.0,137.6433066666667,atc,137.55008,0.06777652667790564,0.09322666666668056,1,30,30,0.09322666666666682,0.0,0.2796800000000005,1.3755007999999997,0.31731050786291415,equivalent,1
sla,emg,campus1,v2rl307,policy,2,30,1.0,137.6433066666667,atc,137.55008,0.06777652667790564,0.09322666666668056,1,30,30,0.09322666666666682,0.0,0.2796800000000005,1.3755007999999997,0.31731050786291415,equivalent,1
sla,emg,campus1,v2rl301,policy,6,30,1.0,137.66974666666664,atc,137.55008,0.08699861655233622,0.11966666666663173,1,30,30,0.11966666666666678,0.0,0.3590000000000003,1.3755007999999997,0.31731050786291415,equivalent,1
sla,emg,campus1,v2rl302,policy,6,30,1.0,137.66974666666664,atc,137.55008,0.08699861655233622,0.11966666666663173,1,30,30,0.11966666666666678,0.0,0.3590000000000003,1.3755007999999997,0.31731050786291415,equivalent,1
sla,emg,campus1,v2rl303,policy,6,30,1.0,137.66974666666664,atc,137.55008,0.08699861655233622,0.11966666666663173,1,30,30,0.11966666666666678,0.0,0.3590000000000003,1.3755007999999997,0.31731050786291415,equivalent,1
sla,emg,campus1,v2rl305,policy,6,30,1.0,137.66974666666664,atc,137.55008,0.08699861655233622,0.11966666666663173,1,30,30,0.11966666666666678,0.0,0.3590000000000003,1.3755007999999997,0.31731050786291415,equivalent,1
sla,emg,campus1,v2rl306,policy,6,30,1.0,137.66974666666664,atc,137.55008,0.08699861655233622,0.11966666666663173,1,30,30,0.11966666666666678,0.0,0.3590000000000003,1.3755007999999997,0.31731050786291415,equivalent,1
sla,emg,campus1,v2rl308,policy,6,30,1.0,137.66974666666664,atc,137.55008,0.08699861655233622,0.11966666666663173,1,30,30,0.11966666666666678,0.0,0.3590000000000003,1.3755007999999997,0.31731050786291415,equivalent,1
sla,emg,campus1,v2rl309,policy,6,30,1.0,137.66974666666664,atc,137.55008,0.08699861655233622,0.11966666666663173,1,30,30,0.11966666666666678,0.0,0.3590000000000003,1.3755007999999997,0.31731050786291415,equivalent,1
sla,emg,campus1,v2rl310,policy,6,30,1.0,137.66974666666664,atc,137.55008,0.08699861655233622,0.11966666666663173,1,30,30,0.11966666666666678,0.0,0.3590000000000003,1.3755007999999997,0.31731050786291415,equivalent,1
sla,emg,campus1,wmdd,weighted,6,30,1.0,137.66974666666664,atc,137.55008,0.08699861655233622,0.11966666666663173,1,30,30,0.11966666666666678,0.0,0.3590000000000003,1.3755007999999997,0.31731050786291415,equivalent,1
sla,emg,campus1,random,random,15,30,1.0,138.37349333333336,atc,137.55008,0.5986280293936207,0.8234133333333489,1,30,30,0.8234133333333342,0.0,1.8945333333333352,1.3755007999999997,0.10880943004054568,inconclusive,0
sla,emg,campus1,wspt,processing,16,30,1.0,138.42986666666667,atc,137.55008,0.6396118902051243,0.8797866666666607,1,30,30,0.8797866666666664,0.0,2.292906666666666,1.3755007999999997,0.17971249487899976,inconclusive,0
sla,emg,campus1,lpt,processing,17,30,1.0,138.69248000000002,atc,137.55008,0.8305338681009921,1.1424000000000092,1,30,30,1.1424,0.0,3.0675733333333337,1.3755007999999997,0.10880943004054568,inconclusive,0
sla,emg,campus2,wmdd,weighted,1,17,1.0,1658.5504,wmdd,1658.5504,0.0,0.0,1,17,17,0.0,0.0,0.0,16.585504,1.0,equivalent,1
sla,emg,campus2,atc,weighted,2,17,1.0,1690.8482705882352,wmdd,1658.5504,1.9473553886716453,32.29787058823513,1,17,17,32.29787058823518,8.76058794117632,58.68711911764682,16.585504,0.01922343909754908,inconclusive,0
sla,emg,campus2,wspt,processing,3,17,1.0,1750.1525764705884,wmdd,1658.5504,5.5230264012832135,91.60217647058835,1,17,17,91.60217647058816,46.0731935294117,141.23443117647062,16.585504,0.0009815397525216685,worse,0
sla,emg,campus2,pfifo,duedate,4,17,1.0,1874.8256941176471,wmdd,1658.5504,13.040019411990556,216.27529411764704,1,17,17,216.2752941176471,32.581210882353005,441.89102735294136,16.585504,0.08686008151624075,worse,0
sla,emg,campus2,edd,duedate,5,17,1.0,1876.4233411764708,wmdd,1658.5504,13.13634732935886,217.8729411764707,1,17,17,217.87294117647062,31.42270676470581,446.2728144117648,16.585504,0.08686008151624075,worse,0
sla,emg,campus2,v2rl310,policy,6,17,1.0,1883.8854588235295,wmdd,1658.5504,13.586265381114098,225.33505882352938,1,17,17,225.33505882352932,59.573930588235186,429.4104811764704,16.585504,0.05553298081594267,worse,0
sla,emg,campus2,v2rl302,policy,7,17,1.0,1981.2730705882354,wmdd,1658.5504,19.458116593154802,322.72267058823536,1,17,17,322.72267058823536,92.97422823529413,618.764167647059,16.585504,0.0028648155524898344,worse,0
sla,emg,campus2,v2rl309,policy,8,17,1.0,2049.3836235294116,wmdd,1658.5504,23.56474807937169,390.8332235294115,1,17,17,390.83322352941155,80.6023797058822,862.384092941176,16.585504,0.0023294396798343325,worse,0
sla,emg,campus2,v2rl308,policy,9,17,1.0,2094.9576352941176,wmdd,1658.5504,26.31257001862093,436.4072352941175,1,17,17,436.4072352941176,108.30641264705872,916.3067279411762,16.585504,0.00918142110309248,worse,0
sla,emg,campus2,v2rl304,policy,10,17,1.0,2138.962317647059,wmdd,1658.5504,28.96577141382372,480.411917647059,1,17,17,480.41191764705883,138.93696970588226,938.3976852941177,16.585504,0.007630414739245609,worse,0
sla,emg,campus2,random,random,11,17,1.0,2299.784235294118,wmdd,1658.5504,38.662306270229585,641.2338352941179,1,17,17,641.2338352941175,332.4062270588235,1033.2371676470577,16.585504,0.0012063162374292998,worse,0
sla,emg,campus2,v2rl305,policy,12,17,1.0,2395.8571647058825,wmdd,1658.5504,44.45489053006061,737.3067647058824,1,17,17,737.3067647058824,271.4713544117648,1307.6884394117649,16.585504,0.003510363671504142,worse,0
sla,emg,campus2,v2rl307,policy,13,17,1.0,2429.7879529411766,wmdd,1658.5504,46.50070042738385,771.2375529411765,1,17,17,771.2375529411765,315.6705261764706,1338.0361326470581,16.585504,0.0042856952994814864,worse,0
sla,emg,campus2,v2rl301,policy,14,17,1.0,2509.3374588235292,wmdd,1658.5504,51.29702774323464,850.7870588235292,1,17,17,850.7870588235293,336.53132882352935,1461.399845588235,16.585504,0.003510363671504142,worse,0
sla,emg,campus2,v2rl306,policy,15,17,1.0,2527.7631882352944,wmdd,1658.5504,52.407981586528464,869.2127882352943,1,17,17,869.212788235294,324.33789617647057,1512.373405,16.585504,0.0028648155524898344,worse,0
sla,emg,campus2,v2rl303,policy,16,17,1.0,2954.956411764706,wmdd,1658.5504,78.1650055231789,1296.406011764706,1,17,17,1296.4060117647061,593.560855882353,2120.009719117647,16.585504,0.0028648155524898344,worse,0
sla,emg,campus2,lpt,processing,17,17,1.0,3450.2742352941173,wmdd,1658.5504,108.02950789400896,1791.7238352941172,1,17,17,1791.7238352941174,883.1306785294119,2852.91031352941,16.585504,0.002162232660801692,worse,0
sla,rtn,verdict,v2rl310,policy,1,180,1.0,471.1406811111111,v2rl310,471.1406811111111,0.0,0.0,1,180,180,0.0,0.0,0.0,4.711406811111111,1.0,equivalent,1
sla,rtn,verdict,v2rl302,policy,2,180,1.0,471.1538966666667,v2rl310,471.1406811111111,0.0028050126183985454,0.01321555555557552,1,180,180,0.01321555555555594,-0.017111111111110706,0.053562222222223,4.711406811111112,0.34523107177184,equivalent,1
sla,rtn,verdict,v2rl308,policy,3,180,1.0,471.16751222222223,v2rl310,471.1406811111111,0.005694925568267746,0.026831111111107475,1,180,180,0.02683111111110937,-0.001265555555554935,0.06865888888888902,4.711406811111112,0.14412703481601533,equivalent,1
sla,rtn,verdict,v2rl305,policy,4,180,1.0,471.24933555555555,v2rl310,471.1406811111111,0.023061995875240774,0.10865444444442574,1,180,180,0.10865444444444405,0.021223472222222282,0.22585019444444657,4.711406811111112,0.020879263166351643,equivalent,1
sla,rtn,verdict,v2rl304,policy,5,180,1.0,471.2613911111111,v2rl310,471.1406811111111,0.025620797532341845,0.12070999999997412,1,180,180,0.12071000000000019,0.014310000000000735,0.25772016666666614,4.711406811111112,0.11585149752593009,equivalent,1
sla,rtn,verdict,v2rl307,policy,6,180,1.0,471.26359,v2rl310,471.1406811111111,0.026087513521235246,0.12290888888890095,1,180,180,0.12290888888888983,0.02064886111111124,0.2559844722222232,4.711406811111112,0.027991815485665747,equivalent,1
sla,rtn,verdict,v2rl303,policy,7,180,1.0,471.2715666666667,v2rl310,471.1406811111111,0.027780567631493433,0.13088555555555104,1,180,180,0.130885555555555,0.027613333333333875,0.26575402777778057,4.711406811111112,0.020879263166351643,equivalent,1
sla,rtn,verdict,v2rl301,policy,8,180,1.0,471.34462222222226,v2rl310,471.1406811111111,0.04328666983928704,0.2039411111111349,1,180,180,0.203941111111109,0.0572248333333329,0.3972588611111096,4.711406811111112,0.0069104298078147995,equivalent,1
sla,rtn,verdict,v2rl306,policy,9,180,1.0,471.3653711111111,v2rl310,471.1406811111111,0.04769063870053776,0.22468999999995276,1,180,180,0.22469000000000014,0.03813999999999977,0.5114102777777768,4.711406811111112,0.011718685599768628,equivalent,1
sla,rtn,verdict,edd,duedate,10,180,1.0,472.03246111111105,v2rl310,471.1406811111111,0.18928104401785117,0.8917799999999261,1,180,180,0.8917799999999972,0.12488409722222175,2.13980140277777,4.711406811111112,0.003765222173888809,equivalent,1
sla,rtn,verdict,pfifo,duedate,10,180,1.0,472.03246111111105,v2rl310,471.1406811111111,0.18928104401785117,0.8917799999999261,1,180,180,0.8917799999999972,0.13151512500000032,2.0819367361111065,4.711406811111112,0.003765222173888809,equivalent,1
sla,rtn,verdict,v2rl309,policy,12,180,1.0,472.13388444444445,v2rl310,471.1406811111111,0.21080823056735684,0.9932033333333266,1,180,180,0.9932033333333324,0.14771963888888995,2.292544833333331,4.711406811111112,0.004247802613804795,equivalent,1
sla,rtn,verdict,wmdd,weighted,13,180,1.0,472.75037555555554,v2rl310,471.1406811111111,0.3416589797867176,1.6096944444444148,1,180,180,1.60969444444444,0.41502870833333333,3.388791236111103,4.711406811111112,0.0008634758631167839,equivalent,1
sla,rtn,verdict,atc,weighted,14,180,1.0,473.05771666666664,v2rl310,471.1406811111111,0.4068923853135518,1.9170355555555147,1,180,180,1.9170355555555494,0.646279152777775,3.6117586111111013,4.711406811111112,0.0005434218498942879,equivalent,1
sla,rtn,verdict,lpt,processing,15,180,1.0,473.3536244444445,v2rl310,471.1406811111111,0.4696990563656075,2.212943333333385,1,180,180,2.212943333333333,0.11767258333333243,5.547668444444448,4.711406811111112,0.004439092656792155,inconclusive,0
sla,rtn,verdict,random,random,16,180,1.0,473.71620111111116,v2rl310,471.1406811111111,0.5466562543327996,2.57552000000004,1,180,180,2.5755199999999965,0.9784876250000029,4.710137958333322,4.711406811111112,8.29809930635731e-06,equivalent,1
sla,rtn,verdict,wspt,processing,17,180,1.0,474.3650411111111,v2rl310,471.1406811111111,0.6843730820263376,3.22435999999999,1,180,180,3.224359999999994,1.5000712361111075,5.427074611111102,4.711406811111112,4.919940604540886e-07,inconclusive,0
sla,rtn,campus1,atc,weighted,1,30,1.0,97.89974666666667,atc,97.89974666666667,0.0,0.0,14,30,30,0.0,0.0,0.0,1.0,1.0,equivalent,1
sla,rtn,campus1,edd,duedate,1,30,1.0,97.89974666666667,atc,97.89974666666667,0.0,0.0,14,30,30,0.0,0.0,0.0,1.0,1.0,equivalent,1
sla,rtn,campus1,lpt,processing,1,30,1.0,97.89974666666667,atc,97.89974666666667,0.0,0.0,14,30,30,0.0,0.0,0.0,1.0,1.0,equivalent,1
sla,rtn,campus1,pfifo,duedate,1,30,1.0,97.89974666666667,atc,97.89974666666667,0.0,0.0,14,30,30,0.0,0.0,0.0,1.0,1.0,equivalent,1
sla,rtn,campus1,v2rl301,policy,1,30,1.0,97.89974666666667,atc,97.89974666666667,0.0,0.0,14,30,30,0.0,0.0,0.0,1.0,1.0,equivalent,1
sla,rtn,campus1,v2rl302,policy,1,30,1.0,97.89974666666667,atc,97.89974666666667,0.0,0.0,14,30,30,0.0,0.0,0.0,1.0,1.0,equivalent,1
sla,rtn,campus1,v2rl303,policy,1,30,1.0,97.89974666666667,atc,97.89974666666667,0.0,0.0,14,30,30,0.0,0.0,0.0,1.0,1.0,equivalent,1
sla,rtn,campus1,v2rl304,policy,1,30,1.0,97.89974666666667,atc,97.89974666666667,0.0,0.0,14,30,30,0.0,0.0,0.0,1.0,1.0,equivalent,1
sla,rtn,campus1,v2rl305,policy,1,30,1.0,97.89974666666667,atc,97.89974666666667,0.0,0.0,14,30,30,0.0,0.0,0.0,1.0,1.0,equivalent,1
sla,rtn,campus1,v2rl306,policy,1,30,1.0,97.89974666666667,atc,97.89974666666667,0.0,0.0,14,30,30,0.0,0.0,0.0,1.0,1.0,equivalent,1
sla,rtn,campus1,v2rl307,policy,1,30,1.0,97.89974666666667,atc,97.89974666666667,0.0,0.0,14,30,30,0.0,0.0,0.0,1.0,1.0,equivalent,1
sla,rtn,campus1,v2rl308,policy,1,30,1.0,97.89974666666667,atc,97.89974666666667,0.0,0.0,14,30,30,0.0,0.0,0.0,1.0,1.0,equivalent,1
sla,rtn,campus1,v2rl310,policy,1,30,1.0,97.89974666666667,atc,97.89974666666667,0.0,0.0,14,30,30,0.0,0.0,0.0,1.0,1.0,equivalent,1
sla,rtn,campus1,wmdd,weighted,1,30,1.0,97.89974666666667,atc,97.89974666666667,0.0,0.0,14,30,30,0.0,0.0,0.0,1.0,1.0,equivalent,1
sla,rtn,campus1,random,random,15,30,1.0,98.60349333333333,atc,97.89974666666667,0.7188442162805667,0.7037466666666603,14,30,30,0.7037466666666679,0.0,1.77486666666667,1.0,0.17971249487899976,inconclusive,0
sla,rtn,campus1,v2rl309,policy,16,30,1.0,98.73753333333335,atc,97.89974666666667,0.8557597901853679,0.8377866666666733,14,30,30,0.8377866666666686,0.0,2.242946666666671,1.0,0.17971249487899976,inconclusive,0
sla,rtn,campus1,wspt,processing,17,30,1.0,98.77953333333333,atc,97.89974666666667,0.8986608205046707,0.8797866666666607,14,30,30,0.8797866666666664,0.0,2.292906666666666,1.0,0.17971249487899976,inconclusive,0
sla,rtn,campus2,wmdd,weighted,1,17,1.0,1454.1888941176471,wmdd,1454.1888941176471,0.0,0.0,1,17,17,0.0,0.0,0.0,14.541888941176472,1.0,equivalent,1
sla,rtn,campus2,atc,weighted,2,17,1.0,1485.0430705882354,wmdd,1454.1888941176471,2.1217447468755135,30.8541764705883,1,17,17,30.854176470588225,10.76719117647052,54.35057264705886,14.541888941176472,0.012792160247732852,inconclusive,0
sla,rtn,campus2,wspt,processing,3,17,1.0,1497.3077411764705,wmdd,1454.1888941176471,2.9651475976225505,43.11884705882335,1,17,17,43.11884705882352,18.053877941176452,71.73878588235296,14.541888941176472,0.0028734139278525227,worse,0
sla,rtn,campus2,edd,duedate,4,17,1.0,1624.9369764705884,wmdd,1454.1888941176471,11.741808993565826,170.7480823529413,1,17,17,170.74808235294128,24.327046176470695,354.6071249999998,14.541888941176472,0.11666446478102344,worse,0
sla,rtn,campus2,pfifo,duedate,5,17,1.0,1630.0322823529414,wmdd,1454.1888941176471,12.09219716548517,175.84338823529424,1,17,17,175.8433882352942,33.95955352941192,357.272361764706,14.541888941176472,0.07118923429208965,worse,0
sla,rtn,campus2,v2rl310,policy,6,17,1.0,1783.3220823529414,wmdd,1454.1888941176471,22.633454949812496,329.13318823529426,1,17,17,329.1331882352943,149.08435147058842,533.4993452941179,14.541888941176472,0.004741768038406972,worse,0
sla,rtn,campus2,v2rl309,policy,7,17,1.0,1820.6473647058824,wmdd,1454.1888941176471,25.20019731072076,366.4584705882353,1,17,17,366.45847058823523,119.18545205882356,710.1688176470584,14.541888941176472,0.0028734139278525227,worse,0
sla,rtn,campus2,v2rl302,policy,8,17,1.0,1845.4194823529415,wmdd,1454.1888941176471,26.903697987095406,391.23058823529436,1,17,17,391.2305882352943,160.30264529411775,663.3074397058826,14.541888941176472,0.004741768038406972,worse,0
sla,rtn,campus2,v2rl304,policy,9,17,1.0,1897.2381529411766,wmdd,1454.1888941176471,30.467105106888944,443.0492588235295,1,17,17,443.0492588235295,181.2731050000001,768.9036314705882,14.541888941176472,0.004741768038406972,worse,0
sla,rtn,campus2,random,random,10,17,1.0,1934.0592470588235,wmdd,1454.1888941176471,32.999176027427,479.8703529411764,1,17,17,479.8703529411764,255.8805173529411,734.3824055882351,14.541888941176472,0.0018714329102470324,worse,0
sla,rtn,campus2,v2rl308,policy,11,17,1.0,2004.5571882352942,wmdd,1454.1888941176471,37.84709788005856,550.3682941176471,1,17,17,550.3682941176472,219.2006052941176,987.6553232352942,14.541888941176472,0.0028734139278525227,worse,0
sla,rtn,campus2,v2rl307,policy,12,17,1.0,2487.11525882353,wmdd,1454.1888941176471,71.03109980307117,1032.9263647058829,1,17,17,1032.9263647058826,506.9252235294118,1626.5162291176473,14.541888941176472,0.0028734139278525227,worse,0
sla,rtn,campus2,v2rl305,policy,13,17,1.0,2503.7034470588237,wmdd,1454.1888941176471,72.17181737438496,1049.5145529411766,1,17,17,1049.5145529411766,544.1659305882354,1604.435385,14.541888941176472,0.0028734139278525227,worse,0
sla,rtn,campus2,v2rl301,policy,14,17,1.0,2689.958494117647,wmdd,1454.1888941176471,84.97999159523381,1235.7696,1,17,17,1235.7696000000003,653.3072691176469,1876.6183661764712,14.541888941176472,0.0028734139278525227,worse,0
sla,rtn,campus2,v2rl306,policy,15,17,1.0,2752.688023529412,wmdd,1454.1888941176471,89.29370418549719,1298.499129411765,1,17,17,1298.4991294117651,694.8647126470592,1951.5193567647066,14.541888941176472,0.0028734139278525227,worse,0
sla,rtn,campus2,v2rl303,policy,16,17,1.0,2796.1237294117645,wmdd,1454.1888941176471,92.28064116858481,1341.9348352941174,1,17,17,1341.9348352941179,673.685969117647,2061.1762970588234,14.541888941176472,0.0028734139278525227,worse,0
sla,rtn,campus2,lpt,processing,17,17,1.0,3138.4796588235295,wmdd,1454.1888941176471,115.8233824724575,1684.2907647058823,1,17,17,1684.2907647058826,890.0885076470587,2573.7823991176465,14.541888941176472,0.0018714329102470324,worse,0
sla,pmp3,verdict,v2rl302,policy,1,180,1.0,459.6470988888889,v2rl302,459.6470988888889,0.0,0.0,1,180,180,0.0,0.0,0.0,4.596470988888889,1.0,equivalent,1
sla,pmp3,verdict,v2rl310,policy,2,180,1.0,459.67108,v2rl302,459.6470988888889,0.00521728760370959,0.023981111111140763,1,180,180,0.02398111111110713,-0.008240000000001402,0.0650637499999916,4.596470988888889,0.24886387493792206,equivalent,1
sla,pmp3,verdict,v2rl308,policy,3,180,1.0,459.6968611111111,v2rl302,459.6470988888889,0.010826179985149146,0.04976222222222759,1,180,180,0.04976222222221875,0.003568888888888703,0.11386511111110197,4.596470988888889,0.046399461870904594,equivalent,1
sla,pmp3,verdict,v2rl304,policy,4,180,1.0,459.71255777777776,v2rl302,459.6470988888889,0.014241118685861066,0.06545888888888385,1,180,180,0.06545888888888708,-0.002346666666666724,0.1705523611111057,4.596470988888889,0.13801073756865956,equivalent,1
sla,pmp3,verdict,v2rl307,policy,5,180,1.0,459.7149811111111,v2rl302,459.6470988888889,0.014768334747751166,0.06788222222223794,1,180,180,0.06788222222222152,0.010711111111111097,0.14492894444444102,4.596470988888889,0.046399461870904594,equivalent,1
sla,pmp3,verdict,v2rl301,policy,6,180,1.0,459.73684888888886,v2rl302,459.6470988888889,0.019525849334616662,0.0897499999999809,1,180,180,0.08974999999999796,0.02291555555555331,0.18308244444444305,4.596470988888889,0.027707849358079864,equivalent,1
sla,pmp3,verdict,v2rl305,policy,7,180,1.0,459.7494033333333,v2rl302,459.6470988888889,0.022257171793693468,0.1023044444444281,1,180,180,0.10230444444444373,0.02013777777777553,0.21369333333333376,4.596470988888889,0.027707849358079864,equivalent,1
sla,pmp3,verdict,v2rl303,policy,8,180,1.0,459.74956777777777,v2rl302,459.6470988888889,0.022292948032652134,0.10246888888889316,1,180,180,0.10246888888888567,0.011373333333331301,0.23111338888888117,4.596470988888889,0.04252247799805163,equivalent,1
sla,pmp3,verdict,edd,duedate,9,180,1.0,459.83611333333334,v2rl302,459.6470988888889,0.041121644170359045,0.18901444444446724,1,180,180,0.1890144444444446,0.022978666666666755,0.4060063333333337,4.596470988888889,0.027995744078059867,equivalent,1
sla,pmp3,verdict,pfifo,duedate,9,180,1.0,459.83611333333334,v2rl302,459.6470988888889,0.041121644170359045,0.18901444444446724,1,180,180,0.1890144444444446,0.02683152777777773,0.4057050277777781,4.596470988888889,0.027995744078059867,equivalent,1
sla,pmp3,verdict,v2rl306,policy,11,180,1.0,459.8477266666667,v2rl302,459.6470988888889,0.04364822018082811,0.20062777777781093,1,180,180,0.2006277777777751,0.023085555555553118,0.516595888888883,4.596470988888889,0.027707849358079864,equivalent,1
sla,pmp3,verdict,v2rl309,policy,12,180,1.0,459.97417888888884,v2rl302,459.6470988888889,0.07115893927985657,0.32707999999996673,1,180,180,0.32707999999999715,0.05351372222221984,0.7414633333333314,4.596470988888889,0.005062032126267864,equivalent,1
sla,pmp3,verdict,wmdd,weighted,13,180,1.0,460.33528666666666,v2rl302,459.6470988888889,0.1497209009784572,0.6881877777777845,1,180,180,0.6881877777777808,0.20216905555555567,1.3204746111111159,4.596470988888889,0.0064064902221673695,equivalent,1
sla,pmp3,verdict,atc,weighted,14,180,1.0,460.5624388888889,v2rl302,459.6470988888889,0.19913973181005132,0.9153400000000147,1,180,180,0.9153400000000069,0.305159055555564,1.6885599722222242,4.596470988888889,0.0032045855456292547,equivalent,1
sla,pmp3,verdict,lpt,processing,15,180,1.0,460.58701777777776,v2rl302,459.6470988888889,0.20448707087697532,0.939918888888883,1,180,180,0.9399188888888881,0.10197275000000086,2.490500138888886,4.596470988888889,0.005062032126267864,equivalent,1
sla,pmp3,verdict,random,random,16,180,1.0,461.32623666666666,v2rl302,459.6470988888889,0.3653102090357548,1.6791377777777825,1,180,180,1.6791377777777774,0.609749805555553,3.235368472222223,4.596470988888889,1.821529714896801e-05,equivalent,1
sla,pmp3,verdict,wspt,processing,17,180,1.0,461.8070666666666,v2rl302,459.6470988888889,0.46991872308104865,2.1599677777777515,1,180,180,2.1599677777777795,1.0640277222222219,3.5223373888888942,4.596470988888889,1.2187283328661856e-06,equivalent,1
sla,pmp3,campus1,atc,weighted,1,30,1.0,90.55782666666667,atc,90.55782666666667,0.0,0.0,14,30,30,0.0,0.0,0.0,1.0,1.0,equivalent,1
sla,pmp3,campus1,edd,duedate,1,30,1.0,90.55782666666667,atc,90.55782666666667,0.0,0.0,14,30,30,0.0,0.0,0.0,1.0,1.0,equivalent,1
sla,pmp3,campus1,lpt,processing,1,30,1.0,90.55782666666667,atc,90.55782666666667,0.0,0.0,14,30,30,0.0,0.0,0.0,1.0,1.0,equivalent,1
sla,pmp3,campus1,pfifo,duedate,1,30,1.0,90.55782666666667,atc,90.55782666666667,0.0,0.0,14,30,30,0.0,0.0,0.0,1.0,1.0,equivalent,1
sla,pmp3,campus1,v2rl301,policy,1,30,1.0,90.55782666666667,atc,90.55782666666667,0.0,0.0,14,30,30,0.0,0.0,0.0,1.0,1.0,equivalent,1
sla,pmp3,campus1,v2rl302,policy,1,30,1.0,90.55782666666667,atc,90.55782666666667,0.0,0.0,14,30,30,0.0,0.0,0.0,1.0,1.0,equivalent,1
sla,pmp3,campus1,v2rl303,policy,1,30,1.0,90.55782666666667,atc,90.55782666666667,0.0,0.0,14,30,30,0.0,0.0,0.0,1.0,1.0,equivalent,1
sla,pmp3,campus1,v2rl304,policy,1,30,1.0,90.55782666666667,atc,90.55782666666667,0.0,0.0,14,30,30,0.0,0.0,0.0,1.0,1.0,equivalent,1
sla,pmp3,campus1,v2rl305,policy,1,30,1.0,90.55782666666667,atc,90.55782666666667,0.0,0.0,14,30,30,0.0,0.0,0.0,1.0,1.0,equivalent,1
sla,pmp3,campus1,v2rl306,policy,1,30,1.0,90.55782666666667,atc,90.55782666666667,0.0,0.0,14,30,30,0.0,0.0,0.0,1.0,1.0,equivalent,1
sla,pmp3,campus1,v2rl307,policy,1,30,1.0,90.55782666666667,atc,90.55782666666667,0.0,0.0,14,30,30,0.0,0.0,0.0,1.0,1.0,equivalent,1
sla,pmp3,campus1,v2rl308,policy,1,30,1.0,90.55782666666667,atc,90.55782666666667,0.0,0.0,14,30,30,0.0,0.0,0.0,1.0,1.0,equivalent,1
sla,pmp3,campus1,v2rl310,policy,1,30,1.0,90.55782666666667,atc,90.55782666666667,0.0,0.0,14,30,30,0.0,0.0,0.0,1.0,1.0,equivalent,1
sla,pmp3,campus1,wmdd,weighted,1,30,1.0,90.55782666666667,atc,90.55782666666667,0.0,0.0,14,30,30,0.0,0.0,0.0,1.0,1.0,equivalent,1
sla,pmp3,campus1,v2rl309,policy,15,30,1.0,90.82753333333334,atc,90.55782666666667,0.2978281133660867,0.2697066666666643,14,30,30,0.26970666666666715,0.0,0.8091200000000015,1.0,0.31731050786291415,equivalent,1
sla,pmp3,campus1,random,random,16,30,1.0,91.26157333333335,atc,90.55782666666667,0.777124068201292,0.7037466666666745,14,30,30,0.7037466666666667,0.0,1.7748666666666664,1.0,0.17971249487899976,inconclusive,0
sla,pmp3,campus1,wspt,processing,17,30,1.0,91.4942,atc,90.55782666666667,1.0340059692245291,0.9363733333333357,14,30,30,0.9363733333333338,0.0,2.406080000000001,1.0,0.17971249487899976,inconclusive,0
sla,pmp3,campus2,wmdd,weighted,1,17,1.0,1231.344211764706,wmdd,1231.344211764706,0.0,0.0,1,17,17,0.0,0.0,0.0,12.31344211764706,1.0,equivalent,1
sla,pmp3,campus2,atc,weighted,2,17,1.0,1268.158517647059,wmdd,1231.344211764706,2.989765617982027,36.81430588235298,1,17,17,36.81430588235304,10.389731764705957,67.68140647058837,12.313442117647057,0.018602929901135743,inconclusive,0
sla,pmp3,campus2,wspt,processing,3,17,1.0,1305.9668117647059,wmdd,1231.344211764706,6.060255068162804,74.62259999999992,1,17,17,74.62260000000003,35.80511941176474,117.7291808823529,12.313442117647057,0.0014737808438751421,worse,0
sla,pmp3,campus2,edd,duedate,4,17,1.0,1321.4728352941179,wmdd,1231.344211764706,7.319531181313121,90.12862352941193,1,17,17,90.12862352941184,-20.6122202941176,239.88833735294125,12.313442117647057,0.9291527647091152,inconclusive,0
sla,pmp3,campus2,pfifo,duedate,4,17,1.0,1321.4728352941179,wmdd,1231.344211764706,7.319531181313121,90.12862352941193,1,17,17,90.12862352941184,-19.482163823529362,239.11812911764707,12.313442117647057,0.9291527647091152,inconclusive,0
sla,pmp3,campus2,v2rl310,policy,6,17,1.0,1331.5256823529412,wmdd,1231.344211764706,8.135943599772135,100.18147058823524,1,17,17,100.18147058823538,2.779356470588286,220.2907129411766,12.313442117647057,0.20942675696103719,inconclusive,0
sla,pmp3,campus2,v2rl302,policy,7,17,1.0,1432.7310823529413,wmdd,1231.344211764706,16.355042616362883,201.3868705882353,1,17,17,201.38687058823538,65.6125035294118,366.3611941176471,12.313442117647057,0.012063323418854825,worse,0
sla,pmp3,campus2,v2rl304,policy,8,17,1.0,1455.9833764705882,wmdd,1231.344211764706,18.243409321260355,224.6391647058822,1,17,17,224.63916470588234,28.509407352941086,515.3680217647056,12.313442117647057,0.11666446478102344,worse,0
sla,pmp3,campus2,v2rl309,policy,9,17,1.0,1485.1198352941176,wmdd,1231.344211764706,20.609641163270837,253.77562352941163,1,17,17,253.77562352941186,60.545430588235334,555.0914008823528,12.313442117647057,0.018602929901135743,worse,0
sla,pmp3,campus2,v2rl308,policy,10,17,1.0,1501.8573294117648,wmdd,1231.344211764706,21.968927539714656,270.51311764705883,1,17,17,270.51311764705883,9.458661764705989,679.2683455882351,12.313442117647057,0.20942675696103719,inconclusive,0
sla,pmp3,campus2,random,random,11,17,1.0,1643.507894117647,wmdd,1231.344211764706,33.47266169889629,412.1636823529411,1,17,17,412.1636823529413,212.87801911764717,651.3887982352941,12.313442117647057,0.0018714329102470324,worse,0
sla,pmp3,campus2,v2rl305,policy,12,17,1.0,1727.3869529411766,wmdd,1231.344211764706,40.28465285637433,496.0427411764706,1,17,17,496.0427411764706,184.04109588235315,911.5662558823524,12.313442117647057,0.006039559048656822,worse,0
sla,pmp3,campus2,v2rl307,policy,13,17,1.0,1759.603023529412,wmdd,1231.344211764706,42.90098631378059,528.258811764706,1,17,17,528.258811764706,190.4469900000001,963.3805564705887,12.313442117647057,0.018602929901135743,worse,0
sla,pmp3,campus2,v2rl301,policy,14,17,1.0,1859.6136705882354,wmdd,1231.344211764706,51.02305698283363,628.2694588235295,1,17,17,628.2694588235295,221.086212647059,1109.0560808823527,12.313442117647057,0.012063323418854825,worse,0
sla,pmp3,campus2,v2rl306,policy,15,17,1.0,1873.2881411764704,wmdd,1231.344211764706,52.13358890864154,641.9439294117644,1,17,17,641.9439294117647,257.79874,1101.6772858823526,12.313442117647057,0.004741768038406972,worse,0
sla,pmp3,campus2,v2rl303,policy,16,17,1.0,2244.8434823529415,wmdd,1231.344211764706,82.30836356762785,1013.4992705882355,1,17,17,1013.4992705882357,471.9160514705885,1622.4422214705885,12.313442117647057,0.0028734139278525227,worse,0
sla,pmp3,campus2,lpt,processing,17,17,1.0,2622.328776470588,wmdd,1231.344211764706,112.96472192063881,1390.984564705882,1,17,17,1390.9845647058821,679.0964188235293,2213.18396117647,12.313442117647057,0.0018714329102470324,worse,0
