check,arm,stratum,method,reference,reference_role,family,n_configs,n_clusters,mean_ref,mean_method,mean_diff,ci_lo,ci_hi,margin,wilcoxon_p,holm_p,verdict
pmodel,sum,verdict,edd,v2rl302,baseline_best,rule-vs-policy,180,180,444.6810166666667,444.8689277777778,0.1879111111111126,0.024741388888889087,0.4075017222222249,4.446810166666667,0.03546586462402558,0.07093172924805116,equivalent
pmodel,sum,verdict,pfifo,v2rl302,baseline_best,rule-vs-policy,180,180,444.6810166666667,444.8689277777778,0.1879111111111126,0.025574722222222537,0.4032346666666694,4.446810166666667,0.03546586462402558,0.07093172924805116,equivalent
pmodel,sum,verdict,wspt,v2rl302,baseline_best,rule-vs-policy,180,180,444.6810166666667,446.6459477777778,1.9649311111111145,0.8832252222222218,3.2355653333333407,4.446810166666667,1.7564851371585654e-05,0.00012295395960109956,equivalent
pmodel,sum,verdict,atc,v2rl302,baseline_best,rule-vs-policy,180,180,444.6810166666667,445.5551500000001,0.8741333333333341,0.27144666666666667,1.6416948888888847,4.446810166666667,0.012792160247732852,0.05116864099093141,equivalent
pmodel,sum,verdict,wmdd,v2rl302,baseline_best,rule-vs-policy,180,180,444.6810166666667,445.3319900000001,0.6509733333333377,0.1649377777777777,1.2649536111111195,4.446810166666667,0.020879263166351643,0.06263778949905494,equivalent
pmodel,sum,verdict,lpt,v2rl302,baseline_best,rule-vs-policy,180,180,444.6810166666667,445.5785988888889,0.8975822222222226,0.07344444444444444,2.419877111111116,4.446810166666667,0.007685794055213263,0.038428970276066315,equivalent
pmodel,sum,verdict,random,v2rl302,baseline_best,rule-vs-policy,180,180,444.6810166666667,446.3160666666667,1.6350499999999972,0.5746127499999962,3.1356331111111087,4.446810166666667,0.0001318338889828333,0.0007910033338969998,equivalent
pmodel,sum,verdict,v2rl301,v2rl302,baseline_best,policy-vs-policy,180,180,444.6810166666667,444.75599888888894,0.07498222222222037,0.013888888888888888,0.15529333333332715,4.446810166666667,0.043114446783075355,0.3880300210476782,equivalent
pmodel,sum,verdict,v2rl303,v2rl302,baseline_best,policy-vs-policy,180,180,444.6810166666667,444.73146333333335,0.05044666666666823,0.0,0.12962166666667152,4.446810166666667,0.10880943004054568,0.4352377201621827,equivalent
pmodel,sum,verdict,v2rl304,v2rl302,baseline_best,policy-vs-policy,180,180,444.6810166666667,444.7625444444445,0.08152777777777974,-0.002406666666666663,0.19521222222222528,4.446810166666667,0.14412703481601533,0.4352377201621827,equivalent
pmodel,sum,verdict,v2rl305,v2rl302,baseline_best,policy-vs-policy,180,180,444.6810166666667,444.76037666666673,0.07935999999999695,0.011111111111111112,0.18252444444443527,4.446810166666667,0.043114446783075355,0.3880300210476782,equivalent
pmodel,sum,verdict,v2rl306,v2rl302,baseline_best,policy-vs-policy,180,180,444.6810166666667,444.85855888888887,0.17754222222222324,0.007160000000000208,0.4768622222222247,4.446810166666667,0.06788915486182899,0.3880300210476782,equivalent
pmodel,sum,verdict,v2rl307,v2rl302,baseline_best,policy-vs-policy,180,180,444.6810166666667,444.7699366666667,0.08892000000000182,0.012000000000001402,0.1863867777777823,4.446810166666667,0.046399461870904594,0.3880300210476782,equivalent
pmodel,sum,verdict,v2rl308,v2rl302,baseline_best,policy-vs-policy,180,180,444.6810166666667,444.70772111111114,0.026704444444443552,0.0,0.06665333333333669,4.446810166666667,0.10880943004054568,0.4352377201621827,equivalent
pmodel,sum,verdict,v2rl309,v2rl302,baseline_best,policy-vs-policy,180,180,444.6810166666667,444.95305222222225,0.27203555555555725,0.022222222222222223,0.6236622222222274,4.446810166666667,0.043114446783075355,0.3880300210476782,equivalent
pmodel,sum,verdict,v2rl310,v2rl302,baseline_best,policy-vs-policy,180,180,444.6810166666667,444.7120755555556,0.031058888888890836,-0.003246666666665574,0.08201925000000329,4.446810166666667,0.27332167829229814,0.4352377201621827,equivalent
pmodel,sum,campus1,edd,atc,baseline_best,rule-vs-rule,30,30,80.41734666666666,80.41734666666666,0.0,0.0,0.0,1.0,1.0,1.0,equivalent
pmodel,sum,campus1,pfifo,atc,baseline_best,rule-vs-rule,30,30,80.41734666666666,80.41734666666666,0.0,0.0,0.0,1.0,1.0,1.0,equivalent
pmodel,sum,campus1,wspt,atc,baseline_best,rule-vs-rule,30,30,80.41734666666666,81.29713333333332,0.8797866666666664,0.0,2.292906666666666,1.0,0.17971249487899976,1.0,inconclusive
pmodel,sum,campus1,wmdd,atc,baseline_best,rule-vs-rule,30,30,80.41734666666666,80.41734666666666,0.0,0.0,0.0,1.0,1.0,1.0,equivalent
pmodel,sum,campus1,lpt,atc,baseline_best,rule-vs-rule,30,30,80.41734666666666,80.41734666666666,0.0,0.0,0.0,1.0,1.0,1.0,equivalent
pmodel,sum,campus1,random,atc,baseline_best,rule-vs-rule,30,30,80.41734666666666,81.12109333333335,0.7037466666666667,0.0,1.7748666666666664,1.0,0.17971249487899976,1.0,inconclusive
pmodel,sum,campus1,v2rl301,atc,baseline_best,policy-vs-rule,30,30,80.41734666666666,80.41734666666666,0.0,0.0,0.0,1.0,1.0,1.0,equivalent
pmodel,sum,campus1,v2rl302,atc,baseline_best,policy-vs-rule,30,30,80.41734666666666,80.41734666666666,0.0,0.0,0.0,1.0,1.0,1.0,equivalent
pmodel,sum,campus1,v2rl303,atc,baseline_best,policy-vs-rule,30,30,80.41734666666666,80.41734666666666,0.0,0.0,0.0,1.0,1.0,1.0,equivalent
pmodel,sum,campus1,v2rl304,atc,baseline_best,policy-vs-rule,30,30,80.41734666666666,80.41734666666666,0.0,0.0,0.0,1.0,1.0,1.0,equivalent
pmodel,sum,campus1,v2rl305,atc,baseline_best,policy-vs-rule,30,30,80.41734666666666,80.41734666666666,0.0,0.0,0.0,1.0,1.0,1.0,equivalent
pmodel,sum,campus1,v2rl306,atc,baseline_best,policy-vs-rule,30,30,80.41734666666666,80.41734666666666,0.0,0.0,0.0,1.0,1.0,1.0,equivalent
pmodel,sum,campus1,v2rl307,atc,baseline_best,policy-vs-rule,30,30,80.41734666666666,80.41734666666666,0.0,0.0,0.0,1.0,1.0,1.0,equivalent
pmodel,sum,campus1,v2rl308,atc,baseline_best,policy-vs-rule,30,30,80.41734666666666,80.41734666666666,0.0,0.0,0.0,1.0,1.0,1.0,equivalent
pmodel,sum,campus1,v2rl309,atc,baseline_best,policy-vs-rule,30,30,80.41734666666666,80.41734666666666,0.0,0.0,0.0,1.0,1.0,1.0,equivalent
pmodel,sum,campus1,v2rl310,atc,baseline_best,policy-vs-rule,30,30,80.41734666666666,80.41734666666666,0.0,0.0,0.0,1.0,1.0,1.0,equivalent
pmodel,sum,campus2,edd,wmdd,baseline_best,rule-vs-rule,17,17,1218.2288470588235,1311.322141176471,93.09329411764713,-15.486340588235247,237.02385647058827,12.182288470588235,0.8588630128278887,1.0,inconclusive
pmodel,sum,campus2,pfifo,wmdd,baseline_best,rule-vs-rule,17,17,1218.2288470588235,1311.322141176471,93.09329411764713,-15.460023529411789,237.43322000000006,12.182288470588235,0.8588630128278887,1.0,inconclusive
pmodel,sum,campus2,wspt,wmdd,baseline_best,rule-vs-rule,17,17,1218.2288470588235,1291.2388588235294,73.01001176470588,35.14708823529415,115.04566294117639,12.182288470588235,0.0014737808438751421,0.008842685063250852,worse
pmodel,sum,campus2,atc,wmdd,baseline_best,rule-vs-rule,17,17,1218.2288470588235,1252.115717647059,33.88687058823534,11.738473529411781,59.79874,12.182288470588235,0.004741768038406972,0.014225304115220917,inconclusive
pmodel,sum,campus2,lpt,wmdd,baseline_best,rule-vs-rule,17,17,1218.2288470588235,2615.1118352941176,1396.8829882352936,681.9465476470589,2231.971001764705,12.182288470588235,0.0018714329102470324,0.009357164551235163,worse
pmodel,sum,campus2,random,wmdd,baseline_best,rule-vs-rule,17,17,1218.2288470588235,1636.0305647058824,417.80171764705887,213.52469823529404,658.8469326470588,12.182288470588235,0.0018714329102470324,0.009357164551235163,worse
pmodel,sum,campus2,v2rl301,wmdd,baseline_best,policy-vs-rule,17,17,1218.2288470588235,1851.2520352941176,633.0231882352942,225.13817764705905,1113.6384788235289,12.182288470588235,0.012063323418854825,0.08444326393198377,worse
pmodel,sum,campus2,v2rl302,wmdd,baseline_best,policy-vs-rule,17,17,1218.2288470588235,1420.4514,202.22255294117647,65.79133352941177,368.73668176470596,12.182288470588235,0.012063323418854825,0.08444326393198377,worse
pmodel,sum,campus2,v2rl303,wmdd,baseline_best,policy-vs-rule,17,17,1218.2288470588235,2171.692823529412,953.4639764705884,458.24366970588244,1512.0385641176472,12.182288470588235,0.0028734139278525227,0.028734139278525226,worse
pmodel,sum,campus2,v2rl304,wmdd,baseline_best,policy-vs-rule,17,17,1218.2288470588235,1447.724082352941,229.49523529411763,30.898503235294303,532.2520517647057,12.182288470588235,0.08437944259396049,0.2531383277818815,worse
pmodel,sum,campus2,v2rl305,wmdd,baseline_best,policy-vs-rule,17,17,1218.2288470588235,1720.644105882353,502.4152588235294,182.9644885294118,909.478142941176,12.182288470588235,0.004741768038406972,0.04267591234566275,worse
pmodel,sum,campus2,v2rl306,wmdd,baseline_best,policy-vs-rule,17,17,1218.2288470588235,1863.508082352941,645.2792352941175,259.13737441176465,1109.68771617647,12.182288470588235,0.004741768038406972,0.04267591234566275,worse
pmodel,sum,campus2,v2rl307,wmdd,baseline_best,policy-vs-rule,17,17,1218.2288470588235,1751.246494117647,533.0176470588236,186.04625499999997,960.8644085294118,12.182288470588235,0.012063323418854825,0.08444326393198377,worse
pmodel,sum,campus2,v2rl308,wmdd,baseline_best,policy-vs-rule,17,17,1218.2288470588235,1494.214529411765,275.98568235294124,18.66795558823529,679.5203102941175,12.182288470588235,0.13609738111439368,0.27219476222878736,worse
pmodel,sum,campus2,v2rl309,wmdd,baseline_best,policy-vs-rule,17,17,1218.2288470588235,1453.0060823529411,234.7772352941176,55.18311529411767,522.4365744117644,12.182288470588235,0.012063323418854825,0.08444326393198377,worse
pmodel,sum,campus2,v2rl310,wmdd,baseline_best,policy-vs-rule,17,17,1218.2288470588235,1324.8887411764708,106.65989411764711,7.169874999999935,226.96513117647052,12.182288470588235,0.15793931050013033,0.27219476222878736,inconclusive
pmodel,max,verdict,edd,v2rl302,baseline_best,rule-vs-policy,180,180,66.44010666666667,66.35225777777778,-0.08784888888888902,-1.7577161111111117,1.3279272222222223,1.0,0.40730304289827934,0.8146060857965587,inconclusive
pmodel,max,verdict,pfifo,v2rl302,baseline_best,rule-vs-policy,180,180,66.44010666666667,66.35225777777778,-0.08784888888888902,-1.699076666666668,1.310686111111112,1.0,0.40730304289827934,0.8146060857965587,inconclusive
pmodel,max,verdict,wspt,v2rl302,baseline_best,rule-vs-policy,180,180,66.44010666666667,70.81071777777778,4.370611111111112,0.3522367777777773,9.03520777777778,1.0,8.174206500169267e-05,0.0004904523900101561,inconclusive
pmodel,max,verdict,atc,v2rl302,baseline_best,rule-vs-policy,180,180,66.44010666666667,66.84536666666668,0.4052599999999986,-2.4606224444444473,2.810993388888886,1.0,0.051520353375821656,0.20608141350328663,inconclusive
pmodel,max,verdict,wmdd,v2rl302,baseline_best,rule-vs-policy,180,180,66.44010666666667,66.90343111111112,0.4633244444444439,-2.111610000000002,2.7688894444444445,1.0,0.05931703963584296,0.20608141350328663,inconclusive
pmodel,max,verdict,lpt,v2rl302,baseline_best,rule-vs-policy,180,180,66.44010666666667,102.84803333333332,36.40792666666667,13.620204277777779,68.26311522222221,1.0,8.857457687863547e-05,0.0004904523900101561,worse
pmodel,max,verdict,random,v2rl302,baseline_best,rule-vs-policy,180,180,66.44010666666667,82.2112111111111,15.771104444444445,6.328539055555554,27.8426485,1.0,2.9908189033962768e-05,0.00020935732323773939,worse
pmodel,max,verdict,v2rl301,v2rl302,baseline_best,policy-vs-policy,180,180,66.44010666666667,65.87320888888891,-0.5668977777777785,-1.7748893333333342,0.32733033333333295,1.0,0.7554236504413918,1.0,inconclusive
pmodel,max,verdict,v2rl303,v2rl302,baseline_best,policy-vs-policy,180,180,66.44010666666667,66.1245288888889,-0.3155777777777778,-0.9890377777777779,0.1727163333333331,1.0,0.3139380937749148,1.0,equivalent
pmodel,max,verdict,v2rl304,v2rl302,baseline_best,policy-vs-policy,180,180,66.44010666666667,66.02777777777777,-0.4123288888888897,-2.9634418888888896,1.2503067777777748,1.0,0.19877824239117214,1.0,inconclusive
pmodel,max,verdict,v2rl305,v2rl302,baseline_best,policy-vs-policy,180,180,66.44010666666667,66.15268666666667,-0.28742000000000034,-0.9961190000000009,0.22564722222222175,1.0,0.6784023758521882,1.0,equivalent
pmodel,max,verdict,v2rl306,v2rl302,baseline_best,policy-vs-policy,180,180,66.44010666666667,67.50519999999999,1.065093333333333,-0.009591111111111338,2.6798766666666656,1.0,0.22491588401596185,1.0,inconclusive
pmodel,max,verdict,v2rl307,v2rl302,baseline_best,policy-vs-policy,180,180,66.44010666666667,66.23345111111111,-0.20665555555555576,-0.9315161666666669,0.4033651666666668,1.0,0.6784023758521882,1.0,equivalent
pmodel,max,verdict,v2rl308,v2rl302,baseline_best,policy-vs-policy,180,180,66.44010666666667,65.87542888888889,-0.5646777777777784,-3.6854460000000016,1.7838247777777774,1.0,0.4079658480830832,1.0,inconclusive
pmodel,max,verdict,v2rl309,v2rl302,baseline_best,policy-vs-policy,180,180,66.44010666666667,67.91842666666668,1.4783199999999994,0.11606044444444316,3.1628763333333336,1.0,0.011731486083919983,0.10558337475527985,inconclusive
pmodel,max,verdict,v2rl310,v2rl302,baseline_best,policy-vs-policy,180,180,66.44010666666667,64.92746666666666,-1.5126400000000009,-4.051941333333333,-0.018982222222223125,1.0,0.21299677467111144,1.0,inconclusive
pmodel,max,campus1,edd,atc,baseline_best,rule-vs-rule,30,30,40.504306666666665,40.504306666666665,0.0,0.0,0.0,1.0,1.0,1.0,equivalent
pmodel,max,campus1,pfifo,atc,baseline_best,rule-vs-rule,30,30,40.504306666666665,40.504306666666665,0.0,0.0,0.0,1.0,1.0,1.0,equivalent
pmodel,max,campus1,wspt,atc,baseline_best,rule-vs-rule,30,30,40.504306666666665,41.38409333333333,0.8797866666666673,0.0,2.2929066666666675,1.0,0.17971249487899976,1.0,inconclusive
pmodel,max,campus1,wmdd,atc,baseline_best,rule-vs-rule,30,30,40.504306666666665,40.504306666666665,0.0,0.0,0.0,1.0,1.0,1.0,equivalent
pmodel,max,campus1,lpt,atc,baseline_best,rule-vs-rule,30,30,40.504306666666665,40.504306666666665,0.0,0.0,0.0,1.0,1.0,1.0,equivalent
pmodel,max,campus1,random,atc,baseline_best,rule-vs-rule,30,30,40.504306666666665,40.785493333333335,0.2811866666666673,0.0,0.7071866666666681,1.0,0.17971249487899976,1.0,equivalent
pmodel,max,campus1,v2rl301,atc,baseline_best,policy-vs-rule,30,30,40.504306666666665,40.504306666666665,0.0,0.0,0.0,1.0,1.0,1.0,equivalent
pmodel,max,campus1,v2rl302,atc,baseline_best,policy-vs-rule,30,30,40.504306666666665,40.504306666666665,0.0,0.0,0.0,1.0,1.0,1.0,equivalent
pmodel,max,campus1,v2rl303,atc,baseline_best,policy-vs-rule,30,30,40.504306666666665,40.504306666666665,0.0,0.0,0.0,1.0,1.0,1.0,equivalent
pmodel,max,campus1,v2rl304,atc,baseline_best,policy-vs-rule,30,30,40.504306666666665,40.504306666666665,0.0,0.0,0.0,1.0,1.0,1.0,equivalent
pmodel,max,campus1,v2rl305,atc,baseline_best,policy-vs-rule,30,30,40.504306666666665,40.504306666666665,0.0,0.0,0.0,1.0,1.0,1.0,equivalent
pmodel,max,campus1,v2rl306,atc,baseline_best,policy-vs-rule,30,30,40.504306666666665,40.504306666666665,0.0,0.0,0.0,1.0,1.0,1.0,equivalent
pmodel,max,campus1,v2rl307,atc,baseline_best,policy-vs-rule,30,30,40.504306666666665,40.504306666666665,0.0,0.0,0.0,1.0,1.0,1.0,equivalent
pmodel,max,campus1,v2rl308,atc,baseline_best,policy-vs-rule,30,30,40.504306666666665,40.504306666666665,0.0,0.0,0.0,1.0,1.0,1.0,equivalent
pmodel,max,campus1,v2rl309,atc,baseline_best,policy-vs-rule,30,30,40.504306666666665,40.504306666666665,0.0,0.0,0.0,1.0,1.0,1.0,equivalent
pmodel,max,campus1,v2rl310,atc,baseline_best,policy-vs-rule,30,30,40.504306666666665,40.504306666666665,0.0,0.0,0.0,1.0,1.0,1.0,equivalent
pmodel,max,campus2,edd,wmdd,baseline_best,rule-vs-rule,17,17,444.20757647058826,530.6731058823528,86.46552941176469,-3.793505294117652,231.37958588235293,4.442075764705883,0.32806478170083675,0.6561295634016735,inconclusive
pmodel,max,campus2,pfifo,wmdd,baseline_best,rule-vs-rule,17,17,444.20757647058826,530.6731058823528,86.46552941176469,-3.5437829411764783,234.37146117647055,4.442075764705883,0.32806478170083675,0.6561295634016735,inconclusive
pmodel,max,campus2,wspt,wmdd,baseline_best,rule-vs-rule,17,17,444.20757647058826,575.9746470588234,131.76707058823527,60.905680882352904,210.799434117647,4.442075764705883,0.006318521553682498,0.025274086214729992,worse
pmodel,max,campus2,atc,wmdd,baseline_best,rule-vs-rule,17,17,444.20757647058826,479.0239176470588,34.81634117647058,5.8069252941176375,68.77241470588233,4.442075764705883,0.08437944259396049,0.2531383277818815,worse
pmodel,max,campus2,lpt,wmdd,baseline_best,rule-vs-rule,17,17,444.20757647058826,2158.5634823529413,1714.3559058823528,828.8161794117648,2759.1150132352936,4.442075764705883,0.0009815397525216685,0.004907698762608342,worse
pmodel,max,campus2,random,wmdd,baseline_best,rule-vs-rule,17,17,444.20757647058826,1004.7012705882354,560.4936941176471,310.42181999999997,842.6705335294121,4.442075764705883,0.0006549583433856954,0.003929750060314172,worse
pmodel,max,campus2,v2rl301,wmdd,baseline_best,policy-vs-rule,17,17,444.20757647058826,942.2667058823529,498.0591294117647,151.72660294117648,932.3454247058822,4.442075764705883,0.027707849358079864,0.16036369548049612,worse
pmodel,max,campus2,v2rl302,wmdd,baseline_best,policy-vs-rule,17,17,444.20757647058826,632.3971176470588,188.18954117647058,54.45303029411765,346.06863235294105,4.442075764705883,0.022909099354356588,0.16036369548049612,worse
pmodel,max,campus2,v2rl303,wmdd,baseline_best,policy-vs-rule,17,17,444.20757647058826,1410.8608588235293,966.653282352941,412.49868264705884,1613.3453561764702,4.442075764705883,0.0037017494066892425,0.033315744660203185,worse
pmodel,max,campus2,v2rl304,wmdd,baseline_best,policy-vs-rule,17,17,444.20757647058826,573.6614705882354,129.45389411764705,19.39276176470593,273.36786411764695,4.442075764705883,0.1005251728089838,0.3015755184269514,worse
pmodel,max,campus2,v2rl305,wmdd,baseline_best,policy-vs-rule,17,17,444.20757647058826,905.0962705882354,460.88869411764705,137.25074205882356,856.0733352941172,4.442075764705883,0.010746783005343858,0.08597426404275087,worse
pmodel,max,campus2,v2rl306,wmdd,baseline_best,policy-vs-rule,17,17,444.20757647058826,1031.4695411764706,587.2619647058823,170.7893397058823,1113.8358620588233,4.442075764705883,0.022909099354356588,0.16036369548049612,worse
pmodel,max,campus2,v2rl307,wmdd,baseline_best,policy-vs-rule,17,17,444.20757647058826,960.4692705882352,516.2616941176469,184.76131176470577,916.254954705882,4.442075764705883,0.027707849358079864,0.16036369548049612,worse
pmodel,max,campus2,v2rl308,wmdd,baseline_best,policy-vs-rule,17,17,444.20757647058826,511.77969411764707,67.57211764705883,1.4225558823529367,153.7078788235294,4.442075764705883,0.24886387493792206,0.364676708361537,inconclusive
pmodel,max,campus2,v2rl309,wmdd,baseline_best,policy-vs-rule,17,17,444.20757647058826,643.2289058823528,199.02132941176467,87.97686117647055,331.4172170588233,4.442075764705883,0.0014737808438751421,0.014737808438751422,worse
pmodel,max,campus2,v2rl310,wmdd,baseline_best,policy-vs-rule,17,17,444.20757647058826,523.6346352941176,79.42705882352939,5.931111176470581,172.91793941176473,4.442075764705883,0.1823383541807685,0.364676708361537,worse
pmodel,single,verdict,edd,v2rl302,baseline_best,rule-vs-policy,179,179,21.5481530726257,20.088206145251394,-1.4599469273743033,-6.125287150837994,1.8635072625698326,1.0,0.7348605992017886,1.0,inconclusive
pmodel,single,verdict,pfifo,v2rl302,baseline_best,rule-vs-policy,179,179,21.5481530726257,20.088206145251394,-1.4599469273743033,-6.134784357541905,1.8820911731843561,1.0,0.7348605992017886,1.0,inconclusive
pmodel,single,verdict,wspt,v2rl302,baseline_best,rule-vs-policy,179,179,21.5481530726257,19.775386033519553,-1.772767039106146,-8.185579594972069,1.966739734636872,1.0,0.00381879277297279,0.01909396386486395,inconclusive
pmodel,single,verdict,atc,v2rl302,baseline_best,rule-vs-policy,179,179,21.5481530726257,17.525782681564245,-4.022370391061453,-11.21289497206704,0.05380391061452528,1.0,0.23672357063785732,0.710170711913572,inconclusive
pmodel,single,verdict,wmdd,v2rl302,baseline_best,rule-vs-policy,179,179,21.5481530726257,17.193426815642457,-4.354726256983241,-12.487838212290507,0.11639329608938509,1.0,0.17629637444051116,0.7051854977620446,inconclusive
pmodel,single,verdict,lpt,v2rl302,baseline_best,rule-vs-policy,179,179,21.5481530726257,78.33846089385476,56.79030782122906,14.379053072625698,132.75232016759776,1.0,1.1735028812661596e-06,8.214520168863117e-06,worse
pmodel,single,verdict,random,v2rl302,baseline_best,rule-vs-policy,179,179,21.5481530726257,42.751170949720674,21.20301787709497,6.2629884916201135,47.26928787709497,1.0,2.040331161364445e-06,1.2241986968186669e-05,worse
pmodel,single,verdict,v2rl301,v2rl302,baseline_best,policy-vs-policy,179,179,21.5481530726257,23.784700558659218,2.236547486033518,-0.23431061452514265,6.960636871508378,1.0,0.6858304344516057,1.0,inconclusive
pmodel,single,verdict,v2rl303,v2rl302,baseline_best,policy-vs-policy,179,179,21.5481530726257,24.107385474860333,2.559232402234635,-3.3603888268156434,11.084915083798878,1.0,0.892738400944348,1.0,inconclusive
pmodel,single,verdict,v2rl304,v2rl302,baseline_best,policy-vs-policy,179,179,21.5481530726257,17.928955865921786,-3.6191972067039115,-10.889798184357545,0.4473050977653622,1.0,0.8589549227374824,1.0,inconclusive
pmodel,single,verdict,v2rl305,v2rl302,baseline_best,policy-vs-policy,179,179,21.5481530726257,23.0951156424581,1.5469625698324028,-2.1990358659217875,7.4659022346368715,1.0,0.892738400944348,1.0,inconclusive
pmodel,single,verdict,v2rl306,v2rl302,baseline_best,policy-vs-policy,179,179,21.5481530726257,24.5162843575419,2.9681312849162023,0.10562234636871536,8.570235977653631,1.0,0.07961580146011343,0.7165422131410208,inconclusive
pmodel,single,verdict,v2rl307,v2rl302,baseline_best,policy-vs-policy,179,179,21.5481530726257,23.355766480446928,1.8076134078212287,-0.200795530726259,5.573637988826817,1.0,0.5001842570707944,1.0,inconclusive
pmodel,single,verdict,v2rl308,v2rl302,baseline_best,policy-vs-policy,179,179,21.5481530726257,19.195717318435754,-2.352435754189945,-8.261027765363131,1.0595672625698305,1.0,0.6744240722352938,1.0,inconclusive
pmodel,single,verdict,v2rl309,v2rl302,baseline_best,policy-vs-policy,179,179,21.5481530726257,20.286721229050276,-1.2614318435754193,-9.800290237430168,6.314450167597764,1.0,0.6566419342620566,1.0,inconclusive
pmodel,single,verdict,v2rl310,v2rl302,baseline_best,policy-vs-policy,179,179,21.5481530726257,20.092146927374305,-1.4560061452513966,-4.101025139664804,0.13616815642458135,1.0,0.463071015014588,1.0,inconclusive
pmodel,single,campus1,edd,atc,baseline_best,rule-vs-rule,30,30,31.180439999999997,31.180439999999997,0.0,0.0,0.0,1.0,1.0,1.0,equivalent
pmodel,single,campus1,pfifo,atc,baseline_best,rule-vs-rule,30,30,31.180439999999997,31.180439999999997,0.0,0.0,0.0,1.0,1.0,1.0,equivalent
pmodel,single,campus1,wspt,atc,baseline_best,rule-vs-rule,30,30,31.180439999999997,32.348600000000005,1.1681600000000003,0.0,2.9371066666666676,1.0,0.17971249487899976,1.0,inconclusive
pmodel,single,campus1,wmdd,atc,baseline_best,rule-vs-rule,30,30,31.180439999999997,31.180439999999997,0.0,0.0,0.0,1.0,1.0,1.0,equivalent
pmodel,single,campus1,lpt,atc,baseline_best,rule-vs-rule,30,30,31.180439999999997,31.180439999999997,0.0,0.0,0.0,1.0,1.0,1.0,equivalent
pmodel,single,campus1,random,atc,baseline_best,rule-vs-rule,30,30,31.180439999999997,31.189293333333335,0.008853333333333543,0.0,0.026560000000000628,1.0,0.31731050786291415,1.0,equivalent
pmodel,single,campus1,v2rl301,atc,baseline_best,policy-vs-rule,30,30,31.180439999999997,31.180439999999997,0.0,0.0,0.0,1.0,1.0,1.0,equivalent
pmodel,single,campus1,v2rl302,atc,baseline_best,policy-vs-rule,30,30,31.180439999999997,31.180439999999997,0.0,0.0,0.0,1.0,1.0,1.0,equivalent
pmodel,single,campus1,v2rl303,atc,baseline_best,policy-vs-rule,30,30,31.180439999999997,31.180439999999997,0.0,0.0,0.0,1.0,1.0,1.0,equivalent
pmodel,single,campus1,v2rl304,atc,baseline_best,policy-vs-rule,30,30,31.180439999999997,31.180439999999997,0.0,0.0,0.0,1.0,1.0,1.0,equivalent
pmodel,single,campus1,v2rl305,atc,baseline_best,policy-vs-rule,30,30,31.180439999999997,31.180439999999997,0.0,0.0,0.0,1.0,1.0,1.0,equivalent
pmodel,single,campus1,v2rl306,atc,baseline_best,policy-vs-rule,30,30,31.180439999999997,31.180439999999997,0.0,0.0,0.0,1.0,1.0,1.0,equivalent
pmodel,single,campus1,v2rl307,atc,baseline_best,policy-vs-rule,30,30,31.180439999999997,31.180439999999997,0.0,0.0,0.0,1.0,1.0,1.0,equivalent
pmodel,single,campus1,v2rl308,atc,baseline_best,policy-vs-rule,30,30,31.180439999999997,31.180439999999997,0.0,0.0,0.0,1.0,1.0,1.0,equivalent
pmodel,single,campus1,v2rl309,atc,baseline_best,policy-vs-rule,30,30,31.180439999999997,31.180439999999997,0.0,0.0,0.0,1.0,1.0,1.0,equivalent
pmodel,single,campus1,v2rl310,atc,baseline_best,policy-vs-rule,30,30,31.180439999999997,31.180439999999997,0.0,0.0,0.0,1.0,1.0,1.0,equivalent
pmodel,single,campus2,edd,wmdd,baseline_best,rule-vs-rule,17,17,0.0,0.0,0.0,0.0,0.0,1.0,1.0,1.0,equivalent
pmodel,single,campus2,pfifo,wmdd,baseline_best,rule-vs-rule,17,17,0.0,0.0,0.0,0.0,0.0,1.0,1.0,1.0,equivalent
pmodel,single,campus2,wspt,wmdd,baseline_best,rule-vs-rule,17,17,0.0,0.0,0.0,0.0,0.0,1.0,1.0,1.0,equivalent
pmodel,single,campus2,atc,wmdd,baseline_best,rule-vs-rule,17,17,0.0,0.0,0.0,0.0,0.0,1.0,1.0,1.0,equivalent
pmodel,single,campus2,lpt,wmdd,baseline_best,rule-vs-rule,17,17,0.0,36.343905882352935,36.343905882352935,4.52310588235293,76.44899176470582,1.0,0.043114446783075355,0.25868668069845213,worse
pmodel,single,campus2,random,wmdd,baseline_best,rule-vs-rule,17,17,0.0,6.4117647058823595,6.4117647058823595,0.0,18.818023529411782,1.0,0.17971249487899976,0.8985624743949988,inconclusive
pmodel,single,campus2,v2rl301,wmdd,baseline_best,policy-vs-rule,17,17,0.0,0.0,0.0,0.0,0.0,1.0,1.0,1.0,equivalent
pmodel,single,campus2,v2rl302,wmdd,baseline_best,policy-vs-rule,17,17,0.0,0.0,0.0,0.0,0.0,1.0,1.0,1.0,equivalent
pmodel,single,campus2,v2rl303,wmdd,baseline_best,policy-vs-rule,17,17,0.0,0.0,0.0,0.0,0.0,1.0,1.0,1.0,equivalent
pmodel,single,campus2,v2rl304,wmdd,baseline_best,policy-vs-rule,17,17,0.0,0.0,0.0,0.0,0.0,1.0,1.0,1.0,equivalent
pmodel,single,campus2,v2rl305,wmdd,baseline_best,policy-vs-rule,17,17,0.0,0.0,0.0,0.0,0.0,1.0,1.0,1.0,equivalent
pmodel,single,campus2,v2rl306,wmdd,baseline_best,policy-vs-rule,17,17,0.0,0.0,0.0,0.0,0.0,1.0,1.0,1.0,equivalent
pmodel,single,campus2,v2rl307,wmdd,baseline_best,policy-vs-rule,17,17,0.0,0.0,0.0,0.0,0.0,1.0,1.0,1.0,equivalent
pmodel,single,campus2,v2rl308,wmdd,baseline_best,policy-vs-rule,17,17,0.0,0.0,0.0,0.0,0.0,1.0,1.0,1.0,equivalent
pmodel,single,campus2,v2rl309,wmdd,baseline_best,policy-vs-rule,17,17,0.0,0.0,0.0,0.0,0.0,1.0,1.0,1.0,equivalent
pmodel,single,campus2,v2rl310,wmdd,baseline_best,policy-vs-rule,17,17,0.0,0.0,0.0,0.0,0.0,1.0,1.0,1.0,equivalent
capacity,q0.95,verdict,edd,v2rl302,baseline_best,rule-vs-policy,180,180,444.6810166666667,444.8689277777778,0.1879111111111126,0.025004444444444593,0.39985900000000374,4.446810166666667,0.03546586462402558,0.07093172924805116,equivalent
capacity,q0.95,verdict,pfifo,v2rl302,baseline_best,rule-vs-policy,180,180,444.6810166666667,444.8689277777778,0.1879111111111126,0.02744361111111141,0.40414133333333724,4.446810166666667,0.03546586462402558,0.07093172924805116,equivalent
capacity,q0.95,verdict,wspt,v2rl302,baseline_best,rule-vs-policy,180,180,444.6810166666667,446.6459477777778,1.9649311111111145,0.8878169444444461,3.277776055555563,4.446810166666667,1.7564851371585654e-05,0.00012295395960109956,equivalent
capacity,q0.95,verdict,atc,v2rl302,baseline_best,rule-vs-policy,180,180,444.6810166666667,445.5551500000001,0.8741333333333341,0.25194588888888836,1.6294880000000072,4.446810166666667,0.012792160247732852,0.05116864099093141,equivalent
capacity,q0.95,verdict,wmdd,v2rl302,baseline_best,rule-vs-policy,180,180,444.6810166666667,445.3319900000001,0.6509733333333377,0.15555555555555556,1.2730892777777887,4.446810166666667,0.020879263166351643,0.06263778949905494,equivalent
capacity,q0.95,verdict,lpt,v2rl302,baseline_best,rule-vs-policy,180,180,444.6810166666667,445.5785988888889,0.8975822222222226,0.07870622222222157,2.42133688888889,4.446810166666667,0.007685794055213263,0.038428970276066315,equivalent
capacity,q0.95,verdict,random,v2rl302,baseline_best,rule-vs-policy,180,180,444.6810166666667,446.3160666666667,1.6350499999999972,0.5724774444444438,3.1644033055555547,4.446810166666667,0.0001318338889828333,0.0007910033338969998,equivalent
capacity,q0.95,verdict,v2rl301,v2rl302,baseline_best,policy-vs-policy,180,180,444.6810166666667,444.75599888888894,0.07498222222222037,0.013888888888888888,0.1566933333333294,4.446810166666667,0.043114446783075355,0.3880300210476782,equivalent
capacity,q0.95,verdict,v2rl303,v2rl302,baseline_best,policy-vs-policy,180,180,444.6810166666667,444.73146333333335,0.05044666666666823,0.0,0.12261333333333621,4.446810166666667,0.10880943004054568,0.4352377201621827,equivalent
capacity,q0.95,verdict,v2rl304,v2rl302,baseline_best,policy-vs-policy,180,180,444.6810166666667,444.7625444444445,0.08152777777777974,-0.002406666666666663,0.19521222222222528,4.446810166666667,0.14412703481601533,0.4352377201621827,equivalent
capacity,q0.95,verdict,v2rl305,v2rl302,baseline_best,policy-vs-policy,180,180,444.6810166666667,444.76037666666673,0.07935999999999695,0.011111111111111112,0.18461377777777083,4.446810166666667,0.043114446783075355,0.3880300210476782,equivalent
capacity,q0.95,verdict,v2rl306,v2rl302,baseline_best,policy-vs-policy,180,180,444.6810166666667,444.85855888888887,0.17754222222222324,0.007160000000000208,0.4846052222222231,4.446810166666667,0.06788915486182899,0.3880300210476782,equivalent
capacity,q0.95,verdict,v2rl307,v2rl302,baseline_best,policy-vs-policy,180,180,444.6810166666667,444.7699366666667,0.08892000000000182,0.013828888888889107,0.18627777777778284,4.446810166666667,0.046399461870904594,0.3880300210476782,equivalent
capacity,q0.95,verdict,v2rl308,v2rl302,baseline_best,policy-vs-policy,180,180,444.6810166666667,444.70772111111114,0.026704444444443552,0.0,0.06533111111111288,4.446810166666667,0.10880943004054568,0.4352377201621827,equivalent
capacity,q0.95,verdict,v2rl309,v2rl302,baseline_best,policy-vs-policy,180,180,444.6810166666667,444.95305222222225,0.27203555555555725,0.02955555555555551,0.6290404444444511,4.446810166666667,0.043114446783075355,0.3880300210476782,equivalent
capacity,q0.95,verdict,v2rl310,v2rl302,baseline_best,policy-vs-policy,180,180,444.6810166666667,444.7120755555556,0.031058888888890836,-0.003246666666665574,0.08201666666667001,4.446810166666667,0.27332167829229814,0.4352377201621827,equivalent
capacity,q0.95,campus1,edd,atc,baseline_best,rule-vs-rule,30,30,80.41734666666666,80.41734666666666,0.0,0.0,0.0,1.0,1.0,1.0,equivalent
capacity,q0.95,campus1,pfifo,atc,baseline_best,rule-vs-rule,30,30,80.41734666666666,80.41734666666666,0.0,0.0,0.0,1.0,1.0,1.0,equivalent
capacity,q0.95,campus1,wspt,atc,baseline_best,rule-vs-rule,30,30,80.41734666666666,81.29713333333332,0.8797866666666664,0.0,2.292906666666666,1.0,0.17971249487899976,1.0,inconclusive
capacity,q0.95,campus1,wmdd,atc,baseline_best,rule-vs-rule,30,30,80.41734666666666,80.41734666666666,0.0,0.0,0.0,1.0,1.0,1.0,equivalent
capacity,q0.95,campus1,lpt,atc,baseline_best,rule-vs-rule,30,30,80.41734666666666,80.41734666666666,0.0,0.0,0.0,1.0,1.0,1.0,equivalent
capacity,q0.95,campus1,random,atc,baseline_best,rule-vs-rule,30,30,80.41734666666666,81.12109333333335,0.7037466666666667,0.0,1.7748666666666664,1.0,0.17971249487899976,1.0,inconclusive
capacity,q0.95,campus1,v2rl301,atc,baseline_best,policy-vs-rule,30,30,80.41734666666666,80.41734666666666,0.0,0.0,0.0,1.0,1.0,1.0,equivalent
capacity,q0.95,campus1,v2rl302,atc,baseline_best,policy-vs-rule,30,30,80.41734666666666,80.41734666666666,0.0,0.0,0.0,1.0,1.0,1.0,equivalent
capacity,q0.95,campus1,v2rl303,atc,baseline_best,policy-vs-rule,30,30,80.41734666666666,80.41734666666666,0.0,0.0,0.0,1.0,1.0,1.0,equivalent
capacity,q0.95,campus1,v2rl304,atc,baseline_best,policy-vs-rule,30,30,80.41734666666666,80.41734666666666,0.0,0.0,0.0,1.0,1.0,1.0,equivalent
capacity,q0.95,campus1,v2rl305,atc,baseline_best,policy-vs-rule,30,30,80.41734666666666,80.41734666666666,0.0,0.0,0.0,1.0,1.0,1.0,equivalent
capacity,q0.95,campus1,v2rl306,atc,baseline_best,policy-vs-rule,30,30,80.41734666666666,80.41734666666666,0.0,0.0,0.0,1.0,1.0,1.0,equivalent
capacity,q0.95,campus1,v2rl307,atc,baseline_best,policy-vs-rule,30,30,80.41734666666666,80.41734666666666,0.0,0.0,0.0,1.0,1.0,1.0,equivalent
capacity,q0.95,campus1,v2rl308,atc,baseline_best,policy-vs-rule,30,30,80.41734666666666,80.41734666666666,0.0,0.0,0.0,1.0,1.0,1.0,equivalent
capacity,q0.95,campus1,v2rl309,atc,baseline_best,policy-vs-rule,30,30,80.41734666666666,80.41734666666666,0.0,0.0,0.0,1.0,1.0,1.0,equivalent
capacity,q0.95,campus1,v2rl310,atc,baseline_best,policy-vs-rule,30,30,80.41734666666666,80.41734666666666,0.0,0.0,0.0,1.0,1.0,1.0,equivalent
capacity,q0.95,campus2,edd,wmdd,baseline_best,rule-vs-rule,17,17,1218.2288470588235,1311.322141176471,93.09329411764713,-16.41419764705878,245.19269529411778,12.182288470588235,0.8588630128278887,1.0,inconclusive
capacity,q0.95,campus2,pfifo,wmdd,baseline_best,rule-vs-rule,17,17,1218.2288470588235,1311.322141176471,93.09329411764713,-17.262014117647084,238.29436941176442,12.182288470588235,0.8588630128278887,1.0,inconclusive
capacity,q0.95,campus2,wspt,wmdd,baseline_best,rule-vs-rule,17,17,1218.2288470588235,1291.2388588235294,73.01001176470588,34.704150294117575,114.83868,12.182288470588235,0.0014737808438751421,0.008842685063250852,worse
capacity,q0.95,campus2,atc,wmdd,baseline_best,rule-vs-rule,17,17,1218.2288470588235,1252.115717647059,33.88687058823534,12.518398235294093,59.66727058823538,12.182288470588235,0.004741768038406972,0.014225304115220917,worse
capacity,q0.95,campus2,lpt,wmdd,baseline_best,rule-vs-rule,17,17,1218.2288470588235,2615.1118352941176,1396.8829882352936,692.0651714705882,2227.514229999999,12.182288470588235,0.0018714329102470324,0.009357164551235163,worse
capacity,q0.95,campus2,random,wmdd,baseline_best,rule-vs-rule,17,17,1218.2288470588235,1636.0305647058824,417.80171764705887,214.67642000000004,666.8994223529409,12.182288470588235,0.0018714329102470324,0.009357164551235163,worse
capacity,q0.95,campus2,v2rl301,wmdd,baseline_best,policy-vs-rule,17,17,1218.2288470588235,1851.2520352941176,633.0231882352942,228.36045882352937,1123.8705238235293,12.182288470588235,0.012063323418854825,0.08444326393198377,worse
capacity,q0.95,campus2,v2rl302,wmdd,baseline_best,policy-vs-rule,17,17,1218.2288470588235,1420.4514,202.22255294117647,67.8431164705883,365.42991235294124,12.182288470588235,0.012063323418854825,0.08444326393198377,worse
capacity,q0.95,campus2,v2rl303,wmdd,baseline_best,policy-vs-rule,17,17,1218.2288470588235,2171.692823529412,953.4639764705884,457.666885,1514.7133223529415,12.182288470588235,0.0028734139278525227,0.028734139278525226,worse
capacity,q0.95,campus2,v2rl304,wmdd,baseline_best,policy-vs-rule,17,17,1218.2288470588235,1447.724082352941,229.49523529411763,31.457649705882535,516.4591467647057,12.182288470588235,0.08437944259396049,0.2531383277818815,worse
capacity,q0.95,campus2,v2rl305,wmdd,baseline_best,policy-vs-rule,17,17,1218.2288470588235,1720.644105882353,502.4152588235294,186.30404588235308,912.3574379411764,12.182288470588235,0.004741768038406972,0.04267591234566275,worse
capacity,q0.95,campus2,v2rl306,wmdd,baseline_best,policy-vs-rule,17,17,1218.2288470588235,1863.508082352941,645.2792352941175,260.5632135294118,1108.659116470588,12.182288470588235,0.004741768038406972,0.04267591234566275,worse
capacity,q0.95,campus2,v2rl307,wmdd,baseline_best,policy-vs-rule,17,17,1218.2288470588235,1751.246494117647,533.0176470588236,187.48640147058825,974.2407188235293,12.182288470588235,0.012063323418854825,0.08444326393198377,worse
capacity,q0.95,campus2,v2rl308,wmdd,baseline_best,policy-vs-rule,17,17,1218.2288470588235,1494.214529411765,275.98568235294124,17.847346470588352,669.231726764706,12.182288470588235,0.13609738111439368,0.27219476222878736,worse
capacity,q0.95,campus2,v2rl309,wmdd,baseline_best,policy-vs-rule,17,17,1218.2288470588235,1453.0060823529411,234.7772352941176,54.6559402941176,525.9899582352939,12.182288470588235,0.012063323418854825,0.08444326393198377,worse
capacity,q0.95,campus2,v2rl310,wmdd,baseline_best,policy-vs-rule,17,17,1218.2288470588235,1324.8887411764708,106.65989411764711,9.548164117646998,224.2094635294118,12.182288470588235,0.15793931050013033,0.27219476222878736,inconclusive
capacity,q0.90,verdict,edd,v2rl302,baseline_best,rule-vs-policy,180,180,446.20275,446.52333,0.3205799999999981,0.03649277777777487,0.7412169444444445,4.4620275,0.03665792867221451,0.07594055990629972,equivalent
capacity,q0.90,verdict,pfifo,v2rl302,baseline_best,rule-vs-policy,180,180,446.20275,446.52333,0.3205799999999981,0.03495544444444043,0.7490376666666656,4.4620275,0.03665792867221451,0.07594055990629972,equivalent
capacity,q0.90,verdict,wspt,v2rl302,baseline_best,rule-vs-policy,180,180,446.20275,448.9091166666667,2.7063666666666624,1.4193318611111068,4.261913861111105,4.4620275,7.08874923203644e-07,4.962124462425508e-06,equivalent
capacity,q0.90,verdict,atc,v2rl302,baseline_best,rule-vs-policy,180,180,446.20275,447.4043866666667,1.2016366666666605,0.37560105555553625,2.239430666666662,4.4620275,0.001887179308509098,0.00943589654254549,equivalent
capacity,q0.90,verdict,wmdd,v2rl302,baseline_best,rule-vs-policy,180,180,446.20275,446.9786177777778,0.7758677777777762,0.2147866944444453,1.4851065555555485,4.4620275,0.0037017494066892425,0.01480699762675697,equivalent
capacity,q0.90,verdict,lpt,v2rl302,baseline_best,rule-vs-policy,180,180,446.20275,449.60809666666665,3.4053466666666665,0.20842533333332974,8.005080666666666,4.4620275,0.025313519968766574,0.07594055990629972,inconclusive
capacity,q0.90,verdict,random,v2rl302,baseline_best,rule-vs-policy,180,180,446.20275,448.9651344444445,2.7623844444444385,1.0035690555555539,5.069517166666667,4.4620275,2.5389087562357237e-05,0.00015233452537414342,inconclusive
capacity,q0.90,verdict,v2rl301,v2rl302,baseline_best,policy-vs-policy,180,180,446.20275,446.13819888888884,-0.06455111111111414,-0.25629777777778473,0.05640444444444231,4.4620275,0.7150006546880893,1.0,equivalent
capacity,q0.90,verdict,v2rl303,v2rl302,baseline_best,policy-vs-policy,180,180,446.20275,446.2115788888889,0.008828888888887023,-0.060595499999998755,0.0671822222222166,4.4620275,0.7150006546880893,1.0,equivalent
capacity,q0.90,verdict,v2rl304,v2rl302,baseline_best,policy-vs-policy,180,180,446.20275,446.2519211111111,0.049171111111109014,-0.21754444444445076,0.29229394444444395,4.4620275,0.39802471950693785,1.0,equivalent
capacity,q0.90,verdict,v2rl305,v2rl302,baseline_best,policy-vs-policy,180,180,446.20275,446.17625888888887,-0.02649111111111324,-0.26140444444445293,0.1711133333333363,4.4620275,0.892738400944348,1.0,equivalent
capacity,q0.90,verdict,v2rl306,v2rl302,baseline_best,policy-vs-policy,180,180,446.20275,446.5957855555555,0.39303555555555425,-0.23424888888889656,1.4355777777777816,4.4620275,1.0,1.0,equivalent
capacity,q0.90,verdict,v2rl307,v2rl302,baseline_best,policy-vs-policy,180,180,446.20275,446.20065,-0.0021000000000003165,-0.2172355555555625,0.1617842777777811,4.4620275,0.6120898800892568,1.0,equivalent
capacity,q0.90,verdict,v2rl308,v2rl302,baseline_best,policy-vs-policy,180,180,446.20275,446.27958555555546,0.07683555555555459,-0.20555555555556065,0.3821832222222281,4.4620275,0.6001794871405538,1.0,equivalent
capacity,q0.90,verdict,v2rl309,v2rl302,baseline_best,policy-vs-policy,180,180,446.20275,446.4568255555555,0.2540755555555552,-0.13333333333333838,0.7606523333333368,4.4620275,0.17629637444051116,1.0,equivalent
capacity,q0.90,verdict,v2rl310,v2rl302,baseline_best,policy-vs-policy,180,180,446.20275,446.18442444444446,-0.018325555555555754,-0.2515700000000079,0.16818136111111717,4.4620275,0.8657723749926214,1.0,equivalent
capacity,q0.90,campus1,edd,atc,baseline_best,rule-vs-rule,30,30,80.41734666666666,80.41734666666666,0.0,0.0,0.0,1.0,1.0,1.0,equivalent
capacity,q0.90,campus1,pfifo,atc,baseline_best,rule-vs-rule,30,30,80.41734666666666,80.41734666666666,0.0,0.0,0.0,1.0,1.0,1.0,equivalent
capacity,q0.90,campus1,wspt,atc,baseline_best,rule-vs-rule,30,30,80.41734666666666,81.58550666666666,1.16816,0.0,2.937106666666667,1.0,0.17971249487899976,1.0,inconclusive
capacity,q0.90,campus1,wmdd,atc,baseline_best,rule-vs-rule,30,30,80.41734666666666,80.41734666666666,0.0,0.0,0.0,1.0,1.0,1.0,equivalent
capacity,q0.90,campus1,lpt,atc,baseline_best,rule-vs-rule,30,30,80.41734666666666,80.41734666666666,0.0,0.0,0.0,1.0,1.0,1.0,equivalent
capacity,q0.90,campus1,random,atc,baseline_best,rule-vs-rule,30,30,80.41734666666666,80.88776,0.47041333333333457,0.0,1.4074933333333357,1.0,0.17971249487899976,1.0,inconclusive
capacity,q0.90,campus1,v2rl301,atc,baseline_best,policy-vs-rule,30,30,80.41734666666666,80.41734666666666,0.0,0.0,0.0,1.0,1.0,1.0,equivalent
capacity,q0.90,campus1,v2rl302,atc,baseline_best,policy-vs-rule,30,30,80.41734666666666,80.41734666666666,0.0,0.0,0.0,1.0,1.0,1.0,equivalent
capacity,q0.90,campus1,v2rl303,atc,baseline_best,policy-vs-rule,30,30,80.41734666666666,80.41734666666666,0.0,0.0,0.0,1.0,1.0,1.0,equivalent
capacity,q0.90,campus1,v2rl304,atc,baseline_best,policy-vs-rule,30,30,80.41734666666666,80.41734666666666,0.0,0.0,0.0,1.0,1.0,1.0,equivalent
capacity,q0.90,campus1,v2rl305,atc,baseline_best,policy-vs-rule,30,30,80.41734666666666,80.41734666666666,0.0,0.0,0.0,1.0,1.0,1.0,equivalent
capacity,q0.90,campus1,v2rl306,atc,baseline_best,policy-vs-rule,30,30,80.41734666666666,80.41734666666666,0.0,0.0,0.0,1.0,1.0,1.0,equivalent
capacity,q0.90,campus1,v2rl307,atc,baseline_best,policy-vs-rule,30,30,80.41734666666666,80.41734666666666,0.0,0.0,0.0,1.0,1.0,1.0,equivalent
capacity,q0.90,campus1,v2rl308,atc,baseline_best,policy-vs-rule,30,30,80.41734666666666,80.41734666666666,0.0,0.0,0.0,1.0,1.0,1.0,equivalent
capacity,q0.90,campus1,v2rl309,atc,baseline_best,policy-vs-rule,30,30,80.41734666666666,80.41734666666666,0.0,0.0,0.0,1.0,1.0,1.0,equivalent
capacity,q0.90,campus1,v2rl310,atc,baseline_best,policy-vs-rule,30,30,80.41734666666666,80.41734666666666,0.0,0.0,0.0,1.0,1.0,1.0,equivalent
capacity,q0.90,campus2,edd,wmdd,baseline_best,rule-vs-rule,17,17,1417.143705882353,1770.1799882352943,353.03628235294116,58.715734117647116,744.2661226470588,14.17143705882353,0.30028987962532416,0.6005797592506483,worse
capacity,q0.90,campus2,pfifo,wmdd,baseline_best,rule-vs-rule,17,17,1417.143705882353,1770.1799882352943,353.03628235294116,63.08099529411769,751.6619867647057,14.17143705882353,0.30028987962532416,0.6005797592506483,worse
capacity,q0.90,campus2,wspt,wmdd,baseline_best,rule-vs-rule,17,17,1417.143705882353,1519.5474,102.40369411764696,50.69211176470574,164.51946823529397,14.17143705882353,0.001887179308509098,0.007548717234036392,worse
capacity,q0.90,campus2,atc,wmdd,baseline_best,rule-vs-rule,17,17,1417.143705882353,1480.3090470588236,63.16534117647058,26.083494705882273,106.18869647058827,14.17143705882353,0.002610776740525937,0.00783233022157781,worse
capacity,q0.90,campus2,lpt,wmdd,baseline_best,rule-vs-rule,17,17,1417.143705882353,4148.89562352941,2731.7519176470582,1324.6407497058824,4392.230829411762,14.17143705882353,0.0008052762369668134,0.00483165742180088,worse
capacity,q0.90,campus2,random,wmdd,baseline_best,rule-vs-rule,17,17,1417.143705882353,2333.274188235295,916.1304823529413,396.314399117647,1538.670777058823,14.17143705882353,0.0012250235420688657,0.006125117710344329,worse
capacity,q0.90,campus2,v2rl301,wmdd,baseline_best,policy-vs-rule,17,17,1417.143705882353,2976.1731647058823,1559.0294588235292,684.3810011764705,2560.669355,14.17143705882353,0.010593539088689496,0.06356123453213697,worse
capacity,q0.90,campus2,v2rl302,wmdd,baseline_best,policy-vs-rule,17,17,1417.143705882353,2029.8562823529414,612.7125764705884,171.53880470588243,1171.126637647059,14.17143705882353,0.010593539088689496,0.06356123453213697,worse
capacity,q0.90,campus2,v2rl303,wmdd,baseline_best,policy-vs-rule,17,17,1417.143705882353,3341.8832941176474,1924.739588235294,916.9696820588232,3121.280335294117,14.17143705882353,0.004514052854917141,0.04514052854917141,worse
capacity,q0.90,campus2,v2rl304,wmdd,baseline_best,policy-vs-rule,17,17,1417.143705882353,1894.377917647059,477.23421176470583,157.13483352941188,856.9971944117647,14.17143705882353,0.023095732617466558,0.06928719785239967,worse
capacity,q0.90,campus2,v2rl305,wmdd,baseline_best,policy-vs-rule,17,17,1417.143705882353,2760.573058823529,1343.4293529411764,532.9347188235295,2236.7770688235296,14.17143705882353,0.010593539088689496,0.06356123453213697,worse
capacity,q0.90,campus2,v2rl306,wmdd,baseline_best,policy-vs-rule,17,17,1417.143705882353,3187.3075411764707,1770.1638352941175,735.5349247058822,2986.9832602941165,14.17143705882353,0.004514052854917141,0.04514052854917141,worse
capacity,q0.90,campus2,v2rl307,wmdd,baseline_best,policy-vs-rule,17,17,1417.143705882353,2886.4930352941174,1469.3493294117643,639.0354008823529,2398.799902352941,14.17143705882353,0.008984997655215593,0.06289498358650915,worse
capacity,q0.90,campus2,v2rl308,wmdd,baseline_best,policy-vs-rule,17,17,1417.143705882353,2005.1070000000002,587.9632941176469,169.48813382352944,1099.7773926470577,14.17143705882353,0.02675655362446764,0.06928719785239967,worse
capacity,q0.90,campus2,v2rl309,wmdd,baseline_best,policy-vs-rule,17,17,1417.143705882353,1874.7351764705882,457.5914705882352,159.6519723529412,818.6965749999999,14.17143705882353,0.005385665016640753,0.04514052854917141,worse
capacity,q0.90,campus2,v2rl310,wmdd,baseline_best,policy-vs-rule,17,17,1417.143705882353,1752.2541058823529,335.1103999999999,73.38431911764697,678.1018599999994,14.17143705882353,0.08840247992639415,0.08840247992639415,worse
capacity,q0.75,verdict,edd,v2rl302,baseline_best,rule-vs-policy,180,180,456.4452177777777,462.1728811111112,5.7276633333333296,-0.07614388888889087,14.358786944444438,4.564452177777778,0.04565545422004828,0.13696636266014484,inconclusive
capacity,q0.75,verdict,pfifo,v2rl302,baseline_best,rule-vs-policy,180,180,456.4452177777777,462.1728811111112,5.7276633333333296,-0.09525841666666729,14.544616277777774,4.564452177777778,0.04565545422004828,0.13696636266014484,inconclusive
capacity,q0.75,verdict,wspt,v2rl302,baseline_best,rule-vs-policy,180,180,456.4452177777777,462.05569222222215,5.610474444444442,2.860253666666669,8.729525444444445,4.564452177777778,1.5628064586558252e-07,9.376838751934951e-07,inconclusive
capacity,q0.75,verdict,atc,v2rl302,baseline_best,rule-vs-policy,180,180,456.4452177777777,457.55915666666664,1.113938888888887,-2.143813472222223,3.8960558055555525,4.564452177777778,0.1250878767710085,0.13696636266014484,equivalent
capacity,q0.75,verdict,wmdd,v2rl302,baseline_best,rule-vs-policy,180,180,456.4452177777777,458.1362966666667,1.6910788888888886,0.04851011111111155,3.4047606666666663,4.564452177777778,0.020662285460960016,0.08264914184384006,equivalent
capacity,q0.75,verdict,lpt,v2rl302,baseline_best,rule-vs-policy,180,180,456.4452177777777,489.48092999999994,33.035712222222216,13.201858388888885,58.249277194444424,4.564452177777778,5.601761882966655e-06,2.8008809414833274e-05,worse
capacity,q0.75,verdict,random,v2rl302,baseline_best,rule-vs-policy,180,180,456.4452177777777,473.20494444444444,16.759726666666666,6.269489611111107,34.11087911111109,4.564452177777778,9.415170221401418e-08,6.590619154980992e-07,worse
capacity,q0.75,verdict,v2rl301,v2rl302,baseline_best,policy-vs-policy,180,180,456.4452177777777,464.5627722222221,8.11755444444444,-1.5311900555555567,24.468730333333326,4.564452177777778,0.09289194088370532,0.506276655563763,inconclusive
capacity,q0.75,verdict,v2rl303,v2rl302,baseline_best,policy-vs-policy,180,180,456.4452177777777,456.91788888888897,0.472671111111111,-0.03992033333333127,1.2876782222222225,4.564452177777778,0.13941397332153205,0.5576558932861282,equivalent
capacity,q0.75,verdict,v2rl304,v2rl302,baseline_best,policy-vs-policy,180,180,456.4452177777777,456.6749055555554,0.22968777777777372,-0.8486268611111131,1.0920282222222186,4.564452177777778,0.15781136896845493,0.5576558932861282,equivalent
capacity,q0.75,verdict,v2rl305,v2rl302,baseline_best,policy-vs-policy,180,180,456.4452177777777,465.5359666666667,9.090748888888886,0.052919833333333534,24.732909611111097,4.564452177777778,0.03665792867221451,0.2566055007055016,inconclusive
capacity,q0.75,verdict,v2rl306,v2rl302,baseline_best,policy-vs-policy,180,180,456.4452177777777,466.344631111111,9.899413333333333,0.6618464444444468,25.464993333333332,4.564452177777778,0.007685794055213263,0.0614863524417061,inconclusive
capacity,q0.75,verdict,v2rl307,v2rl302,baseline_best,policy-vs-policy,180,180,456.4452177777777,465.4856488888888,9.04043111111111,0.05238277777777691,24.956028499999988,4.564452177777778,0.08437944259396049,0.506276655563763,inconclusive
capacity,q0.75,verdict,v2rl308,v2rl302,baseline_best,policy-vs-policy,180,180,456.4452177777777,458.37646222222224,1.9312444444444412,-0.7475475555555544,6.363798999999987,4.564452177777778,0.1960509634811064,0.5576558932861282,inconclusive
capacity,q0.75,verdict,v2rl309,v2rl302,baseline_best,policy-vs-policy,180,180,456.4452177777777,466.62907333333334,10.183855555555551,0.5343801111111082,27.251341249999964,4.564452177777778,0.0064899700076656245,0.05840973006899062,inconclusive
capacity,q0.75,verdict,v2rl310,v2rl302,baseline_best,policy-vs-policy,180,180,456.4452177777777,456.3031544444445,-0.1420633333333365,-1.078351277777782,0.4873269999999939,4.564452177777778,0.27172613308032645,0.5576558932861282,equivalent
capacity,q0.75,campus1,edd,atc,baseline_best,rule-vs-rule,30,30,80.47793333333333,80.47793333333333,0.0,0.0,0.0,1.0,1.0,1.0,equivalent
capacity,q0.75,campus1,pfifo,atc,baseline_best,rule-vs-rule,30,30,80.47793333333333,80.47793333333333,0.0,0.0,0.0,1.0,1.0,1.0,equivalent
capacity,q0.75,campus1,wspt,atc,baseline_best,rule-vs-rule,30,30,80.47793333333333,82.63201333333333,2.1540799999999987,-0.0005866666666667204,5.139987999999996,1.0,0.14412703481601533,0.864762208896092,inconclusive
capacity,q0.75,campus1,wmdd,atc,baseline_best,rule-vs-rule,30,30,80.47793333333333,80.47793333333333,0.0,0.0,0.0,1.0,1.0,1.0,equivalent
capacity,q0.75,campus1,lpt,atc,baseline_best,rule-vs-rule,30,30,80.47793333333333,81.11370666666667,0.6357733333333333,0.0,1.90732,1.0,0.31731050786291415,1.0,inconclusive
capacity,q0.75,campus1,random,atc,baseline_best,rule-vs-rule,30,30,80.47793333333333,81.39338666666666,0.9154533333333333,-0.0011733333333334409,2.4142,1.0,0.28504940740261275,1.0,inconclusive
capacity,q0.75,campus1,v2rl301,atc,baseline_best,policy-vs-rule,30,30,80.47793333333333,80.54459999999999,0.06666666666666667,0.0,0.2,1.0,0.31731050786291415,1.0,equivalent
capacity,q0.75,campus1,v2rl302,atc,baseline_best,policy-vs-rule,30,30,80.47793333333333,80.54459999999999,0.06666666666666667,0.0,0.2,1.0,0.31731050786291415,1.0,equivalent
capacity,q0.75,campus1,v2rl303,atc,baseline_best,policy-vs-rule,30,30,80.47793333333333,80.54459999999999,0.06666666666666667,0.0,0.2,1.0,0.31731050786291415,1.0,equivalent
capacity,q0.75,campus1,v2rl304,atc,baseline_best,policy-vs-rule,30,30,80.47793333333333,80.47734666666665,-0.0005866666666667204,-0.0017600000000001614,0.0,1.0,0.31731050786291415,1.0,equivalent
capacity,q0.75,campus1,v2rl305,atc,baseline_best,policy-vs-rule,30,30,80.47793333333333,80.54459999999999,0.06666666666666667,0.0,0.2,1.0,0.31731050786291415,1.0,equivalent
capacity,q0.75,campus1,v2rl306,atc,baseline_best,policy-vs-rule,30,30,80.47793333333333,80.54459999999999,0.06666666666666667,0.0,0.2,1.0,0.31731050786291415,1.0,equivalent
capacity,q0.75,campus1,v2rl307,atc,baseline_best,policy-vs-rule,30,30,80.47793333333333,80.47793333333333,0.0,0.0,0.0,1.0,1.0,1.0,equivalent
capacity,q0.75,campus1,v2rl308,atc,baseline_best,policy-vs-rule,30,30,80.47793333333333,80.47793333333333,0.0,0.0,0.0,1.0,1.0,1.0,equivalent
capacity,q0.75,campus1,v2rl309,atc,baseline_best,policy-vs-rule,30,30,80.47793333333333,80.63955999999999,0.1616266666666656,0.0,0.4436533333333301,1.0,0.17971249487899976,1.0,equivalent
capacity,q0.75,campus1,v2rl310,atc,baseline_best,policy-vs-rule,30,30,80.47793333333333,80.47734666666665,-0.0005866666666667204,-0.0017600000000001614,0.0,1.0,0.31731050786291415,1.0,equivalent
capacity,q0.75,campus2,edd,wmdd,baseline_best,rule-vs-rule,17,17,2954.9877764705884,5629.988752941176,2675.0009764705883,1178.1798185294112,4284.019195588234,29.549877764705883,0.0055694580078125,0.02227783203125,worse
capacity,q0.75,campus2,pfifo,wmdd,baseline_best,rule-vs-rule,17,17,2954.9877764705884,5620.576094117649,2665.5883176470593,1206.6016655882354,4246.9870949999995,29.549877764705883,0.0055694580078125,0.02227783203125,worse
capacity,q0.75,campus2,wspt,wmdd,baseline_best,rule-vs-rule,17,17,2954.9877764705884,2966.21115882353,11.223382352940876,-476.2060255882356,323.05118558823455,29.549877764705883,0.03400102540139365,0.0680020508027873,inconclusive
capacity,q0.75,campus2,atc,wmdd,baseline_best,rule-vs-rule,17,17,2954.9877764705884,2830.0547470588235,-124.93302941176498,-590.021125882353,156.81570617647,29.549877764705883,0.1476602555616499,0.1476602555616499,inconclusive
capacity,q0.75,campus2,lpt,wmdd,baseline_best,rule-vs-rule,17,17,2954.9877764705884,15682.74981764706,12727.76204117647,7543.360393235295,18429.330602941172,29.549877764705883,1.52587890625e-05,9.1552734375e-05,worse
capacity,q0.75,campus2,random,wmdd,baseline_best,rule-vs-rule,17,17,2954.9877764705884,7278.248682352942,4323.260905882353,2555.869030882353,6193.521094411764,29.549877764705883,1.52587890625e-05,9.1552734375e-05,worse
capacity,q0.75,campus2,v2rl301,wmdd,baseline_best,policy-vs-rule,17,17,2954.9877764705884,10863.264976470587,7908.277200000001,3988.510647352942,12192.759522794118,29.549877764705883,7.62939453125e-05,0.0006866455078125,worse
capacity,q0.75,campus2,v2rl302,wmdd,baseline_best,policy-vs-rule,17,17,2954.9877764705884,7316.84028235294,4361.852505882352,1800.2468182352943,7289.533047058823,29.549877764705883,0.0005035400390625,0.00201416015625,worse
capacity,q0.75,campus2,v2rl303,wmdd,baseline_best,policy-vs-rule,17,17,2954.9877764705884,11499.530270588237,8544.542494117646,4468.947899411765,13126.586838235295,29.549877764705883,3.0517578125e-05,0.00030517578125,worse
capacity,q0.75,campus2,v2rl304,wmdd,baseline_best,policy-vs-rule,17,17,2954.9877764705884,5326.375029411765,2371.3872529411774,975.9745542647066,3955.6418100000005,29.549877764705883,0.004638671875,0.0076904296875,worse
capacity,q0.75,campus2,v2rl305,wmdd,baseline_best,policy-vs-rule,17,17,2954.9877764705884,10241.060952941178,7286.073176470588,3594.2543773529414,11315.933350588233,29.549877764705883,7.62939453125e-05,0.0006866455078125,worse
capacity,q0.75,campus2,v2rl306,wmdd,baseline_best,policy-vs-rule,17,17,2954.9877764705884,11554.096964705885,8599.109188235294,4448.555602647059,13362.958500294118,29.549877764705883,7.62939453125e-05,0.0006866455078125,worse
capacity,q0.75,campus2,v2rl307,wmdd,baseline_best,policy-vs-rule,17,17,2954.9877764705884,10134.585158823531,7179.597382352941,3752.693662058825,10937.582271323528,29.549877764705883,7.62939453125e-05,0.0006866455078125,worse
capacity,q0.75,campus2,v2rl308,wmdd,baseline_best,policy-vs-rule,17,17,2954.9877764705884,4722.222311764706,1767.2345352941172,895.4518276470588,2710.653181176469,29.549877764705883,0.001068115234375,0.003204345703125,worse
capacity,q0.75,campus2,v2rl309,wmdd,baseline_best,policy-vs-rule,17,17,2954.9877764705884,5068.351305882352,2113.3635294117644,1039.4208389705882,3327.8348960294097,29.549877764705883,0.0003814697265625,0.0019073486328125,worse
capacity,q0.75,campus2,v2rl310,wmdd,baseline_best,policy-vs-rule,17,17,2954.9877764705884,4427.082776470588,1472.095,541.5280570588236,2548.28984235294,29.549877764705883,0.00384521484375,0.0076904296875,worse
backdate,baseline,verdict,edd,v2rl302,baseline_best,rule-vs-policy,180,180,444.6810166666667,444.8689277777778,0.1879111111111126,0.025574722222222537,0.4071113333333371,4.446810166666667,0.03546586462402558,0.07093172924805116,equivalent
backdate,baseline,verdict,pfifo,v2rl302,baseline_best,rule-vs-policy,180,180,444.6810166666667,444.8689277777778,0.1879111111111126,0.025503777777777785,0.4068177222222287,4.446810166666667,0.03546586462402558,0.07093172924805116,equivalent
backdate,baseline,verdict,wspt,v2rl302,baseline_best,rule-vs-policy,180,180,444.6810166666667,446.6459477777778,1.9649311111111145,0.8878640555555551,3.2892973888888952,4.446810166666667,1.7564851371585654e-05,0.00012295395960109956,equivalent
backdate,baseline,verdict,atc,v2rl302,baseline_best,rule-vs-policy,180,180,444.6810166666667,445.5551500000001,0.8741333333333341,0.2509398888888883,1.655044888888889,4.446810166666667,0.012792160247732852,0.05116864099093141,equivalent
backdate,baseline,verdict,wmdd,v2rl302,baseline_best,rule-vs-policy,180,180,444.6810166666667,445.3319900000001,0.6509733333333377,0.16384055555555552,1.2492974444444487,4.446810166666667,0.020879263166351643,0.06263778949905494,equivalent
backdate,baseline,verdict,lpt,v2rl302,baseline_best,rule-vs-policy,180,180,444.6810166666667,445.5785988888889,0.8975822222222226,0.07514666666666726,2.4087245555555596,4.446810166666667,0.007685794055213263,0.038428970276066315,equivalent
backdate,baseline,verdict,random,v2rl302,baseline_best,rule-vs-policy,180,180,444.6810166666667,446.3160666666667,1.6350499999999972,0.5718339722222198,3.091243027777777,4.446810166666667,0.0001318338889828333,0.0007910033338969998,equivalent
backdate,baseline,verdict,v2rl301,v2rl302,baseline_best,policy-vs-policy,180,180,444.6810166666667,444.75599888888894,0.07498222222222037,0.013888888888888888,0.15765444444444313,4.446810166666667,0.043114446783075355,0.3880300210476782,equivalent
backdate,baseline,verdict,v2rl303,v2rl302,baseline_best,policy-vs-policy,180,180,444.6810166666667,444.73146333333335,0.05044666666666823,0.0,0.1297066666666726,4.446810166666667,0.10880943004054568,0.4352377201621827,equivalent
backdate,baseline,verdict,v2rl304,v2rl302,baseline_best,policy-vs-policy,180,180,444.6810166666667,444.7625444444445,0.08152777777777974,-0.002406666666666663,0.19565083333333722,4.446810166666667,0.14412703481601533,0.4352377201621827,equivalent
backdate,baseline,verdict,v2rl305,v2rl302,baseline_best,policy-vs-policy,180,180,444.6810166666667,444.76037666666673,0.07935999999999695,0.011111111111111112,0.1811377777777731,4.446810166666667,0.043114446783075355,0.3880300210476782,equivalent
backdate,baseline,verdict,v2rl306,v2rl302,baseline_best,policy-vs-policy,180,180,444.6810166666667,444.85855888888887,0.17754222222222324,0.007160000000000208,0.4840222222222249,4.446810166666667,0.06788915486182899,0.3880300210476782,equivalent
backdate,baseline,verdict,v2rl307,v2rl302,baseline_best,policy-vs-policy,180,180,444.6810166666667,444.7699366666667,0.08892000000000182,0.014346666666668284,0.1844848888888913,4.446810166666667,0.046399461870904594,0.3880300210476782,equivalent
backdate,baseline,verdict,v2rl308,v2rl302,baseline_best,policy-vs-policy,180,180,444.6810166666667,444.70772111111114,0.026704444444443552,0.0,0.06570666666666258,4.446810166666667,0.10880943004054568,0.4352377201621827,equivalent
backdate,baseline,verdict,v2rl309,v2rl302,baseline_best,policy-vs-policy,180,180,444.6810166666667,444.95305222222225,0.27203555555555725,0.022222222222222223,0.6309955555555606,4.446810166666667,0.043114446783075355,0.3880300210476782,equivalent
backdate,baseline,verdict,v2rl310,v2rl302,baseline_best,policy-vs-policy,180,180,444.6810166666667,444.7120755555556,0.031058888888890836,-0.003246666666665574,0.08191333333333752,4.446810166666667,0.27332167829229814,0.4352377201621827,equivalent
backdate,baseline,campus1,edd,atc,baseline_best,rule-vs-rule,30,30,80.41734666666666,80.41734666666666,0.0,0.0,0.0,1.0,1.0,1.0,equivalent
backdate,baseline,campus1,pfifo,atc,baseline_best,rule-vs-rule,30,30,80.41734666666666,80.41734666666666,0.0,0.0,0.0,1.0,1.0,1.0,equivalent
backdate,baseline,campus1,wspt,atc,baseline_best,rule-vs-rule,30,30,80.41734666666666,81.29713333333332,0.8797866666666664,0.0,2.292906666666666,1.0,0.17971249487899976,1.0,inconclusive
backdate,baseline,campus1,wmdd,atc,baseline_best,rule-vs-rule,30,30,80.41734666666666,80.41734666666666,0.0,0.0,0.0,1.0,1.0,1.0,equivalent
backdate,baseline,campus1,lpt,atc,baseline_best,rule-vs-rule,30,30,80.41734666666666,80.41734666666666,0.0,0.0,0.0,1.0,1.0,1.0,equivalent
backdate,baseline,campus1,random,atc,baseline_best,rule-vs-rule,30,30,80.41734666666666,81.12109333333335,0.7037466666666667,0.0,1.7748666666666664,1.0,0.17971249487899976,1.0,inconclusive
backdate,baseline,campus1,v2rl301,atc,baseline_best,policy-vs-rule,30,30,80.41734666666666,80.41734666666666,0.0,0.0,0.0,1.0,1.0,1.0,equivalent
backdate,baseline,campus1,v2rl302,atc,baseline_best,policy-vs-rule,30,30,80.41734666666666,80.41734666666666,0.0,0.0,0.0,1.0,1.0,1.0,equivalent
backdate,baseline,campus1,v2rl303,atc,baseline_best,policy-vs-rule,30,30,80.41734666666666,80.41734666666666,0.0,0.0,0.0,1.0,1.0,1.0,equivalent
backdate,baseline,campus1,v2rl304,atc,baseline_best,policy-vs-rule,30,30,80.41734666666666,80.41734666666666,0.0,0.0,0.0,1.0,1.0,1.0,equivalent
backdate,baseline,campus1,v2rl305,atc,baseline_best,policy-vs-rule,30,30,80.41734666666666,80.41734666666666,0.0,0.0,0.0,1.0,1.0,1.0,equivalent
backdate,baseline,campus1,v2rl306,atc,baseline_best,policy-vs-rule,30,30,80.41734666666666,80.41734666666666,0.0,0.0,0.0,1.0,1.0,1.0,equivalent
backdate,baseline,campus1,v2rl307,atc,baseline_best,policy-vs-rule,30,30,80.41734666666666,80.41734666666666,0.0,0.0,0.0,1.0,1.0,1.0,equivalent
backdate,baseline,campus1,v2rl308,atc,baseline_best,policy-vs-rule,30,30,80.41734666666666,80.41734666666666,0.0,0.0,0.0,1.0,1.0,1.0,equivalent
backdate,baseline,campus1,v2rl309,atc,baseline_best,policy-vs-rule,30,30,80.41734666666666,80.41734666666666,0.0,0.0,0.0,1.0,1.0,1.0,equivalent
backdate,baseline,campus1,v2rl310,atc,baseline_best,policy-vs-rule,30,30,80.41734666666666,80.41734666666666,0.0,0.0,0.0,1.0,1.0,1.0,equivalent
backdate,baseline,campus2,edd,wmdd,baseline_best,rule-vs-rule,17,17,1218.2288470588235,1311.322141176471,93.09329411764713,-16.080898529411773,241.62539264705882,12.182288470588235,0.8588630128278887,1.0,inconclusive
backdate,baseline,campus2,pfifo,wmdd,baseline_best,rule-vs-rule,17,17,1218.2288470588235,1311.322141176471,93.09329411764713,-17.152174117647075,243.8366014705883,12.182288470588235,0.8588630128278887,1.0,inconclusive
backdate,baseline,campus2,wspt,wmdd,baseline_best,rule-vs-rule,17,17,1218.2288470588235,1291.2388588235294,73.01001176470588,35.82570205882346,116.20650029411762,12.182288470588235,0.0014737808438751421,0.008842685063250852,worse
backdate,baseline,campus2,atc,wmdd,baseline_best,rule-vs-rule,17,17,1218.2288470588235,1252.115717647059,33.88687058823534,12.381511764705891,59.91621058823537,12.182288470588235,0.004741768038406972,0.014225304115220917,worse
backdate,baseline,campus2,lpt,wmdd,baseline_best,rule-vs-rule,17,17,1218.2288470588235,2615.1118352941176,1396.8829882352936,669.9937747058823,2234.6120217647044,12.182288470588235,0.0018714329102470324,0.009357164551235163,worse
backdate,baseline,campus2,random,wmdd,baseline_best,rule-vs-rule,17,17,1218.2288470588235,1636.0305647058824,417.80171764705887,211.7449555882353,665.8938135294119,12.182288470588235,0.0018714329102470324,0.009357164551235163,worse
backdate,baseline,campus2,v2rl301,wmdd,baseline_best,policy-vs-rule,17,17,1218.2288470588235,1851.2520352941176,633.0231882352942,223.4623270588236,1132.553999117647,12.182288470588235,0.012063323418854825,0.08444326393198377,worse
backdate,baseline,campus2,v2rl302,wmdd,baseline_best,policy-vs-rule,17,17,1218.2288470588235,1420.4514,202.22255294117647,70.07362264705876,363.9202052941173,12.182288470588235,0.012063323418854825,0.08444326393198377,worse
backdate,baseline,campus2,v2rl303,wmdd,baseline_best,policy-vs-rule,17,17,1218.2288470588235,2171.692823529412,953.4639764705884,457.66471735294124,1511.3058355882356,12.182288470588235,0.0028734139278525227,0.028734139278525226,worse
backdate,baseline,campus2,v2rl304,wmdd,baseline_best,policy-vs-rule,17,17,1218.2288470588235,1447.724082352941,229.49523529411763,31.0483576470588,513.3193561764704,12.182288470588235,0.08437944259396049,0.2531383277818815,worse
backdate,baseline,campus2,v2rl305,wmdd,baseline_best,policy-vs-rule,17,17,1218.2288470588235,1720.644105882353,502.4152588235294,186.17393441176475,914.7654649999996,12.182288470588235,0.004741768038406972,0.04267591234566275,worse
backdate,baseline,campus2,v2rl306,wmdd,baseline_best,policy-vs-rule,17,17,1218.2288470588235,1863.508082352941,645.2792352941175,262.08669852941176,1108.90796617647,12.182288470588235,0.004741768038406972,0.04267591234566275,worse
backdate,baseline,campus2,v2rl307,wmdd,baseline_best,policy-vs-rule,17,17,1218.2288470588235,1751.246494117647,533.0176470588236,192.9483944117648,970.9691664705879,12.182288470588235,0.012063323418854825,0.08444326393198377,worse
backdate,baseline,campus2,v2rl308,wmdd,baseline_best,policy-vs-rule,17,17,1218.2288470588235,1494.214529411765,275.98568235294124,18.87960441176477,677.2615014705877,12.182288470588235,0.13609738111439368,0.27219476222878736,worse
backdate,baseline,campus2,v2rl309,wmdd,baseline_best,policy-vs-rule,17,17,1218.2288470588235,1453.0060823529411,234.7772352941176,56.76802558823525,518.9938041176464,12.182288470588235,0.012063323418854825,0.08444326393198377,worse
backdate,baseline,campus2,v2rl310,wmdd,baseline_best,policy-vs-rule,17,17,1218.2288470588235,1324.8887411764708,106.65989411764711,8.770644117647052,227.09201000000022,12.182288470588235,0.15793931050013033,0.27219476222878736,inconclusive
backdate,backdate,verdict,edd,v2rl302,baseline_best,rule-vs-policy,180,180,444.9404688888889,444.9324644444444,-0.008004444444451843,-0.14510955555555627,0.1702492222222222,4.449404688888889,0.3139380937749148,0.6278761875498295,equivalent
backdate,backdate,verdict,pfifo,v2rl302,baseline_best,rule-vs-policy,180,180,444.9404688888889,444.9324644444444,-0.008004444444451843,-0.1454444444444462,0.16847555555554045,4.449404688888889,0.3139380937749148,0.6278761875498295,equivalent
backdate,backdate,verdict,wspt,v2rl302,baseline_best,rule-vs-policy,180,180,444.9404688888889,448.1772777777778,3.2368088888888806,1.1187353333333319,6.355460888888863,4.449404688888889,4.558449232418947e-06,3.190914462693263e-05,inconclusive
backdate,backdate,verdict,atc,v2rl302,baseline_best,rule-vs-policy,180,180,444.9404688888889,445.7677444444445,0.8272755555555471,0.11131966666666497,1.7860451111110855,4.449404688888889,0.06891976765616574,0.2602017244121913,equivalent
backdate,backdate,verdict,wmdd,v2rl302,baseline_best,rule-vs-policy,180,180,444.9404688888889,445.38802,0.44755111111110496,0.06077011111111123,0.955271666666653,4.449404688888889,0.06505043110304783,0.2602017244121913,equivalent
backdate,backdate,verdict,lpt,v2rl302,baseline_best,rule-vs-policy,180,180,444.9404688888889,448.97781555555565,4.037346666666669,0.4836151111111117,9.63584055555556,4.449404688888889,0.02506184434388362,0.1253092217194181,inconclusive
backdate,backdate,verdict,random,v2rl302,baseline_best,rule-vs-policy,180,180,444.9404688888889,447.88117555555556,2.9407066666666575,0.5885549999999986,6.27143399999997,4.449404688888889,0.00017594418851230972,0.0010556651310738583,inconclusive
backdate,backdate,verdict,v2rl301,v2rl302,baseline_best,policy-vs-policy,180,180,444.9404688888889,445.00143333333335,0.060964444444444627,-0.08333333333333333,0.2884488888888894,4.449404688888889,0.7504854193424544,1.0,equivalent
backdate,backdate,verdict,v2rl303,v2rl302,baseline_best,policy-vs-policy,180,180,444.9404688888889,445.20240222222225,0.26193333333333346,-0.004733333333333197,0.7127555555555558,4.449404688888889,0.14412703481601533,1.0,equivalent
backdate,backdate,verdict,v2rl304,v2rl302,baseline_best,policy-vs-policy,180,180,444.9404688888889,444.98491333333334,0.044444444444444446,-0.07222222222222222,0.18888888888888888,4.449404688888889,0.4982248534183389,1.0,equivalent
backdate,backdate,verdict,v2rl305,v2rl302,baseline_best,policy-vs-policy,180,180,444.9404688888889,444.99602444444446,0.05555555555555555,0.0,0.15555555555555556,4.449404688888889,0.17971249487899976,1.0,equivalent
backdate,backdate,verdict,v2rl306,v2rl302,baseline_best,policy-vs-policy,180,180,444.9404688888889,445.0569888888889,0.11652000000000018,-0.011111111111111112,0.35511555555555613,4.449404688888889,0.28504940740261275,1.0,equivalent
backdate,backdate,verdict,v2rl307,v2rl302,baseline_best,policy-vs-policy,180,180,444.9404688888889,444.9597977777778,0.019328888888888212,-0.07516188888889025,0.13497777777777806,4.449404688888889,0.7348605992017886,1.0,equivalent
backdate,backdate,verdict,v2rl308,v2rl302,baseline_best,policy-vs-policy,180,180,444.9404688888889,444.9443755555556,0.003906666666666246,-0.10952444444444483,0.13288444444444344,4.449404688888889,0.9162824413291019,1.0,equivalent
backdate,backdate,verdict,v2rl309,v2rl302,baseline_best,policy-vs-policy,180,180,444.9404688888889,445.1422466666667,0.20177777777777775,-0.027827777777777733,0.6313333333333333,4.449404688888889,0.4652088184521418,1.0,equivalent
backdate,backdate,verdict,v2rl310,v2rl302,baseline_best,policy-vs-policy,180,180,444.9404688888889,444.9404688888889,0.0,-0.03333333333333333,0.03333333333333333,4.449404688888889,1.0,1.0,equivalent
backdate,backdate,campus1,edd,atc,baseline_best,rule-vs-rule,30,30,80.69160000000001,80.47148,-0.22012,-0.8,0.13964,1.0,0.6547208460185769,1.0,equivalent
backdate,backdate,campus1,pfifo,atc,baseline_best,rule-vs-rule,30,30,80.69160000000001,80.47148,-0.22012,-0.8,0.13964,1.0,0.6547208460185769,1.0,equivalent
backdate,backdate,campus1,wspt,atc,baseline_best,rule-vs-rule,30,30,80.69160000000001,81.02493333333334,0.3333333333333333,-0.26666666666666666,1.0666666666666667,1.0,0.28504940740261275,1.0,inconclusive
backdate,backdate,campus1,wmdd,atc,baseline_best,rule-vs-rule,30,30,80.69160000000001,80.60481333333334,-0.08678666666666666,-0.4,0.13964,1.0,0.6547208460185769,1.0,equivalent
backdate,backdate,campus1,lpt,atc,baseline_best,rule-vs-rule,30,30,80.69160000000001,80.47148,-0.22012,-0.8,0.13964,1.0,0.6547208460185769,1.0,equivalent
backdate,backdate,campus1,random,atc,baseline_best,rule-vs-rule,30,30,80.69160000000001,80.60481333333334,-0.08678666666666666,-0.4,0.13964,1.0,0.6547208460185769,1.0,equivalent
backdate,backdate,campus1,v2rl301,atc,baseline_best,policy-vs-rule,30,30,80.69160000000001,80.47148,-0.22012,-0.8,0.13964,1.0,0.6547208460185769,1.0,equivalent
backdate,backdate,campus1,v2rl302,atc,baseline_best,policy-vs-rule,30,30,80.69160000000001,80.47148,-0.22012,-0.8,0.13964,1.0,0.6547208460185769,1.0,equivalent
backdate,backdate,campus1,v2rl303,atc,baseline_best,policy-vs-rule,30,30,80.69160000000001,80.47148,-0.22012,-0.8,0.13964,1.0,0.6547208460185769,1.0,equivalent
backdate,backdate,campus1,v2rl304,atc,baseline_best,policy-vs-rule,30,30,80.69160000000001,80.42493333333333,-0.26666666666666666,-0.8,0.0,1.0,0.31731050786291415,1.0,equivalent
backdate,backdate,campus1,v2rl305,atc,baseline_best,policy-vs-rule,30,30,80.69160000000001,80.47148,-0.22012,-0.8,0.13964,1.0,0.6547208460185769,1.0,equivalent
backdate,backdate,campus1,v2rl306,atc,baseline_best,policy-vs-rule,30,30,80.69160000000001,80.47148,-0.22012,-0.8,0.13964,1.0,0.6547208460185769,1.0,equivalent
backdate,backdate,campus1,v2rl307,atc,baseline_best,policy-vs-rule,30,30,80.69160000000001,80.42493333333333,-0.26666666666666666,-0.8,0.0,1.0,0.31731050786291415,1.0,equivalent
backdate,backdate,campus1,v2rl308,atc,baseline_best,policy-vs-rule,30,30,80.69160000000001,80.47148,-0.22012,-0.8,0.13964,1.0,0.6547208460185769,1.0,equivalent
backdate,backdate,campus1,v2rl309,atc,baseline_best,policy-vs-rule,30,30,80.69160000000001,80.47148,-0.22012,-0.8,0.13964,1.0,0.6547208460185769,1.0,equivalent
backdate,backdate,campus1,v2rl310,atc,baseline_best,policy-vs-rule,30,30,80.69160000000001,80.42493333333333,-0.26666666666666666,-0.8,0.0,1.0,0.31731050786291415,1.0,equivalent
backdate,backdate,campus2,edd,wmdd,baseline_best,rule-vs-rule,17,17,1265.9134352941178,1292.8646352941175,26.951199999999968,-34.49765647058836,121.03923470588222,12.659134352941178,0.4703377962613965,0.940675592522793,inconclusive
backdate,backdate,campus2,pfifo,wmdd,baseline_best,rule-vs-rule,17,17,1265.9134352941178,1292.8646352941175,26.951199999999968,-34.43041647058836,119.30193588235277,12.659134352941178,0.4703377962613965,0.940675592522793,inconclusive
backdate,backdate,campus2,wspt,wmdd,baseline_best,rule-vs-rule,17,17,1265.9134352941178,1357.6961882352941,91.78275294117643,26.09532323529413,165.07238235294102,12.659134352941178,0.008360653818070695,0.03344261527228278,worse
backdate,backdate,campus2,atc,wmdd,baseline_best,rule-vs-rule,17,17,1265.9134352941178,1310.0192588235293,44.10582352941168,-1.158011176470611,92.31061058823516,12.659134352941178,0.04132685891250041,0.12398057673750124,inconclusive
backdate,backdate,campus2,lpt,wmdd,baseline_best,rule-vs-rule,17,17,1265.9134352941178,3312.1681647058817,2046.2547294117642,955.9250011764705,3301.373359411764,12.659134352941178,0.002162232660801692,0.01081116330400846,worse
backdate,backdate,campus2,random,wmdd,baseline_best,rule-vs-rule,17,17,1265.9134352941178,1857.4636000000003,591.5501647058824,285.7935188235295,961.3024494117649,12.659134352941178,0.0002899169921875,0.001739501953125,worse
backdate,backdate,campus2,v2rl301,wmdd,baseline_best,policy-vs-rule,17,17,1265.9134352941178,2309.0003294117646,1043.0868941176468,372.2840835294117,1793.8367355882347,12.659134352941178,0.010593539088689496,0.09534185179820547,worse
backdate,backdate,campus2,v2rl302,wmdd,baseline_best,policy-vs-rule,17,17,1265.9134352941178,1512.922305882353,247.00887058823525,52.772775294117665,515.414821764706,12.659134352941178,0.08840247992639415,0.44201239963197075,worse
backdate,backdate,campus2,v2rl303,wmdd,baseline_best,policy-vs-rule,17,17,1265.9134352941178,2619.502329411765,1353.5888941176472,593.4950064705881,2221.356336470588,12.659134352941178,0.004514052854917141,0.04514052854917141,worse
backdate,backdate,campus2,v2rl304,wmdd,baseline_best,policy-vs-rule,17,17,1265.9134352941178,1557.4459882352944,291.5325529411765,30.952623235294116,624.0437244117649,12.659134352941178,0.28053090025207417,0.44201239963197075,worse
backdate,backdate,campus2,v2rl305,wmdd,baseline_best,policy-vs-rule,17,17,1265.9134352941178,2066.273764705882,800.3603294117647,320.63963676470587,1351.9875805882352,12.659134352941178,0.014596605678345812,0.1167728454267665,worse
backdate,backdate,campus2,v2rl306,wmdd,baseline_best,policy-vs-rule,17,17,1265.9134352941178,2133.7528,867.8393647058823,271.3267261764706,1535.539552352941,12.659134352941178,0.04088813291185591,0.24532879747113545,worse
backdate,backdate,campus2,v2rl307,wmdd,baseline_best,policy-vs-rule,17,17,1265.9134352941178,2038.8645529411767,772.9511176470588,211.72646588235293,1448.207467647057,12.659134352941178,0.08840247992639415,0.44201239963197075,worse
backdate,backdate,campus2,v2rl308,wmdd,baseline_best,policy-vs-rule,17,17,1265.9134352941178,1518.7552117647058,252.8417764705883,38.62659823529415,540.5138352941177,12.659134352941178,0.023095732617466558,0.1616701283222659,worse
backdate,backdate,campus2,v2rl309,wmdd,baseline_best,policy-vs-rule,17,17,1265.9134352941178,1516.9960823529414,251.0826470588235,45.91920676470592,541.312499117647,12.659134352941178,0.13975586593901426,0.44201239963197075,worse
backdate,backdate,campus2,v2rl310,wmdd,baseline_best,policy-vs-rule,17,17,1265.9134352941178,1531.6334000000002,265.71996470588226,29.190670294117638,571.8293026470586,12.659134352941178,0.15563546075803855,0.44201239963197075,worse
sla,baseline,verdict,edd,v2rl302,baseline_best,rule-vs-policy,180,180,444.6810166666667,444.8689277777778,0.1879111111111126,0.025004444444444593,0.4049353333333399,4.446810166666667,0.03546586462402558,0.07093172924805116,equivalent
sla,baseline,verdict,pfifo,v2rl302,baseline_best,rule-vs-policy,180,180,444.6810166666667,444.8689277777778,0.1879111111111126,0.024799611111111414,0.4100377777777818,4.446810166666667,0.03546586462402558,0.07093172924805116,equivalent
sla,baseline,verdict,wspt,v2rl302,baseline_best,rule-vs-policy,180,180,444.6810166666667,446.6459477777778,1.9649311111111145,0.8849688333333338,3.2674708333333387,4.446810166666667,1.7564851371585654e-05,0.00012295395960109956,equivalent
sla,baseline,verdict,atc,v2rl302,baseline_best,rule-vs-policy,180,180,444.6810166666667,445.5551500000001,0.8741333333333341,0.24919172222222194,1.6550622777777853,4.446810166666667,0.012792160247732852,0.05116864099093141,equivalent
sla,baseline,verdict,wmdd,v2rl302,baseline_best,rule-vs-policy,180,180,444.6810166666667,445.3319900000001,0.6509733333333377,0.16130961111111145,1.2651654444444553,4.446810166666667,0.020879263166351643,0.06263778949905494,equivalent
sla,baseline,verdict,lpt,v2rl302,baseline_best,rule-vs-policy,180,180,444.6810166666667,445.5785988888889,0.8975822222222226,0.07588544444444231,2.4244264444444537,4.446810166666667,0.007685794055213263,0.038428970276066315,equivalent
sla,baseline,verdict,random,v2rl302,baseline_best,rule-vs-policy,180,180,444.6810166666667,446.3160666666667,1.6350499999999972,0.5753241944444419,3.137703361111106,4.446810166666667,0.0001318338889828333,0.0007910033338969998,equivalent
sla,baseline,verdict,v2rl301,v2rl302,baseline_best,policy-vs-policy,180,180,444.6810166666667,444.75599888888894,0.07498222222222037,0.013888888888888888,0.15551699999999377,4.446810166666667,0.043114446783075355,0.3880300210476782,equivalent
sla,baseline,verdict,v2rl303,v2rl302,baseline_best,policy-vs-policy,180,180,444.6810166666667,444.73146333333335,0.05044666666666823,0.0,0.12268000000000004,4.446810166666667,0.10880943004054568,0.4352377201621827,equivalent
sla,baseline,verdict,v2rl304,v2rl302,baseline_best,policy-vs-policy,180,180,444.6810166666667,444.7625444444445,0.08152777777777974,-0.002406666666666663,0.1962586388888946,4.446810166666667,0.14412703481601533,0.4352377201621827,equivalent
sla,baseline,verdict,v2rl305,v2rl302,baseline_best,policy-vs-policy,180,180,444.6810166666667,444.76037666666673,0.07935999999999695,0.011111111111111112,0.18202666666666117,4.446810166666667,0.043114446783075355,0.3880300210476782,equivalent
sla,baseline,verdict,v2rl306,v2rl302,baseline_best,policy-vs-policy,180,180,444.6810166666667,444.85855888888887,0.17754222222222324,0.007160000000000208,0.4838055555555583,4.446810166666667,0.06788915486182899,0.3880300210476782,equivalent
sla,baseline,verdict,v2rl307,v2rl302,baseline_best,policy-vs-policy,180,180,444.6810166666667,444.7699366666667,0.08892000000000182,0.013888888888888888,0.1862355555555578,4.446810166666667,0.046399461870904594,0.3880300210476782,equivalent
sla,baseline,verdict,v2rl308,v2rl302,baseline_best,policy-vs-policy,180,180,444.6810166666667,444.70772111111114,0.026704444444443552,0.0,0.0649199999999938,4.446810166666667,0.10880943004054568,0.4352377201621827,equivalent
sla,baseline,verdict,v2rl309,v2rl302,baseline_best,policy-vs-policy,180,180,444.6810166666667,444.95305222222225,0.27203555555555725,0.02955555555555551,0.6385511111111163,4.446810166666667,0.043114446783075355,0.3880300210476782,equivalent
sla,baseline,verdict,v2rl310,v2rl302,baseline_best,policy-vs-policy,180,180,444.6810166666667,444.7120755555556,0.031058888888890836,-0.003246666666665574,0.08191333333333752,4.446810166666667,0.27332167829229814,0.4352377201621827,equivalent
sla,baseline,campus1,edd,atc,baseline_best,rule-vs-rule,30,30,80.41734666666666,80.41734666666666,0.0,0.0,0.0,1.0,1.0,1.0,equivalent
sla,baseline,campus1,pfifo,atc,baseline_best,rule-vs-rule,30,30,80.41734666666666,80.41734666666666,0.0,0.0,0.0,1.0,1.0,1.0,equivalent
sla,baseline,campus1,wspt,atc,baseline_best,rule-vs-rule,30,30,80.41734666666666,81.29713333333332,0.8797866666666664,0.0,2.292906666666666,1.0,0.17971249487899976,1.0,inconclusive
sla,baseline,campus1,wmdd,atc,baseline_best,rule-vs-rule,30,30,80.41734666666666,80.41734666666666,0.0,0.0,0.0,1.0,1.0,1.0,equivalent
sla,baseline,campus1,lpt,atc,baseline_best,rule-vs-rule,30,30,80.41734666666666,80.41734666666666,0.0,0.0,0.0,1.0,1.0,1.0,equivalent
sla,baseline,campus1,random,atc,baseline_best,rule-vs-rule,30,30,80.41734666666666,81.12109333333335,0.7037466666666667,0.0,1.7748666666666664,1.0,0.17971249487899976,1.0,inconclusive
sla,baseline,campus1,v2rl301,atc,baseline_best,policy-vs-rule,30,30,80.41734666666666,80.41734666666666,0.0,0.0,0.0,1.0,1.0,1.0,equivalent
sla,baseline,campus1,v2rl302,atc,baseline_best,policy-vs-rule,30,30,80.41734666666666,80.41734666666666,0.0,0.0,0.0,1.0,1.0,1.0,equivalent
sla,baseline,campus1,v2rl303,atc,baseline_best,policy-vs-rule,30,30,80.41734666666666,80.41734666666666,0.0,0.0,0.0,1.0,1.0,1.0,equivalent
sla,baseline,campus1,v2rl304,atc,baseline_best,policy-vs-rule,30,30,80.41734666666666,80.41734666666666,0.0,0.0,0.0,1.0,1.0,1.0,equivalent
sla,baseline,campus1,v2rl305,atc,baseline_best,policy-vs-rule,30,30,80.41734666666666,80.41734666666666,0.0,0.0,0.0,1.0,1.0,1.0,equivalent
sla,baseline,campus1,v2rl306,atc,baseline_best,policy-vs-rule,30,30,80.41734666666666,80.41734666666666,0.0,0.0,0.0,1.0,1.0,1.0,equivalent
sla,baseline,campus1,v2rl307,atc,baseline_best,policy-vs-rule,30,30,80.41734666666666,80.41734666666666,0.0,0.0,0.0,1.0,1.0,1.0,equivalent
sla,baseline,campus1,v2rl308,atc,baseline_best,policy-vs-rule,30,30,80.41734666666666,80.41734666666666,0.0,0.0,0.0,1.0,1.0,1.0,equivalent
sla,baseline,campus1,v2rl309,atc,baseline_best,policy-vs-rule,30,30,80.41734666666666,80.41734666666666,0.0,0.0,0.0,1.0,1.0,1.0,equivalent
sla,baseline,campus1,v2rl310,atc,baseline_best,policy-vs-rule,30,30,80.41734666666666,80.41734666666666,0.0,0.0,0.0,1.0,1.0,1.0,equivalent
sla,baseline,campus2,edd,wmdd,baseline_best,rule-vs-rule,17,17,1218.2288470588235,1311.322141176471,93.09329411764713,-17.007601176470477,239.31169088235296,12.182288470588235,0.8588630128278887,1.0,inconclusive
sla,baseline,campus2,pfifo,wmdd,baseline_best,rule-vs-rule,17,17,1218.2288470588235,1311.322141176471,93.09329411764713,-15.29457823529409,237.70725411764712,12.182288470588235,0.8588630128278887,1.0,inconclusive
sla,baseline,campus2,wspt,wmdd,baseline_best,rule-vs-rule,17,17,1218.2288470588235,1291.2388588235294,73.01001176470588,35.7204076470588,115.39986529411765,12.182288470588235,0.0014737808438751421,0.008842685063250852,worse
sla,baseline,campus2,atc,wmdd,baseline_best,rule-vs-rule,17,17,1218.2288470588235,1252.115717647059,33.88687058823534,12.625290588235343,60.053827058823636,12.182288470588235,0.004741768038406972,0.014225304115220917,worse
sla,baseline,campus2,lpt,wmdd,baseline_best,rule-vs-rule,17,17,1218.2288470588235,2615.1118352941176,1396.8829882352936,675.0451111764708,2236.532979117647,12.182288470588235,0.0018714329102470324,0.009357164551235163,worse
sla,baseline,campus2,random,wmdd,baseline_best,rule-vs-rule,17,17,1218.2288470588235,1636.0305647058824,417.80171764705887,218.47261852941176,656.4549661764707,12.182288470588235,0.0018714329102470324,0.009357164551235163,worse
sla,baseline,campus2,v2rl301,wmdd,baseline_best,policy-vs-rule,17,17,1218.2288470588235,1851.2520352941176,633.0231882352942,222.08816058823527,1138.3640623529411,12.182288470588235,0.012063323418854825,0.08444326393198377,worse
sla,baseline,campus2,v2rl302,wmdd,baseline_best,policy-vs-rule,17,17,1218.2288470588235,1420.4514,202.22255294117647,66.42167617647058,364.7043323529411,12.182288470588235,0.012063323418854825,0.08444326393198377,worse
sla,baseline,campus2,v2rl303,wmdd,baseline_best,policy-vs-rule,17,17,1218.2288470588235,2171.692823529412,953.4639764705884,462.9542152941177,1514.7881914705883,12.182288470588235,0.0028734139278525227,0.028734139278525226,worse
sla,baseline,campus2,v2rl304,wmdd,baseline_best,policy-vs-rule,17,17,1218.2288470588235,1447.724082352941,229.49523529411763,31.372878529411782,523.2501008823526,12.182288470588235,0.08437944259396049,0.2531383277818815,worse
sla,baseline,campus2,v2rl305,wmdd,baseline_best,policy-vs-rule,17,17,1218.2288470588235,1720.644105882353,502.4152588235294,183.05293558823524,933.1687488235293,12.182288470588235,0.004741768038406972,0.04267591234566275,worse
sla,baseline,campus2,v2rl306,wmdd,baseline_best,policy-vs-rule,17,17,1218.2288470588235,1863.508082352941,645.2792352941175,254.14840705882358,1107.5835826470582,12.182288470588235,0.004741768038406972,0.04267591234566275,worse
sla,baseline,campus2,v2rl307,wmdd,baseline_best,policy-vs-rule,17,17,1218.2288470588235,1751.246494117647,533.0176470588236,187.27267794117662,967.5648288235292,12.182288470588235,0.012063323418854825,0.08444326393198377,worse
sla,baseline,campus2,v2rl308,wmdd,baseline_best,policy-vs-rule,17,17,1218.2288470588235,1494.214529411765,275.98568235294124,17.31326205882362,686.7677526470588,12.182288470588235,0.13609738111439368,0.27219476222878736,worse
sla,baseline,campus2,v2rl309,wmdd,baseline_best,policy-vs-rule,17,17,1218.2288470588235,1453.0060823529411,234.7772352941176,56.65683470588241,525.9131049999997,12.182288470588235,0.012063323418854825,0.08444326393198377,worse
sla,baseline,campus2,v2rl310,wmdd,baseline_best,policy-vs-rule,17,17,1218.2288470588235,1324.8887411764708,106.65989411764711,9.441439411764689,227.98452088235308,12.182288470588235,0.15793931050013033,0.27219476222878736,inconclusive
sla,emg,verdict,edd,v2rl302,baseline_best,rule-vs-policy,180,180,633.3334088888888,633.4016055555555,0.0681966666666731,-0.1947384722222195,0.3075219444444547,6.333334088888888,0.3822067676889094,0.7644135353778188,equivalent
sla,emg,verdict,pfifo,v2rl302,baseline_best,rule-vs-policy,180,180,633.3334088888888,633.4016055555555,0.0681966666666731,-0.186851111111107,0.30343641666667126,6.333334088888888,0.3822067676889094,0.7644135353778188,equivalent
sla,emg,verdict,wspt,v2rl302,baseline_best,rule-vs-policy,180,180,633.3334088888888,635.5619788888889,2.2285700000000097,1.1714610555555578,3.4905047222222354,6.333334088888888,5.856506312910129e-07,3.5139037877460774e-06,equivalent
sla,emg,verdict,atc,v2rl302,baseline_best,rule-vs-policy,180,180,633.3334088888888,633.9968455555554,0.6634366666666722,0.04538991666667023,1.4485525277778069,6.333334088888888,0.07873081119613402,0.3149232447845361,equivalent
sla,emg,verdict,wmdd,v2rl302,baseline_best,rule-vs-policy,180,180,633.3334088888888,633.9276655555556,0.5942566666666702,0.02077005555556083,1.2755493333333388,6.333334088888888,0.11176874513967605,0.33530623541902815,equivalent
sla,emg,verdict,lpt,v2rl302,baseline_best,rule-vs-policy,180,180,633.3334088888888,635.5635011111112,2.230092222222228,0.5807758333333356,4.488506472222227,6.333334088888888,0.005213241256099401,0.026066206280497002,equivalent
sla,emg,verdict,random,v2rl302,baseline_best,rule-vs-policy,180,180,633.3334088888888,636.6742577777778,3.3408488888888908,1.616887972222224,5.664360833333336,6.333334088888888,3.986949168611369e-07,2.7908644180279586e-06,equivalent
sla,emg,verdict,v2rl301,v2rl302,baseline_best,policy-vs-policy,180,180,633.3334088888888,633.3530900000001,0.019681111111117387,-0.0936093333333219,0.12156266666667079,6.333334088888888,0.6001794871405538,1.0,equivalent
sla,emg,verdict,v2rl303,v2rl302,baseline_best,policy-vs-policy,180,180,633.3334088888888,633.1997255555556,-0.13368333333333138,-0.42878397222222214,0.049505555555558405,6.333334088888888,0.5001842570707944,1.0,equivalent
sla,emg,verdict,v2rl304,v2rl302,baseline_best,policy-vs-policy,180,180,633.3334088888888,633.3941511111111,0.06074222222222908,-0.26574455555555476,0.39172700000000443,6.333334088888888,0.24774620591207197,1.0,equivalent
sla,emg,verdict,v2rl305,v2rl302,baseline_best,policy-vs-policy,180,180,633.3334088888888,633.3065211111111,-0.02688777777777255,-0.1308966666666644,0.03561000000001084,6.333334088888888,0.7150006546880893,1.0,equivalent
sla,emg,verdict,v2rl306,v2rl302,baseline_best,policy-vs-policy,180,180,633.3334088888888,633.46633,0.13292111111111607,-0.08407555555555114,0.46826711111111796,6.333334088888888,0.5001842570707944,1.0,equivalent
sla,emg,verdict,v2rl307,v2rl302,baseline_best,policy-vs-policy,180,180,633.3334088888888,633.3507122222222,0.017303333333339783,-0.09412113888887752,0.12744600000001122,6.333334088888888,0.6744240722352938,1.0,equivalent
sla,emg,verdict,v2rl308,v2rl302,baseline_best,policy-vs-policy,180,180,633.3334088888888,633.4860144444444,0.15260555555556088,-0.2352735555555563,0.6001866944444595,6.333334088888888,0.32698934959801507,1.0,equivalent
sla,emg,verdict,v2rl309,v2rl302,baseline_best,policy-vs-policy,180,180,633.3334088888888,633.6045744444444,0.27116555555555855,-0.12198666666667021,0.7478786666666776,6.333334088888888,0.1386406338132186,1.0,equivalent
sla,emg,verdict,v2rl310,v2rl302,baseline_best,policy-vs-policy,180,180,633.3334088888888,633.2638944444444,-0.0695144444444388,-0.3457022222222206,0.1028833055555621,6.333334088888888,0.6001794871405538,1.0,equivalent
sla,emg,campus1,edd,atc,baseline_best,rule-vs-rule,30,30,137.55007999999998,137.64330666666666,0.09322666666666682,0.0,0.2796800000000005,1.3755007999999997,0.31731050786291415,0.9519315235887424,equivalent
sla,emg,campus1,pfifo,atc,baseline_best,rule-vs-rule,30,30,137.55007999999998,137.64330666666666,0.09322666666666682,0.0,0.2796800000000005,1.3755007999999997,0.31731050786291415,0.9519315235887424,equivalent
sla,emg,campus1,wspt,atc,baseline_best,rule-vs-rule,30,30,137.55007999999998,138.42986666666667,0.8797866666666664,0.0,2.292906666666666,1.3755007999999997,0.17971249487899976,0.718849979515999,inconclusive
sla,emg,campus1,wmdd,atc,baseline_best,rule-vs-rule,30,30,137.55007999999998,137.66974666666664,0.11966666666666678,0.0,0.3590000000000003,1.3755007999999997,0.31731050786291415,0.9519315235887424,equivalent
sla,emg,campus1,lpt,atc,baseline_best,rule-vs-rule,30,30,137.55007999999998,138.69248000000002,1.1424,0.0,3.0675733333333337,1.3755007999999997,0.10880943004054568,0.6528565802432741,inconclusive
sla,emg,campus1,random,atc,baseline_best,rule-vs-rule,30,30,137.55007999999998,138.37349333333336,0.8234133333333342,0.0,1.8945333333333352,1.3755007999999997,0.10880943004054568,0.6528565802432741,inconclusive
sla,emg,campus1,v2rl301,atc,baseline_best,policy-vs-rule,30,30,137.55007999999998,137.66974666666664,0.11966666666666678,0.0,0.3590000000000003,1.3755007999999997,0.31731050786291415,1.0,equivalent
sla,emg,campus1,v2rl302,atc,baseline_best,policy-vs-rule,30,30,137.55007999999998,137.66974666666664,0.11966666666666678,0.0,0.3590000000000003,1.3755007999999997,0.31731050786291415,1.0,equivalent
sla,emg,campus1,v2rl303,atc,baseline_best,policy-vs-rule,30,30,137.55007999999998,137.66974666666664,0.11966666666666678,0.0,0.3590000000000003,1.3755007999999997,0.31731050786291415,1.0,equivalent
sla,emg,campus1,v2rl304,atc,baseline_best,policy-vs-rule,30,30,137.55007999999998,137.64330666666666,0.09322666666666682,0.0,0.2796800000000005,1.3755007999999997,0.31731050786291415,1.0,equivalent
sla,emg,campus1,v2rl305,atc,baseline_best,policy-vs-rule,30,30,137.55007999999998,137.66974666666664,0.11966666666666678,0.0,0.3590000000000003,1.3755007999999997,0.31731050786291415,1.0,equivalent
sla,emg,campus1,v2rl306,atc,baseline_best,policy-vs-rule,30,30,137.55007999999998,137.66974666666664,0.11966666666666678,0.0,0.3590000000000003,1.3755007999999997,0.31731050786291415,1.0,equivalent
sla,emg,campus1,v2rl307,atc,baseline_best,policy-vs-rule,30,30,137.55007999999998,137.64330666666666,0.09322666666666682,0.0,0.2796800000000005,1.3755007999999997,0.31731050786291415,1.0,equivalent
sla,emg,campus1,v2rl308,atc,baseline_best,policy-vs-rule,30,30,137.55007999999998,137.66974666666664,0.11966666666666678,0.0,0.3590000000000003,1.3755007999999997,0.31731050786291415,1.0,equivalent
sla,emg,campus1,v2rl309,atc,baseline_best,policy-vs-rule,30,30,137.55007999999998,137.66974666666664,0.11966666666666678,0.0,0.3590000000000003,1.3755007999999997,0.31731050786291415,1.0,equivalent
sla,emg,campus1,v2rl310,atc,baseline_best,policy-vs-rule,30,30,137.55007999999998,137.66974666666664,0.11966666666666678,0.0,0.3590000000000003,1.3755007999999997,0.31731050786291415,1.0,equivalent
sla,emg,campus2,edd,wmdd,baseline_best,rule-vs-rule,17,17,1658.5503999999999,1876.4233411764708,217.87294117647062,30.379540882352938,445.2447685294117,16.585504,0.08686008151624075,0.1737201630324815,worse
sla,emg,campus2,pfifo,wmdd,baseline_best,rule-vs-rule,17,17,1658.5503999999999,1874.8256941176471,216.2752941176471,33.027746176470686,442.74903794117654,16.585504,0.08686008151624075,0.1737201630324815,worse
sla,emg,campus2,wspt,wmdd,baseline_best,rule-vs-rule,17,17,1658.5503999999999,1750.1525764705882,91.60217647058816,46.869544999999874,141.99481529411761,16.585504,0.0009815397525216685,0.005889238515130011,worse
sla,emg,campus2,atc,wmdd,baseline_best,rule-vs-rule,17,17,1658.5503999999999,1690.8482705882354,32.29787058823518,9.16424941176446,58.79215352941166,16.585504,0.01922343909754908,0.05767031729264724,inconclusive
sla,emg,campus2,lpt,wmdd,baseline_best,rule-vs-rule,17,17,1658.5503999999999,3450.2742352941177,1791.7238352941174,868.9804114705878,2875.2696964705883,16.585504,0.002162232660801692,0.008648930643206768,worse
sla,emg,campus2,random,wmdd,baseline_best,rule-vs-rule,17,17,1658.5503999999999,2299.784235294118,641.2338352941175,326.89556764705884,1033.5526744117644,16.585504,0.0012063162374292998,0.006031581187146499,worse
sla,emg,campus2,v2rl301,wmdd,baseline_best,policy-vs-rule,17,17,1658.5503999999999,2509.3374588235292,850.7870588235293,320.3432558823529,1470.5674655882347,16.585504,0.003510363671504142,0.02578333997240851,worse
sla,emg,campus2,v2rl302,wmdd,baseline_best,policy-vs-rule,17,17,1658.5503999999999,1981.2730705882354,322.72267058823536,92.8348685294117,620.7581823529414,16.585504,0.0028648155524898344,0.02578333997240851,worse
sla,emg,campus2,v2rl303,wmdd,baseline_best,policy-vs-rule,17,17,1658.5503999999999,2954.956411764706,1296.4060117647061,596.3844823529413,2115.556493529412,16.585504,0.0028648155524898344,0.02578333997240851,worse
sla,emg,campus2,v2rl304,wmdd,baseline_best,policy-vs-rule,17,17,1658.5503999999999,2138.962317647059,480.41191764705883,133.673684117647,937.7737776470588,16.585504,0.007630414739245609,0.02578333997240851,worse
sla,emg,campus2,v2rl305,wmdd,baseline_best,policy-vs-rule,17,17,1658.5503999999999,2395.857164705882,737.3067647058824,271.779299117647,1308.4552120588235,16.585504,0.003510363671504142,0.02578333997240851,worse
sla,emg,campus2,v2rl306,wmdd,baseline_best,policy-vs-rule,17,17,1658.5503999999999,2527.7631882352944,869.212788235294,315.2456885294119,1534.804497647058,16.585504,0.0028648155524898344,0.02578333997240851,worse
sla,emg,campus2,v2rl307,wmdd,baseline_best,policy-vs-rule,17,17,1658.5503999999999,2429.7879529411766,771.2375529411765,308.12399323529417,1355.2388573529413,16.585504,0.0042856952994814864,0.02578333997240851,worse
sla,emg,campus2,v2rl308,wmdd,baseline_best,policy-vs-rule,17,17,1658.5503999999999,2094.957635294118,436.4072352941176,108.14268352941173,911.2284949999998,16.585504,0.00918142110309248,0.02578333997240851,worse
sla,emg,campus2,v2rl309,wmdd,baseline_best,policy-vs-rule,17,17,1658.5503999999999,2049.3836235294116,390.83322352941155,79.43230941176454,864.7041832352938,16.585504,0.0023294396798343325,0.023294396798343324,worse
sla,emg,campus2,v2rl310,wmdd,baseline_best,policy-vs-rule,17,17,1658.5503999999999,1883.8854588235292,225.33505882352932,58.9189620588235,427.24523617647037,16.585504,0.05553298081594267,0.05553298081594267,worse
sla,rtn,verdict,edd,v2rl302,baseline_best,rule-vs-policy,180,180,471.15389666666664,472.03246111111116,0.8785644444444414,0.1291702222222203,2.064504833333334,4.711538966666667,0.0053763555368267985,0.016129066610480396,equivalent
sla,rtn,verdict,pfifo,v2rl302,baseline_best,rule-vs-policy,180,180,471.15389666666664,472.03246111111116,0.8785644444444414,0.12687570833332973,2.0666885694444446,4.711538966666667,0.0053763555368267985,0.016129066610480396,equivalent
sla,rtn,verdict,wspt,v2rl302,baseline_best,rule-vs-policy,180,180,471.15389666666664,474.3650411111111,3.2111444444444373,1.5442980138888827,5.356885041666651,4.711538966666667,5.826290772018974e-07,4.078403540413281e-06,inconclusive
sla,rtn,verdict,atc,v2rl302,baseline_best,rule-vs-policy,180,180,471.15389666666664,473.05771666666664,1.9038199999999936,0.6485336805555502,3.528900222222213,4.711538966666667,0.0005434218498942879,0.0027171092494714393,equivalent
sla,rtn,verdict,wmdd,v2rl302,baseline_best,rule-vs-policy,180,180,471.15389666666664,472.75037555555554,1.5964788888888841,0.42889387499999604,3.2632511111110993,4.711538966666667,0.001176563999937216,0.004706255999748864,equivalent
sla,rtn,verdict,lpt,v2rl302,baseline_best,rule-vs-policy,180,180,471.15389666666664,473.3536244444444,2.199727777777777,0.10937024999999441,5.54466708333333,4.711538966666667,0.005847075797320481,0.016129066610480396,inconclusive
sla,rtn,verdict,random,v2rl302,baseline_best,rule-vs-policy,180,180,471.15389666666664,473.71620111111105,2.5623044444444405,0.9726797083333291,4.641362013888878,4.711538966666667,7.871487302467912e-06,4.722892381480747e-05,equivalent
sla,rtn,verdict,v2rl301,v2rl302,baseline_best,policy-vs-policy,180,180,471.15389666666664,471.34462222222226,0.19072555555555304,0.038830194444441274,0.38708141666666257,4.711538966666667,0.017290280592906253,0.13832224474325003,equivalent
sla,rtn,verdict,v2rl303,v2rl302,baseline_best,policy-vs-policy,180,180,471.15389666666664,471.27156666666673,0.11766999999999907,0.017324694444441947,0.2424057499999995,4.711538966666667,0.038151710173415135,0.19395494550655906,equivalent
sla,rtn,verdict,v2rl304,v2rl302,baseline_best,policy-vs-policy,180,180,471.15389666666664,471.26139111111115,0.10749444444444425,-0.0015888888888888767,0.2431370555555562,4.711538966666667,0.17295491798842066,0.518864753965262,equivalent
sla,rtn,verdict,v2rl305,v2rl302,baseline_best,policy-vs-policy,180,180,471.15389666666664,471.24933555555555,0.09543888888888812,0.01817222222222199,0.20147447222222667,4.711538966666667,0.027991815485665747,0.19395494550655906,equivalent
sla,rtn,verdict,v2rl306,v2rl302,baseline_best,policy-vs-policy,180,180,471.15389666666664,471.3653711111112,0.2114744444444442,0.021048888888887833,0.5192814722222213,4.711538966666667,0.027707849358079864,0.19395494550655906,equivalent
sla,rtn,verdict,v2rl307,v2rl302,baseline_best,policy-vs-policy,180,180,471.15389666666664,471.26359,0.10969333333333389,0.005240083333332041,0.24048091666667282,4.711538966666667,0.0663160312989308,0.2652641251957232,equivalent
sla,rtn,verdict,v2rl308,v2rl302,baseline_best,policy-vs-policy,180,180,471.15389666666664,471.1675122222223,0.01361555555555343,-0.006661111111110232,0.041496666666660076,4.711538966666667,0.4652088184521418,0.69046214354368,equivalent
sla,rtn,verdict,v2rl309,v2rl302,baseline_best,policy-vs-policy,180,180,471.15389666666664,472.13388444444445,0.9799877777777765,0.15595394444444508,2.256102680555555,4.711538966666667,0.004247802613804795,0.038230223524243157,equivalent
sla,rtn,verdict,v2rl310,v2rl302,baseline_best,policy-vs-policy,180,180,471.15389666666664,471.1406811111112,-0.01321555555555594,-0.053562222222223,0.017111111111110706,4.711538966666667,0.34523107177184,0.69046214354368,equivalent
sla,rtn,campus1,edd,atc,baseline_best,rule-vs-rule,30,30,97.89974666666667,97.89974666666667,0.0,0.0,0.0,1.0,1.0,1.0,equivalent
sla,rtn,campus1,pfifo,atc,baseline_best,rule-vs-rule,30,30,97.89974666666667,97.89974666666667,0.0,0.0,0.0,1.0,1.0,1.0,equivalent
sla,rtn,campus1,wspt,atc,baseline_best,rule-vs-rule,30,30,97.89974666666667,98.77953333333333,0.8797866666666664,0.0,2.292906666666666,1.0,0.17971249487899976,1.0,inconclusive
sla,rtn,campus1,wmdd,atc,baseline_best,rule-vs-rule,30,30,97.89974666666667,97.89974666666667,0.0,0.0,0.0,1.0,1.0,1.0,equivalent
sla,rtn,campus1,lpt,atc,baseline_best,rule-vs-rule,30,30,97.89974666666667,97.89974666666667,0.0,0.0,0.0,1.0,1.0,1.0,equivalent
sla,rtn,campus1,random,atc,baseline_best,rule-vs-rule,30,30,97.89974666666667,98.60349333333333,0.7037466666666679,0.0,1.77486666666667,1.0,0.17971249487899976,1.0,inconclusive
sla,rtn,campus1,v2rl301,atc,baseline_best,policy-vs-rule,30,30,97.89974666666667,97.89974666666667,0.0,0.0,0.0,1.0,1.0,1.0,equivalent
sla,rtn,campus1,v2rl302,atc,baseline_best,policy-vs-rule,30,30,97.89974666666667,97.89974666666667,0.0,0.0,0.0,1.0,1.0,1.0,equivalent
sla,rtn,campus1,v2rl303,atc,baseline_best,policy-vs-rule,30,30,97.89974666666667,97.89974666666667,0.0,0.0,0.0,1.0,1.0,1.0,equivalent
sla,rtn,campus1,v2rl304,atc,baseline_best,policy-vs-rule,30,30,97.89974666666667,97.89974666666667,0.0,0.0,0.0,1.0,1.0,1.0,equivalent
sla,rtn,campus1,v2rl305,atc,baseline_best,policy-vs-rule,30,30,97.89974666666667,97.89974666666667,0.0,0.0,0.0,1.0,1.0,1.0,equivalent
sla,rtn,campus1,v2rl306,atc,baseline_best,policy-vs-rule,30,30,97.89974666666667,97.89974666666667,0.0,0.0,0.0,1.0,1.0,1.0,equivalent
sla,rtn,campus1,v2rl307,atc,baseline_best,policy-vs-rule,30,30,97.89974666666667,97.89974666666667,0.0,0.0,0.0,1.0,1.0,1.0,equivalent
sla,rtn,campus1,v2rl308,atc,baseline_best,policy-vs-rule,30,30,97.89974666666667,97.89974666666667,0.0,0.0,0.0,1.0,1.0,1.0,equivalent
sla,rtn,campus1,v2rl309,atc,baseline_best,policy-vs-rule,30,30,97.89974666666667,98.73753333333335,0.8377866666666686,0.0,2.242946666666671,1.0,0.17971249487899976,1.0,inconclusive
sla,rtn,campus1,v2rl310,atc,baseline_best,policy-vs-rule,30,30,97.89974666666667,97.89974666666667,0.0,0.0,0.0,1.0,1.0,1.0,equivalent
sla,rtn,campus2,edd,wmdd,baseline_best,rule-vs-rule,17,17,1454.1888941176471,1624.9369764705884,170.74808235294128,23.844454117647174,346.11032500000016,14.541888941176472,0.11666446478102344,0.1423784685841793,worse
sla,rtn,campus2,pfifo,wmdd,baseline_best,rule-vs-rule,17,17,1454.1888941176471,1630.0322823529414,175.8433882352942,34.75460941176488,356.3187394117647,14.541888941176472,0.07118923429208965,0.1423784685841793,worse
sla,rtn,campus2,wspt,wmdd,baseline_best,rule-vs-rule,17,17,1454.1888941176471,1497.3077411764707,43.11884705882352,17.38987558823528,72.23732647058826,14.541888941176472,0.0028734139278525227,0.01149365571141009,worse
sla,rtn,campus2,atc,wmdd,baseline_best,rule-vs-rule,17,17,1454.1888941176471,1485.0430705882352,30.854176470588225,10.955728235294048,54.524410882352896,14.541888941176472,0.012792160247732852,0.038376480743198556,inconclusive
sla,rtn,campus2,lpt,wmdd,baseline_best,rule-vs-rule,17,17,1454.1888941176471,3138.4796588235295,1684.2907647058826,884.8080376470591,2579.190352647058,14.541888941176472,0.0018714329102470324,0.011228597461482194,worse
sla,rtn,campus2,random,wmdd,baseline_best,rule-vs-rule,17,17,1454.1888941176471,1934.0592470588235,479.8703529411764,255.0920376470589,726.7754535294116,14.541888941176472,0.0018714329102470324,0.011228597461482194,worse
sla,rtn,campus2,v2rl301,wmdd,baseline_best,policy-vs-rule,17,17,1454.1888941176471,2689.958494117647,1235.7696000000003,634.4502535294118,1864.0967079411762,14.541888941176472,0.0028734139278525227,0.028734139278525226,worse
sla,rtn,campus2,v2rl302,wmdd,baseline_best,policy-vs-rule,17,17,1454.1888941176471,1845.4194823529413,391.2305882352943,150.9375323529412,664.2538900000004,14.541888941176472,0.004741768038406972,0.028734139278525226,worse
sla,rtn,campus2,v2rl303,wmdd,baseline_best,policy-vs-rule,17,17,1454.1888941176471,2796.123729411765,1341.9348352941179,670.3297367647058,2060.4443211764706,14.541888941176472,0.0028734139278525227,0.028734139278525226,worse
sla,rtn,campus2,v2rl304,wmdd,baseline_best,policy-vs-rule,17,17,1454.1888941176471,1897.2381529411764,443.0492588235295,178.01783499999996,767.0805826470588,14.541888941176472,0.004741768038406972,0.028734139278525226,worse
sla,rtn,campus2,v2rl305,wmdd,baseline_best,policy-vs-rule,17,17,1454.1888941176471,2503.7034470588237,1049.5145529411766,544.4771476470589,1592.5971576470588,14.541888941176472,0.0028734139278525227,0.028734139278525226,worse
sla,rtn,campus2,v2rl306,wmdd,baseline_best,policy-vs-rule,17,17,1454.1888941176471,2752.6880235294125,1298.4991294117651,704.9424920588236,1943.4674679411767,14.541888941176472,0.0028734139278525227,0.028734139278525226,worse
sla,rtn,campus2,v2rl307,wmdd,baseline_best,policy-vs-rule,17,17,1454.1888941176471,2487.11525882353,1032.9263647058826,504.5845923529413,1619.3038082352946,14.541888941176472,0.0028734139278525227,0.028734139278525226,worse
sla,rtn,campus2,v2rl308,wmdd,baseline_best,policy-vs-rule,17,17,1454.1888941176471,2004.5571882352942,550.3682941176472,220.8031447058823,992.3717764705882,14.541888941176472,0.0028734139278525227,0.028734139278525226,worse
sla,rtn,campus2,v2rl309,wmdd,baseline_best,policy-vs-rule,17,17,1454.1888941176471,1820.6473647058824,366.45847058823523,122.86471999999999,716.3630002941173,14.541888941176472,0.0028734139278525227,0.028734139278525226,worse
sla,rtn,campus2,v2rl310,wmdd,baseline_best,policy-vs-rule,17,17,1454.1888941176471,1783.3220823529416,329.1331882352943,151.37118735294132,525.3187426470591,14.541888941176472,0.004741768038406972,0.028734139278525226,worse
sla,pmp3,verdict,edd,v2rl302,baseline_best,rule-vs-policy,180,180,459.64709888888893,459.8361133333333,0.1890144444444446,0.02433241666666675,0.40494944444444503,4.596470988888889,0.027995744078059867,0.055991488156119734,equivalent
sla,pmp3,verdict,pfifo,v2rl302,baseline_best,rule-vs-policy,180,180,459.64709888888893,459.8361133333333,0.1890144444444446,0.0273917222222223,0.4011098055555556,4.596470988888889,0.027995744078059867,0.055991488156119734,equivalent
sla,pmp3,verdict,wspt,v2rl302,baseline_best,rule-vs-policy,180,180,459.64709888888893,461.8070666666666,2.1599677777777795,1.0912523611111127,3.474244805555554,4.596470988888889,1.2187283328661856e-06,8.5310983300633e-06,equivalent
sla,pmp3,verdict,atc,v2rl302,baseline_best,rule-vs-policy,180,180,459.64709888888893,460.56243888888883,0.9153400000000069,0.2944573888889027,1.6825031111111164,4.596470988888889,0.0032045855456292547,0.016022927728146272,equivalent
sla,pmp3,verdict,wmdd,v2rl302,baseline_best,rule-vs-policy,180,180,459.64709888888893,460.33528666666666,0.6881877777777808,0.19867797222222297,1.3209918611111142,4.596470988888889,0.0064064902221673695,0.020248128505071458,equivalent
sla,pmp3,verdict,lpt,v2rl302,baseline_best,rule-vs-policy,180,180,459.64709888888893,460.58701777777776,0.9399188888888881,0.10274791666666744,2.4951975833333244,4.596470988888889,0.005062032126267864,0.020248128505071458,equivalent
sla,pmp3,verdict,random,v2rl302,baseline_best,rule-vs-policy,180,180,459.64709888888893,461.32623666666655,1.6791377777777774,0.6188521944444455,3.2151348055555555,4.596470988888889,1.821529714896801e-05,0.00010929178289380806,equivalent
sla,pmp3,verdict,v2rl301,v2rl302,baseline_best,policy-vs-policy,180,180,459.64709888888893,459.7368488888889,0.08974999999999796,0.02291555555555331,0.17938952777777606,4.596470988888889,0.027707849358079864,0.2216627948646389,equivalent
sla,pmp3,verdict,v2rl303,v2rl302,baseline_best,policy-vs-policy,180,180,459.64709888888893,459.7495677777777,0.10246888888888567,0.011999999999998876,0.23080227777777507,4.596470988888889,0.04252247799805163,0.2216627948646389,equivalent
sla,pmp3,verdict,v2rl304,v2rl302,baseline_best,policy-vs-policy,180,180,459.64709888888893,459.7125577777777,0.06545888888888708,-0.002346666666666724,0.16577222222221788,4.596470988888889,0.13801073756865956,0.2760214751373191,equivalent
sla,pmp3,verdict,v2rl305,v2rl302,baseline_best,policy-vs-policy,180,180,459.64709888888893,459.7494033333333,0.10230444444444373,0.02013777777777553,0.2125829444444491,4.596470988888889,0.027707849358079864,0.2216627948646389,equivalent
sla,pmp3,verdict,v2rl306,v2rl302,baseline_best,policy-vs-policy,180,180,459.64709888888893,459.84772666666663,0.2006277777777751,0.023346666666664836,0.5045933333333319,4.596470988888889,0.027707849358079864,0.2216627948646389,equivalent
sla,pmp3,verdict,v2rl307,v2rl302,baseline_best,policy-vs-policy,180,180,459.64709888888893,459.7149811111111,0.06788222222222152,0.008337777777777925,0.1439104444444418,4.596470988888889,0.046399461870904594,0.2216627948646389,equivalent
sla,pmp3,verdict,v2rl308,v2rl302,baseline_best,policy-vs-policy,180,180,459.64709888888893,459.696861111111,0.04976222222221875,0.0032711111111110667,0.11333722222221444,4.596470988888889,0.046399461870904594,0.2216627948646389,equivalent
sla,pmp3,verdict,v2rl309,v2rl302,baseline_best,policy-vs-policy,180,180,459.64709888888893,459.97417888888884,0.32707999999999715,0.05382555555555307,0.7515469722222187,4.596470988888889,0.005062032126267864,0.04555828913641078,equivalent
sla,pmp3,verdict,v2rl310,v2rl302,baseline_best,policy-vs-policy,180,180,459.64709888888893,459.6710799999999,0.02398111111110713,-0.007687777777778453,0.06514666666666018,4.596470988888889,0.24886387493792206,0.2760214751373191,equivalent
sla,pmp3,campus1,edd,atc,baseline_best,rule-vs-rule,30,30,90.55782666666668,90.55782666666668,0.0,0.0,0.0,1.0,1.0,1.0,equivalent
sla,pmp3,campus1,pfifo,atc,baseline_best,rule-vs-rule,30,30,90.55782666666668,90.55782666666668,0.0,0.0,0.0,1.0,1.0,1.0,equivalent
sla,pmp3,campus1,wspt,atc,baseline_best,rule-vs-rule,30,30,90.55782666666668,91.49420000000002,0.9363733333333338,0.0,2.406080000000001,1.0,0.17971249487899976,1.0,inconclusive
sla,pmp3,campus1,wmdd,atc,baseline_best,rule-vs-rule,30,30,90.55782666666668,90.55782666666668,0.0,0.0,0.0,1.0,1.0,1.0,equivalent
sla,pmp3,campus1,lpt,atc,baseline_best,rule-vs-rule,30,30,90.55782666666668,90.55782666666668,0.0,0.0,0.0,1.0,1.0,1.0,equivalent
sla,pmp3,campus1,random,atc,baseline_best,rule-vs-rule,30,30,90.55782666666668,91.26157333333336,0.7037466666666667,0.0,1.7748666666666664,1.0,0.17971249487899976,1.0,inconclusive
sla,pmp3,campus1,v2rl301,atc,baseline_best,policy-vs-rule,30,30,90.55782666666668,90.55782666666668,0.0,0.0,0.0,1.0,1.0,1.0,equivalent
sla,pmp3,campus1,v2rl302,atc,baseline_best,policy-vs-rule,30,30,90.55782666666668,90.55782666666668,0.0,0.0,0.0,1.0,1.0,1.0,equivalent
sla,pmp3,campus1,v2rl303,atc,baseline_best,policy-vs-rule,30,30,90.55782666666668,90.55782666666668,0.0,0.0,0.0,1.0,1.0,1.0,equivalent
sla,pmp3,campus1,v2rl304,atc,baseline_best,policy-vs-rule,30,30,90.55782666666668,90.55782666666668,0.0,0.0,0.0,1.0,1.0,1.0,equivalent
sla,pmp3,campus1,v2rl305,atc,baseline_best,policy-vs-rule,30,30,90.55782666666668,90.55782666666668,0.0,0.0,0.0,1.0,1.0,1.0,equivalent
sla,pmp3,campus1,v2rl306,atc,baseline_best,policy-vs-rule,30,30,90.55782666666668,90.55782666666668,0.0,0.0,0.0,1.0,1.0,1.0,equivalent
sla,pmp3,campus1,v2rl307,atc,baseline_best,policy-vs-rule,30,30,90.55782666666668,90.55782666666668,0.0,0.0,0.0,1.0,1.0,1.0,equivalent
sla,pmp3,campus1,v2rl308,atc,baseline_best,policy-vs-rule,30,30,90.55782666666668,90.55782666666668,0.0,0.0,0.0,1.0,1.0,1.0,equivalent
sla,pmp3,campus1,v2rl309,atc,baseline_best,policy-vs-rule,30,30,90.55782666666668,90.82753333333335,0.26970666666666715,0.0,0.8091200000000015,1.0,0.31731050786291415,1.0,equivalent
sla,pmp3,campus1,v2rl310,atc,baseline_best,policy-vs-rule,30,30,90.55782666666668,90.55782666666668,0.0,0.0,0.0,1.0,1.0,1.0,equivalent
sla,pmp3,campus2,edd,wmdd,baseline_best,rule-vs-rule,17,17,1231.3442117647057,1321.4728352941179,90.12862352941184,-18.900709117647008,236.29340147058826,12.313442117647057,0.9291527647091152,1.0,inconclusive
sla,pmp3,campus2,pfifo,wmdd,baseline_best,rule-vs-rule,17,17,1231.3442117647057,1321.4728352941179,90.12862352941184,-19.404866764705833,237.41356264705882,12.313442117647057,0.9291527647091152,1.0,inconclusive
sla,pmp3,campus2,wspt,wmdd,baseline_best,rule-vs-rule,17,17,1231.3442117647057,1305.9668117647059,74.62260000000003,35.723475588235324,117.55893882352945,12.313442117647057,0.0014737808438751421,0.008842685063250852,worse
sla,pmp3,campus2,atc,wmdd,baseline_best,rule-vs-rule,17,17,1231.3442117647057,1268.158517647059,36.81430588235304,10.368384705882441,68.0981402941178,12.313442117647057,0.018602929901135743,0.05580878970340723,inconclusive
sla,pmp3,campus2,lpt,wmdd,baseline_best,rule-vs-rule,17,17,1231.3442117647057,2622.328776470588,1390.9845647058821,664.6959655882353,2216.85443117647,12.313442117647057,0.0018714329102470324,0.009357164551235163,worse
sla,pmp3,campus2,random,wmdd,baseline_best,rule-vs-rule,17,17,1231.3442117647057,1643.507894117647,412.1636823529413,211.33052117647065,646.4275111764707,12.313442117647057,0.0018714329102470324,0.009357164551235163,worse
sla,pmp3,campus2,v2rl301,wmdd,baseline_best,policy-vs-rule,17,17,1231.3442117647057,1859.6136705882354,628.2694588235295,208.90801235294117,1122.2206988235293,12.313442117647057,0.012063323418854825,0.08444326393198377,worse
sla,pmp3,campus2,v2rl302,wmdd,baseline_best,policy-vs-rule,17,17,1231.3442117647057,1432.7310823529413,201.38687058823538,66.40434147058826,366.6577938235295,12.313442117647057,0.012063323418854825,0.08444326393198377,worse
sla,pmp3,campus2,v2rl303,wmdd,baseline_best,policy-vs-rule,17,17,1231.3442117647057,2244.8434823529415,1013.4992705882357,484.22017794117664,1644.51748382353,12.313442117647057,0.0028734139278525227,0.028734139278525226,worse
sla,pmp3,campus2,v2rl304,wmdd,baseline_best,policy-vs-rule,17,17,1231.3442117647057,1455.9833764705884,224.63916470588234,29.49074882352942,505.580229117647,12.313442117647057,0.11666446478102344,0.3499933943430703,worse
sla,pmp3,campus2,v2rl305,wmdd,baseline_best,policy-vs-rule,17,17,1231.3442117647057,1727.3869529411763,496.0427411764706,178.9552782352941,922.5511732352937,12.313442117647057,0.006039559048656822,0.04831647238925458,worse
sla,pmp3,campus2,v2rl306,wmdd,baseline_best,policy-vs-rule,17,17,1231.3442117647057,1873.2881411764704,641.9439294117647,251.93051029411777,1093.4322411764701,12.313442117647057,0.004741768038406972,0.04267591234566275,worse
sla,pmp3,campus2,v2rl307,wmdd,baseline_best,policy-vs-rule,17,17,1231.3442117647057,1759.603023529412,528.258811764706,186.4942794117649,959.5843170588237,12.313442117647057,0.018602929901135743,0.09301464950567871,worse
sla,pmp3,campus2,v2rl308,wmdd,baseline_best,policy-vs-rule,17,17,1231.3442117647057,1501.8573294117648,270.51311764705883,13.657972941176583,667.8216094117645,12.313442117647057,0.20942675696103719,0.41885351392207437,worse
sla,pmp3,campus2,v2rl309,wmdd,baseline_best,policy-vs-rule,17,17,1231.3442117647057,1485.1198352941178,253.77562352941186,60.88521264705889,546.7466658823529,12.313442117647057,0.018602929901135743,0.09301464950567871,worse
sla,pmp3,campus2,v2rl310,wmdd,baseline_best,policy-vs-rule,17,17,1231.3442117647057,1331.5256823529412,100.18147058823538,1.8162605882353624,219.6910591176473,12.313442117647057,0.20942675696103719,0.41885351392207437,inconclusive
