{
  "campus": 9,
  "capacity": {
    "B20": 2,
    "B30": 5,
    "C10": 3,
    "C30": 6,
    "D10": 1,
    "D20": 12,
    "D30": 28,
    "D40": 9,
    "D50": 14,
    "D90": 8,
    "E10": 6,
    "E20": 1,
    "MISC": 4
  },
  "fit": {
    "labor_cap_quantile": 0.995,
    "p_bh_floor": 0.05,
    "train_end": "2017-12-31",
    "week_bh": 40.0
  },
  "labor_cap": 51.75,
  "n_train_total": 93848,
  "trades": {
    "B20": {
      "arrival_rate_per_bh": 0.06212182331585317,
      "cm_priority_dist": {
        "1": 0.18594104308390022,
        "2": 0.8140589569160998,
        "3": 0.0,
        "4": 0.0
      },
      "logn_mu": 0.8121942525183925,
      "logn_sigma": 0.9690609801271816,
      "n_train": 1232,
      "pm_priority_dist": {
        "4": 1.0
      },
      "pm_share": 0.6420454545454546,
      "quarter_mult": {
        "Q1": 0.858735392414149,
        "Q2": 1.0064935064935066,
        "Q3": 1.1655745470335137,
        "Q4": 0.9528751309573229
      }
    },
    "B30": {
      "arrival_rate_per_bh": 0.06721460266236386,
      "cm_priority_dist": {
        "1": 0.17889908256880735,
        "2": 0.8211009174311926,
        "3": 0.0,
        "4": 0.0
      },
      "logn_mu": 1.4542823675077134,
      "logn_sigma": 1.192121759174994,
      "n_train": 1333,
      "pm_priority_dist": {
        "4": 1.0
      },
      "pm_share": 0.8364591147786947,
      "quarter_mult": {
        "Q1": 1.0571554805799896,
        "Q2": 0.7143424081276292,
        "Q3": 0.7832049197709762,
        "Q4": 1.4215426002619378
      }
    },
    "C10": {
      "arrival_rate_per_bh": 0.23033481242436465,
      "cm_priority_dist": {
        "1": 0.0950792326939116,
        "2": 0.9049207673060884,
        "3": 0.0,
        "4": 0.0
      },
      "logn_mu": 0.3328249896230997,
      "logn_sigma": 0.8509237606258246,
      "n_train": 4568,
      "pm_priority_dist": {
        "4": 1.0
      },
      "pm_share": 0.737521891418564,
      "quarter_mult": {
        "Q1": 0.8917180113064074,
        "Q2": 0.9496243342916744,
        "Q3": 1.270633826433655,
        "Q4": 0.8693125628087125
      }
    },
    "C30": {
      "arrival_rate_per_bh": 0.11103267446551028,
      "cm_priority_dist": {
        "1": 0.1697612732095491,
        "2": 0.7771883289124669,
        "3": 0.053050397877984094,
        "4": 0.0
      },
      "logn_mu": 1.306694382958416,
      "logn_sigma": 1.2179484259857225,
      "n_train": 2202,
      "pm_priority_dist": {
        "4": 1.0
      },
      "pm_share": 0.8287920072661217,
      "quarter_mult": {
        "Q1": 0.8753229518148833,
        "Q2": 1.208891699447911,
        "Q3": 1.078323381065569,
        "Q4": 0.8451152059080096
      }
    },
    "D10": {
      "arrival_rate_per_bh": 0.05425574828559903,
      "cm_priority_dist": {
        "1": 0.20731707317073172,
        "2": 0.7764227642276423,
        "3": 0.01626016260162602,
        "4": 0.0
      },
      "logn_mu": -0.19850273409259028,
      "logn_sigma": 0.6578440622063233,
      "n_train": 1076,
      "pm_priority_dist": {
        "4": 1.0
      },
      "pm_share": 0.7713754646840149,
      "quarter_mult": {
        "Q1": 1.0349853291471645,
        "Q2": 1.3333417917454355,
        "Q3": 0.8161489700681348,
        "Q4": 0.8559804903441917
      }
    },
    "D20": {
      "arrival_rate_per_bh": 0.7436466317063332,
      "cm_priority_dist": {
        "1": 0.09674134419551934,
        "2": 0.8864562118126272,
        "3": 0.01680244399185336,
        "4": 0.0
      },
      "logn_mu": 0.7655654894056924,
      "logn_sigma": 0.9595725417919717,
      "n_train": 14748,
      "pm_priority_dist": {
        "4": 1.0
      },
      "pm_share": 0.7336588011933821,
      "quarter_mult": {
        "Q1": 0.9607391511884402,
        "Q2": 1.0758119802904957,
        "Q3": 1.0319507544374675,
        "Q4": 0.9349811485415663
      }
    },
    "D30": {
      "arrival_rate_per_bh": 1.279497781363453,
      "cm_priority_dist": {
        "1": 0.10996749729144095,
        "2": 0.8858793788371253,
        "3": 0.004153123871433731,
        "4": 0.0
      },
      "logn_mu": 0.9564900826960431,
      "logn_sigma": 1.0208953674779655,
      "n_train": 25375,
      "pm_priority_dist": {
        "4": 1.0
      },
      "pm_share": 0.7817536945812807,
      "quarter_mult": {
        "Q1": 0.9516826190901588,
        "Q2": 0.9464853141444879,
        "Q3": 1.080421040022759,
        "Q4": 1.0097691402178886
      }
    },
    "D40": {
      "arrival_rate_per_bh": 0.26875756353368296,
      "cm_priority_dist": {
        "1": 0.7043544690603515,
        "2": 0.2933537051184111,
        "3": 0.0022918258212375866,
        "4": 0.0
      },
      "logn_mu": 0.7174447253021451,
      "logn_sigma": 1.2395137155511706,
      "n_train": 5330,
      "pm_priority_dist": {
        "4": 1.0
      },
      "pm_share": 0.7544090056285179,
      "quarter_mult": {
        "Q1": 1.00772827576821,
        "Q2": 1.2013395744353872,
        "Q3": 0.9652309289050338,
        "Q4": 0.8484298120115027
      }
    },
    "D50": {
      "arrival_rate_per_bh": 1.4742839854780154,
      "cm_priority_dist": {
        "1": 0.11393119007332206,
        "2": 0.8652002256063169,
        "3": 0.02086858432036097,
        "4": 0.0
      },
      "logn_mu": 0.34176627727114456,
      "logn_sigma": 0.8820586235644303,
      "n_train": 29238,
      "pm_priority_dist": {
        "4": 1.0
      },
      "pm_share": 0.8787194746562692,
      "quarter_mult": {
        "Q1": 0.9589621285664514,
        "Q2": 0.9158075878158467,
        "Q3": 1.0932643553555135,
        "Q4": 1.0178534783500923
      }
    },
    "D90": {
      "arrival_rate_per_bh": 0.22297297297297297,
      "cm_priority_dist": {
        "1": 0.0,
        "2": 0.0,
        "3": 1.0,
        "4": 0.0
      },
      "logn_mu": 0.8013776862876968,
      "logn_sigma": 1.0265524247180373,
      "n_train": 4422,
      "pm_priority_dist": {
        "4": 1.0
      },
      "pm_share": 1.0,
      "quarter_mult": {
        "Q1": 0.9666848673886026,
        "Q2": 0.8747451078458159,
        "Q3": 0.9315951329288897,
        "Q4": 1.2095878708023464
      }
    },
    "E10": {
      "arrival_rate_per_bh": 0.12338644614764017,
      "cm_priority_dist": {
        "1": 0.1601489757914339,
        "2": 0.839851024208566,
        "3": 0.0,
        "4": 0.0
      },
      "logn_mu": 1.2689119899321821,
      "logn_sigma": 1.2781629311752818,
      "n_train": 2447,
      "pm_priority_dist": {
        "4": 1.0
      },
      "pm_share": 0.7805476093175316,
      "quarter_mult": {
        "Q1": 0.8594500473951043,
        "Q2": 0.9027980211194038,
        "Q3": 1.3230765791000207,
        "Q4": 0.8869929880280828
      }
    },
    "E20": {
      "arrival_rate_per_bh": 0.04739814441306978,
      "cm_priority_dist": {
        "1": 0.075,
        "2": 0.925,
        "3": 0.0,
        "4": 0.0
      },
      "logn_mu": 0.6698577875636839,
      "logn_sigma": 0.9143769638394503,
      "n_train": 940,
      "pm_priority_dist": {
        "4": 1.0
      },
      "pm_share": 0.9574468085106383,
      "quarter_mult": {
        "Q1": 1.1710579502443685,
        "Q2": 0.8779318858470698,
        "Q3": 1.0424885209855785,
        "Q4": 0.9155736908578647
      }
    },
    "MISC": {
      "arrival_rate_per_bh": 0.047246873739411055,
      "cm_priority_dist": {
        "1": 0.2345679012345679,
        "2": 0.37037037037037035,
        "3": 0.3950617283950617,
        "4": 0.0
      },
      "logn_mu": 1.023416388652555,
      "logn_sigma": 1.2803156240818907,
      "n_train": 937,
      "pm_priority_dist": {
        "4": 1.0
      },
      "pm_share": 0.7406616862326574,
      "quarter_mult": {
        "Q1": 0.7222550933324486,
        "Q2": 0.8671928782950452,
        "Q3": 1.5124256746455251,
        "Q4": 0.8500200614350992
      }
    }
  },
  "train_span_bh": 19832.0
}