{
  "campus": 1,
  "capacity": {
    "B20": 2,
    "C10": 5,
    "C30": 7,
    "D20": 15,
    "D30": 23,
    "D40": 10,
    "D50": 13,
    "D90": 7,
    "E10": 3,
    "E20": 3,
    "MISC": 6
  },
  "fit": {
    "labor_cap_quantile": 0.995,
    "p_bh_floor": 0.05,
    "train_end": "2017-12-31",
    "week_bh": 40.0
  },
  "labor_cap": 79.40999999999622,
  "n_train_total": 75860,
  "trades": {
    "B20": {
      "arrival_rate_per_bh": 0.07129277566539924,
      "cm_priority_dist": {
        "1": 0.0,
        "2": 0.8405797101449276,
        "3": 0.1449275362318841,
        "4": 0.014492753623188408
      },
      "logn_mu": 0.48408578813514724,
      "logn_sigma": 0.6635981998966116,
      "n_train": 750,
      "pm_priority_dist": {
        "4": 1.0
      },
      "pm_share": 0.816,
      "quarter_mult": {
        "Q1": 1.1271428571428572,
        "Q2": 1.3810871794871795,
        "Q3": 0.8526849037487336,
        "Q4": 0.6568534906588004
      }
    },
    "C10": {
      "arrival_rate_per_bh": 0.4231939163498099,
      "cm_priority_dist": {
        "1": 0.00363460140537921,
        "2": 0.774654712866489,
        "3": 0.19093772716258783,
        "4": 0.03077295856554398
      },
      "logn_mu": 0.6611609271893536,
      "logn_sigma": 0.7736106704453493,
      "n_train": 4452,
      "pm_priority_dist": {
        "4": 1.0
      },
      "pm_share": 0.07300089847259658,
      "quarter_mult": {
        "Q1": 0.9833531443750594,
        "Q2": 0.8988423526159375,
        "Q3": 1.0073202303803899,
        "Q4": 1.1056878086014836
      }
    },
    "C30": {
      "arrival_rate_per_bh": 0.2631178707224335,
      "cm_priority_dist": {
        "1": 0.006654343807763401,
        "2": 0.5297597042513863,
        "3": 0.3478743068391867,
        "4": 0.11571164510166358
      },
      "logn_mu": 1.1703687976576869,
      "logn_sigma": 1.1056823902904218,
      "n_train": 2768,
      "pm_priority_dist": {
        "4": 1.0
      },
      "pm_share": 0.022760115606936415,
      "quarter_mult": {
        "Q1": 1.2629249991024305,
        "Q2": 1.0144619831036015,
        "Q3": 0.8288494650104539,
        "Q4": 0.9024971439289308
      }
    },
    "D20": {
      "arrival_rate_per_bh": 1.6484790874524715,
      "cm_priority_dist": {
        "1": 0.01292696735233063,
        "2": 0.8849782977920362,
        "3": 0.08756369126250235,
        "4": 0.01453104359313078
      },
      "logn_mu": 0.6305856286099794,
      "logn_sigma": 0.8821540587507507,
      "n_train": 17342,
      "pm_priority_dist": {
        "4": 1.0
      },
      "pm_share": 0.3888824818360051,
      "quarter_mult": {
        "Q1": 1.156015697359156,
        "Q2": 1.032186865147308,
        "Q3": 0.8949485392912616,
        "Q4": 0.9229030821553145
      }
    },
    "D30": {
      "arrival_rate_per_bh": 1.6407794676806084,
      "cm_priority_dist": {
        "1": 0.004372906587272051,
        "2": 0.8782098995161891,
        "3": 0.07871231857089692,
        "4": 0.03870487532564198
      },
      "logn_mu": 0.8863721658498681,
      "logn_sigma": 0.967095975798128,
      "n_train": 17261,
      "pm_priority_dist": {
        "4": 1.0
      },
      "pm_share": 0.37732460459996525,
      "quarter_mult": {
        "Q1": 1.1027651464310635,
        "Q2": 1.0032755032465361,
        "Q3": 0.9491652299075749,
        "Q4": 0.9485832556179387
      }
    },
    "D40": {
      "arrival_rate_per_bh": 0.908745247148289,
      "cm_priority_dist": {
        "1": 0.0401854714064915,
        "2": 0.6908809891808346,
        "3": 0.21020092735703247,
        "4": 0.05873261205564142
      },
      "logn_mu": 0.5825783964809997,
      "logn_sigma": 0.7427314990157061,
      "n_train": 9560,
      "pm_priority_dist": {
        "4": 1.0
      },
      "pm_share": 0.9323221757322175,
      "quarter_mult": {
        "Q1": 1.1303210842277607,
        "Q2": 1.086028323141294,
        "Q3": 0.9691374903028068,
        "Q4": 0.8236907715283692
      }
    },
    "D50": {
      "arrival_rate_per_bh": 1.762167300380228,
      "cm_priority_dist": {
        "1": 0.010493523528447289,
        "2": 0.6883915395966553,
        "3": 0.2872602065912445,
        "4": 0.01385473028365306
      },
      "logn_mu": 0.5949796096721292,
      "logn_sigma": 0.7978892071622667,
      "n_train": 18538,
      "pm_priority_dist": {
        "4": 1.0
      },
      "pm_share": 0.3420002157730068,
      "quarter_mult": {
        "Q1": 1.0970750695733926,
        "Q2": 0.9948413653451953,
        "Q3": 0.9771401944121351,
        "Q4": 0.9349240704973059
      }
    },
    "D90": {
      "arrival_rate_per_bh": 0.13336501901140685,
      "cm_priority_dist": {
        "1": 0.0,
        "2": 0.0,
        "3": 1.0,
        "4": 0.0
      },
      "logn_mu": 0.739786549308045,
      "logn_sigma": 1.340784590563707,
      "n_train": 1403,
      "pm_priority_dist": {
        "4": 1.0
      },
      "pm_share": 1.0,
      "quarter_mult": {
        "Q1": 1.1730519782365207,
        "Q2": 1.3121881682109764,
        "Q3": 0.7577986381765518,
        "Q4": 0.7713874819445058
      }
    },
    "E10": {
      "arrival_rate_per_bh": 0.11948669201520913,
      "cm_priority_dist": {
        "1": 0.0019704433497536944,
        "2": 0.7921182266009852,
        "3": 0.16157635467980297,
        "4": 0.04433497536945813
      },
      "logn_mu": 0.6250862436990847,
      "logn_sigma": 0.9754303482653446,
      "n_train": 1257,
      "pm_priority_dist": {
        "4": 1.0
      },
      "pm_share": 0.19252187748607796,
      "quarter_mult": {
        "Q1": 0.886946145065892,
        "Q2": 1.1523652163270302,
        "Q3": 0.9857261342560688,
        "Q4": 0.9751644478237504
      }
    },
    "E20": {
      "arrival_rate_per_bh": 0.07937262357414449,
      "cm_priority_dist": {
        "1": 0.002881844380403458,
        "2": 0.5965417867435159,
        "3": 0.3242074927953891,
        "4": 0.07636887608069164
      },
      "logn_mu": 0.9004650225537822,
      "logn_sigma": 1.0077545166040347,
      "n_train": 835,
      "pm_priority_dist": {
        "4": 1.0
      },
      "pm_share": 0.1688622754491018,
      "quarter_mult": {
        "Q1": 1.3107449696879534,
        "Q2": 0.9497558728696454,
        "Q3": 0.8903408987496133,
        "Q4": 0.8594315793192376
      }
    },
    "MISC": {
      "arrival_rate_per_bh": 0.16102661596958176,
      "cm_priority_dist": {
        "1": 0.0055493895671476145,
        "2": 0.6814650388457271,
        "3": 0.24861265260821314,
        "4": 0.06437291897891233
      },
      "logn_mu": 0.6453293024162378,
      "logn_sigma": 1.181154168420014,
      "n_train": 1694,
      "pm_priority_dist": {
        "4": 1.0
      },
      "pm_share": 0.46812278630460447,
      "quarter_mult": {
        "Q1": 1.1306529438940507,
        "Q2": 1.127381709199891,
        "Q3": 1.0499689589217083,
        "Q4": 0.7052829176722982
      }
    }
  },
  "train_span_bh": 10520.0
}