{
  "campus": 12,
  "capacity": {
    "B20": 8,
    "B30": 6,
    "C10": 11,
    "C30": 14,
    "D20": 29,
    "D30": 42,
    "D40": 8,
    "D50": 23,
    "D90": 10,
    "E10": 8,
    "E20": 9,
    "MISC": 13,
    "UNK": 5
  },
  "fit": {
    "labor_cap_quantile": 0.995,
    "p_bh_floor": 0.05,
    "train_end": "2017-12-31",
    "week_bh": 40.0
  },
  "labor_cap": 90.86480000000446,
  "n_train_total": 34156,
  "trades": {
    "B20": {
      "arrival_rate_per_bh": 0.6884615384615385,
      "cm_priority_dist": {
        "1": 0.10453216374269006,
        "2": 0.15570175438596492,
        "3": 0.40789473684210525,
        "4": 0.33187134502923976
      },
      "logn_mu": 0.7200207717521586,
      "logn_sigma": 1.195591942624569,
      "n_train": 1432,
      "pm_priority_dist": {
        "4": 1.0
      },
      "pm_share": 0.0446927374301676,
      "quarter_mult": {
        "Q1": 0.7486033519553073,
        "Q2": 0.9022346368715084,
        "Q3": 1.4273743016759777,
        "Q4": 0.9217877094972067
      }
    },
    "B30": {
      "arrival_rate_per_bh": 0.14375,
      "cm_priority_dist": {
        "1": 0.18309859154929578,
        "2": 0.18309859154929578,
        "3": 0.23943661971830985,
        "4": 0.39436619718309857
      },
      "logn_mu": 1.922489998934862,
      "logn_sigma": 1.2516007672976726,
      "n_train": 299,
      "pm_priority_dist": {
        "4": 1.0
      },
      "pm_share": 0.05016722408026756,
      "quarter_mult": {
        "Q1": 0.7892976588628763,
        "Q2": 0.9364548494983278,
        "Q3": 1.0301003344481605,
        "Q4": 1.2441471571906355
      }
    },
    "C10": {
      "arrival_rate_per_bh": 2.6822115384615386,
      "cm_priority_dist": {
        "1": 0.05836909871244635,
        "2": 0.12296137339055795,
        "3": 0.3937768240343348,
        "4": 0.4248927038626609
      },
      "logn_mu": 0.06926425095802195,
      "logn_sigma": 0.9955997625493229,
      "n_train": 5579,
      "pm_priority_dist": {
        "4": 1.0
      },
      "pm_share": 0.16472486108621617,
      "quarter_mult": {
        "Q1": 0.8352751389137838,
        "Q2": 1.1557626814841369,
        "Q3": 1.2303280157734362,
        "Q4": 0.7786341638286431
      }
    },
    "C30": {
      "arrival_rate_per_bh": 0.6033653846153846,
      "cm_priority_dist": {
        "1": 0.08294392523364486,
        "2": 0.08644859813084112,
        "3": 0.3598130841121495,
        "4": 0.47079439252336447
      },
      "logn_mu": 1.5757341735021158,
      "logn_sigma": 1.381785347311016,
      "n_train": 1255,
      "pm_priority_dist": {
        "4": 1.0
      },
      "pm_share": 0.3179282868525896,
      "quarter_mult": {
        "Q1": 0.9593625498007968,
        "Q2": 1.10597609561753,
        "Q3": 1.0262948207171314,
        "Q4": 0.9083665338645418
      }
    },
    "D20": {
      "arrival_rate_per_bh": 2.9697115384615387,
      "cm_priority_dist": {
        "1": 0.1575991575991576,
        "2": 0.24219024219024218,
        "3": 0.3111618111618112,
        "4": 0.28904878904878906
      },
      "logn_mu": 0.8110980517158156,
      "logn_sigma": 1.1843336938932683,
      "n_train": 6177,
      "pm_priority_dist": {
        "4": 1.0
      },
      "pm_share": 0.07754573417516594,
      "quarter_mult": {
        "Q1": 1.074307916464303,
        "Q2": 0.9007608871620528,
        "Q3": 1.0762506070908209,
        "Q4": 0.9486805892828234
      }
    },
    "D30": {
      "arrival_rate_per_bh": 3.3149038461538463,
      "cm_priority_dist": {
        "1": 0.3963808025177026,
        "2": 0.17419354838709677,
        "3": 0.1932336742722266,
        "4": 0.23619197482297405
      },
      "logn_mu": 1.3037816630281966,
      "logn_sigma": 1.2530203828274042,
      "n_train": 6895,
      "pm_priority_dist": {
        "4": 1.0
      },
      "pm_share": 0.07831762146482958,
      "quarter_mult": {
        "Q1": 1.1202320522117477,
        "Q2": 0.907324147933285,
        "Q3": 0.8208846990572879,
        "Q4": 1.1515591007976795
      }
    },
    "D40": {
      "arrival_rate_per_bh": 0.3384615384615385,
      "cm_priority_dist": {
        "1": 0.45754716981132076,
        "2": 0.1289308176100629,
        "3": 0.21069182389937108,
        "4": 0.2028301886792453
      },
      "logn_mu": 1.4644005736065728,
      "logn_sigma": 1.1949915984627977,
      "n_train": 704,
      "pm_priority_dist": {
        "4": 1.0
      },
      "pm_share": 0.09659090909090909,
      "quarter_mult": {
        "Q1": 1.2443181818181819,
        "Q2": 0.9659090909090909,
        "Q3": 0.9034090909090909,
        "Q4": 0.8863636363636364
      }
    },
    "D50": {
      "arrival_rate_per_bh": 2.8115384615384613,
      "cm_priority_dist": {
        "1": 0.13053559007651286,
        "2": 0.14421516345930907,
        "3": 0.3039647577092511,
        "4": 0.42128448875492697
      },
      "logn_mu": 0.6545516528391803,
      "logn_sigma": 1.3203294806162187,
      "n_train": 5848,
      "pm_priority_dist": {
        "4": 1.0
      },
      "pm_share": 0.2624829001367989,
      "quarter_mult": {
        "Q1": 1.0861833105335157,
        "Q2": 0.9240766073871409,
        "Q3": 1.1258549931600548,
        "Q4": 0.8638850889192886
      }
    },
    "D90": {
      "arrival_rate_per_bh": 0.4,
      "cm_priority_dist": {
        "1": 0.0,
        "2": 0.01897810218978102,
        "3": 0.5751824817518248,
        "4": 0.4058394160583942
      },
      "logn_mu": 1.401054330370789,
      "logn_sigma": 1.18813139929572,
      "n_train": 832,
      "pm_priority_dist": {
        "4": 1.0
      },
      "pm_share": 0.17668269230769232,
      "quarter_mult": {
        "Q1": 1.1153846153846154,
        "Q2": 1.0817307692307692,
        "Q3": 0.9471153846153846,
        "Q4": 0.8557692307692307
      }
    },
    "E10": {
      "arrival_rate_per_bh": 0.8514423076923077,
      "cm_priority_dist": {
        "1": 0.15415657788539144,
        "2": 0.14527845036319612,
        "3": 0.4269572235673931,
        "4": 0.2736077481840194
      },
      "logn_mu": 0.9602416248119382,
      "logn_sigma": 1.1335915181449971,
      "n_train": 1771,
      "pm_priority_dist": {
        "4": 1.0
      },
      "pm_share": 0.30039525691699603,
      "quarter_mult": {
        "Q1": 1.0073404856013553,
        "Q2": 0.9237718802936195,
        "Q3": 1.127046866177301,
        "Q4": 0.9418407679277244
      }
    },
    "E20": {
      "arrival_rate_per_bh": 1.103846153846154,
      "cm_priority_dist": {
        "1": 0.011811023622047244,
        "2": 0.06594488188976377,
        "3": 0.4015748031496063,
        "4": 0.5206692913385826
      },
      "logn_mu": 0.31187014995287565,
      "logn_sigma": 1.3766348024685302,
      "n_train": 2296,
      "pm_priority_dist": {
        "4": 1.0
      },
      "pm_share": 0.5574912891986062,
      "quarter_mult": {
        "Q1": 0.740418118466899,
        "Q2": 0.8257839721254355,
        "Q3": 1.7421602787456445,
        "Q4": 0.6916376306620209
      }
    },
    "MISC": {
      "arrival_rate_per_bh": 0.38461538461538464,
      "cm_priority_dist": {
        "1": 0.2637729549248748,
        "2": 0.08347245409015025,
        "3": 0.2587646076794658,
        "4": 0.39398998330550916
      },
      "logn_mu": 1.7503529928631287,
      "logn_sigma": 1.4067218569503845,
      "n_train": 800,
      "pm_priority_dist": {
        "4": 1.0
      },
      "pm_share": 0.25125,
      "quarter_mult": {
        "Q1": 1.0,
        "Q2": 1.16,
        "Q3": 1.035,
        "Q4": 0.805
      }
    },
    "UNK": {
      "arrival_rate_per_bh": 0.12884615384615383,
      "cm_priority_dist": {
        "1": 0.21641791044776118,
        "2": 0.055970149253731345,
        "3": 0.376865671641791,
        "4": 0.35074626865671643
      },
      "logn_mu": 1.3655855110843895,
      "logn_sigma": 1.4648959498759575,
      "n_train": 268,
      "pm_priority_dist": {
        "4": 1.0
      },
      "pm_share": 0.0,
      "quarter_mult": {
        "Q1": 0.746268656716418,
        "Q2": 1.1343283582089552,