scope_type,scope,method,reference,family,n_configs,n_clusters,mean_ref,mean_method,mean_diff,ci_lo,ci_hi,margin,wilcoxon_p,holm_p,verdict,regime,crew_multiplier,u_bin
overall,ALL,atc,edd,rule-vs-rule,887,527,1428.0960668545658,1436.440227395716,8.34416054115001,1.98714832772509,14.207386584850092,14.280960668545658,7.35902745760126e-20,5.887221966081008e-19,equivalent,,,
overall,ALL,lpt,edd,rule-vs-rule,887,527,1428.0960668545658,14898.353685907554,13470.257619052987,11058.49128911133,16156.793512932452,14.280960668545658,2.5519063043943776e-60,3.062287565273253e-59,worse,,,
overall,ALL,pfifo,edd,rule-vs-rule,887,527,1428.0960668545658,1428.029585005637,-0.06648184892898812,-0.2112010944429497,0.008457930701655625,14.280960668545658,0.6858304344516057,0.6858304344516057,equivalent,,,
overall,ALL,random,edd,rule-vs-rule,887,527,1428.0960668545658,4790.174193686584,3362.0781268320175,2694.9458782388006,4086.582798905214,14.280960668545658,6.103514096208877e-63,9.155271144313316e-62,worse,,,
overall,ALL,wmdd,edd,rule-vs-rule,887,527,1428.0960668545658,1434.3142735062006,6.218206651634689,-0.15486583887515784,11.965909575452331,14.280960668545658,1.24992440898752e-18,6.2496220449376e-18,equivalent,,,
overall,ALL,wspt,edd,rule-vs-rule,887,527,1428.0960668545658,1678.3710122886132,250.2749454340474,202.1259066942777,302.22135631978233,14.280960668545658,8.901929918378347e-65,1.4243087869405355e-63,worse,,,
overall,ALL,rollcp2,edd,optimizer-vs-rule,160,64,515.9453837499999,510.40927375,-5.536109999999998,-16.358912123355267,1.3629760792520802,5.159453837499999,0.0004931852089917846,0.001479555626975354,inconclusive,,,
overall,ALL,v2rl301,edd,policy-vs-rule,887,527,1428.0960668545658,1462.6223954904174,34.52632863585128,17.040516665062704,55.68717230661702,14.280960668545658,0.16970222317996586,0.6788088927198634,worse,,,
overall,ALL,v2rl302,edd,policy-vs-rule,887,527,1428.0960668545658,1443.6361540022547,15.540087147688888,4.496061337208136,28.71856868281422,14.280960668545658,0.2777719014420592,0.8333157043261776,inconclusive,,,
overall,ALL,v2rl303,edd,policy-vs-rule,887,527,1428.0960668545658,1662.1289125140925,234.0328456595265,173.00227311639748,307.9008939309322,14.280960668545658,1.3307627384487881e-28,3.8592119415014855e-27,worse,,,
overall,ALL,v2rl304,edd,policy-vs-rule,887,527,1428.0960668545658,1428.31673416009,0.22066730552430514,-3.43126448486931,5.033491224925027,14.280960668545658,0.062134047276526404,0.310670236382632,equivalent,,,
overall,ALL,v2rl305,edd,policy-vs-rule,887,527,1428.0960668545658,1440.476807666291,12.380740811724895,3.821125540368351,22.716324338023803,14.280960668545658,0.028809315474526063,0.20166520832168244,inconclusive,,,
overall,ALL,v2rl306,edd,policy-vs-rule,887,527,1428.0960668545658,1457.7295161217587,29.633449267192827,15.597873715642718,46.400980068805055,14.280960668545658,0.2885199781635527,0.8333157043261776,worse,,,
overall,ALL,v2rl307,edd,policy-vs-rule,887,527,1428.0960668545658,1451.1049799323562,23.008913077790368,12.144678918685138,35.81643318128639,14.280960668545658,0.7338122362983621,0.8333157043261776,inconclusive,,,
overall,ALL,v2rl308,edd,policy-vs-rule,887,527,1428.0960668545658,1429.4361591882753,1.3400923337092152,-4.214665293946921,8.76945130657577,14.280960668545658,0.010224892961500767,0.0920240366535069,equivalent,,,
overall,ALL,v2rl309,edd,policy-vs-rule,887,527,1428.0960668545658,1629.2521087936868,201.1560419391207,146.80704131591384,264.03586925652445,14.280960668545658,1.766481181319565e-36,5.299443543958695e-35,worse,,,
overall,ALL,v2rl310,edd,policy-vs-rule,887,527,1428.0960668545658,1425.73302367531,-2.363043179255867,-6.887253145128201,2.1178534153908948,14.280960668545658,4.969424034736115e-05,0.0006957193648630561,equivalent,,,
overall,ALL,edd,atc,rule-vs-rule,887,527,1436.440227395716,1428.0960668545658,-8.34416054115001,-14.179401866372745,-1.8821424482292695,14.36440227395716,7.35902745760126e-20,5.887221966081008e-19,equivalent,,,
overall,ALL,lpt,atc,rule-vs-rule,887,527,1436.440227395716,14898.353685907554,13461.91345851184,11087.575434933524,16220.2595029823,14.36440227395716,8.510576400953854e-60,9.36163404104924e-59,worse,,,
overall,ALL,pfifo,atc,rule-vs-rule,887,527,1436.440227395716,1428.029585005637,-8.410642390079,-14.399771509294142,-2.0314754725865116,14.36440227395716,6.147712102592474e-20,5.532940892333227e-19,inconclusive,,,
overall,ALL,random,atc,rule-vs-rule,887,527,1436.440227395716,4790.174193686584,3353.733966290867,2676.4475085296494,4090.0097437713885,14.36440227395716,7.4375009051156714e-62,1.041250126716194e-60,worse,,,
overall,ALL,wmdd,atc,rule-vs-rule,887,527,1436.440227395716,1434.3142735062006,-2.125953889515324,-3.904676115147177,-0.4488908031647781,14.36440227395716,3.155106726196667e-05,9.465320178590002e-05,equivalent,,,
overall,ALL,wspt,atc,rule-vs-rule,887,527,1436.440227395716,1678.3710122886132,241.93078489289738,196.58999542125753,291.12297053826063,14.36440227395716,2.2000912048811309e-66,3.960164168786035e-65,worse,,,
overall,ALL,rollcp2,atc,optimizer-vs-rule,160,64,513.86338,510.40927375,-3.454106249999994,-8.230957927350438,0.4209151395827302,5.1386338,0.031600493046739175,0.031600493046739175,inconclusive,,,
overall,ALL,v2rl301,atc,policy-vs-rule,887,527,1436.440227395716,1462.6223954904174,26.18216809470126,9.773118977445565,45.4838141604246,14.36440227395716,0.0009131476956353786,0.010044624651989164,inconclusive,,,
overall,ALL,v2rl302,atc,policy-vs-rule,887,527,1436.440227395716,1443.6361540022547,7.195926606538876,-2.5776455054287557,18.810338360942012,14.36440227395716,3.992310406387732e-06,5.988465609581597e-05,inconclusive,,,
overall,ALL,v2rl303,atc,policy-vs-rule,887,527,1436.440227395716,1662.1289125140925,225.68868511837647,167.0182150383605,294.7399330024826,14.36440227395716,8.355645866809296e-17,2.088911466702324e-15,worse,,,
overall,ALL,v2rl304,atc,policy-vs-rule,887,527,1436.440227395716,1428.31673416009,-8.123493235625705,-14.73465826855765,-0.5292013205530331,14.36440227395716,2.3265985135409157e-12,5.351176581144106e-11,inconclusive,,,
overall,ALL,v2rl305,atc,policy-vs-rule,887,527,1436.440227395716,1440.476807666291,4.036580270574884,-6.548126659871654,16.39451728063453,14.36440227395716,2.5938118638684158e-09,4.92824254134999e-08,inconclusive,,,
overall,ALL,v2rl306,atc,policy-vs-rule,887,527,1436.440227395716,1457.7295161217587,21.28928872604282,5.826140653607839,40.101317719221754,14.36440227395716,0.0018807319370453654,0.018807319370453653,inconclusive,,,
overall,ALL,v2rl307,atc,policy-vs-rule,887,527,1436.440227395716,1451.1049799323562,14.66475253664036,1.5759385020032088,30.820529611019474,14.36440227395716,1.1039238249670196e-06,1.7662781199472313e-05,inconclusive,,,
overall,ALL,v2rl308,atc,policy-vs-rule,887,527,1436.440227395716,1429.4361591882753,-7.004068207440793,-15.060618026270427,2.440347666619365,14.36440227395716,9.653074267607774e-11,2.0271455961976325e-09,inconclusive,,,
overall,ALL,v2rl309,atc,policy-vs-rule,887,527,1436.440227395716,1629.2521087936868,192.81188139797075,140.56692708004107,254.16264784020996,14.36440227395716,4.014930933056909e-23,1.0840313519253654e-21,worse,,,
overall,ALL,v2rl310,atc,policy-vs-rule,887,527,1436.440227395716,1425.73302367531,-10.707203720405875,-16.404784787893718,-5.31116712017003,14.36440227395716,8.263180567203367e-14,1.983163336128808e-12,inconclusive,,,
overall,ALL,atc,wmdd,rule-vs-rule,887,527,1434.3142735062006,1436.440227395716,2.125953889515324,0.4440730774531318,3.9646626918267773,14.343142735062006,3.155106726196667e-05,9.465320178590002e-05,equivalent,,,
overall,ALL,edd,wmdd,rule-vs-rule,887,527,1434.3142735062006,1428.0960668545658,-6.218206651634689,-11.899805122026095,0.2655890470802055,14.343142735062006,1.24992440898752e-18,6.2496220449376e-18,equivalent,,,
overall,ALL,lpt,wmdd,rule-vs-rule,887,527,1434.3142735062006,14898.353685907554,13464.039412401353,11033.050784461206,16101.665272689253,14.343142735062006,1.2428383158463783e-59,1.2428383158463783e-58,worse,,,
overall,ALL,pfifo,wmdd,rule-vs-rule,887,527,1434.3142735062006,1428.029585005637,-6.284688500563676,-12.003717349971858,0.20190457746528243,14.343142735062006,6.749879603023988e-19,4.0499277618143925e-18,equivalent,,,
overall,ALL,random,wmdd,rule-vs-rule,887,527,1434.3142735062006,4790.174193686584,3355.8599201803827,2673.1834627051744,4114.9138217872405,14.343142735062006,1.2547410139225402e-61,1.6311633180993023e-60,worse,,,
overall,ALL,wspt,wmdd,rule-vs-rule,887,527,1434.3142735062006,1678.3710122886132,244.05673878241276,198.17872101466548,295.2858050279534,14.343142735062006,5.244524901533404e-66,8.915692332606788e-65,worse,,,
overall,ALL,rollcp2,wmdd,optimizer-vs-rule,160,64,511.93480375,510.40927375,-1.5255299999999998,-4.298483520950601,1.1329692628205168,5.1193480375,0.005401636006228212,0.010803272012456424,equivalent,,,
overall,ALL,v2rl301,wmdd,policy-vs-rule,887,527,1434.3142735062006,1462.6223954904174,28.30812198421658,10.939620787005033,48.95817340432715,14.343142735062006,0.021842723115315044,0.17474178492252035,inconclusive,,,
overall,ALL,v2rl302,wmdd,policy-vs-rule,887,527,1434.3142735062006,1443.6361540022547,9.3218804960542,-0.7557307179978787,21.402652398670387,14.343142735062006,0.0005497914442031954,0.006597497330438344,inconclusive,,,
overall,ALL,v2rl303,wmdd,policy-vs-rule,887,527,1434.3142735062006,1662.1289125140925,227.81463900789177,166.430543411752,296.9954698349098,14.343142735062006,9.746544653294698e-19,2.5341016098566216e-17,worse,,,
overall,ALL,v2rl304,wmdd,policy-vs-rule,887,527,1434.3142735062006,1428.31673416009,-5.997539346110382,-12.517722650227192,1.6379824015870723,14.343142735062006,1.1409183317448728e-09,2.2818366634897457e-08,equivalent,,,
overall,ALL,v2rl305,wmdd,policy-vs-rule,887,527,1434.3142735062006,1440.476807666291,6.162534160090209,-4.422699509536227,18.87562754339584,14.343142735062006,6.393835835536898e-07,1.0869520920412726e-05,inconclusive,,,
overall,ALL,v2rl306,wmdd,policy-vs-rule,887,527,1434.3142735062006,1457.7295161217587,23.415242615558142,7.501311062430541,42.99602162296471,14.343142735062006,0.03002762422663665,0.20166520832168244,inconclusive,,,
overall,ALL,v2rl307,wmdd,policy-vs-rule,887,527,1434.3142735062006,1451.1049799323562,16.790706426155683,3.3206157566363634,32.972478703603926,14.343142735062006,9.812555668948296e-05,0.0012756322369632785,inconclusive,,,
overall,ALL,v2rl308,wmdd,policy-vs-rule,887,527,1434.3142735062006,1429.4361591882753,-4.878114317925469,-12.773073832736697,5.097149251196169,14.343142735062006,5.621576380013985e-08,1.0118837484025174e-06,equivalent,,,
overall,ALL,v2rl309,wmdd,policy-vs-rule,887,527,1434.3142735062006,1629.2521087936868,194.93783528748605,141.9622442399125,256.3392945536373,14.343142735062006,1.7888510303902193e-25,5.0087828850926136e-24,worse,,,
overall,ALL,v2rl310,wmdd,policy-vs-rule,887,527,1434.3142735062006,1425.73302367531,-8.581249830890552,-14.217422800657264,-2.978920649230984,14.343142735062006,6.818717877667313e-11,1.500117933086809e-09,equivalent,,,
scope,regime=final-empirical|crew_multiplier=0.6,atc,edd,rule-vs-rule,180,180,451.7136088888889,456.44054111111114,4.726932222222232,1.7852563888888913,8.03822344444446,4.517136088888889,0.00011890609974290849,0.0009512487979432679,inconclusive,final-empirical,0.6,
scope,regime=final-empirical|crew_multiplier=0.6,lpt,edd,rule-vs-rule,180,180,451.7136088888889,536.7492233333334,85.03561444444443,18.657475416666664,190.2497416666666,4.517136088888889,1.2499734857520773e-05,0.00014999681829024929,worse,final-empirical,0.6,
scope,regime=final-empirical|crew_multiplier=0.6,pfifo,edd,rule-vs-rule,180,180,451.7136088888889,451.7136088888889,0.0,0.0,0.0,4.517136088888889,1.0,1.0,equivalent,final-empirical,0.6,
scope,regime=final-empirical|crew_multiplier=0.6,random,edd,rule-vs-rule,180,180,451.7136088888889,479.31515777777776,27.60154888888888,7.573270805555552,61.797262777777775,4.517136088888889,1.1957750927807627e-08,1.793662639171144e-07,worse,final-empirical,0.6,
scope,regime=final-empirical|crew_multiplier=0.6,wmdd,edd,rule-vs-rule,180,180,451.7136088888889,455.0836822222222,3.3700733333333304,1.7056746666666636,5.393562416666665,4.517136088888889,1.821529714896801e-05,0.00020036826863864811,inconclusive,final-empirical,0.6,
scope,regime=final-empirical|crew_multiplier=0.6,wspt,edd,rule-vs-rule,180,180,451.7136088888889,463.7768022222222,12.063193333333338,6.359901861111122,18.92977272222225,4.517136088888889,1.3715752508367479e-09,2.3316779264224714e-08,worse,final-empirical,0.6,
scope,regime=final-empirical|crew_multiplier=0.6,rollcp2,edd,optimizer-vs-rule,48,48,510.69773333333325,510.04646249999996,-0.6512708333333269,-2.026023645833311,0.3872737500000002,5.106977333333332,0.17021959595917513,0.5106587878775254,equivalent,final-empirical,0.6,
scope,regime=final-empirical|crew_multiplier=0.6,v2rl301,edd,policy-vs-rule,180,180,451.7136088888889,451.6493433333334,-0.06426555555555764,-2.4798190555555526,2.8103440555555266,4.517136088888889,0.048674875673469,0.2157005702957352,equivalent,final-empirical,0.6,
scope,regime=final-empirical|crew_multiplier=0.6,v2rl302,edd,policy-vs-rule,180,180,451.7136088888889,450.2457377777778,-1.4678711111111056,-3.047151666666654,0.01652230555555226,4.517136088888889,0.0012433854792003867,0.019894167667206187,equivalent,final-empirical,0.6,
scope,regime=final-empirical|crew_multiplier=0.6,v2rl303,edd,policy-vs-rule,180,180,451.7136088888889,450.34826333333336,-1.3653455555555543,-3.0636113611111098,0.3227443888888819,4.517136088888889,0.00723749486912432,0.07961244356036752,equivalent,final-empirical,0.6,
scope,regime=final-empirical|crew_multiplier=0.6,v2rl304,edd,policy-vs-rule,180,180,451.7136088888889,450.5671966666667,-1.1464122222222122,-2.5114984444444266,0.011359944444461634,4.517136088888889,0.032427612126453696,0.2157005702957352,equivalent,final-empirical,0.6,
scope,regime=final-empirical|crew_multiplier=0.6,v2rl305,edd,policy-vs-rule,180,180,451.7136088888889,450.53495888888887,-1.1786500000000015,-3.2806229999999825,1.1268676944444407,4.517136088888889,0.019136708854110035,0.15855887069854147,equivalent,final-empirical,0.6,
scope,regime=final-empirical|crew_multiplier=0.6,v2rl306,edd,policy-vs-rule,180,180,451.7136088888889,453.91020555555554,2.1965966666666636,-0.9702067222222238,6.216390166666665,4.517136088888889,0.25281290101640796,0.25281290101640796,inconclusive,final-empirical,0.6,
scope,regime=final-empirical|crew_multiplier=0.6,v2rl307,edd,policy-vs-rule,180,180,451.7136088888889,451.133908888889,-0.5797000000000025,-2.78892949999998,1.977695999999979,4.517136088888889,0.030814367185105027,0.2157005702957352,equivalent,final-empirical,0.6,
scope,regime=final-empirical|crew_multiplier=0.6,v2rl308,edd,policy-vs-rule,180,180,451.7136088888889,450.9750855555555,-0.7385233333333421,-1.7270597222222386,0.1379898888888834,4.517136088888889,0.11241357383313315,0.2248271476662663,equivalent,final-empirical,0.6,
scope,regime=final-empirical|crew_multiplier=0.6,v2rl309,edd,policy-vs-rule,180,180,451.7136088888889,453.4443677777777,1.7307588888888956,0.18460119444446174,3.761683027777767,4.517136088888889,0.07155485678840796,0.2157005702957352,equivalent,final-empirical,0.6,
scope,regime=final-empirical|crew_multiplier=0.6,v2rl310,edd,policy-vs-rule,180,180,451.7136088888889,450.37308222222225,-1.3405266666666587,-2.5932355000000054,-0.2813596111111049,4.517136088888889,0.003940289016585944,0.04728346819903133,equivalent,final-empirical,0.6,
scope,regime=final-empirical|crew_multiplier=0.6,edd,atc,rule-vs-rule,180,180,456.44054111111114,451.7136088888889,-4.726932222222232,-8.025398777777793,-1.8469784166666656,4.564405411111111,0.00011890609974290849,0.0009512487979432679,inconclusive,final-empirical,0.6,
scope,regime=final-empirical|crew_multiplier=0.6,lpt,atc,rule-vs-rule,180,180,456.44054111111114,536.7492233333334,80.3086822222222,16.484477444444433,185.8316640277776,4.564405411111111,0.0006040525666137902,0.0024162102664551607,worse,final-empirical,0.6,
scope,regime=final-empirical|crew_multiplier=0.6,pfifo,atc,rule-vs-rule,180,180,456.44054111111114,451.7136088888889,-4.726932222222232,-8.08726991666668,-1.7914562777777812,4.564405411111111,0.00011890609974290849,0.0009512487979432679,inconclusive,final-empirical,0.6,
scope,regime=final-empirical|crew_multiplier=0.6,random,atc,rule-vs-rule,180,180,456.44054111111114,479.31515777777776,22.874616666666654,5.374121055555547,54.37538266666665,4.564405411111111,2.31535670195526e-08,3.2414993827373637e-07,worse,final-empirical,0.6,
scope,regime=final-empirical|crew_multiplier=0.6,wmdd,atc,rule-vs-rule,180,180,456.44054111111114,455.0836822222222,-1.3568588888889024,-3.153849555555574,0.5346302499999915,4.564405411111111,0.006308526046010378,0.018925578138031134,equivalent,final-empirical,0.6,
scope,regime=final-empirical|crew_multiplier=0.6,wspt,atc,rule-vs-rule,180,180,456.44054111111114,463.7768022222222,7.336261111111104,4.300597833333326,11.15829755555554,4.564405411111111,3.704361412490384e-10,6.667850542482692e-09,inconclusive,final-empirical,0.6,
scope,regime=final-empirical|crew_multiplier=0.6,rollcp2,atc,optimizer-vs-rule,48,48,515.1568375,510.04646249999996,-5.110374999999994,-11.642916458333318,-0.5158442708333317,5.151568375000001,0.9316900688045499,1.0,inconclusive,final-empirical,0.6,
scope,regime=final-empirical|crew_multiplier=0.6,v2rl301,atc,policy-vs-rule,180,180,456.44054111111114,451.6493433333334,-4.791197777777791,-8.883719722222214,-1.0822443611111314,4.564405411111111,0.0020928377886427884,0.031392566829641824,inconclusive,final-empirical,0.6,
scope,regime=final-empirical|crew_multiplier=0.6,v2rl302,atc,policy-vs-rule,180,180,456.44054111111114,450.2457377777778,-6.194803333333338,-10.341720444444448,-2.4698301944444516,4.564405411111111,6.944066746215754e-05,0.001805457354016096,inconclusive,final-empirical,0.6,
scope,regime=final-empirical|crew_multiplier=0.6,v2rl303,atc,policy-vs-rule,180,180,456.44054111111114,450.34826333333336,-6.092277777777787,-10.408246750000012,-2.340388111111116,4.564405411111111,8.182189731955665e-05,0.002045547432988916,inconclusive,final-empirical,0.6,
scope,regime=final-empirical|crew_multiplier=0.6,v2rl304,atc,policy-vs-rule,180,180,456.44054111111114,450.5671966666667,-5.873344444444446,-10.06444411111113,-2.392701388888891,4.564405411111111,0.00013273589812356102,0.0029201897587183426,inconclusive,final-empirical,0.6,
scope,regime=final-empirical|crew_multiplier=0.6,v2rl305,atc,policy-vs-rule,180,180,456.44054111111114,450.53495888888887,-5.905582222222234,-10.096616833333387,-2.1380871666666588,4.564405411111111,0.00023828896387732192,0.004527490313669116,inconclusive,final-empirical,0.6,
scope,regime=final-empirical|crew_multiplier=0.6,v2rl306,atc,policy-vs-rule,180,180,456.44054111111114,453.91020555555554,-2.53033555555557,-6.442718888888895,1.0128960277777599,4.564405411111111,0.015855887069854146,0.15855887069854147,inconclusive,final-empirical,0.6,
scope,regime=final-empirical|crew_multiplier=0.6,v2rl307,atc,policy-vs-rule,180,180,456.44054111111114,451.133908888889,-5.306632222222236,-9.573628000000015,-1.4501194444444696,4.564405411111111,0.0003587552389978604,0.0060988390629636265,inconclusive,final-empirical,0.6,
scope,regime=final-empirical|crew_multiplier=0.6,v2rl308,atc,policy-vs-rule,180,180,456.44054111111114,450.9750855555555,-5.465455555555574,-9.305482527777807,-2.1154798333333344,4.564405411111111,0.00010024109986649712,0.002405786396795931,inconclusive,final-empirical,0.6,
scope,regime=final-empirical|crew_multiplier=0.6,v2rl309,atc,policy-vs-rule,180,180,456.44054111111114,453.4443677777777,-2.9961733333333376,-5.59323233333334,-0.7271180833333406,4.564405411111111,0.0022963469943226514,0.032148857920517124,inconclusive,final-empirical,0.6,
scope,regime=final-empirical|crew_multiplier=0.6,v2rl310,atc,policy-vs-rule,180,180,456.44054111111114,450.37308222222225,-6.067458888888891,-10.065041222222233,-2.6346413611111186,4.564405411111111,0.0001220143180257783,0.0028063293145929005,inconclusive,final-empirical,0.6,
scope,regime=final-empirical|crew_multiplier=0.6,atc,wmdd,rule-vs-rule,180,180,455.0836822222222,456.44054111111114,1.3568588888889024,-0.5234828888888744,3.1859895833333507,4.550836822222222,0.006308526046010378,0.018925578138031134,equivalent,final-empirical,0.6,
scope,regime=final-empirical|crew_multiplier=0.6,edd,wmdd,rule-vs-rule,180,180,455.0836822222222,451.7136088888889,-3.3700733333333304,-5.323724777777777,-1.700068444444441,4.550836822222222,1.821529714896801e-05,0.00020036826863864811,inconclusive,final-empirical,0.6,
scope,regime=final-empirical|crew_multiplier=0.6,lpt,wmdd,rule-vs-rule,180,180,455.0836822222222,536.7492233333334,81.66554111111111,16.65527511111111,186.01839094444438,4.550836822222222,0.00037297862528716183,0.0018648931264358092,worse,final-empirical,0.6,
scope,regime=final-empirical|crew_multiplier=0.6,pfifo,wmdd,rule-vs-rule,180,180,455.0836822222222,451.7136088888889,-3.3700733333333304,-5.323728166666654,-1.6826265833333367,4.550836822222222,1.821529714896801e-05,0.00020036826863864811,inconclusive,final-empirical,0.6,
scope,regime=final-empirical|crew_multiplier=0.6,random,wmdd,rule-vs-rule,180,180,455.0836822222222,479.31515777777776,24.23147555555556,5.675772749999996,57.35910211111104,4.550836822222222,2.2316724856385043e-07,2.9011742313300558e-06,worse,final-empirical,0.6,
scope,regime=final-empirical|crew_multiplier=0.6,wspt,wmdd,rule-vs-rule,180,180,455.0836822222222,463.7768022222222,8.693120000000006,4.344515777777768,13.839336250000017,4.550836822222222,3.3833353035890285e-09,5.4133364857424456e-08,inconclusive,final-empirical,0.6,
scope,regime=final-empirical|crew_multiplier=0.6,rollcp2,wmdd,optimizer-vs-rule,48,48,513.6243833333333,510.04646249999996,-3.5779208333333457,-7.911094687500044,-0.35535510416666855,5.136243833333333,0.8863972494842908,1.0,inconclusive,final-empirical,0.6,
scope,regime=final-empirical|crew_multiplier=0.6,v2rl301,wmdd,policy-vs-rule,180,180,455.0836822222222,451.6493433333334,-3.4343388888888877,-6.633132333333327,-0.28543388888888827,4.550836822222222,0.0029472179607470846,0.038313833489712096,inconclusive,final-empirical,0.6,
scope,regime=final-empirical|crew_multiplier=0.6,v2rl302,wmdd,policy-vs-rule,180,180,455.0836822222222,450.2457377777778,-4.837944444444435,-7.868648888888888,-2.160718888888885,4.550836822222222,3.458491896137269e-05,0.0010375475688411807,inconclusive,final-empirical,0.6,
scope,regime=final-empirical|crew_multiplier=0.6,v2rl303,wmdd,policy-vs-rule,180,180,455.0836822222222,450.34826333333336,-4.735418888888884,-7.857153194444429,-1.9479555555555554,4.550836822222222,0.00014305384791016862,0.003004130806113541,inconclusive,final-empirical,0.6,
scope,regime=final-empirical|crew_multiplier=0.6,v2rl304,wmdd,policy-vs-rule,180,180,455.0836822222222,450.5671966666667,-4.516485555555542,-7.4869489722221925,-2.1606954999999934,4.550836822222222,5.5648397659557105e-05,0.001613803532127156,inconclusive,final-empirical,0.6,
scope,regime=final-empirical|crew_multiplier=0.6,v2rl305,wmdd,policy-vs-rule,180,180,455.0836822222222,450.53495888888887,-4.5487233333333315,-7.93038680555554,-1.3663746111111132,4.550836822222222,0.0003048068648761745,0.005486523567771141,inconclusive,final-empirical,0.6,
scope,regime=final-empirical|crew_multiplier=0.6,v2rl306,wmdd,policy-vs-rule,180,180,455.0836822222222,453.91020555555554,-1.1734766666666667,-4.408650999999997,2.259773583333333,4.550836822222222,0.04276119836352022,0.2157005702957352,equivalent,final-empirical,0.6,
scope,regime=final-empirical|crew_multiplier=0.6,v2rl307,wmdd,policy-vs-rule,180,180,455.0836822222222,451.133908888889,-3.949773333333332,-7.090957916666659,-1.0066350833333368,4.550836822222222,0.00014771976188914803,0.003004130806113541,inconclusive,final-empirical,0.6,
scope,regime=final-empirical|crew_multiplier=0.6,v2rl308,wmdd,policy-vs-rule,180,180,455.0836822222222,450.9750855555555,-4.1085966666666724,-6.7142877777777645,-1.9602590000000084,4.550836822222222,6.32604563950427e-05,0.001708032322666153,inconclusive,final-empirical,0.6,
scope,regime=final-empirical|crew_multiplier=0.6,v2rl309,wmdd,policy-vs-rule,180,180,455.0836822222222,453.4443677777777,-1.6393144444444345,-3.276472111111103,-0.26621772222221574,4.550836822222222,0.017544485258678084,0.15855887069854147,equivalent,final-empirical,0.6,
scope,regime=final-empirical|crew_multiplier=0.6,v2rl310,wmdd,policy-vs-rule,180,180,455.0836822222222,450.37308222222225,-4.710599999999988,-7.347332805555539,-2.4103510833333175,4.550836822222222,5.877456668415793e-05,0.001645687867156422,inconclusive,final-empirical,0.6,
scope,regime=final-empirical|crew_multiplier=0.8,atc,edd,rule-vs-rule,180,180,446.6359855555555,448.1663633333332,1.530377777777769,0.5372475277777722,2.7359371666666505,4.466359855555555,0.0023655770533978757,0.02838692464077451,equivalent,final-empirical,0.8,
scope,regime=final-empirical|crew_multiplier=0.8,lpt,edd,rule-vs-rule,180,180,446.6359855555555,455.3309055555556,8.69492,1.1388835000000046,20.419061805555536,4.466359855555555,0.0176206611104818,0.1057239666628908,inconclusive,final-empirical,0.8,
scope,regime=final-empirical|crew_multiplier=0.8,pfifo,edd,rule-vs-rule,180,180,446.6359855555555,446.6359855555555,0.0,0.0,0.0,4.466359855555555,1.0,1.0,equivalent,final-empirical,0.8,
scope,regime=final-empirical|crew_multiplier=0.8,random,edd,rule-vs-rule,180,180,446.6359855555555,450.5859366666666,3.949951111111111,1.5817271666666666,7.158403694444443,4.466359855555555,6.9487600923465525e-06,0.00010423140138519828,inconclusive,final-empirical,0.8,
scope,regime=final-empirical|crew_multiplier=0.8,wmdd,edd,rule-vs-rule,180,180,446.6359855555555,447.546668888889,0.9106833333333355,0.2962533333333324,1.6517581388888891,4.466359855555555,0.005033508200606249,0.04530157380545624,equivalent,final-empirical,0.8,
scope,regime=final-empirical|crew_multiplier=0.8,wspt,edd,rule-vs-rule,180,180,446.6359855555555,450.36247,3.726484444444435,2.1386810833333336,5.543229111111092,4.466359855555555,2.4735962576351706e-07,4.452473263743307e-06,inconclusive,final-empirical,0.8,
scope,regime=final-empirical|crew_multiplier=0.8,rollcp2,edd,optimizer-vs-rule,48,48,506.54738333333336,506.0364666666667,-0.5109166666666655,-1.3409622916666668,0.06278083333333422,5.065473833333334,0.028524000718169275,0.08557200215450783,equivalent,final-empirical,0.8,
scope,regime=final-empirical|crew_multiplier=0.8,v2rl301,edd,policy-vs-rule,180,180,446.6359855555555,446.28743666666657,-0.348548888888889,-0.9317996666666671,0.19660252777777606,4.466359855555555,0.12404279309009482,0.5151574666800829,equivalent,final-empirical,0.8,
scope,regime=final-empirical|crew_multiplier=0.8,v2rl302,edd,policy-vs-rule,180,180,446.6359855555555,446.3246544444444,-0.3113311111111099,-0.8426455277777752,0.18985944444444447,4.466359855555555,0.04132685891250041,0.4255764901684467,equivalent,final-empirical,0.8,
scope,regime=final-empirical|crew_multiplier=0.8,v2rl303,edd,policy-vs-rule,180,180,446.6359855555555,446.31832333333347,-0.317662222222224,-0.7747231944444481,0.07530172222222148,4.466359855555555,0.03546470751403722,0.4255764901684467,equivalent,final-empirical,0.8,
scope,regime=final-empirical|crew_multiplier=0.8,v2rl304,edd,policy-vs-rule,180,180,446.6359855555555,446.63492999999994,-0.0010555555555577536,-0.4134044722222233,0.4424243333333339,4.466359855555555,0.972125329731665,0.972125329731665,equivalent,final-empirical,0.8,
scope,regime=final-empirical|crew_multiplier=0.8,v2rl305,edd,policy-vs-rule,180,180,446.6359855555555,446.3163366666667,-0.31964888888888776,-0.822623833333331,0.19599125000000012,4.466359855555555,0.0735939238114404,0.5151574666800829,equivalent,final-empirical,0.8,
scope,regime=final-empirical|crew_multiplier=0.8,v2rl306,edd,policy-vs-rule,180,180,446.6359855555555,446.7369966666667,0.10101111111111279,-0.5416589166666619,0.9345437500000006,4.466359855555555,0.33053567270784123,0.6610713454156825,equivalent,final-empirical,0.8,
scope,regime=final-empirical|crew_multiplier=0.8,v2rl307,edd,policy-vs-rule,180,180,446.6359855555555,446.29960777777774,-0.3363777777777764,-0.8823878055555517,0.18449208333333034,4.466359855555555,0.07473549830588254,0.5151574666800829,equivalent,final-empirical,0.8,
scope,regime=final-empirical|crew_multiplier=0.8,v2rl308,edd,policy-vs-rule,180,180,446.6359855555555,446.4653388888888,-0.17064666666666772,-0.5668582777777785,0.29385533333332975,4.466359855555555,0.09948088075636449,0.5151574666800829,equivalent,final-empirical,0.8,
scope,regime=final-empirical|crew_multiplier=0.8,v2rl309,edd,policy-vs-rule,180,180,446.6359855555555,447.14385666666664,0.5078711111111116,0.11244874999999992,0.9988868611111112,4.466359855555555,0.030286568823091303,0.39372539470018697,equivalent,final-empirical,0.8,
scope,regime=final-empirical|crew_multiplier=0.8,v2rl310,edd,policy-vs-rule,180,180,446.6359855555555,446.37114777777776,-0.26483777777777856,-0.7824089166666711,0.2544220555555543,4.466359855555555,0.17873740941968186,0.5362122282590456,equivalent,final-empirical,0.8,
scope,regime=final-empirical|crew_multiplier=0.8,edd,atc,rule-vs-rule,180,180,448.1663633333332,446.6359855555555,-1.530377777777769,-2.722311249999989,-0.5519055277777716,4.481663633333333,0.0023655770533978757,0.02838692464077451,equivalent,final-empirical,0.8,
scope,regime=final-empirical|crew_multiplier=0.8,lpt,atc,rule-vs-rule,180,180,448.1663633333332,455.3309055555556,7.164542222222232,-0.05842188888886534,18.705747111111133,4.481663633333333,0.20456441569175576,0.4091288313835115,inconclusive,final-empirical,0.8,
scope,regime=final-empirical|crew_multiplier=0.8,pfifo,atc,rule-vs-rule,180,180,448.1663633333332,446.6359855555555,-1.530377777777769,-2.737414833333329,-0.5336582222222204,4.481663633333333,0.0023655770533978757,0.02838692464077451,equivalent,final-empirical,0.8,
scope,regime=final-empirical|crew_multiplier=0.8,random,atc,rule-vs-rule,180,180,448.1663633333332,450.5859366666666,2.419573333333342,0.6566174999999972,4.941795722222238,4.481663633333333,0.0017063576642319274,0.022182649635015057,inconclusive,final-empirical,0.8,
scope,regime=final-empirical|crew_multiplier=0.8,wmdd,atc,rule-vs-rule,180,180,448.1663633333332,447.546668888889,-0.6196944444444333,-1.3511301111111063,-0.0616143055555544,4.481663633333333,0.05046060861109359,0.25230304305546797,equivalent,final-empirical,0.8,
scope,regime=final-empirical|crew_multiplier=0.8,wspt,atc,rule-vs-rule,180,180,448.1663633333332,450.36247,2.196106666666666,1.3472104999999985,3.1606388333333353,4.481663633333333,3.631423132845855e-07,6.173419325837953e-06,equivalent,final-empirical,0.8,
scope,regime=final-empirical|crew_multiplier=0.8,rollcp2,atc,optimizer-vs-rule,48,48,507.82965416666667,506.0364666666667,-1.7931874999999977,-4.880040416666656,-0.017181875000002962,5.078296541666667,0.113725149057248,0.113725149057248,equivalent,final-empirical,0.8,
scope,regime=final-empirical|crew_multiplier=0.8,v2rl301,atc,policy-vs-rule,180,180,448.1663633333332,446.28743666666657,-1.8789266666666578,-3.4105154444444357,-0.6037129444444378,4.481663633333333,0.004455352355471741,0.10714238248703715,equivalent,final-empirical,0.8,
scope,regime=final-empirical|crew_multiplier=0.8,v2rl302,atc,policy-vs-rule,180,180,448.1663633333332,446.3246544444444,-1.8417088888888786,-3.33414666666665,-0.6245524999999963,4.481663633333333,0.002282193441519148,0.0661836098040553,equivalent,final-empirical,0.8,
scope,regime=final-empirical|crew_multiplier=0.8,v2rl303,atc,policy-vs-rule,180,180,448.1663633333332,446.31832333333347,-1.8480399999999928,-3.2639886111111,-0.6814102777777811,4.481663633333333,0.0011233790034369743,0.03370137010310923,equivalent,final-empirical,0.8,
scope,regime=final-empirical|crew_multiplier=0.8,v2rl304,atc,policy-vs-rule,180,180,448.1663633333332,446.63492999999994,-1.5314333333333268,-2.786942944444419,-0.49869622222222276,4.481663633333333,0.003765222173888809,0.09789577652110903,equivalent,final-empirical,0.8,
scope,regime=final-empirical|crew_multiplier=0.8,v2rl305,atc,policy-vs-rule,180,180,448.1663633333332,446.3163366666667,-1.8500266666666565,-3.3240048888888802,-0.624266111111105,4.481663633333333,0.002282193441519148,0.0661836098040553,equivalent,final-empirical,0.8,
scope,regime=final-empirical|crew_multiplier=0.8,v2rl306,atc,policy-vs-rule,180,180,448.1663633333332,446.7369966666667,-1.429366666666656,-2.967754611111092,-0.12229399999999854,4.481663633333333,0.015085824244536002,0.24137318791257603,equivalent,final-empirical,0.8,
scope,regime=final-empirical|crew_multiplier=0.8,v2rl307,atc,policy-vs-rule,180,180,448.1663633333332,446.29960777777774,-1.8667555555555453,-3.383744333333322,-0.614782999999999,4.481663633333333,0.0031429285311656034,0.08485907034147129,equivalent,final-empirical,0.8,
scope,regime=final-empirical|crew_multiplier=0.8,v2rl308,atc,policy-vs-rule,180,180,448.1663633333332,446.4653388888888,-1.7010244444444365,-3.1308777222222184,-0.5181727777777733,4.481663633333333,0.0042856952994814864,0.10714238248703715,equivalent,final-empirical,0.8,
scope,regime=final-empirical|crew_multiplier=0.8,v2rl309,atc,policy-vs-rule,180,180,448.1663633333332,447.14385666666664,-1.0225066666666573,-1.9545348888888607,-0.261750111111102,4.481663633333333,0.007169734292803208,0.15773415444167058,equivalent,final-empirical,0.8,
scope,regime=final-empirical|crew_multiplier=0.8,v2rl310,atc,policy-vs-rule,180,180,448.1663633333332,446.37114777777776,-1.7952155555555473,-3.2656706111111093,-0.5598658888888859,4.481663633333333,0.009871788182927657,0.1776921872926978,equivalent,final-empirical,0.8,
scope,regime=final-empirical|crew_multiplier=0.8,atc,wmdd,rule-vs-rule,180,180,447.546668888889,448.1663633333332,0.6196944444444333,0.07731791666665884,1.3826406944444296,4.47546668888889,0.05046060861109359,0.25230304305546797,equivalent,final-empirical,0.8,
scope,regime=final-empirical|crew_multiplier=0.8,edd,wmdd,rule-vs-rule,180,180,447.546668888889,446.6359855555555,-0.9106833333333355,-1.6539049999999997,-0.3211556944444455,4.47546668888889,0.005033508200606249,0.04530157380545624,equivalent,final-empirical,0.8,
scope,regime=final-empirical|crew_multiplier=0.8,lpt,wmdd,rule-vs-rule,180,180,447.546668888889,455.3309055555556,7.784236666666663,0.5614955277777759,19.026728555555543,4.47546668888889,0.12585852473931722,0.3775755742179516,inconclusive,final-empirical,0.8,
scope,regime=final-empirical|crew_multiplier=0.8,pfifo,wmdd,rule-vs-rule,180,180,447.546668888889,446.6359855555555,-0.9106833333333355,-1.6605974166666713,-0.3199800000000001,4.47546668888889,0.005033508200606249,0.04530157380545624,equivalent,final-empirical,0.8,
scope,regime=final-empirical|crew_multiplier=0.8,random,wmdd,rule-vs-rule,180,180,447.546668888889,450.5859366666666,3.0392677777777757,1.0320003333333283,5.810074777777773,4.47546668888889,0.0002669815329454508,0.0037377414612363115,inconclusive,final-empirical,0.8,
scope,regime=final-empirical|crew_multiplier=0.8,wspt,wmdd,rule-vs-rule,180,180,447.546668888889,450.36247,2.815801111111099,1.671701027777775,4.17606699999999,4.47546668888889,3.6474706049101315e-07,6.173419325837953e-06,equivalent,final-empirical,0.8,
scope,regime=final-empirical|crew_multiplier=0.8,rollcp2,wmdd,optimizer-vs-rule,48,48,507.2193041666667,506.0364666666667,-1.1828374999999969,-3.377097083333324,0.061391666666659225,5.072193041666667,0.028524000718169275,0.08557200215450783,equivalent,final-empirical,0.8,
scope,regime=final-empirical|crew_multiplier=0.8,v2rl301,wmdd,policy-vs-rule,180,180,447.546668888889,446.28743666666657,-1.2592322222222245,-2.382300722222222,-0.34123844444444457,4.47546668888889,0.01306396083306817,0.22208733416215887,equivalent,final-empirical,0.8,
scope,regime=final-empirical|crew_multiplier=0.8,v2rl302,wmdd,policy-vs-rule,180,180,447.546668888889,446.3246544444444,-1.2220144444444454,-2.2889823888888943,-0.3238675277777814,4.47546668888889,0.008360653818070695,0.16721307636141391,equivalent,final-empirical,0.8,
scope,regime=final-empirical|crew_multiplier=0.8,v2rl303,wmdd,policy-vs-rule,180,180,447.546668888889,446.31832333333347,-1.2283455555555596,-2.2553489166666667,-0.40582363888889095,4.47546668888889,0.005233909190788298,0.12037991138813084,equivalent,final-empirical,0.8,
scope,regime=final-empirical|crew_multiplier=0.8,v2rl304,wmdd,policy-vs-rule,180,180,447.546668888889,446.63492999999994,-0.9117388888888933,-1.7651951388888945,-0.21251427777777965,4.47546668888889,0.017058718531494516,0.2558807779724177,equivalent,final-empirical,0.8,
scope,regime=final-empirical|crew_multiplier=0.8,v2rl305,wmdd,policy-vs-rule,180,180,447.546668888889,446.3163366666667,-1.2303322222222233,-2.305990472222225,-0.35433088888889286,4.47546668888889,0.008360653818070695,0.16721307636141391,equivalent,final-empirical,0.8,
scope,regime=final-empirical|crew_multiplier=0.8,v2rl306,wmdd,policy-vs-rule,180,180,447.546668888889,446.7369966666667,-0.8096722222222228,-1.8680464444444456,0.1384595833333351,4.47546668888889,0.055719324352751155,0.44575459482200924,equivalent,final-empirical,0.8,
scope,regime=final-empirical|crew_multiplier=0.8,v2rl307,wmdd,policy-vs-rule,180,180,447.546668888889,446.29960777777774,-1.2470611111111118,-2.340761222222218,-0.3470708611111078,4.47546668888889,0.007598223082063245,0.15956268472332816,equivalent,final-empirical,0.8,
scope,regime=final-empirical|crew_multiplier=0.8,v2rl308,wmdd,policy-vs-rule,180,180,447.546668888889,446.4653388888888,-1.0813300000000032,-2.0882703888888976,-0.2482432500000061,4.47546668888889,0.018566712279734197,0.25993397191627876,equivalent,final-empirical,0.8,
scope,regime=final-empirical|crew_multiplier=0.8,v2rl309,wmdd,policy-vs-rule,180,180,447.546668888889,447.14385666666664,-0.402812222222224,-0.9173608888888904,0.015038694444444773,4.47546668888889,0.038607051842430073,0.4255764901684467,equivalent,final-empirical,0.8,
scope,regime=final-empirical|crew_multiplier=0.8,v2rl310,wmdd,policy-vs-rule,180,180,447.546668888889,446.37114777777776,-1.1755211111111141,-2.2564491944444467,-0.28208175000000185,4.47546668888889,0.042833322418377666,0.4255764901684467,equivalent,final-empirical,0.8,
scope,regime=final-empirical|crew_multiplier=1.0,atc,edd,rule-vs-rule,227,227,461.5920872246697,457.70226696035246,-3.889820264317182,-13.903190660792957,3.4437869823788523,4.615920872246697,0.06735455698601128,0.471481898902079,inconclusive,final-empirical,1.0,
scope,regime=final-empirical|crew_multiplier=1.0,lpt,edd,rule-vs-rule,227,227,461.5920872246697,559.7954599118943,98.20337268722464,34.363890572687225,179.0145011674008,4.615920872246697,0.00021585416449994166,0.0025902499739993,worse,final-empirical,1.0,
scope,regime=final-empirical|crew_multiplier=1.0,pfifo,edd,rule-vs-rule,227,227,461.5920872246697,461.5920872246697,0.0,0.0,0.0,4.615920872246697,1.0,1.0,equivalent,final-empirical,1.0,
scope,regime=final-empirical|crew_multiplier=1.0,random,edd,rule-vs-rule,227,227,461.5920872246697,487.1499753303964,25.557888105726867,8.175722797356823,47.67215953744493,4.615920872246697,5.208206933577534e-06,8.333131093724055e-05,worse,final-empirical,1.0,
scope,regime=final-empirical|crew_multiplier=1.0,wmdd,edd,rule-vs-rule,227,227,461.5920872246697,454.9875286343612,-6.604558590308373,-18.327992643171807,1.5805322466960279,4.615920872246697,0.40804420568711997,1.0,inconclusive,final-empirical,1.0,
scope,regime=final-empirical|crew_multiplier=1.0,wspt,edd,rule-vs-rule,227,227,461.5920872246697,461.6134149779736,0.021327753303961597,-10.625597400881059,8.198982356828187,4.615920872246697,1.9442314625220738e-05,0.0002916347193783111,inconclusive,final-empirical,1.0,
scope,regime=final-empirical|crew_multiplier=1.0,rollcp2,edd,optimizer-vs-rule,64,64,526.9296218750001,513.9609875000001,-12.968634374999997,-38.51416929687499,4.215603984375011,5.269296218750001,0.009687010549965545,0.0259184403139162,inconclusive,final-empirical,1.0,
scope,regime=final-empirical|crew_multiplier=1.0,v2rl301,edd,policy-vs-rule,227,227,461.5920872246697,501.93781850220273,40.34573127753304,9.604007312775328,79.82978797356826,4.615920872246697,0.03325039468686109,0.7980094724846662,worse,final-empirical,1.0,
scope,regime=final-empirical|crew_multiplier=1.0,v2rl302,edd,policy-vs-rule,227,227,461.5920872246697,469.6157585903084,8.023671365638764,-1.1878879515418552,18.263021519823777,4.615920872246697,0.2626806690239226,1.0,inconclusive,final-empirical,1.0,
scope,regime=final-empirical|crew_multiplier=1.0,v2rl303,edd,policy-vs-rule,227,227,461.5920872246697,525.9161312775332,64.32404405286344,22.876727268722465,115.85656969162993,4.615920872246697,0.009996388475979442,0.2699024888514449,worse,final-empirical,1.0,
scope,regime=final-empirical|crew_multiplier=1.0,v2rl304,edd,policy-vs-rule,227,227,461.5920872246697,471.7228537444934,10.130766519823785,-0.33910751101321757,26.875562885462553,4.615920872246697,0.4688001920119016,1.0,inconclusive,final-empirical,1.0,
scope,regime=final-empirical|crew_multiplier=1.0,v2rl305,edd,policy-vs-rule,227,227,461.5920872246697,492.1600792951543,30.567992070484575,8.815521960352411,60.179728744493374,4.615920872246697,0.004672957316230428,0.14018871948691286,worse,final-empirical,1.0,
scope,regime=final-empirical|crew_multiplier=1.0,v2rl306,edd,policy-vs-rule,227,227,461.5920872246697,502.93699735682816,41.344910132158574,13.028770572687222,77.72413055066075,4.615920872246697,0.007838221652520782,0.22730842792310266,worse,final-empirical,1.0,
scope,regime=final-empirical|crew_multiplier=1.0,v2rl307,edd,policy-vs-rule,227,227,461.5920872246697,494.459468722467,32.86738149779735,8.686780242290748,65.17119189427311,4.615920872246697,0.020633435105949553,0.5364693127546883,worse,final-empirical,1.0,
scope,regime=final-empirical|crew_multiplier=1.0,v2rl308,edd,policy-vs-rule,227,227,461.5920872246697,475.1610449339208,13.5689577092511,0.4342792290748892,36.93413471365639,4.615920872246697,0.2890589075464959,1.0,inconclusive,final-empirical,1.0,
scope,regime=final-empirical|crew_multiplier=1.0,v2rl309,edd,policy-vs-rule,227,227,461.5920872246697,472.2694854625551,10.677398237885456,-2.8111222466960424,29.509076343612318,4.615920872246697,0.007838221652520782,0.22730842792310266,inconclusive,final-empirical,1.0,
scope,regime=final-empirical|crew_multiplier=1.0,v2rl310,edd,policy-vs-rule,227,227,461.5920872246697,462.4837118942732,0.8916246696035242,-2.9003935682819333,4.602535462555062,4.615920872246697,0.7088811060457012,1.0,equivalent,final-empirical,1.0,
scope,regime=final-empirical|crew_multiplier=1.0,edd,atc,rule-vs-rule,227,227,457.70226696035246,461.5920872246697,3.889820264317182,-3.49780784140969,14.541550770925113,4.577022669603525,0.06735455698601128,0.471481898902079,inconclusive,final-empirical,1.0,
scope,regime=final-empirical|crew_multiplier=1.0,lpt,atc,rule-vs-rule,227,227,457.70226696035246,559.7954599118943,102.09319295154181,37.436549383259894,183.62860557268706,4.577022669603525,0.004939931735104196,0.03951945388083357,worse,final-empirical,1.0,
scope,regime=final-empirical|crew_multiplier=1.0,pfifo,atc,rule-vs-rule,227,227,457.70226696035246,461.5920872246697,3.889820264317182,-3.428257444933921,13.944723171806162,4.577022669603525,0.06735455698601128,0.471481898902079,inconclusive,final-empirical,1.0,
scope,regime=final-empirical|crew_multiplier=1.0,random,atc,rule-vs-rule,227,227,457.70226696035246,487.1499753303964,29.44770837004405,11.687921982378853,50.924017819383245,4.577022669603525,2.505640798264295e-05,0.0003507897117570013,worse,final-empirical,1.0,
scope,regime=final-empirical|crew_multiplier=1.0,wmdd,atc,rule-vs-rule,227,227,457.70226696035246,454.9875286343612,-2.7147383259911897,-5.1337374449339235,-0.878302995594713,4.577022669603525,0.001176563999937216,0.012942203999309376,inconclusive,final-empirical,1.0,
scope,regime=final-empirical|crew_multiplier=1.0,wspt,atc,rule-vs-rule,227,227,457.70226696035246,461.6134149779736,3.9111480176211444,1.9231538986784127,6.286822775330392,4.577022669603525,4.157972000523404e-07,7.068552400889787e-06,inconclusive,final-empirical,1.0,
scope,regime=final-empirical|crew_multiplier=1.0,rollcp2,atc,optimizer-vs-rule,64,64,517.41858125,513.9609875000001,-3.457593749999992,-13.673932421875005,4.019374296875013,5.1741858125,0.036004141992286916,0.036004141992286916,inconclusive,final-empirical,1.0,
scope,regime=final-empirical|crew_multiplier=1.0,v2rl301,atc,policy-vs-rule,227,227,457.70226696035246,501.93781850220273,44.23555154185023,10.532600792951532,87.9692124449339,4.577022669603525,0.24142655338204444,1.0,worse,final-empirical,1.0,
scope,regime=final-empirical|crew_multiplier=1.0,v2rl302,atc,policy-vs-rule,227,227,457.70226696035246,469.6157585903084,11.913491629955947,2.1052848678414104,24.710292599118947,4.577022669603525,0.33041490332462453,1.0,inconclusive,final-empirical,1.0,
scope,regime=final-empirical|crew_multiplier=1.0,v2rl303,atc,policy-vs-rule,227,227,457.70226696035246,525.9161312775332,68.21386431718061,24.165474140969156,122.15661405286338,4.577022669603525,0.04804479976978151,1.0,worse,final-empirical,1.0,
scope,regime=final-empirical|crew_multiplier=1.0,v2rl304,atc,policy-vs-rule,227,227,457.70226696035246,471.7228537444934,14.020586784140969,-0.19951801762114788,37.35825911894273,4.577022669603525,0.8328664161727948,1.0,inconclusive,final-empirical,1.0,
scope,regime=final-empirical|crew_multiplier=1.0,v2rl305,atc,policy-vs-rule,227,227,457.70226696035246,492.1600792951543,34.45781233480176,8.600382400881053,70.81265689427306,4.577022669603525,0.08752712680268941,1.0,worse,final-empirical,1.0,
scope,regime=final-empirical|crew_multiplier=1.0,v2rl306,atc,policy-vs-rule,227,227,457.70226696035246,502.93699735682816,45.23473039647576,12.804744427312773,85.93343174008808,4.577022669603525,0.13613677630087,1.0,worse,final-empirical,1.0,
scope,regime=final-empirical|crew_multiplier=1.0,v2rl307,atc,policy-vs-rule,227,227,457.70226696035246,494.459468722467,36.75720176211453,8.441092026431717,74.77886832599118,4.577022669603525,0.3719614039338499,1.0,worse,final-empirical,1.0,
scope,regime=final-empirical|crew_multiplier=1.0,v2rl308,atc,policy-vs-rule,227,227,457.70226696035246,475.1610449339208,17.45877797356828,-1.3893283920704917,49.159545528634354,4.577022669603525,0.8192020334011836,1.0,inconclusive,final-empirical,1.0,
scope,regime=final-empirical|crew_multiplier=1.0,v2rl309,atc,policy-vs-rule,227,227,457.70226696035246,472.2694854625551,14.567218502202635,1.3752879295154177,36.47538541850217,4.577022669603525,0.2172414463719159,1.0,inconclusive,final-empirical,1.0,
scope,regime=final-empirical|crew_multiplier=1.0,v2rl310,atc,policy-vs-rule,227,227,457.70226696035246,462.4837118942732,4.781444933920707,-1.7643249779735675,13.314344008810577,4.577022669603525,0.8077578019309388,1.0,inconclusive,final-empirical,1.0,
scope,regime=final-empirical|crew_multiplier=1.0,atc,wmdd,rule-vs-rule,227,227,454.9875286343612,457.70226696035246,2.7147383259911897,0.8634382378854557,5.098986519823789,4.549875286343612,0.001176563999937216,0.012942203999309376,inconclusive,final-empirical,1.0,
scope,regime=final-empirical|crew_multiplier=1.0,edd,wmdd,rule-vs-rule,227,227,454.9875286343612,461.5920872246697,6.604558590308373,-1.6305940308370077,18.32310365638767,4.549875286343612,0.40804420568711997,1.0,inconclusive,final-empirical,1.0,
scope,regime=final-empirical|crew_multiplier=1.0,lpt,wmdd,rule-vs-rule,227,227,454.9875286343612,559.7954599118943,104.80793127753302,38.36900911894272,187.64698279735677,4.549875286343612,0.0041623806255435035,0.037461425629891534,worse,final-empirical,1.0,
scope,regime=final-empirical|crew_multiplier=1.0,pfifo,wmdd,rule-vs-rule,227,227,454.9875286343612,461.5920872246697,6.604558590308373,-1.5261863436123282,18.612078656387663,4.549875286343612,0.40804420568711997,1.0,inconclusive,final-empirical,1.0,
scope,regime=final-empirical|crew_multiplier=1.0,random,wmdd,rule-vs-rule,227,227,454.9875286343612,487.1499753303964,32.16244669603524,12.834059339207045,57.01133281938326,4.549875286343612,5.269830701389687e-05,0.0006850779911806593,worse,final-empirical,1.0,
scope,regime=final-empirical|crew_multiplier=1.0,wspt,wmdd,rule-vs-rule,227,227,454.9875286343612,461.6134149779736,6.625886343612334,3.1132140528634307,10.968201343612334,4.549875286343612,1.2358039144140826e-07,2.2244470459453486e-06,inconclusive,final-empirical,1.0,
scope,regime=final-empirical|crew_multiplier=1.0,rollcp2,wmdd,optimizer-vs-rule,64,64,514.2042437499999,513.9609875000001,-0.24325624999999285,-4.818193046875011,5.002333828125006,5.1420424375,0.008639480104638733,0.0259184403139162,equivalent,final-empirical,1.0,
scope,regime=final-empirical|crew_multiplier=1.0,v2rl301,wmdd,policy-vs-rule,227,227,454.9875286343612,501.93781850220273,46.95028986784142,11.923303127753307,91.6688057929515,4.549875286343612,0.18081236677854295,1.0,worse,final-empirical,1.0,
scope,regime=final-empirical|crew_multiplier=1.0,v2rl302,wmdd,policy-vs-rule,227,227,454.9875286343612,469.6157585903084,14.628229955947136,3.221995947136562,29.418433325991195,4.549875286343612,0.16977498788033196,1.0,inconclusive,final-empirical,1.0,
scope,regime=final-empirical|crew_multiplier=1.0,v2rl303,wmdd,policy-vs-rule,227,227,454.9875286343612,525.9161312775332,70.92860264317181,26.572051740088103,128.3140650440528,4.549875286343612,0.02730632132788956,0.6826580331972391,worse,final-empirical,1.0,
scope,regime=final-empirical|crew_multiplier=1.0,v2rl304,wmdd,policy-vs-rule,227,227,454.9875286343612,471.7228537444934,16.735325110132155,1.3163134801762102,40.3210300881057,4.549875286343612,0.5502919421280152,1.0,inconclusive,final-empirical,1.0,
scope,regime=final-empirical|crew_multiplier=1.0,v2rl305,wmdd,policy-vs-rule,227,227,454.9875286343612,492.1600792951543,37.17255066079295,10.304597312775332,74.77080997797354,4.549875286343612,0.06355166456894228,1.0,worse,final-empirical,1.0,
scope,regime=final-empirical|crew_multiplier=1.0,v2rl306,wmdd,policy-vs-rule,227,227,454.9875286343612,502.93699735682816,47.94946872246696,13.82775310572687,91.1285473348017,4.549875286343612,0.06803474489437815,1.0,worse,final-empirical,1.0,
scope,regime=final-empirical|crew_multiplier=1.0,v2rl307,wmdd,policy-vs-rule,227,227,454.9875286343612,494.459468722467,39.471940088105725,9.56845647577092,78.73445907488987,4.549875286343612,0.1789561131984324,1.0,worse,final-empirical,1.0,
scope,regime=final-empirical|crew_multiplier=1.0,v2rl308,wmdd,policy-vs-rule,227,227,454.9875286343612,475.1610449339208,20.17351629955947,0.27448074889869156,52.464235132158564,4.549875286343612,0.8076239898901056,1.0,inconclusive,final-empirical,1.0,
scope,regime=final-empirical|crew_multiplier=1.0,v2rl309,wmdd,policy-vs-rule,227,227,454.9875286343612,472.2694854625551,17.281956828193827,2.821592488986786,40.76634449339205,4.549875286343612,0.09296312671248624,1.0,inconclusive,final-empirical,1.0,
scope,regime=final-empirical|crew_multiplier=1.0,v2rl310,wmdd,policy-vs-rule,227,227,454.9875286343612,462.4837118942732,7.496183259911897,-0.30375704845814583,17.718839559471366,4.549875286343612,0.7676577617530682,1.0,inconclusive,final-empirical,1.0,
scope,regime=final-gen|crew_multiplier=1.0,atc,edd,rule-vs-rule,300,300,3334.1229350000003,3357.982747666667,23.859812666666866,6.5603393000002095,39.264859625000305,33.341229350000006,6.253037774041004e-14,3.23440621571683e-13,inconclusive,final-gen,1.0,
scope,regime=final-gen|crew_multiplier=1.0,lpt,edd,rule-vs-rule,300,300,3334.1229350000003,43030.63908933333,39696.51615433333,33988.64242955,45896.01138590835,33.341229350000006,5.646719428560811e-49,1.0058473568359915e-47,worse,final-gen,1.0,
scope,regime=final-gen|crew_multiplier=1.0,pfifo,edd,rule-vs-rule,300,300,3334.1229350000003,3333.9263703333336,-0.1965646666667082,-0.61380733333335,0.02500933333327945,33.341229350000006,0.6858304344516057,0.6858304344516057,equivalent,final-gen,1.0,
scope,regime=final-gen|crew_multiplier=1.0,random,edd,rule-vs-rule,300,300,3334.1229350000003,13236.397561333331,9902.27462633333,8185.108226249997,11732.660214141664,33.341229350000006,1.526148886523596e-45,1.8313786638283152e-44,worse,final-gen,1.0,
scope,regime=final-gen|crew_multiplier=1.0,wmdd,edd,rule-vs-rule,300,300,3334.1229350000003,3354.937094666667,20.814159666666555,3.746375116666475,35.692978958333235,33.341229350000006,2.8502828543799555e-14,2.2802262835039644e-13,inconclusive,final-gen,1.0,
scope,regime=final-gen|crew_multiplier=1.0,wspt,edd,rule-vs-rule,300,300,3334.1229350000003,4064.612578999999,730.4896440000001,611.7387745083333,858.2187717166669,33.341229350000006,1.3508547588343867e-46,1.8911966623681413e-45,worse,final-gen,1.0,
scope,regime=final-gen|crew_multiplier=1.0,v2rl301,edd,policy-vs-rule,300,300,3334.1229350000003,3405.9251986666677,71.80226366666695,28.188692866666894,123.01982639166702,33.341229350000006,0.09331592174785154,0.5598955304871093,inconclusive,final-gen,1.0,
scope,regime=final-gen|crew_multiplier=1.0,v2rl302,edd,policy-vs-rule,300,300,3334.1229350000003,3375.0660693333334,40.94313433333347,9.780862033333394,79.38129234166698,33.341229350000006,0.8173253040851498,1.0,inconclusive,final-gen,1.0,
scope,regime=final-gen|crew_multiplier=1.0,v2rl303,edd,policy-vs-rule,300,300,3334.1229350000003,3978.4179933333335,644.2950583333333,471.67654068333314,829.0077855166668,33.341229350000006,2.4962052263000125e-31,7.238995156270036e-30,worse,final-gen,1.0,
scope,regime=final-gen|crew_multiplier=1.0,v2rl304,edd,policy-vs-rule,300,300,3334.1229350000003,3327.798242,-6.324692999999807,-13.15705289999971,-0.754402016666537,33.341229350000006,0.10228328318542183,0.5598955304871093,equivalent,final-gen,1.0,
scope,regime=final-gen|crew_multiplier=1.0,v2rl305,edd,policy-vs-rule,300,300,3334.1229350000003,3348.4978573333337,14.374922333333274,-3.0671664666666922,36.691739374999905,33.341229350000006,0.014238679963158257,0.14434260325344594,inconclusive,final-gen,1.0,
scope,regime=final-gen|crew_multiplier=1.0,v2rl306,edd,policy-vs-rule,300,300,3334.1229350000003,3389.0762866666664,54.95335166666681,21.400701441667213,96.96123045833362,33.341229350000006,0.4648616655373432,1.0,inconclusive,final-gen,1.0,
scope,regime=final-gen|crew_multiplier=1.0,v2rl307,edd,policy-vs-rule,300,300,3334.1229350000003,3377.8326159999997,43.70968100000019,17.68134872500031,73.81675089166679,33.341229350000006,0.9019816142563772,1.0,inconclusive,final-gen,1.0,
scope,regime=final-gen|crew_multiplier=1.0,v2rl308,edd,policy-vs-rule,300,300,3334.1229350000003,3328.363465333334,-5.759469666666413,-16.764971216666332,5.835367833333496,33.341229350000006,0.013122054841222358,0.14434260325344594,equivalent,final-gen,1.0,
scope,regime=final-gen|crew_multiplier=1.0,v2rl309,edd,policy-vs-rule,300,300,3334.1229350000003,3919.4518896666673,585.3289546666671,437.00684089166697,750.3934077500005,33.341229350000006,4.738149223477413e-33,1.4214447670432238e-31,worse,final-gen,1.0,
scope,regime=final-gen|crew_multiplier=1.0,v2rl310,edd,policy-vs-rule,300,300,3334.1229350000003,3327.4247600000003,-6.698174999999851,-19.568514824999927,6.3300298500000425,33.341229350000006,0.0006136850593176752,0.009205275889765129,equivalent,final-gen,1.0,
scope,regime=final-gen|crew_multiplier=1.0,edd,atc,rule-vs-rule,300,300,3357.982747666667,3334.1229350000003,-23.859812666666866,-39.181610450000356,-6.468074916666986,33.57982747666667,6.253037774041004e-14,3.23440621571683e-13,inconclusive,final-gen,1.0,
scope,regime=final-gen|crew_multiplier=1.0,lpt,atc,rule-vs-rule,300,300,3357.982747666667,43030.63908933333,39672.65634166667,33957.477504300005,45713.6631438,33.57982747666667,5.588040871311064e-49,1.0058473568359915e-47,worse,final-gen,1.0,
scope,regime=final-gen|crew_multiplier=1.0,pfifo,atc,rule-vs-rule,300,300,3357.982747666667,3333.9263703333336,-24.05637733333358,-39.69260930833356,-6.7413140000003295,33.57982747666667,5.3906770261947166e-14,3.23440621571683e-13,inconclusive,final-gen,1.0,
scope,regime=final-gen|crew_multiplier=1.0,random,atc,rule-vs-rule,300,300,3357.982747666667,13236.397561333331,9878.414813666663,8197.729564266667,11619.501878624997,33.57982747666667,1.526148886523596e-45,1.8313786638283152e-44,worse,final-gen,1.0,
scope,regime=final-gen|crew_multiplier=1.0,wmdd,atc,rule-vs-rule,300,300,3357.982747666667,3354.937094666667,-3.0456530000003066,-7.915332033333831,1.3651166999996809,33.57982747666667,0.023525224830435263,0.07057567449130579,equivalent,final-gen,1.0,
scope,regime=final-gen|crew_multiplier=1.0,wspt,atc,rule-vs-rule,300,300,3357.982747666667,4064.612578999999,706.6298313333333,595.4254139583334,824.6392502916666,33.57982747666667,1.178672098144472e-46,1.768008147216708e-45,worse,final-gen,1.0,
scope,regime=final-gen|crew_multiplier=1.0,v2rl301,atc,policy-vs-rule,300,300,3357.982747666667,3405.9251986666677,47.94245100000006,7.415776716666797,95.89987743333343,33.57982747666667,0.013196450132973297,0.14434260325344594,inconclusive,final-gen,1.0,
scope,regime=final-gen|crew_multiplier=1.0,v2rl302,atc,policy-vs-rule,300,300,3357.982747666667,3375.0660693333334,17.08332166666661,-10.049705174999996,50.508759874999946,33.57982747666667,0.0008232441199297406,0.011525417679016369,inconclusive,final-gen,1.0,
scope,regime=final-gen|crew_multiplier=1.0,v2rl303,atc,policy-vs-rule,300,300,3357.982747666667,3978.4179933333335,620.4352456666664,457.4480059416665,799.9738489916666,33.57982747666667,2.0491382210922442e-22,5.1228455527306105e-21,worse,final-gen,1.0,
scope,regime=final-gen|crew_multiplier=1.0,v2rl304,atc,policy-vs-rule,300,300,3357.982747666667,3327.798242,-30.184505666666677,-44.461412466666545,-16.45061673333297,33.57982747666667,1.2585120254415584e-08,2.894577658515584e-07,inconclusive,final-gen,1.0,
scope,regime=final-gen|crew_multiplier=1.0,v2rl305,atc,policy-vs-rule,300,300,3357.982747666667,3348.4978573333337,-9.484890333333594,-31.723836641667077,15.09634544999982,33.57982747666667,5.450383820988486e-08,1.1990844406174669e-06,equivalent,final-gen,1.0,
scope,regime=final-gen|crew_multiplier=1.0,v2rl306,atc,policy-vs-rule,300,300,3357.982747666667,3389.0762866666664,31.093538999999954,-5.834375633333306,77.52921423333336,33.57982747666667,0.0076499235771852235,0.09179908292622269,inconclusive,final-gen,1.0,
scope,regime=final-gen|crew_multiplier=1.0,v2rl307,atc,policy-vs-rule,300,300,3357.982747666667,3377.8326159999997,19.849868333333326,-10.283794091666683,58.013260824999925,33.57982747666667,0.00014730965088126502,0.0023569544141002403,inconclusive,final-gen,1.0,
scope,regime=final-gen|crew_multiplier=1.0,v2rl308,atc,policy-vs-rule,300,300,3357.982747666667,3328.363465333334,-29.619282333333278,-45.46282820833335,-14.419656500000087,33.57982747666667,2.6508398409169644e-07,5.301679681833929e-06,inconclusive,final-gen,1.0,
scope,regime=final-gen|crew_multiplier=1.0,v2rl309,atc,policy-vs-rule,300,300,3357.982747666667,3919.4518896666673,561.4691420000001,418.19481238333327,720.5026028000004,33.57982747666667,1.1083277382076048e-27,2.992484893160533e-26,worse,final-gen,1.0,
scope,regime=final-gen|crew_multiplier=1.0,v2rl310,atc,policy-vs-rule,300,300,3357.982747666667,3327.4247600000003,-30.557987666666715,-45.54787425833319,-16.041698733333448,33.57982747666667,1.8712216348809548e-10,4.490931923714291e-09,inconclusive,final-gen,1.0,
scope,regime=final-gen|crew_multiplier=1.0,atc,wmdd,rule-vs-rule,300,300,3354.937094666667,3357.982747666667,3.0456530000003066,-1.3989853749996148,8.01596569166727,33.54937094666667,0.023525224830435263,0.07057567449130579,equivalent,final-gen,1.0,
scope,regime=final-gen|crew_multiplier=1.0,edd,wmdd,rule-vs-rule,300,300,3354.937094666667,3334.1229350000003,-20.814159666666555,-35.07521480000003,-3.5271390250000634,33.54937094666667,2.8502828543799555e-14,2.2802262835039644e-13,inconclusive,final-gen,1.0,
scope,regime=final-gen|crew_multiplier=1.0,lpt,wmdd,rule-vs-rule,300,300,3354.937094666667,43030.63908933333,39675.70199466667,33955.15139485,45705.75662563334,33.54937094666667,5.646719428560811e-49,1.0058473568359915e-47,worse,final-gen,1.0,
scope,regime=final-gen|crew_multiplier=1.0,pfifo,wmdd,rule-vs-rule,300,300,3354.937094666667,3333.9263703333336,-21.010724333333265,-35.456718416666725,-4.019213633333096,33.54937094666667,1.73587956871021e-14,1.562291611839189e-13,inconclusive,final-gen,1.0,
scope,regime=final-gen|crew_multiplier=1.0,random,wmdd,rule-vs-rule,300,300,3354.937094666667,13236.397561333331,9881.460466666666,8185.6505101333305,11615.19987188333,33.54937094666667,1.526148886523596e-45,1.8313786638283152e-44,worse,final-gen,1.0,
scope,regime=final-gen|crew_multiplier=1.0,wspt,wmdd,rule-vs-rule,300,300,3354.937094666667,4064.612578999999,709.6754843333337,596.6544291833336,826.4088239750005,33.54937094666667,1.506539813576811e-46,1.958501757649854e-45,worse,final-gen,1.0,
scope,regime=final-gen|crew_multiplier=1.0,v2rl301,wmdd,policy-vs-rule,300,300,3354.937094666667,3405.9251986666677,50.98810400000037,10.14997250000059,100.36526491666714,33.54937094666667,0.16606917754683814,0.6642767101873526,inconclusive,final-gen,1.0,
scope,regime=final-gen|crew_multiplier=1.0,v2rl302,wmdd,policy-vs-rule,300,300,3354.937094666667,3375.0660693333334,20.128974666666917,-7.778069933333044,54.215495949999976,33.54937094666667,0.0352966749628563,0.2823733997028504,inconclusive,final-gen,1.0,
scope,regime=final-gen|crew_multiplier=1.0,v2rl303,wmdd,policy-vs-rule,300,300,3354.937094666667,3978.4179933333335,623.4808986666668,463.7880379833335,801.70972975,33.54937094666667,6.338435890665078e-24,1.6479933315729202e-22,worse,final-gen,1.0,
scope,regime=final-gen|crew_multiplier=1.0,v2rl304,wmdd,policy-vs-rule,300,300,3354.937094666667,3327.798242,-27.13885266666637,-40.5093223999996,-13.740647999999718,33.54937094666667,6.815208641953503e-07,1.2948896419711656e-05,inconclusive,final-gen,1.0,
scope,regime=final-gen|crew_multiplier=1.0,v2rl305,wmdd,policy-vs-rule,300,300,3354.937094666667,3348.4978573333337,-6.439237333333284,-27.655434049999542,19.057148233333127,33.54937094666667,1.0158163263072486e-05,0.00018284693873530476,equivalent,final-gen,1.0,
scope,regime=final-gen|crew_multiplier=1.0,v2rl306,wmdd,policy-vs-rule,300,300,3354.937094666667,3389.0762866666664,34.13919200000026,-3.965144933332928,81.34180143333384,33.54937094666667,0.06705455306001967,0.4693818714201377,inconclusive,final-gen,1.0,
scope,regime=final-gen|crew_multiplier=1.0,v2rl307,wmdd,policy-vs-rule,300,300,3354.937094666667,3377.8326159999997,22.895521333333622,-7.550682549999754,61.925479433333344,33.54937094666667,0.003306474149050262,0.042984163937653405,inconclusive,final-gen,1.0,
scope,regime=final-gen|crew_multiplier=1.0,v2rl308,wmdd,policy-vs-rule,300,300,3354.937094666667,3328.363465333334,-26.573629333332967,-42.2918972999995,-11.142741349999957,33.54937094666667,4.443309829803274e-05,0.0007553626710665566,inconclusive,final-gen,1.0,
scope,regime=final-gen|crew_multiplier=1.0,v2rl309,wmdd,policy-vs-rule,300,300,3354.937094666667,3919.4518896666673,564.5147950000005,422.8268193583337,723.0426444750004,33.54937094666667,5.104097395152249e-28,1.4291472706426296e-26,worse,final-gen,1.0,
scope,regime=final-gen|crew_multiplier=1.0,v2rl310,wmdd,policy-vs-rule,300,300,3354.937094666667,3327.4247600000003,-27.512334666666405,-41.94855461666611,-13.1981666333329,33.54937094666667,7.101474159148261e-08,1.4913095734211347e-06,inconclusive,final-gen,1.0,
u_bin,u_bin=0.5-0.8,atc,edd,rule-vs-rule,223,174,1085.0854233183857,1086.9392627802688,1.8538394618834304,0.4382714396313558,3.716228459920654,10.850854233183856,0.006329649925242501,0.03797789955145501,equivalent,,,0.5-0.8
u_bin,u_bin=0.5-0.8,lpt,edd,rule-vs-rule,223,174,1085.0854233183857,1183.6906385650225,98.60521524663682,60.62182191798633,144.21574950708927,10.850854233183856,5.260329377138636e-12,7.890494065707954e-11,worse,,,0.5-0.8
u_bin,u_bin=0.5-0.8,pfifo,edd,rule-vs-rule,223,174,1085.0854233183857,1085.0854233183857,0.0,0.0,0.0,10.850854233183856,1.0,1.0,equivalent,,,0.5-0.8
u_bin,u_bin=0.5-0.8,random,edd,rule-vs-rule,223,174,1085.0854233183857,1101.8016376681612,16.71621434977575,9.29069216318784,25.717385222886705,10.850854233183856,6.507363560853754e-13,1.1713254409536758e-11,inconclusive,,,0.5-0.8
u_bin,u_bin=0.5-0.8,wmdd,edd,rule-vs-rule,223,174,1085.0854233183857,1086.5399264573991,1.4545031390134295,0.45686915056004984,2.7631376893939366,10.850854233183856,1.821529714896801e-05,0.00016393767434071208,equivalent,,,0.5-0.8
u_bin,u_bin=0.5-0.8,wspt,edd,rule-vs-rule,223,174,1085.0854233183857,1091.7592475336323,6.673824215246677,3.835278935156128,10.341815582959732,10.850854233183856,3.950783885369512e-12,6.321254216591219e-11,equivalent,,,0.5-0.8
u_bin,u_bin=0.5-0.8,rollcp2,edd,optimizer-vs-rule,49,31,789.7707836734694,789.3171877551019,-0.453595918367338,-1.1054254400510009,0.04514339545455226,7.8977078367346945,0.013179630792288639,0.03953889237686592,equivalent,,,0.5-0.8
u_bin,u_bin=0.5-0.8,v2rl301,edd,policy-vs-rule,223,174,1085.0854233183857,1084.4455058295966,-0.6399174887892379,-1.2946779383484057,-0.04803989820284518,10.850854233183856,0.01817043479334322,0.0908521739667161,equivalent,,,0.5-0.8
u_bin,u_bin=0.5-0.8,v2rl302,edd,policy-vs-rule,223,174,1085.0854233183857,1084.5284475336325,-0.5569757847533423,-1.1488813845534886,-0.04569049601301857,10.850854233183856,0.004948499443022097,0.06376542953222758,equivalent,,,0.5-0.8
u_bin,u_bin=0.5-0.8,v2rl303,edd,policy-vs-rule,223,174,1085.0854233183857,1084.7997632286995,-0.28566008968609996,-1.3278411166429709,0.8178371628019138,10.850854233183856,0.07543422678244124,0.22630268034732373,equivalent,,,0.5-0.8
u_bin,u_bin=0.5-0.8,v2rl304,edd,policy-vs-rule,223,174,1085.0854233183857,1084.9928358744396,-0.09258744394616472,-0.6070423780272831,0.4561880357143287,10.850854233183856,0.1976740826135377,0.3953481652270754,equivalent,,,0.5-0.8
u_bin,u_bin=0.5-0.8,v2rl305,edd,policy-vs-rule,223,174,1085.0854233183857,1084.466405381166,-0.619017937219717,-1.2764626484018287,-0.04305641760009167,10.850854233183856,0.0069725125288402036,0.06376542953222758,equivalent,,,0.5-0.8
u_bin,u_bin=0.5-0.8,v2rl306,edd,policy-vs-rule,223,174,1085.0854233183857,1084.4686977578476,-0.6167255605381162,-1.2544253562098344,-0.04126136046510893,10.850854233183856,0.0043535624251484955,0.06376542953222758,equivalent,,,0.5-0.8
u_bin,u_bin=0.5-0.8,v2rl307,edd,policy-vs-rule,223,174,1085.0854233183857,1084.5366188340809,-0.5488044843049338,-1.1415350414144725,-0.020448196347032738,10.850854233183856,0.002654171953988768,0.045120923217809056,equivalent,,,0.5-0.8
u_bin,u_bin=0.5-0.8,v2rl308,edd,policy-vs-rule,223,174,1085.0854233183857,1084.5641695067263,-0.5212538116591955,-1.1562408434827374,0.0443128116001571,10.850854233183856,0.026727683297004118,0.10691073318801647,equivalent,,,0.5-0.8
u_bin,u_bin=0.5-0.8,v2rl309,edd,policy-vs-rule,223,174,1085.0854233183857,1085.5681255605382,0.48270224215246726,-0.30358564579848446,1.4649695645933363,10.850854233183856,0.7589310968581077,0.7589310968581077,equivalent,,,0.5-0.8
u_bin,u_bin=0.5-0.8,v2rl310,edd,policy-vs-rule,223,174,1085.0854233183857,1084.459531838565,-0.625891479820603,-1.3172676226177011,-0.030068761364033605,10.850854233183856,0.008678933180406963,0.06376542953222758,equivalent,,,0.5-0.8
u_bin,u_bin=0.5-0.8,edd,atc,rule-vs-rule,223,174,1086.9392627802688,1085.0854233183857,-1.8538394618834304,-3.7957155799127187,-0.42181150422538155,10.869392627802688,0.006329649925242501,0.03797789955145501,equivalent,,,0.5-0.8
u_bin,u_bin=0.5-0.8,lpt,atc,rule-vs-rule,223,174,1086.9392627802688,1183.6906385650225,96.75137578475338,59.15199858921167,141.3559724144358,10.869392627802688,2.0185971938488156e-11,2.4223166326185786e-10,worse,,,0.5-0.8
u_bin,u_bin=0.5-0.8,pfifo,atc,rule-vs-rule,223,174,1086.9392627802688,1085.0854233183857,-1.8538394618834304,-3.8100924410458075,-0.4140135713420261,10.869392627802688,0.006329649925242501,0.03797789955145501,equivalent,,,0.5-0.8
u_bin,u_bin=0.5-0.8,random,atc,rule-vs-rule,223,174,1086.9392627802688,1101.8016376681612,14.862374887892322,8.096299386189251,23.358593348416218,10.869392627802688,1.1479120486122488e-10,1.1479120486122489e-09,inconclusive,,,0.5-0.8
u_bin,u_bin=0.5-0.8,wmdd,atc,rule-vs-rule,223,174,1086.9392627802688,1086.5399264573991,-0.3993363228700008,-1.0980742217328199,0.1795228237102492,10.869392627802688,0.30186238144212774,0.9055871443263832,equivalent,,,0.5-0.8
u_bin,u_bin=0.5-0.8,wspt,atc,rule-vs-rule,223,174,1086.9392627802688,1091.7592475336323,4.819984753363247,3.0440890782220977,6.996022340909175,10.869392627802688,1.0475873293263396e-12,1.7808984598547774e-11,equivalent,,,0.5-0.8
u_bin,u_bin=0.5-0.8,rollcp2,atc,optimizer-vs-rule,49,31,793.2897346938776,789.3171877551019,-3.9725469387754995,-11.042650775075963,-0.13511662499998534,7.932897346938776,0.35996260633774335,0.35996260633774335,inconclusive,,,0.5-0.8
u_bin,u_bin=0.5-0.8,v2rl301,atc,policy-vs-rule,223,174,1086.9392627802688,1084.4455058295966,-2.493756950672668,-4.849317044795458,-0.6969601689685399,10.869392627802688,0.0036712823826906857,0.05874051812305097,equivalent,,,0.5-0.8
u_bin,u_bin=0.5-0.8,v2rl302,atc,policy-vs-rule,223,174,1086.9392627802688,1084.5284475336325,-2.4108152466367727,-4.619352453212737,-0.6861042559960477,10.869392627802688,0.0008188956296302775,0.018015703851866106,equivalent,,,0.5-0.8
u_bin,u_bin=0.5-0.8,v2rl303,atc,policy-vs-rule,223,174,1086.9392627802688,1084.7997632286995,-2.13949955156953,-4.849250258956798,-0.009217714299923019,10.869392627802688,0.004251028635481839,0.06376542953222758,equivalent,,,0.5-0.8
u_bin,u_bin=0.5-0.8,v2rl304,atc,policy-vs-rule,223,174,1086.9392627802688,1084.9928358744396,-1.9464269058295949,-3.7176101750708592,-0.5582816444444142,10.869392627802688,0.005617940156345409,0.06376542953222758,equivalent,,,0.5-0.8
u_bin,u_bin=0.5-0.8,v2rl305,atc,policy-vs-rule,223,174,1086.9392627802688,1084.466405381166,-2.4728573991031473,-4.873764522222245,-0.6255349376170019,10.869392627802688,0.005346081686698727,0.06376542953222758,equivalent,,,0.5-0.8
u_bin,u_bin=0.5-0.8,v2rl306,atc,policy-vs-rule,223,174,1086.9392627802688,1084.4686977578476,-2.470565022421547,-4.867398095849862,-0.6669202954422653,10.869392627802688,0.001583884615723567,0.028509923083024205,equivalent,,,0.5-0.8
u_bin,u_bin=0.5-0.8,v2rl307,atc,policy-vs-rule,223,174,1086.9392627802688,1084.5366188340809,-2.402643946188364,-4.588393258979008,-0.7327798780931585,10.869392627802688,0.00031191344714307157,0.007788824725544641,equivalent,,,0.5-0.8
u_bin,u_bin=0.5-0.8,v2rl308,atc,policy-vs-rule,223,174,1086.9392627802688,1084.5641695067263,-2.375093273542626,-4.6803297301785625,-0.5851834265527223,10.869392627802688,0.007552701063904588,0.06376542953222758,equivalent,,,0.5-0.8
u_bin,u_bin=0.5-0.8,v2rl309,atc,policy-vs-rule,223,174,1086.9392627802688,1085.5681255605382,-1.371137219730963,-2.8393714722337218,-0.110039015021485,10.869392627802688,0.010129538230684954,0.06376542953222758,equivalent,,,0.5-0.8
u_bin,u_bin=0.5-0.8,v2rl310,atc,policy-vs-rule,223,174,1086.9392627802688,1084.459531838565,-2.4797309417040334,-4.895836374856193,-0.6112203847686484,10.869392627802688,0.0009404619069533716,0.019749700046020804,equivalent,,,0.5-0.8
u_bin,u_bin=0.5-0.8,atc,wmdd,rule-vs-rule,223,174,1086.5399264573991,1086.9392627802688,0.3993363228700008,-0.1799769865497146,1.0845784438984758,10.865399264573991,0.30186238144212774,0.9055871443263832,equivalent,,,0.5-0.8
u_bin,u_bin=0.5-0.8,edd,wmdd,rule-vs-rule,223,174,1086.5399264573991,1085.0854233183857,-1.4545031390134295,-2.7754356618942153,-0.4605180588840051,10.865399264573991,1.821529714896801e-05,0.00016393767434071208,equivalent,,,0.5-0.8
u_bin,u_bin=0.5-0.8,lpt,wmdd,rule-vs-rule,223,174,1086.5399264573991,1183.6906385650225,97.15071210762339,59.07467002383689,142.74524466499628,10.865399264573991,1.493282900236483e-11,1.941267770307428e-10,worse,,,0.5-0.8
u_bin,u_bin=0.5-0.8,pfifo,wmdd,rule-vs-rule,223,174,1086.5399264573991,1085.0854233183857,-1.4545031390134295,-2.777114062575074,-0.44966445426351265,10.865399264573991,1.821529714896801e-05,0.00016393767434071208,equivalent,,,0.5-0.8
u_bin,u_bin=0.5-0.8,random,wmdd,rule-vs-rule,223,174,1086.5399264573991,1101.8016376681612,15.26171121076232,8.358138927028078,23.632670684705477,10.865399264573991,2.3731350650646168e-11,2.610448571571078e-10,inconclusive,,,0.5-0.8
u_bin,u_bin=0.5-0.8,wspt,wmdd,rule-vs-rule,223,174,1086.5399264573991,1091.7592475336323,5.219321076233248,3.158453939393993,7.8601853628287195,10.865399264573991,8.683552649298693e-12,1.215697370901817e-10,equivalent,,,0.5-0.8
u_bin,u_bin=0.5-0.8,rollcp2,wmdd,optimizer-vs-rule,49,31,791.9651510204081,789.3171877551019,-2.6479632653061205,-7.277216439662833,0.0352282392531379,7.919651510204082,0.05705707996461743,0.11411415992923486,equivalent,,,0.5-0.8
u_bin,u_bin=0.5-0.8,v2rl301,wmdd,policy-vs-rule,223,174,1086.5399264573991,1084.4455058295966,-2.094420627802667,-3.928449673994994,-0.6809215475897609,10.865399264573991,0.0011403007049709266,0.022806014099418532,equivalent,,,0.5-0.8
u_bin,u_bin=0.5-0.8,v2rl302,wmdd,policy-vs-rule,223,174,1086.5399264573991,1084.5284475336325,-2.011478923766772,-3.737426913521114,-0.6719959850405444,10.865399264573991,9.061903497332199e-05,0.002627952014226338,equivalent,,,0.5-0.8
u_bin,u_bin=0.5-0.8,v2rl303,wmdd,policy-vs-rule,223,174,1086.5399264573991,1084.7997632286995,-1.7401632286995294,-3.903394317580823,-0.006187639289865073,10.865399264573991,0.001431973084208739,0.02720748859996604,equivalent,,,0.5-0.8
u_bin,u_bin=0.5-0.8,v2rl304,wmdd,policy-vs-rule,223,174,1086.5399264573991,1084.9928358744396,-1.547090582959594,-2.870623965132596,-0.5303148447775117,10.865399264573991,0.0003115529890217856,0.007788824725544641,equivalent,,,0.5-0.8
u_bin,u_bin=0.5-0.8,v2rl305,wmdd,policy-vs-rule,223,174,1086.5399264573991,1084.466405381166,-2.0735210762331464,-3.9440898352452867,-0.6224303941157768,10.865399264573991,0.00025123325418463245,0.006532064608800444,equivalent,,,0.5-0.8
u_bin,u_bin=0.5-0.8,v2rl306,wmdd,policy-vs-rule,223,174,1086.5399264573991,1084.4686977578476,-2.0712286995515456,-3.918292820627776,-0.6428746924510027,10.865399264573991,0.0001294265250961665,0.003623942702692662,equivalent,,,0.5-0.8
u_bin,u_bin=0.5-0.8,v2rl307,wmdd,policy-vs-rule,223,174,1086.5399264573991,1084.5366188340809,-2.003307623318363,-3.6763611916546153,-0.7221719094036289,10.865399264573991,7.666395813806118e-06,0.00022999187441418353,equivalent,,,0.5-0.8
u_bin,u_bin=0.5-0.8,v2rl308,wmdd,policy-vs-rule,223,174,1086.5399264573991,1084.5641695067263,-1.9757569506726247,-3.7547464624628915,-0.5876830372380384,10.865399264573991,0.0005268655800929718,0.01211790834213835,equivalent,,,0.5-0.8
u_bin,u_bin=0.5-0.8,v2rl309,wmdd,policy-vs-rule,223,174,1086.5399264573991,1085.5681255605382,-0.9718008968609619,-2.1420771734341257,-0.016971479820595242,10.865399264573991,0.004567979517547862,0.06376542953222758,equivalent,,,0.5-0.8
u_bin,u_bin=0.5-0.8,v2rl310,wmdd,policy-vs-rule,223,174,1086.5399264573991,1084.459531838565,-2.080394618834032,-4.003694647660749,-0.6050628781785945,10.865399264573991,0.00014770720303157898,0.003988094481852633,equivalent,,,0.5-0.8
u_bin,u_bin=0.8-1.0,atc,edd,rule-vs-rule,166,166,2014.2897024096392,2024.128773493976,9.839071084337297,5.814956295180761,14.211208975903604,20.142897024096392,3.767114822713641e-08,2.2602688936281847e-07,equivalent,,,0.8-1.0
u_bin,u_bin=0.8-1.0,lpt,edd,rule-vs-rule,166,166,2014.2897024096392,12420.878290361445,10406.588587951806,8244.181584006026,12687.428431054212,20.142897024096392,4.4414801479638964e-20,5.773924192353066e-19,worse,,,0.8-1.0
u_bin,u_bin=0.8-1.0,pfifo,edd,rule-vs-rule,166,166,2014.2897024096392,2014.2897024096392,0.0,0.0,0.0,20.142897024096392,1.0,1.0,equivalent,,,0.8-1.0
u_bin,u_bin=0.8-1.0,random,edd,rule-vs-rule,166,166,2014.2897024096392,3716.1849204819273,1701.8952180722888,1310.7648104819275,2119.0151684337343,20.142897024096392,2.4804797187045966e-19,2.728527690575056e-18,worse,,,0.8-1.0
u_bin,u_bin=0.8-1.0,wmdd,edd,rule-vs-rule,166,166,2014.2897024096392,2023.457736144578,9.168033734939671,5.89732343373491,12.993788102409564,20.142897024096392,4.899865916845247e-09,4.4098793251607226e-08,equivalent,,,0.8-1.0
u_bin,u_bin=0.8-1.0,wspt,edd,rule-vs-rule,166,166,2014.2897024096392,2185.8942819277113,171.60457951807234,131.9236725301206,214.2457771385544,20.142897024096392,1.2099987759461587e-20,2.0569979191084698e-19,worse,,,0.8-1.0
u_bin,u_bin=0.8-1.0,rollcp2,edd,optimizer-vs-rule,15,15,838.8372533333334,836.5752799999999,-2.261973333333289,-6.09586999999991,0.2019366666666665,8.388372533333333,0.6744240722352938,1.0,equivalent,,,0.8-1.0
u_bin,u_bin=0.8-1.0,v2rl301,edd,policy-vs-rule,166,166,2014.2897024096392,2009.786095180723,-4.503607228915603,-7.634368765059846,-1.699545602409618,20.142897024096392,0.011774696184970698,0.05516824146366031,equivalent,,,0.8-1.0
u_bin,u_bin=0.8-1.0,v2rl302,edd,policy-vs-rule,166,166,2014.2897024096392,2009.883153012048,-4.406549397590346,-7.631542409638451,-1.5948092771082851,20.142897024096392,0.009194706910610051,0.05516824146366031,equivalent,,,0.8-1.0
u_bin,u_bin=0.8-1.0,v2rl303,edd,policy-vs-rule,166,166,2014.2897024096392,2078.769345783133,64.47964337349396,41.886017349397555,89.53617397590364,20.142897024096392,4.910914219613848e-09,1.4732742658841543e-07,worse,,,0.8-1.0
u_bin,u_bin=0.8-1.0,v2rl304,edd,policy-vs-rule,166,166,2014.2897024096392,2012.2542879518076,-2.035414457831236,-4.409386686747136,0.17840882530144053,20.142897024096392,0.15906003973341998,0.15906003973341998,equivalent,,,0.8-1.0
u_bin,u_bin=0.8-1.0,v2rl305,edd,policy-vs-rule,166,166,2014.2897024096392,2007.2344542168678,-7.055248192771076,-10.506488012048235,-3.870306084337461,20.142897024096392,0.000135792519255858,0.001765302750326154,equivalent,,,0.8-1.0
u_bin,u_bin=0.8-1.0,v2rl306,edd,policy-vs-rule,166,166,2014.2897024096392,2011.454691566265,-2.8350108433734276,-6.363868825301184,0.6685259638555224,20.142897024096392,0.05327516292812349,0.10655032585624698,equivalent,,,0.8-1.0
u_bin,u_bin=0.8-1.0,v2rl307,edd,policy-vs-rule,166,166,2014.2897024096392,2009.596577108434,-4.693125301204676,-7.623847138554084,-1.976225180722784,20.142897024096392,0.0012869526183754113,0.011582573565378701,equivalent,,,0.8-1.0
u_bin,u_bin=0.8-1.0,v2rl308,edd,policy-vs-rule,166,166,2014.2897024096392,2010.338708433735,-3.9509939759036623,-6.858105692771221,-1.2116679216867001,20.142897024096392,0.013714315147402609,0.05516824146366031,equivalent,,,0.8-1.0
u_bin,u_bin=0.8-1.0,v2rl309,edd,policy-vs-rule,166,166,2014.2897024096392,2060.9106493975905,46.62094698795177,26.49459620481938,70.0473332831323,20.142897024096392,8.012846583727678e-07,1.9230831800946427e-05,worse,,,0.8-1.0
u_bin,u_bin=0.8-1.0,v2rl310,edd,policy-vs-rule,166,166,2014.2897024096392,2007.3287915662654,-6.960910843373485,-10.756367560241138,-3.5959187048192782,20.142897024096392,3.902887721209348e-05,0.0005464042809693087,equivalent,,,0.8-1.0
u_bin,u_bin=0.8-1.0,edd,atc,rule-vs-rule,166,166,2024.128773493976,2014.2897024096392,-9.839071084337297,-14.17652114457804,-5.7836328614458195,20.24128773493976,3.767114822713641e-08,2.2602688936281847e-07,equivalent,,,0.8-1.0
u_bin,u_bin=0.8-1.0,lpt,atc,rule-vs-rule,166,166,2024.128773493976,12420.878290361445,10396.749516867472,8259.630300361443,12695.539255873493,20.24128773493976,1.9059316215633036e-20,3.049490594501286e-19,worse,,,0.8-1.0
u_bin,u_bin=0.8-1.0,pfifo,atc,rule-vs-rule,166,166,2024.128773493976,2014.2897024096392,-9.839071084337297,-14.180859608433497,-5.737538493975992,20.24128773493976,3.767114822713641e-08,2.2602688936281847e-07,equivalent,,,0.8-1.0
u_bin,u_bin=0.8-1.0,random,atc,rule-vs-rule,166,166,2024.128773493976,3716.1849204819273,1692.0561469879517,1301.7613753614457,2111.6409842771077,20.24128773493976,1.1476390903405986e-19,1.3771669084087184e-18,worse,,,0.8-1.0
u_bin,u_bin=0.8-1.0,wmdd,atc,rule-vs-rule,166,166,2024.128773493976,2023.457736144578,-0.671037349397623,-3.317311415662571,2.0682633132529933,20.24128773493976,0.19033860472947617,0.5710158141884285,equivalent,,,0.8-1.0
u_bin,u_bin=0.8-1.0,wspt,atc,rule-vs-rule,166,166,2024.128773493976,2185.8942819277113,161.76550843373502,124.16636259036135,202.50148948795223,20.24128773493976,7.178285336906296e-21,1.2920913606431334e-19,worse,,,0.8-1.0
u_bin,u_bin=0.8-1.0,rollcp2,atc,optimizer-vs-rule,15,15,844.2540666666666,836.5752799999999,-7.678786666666631,-22.376140999999986,0.20504133333334176,8.442540666666666,0.6744240722352938,1.0,inconclusive,,,0.8-1.0
u_bin,u_bin=0.8-1.0,v2rl301,atc,policy-vs-rule,166,166,2024.128773493976,2009.786095180723,-14.342678313252899,-20.624796445782938,-8.628449698795,20.24128773493976,8.945917086243333e-07,2.0575609298359666e-05,inconclusive,,,0.8-1.0
u_bin,u_bin=0.8-1.0,v2rl302,atc,policy-vs-rule,166,166,2024.128773493976,2009.883153012048,-14.245620481927643,-20.669389006024023,-8.291134036144513,20.24128773493976,1.6350937113773515e-06,3.597206165030173e-05,inconclusive,,,0.8-1.0
u_bin,u_bin=0.8-1.0,v2rl303,atc,policy-vs-rule,166,166,2024.128773493976,2078.769345783133,54.64057228915667,32.86321117469902,79.72069566265077,20.24128773493976,0.001567736859602683,0.012541894876821464,worse,,,0.8-1.0
u_bin,u_bin=0.8-1.0,v2rl304,atc,policy-vs-rule,166,166,2024.128773493976,2012.2542879518076,-11.87448554216853,-17.572283283132442,-6.632127018072132,20.24128773493976,5.495181526479938e-06,0.00010440844900311882,equivalent,,,0.8-1.0
u_bin,u_bin=0.8-1.0,v2rl305,atc,policy-vs-rule,166,166,2024.128773493976,2007.2344542168678,-16.894319277108373,-23.65624566265071,-10.678510361445769,20.24128773493976,4.0609819852333576e-08,1.13707495586534e-06,inconclusive,,,0.8-1.0
u_bin,u_bin=0.8-1.0,v2rl306,atc,policy-vs-rule,166,166,2024.128773493976,2011.454691566265,-12.674081927710722,-19.209193433734693,-6.831946114457703,20.24128773493976,0.000143067305521317,0.001765302750326154,equivalent,,,0.8-1.0
u_bin,u_bin=0.8-1.0,v2rl307,atc,policy-vs-rule,166,166,2024.128773493976,2009.596577108434,-14.532196385541974,-20.997362259036034,-8.86362150602384,20.24128773493976,5.434002808816915e-08,1.4671807583805672e-06,inconclusive,,,0.8-1.0
u_bin,u_bin=0.8-1.0,v2rl308,atc,policy-vs-rule,166,166,2024.128773493976,2010.338708433735,-13.790065060240961,-19.98702466867438,-8.217086897590479,20.24128773493976,3.576455204390354e-06,7.152910408780708e-05,equivalent,,,0.8-1.0
u_bin,u_bin=0.8-1.0,v2rl309,atc,policy-vs-rule,166,166,2024.128773493976,2060.9106493975905,36.78187590361447,16.065196475903594,61.82359394578308,20.24128773493976,0.01062463469866829,0.05516824146366031,inconclusive,,,0.8-1.0
u_bin,u_bin=0.8-1.0,v2rl310,atc,policy-vs-rule,166,166,2024.128773493976,2007.3287915662654,-16.799981927710782,-23.828827680722647,-10.308960662650788,20.24128773493976,3.584686856364698e-08,1.0395591883457624e-06,inconclusive,,,0.8-1.0
u_bin,u_bin=0.8-1.0,atc,wmdd,rule-vs-rule,166,166,2023.457736144578,2024.128773493976,0.671037349397623,-2.1080327108432604,3.293384939759166,20.23457736144578,0.19033860472947617,0.5710158141884285,equivalent,,,0.8-1.0
u_bin,u_bin=0.8-1.0,edd,wmdd,rule-vs-rule,166,166,2023.457736144578,2014.2897024096392,-9.168033734939671,-12.909949126505959,-5.878458795180537,20.23457736144578,4.899865916845247e-09,4.4098793251607226e-08,equivalent,,,0.8-1.0
u_bin,u_bin=0.8-1.0,lpt,wmdd,rule-vs-rule,166,166,2023.457736144578,12420.878290361445,10397.420554216866,8233.628097319279,12664.535850210841,20.23457736144578,3.861301200985676e-20,5.405821681379946e-19,worse,,,0.8-1.0
u_bin,u_bin=0.8-1.0,pfifo,wmdd,rule-vs-rule,166,166,2023.457736144578,2014.2897024096392,-9.168033734939671,-12.90863840361432,-5.843916987951802,20.23457736144578,4.899865916845247e-09,4.4098793251607226e-08,equivalent,,,0.8-1.0
u_bin,u_bin=0.8-1.0,random,wmdd,rule-vs-rule,166,166,2023.457736144578,3716.1849204819273,1692.7271843373492,1296.156420240964,2101.2690057831314,20.23457736144578,4.017871480588824e-19,4.017871480588824e-18,worse,,,0.8-1.0
u_bin,u_bin=0.8-1.0,wspt,wmdd,rule-vs-rule,166,166,2023.457736144578,2185.8942819277113,162.43654578313266,125.00808557228915,203.03578771084332,20.23457736144578,2.2438539839776906e-20,3.365780975966536e-19,worse,,,0.8-1.0
u_bin,u_bin=0.8-1.0,rollcp2,wmdd,optimizer-vs-rule,15,15,843.3466133333334,836.5752799999999,-6.7713333333333345,-17.46808166666675,0.10317733333338604,8.433466133333335,0.6744240722352938,1.0,inconclusive,,,0.8-1.0
u_bin,u_bin=0.8-1.0,v2rl301,wmdd,policy-vs-rule,166,166,2023.457736144578,2009.786095180723,-13.671640963855275,-19.51566237951762,-8.273023102409597,20.23457736144578,1.1314492003586666e-05,0.00019234636406097332,equivalent,,,0.8-1.0
u_bin,u_bin=0.8-1.0,v2rl302,wmdd,policy-vs-rule,166,166,2023.457736144578,2009.883153012048,-13.574583132530018,-19.50404668674689,-8.166382710843308,20.23457736144578,7.173541637716971e-06,0.00012912374947890548,equivalent,,,0.8-1.0
u_bin,u_bin=0.8-1.0,v2rl303,wmdd,policy-vs-rule,166,166,2023.457736144578,2078.769345783133,55.31160963855429,32.67360641566271,80.60951578313268,20.23457736144578,0.0005365121576587368,0.005365121576587369,worse,,,0.8-1.0
u_bin,u_bin=0.8-1.0,v2rl304,wmdd,policy-vs-rule,166,166,2023.457736144578,2012.2542879518076,-11.203448192770908,-16.44794397590327,-6.592125150602128,20.23457736144578,2.2131596412535575e-05,0.00033197394618803363,equivalent,,,0.8-1.0
u_bin,u_bin=0.8-1.0,v2rl305,wmdd,policy-vs-rule,166,166,2023.457736144578,2007.2344542168678,-16.223281927710747,-22.983392650602156,-10.209979186746883,20.23457736144578,4.428730848004829e-07,1.1514700204812555e-05,inconclusive,,,0.8-1.0
u_bin,u_bin=0.8-1.0,v2rl306,wmdd,policy-vs-rule,166,166,2023.457736144578,2011.454691566265,-12.0030445783131,-18.20811376506021,-6.278647439758755,20.23457736144578,0.00027297822302470797,0.0030027604532717874,equivalent,,,0.8-1.0
u_bin,u_bin=0.8-1.0,v2rl307,wmdd,policy-vs-rule,166,166,2023.457736144578,2009.596577108434,-13.861159036144349,-19.7046155120479,-8.58249530120469,20.23457736144578,2.2220854460911575e-06,4.6663794367914306e-05,equivalent,,,0.8-1.0
u_bin,u_bin=0.8-1.0,v2rl308,wmdd,policy-vs-rule,166,166,2023.457736144578,2010.338708433735,-13.119027710843335,-18.92278021084323,-7.784389246987901,20.23457736144578,1.2000344020454853e-05,0.00019234636406097332,equivalent,,,0.8-1.0
u_bin,u_bin=0.8-1.0,v2rl309,wmdd,policy-vs-rule,166,166,2023.457736144578,2060.9106493975905,37.45291325301209,16.42978722891569,62.22693259036153,20.23457736144578,0.005847193522489458,0.040930354657426206,inconclusive,,,0.8-1.0
u_bin,u_bin=0.8-1.0,v2rl310,wmdd,policy-vs-rule,166,166,2023.457736144578,2007.3287915662654,-16.12894457831316,-22.89967454819281,-10.059700662650515,20.23457736144578,4.6480201521520893e-07,1.1620050380380224e-05,inconclusive,,,0.8-1.0
u_bin,u_bin=1.0-1.2,atc,edd,rule-vs-rule,124,124,2718.3111629032255,2744.5611225806456,26.24995967741954,15.426975564516063,38.581890927420034,27.183111629032254,4.744558335807901e-09,3.795646668646321e-08,inconclusive,,,1.0-1.2
u_bin,u_bin=1.0-1.2,lpt,edd,rule-vs-rule,124,124,2718.3111629032255,33111.38951935483,30393.07835645161,24589.673867096768,36462.10020278225,27.183111629032254,1.0335846015401495e-17,1.2426895078600739e-16,worse,,,1.0-1.2
u_bin,u_bin=1.0-1.2,pfifo,edd,rule-vs-rule,124,124,2718.3111629032255,2717.824027419355,-0.48713548387096794,-1.4614064516129037,0.0,27.183111629032254,0.31731050786291415,0.3496130094201224,equivalent,,,1.0-1.2
u_bin,u_bin=1.0-1.2,random,edd,rule-vs-rule,124,124,2718.3111629032255,9413.30588064516,6694.994717741936,5306.585886935485,8146.00769903226,27.183111629032254,6.6362779482151094e-18,1.0618044717144175e-16,worse,,,1.0-1.2
u_bin,u_bin=1.0-1.2,wmdd,edd,rule-vs-rule,124,124,2718.3111629032255,2741.9825725806445,23.671409677419266,13.501464556451683,35.10714334677467,27.183111629032254,3.463020097288749e-07,1.7315100486443743e-06,inconclusive,,,1.0-1.2
u_bin,u_bin=1.0-1.2,wspt,edd,rule-vs-rule,124,124,2718.3111629032255,3219.5683459677425,501.25718306451637,388.12898344758105,625.0187904233874,27.183111629032254,5.697220948724935e-18,1.0254407456689796e-16,worse,,,1.0-1.2
u_bin,u_bin=1.0-1.2,rollcp2,edd,optimizer-vs-rule,8,8,615.671525,631.8921750000001,16.220650000000035,-2.9960999999998705,51.69749999999999,6.1567152499999995,1.0,1.0,inconclusive,,,1.0-1.2
u_bin,u_bin=1.0-1.2,v2rl301,edd,policy-vs-rule,124,124,2718.3111629032255,2745.115972580646,26.8048096774197,2.2527879032263547,57.40744092741969,27.183111629032254,0.459692812039058,1.0,inconclusive,,,1.0-1.2
u_bin,u_bin=1.0-1.2,v2rl302,edd,policy-vs-rule,124,124,2718.3111629032255,2732.26220483871,13.951041935484195,-4.391512298386818,38.33414991935515,27.183111629032254,0.721796524146211,1.0,inconclusive,,,1.0-1.2
u_bin,u_bin=1.0-1.2,v2rl303,edd,policy-vs-rule,124,124,2718.3111629032255,3000.9193612903223,282.6081983870968,177.4247597983873,405.4891175806453,27.183111629032254,5.998991203323126e-11,1.6197276248972441e-09,worse,,,1.0-1.2
u_bin,u_bin=1.0-1.2,v2rl304,edd,policy-vs-rule,124,124,2718.3111629032255,2716.4676000000004,-1.8435629032256684,-7.19381298387087,3.905160887096654,27.183111629032254,0.3463544246256304,1.0,equivalent,,,1.0-1.2
u_bin,u_bin=1.0-1.2,v2rl305,edd,policy-vs-rule,124,124,2718.3111629032255,2723.25003064516,4.938867741935351,-12.402978145161585,26.466859919354786,27.183111629032254,0.23282655337758662,1.0,equivalent,,,1.0-1.2
u_bin,u_bin=1.0-1.2,v2rl306,edd,policy-vs-rule,124,124,2718.3111629032255,2747.906727419355,29.595564516129055,0.04516810483890863,67.44524786290279,27.183111629032254,0.5655000175072579,1.0,inconclusive,,,1.0-1.2
u_bin,u_bin=1.0-1.2,v2rl307,edd,policy-vs-rule,124,124,2718.3111629032255,2735.236406451613,16.925243548387204,-5.201960000000078,44.39991500000009,27.183111629032254,0.735506020896217,1.0,inconclusive,,,1.0-1.2
u_bin,u_bin=1.0-1.2,v2rl308,edd,policy-vs-rule,124,124,2718.3111629032255,2718.4116758064515,0.10051290322595624,-11.495593830645097,14.781260080645067,27.183111629032254,0.24004954853147675,1.0,equivalent,,,1.0-1.2
u_bin,u_bin=1.0-1.2,v2rl309,edd,policy-vs-rule,124,124,2718.3111629032255,2995.1958661290323,276.88470322580656,191.96820891129013,372.3053985483869,27.183111629032254,8.494556065717916e-17,2.548366819715375e-15,worse,,,1.0-1.2
u_bin,u_bin=1.0-1.2,v2rl310,edd,policy-vs-rule,124,124,2718.3111629032255,2713.436914516129,-4.874248387096708,-19.47755141129032,16.538807540322832,27.183111629032254,0.0077892507716430985,0.12462801234628958,equivalent,,,1.0-1.2
u_bin,u_bin=1.0-1.2,edd,atc,rule-vs-rule,124,124,2744.5611225806456,2718.3111629032255,-26.24995967741954,-39.07855870967759,-15.32758580645198,27.445611225806456,4.744558335807901e-09,3.795646668646321e-08,inconclusive,,,1.0-1.2
u_bin,u_bin=1.0-1.2,lpt,atc,rule-vs-rule,124,124,2744.5611225806456,33111.38951935483,30366.828396774195,24485.135212459678,36454.718513709675,27.445611225806456,9.559150060462106e-18,1.2426895078600739e-16,worse,,,1.0-1.2
u_bin,u_bin=1.0-1.2,pfifo,atc,rule-vs-rule,124,124,2744.5611225806456,2717.824027419355,-26.737095161290508,-39.212255000000034,-15.969815766129255,27.445611225806456,3.7241653793167993e-09,3.35174884138512e-08,inconclusive,,,1.0-1.2
u_bin,u_bin=1.0-1.2,random,atc,rule-vs-rule,124,124,2744.5611225806456,9413.30588064516,6668.744758064516,5279.10180141129,8090.561630403225,27.445611225806456,1.0658777404819662e-17,1.2426895078600739e-16,worse,,,1.0-1.2
u_bin,u_bin=1.0-1.2,wmdd,atc,rule-vs-rule,124,124,2744.5611225806456,2741.9825725806445,-2.578550000000273,-7.463694516129389,2.4896690322578188,27.445611225806456,0.11653766980670748,0.3496130094201224,equivalent,,,1.0-1.2
u_bin,u_bin=1.0-1.2,wspt,atc,rule-vs-rule,124,124,2744.5611225806456,3219.5683459677425,475.0072233870967,369.60266173387095,589.2439182056447,27.445611225806456,8.328440343904301e-18,1.1659816481466023e-16,worse,,,1.0-1.2
u_bin,u_bin=1.0-1.2,rollcp2,atc,optimizer-vs-rule,8,8,619.926525,631.8921750000001,11.965650000000053,-6.742674999999949,43.95222500000007,6.19926525,1.0,1.0,inconclusive,,,1.0-1.2
u_bin,u_bin=1.0-1.2,v2rl301,atc,policy-vs-rule,124,124,2744.5611225806456,2745.115972580646,0.5548500000001586,-23.22064068548399,27.413828185484206,27.445611225806456,0.04635447214314248,0.6026081378608522,equivalent,,,1.0-1.2
u_bin,u_bin=1.0-1.2,v2rl302,atc,policy-vs-rule,124,124,2744.5611225806456,2732.26220483871,-12.298917741935343,-31.96318048387094,9.283298306452036,27.445611225806456,0.00605862865493143,0.10905531578876575,inconclusive,,,1.0-1.2
u_bin,u_bin=1.0-1.2,v2rl303,atc,policy-vs-rule,124,124,2744.5611225806456,3000.9193612903223,256.35823870967727,159.22861592741924,372.5518833064515,27.445611225806456,1.5471565927154587e-07,3.867891481788647e-06,worse,,,1.0-1.2
u_bin,u_bin=1.0-1.2,v2rl304,atc,policy-vs-rule,124,124,2744.5611225806456,2716.4676000000004,-28.093522580645207,-43.17008250000052,-14.88569879032251,27.445611225806456,3.8992242597281736e-05,0.0008968215797374799,inconclusive,,,1.0-1.2
u_bin,u_bin=1.0-1.2,v2rl305,atc,policy-vs-rule,124,124,2744.5611225806456,2723.25003064516,-21.311091935484193,-44.8924409274196,2.60135149193545,27.445611225806456,0.0006793188622833877,0.014265696107951142,inconclusive,,,1.0-1.2
u_bin,u_bin=1.0-1.2,v2rl306,atc,policy-vs-rule,124,124,2744.5611225806456,2747.906727419355,3.345604838709518,-24.59986504032261,35.6978095967739,27.445611225806456,0.13478734998769185,1.0,inconclusive,,,1.0-1.2
u_bin,u_bin=1.0-1.2,v2rl307,atc,policy-vs-rule,124,124,2744.5611225806456,2735.236406451613,-9.324716129032337,-35.319074959677486,18.214897379032195,27.445611225806456,0.006237381026813335,0.10905531578876575,inconclusive,,,1.0-1.2
u_bin,u_bin=1.0-1.2,v2rl308,atc,policy-vs-rule,124,124,2744.5611225806456,2718.4116758064515,-26.149446774193585,-44.50788221774185,-8.849667661290109,27.445611225806456,0.0008755534894243699,0.017511069788487398,inconclusive,,,1.0-1.2
u_bin,u_bin=1.0-1.2,v2rl309,atc,policy-vs-rule,124,124,2744.5611225806456,2995.1958661290323,250.63474354838695,168.23510270161276,341.8774789112902,27.445611225806456,1.1722594816829954e-13,3.282326548712387e-12,worse,,,1.0-1.2
u_bin,u_bin=1.0-1.2,v2rl310,atc,policy-vs-rule,124,124,2744.5611225806456,2713.436914516129,-31.12420806451625,-53.34963016129024,-7.754646572580573,27.445611225806456,1.0243260741002503e-05,0.00024583825778406006,inconclusive,,,1.0-1.2
u_bin,u_bin=1.0-1.2,atc,wmdd,rule-vs-rule,124,124,2741.9825725806445,2744.5611225806456,2.578550000000273,-2.238329677419119,7.502951774193433,27.419825725806447,0.11653766980670748,0.3496130094201224,equivalent,,,1.0-1.2
u_bin,u_bin=1.0-1.2,edd,wmdd,rule-vs-rule,124,124,2741.9825725806445,2718.3111629032255,-23.671409677419266,-35.14063096774166,-13.743283508064454,27.419825725806447,3.463020097288749e-07,1.7315100486443743e-06,inconclusive,,,1.0-1.2
u_bin,u_bin=1.0-1.2,lpt,wmdd,rule-vs-rule,124,124,2741.9825725806445,33111.38951935483,30369.406946774197,24556.046215403225,36405.304224032254,27.419825725806447,1.2053106550377209e-17,1.2426895078600739e-16,worse,,,1.0-1.2
u_bin,u_bin=1.0-1.2,pfifo,wmdd,rule-vs-rule,124,124,2741.9825725806445,2717.824027419355,-24.158545161290235,-35.49722274193568,-14.13719157258067,27.419825725806447,2.1413356486051873e-07,1.2848013891631123e-06,inconclusive,,,1.0-1.2
u_bin,u_bin=1.0-1.2,random,wmdd,rule-vs-rule,124,124,2741.9825725806445,9413.30588064516,6671.323308064515,5289.971139112902,8105.730180604838,27.419825725806447,6.841655374239065e-18,1.0618044717144175e-16,worse,,,1.0-1.2
u_bin,u_bin=1.0-1.2,wspt,wmdd,rule-vs-rule,124,124,2741.9825725806445,3219.5683459677425,477.58577338709694,372.83914760080654,589.2165810080647,27.419825725806447,5.6968930314943314e-18,1.0254407456689796e-16,worse,,,1.0-1.2
u_bin,u_bin=1.0-1.2,rollcp2,wmdd,optimizer-vs-rule,8,8,617.7081999999999,631.8921750000001,14.183975000000075,-3.1985999999997716,45.99332500000001,6.1770819999999995,1.0,1.0,inconclusive,,,1.0-1.2
u_bin,u_bin=1.0-1.2,v2rl301,wmdd,policy-vs-rule,124,124,2741.9825725806445,2745.115972580646,3.133400000000433,-21.772982943548044,31.83931467741958,27.419825725806447,0.3402649183953741,1.0,inconclusive,,,1.0-1.2
u_bin,u_bin=1.0-1.2,v2rl302,wmdd,policy-vs-rule,124,124,2741.9825725806445,2732.26220483871,-9.720367741935071,-29.4554192338707,13.41559935483935,27.419825725806447,0.08054005635817611,0.9664806762981133,inconclusive,,,1.0-1.2
u_bin,u_bin=1.0-1.2,v2rl303,wmdd,policy-vs-rule,124,124,2741.9825725806445,3000.9193612903223,258.9367887096775,160.05003645161284,374.5819305241937,27.419825725806447,4.254651570876454e-08,1.106209408427878e-06,worse,,,1.0-1.2
u_bin,u_bin=1.0-1.2,v2rl304,wmdd,policy-vs-rule,124,124,2741.9825725806445,2716.4676000000004,-25.514972580644933,-38.92462431451588,-13.026397379032156,27.419825725806447,0.0008769706182009935,0.017511069788487398,inconclusive,,,1.0-1.2
u_bin,u_bin=1.0-1.2,v2rl305,wmdd,policy-vs-rule,124,124,2741.9825725806445,2723.25003064516,-18.732541935483916,-42.03751745967749,6.108249112903084,27.419825725806447,0.021590666868195895,0.32386000302293844,inconclusive,,,1.0-1.2
u_bin,u_bin=1.0-1.2,v2rl306,wmdd,policy-vs-rule,124,124,2741.9825725806445,2747.906727419355,5.924154838709792,-22.76327749999935,41.13067552419383,27.419825725806447,0.5411761784387874,1.0,inconclusive,,,1.0-1.2
u_bin,u_bin=1.0-1.2,v2rl307,wmdd,policy-vs-rule,124,124,2741.9825725806445,2735.236406451613,-6.746166129032066,-33.051654516129084,20.80188487903224,27.419825725806447,0.12885278671379796,1.0,inconclusive,,,1.0-1.2
u_bin,u_bin=1.0-1.2,v2rl308,wmdd,policy-vs-rule,124,124,2741.9825725806445,2718.4116758064515,-23.57089677419331,-41.561670282258,-6.51165129032248,27.419825725806447,0.028262962140001176,0.39568146996001646,inconclusive,,,1.0-1.2
u_bin,u_bin=1.0-1.2,v2rl309,wmdd,policy-vs-rule,124,124,2741.9825725806445,2995.1958661290323,253.21329354838724,171.3435064112906,346.90392987903243,27.419825725806447,7.252192375262971e-15,2.1031357888262616e-13,worse,,,1.0-1.2
u_bin,u_bin=1.0-1.2,v2rl310,wmdd,policy-vs-rule,124,124,2741.9825725806445,2713.436914516129,-28.54565806451598,-49.84857673387056,-6.356708104838598,27.419825725806447,0.0003194453911242629,0.007027798604733783,inconclusive,,,1.0-1.2
u_bin,u_bin=<0.5,atc,edd,rule-vs-rule,195,100,234.6505630769231,235.13785128205132,0.4872882051282058,0.035897435897435895,1.1445723229132037,2.346505630769231,0.027707849358079864,0.3879098910131181,equivalent,,,<0.5
u_bin,u_bin=<0.5,lpt,edd,rule-vs-rule,195,100,234.6505630769231,234.88159282051282,0.2310297435897432,0.009311578947367886,0.646141684557439,2.346505630769231,0.11585149752593009,0.6951089851555805,equivalent,,,<0.5
u_bin,u_bin=<0.5,pfifo,edd,rule-vs-rule,195,100,234.6505630769231,234.6505630769231,0.0,0.0,0.0,2.346505630769231,1.0,1.0,equivalent,,,<0.5
u_bin,u_bin=<0.5,random,edd,rule-vs-rule,195,100,234.6505630769231,235.4442676923077,0.7937046153846156,0.2626390201081963,1.4884191276737968,2.346505630769231,0.0014688499662158375,0.022032749493237563,equivalent,,,<0.5
u_bin,u_bin=<0.5,wmdd,edd,rule-vs-rule,195,100,234.6505630769231,235.12146564102568,0.47090256410256653,0.04060913705583756,1.130657741674382,2.346505630769231,0.027707849358079864,0.3879098910131181,equivalent,,,<0.5
u_bin,u_bin=<0.5,wspt,edd,rule-vs-rule,195,100,234.6505630769231,235.98889128205133,1.3383282051282062,0.4929634664974619,2.3836092010582033,2.346505630769231,0.00013121408685711018,0.0023618535634279832,inconclusive,,,<0.5
u_bin,u_bin=<0.5,rollcp2,edd,optimizer-vs-rule,59,32,300.33974576271186,300.3870508474576,0.047305084745759285,-0.11424370292207328,0.21594655737704463,3.0033974576271185,2.7788879871039243e-05,8.336663961311773e-05,equivalent,,,<0.5
u_bin,u_bin=<0.5,v2rl301,edd,policy-vs-rule,195,100,234.6505630769231,234.6283415384615,-0.02222153846153805,-0.16355899159663845,0.07798769230769297,2.346505630769231,0.6858304344516057,1.0,equivalent,,,<0.5
u_bin,u_bin=<0.5,v2rl302,edd,policy-vs-rule,195,100,234.6505630769231,234.5710287179487,-0.0795343589743582,-0.21496042780748645,-0.0010303664921465763,2.346505630769231,0.06788915486182899,0.7467807034801189,equivalent,,,<0.5
u_bin,u_bin=<0.5,v2rl303,edd,policy-vs-rule,195,100,234.6505630769231,234.60509641025638,-0.045466666666667176,-0.17494692201199902,0.0387490995404127,2.346505630769231,0.4652088184521418,1.0,equivalent,,,<0.5
u_bin,u_bin=<0.5,v2rl304,edd,policy-vs-rule,195,100,234.6505630769231,234.68398358974358,0.0334205128205128,-0.0019979695431471683,0.10045647186147223,2.346505630769231,0.28504940740261275,1.0,equivalent,,,<0.5
u_bin,u_bin=<0.5,v2rl305,edd,policy-vs-rule,195,100,234.6505630769231,234.60575282051278,-0.04481025641025495,-0.1740020512820511,0.03880437562177657,2.346505630769231,0.892738400944348,1.0,equivalent,,,<0.5
u_bin,u_bin=<0.5,v2rl306,edd,policy-vs-rule,195,100,234.6505630769231,234.80554769230764,0.15498461538461702,-0.1274601836861753,0.5877567160037004,2.346505630769231,0.3454475304692257,1.0,equivalent,,,<0.5
u_bin,u_bin=<0.5,v2rl307,edd,policy-vs-rule,195,100,234.6505630769231,234.62093230769227,-0.029630769230767583,-0.16274117647058806,0.05866163101604743,2.346505630769231,0.6858304344516057,1.0,equivalent,,,<0.5
u_bin,u_bin=<0.5,v2rl308,edd,policy-vs-rule,195,100,234.6505630769231,234.6484646153846,-0.0020984615384621137,-0.02841217532467544,0.025663007901064416,2.346505630769231,0.7150006546880893,1.0,equivalent,,,<0.5
u_bin,u_bin=<0.5,v2rl309,edd,policy-vs-rule,195,100,234.6505630769231,234.7815169230769,0.13095384615384617,0.008882758620689674,0.288670579209093,2.346505630769231,0.045799589111186666,0.5953146919727228,equivalent,,,<0.5
u_bin,u_bin=<0.5,v2rl310,edd,policy-vs-rule,195,100,234.6505630769231,234.57595076923073,-0.07461230769230764,-0.20625440926944064,-0.0010040816326530413,2.346505630769231,0.06788915486182899,0.7467807034801189,equivalent,,,<0.5
u_bin,u_bin=<0.5,edd,atc,rule-vs-rule,195,100,235.13785128205132,234.6505630769231,-0.4872882051282058,-1.1118912879360636,-0.035175879396984924,2.351378512820513,0.027707849358079864,0.3879098910131181,equivalent,,,<0.5
u_bin,u_bin=<0.5,lpt,atc,rule-vs-rule,195,100,235.13785128205132,234.88159282051282,-0.2562584615384626,-0.912716441183217,0.366294307615729,2.351378512820513,0.16142946236708333,0.8071473118354167,equivalent,,,<0.5
u_bin,u_bin=<0.5,pfifo,atc,rule-vs-rule,195,100,235.13785128205132,234.6505630769231,-0.4872882051282058,-1.1195107769204797,-0.03571428571428571,2.351378512820513,0.027707849358079864,0.3879098910131181,equivalent,,,<0.5
u_bin,u_bin=<0.5,random,atc,rule-vs-rule,195,100,235.13785128205132,235.4442676923077,0.3064164102564097,-0.11595256961633878,0.7550256868041003,2.351378512820513,0.07473549830588254,0.5978839864470603,equivalent,,,<0.5
u_bin,u_bin=<0.5,wmdd,atc,rule-vs-rule,195,100,235.13785128205132,235.12146564102568,-0.016385641025639275,-0.0823354220079992,0.03779121951219855,2.351378512820513,0.4652088184521418,1.0,equivalent,,,<0.5
u_bin,u_bin=<0.5,wspt,atc,rule-vs-rule,195,100,235.13785128205132,235.98889128205133,0.8510400000000005,0.3405321816662023,1.5058247627455317,2.351378512820513,0.00019438312233538687,0.0033045130797015767,equivalent,,,<0.5
u_bin,u_bin=<0.5,rollcp2,atc,optimizer-vs-rule,59,32,300.83127118644063,300.3870508474576,-0.4442203389830543,-1.5278140740740773,0.16024759090908855,3.008312711864406,0.0003532305501342808,0.0007064611002685616,equivalent,,,<0.5
u_bin,u_bin=<0.5,v2rl301,atc,policy-vs-rule,195,100,235.13785128205132,234.6283415384615,-0.5095097435897439,-1.1317119608404738,-0.03608247422680412,2.351378512820513,0.017960477526078766,0.538814325782363,equivalent,,,<0.5
u_bin,u_bin=<0.5,v2rl302,atc,policy-vs-rule,195,100,235.13785128205132,234.5710287179487,-0.566822564102564,-1.2806956288659792,-0.03783783783783784,2.351378512820513,0.017960477526078766,0.538814325782363,equivalent,,,<0.5
u_bin,u_bin=<0.5,v2rl303,atc,policy-vs-rule,195,100,235.13785128205132,234.60509641025638,-0.532754871794873,-1.2140239619047646,-0.036601980198019766,2.351378512820513,0.017960477526078766,0.538814325782363,equivalent,,,<0.5
u_bin,u_bin=<0.5,v2rl304,atc,policy-vs-rule,195,100,235.13785128205132,234.68398358974358,-0.453867692307693,-1.0782311246071543,-0.03653013853637903,2.351378512820513,0.017960477526078766,0.538814325782363,equivalent,,,<0.5
u_bin,u_bin=<0.5,v2rl305,atc,policy-vs-rule,195,100,235.13785128205132,234.60575282051278,-0.5320984615384607,-1.19773185741811,-0.03772137728389783,2.351378512820513,0.017960477526078766,0.538814325782363,equivalent,,,<0.5
u_bin,u_bin=<0.5,v2rl306,atc,policy-vs-rule,195,100,235.13785128205132,234.80554769230764,-0.3323035897435888,-1.049154515642456,0.3299496358193414,2.351378512820513,0.16142946236708333,1.0,equivalent,,,<0.5
u_bin,u_bin=<0.5,v2rl307,atc,policy-vs-rule,195,100,235.13785128205132,234.62093230769227,-0.5169189743589734,-1.1652094940155115,-0.03684210526315789,2.351378512820513,0.017960477526078766,0.538814325782363,equivalent,,,<0.5
u_bin,u_bin=<0.5,v2rl308,atc,policy-vs-rule,195,100,235.13785128205132,234.6484646153846,-0.4893866666666679,-1.1510292857142896,-0.03728911917098444,2.351378512820513,0.017960477526078766,0.538814325782363,equivalent,,,<0.5
u_bin,u_bin=<0.5,v2rl309,atc,policy-vs-rule,195,100,235.13785128205132,234.7815169230769,-0.35633435897435967,-0.9053820512820541,0.013542853260869573,2.351378512820513,0.04252247799805163,0.5953146919727228,equivalent,,,<0.5
u_bin,u_bin=<0.5,v2rl310,atc,policy-vs-rule,195,100,235.13785128205132,234.57595076923073,-0.5619005128205135,-1.2713579965821302,-0.036600230185455086,2.351378512820513,0.017960477526078766,0.538814325782363,equivalent,,,<0.5
u_bin,u_bin=<0.5,atc,wmdd,rule-vs-rule,195,100,235.12146564102568,235.13785128205132,0.016385641025639275,-0.03666328932039346,0.07843267156862743,2.351214656410257,0.4652088184521418,1.0,equivalent,,,<0.5
u_bin,u_bin=<0.5,edd,wmdd,rule-vs-rule,195,100,235.12146564102568,234.6505630769231,-0.47090256410256653,-1.1491501861309807,-0.04081632653061224,2.351214656410257,0.027707849358079864,0.3879098910131181,equivalent,,,<0.5
u_bin,u_bin=<0.5,lpt,wmdd,rule-vs-rule,195,100,235.12146564102568,234.88159282051282,-0.23987282051282335,-0.9342269884169979,0.3537195306513408,2.351214656410257,0.16142946236708333,0.8071473118354167,equivalent,,,<0.5
u_bin,u_bin=<0.5,pfifo,wmdd,rule-vs-rule,195,100,235.12146564102568,234.6505630769231,-0.47090256410256653,-1.1452655750895664,-0.041884816753926704,2.351214656410257,0.027707849358079864,0.3879098910131181,equivalent,,,<0.5
u_bin,u_bin=<0.5,random,wmdd,rule-vs-rule,195,100,235.12146564102568,235.4442676923077,0.322802051282049,-0.13230450183151052,0.7987795957807209,2.351214656410257,0.08686008151624075,0.6080205706136852,equivalent,,,<0.5
u_bin,u_bin=<0.5,wspt,wmdd,rule-vs-rule,195,100,235.12146564102568,235.98889128205133,0.8674256410256397,0.3301319187817257,1.555423993890799,2.351214656410257,0.00019540793740897315,0.0033045130797015767,equivalent,,,<0.5
u_bin,u_bin=<0.5,rollcp2,wmdd,optimizer-vs-rule,59,32,300.796206779661,300.3870508474576,-0.4091559322033931,-1.3372124629629643,0.1562286785714207,3.00796206779661,0.0003532305501342808,0.0007064611002685616,equivalent,,,<0.5
u_bin,u_bin=<0.5,v2rl301,wmdd,policy-vs-rule,195,100,235.12146564102568,234.6283415384615,-0.4931241025641046,-1.1357630652629327,-0.041967999999999964,2.351214656410257,0.017960477526078766,0.538814325782363,equivalent,,,<0.5
u_bin,u_bin=<0.5,v2rl302,wmdd,policy-vs-rule,195,100,235.12146564102568,234.5710287179487,-0.5504369230769247,-1.2832871977507097,-0.04139672488431109,2.351214656410257,0.017960477526078766,0.538814325782363,equivalent,,,<0.5
u_bin,u_bin=<0.5,v2rl303,wmdd,policy-vs-rule,195,100,235.12146564102568,234.60509641025638,-0.5163692307692337,-1.2134153846153937,-0.041025641025641026,2.351214656410257,0.017960477526078766,0.538814325782363,equivalent,,,<0.5
u_bin,u_bin=<0.5,v2rl304,wmdd,policy-vs-rule,195,100,235.12146564102568,234.68398358974358,-0.43748205128205375,-1.0800767309300854,-0.041884816753926704,2.351214656410257,0.017960477526078766,0.538814325782363,equivalent,,,<0.5
u_bin,u_bin=<0.5,v2rl305,wmdd,policy-vs-rule,195,100,235.12146564102568,234.60575282051278,-0.5157128205128215,-1.1884042552060303,-0.041666666666666664,2.351214656410257,0.017960477526078766,0.538814325782363,equivalent,,,<0.5
u_bin,u_bin=<0.5,v2rl306,wmdd,policy-vs-rule,195,100,235.12146564102568,234.80554769230764,-0.31591794871794954,-1.0601438522278663,0.33406622650867984,2.351214656410257,0.16142946236708333,1.0,equivalent,,,<0.5
u_bin,u_bin=<0.5,v2rl307,wmdd,policy-vs-rule,195,100,235.12146564102568,234.62093230769227,-0.5005333333333342,-1.1459648691099507,-0.041700113268608376,2.351214656410257,0.017960477526078766,0.538814325782363,equivalent,,,<0.5
u_bin,u_bin=<0.5,v2rl308,wmdd,policy-vs-rule,195,100,235.12146564102568,234.6484646153846,-0.47300102564102864,-1.1455974665617688,-0.04224973009376781,2.351214656410257,0.017960477526078766,0.538814325782363,equivalent,,,<0.5
u_bin,u_bin=<0.5,v2rl309,wmdd,policy-vs-rule,195,100,235.12146564102568,234.7815169230769,-0.3399487179487204,-0.90040096621958,0.008926732673267346,2.351214656410257,0.04252247799805163,0.5953146919727228,equivalent,,,<0.5
u_bin,u_bin=<0.5,v2rl310,wmdd,policy-vs-rule,195,100,235.12146564102568,234.57595076923073,-0.5455148717948742,-1.2436170209424169,-0.041884816753926704,2.351214656410257,0.017960477526078766,0.538814325782363,equivalent,,,<0.5
u_bin,u_bin=>=1.2,atc,edd,rule-vs-rule,179,125,1718.143169273743,1729.3418407821227,11.198671508380114,-18.65287487111169,38.15063850806465,17.18143169273743,0.000996865236798368,0.006978056657588576,inconclusive,,,>=1.2
u_bin,u_bin=>=1.2,lpt,edd,rule-vs-rule,179,125,1718.143169273743,37639.08770837989,35920.944539106145,25958.07060811302,47583.23147034535,17.18143169273743,9.487096441797489e-14,9.48709644179749e-13,worse,,,>=1.2
u_bin,u_bin=>=1.2,pfifo,edd,rule-vs-rule,179,125,1718.143169273743,1718.1511882681564,0.008018994413338362,-0.034534295977070945,0.053790026812942114,17.18143169273743,0.7150006546880893,0.7150006546880893,equivalent,,,>=1.2
u_bin,u_bin=>=1.2,random,edd,rule-vs-rule,179,125,1718.143169273743,12140.416125139662,10422.272955865918,7500.953368137351,13849.105896294193,17.18143169273743,4.157122762496327e-16,5.819971867494857e-15,worse,,,>=1.2
u_bin,u_bin=>=1.2,wmdd,edd,rule-vs-rule,179,125,1718.143169273743,1721.7309944134079,3.5878251396647833,-27.448637223289168,30.20018631501283,17.18143169273743,0.004509084627499781,0.018036338509999125,inconclusive,,,>=1.2
u_bin,u_bin=>=1.2,wspt,edd,rule-vs-rule,179,125,1718.143169273743,2442.1788614525135,724.0356921787711,525.4074163696931,955.4185817982142,17.18143169273743,4.892144666078803e-16,6.359788065902443e-15,worse,,,>=1.2
u_bin,u_bin=>=1.2,rollcp2,edd,optimizer-vs-rule,29,16,297.3971379310345,264.21858620689653,-33.178551724137954,-98.39463076923082,0.010342995391699304,2.973971379310345,0.9162824413291019,1.0,inconclusive,,,>=1.2
u_bin,u_bin=>=1.2,v2rl301,edd,policy-vs-rule,179,125,1718.143169273743,1875.6609944134077,157.51782513966495,76.05899203756489,262.0214311956328,17.18143169273743,4.719542931591491e-06,0.00011326903035819579,worse,,,>=1.2
u_bin,u_bin=>=1.2,v2rl302,edd,policy-vs-rule,179,125,1718.143169273743,1790.351717318436,72.20854804469272,23.197638158019718,135.8458780593306,17.18143169273743,0.0316002338422117,0.5056037414753872,worse,,,>=1.2
u_bin,u_bin=>=1.2,v2rl303,edd,policy-vs-rule,179,125,1718.143169273743,2622.683196648045,904.5400273743016,623.7179112533327,1252.8211362034679,17.18143169273743,3.30096958843936e-13,9.242714847630209e-12,worse,,,>=1.2
u_bin,u_bin=>=1.2,v2rl304,edd,policy-vs-rule,179,125,1718.143169273743,1722.4802782122906,4.337108938547604,-12.990997841269568,27.303786782815543,17.18143169273743,0.4094296599955971,1.0,inconclusive,,,>=1.2
u_bin,u_bin=>=1.2,v2rl305,edd,policy-vs-rule,179,125,1718.143169273743,1783.4350558659219,65.29188659217873,26.56524515946755,116.34344542575843,17.18143169273743,0.029154124678010263,0.49562011952617446,worse,,,>=1.2
u_bin,u_bin=>=1.2,v2rl306,edd,policy-vs-rule,179,125,1718.143169273743,1847.7126614525143,129.5694921787711,63.66544519387626,211.44742210536702,17.18143169273743,6.605635162695487e-05,0.001519296087419962,worse,,,>=1.2
u_bin,u_bin=>=1.2,v2rl307,edd,policy-vs-rule,179,125,1718.143169273743,1825.5029229050283,107.35975363128502,55.50110003677787,170.51521825939773,17.18143169273743,0.00023075056866843274,0.0050765125107055204,worse,,,>=1.2
u_bin,u_bin=>=1.2,v2rl308,edd,policy-vs-rule,179,125,1718.143169273743,1729.0298290502797,10.886659776536671,-14.845578911632268,45.979509093076445,17.18143169273743,0.7599719106387297,1.0,inconclusive,,,>=1.2
u_bin,u_bin=>=1.2,v2rl309,edd,policy-vs-rule,179,125,1718.143169273743,2479.1456843575425,761.0025150837995,510.0504255133523,1059.7566807209005,17.18143169273743,1.9875112684891157e-13,5.9625338054673474e-12,worse,,,>=1.2
u_bin,u_bin=>=1.2,v2rl310,edd,policy-vs-rule,179,125,1718.143169273743,1717.1265318435755,-1.0166374301674252,-19.77916836371387,16.25320513149701,17.18143169273743,0.7027611199075958,1.0,inconclusive,,,>=1.2
u_bin,u_bin=>=1.2,edd,atc,rule-vs-rule,179,125,1729.3418407821227,1718.143169273743,-11.198671508380114,-38.27675596284664,19.497980300128493,17.29341840782123,0.000996865236798368,0.006978056657588576,inconclusive,,,>=1.2
u_bin,u_bin=>=1.2,lpt,atc,rule-vs-rule,179,125,1729.3418407821227,37639.08770837989,35909.74586759777,25968.908591499698,47471.10395043155,17.29341840782123,8.559052585702581e-14,9.479073670080174e-13,worse,,,>=1.2
u_bin,u_bin=>=1.2,pfifo,atc,rule-vs-rule,179,125,1729.3418407821227,1718.1511882681564,-11.190652513966775,-39.18819015193418,19.57874380884703,17.29341840782123,0.000996865236798368,0.006978056657588576,inconclusive,,,>=1.2
u_bin,u_bin=>=1.2,random,atc,rule-vs-rule,179,125,1729.3418407821227,12140.416125139662,10411.074284357537,7501.997960490212,13851.81473086538,17.29341840782123,2.730216251369089e-16,4.095324377053633e-15,worse,,,>=1.2
u_bin,u_bin=>=1.2,wmdd,atc,rule-vs-rule,179,125,1729.3418407821227,1721.7309944134079,-7.610846368715328,-15.584181383272231,-0.6287339995758008,17.29341840782123,0.00019310260839681162,0.0017379234755713045,equivalent,,,>=1.2
u_bin,u_bin=>=1.2,wspt,atc,rule-vs-rule,179,125,1729.3418407821227,2442.1788614525135,712.8370206703909,517.7539141624346,932.6598782959162,17.29341840782123,4.1940210834586663e-17,7.129835841879733e-16,worse,,,>=1.2
u_bin,u_bin=>=1.2,rollcp2,atc,optimizer-vs-rule,29,16,274.9888137931035,264.21858620689653,-10.77022758620691,-34.730620019157115,0.009723076923071753,2.749888137931035,0.9162824413291019,1.0,inconclusive,,,>=1.2
u_bin,u_bin=>=1.2,v2rl301,atc,policy-vs-rule,179,125,1729.3418407821227,1875.6609944134077,146.31915363128482,68.74656114389718,243.42009353605658,17.29341840782123,0.0158539326969357,0.31707865393871404,worse,,,>=1.2
u_bin,u_bin=>=1.2,v2rl302,atc,policy-vs-rule,179,125,1729.3418407821227,1790.351717318436,61.009876536312596,16.26450535963327,116.8509492339898,17.29341840782123,0.25180873720241603,1.0,inconclusive,,,>=1.2
u_bin,u_bin=>=1.2,v2rl303,atc,policy-vs-rule,179,125,1729.3418407821227,2622.683196648045,893.3413558659217,621.1814911764785,1225.3178794179528,17.29341840782123,8.579989848841215e-13,2.1449974622103037e-11,worse,,,>=1.2
u_bin,u_bin=>=1.2,v2rl304,atc,policy-vs-rule,179,125,1729.3418407821227,1722.4802782122906,-6.861562569832507,-36.87088181878327,28.743831373465653,17.29341840782123,0.02000561266008937,0.38010664054169807,inconclusive,,,>=1.2
u_bin,u_bin=>=1.2,v2rl305,atc,policy-vs-rule,179,125,1729.3418407821227,1783.4350558659219,54.09321508379862,7.047907416158897,111.8679449735262,17.29341840782123,0.9862854327415632,1.0,inconclusive,,,>=1.2
u_bin,u_bin=>=1.2,v2rl306,atc,policy-vs-rule,179,125,1729.3418407821227,1847.7126614525143,118.37082067039097,45.355712387130595,209.40316985738986,17.29341840782123,0.12747465815390072,1.0,worse,,,>=1.2
u_bin,u_bin=>=1.2,v2rl307,atc,policy-vs-rule,179,125,1729.3418407821227,1825.5029229050283,96.16108212290492,35.42886866935467,175.64653947537212,17.29341840782123,0.1672974437283159,1.0,worse,,,>=1.2
u_bin,u_bin=>=1.2,v2rl308,atc,policy-vs-rule,179,125,1729.3418407821227,1729.0298290502797,-0.3120117318434414,-37.145335643513754,46.55695463571864,17.29341840782123,0.04553129516082244,0.6829694274123366,inconclusive,,,>=1.2
u_bin,u_bin=>=1.2,v2rl309,atc,policy-vs-rule,179,125,1729.3418407821227,2479.1456843575425,749.8038435754194,510.03293508065474,1041.4901509489957,17.29341840782123,5.255595997115897e-13,1.3664549592501334e-11,worse,,,>=1.2
u_bin,u_bin=>=1.2,v2rl310,atc,policy-vs-rule,179,125,1729.3418407821227,1717.1265318435755,-12.215308938547537,-33.52983501136734,8.147196666666494,17.29341840782123,0.12337640976769508,1.0,inconclusive,,,>=1.2
u_bin,u_bin=>=1.2,atc,wmdd,rule-vs-rule,179,125,1721.7309944134079,1729.3418407821227,7.610846368715328,0.7465703430280511,15.600524743641945,17.21730994413408,0.00019310260839681162,0.0017379234755713045,equivalent,,,>=1.2
u_bin,u_bin=>=1.2,edd,wmdd,rule-vs-rule,179,125,1721.7309944134079,1718.143169273743,-3.5878251396647833,-30.36756172075477,27.278121520284024,17.21730994413408,0.004509084627499781,0.018036338509999125,inconclusive,,,>=1.2
u_bin,u_bin=>=1.2,lpt,wmdd,rule-vs-rule,179,125,1721.7309944134079,37639.08770837989,35917.35671396648,25950.864144822353,47307.677255963055,17.21730994413408,7.899228058400146e-14,9.479073670080174e-13,worse,,,>=1.2
u_bin,u_bin=>=1.2,pfifo,wmdd,rule-vs-rule,179,125,1721.7309944134079,1718.1511882681564,-3.579806145251445,-30.58652149813607,27.97157444148369,17.21730994413408,0.004509084627499781,0.018036338509999125,inconclusive,,,>=1.2
u_bin,u_bin=>=1.2,random,wmdd,rule-vs-rule,179,125,1721.7309944134079,12140.416125139662,10418.685130726255,7508.39169201401,13892.520922046813,17.21730994413408,2.0280385983648307e-16,3.244861757383729e-15,worse,,,>=1.2
u_bin,u_bin=>=1.2,wspt,wmdd,rule-vs-rule,179,125,1721.7309944134079,2442.1788614525135,720.4478670391063,525.2549245499652,944.4365688328878,17.21730994413408,3.809002236042606e-17,6.85620402487669e-16,worse,,,>=1.2
u_bin,u_bin=>=1.2,rollcp2,wmdd,optimizer-vs-rule,29,16,267.7391448275862,264.21858620689653,-3.520558620689671,-11.912284800000052,0.01007999999999735,2.677391448275862,0.9162824413291019,1.0,inconclusive,,,>=1.2
u_bin,u_bin=>=1.2,v2rl301,wmdd,policy-vs-rule,179,125,1721.7309944134079,1875.6609944134077,153.93000000000018,71.76325232240438,252.73777240368983,17.21730994413408,0.004331693179879238,0.09096555677746401,worse,,,>=1.2
u_bin,u_bin=>=1.2,v2rl302,wmdd,policy-vs-rule,179,125,1721.7309944134079,1790.351717318436,68.62072290502792,22.81289379806341,126.80487531552787,17.21730994413408,0.046297793627364386,0.6829694274123366,worse,,,>=1.2
u_bin,u_bin=>=1.2,v2rl303,wmdd,policy-vs-rule,179,125,1721.7309944134079,2622.683196648045,900.9522022346367,631.0302807369503,1231.869415381741,17.21730994413408,4.21331761005326e-13,1.1375957547143803e-11,worse,,,>=1.2
u_bin,u_bin=>=1.2,v2rl304,wmdd,policy-vs-rule,179,125,1721.7309944134079,1722.4802782122906,0.7492837988828182,-29.67603156487728,37.337876553525774,17.21730994413408,0.14876273480602908,1.0,inconclusive,,,>=1.2
u_bin,u_bin=>=1.2,v2rl305,wmdd,policy-vs-rule,179,125,1721.7309944134079,1783.4350558659219,61.70406145251393,12.153742893757796,122.8820529774464,17.21730994413408,0.5479171796447242,1.0,inconclusive,,,>=1.2
u_bin,u_bin=>=1.2,v2rl306,wmdd,policy-vs-rule,179,125,1721.7309944134079,1847.7126614525143,125.9816670391063,50.00435351013549,220.93126729166696,17.21730994413408,0.024380895497532896,0.4388561189555921,worse,,,>=1.2
u_bin,u_bin=>=1.2,v2rl307,wmdd,policy-vs-rule,179,125,1721.7309944134079,1825.5029229050283,103.77192849162024,40.52346379567517,183.59542496483516,17.21730994413408,0.07920673098360657,1.0,worse,,,>=1.2
u_bin,u_bin=>=1.2,v2rl308,wmdd,policy-vs-rule,179,125,1721.7309944134079,1729.0298290502797,7.298834636871889,-29.366351420134798,54.727369446982976,17.21730994413408,0.22371244949407731,1.0,inconclusive,,,>=1.2
u_bin,u_bin=>=1.2,v2rl309,wmdd,policy-vs-rule,179,125,1721.7309944134079,2479.1456843575425,757.4146899441347,514.247839102555,1041.7162159769766,17.21730994413408,1.9875112684891157e-13,5.9625338054673474e-12,worse,,,>=1.2
u_bin,u_bin=>=1.2,v2rl310,wmdd,policy-vs-rule,179,125,1721.7309944134079,1717.1265318435755,-4.60446256983221,-26.86547707736721,17.312576985599904,17.21730994413408,0.3658100148789942,1.0,inconclusive,,,>=1.2
