id,base_instance_id,campus,size,transform,backdate_seed,max_shift_frac,n_wos,n_corrective,corrective_share,mean_delta_bh,max_delta_bh,n_clamped_at_zero,window_bh,u_realized,method,seed,feasible,wwt,makespan,mean_flow,breach_share,wall_seconds
c01_final_150_0000_bd,c01_final_150_0000,1,150,backdate,424242,0.5,150,121,0.806667,9.6442,82.9925,59,13.8719,0.604106,edd,301,1,424.1,92.5865,6.2070973333333335,0.02,0.00045497692190110683
c01_final_150_0000_bd,c01_final_150_0000,1,150,backdate,424242,0.5,150,121,0.806667,9.6442,82.9925,59,13.8719,0.604106,pfifo,301,1,424.1,92.5865,6.2070973333333335,0.02,0.0013357620919123292
c01_final_150_0000_bd,c01_final_150_0000,1,150,backdate,424242,0.5,150,121,0.806667,9.6442,82.9925,59,13.8719,0.604106,wspt,301,1,424.1,92.5865,5.857097333333333,0.02,0.0003824490122497082
c01_final_150_0000_bd,c01_final_150_0000,1,150,backdate,424242,0.5,150,121,0.806667,9.6442,82.9925,59,13.8719,0.604106,atc,301,1,424.1,92.5865,6.067097333333334,0.02,0.0005690759280696511
c01_final_150_0000_bd,c01_final_150_0000,1,150,backdate,424242,0.5,150,121,0.806667,9.6442,82.9925,59,13.8719,0.604106,wmdd,301,1,424.1,92.5865,6.2070973333333335,0.02,0.00042938697151839733
c01_final_150_0000_bd,c01_final_150_0000,1,150,backdate,424242,0.5,150,121,0.806667,9.6442,82.9925,59,13.8719,0.604106,lpt,301,1,424.1,92.5865,6.720837333333333,0.02,0.00035475404001772404
c01_final_150_0000_bd,c01_final_150_0000,1,150,backdate,424242,0.5,150,121,0.806667,9.6442,82.9925,59,13.8719,0.604106,random,301,1,424.1,92.5865,6.195429333333334,0.02,0.000317332916893065
c01_final_150_0000_bd,c01_final_150_0000,1,150,backdate,424242,0.5,150,121,0.806667,9.6442,82.9925,59,13.8719,0.604106,v2rl301,301,1,424.1,92.5865,6.6108373333333335,0.02,0.028255530050955713
c01_final_150_0000_bd,c01_final_150_0000,1,150,backdate,424242,0.5,150,121,0.806667,9.6442,82.9925,59,13.8719,0.604106,v2rl302,302,1,424.1,92.5865,6.577504,0.02,0.027382439002394676
c01_final_150_0000_bd,c01_final_150_0000,1,150,backdate,424242,0.5,150,121,0.806667,9.6442,82.9925,59,13.8719,0.604106,v2rl303,303,1,424.1,92.5865,6.524170666666667,0.02,0.02708642405923456
c01_final_150_0000_bd,c01_final_150_0000,1,150,backdate,424242,0.5,150,121,0.806667,9.6442,82.9925,59,13.8719,0.604106,v2rl304,304,1,424.1,92.5865,6.077504,0.02,0.02724918199237436
c01_final_150_0000_bd,c01_final_150_0000,1,150,backdate,424242,0.5,150,121,0.806667,9.6442,82.9925,59,13.8719,0.604106,v2rl305,305,1,424.1,92.5865,6.507504000000001,0.02,0.026986239943653345
c01_final_150_0000_bd,c01_final_150_0000,1,150,backdate,424242,0.5,150,121,0.806667,9.6442,82.9925,59,13.8719,0.604106,v2rl306,306,1,424.1,92.5865,6.6075040000000005,0.02,0.027689918992109597
c01_final_150_0000_bd,c01_final_150_0000,1,150,backdate,424242,0.5,150,121,0.806667,9.6442,82.9925,59,13.8719,0.604106,v2rl307,307,1,424.1,92.5865,6.1041706666666675,0.02,0.027672110009007156
c01_final_150_0000_bd,c01_final_150_0000,1,150,backdate,424242,0.5,150,121,0.806667,9.6442,82.9925,59,13.8719,0.604106,v2rl308,308,1,424.1,92.5865,6.287503999999999,0.02,0.027883426984772086
c01_final_150_0000_bd,c01_final_150_0000,1,150,backdate,424242,0.5,150,121,0.806667,9.6442,82.9925,59,13.8719,0.604106,v2rl309,309,1,424.1,92.5865,6.037504,0.02,0.027745454921387136
c01_final_150_0000_bd,c01_final_150_0000,1,150,backdate,424242,0.5,150,121,0.806667,9.6442,82.9925,59,13.8719,0.604106,v2rl310,310,1,424.1,92.5865,6.174170666666666,0.02,0.027544548036530614
c01_final_150_0001_bd,c01_final_150_0001,1,150,backdate,424242,0.5,150,21,0.14,5.2995,11.6156,19,3.1106,1.261523,edd,301,1,0.0,91.1517,3.5309233333333334,0.0,0.0007122459355741739
c01_final_150_0001_bd,c01_final_150_0001,1,150,backdate,424242,0.5,150,21,0.14,5.2995,11.6156,19,3.1106,1.261523,pfifo,301,1,0.0,91.1517,3.5309233333333334,0.0,0.0019052309216931462
c01_final_150_0001_bd,c01_final_150_0001,1,150,backdate,424242,0.5,150,21,0.14,5.2995,11.6156,19,3.1106,1.261523,wspt,301,1,0.0,91.1517,3.351971333333333,0.0,0.0007297629490494728
c01_final_150_0001_bd,c01_final_150_0001,1,150,backdate,424242,0.5,150,21,0.14,5.2995,11.6156,19,3.1106,1.261523,atc,301,1,0.0,91.1517,3.351971333333333,0.0,0.0012234150199219584
c01_final_150_0001_bd,c01_final_150_0001,1,150,backdate,424242,0.5,150,21,0.14,5.2995,11.6156,19,3.1106,1.261523,wmdd,301,1,0.0,91.1517,3.5309233333333334,0.0,0.00090450095012784
c01_final_150_0001_bd,c01_final_150_0001,1,150,backdate,424242,0.5,150,21,0.14,5.2995,11.6156,19,3.1106,1.261523,lpt,301,1,0.0,91.1517,3.643477333333333,0.0,0.0006953120464459062
c01_final_150_0001_bd,c01_final_150_0001,1,150,backdate,424242,0.5,150,21,0.14,5.2995,11.6156,19,3.1106,1.261523,random,301,1,0.0,91.1517,3.4460546666666674,0.0,0.0003482889151200652
c01_final_150_0001_bd,c01_final_150_0001,1,150,backdate,424242,0.5,150,21,0.14,5.2995,11.6156,19,3.1106,1.261523,v2rl301,301,1,0.0,91.1517,3.6434773333333337,0.0,0.028995663044042885
c01_final_150_0001_bd,c01_final_150_0001,1,150,backdate,424242,0.5,150,21,0.14,5.2995,11.6156,19,3.1106,1.261523,v2rl302,302,1,0.0,91.1517,3.643477333333333,0.0,0.02789001096971333
c01_final_150_0001_bd,c01_final_150_0001,1,150,backdate,424242,0.5,150,21,0.14,5.2995,11.6156,19,3.1106,1.261523,v2rl303,303,1,0.0,91.1517,3.6434773333333337,0.0,0.027806092984974384
c01_final_150_0001_bd,c01_final_150_0001,1,150,backdate,424242,0.5,150,21,0.14,5.2995,11.6156,19,3.1106,1.261523,v2rl304,304,1,0.0,91.1517,3.366405333333333,0.0,0.02803511603269726
c01_final_150_0001_bd,c01_final_150_0001,1,150,backdate,424242,0.5,150,21,0.14,5.2995,11.6156,19,3.1106,1.261523,v2rl305,305,1,0.0,91.1517,3.643477333333333,0.0,0.027590353973209858
c01_final_150_0001_bd,c01_final_150_0001,1,150,backdate,424242,0.5,150,21,0.14,5.2995,11.6156,19,3.1106,1.261523,v2rl306,306,1,0.0,91.1517,3.6434773333333337,0.0,0.028245519963093102
c01_final_150_0001_bd,c01_final_150_0001,1,150,backdate,424242,0.5,150,21,0.14,5.2995,11.6156,19,3.1106,1.261523,v2rl307,307,1,0.0,91.1517,3.360235333333333,0.0,0.028332664049230516
c01_final_150_0001_bd,c01_final_150_0001,1,150,backdate,424242,0.5,150,21,0.14,5.2995,11.6156,19,3.1106,1.261523,v2rl308,308,1,0.0,91.1517,3.6334773333333334,0.0,0.028708460042253137
c01_final_150_0001_bd,c01_final_150_0001,1,150,backdate,424242,0.5,150,21,0.14,5.2995,11.6156,19,3.1106,1.261523,v2rl309,309,1,0.0,91.1517,3.6434773333333337,0.0,0.028581699007190764
c01_final_150_0001_bd,c01_final_150_0001,1,150,backdate,424242,0.5,150,21,0.14,5.2995,11.6156,19,3.1106,1.261523,v2rl310,310,1,0.0,91.1517,3.4023686666666664,0.0,0.028361398028209805
c01_final_150_0002_bd,c01_final_150_0002,1,150,backdate,424242,0.5,150,123,0.82,9.86,71.5984,78,16.0,0.268451,edd,301,1,8.0,26.0,2.946899333333333,0.006666666666666667,0.0007623779820278287
c01_final_150_0002_bd,c01_final_150_0002,1,150,backdate,424242,0.5,150,123,0.82,9.86,71.5984,78,16.0,0.268451,pfifo,301,1,8.0,26.0,2.946899333333333,0.006666666666666667,0.001754014054313302
c01_final_150_0002_bd,c01_final_150_0002,1,150,backdate,424242,0.5,150,123,0.82,9.86,71.5984,78,16.0,0.268451,wspt,301,1,8.0,26.0,2.8902326666666665,0.006666666666666667,0.0007260129787027836
c01_final_150_0002_bd,c01_final_150_0002,1,150,backdate,424242,0.5,150,123,0.82,9.86,71.5984,78,16.0,0.268451,atc,301,1,8.0,26.0,2.936498,0.006666666666666667,0.0010983259417116642
c01_final_150_0002_bd,c01_final_150_0002,1,150,backdate,424242,0.5,150,123,0.82,9.86,71.5984,78,16.0,0.268451,wmdd,301,1,8.0,26.0,2.946899333333333,0.006666666666666667,0.0005409530131146312
c01_final_150_0002_bd,c01_final_150_0002,1,150,backdate,424242,0.5,150,123,0.82,9.86,71.5984,78,16.0,0.268451,lpt,301,1,8.0,26.0,3.160315333333333,0.006666666666666667,0.00038138497620821
c01_final_150_0002_bd,c01_final_150_0002,1,150,backdate,424242,0.5,150,123,0.82,9.86,71.5984,78,16.0,0.268451,random,301,1,8.0,26.0,2.973566,0.006666666666666667,0.00031695805955678225
c01_final_150_0002_bd,c01_final_150_0002,1,150,backdate,424242,0.5,150,123,0.82,9.86,71.5984,78,16.0,0.268451,v2rl301,301,1,8.0,26.0,3.1203153333333336,0.006666666666666667,0.027891741949133575
c01_final_150_0002_bd,c01_final_150_0002,1,150,backdate,424242,0.5,150,123,0.82,9.86,71.5984,78,16.0,0.268451,v2rl302,302,1,8.0,26.0,2.9723013333333332,0.006666666666666667,0.02710691501852125
c01_final_150_0002_bd,c01_final_150_0002,1,150,backdate,424242,0.5,150,123,0.82,9.86,71.5984,78,16.0,0.268451,v2rl303,303,1,8.0,26.0,2.968968,0.006666666666666667,0.026712949038483202
c01_final_150_0002_bd,c01_final_150_0002,1,150,backdate,424242,0.5,150,123,0.82,9.86,71.5984,78,16.0,0.268451,v2rl304,304,1,8.0,26.0,2.9631646666666667,0.006666666666666667,0.027215098030865192
c01_final_150_0002_bd,c01_final_150_0002,1,150,backdate,424242,0.5,150,123,0.82,9.86,71.5984,78,16.0,0.268451,v2rl305,305,1,8.0,26.0,2.968968,0.006666666666666667,0.026640744996257126
c01_final_150_0002_bd,c01_final_150_0002,1,150,backdate,424242,0.5,150,123,0.82,9.86,71.5984,78,16.0,0.268451,v2rl306,306,1,8.0,26.0,2.968968,0.006666666666666667,0.027100385981611907
c01_final_150_0002_bd,c01_final_150_0002,1,150,backdate,424242,0.5,150,123,0.82,9.86,71.5984,78,16.0,0.268451,v2rl307,307,1,8.0,26.0,2.9631646666666667,0.006666666666666667,0.02727390604559332
c01_final_150_0002_bd,c01_final_150_0002,1,150,backdate,424242,0.5,150,123,0.82,9.86,71.5984,78,16.0,0.268451,v2rl308,308,1,8.0,26.0,2.9756346666666667,0.006666666666666667,0.027555595035664737
c01_final_150_0002_bd,c01_final_150_0002,1,150,backdate,424242,0.5,150,123,0.82,9.86,71.5984,78,16.0,0.268451,v2rl309,309,1,8.0,26.0,2.966498,0.006666666666666667,0.027551507926546037
c01_final_150_0002_bd,c01_final_150_0002,1,150,backdate,424242,0.5,150,123,0.82,9.86,71.5984,78,16.0,0.268451,v2rl310,310,1,8.0,26.0,2.953566,0.006666666666666667,0.0272219869075343
c01_final_150_0003_bd,c01_final_150_0003,1,150,backdate,424242,0.5,150,61,0.406667,10.9233,75.1001,47,8.2836,0.383994,edd,301,1,0.0,18.5,2.3456366666666666,0.0,0.00042512803338468075
c01_final_150_0003_bd,c01_final_150_0003,1,150,backdate,424242,0.5,150,61,0.406667,10.9233,75.1001,47,8.2836,0.383994,pfifo,301,1,0.0,18.5,2.3456366666666666,0.0,0.0014476969372481108
c01_final_150_0003_bd,c01_final_150_0003,1,150,backdate,424242,0.5,150,61,0.406667,10.9233,75.1001,47,8.2836,0.383994,wspt,301,1,0.0,18.5,2.3455419999999996,0.0,0.00037028698716312647
c01_final_150_0003_bd,c01_final_150_0003,1,150,backdate,424242,0.5,150,61,0.406667,10.9233,75.1001,47,8.2836,0.383994,atc,301,1,0.0,18.5,2.3455419999999996,0.0,0.0005644520279020071
c01_final_150_0003_bd,c01_final_150_0003,1,150,backdate,424242,0.5,150,61,0.406667,10.9233,75.1001,47,8.2836,0.383994,wmdd,301,1,0.0,18.5,2.3456366666666666,0.0,0.0004013730213046074
c01_final_150_0003_bd,c01_final_150_0003,1,150,backdate,424242,0.5,150,61,0.406667,10.9233,75.1001,47,8.2836,0.383994,lpt,301,1,0.0,18.5,2.365630666666666,0.0,0.00032020104117691517
c01_final_150_0003_bd,c01_final_150_0003,1,150,backdate,424242,0.5,150,61,0.406667,10.9233,75.1001,47,8.2836,0.383994,random,301,1,0.0,18.5,2.352208666666667,0.0,0.0002939850091934204
c01_final_150_0003_bd,c01_final_150_0003,1,150,backdate,424242,0.5,150,61,0.406667,10.9233,75.1001,47,8.2836,0.383994,v2rl301,301,1,0.0,18.5,2.3656306666666667,0.0,0.027529899962246418
c01_final_150_0003_bd,c01_final_150_0003,1,150,backdate,424242,0.5,150,61,0.406667,10.9233,75.1001,47,8.2836,0.383994,v2rl302,302,1,0.0,18.5,2.3656306666666667,0.0,0.026451283018104732
c01_final_150_0003_bd,c01_final_150_0003,1,150,backdate,424242,0.5,150,61,0.406667,10.9233,75.1001,47,8.2836,0.383994,v2rl303,303,1,0.0,18.5,2.365630666666666,0.0,0.026308040949516
c01_final_150_0003_bd,c01_final_150_0003,1,150,backdate,424242,0.5,150,61,0.406667,10.9233,75.1001,47,8.2836,0.383994,v2rl304,304,1,0.0,18.5,2.352206666666667,0.0,0.026654226938262582
c01_final_150_0003_bd,c01_final_150_0003,1,150,backdate,424242,0.5,150,61,0.406667,10.9233,75.1001,47,8.2836,0.383994,v2rl305,305,1,0.0,18.5,2.3656306666666667,0.0,0.026098326896317303
c01_final_150_0003_bd,c01_final_150_0003,1,150,backdate,424242,0.5,150,61,0.406667,10.9233,75.1001,47,8.2836,0.383994,v2rl306,306,1,0.0,18.5,2.3656306666666667,0.0,0.026522548054344952
c01_final_150_0003_bd,c01_final_150_0003,1,150,backdate,424242,0.5,150,61,0.406667,10.9233,75.1001,47,8.2836,0.383994,v2rl307,307,1,0.0,18.5,2.3455419999999996,0.0,0.026990412967279553
c01_final_150_0003_bd,c01_final_150_0003,1,150,backdate,424242,0.5,150,61,0.406667,10.9233,75.1001,47,8.2836,0.383994,v2rl308,308,1,0.0,18.5,2.358966,0.0,0.026842511957511306
c01_final_150_0003_bd,c01_final_150_0003,1,150,backdate,424242,0.5,150,61,0.406667,10.9233,75.1001,47,8.2836,0.383994,v2rl309,309,1,0.0,18.5,2.3656306666666667,0.0,0.02733829105272889
c01_final_150_0003_bd,c01_final_150_0003,1,150,backdate,424242,0.5,150,61,0.406667,10.9233,75.1001,47,8.2836,0.383994,v2rl310,310,1,0.0,18.5,2.365630666666666,0.0,0.026857635006308556
c01_final_150_0004_bd,c01_final_150_0004,1,150,backdate,424242,0.5,150,26,0.173333,8.2948,35.1227,26,1.0,3.010638,edd,301,1,0.0,24.0,3.073645333333334,0.0,0.0007018540054559708
c01_final_150_0004_bd,c01_final_150_0004,1,150,backdate,424242,0.5,150,26,0.173333,8.2948,35.1227,26,1.0,3.010638,pfifo,301,1,0.0,24.0,3.073645333333334,0.0,0.0017479389207437634
c01_final_150_0004_bd,c01_final_150_0004,1,150,backdate,424242,0.5,150,26,0.173333,8.2948,35.1227,26,1.0,3.010638,wspt,301,1,0.0,24.0,2.9170433333333334,0.0,0.0007154359482228756
c01_final_150_0004_bd,c01_final_150_0004,1,150,backdate,424242,0.5,150,26,0.173333,8.2948,35.1227,26,1.0,3.010638,atc,301,1,0.0,24.0,2.9170433333333334,0.0,0.0011565510649234056
c01_final_150_0004_bd,c01_final_150_0004,1,150,backdate,424242,0.5,150,26,0.173333,8.2948,35.1227,26,1.0,3.010638,wmdd,301,1,0.0,24.0,3.073645333333334,0.0,0.0008846019627526402
c01_final_150_0004_bd,c01_final_150_0004,1,150,backdate,424242,0.5,150,26,0.173333,8.2948,35.1227,26,1.0,3.010638,lpt,301,1,0.0,16.0,3.5026340000000005,0.0,0.0006091200048103929
c01_final_150_0004_bd,c01_final_150_0004,1,150,backdate,424242,0.5,150,26,0.173333,8.2948,35.1227,26,1.0,3.010638,random,301,1,0.0,19.0,3.1815560000000005,0.0,0.0003322080010548234
c01_final_150_0004_bd,c01_final_150_0004,1,150,backdate,424242,0.5,150,26,0.173333,8.2948,35.1227,26,1.0,3.010638,v2rl301,301,1,0.0,17.0,3.3426340000000003,0.0,0.02856856200378388
c01_final_150_0004_bd,c01_final_150_0004,1,150,backdate,424242,0.5,150,26,0.173333,8.2948,35.1227,26,1.0,3.010638,v2rl302,302,1,0.0,17.0,3.3426340000000003,0.0,0.027581352973356843
c01_final_150_0004_bd,c01_final_150_0004,1,150,backdate,424242,0.5,150,26,0.173333,8.2948,35.1227,26,1.0,3.010638,v2rl303,303,1,0.0,17.0,3.3426340000000003,0.0,0.02734631102066487
c01_final_150_0004_bd,c01_final_150_0004,1,150,backdate,424242,0.5,150,26,0.173333,8.2948,35.1227,26,1.0,3.010638,v2rl304,304,1,0.0,17.0,3.1503766666666673,0.0,0.027583852061070502
c01_final_150_0004_bd,c01_final_150_0004,1,150,backdate,424242,0.5,150,26,0.173333,8.2948,35.1227,26,1.0,3.010638,v2rl305,305,1,0.0,17.0,3.3226340000000008,0.0,0.02726017590612173
c01_final_150_0004_bd,c01_final_150_0004,1,150,backdate,424242,0.5,150,26,0.173333,8.2948,35.1227,26,1.0,3.010638,v2rl306,306,1,0.0,17.0,3.3426340000000003,0.0,0.027574879000894725
c01_final_150_0004_bd,c01_final_150_0004,1,150,backdate,424242,0.5,150,26,0.173333,8.2948,35.1227,26,1.0,3.010638,v2rl307,307,1,0.0,18.0,3.1437100000000004,0.0,0.02793882298283279
c01_final_150_0004_bd,c01_final_150_0004,1,150,backdate,424242,0.5,150,26,0.173333,8.2948,35.1227,26,1.0,3.010638,v2rl308,308,1,0.0,17.0,3.3426340000000003,0.0,0.028216773993335664
c01_final_150_0004_bd,c01_final_150_0004,1,150,backdate,424242,0.5,150,26,0.173333,8.2948,35.1227,26,1.0,3.010638,v2rl309,309,1,0.0,17.0,3.3426340000000003,0.0,0.02805495006032288
c01_final_150_0004_bd,c01_final_150_0004,1,150,backdate,424242,0.5,150,26,0.173333,8.2948,35.1227,26,1.0,3.010638,v2rl310,310,1,0.0,17.0,3.193710000000001,0.0,0.027917884988710284
c01_final_150_0005_bd,c01_final_150_0005,1,150,backdate,424242,0.5,150,43,0.286667,12.6968,56.8578,26,16.0,0.321054,edd,301,1,41.729600000000005,90.8648,4.497090666666666,0.013333333333333334,0.0006950870156288147
c01_final_150_0005_bd,c01_final_150_0005,1,150,backdate,424242,0.5,150,43,0.286667,12.6968,56.8578,26,16.0,0.321054,pfifo,301,1,41.729600000000005,90.8648,4.497090666666666,0.013333333333333334,0.0018477730918675661
c01_final_150_0005_bd,c01_final_150_0005,1,150,backdate,424242,0.5,150,43,0.286667,12.6968,56.8578,26,16.0,0.321054,wspt,301,1,41.729600000000005,90.8648,4.177413333333333,0.013333333333333334,0.0007011709967628121
c01_final_150_0005_bd,c01_final_150_0005,1,150,backdate,424242,0.5,150,43,0.286667,12.6968,56.8578,26,16.0,0.321054,atc,301,1,41.729600000000005,90.8648,4.177413333333333,0.013333333333333334,0.0011291230330243707
c01_final_150_0005_bd,c01_final_150_0005,1,150,backdate,424242,0.5,150,43,0.286667,12.6968,56.8578,26,16.0,0.321054,wmdd,301,1,41.729600000000005,90.8648,4.497090666666666,0.013333333333333334,0.0008507349994033575
c01_final_150_0005_bd,c01_final_150_0005,1,150,backdate,424242,0.5,150,43,0.286667,12.6968,56.8578,26,16.0,0.321054,lpt,301,1,41.729600000000005,90.8648,4.88401,0.013333333333333334,0.00042330403812229633
c01_final_150_0005_bd,c01_final_150_0005,1,150,backdate,424242,0.5,150,43,0.286667,12.6968,56.8578,26,16.0,0.321054,random,301,1,41.729600000000005,90.8648,4.413665333333333,0.013333333333333334,0.0003326289588585496
c01_final_150_0005_bd,c01_final_150_0005,1,150,backdate,424242,0.5,150,43,0.286667,12.6968,56.8578,26,16.0,0.321054,v2rl301,301,1,41.729600000000005,90.8648,4.85548,0.013333333333333334,0.028313518967479467
c01_final_150_0005_bd,c01_final_150_0005,1,150,backdate,424242,0.5,150,43,0.286667,12.6968,56.8578,26,16.0,0.321054,v2rl302,302,1,41.729600000000005,90.8648,4.85548,0.013333333333333334,0.02767846907954663
c01_final_150_0005_bd,c01_final_150_0005,1,150,backdate,424242,0.5,150,43,0.286667,12.6968,56.8578,26,16.0,0.321054,v2rl303,303,1,41.729600000000005,90.8648,4.85548,0.013333333333333334,0.027389719965867698
c01_final_150_0005_bd,c01_final_150_0005,1,150,backdate,424242,0.5,150,43,0.286667,12.6968,56.8578,26,16.0,0.321054,v2rl304,304,1,41.729600000000005,90.8648,4.447503333333334,0.013333333333333334,0.027660959982313216
c01_final_150_0005_bd,c01_final_150_0005,1,150,backdate,424242,0.5,150,43,0.286667,12.6968,56.8578,26,16.0,0.321054,v2rl305,305,1,41.729600000000005,90.8648,4.842146666666666,0.013333333333333334,0.027339315973222256
c01_final_150_0005_bd,c01_final_150_0005,1,150,backdate,424242,0.5,150,43,0.286667,12.6968,56.8578,26,16.0,0.321054,v2rl306,306,1,41.729600000000005,90.8648,4.85548,0.013333333333333334,0.028212634031660855
c01_final_150_0005_bd,c01_final_150_0005,1,150,backdate,424242,0.5,150,43,0.286667,12.6968,56.8578,26,16.0,0.321054,v2rl307,307,1,41.729600000000005,90.8648,4.400394,0.013333333333333334,0.028348708990961313
c01_final_150_0005_bd,c01_final_150_0005,1,150,backdate,424242,0.5,150,43,0.286667,12.6968,56.8578,26,16.0,0.321054,v2rl308,308,1,41.729600000000005,90.8648,4.802146666666666,0.013333333333333334,0.028474635095335543
c01_final_150_0005_bd,c01_final_150_0005,1,150,backdate,424242,0.5,150,43,0.286667,12.6968,56.8578,26,16.0,0.321054,v2rl309,309,1,41.729600000000005,90.8648,4.85548,0.013333333333333334,0.028306172927841544
c01_final_150_0005_bd,c01_final_150_0005,1,150,backdate,424242,0.5,150,43,0.286667,12.6968,56.8578,26,16.0,0.321054,v2rl310,310,1,41.729600000000005,90.8648,4.445429333333333,0.013333333333333334,0.02810088498517871
c01_final_150_0006_bd,c01_final_150_0006,1,150,backdate,424242,0.5,150,115,0.766667,9.0116,67.4413,56,15.3353,0.439894,edd,301,1,292.0,93.8092,4.429330000000001,0.013333333333333334,0.00043428607750684023
c01_final_150_0006_bd,c01_final_150_0006,1,150,backdate,424242,0.5,150,115,0.766667,9.0116,67.4413,56,15.3353,0.439894,pfifo,301,1,292.0,93.8092,4.429330000000001,0.013333333333333334,0.00039503700099885464
c01_final_150_0006_bd,c01_final_150_0006,1,150,backdate,424242,0.5,150,115,0.766667,9.0116,67.4413,56,15.3353,0.439894,wspt,301,1,298.0,93.8092,4.405444666666667,0.013333333333333334,0.0003629180137068033
c01_final_150_0006_bd,c01_final_150_0006,1,150,backdate,424242,0.5,150,115,0.766667,9.0116,67.4413,56,15.3353,0.439894,atc,301,1,292.0,93.8092,4.4159966666666675,0.013333333333333334,0.000527743948623538
c01_final_150_0006_bd,c01_final_150_0006,1,150,backdate,424242,0.5,150,115,0.766667,9.0116,67.4413,56,15.3353,0.439894,wmdd,301,1,292.0,93.8092,4.429330000000001,0.013333333333333334,0.000400710036046803
c01_final_150_0006_bd,c01_final_150_0006,1,150,backdate,424242,0.5,150,115,0.766667,9.0116,67.4413,56,15.3353,0.439894,lpt,301,1,292.0,93.8092,4.479087333333333,0.013333333333333334,0.00033304106909781694
c01_final_150_0006_bd,c01_final_150_0006,1,150,backdate,424242,0.5,150,115,0.766667,9.0116,67.4413,56,15.3353,0.439894,random,301,1,292.0,93.8092,4.422907333333334,0.013333333333333334,0.0003097350709140301
c01_final_150_0006_bd,c01_final_150_0006,1,150,backdate,424242,0.5,150,115,0.766667,9.0116,67.4413,56,15.3353,0.439894,v2rl301,301,1,292.0,93.8092,4.459087333333334,0.013333333333333334,0.027629811083897948
c01_final_150_0006_bd,c01_final_150_0006,1,150,backdate,424242,0.5,150,115,0.766667,9.0116,67.4413,56,15.3353,0.439894,v2rl302,302,1,292.0,93.8092,4.459087333333334,0.013333333333333334,0.026750946999527514
c01_final_150_0006_bd,c01_final_150_0006,1,150,backdate,424242,0.5,150,115,0.766667,9.0116,67.4413,56,15.3353,0.439894,v2rl303,303,1,292.0,93.8092,4.459087333333334,0.013333333333333334,0.02649210498202592
c01_final_150_0006_bd,c01_final_150_0006,1,150,backdate,424242,0.5,150,115,0.766667,9.0116,67.4413,56,15.3353,0.439894,v2rl304,304,1,292.0,93.8092,4.422663333333334,0.013333333333333334,0.026940506999380887
c01_final_150_0006_bd,c01_final_150_0006,1,150,backdate,424242,0.5,150,115,0.766667,9.0116,67.4413,56,15.3353,0.439894,v2rl305,305,1,292.0,93.8092,4.459087333333334,0.013333333333333334,0.026319371070712805
c01_final_150_0006_bd,c01_final_150_0006,1,150,backdate,424242,0.5,150,115,0.766667,9.0116,67.4413,56,15.3353,0.439894,v2rl306,306,1,292.0,93.8092,4.459087333333334,0.013333333333333334,0.026923679979518056
c01_final_150_0006_bd,c01_final_150_0006,1,150,backdate,424242,0.5,150,115,0.766667,9.0116,67.4413,56,15.3353,0.439894,v2rl307,307,1,292.0,93.8092,4.422663333333334,0.013333333333333334,0.02729042002465576
c01_final_150_0006_bd,c01_final_150_0006,1,150,backdate,424242,0.5,150,115,0.766667,9.0116,67.4413,56,15.3353,0.439894,v2rl308,308,1,292.0,93.8092,4.459087333333334,0.013333333333333334,0.02735882007982582
c01_final_150_0006_bd,c01_final_150_0006,1,150,backdate,424242,0.5,150,115,0.766667,9.0116,67.4413,56,15.3353,0.439894,v2rl309,309,1,292.0,93.8092,4.455754,0.013333333333333334,0.02722789696417749
c01_final_150_0006_bd,c01_final_150_0006,1,150,backdate,424242,0.5,150,115,0.766667,9.0116,67.4413,56,15.3353,0.439894,v2rl310,310,1,292.0,93.8092,4.446236666666667,0.013333333333333334,0.026986553915776312
c01_final_150_0007_bd,c01_final_150_0007,1,150,backdate,424242,0.5,150,137,0.913333,10.3363,78.9785,63,17.2303,0.443294,edd,301,1,36.0,98.85340000000001,5.119976666666666,0.006666666666666667,0.0007960420334711671
c01_final_150_0007_bd,c01_final_150_0007,1,150,backdate,424242,0.5,150,137,0.913333,10.3363,78.9785,63,17.2303,0.443294,pfifo,301,1,36.0,98.85340000000001,5.119976666666666,0.006666666666666667,0.0007216599769890308
c01_final_150_0007_bd,c01_final_150_0007,1,150,backdate,424242,0.5,150,137,0.913333,10.3363,78.9785,63,17.2303,0.443294,wspt,301,1,36.0,98.85340000000001,5.041386666666667,0.006666666666666667,0.0006771059706807137
c01_final_150_0007_bd,c01_final_150_0007,1,150,backdate,424242,0.5,150,137,0.913333,10.3363,78.9785,63,17.2303,0.443294,atc,301,1,36.0,98.85340000000001,5.081386666666666,0.006666666666666667,0.0006178469629958272
c01_final_150_0007_bd,c01_final_150_0007,1,150,backdate,424242,0.5,150,137,0.913333,10.3363,78.9785,63,17.2303,0.443294,wmdd,301,1,36.0,98.85340000000001,5.119976666666666,0.006666666666666667,0.00043444300536066294
c01_final_150_0007_bd,c01_final_150_0007,1,150,backdate,424242,0.5,150,137,0.913333,10.3363,78.9785,63,17.2303,0.443294,lpt,301,1,36.0,98.85340000000001,5.571348666666666,0.006666666666666667,0.00035023398231714964
c01_final_150_0007_bd,c01_final_150_0007,1,150,backdate,424242,0.5,150,137,0.913333,10.3363,78.9785,63,17.2303,0.443294,random,301,1,36.0,98.85340000000001,5.148053333333333,0.006666666666666667,0.0003196189645677805
c01_final_150_0007_bd,c01_final_150_0007,1,150,backdate,424242,0.5,150,137,0.913333,10.3363,78.9785,63,17.2303,0.443294,v2rl301,301,1,36.0,98.85340000000001,5.478015333333333,0.006666666666666667,0.02786096092313528
c01_final_150_0007_bd,c01_final_150_0007,1,150,backdate,424242,0.5,150,137,0.913333,10.3363,78.9785,63,17.2303,0.443294,v2rl302,302,1,36.0,98.85340000000001,5.301348666666666,0.006666666666666667,0.026949104969389737
c01_final_150_0007_bd,c01_final_150_0007,1,150,backdate,424242,0.5,150,137,0.913333,10.3363,78.9785,63,17.2303,0.443294,v2rl303,303,1,36.0,98.85340000000001,5.301348666666666,0.006666666666666667,0.026596854906529188
c01_final_150_0007_bd,c01_final_150_0007,1,150,backdate,424242,0.5,150,137,0.913333,10.3363,78.9785,63,17.2303,0.443294,v2rl304,304,1,36.0,98.85340000000001,5.174682000000001,0.006666666666666667,0.026855885982513428
c01_final_150_0007_bd,c01_final_150_0007,1,150,backdate,424242,0.5,150,137,0.913333,10.3363,78.9785,63,17.2303,0.443294,v2rl305,305,1,36.0,98.85340000000001,5.301348666666666,0.006666666666666667,0.02653659402858466
c01_final_150_0007_bd,c01_final_150_0007,1,150,backdate,424242,0.5,150,137,0.913333,10.3363,78.9785,63,17.2303,0.443294,v2rl306,306,1,36.0,98.85340000000001,5.301348666666666,0.006666666666666667,0.027081319014541805
c01_final_150_0007_bd,c01_final_150_0007,1,150,backdate,424242,0.5,150,137,0.913333,10.3363,78.9785,63,17.2303,0.443294,v2rl307,307,1,36.0,98.85340000000001,5.111348666666666,0.006666666666666667,0.027136149001307786
c01_final_150_0007_bd,c01_final_150_0007,1,150,backdate,424242,0.5,150,137,0.913333,10.3363,78.9785,63,17.2303,0.443294,v2rl308,308,1,36.0,98.85340000000001,5.321348666666667,0.006666666666666667,0.027530712075531483
c01_final_150_0007_bd,c01_final_150_0007,1,150,backdate,424242,0.5,150,137,0.913333,10.3363,78.9785,63,17.2303,0.443294,v2rl309,309,1,36.0,98.85340000000001,5.301348666666666,0.006666666666666667,0.027474486036226153
c01_final_150_0007_bd,c01_final_150_0007,1,150,backdate,424242,0.5,150,137,0.913333,10.3363,78.9785,63,17.2303,0.443294,v2rl310,310,1,36.0,98.85340000000001,5.204682,0.006666666666666667,0.027261494076810777
c01_final_150_0008_bd,c01_final_150_0008,1,150,backdate,424242,0.5,150,133,0.886667,8.8767,39.4898,64,15.1819,0.299033,edd,301,1,26.0,30.5,2.9909726666666665,0.006666666666666667,0.00045497401151806116
c01_final_150_0008_bd,c01_final_150_0008,1,150,backdate,424242,0.5,150,133,0.886667,8.8767,39.4898,64,15.1819,0.299033,pfifo,301,1,26.0,30.5,2.9909726666666665,0.006666666666666667,0.0003751409240067005
c01_final_150_0008_bd,c01_final_150_0008,1,150,backdate,424242,0.5,150,133,0.886667,8.8767,39.4898,64,15.1819,0.299033,wspt,301,1,26.0,30.5,2.964306,0.006666666666666667,0.0003549540415406227
c01_final_150_0008_bd,c01_final_150_0008,1,150,backdate,424242,0.5,150,133,0.886667,8.8767,39.4898,64,15.1819,0.299033,atc,301,1,26.0,30.5,2.9776393333333333,0.006666666666666667,0.0005159529391676188
c01_final_150_0008_bd,c01_final_150_0008,1,150,backdate,424242,0.5,150,133,0.886667,8.8767,39.4898,64,15.1819,0.299033,wmdd,301,1,26.0,30.5,2.9909726666666665,0.006666666666666667,0.0003930940292775631
c01_final_150_0008_bd,c01_final_150_0008,1,150,backdate,424242,0.5,150,133,0.886667,8.8767,39.4898,64,15.1819,0.299033,lpt,301,1,26.0,30.5,3.0176393333333333,0.006666666666666667,0.0003409009659662843
c01_final_150_0008_bd,c01_final_150_0008,1,150,backdate,424242,0.5,150,133,0.886667,8.8767,39.4898,64,15.1819,0.299033,random,301,1,26.0,30.5,2.9733186666666667,0.006666666666666667,0.00032385403756052256
c01_final_150_0008_bd,c01_final_150_0008,1,150,backdate,424242,0.5,150,133,0.886667,8.8767,39.4898,64,15.1819,0.299033,v2rl301,301,1,26.0,30.5,3.0009726666666667,0.006666666666666667,0.02750633703544736
c01_final_150_0008_bd,c01_final_150_0008,1,150,backdate,424242,0.5,150,133,0.886667,8.8767,39.4898,64,15.1819,0.299033,v2rl302,302,1,26.0,30.5,3.007639333333333,0.006666666666666667,0.026040629018098116
c01_final_150_0008_bd,c01_final_150_0008,1,150,backdate,424242,0.5,150,133,0.886667,8.8767,39.4898,64,15.1819,0.299033,v2rl303,303,1,26.0,30.5,3.0009726666666667,0.006666666666666667,0.026382233016192913
c01_final_150_0008_bd,c01_final_150_0008,1,150,backdate,424242,0.5,150,133,0.886667,8.8767,39.4898,64,15.1819,0.299033,v2rl304,304,1,26.0,30.5,2.9809726666666667,0.006666666666666667,0.026061865035444498
c01_final_150_0008_bd,c01_final_150_0008,1,150,backdate,424242,0.5,150,133,0.886667,8.8767,39.4898,64,15.1819,0.299033,v2rl305,305,1,26.0,30.5,3.0009726666666667,0.006666666666666667,0.02624474000185728
c01_final_150_0008_bd,c01_final_150_0008,1,150,backdate,424242,0.5,150,133,0.886667,8.8767,39.4898,64,15.1819,0.299033,v2rl306,306,1,26.0,30.5,3.0009726666666667,0.006666666666666667,0.026233526994474232
c01_final_150_0008_bd,c01_final_150_0008,1,150,backdate,424242,0.5,150,133,0.886667,8.8767,39.4898,64,15.1819,0.299033,v2rl307,307,1,26.0,30.5,2.9776393333333333,0.006666666666666667,0.026317515061236918
c01_final_150_0008_bd,c01_final_150_0008,1,150,backdate,424242,0.5,150,133,0.886667,8.8767,39.4898,64,15.1819,0.299033,v2rl308,308,1,26.0,30.5,2.994306,0.006666666666666667,0.02658278599847108
c01_final_150_0008_bd,c01_final_150_0008,1,150,backdate,424242,0.5,150,133,0.886667,8.8767,39.4898,64,15.1819,0.299033,v2rl309,309,1,26.0,30.5,2.9976393333333333,0.006666666666666667,0.026961392955854535
c01_final_150_0008_bd,c01_final_150_0008,1,150,backdate,424242,0.5,150,133,0.886667,8.8767,39.4898,64,15.1819,0.299033,v2rl310,310,1,26.0,30.5,2.9909726666666665,0.006666666666666667,0.026794224977493286
c01_final_150_0009_bd,c01_final_150_0009,1,150,backdate,424242,0.5,150,55,0.366667,9.9093,38.834,43,8.2975,0.517331,edd,301,1,0.0,23.0,3.9639273333333334,0.0,0.0021233379375189543
c01_final_150_0009_bd,c01_final_150_0009,1,150,backdate,424242,0.5,150,55,0.366667,9.9093,38.834,43,8.2975,0.517331,pfifo,301,1,0.0,23.0,3.9639273333333334,0.0,0.0009302080143243074
c01_final_150_0009_bd,c01_final_150_0009,1,150,backdate,424242,0.5,150,55,0.366667,9.9093,38.834,43,8.2975,0.517331,wspt,301,1,0.0,23.0,3.5349126666666666,0.0,0.0009642939548939466
c01_final_150_0009_bd,c01_final_150_0009,1,150,backdate,424242,0.5,150,55,0.366667,9.9093,38.834,43,8.2975,0.517331,atc,301,1,0.0,23.0,3.5615793333333334,0.0,0.0014272650005295873
c01_final_150_0009_bd,c01_final_150_0009,1,150,backdate,424242,0.5,150,55,0.366667,9.9093,38.834,43,8.2975,0.517331,wmdd,301,1,0.0,23.0,3.9639273333333334,0.0,0.000677881995216012
c01_final_150_0009_bd,c01_final_150_0009,1,150,backdate,424242,0.5,150,55,0.366667,9.9093,38.834,43,8.2975,0.517331,lpt,301,1,0.0,23.0,4.563927333333333,0.0,0.0004614980425685644
c01_final_150_0009_bd,c01_final_150_0009,1,150,backdate,424242,0.5,150,55,0.366667,9.9093,38.834,43,8.2975,0.517331,random,301,1,0.0,23.0,3.8805939999999994,0.0,0.00032419199123978615
c01_final_150_0009_bd,c01_final_150_0009,1,150,backdate,424242,0.5,150,55,0.366667,9.9093,38.834,43,8.2975,0.517331,v2rl301,301,1,0.0,23.0,4.347260666666667,0.0,0.02958299999590963
c01_final_150_0009_bd,c01_final_150_0009,1,150,backdate,424242,0.5,150,55,0.366667,9.9093,38.834,43,8.2975,0.517331,v2rl302,302,1,0.0,23.0,4.347260666666667,0.0,0.028436009073629975
c01_final_150_0009_bd,c01_final_150_0009,1,150,backdate,424242,0.5,150,55,0.366667,9.9093,38.834,43,8.2975,0.517331,v2rl303,303,1,0.0,23.0,4.347260666666667,0.0,0.02843906998168677
c01_final_150_0009_bd,c01_final_150_0009,1,150,backdate,424242,0.5,150,55,0.366667,9.9093,38.834,43,8.2975,0.517331,v2rl304,304,1,0.0,23.0,3.8439273333333337,0.0,0.028527901973575354
c01_final_150_0009_bd,c01_final_150_0009,1,150,backdate,424242,0.5,150,55,0.366667,9.9093,38.834,43,8.2975,0.517331,v2rl305,305,1,0.0,23.0,4.347260666666666,0.0,0.02816496102605015
c01_final_150_0009_bd,c01_final_150_0009,1,150,backdate,424242,0.5,150,55,0.366667,9.9093,38.834,43,8.2975,0.517331,v2rl306,306,1,0.0,23.0,4.347260666666667,0.0,0.028597960947081447
c01_final_150_0009_bd,c01_final_150_0009,1,150,backdate,424242,0.5,150,55,0.366667,9.9093,38.834,43,8.2975,0.517331,v2rl307,307,1,0.0,23.0,3.797260666666667,0.0,0.028968324069865048
c01_final_150_0009_bd,c01_final_150_0009,1,150,backdate,424242,0.5,150,55,0.366667,9.9093,38.834,43,8.2975,0.517331,v2rl308,308,1,0.0,23.0,4.340593999999999,0.0,0.02936126501299441
c01_final_150_0009_bd,c01_final_150_0009,1,150,backdate,424242,0.5,150,55,0.366667,9.9093,38.834,43,8.2975,0.517331,v2rl309,309,1,0.0,23.0,4.347260666666667,0.0,0.028884480008855462
c01_final_150_0009_bd,c01_final_150_0009,1,150,backdate,424242,0.5,150,55,0.366667,9.9093,38.834,43,8.2975,0.517331,v2rl310,310,1,0.0,23.0,3.837260666666667,0.0,0.028932493994943798
c01_final_150_0010_bd,c01_final_150_0010,1,150,backdate,424242,0.5,150,33,0.22,13.7278,53.5813,29,4.8317,1.019122,edd,301,1,21.729600000000005,90.8648,4.662707333333333,0.006666666666666667,0.001995643018744886
c01_final_150_0010_bd,c01_final_150_0010,1,150,backdate,424242,0.5,150,33,0.22,13.7278,53.5813,29,4.8317,1.019122,pfifo,301,1,21.729600000000005,90.8648,4.662707333333333,0.006666666666666667,0.0007439610781148076
c01_final_150_0010_bd,c01_final_150_0010,1,150,backdate,424242,0.5,150,33,0.22,13.7278,53.5813,29,4.8317,1.019122,wspt,301,1,21.729600000000005,90.8648,4.479382,0.006666666666666667,0.0007892729481682181
c01_final_150_0010_bd,c01_final_150_0010,1,150,backdate,424242,0.5,150,33,0.22,13.7278,53.5813,29,4.8317,1.019122,atc,301,1,21.729600000000005,90.8648,4.479382,0.006666666666666667,0.0013250440824776888
c01_final_150_0010_bd,c01_final_150_0010,1,150,backdate,424242,0.5,150,33,0.22,13.7278,53.5813,29,4.8317,1.019122,wmdd,301,1,21.729600000000005,90.8648,4.662707333333333,0.006666666666666667,0.000582454027608037
c01_final_150_0010_bd,c01_final_150_0010,1,150,backdate,424242,0.5,150,33,0.22,13.7278,53.5813,29,4.8317,1.019122,lpt,301,1,21.729600000000005,90.8648,4.976034666666666,0.006666666666666667,0.00038934603799134493
c01_final_150_0010_bd,c01_final_150_0010,1,150,backdate,424242,0.5,150,33,0.22,13.7278,53.5813,29,4.8317,1.019122,random,301,1,21.729600000000005,90.8648,4.652707333333333,0.006666666666666667,0.0003028369974344969
c01_final_150_0010_bd,c01_final_150_0010,1,150,backdate,424242,0.5,150,33,0.22,13.7278,53.5813,29,4.8317,1.019122,v2rl301,301,1,21.729600000000005,90.8648,4.976034666666666,0.006666666666666667,0.028427224955521524
c01_final_150_0010_bd,c01_final_150_0010,1,150,backdate,424242,0.5,150,33,0.22,13.7278,53.5813,29,4.8317,1.019122,v2rl302,302,1,21.729600000000005,90.8648,4.976034666666666,0.006666666666666667,0.027685600914992392
c01_final_150_0010_bd,c01_final_150_0010,1,150,backdate,424242,0.5,150,33,0.22,13.7278,53.5813,29,4.8317,1.019122,v2rl303,303,1,21.729600000000005,90.8648,4.976034666666666,0.006666666666666667,0.027687616064213216
c01_final_150_0010_bd,c01_final_150_0010,1,150,backdate,424242,0.5,150,33,0.22,13.7278,53.5813,29,4.8317,1.019122,v2rl304,304,1,21.729600000000005,90.8648,4.512713333333333,0.006666666666666667,0.027803224977105856
c01_final_150_0010_bd,c01_final_150_0010,1,150,backdate,424242,0.5,150,33,0.22,13.7278,53.5813,29,4.8317,1.019122,v2rl305,305,1,21.729600000000005,90.8648,4.976034666666667,0.006666666666666667,0.02736806299071759
c01_final_150_0010_bd,c01_final_150_0010,1,150,backdate,424242,0.5,150,33,0.22,13.7278,53.5813,29,4.8317,1.019122,v2rl306,306,1,21.729600000000005,90.8648,4.976034666666667,0.006666666666666667,0.028152107959613204
c01_final_150_0010_bd,c01_final_150_0010,1,150,backdate,424242,0.5,150,33,0.22,13.7278,53.5813,29,4.8317,1.019122,v2rl307,307,1,21.729600000000005,90.8648,4.4993799999999995,0.006666666666666667,0.028354434994980693
c01_final_150_0010_bd,c01_final_150_0010,1,150,backdate,424242,0.5,150,33,0.22,13.7278,53.5813,29,4.8317,1.019122,v2rl308,308,1,21.729600000000005,90.8648,4.969368,0.006666666666666667,0.028777441009879112
c01_final_150_0010_bd,c01_final_150_0010,1,150,backdate,424242,0.5,150,33,0.22,13.7278,53.5813,29,4.8317,1.019122,v2rl309,309,1,21.729600000000005,90.8648,4.976034666666667,0.006666666666666667,0.02829507098067552
c01_final_150_0010_bd,c01_final_150_0010,1,150,backdate,424242,0.5,150,33,0.22,13.7278,53.5813,29,4.8317,1.019122,v2rl310,310,1,21.729600000000005,90.8648,4.879373999999999,0.006666666666666667,0.028238930040970445
c01_final_150_0011_bd,c01_final_150_0011,1,150,backdate,424242,0.5,150,56,0.373333,7.1097,38.0326,37,8.0,0.727394,edd,301,1,48.0,87.9439,4.878871999999999,0.006666666666666667,0.0019208180019631982
c01_final_150_0011_bd,c01_final_150_0011,1,150,backdate,424242,0.5,150,56,0.373333,7.1097,38.0326,37,8.0,0.727394,pfifo,301,1,48.0,87.9439,4.878871999999999,0.006666666666666667,0.000782508053816855
c01_final_150_0011_bd,c01_final_150_0011,1,150,backdate,424242,0.5,150,56,0.373333,7.1097,38.0326,37,8.0,0.727394,wspt,301,1,48.0,87.9439,4.662214666666666,0.006666666666666667,0.000783632043749094
c01_final_150_0011_bd,c01_final_150_0011,1,150,backdate,424242,0.5,150,56,0.373333,7.1097,38.0326,37,8.0,0.727394,atc,301,1,48.0,84.9436,4.668885333333333,0.006666666666666667,0.0010903989896178246
c01_final_150_0011_bd,c01_final_150_0011,1,150,backdate,424242,0.5,150,56,0.373333,7.1097,38.0326,37,8.0,0.727394,wmdd,301,1,48.0,87.9439,4.878871999999999,0.006666666666666667,0.0005254551069810987
c01_final_150_0011_bd,c01_final_150_0011,1,150,backdate,424242,0.5,150,56,0.373333,7.1097,38.0326,37,8.0,0.727394,lpt,301,1,48.0,84.9436,5.295557333333333,0.006666666666666667,0.0003831420326605439
c01_final_150_0011_bd,c01_final_150_0011,1,150,backdate,424242,0.5,150,56,0.373333,7.1097,38.0326,37,8.0,0.727394,random,301,1,48.0,86.9442,4.987214000000001,0.006666666666666667,0.0003171800635755062
c01_final_150_0011_bd,c01_final_150_0011,1,150,backdate,424242,0.5,150,56,0.373333,7.1097,38.0326,37,8.0,0.727394,v2rl301,301,1,48.0,84.9436,5.295557333333333,0.006666666666666667,0.028462599031627178
c01_final_150_0011_bd,c01_final_150_0011,1,150,backdate,424242,0.5,150,56,0.373333,7.1097,38.0326,37,8.0,0.727394,v2rl302,302,1,48.0,84.9436,5.295557333333333,0.006666666666666667,0.027632271987386048
c01_final_150_0011_bd,c01_final_150_0011,1,150,backdate,424242,0.5,150,56,0.373333,7.1097,38.0326,37,8.0,0.727394,v2rl303,303,1,48.0,84.9436,5.295557333333333,0.006666666666666667,0.027527134981937706
c01_final_150_0011_bd,c01_final_150_0011,1,150,backdate,424242,0.5,150,56,0.373333,7.1097,38.0326,37,8.0,0.727394,v2rl304,304,1,48.0,84.9436,5.135554,0.006666666666666667,0.02759874693583697
c01_final_150_0011_bd,c01_final_150_0011,1,150,backdate,424242,0.5,150,56,0.373333,7.1097,38.0326,37,8.0,0.727394,v2rl305,305,1,48.0,84.9436,5.295557333333333,0.006666666666666667,0.027279120055027306
c01_final_150_0011_bd,c01_final_150_0011,1,150,backdate,424242,0.5,150,56,0.373333,7.1097,38.0326,37,8.0,0.727394,v2rl306,306,1,48.0,84.9436,5.295557333333333,0.006666666666666667,0.027984792017377913
c01_final_150_0011_bd,c01_final_150_0011,1,150,backdate,424242,0.5,150,56,0.373333,7.1097,38.0326,37,8.0,0.727394,v2rl307,307,1,48.0,84.9436,5.108886666666667,0.006666666666666667,0.027992155984975398
c01_final_150_0011_bd,c01_final_150_0011,1,150,backdate,424242,0.5,150,56,0.373333,7.1097,38.0326,37,8.0,0.727394,v2rl308,308,1,48.0,84.9436,5.295557333333333,0.006666666666666667,0.0282306969165802
c01_final_150_0011_bd,c01_final_150_0011,1,150,backdate,424242,0.5,150,56,0.373333,7.1097,38.0326,37,8.0,0.727394,v2rl309,309,1,48.0,84.9436,5.295557333333333,0.006666666666666667,0.028223213041201234
c01_final_150_0011_bd,c01_final_150_0011,1,150,backdate,424242,0.5,150,56,0.373333,7.1097,38.0326,37,8.0,0.727394,v2rl310,310,1,48.0,84.9436,5.020557333333333,0.006666666666666667,0.02794535004068166
c01_final_150_0012_bd,c01_final_150_0012,1,150,backdate,424242,0.5,150,53,0.353333,7.9559,32.9319,42,7.1936,0.693184,edd,301,1,0.0,96.0962,4.4712586666666665,0.0,0.0005355030298233032
c01_final_150_0012_bd,c01_final_150_0012,1,150,backdate,424242,0.5,150,53,0.353333,7.9559,32.9319,42,7.1936,0.693184,pfifo,301,1,0.0,96.0962,4.4712586666666665,0.0,0.0005724439397454262
c01_final_150_0012_bd,c01_final_150_0012,1,150,backdate,424242,0.5,150,53,0.353333,7.9559,32.9319,42,7.1936,0.693184,wspt,301,1,0.0,96.0962,4.187925333333333,0.0,0.0005625010235235095
c01_final_150_0012_bd,c01_final_150_0012,1,150,backdate,424242,0.5,150,53,0.353333,7.9559,32.9319,42,7.1936,0.693184,atc,301,1,0.0,96.0962,4.361258666666668,0.0,0.001050070975907147
c01_final_150_0012_bd,c01_final_150_0012,1,150,backdate,424242,0.5,150,53,0.353333,7.9559,32.9319,42,7.1936,0.693184,wmdd,301,1,0.0,96.0962,4.4712586666666665,0.0,0.0007296580588445067
c01_final_150_0012_bd,c01_final_150_0012,1,150,backdate,424242,0.5,150,53,0.353333,7.9559,32.9319,42,7.1936,0.693184,lpt,301,1,0.0,96.0962,4.767925333333334,0.0,0.0005159730790182948
c01_final_150_0012_bd,c01_final_150_0012,1,150,backdate,424242,0.5,150,53,0.353333,7.9559,32.9319,42,7.1936,0.693184,random,301,1,0.0,96.0962,4.267925333333333,0.0,0.0003170580603182316
c01_final_150_0012_bd,c01_final_150_0012,1,150,backdate,424242,0.5,150,53,0.353333,7.9559,32.9319,42,7.1936,0.693184,v2rl301,301,1,0.0,96.0962,4.664592000000001,0.0,0.02914951101411134
c01_final_150_0012_bd,c01_final_150_0012,1,150,backdate,424242,0.5,150,53,0.353333,7.9559,32.9319,42,7.1936,0.693184,v2rl302,302,1,0.0,96.0962,4.664592000000001,0.0,0.028788501978851855
c01_final_150_0012_bd,c01_final_150_0012,1,150,backdate,424242,0.5,150,53,0.353333,7.9559,32.9319,42,7.1936,0.693184,v2rl303,303,1,0.0,96.0962,4.661258666666668,0.0,0.028577733086422086
c01_final_150_0012_bd,c01_final_150_0012,1,150,backdate,424242,0.5,150,53,0.353333,7.9559,32.9319,42,7.1936,0.693184,v2rl304,304,1,0.0,96.0962,4.351258666666666,0.0,0.028983887983486056
c01_final_150_0012_bd,c01_final_150_0012,1,150,backdate,424242,0.5,150,53,0.353333,7.9559,32.9319,42,7.1936,0.693184,v2rl305,305,1,0.0,96.0962,4.664592000000001,0.0,0.028876743046566844
c01_final_150_0012_bd,c01_final_150_0012,1,150,backdate,424242,0.5,150,53,0.353333,7.9559,32.9319,42,7.1936,0.693184,v2rl306,306,1,0.0,96.0962,4.661258666666668,0.0,0.029214133974164724
c01_final_150_0012_bd,c01_final_150_0012,1,150,backdate,424242,0.5,150,53,0.353333,7.9559,32.9319,42,7.1936,0.693184,v2rl307,307,1,0.0,96.0962,4.377925333333335,0.0,0.02809336199425161
c01_final_150_0012_bd,c01_final_150_0012,1,150,backdate,424242,0.5,150,53,0.353333,7.9559,32.9319,42,7.1936,0.693184,v2rl308,308,1,0.0,96.0962,4.621258666666667,0.0,0.027815841021947563
c01_final_150_0012_bd,c01_final_150_0012,1,150,backdate,424242,0.5,150,53,0.353333,7.9559,32.9319,42,7.1936,0.693184,v2rl309,309,1,0.0,96.0962,4.6379253333333335,0.0,0.027806733967736363
c01_final_150_0012_bd,c01_final_150_0012,1,150,backdate,424242,0.5,150,53,0.353333,7.9559,32.9319,42,7.1936,0.693184,v2rl310,310,1,0.0,96.0962,4.361258666666668,0.0,0.027848490048199892
c01_final_150_0013_bd,c01_final_150_0013,1,150,backdate,424242,0.5,150,49,0.326667,8.4751,39.5495,46,5.0236,0.983655,edd,301,1,282.0,73.5,5.382959333333334,0.02,0.0004642939893528819
c01_final_150_0013_bd,c01_final_150_0013,1,150,backdate,424242,0.5,150,49,0.326667,8.4751,39.5495,46,5.0236,0.983655,pfifo,301,1,282.0,73.5,5.382959333333334,0.02,0.0004825139185413718
c01_final_150_0013_bd,c01_final_150_0013,1,150,backdate,424242,0.5,150,49,0.326667,8.4751,39.5495,46,5.0236,0.983655,wspt,301,1,282.0,73.5,4.780568666666667,0.02,0.00044881796929985285
c01_final_150_0013_bd,c01_final_150_0013,1,150,backdate,424242,0.5,150,49,0.326667,8.4751,39.5495,46,5.0236,0.983655,atc,301,1,282.0,73.5,4.780568666666667,0.02,0.0007365680066868663
c01_final_150_0013_bd,c01_final_150_0013,1,150,backdate,424242,0.5,150,49,0.326667,8.4751,39.5495,46,5.0236,0.983655,wmdd,301,1,282.0,73.5,5.382959333333334,0.02,0.000542210997082293
c01_final_150_0013_bd,c01_final_150_0013,1,150,backdate,424242,0.5,150,49,0.326667,8.4751,39.5495,46,5.0236,0.983655,lpt,301,1,282.0,73.5,6.0829613333333326,0.02,0.0004217729438096285
c01_final_150_0013_bd,c01_final_150_0013,1,150,backdate,424242,0.5,150,49,0.326667,8.4751,39.5495,46,5.0236,0.983655,random,301,1,282.0,73.5,5.170564666666667,0.02,0.00031926389783620834
c01_final_150_0013_bd,c01_final_150_0013,1,150,backdate,424242,0.5,150,49,0.326667,8.4751,39.5495,46,5.0236,0.983655,v2rl301,301,1,282.0,73.5,6.076294666666667,0.02,0.028171614976599813
c01_final_150_0013_bd,c01_final_150_0013,1,150,backdate,424242,0.5,150,49,0.326667,8.4751,39.5495,46,5.0236,0.983655,v2rl302,302,1,282.0,73.5,6.076294666666667,0.02,0.02762106596492231
c01_final_150_0013_bd,c01_final_150_0013,1,150,backdate,424242,0.5,150,49,0.326667,8.4751,39.5495,46,5.0236,0.983655,v2rl303,303,1,282.0,73.5,6.076294666666666,0.02,0.027952805045060813
c01_final_150_0013_bd,c01_final_150_0013,1,150,backdate,424242,0.5,150,49,0.326667,8.4751,39.5495,46,5.0236,0.983655,v2rl304,304,1,282.0,73.5,5.553908666666667,0.02,0.027764561004005373
c01_final_150_0013_bd,c01_final_150_0013,1,150,backdate,424242,0.5,150,49,0.326667,8.4751,39.5495,46,5.0236,0.983655,v2rl305,305,1,282.0,73.5,6.076294666666666,0.02,0.02801605500280857
c01_final_150_0013_bd,c01_final_150_0013,1,150,backdate,424242,0.5,150,49,0.326667,8.4751,39.5495,46,5.0236,0.983655,v2rl306,306,1,282.0,73.5,6.076294666666667,0.02,0.027603883994743228
c01_final_150_0013_bd,c01_final_150_0013,1,150,backdate,424242,0.5,150,49,0.326667,8.4751,39.5495,46,5.0236,0.983655,v2rl307,307,1,282.0,73.5,5.540562666666666,0.02,0.026954033062793314
c01_final_150_0013_bd,c01_final_150_0013,1,150,backdate,424242,0.5,150,49,0.326667,8.4751,39.5495,46,5.0236,0.983655,v2rl308,308,1,282.0,73.5,5.8696280000000005,0.02,0.02688539493829012
c01_final_150_0013_bd,c01_final_150_0013,1,150,backdate,424242,0.5,150,49,0.326667,8.4751,39.5495,46,5.0236,0.983655,v2rl309,309,1,282.0,73.5,5.996282,0.02,0.02686675707809627
c01_final_150_0013_bd,c01_final_150_0013,1,150,backdate,424242,0.5,150,49,0.326667,8.4751,39.5495,46,5.0236,0.983655,v2rl310,310,1,282.0,73.5,6.009609333333333,0.02,0.027053958969190717
c01_final_150_0014_bd,c01_final_150_0014,1,150,backdate,424242,0.5,150,92,0.613333,10.0628,39.3749,49,13.1739,0.347843,edd,301,1,152.0,69.7975,3.284457333333333,0.006666666666666667,0.00043821497820317745
c01_final_150_0014_bd,c01_final_150_0014,1,150,backdate,424242,0.5,150,92,0.613333,10.0628,39.3749,49,13.1739,0.347843,pfifo,301,1,152.0,69.7975,3.284457333333333,0.006666666666666667,0.00044905999675393105
c01_final_150_0014_bd,c01_final_150_0014,1,150,backdate,424242,0.5,150,92,0.613333,10.0628,39.3749,49,13.1739,0.347843,wspt,301,1,152.0,69.7975,3.242274,0.006666666666666667,0.00041542400140315294
c01_final_150_0014_bd,c01_final_150_0014,1,150,backdate,424242,0.5,150,92,0.613333,10.0628,39.3749,49,13.1739,0.347843,atc,301,1,152.0,69.7975,3.242274,0.006666666666666667,0.0006194489542394876
c01_final_150_0014_bd,c01_final_150_0014,1,150,backdate,424242,0.5,150,92,0.613333,10.0628,39.3749,49,13.1739,0.347843,wmdd,301,1,152.0,69.7975,3.284457333333333,0.006666666666666667,0.00046792998909950256
c01_final_150_0014_bd,c01_final_150_0014,1,150,backdate,424242,0.5,150,92,0.613333,10.0628,39.3749,49,13.1739,0.347843,lpt,301,1,152.0,69.7975,3.3375973333333335,0.006666666666666667,0.0003976629814133048
c01_final_150_0014_bd,c01_final_150_0014,1,150,backdate,424242,0.5,150,92,0.613333,10.0628,39.3749,49,13.1739,0.347843,random,301,1,152.0,69.7975,3.2870893333333333,0.006666666666666667,0.00032976199872791767
c01_final_150_0014_bd,c01_final_150_0014,1,150,backdate,424242,0.5,150,92,0.613333,10.0628,39.3749,49,13.1739,0.347843,v2rl301,301,1,152.0,69.7975,3.3375680000000005,0.006666666666666667,0.027026672032661736
c01_final_150_0014_bd,c01_final_150_0014,1,150,backdate,424242,0.5,150,92,0.613333,10.0628,39.3749,49,13.1739,0.347843,v2rl302,302,1,152.0,69.7975,3.3375679999999996,0.006666666666666667,0.026576635078527033
c01_final_150_0014_bd,c01_final_150_0014,1,150,backdate,424242,0.5,150,92,0.613333,10.0628,39.3749,49,13.1739,0.347843,v2rl303,303,1,152.0,69.7975,3.3375680000000005,0.006666666666666667,0.02696674596518278
c01_final_150_0014_bd,c01_final_150_0014,1,150,backdate,424242,0.5,150,92,0.613333,10.0628,39.3749,49,13.1739,0.347843,v2rl304,304,1,152.0,69.7975,3.242274,0.006666666666666667,0.026931922999210656
c01_final_150_0014_bd,c01_final_150_0014,1,150,backdate,424242,0.5,150,92,0.613333,10.0628,39.3749,49,13.1739,0.347843,v2rl305,305,1,152.0,69.7975,3.3375679999999996,0.006666666666666667,0.027086880058050156
c01_final_150_0014_bd,c01_final_150_0014,1,150,backdate,424242,0.5,150,92,0.613333,10.0628,39.3749,49,13.1739,0.347843,v2rl306,306,1,152.0,69.7975,3.3375679999999996,0.006666666666666667,0.026497988030314445
c01_final_150_0014_bd,c01_final_150_0014,1,150,backdate,424242,0.5,150,92,0.613333,10.0628,39.3749,49,13.1739,0.347843,v2rl307,307,1,152.0,69.7975,3.242274,0.006666666666666667,0.025928199058398604
c01_final_150_0014_bd,c01_final_150_0014,1,150,backdate,424242,0.5,150,92,0.613333,10.0628,39.3749,49,13.1739,0.347843,v2rl308,308,1,152.0,69.7975,3.3375679999999996,0.006666666666666667,0.02594893705099821
c01_final_150_0014_bd,c01_final_150_0014,1,150,backdate,424242,0.5,150,92,0.613333,10.0628,39.3749,49,13.1739,0.347843,v2rl309,309,1,152.0,69.7975,3.3375679999999996,0.006666666666666667,0.02582188800442964
c01_final_150_0014_bd,c01_final_150_0014,1,150,backdate,424242,0.5,150,92,0.613333,10.0628,39.3749,49,13.1739,0.347843,v2rl310,310,1,152.0,69.7975,3.3375680000000005,0.006666666666666667,0.026170009979978204
c01_final_150_0015_bd,c01_final_150_0015,1,150,backdate,424242,0.5,150,146,0.973333,7.0361,39.9845,79,12.6453,0.390873,edd,301,1,0.0,97.9542,3.75067,0.0,0.00047846802044659853
c01_final_150_0015_bd,c01_final_150_0015,1,150,backdate,424242,0.5,150,146,0.973333,7.0361,39.9845,79,12.6453,0.390873,pfifo,301,1,0.0,97.9542,3.75067,0.0,0.0004783939803019166
c01_final_150_0015_bd,c01_final_150_0015,1,150,backdate,424242,0.5,150,146,0.973333,7.0361,39.9845,79,12.6453,0.390873,wspt,301,1,0.0,97.9542,3.5074313333333333,0.0,0.00043941696640104055
c01_final_150_0015_bd,c01_final_150_0015,1,150,backdate,424242,0.5,150,146,0.973333,7.0361,39.9845,79,12.6453,0.390873,atc,301,1,0.0,97.9542,3.613005333333333,0.0,0.0006720270030200481
c01_final_150_0015_bd,c01_final_150_0015,1,150,backdate,424242,0.5,150,146,0.973333,7.0361,39.9845,79,12.6453,0.390873,wmdd,301,1,0.0,97.9542,3.75067,0.0,0.0005113320657983422
c01_final_150_0015_bd,c01_final_150_0015,1,150,backdate,424242,0.5,150,146,0.973333,7.0361,39.9845,79,12.6453,0.390873,lpt,301,1,0.0,97.9542,4.044617333333333,0.0,0.0004281080327928066
c01_final_150_0015_bd,c01_final_150_0015,1,150,backdate,424242,0.5,150,146,0.973333,7.0361,39.9845,79,12.6453,0.390873,random,301,1,0.0,97.9542,3.763005333333334,0.0,0.00033957697451114655
c01_final_150_0015_bd,c01_final_150_0015,1,150,backdate,424242,0.5,150,146,0.973333,7.0361,39.9845,79,12.6453,0.390873,v2rl301,301,1,0.0,97.9542,3.9746173333333332,0.0,0.02825954696163535
c01_final_150_0015_bd,c01_final_150_0015,1,150,backdate,424242,0.5,150,146,0.973333,7.0361,39.9845,79,12.6453,0.390873,v2rl302,302,1,0.0,97.9542,3.9361893333333335,0.0,0.02790755801834166
c01_final_150_0015_bd,c01_final_150_0015,1,150,backdate,424242,0.5,150,146,0.973333,7.0361,39.9845,79,12.6453,0.390873,v2rl303,303,1,0.0,97.9542,3.9372119999999997,0.0,0.02810772100929171
c01_final_150_0015_bd,c01_final_150_0015,1,150,backdate,424242,0.5,150,146,0.973333,7.0361,39.9845,79,12.6453,0.390873,v2rl304,304,1,0.0,97.9542,3.6296720000000007,0.0,0.02770956396125257
c01_final_150_0015_bd,c01_final_150_0015,1,150,backdate,424242,0.5,150,146,0.973333,7.0361,39.9845,79,12.6453,0.390873,v2rl305,305,1,0.0,97.9542,3.887950666666667,0.0,0.028341040015220642
c01_final_150_0015_bd,c01_final_150_0015,1,150,backdate,424242,0.5,150,146,0.973333,7.0361,39.9845,79,12.6453,0.390873,v2rl306,306,1,0.0,97.9542,3.9405453333333327,0.0,0.027258895919658244
c01_final_150_0015_bd,c01_final_150_0015,1,150,backdate,424242,0.5,150,146,0.973333,7.0361,39.9845,79,12.6453,0.390873,v2rl307,307,1,0.0,97.9542,3.6493979999999997,0.0,0.0267324720043689
c01_final_150_0015_bd,c01_final_150_0015,1,150,backdate,424242,0.5,150,146,0.973333,7.0361,39.9845,79,12.6453,0.390873,v2rl308,308,1,0.0,97.9542,3.8329506666666666,0.0,0.02692570595536381
c01_final_150_0015_bd,c01_final_150_0015,1,150,backdate,424242,0.5,150,146,0.973333,7.0361,39.9845,79,12.6453,0.390873,v2rl309,309,1,0.0,97.9542,3.6463386666666673,0.0,0.02673627098556608
c01_final_150_0015_bd,c01_final_150_0015,1,150,backdate,424242,0.5,150,146,0.973333,7.0361,39.9845,79,12.6453,0.390873,v2rl310,310,1,0.0,97.9542,3.671064666666666,0.0,0.026904958998784423
c01_final_150_0016_bd,c01_final_150_0016,1,150,backdate,424242,0.5,150,107,0.713333,7.8519,39.3255,54,25.0833,0.268565,edd,301,1,4.0,92.167,5.113190666666666,0.006666666666666667,0.0004573509795591235
c01_final_150_0016_bd,c01_final_150_0016,1,150,backdate,424242,0.5,150,107,0.713333,7.8519,39.3255,54,25.0833,0.268565,pfifo,301,1,4.0,92.167,5.113190666666666,0.006666666666666667,0.000462842988781631
c01_final_150_0016_bd,c01_final_150_0016,1,150,backdate,424242,0.5,150,107,0.713333,7.8519,39.3255,54,25.0833,0.268565,wspt,301,1,4.0,92.167,4.974401333333334,0.006666666666666667,0.00042769801802933216
c01_final_150_0016_bd,c01_final_150_0016,1,150,backdate,424242,0.5,150,107,0.713333,7.8519,39.3255,54,25.0833,0.268565,atc,301,1,4.0,92.167,4.9810680000000005,0.006666666666666667,0.0006481190212070942
c01_final_150_0016_bd,c01_final_150_0016,1,150,backdate,424242,0.5,150,107,0.713333,7.8519,39.3255,54,25.0833,0.268565,wmdd,301,1,4.0,92.167,5.113190666666666,0.006666666666666667,0.0004890699638053775
c01_final_150_0016_bd,c01_final_150_0016,1,150,backdate,424242,0.5,150,107,0.713333,7.8519,39.3255,54,25.0833,0.268565,lpt,301,1,4.0,92.167,5.3988760000000005,0.006666666666666667,0.00040735991206020117
c01_final_150_0016_bd,c01_final_150_0016,1,150,backdate,424242,0.5,150,107,0.713333,7.8519,39.3255,54,25.0833,0.268565,random,301,1,4.0,92.167,5.150388666666667,0.006666666666666667,0.00033979793079197407
c01_final_150_0016_bd,c01_final_150_0016,1,150,backdate,424242,0.5,150,107,0.713333,7.8519,39.3255,54,25.0833,0.268565,v2rl301,301,1,4.0,92.167,5.3988760000000005,0.006666666666666667,0.02748002193402499
c01_final_150_0016_bd,c01_final_150_0016,1,150,backdate,424242,0.5,150,107,0.713333,7.8519,39.3255,54,25.0833,0.268565,v2rl302,302,1,4.0,92.167,5.376524,0.006666666666666667,0.02714775805361569
c01_final_150_0016_bd,c01_final_150_0016,1,150,backdate,424242,0.5,150,107,0.713333,7.8519,39.3255,54,25.0833,0.268565,v2rl303,303,1,4.0,92.167,5.383190666666667,0.006666666666666667,0.027453699032776058
c01_final_150_0016_bd,c01_final_150_0016,1,150,backdate,424242,0.5,150,107,0.713333,7.8519,39.3255,54,25.0833,0.268565,v2rl304,304,1,4.0,92.167,5.246523999999999,0.006666666666666667,0.027353003970347345
c01_final_150_0016_bd,c01_final_150_0016,1,150,backdate,424242,0.5,150,107,0.713333,7.8519,39.3255,54,25.0833,0.268565,v2rl305,305,1,4.0,92.167,5.383190666666667,0.006666666666666667,0.02756987197790295
c01_final_150_0016_bd,c01_final_150_0016,1,150,backdate,424242,0.5,150,107,0.713333,7.8519,39.3255,54,25.0833,0.268565,v2rl306,306,1,4.0,92.167,5.383190666666667,0.006666666666666667,0.02668043808080256
c01_final_150_0016_bd,c01_final_150_0016,1,150,backdate,424242,0.5,150,107,0.713333,7.8519,39.3255,54,25.0833,0.268565,v2rl307,307,1,4.0,92.167,5.299857333333334,0.006666666666666667,0.026292852009646595
c01_final_150_0016_bd,c01_final_150_0016,1,150,backdate,424242,0.5,150,107,0.713333,7.8519,39.3255,54,25.0833,0.268565,v2rl308,308,1,4.0,92.167,5.376524,0.006666666666666667,0.02647096198052168
c01_final_150_0016_bd,c01_final_150_0016,1,150,backdate,424242,0.5,150,107,0.713333,7.8519,39.3255,54,25.0833,0.268565,v2rl309,309,1,4.0,92.167,5.373190666666667,0.006666666666666667,0.026360922027379274
c01_final_150_0016_bd,c01_final_150_0016,1,150,backdate,424242,0.5,150,107,0.713333,7.8519,39.3255,54,25.0833,0.268565,v2rl310,310,1,4.0,92.167,5.373190666666666,0.006666666666666667,0.026605566032230854
c01_final_150_0017_bd,c01_final_150_0017,1,150,backdate,424242,0.5,150,138,0.92,9.285,77.4306,68,16.4069,0.402895,edd,301,1,220.0,90.8648,4.391014,0.006666666666666667,0.0004701240686699748
c01_final_150_0017_bd,c01_final_150_0017,1,150,backdate,424242,0.5,150,138,0.92,9.285,77.4306,68,16.4069,0.402895,pfifo,301,1,220.0,90.8648,4.391014,0.006666666666666667,0.0004815499996766448
c01_final_150_0017_bd,c01_final_150_0017,1,150,backdate,424242,0.5,150,138,0.92,9.285,77.4306,68,16.4069,0.402895,wspt,301,1,220.0,90.8648,4.313265333333334,0.006666666666666667,0.0004318460123613477
c01_final_150_0017_bd,c01_final_150_0017,1,150,backdate,424242,0.5,150,138,0.92,9.285,77.4306,68,16.4069,0.402895,atc,301,1,220.0,90.8648,4.381014,0.006666666666666667,0.0006358430255204439
c01_final_150_0017_bd,c01_final_150_0017,1,150,backdate,424242,0.5,150,138,0.92,9.285,77.4306,68,16.4069,0.402895,wmdd,301,1,220.0,90.8648,4.391014,0.006666666666666667,0.0004993299953639507
c01_final_150_0017_bd,c01_final_150_0017,1,150,backdate,424242,0.5,150,138,0.92,9.285,77.4306,68,16.4069,0.402895,lpt,301,1,220.0,90.8648,4.556772666666666,0.006666666666666667,0.0004147780127823353
c01_final_150_0017_bd,c01_final_150_0017,1,150,backdate,424242,0.5,150,138,0.92,9.285,77.4306,68,16.4069,0.402895,random,301,1,220.0,90.8648,4.364347333333334,0.006666666666666667,0.00035155308432877064
c01_final_150_0017_bd,c01_final_150_0017,1,150,backdate,424242,0.5,150,138,0.92,9.285,77.4306,68,16.4069,0.402895,v2rl301,301,1,220.0,90.8648,4.496772666666667,0.006666666666666667,0.02746686595492065
c01_final_150_0017_bd,c01_final_150_0017,1,150,backdate,424242,0.5,150,138,0.92,9.285,77.4306,68,16.4069,0.402895,v2rl302,302,1,220.0,90.8648,4.419372666666667,0.006666666666666667,0.02697469398844987
c01_final_150_0017_bd,c01_final_150_0017,1,150,backdate,424242,0.5,150,138,0.92,9.285,77.4306,68,16.4069,0.402895,v2rl303,303,1,220.0,90.8648,4.419372666666667,0.006666666666666667,0.027275271946564317
c01_final_150_0017_bd,c01_final_150_0017,1,150,backdate,424242,0.5,150,138,0.92,9.285,77.4306,68,16.4069,0.402895,v2rl304,304,1,220.0,90.8648,4.391014,0.006666666666666667,0.027167532010935247
c01_final_150_0017_bd,c01_final_150_0017,1,150,backdate,424242,0.5,150,138,0.92,9.285,77.4306,68,16.4069,0.402895,v2rl305,305,1,220.0,90.8648,4.416039333333333,0.006666666666666667,0.027577964938245714
c01_final_150_0017_bd,c01_final_150_0017,1,150,backdate,424242,0.5,150,138,0.92,9.285,77.4306,68,16.4069,0.402895,v2rl306,306,1,220.0,90.8648,4.439372666666666,0.006666666666666667,0.02658823097590357
c01_final_150_0017_bd,c01_final_150_0017,1,150,backdate,424242,0.5,150,138,0.92,9.285,77.4306,68,16.4069,0.402895,v2rl307,307,1,220.0,90.8648,4.387680666666667,0.006666666666666667,0.026176189072430134
c01_final_150_0017_bd,c01_final_150_0017,1,150,backdate,424242,0.5,150,138,0.92,9.285,77.4306,68,16.4069,0.402895,v2rl308,308,1,220.0,90.8648,4.412706,0.006666666666666667,0.02629424096085131
c01_final_150_0017_bd,c01_final_150_0017,1,150,backdate,424242,0.5,150,138,0.92,9.285,77.4306,68,16.4069,0.402895,v2rl309,309,1,220.0,90.8648,4.412706,0.006666666666666667,0.02619966398924589
c01_final_150_0017_bd,c01_final_150_0017,1,150,backdate,424242,0.5,150,138,0.92,9.285,77.4306,68,16.4069,0.402895,v2rl310,310,1,220.0,90.8648,4.394495333333333,0.006666666666666667,0.026399592985399067
c01_final_150_0018_bd,c01_final_150_0018,1,150,backdate,424242,0.5,150,113,0.753333,7.8569,45.8269,85,8.0,0.743684,edd,301,1,174.0,67.5,4.63006,0.006666666666666667,0.000497521017678082
c01_final_150_0018_bd,c01_final_150_0018,1,150,backdate,424242,0.5,150,113,0.753333,7.8569,45.8269,85,8.0,0.743684,pfifo,301,1,174.0,67.5,4.63006,0.006666666666666667,0.0004954899195581675
c01_final_150_0018_bd,c01_final_150_0018,1,150,backdate,424242,0.5,150,113,0.753333,7.8569,45.8269,85,8.0,0.743684,wspt,301,1,178.0,68.5,4.427163333333334,0.006666666666666667,0.00046157301403582096
c01_final_150_0018_bd,c01_final_150_0018,1,150,backdate,424242,0.5,150,113,0.753333,7.8569,45.8269,85,8.0,0.743684,atc,301,1,182.0,69.5,4.459550666666667,0.006666666666666667,0.0007352920947596431
c01_final_150_0018_bd,c01_final_150_0018,1,150,backdate,424242,0.5,150,113,0.753333,7.8569,45.8269,85,8.0,0.743684,wmdd,301,1,178.0,68.5,4.61006,0.006666666666666667,0.0005379309877753258
c01_final_150_0018_bd,c01_final_150_0018,1,150,backdate,424242,0.5,150,113,0.753333,7.8569,45.8269,85,8.0,0.743684,lpt,301,1,174.0,67.5,5.246215333333333,0.006666666666666667,0.0004461730131879449
c01_final_150_0018_bd,c01_final_150_0018,1,150,backdate,424242,0.5,150,113,0.753333,7.8569,45.8269,85,8.0,0.743684,random,301,1,178.0,68.5,4.689550666666667,0.006666666666666667,0.00033116305712610483
c01_final_150_0018_bd,c01_final_150_0018,1,150,backdate,424242,0.5,150,113,0.753333,7.8569,45.8269,85,8.0,0.743684,v2rl301,301,1,174.0,67.5,4.996215333333335,0.006666666666666667,0.028200747910887003
c01_final_150_0018_bd,c01_final_150_0018,1,150,backdate,424242,0.5,150,113,0.753333,7.8569,45.8269,85,8.0,0.743684,v2rl302,302,1,174.0,67.5,4.9195486666666675,0.006666666666666667,0.027950783958658576
c01_final_150_0018_bd,c01_final_150_0018,1,150,backdate,424242,0.5,150,113,0.753333,7.8569,45.8269,85,8.0,0.743684,v2rl303,303,1,174.0,67.5,4.9562153333333345,0.006666666666666667,0.028339914046227932
c01_final_150_0018_bd,c01_final_150_0018,1,150,backdate,424242,0.5,150,113,0.753333,7.8569,45.8269,85,8.0,0.743684,v2rl304,304,1,174.0,67.5,4.709548666666667,0.006666666666666667,0.02791396901011467
c01_final_150_0018_bd,c01_final_150_0018,1,150,backdate,424242,0.5,150,113,0.753333,7.8569,45.8269,85,8.0,0.743684,v2rl305,305,1,174.0,67.5,4.922882000000001,0.006666666666666667,0.028453678940422833
c01_final_150_0018_bd,c01_final_150_0018,1,150,backdate,424242,0.5,150,113,0.753333,7.8569,45.8269,85,8.0,0.743684,v2rl306,306,1,174.0,67.5,4.9562153333333345,0.006666666666666667,0.02717712603043765
c01_final_150_0018_bd,c01_final_150_0018,1,150,backdate,424242,0.5,150,113,0.753333,7.8569,45.8269,85,8.0,0.743684,v2rl307,307,1,174.0,67.5,4.649548666666666,0.006666666666666667,0.026943049975670874
c01_final_150_0018_bd,c01_final_150_0018,1,150,backdate,424242,0.5,150,113,0.753333,7.8569,45.8269,85,8.0,0.743684,v2rl308,308,1,174.0,67.5,4.866215333333335,0.006666666666666667,0.027082680957391858
c01_final_150_0018_bd,c01_final_150_0018,1,150,backdate,424242,0.5,150,113,0.753333,7.8569,45.8269,85,8.0,0.743684,v2rl309,309,1,174.0,67.5,4.792882000000001,0.006666666666666667,0.026994505082257092
c01_final_150_0018_bd,c01_final_150_0018,1,150,backdate,424242,0.5,150,113,0.753333,7.8569,45.8269,85,8.0,0.743684,v2rl310,310,1,174.0,67.5,4.706215333333334,0.006666666666666667,0.027176658040843904
c01_final_150_0019_bd,c01_final_150_0019,1,150,backdate,424242,0.5,150,5,0.033333,8.1533,21.8401,5,1.0,2.920213,edd,301,1,0.0,12.0,3.6966666666666668,0.0,0.0005751859862357378
c01_final_150_0019_bd,c01_final_150_0019,1,150,backdate,424242,0.5,150,5,0.033333,8.1533,21.8401,5,1.0,2.920213,pfifo,301,1,0.0,12.0,3.6966666666666668,0.0,0.000617380952462554
c01_final_150_0019_bd,c01_final_150_0019,1,150,backdate,424242,0.5,150,5,0.033333,8.1533,21.8401,5,1.0,2.920213,wspt,301,1,0.0,12.5,3.1166666666666667,0.0,0.0006043040193617344
c01_final_150_0019_bd,c01_final_150_0019,1,150,backdate,424242,0.5,150,5,0.033333,8.1533,21.8401,5,1.0,2.920213,atc,301,1,0.0,12.5,3.1433333333333335,0.0,0.0012115900171920657
c01_final_150_0019_bd,c01_final_150_0019,1,150,backdate,424242,0.5,150,5,0.033333,8.1533,21.8401,5,1.0,2.920213,wmdd,301,1,0.0,12.0,3.6966666666666668,0.0,0.0008236030116677284
c01_final_150_0019_bd,c01_final_150_0019,1,150,backdate,424242,0.5,150,5,0.033333,8.1533,21.8401,5,1.0,2.920213,lpt,301,1,0.0,12.0,4.753333333333333,0.0,0.0005443700356408954
c01_final_150_0019_bd,c01_final_150_0019,1,150,backdate,424242,0.5,150,5,0.033333,8.1533,21.8401,5,1.0,2.920213,random,301,1,0.0,12.5,3.5566666666666666,0.0,0.00031399691943079233
c01_final_150_0019_bd,c01_final_150_0019,1,150,backdate,424242,0.5,150,5,0.033333,8.1533,21.8401,5,1.0,2.920213,v2rl301,301,1,0.0,12.0,4.753333333333333,0.0,0.030001205042935908
c01_final_150_0019_bd,c01_final_150_0019,1,150,backdate,424242,0.5,150,5,0.033333,8.1533,21.8401,5,1.0,2.920213,v2rl302,302,1,0.0,12.0,4.753333333333333,0.0,0.029717745957896113
c01_final_150_0019_bd,c01_final_150_0019,1,150,backdate,424242,0.5,150,5,0.033333,8.1533,21.8401,5,1.0,2.920213,v2rl303,303,1,0.0,12.0,4.753333333333333,0.0,0.02992400899529457
c01_final_150_0019_bd,c01_final_150_0019,1,150,backdate,424242,0.5,150,5,0.033333,8.1533,21.8401,5,1.0,2.920213,v2rl304,304,1,0.0,12.0,3.67,0.0,0.030108871986158192
c01_final_150_0019_bd,c01_final_150_0019,1,150,backdate,424242,0.5,150,5,0.033333,8.1533,21.8401,5,1.0,2.920213,v2rl305,305,1,0.0,12.0,4.753333333333333,0.0,0.0297088889637962
c01_final_150_0019_bd,c01_final_150_0019,1,150,backdate,424242,0.5,150,5,0.033333,8.1533,21.8401,5,1.0,2.920213,v2rl306,306,1,0.0,12.0,4.753333333333333,0.0,0.02883550396654755
c01_final_150_0019_bd,c01_final_150_0019,1,150,backdate,424242,0.5,150,5,0.033333,8.1533,21.8401,5,1.0,2.920213,v2rl307,307,1,0.0,12.0,3.3833333333333333,0.0,0.028892437927424908
c01_final_150_0019_bd,c01_final_150_0019,1,150,backdate,424242,0.5,150,5,0.033333,8.1533,21.8401,5,1.0,2.920213,v2rl308,308,1,0.0,12.0,4.753333333333333,0.0,0.028843885054811835
c01_final_150_0019_bd,c01_final_150_0019,1,150,backdate,424242,0.5,150,5,0.033333,8.1533,21.8401,5,1.0,2.920213,v2rl309,309,1,0.0,12.0,4.753333333333333,0.0,0.02901378704700619
c01_final_150_0019_bd,c01_final_150_0019,1,150,backdate,424242,0.5,150,5,0.033333,8.1533,21.8401,5,1.0,2.920213,v2rl310,310,1,0.0,12.0,3.4833333333333334,0.0,0.028890250017866492
c01_final_150_0020_bd,c01_final_150_0020,1,150,backdate,424242,0.5,150,81,0.54,8.7975,38.4883,60,8.0,0.658397,edd,301,1,267.4592,90.8648,4.651217333333332,0.006666666666666667,0.0004780680174008012
c01_final_150_0020_bd,c01_final_150_0020,1,150,backdate,424242,0.5,150,81,0.54,8.7975,38.4883,60,8.0,0.658397,pfifo,301,1,267.4592,90.8648,4.651217333333332,0.006666666666666667,0.0005030089523643255
c01_final_150_0020_bd,c01_final_150_0020,1,150,backdate,424242,0.5,150,81,0.54,8.7975,38.4883,60,8.0,0.658397,wspt,301,1,267.4592,90.8648,4.437725333333333,0.006666666666666667,0.00046200293581932783
c01_final_150_0020_bd,c01_final_150_0020,1,150,backdate,424242,0.5,150,81,0.54,8.7975,38.4883,60,8.0,0.658397,atc,301,1,267.4592,90.8648,4.471058666666666,0.006666666666666667,0.0007413290441036224
c01_final_150_0020_bd,c01_final_150_0020,1,150,backdate,424242,0.5,150,81,0.54,8.7975,38.4883,60,8.0,0.658397,wmdd,301,1,267.4592,90.8648,4.651217333333332,0.006666666666666667,0.0005363859236240387
c01_final_150_0020_bd,c01_final_150_0020,1,150,backdate,424242,0.5,150,81,0.54,8.7975,38.4883,60,8.0,0.658397,lpt,301,1,267.4592,90.8648,4.8891886666666675,0.006666666666666667,0.0004326950293034315
c01_final_150_0020_bd,c01_final_150_0020,1,150,backdate,424242,0.5,150,81,0.54,8.7975,38.4883,60,8.0,0.658397,random,301,1,267.4592,90.8648,4.581058666666666,0.006666666666666667,0.0003287519793957472
c01_final_150_0020_bd,c01_final_150_0020,1,150,backdate,424242,0.5,150,81,0.54,8.7975,38.4883,60,8.0,0.658397,v2rl301,301,1,267.4592,90.8648,4.832522,0.006666666666666667,0.027904103975743055
c01_final_150_0020_bd,c01_final_150_0020,1,150,backdate,424242,0.5,150,81,0.54,8.7975,38.4883,60,8.0,0.658397,v2rl302,302,1,267.4592,90.8648,4.812522,0.006666666666666667,0.02772298501804471
c01_final_150_0020_bd,c01_final_150_0020,1,150,backdate,424242,0.5,150,81,0.54,8.7975,38.4883,60,8.0,0.658397,v2rl303,303,1,267.4592,90.8648,4.812522,0.006666666666666667,0.027944058063440025
c01_final_150_0020_bd,c01_final_150_0020,1,150,backdate,424242,0.5,150,81,0.54,8.7975,38.4883,60,8.0,0.658397,v2rl304,304,1,267.4592,90.8648,4.691023333333334,0.006666666666666667,0.027726209023967385
c01_final_150_0020_bd,c01_final_150_0020,1,150,backdate,424242,0.5,150,81,0.54,8.7975,38.4883,60,8.0,0.658397,v2rl305,305,1,267.4592,90.8648,4.809188666666667,0.006666666666666667,0.028034251066856086
c01_final_150_0020_bd,c01_final_150_0020,1,150,backdate,424242,0.5,150,81,0.54,8.7975,38.4883,60,8.0,0.658397,v2rl306,306,1,267.4592,90.8648,4.812521999999999,0.006666666666666667,0.026824965025298297
c01_final_150_0020_bd,c01_final_150_0020,1,150,backdate,424242,0.5,150,81,0.54,8.7975,38.4883,60,8.0,0.658397,v2rl307,307,1,267.4592,90.8648,4.6910213333333335,0.006666666666666667,0.026852810056880116
c01_final_150_0020_bd,c01_final_150_0020,1,150,backdate,424242,0.5,150,81,0.54,8.7975,38.4883,60,8.0,0.658397,v2rl308,308,1,267.4592,90.8648,4.795855333333334,0.006666666666666667,0.026766604045405984
c01_final_150_0020_bd,c01_final_150_0020,1,150,backdate,424242,0.5,150,81,0.54,8.7975,38.4883,60,8.0,0.658397,v2rl309,309,1,267.4592,90.8648,4.799188666666666,0.006666666666666667,0.02677956095431
c01_final_150_0020_bd,c01_final_150_0020,1,150,backdate,424242,0.5,150,81,0.54,8.7975,38.4883,60,8.0,0.658397,v2rl310,310,1,267.4592,90.8648,4.6910213333333335,0.006666666666666667,0.02693568100221455
c01_final_150_0021_bd,c01_final_150_0021,1,150,backdate,424242,0.5,150,144,0.96,8.7296,73.0487,51,19.2869,0.21098,edd,301,1,0.0,27.5502,2.56907,0.0,0.00042629195377230644
c01_final_150_0021_bd,c01_final_150_0021,1,150,backdate,424242,0.5,150,144,0.96,8.7296,73.0487,51,19.2869,0.21098,pfifo,301,1,0.0,27.5502,2.56907,0.0,0.00043959193862974644
c01_final_150_0021_bd,c01_final_150_0021,1,150,backdate,424242,0.5,150,144,0.96,8.7296,73.0487,51,19.2869,0.21098,wspt,301,1,0.0,27.5502,2.562658,0.0,0.00038770493119955063
c01_final_150_0021_bd,c01_final_150_0021,1,150,backdate,424242,0.5,150,144,0.96,8.7296,73.0487,51,19.2869,0.21098,atc,301,1,0.0,27.5502,2.562658,0.0,0.0004999970551580191
c01_final_150_0021_bd,c01_final_150_0021,1,150,backdate,424242,0.5,150,144,0.96,8.7296,73.0487,51,19.2869,0.21098,wmdd,301,1,0.0,27.5502,2.56907,0.0,0.0004075890174135566
c01_final_150_0021_bd,c01_final_150_0021,1,150,backdate,424242,0.5,150,144,0.96,8.7296,73.0487,51,19.2869,0.21098,lpt,301,1,0.0,27.5502,2.56907,0.0,0.0003760160179808736
c01_final_150_0021_bd,c01_final_150_0021,1,150,backdate,424242,0.5,150,144,0.96,8.7296,73.0487,51,19.2869,0.21098,random,301,1,0.0,27.5502,2.5629126666666666,0.0,0.00034852803219109774
c01_final_150_0021_bd,c01_final_150_0021,1,150,backdate,424242,0.5,150,144,0.96,8.7296,73.0487,51,19.2869,0.21098,v2rl301,301,1,0.0,27.5502,2.56907,0.0,0.026473916950635612
c01_final_150_0021_bd,c01_final_150_0021,1,150,backdate,424242,0.5,150,144,0.96,8.7296,73.0487,51,19.2869,0.21098,v2rl302,302,1,0.0,27.5502,2.56907,0.0,0.026272143004462123
c01_final_150_0021_bd,c01_final_150_0021,1,150,backdate,424242,0.5,150,144,0.96,8.7296,73.0487,51,19.2869,0.21098,v2rl303,303,1,0.0,27.5502,2.56907,0.0,0.0265243009198457
c01_final_150_0021_bd,c01_final_150_0021,1,150,backdate,424242,0.5,150,144,0.96,8.7296,73.0487,51,19.2869,0.21098,v2rl304,304,1,0.0,27.5502,2.562658,0.0,0.02636524196714163
c01_final_150_0021_bd,c01_final_150_0021,1,150,backdate,424242,0.5,150,144,0.96,8.7296,73.0487,51,19.2869,0.21098,v2rl305,305,1,0.0,27.5502,2.56907,0.0,0.026704823947511613
c01_final_150_0021_bd,c01_final_150_0021,1,150,backdate,424242,0.5,150,144,0.96,8.7296,73.0487,51,19.2869,0.21098,v2rl306,306,1,0.0,27.5502,2.56907,0.0,0.02552606095559895
c01_final_150_0021_bd,c01_final_150_0021,1,150,backdate,424242,0.5,150,144,0.96,8.7296,73.0487,51,19.2869,0.21098,v2rl307,307,1,0.0,27.5502,2.562658,0.0,0.025424578925594687
c01_final_150_0021_bd,c01_final_150_0021,1,150,backdate,424242,0.5,150,144,0.96,8.7296,73.0487,51,19.2869,0.21098,v2rl308,308,1,0.0,27.5502,2.56907,0.0,0.025543832103721797
c01_final_150_0021_bd,c01_final_150_0021,1,150,backdate,424242,0.5,150,144,0.96,8.7296,73.0487,51,19.2869,0.21098,v2rl309,309,1,0.0,27.5502,2.562658,0.0,0.025490520056337118
c01_final_150_0021_bd,c01_final_150_0021,1,150,backdate,424242,0.5,150,144,0.96,8.7296,73.0487,51,19.2869,0.21098,v2rl310,310,1,0.0,27.5502,2.562658,0.0,0.02565205900464207
c01_final_150_0022_bd,c01_final_150_0022,1,150,backdate,424242,0.5,150,83,0.553333,8.051,77.0365,20,16.0233,0.298511,edd,301,1,21.729599999999976,104.4228,3.4686246666666665,0.006666666666666667,0.00048374501056969166
c01_final_150_0022_bd,c01_final_150_0022,1,150,backdate,424242,0.5,150,83,0.553333,8.051,77.0365,20,16.0233,0.298511,pfifo,301,1,21.729599999999976,104.4228,3.4686246666666665,0.006666666666666667,0.0005034619243815541
c01_final_150_0022_bd,c01_final_150_0022,1,150,backdate,424242,0.5,150,83,0.553333,8.051,77.0365,20,16.0233,0.298511,wspt,301,1,21.729599999999976,104.4228,3.3185613333333333,0.006666666666666667,0.00045626191422343254
c01_final_150_0022_bd,c01_final_150_0022,1,150,backdate,424242,0.5,150,83,0.553333,8.051,77.0365,20,16.0233,0.298511,atc,301,1,21.729599999999976,104.4228,3.3185613333333333,0.006666666666666667,0.0006927179638296366
c01_final_150_0022_bd,c01_final_150_0022,1,150,backdate,424242,0.5,150,83,0.553333,8.051,77.0365,20,16.0233,0.298511,wmdd,301,1,21.729599999999976,104.4228,3.4686246666666665,0.006666666666666667,0.0005227329675108194
c01_final_150_0022_bd,c01_final_150_0022,1,150,backdate,424242,0.5,150,83,0.553333,8.051,77.0365,20,16.0233,0.298511,lpt,301,1,21.729599999999976,104.4228,3.7127893333333333,0.006666666666666667,0.00042966101318597794
c01_final_150_0022_bd,c01_final_150_0022,1,150,backdate,424242,0.5,150,83,0.553333,8.051,77.0365,20,16.0233,0.298511,random,301,1,21.729599999999976,104.4228,3.3996093333333337,0.006666666666666667,0.00034742988646030426
c01_final_150_0022_bd,c01_final_150_0022,1,150,backdate,424242,0.5,150,83,0.553333,8.051,77.0365,20,16.0233,0.298511,v2rl301,301,1,21.729599999999976,104.4228,3.7127893333333333,0.006666666666666667,0.02778503904119134
c01_final_150_0022_bd,c01_final_150_0022,1,150,backdate,424242,0.5,150,83,0.553333,8.051,77.0365,20,16.0233,0.298511,v2rl302,302,1,21.729599999999976,104.4228,3.7127893333333333,0.006666666666666667,0.02750489697791636
c01_final_150_0022_bd,c01_final_150_0022,1,150,backdate,424242,0.5,150,83,0.553333,8.051,77.0365,20,16.0233,0.298511,v2rl303,303,1,21.729599999999976,104.4228,3.7127893333333333,0.006666666666666667,0.027709117042832077
c01_final_150_0022_bd,c01_final_150_0022,1,150,backdate,424242,0.5,150,83,0.553333,8.051,77.0365,20,16.0233,0.298511,v2rl304,304,1,21.729599999999976,104.4228,3.35447,0.006666666666666667,0.027571231010369956
c01_final_150_0022_bd,c01_final_150_0022,1,150,backdate,424242,0.5,150,83,0.553333,8.051,77.0365,20,16.0233,0.298511,v2rl305,305,1,21.729599999999976,104.4228,3.7127893333333333,0.006666666666666667,0.02784747804980725
c01_final_150_0022_bd,c01_final_150_0022,1,150,backdate,424242,0.5,150,83,0.553333,8.051,77.0365,20,16.0233,0.298511,v2rl306,306,1,21.729599999999976,104.4228,3.7127893333333333,0.006666666666666667,0.02662749809678644
c01_final_150_0022_bd,c01_final_150_0022,1,150,backdate,424242,0.5,150,83,0.553333,8.051,77.0365,20,16.0233,0.298511,v2rl307,307,1,21.729599999999976,104.4228,3.3653606666666662,0.006666666666666667,0.026582160964608192
c01_final_150_0022_bd,c01_final_150_0022,1,150,backdate,424242,0.5,150,83,0.553333,8.051,77.0365,20,16.0233,0.298511,v2rl308,308,1,21.729599999999976,104.4228,3.709046,0.006666666666666667,0.026619690004736185
c01_final_150_0022_bd,c01_final_150_0022,1,150,backdate,424242,0.5,150,83,0.553333,8.051,77.0365,20,16.0233,0.298511,v2rl309,309,1,21.729599999999976,104.4228,3.7127893333333333,0.006666666666666667,0.026717951986938715
c01_final_150_0022_bd,c01_final_150_0022,1,150,backdate,424242,0.5,150,83,0.553333,8.051,77.0365,20,16.0233,0.298511,v2rl310,310,1,21.729599999999976,104.4228,3.5062360000000004,0.006666666666666667,0.0268640419235453
c01_final_150_0023_bd,c01_final_150_0023,1,150,backdate,424242,0.5,150,149,0.993333,7.3025,33.4647,32,30.1781,0.158721,edd,301,1,126.00000000000003,78.2317,3.048302,0.006666666666666667,0.0004286810290068388
c01_final_150_0023_bd,c01_final_150_0023,1,150,backdate,424242,0.5,150,149,0.993333,7.3025,33.4647,32,30.1781,0.158721,pfifo,301,1,126.00000000000003,78.2317,3.048302,0.006666666666666667,0.0004329950315877795
c01_final_150_0023_bd,c01_final_150_0023,1,150,backdate,424242,0.5,150,149,0.993333,7.3025,33.4647,32,30.1781,0.158721,wspt,301,1,126.00000000000003,78.2317,3.0349686666666664,0.006666666666666667,0.00038331898394972086
c01_final_150_0023_bd,c01_final_150_0023,1,150,backdate,424242,0.5,150,149,0.993333,7.3025,33.4647,32,30.1781,0.158721,atc,301,1,126.00000000000003,78.2317,3.048302,0.006666666666666667,0.0004896860336884856
c01_final_150_0023_bd,c01_final_150_0023,1,150,backdate,424242,0.5,150,149,0.993333,7.3025,33.4647,32,30.1781,0.158721,wmdd,301,1,126.00000000000003,78.2317,3.048302,0.006666666666666667,0.00041123107075691223
c01_final_150_0023_bd,c01_final_150_0023,1,150,backdate,424242,0.5,150,149,0.993333,7.3025,33.4647,32,30.1781,0.158721,lpt,301,1,126.00000000000003,78.2317,3.0549686666666664,0.006666666666666667,0.00038027402479201555
c01_final_150_0023_bd,c01_final_150_0023,1,150,backdate,424242,0.5,150,149,0.993333,7.3025,33.4647,32,30.1781,0.158721,random,301,1,126.00000000000003,78.2317,3.048302,0.006666666666666667,0.0003650919534265995
c01_final_150_0023_bd,c01_final_150_0023,1,150,backdate,424242,0.5,150,149,0.993333,7.3025,33.4647,32,30.1781,0.158721,v2rl301,301,1,126.00000000000003,78.2317,3.0549686666666664,0.006666666666666667,0.02642014599405229
c01_final_150_0023_bd,c01_final_150_0023,1,150,backdate,424242,0.5,150,149,0.993333,7.3025,33.4647,32,30.1781,0.158721,v2rl302,302,1,126.00000000000003,78.2317,3.048302,0.006666666666666667,0.026145810028538108
c01_final_150_0023_bd,c01_final_150_0023,1,150,backdate,424242,0.5,150,149,0.993333,7.3025,33.4647,32,30.1781,0.158721,v2rl303,303,1,126.00000000000003,78.2317,3.048302,0.006666666666666667,0.026461821980774403
c01_final_150_0023_bd,c01_final_150_0023,1,150,backdate,424242,0.5,150,149,0.993333,7.3025,33.4647,32,30.1781,0.158721,v2rl304,304,1,126.00000000000003,78.2317,3.048302,0.006666666666666667,0.026340406970120966
c01_final_150_0023_bd,c01_final_150_0023,1,150,backdate,424242,0.5,150,149,0.993333,7.3025,33.4647,32,30.1781,0.158721,v2rl305,305,1,126.00000000000003,78.2317,3.048302,0.006666666666666667,0.02674425905570388
c01_final_150_0023_bd,c01_final_150_0023,1,150,backdate,424242,0.5,150,149,0.993333,7.3025,33.4647,32,30.1781,0.158721,v2rl306,306,1,126.00000000000003,78.2317,3.048302,0.006666666666666667,0.025329942000098526
c01_final_150_0023_bd,c01_final_150_0023,1,150,backdate,424242,0.5,150,149,0.993333,7.3025,33.4647,32,30.1781,0.158721,v2rl307,307,1,126.00000000000003,78.2317,3.048302,0.006666666666666667,0.025303032947704196
c01_final_150_0023_bd,c01_final_150_0023,1,150,backdate,424242,0.5,150,149,0.993333,7.3025,33.4647,32,30.1781,0.158721,v2rl308,308,1,126.00000000000003,78.2317,3.048302,0.006666666666666667,0.02545243699569255
c01_final_150_0023_bd,c01_final_150_0023,1,150,backdate,424242,0.5,150,149,0.993333,7.3025,33.4647,32,30.1781,0.158721,v2rl309,309,1,126.00000000000003,78.2317,3.048302,0.006666666666666667,0.025252608000300825
c01_final_150_0023_bd,c01_final_150_0023,1,150,backdate,424242,0.5,150,149,0.993333,7.3025,33.4647,32,30.1781,0.158721,v2rl310,310,1,126.00000000000003,78.2317,3.048302,0.006666666666666667,0.0254657999612391
c01_final_150_0024_bd,c01_final_150_0024,1,150,backdate,424242,0.5,150,57,0.38,11.7625,39.44,47,8.0,0.556848,edd,301,1,115.3964,41.5,3.3150260000000005,0.013333333333333334,0.0004381629405543208
c01_final_150_0024_bd,c01_final_150_0024,1,150,backdate,424242,0.5,150,57,0.38,11.7625,39.44,47,8.0,0.556848,pfifo,301,1,115.3964,41.5,3.3150260000000005,0.013333333333333334,0.00043590390123426914
c01_final_150_0024_bd,c01_final_150_0024,1,150,backdate,424242,0.5,150,57,0.38,11.7625,39.44,47,8.0,0.556848,wspt,301,1,114.0,41.1509,3.142710666666667,0.013333333333333334,0.0004305370384827256
c01_final_150_0024_bd,c01_final_150_0024,1,150,backdate,424242,0.5,150,57,0.38,11.7625,39.44,47,8.0,0.556848,atc,301,1,114.0,41.1509,3.142710666666667,0.013333333333333334,0.0006733740447089076
c01_final_150_0024_bd,c01_final_150_0024,1,150,backdate,424242,0.5,150,57,0.38,11.7625,39.44,47,8.0,0.556848,wmdd,301,1,115.3964,41.5,3.3150260000000005,0.013333333333333334,0.0005042980192229152
c01_final_150_0024_bd,c01_final_150_0024,1,150,backdate,424242,0.5,150,57,0.38,11.7625,39.44,47,8.0,0.556848,lpt,301,1,115.3964,41.5,3.4497226666666667,0.013333333333333334,0.00040323403663933277
c01_final_150_0024_bd,c01_final_150_0024,1,150,backdate,424242,0.5,150,57,0.38,11.7625,39.44,47,8.0,0.556848,random,301,1,115.3964,41.5,3.277044666666667,0.013333333333333334,0.0003198930062353611
c01_final_150_0024_bd,c01_final_150_0024,1,150,backdate,424242,0.5,150,57,0.38,11.7625,39.44,47,8.0,0.556848,v2rl301,301,1,115.3964,41.5,3.4263893333333333,0.013333333333333334,0.026934896945022047
c01_final_150_0024_bd,c01_final_150_0024,1,150,backdate,424242,0.5,150,57,0.38,11.7625,39.44,47,8.0,0.556848,v2rl302,302,1,115.3964,41.5,3.413056,0.013333333333333334,0.026635112008079886
c01_final_150_0024_bd,c01_final_150_0024,1,150,backdate,424242,0.5,150,57,0.38,11.7625,39.44,47,8.0,0.556848,v2rl303,303,1,115.3964,41.5,3.413056,0.013333333333333334,0.02645271399524063
c01_final_150_0024_bd,c01_final_150_0024,1,150,backdate,424242,0.5,150,57,0.38,11.7625,39.44,47,8.0,0.556848,v2rl304,304,1,114.0,41.1509,3.17604,0.013333333333333334,0.026323653990402818
c01_final_150_0024_bd,c01_final_150_0024,1,150,backdate,424242,0.5,150,57,0.38,11.7625,39.44,47,8.0,0.556848,v2rl305,305,1,115.3964,41.5,3.413056,0.013333333333333334,0.027317160042002797
c01_final_150_0024_bd,c01_final_150_0024,1,150,backdate,424242,0.5,150,57,0.38,11.7625,39.44,47,8.0,0.556848,v2rl306,306,1,115.3964,41.5,3.413056,0.013333333333333334,0.027160951984114945
c01_final_150_0024_bd,c01_final_150_0024,1,150,backdate,424242,0.5,150,57,0.38,11.7625,39.44,47,8.0,0.556848,v2rl307,307,1,114.0,41.1509,3.162710666666667,0.013333333333333334,0.027109754970297217
c01_final_150_0024_bd,c01_final_150_0024,1,150,backdate,424242,0.5,150,57,0.38,11.7625,39.44,47,8.0,0.556848,v2rl308,308,1,115.3964,41.5,3.393056,0.013333333333333334,0.02724238089285791
c01_final_150_0024_bd,c01_final_150_0024,1,150,backdate,424242,0.5,150,57,0.38,11.7625,39.44,47,8.0,0.556848,v2rl309,309,1,115.3964,41.5,3.413056,0.013333333333333334,0.027239265968091786
c01_final_150_0024_bd,c01_final_150_0024,1,150,backdate,424242,0.5,150,57,0.38,11.7625,39.44,47,8.0,0.556848,v2rl310,310,1,114.0,41.1509,3.325984,0.013333333333333334,0.02705261204391718
c01_final_150_0025_bd,c01_final_150_0025,1,150,backdate,424242,0.5,150,107,0.713333,8.1475,39.0234,61,12.7486,0.58026,edd,301,1,0.0,92.9417,6.606632666666668,0.0,0.0004511949373409152
c01_final_150_0025_bd,c01_final_150_0025,1,150,backdate,424242,0.5,150,107,0.713333,8.1475,39.0234,61,12.7486,0.58026,pfifo,301,1,0.0,92.9417,6.606632666666668,0.0,0.00044318404980003834
c01_final_150_0025_bd,c01_final_150_0025,1,150,backdate,424242,0.5,150,107,0.713333,8.1475,39.0234,61,12.7486,0.58026,wspt,301,1,0.0,92.9417,6.476632666666665,0.0,0.0004279480781406164
c01_final_150_0025_bd,c01_final_150_0025,1,150,backdate,424242,0.5,150,107,0.713333,8.1475,39.0234,61,12.7486,0.58026,atc,301,1,0.0,92.9417,6.483299333333332,0.0,0.0006831049686297774
c01_final_150_0025_bd,c01_final_150_0025,1,150,backdate,424242,0.5,150,107,0.713333,8.1475,39.0234,61,12.7486,0.58026,wmdd,301,1,0.0,92.9417,6.606632666666668,0.0,0.0004993600305169821
c01_final_150_0025_bd,c01_final_150_0025,1,150,backdate,424242,0.5,150,107,0.713333,8.1475,39.0234,61,12.7486,0.58026,lpt,301,1,0.0,92.9417,7.005023333333335,0.0,0.0004138860385864973
c01_final_150_0025_bd,c01_final_150_0025,1,150,backdate,424242,0.5,150,107,0.713333,8.1475,39.0234,61,12.7486,0.58026,random,301,1,0.0,92.9417,6.768783333333333,0.0,0.0003244869876652956
c01_final_150_0025_bd,c01_final_150_0025,1,150,backdate,424242,0.5,150,107,0.713333,8.1475,39.0234,61,12.7486,0.58026,v2rl301,301,1,0.0,92.9417,7.001828000000002,0.0,0.0267071349080652
c01_final_150_0025_bd,c01_final_150_0025,1,150,backdate,424242,0.5,150,107,0.713333,8.1475,39.0234,61,12.7486,0.58026,v2rl302,302,1,0.0,92.9417,6.958956,0.0,0.02652293595019728
c01_final_150_0025_bd,c01_final_150_0025,1,150,backdate,424242,0.5,150,107,0.713333,8.1475,39.0234,61,12.7486,0.58026,v2rl303,303,1,0.0,92.9417,6.9589560000000015,0.0,0.026371229090727866
c01_final_150_0025_bd,c01_final_150_0025,1,150,backdate,424242,0.5,150,107,0.713333,8.1475,39.0234,61,12.7486,0.58026,v2rl304,304,1,0.0,92.9417,6.928893333333336,0.0,0.026624321937561035
c01_final_150_0025_bd,c01_final_150_0025,1,150,backdate,424242,0.5,150,107,0.713333,8.1475,39.0234,61,12.7486,0.58026,v2rl305,305,1,0.0,92.9417,6.9589560000000015,0.0,0.027570902020670474
c01_final_150_0025_bd,c01_final_150_0025,1,150,backdate,424242,0.5,150,107,0.713333,8.1475,39.0234,61,12.7486,0.58026,v2rl306,306,1,0.0,92.9417,6.9589560000000015,0.0,0.02705686609260738
c01_final_150_0025_bd,c01_final_150_0025,1,150,backdate,424242,0.5,150,107,0.713333,8.1475,39.0234,61,12.7486,0.58026,v2rl307,307,1,0.0,92.9417,6.906632666666668,0.0,0.027116948971524835
c01_final_150_0025_bd,c01_final_150_0025,1,150,backdate,424242,0.5,150,107,0.713333,8.1475,39.0234,61,12.7486,0.58026,v2rl308,308,1,0.0,92.9417,6.888955999999999,0.0,0.027056584018282592
c01_final_150_0025_bd,c01_final_150_0025,1,150,backdate,424242,0.5,150,107,0.713333,8.1475,39.0234,61,12.7486,0.58026,v2rl309,309,1,0.0,92.9417,6.952289333333335,0.0,0.027227591956034303
c01_final_150_0025_bd,c01_final_150_0025,1,150,backdate,424242,0.5,150,107,0.713333,8.1475,39.0234,61,12.7486,0.58026,v2rl310,310,1,0.0,92.9417,6.935622666666668,0.0,0.027082553948275745
c01_final_150_0026_bd,c01_final_150_0026,1,150,backdate,424242,0.5,150,88,0.586667,9.6588,35.5681,47,13.5761,0.367511,edd,301,1,0.0,46.0,3.4951939999999997,0.0,0.0004360360326245427
c01_final_150_0026_bd,c01_final_150_0026,1,150,backdate,424242,0.5,150,88,0.586667,9.6588,35.5681,47,13.5761,0.367511,pfifo,301,1,0.0,46.0,3.4951939999999997,0.0,0.0004368399968370795
c01_final_150_0026_bd,c01_final_150_0026,1,150,backdate,424242,0.5,150,88,0.586667,9.6588,35.5681,47,13.5761,0.367511,wspt,301,1,0.0,47.0,3.457857333333334,0.0,0.0004170199390500784
c01_final_150_0026_bd,c01_final_150_0026,1,150,backdate,424242,0.5,150,88,0.586667,9.6588,35.5681,47,13.5761,0.367511,atc,301,1,0.0,46.0,3.473485333333333,0.0,0.0006391949718818069
c01_final_150_0026_bd,c01_final_150_0026,1,150,backdate,424242,0.5,150,88,0.586667,9.6588,35.5681,47,13.5761,0.367511,wmdd,301,1,0.0,46.0,3.4951939999999997,0.0,0.0004820600152015686
c01_final_150_0026_bd,c01_final_150_0026,1,150,backdate,424242,0.5,150,88,0.586667,9.6588,35.5681,47,13.5761,0.367511,lpt,301,1,0.0,46.0,3.7101493333333337,0.0,0.0003923580516129732
c01_final_150_0026_bd,c01_final_150_0026,1,150,backdate,424242,0.5,150,88,0.586667,9.6588,35.5681,47,13.5761,0.367511,random,301,1,0.0,46.0,3.4862326666666674,0.0,0.00032489700242877007
c01_final_150_0026_bd,c01_final_150_0026,1,150,backdate,424242,0.5,150,88,0.586667,9.6588,35.5681,47,13.5761,0.367511,v2rl301,301,1,0.0,46.0,3.640149333333334,0.0,0.026686831028200686
c01_final_150_0026_bd,c01_final_150_0026,1,150,backdate,424242,0.5,150,88,0.586667,9.6588,35.5681,47,13.5761,0.367511,v2rl302,302,1,0.0,46.0,3.580149333333334,0.0,0.02647085499484092
c01_final_150_0026_bd,c01_final_150_0026,1,150,backdate,424242,0.5,150,88,0.586667,9.6588,35.5681,47,13.5761,0.367511,v2rl303,303,1,0.0,46.0,3.580149333333333,0.0,0.02634396601933986
c01_final_150_0026_bd,c01_final_150_0026,1,150,backdate,424242,0.5,150,88,0.586667,9.6588,35.5681,47,13.5761,0.367511,v2rl304,304,1,0.0,46.0,3.5241966666666666,0.0,0.026596651994623244
c01_final_150_0026_bd,c01_final_150_0026,1,150,backdate,424242,0.5,150,88,0.586667,9.6588,35.5681,47,13.5761,0.367511,v2rl305,305,1,0.0,46.0,3.580149333333333,0.0,0.027427193010225892
c01_final_150_0026_bd,c01_final_150_0026,1,150,backdate,424242,0.5,150,88,0.586667,9.6588,35.5681,47,13.5761,0.367511,v2rl306,306,1,0.0,46.0,3.580149333333334,0.0,0.027097839978523552
c01_final_150_0026_bd,c01_final_150_0026,1,150,backdate,424242,0.5,150,88,0.586667,9.6588,35.5681,47,13.5761,0.367511,v2rl307,307,1,0.0,46.0,3.5241966666666666,0.0,0.027071509044617414
c01_final_150_0026_bd,c01_final_150_0026,1,150,backdate,424242,0.5,150,88,0.586667,9.6588,35.5681,47,13.5761,0.367511,v2rl308,308,1,0.0,46.0,3.561652,0.0,0.027129624038934708
c01_final_150_0026_bd,c01_final_150_0026,1,150,backdate,424242,0.5,150,88,0.586667,9.6588,35.5681,47,13.5761,0.367511,v2rl309,309,1,0.0,46.0,3.573482666666667,0.0,0.02715122897643596
c01_final_150_0026_bd,c01_final_150_0026,1,150,backdate,424242,0.5,150,88,0.586667,9.6588,35.5681,47,13.5761,0.367511,v2rl310,310,1,0.0,46.0,3.5634826666666672,0.0,0.026994312065653503
c01_final_150_0027_bd,c01_final_150_0027,1,150,backdate,424242,0.5,150,58,0.386667,10.4341,33.8376,49,8.0,0.480053,edd,301,1,0.0,17.0,2.8639966666666665,0.0,0.000457608955912292
c01_final_150_0027_bd,c01_final_150_0027,1,150,backdate,424242,0.5,150,58,0.386667,10.4341,33.8376,49,8.0,0.480053,pfifo,301,1,0.0,17.0,2.8639966666666665,0.0,0.00045947206672281027
c01_final_150_0027_bd,c01_final_150_0027,1,150,backdate,424242,0.5,150,58,0.386667,10.4341,33.8376,49,8.0,0.480053,wspt,301,1,0.0,17.0,2.7319526666666665,0.0,0.000450849998742342
c01_final_150_0027_bd,c01_final_150_0027,1,150,backdate,424242,0.5,150,58,0.386667,10.4341,33.8376,49,8.0,0.480053,atc,301,1,0.0,17.0,2.7386193333333333,0.0,0.0007492250297218561
c01_final_150_0027_bd,c01_final_150_0027,1,150,backdate,424242,0.5,150,58,0.386667,10.4341,33.8376,49,8.0,0.480053,wmdd,301,1,0.0,17.0,2.8639966666666665,0.0,0.0005512579809874296
c01_final_150_0027_bd,c01_final_150_0027,1,150,backdate,424242,0.5,150,58,0.386667,10.4341,33.8376,49,8.0,0.480053,lpt,301,1,0.0,17.0,3.035062,0.0,0.0004165609134361148
c01_final_150_0027_bd,c01_final_150_0027,1,150,backdate,424242,0.5,150,58,0.386667,10.4341,33.8376,49,8.0,0.480053,random,301,1,0.0,17.0,2.81733,0.0,0.00031194405164569616
c01_final_150_0027_bd,c01_final_150_0027,1,150,backdate,424242,0.5,150,58,0.386667,10.4341,33.8376,49,8.0,0.480053,v2rl301,301,1,0.0,17.0,3.025062,0.0,0.02726932498626411
c01_final_150_0027_bd,c01_final_150_0027,1,150,backdate,424242,0.5,150,58,0.386667,10.4341,33.8376,49,8.0,0.480053,v2rl302,302,1,0.0,17.0,3.0117286666666665,0.0,0.027017218060791492
c01_final_150_0027_bd,c01_final_150_0027,1,150,backdate,424242,0.5,150,58,0.386667,10.4341,33.8376,49,8.0,0.480053,v2rl303,303,1,0.0,17.0,3.0117286666666665,0.0,0.02701924997381866
c01_final_150_0027_bd,c01_final_150_0027,1,150,backdate,424242,0.5,150,58,0.386667,10.4341,33.8376,49,8.0,0.480053,v2rl304,304,1,0.0,17.0,2.7452859999999997,0.0,0.02777188702020794
c01_final_150_0027_bd,c01_final_150_0027,1,150,backdate,424242,0.5,150,58,0.386667,10.4341,33.8376,49,8.0,0.480053,v2rl305,305,1,0.0,17.0,3.0117286666666665,0.0,0.027715598000213504
c01_final_150_0027_bd,c01_final_150_0027,1,150,backdate,424242,0.5,150,58,0.386667,10.4341,33.8376,49,8.0,0.480053,v2rl306,306,1,0.0,17.0,3.0117286666666665,0.0,0.02775002596899867
c01_final_150_0027_bd,c01_final_150_0027,1,150,backdate,424242,0.5,150,58,0.386667,10.4341,33.8376,49,8.0,0.480053,v2rl307,307,1,0.0,17.0,2.7452859999999997,0.0,0.02770545904058963
c01_final_150_0027_bd,c01_final_150_0027,1,150,backdate,424242,0.5,150,58,0.386667,10.4341,33.8376,49,8.0,0.480053,v2rl308,308,1,0.0,17.0,2.915062,0.0,0.02765555400401354
c01_final_150_0027_bd,c01_final_150_0027,1,150,backdate,424242,0.5,150,58,0.386667,10.4341,33.8376,49,8.0,0.480053,v2rl309,309,1,0.0,17.0,3.0117286666666665,0.0,0.02775848109740764
c01_final_150_0027_bd,c01_final_150_0027,1,150,backdate,424242,0.5,150,58,0.386667,10.4341,33.8376,49,8.0,0.480053,v2rl310,310,1,0.0,17.0,2.853018,0.0,0.027610288001596928
c01_final_150_0028_bd,c01_final_150_0028,1,150,backdate,424242,0.5,150,56,0.373333,10.5573,39.1713,44,8.0,0.725039,edd,301,1,0.0,92.5806,4.984519333333333,0.0,0.0004733259556815028
c01_final_150_0028_bd,c01_final_150_0028,1,150,backdate,424242,0.5,150,56,0.373333,10.5573,39.1713,44,8.0,0.725039,pfifo,301,1,0.0,92.5806,4.984519333333333,0.0,0.00048189901281148195
c01_final_150_0028_bd,c01_final_150_0028,1,150,backdate,424242,0.5,150,56,0.373333,10.5573,39.1713,44,8.0,0.725039,wspt,301,1,0.0,92.5806,4.662124,0.0,0.00045720196794718504
c01_final_150_0028_bd,c01_final_150_0028,1,150,backdate,424242,0.5,150,56,0.373333,10.5573,39.1713,44,8.0,0.725039,atc,301,1,0.0,92.5806,4.688790666666667,0.0,0.0007577030919492245
c01_final_150_0028_bd,c01_final_150_0028,1,150,backdate,424242,0.5,150,56,0.373333,10.5573,39.1713,44,8.0,0.725039,wmdd,301,1,0.0,92.5806,4.984519333333333,0.0,0.0005464550340548158
c01_final_150_0028_bd,c01_final_150_0028,1,150,backdate,424242,0.5,150,56,0.373333,10.5573,39.1713,44,8.0,0.725039,lpt,301,1,0.0,92.5806,5.341186,0.0,0.0004207529127597809
c01_final_150_0028_bd,c01_final_150_0028,1,150,backdate,424242,0.5,150,56,0.373333,10.5573,39.1713,44,8.0,0.725039,random,301,1,0.0,92.5806,4.912124,0.0,0.00031639193184673786
c01_final_150_0028_bd,c01_final_150_0028,1,150,backdate,424242,0.5,150,56,0.373333,10.5573,39.1713,44,8.0,0.725039,v2rl301,301,1,0.0,92.5806,5.281186000000001,0.0,0.02728956495411694
c01_final_150_0028_bd,c01_final_150_0028,1,150,backdate,424242,0.5,150,56,0.373333,10.5573,39.1713,44,8.0,0.725039,v2rl302,302,1,0.0,92.5806,5.281186000000001,0.0,0.027013254933990538
c01_final_150_0028_bd,c01_final_150_0028,1,150,backdate,424242,0.5,150,56,0.373333,10.5573,39.1713,44,8.0,0.725039,v2rl303,303,1,0.0,92.5806,5.281186000000001,0.0,0.02695578895509243
c01_final_150_0028_bd,c01_final_150_0028,1,150,backdate,424242,0.5,150,56,0.373333,10.5573,39.1713,44,8.0,0.725039,v2rl304,304,1,0.0,92.5806,4.9921240000000004,0.0,0.02776206796988845
c01_final_150_0028_bd,c01_final_150_0028,1,150,backdate,424242,0.5,150,56,0.373333,10.5573,39.1713,44,8.0,0.725039,v2rl305,305,1,0.0,92.5806,5.281186000000001,0.0,0.027724424959160388
c01_final_150_0028_bd,c01_final_150_0028,1,150,backdate,424242,0.5,150,56,0.373333,10.5573,39.1713,44,8.0,0.725039,v2rl306,306,1,0.0,92.5806,5.281186000000001,0.0,0.027741818921640515
c01_final_150_0028_bd,c01_final_150_0028,1,150,backdate,424242,0.5,150,56,0.373333,10.5573,39.1713,44,8.0,0.725039,v2rl307,307,1,0.0,92.5806,4.942124000000001,0.0,0.02769573696423322
c01_final_150_0028_bd,c01_final_150_0028,1,150,backdate,424242,0.5,150,56,0.373333,10.5573,39.1713,44,8.0,0.725039,v2rl308,308,1,0.0,92.5806,5.094519333333333,0.0,0.0276441159658134
c01_final_150_0028_bd,c01_final_150_0028,1,150,backdate,424242,0.5,150,56,0.373333,10.5573,39.1713,44,8.0,0.725039,v2rl309,309,1,0.0,92.5806,5.264519333333333,0.0,0.027765064034610987
c01_final_150_0028_bd,c01_final_150_0028,1,150,backdate,424242,0.5,150,56,0.373333,10.5573,39.1713,44,8.0,0.725039,v2rl310,310,1,0.0,92.5806,5.185457333333334,0.0,0.027602860936895013
c01_final_150_0029_bd,c01_final_150_0029,1,150,backdate,424242,0.5,150,92,0.613333,10.6717,44.7279,63,11.2108,0.541712,edd,301,1,154.0,91.1537,4.5525953333333335,0.013333333333333334,0.00046783790457993746
c01_final_150_0029_bd,c01_final_150_0029,1,150,backdate,424242,0.5,150,92,0.613333,10.6717,44.7279,63,11.2108,0.541712,pfifo,301,1,154.0,91.1537,4.5525953333333335,0.013333333333333334,0.00045324303209781647
c01_final_150_0029_bd,c01_final_150_0029,1,150,backdate,424242,0.5,150,92,0.613333,10.6717,44.7279,63,11.2108,0.541712,wspt,301,1,162.0,91.1537,4.367756666666667,0.013333333333333334,0.0004413690185174346
c01_final_150_0029_bd,c01_final_150_0029,1,150,backdate,424242,0.5,150,92,0.613333,10.6717,44.7279,63,11.2108,0.541712,atc,301,1,154.0,91.1537,4.416442,0.013333333333333334,0.0007260789861902595
c01_final_150_0029_bd,c01_final_150_0029,1,150,backdate,424242,0.5,150,92,0.613333,10.6717,44.7279,63,11.2108,0.541712,wmdd,301,1,154.0,91.1537,4.5525953333333335,0.013333333333333334,0.0005475189536809921
c01_final_150_0029_bd,c01_final_150_0029,1,150,backdate,424242,0.5,150,92,0.613333,10.6717,44.7279,63,11.2108,0.541712,lpt,301,1,154.0,91.1537,5.016464666666667,0.013333333333333334,0.00041854195296764374
c01_final_150_0029_bd,c01_final_150_0029,1,150,backdate,424242,0.5,150,92,0.613333,10.6717,44.7279,63,11.2108,0.541712,random,301,1,154.0,91.1537,4.557314,0.013333333333333334,0.0003149299882352352
c01_final_150_0029_bd,c01_final_150_0029,1,150,backdate,424242,0.5,150,92,0.613333,10.6717,44.7279,63,11.2108,0.541712,v2rl301,301,1,154.0,91.1537,4.699262,0.013333333333333334,0.027395971002988517
c01_final_150_0029_bd,c01_final_150_0029,1,150,backdate,424242,0.5,150,92,0.613333,10.6717,44.7279,63,11.2108,0.541712,v2rl302,302,1,154.0,91.1537,4.668819333333333,0.013333333333333334,0.027189198997803032
c01_final_150_0029_bd,c01_final_150_0029,1,150,backdate,424242,0.5,150,92,0.613333,10.6717,44.7279,63,11.2108,0.541712,v2rl303,303,1,154.0,91.1537,4.668819333333333,0.013333333333333334,0.027073529898189008
c01_final_150_0029_bd,c01_final_150_0029,1,150,backdate,424242,0.5,150,92,0.613333,10.6717,44.7279,63,11.2108,0.541712,v2rl304,304,1,154.0,91.1537,4.490838,0.013333333333333334,0.02785059902817011
c01_final_150_0029_bd,c01_final_150_0029,1,150,backdate,424242,0.5,150,92,0.613333,10.6717,44.7279,63,11.2108,0.541712,v2rl305,305,1,154.0,91.1537,4.668819333333333,0.013333333333333334,0.027890673954971135
c01_final_150_0029_bd,c01_final_150_0029,1,150,backdate,424242,0.5,150,92,0.613333,10.6717,44.7279,63,11.2108,0.541712,v2rl306,306,1,154.0,91.1537,4.668819333333333,0.013333333333333334,0.027825213968753815
c01_final_150_0029_bd,c01_final_150_0029,1,150,backdate,424242,0.5,150,92,0.613333,10.6717,44.7279,63,11.2108,0.541712,v2rl307,307,1,154.0,91.1537,4.457504666666667,0.013333333333333334,0.02782951993867755
c01_final_150_0029_bd,c01_final_150_0029,1,150,backdate,424242,0.5,150,92,0.613333,10.6717,44.7279,63,11.2108,0.541712,v2rl308,308,1,154.0,91.1537,4.635486,0.013333333333333334,0.027864545001648366
c01_final_150_0029_bd,c01_final_150_0029,1,150,backdate,424242,0.5,150,92,0.613333,10.6717,44.7279,63,11.2108,0.541712,v2rl309,309,1,154.0,91.1537,4.668819333333333,0.013333333333333334,0.02772321505472064
c01_final_150_0029_bd,c01_final_150_0029,1,150,backdate,424242,0.5,150,92,0.613333,10.6717,44.7279,63,11.2108,0.541712,v2rl310,310,1,154.0,91.1537,4.557504666666667,0.013333333333333334,0.027573214028961957
c02_final_150_0000_bd,c02_final_150_0000,2,150,backdate,424242,0.5,150,134,0.893333,10.3146,39.8182,54,27.7333,0.966328,edd,301,1,1483.7638000000002,108.7548,9.922538,0.05333333333333334,0.00044124003034085035
c02_final_150_0000_bd,c02_final_150_0000,2,150,backdate,424242,0.5,150,134,0.893333,10.3146,39.8182,54,27.7333,0.966328,pfifo,301,1,1483.7638000000002,108.7548,9.922538,0.05333333333333334,0.00040569796692579985
c02_final_150_0000_bd,c02_final_150_0000,2,150,backdate,424242,0.5,150,134,0.893333,10.3146,39.8182,54,27.7333,0.966328,wspt,301,1,1569.3372,108.5073,8.326912666666667,0.06,0.0004033308941870928
c02_final_150_0000_bd,c02_final_150_0000,2,150,backdate,424242,0.5,150,134,0.893333,10.3146,39.8182,54,27.7333,0.966328,atc,301,1,1565.4121999999998,108.9448,8.808133333333334,0.06,0.0006170929409563541
c02_final_150_0000_bd,c02_final_150_0000,2,150,backdate,424242,0.5,150,134,0.893333,10.3146,39.8182,54,27.7333,0.966328,wmdd,301,1,1565.1238,108.7548,9.456202000000001,0.05333333333333334,0.0004859849577769637
c02_final_150_0000_bd,c02_final_150_0000,2,150,backdate,424242,0.5,150,134,0.893333,10.3146,39.8182,54,27.7333,0.966328,lpt,301,1,1634.1349999999998,108.6948,13.301026666666667,0.10666666666666667,0.00043176196049898863
c02_final_150_0000_bd,c02_final_150_0000,2,150,backdate,424242,0.5,150,134,0.893333,10.3146,39.8182,54,27.7333,0.966328,random,301,1,1566.9826000000003,108.8648,9.607144666666667,0.06,0.0003250549780204892
c02_final_150_0000_bd,c02_final_150_0000,2,150,backdate,424242,0.5,150,134,0.893333,10.3146,39.8182,54,27.7333,0.966328,v2rl301,301,1,1486.9741999999999,108.7748,11.672086,0.05333333333333334,0.028217665036208928
c02_final_150_0000_bd,c02_final_150_0000,2,150,backdate,424242,0.5,150,134,0.893333,10.3146,39.8182,54,27.7333,0.966328,v2rl302,302,1,1486.7541999999999,108.8648,11.132352666666666,0.05333333333333334,0.027963432017713785
c02_final_150_0000_bd,c02_final_150_0000,2,150,backdate,424242,0.5,150,134,0.893333,10.3146,39.8182,54,27.7333,0.966328,v2rl303,303,1,1486.7541999999999,108.8648,11.155619333333334,0.05333333333333334,0.027927999035455287
c02_final_150_0000_bd,c02_final_150_0000,2,150,backdate,424242,0.5,150,134,0.893333,10.3146,39.8182,54,27.7333,0.966328,v2rl304,304,1,1486.5037999999997,109.6848,9.808412000000002,0.05333333333333334,0.02845735102891922
c02_final_150_0000_bd,c02_final_150_0000,2,150,backdate,424242,0.5,150,134,0.893333,10.3146,39.8182,54,27.7333,0.966328,v2rl305,305,1,1482.0141999999998,108.6148,10.933285999999999,0.05333333333333334,0.02856681600678712
c02_final_150_0000_bd,c02_final_150_0000,2,150,backdate,424242,0.5,150,134,0.893333,10.3146,39.8182,54,27.7333,0.966328,v2rl306,306,1,1483.7142,108.8648,11.175886,0.05333333333333334,0.028625814942643046
c02_final_150_0000_bd,c02_final_150_0000,2,150,backdate,424242,0.5,150,134,0.893333,10.3146,39.8182,54,27.7333,0.966328,v2rl307,307,1,1481.2038,108.7148,9.476745333333335,0.05333333333333334,0.028168029966764152
c02_final_150_0000_bd,c02_final_150_0000,2,150,backdate,424242,0.5,150,134,0.893333,10.3146,39.8182,54,27.7333,0.966328,v2rl308,308,1,1482.2638,109.3648,10.243412000000001,0.05333333333333334,0.028489544987678528
c02_final_150_0000_bd,c02_final_150_0000,2,150,backdate,424242,0.5,150,134,0.893333,10.3146,39.8182,54,27.7333,0.966328,v2rl309,309,1,1505.9141999999997,108.5648,10.592626666666666,0.05333333333333334,0.02835250599309802
c02_final_150_0000_bd,c02_final_150_0000,2,150,backdate,424242,0.5,150,134,0.893333,10.3146,39.8182,54,27.7333,0.966328,v2rl310,310,1,1487.2541999999999,108.5948,10.562444,0.05333333333333334,0.02834059891756624
c02_final_150_0001_bd,c02_final_150_0001,2,150,backdate,424242,0.5,150,124,0.826667,11.2915,38.1657,51,31.9333,1.135907,edd,301,1,849.4315999999999,127.3748,11.596264666666666,0.08,0.00042344501707702875
c02_final_150_0001_bd,c02_final_150_0001,2,150,backdate,424242,0.5,150,124,0.826667,11.2915,38.1657,51,31.9333,1.135907,pfifo,301,1,849.4315999999999,127.3748,11.596264666666666,0.08,0.0003986359806731343
c02_final_150_0001_bd,c02_final_150_0001,2,150,backdate,424242,0.5,150,124,0.826667,11.2915,38.1657,51,31.9333,1.135907,wspt,301,1,924.9916,129.53480000000002,10.805102666666667,0.08,0.00038260803557932377
c02_final_150_0001_bd,c02_final_150_0001,2,150,backdate,424242,0.5,150,124,0.826667,11.2915,38.1657,51,31.9333,1.135907,atc,301,1,905.0316,122.5548,10.920755999999999,0.08,0.0005357560003176332
c02_final_150_0001_bd,c02_final_150_0001,2,150,backdate,424242,0.5,150,124,0.826667,11.2915,38.1657,51,31.9333,1.135907,wmdd,301,1,874.9316000000001,123.82480000000001,11.314998000000001,0.08,0.00042535504326224327
c02_final_150_0001_bd,c02_final_150_0001,2,150,backdate,424242,0.5,150,124,0.826667,11.2915,38.1657,51,31.9333,1.135907,lpt,301,1,2182.8256,116.2454,21.37383866666667,0.19333333333333333,0.0003718340303748846
c02_final_150_0001_bd,c02_final_150_0001,2,150,backdate,424242,0.5,150,124,0.826667,11.2915,38.1657,51,31.9333,1.135907,random,301,1,1517.1951999999997,116.2454,14.869928666666668,0.12666666666666668,0.00032416090834885836
c02_final_150_0001_bd,c02_final_150_0001,2,150,backdate,424242,0.5,150,124,0.826667,11.2915,38.1657,51,31.9333,1.135907,v2rl301,301,1,981.8095999999999,125.0348,18.714782666666668,0.16,0.027508027967996895
c02_final_150_0001_bd,c02_final_150_0001,2,150,backdate,424242,0.5,150,124,0.826667,11.2915,38.1657,51,31.9333,1.135907,v2rl302,302,1,819.148,142.6748,15.140759333333335,0.09333333333333334,0.027068612980656326
c02_final_150_0001_bd,c02_final_150_0001,2,150,backdate,424242,0.5,150,124,0.826667,11.2915,38.1657,51,31.9333,1.135907,v2rl303,303,1,1721.4463999999994,122.5548,19.400719333333335,0.17333333333333334,0.026980465045198798
c02_final_150_0001_bd,c02_final_150_0001,2,150,backdate,424242,0.5,150,124,0.826667,11.2915,38.1657,51,31.9333,1.135907,v2rl304,304,1,805.7516,144.0148,13.532663333333334,0.08,0.027797403978183866
c02_final_150_0001_bd,c02_final_150_0001,2,150,backdate,424242,0.5,150,124,0.826667,11.2915,38.1657,51,31.9333,1.135907,v2rl305,305,1,1018.9223999999997,125.0348,18.450321999999996,0.17333333333333334,0.027914003934711218
c02_final_150_0001_bd,c02_final_150_0001,2,150,backdate,424242,0.5,150,124,0.826667,11.2915,38.1657,51,31.9333,1.135907,v2rl306,306,1,820.148,141.6748,15.857626,0.09333333333333334,0.027852221042849123
c02_final_150_0001_bd,c02_final_150_0001,2,150,backdate,424242,0.5,150,124,0.826667,11.2915,38.1657,51,31.9333,1.135907,v2rl307,307,1,800.5056000000001,144.0148,13.638439333333336,0.07333333333333333,0.027780691976659
c02_final_150_0001_bd,c02_final_150_0001,2,150,backdate,424242,0.5,150,124,0.826667,11.2915,38.1657,51,31.9333,1.135907,v2rl308,308,1,911.2095999999997,124.82480000000001,17.123381333333334,0.14666666666666667,0.02794941293541342
c02_final_150_0001_bd,c02_final_150_0001,2,150,backdate,424242,0.5,150,124,0.826667,11.2915,38.1657,51,31.9333,1.135907,v2rl309,309,1,831.1056,142.6648,11.968692666666666,0.07333333333333333,0.027485238038934767
c02_final_150_0001_bd,c02_final_150_0001,2,150,backdate,424242,0.5,150,124,0.826667,11.2915,38.1657,51,31.9333,1.135907,v2rl310,310,1,803.9916000000001,141.46480000000003,14.622059333333333,0.08,0.027745614992454648
c02_final_150_0002_bd,c02_final_150_0002,2,150,backdate,424242,0.5,150,137,0.913333,12.4166,39.8666,50,32.2833,0.785117,edd,301,1,806.8543999999999,105.2843,7.178863333333334,0.07333333333333333,0.0003962250193580985
c02_final_150_0002_bd,c02_final_150_0002,2,150,backdate,424242,0.5,150,137,0.913333,12.4166,39.8666,50,32.2833,0.785117,pfifo,301,1,806.8543999999999,105.2843,7.178863333333334,0.07333333333333333,0.00037475302815437317
c02_final_150_0002_bd,c02_final_150_0002,2,150,backdate,424242,0.5,150,137,0.913333,12.4166,39.8666,50,32.2833,0.785117,wspt,301,1,838.6944,105.2843,6.890884666666667,0.07333333333333333,0.00036647694651037455
c02_final_150_0002_bd,c02_final_150_0002,2,150,backdate,424242,0.5,150,137,0.913333,12.4166,39.8666,50,32.2833,0.785117,atc,301,1,810.6944,105.2843,6.972591333333333,0.07333333333333333,0.00050644192378968
c02_final_150_0002_bd,c02_final_150_0002,2,150,backdate,424242,0.5,150,137,0.913333,12.4166,39.8666,50,32.2833,0.785117,wmdd,301,1,843.8095999999999,105.2843,7.151974,0.07333333333333333,0.0003996369196102023
c02_final_150_0002_bd,c02_final_150_0002,2,150,backdate,424242,0.5,150,137,0.913333,12.4166,39.8666,50,32.2833,0.785117,lpt,301,1,808.3743999999999,105.2843,8.493694,0.07333333333333333,0.0003755739890038967
c02_final_150_0002_bd,c02_final_150_0002,2,150,backdate,424242,0.5,150,137,0.913333,12.4166,39.8666,50,32.2833,0.785117,random,301,1,857.8144,105.2843,7.480660666666668,0.07333333333333333,0.00031773000955581665
c02_final_150_0002_bd,c02_final_150_0002,2,150,backdate,424242,0.5,150,137,0.913333,12.4166,39.8666,50,32.2833,0.785117,v2rl301,301,1,809.3743999999999,105.2843,7.952735333333333,0.07333333333333333,0.02690203709062189
c02_final_150_0002_bd,c02_final_150_0002,2,150,backdate,424242,0.5,150,137,0.913333,12.4166,39.8666,50,32.2833,0.785117,v2rl302,302,1,806.2532,105.3,7.611872666666668,0.07333333333333333,0.0265088879968971
c02_final_150_0002_bd,c02_final_150_0002,2,150,backdate,424242,0.5,150,137,0.913333,12.4166,39.8666,50,32.2833,0.785117,v2rl303,303,1,806.2532,105.3,7.621272666666667,0.07333333333333333,0.026585067040286958
c02_final_150_0002_bd,c02_final_150_0002,2,150,backdate,424242,0.5,150,137,0.913333,12.4166,39.8666,50,32.2833,0.785117,v2rl304,304,1,811.3172,105.77,7.3282653333333325,0.07333333333333333,0.02727970597334206
c02_final_150_0002_bd,c02_final_150_0002,2,150,backdate,424242,0.5,150,137,0.913333,12.4166,39.8666,50,32.2833,0.785117,v2rl305,305,1,808.5332,105.87,7.577798,0.07333333333333333,0.027185940998606384
c02_final_150_0002_bd,c02_final_150_0002,2,150,backdate,424242,0.5,150,137,0.913333,12.4166,39.8666,50,32.2833,0.785117,v2rl306,306,1,808.5332,105.87,7.589598,0.07333333333333333,0.027167591964825988
c02_final_150_0002_bd,c02_final_150_0002,2,150,backdate,424242,0.5,150,137,0.913333,12.4166,39.8666,50,32.2833,0.785117,v2rl307,307,1,807.4599999999999,105.6017,7.370463999999998,0.07333333333333333,0.027011377038434148
c02_final_150_0002_bd,c02_final_150_0002,2,150,backdate,424242,0.5,150,137,0.913333,12.4166,39.8666,50,32.2833,0.785117,v2rl308,308,1,807.5731999999999,105.63,7.407770666666665,0.07333333333333333,0.027165628038346767
c02_final_150_0002_bd,c02_final_150_0002,2,150,backdate,424242,0.5,150,137,0.913333,12.4166,39.8666,50,32.2833,0.785117,v2rl309,309,1,837.3503999999999,105.2843,7.272224,0.07333333333333333,0.026830553077161312
c02_final_150_0002_bd,c02_final_150_0002,2,150,backdate,424242,0.5,150,137,0.913333,12.4166,39.8666,50,32.2833,0.785117,v2rl310,310,1,806.2532,105.3,7.472557333333334,0.07333333333333333,0.027012362028472126
c02_final_150_0003_bd,c02_final_150_0003,2,150,backdate,424242,0.5,150,38,0.253333,15.8435,39.9922,35,6.7,2.294735,edd,301,1,182.52960000000002,91.1981,10.033718666666667,0.013333333333333334,0.0004793730331584811
c02_final_150_0003_bd,c02_final_150_0003,2,150,backdate,424242,0.5,150,38,0.253333,15.8435,39.9922,35,6.7,2.294735,pfifo,301,1,182.52960000000002,91.1981,10.033718666666667,0.013333333333333334,0.0004747379571199417
c02_final_150_0003_bd,c02_final_150_0003,2,150,backdate,424242,0.5,150,38,0.253333,15.8435,39.9922,35,6.7,2.294735,wspt,301,1,192.52960000000002,95.8648,8.485651333333333,0.013333333333333334,0.0005132980877533555
c02_final_150_0003_bd,c02_final_150_0003,2,150,backdate,424242,0.5,150,38,0.253333,15.8435,39.9922,35,6.7,2.294735,atc,301,1,192.52960000000002,95.8648,10.037672666666667,0.013333333333333334,0.0009442080045118928
c02_final_150_0003_bd,c02_final_150_0003,2,150,backdate,424242,0.5,150,38,0.253333,15.8435,39.9922,35,6.7,2.294735,wmdd,301,1,192.52960000000002,95.8648,10.005718666666667,0.013333333333333334,0.0006305250572040677
c02_final_150_0003_bd,c02_final_150_0003,2,150,backdate,424242,0.5,150,38,0.253333,15.8435,39.9922,35,6.7,2.294735,lpt,301,1,182.52960000000002,91.1981,12.031720000000002,0.013333333333333334,0.00045922095887362957
c02_final_150_0003_bd,c02_final_150_0003,2,150,backdate,424242,0.5,150,38,0.253333,15.8435,39.9922,35,6.7,2.294735,random,301,1,182.52960000000002,91.1981,10.220827333333334,0.013333333333333334,0.0002949509071186185
c02_final_150_0003_bd,c02_final_150_0003,2,150,backdate,424242,0.5,150,38,0.253333,15.8435,39.9922,35,6.7,2.294735,v2rl301,301,1,182.52960000000002,91.1981,12.028386666666666,0.013333333333333334,0.028699396993033588
c02_final_150_0003_bd,c02_final_150_0003,2,150,backdate,424242,0.5,150,38,0.253333,15.8435,39.9922,35,6.7,2.294735,v2rl302,302,1,182.52960000000002,91.1981,12.031720000000002,0.013333333333333334,0.028391289990395308
c02_final_150_0003_bd,c02_final_150_0003,2,150,backdate,424242,0.5,150,38,0.253333,15.8435,39.9922,35,6.7,2.294735,v2rl303,303,1,182.52960000000002,91.1981,12.03172,0.013333333333333334,0.028511664015240967
c02_final_150_0003_bd,c02_final_150_0003,2,150,backdate,424242,0.5,150,38,0.253333,15.8435,39.9922,35,6.7,2.294735,v2rl304,304,1,182.52960000000002,91.1981,10.696961333333334,0.013333333333333334,0.029622468049637973
c02_final_150_0003_bd,c02_final_150_0003,2,150,backdate,424242,0.5,150,38,0.253333,15.8435,39.9922,35,6.7,2.294735,v2rl305,305,1,182.52960000000002,91.1981,12.031719999999998,0.013333333333333334,0.02914188802242279
c02_final_150_0003_bd,c02_final_150_0003,2,150,backdate,424242,0.5,150,38,0.253333,15.8435,39.9922,35,6.7,2.294735,v2rl306,306,1,182.52960000000002,91.1981,12.031720000000002,0.013333333333333334,0.029278754023835063
c02_final_150_0003_bd,c02_final_150_0003,2,150,backdate,424242,0.5,150,38,0.253333,15.8435,39.9922,35,6.7,2.294735,v2rl307,307,1,182.52960000000002,91.1981,11.288828666666667,0.013333333333333334,0.02913954295217991
c02_final_150_0003_bd,c02_final_150_0003,2,150,backdate,424242,0.5,150,38,0.253333,15.8435,39.9922,35,6.7,2.294735,v2rl308,308,1,182.52960000000002,91.1981,11.96074,0.013333333333333334,0.029277605935931206
c02_final_150_0003_bd,c02_final_150_0003,2,150,backdate,424242,0.5,150,38,0.253333,15.8435,39.9922,35,6.7,2.294735,v2rl309,309,1,182.52960000000002,91.1981,11.652231333333335,0.013333333333333334,0.029094700003042817
c02_final_150_0003_bd,c02_final_150_0003,2,150,backdate,424242,0.5,150,38,0.253333,15.8435,39.9922,35,6.7,2.294735,v2rl310,310,1,182.52960000000002,91.1981,11.489428666666667,0.013333333333333334,0.02870621404144913
c02_final_150_0004_bd,c02_final_150_0004,2,150,backdate,424242,0.5,150,38,0.253333,10.6598,37.3197,29,6.05,2.902672,edd,301,1,604.912,93.6114,7.997778000000001,0.03333333333333333,0.00046832102816551924
c02_final_150_0004_bd,c02_final_150_0004,2,150,backdate,424242,0.5,150,38,0.253333,10.6598,37.3197,29,6.05,2.902672,pfifo,301,1,604.912,93.6114,7.997778000000001,0.03333333333333333,0.00045903201680630445
c02_final_150_0004_bd,c02_final_150_0004,2,150,backdate,424242,0.5,150,38,0.253333,10.6598,37.3197,29,6.05,2.902672,wspt,301,1,606.352,93.6114,7.256844666666666,0.03333333333333333,0.0004940290236845613
c02_final_150_0004_bd,c02_final_150_0004,2,150,backdate,424242,0.5,150,38,0.253333,10.6598,37.3197,29,6.05,2.902672,atc,301,1,604.912,93.6114,7.528711333333334,0.03333333333333333,0.00088817800860852
c02_final_150_0004_bd,c02_final_150_0004,2,150,backdate,424242,0.5,150,38,0.253333,10.6598,37.3197,29,6.05,2.902672,wmdd,301,1,604.912,93.6114,7.997778000000001,0.03333333333333333,0.0006012849044054747
c02_final_150_0004_bd,c02_final_150_0004,2,150,backdate,424242,0.5,150,38,0.253333,10.6598,37.3197,29,6.05,2.902672,lpt,301,1,604.912,93.6114,9.835264666666665,0.03333333333333333,0.0004674930823966861
c02_final_150_0004_bd,c02_final_150_0004,2,150,backdate,424242,0.5,150,38,0.253333,10.6598,37.3197,29,6.05,2.902672,random,301,1,610.912,93.6114,8.154488,0.03333333333333333,0.00030441791750490665
c02_final_150_0004_bd,c02_final_150_0004,2,150,backdate,424242,0.5,150,38,0.253333,10.6598,37.3197,29,6.05,2.902672,v2rl301,301,1,604.912,93.6114,9.827598,0.03333333333333333,0.02873414196074009
c02_final_150_0004_bd,c02_final_150_0004,2,150,backdate,424242,0.5,150,38,0.253333,10.6598,37.3197,29,6.05,2.902672,v2rl302,302,1,604.912,93.6114,9.812264666666666,0.03333333333333333,0.02829580008983612
c02_final_150_0004_bd,c02_final_150_0004,2,150,backdate,424242,0.5,150,38,0.253333,10.6598,37.3197,29,6.05,2.902672,v2rl303,303,1,604.912,93.6114,9.795198000000001,0.03333333333333333,0.028385848039761186
c02_final_150_0004_bd,c02_final_150_0004,2,150,backdate,424242,0.5,150,38,0.253333,10.6598,37.3197,29,6.05,2.902672,v2rl304,304,1,604.912,93.6114,7.709510666666668,0.03333333333333333,0.029459812911227345
c02_final_150_0004_bd,c02_final_150_0004,2,150,backdate,424242,0.5,150,38,0.253333,10.6598,37.3197,29,6.05,2.902672,v2rl305,305,1,604.912,93.6114,9.812264666666666,0.03333333333333333,0.029115815996192396
c02_final_150_0004_bd,c02_final_150_0004,2,150,backdate,424242,0.5,150,38,0.253333,10.6598,37.3197,29,6.05,2.902672,v2rl306,306,1,604.912,93.6114,9.812264666666666,0.03333333333333333,0.029233929002657533
c02_final_150_0004_bd,c02_final_150_0004,2,150,backdate,424242,0.5,150,38,0.253333,10.6598,37.3197,29,6.05,2.902672,v2rl307,307,1,604.912,93.6114,7.519887999999998,0.03333333333333333,0.029068819945678115
c02_final_150_0004_bd,c02_final_150_0004,2,150,backdate,424242,0.5,150,38,0.253333,10.6598,37.3197,29,6.05,2.902672,v2rl308,308,1,604.912,93.6114,9.547086666666667,0.03333333333333333,0.029211717075668275
c02_final_150_0004_bd,c02_final_150_0004,2,150,backdate,424242,0.5,150,38,0.253333,10.6598,37.3197,29,6.05,2.902672,v2rl309,309,1,604.912,93.6114,9.819198,0.03333333333333333,0.029141749953851104
c02_final_150_0004_bd,c02_final_150_0004,2,150,backdate,424242,0.5,150,38,0.253333,10.6598,37.3197,29,6.05,2.902672,v2rl310,310,1,604.912,93.6114,9.183754666666667,0.03333333333333333,0.028793266974389553
c02_final_150_0005_bd,c02_final_150_0005,2,150,backdate,424242,0.5,150,56,0.373333,13.3718,37.299,37,13.4833,0.94944,edd,301,1,6.040000000000006,49.0,4.821244666666667,0.006666666666666667,0.00044440897181630135
c02_final_150_0005_bd,c02_final_150_0005,2,150,backdate,424242,0.5,150,56,0.373333,13.3718,37.299,37,13.4833,0.94944,pfifo,301,1,6.040000000000006,49.0,4.821244666666667,0.006666666666666667,0.0004102109232917428
c02_final_150_0005_bd,c02_final_150_0005,2,150,backdate,424242,0.5,150,56,0.373333,13.3718,37.299,37,13.4833,0.94944,wspt,301,1,14.16000000000001,54.15,4.213496666666668,0.006666666666666667,0.00042566191405057907
c02_final_150_0005_bd,c02_final_150_0005,2,150,backdate,424242,0.5,150,56,0.373333,13.3718,37.299,37,13.4833,0.94944,atc,301,1,6.040000000000006,54.15,4.243763333333333,0.006666666666666667,0.0006828689947724342
c02_final_150_0005_bd,c02_final_150_0005,2,150,backdate,424242,0.5,150,56,0.373333,13.3718,37.299,37,13.4833,0.94944,wmdd,301,1,6.040000000000006,49.0,4.821244666666667,0.006666666666666667,0.0004934569587931037
c02_final_150_0005_bd,c02_final_150_0005,2,150,backdate,424242,0.5,150,56,0.373333,13.3718,37.299,37,13.4833,0.94944,lpt,301,1,6.040000000000006,49.0,5.870889999999999,0.006666666666666667,0.00040099292527884245
c02_final_150_0005_bd,c02_final_150_0005,2,150,backdate,424242,0.5,150,56,0.373333,13.3718,37.299,37,13.4833,0.94944,random,301,1,6.720000000000013,49.0,4.695755999999999,0.013333333333333334,0.0003076130524277687
c02_final_150_0005_bd,c02_final_150_0005,2,150,backdate,424242,0.5,150,56,0.373333,13.3718,37.299,37,13.4833,0.94944,v2rl301,301,1,6.040000000000006,49.0,5.7750233333333325,0.006666666666666667,0.027499389951117337
c02_final_150_0005_bd,c02_final_150_0005,2,150,backdate,424242,0.5,150,56,0.373333,13.3718,37.299,37,13.4833,0.94944,v2rl302,302,1,6.040000000000006,49.0,5.531756666666666,0.006666666666666667,0.02717115404084325
c02_final_150_0005_bd,c02_final_150_0005,2,150,backdate,424242,0.5,150,56,0.373333,13.3718,37.299,37,13.4833,0.94944,v2rl303,303,1,6.040000000000006,49.0,5.531756666666666,0.006666666666666667,0.027986628003418446
c02_final_150_0005_bd,c02_final_150_0005,2,150,backdate,424242,0.5,150,56,0.373333,13.3718,37.299,37,13.4833,0.94944,v2rl304,304,1,6.040000000000006,49.0,4.578274666666666,0.006666666666666667,0.027763440972194076
c02_final_150_0005_bd,c02_final_150_0005,2,150,backdate,424242,0.5,150,56,0.373333,13.3718,37.299,37,13.4833,0.94944,v2rl305,305,1,6.040000000000006,49.0,5.4636233333333335,0.006666666666666667,0.027844767086207867
c02_final_150_0005_bd,c02_final_150_0005,2,150,backdate,424242,0.5,150,56,0.373333,13.3718,37.299,37,13.4833,0.94944,v2rl306,306,1,6.040000000000006,49.0,5.530956666666666,0.006666666666666667,0.027858313056640327
c02_final_150_0005_bd,c02_final_150_0005,2,150,backdate,424242,0.5,150,56,0.373333,13.3718,37.299,37,13.4833,0.94944,v2rl307,307,1,6.040000000000006,49.0,4.676756,0.006666666666666667,0.027921061031520367
c02_final_150_0005_bd,c02_final_150_0005,2,150,backdate,424242,0.5,150,56,0.373333,13.3718,37.299,37,13.4833,0.94944,v2rl308,308,1,6.040000000000006,49.0,5.31769,0.006666666666666667,0.027764610946178436
c02_final_150_0005_bd,c02_final_150_0005,2,150,backdate,424242,0.5,150,56,0.373333,13.3718,37.299,37,13.4833,0.94944,v2rl309,309,1,6.040000000000006,49.0,5.509156666666666,0.006666666666666667,0.02775899099651724
c02_final_150_0005_bd,c02_final_150_0005,2,150,backdate,424242,0.5,150,56,0.373333,13.3718,37.299,37,13.4833,0.94944,v2rl310,310,1,6.040000000000006,49.0,5.246756666666667,0.006666666666666667,0.027166779967956245
c02_final_150_0006_bd,c02_final_150_0006,2,150,backdate,424242,0.5,150,136,0.906667,11.9458,39.866,43,28.6,1.28028,edd,301,1,1679.8944000000001,127.5819,12.317828666666667,0.06666666666666667,0.00039003894198685884
c02_final_150_0006_bd,c02_final_150_0006,2,150,backdate,424242,0.5,150,136,0.906667,11.9458,39.866,43,28.6,1.28028,pfifo,301,1,1679.8944000000001,127.5819,12.317828666666667,0.06666666666666667,0.00037482299376279116
c02_final_150_0006_bd,c02_final_150_0006,2,150,backdate,424242,0.5,150,136,0.906667,11.9458,39.866,43,28.6,1.28028,wspt,301,1,1630.7079999999999,147.08190000000002,10.981096666666666,0.05333333333333334,0.0003710970049723983
c02_final_150_0006_bd,c02_final_150_0006,2,150,backdate,424242,0.5,150,136,0.906667,11.9458,39.866,43,28.6,1.28028,atc,301,1,1572.868,147.08190000000002,11.205383333333332,0.05333333333333334,0.0005109820049256086
c02_final_150_0006_bd,c02_final_150_0006,2,150,backdate,424242,0.5,150,136,0.906667,11.9458,39.866,43,28.6,1.28028,wmdd,301,1,1514.9496,130.9347,11.935280666666667,0.06,0.0004045190289616585
c02_final_150_0006_bd,c02_final_150_0006,2,150,backdate,424242,0.5,150,136,0.906667,11.9458,39.866,43,28.6,1.28028,lpt,301,1,4407.5812,112.7447,18.406700666666666,0.13333333333333333,0.0003869540523737669
c02_final_150_0006_bd,c02_final_150_0006,2,150,backdate,424242,0.5,150,136,0.906667,11.9458,39.866,43,28.6,1.28028,random,301,1,1889.0996000000002,134.7447,13.097928666666666,0.11333333333333333,0.000328509951941669
c02_final_150_0006_bd,c02_final_150_0006,2,150,backdate,424242,0.5,150,136,0.906667,11.9458,39.866,43,28.6,1.28028,v2rl301,301,1,3987.2819999999997,122.0598,17.624118666666668,0.13333333333333333,0.027262124000117183
c02_final_150_0006_bd,c02_final_150_0006,2,150,backdate,424242,0.5,150,136,0.906667,11.9458,39.866,43,28.6,1.28028,v2rl302,302,1,1690.6292000000003,163.93710000000002,12.958613999999999,0.07333333333333333,0.02644523000344634
c02_final_150_0006_bd,c02_final_150_0006,2,150,backdate,424242,0.5,150,136,0.906667,11.9458,39.866,43,28.6,1.28028,v2rl303,303,1,4104.9696,129.62709999999998,17.36733733333333,0.12666666666666668,0.0263597690500319
c02_final_150_0006_bd,c02_final_150_0006,2,150,backdate,424242,0.5,150,136,0.906667,11.9458,39.866,43,28.6,1.28028,v2rl304,304,1,3379.1784,121.0298,15.901599999999998,0.12,0.026232153992168605
c02_final_150_0006_bd,c02_final_150_0006,2,150,backdate,424242,0.5,150,136,0.906667,11.9458,39.866,43,28.6,1.28028,v2rl305,305,1,3955.372,121.9648,17.508478666666665,0.13333333333333333,0.026274278992787004
c02_final_150_0006_bd,c02_final_150_0006,2,150,backdate,424242,0.5,150,136,0.906667,11.9458,39.866,43,28.6,1.28028,v2rl306,306,1,3542.8783999999996,122.0298,16.529578666666666,0.12,0.026034832932054996
c02_final_150_0006_bd,c02_final_150_0006,2,150,backdate,424242,0.5,150,136,0.906667,11.9458,39.866,43,28.6,1.28028,v2rl307,307,1,3519.3183999999997,122.0298,16.193033333333336,0.12,0.025926572969183326
c02_final_150_0006_bd,c02_final_150_0006,2,150,backdate,424242,0.5,150,136,0.906667,11.9458,39.866,43,28.6,1.28028,v2rl308,308,1,3379.1784,121.0298,16.099536666666665,0.12,0.026499261031858623
c02_final_150_0006_bd,c02_final_150_0006,2,150,backdate,424242,0.5,150,136,0.906667,11.9458,39.866,43,28.6,1.28028,v2rl309,309,1,3583.7484,123.45479999999999,16.457714666666668,0.12,0.02678297203965485
c02_final_150_0006_bd,c02_final_150_0006,2,150,backdate,424242,0.5,150,136,0.906667,11.9458,39.866,43,28.6,1.28028,v2rl310,310,1,3150.6359999999995,121.0298,15.697267333333333,0.11333333333333333,0.026711910031735897
c02_final_150_0007_bd,c02_final_150_0007,2,150,backdate,424242,0.5,150,133,0.886667,10.2509,38.6632,53,28.4,1.302793,edd,301,1,2301.1328000000003,137.9,20.612316666666665,0.19333333333333333,0.0005034540081396699
c02_final_150_0007_bd,c02_final_150_0007,2,150,backdate,424242,0.5,150,133,0.886667,10.2509,38.6632,53,28.4,1.302793,pfifo,301,1,2301.1328000000003,137.9,20.612316666666665,0.19333333333333333,0.0004885829985141754
c02_final_150_0007_bd,c02_final_150_0007,2,150,backdate,424242,0.5,150,133,0.886667,10.2509,38.6632,53,28.4,1.302793,wspt,301,1,2738.6036000000004,142.08999999999997,14.11605,0.13333333333333333,0.0004635310033336282
c02_final_150_0007_bd,c02_final_150_0007,2,150,backdate,424242,0.5,150,133,0.886667,10.2509,38.6632,53,28.4,1.302793,atc,301,1,2608.0636,137.07,15.444916666666668,0.12666666666666668,0.0007892280118539929
c02_final_150_0007_bd,c02_final_150_0007,2,150,backdate,424242,0.5,150,133,0.886667,10.2509,38.6632,53,28.4,1.302793,wmdd,301,1,2353.2736000000004,137.19,18.324183333333334,0.11333333333333333,0.0006116920849308372
c02_final_150_0007_bd,c02_final_150_0007,2,150,backdate,424242,0.5,150,133,0.886667,10.2509,38.6632,53,28.4,1.302793,lpt,301,1,10518.085599999995,107.6448,38.28084333333334,0.49333333333333335,0.0004954569740220904
c02_final_150_0007_bd,c02_final_150_0007,2,150,backdate,424242,0.5,150,133,0.886667,10.2509,38.6632,53,28.4,1.302793,random,301,1,5094.4888,130.2448,22.08131,0.24,0.00033535598777234554
c02_final_150_0007_bd,c02_final_150_0007,2,150,backdate,424242,0.5,150,133,0.886667,10.2509,38.6632,53,28.4,1.302793,v2rl301,301,1,5782.704000000001,108.7848,31.672309999999996,0.3933333333333333,0.03033794299699366
c02_final_150_0007_bd,c02_final_150_0007,2,150,backdate,424242,0.5,150,133,0.886667,10.2509,38.6632,53,28.4,1.302793,v2rl302,302,1,3186.9883999999997,120.27000000000001,24.922376666666672,0.32666666666666666,0.02965467202011496
c02_final_150_0007_bd,c02_final_150_0007,2,150,backdate,424242,0.5,150,133,0.886667,10.2509,38.6632,53,28.4,1.302793,v2rl303,303,1,7728.770399999999,130.62,31.874510000000004,0.36666666666666664,0.02964104199782014
c02_final_150_0007_bd,c02_final_150_0007,2,150,backdate,424242,0.5,150,133,0.886667,10.2509,38.6632,53,28.4,1.302793,v2rl304,304,1,3104.0984000000003,119.48,24.293173333333336,0.2866666666666667,0.02911113598383963
c02_final_150_0007_bd,c02_final_150_0007,2,150,backdate,424242,0.5,150,133,0.886667,10.2509,38.6632,53,28.4,1.302793,v2rl305,305,1,5514.3368,104.28999999999999,31.004776666666668,0.4,0.02943049999885261
c02_final_150_0007_bd,c02_final_150_0007,2,150,backdate,424242,0.5,150,133,0.886667,10.2509,38.6632,53,28.4,1.302793,v2rl306,306,1,6161.2272,107.57480000000001,31.386176666666675,0.3933333333333333,0.02939962688833475
c02_final_150_0007_bd,c02_final_150_0007,2,150,backdate,424242,0.5,150,133,0.886667,10.2509,38.6632,53,28.4,1.302793,v2rl307,307,1,6412.765999999999,107.6448,31.902639999999998,0.4066666666666667,0.029941890039481223
c02_final_150_0007_bd,c02_final_150_0007,2,150,backdate,424242,0.5,150,133,0.886667,10.2509,38.6632,53,28.4,1.302793,v2rl308,308,1,2379.036400000001,129.89,22.352243333333334,0.24,0.029612370999529958
c02_final_150_0007_bd,c02_final_150_0007,2,150,backdate,424242,0.5,150,133,0.886667,10.2509,38.6632,53,28.4,1.302793,v2rl309,309,1,3083.1944000000003,143.19,15.300709999999999,0.13333333333333333,0.02870646002702415
c02_final_150_0007_bd,c02_final_150_0007,2,150,backdate,424242,0.5,150,133,0.886667,10.2509,38.6632,53,28.4,1.302793,v2rl310,310,1,3069.387999999999,121.24000000000001,24.904376666666668,0.31333333333333335,0.029957295046187937
c02_final_150_0008_bd,c02_final_150_0008,2,150,backdate,424242,0.5,150,134,0.893333,10.6861,38.8406,46,31.2167,1.232879,edd,301,1,1279.0544000000002,181.7296,19.951812,0.07333333333333333,0.0004225530428811908
c02_final_150_0008_bd,c02_final_150_0008,2,150,backdate,424242,0.5,150,134,0.893333,10.6861,38.8406,46,31.2167,1.232879,pfifo,301,1,1279.0544000000002,181.7296,19.951812,0.07333333333333333,0.00039221392944455147
c02_final_150_0008_bd,c02_final_150_0008,2,150,backdate,424242,0.5,150,134,0.893333,10.6861,38.8406,46,31.2167,1.232879,wspt,301,1,1106.0786,172.3548,11.097240000000001,0.06,0.000370431924238801
c02_final_150_0008_bd,c02_final_150_0008,2,150,backdate,424242,0.5,150,134,0.893333,10.6861,38.8406,46,31.2167,1.232879,atc,301,1,1106.0786,172.3548,11.134580000000001,0.06,0.0005190549418330193
c02_final_150_0008_bd,c02_final_150_0008,2,150,backdate,424242,0.5,150,134,0.893333,10.6861,38.8406,46,31.2167,1.232879,wmdd,301,1,1259.7743999999998,181.7296,19.910878666666665,0.07333333333333333,0.00042873702477663755
c02_final_150_0008_bd,c02_final_150_0008,2,150,backdate,424242,0.5,150,134,0.893333,10.6861,38.8406,46,31.2167,1.232879,lpt,301,1,3499.693200000001,149.8448,27.860184000000004,0.20666666666666667,0.00037721102125942707
c02_final_150_0008_bd,c02_final_150_0008,2,150,backdate,424242,0.5,150,134,0.893333,10.6861,38.8406,46,31.2167,1.232879,random,301,1,2405.516400000001,149.8448,22.80253266666667,0.16,0.00032700703013688326
c02_final_150_0008_bd,c02_final_150_0008,2,150,backdate,424242,0.5,150,134,0.893333,10.6861,38.8406,46,31.2167,1.232879,v2rl301,301,1,2285.1954,150.8848,25.117944666666673,0.22,0.027479171054437757
c02_final_150_0008_bd,c02_final_150_0008,2,150,backdate,424242,0.5,150,134,0.893333,10.6861,38.8406,46,31.2167,1.232879,v2rl302,302,1,1653.6535999999999,181.7296,22.237638,0.1,0.0268282990437001
c02_final_150_0008_bd,c02_final_150_0008,2,150,backdate,424242,0.5,150,134,0.893333,10.6861,38.8406,46,31.2167,1.232879,v2rl303,303,1,3432.9740000000006,149.8448,27.376671333333338,0.20666666666666667,0.02684637496713549
c02_final_150_0008_bd,c02_final_150_0008,2,150,backdate,424242,0.5,150,134,0.893333,10.6861,38.8406,46,31.2167,1.232879,v2rl304,304,1,1368.8136,173.7948,21.235114666666668,0.09333333333333334,0.026537509984336793
c02_final_150_0008_bd,c02_final_150_0008,2,150,backdate,424242,0.5,150,134,0.893333,10.6861,38.8406,46,31.2167,1.232879,v2rl305,305,1,2145.2162000000008,156.4248,24.758809333333335,0.2,0.026637966046109796
c02_final_150_0008_bd,c02_final_150_0008,2,150,backdate,424242,0.5,150,134,0.893333,10.6861,38.8406,46,31.2167,1.232879,v2rl306,306,1,2773.5674000000004,149.8448,26.483197999999998,0.22,0.026658972026780248
c02_final_150_0008_bd,c02_final_150_0008,2,150,backdate,424242,0.5,150,134,0.893333,10.6861,38.8406,46,31.2167,1.232879,v2rl307,307,1,1729.6628000000003,150.88479999999998,23.087057333333334,0.16,0.026489036972634494
c02_final_150_0008_bd,c02_final_150_0008,2,150,backdate,424242,0.5,150,134,0.893333,10.6861,38.8406,46,31.2167,1.232879,v2rl308,308,1,1429.8196000000003,162.6848,21.719312,0.12666666666666668,0.027323898975737393
c02_final_150_0008_bd,c02_final_150_0008,2,150,backdate,424242,0.5,150,134,0.893333,10.6861,38.8406,46,31.2167,1.232879,v2rl309,309,1,1073.5792000000001,173.3348,12.239871999999998,0.07333333333333333,0.02643193199764937
c02_final_150_0008_bd,c02_final_150_0008,2,150,backdate,424242,0.5,150,134,0.893333,10.6861,38.8406,46,31.2167,1.232879,v2rl310,310,1,1364.8936,181.7296,21.226248000000002,0.09333333333333334,0.027154211071319878
c02_final_150_0009_bd,c02_final_150_0009,2,150,backdate,424242,0.5,150,144,0.96,13.2053,37.4849,54,38.9,1.025321,edd,301,1,1119.0159999999998,115.9248,17.477476666666668,0.07333333333333333,0.000443301978521049
c02_final_150_0009_bd,c02_final_150_0009,2,150,backdate,424242,0.5,150,144,0.96,13.2053,37.4849,54,38.9,1.025321,pfifo,301,1,1119.0159999999998,115.9248,17.477476666666668,0.07333333333333333,0.0004184120334684849
c02_final_150_0009_bd,c02_final_150_0009,2,150,backdate,424242,0.5,150,144,0.96,13.2053,37.4849,54,38.9,1.025321,wspt,301,1,1370.8244000000002,133.1648,12.956642666666667,0.09333333333333334,0.00039590406231582165
c02_final_150_0009_bd,c02_final_150_0009,2,150,backdate,424242,0.5,150,144,0.96,13.2053,37.4849,54,38.9,1.025321,atc,301,1,1355.6844,131.3648,13.189800666666669,0.09333333333333334,0.0006047920323908329
c02_final_150_0009_bd,c02_final_150_0009,2,150,backdate,424242,0.5,150,144,0.96,13.2053,37.4849,54,38.9,1.025321,wmdd,301,1,1271.8160000000003,133.1148,16.544676666666664,0.07333333333333333,0.0004909950075671077
c02_final_150_0009_bd,c02_final_150_0009,2,150,backdate,424242,0.5,150,144,0.96,13.2053,37.4849,54,38.9,1.025321,lpt,301,1,2844.774000000001,110.3648,26.859629333333334,0.18666666666666668,0.0004280280554667115
c02_final_150_0009_bd,c02_final_150_0009,2,150,backdate,424242,0.5,150,144,0.96,13.2053,37.4849,54,38.9,1.025321,random,301,1,1891.6628,109.56,17.467648666666665,0.12666666666666668,0.000324971042573452
c02_final_150_0009_bd,c02_final_150_0009,2,150,backdate,424242,0.5,150,144,0.96,13.2053,37.4849,54,38.9,1.025321,v2rl301,301,1,1439.8232,110.3648,23.738429333333332,0.16666666666666666,0.02873376407660544
c02_final_150_0009_bd,c02_final_150_0009,2,150,backdate,424242,0.5,150,144,0.96,13.2053,37.4849,54,38.9,1.025321,v2rl302,302,1,1223.5524000000003,110.3648,23.00242933333333,0.11333333333333333,0.028286734013818204
c02_final_150_0009_bd,c02_final_150_0009,2,150,backdate,424242,0.5,150,144,0.96,13.2053,37.4849,54,38.9,1.025321,v2rl303,303,1,1851.2895999999996,132.97480000000002,22.327495999999996,0.12,0.028535321005620062
c02_final_150_0009_bd,c02_final_150_0009,2,150,backdate,424242,0.5,150,144,0.96,13.2053,37.4849,54,38.9,1.025321,v2rl304,304,1,1257.6562,105.6048,19.655696,0.14,0.027876561041921377
c02_final_150_0009_bd,c02_final_150_0009,2,150,backdate,424242,0.5,150,144,0.96,13.2053,37.4849,54,38.9,1.025321,v2rl305,305,1,2047.8379999999995,110.3648,24.184095999999997,0.17333333333333334,0.028228527982719243
c02_final_150_0009_bd,c02_final_150_0009,2,150,backdate,424242,0.5,150,144,0.96,13.2053,37.4849,54,38.9,1.025321,v2rl306,306,1,1434.9624,110.3648,23.76422933333333,0.16,0.02820080192759633
c02_final_150_0009_bd,c02_final_150_0009,2,150,backdate,424242,0.5,150,144,0.96,13.2053,37.4849,54,38.9,1.025321,v2rl307,307,1,1752.5564,110.3648,20.788762666666663,0.15333333333333332,0.028690516017377377
c02_final_150_0009_bd,c02_final_150_0009,2,150,backdate,424242,0.5,150,144,0.96,13.2053,37.4849,54,38.9,1.025321,v2rl308,308,1,1611.6068,105.6048,22.232162666666667,0.16666666666666666,0.02867168199736625
c02_final_150_0009_bd,c02_final_150_0009,2,150,backdate,424242,0.5,150,144,0.96,13.2053,37.4849,54,38.9,1.025321,v2rl309,309,1,1431.8938,105.3048,18.841562666666665,0.1,0.028508304967544973
c02_final_150_0009_bd,c02_final_150_0009,2,150,backdate,424242,0.5,150,144,0.96,13.2053,37.4849,54,38.9,1.025321,v2rl310,310,1,1214.6402,110.3648,20.843362666666664,0.11333333333333333,0.028950351988896728
c02_final_150_0010_bd,c02_final_150_0010,2,150,backdate,424242,0.5,150,142,0.946667,14.182,39.7697,65,27.0,0.809781,edd,301,1,569.7303999999999,112.0626,15.797987999999998,0.03333333333333333,0.00045299797784537077
c02_final_150_0010_bd,c02_final_150_0010,2,150,backdate,424242,0.5,150,142,0.946667,14.182,39.7697,65,27.0,0.809781,pfifo,301,1,569.7303999999999,112.0626,15.797987999999998,0.03333333333333333,0.00044268800411373377
c02_final_150_0010_bd,c02_final_150_0010,2,150,backdate,424242,0.5,150,142,0.946667,14.182,39.7697,65,27.0,0.809781,wspt,301,1,528.5664,112.0626,7.459465333333331,0.04,0.00041683996096253395
c02_final_150_0010_bd,c02_final_150_0010,2,150,backdate,424242,0.5,150,142,0.946667,14.182,39.7697,65,27.0,0.809781,atc,301,1,516.3304,112.0626,11.400207333333332,0.03333333333333333,0.0006873960373923182
c02_final_150_0010_bd,c02_final_150_0010,2,150,backdate,424242,0.5,150,142,0.946667,14.182,39.7697,65,27.0,0.809781,wmdd,301,1,493.64639999999997,112.0626,15.683121333333332,0.02666666666666667,0.0005313919391483068
c02_final_150_0010_bd,c02_final_150_0010,2,150,backdate,424242,0.5,150,142,0.946667,14.182,39.7697,65,27.0,0.809781,lpt,301,1,1184.9171999999999,112.0626,22.021478666666667,0.05333333333333334,0.0004276509862393141
c02_final_150_0010_bd,c02_final_150_0010,2,150,backdate,424242,0.5,150,142,0.946667,14.182,39.7697,65,27.0,0.809781,random,301,1,724.6268000000001,112.0626,11.02796,0.04666666666666667,0.0003245529951527715
c02_final_150_0010_bd,c02_final_150_0010,2,150,backdate,424242,0.5,150,142,0.946667,14.182,39.7697,65,27.0,0.809781,v2rl301,301,1,509.0504000000001,112.0626,19.202094,0.03333333333333333,0.028244972927495837
c02_final_150_0010_bd,c02_final_150_0010,2,150,backdate,424242,0.5,150,142,0.946667,14.182,39.7697,65,27.0,0.809781,v2rl302,302,1,508.89040000000006,112.0626,19.108854666666666,0.03333333333333333,0.02784954896196723
c02_final_150_0010_bd,c02_final_150_0010,2,150,backdate,424242,0.5,150,142,0.946667,14.182,39.7697,65,27.0,0.809781,v2rl303,303,1,827.7868000000001,112.0626,20.790454666666673,0.04,0.02798419794999063
c02_final_150_0010_bd,c02_final_150_0010,2,150,backdate,424242,0.5,150,142,0.946667,14.182,39.7697,65,27.0,0.809781,v2rl304,304,1,544.9664,112.0626,11.963530666666669,0.02666666666666667,0.02729994198307395
c02_final_150_0010_bd,c02_final_150_0010,2,150,backdate,424242,0.5,150,142,0.946667,14.182,39.7697,65,27.0,0.809781,v2rl305,305,1,508.89040000000006,112.0626,19.831188,0.03333333333333333,0.027693822979927063
c02_final_150_0010_bd,c02_final_150_0010,2,150,backdate,424242,0.5,150,142,0.946667,14.182,39.7697,65,27.0,0.809781,v2rl306,306,1,508.89040000000006,112.0626,20.410788000000004,0.03333333333333333,0.027619433007203043
c02_final_150_0010_bd,c02_final_150_0010,2,150,backdate,424242,0.5,150,142,0.946667,14.182,39.7697,65,27.0,0.809781,v2rl307,307,1,543.2104,112.0626,12.697330666666668,0.03333333333333333,0.02795395499560982
c02_final_150_0010_bd,c02_final_150_0010,2,150,backdate,424242,0.5,150,142,0.946667,14.182,39.7697,65,27.0,0.809781,v2rl308,308,1,510.4104000000001,112.0626,17.95403066666667,0.03333333333333333,0.02825252409093082
c02_final_150_0010_bd,c02_final_150_0010,2,150,backdate,424242,0.5,150,142,0.946667,14.182,39.7697,65,27.0,0.809781,v2rl309,309,1,511.53040000000004,112.0626,17.543564,0.03333333333333333,0.02837735100183636
c02_final_150_0010_bd,c02_final_150_0010,2,150,backdate,424242,0.5,150,142,0.946667,14.182,39.7697,65,27.0,0.809781,v2rl310,310,1,511.4904,112.0626,17.379963999999998,0.03333333333333333,0.02853065205272287
c02_final_150_0011_bd,c02_final_150_0011,2,150,backdate,424242,0.5,150,138,0.92,13.1027,38.9531,86,27.5,1.546793,edd,301,1,2157.3446,112.62480000000001,21.112817333333332,0.08,0.00046537001617252827
c02_final_150_0011_bd,c02_final_150_0011,2,150,backdate,424242,0.5,150,138,0.92,13.1027,38.9531,86,27.5,1.546793,pfifo,301,1,2157.3446,112.62480000000001,21.112817333333332,0.08,0.0004578920779749751
c02_final_150_0011_bd,c02_final_150_0011,2,150,backdate,424242,0.5,150,138,0.92,13.1027,38.9531,86,27.5,1.546793,wspt,301,1,2585.5841999999993,132.63479999999998,13.584872000000003,0.07333333333333333,0.0004230740014463663
c02_final_150_0011_bd,c02_final_150_0011,2,150,backdate,424242,0.5,150,138,0.92,13.1027,38.9531,86,27.5,1.546793,atc,301,1,2456.5294,124.9048,14.047884,0.08666666666666667,0.0006668410496786237
c02_final_150_0011_bd,c02_final_150_0011,2,150,backdate,424242,0.5,150,138,0.92,13.1027,38.9531,86,27.5,1.546793,wmdd,301,1,2198.5445999999997,112.62480000000001,20.820093333333332,0.06666666666666667,0.0005357749760150909
c02_final_150_0011_bd,c02_final_150_0011,2,150,backdate,424242,0.5,150,138,0.92,13.1027,38.9531,86,27.5,1.546793,lpt,301,1,5829.229399999999,111.0248,36.69436,0.25333333333333335,0.00045734504237771034
c02_final_150_0011_bd,c02_final_150_0011,2,150,backdate,424242,0.5,150,138,0.92,13.1027,38.9531,86,27.5,1.546793,random,301,1,3272.7614000000003,141.60999999999999,18.900493333333333,0.14666666666666667,0.0003169149858877063
c02_final_150_0011_bd,c02_final_150_0011,2,150,backdate,424242,0.5,150,138,0.92,13.1027,38.9531,86,27.5,1.546793,v2rl301,301,1,4719.819799999999,111.0248,34.11549333333333,0.22666666666666666,0.029711590032093227
c02_final_150_0011_bd,c02_final_150_0011,2,150,backdate,424242,0.5,150,138,0.92,13.1027,38.9531,86,27.5,1.546793,v2rl302,302,1,2368.2341999999994,111.0248,28.703826666666664,0.09333333333333334,0.02904856705572456
c02_final_150_0011_bd,c02_final_150_0011,2,150,backdate,424242,0.5,150,138,0.92,13.1027,38.9531,86,27.5,1.546793,v2rl303,303,1,4762.064199999999,111.0248,33.98389333333334,0.18666666666666668,0.02896587597206235
c02_final_150_0011_bd,c02_final_150_0011,2,150,backdate,424242,0.5,150,138,0.92,13.1027,38.9531,86,27.5,1.546793,v2rl304,304,1,2100.3542,111.2548,25.125426666666666,0.10666666666666667,0.02836020104587078
c02_final_150_0011_bd,c02_final_150_0011,2,150,backdate,424242,0.5,150,138,0.92,13.1027,38.9531,86,27.5,1.546793,v2rl305,305,1,3215.3642,111.0248,31.703693333333334,0.21333333333333335,0.02909893705509603
c02_final_150_0011_bd,c02_final_150_0011,2,150,backdate,424242,0.5,150,138,0.92,13.1027,38.9531,86,27.5,1.546793,v2rl306,306,1,2960.3086000000003,111.0248,31.200293333333338,0.17333333333333334,0.029007349046878517
c02_final_150_0011_bd,c02_final_150_0011,2,150,backdate,424242,0.5,150,138,0.92,13.1027,38.9531,86,27.5,1.546793,v2rl307,307,1,2047.6846,109.6948,20.817226666666667,0.08,0.028932932997122407
c02_final_150_0011_bd,c02_final_150_0011,2,150,backdate,424242,0.5,150,138,0.92,13.1027,38.9531,86,27.5,1.546793,v2rl308,308,1,2294.8541999999998,111.0248,27.86256,0.1,0.02916482195723802
c02_final_150_0011_bd,c02_final_150_0011,2,150,backdate,424242,0.5,150,138,0.92,13.1027,38.9531,86,27.5,1.546793,v2rl309,309,1,2303.3218,117.8448,23.982560000000003,0.08666666666666667,0.02913257002364844
c02_final_150_0011_bd,c02_final_150_0011,2,150,backdate,424242,0.5,150,138,0.92,13.1027,38.9531,86,27.5,1.546793,v2rl310,310,1,2260.9741999999997,111.0248,26.47969333333333,0.1,0.029143774998374283
c02_final_150_0012_bd,c02_final_150_0012,2,150,backdate,424242,0.5,150,104,0.693333,12.9163,39.4135,48,26.35,1.204988,edd,301,1,1562.0704,130.9048,16.073518666666665,0.05333333333333334,0.00045824493281543255
c02_final_150_0012_bd,c02_final_150_0012,2,150,backdate,424242,0.5,150,104,0.693333,12.9163,39.4135,48,26.35,1.204988,pfifo,301,1,1562.0704,130.9048,16.073518666666665,0.05333333333333334,0.00043748202733695507
c02_final_150_0012_bd,c02_final_150_0012,2,150,backdate,424242,0.5,150,104,0.693333,12.9163,39.4135,48,26.35,1.204988,wspt,301,1,1801.7559999999999,130.78480000000002,11.780891333333333,0.05333333333333334,0.0004362879553809762
c02_final_150_0012_bd,c02_final_150_0012,2,150,backdate,424242,0.5,150,104,0.693333,12.9163,39.4135,48,26.35,1.204988,atc,301,1,1576.232,129.9648,15.176495333333332,0.05333333333333334,0.0007205699803307652
c02_final_150_0012_bd,c02_final_150_0012,2,150,backdate,424242,0.5,150,104,0.693333,12.9163,39.4135,48,26.35,1.204988,wmdd,301,1,1564.7844,130.9048,15.907188666666668,0.05333333333333334,0.0005302609642967582
c02_final_150_0012_bd,c02_final_150_0012,2,150,backdate,424242,0.5,150,104,0.693333,12.9163,39.4135,48,26.35,1.204988,lpt,301,1,3076.6872,114.2748,25.39153533333333,0.13333333333333333,0.00045713409781455994
c02_final_150_0012_bd,c02_final_150_0012,2,150,backdate,424242,0.5,150,104,0.693333,12.9163,39.4135,48,26.35,1.204988,random,301,1,1942.7223999999999,138.4948,13.851535333333334,0.08,0.00032119802199304104
c02_final_150_0012_bd,c02_final_150_0012,2,150,backdate,424242,0.5,150,104,0.693333,12.9163,39.4135,48,26.35,1.204988,v2rl301,301,1,1571.4224000000002,122.7948,20.132135333333334,0.05333333333333334,0.028397314017638564
c02_final_150_0012_bd,c02_final_150_0012,2,150,backdate,424242,0.5,150,104,0.693333,12.9163,39.4135,48,26.35,1.204988,v2rl302,302,1,1565.6704,131.9148,20.020008666666666,0.05333333333333334,0.028029522974975407
c02_final_150_0012_bd,c02_final_150_0012,2,150,backdate,424242,0.5,150,104,0.693333,12.9163,39.4135,48,26.35,1.204988,v2rl303,303,1,1812.0536000000002,114.2848,23.157735333333335,0.07333333333333333,0.027896389947272837
c02_final_150_0012_bd,c02_final_150_0012,2,150,backdate,424242,0.5,150,104,0.693333,12.9163,39.4135,48,26.35,1.204988,v2rl304,304,1,1558.4823999999999,138.6748,17.160335333333332,0.05333333333333334,0.027640606043860316
c02_final_150_0012_bd,c02_final_150_0012,2,150,backdate,424242,0.5,150,104,0.693333,12.9163,39.4135,48,26.35,1.204988,v2rl305,305,1,1563.5023999999999,119.1948,21.355348666666664,0.05333333333333334,0.02784633997362107
c02_final_150_0012_bd,c02_final_150_0012,2,150,backdate,424242,0.5,150,104,0.693333,12.9163,39.4135,48,26.35,1.204988,v2rl306,306,1,1558.8704,140.0548,20.708275333333333,0.05333333333333334,0.02772361703682691
c02_final_150_0012_bd,c02_final_150_0012,2,150,backdate,424242,0.5,150,104,0.693333,12.9163,39.4135,48,26.35,1.204988,v2rl307,307,1,1562.6824000000001,136.1848,17.25433533333333,0.05333333333333334,0.028385641053318977
c02_final_150_0012_bd,c02_final_150_0012,2,150,backdate,424242,0.5,150,104,0.693333,12.9163,39.4135,48,26.35,1.204988,v2rl308,308,1,1561.7504,123.4148,19.470542,0.05333333333333334,0.02818242204375565
c02_final_150_0012_bd,c02_final_150_0012,2,150,backdate,424242,0.5,150,104,0.693333,12.9163,39.4135,48,26.35,1.204988,v2rl309,309,1,1780.1664,131.2948,13.722152,0.05333333333333334,0.02833022002596408
c02_final_150_0012_bd,c02_final_150_0012,2,150,backdate,424242,0.5,150,104,0.693333,12.9163,39.4135,48,26.35,1.204988,v2rl310,310,1,1555.4024,135.66479999999999,18.24833533333333,0.05333333333333334,0.02840182196814567
c02_final_150_0013_bd,c02_final_150_0013,2,150,backdate,424242,0.5,150,130,0.866667,11.9465,39.9797,49,29.7,1.187732,edd,301,1,1366.7916,125.0387,11.505488,0.08,0.00042326305992901325
c02_final_150_0013_bd,c02_final_150_0013,2,150,backdate,424242,0.5,150,130,0.866667,11.9465,39.9797,49,29.7,1.187732,pfifo,301,1,1366.7916,125.0387,11.505488,0.08,0.000384833081625402
c02_final_150_0013_bd,c02_final_150_0013,2,150,backdate,424242,0.5,150,130,0.866667,11.9465,39.9797,49,29.7,1.187732,wspt,301,1,1401.2788,135.9846,10.340397999999999,0.06666666666666667,0.0003759870305657387
c02_final_150_0013_bd,c02_final_150_0013,2,150,backdate,424242,0.5,150,130,0.866667,11.9465,39.9797,49,29.7,1.187732,atc,301,1,1388.7996000000003,134.74790000000002,10.366731333333332,0.06666666666666667,0.0005239059682935476
c02_final_150_0013_bd,c02_final_150_0013,2,150,backdate,424242,0.5,150,130,0.866667,11.9465,39.9797,49,29.7,1.187732,wmdd,301,1,1382.3464,132.8648,11.056082,0.06666666666666667,0.00042347994167357683
c02_final_150_0013_bd,c02_final_150_0013,2,150,backdate,424242,0.5,150,130,0.866667,11.9465,39.9797,49,29.7,1.187732,lpt,301,1,1863.1899999999996,120.7979,14.160403999999998,0.12666666666666668,0.00037581101059913635
c02_final_150_0013_bd,c02_final_150_0013,2,150,backdate,424242,0.5,150,130,0.866667,11.9465,39.9797,49,29.7,1.187732,random,301,1,1465.1855999999998,143.2948,11.787393999999999,0.09333333333333334,0.00032845698297023773
c02_final_150_0013_bd,c02_final_150_0013,2,150,backdate,424242,0.5,150,130,0.866667,11.9465,39.9797,49,29.7,1.187732,v2rl301,301,1,1686.4607999999998,120.7979,13.457720666666667,0.12666666666666668,0.02729726501274854
c02_final_150_0013_bd,c02_final_150_0013,2,150,backdate,424242,0.5,150,130,0.866667,11.9465,39.9797,49,29.7,1.187732,v2rl302,302,1,1583.9584,120.9846,13.127040000000001,0.12666666666666668,0.027067375020124018
c02_final_150_0013_bd,c02_final_150_0013,2,150,backdate,424242,0.5,150,130,0.866667,11.9465,39.9797,49,29.7,1.187732,v2rl303,303,1,1593.0571999999997,132.8648,12.97684,0.1,0.02685293508693576
c02_final_150_0013_bd,c02_final_150_0013,2,150,backdate,424242,0.5,150,130,0.866667,11.9465,39.9797,49,29.7,1.187732,v2rl304,304,1,1439.4912,120.7979,11.737828666666667,0.11333333333333333,0.026623437996022403
c02_final_150_0013_bd,c02_final_150_0013,2,150,backdate,424242,0.5,150,130,0.866667,11.9465,39.9797,49,29.7,1.187732,v2rl305,305,1,1648.72,120.7979,13.220999999999998,0.12666666666666668,0.026766864000819623
c02_final_150_0013_bd,c02_final_150_0013,2,150,backdate,424242,0.5,150,130,0.866667,11.9465,39.9797,49,29.7,1.187732,v2rl306,306,1,1550.8991999999998,120.7979,13.119455333333333,0.12,0.026762127061374485
c02_final_150_0013_bd,c02_final_150_0013,2,150,backdate,424242,0.5,150,130,0.866667,11.9465,39.9797,49,29.7,1.187732,v2rl307,307,1,1765.8935999999997,120.7979,12.321451333333334,0.12666666666666668,0.027203642996028066
c02_final_150_0013_bd,c02_final_150_0013,2,150,backdate,424242,0.5,150,130,0.866667,11.9465,39.9797,49,29.7,1.187732,v2rl308,308,1,1589.3688,120.7979,12.56546,0.12666666666666668,0.027298668050207198
c02_final_150_0013_bd,c02_final_150_0013,2,150,backdate,424242,0.5,150,130,0.866667,11.9465,39.9797,49,29.7,1.187732,v2rl309,309,1,1358.6991999999996,112.4887,12.032412666666666,0.07333333333333333,0.027338878950104117
c02_final_150_0013_bd,c02_final_150_0013,2,150,backdate,424242,0.5,150,130,0.866667,11.9465,39.9797,49,29.7,1.187732,v2rl310,310,1,1451.9664,120.7979,12.716879333333331,0.12,0.02743692498188466
c02_final_150_0014_bd,c02_final_150_0014,2,150,backdate,424242,0.5,150,135,0.9,10.9488,39.5069,75,25.2,1.701889,edd,301,1,2549.9880000000003,152.18,22.39157,0.16,0.0005193370161578059
c02_final_150_0014_bd,c02_final_150_0014,2,150,backdate,424242,0.5,150,135,0.9,10.9488,39.5069,75,25.2,1.701889,pfifo,301,1,2549.9880000000003,152.18,22.39157,0.16,0.0005045749712735415
c02_final_150_0014_bd,c02_final_150_0014,2,150,backdate,424242,0.5,150,135,0.9,10.9488,39.5069,75,25.2,1.701889,wspt,301,1,2912.2308,139.7948,15.153352666666667,0.14,0.00046335801016539335
c02_final_150_0014_bd,c02_final_150_0014,2,150,backdate,424242,0.5,150,135,0.9,10.9488,39.5069,75,25.2,1.701889,atc,301,1,2750.4819999999995,133.8248,15.725086000000001,0.12666666666666668,0.0007933879969641566
c02_final_150_0014_bd,c02_final_150_0014,2,150,backdate,424242,0.5,150,135,0.9,10.9488,39.5069,75,25.2,1.701889,wmdd,301,1,2578.9868,144.4348,19.498043333333335,0.12,0.0006177499890327454
c02_final_150_0014_bd,c02_final_150_0014,2,150,backdate,424242,0.5,150,135,0.9,10.9488,39.5069,75,25.2,1.701889,lpt,301,1,9149.908800000001,115.51,37.904614,0.4,0.0005022860132157803
c02_final_150_0014_bd,c02_final_150_0014,2,150,backdate,424242,0.5,150,135,0.9,10.9488,39.5069,75,25.2,1.701889,random,301,1,4033.4024000000013,137.99,19.30437,0.2,0.0003241320373490453
c02_final_150_0014_bd,c02_final_150_0014,2,150,backdate,424242,0.5,150,135,0.9,10.9488,39.5069,75,25.2,1.701889,v2rl301,301,1,6269.960999999998,113.9748,33.682614,0.36666666666666664,0.03029809705913067
c02_final_150_0014_bd,c02_final_150_0014,2,150,backdate,424242,0.5,150,135,0.9,10.9488,39.5069,75,25.2,1.701889,v2rl302,302,1,3289.9572000000007,158.42000000000002,27.213747333333338,0.29333333333333333,0.03021560306660831
c02_final_150_0014_bd,c02_final_150_0014,2,150,backdate,424242,0.5,150,135,0.9,10.9488,39.5069,75,25.2,1.701889,v2rl303,303,1,7320.692400000002,118.24,33.41570333333333,0.29333333333333333,0.02995666000060737
c02_final_150_0014_bd,c02_final_150_0014,2,150,backdate,424242,0.5,150,135,0.9,10.9488,39.5069,75,25.2,1.701889,v2rl304,304,1,3089.5852000000004,147.65,24.290414000000002,0.21333333333333335,0.02926217101048678
c02_final_150_0014_bd,c02_final_150_0014,2,150,backdate,424242,0.5,150,135,0.9,10.9488,39.5069,75,25.2,1.701889,v2rl305,305,1,4782.530200000001,144.03,30.289413999999997,0.29333333333333333,0.02992069104220718
c02_final_150_0014_bd,c02_final_150_0014,2,150,backdate,424242,0.5,150,135,0.9,10.9488,39.5069,75,25.2,1.701889,v2rl306,306,1,6240.3642,113.9748,33.318414,0.37333333333333335,0.03045981889590621
c02_final_150_0014_bd,c02_final_150_0014,2,150,backdate,424242,0.5,150,135,0.9,10.9488,39.5069,75,25.2,1.701889,v2rl307,307,1,5533.110200000002,116.01,29.978214,0.30666666666666664,0.030169556033797562
c02_final_150_0014_bd,c02_final_150_0014,2,150,backdate,424242,0.5,150,135,0.9,10.9488,39.5069,75,25.2,1.701889,v2rl308,308,1,2716.0190000000007,139.75,25.465814,0.26,0.03021697700023651
c02_final_150_0014_bd,c02_final_150_0014,2,150,backdate,424242,0.5,150,135,0.9,10.9488,39.5069,75,25.2,1.701889,v2rl309,309,1,3251.5284000000006,152.01,19.233814000000002,0.18,0.029619170003570616
c02_final_150_0014_bd,c02_final_150_0014,2,150,backdate,424242,0.5,150,135,0.9,10.9488,39.5069,75,25.2,1.701889,v2rl310,310,1,2895.8744000000006,133.51999999999998,25.60074733333333,0.28,0.030357843963429332
c02_final_150_0015_bd,c02_final_150_0015,2,150,backdate,424242,0.5,150,68,0.453333,12.6312,39.6779,43,14.1,1.309994,edd,301,1,739.9424,92.9948,20.152518000000004,0.03333333333333333,0.0005741129862144589
c02_final_150_0015_bd,c02_final_150_0015,2,150,backdate,424242,0.5,150,68,0.453333,12.6312,39.6779,43,14.1,1.309994,pfifo,301,1,739.9424,92.9948,20.152518000000004,0.03333333333333333,0.0005704349605366588
c02_final_150_0015_bd,c02_final_150_0015,2,150,backdate,424242,0.5,150,68,0.453333,12.6312,39.6779,43,14.1,1.309994,wspt,301,1,739.3024000000001,92.6748,13.965051333333333,0.03333333333333333,0.0006326009752228856
c02_final_150_0015_bd,c02_final_150_0015,2,150,backdate,424242,0.5,150,68,0.453333,12.6312,39.6779,43,14.1,1.309994,atc,301,1,739.2424000000001,92.6448,14.026584666666665,0.03333333333333333,0.001229278976097703
c02_final_150_0015_bd,c02_final_150_0015,2,150,backdate,424242,0.5,150,68,0.453333,12.6312,39.6779,43,14.1,1.309994,wmdd,301,1,739.9424,92.9948,20.152518000000004,0.03333333333333333,0.0007885330123826861
c02_final_150_0015_bd,c02_final_150_0015,2,150,backdate,424242,0.5,150,68,0.453333,12.6312,39.6779,43,14.1,1.309994,lpt,301,1,739.3424000000001,92.6948,27.656712000000002,0.03333333333333333,0.0005509490147233009
c02_final_150_0015_bd,c02_final_150_0015,2,150,backdate,424242,0.5,150,68,0.453333,12.6312,39.6779,43,14.1,1.309994,random,301,1,739.1224000000001,92.5848,20.023718000000002,0.03333333333333333,0.00032512599136680365
c02_final_150_0015_bd,c02_final_150_0015,2,150,backdate,424242,0.5,150,68,0.453333,12.6312,39.6779,43,14.1,1.309994,v2rl301,301,1,739.6424000000001,92.8448,27.525845333333333,0.03333333333333333,0.02952340303454548
c02_final_150_0015_bd,c02_final_150_0015,2,150,backdate,424242,0.5,150,68,0.453333,12.6312,39.6779,43,14.1,1.309994,v2rl302,302,1,739.3624000000001,92.7048,27.513118000000002,0.03333333333333333,0.029449566965922713
c02_final_150_0015_bd,c02_final_150_0015,2,150,backdate,424242,0.5,150,68,0.453333,12.6312,39.6779,43,14.1,1.309994,v2rl303,303,1,739.5424000000002,92.79480000000001,27.521851333333338,0.03333333333333333,0.029109285096637905
c02_final_150_0015_bd,c02_final_150_0015,2,150,backdate,424242,0.5,150,68,0.453333,12.6312,39.6779,43,14.1,1.309994,v2rl304,304,1,740.2224000000001,93.1348,20.444918000000005,0.03333333333333333,0.02916157094296068
c02_final_150_0015_bd,c02_final_150_0015,2,150,backdate,424242,0.5,150,68,0.453333,12.6312,39.6779,43,14.1,1.309994,v2rl305,305,1,739.3624000000001,92.7048,27.513118000000002,0.03333333333333333,0.02911569399293512
c02_final_150_0015_bd,c02_final_150_0015,2,150,backdate,424242,0.5,150,68,0.453333,12.6312,39.6779,43,14.1,1.309994,v2rl306,306,1,739.5424000000002,92.79480000000001,27.521918,0.03333333333333333,0.029950333992019296
c02_final_150_0015_bd,c02_final_150_0015,2,150,backdate,424242,0.5,150,68,0.453333,12.6312,39.6779,43,14.1,1.309994,v2rl307,307,1,740.2224000000001,93.1348,16.615851333333335,0.03333333333333333,0.029684058972634375
c02_final_150_0015_bd,c02_final_150_0015,2,150,backdate,424242,0.5,150,68,0.453333,12.6312,39.6779,43,14.1,1.309994,v2rl308,308,1,739.3624000000001,92.7048,26.46245133333333,0.03333333333333333,0.02981367998290807
c02_final_150_0015_bd,c02_final_150_0015,2,150,backdate,424242,0.5,150,68,0.453333,12.6312,39.6779,43,14.1,1.309994,v2rl309,309,1,739.5424000000002,92.79480000000001,19.86245133333333,0.03333333333333333,0.030007612076587975
c02_final_150_0015_bd,c02_final_150_0015,2,150,backdate,424242,0.5,150,68,0.453333,12.6312,39.6779,43,14.1,1.309994,v2rl310,310,1,740.2224000000001,93.1348,21.321784666666662,0.03333333333333333,0.029809682979248464
c02_final_150_0016_bd,c02_final_150_0016,2,150,backdate,424242,0.5,150,139,0.926667,10.705,39.7032,61,25.0833,1.409786,edd,301,1,2720.2023999999997,117.1148,15.008521333333332,0.15333333333333332,0.0004296220140531659
c02_final_150_0016_bd,c02_final_150_0016,2,150,backdate,424242,0.5,150,139,0.926667,10.705,39.7032,61,25.0833,1.409786,pfifo,301,1,2720.2023999999997,117.1148,15.008521333333332,0.15333333333333332,0.0003967540105804801
c02_final_150_0016_bd,c02_final_150_0016,2,150,backdate,424242,0.5,150,139,0.926667,10.705,39.7032,61,25.0833,1.409786,wspt,301,1,2119.8372,138.72480000000002,10.823707333333333,0.06666666666666667,0.0003809320041909814
c02_final_150_0016_bd,c02_final_150_0016,2,150,backdate,424242,0.5,150,139,0.926667,10.705,39.7032,61,25.0833,1.409786,atc,301,1,2115.3972,137.6148,10.873476666666665,0.06666666666666667,0.0005612220847979188
c02_final_150_0016_bd,c02_final_150_0016,2,150,backdate,424242,0.5,150,139,0.926667,10.705,39.7032,61,25.0833,1.409786,wmdd,301,1,2075.1172,149.8348,11.724254666666665,0.06666666666666667,0.00043571600690484047
c02_final_150_0016_bd,c02_final_150_0016,2,150,backdate,424242,0.5,150,139,0.926667,10.705,39.7032,61,25.0833,1.409786,lpt,301,1,7774.633199999999,109.6802,28.807182666666673,0.2733333333333333,0.0004143350524827838
c02_final_150_0016_bd,c02_final_150_0016,2,150,backdate,424242,0.5,150,139,0.926667,10.705,39.7032,61,25.0833,1.409786,random,301,1,3376.1388,109.6802,14.727121333333331,0.13333333333333333,0.00032005098182708025
c02_final_150_0016_bd,c02_final_150_0016,2,150,backdate,424242,0.5,150,139,0.926667,10.705,39.7032,61,25.0833,1.409786,v2rl301,301,1,6190.004399999999,109.6802,25.862987999999998,0.26,0.02806786203291267
c02_final_150_0016_bd,c02_final_150_0016,2,150,backdate,424242,0.5,150,139,0.926667,10.705,39.7032,61,25.0833,1.409786,v2rl302,302,1,4003.1456000000003,109.6802,19.297188,0.18666666666666668,0.02771255502011627
c02_final_150_0016_bd,c02_final_150_0016,2,150,backdate,424242,0.5,150,139,0.926667,10.705,39.7032,61,25.0833,1.409786,v2rl303,303,1,5550.404000000002,109.6802,23.66678533333333,0.20666666666666667,0.02739808801561594
c02_final_150_0016_bd,c02_final_150_0016,2,150,backdate,424242,0.5,150,139,0.926667,10.705,39.7032,61,25.0833,1.409786,v2rl304,304,1,3996.6792000000014,109.6802,18.921988000000002,0.22666666666666666,0.02706427895464003
c02_final_150_0016_bd,c02_final_150_0016,2,150,backdate,424242,0.5,150,139,0.926667,10.705,39.7032,61,25.0833,1.409786,v2rl305,305,1,4902.569999999999,109.6802,22.13625466666667,0.21333333333333335,0.02738197799772024
c02_final_150_0016_bd,c02_final_150_0016,2,150,backdate,424242,0.5,150,139,0.926667,10.705,39.7032,61,25.0833,1.409786,v2rl306,306,1,4896.41,109.6802,21.65132133333333,0.21333333333333335,0.02788726892322302
c02_final_150_0016_bd,c02_final_150_0016,2,150,backdate,424242,0.5,150,139,0.926667,10.705,39.7032,61,25.0833,1.409786,v2rl307,307,1,5170.939200000001,109.6802,20.894321333333338,0.22666666666666666,0.02782328298781067
c02_final_150_0016_bd,c02_final_150_0016,2,150,backdate,424242,0.5,150,139,0.926667,10.705,39.7032,61,25.0833,1.409786,v2rl308,308,1,3612.904,109.6802,18.70365466666667,0.20666666666666667,0.027726967935450375
c02_final_150_0016_bd,c02_final_150_0016,2,150,backdate,424242,0.5,150,139,0.926667,10.705,39.7032,61,25.0833,1.409786,v2rl309,309,1,2703.877200000001,109.6802,15.004921333333332,0.1,0.02799404098186642
c02_final_150_0016_bd,c02_final_150_0016,2,150,backdate,424242,0.5,150,139,0.926667,10.705,39.7032,61,25.0833,1.409786,v2rl310,310,1,3931.2992000000004,109.6802,19.629921333333332,0.22666666666666666,0.028037718031555414
c05_final_150_0000_bd,c05_final_150_0000,5,150,backdate,424242,0.5,150,85,0.566667,19.7117,39.411,79,8.0,0.648707,edd,301,1,0.0,44.5,6.392950666666667,0.0,0.0006529790116474032
c05_final_150_0000_bd,c05_final_150_0000,5,150,backdate,424242,0.5,150,85,0.566667,19.7117,39.411,79,8.0,0.648707,pfifo,301,1,0.0,44.5,6.392950666666667,0.0,0.0006770759355276823
c05_final_150_0000_bd,c05_final_150_0000,5,150,backdate,424242,0.5,150,85,0.566667,19.7117,39.411,79,8.0,0.648707,wspt,301,1,0.0,50.5,5.6096173333333335,0.0,0.0007185189751908183
c05_final_150_0000_bd,c05_final_150_0000,5,150,backdate,424242,0.5,150,85,0.566667,19.7117,39.411,79,8.0,0.648707,atc,301,1,0.0,41.0,5.792950666666666,0.0,0.0014373239828273654
c05_final_150_0000_bd,c05_final_150_0000,5,150,backdate,424242,0.5,150,85,0.566667,19.7117,39.411,79,8.0,0.648707,wmdd,301,1,0.0,44.5,6.392950666666667,0.0,0.0009404609445482492
c05_final_150_0000_bd,c05_final_150_0000,5,150,backdate,424242,0.5,150,85,0.566667,19.7117,39.411,79,8.0,0.648707,lpt,301,1,0.0,40.5,8.819617333333333,0.0,0.0006924689514562488
c05_final_150_0000_bd,c05_final_150_0000,5,150,backdate,424242,0.5,150,85,0.566667,19.7117,39.411,79,8.0,0.648707,random,301,1,0.0,46.5,6.836284000000001,0.0,0.00035542005207389593
c05_final_150_0000_bd,c05_final_150_0000,5,150,backdate,424242,0.5,150,85,0.566667,19.7117,39.411,79,8.0,0.648707,v2rl301,301,1,0.0,40.5,8.259617333333333,0.0,0.03139600600115955
c05_final_150_0000_bd,c05_final_150_0000,5,150,backdate,424242,0.5,150,85,0.566667,19.7117,39.411,79,8.0,0.648707,v2rl302,302,1,0.0,41.5,8.232950666666666,0.0,0.03090429794974625
c05_final_150_0000_bd,c05_final_150_0000,5,150,backdate,424242,0.5,150,85,0.566667,19.7117,39.411,79,8.0,0.648707,v2rl303,303,1,0.0,41.5,8.199617333333332,0.0,0.030912769958376884
c05_final_150_0000_bd,c05_final_150_0000,5,150,backdate,424242,0.5,150,85,0.566667,19.7117,39.411,79,8.0,0.648707,v2rl304,304,1,0.0,40.5,7.089617333333332,0.0,0.030984920915216208
c05_final_150_0000_bd,c05_final_150_0000,5,150,backdate,424242,0.5,150,85,0.566667,19.7117,39.411,79,8.0,0.648707,v2rl305,305,1,0.0,41.5,8.199617333333332,0.0,0.031364675029180944
c05_final_150_0000_bd,c05_final_150_0000,5,150,backdate,424242,0.5,150,85,0.566667,19.7117,39.411,79,8.0,0.648707,v2rl306,306,1,0.0,41.5,8.232950666666667,0.0,0.0316293389769271
c05_final_150_0000_bd,c05_final_150_0000,5,150,backdate,424242,0.5,150,85,0.566667,19.7117,39.411,79,8.0,0.648707,v2rl307,307,1,0.0,41.0,5.826284,0.0,0.031562210991978645
c05_final_150_0000_bd,c05_final_150_0000,5,150,backdate,424242,0.5,150,85,0.566667,19.7117,39.411,79,8.0,0.648707,v2rl308,308,1,0.0,41.5,8.212950666666666,0.0,0.031716532073915005
c05_final_150_0000_bd,c05_final_150_0000,5,150,backdate,424242,0.5,150,85,0.566667,19.7117,39.411,79,8.0,0.648707,v2rl309,309,1,0.0,41.5,8.212950666666668,0.0,0.031587534002028406
c05_final_150_0000_bd,c05_final_150_0000,5,150,backdate,424242,0.5,150,85,0.566667,19.7117,39.411,79,8.0,0.648707,v2rl310,310,1,0.0,40.5,8.152950666666667,0.0,0.03160802903585136
c05_final_150_0001_bd,c05_final_150_0001,5,150,backdate,424242,0.5,150,150,1.0,21.3793,39.846,131,10.6764,0.29795,edd,301,1,0.0,39.5,2.7659373333333335,0.0,0.0006189000559970737
c05_final_150_0001_bd,c05_final_150_0001,5,150,backdate,424242,0.5,150,150,1.0,21.3793,39.846,131,10.6764,0.29795,pfifo,301,1,0.0,39.5,2.7659373333333335,0.0,0.0006323140114545822
c05_final_150_0001_bd,c05_final_150_0001,5,150,backdate,424242,0.5,150,150,1.0,21.3793,39.846,131,10.6764,0.29795,wspt,301,1,0.0,39.5,2.72177,0.0,0.0006662230007350445
c05_final_150_0001_bd,c05_final_150_0001,5,150,backdate,424242,0.5,150,150,1.0,21.3793,39.846,131,10.6764,0.29795,atc,301,1,0.0,39.5,2.72177,0.0,0.001292108092457056
c05_final_150_0001_bd,c05_final_150_0001,5,150,backdate,424242,0.5,150,150,1.0,21.3793,39.846,131,10.6764,0.29795,wmdd,301,1,0.0,39.5,2.7659373333333335,0.0,0.0008912970079109073
c05_final_150_0001_bd,c05_final_150_0001,5,150,backdate,424242,0.5,150,150,1.0,21.3793,39.846,131,10.6764,0.29795,lpt,301,1,0.0,39.5,2.907708,0.0,0.0005882550030946732
c05_final_150_0001_bd,c05_final_150_0001,5,150,backdate,424242,0.5,150,150,1.0,21.3793,39.846,131,10.6764,0.29795,random,301,1,0.0,39.5,2.75977,0.0,0.0003483239561319351
c05_final_150_0001_bd,c05_final_150_0001,5,150,backdate,424242,0.5,150,150,1.0,21.3793,39.846,131,10.6764,0.29795,v2rl301,301,1,0.0,39.5,2.8950413333333334,0.0,0.03013807302340865
c05_final_150_0001_bd,c05_final_150_0001,5,150,backdate,424242,0.5,150,150,1.0,21.3793,39.846,131,10.6764,0.29795,v2rl302,302,1,0.0,39.5,2.907708,0.0,0.029787377920001745
c05_final_150_0001_bd,c05_final_150_0001,5,150,backdate,424242,0.5,150,150,1.0,21.3793,39.846,131,10.6764,0.29795,v2rl303,303,1,0.0,39.5,2.907708,0.0,0.0298013020073995
c05_final_150_0001_bd,c05_final_150_0001,5,150,backdate,424242,0.5,150,150,1.0,21.3793,39.846,131,10.6764,0.29795,v2rl304,304,1,0.0,39.5,2.72177,0.0,0.02958187705371529
c05_final_150_0001_bd,c05_final_150_0001,5,150,backdate,424242,0.5,150,150,1.0,21.3793,39.846,131,10.6764,0.29795,v2rl305,305,1,0.0,39.5,2.907708,0.0,0.028782234992831945
c05_final_150_0001_bd,c05_final_150_0001,5,150,backdate,424242,0.5,150,150,1.0,21.3793,39.846,131,10.6764,0.29795,v2rl306,306,1,0.0,39.5,2.907708,0.0,0.02961534494534135
c05_final_150_0001_bd,c05_final_150_0001,5,150,backdate,424242,0.5,150,150,1.0,21.3793,39.846,131,10.6764,0.29795,v2rl307,307,1,0.0,39.5,2.72177,0.0,0.028755274950526655
c05_final_150_0001_bd,c05_final_150_0001,5,150,backdate,424242,0.5,150,150,1.0,21.3793,39.846,131,10.6764,0.29795,v2rl308,308,1,0.0,39.5,2.8350413333333333,0.0,0.02885355707257986
c05_final_150_0001_bd,c05_final_150_0001,5,150,backdate,424242,0.5,150,150,1.0,21.3793,39.846,131,10.6764,0.29795,v2rl309,309,1,0.0,39.5,2.907708,0.0,0.02882123994641006
c05_final_150_0001_bd,c05_final_150_0001,5,150,backdate,424242,0.5,150,150,1.0,21.3793,39.846,131,10.6764,0.29795,v2rl310,310,1,0.0,39.5,2.735103333333333,0.0,0.029012709041126072
c05_final_150_0002_bd,c05_final_150_0002,5,150,backdate,424242,0.5,150,150,1.0,20.7804,39.7803,135,15.3025,0.270916,edd,301,1,0.0,34.0,4.145040000000001,0.0,0.0005841009551659226
c05_final_150_0002_bd,c05_final_150_0002,5,150,backdate,424242,0.5,150,150,1.0,20.7804,39.7803,135,15.3025,0.270916,pfifo,301,1,0.0,34.0,4.145040000000001,0.0,0.000573516939766705
c05_final_150_0002_bd,c05_final_150_0002,5,150,backdate,424242,0.5,150,150,1.0,20.7804,39.7803,135,15.3025,0.270916,wspt,301,1,0.0,39.0,3.6937973333333334,0.0,0.0005865630228072405
c05_final_150_0002_bd,c05_final_150_0002,5,150,backdate,424242,0.5,150,150,1.0,20.7804,39.7803,135,15.3025,0.270916,atc,301,1,0.0,39.0,3.6937973333333334,0.0,0.0010859910398721695
c05_final_150_0002_bd,c05_final_150_0002,5,150,backdate,424242,0.5,150,150,1.0,20.7804,39.7803,135,15.3025,0.270916,wmdd,301,1,0.0,34.0,4.145040000000001,0.0,0.0007567809661850333
c05_final_150_0002_bd,c05_final_150_0002,5,150,backdate,424242,0.5,150,150,1.0,20.7804,39.7803,135,15.3025,0.270916,lpt,301,1,0.0,34.0,4.478793333333333,0.0,0.000533315003849566
c05_final_150_0002_bd,c05_final_150_0002,5,150,backdate,424242,0.5,150,150,1.0,20.7804,39.7803,135,15.3025,0.270916,random,301,1,0.0,39.0,3.8858740000000003,0.0,0.00034384208265691996
c05_final_150_0002_bd,c05_final_150_0002,5,150,backdate,424242,0.5,150,150,1.0,20.7804,39.7803,135,15.3025,0.270916,v2rl301,301,1,0.0,34.0,4.444126666666666,0.0,0.029559041024185717
c05_final_150_0002_bd,c05_final_150_0002,5,150,backdate,424242,0.5,150,150,1.0,20.7804,39.7803,135,15.3025,0.270916,v2rl302,302,1,0.0,34.0,4.478793333333333,0.0,0.029014886007644236
c05_final_150_0002_bd,c05_final_150_0002,5,150,backdate,424242,0.5,150,150,1.0,20.7804,39.7803,135,15.3025,0.270916,v2rl303,303,1,0.0,34.0,4.478793333333333,0.0,0.029011556995101273
c05_final_150_0002_bd,c05_final_150_0002,5,150,backdate,424242,0.5,150,150,1.0,20.7804,39.7803,135,15.3025,0.270916,v2rl304,304,1,0.0,34.0,4.0017759999999996,0.0,0.02858362894039601
c05_final_150_0002_bd,c05_final_150_0002,5,150,backdate,424242,0.5,150,150,1.0,20.7804,39.7803,135,15.3025,0.270916,v2rl305,305,1,0.0,34.0,4.438793333333333,0.0,0.028307717060670257
c05_final_150_0002_bd,c05_final_150_0002,5,150,backdate,424242,0.5,150,150,1.0,20.7804,39.7803,135,15.3025,0.270916,v2rl306,306,1,0.0,34.0,4.478793333333333,0.0,0.028959020972251892
c05_final_150_0002_bd,c05_final_150_0002,5,150,backdate,424242,0.5,150,150,1.0,20.7804,39.7803,135,15.3025,0.270916,v2rl307,307,1,0.0,34.0,4.045776,0.0,0.02815653698053211
c05_final_150_0002_bd,c05_final_150_0002,5,150,backdate,424242,0.5,150,150,1.0,20.7804,39.7803,135,15.3025,0.270916,v2rl308,308,1,0.0,34.0,4.380793333333333,0.0,0.02819055796135217
c05_final_150_0002_bd,c05_final_150_0002,5,150,backdate,424242,0.5,150,150,1.0,20.7804,39.7803,135,15.3025,0.270916,v2rl309,309,1,0.0,34.0,4.478793333333333,0.0,0.028208112926222384
c05_final_150_0002_bd,c05_final_150_0002,5,150,backdate,424242,0.5,150,150,1.0,20.7804,39.7803,135,15.3025,0.270916,v2rl310,310,1,0.0,34.0,4.1364426666666665,0.0,0.02842434891499579
c05_final_150_0003_bd,c05_final_150_0003,5,150,backdate,424242,0.5,150,102,0.68,21.7643,39.578,97,11.0142,0.470787,edd,301,1,0.0,41.0,6.993134666666668,0.0,0.0005583609454333782
c05_final_150_0003_bd,c05_final_150_0003,5,150,backdate,424242,0.5,150,102,0.68,21.7643,39.578,97,11.0142,0.470787,pfifo,301,1,0.0,41.0,6.993134666666668,0.0,0.0005595789989456534
c05_final_150_0003_bd,c05_final_150_0003,5,150,backdate,424242,0.5,150,102,0.68,21.7643,39.578,97,11.0142,0.470787,wspt,301,1,0.0,41.0,6.629801333333333,0.0,0.0005713839782401919
c05_final_150_0003_bd,c05_final_150_0003,5,150,backdate,424242,0.5,150,102,0.68,21.7643,39.578,97,11.0142,0.470787,atc,301,1,0.0,41.0,6.629801333333333,0.0,0.001030544051900506
c05_final_150_0003_bd,c05_final_150_0003,5,150,backdate,424242,0.5,150,102,0.68,21.7643,39.578,97,11.0142,0.470787,wmdd,301,1,0.0,41.0,6.993134666666668,0.0,0.0007384610362350941
c05_final_150_0003_bd,c05_final_150_0003,5,150,backdate,424242,0.5,150,102,0.68,21.7643,39.578,97,11.0142,0.470787,lpt,301,1,0.0,41.0,7.613071999999999,0.0,0.000525168958120048
c05_final_150_0003_bd,c05_final_150_0003,5,150,backdate,424242,0.5,150,102,0.68,21.7643,39.578,97,11.0142,0.470787,random,301,1,0.0,41.0,6.876336666666666,0.0,0.0003470410592854023
c05_final_150_0003_bd,c05_final_150_0003,5,150,backdate,424242,0.5,150,102,0.68,21.7643,39.578,97,11.0142,0.470787,v2rl301,301,1,0.0,41.0,7.613072000000001,0.0,0.029106572968885303
c05_final_150_0003_bd,c05_final_150_0003,5,150,backdate,424242,0.5,150,102,0.68,21.7643,39.578,97,11.0142,0.470787,v2rl302,302,1,0.0,41.0,7.613072000000001,0.0,0.029023229028098285
c05_final_150_0003_bd,c05_final_150_0003,5,150,backdate,424242,0.5,150,102,0.68,21.7643,39.578,97,11.0142,0.470787,v2rl303,303,1,0.0,41.0,7.613071999999999,0.0,0.028862525010481477
c05_final_150_0003_bd,c05_final_150_0003,5,150,backdate,424242,0.5,150,102,0.68,21.7643,39.578,97,11.0142,0.470787,v2rl304,304,1,0.0,41.0,6.999740666666663,0.0,0.028131605009548366
c05_final_150_0003_bd,c05_final_150_0003,5,150,backdate,424242,0.5,150,102,0.68,21.7643,39.578,97,11.0142,0.470787,v2rl305,305,1,0.0,41.0,7.613072000000001,0.0,0.02906563098076731
c05_final_150_0003_bd,c05_final_150_0003,5,150,backdate,424242,0.5,150,102,0.68,21.7643,39.578,97,11.0142,0.470787,v2rl306,306,1,0.0,41.0,7.613072000000001,0.0,0.028203450958244503
c05_final_150_0003_bd,c05_final_150_0003,5,150,backdate,424242,0.5,150,102,0.68,21.7643,39.578,97,11.0142,0.470787,v2rl307,307,1,0.0,41.0,6.9430700000000005,0.0,0.028152851969935
c05_final_150_0003_bd,c05_final_150_0003,5,150,backdate,424242,0.5,150,102,0.68,21.7643,39.578,97,11.0142,0.470787,v2rl308,308,1,0.0,41.0,7.469738666666665,0.0,0.028179460088722408
c05_final_150_0003_bd,c05_final_150_0003,5,150,backdate,424242,0.5,150,102,0.68,21.7643,39.578,97,11.0142,0.470787,v2rl309,309,1,0.0,41.0,7.613072000000001,0.0,0.028322677011601627
c05_final_150_0003_bd,c05_final_150_0003,5,150,backdate,424242,0.5,150,102,0.68,21.7643,39.578,97,11.0142,0.470787,v2rl310,310,1,0.0,41.0,7.5497386666666655,0.0,0.028331968933343887
c05_final_150_0004_bd,c05_final_150_0004,5,150,backdate,424242,0.5,150,147,0.98,19.9328,39.8857,117,16.0,0.30819,edd,301,1,15.0,87.5,4.2904393333333335,0.006666666666666667,0.0005407839780673385
c05_final_150_0004_bd,c05_final_150_0004,5,150,backdate,424242,0.5,150,147,0.98,19.9328,39.8857,117,16.0,0.30819,pfifo,301,1,15.0,87.5,4.2904393333333335,0.006666666666666667,0.0005324420053511858
c05_final_150_0004_bd,c05_final_150_0004,5,150,backdate,424242,0.5,150,147,0.98,19.9328,39.8857,117,16.0,0.30819,wspt,301,1,15.0,87.5,4.177366,0.006666666666666667,0.0005316779715940356
c05_final_150_0004_bd,c05_final_150_0004,5,150,backdate,424242,0.5,150,147,0.98,19.9328,39.8857,117,16.0,0.30819,atc,301,1,15.0,87.5,4.294028666666667,0.006666666666666667,0.0009439220884814858
c05_final_150_0004_bd,c05_final_150_0004,5,150,backdate,424242,0.5,150,147,0.98,19.9328,39.8857,117,16.0,0.30819,wmdd,301,1,15.0,87.5,4.2904393333333335,0.006666666666666667,0.0006683729588985443
c05_final_150_0004_bd,c05_final_150_0004,5,150,backdate,424242,0.5,150,147,0.98,19.9328,39.8857,117,16.0,0.30819,lpt,301,1,15.0,87.5,4.558439333333333,0.006666666666666667,0.0004944250686094165
c05_final_150_0004_bd,c05_final_150_0004,5,150,backdate,424242,0.5,150,147,0.98,19.9328,39.8857,117,16.0,0.30819,random,301,1,15.0,87.5,4.366439333333333,0.006666666666666667,0.00033851503394544125
c05_final_150_0004_bd,c05_final_150_0004,5,150,backdate,424242,0.5,150,147,0.98,19.9328,39.8857,117,16.0,0.30819,v2rl301,301,1,15.0,87.5,4.558439333333333,0.006666666666666667,0.02857909689191729
c05_final_150_0004_bd,c05_final_150_0004,5,150,backdate,424242,0.5,150,147,0.98,19.9328,39.8857,117,16.0,0.30819,v2rl302,302,1,15.0,87.5,4.558439333333333,0.006666666666666667,0.028422469040378928
c05_final_150_0004_bd,c05_final_150_0004,5,150,backdate,424242,0.5,150,147,0.98,19.9328,39.8857,117,16.0,0.30819,v2rl303,303,1,15.0,87.5,4.5517726666666665,0.006666666666666667,0.027978893951512873
c05_final_150_0004_bd,c05_final_150_0004,5,150,backdate,424242,0.5,150,147,0.98,19.9328,39.8857,117,16.0,0.30819,v2rl304,304,1,15.0,87.5,4.314028666666666,0.006666666666666667,0.02741088205948472
c05_final_150_0004_bd,c05_final_150_0004,5,150,backdate,424242,0.5,150,147,0.98,19.9328,39.8857,117,16.0,0.30819,v2rl305,305,1,15.0,87.5,4.558439333333333,0.006666666666666667,0.0282826159382239
c05_final_150_0004_bd,c05_final_150_0004,5,150,backdate,424242,0.5,150,147,0.98,19.9328,39.8857,117,16.0,0.30819,v2rl306,306,1,15.0,87.5,4.558439333333333,0.006666666666666667,0.027433554991148412
c05_final_150_0004_bd,c05_final_150_0004,5,150,backdate,424242,0.5,150,147,0.98,19.9328,39.8857,117,16.0,0.30819,v2rl307,307,1,15.0,87.5,4.319361999999999,0.006666666666666667,0.02729217999149114
c05_final_150_0004_bd,c05_final_150_0004,5,150,backdate,424242,0.5,150,147,0.98,19.9328,39.8857,117,16.0,0.30819,v2rl308,308,1,15.0,87.5,4.538439333333333,0.006666666666666667,0.02747382700908929
c05_final_150_0004_bd,c05_final_150_0004,5,150,backdate,424242,0.5,150,147,0.98,19.9328,39.8857,117,16.0,0.30819,v2rl309,309,1,15.0,87.5,4.558439333333333,0.006666666666666667,0.02748983004130423
c05_final_150_0004_bd,c05_final_150_0004,5,150,backdate,424242,0.5,150,147,0.98,19.9328,39.8857,117,16.0,0.30819,v2rl310,310,1,15.0,87.5,4.309361999999999,0.006666666666666667,0.027530335006304085
c05_final_150_0005_bd,c05_final_150_0005,5,150,backdate,424242,0.5,150,150,1.0,18.9261,39.8627,117,16.0,0.369378,edd,301,1,21.729600000000005,90.8648,4.906401333333333,0.006666666666666667,0.000551659963093698
c05_final_150_0005_bd,c05_final_150_0005,5,150,backdate,424242,0.5,150,150,1.0,18.9261,39.8627,117,16.0,0.369378,pfifo,301,1,21.729600000000005,90.8648,4.906401333333333,0.006666666666666667,0.0005429539596661925
c05_final_150_0005_bd,c05_final_150_0005,5,150,backdate,424242,0.5,150,150,1.0,18.9261,39.8627,117,16.0,0.369378,wspt,301,1,21.729600000000005,90.8648,4.8097346666666665,0.006666666666666667,0.0005394929321482778
c05_final_150_0005_bd,c05_final_150_0005,5,150,backdate,424242,0.5,150,150,1.0,18.9261,39.8627,117,16.0,0.369378,atc,301,1,21.729600000000005,90.8648,4.8097346666666665,0.006666666666666667,0.0009645059471949935
c05_final_150_0005_bd,c05_final_150_0005,5,150,backdate,424242,0.5,150,150,1.0,18.9261,39.8627,117,16.0,0.369378,wmdd,301,1,21.729600000000005,90.8648,4.906401333333333,0.006666666666666667,0.0006844130111858249
c05_final_150_0005_bd,c05_final_150_0005,5,150,backdate,424242,0.5,150,150,1.0,18.9261,39.8627,117,16.0,0.369378,lpt,301,1,21.729600000000005,90.8648,5.074053333333333,0.006666666666666667,0.0004959290381520987
c05_final_150_0005_bd,c05_final_150_0005,5,150,backdate,424242,0.5,150,150,1.0,18.9261,39.8627,117,16.0,0.369378,random,301,1,21.729600000000005,90.8648,4.878401333333333,0.006666666666666667,0.0003456830745562911
c05_final_150_0005_bd,c05_final_150_0005,5,150,backdate,424242,0.5,150,150,1.0,18.9261,39.8627,117,16.0,0.369378,v2rl301,301,1,21.729600000000005,90.8648,5.074053333333333,0.006666666666666667,0.028659512056037784
c05_final_150_0005_bd,c05_final_150_0005,5,150,backdate,424242,0.5,150,150,1.0,18.9261,39.8627,117,16.0,0.369378,v2rl302,302,1,21.729600000000005,90.8648,5.074053333333333,0.006666666666666667,0.028541706036776304
c05_final_150_0005_bd,c05_final_150_0005,5,150,backdate,424242,0.5,150,150,1.0,18.9261,39.8627,117,16.0,0.369378,v2rl303,303,1,21.729600000000005,90.8648,5.074053333333333,0.006666666666666667,0.028159382985904813
c05_final_150_0005_bd,c05_final_150_0005,5,150,backdate,424242,0.5,150,150,1.0,18.9261,39.8627,117,16.0,0.369378,v2rl304,304,1,21.729600000000005,90.8648,4.847734666666667,0.006666666666666667,0.02757809904869646
c05_final_150_0005_bd,c05_final_150_0005,5,150,backdate,424242,0.5,150,150,1.0,18.9261,39.8627,117,16.0,0.369378,v2rl305,305,1,21.729600000000005,90.8648,5.074053333333333,0.006666666666666667,0.028514837962575257
c05_final_150_0005_bd,c05_final_150_0005,5,150,backdate,424242,0.5,150,150,1.0,18.9261,39.8627,117,16.0,0.369378,v2rl306,306,1,21.729600000000005,90.8648,5.074053333333333,0.006666666666666667,0.027561850962229073
c05_final_150_0005_bd,c05_final_150_0005,5,150,backdate,424242,0.5,150,150,1.0,18.9261,39.8627,117,16.0,0.369378,v2rl307,307,1,21.729600000000005,90.8648,4.854401333333334,0.006666666666666667,0.027366070076823235
c05_final_150_0005_bd,c05_final_150_0005,5,150,backdate,424242,0.5,150,150,1.0,18.9261,39.8627,117,16.0,0.369378,v2rl308,308,1,21.729600000000005,90.8648,5.064053333333333,0.006666666666666667,0.02757497096899897
c05_final_150_0005_bd,c05_final_150_0005,5,150,backdate,424242,0.5,150,150,1.0,18.9261,39.8627,117,16.0,0.369378,v2rl309,309,1,21.729600000000005,90.8648,5.074053333333333,0.006666666666666667,0.02769369096495211
c05_final_150_0005_bd,c05_final_150_0005,5,150,backdate,424242,0.5,150,150,1.0,18.9261,39.8627,117,16.0,0.369378,v2rl310,310,1,21.729600000000005,90.8648,4.866726,0.006666666666666667,0.027685272973030806
c05_final_150_0006_bd,c05_final_150_0006,5,150,backdate,424242,0.5,150,148,0.986667,21.1132,39.9556,114,18.5356,0.166781,edd,301,1,0.0,30.0,2.8219833333333333,0.0,0.0005392010789364576
c05_final_150_0006_bd,c05_final_150_0006,5,150,backdate,424242,0.5,150,148,0.986667,21.1132,39.9556,114,18.5356,0.166781,pfifo,301,1,0.0,30.0,2.8219833333333333,0.0,0.0005298779578879476
c05_final_150_0006_bd,c05_final_150_0006,5,150,backdate,424242,0.5,150,148,0.986667,21.1132,39.9556,114,18.5356,0.166781,wspt,301,1,0.0,30.0,2.7186500000000002,0.0,0.0005401030648499727
c05_final_150_0006_bd,c05_final_150_0006,5,150,backdate,424242,0.5,150,148,0.986667,21.1132,39.9556,114,18.5356,0.166781,atc,301,1,0.0,30.0,2.7186500000000002,0.0,0.000905181048437953
c05_final_150_0006_bd,c05_final_150_0006,5,150,backdate,424242,0.5,150,148,0.986667,21.1132,39.9556,114,18.5356,0.166781,wmdd,301,1,0.0,30.0,2.8219833333333333,0.0,0.0006506149657070637
c05_final_150_0006_bd,c05_final_150_0006,5,150,backdate,424242,0.5,150,148,0.986667,21.1132,39.9556,114,18.5356,0.166781,lpt,301,1,0.0,30.0,2.9179833333333334,0.0,0.00048246001824736595
c05_final_150_0006_bd,c05_final_150_0006,5,150,backdate,424242,0.5,150,148,0.986667,21.1132,39.9556,114,18.5356,0.166781,random,301,1,0.0,30.0,2.7806499999999996,0.0,0.00034169096034020185
c05_final_150_0006_bd,c05_final_150_0006,5,150,backdate,424242,0.5,150,148,0.986667,21.1132,39.9556,114,18.5356,0.166781,v2rl301,301,1,0.0,30.0,2.9179833333333334,0.0,0.02838264696765691
c05_final_150_0006_bd,c05_final_150_0006,5,150,backdate,424242,0.5,150,148,0.986667,21.1132,39.9556,114,18.5356,0.166781,v2rl302,302,1,0.0,30.0,2.9179833333333334,0.0,0.02808948198799044
c05_final_150_0006_bd,c05_final_150_0006,5,150,backdate,424242,0.5,150,148,0.986667,21.1132,39.9556,114,18.5356,0.166781,v2rl303,303,1,0.0,30.0,2.9179833333333334,0.0,0.02775427105370909
c05_final_150_0006_bd,c05_final_150_0006,5,150,backdate,424242,0.5,150,148,0.986667,21.1132,39.9556,114,18.5356,0.166781,v2rl304,304,1,0.0,30.0,2.7253166666666666,0.0,0.02725688403006643
c05_final_150_0006_bd,c05_final_150_0006,5,150,backdate,424242,0.5,150,148,0.986667,21.1132,39.9556,114,18.5356,0.166781,v2rl305,305,1,0.0,30.0,2.9179833333333334,0.0,0.028193378006108105
c05_final_150_0006_bd,c05_final_150_0006,5,150,backdate,424242,0.5,150,148,0.986667,21.1132,39.9556,114,18.5356,0.166781,v2rl306,306,1,0.0,30.0,2.9179833333333334,0.0,0.027231919928453863
c05_final_150_0006_bd,c05_final_150_0006,5,150,backdate,424242,0.5,150,148,0.986667,21.1132,39.9556,114,18.5356,0.166781,v2rl307,307,1,0.0,30.0,2.73065,0.0,0.02711229003034532
c05_final_150_0006_bd,c05_final_150_0006,5,150,backdate,424242,0.5,150,148,0.986667,21.1132,39.9556,114,18.5356,0.166781,v2rl308,308,1,0.0,30.0,2.8913166666666665,0.0,0.027218771050684154
c05_final_150_0006_bd,c05_final_150_0006,5,150,backdate,424242,0.5,150,148,0.986667,21.1132,39.9556,114,18.5356,0.166781,v2rl309,309,1,0.0,30.0,2.9179833333333334,0.0,0.027392528019845486
c05_final_150_0006_bd,c05_final_150_0006,5,150,backdate,424242,0.5,150,148,0.986667,21.1132,39.9556,114,18.5356,0.166781,v2rl310,310,1,0.0,30.0,2.81265,0.0,0.02739683899562806
c05_final_150_0007_bd,c05_final_150_0007,5,150,backdate,424242,0.5,150,140,0.933333,20.5746,39.9289,119,15.4717,0.25652,edd,301,1,0.0,31.0,3.484701333333333,0.0,0.0005799310747534037
c05_final_150_0007_bd,c05_final_150_0007,5,150,backdate,424242,0.5,150,140,0.933333,20.5746,39.9289,119,15.4717,0.25652,pfifo,301,1,0.0,31.0,3.484701333333333,0.0,0.000573960947804153
c05_final_150_0007_bd,c05_final_150_0007,5,150,backdate,424242,0.5,150,140,0.933333,20.5746,39.9289,119,15.4717,0.25652,wspt,301,1,0.0,33.0,3.4369753333333333,0.0,0.0005714190192520618
c05_final_150_0007_bd,c05_final_150_0007,5,150,backdate,424242,0.5,150,140,0.933333,20.5746,39.9289,119,15.4717,0.25652,atc,301,1,0.0,31.0,3.4369753333333333,0.0,0.001046526012942195
c05_final_150_0007_bd,c05_final_150_0007,5,150,backdate,424242,0.5,150,140,0.933333,20.5746,39.9289,119,15.4717,0.25652,wmdd,301,1,0.0,31.0,3.484701333333333,0.0,0.0007157260552048683
c05_final_150_0007_bd,c05_final_150_0007,5,150,backdate,424242,0.5,150,140,0.933333,20.5746,39.9289,119,15.4717,0.25652,lpt,301,1,0.0,31.0,3.6458459999999997,0.0,0.0005453319754451513
c05_final_150_0007_bd,c05_final_150_0007,5,150,backdate,424242,0.5,150,140,0.933333,20.5746,39.9289,119,15.4717,0.25652,random,301,1,0.0,31.0,3.5003086666666663,0.0,0.00034256698563694954
c05_final_150_0007_bd,c05_final_150_0007,5,150,backdate,424242,0.5,150,140,0.933333,20.5746,39.9289,119,15.4717,0.25652,v2rl301,301,1,0.0,31.0,3.6458459999999997,0.0,0.02914766501635313
c05_final_150_0007_bd,c05_final_150_0007,5,150,backdate,424242,0.5,150,140,0.933333,20.5746,39.9289,119,15.4717,0.25652,v2rl302,302,1,0.0,31.0,3.6458459999999997,0.0,0.02895033801905811
c05_final_150_0007_bd,c05_final_150_0007,5,150,backdate,424242,0.5,150,140,0.933333,20.5746,39.9289,119,15.4717,0.25652,v2rl303,303,1,0.0,31.0,3.6458459999999997,0.0,0.028528520953841507
c05_final_150_0007_bd,c05_final_150_0007,5,150,backdate,424242,0.5,150,140,0.933333,20.5746,39.9289,119,15.4717,0.25652,v2rl304,304,1,0.0,31.0,3.4413679999999998,0.0,0.028324048966169357
c05_final_150_0007_bd,c05_final_150_0007,5,150,backdate,424242,0.5,150,140,0.933333,20.5746,39.9289,119,15.4717,0.25652,v2rl305,305,1,0.0,31.0,3.6458459999999997,0.0,0.02889943099580705
c05_final_150_0007_bd,c05_final_150_0007,5,150,backdate,424242,0.5,150,140,0.933333,20.5746,39.9289,119,15.4717,0.25652,v2rl306,306,1,0.0,31.0,3.6458459999999997,0.0,0.02816625207196921
c05_final_150_0007_bd,c05_final_150_0007,5,150,backdate,424242,0.5,150,140,0.933333,20.5746,39.9289,119,15.4717,0.25652,v2rl307,307,1,0.0,31.0,3.4480346666666657,0.0,0.02817326202057302
c05_final_150_0007_bd,c05_final_150_0007,5,150,backdate,424242,0.5,150,140,0.933333,20.5746,39.9289,119,15.4717,0.25652,v2rl308,308,1,0.0,31.0,3.6425126666666667,0.0,0.028171924990601838
c05_final_150_0007_bd,c05_final_150_0007,5,150,backdate,424242,0.5,150,140,0.933333,20.5746,39.9289,119,15.4717,0.25652,v2rl309,309,1,0.0,31.0,3.6458459999999997,0.0,0.028337180032394826
c05_final_150_0007_bd,c05_final_150_0007,5,150,backdate,424242,0.5,150,140,0.933333,20.5746,39.9289,119,15.4717,0.25652,v2rl310,310,1,0.0,31.0,3.4980346666666664,0.0,0.028331762994639575
c05_final_150_0008_bd,c05_final_150_0008,5,150,backdate,424242,0.5,150,145,0.966667,19.5248,39.8336,95,30.2264,0.164524,edd,301,1,0.0,109.6395,3.923990666666667,0.0,0.0005526820896193385
c05_final_150_0008_bd,c05_final_150_0008,5,150,backdate,424242,0.5,150,145,0.966667,19.5248,39.8336,95,30.2264,0.164524,pfifo,301,1,0.0,109.6395,3.923990666666667,0.0,0.0005293419817462564
c05_final_150_0008_bd,c05_final_150_0008,5,150,backdate,424242,0.5,150,145,0.966667,19.5248,39.8336,95,30.2264,0.164524,wspt,301,1,0.0,109.6395,3.923990666666667,0.0,0.0005280659534037113
c05_final_150_0008_bd,c05_final_150_0008,5,150,backdate,424242,0.5,150,145,0.966667,19.5248,39.8336,95,30.2264,0.164524,atc,301,1,0.0,109.6395,3.923990666666667,0.0,0.0009009269997477531
c05_final_150_0008_bd,c05_final_150_0008,5,150,backdate,424242,0.5,150,145,0.966667,19.5248,39.8336,95,30.2264,0.164524,wmdd,301,1,0.0,109.6395,3.923990666666667,0.0,0.0006593440193682909
c05_final_150_0008_bd,c05_final_150_0008,5,150,backdate,424242,0.5,150,145,0.966667,19.5248,39.8336,95,30.2264,0.164524,lpt,301,1,0.0,109.6395,3.9400846666666665,0.0,0.0004961149534210563
c05_final_150_0008_bd,c05_final_150_0008,5,150,backdate,424242,0.5,150,145,0.966667,19.5248,39.8336,95,30.2264,0.164524,random,301,1,0.0,109.6395,3.9282019999999997,0.0,0.00035374099388718605
c05_final_150_0008_bd,c05_final_150_0008,5,150,backdate,424242,0.5,150,145,0.966667,19.5248,39.8336,95,30.2264,0.164524,v2rl301,301,1,0.0,109.6395,3.9400846666666665,0.0,0.028622179059311748
c05_final_150_0008_bd,c05_final_150_0008,5,150,backdate,424242,0.5,150,145,0.966667,19.5248,39.8336,95,30.2264,0.164524,v2rl302,302,1,0.0,109.6395,3.9400846666666665,0.0,0.028356906957924366
c05_final_150_0008_bd,c05_final_150_0008,5,150,backdate,424242,0.5,150,145,0.966667,19.5248,39.8336,95,30.2264,0.164524,v2rl303,303,1,0.0,109.6395,3.9400846666666665,0.0,0.027760175988078117
c05_final_150_0008_bd,c05_final_150_0008,5,150,backdate,424242,0.5,150,145,0.966667,19.5248,39.8336,95,30.2264,0.164524,v2rl304,304,1,0.0,109.6395,3.923990666666667,0.0,0.027972472948022187
c05_final_150_0008_bd,c05_final_150_0008,5,150,backdate,424242,0.5,150,145,0.966667,19.5248,39.8336,95,30.2264,0.164524,v2rl305,305,1,0.0,109.6395,3.9400846666666665,0.0,0.028055907925590873
c05_final_150_0008_bd,c05_final_150_0008,5,150,backdate,424242,0.5,150,145,0.966667,19.5248,39.8336,95,30.2264,0.164524,v2rl306,306,1,0.0,109.6395,3.9400846666666665,0.0,0.02764778002165258
c05_final_150_0008_bd,c05_final_150_0008,5,150,backdate,424242,0.5,150,145,0.966667,19.5248,39.8336,95,30.2264,0.164524,v2rl307,307,1,0.0,109.6395,3.923990666666667,0.0,0.027523115975782275
c05_final_150_0008_bd,c05_final_150_0008,5,150,backdate,424242,0.5,150,145,0.966667,19.5248,39.8336,95,30.2264,0.164524,v2rl308,308,1,0.0,109.6395,3.9400846666666665,0.0,0.027628483017906547
c05_final_150_0008_bd,c05_final_150_0008,5,150,backdate,424242,0.5,150,145,0.966667,19.5248,39.8336,95,30.2264,0.164524,v2rl309,309,1,0.0,109.6395,3.9400846666666665,0.0,0.027814746950753033
c05_final_150_0008_bd,c05_final_150_0008,5,150,backdate,424242,0.5,150,145,0.966667,19.5248,39.8336,95,30.2264,0.164524,v2rl310,310,1,0.0,109.6395,3.923990666666667,0.0,0.027845449978485703
c05_final_150_0009_bd,c05_final_150_0009,5,150,backdate,424242,0.5,150,148,0.986667,17.4264,39.9944,144,4.9972,0.735239,edd,301,1,16.0,88.0,3.3304766666666668,0.006666666666666667,0.0007555040065199137
c05_final_150_0009_bd,c05_final_150_0009,5,150,backdate,424242,0.5,150,148,0.986667,17.4264,39.9944,144,4.9972,0.735239,pfifo,301,1,16.0,88.0,3.3304766666666668,0.006666666666666667,0.0007956880144774914
c05_final_150_0009_bd,c05_final_150_0009,5,150,backdate,424242,0.5,150,148,0.986667,17.4264,39.9944,144,4.9972,0.735239,wspt,301,1,18.0,89.0,3.19696,0.006666666666666667,0.0008475679205730557
c05_final_150_0009_bd,c05_final_150_0009,5,150,backdate,424242,0.5,150,148,0.986667,17.4264,39.9944,144,4.9972,0.735239,atc,301,1,16.0,88.0,3.19696,0.006666666666666667,0.0017827789997681975
c05_final_150_0009_bd,c05_final_150_0009,5,150,backdate,424242,0.5,150,148,0.986667,17.4264,39.9944,144,4.9972,0.735239,wmdd,301,1,19.0,89.5,3.3271433333333333,0.006666666666666667,0.0011705030919983983
c05_final_150_0009_bd,c05_final_150_0009,5,150,backdate,424242,0.5,150,148,0.986667,17.4264,39.9944,144,4.9972,0.735239,lpt,301,1,16.0,88.0,3.88181,0.006666666666666667,0.0007385750068351626
c05_final_150_0009_bd,c05_final_150_0009,5,150,backdate,424242,0.5,150,148,0.986667,17.4264,39.9944,144,4.9972,0.735239,random,301,1,18.0,89.0,3.3304766666666668,0.006666666666666667,0.00036548194475471973
c05_final_150_0009_bd,c05_final_150_0009,5,150,backdate,424242,0.5,150,148,0.986667,17.4264,39.9944,144,4.9972,0.735239,v2rl301,301,1,16.0,88.0,3.8771433333333336,0.006666666666666667,0.0320176100358367
c05_final_150_0009_bd,c05_final_150_0009,5,150,backdate,424242,0.5,150,148,0.986667,17.4264,39.9944,144,4.9972,0.735239,v2rl302,302,1,16.0,88.0,3.88181,0.006666666666666667,0.03142281994223595
c05_final_150_0009_bd,c05_final_150_0009,5,150,backdate,424242,0.5,150,148,0.986667,17.4264,39.9944,144,4.9972,0.735239,v2rl303,303,1,16.0,88.0,3.88181,0.006666666666666667,0.030824311077594757
c05_final_150_0009_bd,c05_final_150_0009,5,150,backdate,424242,0.5,150,148,0.986667,17.4264,39.9944,144,4.9972,0.735239,v2rl304,304,1,16.0,88.0,3.4902933333333332,0.006666666666666667,0.03154692391399294
c05_final_150_0009_bd,c05_final_150_0009,5,150,backdate,424242,0.5,150,148,0.986667,17.4264,39.9944,144,4.9972,0.735239,v2rl305,305,1,16.0,88.0,3.848476666666667,0.006666666666666667,0.03078141191508621
c05_final_150_0009_bd,c05_final_150_0009,5,150,backdate,424242,0.5,150,148,0.986667,17.4264,39.9944,144,4.9972,0.735239,v2rl306,306,1,16.0,88.0,3.88181,0.006666666666666667,0.030823089997284114
c05_final_150_0009_bd,c05_final_150_0009,5,150,backdate,424242,0.5,150,148,0.986667,17.4264,39.9944,144,4.9972,0.735239,v2rl307,307,1,16.0,88.0,3.7371433333333335,0.006666666666666667,0.0308546390151605
c05_final_150_0009_bd,c05_final_150_0009,5,150,backdate,424242,0.5,150,148,0.986667,17.4264,39.9944,144,4.9972,0.735239,v2rl308,308,1,16.0,88.0,3.6102933333333334,0.006666666666666667,0.031021910021081567
c05_final_150_0009_bd,c05_final_150_0009,5,150,backdate,424242,0.5,150,148,0.986667,17.4264,39.9944,144,4.9972,0.735239,v2rl309,309,1,16.0,88.0,3.8784766666666672,0.006666666666666667,0.03096130897756666
c05_final_150_0009_bd,c05_final_150_0009,5,150,backdate,424242,0.5,150,148,0.986667,17.4264,39.9944,144,4.9972,0.735239,v2rl310,310,1,16.0,88.0,3.6171433333333334,0.006666666666666667,0.030828185030259192
c05_final_150_0010_bd,c05_final_150_0010,5,150,backdate,424242,0.5,150,88,0.586667,21.6827,39.8418,80,8.8083,0.517928,edd,301,1,0.0,54.0617,4.138618666666666,0.0,0.0005462199915200472
c05_final_150_0010_bd,c05_final_150_0010,5,150,backdate,424242,0.5,150,88,0.586667,21.6827,39.8418,80,8.8083,0.517928,pfifo,301,1,0.0,54.0617,4.138618666666666,0.0,0.0005389070138335228
c05_final_150_0010_bd,c05_final_150_0010,5,150,backdate,424242,0.5,150,88,0.586667,21.6827,39.8418,80,8.8083,0.517928,wspt,301,1,0.0,54.0617,4.08382,0.0,0.0005487040616571903
c05_final_150_0010_bd,c05_final_150_0010,5,150,backdate,424242,0.5,150,88,0.586667,21.6827,39.8418,80,8.8083,0.517928,atc,301,1,0.0,54.0617,4.08382,0.0,0.0009847860783338547
c05_final_150_0010_bd,c05_final_150_0010,5,150,backdate,424242,0.5,150,88,0.586667,21.6827,39.8418,80,8.8083,0.517928,wmdd,301,1,0.0,54.0617,4.138618666666666,0.0,0.0006866790354251862
c05_final_150_0010_bd,c05_final_150_0010,5,150,backdate,424242,0.5,150,88,0.586667,21.6827,39.8418,80,8.8083,0.517928,lpt,301,1,0.0,54.0617,4.2673473333333325,0.0,0.0005090079503133893
c05_final_150_0010_bd,c05_final_150_0010,5,150,backdate,424242,0.5,150,88,0.586667,21.6827,39.8418,80,8.8083,0.517928,random,301,1,0.0,54.0617,4.1739679999999995,0.0,0.0003493940457701683
c05_final_150_0010_bd,c05_final_150_0010,5,150,backdate,424242,0.5,150,88,0.586667,21.6827,39.8418,80,8.8083,0.517928,v2rl301,301,1,0.0,54.0617,4.267347333333333,0.0,0.029086897964589298
c05_final_150_0010_bd,c05_final_150_0010,5,150,backdate,424242,0.5,150,88,0.586667,21.6827,39.8418,80,8.8083,0.517928,v2rl302,302,1,0.0,54.0617,4.267347333333333,0.0,0.028552707051858306
c05_final_150_0010_bd,c05_final_150_0010,5,150,backdate,424242,0.5,150,88,0.586667,21.6827,39.8418,80,8.8083,0.517928,v2rl303,303,1,0.0,54.0617,4.2673473333333325,0.0,0.02796404203400016
c05_final_150_0010_bd,c05_final_150_0010,5,150,backdate,424242,0.5,150,88,0.586667,21.6827,39.8418,80,8.8083,0.517928,v2rl304,304,1,0.0,54.0617,4.0872926666666665,0.0,0.02886103407945484
c05_final_150_0010_bd,c05_final_150_0010,5,150,backdate,424242,0.5,150,88,0.586667,21.6827,39.8418,80,8.8083,0.517928,v2rl305,305,1,0.0,54.0617,4.267347333333333,0.0,0.027932676952332258
c05_final_150_0010_bd,c05_final_150_0010,5,150,backdate,424242,0.5,150,88,0.586667,21.6827,39.8418,80,8.8083,0.517928,v2rl306,306,1,0.0,54.0617,4.267347333333333,0.0,0.027946850983425975
c05_final_150_0010_bd,c05_final_150_0010,5,150,backdate,424242,0.5,150,88,0.586667,21.6827,39.8418,80,8.8083,0.517928,v2rl307,307,1,0.0,54.0617,4.087290666666668,0.0,0.028022133046761155
c05_final_150_0010_bd,c05_final_150_0010,5,150,backdate,424242,0.5,150,88,0.586667,21.6827,39.8418,80,8.8083,0.517928,v2rl308,308,1,0.0,54.0617,4.267347333333333,0.0,0.02812638401519507
c05_final_150_0010_bd,c05_final_150_0010,5,150,backdate,424242,0.5,150,88,0.586667,21.6827,39.8418,80,8.8083,0.517928,v2rl309,309,1,0.0,54.0617,4.267347333333333,0.0,0.02815745200496167
c05_final_150_0010_bd,c05_final_150_0010,5,150,backdate,424242,0.5,150,88,0.586667,21.6827,39.8418,80,8.8083,0.517928,v2rl310,310,1,0.0,54.0617,4.256014,0.0,0.027974594035185874
c05_final_150_0011_bd,c05_final_150_0011,5,150,backdate,424242,0.5,150,148,0.986667,20.3958,39.911,119,16.0,0.204472,edd,301,1,0.0,20.6917,3.0054266666666667,0.0,0.0005854449700564146
c05_final_150_0011_bd,c05_final_150_0011,5,150,backdate,424242,0.5,150,148,0.986667,20.3958,39.911,119,16.0,0.204472,pfifo,301,1,0.0,20.6917,3.0054266666666667,0.0,0.0005843809340149164
c05_final_150_0011_bd,c05_final_150_0011,5,150,backdate,424242,0.5,150,148,0.986667,20.3958,39.911,119,16.0,0.204472,wspt,301,1,0.0,21.0,2.8420933333333336,0.0,0.0005950960330665112
c05_final_150_0011_bd,c05_final_150_0011,5,150,backdate,424242,0.5,150,148,0.986667,20.3958,39.911,119,16.0,0.204472,atc,301,1,0.0,20.6917,2.842093333333333,0.0,0.001081992988474667
c05_final_150_0011_bd,c05_final_150_0011,5,150,backdate,424242,0.5,150,148,0.986667,20.3958,39.911,119,16.0,0.204472,wmdd,301,1,0.0,20.6917,3.0054266666666667,0.0,0.0007405689684674144
c05_final_150_0011_bd,c05_final_150_0011,5,150,backdate,424242,0.5,150,148,0.986667,20.3958,39.911,119,16.0,0.204472,lpt,301,1,0.0,20.6917,3.162093333333333,0.0,0.0005302339559420943
c05_final_150_0011_bd,c05_final_150_0011,5,150,backdate,424242,0.5,150,148,0.986667,20.3958,39.911,119,16.0,0.204472,random,301,1,0.0,21.0,3.0054266666666662,0.0,0.0003453430254012346
c05_final_150_0011_bd,c05_final_150_0011,5,150,backdate,424242,0.5,150,148,0.986667,20.3958,39.911,119,16.0,0.204472,v2rl301,301,1,0.0,20.6917,3.14876,0.0,0.029180900077335536
c05_final_150_0011_bd,c05_final_150_0011,5,150,backdate,424242,0.5,150,148,0.986667,20.3958,39.911,119,16.0,0.204472,v2rl302,302,1,0.0,20.6917,3.162093333333333,0.0,0.028411211911588907
c05_final_150_0011_bd,c05_final_150_0011,5,150,backdate,424242,0.5,150,148,0.986667,20.3958,39.911,119,16.0,0.204472,v2rl303,303,1,0.0,20.6917,3.162093333333333,0.0,0.028617047937586904
c05_final_150_0011_bd,c05_final_150_0011,5,150,backdate,424242,0.5,150,148,0.986667,20.3958,39.911,119,16.0,0.204472,v2rl304,304,1,0.0,20.6917,3.0020933333333333,0.0,0.028360133059322834
c05_final_150_0011_bd,c05_final_150_0011,5,150,backdate,424242,0.5,150,148,0.986667,20.3958,39.911,119,16.0,0.204472,v2rl305,305,1,0.0,20.6917,3.14876,0.0,0.02810959902126342
c05_final_150_0011_bd,c05_final_150_0011,5,150,backdate,424242,0.5,150,148,0.986667,20.3958,39.911,119,16.0,0.204472,v2rl306,306,1,0.0,20.6917,3.162093333333333,0.0,0.028093646047636867
c05_final_150_0011_bd,c05_final_150_0011,5,150,backdate,424242,0.5,150,148,0.986667,20.3958,39.911,119,16.0,0.204472,v2rl307,307,1,0.0,20.6917,3.0020933333333333,0.0,0.028048208099789917
c05_final_150_0011_bd,c05_final_150_0011,5,150,backdate,424242,0.5,150,148,0.986667,20.3958,39.911,119,16.0,0.204472,v2rl308,308,1,0.0,20.6917,3.14876,0.0,0.028476309031248093
c05_final_150_0011_bd,c05_final_150_0011,5,150,backdate,424242,0.5,150,148,0.986667,20.3958,39.911,119,16.0,0.204472,v2rl309,309,1,0.0,20.6917,3.14876,0.0,0.02831921703182161
c05_final_150_0011_bd,c05_final_150_0011,5,150,backdate,424242,0.5,150,148,0.986667,20.3958,39.911,119,16.0,0.204472,v2rl310,310,1,0.0,20.6917,3.0220933333333333,0.0,0.0280960900709033
c05_final_150_0012_bd,c05_final_150_0012,5,150,backdate,424242,0.5,150,150,1.0,21.7857,39.9145,129,16.0,0.266576,edd,301,1,21.729600000000005,90.8648,4.14692,0.006666666666666667,0.0005612509557977319
c05_final_150_0012_bd,c05_final_150_0012,5,150,backdate,424242,0.5,150,150,1.0,21.7857,39.9145,129,16.0,0.266576,pfifo,301,1,21.729600000000005,90.8648,4.14692,0.006666666666666667,0.0005506980232894421
c05_final_150_0012_bd,c05_final_150_0012,5,150,backdate,424242,0.5,150,150,1.0,21.7857,39.9145,129,16.0,0.266576,wspt,301,1,21.729600000000005,90.8648,3.8855866666666663,0.006666666666666667,0.0005594119429588318
c05_final_150_0012_bd,c05_final_150_0012,5,150,backdate,424242,0.5,150,150,1.0,21.7857,39.9145,129,16.0,0.266576,atc,301,1,21.729600000000005,90.8648,3.8955866666666665,0.006666666666666667,0.0009851231006905437
c05_final_150_0012_bd,c05_final_150_0012,5,150,backdate,424242,0.5,150,150,1.0,21.7857,39.9145,129,16.0,0.266576,wmdd,301,1,21.729600000000005,90.8648,4.14692,0.006666666666666667,0.0007110070437192917
c05_final_150_0012_bd,c05_final_150_0012,5,150,backdate,424242,0.5,150,150,1.0,21.7857,39.9145,129,16.0,0.266576,lpt,301,1,21.729600000000005,90.8648,4.697064666666667,0.006666666666666667,0.0005102109862491488
c05_final_150_0012_bd,c05_final_150_0012,5,150,backdate,424242,0.5,150,150,1.0,21.7857,39.9145,129,16.0,0.266576,random,301,1,21.729600000000005,90.8648,4.116253333333333,0.006666666666666667,0.0003357500536367297
c05_final_150_0012_bd,c05_final_150_0012,5,150,backdate,424242,0.5,150,150,1.0,21.7857,39.9145,129,16.0,0.266576,v2rl301,301,1,21.729600000000005,90.8648,4.6703980000000005,0.006666666666666667,0.02827365102712065
c05_final_150_0012_bd,c05_final_150_0012,5,150,backdate,424242,0.5,150,150,1.0,21.7857,39.9145,129,16.0,0.266576,v2rl302,302,1,21.729600000000005,90.8648,4.697064666666667,0.006666666666666667,0.028148593031801283
c05_final_150_0012_bd,c05_final_150_0012,5,150,backdate,424242,0.5,150,150,1.0,21.7857,39.9145,129,16.0,0.266576,v2rl303,303,1,21.729600000000005,90.8648,4.683731333333333,0.006666666666666667,0.028254715027287602
c05_final_150_0012_bd,c05_final_150_0012,5,150,backdate,424242,0.5,150,150,1.0,21.7857,39.9145,129,16.0,0.266576,v2rl304,304,1,21.729600000000005,90.8648,3.9497313333333333,0.006666666666666667,0.02766961499582976
c05_final_150_0012_bd,c05_final_150_0012,5,150,backdate,424242,0.5,150,150,1.0,21.7857,39.9145,129,16.0,0.266576,v2rl305,305,1,21.729600000000005,90.8648,4.697064666666667,0.006666666666666667,0.027846944984048605
c05_final_150_0012_bd,c05_final_150_0012,5,150,backdate,424242,0.5,150,150,1.0,21.7857,39.9145,129,16.0,0.266576,v2rl306,306,1,21.729600000000005,90.8648,4.697064666666667,0.006666666666666667,0.02782327902968973
c05_final_150_0012_bd,c05_final_150_0012,5,150,backdate,424242,0.5,150,150,1.0,21.7857,39.9145,129,16.0,0.266576,v2rl307,307,1,21.729600000000005,90.8648,3.892253333333333,0.006666666666666667,0.027857642038725317
c05_final_150_0012_bd,c05_final_150_0012,5,150,backdate,424242,0.5,150,150,1.0,21.7857,39.9145,129,16.0,0.266576,v2rl308,308,1,21.729600000000005,90.8648,4.563731333333333,0.006666666666666667,0.028010506997816265
c05_final_150_0012_bd,c05_final_150_0012,5,150,backdate,424242,0.5,150,150,1.0,21.7857,39.9145,129,16.0,0.266576,v2rl309,309,1,21.729600000000005,90.8648,4.687064666666667,0.006666666666666667,0.027865843032486737
c05_final_150_0012_bd,c05_final_150_0012,5,150,backdate,424242,0.5,150,150,1.0,21.7857,39.9145,129,16.0,0.266576,v2rl310,310,1,21.729600000000005,90.8648,4.2090646666666665,0.006666666666666667,0.028028519940562546
c05_final_150_0013_bd,c05_final_150_0013,5,150,backdate,424242,0.5,150,29,0.193333,19.1967,38.3138,29,1.3619,3.733375,edd,301,1,0.0,49.3447,5.116153333333333,0.0,0.0005631330423057079
c05_final_150_0013_bd,c05_final_150_0013,5,150,backdate,424242,0.5,150,29,0.193333,19.1967,38.3138,29,1.3619,3.733375,pfifo,301,1,0.0,49.3447,5.116153333333333,0.0,0.0005728979595005512
c05_final_150_0013_bd,c05_final_150_0013,5,150,backdate,424242,0.5,150,29,0.193333,19.1967,38.3138,29,1.3619,3.733375,wspt,301,1,0.0,50.338300000000004,4.966748,0.0,0.0006082500331103802
c05_final_150_0013_bd,c05_final_150_0013,5,150,backdate,424242,0.5,150,29,0.193333,19.1967,38.3138,29,1.3619,3.733375,atc,301,1,0.0,46.5,5.006960666666667,0.0,0.0010994670446962118
c05_final_150_0013_bd,c05_final_150_0013,5,150,backdate,424242,0.5,150,29,0.193333,19.1967,38.3138,29,1.3619,3.733375,wmdd,301,1,0.0,49.3447,5.116153333333333,0.0,0.000769756967201829
c05_final_150_0013_bd,c05_final_150_0013,5,150,backdate,424242,0.5,150,29,0.193333,19.1967,38.3138,29,1.3619,3.733375,lpt,301,1,0.0,46.5,5.376888,0.0,0.0005451729521155357
c05_final_150_0013_bd,c05_final_150_0013,5,150,backdate,424242,0.5,150,29,0.193333,19.1967,38.3138,29,1.3619,3.733375,random,301,1,0.0,50.3425,5.082803333333334,0.0,0.00035908096469938755
c05_final_150_0013_bd,c05_final_150_0013,5,150,backdate,424242,0.5,150,29,0.193333,19.1967,38.3138,29,1.3619,3.733375,v2rl301,301,1,0.0,46.5,5.376887999999999,0.0,0.030720217037014663
c05_final_150_0013_bd,c05_final_150_0013,5,150,backdate,424242,0.5,150,29,0.193333,19.1967,38.3138,29,1.3619,3.733375,v2rl302,302,1,0.0,46.5,5.376887999999999,0.0,0.030369368963874876
c05_final_150_0013_bd,c05_final_150_0013,5,150,backdate,424242,0.5,150,29,0.193333,19.1967,38.3138,29,1.3619,3.733375,v2rl303,303,1,0.0,46.5,5.376888,0.0,0.030611749971285462
c05_final_150_0013_bd,c05_final_150_0013,5,150,backdate,424242,0.5,150,29,0.193333,19.1967,38.3138,29,1.3619,3.733375,v2rl304,304,1,0.0,46.5,5.125235333333333,0.0,0.031062346999533474
c05_final_150_0013_bd,c05_final_150_0013,5,150,backdate,424242,0.5,150,29,0.193333,19.1967,38.3138,29,1.3619,3.733375,v2rl305,305,1,0.0,46.5,5.376888,0.0,0.031101742992177606
c05_final_150_0013_bd,c05_final_150_0013,5,150,backdate,424242,0.5,150,29,0.193333,19.1967,38.3138,29,1.3619,3.733375,v2rl306,306,1,0.0,46.5,5.376887999999999,0.0,0.031085623078979552
c05_final_150_0013_bd,c05_final_150_0013,5,150,backdate,424242,0.5,150,29,0.193333,19.1967,38.3138,29,1.3619,3.733375,v2rl307,307,1,0.0,46.5,5.084828,0.0,0.030969502055086195
c05_final_150_0013_bd,c05_final_150_0013,5,150,backdate,424242,0.5,150,29,0.193333,19.1967,38.3138,29,1.3619,3.733375,v2rl308,308,1,0.0,46.5,5.376887999999999,0.0,0.030993705964647233
c05_final_150_0013_bd,c05_final_150_0013,5,150,backdate,424242,0.5,150,29,0.193333,19.1967,38.3138,29,1.3619,3.733375,v2rl309,309,1,0.0,46.5,5.376887999999999,0.0,0.03030774788931012
c05_final_150_0013_bd,c05_final_150_0013,5,150,backdate,424242,0.5,150,29,0.193333,19.1967,38.3138,29,1.3619,3.733375,v2rl310,310,1,0.0,46.5,5.282315333333334,0.0,0.03009053901769221
c05_final_150_0014_bd,c05_final_150_0014,5,150,backdate,424242,0.5,150,139,0.926667,18.6034,39.8892,111,16.0,0.311961,edd,301,1,0.0,50.0,4.120458666666667,0.0,0.0005722100613638759
c05_final_150_0014_bd,c05_final_150_0014,5,150,backdate,424242,0.5,150,139,0.926667,18.6034,39.8892,111,16.0,0.311961,pfifo,301,1,0.0,50.0,4.120458666666667,0.0,0.0005723170470446348
c05_final_150_0014_bd,c05_final_150_0014,5,150,backdate,424242,0.5,150,139,0.926667,18.6034,39.8892,111,16.0,0.311961,wspt,301,1,0.0,50.0,4.084603333333334,0.0,0.0005808320129290223
c05_final_150_0014_bd,c05_final_150_0014,5,150,backdate,424242,0.5,150,139,0.926667,18.6034,39.8892,111,16.0,0.311961,atc,301,1,0.0,50.0,4.084603333333334,0.0,0.001058358931913972
c05_final_150_0014_bd,c05_final_150_0014,5,150,backdate,424242,0.5,150,139,0.926667,18.6034,39.8892,111,16.0,0.311961,wmdd,301,1,0.0,50.0,4.120458666666667,0.0,0.00072918098885566
c05_final_150_0014_bd,c05_final_150_0014,5,150,backdate,424242,0.5,150,139,0.926667,18.6034,39.8892,111,16.0,0.311961,lpt,301,1,0.0,50.0,4.264164666666667,0.0,0.0005240170285105705
c05_final_150_0014_bd,c05_final_150_0014,5,150,backdate,424242,0.5,150,139,0.926667,18.6034,39.8892,111,16.0,0.311961,random,301,1,0.0,50.0,4.1516519999999995,0.0,0.0003370379563421011
c05_final_150_0014_bd,c05_final_150_0014,5,150,backdate,424242,0.5,150,139,0.926667,18.6034,39.8892,111,16.0,0.311961,v2rl301,301,1,0.0,50.0,4.264164666666667,0.0,0.02860930096358061
c05_final_150_0014_bd,c05_final_150_0014,5,150,backdate,424242,0.5,150,139,0.926667,18.6034,39.8892,111,16.0,0.311961,v2rl302,302,1,0.0,51.0,4.26295,0.0,0.028201875975355506
c05_final_150_0014_bd,c05_final_150_0014,5,150,backdate,424242,0.5,150,139,0.926667,18.6034,39.8892,111,16.0,0.311961,v2rl303,303,1,0.0,50.0,4.262950000000001,0.0,0.028696705936454237
c05_final_150_0014_bd,c05_final_150_0014,5,150,backdate,424242,0.5,150,139,0.926667,18.6034,39.8892,111,16.0,0.311961,v2rl304,304,1,0.0,50.0,4.124603333333334,0.0,0.0291501940228045
c05_final_150_0014_bd,c05_final_150_0014,5,150,backdate,424242,0.5,150,139,0.926667,18.6034,39.8892,111,16.0,0.311961,v2rl305,305,1,0.0,50.0,4.26295,0.0,0.029097819002345204
c05_final_150_0014_bd,c05_final_150_0014,5,150,backdate,424242,0.5,150,139,0.926667,18.6034,39.8892,111,16.0,0.311961,v2rl306,306,1,0.0,51.0,4.26295,0.0,0.028946586069650948
c05_final_150_0014_bd,c05_final_150_0014,5,150,backdate,424242,0.5,150,139,0.926667,18.6034,39.8892,111,16.0,0.311961,v2rl307,307,1,0.0,50.0,4.137936666666667,0.0,0.028988703968934715
c05_final_150_0014_bd,c05_final_150_0014,5,150,backdate,424242,0.5,150,139,0.926667,18.6034,39.8892,111,16.0,0.311961,v2rl308,308,1,0.0,50.0,4.257498000000001,0.0,0.02903359499759972
c05_final_150_0014_bd,c05_final_150_0014,5,150,backdate,424242,0.5,150,139,0.926667,18.6034,39.8892,111,16.0,0.311961,v2rl309,309,1,0.0,51.0,4.26295,0.0,0.028245527064427733
c05_final_150_0014_bd,c05_final_150_0014,5,150,backdate,424242,0.5,150,139,0.926667,18.6034,39.8892,111,16.0,0.311961,v2rl310,310,1,0.0,50.0,4.124603333333334,0.0,0.02811594505328685
c05_final_150_0015_bd,c05_final_150_0015,5,150,backdate,424242,0.5,150,149,0.993333,20.0398,38.7734,99,24.0,0.190409,edd,301,1,0.0,42.1005,3.6615359999999995,0.0,0.0005819010548293591
c05_final_150_0015_bd,c05_final_150_0015,5,150,backdate,424242,0.5,150,149,0.993333,20.0398,38.7734,99,24.0,0.190409,pfifo,301,1,0.0,42.1005,3.6615359999999995,0.0,0.0005858259974047542
c05_final_150_0015_bd,c05_final_150_0015,5,150,backdate,424242,0.5,150,149,0.993333,20.0398,38.7734,99,24.0,0.190409,wspt,301,1,0.0,42.1005,3.6615359999999995,0.0,0.0006011490477249026
c05_final_150_0015_bd,c05_final_150_0015,5,150,backdate,424242,0.5,150,149,0.993333,20.0398,38.7734,99,24.0,0.190409,atc,301,1,0.0,42.1005,3.6615359999999995,0.0,0.0011354349553585052
c05_final_150_0015_bd,c05_final_150_0015,5,150,backdate,424242,0.5,150,149,0.993333,20.0398,38.7734,99,24.0,0.190409,wmdd,301,1,0.0,42.1005,3.6615359999999995,0.0,0.0007752439705654979
c05_final_150_0015_bd,c05_final_150_0015,5,150,backdate,424242,0.5,150,149,0.993333,20.0398,38.7734,99,24.0,0.190409,lpt,301,1,0.0,42.1005,3.7390993333333338,0.0,0.0005359859205782413
c05_final_150_0015_bd,c05_final_150_0015,5,150,backdate,424242,0.5,150,149,0.993333,20.0398,38.7734,99,24.0,0.190409,random,301,1,0.0,42.1005,3.6682026666666667,0.0,0.0003473949618637562
c05_final_150_0015_bd,c05_final_150_0015,5,150,backdate,424242,0.5,150,149,0.993333,20.0398,38.7734,99,24.0,0.190409,v2rl301,301,1,0.0,42.1005,3.7390993333333338,0.0,0.028938323026522994
c05_final_150_0015_bd,c05_final_150_0015,5,150,backdate,424242,0.5,150,149,0.993333,20.0398,38.7734,99,24.0,0.190409,v2rl302,302,1,0.0,42.1005,3.7390993333333338,0.0,0.028561125975102186
c05_final_150_0015_bd,c05_final_150_0015,5,150,backdate,424242,0.5,150,149,0.993333,20.0398,38.7734,99,24.0,0.190409,v2rl303,303,1,0.0,42.1005,3.7390993333333338,0.0,0.02924785006325692
c05_final_150_0015_bd,c05_final_150_0015,5,150,backdate,424242,0.5,150,149,0.993333,20.0398,38.7734,99,24.0,0.190409,v2rl304,304,1,0.0,42.1005,3.6815359999999995,0.0,0.02930247795302421
c05_final_150_0015_bd,c05_final_150_0015,5,150,backdate,424242,0.5,150,149,0.993333,20.0398,38.7734,99,24.0,0.190409,v2rl305,305,1,0.0,42.1005,3.7390993333333338,0.0,0.029282981995493174
c05_final_150_0015_bd,c05_final_150_0015,5,150,backdate,424242,0.5,150,149,0.993333,20.0398,38.7734,99,24.0,0.190409,v2rl306,306,1,0.0,42.1005,3.7390993333333338,0.0,0.029218741925433278
c05_final_150_0015_bd,c05_final_150_0015,5,150,backdate,424242,0.5,150,149,0.993333,20.0398,38.7734,99,24.0,0.190409,v2rl307,307,1,0.0,42.1005,3.6815359999999995,0.0,0.029373366967774928
c05_final_150_0015_bd,c05_final_150_0015,5,150,backdate,424242,0.5,150,149,0.993333,20.0398,38.7734,99,24.0,0.190409,v2rl308,308,1,0.0,42.1005,3.6937660000000005,0.0,0.02842886105645448
c05_final_150_0015_bd,c05_final_150_0015,5,150,backdate,424242,0.5,150,149,0.993333,20.0398,38.7734,99,24.0,0.190409,v2rl309,309,1,0.0,42.1005,3.7390993333333338,0.0,0.028319629025645554
c05_final_150_0015_bd,c05_final_150_0015,5,150,backdate,424242,0.5,150,149,0.993333,20.0398,38.7734,99,24.0,0.190409,v2rl310,310,1,0.0,42.1005,3.6682026666666663,0.0,0.028400216018781066
c05_final_150_0016_bd,c05_final_150_0016,5,150,backdate,424242,0.5,150,148,0.986667,20.6628,39.7502,115,16.0,0.298491,edd,301,1,0.0,64.0,4.426282666666666,0.0,0.0005179659929126501
c05_final_150_0016_bd,c05_final_150_0016,5,150,backdate,424242,0.5,150,148,0.986667,20.6628,39.7502,115,16.0,0.298491,pfifo,301,1,0.0,64.0,4.426282666666666,0.0,0.0005053490167483687
c05_final_150_0016_bd,c05_final_150_0016,5,150,backdate,424242,0.5,150,148,0.986667,20.6628,39.7502,115,16.0,0.298491,wspt,301,1,0.0,64.5,4.174539333333334,0.0,0.0005129060009494424
c05_final_150_0016_bd,c05_final_150_0016,5,150,backdate,424242,0.5,150,148,0.986667,20.6628,39.7502,115,16.0,0.298491,atc,301,1,0.0,63.0,4.174539333333334,0.0,0.000864305067807436
c05_final_150_0016_bd,c05_final_150_0016,5,150,backdate,424242,0.5,150,148,0.986667,20.6628,39.7502,115,16.0,0.298491,wmdd,301,1,0.0,64.0,4.426282666666666,0.0,0.0006277719512581825
c05_final_150_0016_bd,c05_final_150_0016,5,150,backdate,424242,0.5,150,148,0.986667,20.6628,39.7502,115,16.0,0.298491,lpt,301,1,0.0,63.0,4.927167333333333,0.0,0.0004796080756932497
c05_final_150_0016_bd,c05_final_150_0016,5,150,backdate,424242,0.5,150,148,0.986667,20.6628,39.7502,115,16.0,0.298491,random,301,1,0.0,63.0,4.443167333333333,0.0,0.000340254046022892
c05_final_150_0016_bd,c05_final_150_0016,5,150,backdate,424242,0.5,150,148,0.986667,20.6628,39.7502,115,16.0,0.298491,v2rl301,301,1,0.0,63.0,4.885834,0.0,0.02769313903991133
c05_final_150_0016_bd,c05_final_150_0016,5,150,backdate,424242,0.5,150,148,0.986667,20.6628,39.7502,115,16.0,0.298491,v2rl302,302,1,0.0,63.0,4.927167333333333,0.0,0.027569818077608943
c05_final_150_0016_bd,c05_final_150_0016,5,150,backdate,424242,0.5,150,148,0.986667,20.6628,39.7502,115,16.0,0.298491,v2rl303,303,1,0.0,63.0,4.919167333333333,0.0,0.028199229040183127
c05_final_150_0016_bd,c05_final_150_0016,5,150,backdate,424242,0.5,150,148,0.986667,20.6628,39.7502,115,16.0,0.298491,v2rl304,304,1,0.0,63.0,4.245944000000001,0.0,0.02798988902941346
c05_final_150_0016_bd,c05_final_150_0016,5,150,backdate,424242,0.5,150,148,0.986667,20.6628,39.7502,115,16.0,0.298491,v2rl305,305,1,0.0,63.0,4.925834000000001,0.0,0.028161128051579
c05_final_150_0016_bd,c05_final_150_0016,5,150,backdate,424242,0.5,150,148,0.986667,20.6628,39.7502,115,16.0,0.298491,v2rl306,306,1,0.0,63.0,4.927167333333333,0.0,0.028091171057894826
c05_final_150_0016_bd,c05_final_150_0016,5,150,backdate,424242,0.5,150,148,0.986667,20.6628,39.7502,115,16.0,0.298491,v2rl307,307,1,0.0,63.0,4.231872666666667,0.0,0.028052886947989464
c05_final_150_0016_bd,c05_final_150_0016,5,150,backdate,424242,0.5,150,148,0.986667,20.6628,39.7502,115,16.0,0.298491,v2rl308,308,1,0.0,63.0,4.673167333333334,0.0,0.02806795493233949
c05_final_150_0016_bd,c05_final_150_0016,5,150,backdate,424242,0.5,150,148,0.986667,20.6628,39.7502,115,16.0,0.298491,v2rl309,309,1,0.0,63.0,4.917833999999999,0.0,0.02748812094796449
c05_final_150_0016_bd,c05_final_150_0016,5,150,backdate,424242,0.5,150,148,0.986667,20.6628,39.7502,115,16.0,0.298491,v2rl310,310,1,0.0,63.0,4.349872,0.0,0.0273185889236629
c05_final_150_0017_bd,c05_final_150_0017,5,150,backdate,424242,0.5,150,148,0.986667,18.6113,39.7537,128,13.4025,0.345278,edd,301,1,0.0,35.0,4.195894666666667,0.0,0.0006594100268557668
c05_final_150_0017_bd,c05_final_150_0017,5,150,backdate,424242,0.5,150,148,0.986667,18.6113,39.7537,128,13.4025,0.345278,pfifo,301,1,0.0,35.0,4.195894666666667,0.0,0.0006302819820120931
c05_final_150_0017_bd,c05_final_150_0017,5,150,backdate,424242,0.5,150,148,0.986667,18.6113,39.7537,128,13.4025,0.345278,wspt,301,1,0.0,37.0,3.9657753333333337,0.0,0.000673578935675323
c05_final_150_0017_bd,c05_final_150_0017,5,150,backdate,424242,0.5,150,148,0.986667,18.6113,39.7537,128,13.4025,0.345278,atc,301,1,0.0,34.0,3.992561333333333,0.0,0.0012933940161019564
c05_final_150_0017_bd,c05_final_150_0017,5,150,backdate,424242,0.5,150,148,0.986667,18.6113,39.7537,128,13.4025,0.345278,wmdd,301,1,0.0,35.0,4.195894666666667,0.0,0.0008625630289316177
c05_final_150_0017_bd,c05_final_150_0017,5,150,backdate,424242,0.5,150,148,0.986667,18.6113,39.7537,128,13.4025,0.345278,lpt,301,1,0.0,34.0,4.587302666666667,0.0,0.0005723419599235058
c05_final_150_0017_bd,c05_final_150_0017,5,150,backdate,424242,0.5,150,148,0.986667,18.6113,39.7537,128,13.4025,0.345278,random,301,1,0.0,35.0,4.152561333333333,0.0,0.0003390330821275711
c05_final_150_0017_bd,c05_final_150_0017,5,150,backdate,424242,0.5,150,148,0.986667,18.6113,39.7537,128,13.4025,0.345278,v2rl301,301,1,0.0,34.0,4.587302666666667,0.0,0.029544902965426445
c05_final_150_0017_bd,c05_final_150_0017,5,150,backdate,424242,0.5,150,148,0.986667,18.6113,39.7537,128,13.4025,0.345278,v2rl302,302,1,0.0,34.0,4.587302666666667,0.0,0.029750555055215955
c05_final_150_0017_bd,c05_final_150_0017,5,150,backdate,424242,0.5,150,148,0.986667,18.6113,39.7537,128,13.4025,0.345278,v2rl303,303,1,0.0,34.0,4.583969333333334,0.0,0.030210454016923904
c05_final_150_0017_bd,c05_final_150_0017,5,150,backdate,424242,0.5,150,148,0.986667,18.6113,39.7537,128,13.4025,0.345278,v2rl304,304,1,0.0,34.0,3.9992279999999996,0.0,0.03010265703778714
c05_final_150_0017_bd,c05_final_150_0017,5,150,backdate,424242,0.5,150,148,0.986667,18.6113,39.7537,128,13.4025,0.345278,v2rl305,305,1,0.0,34.0,4.587302666666667,0.0,0.0301505719544366
c05_final_150_0017_bd,c05_final_150_0017,5,150,backdate,424242,0.5,150,148,0.986667,18.6113,39.7537,128,13.4025,0.345278,v2rl306,306,1,0.0,34.0,4.587302666666667,0.0,0.030224240035749972
c05_final_150_0017_bd,c05_final_150_0017,5,150,backdate,424242,0.5,150,148,0.986667,18.6113,39.7537,128,13.4025,0.345278,v2rl307,307,1,0.0,34.0,3.9992279999999996,0.0,0.030346755986101925
c05_final_150_0017_bd,c05_final_150_0017,5,150,backdate,424242,0.5,150,148,0.986667,18.6113,39.7537,128,13.4025,0.345278,v2rl308,308,1,0.0,34.0,4.587302666666667,0.0,0.02945493394508958
c05_final_150_0017_bd,c05_final_150_0017,5,150,backdate,424242,0.5,150,148,0.986667,18.6113,39.7537,128,13.4025,0.345278,v2rl309,309,1,0.0,34.0,4.587302666666667,0.0,0.02939592907205224
c05_final_150_0017_bd,c05_final_150_0017,5,150,backdate,424242,0.5,150,148,0.986667,18.6113,39.7537,128,13.4025,0.345278,v2rl310,310,1,0.0,34.0,4.117331999999999,0.0,0.02936870895791799
c05_final_150_0018_bd,c05_final_150_0018,5,150,backdate,424242,0.5,150,130,0.866667,19.078,39.6946,109,11.0367,0.367582,edd,301,1,0.0,36.0,3.304068,0.0,0.0005198129219934344
c05_final_150_0018_bd,c05_final_150_0018,5,150,backdate,424242,0.5,150,130,0.866667,19.078,39.6946,109,11.0367,0.367582,pfifo,301,1,0.0,36.0,3.304068,0.0,0.0005118619883432984
c05_final_150_0018_bd,c05_final_150_0018,5,150,backdate,424242,0.5,150,130,0.866667,19.078,39.6946,109,11.0367,0.367582,wspt,301,1,0.0,37.0,3.288068,0.0,0.0005219009472057223
c05_final_150_0018_bd,c05_final_150_0018,5,150,backdate,424242,0.5,150,130,0.866667,19.078,39.6946,109,11.0367,0.367582,atc,301,1,0.0,36.0,3.288068,0.0,0.0009121909970417619
c05_final_150_0018_bd,c05_final_150_0018,5,150,backdate,424242,0.5,150,130,0.866667,19.078,39.6946,109,11.0367,0.367582,wmdd,301,1,0.0,36.0,3.304068,0.0,0.000645217951387167
c05_final_150_0018_bd,c05_final_150_0018,5,150,backdate,424242,0.5,150,130,0.866667,19.078,39.6946,109,11.0367,0.367582,lpt,301,1,0.0,36.0,3.402068,0.0,0.0004769270308315754
c05_final_150_0018_bd,c05_final_150_0018,5,150,backdate,424242,0.5,150,130,0.866667,19.078,39.6946,109,11.0367,0.367582,random,301,1,0.0,36.0,3.3234013333333334,0.0,0.0003364379517734051
c05_final_150_0018_bd,c05_final_150_0018,5,150,backdate,424242,0.5,150,130,0.866667,19.078,39.6946,109,11.0367,0.367582,v2rl301,301,1,0.0,36.0,3.3894013333333337,0.0,0.02790897898375988
c05_final_150_0018_bd,c05_final_150_0018,5,150,backdate,424242,0.5,150,130,0.866667,19.078,39.6946,109,11.0367,0.367582,v2rl302,302,1,0.0,36.0,3.402068,0.0,0.027714204974472523
c05_final_150_0018_bd,c05_final_150_0018,5,150,backdate,424242,0.5,150,130,0.866667,19.078,39.6946,109,11.0367,0.367582,v2rl303,303,1,0.0,36.0,3.402068,0.0,0.028393352054990828
c05_final_150_0018_bd,c05_final_150_0018,5,150,backdate,424242,0.5,150,130,0.866667,19.078,39.6946,109,11.0367,0.367582,v2rl304,304,1,0.0,36.0,3.304068,0.0,0.028269981034100056
c05_final_150_0018_bd,c05_final_150_0018,5,150,backdate,424242,0.5,150,130,0.866667,19.078,39.6946,109,11.0367,0.367582,v2rl305,305,1,0.0,36.0,3.402068,0.0,0.02823388297110796
c05_final_150_0018_bd,c05_final_150_0018,5,150,backdate,424242,0.5,150,130,0.866667,19.078,39.6946,109,11.0367,0.367582,v2rl306,306,1,0.0,36.0,3.402068,0.0,0.02826943702530116
c05_final_150_0018_bd,c05_final_150_0018,5,150,backdate,424242,0.5,150,130,0.866667,19.078,39.6946,109,11.0367,0.367582,v2rl307,307,1,0.0,36.0,3.3040679999999996,0.0,0.028392912005074322
c05_final_150_0018_bd,c05_final_150_0018,5,150,backdate,424242,0.5,150,130,0.866667,19.078,39.6946,109,11.0367,0.367582,v2rl308,308,1,0.0,36.0,3.398734666666667,0.0,0.02771198598202318
c05_final_150_0018_bd,c05_final_150_0018,5,150,backdate,424242,0.5,150,130,0.866667,19.078,39.6946,109,11.0367,0.367582,v2rl309,309,1,0.0,36.0,3.402068,0.0,0.027503339922986925
c05_final_150_0018_bd,c05_final_150_0018,5,150,backdate,424242,0.5,150,130,0.866667,19.078,39.6946,109,11.0367,0.367582,v2rl310,310,1,0.0,36.0,3.3114013333333334,0.0,0.02746813604608178
c05_final_150_0019_bd,c05_final_150_0019,5,150,backdate,424242,0.5,150,150,1.0,21.6099,39.8919,134,15.5669,0.239013,edd,301,1,0.0,33.0,3.615496,0.0,0.0006196179892867804
c05_final_150_0019_bd,c05_final_150_0019,5,150,backdate,424242,0.5,150,150,1.0,21.6099,39.8919,134,15.5669,0.239013,pfifo,301,1,0.0,33.0,3.615496,0.0,0.0006037929560989141
c05_final_150_0019_bd,c05_final_150_0019,5,150,backdate,424242,0.5,150,150,1.0,21.6099,39.8919,134,15.5669,0.239013,wspt,301,1,0.0,38.5,3.3268293333333334,0.0,0.0006175170419737697
c05_final_150_0019_bd,c05_final_150_0019,5,150,backdate,424242,0.5,150,150,1.0,21.6099,39.8919,134,15.5669,0.239013,atc,301,1,0.0,38.5,3.3268293333333334,0.0,0.0011788270203396678
c05_final_150_0019_bd,c05_final_150_0019,5,150,backdate,424242,0.5,150,150,1.0,21.6099,39.8919,134,15.5669,0.239013,wmdd,301,1,0.0,33.0,3.615496,0.0,0.0008105669403448701
c05_final_150_0019_bd,c05_final_150_0019,5,150,backdate,424242,0.5,150,150,1.0,21.6099,39.8919,134,15.5669,0.239013,lpt,301,1,0.0,32.0,3.9997200000000004,0.0,0.0005721120396628976
c05_final_150_0019_bd,c05_final_150_0019,5,150,backdate,424242,0.5,150,150,1.0,21.6099,39.8919,134,15.5669,0.239013,random,301,1,0.0,36.0,3.563496,0.0,0.0003446090267971158
c05_final_150_0019_bd,c05_final_150_0019,5,150,backdate,424242,0.5,150,150,1.0,21.6099,39.8919,134,15.5669,0.239013,v2rl301,301,1,0.0,32.0,3.9923866666666665,0.0,0.02963944396469742
c05_final_150_0019_bd,c05_final_150_0019,5,150,backdate,424242,0.5,150,150,1.0,21.6099,39.8919,134,15.5669,0.239013,v2rl302,302,1,0.0,32.0,3.99972,0.0,0.029896999010816216
c05_final_150_0019_bd,c05_final_150_0019,5,150,backdate,424242,0.5,150,150,1.0,21.6099,39.8919,134,15.5669,0.239013,v2rl303,303,1,0.0,32.0,3.99972,0.0,0.030318776960484684
c05_final_150_0019_bd,c05_final_150_0019,5,150,backdate,424242,0.5,150,150,1.0,21.6099,39.8919,134,15.5669,0.239013,v2rl304,304,1,0.0,32.0,3.5901626666666666,0.0,0.0299400279764086
c05_final_150_0019_bd,c05_final_150_0019,5,150,backdate,424242,0.5,150,150,1.0,21.6099,39.8919,134,15.5669,0.239013,v2rl305,305,1,0.0,32.0,3.9543866666666667,0.0,0.03016707394272089
c05_final_150_0019_bd,c05_final_150_0019,5,150,backdate,424242,0.5,150,150,1.0,21.6099,39.8919,134,15.5669,0.239013,v2rl306,306,1,0.0,32.0,3.99972,0.0,0.03018650400917977
c05_final_150_0019_bd,c05_final_150_0019,5,150,backdate,424242,0.5,150,150,1.0,21.6099,39.8919,134,15.5669,0.239013,v2rl307,307,1,0.0,32.0,3.613496,0.0,0.029954036930575967
c05_final_150_0019_bd,c05_final_150_0019,5,150,backdate,424242,0.5,150,150,1.0,21.6099,39.8919,134,15.5669,0.239013,v2rl308,308,1,0.0,32.0,3.8110533333333336,0.0,0.029460064019076526
c05_final_150_0019_bd,c05_final_150_0019,5,150,backdate,424242,0.5,150,150,1.0,21.6099,39.8919,134,15.5669,0.239013,v2rl309,309,1,0.0,32.0,3.9983866666666668,0.0,0.02938322606496513
c05_final_150_0019_bd,c05_final_150_0019,5,150,backdate,424242,0.5,150,150,1.0,21.6099,39.8919,134,15.5669,0.239013,v2rl310,310,1,0.0,32.0,3.720162666666667,0.0,0.029357277089729905
c05_final_150_0020_bd,c05_final_150_0020,5,150,backdate,424242,0.5,150,80,0.533333,19.5241,39.6217,74,8.6214,0.542975,edd,301,1,0.0,36.5,8.103754666666667,0.0,0.0005511830095201731
c05_final_150_0020_bd,c05_final_150_0020,5,150,backdate,424242,0.5,150,80,0.533333,19.5241,39.6217,74,8.6214,0.542975,pfifo,301,1,0.0,36.5,8.103754666666667,0.0,0.0005455079954117537
c05_final_150_0020_bd,c05_final_150_0020,5,150,backdate,424242,0.5,150,80,0.533333,19.5241,39.6217,74,8.6214,0.542975,wspt,301,1,0.0,35.0,7.370421333333334,0.0,0.0005698039894923568
c05_final_150_0020_bd,c05_final_150_0020,5,150,backdate,424242,0.5,150,80,0.533333,19.5241,39.6217,74,8.6214,0.542975,atc,301,1,0.0,35.0,7.557088,0.0,0.00100972899235785
c05_final_150_0020_bd,c05_final_150_0020,5,150,backdate,424242,0.5,150,80,0.533333,19.5241,39.6217,74,8.6214,0.542975,wmdd,301,1,0.0,36.5,8.103754666666667,0.0,0.0007027360843494534
c05_final_150_0020_bd,c05_final_150_0020,5,150,backdate,424242,0.5,150,80,0.533333,19.5241,39.6217,74,8.6214,0.542975,lpt,301,1,0.0,29.0,10.080421333333334,0.0,0.0005256399745121598
c05_final_150_0020_bd,c05_final_150_0020,5,150,backdate,424242,0.5,150,80,0.533333,19.5241,39.6217,74,8.6214,0.542975,random,301,1,0.0,37.0,8.470421333333334,0.0,0.00033961504232138395
c05_final_150_0020_bd,c05_final_150_0020,5,150,backdate,424242,0.5,150,80,0.533333,19.5241,39.6217,74,8.6214,0.542975,v2rl301,301,1,0.0,29.0,9.530421333333333,0.0,0.029064012924209237
c05_final_150_0020_bd,c05_final_150_0020,5,150,backdate,424242,0.5,150,80,0.533333,19.5241,39.6217,74,8.6214,0.542975,v2rl302,302,1,0.0,29.0,9.530421333333335,0.0,0.02939890802372247
c05_final_150_0020_bd,c05_final_150_0020,5,150,backdate,424242,0.5,150,80,0.533333,19.5241,39.6217,74,8.6214,0.542975,v2rl303,303,1,0.0,29.0,9.530421333333333,0.0,0.02979665598832071
c05_final_150_0020_bd,c05_final_150_0020,5,150,backdate,424242,0.5,150,80,0.533333,19.5241,39.6217,74,8.6214,0.542975,v2rl304,304,1,0.0,31.0,8.683754666666667,0.0,0.02946142910514027
c05_final_150_0020_bd,c05_final_150_0020,5,150,backdate,424242,0.5,150,80,0.533333,19.5241,39.6217,74,8.6214,0.542975,v2rl305,305,1,0.0,29.0,9.530421333333333,0.0,0.029676007921807468
c05_final_150_0020_bd,c05_final_150_0020,5,150,backdate,424242,0.5,150,80,0.533333,19.5241,39.6217,74,8.6214,0.542975,v2rl306,306,1,0.0,29.0,9.530421333333333,0.0,0.029719374026171863
c05_final_150_0020_bd,c05_final_150_0020,5,150,backdate,424242,0.5,150,80,0.533333,19.5241,39.6217,74,8.6214,0.542975,v2rl307,307,1,0.0,31.0,8.337088,0.0,0.029644609079696238
c05_final_150_0020_bd,c05_final_150_0020,5,150,backdate,424242,0.5,150,80,0.533333,19.5241,39.6217,74,8.6214,0.542975,v2rl308,308,1,0.0,29.0,9.530421333333333,0.0,0.0289620979456231
c05_final_150_0020_bd,c05_final_150_0020,5,150,backdate,424242,0.5,150,80,0.533333,19.5241,39.6217,74,8.6214,0.542975,v2rl309,309,1,0.0,31.0,9.183754666666667,0.0,0.028839404927566648
c05_final_150_0020_bd,c05_final_150_0020,5,150,backdate,424242,0.5,150,80,0.533333,19.5241,39.6217,74,8.6214,0.542975,v2rl310,310,1,0.0,29.5,9.323754666666668,0.0,0.028854712028987706
c05_final_150_0021_bd,c05_final_150_0021,5,150,backdate,424242,0.5,150,30,0.2,22.0068,39.7251,30,1.3072,3.070527,edd,301,1,0.0,85.0,18.444563333333335,0.0,0.0005371489096432924
c05_final_150_0021_bd,c05_final_150_0021,5,150,backdate,424242,0.5,150,30,0.2,22.0068,39.7251,30,1.3072,3.070527,pfifo,301,1,0.0,85.0,18.444563333333335,0.0,0.0005297849420458078
c05_final_150_0021_bd,c05_final_150_0021,5,150,backdate,424242,0.5,150,30,0.2,22.0068,39.7251,30,1.3072,3.070527,wspt,301,1,0.0,85.2306,12.069432,0.0,0.0005484699504449964
c05_final_150_0021_bd,c05_final_150_0021,5,150,backdate,424242,0.5,150,30,0.2,22.0068,39.7251,30,1.3072,3.070527,atc,301,1,0.0,85.2306,12.069432,0.0,0.0009556449949741364
c05_final_150_0021_bd,c05_final_150_0021,5,150,backdate,424242,0.5,150,30,0.2,22.0068,39.7251,30,1.3072,3.070527,wmdd,301,1,0.0,85.0,18.444563333333335,0.0,0.0006559590110555291
c05_final_150_0021_bd,c05_final_150_0021,5,150,backdate,424242,0.5,150,30,0.2,22.0068,39.7251,30,1.3072,3.070527,lpt,301,1,0.0,83.0,24.059692666666667,0.0,0.000497182016260922
c05_final_150_0021_bd,c05_final_150_0021,5,150,backdate,424242,0.5,150,30,0.2,22.0068,39.7251,30,1.3072,3.070527,random,301,1,0.0,88.0,17.880208000000003,0.0,0.00035358499735593796
c05_final_150_0021_bd,c05_final_150_0021,5,150,backdate,424242,0.5,150,30,0.2,22.0068,39.7251,30,1.3072,3.070527,v2rl301,301,1,0.0,83.0,24.059692666666667,0.0,0.029290947946719825
c05_final_150_0021_bd,c05_final_150_0021,5,150,backdate,424242,0.5,150,30,0.2,22.0068,39.7251,30,1.3072,3.070527,v2rl302,302,1,0.0,83.0,24.059692666666667,0.0,0.029711432056501508
c05_final_150_0021_bd,c05_final_150_0021,5,150,backdate,424242,0.5,150,30,0.2,22.0068,39.7251,30,1.3072,3.070527,v2rl303,303,1,0.0,83.0,24.059692666666667,0.0,0.029557616915553808
c05_final_150_0021_bd,c05_final_150_0021,5,150,backdate,424242,0.5,150,30,0.2,22.0068,39.7251,30,1.3072,3.070527,v2rl304,304,1,0.0,84.0,18.515076666666666,0.0,0.029533769004046917
c05_final_150_0021_bd,c05_final_150_0021,5,150,backdate,424242,0.5,150,30,0.2,22.0068,39.7251,30,1.3072,3.070527,v2rl305,305,1,0.0,83.0,24.059692666666667,0.0,0.029747158056125045
c05_final_150_0021_bd,c05_final_150_0021,5,150,backdate,424242,0.5,150,30,0.2,22.0068,39.7251,30,1.3072,3.070527,v2rl306,306,1,0.0,83.0,24.059692666666667,0.0,0.02980343101080507
c05_final_150_0021_bd,c05_final_150_0021,5,150,backdate,424242,0.5,150,30,0.2,22.0068,39.7251,30,1.3072,3.070527,v2rl307,307,1,0.0,83.7306,15.562763333333338,0.0,0.028987828991375864
c05_final_150_0021_bd,c05_final_150_0021,5,150,backdate,424242,0.5,150,30,0.2,22.0068,39.7251,30,1.3072,3.070527,v2rl308,308,1,0.0,83.2306,22.879690666666665,0.0,0.02888467104639858
c05_final_150_0021_bd,c05_final_150_0021,5,150,backdate,424242,0.5,150,30,0.2,22.0068,39.7251,30,1.3072,3.070527,v2rl309,309,1,0.0,84.0,15.353026,0.0,0.02886071498505771
c05_final_150_0021_bd,c05_final_150_0021,5,150,backdate,424242,0.5,150,30,0.2,22.0068,39.7251,30,1.3072,3.070527,v2rl310,310,1,0.0,86.0,16.857896666666665,0.0,0.02891531598288566
c05_final_150_0022_bd,c05_final_150_0022,5,150,backdate,424242,0.5,150,138,0.92,21.1831,39.9565,125,14.7372,0.203859,edd,301,1,0.0,16.5895,2.847616666666667,0.0,0.0006035550031810999
c05_final_150_0022_bd,c05_final_150_0022,5,150,backdate,424242,0.5,150,138,0.92,21.1831,39.9565,125,14.7372,0.203859,pfifo,301,1,0.0,16.5895,2.847616666666667,0.0,0.0006046169437468052
c05_final_150_0022_bd,c05_final_150_0022,5,150,backdate,424242,0.5,150,138,0.92,21.1831,39.9565,125,14.7372,0.203859,wspt,301,1,0.0,16.5895,2.6995266666666664,0.0,0.0006223689997568727
c05_final_150_0022_bd,c05_final_150_0022,5,150,backdate,424242,0.5,150,138,0.92,21.1831,39.9565,125,14.7372,0.203859,atc,301,1,0.0,16.5895,2.6995266666666664,0.0,0.0011435500346124172
c05_final_150_0022_bd,c05_final_150_0022,5,150,backdate,424242,0.5,150,138,0.92,21.1831,39.9565,125,14.7372,0.203859,wmdd,301,1,0.0,16.5895,2.847616666666667,0.0,0.0007972859311848879
c05_final_150_0022_bd,c05_final_150_0022,5,150,backdate,424242,0.5,150,138,0.92,21.1831,39.9565,125,14.7372,0.203859,lpt,301,1,0.0,16.5895,3.0064333333333337,0.0,0.0005383540410548449
c05_final_150_0022_bd,c05_final_150_0022,5,150,backdate,424242,0.5,150,138,0.92,21.1831,39.9565,125,14.7372,0.203859,random,301,1,0.0,16.5895,2.8122833333333332,0.0,0.00033594900742173195
c05_final_150_0022_bd,c05_final_150_0022,5,150,backdate,424242,0.5,150,138,0.92,21.1831,39.9565,125,14.7372,0.203859,v2rl301,301,1,0.0,16.5895,2.9917666666666665,0.0,0.029492420027963817
c05_final_150_0022_bd,c05_final_150_0022,5,150,backdate,424242,0.5,150,138,0.92,21.1831,39.9565,125,14.7372,0.203859,v2rl302,302,1,0.0,16.5895,3.0031000000000003,0.0,0.02965180401224643
c05_final_150_0022_bd,c05_final_150_0022,5,150,backdate,424242,0.5,150,138,0.92,21.1831,39.9565,125,14.7372,0.203859,v2rl303,303,1,0.0,16.5895,3.0031000000000003,0.0,0.029443903011269867
c05_final_150_0022_bd,c05_final_150_0022,5,150,backdate,424242,0.5,150,138,0.92,21.1831,39.9565,125,14.7372,0.203859,v2rl304,304,1,0.0,16.5895,2.6995266666666664,0.0,0.02957938506733626
c05_final_150_0022_bd,c05_final_150_0022,5,150,backdate,424242,0.5,150,138,0.92,21.1831,39.9565,125,14.7372,0.203859,v2rl305,305,1,0.0,16.5895,3.0031000000000003,0.0,0.029605622054077685
c05_final_150_0022_bd,c05_final_150_0022,5,150,backdate,424242,0.5,150,138,0.92,21.1831,39.9565,125,14.7372,0.203859,v2rl306,306,1,0.0,16.5895,3.0031000000000003,0.0,0.029324459028430283
c05_final_150_0022_bd,c05_final_150_0022,5,150,backdate,424242,0.5,150,138,0.92,21.1831,39.9565,125,14.7372,0.203859,v2rl307,307,1,0.0,16.5895,2.72286,0.0,0.02871604706160724
c05_final_150_0022_bd,c05_final_150_0022,5,150,backdate,424242,0.5,150,138,0.92,21.1831,39.9565,125,14.7372,0.203859,v2rl308,308,1,0.0,16.5895,2.9677666666666664,0.0,0.028666917933151126
c05_final_150_0022_bd,c05_final_150_0022,5,150,backdate,424242,0.5,150,138,0.92,21.1831,39.9565,125,14.7372,0.203859,v2rl309,309,1,0.0,16.5895,3.0031000000000003,0.0,0.028819010010920465
c05_final_150_0022_bd,c05_final_150_0022,5,150,backdate,424242,0.5,150,138,0.92,21.1831,39.9565,125,14.7372,0.203859,v2rl310,310,1,0.0,16.5895,2.8095266666666663,0.0,0.028957311995327473
c05_final_150_0023_bd,c05_final_150_0023,5,150,backdate,424242,0.5,150,75,0.5,20.5505,39.9516,66,9.2361,0.422163,edd,301,1,0.0,49.5,3.1345666666666663,0.0,0.0004469699924811721
c05_final_150_0023_bd,c05_final_150_0023,5,150,backdate,424242,0.5,150,75,0.5,20.5505,39.9516,66,9.2361,0.422163,pfifo,301,1,0.0,49.5,3.1345666666666663,0.0,0.00044002500362694263
c05_final_150_0023_bd,c05_final_150_0023,5,150,backdate,424242,0.5,150,75,0.5,20.5505,39.9516,66,9.2361,0.422163,wspt,301,1,0.0,49.5,3.129233333333333,0.0,0.0004351040115579963
c05_final_150_0023_bd,c05_final_150_0023,5,150,backdate,424242,0.5,150,75,0.5,20.5505,39.9516,66,9.2361,0.422163,atc,301,1,0.0,49.5,3.129233333333333,0.0,0.0006776290247216821
c05_final_150_0023_bd,c05_final_150_0023,5,150,backdate,424242,0.5,150,75,0.5,20.5505,39.9516,66,9.2361,0.422163,wmdd,301,1,0.0,49.5,3.1345666666666663,0.0,0.0005145480390638113
c05_final_150_0023_bd,c05_final_150_0023,5,150,backdate,424242,0.5,150,75,0.5,20.5505,39.9516,66,9.2361,0.422163,lpt,301,1,0.0,49.5,3.1439,0.0,0.0004165980499237776
c05_final_150_0023_bd,c05_final_150_0023,5,150,backdate,424242,0.5,150,75,0.5,20.5505,39.9516,66,9.2361,0.422163,random,301,1,0.0,49.5,3.140566666666667,0.0,0.00033912097569555044
c05_final_150_0023_bd,c05_final_150_0023,5,150,backdate,424242,0.5,150,75,0.5,20.5505,39.9516,66,9.2361,0.422163,v2rl301,301,1,0.0,49.5,3.1439000000000004,0.0,0.02751658298075199
c05_final_150_0023_bd,c05_final_150_0023,5,150,backdate,424242,0.5,150,75,0.5,20.5505,39.9516,66,9.2361,0.422163,v2rl302,302,1,0.0,49.5,3.1439000000000004,0.0,0.027094420976936817
c05_final_150_0023_bd,c05_final_150_0023,5,150,backdate,424242,0.5,150,75,0.5,20.5505,39.9516,66,9.2361,0.422163,v2rl303,303,1,0.0,49.5,3.1439,0.0,0.02699482103344053
c05_final_150_0023_bd,c05_final_150_0023,5,150,backdate,424242,0.5,150,75,0.5,20.5505,39.9516,66,9.2361,0.422163,v2rl304,304,1,0.0,49.5,3.1292333333333335,0.0,0.02704410394653678
c05_final_150_0023_bd,c05_final_150_0023,5,150,backdate,424242,0.5,150,75,0.5,20.5505,39.9516,66,9.2361,0.422163,v2rl305,305,1,0.0,49.5,3.1439,0.0,0.027123940060846508
c05_final_150_0023_bd,c05_final_150_0023,5,150,backdate,424242,0.5,150,75,0.5,20.5505,39.9516,66,9.2361,0.422163,v2rl306,306,1,0.0,49.5,3.1439000000000004,0.0,0.02707474201451987
c05_final_150_0023_bd,c05_final_150_0023,5,150,backdate,424242,0.5,150,75,0.5,20.5505,39.9516,66,9.2361,0.422163,v2rl307,307,1,0.0,49.5,3.1292333333333335,0.0,0.026378469076007605
c05_final_150_0023_bd,c05_final_150_0023,5,150,backdate,424242,0.5,150,75,0.5,20.5505,39.9516,66,9.2361,0.422163,v2rl308,308,1,0.0,49.5,3.1439000000000004,0.0,0.026282355072908103
c05_final_150_0023_bd,c05_final_150_0023,5,150,backdate,424242,0.5,150,75,0.5,20.5505,39.9516,66,9.2361,0.422163,v2rl309,309,1,0.0,49.5,3.1439000000000004,0.0,0.026470260927453637
c05_final_150_0023_bd,c05_final_150_0023,5,150,backdate,424242,0.5,150,75,0.5,20.5505,39.9516,66,9.2361,0.422163,v2rl310,310,1,0.0,49.5,3.129233333333333,0.0,0.0264638060471043
c05_final_150_0024_bd,c05_final_150_0024,5,150,backdate,424242,0.5,150,149,0.993333,19.8304,39.7703,130,12.9672,0.420823,edd,301,1,0.0,46.0978,4.706338666666667,0.0,0.0005921570118516684
c05_final_150_0024_bd,c05_final_150_0024,5,150,backdate,424242,0.5,150,149,0.993333,19.8304,39.7703,130,12.9672,0.420823,pfifo,301,1,0.0,46.0978,4.706338666666667,0.0,0.0005872780457139015
c05_final_150_0024_bd,c05_final_150_0024,5,150,backdate,424242,0.5,150,149,0.993333,19.8304,39.7703,130,12.9672,0.420823,wspt,301,1,0.0,46.0978,4.5741320000000005,0.0,0.0005952790379524231
c05_final_150_0024_bd,c05_final_150_0024,5,150,backdate,424242,0.5,150,149,0.993333,19.8304,39.7703,130,12.9672,0.420823,atc,301,1,0.0,46.0978,4.587414000000001,0.0,0.001087298966012895
c05_final_150_0024_bd,c05_final_150_0024,5,150,backdate,424242,0.5,150,149,0.993333,19.8304,39.7703,130,12.9672,0.420823,wmdd,301,1,0.0,46.0978,4.706338666666667,0.0,0.0007720020366832614
c05_final_150_0024_bd,c05_final_150_0024,5,150,backdate,424242,0.5,150,149,0.993333,19.8304,39.7703,130,12.9672,0.420823,lpt,301,1,0.0,46.0978,5.153672,0.0,0.0005461201071739197
c05_final_150_0024_bd,c05_final_150_0024,5,150,backdate,424242,0.5,150,149,0.993333,19.8304,39.7703,130,12.9672,0.420823,random,301,1,0.0,46.0978,4.881672,0.0,0.0003504710039123893
c05_final_150_0024_bd,c05_final_150_0024,5,150,backdate,424242,0.5,150,149,0.993333,19.8304,39.7703,130,12.9672,0.420823,v2rl301,301,1,0.0,46.0978,5.140338666666667,0.0,0.02948030491825193
c05_final_150_0024_bd,c05_final_150_0024,5,150,backdate,424242,0.5,150,149,0.993333,19.8304,39.7703,130,12.9672,0.420823,v2rl302,302,1,0.0,46.0978,5.153672,0.0,0.02918873995076865
c05_final_150_0024_bd,c05_final_150_0024,5,150,backdate,424242,0.5,150,149,0.993333,19.8304,39.7703,130,12.9672,0.420823,v2rl303,303,1,0.0,46.0978,5.153672,0.0,0.0291682630777359
c05_final_150_0024_bd,c05_final_150_0024,5,150,backdate,424242,0.5,150,149,0.993333,19.8304,39.7703,130,12.9672,0.420823,v2rl304,304,1,0.0,46.0978,4.750747333333334,0.0,0.02915529895108193
c05_final_150_0024_bd,c05_final_150_0024,5,150,backdate,424242,0.5,150,149,0.993333,19.8304,39.7703,130,12.9672,0.420823,v2rl305,305,1,0.0,46.0978,5.140338666666667,0.0,0.029282136005349457
c05_final_150_0024_bd,c05_final_150_0024,5,150,backdate,424242,0.5,150,149,0.993333,19.8304,39.7703,130,12.9672,0.420823,v2rl306,306,1,0.0,46.0978,5.153672,0.0,0.028441826929338276
c05_final_150_0024_bd,c05_final_150_0024,5,150,backdate,424242,0.5,150,149,0.993333,19.8304,39.7703,130,12.9672,0.420823,v2rl307,307,1,0.0,46.0978,4.727465333333333,0.0,0.02828322898130864
c05_final_150_0024_bd,c05_final_150_0024,5,150,backdate,424242,0.5,150,149,0.993333,19.8304,39.7703,130,12.9672,0.420823,v2rl308,308,1,0.0,46.0978,5.031005333333334,0.0,0.02837621106300503
c05_final_150_0024_bd,c05_final_150_0024,5,150,backdate,424242,0.5,150,149,0.993333,19.8304,39.7703,130,12.9672,0.420823,v2rl309,309,1,0.0,46.0978,5.153672,0.0,0.028668901999481022
c05_final_150_0024_bd,c05_final_150_0024,5,150,backdate,424242,0.5,150,149,0.993333,19.8304,39.7703,130,12.9672,0.420823,v2rl310,310,1,0.0,46.0978,4.880080666666667,0.0,0.028561776038259268
c05_final_150_0025_bd,c05_final_150_0025,5,150,backdate,424242,0.5,150,149,0.993333,18.6912,38.9157,122,16.3625,0.34488,edd,301,1,0.0,37.8,4.915548,0.0,0.000543524045497179
c05_final_150_0025_bd,c05_final_150_0025,5,150,backdate,424242,0.5,150,149,0.993333,18.6912,38.9157,122,16.3625,0.34488,pfifo,301,1,0.0,37.8,4.915548,0.0,0.0005324919475242496
c05_final_150_0025_bd,c05_final_150_0025,5,150,backdate,424242,0.5,150,149,0.993333,18.6912,38.9157,122,16.3625,0.34488,wspt,301,1,0.0,37.8,4.727548,0.0,0.0005269639659672976
c05_final_150_0025_bd,c05_final_150_0025,5,150,backdate,424242,0.5,150,149,0.993333,18.6912,38.9157,122,16.3625,0.34488,atc,301,1,0.0,37.8,4.727548,0.0,0.0009565619984641671
c05_final_150_0025_bd,c05_final_150_0025,5,150,backdate,424242,0.5,150,149,0.993333,18.6912,38.9157,122,16.3625,0.34488,wmdd,301,1,0.0,37.8,4.915548,0.0,0.0006705529522150755
c05_final_150_0025_bd,c05_final_150_0025,5,150,backdate,424242,0.5,150,149,0.993333,18.6912,38.9157,122,16.3625,0.34488,lpt,301,1,0.0,37.8,5.328881333333333,0.0,0.0004890949930995703
c05_final_150_0025_bd,c05_final_150_0025,5,150,backdate,424242,0.5,150,149,0.993333,18.6912,38.9157,122,16.3625,0.34488,random,301,1,0.0,37.8,4.9408813333333335,0.0,0.0003446569899097085
c05_final_150_0025_bd,c05_final_150_0025,5,150,backdate,424242,0.5,150,149,0.993333,18.6912,38.9157,122,16.3625,0.34488,v2rl301,301,1,0.0,37.8,5.310214666666667,0.0,0.02806084102485329
c05_final_150_0025_bd,c05_final_150_0025,5,150,backdate,424242,0.5,150,149,0.993333,18.6912,38.9157,122,16.3625,0.34488,v2rl302,302,1,0.0,37.8,5.328881333333333,0.0,0.02786752802785486
c05_final_150_0025_bd,c05_final_150_0025,5,150,backdate,424242,0.5,150,149,0.993333,18.6912,38.9157,122,16.3625,0.34488,v2rl303,303,1,0.0,37.8,5.328881333333333,0.0,0.02779456099960953
c05_final_150_0025_bd,c05_final_150_0025,5,150,backdate,424242,0.5,150,149,0.993333,18.6912,38.9157,122,16.3625,0.34488,v2rl304,304,1,0.0,37.8,4.857548,0.0,0.028274959069676697
c05_final_150_0025_bd,c05_final_150_0025,5,150,backdate,424242,0.5,150,149,0.993333,18.6912,38.9157,122,16.3625,0.34488,v2rl305,305,1,0.0,37.8,5.328881333333333,0.0,0.028848979040049016
c05_final_150_0025_bd,c05_final_150_0025,5,150,backdate,424242,0.5,150,149,0.993333,18.6912,38.9157,122,16.3625,0.34488,v2rl306,306,1,0.0,37.8,5.328881333333333,0.0,0.02924862504005432
c05_final_150_0025_bd,c05_final_150_0025,5,150,backdate,424242,0.5,150,149,0.993333,18.6912,38.9157,122,16.3625,0.34488,v2rl307,307,1,0.0,37.8,4.876214666666667,0.0,0.028452145983465016
c05_final_150_0025_bd,c05_final_150_0025,5,150,backdate,424242,0.5,150,149,0.993333,18.6912,38.9157,122,16.3625,0.34488,v2rl308,308,1,0.0,37.8,5.2788813333333335,0.0,0.027638189028948545
c05_final_150_0025_bd,c05_final_150_0025,5,150,backdate,424242,0.5,150,149,0.993333,18.6912,38.9157,122,16.3625,0.34488,v2rl309,309,1,0.0,37.8,5.328881333333333,0.0,0.027594282990321517
c05_final_150_0025_bd,c05_final_150_0025,5,150,backdate,424242,0.5,150,149,0.993333,18.6912,38.9157,122,16.3625,0.34488,v2rl310,310,1,0.0,37.8,4.909548,0.0,0.02772884606383741
c05_final_150_0026_bd,c05_final_150_0026,5,150,backdate,424242,0.5,150,147,0.98,19.6084,39.528,114,17.0006,0.235844,edd,301,1,0.0,28.3,3.669036,0.0,0.0005306419916450977
c05_final_150_0026_bd,c05_final_150_0026,5,150,backdate,424242,0.5,150,147,0.98,19.6084,39.528,114,17.0006,0.235844,pfifo,301,1,0.0,28.3,3.669036,0.0,0.0005087010795250535
c05_final_150_0026_bd,c05_final_150_0026,5,150,backdate,424242,0.5,150,147,0.98,19.6084,39.528,114,17.0006,0.235844,wspt,301,1,0.0,28.3,3.4723693333333334,0.0,0.0005198330618441105
c05_final_150_0026_bd,c05_final_150_0026,5,150,backdate,424242,0.5,150,147,0.98,19.6084,39.528,114,17.0006,0.235844,atc,301,1,0.0,28.3,3.4723693333333334,0.0,0.000897146062925458
c05_final_150_0026_bd,c05_final_150_0026,5,150,backdate,424242,0.5,150,147,0.98,19.6084,39.528,114,17.0006,0.235844,wmdd,301,1,0.0,28.3,3.669036,0.0,0.0006240310613065958
c05_final_150_0026_bd,c05_final_150_0026,5,150,backdate,424242,0.5,150,147,0.98,19.6084,39.528,114,17.0006,0.235844,lpt,301,1,0.0,27.3,3.9837026666666664,0.0,0.00047743692994117737
c05_final_150_0026_bd,c05_final_150_0026,5,150,backdate,424242,0.5,150,147,0.98,19.6084,39.528,114,17.0006,0.235844,random,301,1,0.0,27.3,3.7037026666666666,0.0,0.0003541259793564677
c05_final_150_0026_bd,c05_final_150_0026,5,150,backdate,424242,0.5,150,147,0.98,19.6084,39.528,114,17.0006,0.235844,v2rl301,301,1,0.0,27.3,3.9770359999999996,0.0,0.02778206195216626
c05_final_150_0026_bd,c05_final_150_0026,5,150,backdate,424242,0.5,150,147,0.98,19.6084,39.528,114,17.0006,0.235844,v2rl302,302,1,0.0,27.3,3.9797026666666664,0.0,0.027763798949308693
c05_final_150_0026_bd,c05_final_150_0026,5,150,backdate,424242,0.5,150,147,0.98,19.6084,39.528,114,17.0006,0.235844,v2rl303,303,1,0.0,27.3,3.979702666666667,0.0,0.02771112904883921
c05_final_150_0026_bd,c05_final_150_0026,5,150,backdate,424242,0.5,150,147,0.98,19.6084,39.528,114,17.0006,0.235844,v2rl304,304,1,0.0,27.3,3.5703693333333333,0.0,0.028222142951563
c05_final_150_0026_bd,c05_final_150_0026,5,150,backdate,424242,0.5,150,147,0.98,19.6084,39.528,114,17.0006,0.235844,v2rl305,305,1,0.0,27.3,3.9797026666666664,0.0,0.028556483914144337
c05_final_150_0026_bd,c05_final_150_0026,5,150,backdate,424242,0.5,150,147,0.98,19.6084,39.528,114,17.0006,0.235844,v2rl306,306,1,0.0,27.3,3.9797026666666664,0.0,0.029374211910180748
c05_final_150_0026_bd,c05_final_150_0026,5,150,backdate,424242,0.5,150,147,0.98,19.6084,39.528,114,17.0006,0.235844,v2rl307,307,1,0.0,27.3,3.5970359999999997,0.0,0.027923841029405594
c05_final_150_0026_bd,c05_final_150_0026,5,150,backdate,424242,0.5,150,147,0.98,19.6084,39.528,114,17.0006,0.235844,v2rl308,308,1,0.0,27.3,3.8530360000000003,0.0,0.027592192986048758
c05_final_150_0026_bd,c05_final_150_0026,5,150,backdate,424242,0.5,150,147,0.98,19.6084,39.528,114,17.0006,0.235844,v2rl309,309,1,0.0,27.3,3.9797026666666664,0.0,0.027506001060828567
c05_final_150_0026_bd,c05_final_150_0026,5,150,backdate,424242,0.5,150,147,0.98,19.6084,39.528,114,17.0006,0.235844,v2rl310,310,1,0.0,27.3,3.6483693333333336,0.0,0.02762288600206375
c05_final_150_0027_bd,c05_final_150_0027,5,150,backdate,424242,0.5,150,49,0.326667,18.5129,39.4039,45,7.4294,0.715819,edd,301,1,0.0,44.2758,4.860444,0.0,0.00045616808347404003
c05_final_150_0027_bd,c05_final_150_0027,5,150,backdate,424242,0.5,150,49,0.326667,18.5129,39.4039,45,7.4294,0.715819,pfifo,301,1,0.0,44.2758,4.860444,0.0,0.00042754493188112974
c05_final_150_0027_bd,c05_final_150_0027,5,150,backdate,424242,0.5,150,49,0.326667,18.5129,39.4039,45,7.4294,0.715819,wspt,301,1,0.0,44.2758,4.670042666666666,0.0,0.00041818898171186447
c05_final_150_0027_bd,c05_final_150_0027,5,150,backdate,424242,0.5,150,49,0.326667,18.5129,39.4039,45,7.4294,0.715819,atc,301,1,0.0,44.2758,4.670042666666666,0.0,0.0006110620452091098
c05_final_150_0027_bd,c05_final_150_0027,5,150,backdate,424242,0.5,150,49,0.326667,18.5129,39.4039,45,7.4294,0.715819,wmdd,301,1,0.0,44.2758,4.860444,0.0,0.0004595379577949643
c05_final_150_0027_bd,c05_final_150_0027,5,150,backdate,424242,0.5,150,49,0.326667,18.5129,39.4039,45,7.4294,0.715819,lpt,301,1,0.0,44.2758,5.038448666666667,0.0,0.0003905319608747959
c05_final_150_0027_bd,c05_final_150_0027,5,150,backdate,424242,0.5,150,49,0.326667,18.5129,39.4039,45,7.4294,0.715819,random,301,1,0.0,44.2758,4.866597333333334,0.0,0.00033678801264613867
c05_final_150_0027_bd,c05_final_150_0027,5,150,backdate,424242,0.5,150,49,0.326667,18.5129,39.4039,45,7.4294,0.715819,v2rl301,301,1,0.0,44.2758,5.038448666666667,0.0,0.026914512971416116
c05_final_150_0027_bd,c05_final_150_0027,5,150,backdate,424242,0.5,150,49,0.326667,18.5129,39.4039,45,7.4294,0.715819,v2rl302,302,1,0.0,44.2758,5.038448666666667,0.0,0.027016706997528672
c05_final_150_0027_bd,c05_final_150_0027,5,150,backdate,424242,0.5,150,49,0.326667,18.5129,39.4039,45,7.4294,0.715819,v2rl303,303,1,0.0,44.2758,5.038448666666667,0.0,0.026852185023017228
c05_final_150_0027_bd,c05_final_150_0027,5,150,backdate,424242,0.5,150,49,0.326667,18.5129,39.4039,45,7.4294,0.715819,v2rl304,304,1,0.0,44.2758,4.871001333333334,0.0,0.027320818044245243
c05_final_150_0027_bd,c05_final_150_0027,5,150,backdate,424242,0.5,150,49,0.326667,18.5129,39.4039,45,7.4294,0.715819,v2rl305,305,1,0.0,44.2758,5.031782,0.0,0.027864373056218028
c05_final_150_0027_bd,c05_final_150_0027,5,150,backdate,424242,0.5,150,49,0.326667,18.5129,39.4039,45,7.4294,0.715819,v2rl306,306,1,0.0,44.2758,5.038448666666667,0.0,0.028215486090630293
c05_final_150_0027_bd,c05_final_150_0027,5,150,backdate,424242,0.5,150,49,0.326667,18.5129,39.4039,45,7.4294,0.715819,v2rl307,307,1,0.0,44.2758,4.7277700000000005,0.0,0.02754698204807937
c05_final_150_0027_bd,c05_final_150_0027,5,150,backdate,424242,0.5,150,49,0.326667,18.5129,39.4039,45,7.4294,0.715819,v2rl308,308,1,0.0,44.2758,4.909118666666666,0.0,0.026765648974105716
c05_final_150_0027_bd,c05_final_150_0027,5,150,backdate,424242,0.5,150,49,0.326667,18.5129,39.4039,45,7.4294,0.715819,v2rl309,309,1,0.0,44.2758,5.038448666666667,0.0,0.026717405999079347
c05_final_150_0027_bd,c05_final_150_0027,5,150,backdate,424242,0.5,150,49,0.326667,18.5129,39.4039,45,7.4294,0.715819,v2rl310,310,1,0.0,44.2758,4.991758666666667,0.0,0.026707579963840544
c05_final_150_0028_bd,c05_final_150_0028,5,150,backdate,424242,0.5,150,88,0.586667,19.0567,39.9452,86,5.2219,0.786145,edd,301,1,0.0,49.1375,7.198800000000001,0.0,0.0005783679662272334
c05_final_150_0028_bd,c05_final_150_0028,5,150,backdate,424242,0.5,150,88,0.586667,19.0567,39.9452,86,5.2219,0.786145,pfifo,301,1,0.0,49.1375,7.198800000000001,0.0,0.0006005550967529416
c05_final_150_0028_bd,c05_final_150_0028,5,150,backdate,424242,0.5,150,88,0.586667,19.0567,39.9452,86,5.2219,0.786145,wspt,301,1,0.0,49.1375,6.4008573333333345,0.0,0.0006495780544355512
c05_final_150_0028_bd,c05_final_150_0028,5,150,backdate,424242,0.5,150,88,0.586667,19.0567,39.9452,86,5.2219,0.786145,atc,301,1,0.0,49.1375,6.4008573333333345,0.0,0.0011878079967573285
c05_final_150_0028_bd,c05_final_150_0028,5,150,backdate,424242,0.5,150,88,0.586667,19.0567,39.9452,86,5.2219,0.786145,wmdd,301,1,0.0,49.1375,7.198800000000001,0.0,0.0007906219689175487
c05_final_150_0028_bd,c05_final_150_0028,5,150,backdate,424242,0.5,150,88,0.586667,19.0567,39.9452,86,5.2219,0.786145,lpt,301,1,0.0,49.1375,7.994438666666665,0.0,0.0005631559761241078
c05_final_150_0028_bd,c05_final_150_0028,5,150,backdate,424242,0.5,150,88,0.586667,19.0567,39.9452,86,5.2219,0.786145,random,301,1,0.0,49.1375,7.167519999999998,0.0,0.0003374700900167227
c05_final_150_0028_bd,c05_final_150_0028,5,150,backdate,424242,0.5,150,88,0.586667,19.0567,39.9452,86,5.2219,0.786145,v2rl301,301,1,0.0,49.1375,7.994438666666668,0.0,0.029243349097669125
c05_final_150_0028_bd,c05_final_150_0028,5,150,backdate,424242,0.5,150,88,0.586667,19.0567,39.9452,86,5.2219,0.786145,v2rl302,302,1,0.0,49.1375,7.994438666666668,0.0,0.029155883006751537
c05_final_150_0028_bd,c05_final_150_0028,5,150,backdate,424242,0.5,150,88,0.586667,19.0567,39.9452,86,5.2219,0.786145,v2rl303,303,1,0.0,49.1375,7.994438666666665,0.0,0.02910020004492253
c05_final_150_0028_bd,c05_final_150_0028,5,150,backdate,424242,0.5,150,88,0.586667,19.0567,39.9452,86,5.2219,0.786145,v2rl304,304,1,0.0,49.1375,7.621099999999999,0.0,0.029903123038820922
c05_final_150_0028_bd,c05_final_150_0028,5,150,backdate,424242,0.5,150,88,0.586667,19.0567,39.9452,86,5.2219,0.786145,v2rl305,305,1,0.0,49.1375,7.994438666666668,0.0,0.029887972050346434
c05_final_150_0028_bd,c05_final_150_0028,5,150,backdate,424242,0.5,150,88,0.586667,19.0567,39.9452,86,5.2219,0.786145,v2rl306,306,1,0.0,49.1375,7.9944386666666665,0.0,0.030674998997710645
c05_final_150_0028_bd,c05_final_150_0028,5,150,backdate,424242,0.5,150,88,0.586667,19.0567,39.9452,86,5.2219,0.786145,v2rl307,307,1,0.0,49.1375,6.585209999999999,0.0,0.028997946996241808
c05_final_150_0028_bd,c05_final_150_0028,5,150,backdate,424242,0.5,150,88,0.586667,19.0567,39.9452,86,5.2219,0.786145,v2rl308,308,1,0.0,49.1375,7.994438666666665,0.0,0.0289585180580616
c05_final_150_0028_bd,c05_final_150_0028,5,150,backdate,424242,0.5,150,88,0.586667,19.0567,39.9452,86,5.2219,0.786145,v2rl309,309,1,0.0,49.1375,7.9711066666666675,0.0,0.028831548988819122
c05_final_150_0028_bd,c05_final_150_0028,5,150,backdate,424242,0.5,150,88,0.586667,19.0567,39.9452,86,5.2219,0.786145,v2rl310,310,1,0.0,49.1375,7.930077333333335,0.0,0.029577246983535588
c05_final_150_0029_bd,c05_final_150_0029,5,150,backdate,424242,0.5,150,149,0.993333,19.7635,39.7233,98,26.9886,0.237924,edd,301,1,21.729600000000005,90.8648,5.389494,0.006666666666666667,0.0005228250520303845
c05_final_150_0029_bd,c05_final_150_0029,5,150,backdate,424242,0.5,150,149,0.993333,19.7635,39.7233,98,26.9886,0.237924,pfifo,301,1,21.729600000000005,90.8648,5.389494,0.006666666666666667,0.0005102170398458838
c05_final_150_0029_bd,c05_final_150_0029,5,150,backdate,424242,0.5,150,149,0.993333,19.7635,39.7233,98,26.9886,0.237924,wspt,301,1,27.729600000000005,93.8648,5.262827333333333,0.006666666666666667,0.000515494029968977
c05_final_150_0029_bd,c05_final_150_0029,5,150,backdate,424242,0.5,150,149,0.993333,19.7635,39.7233,98,26.9886,0.237924,atc,301,1,21.729600000000005,90.8648,5.282827333333333,0.006666666666666667,0.000904159969650209
c05_final_150_0029_bd,c05_final_150_0029,5,150,backdate,424242,0.5,150,149,0.993333,19.7635,39.7233,98,26.9886,0.237924,wmdd,301,1,27.729600000000005,93.8648,5.382827333333333,0.006666666666666667,0.0006417949916794896
c05_final_150_0029_bd,c05_final_150_0029,5,150,backdate,424242,0.5,150,149,0.993333,19.7635,39.7233,98,26.9886,0.237924,lpt,301,1,21.729600000000005,90.8648,5.622827333333333,0.006666666666666667,0.0004699421115219593
c05_final_150_0029_bd,c05_final_150_0029,5,150,backdate,424242,0.5,150,149,0.993333,19.7635,39.7233,98,26.9886,0.237924,random,301,1,21.729600000000005,90.8648,5.362827333333333,0.006666666666666667,0.00033939105924218893
c05_final_150_0029_bd,c05_final_150_0029,5,150,backdate,424242,0.5,150,149,0.993333,19.7635,39.7233,98,26.9886,0.237924,v2rl301,301,1,21.729600000000005,90.8648,5.622827333333333,0.006666666666666667,0.027628712938167155
c05_final_150_0029_bd,c05_final_150_0029,5,150,backdate,424242,0.5,150,149,0.993333,19.7635,39.7233,98,26.9886,0.237924,v2rl302,302,1,21.729600000000005,90.8648,5.622827333333333,0.006666666666666667,0.027507278020493686
c05_final_150_0029_bd,c05_final_150_0029,5,150,backdate,424242,0.5,150,149,0.993333,19.7635,39.7233,98,26.9886,0.237924,v2rl303,303,1,21.729600000000005,90.8648,5.622827333333333,0.006666666666666667,0.027562203933484852
c05_final_150_0029_bd,c05_final_150_0029,5,150,backdate,424242,0.5,150,149,0.993333,19.7635,39.7233,98,26.9886,0.237924,v2rl304,304,1,21.729600000000005,90.8648,5.282827333333333,0.006666666666666667,0.02808310999535024
c05_final_150_0029_bd,c05_final_150_0029,5,150,backdate,424242,0.5,150,149,0.993333,19.7635,39.7233,98,26.9886,0.237924,v2rl305,305,1,21.729600000000005,90.8648,5.622827333333333,0.006666666666666667,0.028378513059578836
c05_final_150_0029_bd,c05_final_150_0029,5,150,backdate,424242,0.5,150,149,0.993333,19.7635,39.7233,98,26.9886,0.237924,v2rl306,306,1,21.729600000000005,90.8648,5.622827333333333,0.006666666666666667,0.029232093947939575
c05_final_150_0029_bd,c05_final_150_0029,5,150,backdate,424242,0.5,150,149,0.993333,19.7635,39.7233,98,26.9886,0.237924,v2rl307,307,1,21.729600000000005,90.8648,5.302827333333333,0.006666666666666667,0.027214322006329894
c05_final_150_0029_bd,c05_final_150_0029,5,150,backdate,424242,0.5,150,149,0.993333,19.7635,39.7233,98,26.9886,0.237924,v2rl308,308,1,21.729600000000005,90.8648,5.622827333333333,0.006666666666666667,0.027154850075021386
c05_final_150_0029_bd,c05_final_150_0029,5,150,backdate,424242,0.5,150,149,0.993333,19.7635,39.7233,98,26.9886,0.237924,v2rl309,309,1,21.729600000000005,90.8648,5.622827333333333,0.006666666666666667,0.027329331962391734
c05_final_150_0029_bd,c05_final_150_0029,5,150,backdate,424242,0.5,150,149,0.993333,19.7635,39.7233,98,26.9886,0.237924,v2rl310,310,1,21.729600000000005,90.8648,5.336160666666666,0.006666666666666667,0.02760496095288545
c09_final_150_0000_bd,c09_final_150_0000,9,150,backdate,424242,0.5,150,52,0.346667,6.1412,21.4276,24,22.0333,0.260969,edd,301,1,430.0,61.25,3.9921326666666666,0.013333333333333334,0.00042978301644325256
c09_final_150_0000_bd,c09_final_150_0000,9,150,backdate,424242,0.5,150,52,0.346667,6.1412,21.4276,24,22.0333,0.260969,pfifo,301,1,430.0,61.25,3.9921326666666666,0.013333333333333334,0.00042016198858618736
c09_final_150_0000_bd,c09_final_150_0000,9,150,backdate,424242,0.5,150,52,0.346667,6.1412,21.4276,24,22.0333,0.260969,wspt,301,1,438.0,61.25,3.9538913333333334,0.013333333333333334,0.000394908944144845
c09_final_150_0000_bd,c09_final_150_0000,9,150,backdate,424242,0.5,150,52,0.346667,6.1412,21.4276,24,22.0333,0.260969,atc,301,1,436.0,61.25,3.973799333333333,0.013333333333333334,0.0005589199718087912
c09_final_150_0000_bd,c09_final_150_0000,9,150,backdate,424242,0.5,150,52,0.346667,6.1412,21.4276,24,22.0333,0.260969,wmdd,301,1,436.0,61.25,3.988799333333333,0.013333333333333334,0.00043775199446827173
c09_final_150_0000_bd,c09_final_150_0000,9,150,backdate,424242,0.5,150,52,0.346667,6.1412,21.4276,24,22.0333,0.260969,lpt,301,1,430.0,61.25,4.097132666666666,0.013333333333333334,0.0003777670208364725
c09_final_150_0000_bd,c09_final_150_0000,9,150,backdate,424242,0.5,150,52,0.346667,6.1412,21.4276,24,22.0333,0.260969,random,301,1,430.0,61.25,4.032132666666667,0.013333333333333334,0.000338603975251317
c09_final_150_0000_bd,c09_final_150_0000,9,150,backdate,424242,0.5,150,52,0.346667,6.1412,21.4276,24,22.0333,0.260969,v2rl301,301,1,430.0,61.25,4.052132666666666,0.013333333333333334,0.02638608799315989
c09_final_150_0000_bd,c09_final_150_0000,9,150,backdate,424242,0.5,150,52,0.346667,6.1412,21.4276,24,22.0333,0.260969,v2rl302,302,1,430.0,61.25,4.052132666666666,0.013333333333333334,0.026161310961470008
c09_final_150_0000_bd,c09_final_150_0000,9,150,backdate,424242,0.5,150,52,0.346667,6.1412,21.4276,24,22.0333,0.260969,v2rl303,303,1,430.0,61.25,4.052132666666666,0.013333333333333334,0.026457136031240225
c09_final_150_0000_bd,c09_final_150_0000,9,150,backdate,424242,0.5,150,52,0.346667,6.1412,21.4276,24,22.0333,0.260969,v2rl304,304,1,430.0,61.25,4.020466,0.013333333333333334,0.026990944053977728
c09_final_150_0000_bd,c09_final_150_0000,9,150,backdate,424242,0.5,150,52,0.346667,6.1412,21.4276,24,22.0333,0.260969,v2rl305,305,1,430.0,61.25,4.048799333333333,0.013333333333333334,0.026932675973512232
c09_final_150_0000_bd,c09_final_150_0000,9,150,backdate,424242,0.5,150,52,0.346667,6.1412,21.4276,24,22.0333,0.260969,v2rl306,306,1,430.0,61.25,4.052132666666666,0.013333333333333334,0.027779354015365243
c09_final_150_0000_bd,c09_final_150_0000,9,150,backdate,424242,0.5,150,52,0.346667,6.1412,21.4276,24,22.0333,0.260969,v2rl307,307,1,430.0,61.25,3.987132666666666,0.013333333333333334,0.02613244706299156
c09_final_150_0000_bd,c09_final_150_0000,9,150,backdate,424242,0.5,150,52,0.346667,6.1412,21.4276,24,22.0333,0.260969,v2rl308,308,1,430.0,61.25,4.045465999999999,0.013333333333333334,0.026082800002768636
c09_final_150_0000_bd,c09_final_150_0000,9,150,backdate,424242,0.5,150,52,0.346667,6.1412,21.4276,24,22.0333,0.260969,v2rl309,309,1,430.0,61.25,4.038799333333333,0.013333333333333334,0.026044435100629926
c09_final_150_0000_bd,c09_final_150_0000,9,150,backdate,424242,0.5,150,52,0.346667,6.1412,21.4276,24,22.0333,0.260969,v2rl310,310,1,430.0,61.25,4.038799333333333,0.013333333333333334,0.026337913004681468
c09_final_150_0001_bd,c09_final_150_0001,9,150,backdate,424242,0.5,150,61,0.406667,5.6334,36.3057,11,16.0,0.396622,edd,301,1,23.0,46.0,4.199039333333333,0.013333333333333334,0.0004401670303195715
c09_final_150_0001_bd,c09_final_150_0001,9,150,backdate,424242,0.5,150,61,0.406667,5.6334,36.3057,11,16.0,0.396622,pfifo,301,1,23.0,46.0,4.199039333333333,0.013333333333333334,0.0004178420640528202
c09_final_150_0001_bd,c09_final_150_0001,9,150,backdate,424242,0.5,150,61,0.406667,5.6334,36.3057,11,16.0,0.396622,wspt,301,1,23.0,46.0,4.199039333333333,0.013333333333333334,0.00040982896462082863
c09_final_150_0001_bd,c09_final_150_0001,9,150,backdate,424242,0.5,150,61,0.406667,5.6334,36.3057,11,16.0,0.396622,atc,301,1,23.0,46.0,4.199039333333333,0.013333333333333334,0.0005723210051655769
c09_final_150_0001_bd,c09_final_150_0001,9,150,backdate,424242,0.5,150,61,0.406667,5.6334,36.3057,11,16.0,0.396622,wmdd,301,1,23.0,46.0,4.199039333333333,0.013333333333333334,0.000443721073679626
c09_final_150_0001_bd,c09_final_150_0001,9,150,backdate,424242,0.5,150,61,0.406667,5.6334,36.3057,11,16.0,0.396622,lpt,301,1,23.0,46.0,4.209039333333333,0.013333333333333334,0.0003928709775209427
c09_final_150_0001_bd,c09_final_150_0001,9,150,backdate,424242,0.5,150,61,0.406667,5.6334,36.3057,11,16.0,0.396622,random,301,1,23.0,46.0,4.199039333333333,0.013333333333333334,0.0003407559124752879
c09_final_150_0001_bd,c09_final_150_0001,9,150,backdate,424242,0.5,150,61,0.406667,5.6334,36.3057,11,16.0,0.396622,v2rl301,301,1,23.0,46.0,4.209039333333333,0.013333333333333334,0.02641536807641387
c09_final_150_0001_bd,c09_final_150_0001,9,150,backdate,424242,0.5,150,61,0.406667,5.6334,36.3057,11,16.0,0.396622,v2rl302,302,1,23.0,46.0,4.209039333333333,0.013333333333333334,0.026205403031781316
c09_final_150_0001_bd,c09_final_150_0001,9,150,backdate,424242,0.5,150,61,0.406667,5.6334,36.3057,11,16.0,0.396622,v2rl303,303,1,23.0,46.0,4.209039333333333,0.013333333333333334,0.02643459604587406
c09_final_150_0001_bd,c09_final_150_0001,9,150,backdate,424242,0.5,150,61,0.406667,5.6334,36.3057,11,16.0,0.396622,v2rl304,304,1,23.0,46.0,4.202372666666667,0.013333333333333334,0.026965953991748393
c09_final_150_0001_bd,c09_final_150_0001,9,150,backdate,424242,0.5,150,61,0.406667,5.6334,36.3057,11,16.0,0.396622,v2rl305,305,1,23.0,46.0,4.209039333333333,0.013333333333333334,0.0272176549769938
c09_final_150_0001_bd,c09_final_150_0001,9,150,backdate,424242,0.5,150,61,0.406667,5.6334,36.3057,11,16.0,0.396622,v2rl306,306,1,23.0,46.0,4.209039333333333,0.013333333333333334,0.027299402048811316
c09_final_150_0001_bd,c09_final_150_0001,9,150,backdate,424242,0.5,150,61,0.406667,5.6334,36.3057,11,16.0,0.396622,v2rl307,307,1,23.0,46.0,4.199039333333333,0.013333333333333334,0.026002882979810238
c09_final_150_0001_bd,c09_final_150_0001,9,150,backdate,424242,0.5,150,61,0.406667,5.6334,36.3057,11,16.0,0.396622,v2rl308,308,1,23.0,46.0,4.209039333333333,0.013333333333333334,0.02599401888437569
c09_final_150_0001_bd,c09_final_150_0001,9,150,backdate,424242,0.5,150,61,0.406667,5.6334,36.3057,11,16.0,0.396622,v2rl309,309,1,23.0,46.0,4.209039333333333,0.013333333333333334,0.02592616609763354
c09_final_150_0001_bd,c09_final_150_0001,9,150,backdate,424242,0.5,150,61,0.406667,5.6334,36.3057,11,16.0,0.396622,v2rl310,310,1,23.0,46.0,4.209039333333333,0.013333333333333334,0.02634665695950389
c09_final_150_0002_bd,c09_final_150_0002,9,150,backdate,424242,0.5,150,51,0.34,5.5297,11.9638,16,21.5,0.366274,edd,301,1,329.0,106.8648,5.222436666666667,0.03333333333333333,0.00042625400237739086
c09_final_150_0002_bd,c09_final_150_0002,9,150,backdate,424242,0.5,150,51,0.34,5.5297,11.9638,16,21.5,0.366274,pfifo,301,1,329.0,106.8648,5.222436666666667,0.03333333333333333,0.0004137209616601467
c09_final_150_0002_bd,c09_final_150_0002,9,150,backdate,424242,0.5,150,51,0.34,5.5297,11.9638,16,21.5,0.366274,wspt,301,1,329.0,106.8648,5.222436666666667,0.03333333333333333,0.00038365693762898445
c09_final_150_0002_bd,c09_final_150_0002,9,150,backdate,424242,0.5,150,51,0.34,5.5297,11.9638,16,21.5,0.366274,atc,301,1,329.0,106.8648,5.222436666666667,0.03333333333333333,0.0005163110326975584
c09_final_150_0002_bd,c09_final_150_0002,9,150,backdate,424242,0.5,150,51,0.34,5.5297,11.9638,16,21.5,0.366274,wmdd,301,1,329.0,106.8648,5.222436666666667,0.03333333333333333,0.0004162800032645464
c09_final_150_0002_bd,c09_final_150_0002,9,150,backdate,424242,0.5,150,51,0.34,5.5297,11.9638,16,21.5,0.366274,lpt,301,1,329.0,106.8648,5.248883333333334,0.03333333333333333,0.00036861002445220947
c09_final_150_0002_bd,c09_final_150_0002,9,150,backdate,424242,0.5,150,51,0.34,5.5297,11.9638,16,21.5,0.366274,random,301,1,329.0,106.8648,5.227994666666667,0.03333333333333333,0.00034024694468826056
c09_final_150_0002_bd,c09_final_150_0002,9,150,backdate,424242,0.5,150,51,0.34,5.5297,11.9638,16,21.5,0.366274,v2rl301,301,1,329.0,106.8648,5.237216666666667,0.03333333333333333,0.026243268977850676
c09_final_150_0002_bd,c09_final_150_0002,9,150,backdate,424242,0.5,150,51,0.34,5.5297,11.9638,16,21.5,0.366274,v2rl302,302,1,329.0,106.8648,5.237216666666667,0.03333333333333333,0.025785894016735256
c09_final_150_0002_bd,c09_final_150_0002,9,150,backdate,424242,0.5,150,51,0.34,5.5297,11.9638,16,21.5,0.366274,v2rl303,303,1,329.0,106.8648,5.237216666666667,0.03333333333333333,0.02642659400589764
c09_final_150_0002_bd,c09_final_150_0002,9,150,backdate,424242,0.5,150,51,0.34,5.5297,11.9638,16,21.5,0.366274,v2rl304,304,1,329.0,106.8648,5.222436666666667,0.03333333333333333,0.026630974956788123
c09_final_150_0002_bd,c09_final_150_0002,9,150,backdate,424242,0.5,150,51,0.34,5.5297,11.9638,16,21.5,0.366274,v2rl305,305,1,329.0,106.8648,5.237216666666667,0.03333333333333333,0.027113053016364574
c09_final_150_0002_bd,c09_final_150_0002,9,150,backdate,424242,0.5,150,51,0.34,5.5297,11.9638,16,21.5,0.366274,v2rl306,306,1,329.0,106.8648,5.237216666666667,0.03333333333333333,0.026658816030249
c09_final_150_0002_bd,c09_final_150_0002,9,150,backdate,424242,0.5,150,51,0.34,5.5297,11.9638,16,21.5,0.366274,v2rl307,307,1,329.0,106.8648,5.2263280000000005,0.03333333333333333,0.02582077810075134
c09_final_150_0002_bd,c09_final_150_0002,9,150,backdate,424242,0.5,150,51,0.34,5.5297,11.9638,16,21.5,0.366274,v2rl308,308,1,329.0,106.8648,5.237216666666667,0.03333333333333333,0.025772284949198365
c09_final_150_0002_bd,c09_final_150_0002,9,150,backdate,424242,0.5,150,51,0.34,5.5297,11.9638,16,21.5,0.366274,v2rl309,309,1,329.0,106.8648,5.237216666666667,0.03333333333333333,0.025710209039971232
c09_final_150_0002_bd,c09_final_150_0002,9,150,backdate,424242,0.5,150,51,0.34,5.5297,11.9638,16,21.5,0.366274,v2rl310,310,1,329.0,106.8648,5.2263280000000005,0.03333333333333333,0.0263601359911263
c09_final_150_0003_bd,c09_final_150_0003,9,150,backdate,424242,0.5,150,51,0.34,5.3122,11.9319,12,24.0,0.240109,edd,301,1,160.0,40.5167,3.8033333333333332,0.02666666666666667,0.0004309830255806446
c09_final_150_0003_bd,c09_final_150_0003,9,150,backdate,424242,0.5,150,51,0.34,5.3122,11.9319,12,24.0,0.240109,pfifo,301,1,160.0,40.5167,3.8033333333333332,0.02666666666666667,0.00040725094731897116
c09_final_150_0003_bd,c09_final_150_0003,9,150,backdate,424242,0.5,150,51,0.34,5.3122,11.9319,12,24.0,0.240109,wspt,301,1,160.0,40.5167,3.8033333333333332,0.02666666666666667,0.0003880199510604143
c09_final_150_0003_bd,c09_final_150_0003,9,150,backdate,424242,0.5,150,51,0.34,5.3122,11.9319,12,24.0,0.240109,atc,301,1,160.0,40.5167,3.8033333333333332,0.02666666666666667,0.0004823219496756792
c09_final_150_0003_bd,c09_final_150_0003,9,150,backdate,424242,0.5,150,51,0.34,5.3122,11.9319,12,24.0,0.240109,wmdd,301,1,160.0,40.5167,3.8033333333333332,0.02666666666666667,0.00039450405165553093
c09_final_150_0003_bd,c09_final_150_0003,9,150,backdate,424242,0.5,150,51,0.34,5.3122,11.9319,12,24.0,0.240109,lpt,301,1,160.0,40.5167,3.8033333333333332,0.02666666666666667,0.0003666121046990156
c09_final_150_0003_bd,c09_final_150_0003,9,150,backdate,424242,0.5,150,51,0.34,5.3122,11.9319,12,24.0,0.240109,random,301,1,160.0,40.5167,3.8033333333333332,0.02666666666666667,0.00034296000376343727
c09_final_150_0003_bd,c09_final_150_0003,9,150,backdate,424242,0.5,150,51,0.34,5.3122,11.9319,12,24.0,0.240109,v2rl301,301,1,160.0,40.5167,3.8033333333333332,0.02666666666666667,0.025809430982917547
c09_final_150_0003_bd,c09_final_150_0003,9,150,backdate,424242,0.5,150,51,0.34,5.3122,11.9319,12,24.0,0.240109,v2rl302,302,1,160.0,40.5167,3.8033333333333332,0.02666666666666667,0.025809245998971164
c09_final_150_0003_bd,c09_final_150_0003,9,150,backdate,424242,0.5,150,51,0.34,5.3122,11.9319,12,24.0,0.240109,v2rl303,303,1,160.0,40.5167,3.8033333333333332,0.02666666666666667,0.02640724601224065
c09_final_150_0003_bd,c09_final_150_0003,9,150,backdate,424242,0.5,150,51,0.34,5.3122,11.9319,12,24.0,0.240109,v2rl304,304,1,160.0,40.5167,3.8033333333333332,0.02666666666666667,0.026461618952453136
c09_final_150_0003_bd,c09_final_150_0003,9,150,backdate,424242,0.5,150,51,0.34,5.3122,11.9319,12,24.0,0.240109,v2rl305,305,1,160.0,40.5167,3.8033333333333332,0.02666666666666667,0.027171152993105352
c09_final_150_0003_bd,c09_final_150_0003,9,150,backdate,424242,0.5,150,51,0.34,5.3122,11.9319,12,24.0,0.240109,v2rl306,306,1,160.0,40.5167,3.8033333333333332,0.02666666666666667,0.025726248044520617
c09_final_150_0003_bd,c09_final_150_0003,9,150,backdate,424242,0.5,150,51,0.34,5.3122,11.9319,12,24.0,0.240109,v2rl307,307,1,160.0,40.5167,3.8033333333333332,0.02666666666666667,0.02550294902175665
c09_final_150_0003_bd,c09_final_150_0003,9,150,backdate,424242,0.5,150,51,0.34,5.3122,11.9319,12,24.0,0.240109,v2rl308,308,1,160.0,40.5167,3.8033333333333332,0.02666666666666667,0.025482352008111775
c09_final_150_0003_bd,c09_final_150_0003,9,150,backdate,424242,0.5,150,51,0.34,5.3122,11.9319,12,24.0,0.240109,v2rl309,309,1,160.0,40.5167,3.8033333333333332,0.02666666666666667,0.02544410398695618
c09_final_150_0003_bd,c09_final_150_0003,9,150,backdate,424242,0.5,150,51,0.34,5.3122,11.9319,12,24.0,0.240109,v2rl310,310,1,160.0,40.5167,3.8033333333333332,0.02666666666666667,0.025991207920014858
c09_final_150_0004_bd,c09_final_150_0004,9,150,backdate,424242,0.5,150,13,0.086667,6.1397,13.3429,6,8.0,0.600379,edd,301,1,0.0,39.5,7.085,0.0,0.000498943030834198
c09_final_150_0004_bd,c09_final_150_0004,9,150,backdate,424242,0.5,150,13,0.086667,6.1397,13.3429,6,8.0,0.600379,pfifo,301,1,0.0,39.5,7.085,0.0,0.0004903740482404828
c09_final_150_0004_bd,c09_final_150_0004,9,150,backdate,424242,0.5,150,13,0.086667,6.1397,13.3429,6,8.0,0.600379,wspt,301,1,0.0,49.0,4.12,0.0,0.00048585899639874697
c09_final_150_0004_bd,c09_final_150_0004,9,150,backdate,424242,0.5,150,13,0.086667,6.1397,13.3429,6,8.0,0.600379,atc,301,1,0.0,49.0,4.12,0.0,0.0007715190295130014
c09_final_150_0004_bd,c09_final_150_0004,9,150,backdate,424242,0.5,150,13,0.086667,6.1397,13.3429,6,8.0,0.600379,wmdd,301,1,0.0,39.5,7.085,0.0,0.0005556219257414341
c09_final_150_0004_bd,c09_final_150_0004,9,150,backdate,424242,0.5,150,13,0.086667,6.1397,13.3429,6,8.0,0.600379,lpt,301,1,0.0,35.0,8.196666666666667,0.0,0.00043490889947861433
c09_final_150_0004_bd,c09_final_150_0004,9,150,backdate,424242,0.5,150,13,0.086667,6.1397,13.3429,6,8.0,0.600379,random,301,1,0.0,48.0,4.8933333333333335,0.0,0.00033412990160286427
c09_final_150_0004_bd,c09_final_150_0004,9,150,backdate,424242,0.5,150,13,0.086667,6.1397,13.3429,6,8.0,0.600379,v2rl301,301,1,0.0,35.0,8.196666666666667,0.0,0.027166951913386583
c09_final_150_0004_bd,c09_final_150_0004,9,150,backdate,424242,0.5,150,13,0.086667,6.1397,13.3429,6,8.0,0.600379,v2rl302,302,1,0.0,35.0,8.196666666666667,0.0,0.027133207069709897
c09_final_150_0004_bd,c09_final_150_0004,9,150,backdate,424242,0.5,150,13,0.086667,6.1397,13.3429,6,8.0,0.600379,v2rl303,303,1,0.0,35.0,8.056666666666667,0.0,0.027549594058655202
c09_final_150_0004_bd,c09_final_150_0004,9,150,backdate,424242,0.5,150,13,0.086667,6.1397,13.3429,6,8.0,0.600379,v2rl304,304,1,0.0,35.0,7.101666666666667,0.0,0.027709963032975793
c09_final_150_0004_bd,c09_final_150_0004,9,150,backdate,424242,0.5,150,13,0.086667,6.1397,13.3429,6,8.0,0.600379,v2rl305,305,1,0.0,35.0,8.196666666666667,0.0,0.028432943974621594
c09_final_150_0004_bd,c09_final_150_0004,9,150,backdate,424242,0.5,150,13,0.086667,6.1397,13.3429,6,8.0,0.600379,v2rl306,306,1,0.0,35.0,8.196666666666667,0.0,0.026766377966850996
c09_final_150_0004_bd,c09_final_150_0004,9,150,backdate,424242,0.5,150,13,0.086667,6.1397,13.3429,6,8.0,0.600379,v2rl307,307,1,0.0,35.0,7.293333333333333,0.0,0.026782196946442127
c09_final_150_0004_bd,c09_final_150_0004,9,150,backdate,424242,0.5,150,13,0.086667,6.1397,13.3429,6,8.0,0.600379,v2rl308,308,1,0.0,35.0,7.968333333333334,0.0,0.026663422002457082
c09_final_150_0004_bd,c09_final_150_0004,9,150,backdate,424242,0.5,150,13,0.086667,6.1397,13.3429,6,8.0,0.600379,v2rl309,309,1,0.0,35.0,8.153333333333334,0.0,0.027058351086452603
c09_final_150_0004_bd,c09_final_150_0004,9,150,backdate,424242,0.5,150,13,0.086667,6.1397,13.3429,6,8.0,0.600379,v2rl310,310,1,0.0,35.0,7.903333333333333,0.0,0.027078468003310263
c09_final_150_0005_bd,c09_final_150_0005,9,150,backdate,424242,0.5,150,43,0.286667,5.59,38.1968,14,19.35,0.450489,edd,301,1,355.4592,106.8648,5.805715333333334,0.02666666666666667,0.0004222519928589463
c09_final_150_0005_bd,c09_final_150_0005,9,150,backdate,424242,0.5,150,43,0.286667,5.59,38.1968,14,19.35,0.450489,pfifo,301,1,355.4592,106.8648,5.805715333333334,0.02666666666666667,0.00041136506479233503
c09_final_150_0005_bd,c09_final_150_0005,9,150,backdate,424242,0.5,150,43,0.286667,5.59,38.1968,14,19.35,0.450489,wspt,301,1,355.4592,106.8648,5.8007153333333346,0.02666666666666667,0.00038933800533413887
c09_final_150_0005_bd,c09_final_150_0005,9,150,backdate,424242,0.5,150,43,0.286667,5.59,38.1968,14,19.35,0.450489,atc,301,1,355.4592,106.8648,5.802382000000001,0.02666666666666667,0.0005528400652110577
c09_final_150_0005_bd,c09_final_150_0005,9,150,backdate,424242,0.5,150,43,0.286667,5.59,38.1968,14,19.35,0.450489,wmdd,301,1,355.4592,106.8648,5.805715333333334,0.02666666666666667,0.0004269559867680073
c09_final_150_0005_bd,c09_final_150_0005,9,150,backdate,424242,0.5,150,43,0.286667,5.59,38.1968,14,19.35,0.450489,lpt,301,1,355.4592,106.8648,5.859048666666667,0.02666666666666667,0.0003745460417121649
c09_final_150_0005_bd,c09_final_150_0005,9,150,backdate,424242,0.5,150,43,0.286667,5.59,38.1968,14,19.35,0.450489,random,301,1,355.4592,106.8648,5.822381999999999,0.02666666666666667,0.00033780501689761877
c09_final_150_0005_bd,c09_final_150_0005,9,150,backdate,424242,0.5,150,43,0.286667,5.59,38.1968,14,19.35,0.450489,v2rl301,301,1,355.4592,106.8648,5.859048666666667,0.02666666666666667,0.02570350409951061
c09_final_150_0005_bd,c09_final_150_0005,9,150,backdate,424242,0.5,150,43,0.286667,5.59,38.1968,14,19.35,0.450489,v2rl302,302,1,355.4592,106.8648,5.859048666666667,0.02666666666666667,0.026348952087573707
c09_final_150_0005_bd,c09_final_150_0005,9,150,backdate,424242,0.5,150,43,0.286667,5.59,38.1968,14,19.35,0.450489,v2rl303,303,1,355.4592,106.8648,5.859048666666667,0.02666666666666667,0.026534636970609426
c09_final_150_0005_bd,c09_final_150_0005,9,150,backdate,424242,0.5,150,43,0.286667,5.59,38.1968,14,19.35,0.450489,v2rl304,304,1,355.4592,106.8648,5.8040486666666675,0.02666666666666667,0.02689182397443801
c09_final_150_0005_bd,c09_final_150_0005,9,150,backdate,424242,0.5,150,43,0.286667,5.59,38.1968,14,19.35,0.450489,v2rl305,305,1,355.4592,106.8648,5.859048666666667,0.02666666666666667,0.026304727070964873
c09_final_150_0005_bd,c09_final_150_0005,9,150,backdate,424242,0.5,150,43,0.286667,5.59,38.1968,14,19.35,0.450489,v2rl306,306,1,355.4592,106.8648,5.859048666666667,0.02666666666666667,0.025552550912834704
c09_final_150_0005_bd,c09_final_150_0005,9,150,backdate,424242,0.5,150,43,0.286667,5.59,38.1968,14,19.35,0.450489,v2rl307,307,1,355.4592,106.8648,5.8040486666666675,0.02666666666666667,0.025528687052428722
c09_final_150_0005_bd,c09_final_150_0005,9,150,backdate,424242,0.5,150,43,0.286667,5.59,38.1968,14,19.35,0.450489,v2rl308,308,1,355.4592,106.8648,5.830715333333334,0.02666666666666667,0.025516002089716494
c09_final_150_0005_bd,c09_final_150_0005,9,150,backdate,424242,0.5,150,43,0.286667,5.59,38.1968,14,19.35,0.450489,v2rl309,309,1,355.4592,106.8648,5.859048666666667,0.02666666666666667,0.02622618293389678
c09_final_150_0005_bd,c09_final_150_0005,9,150,backdate,424242,0.5,150,43,0.286667,5.59,38.1968,14,19.35,0.450489,v2rl310,310,1,355.4592,106.8648,5.812382,0.02666666666666667,0.02567562402691692
c09_final_150_0006_bd,c09_final_150_0006,9,150,backdate,424242,0.5,150,54,0.36,5.8873,37.9076,15,24.0,0.199916,edd,301,1,76.0,34.25,3.1733333333333333,0.006666666666666667,0.00040585699025541544
c09_final_150_0006_bd,c09_final_150_0006,9,150,backdate,424242,0.5,150,54,0.36,5.8873,37.9076,15,24.0,0.199916,pfifo,301,1,76.0,34.25,3.1733333333333333,0.006666666666666667,0.00040194299072027206
c09_final_150_0006_bd,c09_final_150_0006,9,150,backdate,424242,0.5,150,54,0.36,5.8873,37.9076,15,24.0,0.199916,wspt,301,1,76.0,34.25,3.17,0.006666666666666667,0.0003794219810515642
c09_final_150_0006_bd,c09_final_150_0006,9,150,backdate,424242,0.5,150,54,0.36,5.8873,37.9076,15,24.0,0.199916,atc,301,1,76.0,34.25,3.17,0.006666666666666667,0.00048338400665670633
c09_final_150_0006_bd,c09_final_150_0006,9,150,backdate,424242,0.5,150,54,0.36,5.8873,37.9076,15,24.0,0.199916,wmdd,301,1,76.0,34.25,3.1733333333333333,0.006666666666666667,0.00039573898538947105
c09_final_150_0006_bd,c09_final_150_0006,9,150,backdate,424242,0.5,150,54,0.36,5.8873,37.9076,15,24.0,0.199916,lpt,301,1,76.0,34.25,3.1733333333333333,0.006666666666666667,0.00035870797000825405
c09_final_150_0006_bd,c09_final_150_0006,9,150,backdate,424242,0.5,150,54,0.36,5.8873,37.9076,15,24.0,0.199916,random,301,1,76.0,34.25,3.17,0.006666666666666667,0.0003391519421711564
c09_final_150_0006_bd,c09_final_150_0006,9,150,backdate,424242,0.5,150,54,0.36,5.8873,37.9076,15,24.0,0.199916,v2rl301,301,1,76.0,34.25,3.1733333333333333,0.006666666666666667,0.025910030934028327
c09_final_150_0006_bd,c09_final_150_0006,9,150,backdate,424242,0.5,150,54,0.36,5.8873,37.9076,15,24.0,0.199916,v2rl302,302,1,76.0,34.25,3.1733333333333333,0.006666666666666667,0.026147059979848564
c09_final_150_0006_bd,c09_final_150_0006,9,150,backdate,424242,0.5,150,54,0.36,5.8873,37.9076,15,24.0,0.199916,v2rl303,303,1,76.0,34.25,3.1733333333333333,0.006666666666666667,0.02611643704585731
c09_final_150_0006_bd,c09_final_150_0006,9,150,backdate,424242,0.5,150,54,0.36,5.8873,37.9076,15,24.0,0.199916,v2rl304,304,1,76.0,34.25,3.1733333333333333,0.006666666666666667,0.026757963933050632
c09_final_150_0006_bd,c09_final_150_0006,9,150,backdate,424242,0.5,150,54,0.36,5.8873,37.9076,15,24.0,0.199916,v2rl305,305,1,76.0,34.25,3.1733333333333333,0.006666666666666667,0.025218404014594853
c09_final_150_0006_bd,c09_final_150_0006,9,150,backdate,424242,0.5,150,54,0.36,5.8873,37.9076,15,24.0,0.199916,v2rl306,306,1,76.0,34.25,3.1733333333333333,0.006666666666666667,0.025068482966162264
c09_final_150_0006_bd,c09_final_150_0006,9,150,backdate,424242,0.5,150,54,0.36,5.8873,37.9076,15,24.0,0.199916,v2rl307,307,1,76.0,34.25,3.17,0.006666666666666667,0.025172820081934333
c09_final_150_0006_bd,c09_final_150_0006,9,150,backdate,424242,0.5,150,54,0.36,5.8873,37.9076,15,24.0,0.199916,v2rl308,308,1,76.0,34.25,3.1733333333333333,0.006666666666666667,0.02535347396042198
c09_final_150_0006_bd,c09_final_150_0006,9,150,backdate,424242,0.5,150,54,0.36,5.8873,37.9076,15,24.0,0.199916,v2rl309,309,1,76.0,34.25,3.1733333333333333,0.006666666666666667,0.025772941997274756
c09_final_150_0006_bd,c09_final_150_0006,9,150,backdate,424242,0.5,150,54,0.36,5.8873,37.9076,15,24.0,0.199916,v2rl310,310,1,76.0,34.25,3.1733333333333333,0.006666666666666667,0.02530294400639832
c09_final_150_0007_bd,c09_final_150_0007,9,150,backdate,424242,0.5,150,53,0.353333,5.4835,11.9099,18,24.0,0.224432,edd,301,1,63.999999999999986,41.8333,3.6131106666666666,0.02,0.00042548193596303463
c09_final_150_0007_bd,c09_final_150_0007,9,150,backdate,424242,0.5,150,53,0.353333,5.4835,11.9099,18,24.0,0.224432,pfifo,301,1,63.999999999999986,41.8333,3.6131106666666666,0.02,0.0004124060506001115
c09_final_150_0007_bd,c09_final_150_0007,9,150,backdate,424242,0.5,150,53,0.353333,5.4835,11.9099,18,24.0,0.224432,wspt,301,1,63.999999999999986,41.8333,3.6114439999999997,0.02,0.0003796450328081846
c09_final_150_0007_bd,c09_final_150_0007,9,150,backdate,424242,0.5,150,53,0.353333,5.4835,11.9099,18,24.0,0.224432,atc,301,1,63.999999999999986,41.8333,3.6114439999999997,0.02,0.0004932340234518051
c09_final_150_0007_bd,c09_final_150_0007,9,150,backdate,424242,0.5,150,53,0.353333,5.4835,11.9099,18,24.0,0.224432,wmdd,301,1,63.999999999999986,41.8333,3.6131106666666666,0.02,0.00041137810330837965
c09_final_150_0007_bd,c09_final_150_0007,9,150,backdate,424242,0.5,150,53,0.353333,5.4835,11.9099,18,24.0,0.224432,lpt,301,1,63.999999999999986,41.8333,3.66,0.02,0.00036641303449869156
c09_final_150_0007_bd,c09_final_150_0007,9,150,backdate,424242,0.5,150,53,0.353333,5.4835,11.9099,18,24.0,0.224432,random,301,1,63.999999999999986,41.8333,3.6245553333333334,0.02,0.0003457179991528392
c09_final_150_0007_bd,c09_final_150_0007,9,150,backdate,424242,0.5,150,53,0.353333,5.4835,11.9099,18,24.0,0.224432,v2rl301,301,1,63.999999999999986,41.8333,3.658333333333333,0.02,0.0262861589435488
c09_final_150_0007_bd,c09_final_150_0007,9,150,backdate,424242,0.5,150,53,0.353333,5.4835,11.9099,18,24.0,0.224432,v2rl302,302,1,63.999999999999986,41.8333,3.658333333333333,0.02,0.025282424059696496
c09_final_150_0007_bd,c09_final_150_0007,9,150,backdate,424242,0.5,150,53,0.353333,5.4835,11.9099,18,24.0,0.224432,v2rl303,303,1,63.999999999999986,41.8333,3.658333333333333,0.02,0.025083259912207723
c09_final_150_0007_bd,c09_final_150_0007,9,150,backdate,424242,0.5,150,53,0.353333,5.4835,11.9099,18,24.0,0.224432,v2rl304,304,1,63.999999999999986,41.8333,3.636222,0.02,0.025041543995030224
c09_final_150_0007_bd,c09_final_150_0007,9,150,backdate,424242,0.5,150,53,0.353333,5.4835,11.9099,18,24.0,0.224432,v2rl305,305,1,63.999999999999986,41.8333,3.658333333333333,0.02,0.025354912970215082
c09_final_150_0007_bd,c09_final_150_0007,9,150,backdate,424242,0.5,150,53,0.353333,5.4835,11.9099,18,24.0,0.224432,v2rl306,306,1,63.999999999999986,41.8333,3.658333333333333,0.02,0.02603070402983576
c09_final_150_0007_bd,c09_final_150_0007,9,150,backdate,424242,0.5,150,53,0.353333,5.4835,11.9099,18,24.0,0.224432,v2rl307,307,1,63.999999999999986,41.8333,3.63,0.02,0.026131498045288026
c09_final_150_0007_bd,c09_final_150_0007,9,150,backdate,424242,0.5,150,53,0.353333,5.4835,11.9099,18,24.0,0.224432,v2rl308,308,1,63.999999999999986,41.8333,3.6283333333333334,0.02,0.025478143943473697
c09_final_150_0007_bd,c09_final_150_0007,9,150,backdate,424242,0.5,150,53,0.353333,5.4835,11.9099,18,24.0,0.224432,v2rl309,309,1,63.999999999999986,41.8333,3.658333333333333,0.02,0.02542485494632274
c09_final_150_0007_bd,c09_final_150_0007,9,150,backdate,424242,0.5,150,53,0.353333,5.4835,11.9099,18,24.0,0.224432,v2rl310,310,1,63.999999999999986,41.8333,3.658333333333333,0.02,0.025411451002582908
c09_final_150_0008_bd,c09_final_150_0008,9,150,backdate,424242,0.5,150,42,0.28,6.8815,31.6228,12,21.5667,0.292609,edd,301,1,133.99999999999997,78.4168,4.373333333333333,0.006666666666666667,0.00042656506411731243
c09_final_150_0008_bd,c09_final_150_0008,9,150,backdate,424242,0.5,150,42,0.28,6.8815,31.6228,12,21.5667,0.292609,pfifo,301,1,133.99999999999997,78.4168,4.373333333333333,0.006666666666666667,0.00041193305514752865
c09_final_150_0008_bd,c09_final_150_0008,9,150,backdate,424242,0.5,150,42,0.28,6.8815,31.6228,12,21.5667,0.292609,wspt,301,1,133.99999999999997,78.4168,4.33,0.006666666666666667,0.0003790570190176368
c09_final_150_0008_bd,c09_final_150_0008,9,150,backdate,424242,0.5,150,42,0.28,6.8815,31.6228,12,21.5667,0.292609,atc,301,1,133.99999999999997,78.4168,4.33,0.006666666666666667,0.0004922340158373117
c09_final_150_0008_bd,c09_final_150_0008,9,150,backdate,424242,0.5,150,42,0.28,6.8815,31.6228,12,21.5667,0.292609,wmdd,301,1,133.99999999999997,78.4168,4.373333333333333,0.006666666666666667,0.00040837901178747416
c09_final_150_0008_bd,c09_final_150_0008,9,150,backdate,424242,0.5,150,42,0.28,6.8815,31.6228,12,21.5667,0.292609,lpt,301,1,133.99999999999997,78.4168,4.4,0.006666666666666667,0.00037278200034052134
c09_final_150_0008_bd,c09_final_150_0008,9,150,backdate,424242,0.5,150,42,0.28,6.8815,31.6228,12,21.5667,0.292609,random,301,1,133.99999999999997,78.4168,4.34,0.006666666666666667,0.00034967903047800064
c09_final_150_0008_bd,c09_final_150_0008,9,150,backdate,424242,0.5,150,42,0.28,6.8815,31.6228,12,21.5667,0.292609,v2rl301,301,1,133.99999999999997,78.4168,4.4,0.006666666666666667,0.026346870930865407
c09_final_150_0008_bd,c09_final_150_0008,9,150,backdate,424242,0.5,150,42,0.28,6.8815,31.6228,12,21.5667,0.292609,v2rl302,302,1,133.99999999999997,78.4168,4.4,0.006666666666666667,0.025468369014561176
c09_final_150_0008_bd,c09_final_150_0008,9,150,backdate,424242,0.5,150,42,0.28,6.8815,31.6228,12,21.5667,0.292609,v2rl303,303,1,133.99999999999997,78.4168,4.4,0.006666666666666667,0.025269425008445978
c09_final_150_0008_bd,c09_final_150_0008,9,150,backdate,424242,0.5,150,42,0.28,6.8815,31.6228,12,21.5667,0.292609,v2rl304,304,1,133.99999999999997,78.4168,4.3933333333333335,0.006666666666666667,0.025234775035642087
c09_final_150_0008_bd,c09_final_150_0008,9,150,backdate,424242,0.5,150,42,0.28,6.8815,31.6228,12,21.5667,0.292609,v2rl305,305,1,133.99999999999997,78.4168,4.388333333333334,0.006666666666666667,0.025257586035877466
c09_final_150_0008_bd,c09_final_150_0008,9,150,backdate,424242,0.5,150,42,0.28,6.8815,31.6228,12,21.5667,0.292609,v2rl306,306,1,133.99999999999997,78.4168,4.4,0.006666666666666667,0.02630371309351176
c09_final_150_0008_bd,c09_final_150_0008,9,150,backdate,424242,0.5,150,42,0.28,6.8815,31.6228,12,21.5667,0.292609,v2rl307,307,1,133.99999999999997,78.4168,4.33,0.006666666666666667,0.026205515954643488
c09_final_150_0008_bd,c09_final_150_0008,9,150,backdate,424242,0.5,150,42,0.28,6.8815,31.6228,12,21.5667,0.292609,v2rl308,308,1,133.99999999999997,78.4168,4.386666666666667,0.006666666666666667,0.025546075077727437
c09_final_150_0008_bd,c09_final_150_0008,9,150,backdate,424242,0.5,150,42,0.28,6.8815,31.6228,12,21.5667,0.292609,v2rl309,309,1,133.99999999999997,78.4168,4.4,0.006666666666666667,0.0253957660170272
c09_final_150_0008_bd,c09_final_150_0008,9,150,backdate,424242,0.5,150,42,0.28,6.8815,31.6228,12,21.5667,0.292609,v2rl310,310,1,133.99999999999997,78.4168,4.385,0.006666666666666667,0.025467582046985626
c09_final_150_0009_bd,c09_final_150_0009,9,150,backdate,424242,0.5,150,30,0.2,5.6048,11.8609,12,16.0,0.329072,edd,301,1,0.0,64.25,3.74,0.0,0.00043544103391468525
c09_final_150_0009_bd,c09_final_150_0009,9,150,backdate,424242,0.5,150,30,0.2,5.6048,11.8609,12,16.0,0.329072,pfifo,301,1,0.0,64.25,3.74,0.0,0.00041644705925136805
c09_final_150_0009_bd,c09_final_150_0009,9,150,backdate,424242,0.5,150,30,0.2,5.6048,11.8609,12,16.0,0.329072,wspt,301,1,0.0,64.25,3.723333333333333,0.0,0.00039721804205328226
c09_final_150_0009_bd,c09_final_150_0009,9,150,backdate,424242,0.5,150,30,0.2,5.6048,11.8609,12,16.0,0.329072,atc,301,1,0.0,64.25,3.723333333333333,0.0,0.0005796380573883653
c09_final_150_0009_bd,c09_final_150_0009,9,150,backdate,424242,0.5,150,30,0.2,5.6048,11.8609,12,16.0,0.329072,wmdd,301,1,0.0,64.25,3.74,0.0,0.0004452039720490575
c09_final_150_0009_bd,c09_final_150_0009,9,150,backdate,424242,0.5,150,30,0.2,5.6048,11.8609,12,16.0,0.329072,lpt,301,1,0.0,64.25,3.750333333333333,0.0,0.0004037190228700638
c09_final_150_0009_bd,c09_final_150_0009,9,150,backdate,424242,0.5,150,30,0.2,5.6048,11.8609,12,16.0,0.329072,random,301,1,0.0,64.25,3.723333333333333,0.0,0.00037476595025509596
c09_final_150_0009_bd,c09_final_150_0009,9,150,backdate,424242,0.5,150,30,0.2,5.6048,11.8609,12,16.0,0.329072,v2rl301,301,1,0.0,64.25,3.740333333333333,0.0,0.026463206973858178
c09_final_150_0009_bd,c09_final_150_0009,9,150,backdate,424242,0.5,150,30,0.2,5.6048,11.8609,12,16.0,0.329072,v2rl302,302,1,0.0,64.25,3.740333333333333,0.0,0.025718902004882693
c09_final_150_0009_bd,c09_final_150_0009,9,150,backdate,424242,0.5,150,30,0.2,5.6048,11.8609,12,16.0,0.329072,v2rl303,303,1,0.0,64.25,3.740333333333333,0.0,0.025665533961728215
c09_final_150_0009_bd,c09_final_150_0009,9,150,backdate,424242,0.5,150,30,0.2,5.6048,11.8609,12,16.0,0.329072,v2rl304,304,1,0.0,64.25,3.74,0.0,0.025628952076658607
c09_final_150_0009_bd,c09_final_150_0009,9,150,backdate,424242,0.5,150,30,0.2,5.6048,11.8609,12,16.0,0.329072,v2rl305,305,1,0.0,64.25,3.740333333333333,0.0,0.026077069924212992
c09_final_150_0009_bd,c09_final_150_0009,9,150,backdate,424242,0.5,150,30,0.2,5.6048,11.8609,12,16.0,0.329072,v2rl306,306,1,0.0,64.25,3.740333333333333,0.0,0.02646832005120814
c09_final_150_0009_bd,c09_final_150_0009,9,150,backdate,424242,0.5,150,30,0.2,5.6048,11.8609,12,16.0,0.329072,v2rl307,307,1,0.0,64.25,3.723333333333333,0.0,0.02639757189899683
c09_final_150_0009_bd,c09_final_150_0009,9,150,backdate,424242,0.5,150,30,0.2,5.6048,11.8609,12,16.0,0.329072,v2rl308,308,1,0.0,64.25,3.7236666666666665,0.0,0.025913938065059483
c09_final_150_0009_bd,c09_final_150_0009,9,150,backdate,424242,0.5,150,30,0.2,5.6048,11.8609,12,16.0,0.329072,v2rl309,309,1,0.0,64.25,3.740333333333333,0.0,0.025808471953496337
c09_final_150_0009_bd,c09_final_150_0009,9,150,backdate,424242,0.5,150,30,0.2,5.6048,11.8609,12,16.0,0.329072,v2rl310,310,1,0.0,64.25,3.74,0.0,0.02585113199893385
c09_final_150_0010_bd,c09_final_150_0010,9,150,backdate,424242,0.5,150,47,0.313333,5.5638,34.4466,7,22.3667,0.223998,edd,301,1,128.0,46.5167,3.373701333333334,0.02,0.00047217891551554203
c09_final_150_0010_bd,c09_final_150_0010,9,150,backdate,424242,0.5,150,47,0.313333,5.5638,34.4466,7,22.3667,0.223998,pfifo,301,1,128.0,46.5167,3.373701333333334,0.02,0.00044577999506145716
c09_final_150_0010_bd,c09_final_150_0010,9,150,backdate,424242,0.5,150,47,0.313333,5.5638,34.4466,7,22.3667,0.223998,wspt,301,1,128.0,46.5167,3.3770346666666673,0.02,0.0004180979449301958
c09_final_150_0010_bd,c09_final_150_0010,9,150,backdate,424242,0.5,150,47,0.313333,5.5638,34.4466,7,22.3667,0.223998,atc,301,1,128.0,46.5167,3.3770346666666673,0.02,0.0005696889711543918
c09_final_150_0010_bd,c09_final_150_0010,9,150,backdate,424242,0.5,150,47,0.313333,5.5638,34.4466,7,22.3667,0.223998,wmdd,301,1,128.0,46.5167,3.373701333333334,0.02,0.00042198807932436466
c09_final_150_0010_bd,c09_final_150_0010,9,150,backdate,424242,0.5,150,47,0.313333,5.5638,34.4466,7,22.3667,0.223998,lpt,301,1,128.0,46.5167,3.377034666666667,0.02,0.0003721780376508832
c09_final_150_0010_bd,c09_final_150_0010,9,150,backdate,424242,0.5,150,47,0.313333,5.5638,34.4466,7,22.3667,0.223998,random,301,1,128.0,46.5167,3.3737013333333334,0.02,0.0003404399612918496
c09_final_150_0010_bd,c09_final_150_0010,9,150,backdate,424242,0.5,150,47,0.313333,5.5638,34.4466,7,22.3667,0.223998,v2rl301,301,1,128.0,46.5167,3.377034666666667,0.02,0.026242494001053274
c09_final_150_0010_bd,c09_final_150_0010,9,150,backdate,424242,0.5,150,47,0.313333,5.5638,34.4466,7,22.3667,0.223998,v2rl302,302,1,128.0,46.5167,3.377034666666667,0.02,0.02577898500021547
c09_final_150_0010_bd,c09_final_150_0010,9,150,backdate,424242,0.5,150,47,0.313333,5.5638,34.4466,7,22.3667,0.223998,v2rl303,303,1,128.0,46.5167,3.377034666666667,0.02,0.025808261008933187
c09_final_150_0010_bd,c09_final_150_0010,9,150,backdate,424242,0.5,150,47,0.313333,5.5638,34.4466,7,22.3667,0.223998,v2rl304,304,1,128.0,46.5167,3.3737013333333334,0.02,0.025887129013426602
c09_final_150_0010_bd,c09_final_150_0010,9,150,backdate,424242,0.5,150,47,0.313333,5.5638,34.4466,7,22.3667,0.223998,v2rl305,305,1,128.0,46.5167,3.377034666666667,0.02,0.026472314028069377
c09_final_150_0010_bd,c09_final_150_0010,9,150,backdate,424242,0.5,150,47,0.313333,5.5638,34.4466,7,22.3667,0.223998,v2rl306,306,1,128.0,46.5167,3.377034666666667,0.02,0.026778418920002878
c09_final_150_0010_bd,c09_final_150_0010,9,150,backdate,424242,0.5,150,47,0.313333,5.5638,34.4466,7,22.3667,0.223998,v2rl307,307,1,128.0,46.5167,3.3737013333333334,0.02,0.02618888800498098
c09_final_150_0010_bd,c09_final_150_0010,9,150,backdate,424242,0.5,150,47,0.313333,5.5638,34.4466,7,22.3667,0.223998,v2rl308,308,1,128.0,46.5167,3.377034666666667,0.02,0.026172971935011446
c09_final_150_0010_bd,c09_final_150_0010,9,150,backdate,424242,0.5,150,47,0.313333,5.5638,34.4466,7,22.3667,0.223998,v2rl309,309,1,128.0,46.5167,3.377034666666667,0.02,0.02592965099029243
c09_final_150_0010_bd,c09_final_150_0010,9,150,backdate,424242,0.5,150,47,0.313333,5.5638,34.4466,7,22.3667,0.223998,v2rl310,310,1,128.0,46.5167,3.3737013333333334,0.02,0.025910697993822396
c09_final_150_0011_bd,c09_final_150_0011,9,150,backdate,424242,0.5,150,5,0.033333,4.4673,9.8935,5,1.0,5.989899,edd,301,1,0.0,44.0,7.058333333333334,0.0,0.000554841011762619
c09_final_150_0011_bd,c09_final_150_0011,9,150,backdate,424242,0.5,150,5,0.033333,4.4673,9.8935,5,1.0,5.989899,pfifo,301,1,0.0,44.0,7.058333333333334,0.0,0.0005467530572786927
c09_final_150_0011_bd,c09_final_150_0011,9,150,backdate,424242,0.5,150,5,0.033333,4.4673,9.8935,5,1.0,5.989899,wspt,301,1,0.0,60.25,5.13,0.0,0.0005657681031152606
c09_final_150_0011_bd,c09_final_150_0011,9,150,backdate,424242,0.5,150,5,0.033333,4.4673,9.8935,5,1.0,5.989899,atc,301,1,0.0,60.25,5.13,0.0,0.00099365902133286
c09_final_150_0011_bd,c09_final_150_0011,9,150,backdate,424242,0.5,150,5,0.033333,4.4673,9.8935,5,1.0,5.989899,wmdd,301,1,0.0,44.0,7.058333333333334,0.0,0.0006800290429964662
c09_final_150_0011_bd,c09_final_150_0011,9,150,backdate,424242,0.5,150,5,0.033333,4.4673,9.8935,5,1.0,5.989899,lpt,301,1,0.0,44.0,8.011666666666667,0.0,0.0004651040071621537
c09_final_150_0011_bd,c09_final_150_0011,9,150,backdate,424242,0.5,150,5,0.033333,4.4673,9.8935,5,1.0,5.989899,random,301,1,0.0,47.0,6.236666666666666,0.0,0.00031027302611619234
c09_final_150_0011_bd,c09_final_150_0011,9,150,backdate,424242,0.5,150,5,0.033333,4.4673,9.8935,5,1.0,5.989899,v2rl301,301,1,0.0,44.0,8.011666666666667,0.0,0.028069460997357965
c09_final_150_0011_bd,c09_final_150_0011,9,150,backdate,424242,0.5,150,5,0.033333,4.4673,9.8935,5,1.0,5.989899,v2rl302,302,1,0.0,44.0,8.011666666666667,0.0,0.027710621943697333
c09_final_150_0011_bd,c09_final_150_0011,9,150,backdate,424242,0.5,150,5,0.033333,4.4673,9.8935,5,1.0,5.989899,v2rl303,303,1,0.0,44.0,8.011666666666667,0.0,0.027621540939435363
c09_final_150_0011_bd,c09_final_150_0011,9,150,backdate,424242,0.5,150,5,0.033333,4.4673,9.8935,5,1.0,5.989899,v2rl304,304,1,0.0,44.0,6.6883333333333335,0.0,0.02790752798318863
c09_final_150_0011_bd,c09_final_150_0011,9,150,backdate,424242,0.5,150,5,0.033333,4.4673,9.8935,5,1.0,5.989899,v2rl305,305,1,0.0,44.0,7.998333333333333,0.0,0.02866692398674786
c09_final_150_0011_bd,c09_final_150_0011,9,150,backdate,424242,0.5,150,5,0.033333,4.4673,9.8935,5,1.0,5.989899,v2rl306,306,1,0.0,44.0,8.011666666666667,0.0,0.028623450896702707
c09_final_150_0011_bd,c09_final_150_0011,9,150,backdate,424242,0.5,150,5,0.033333,4.4673,9.8935,5,1.0,5.989899,v2rl307,307,1,0.0,44.0,7.236666666666666,0.0,0.027986164088360965
c09_final_150_0011_bd,c09_final_150_0011,9,150,backdate,424242,0.5,150,5,0.033333,4.4673,9.8935,5,1.0,5.989899,v2rl308,308,1,0.0,44.0,7.708333333333333,0.0,0.027752681984566152
c09_final_150_0011_bd,c09_final_150_0011,9,150,backdate,424242,0.5,150,5,0.033333,4.4673,9.8935,5,1.0,5.989899,v2rl309,309,1,0.0,44.0,7.748333333333333,0.0,0.027922270935960114
c09_final_150_0011_bd,c09_final_150_0011,9,150,backdate,424242,0.5,150,5,0.033333,4.4673,9.8935,5,1.0,5.989899,v2rl310,310,1,0.0,44.0,7.441666666666666,0.0,0.02822348801419139
c09_final_150_0012_bd,c09_final_150_0012,9,150,backdate,424242,0.5,150,46,0.306667,5.275,19.6555,12,23.2167,0.217646,edd,301,1,28.0,56.5,3.5572226666666666,0.006666666666666667,0.0004326850175857544
c09_final_150_0012_bd,c09_final_150_0012,9,150,backdate,424242,0.5,150,46,0.306667,5.275,19.6555,12,23.2167,0.217646,pfifo,301,1,28.0,56.5,3.5572226666666666,0.006666666666666667,0.00040737399831414223
c09_final_150_0012_bd,c09_final_150_0012,9,150,backdate,424242,0.5,150,46,0.306667,5.275,19.6555,12,23.2167,0.217646,wspt,301,1,28.0,56.5,3.540556,0.006666666666666667,0.0003837350523099303
c09_final_150_0012_bd,c09_final_150_0012,9,150,backdate,424242,0.5,150,46,0.306667,5.275,19.6555,12,23.2167,0.217646,atc,301,1,28.0,56.5,3.540556,0.006666666666666667,0.00051275291480124
c09_final_150_0012_bd,c09_final_150_0012,9,150,backdate,424242,0.5,150,46,0.306667,5.275,19.6555,12,23.2167,0.217646,wmdd,301,1,28.0,56.5,3.5572226666666666,0.006666666666666667,0.000405498081818223
c09_final_150_0012_bd,c09_final_150_0012,9,150,backdate,424242,0.5,150,46,0.306667,5.275,19.6555,12,23.2167,0.217646,lpt,301,1,28.0,56.5,3.5572226666666666,0.006666666666666667,0.0003606120590120554
c09_final_150_0012_bd,c09_final_150_0012,9,150,backdate,424242,0.5,150,46,0.306667,5.275,19.6555,12,23.2167,0.217646,random,301,1,28.0,56.5,3.5572226666666666,0.006666666666666667,0.0003431079676374793
c09_final_150_0012_bd,c09_final_150_0012,9,150,backdate,424242,0.5,150,46,0.306667,5.275,19.6555,12,23.2167,0.217646,v2rl301,301,1,28.0,56.5,3.5572226666666666,0.006666666666666667,0.026139411027543247
c09_final_150_0012_bd,c09_final_150_0012,9,150,backdate,424242,0.5,150,46,0.306667,5.275,19.6555,12,23.2167,0.217646,v2rl302,302,1,28.0,56.5,3.5572226666666666,0.006666666666666667,0.025564714102074504
c09_final_150_0012_bd,c09_final_150_0012,9,150,backdate,424242,0.5,150,46,0.306667,5.275,19.6555,12,23.2167,0.217646,v2rl303,303,1,28.0,56.5,3.5572226666666666,0.006666666666666667,0.025619140011258423
c09_final_150_0012_bd,c09_final_150_0012,9,150,backdate,424242,0.5,150,46,0.306667,5.275,19.6555,12,23.2167,0.217646,v2rl304,304,1,28.0,56.5,3.5572226666666666,0.006666666666666667,0.025679589016363025
c09_final_150_0012_bd,c09_final_150_0012,9,150,backdate,424242,0.5,150,46,0.306667,5.275,19.6555,12,23.2167,0.217646,v2rl305,305,1,28.0,56.5,3.5572226666666666,0.006666666666666667,0.026235269964672625
c09_final_150_0012_bd,c09_final_150_0012,9,150,backdate,424242,0.5,150,46,0.306667,5.275,19.6555,12,23.2167,0.217646,v2rl306,306,1,28.0,56.5,3.5572226666666666,0.006666666666666667,0.0265952639747411
c09_final_150_0012_bd,c09_final_150_0012,9,150,backdate,424242,0.5,150,46,0.306667,5.275,19.6555,12,23.2167,0.217646,v2rl307,307,1,28.0,56.5,3.540556,0.006666666666666667,0.02601861592847854
c09_final_150_0012_bd,c09_final_150_0012,9,150,backdate,424242,0.5,150,46,0.306667,5.275,19.6555,12,23.2167,0.217646,v2rl308,308,1,28.0,56.5,3.5572226666666666,0.006666666666666667,0.025795837049372494
c09_final_150_0012_bd,c09_final_150_0012,9,150,backdate,424242,0.5,150,46,0.306667,5.275,19.6555,12,23.2167,0.217646,v2rl309,309,1,28.0,56.5,3.540556,0.006666666666666667,0.025824166019447148
c09_final_150_0012_bd,c09_final_150_0012,9,150,backdate,424242,0.5,150,46,0.306667,5.275,19.6555,12,23.2167,0.217646,v2rl310,310,1,28.0,56.5,3.5572226666666666,0.006666666666666667,0.025828305981121957
c09_final_150_0013_bd,c09_final_150_0013,9,150,backdate,424242,0.5,150,34,0.226667,3.9591,11.6833,12,16.0,0.360394,edd,301,1,0.0,90.8648,3.8669726666666673,0.0,0.0004354290431365371
c09_final_150_0013_bd,c09_final_150_0013,9,150,backdate,424242,0.5,150,34,0.226667,3.9591,11.6833,12,16.0,0.360394,pfifo,301,1,0.0,90.8648,3.8669726666666673,0.0,0.0004279930144548416
c09_final_150_0013_bd,c09_final_150_0013,9,150,backdate,424242,0.5,150,34,0.226667,3.9591,11.6833,12,16.0,0.360394,wspt,301,1,0.0,90.8648,3.851972666666667,0.0,0.000413525034673512
c09_final_150_0013_bd,c09_final_150_0013,9,150,backdate,424242,0.5,150,34,0.226667,3.9591,11.6833,12,16.0,0.360394,atc,301,1,0.0,90.8648,3.851972666666667,0.0,0.0005892739864066243
c09_final_150_0013_bd,c09_final_150_0013,9,150,backdate,424242,0.5,150,34,0.226667,3.9591,11.6833,12,16.0,0.360394,wmdd,301,1,0.0,90.8648,3.8669726666666673,0.0,0.0004557110369205475
c09_final_150_0013_bd,c09_final_150_0013,9,150,backdate,424242,0.5,150,34,0.226667,3.9591,11.6833,12,16.0,0.360394,lpt,301,1,0.0,90.8648,3.8853060000000004,0.0,0.0003877480048686266
c09_final_150_0013_bd,c09_final_150_0013,9,150,backdate,424242,0.5,150,34,0.226667,3.9591,11.6833,12,16.0,0.360394,random,301,1,0.0,90.8648,3.8536393333333336,0.0,0.00033282896038144827
c09_final_150_0013_bd,c09_final_150_0013,9,150,backdate,424242,0.5,150,34,0.226667,3.9591,11.6833,12,16.0,0.360394,v2rl301,301,1,0.0,90.8648,3.878639333333334,0.0,0.026666438905522227
c09_final_150_0013_bd,c09_final_150_0013,9,150,backdate,424242,0.5,150,34,0.226667,3.9591,11.6833,12,16.0,0.360394,v2rl302,302,1,0.0,90.8648,3.878639333333334,0.0,0.026192827033810318
c09_final_150_0013_bd,c09_final_150_0013,9,150,backdate,424242,0.5,150,34,0.226667,3.9591,11.6833,12,16.0,0.360394,v2rl303,303,1,0.0,90.8648,3.878639333333334,0.0,0.026079901959747076
c09_final_150_0013_bd,c09_final_150_0013,9,150,backdate,424242,0.5,150,34,0.226667,3.9591,11.6833,12,16.0,0.360394,v2rl304,304,1,0.0,90.8648,3.876972666666667,0.0,0.026201011962257326
c09_final_150_0013_bd,c09_final_150_0013,9,150,backdate,424242,0.5,150,34,0.226667,3.9591,11.6833,12,16.0,0.360394,v2rl305,305,1,0.0,90.8648,3.878639333333334,0.0,0.026997162960469723
c09_final_150_0013_bd,c09_final_150_0013,9,150,backdate,424242,0.5,150,34,0.226667,3.9591,11.6833,12,16.0,0.360394,v2rl306,306,1,0.0,90.8648,3.878639333333334,0.0,0.02710159297566861
c09_final_150_0013_bd,c09_final_150_0013,9,150,backdate,424242,0.5,150,34,0.226667,3.9591,11.6833,12,16.0,0.360394,v2rl307,307,1,0.0,90.8648,3.851972666666667,0.0,0.026410781079903245
c09_final_150_0013_bd,c09_final_150_0013,9,150,backdate,424242,0.5,150,34,0.226667,3.9591,11.6833,12,16.0,0.360394,v2rl308,308,1,0.0,90.8648,3.8686393333333338,0.0,0.02632839302532375
c09_final_150_0013_bd,c09_final_150_0013,9,150,backdate,424242,0.5,150,34,0.226667,3.9591,11.6833,12,16.0,0.360394,v2rl309,309,1,0.0,90.8648,3.878639333333334,0.0,0.026240604929625988
c09_final_150_0013_bd,c09_final_150_0013,9,150,backdate,424242,0.5,150,34,0.226667,3.9591,11.6833,12,16.0,0.360394,v2rl310,310,1,0.0,90.8648,3.871972666666667,0.0,0.0262378299375996
c09_final_150_0014_bd,c09_final_150_0014,9,150,backdate,424242,0.5,150,40,0.266667,5.9374,11.9354,11,16.0,0.374053,edd,301,1,0.0,102.8833,4.135180666666667,0.0,0.00044524099212139845
c09_final_150_0014_bd,c09_final_150_0014,9,150,backdate,424242,0.5,150,40,0.266667,5.9374,11.9354,11,16.0,0.374053,pfifo,301,1,0.0,102.8833,4.135180666666667,0.0,0.00042287795804440975
c09_final_150_0014_bd,c09_final_150_0014,9,150,backdate,424242,0.5,150,40,0.266667,5.9374,11.9354,11,16.0,0.374053,wspt,301,1,0.0,102.8833,4.017069333333333,0.0,0.00040675897616893053
c09_final_150_0014_bd,c09_final_150_0014,9,150,backdate,424242,0.5,150,40,0.266667,5.9374,11.9354,11,16.0,0.374053,atc,301,1,0.0,102.8833,4.017069333333333,0.0,0.0005465269787237048
c09_final_150_0014_bd,c09_final_150_0014,9,150,backdate,424242,0.5,150,40,0.266667,5.9374,11.9354,11,16.0,0.374053,wmdd,301,1,0.0,102.8833,4.135180666666667,0.0,0.0004378530429676175
c09_final_150_0014_bd,c09_final_150_0014,9,150,backdate,424242,0.5,150,40,0.266667,5.9374,11.9354,11,16.0,0.374053,lpt,301,1,0.0,102.8833,4.161625333333333,0.0,0.00037949508987367153
c09_final_150_0014_bd,c09_final_150_0014,9,150,backdate,424242,0.5,150,40,0.266667,5.9374,11.9354,11,16.0,0.374053,random,301,1,0.0,102.8833,4.045180666666667,0.0,0.00033518101554363966
c09_final_150_0014_bd,c09_final_150_0014,9,150,backdate,424242,0.5,150,40,0.266667,5.9374,11.9354,11,16.0,0.374053,v2rl301,301,1,0.0,102.8833,4.161625333333333,0.0,0.026189858093857765
c09_final_150_0014_bd,c09_final_150_0014,9,150,backdate,424242,0.5,150,40,0.266667,5.9374,11.9354,11,16.0,0.374053,v2rl302,302,1,0.0,102.8833,4.161625333333333,0.0,0.025721117039211094
c09_final_150_0014_bd,c09_final_150_0014,9,150,backdate,424242,0.5,150,40,0.266667,5.9374,11.9354,11,16.0,0.374053,v2rl303,303,1,0.0,102.8833,4.161625333333333,0.0,0.025698530953377485
c09_final_150_0014_bd,c09_final_150_0014,9,150,backdate,424242,0.5,150,40,0.266667,5.9374,11.9354,11,16.0,0.374053,v2rl304,304,1,0.0,102.8833,4.0268473333333334,0.0,0.025849669007584453
c09_final_150_0014_bd,c09_final_150_0014,9,150,backdate,424242,0.5,150,40,0.266667,5.9374,11.9354,11,16.0,0.374053,v2rl305,305,1,0.0,102.8833,4.161625333333333,0.0,0.026801569969393313
c09_final_150_0014_bd,c09_final_150_0014,9,150,backdate,424242,0.5,150,40,0.266667,5.9374,11.9354,11,16.0,0.374053,v2rl306,306,1,0.0,102.8833,4.161625333333333,0.0,0.026585484971292317
c09_final_150_0014_bd,c09_final_150_0014,9,150,backdate,424242,0.5,150,40,0.266667,5.9374,11.9354,11,16.0,0.374053,v2rl307,307,1,0.0,102.8833,4.0187360000000005,0.0,0.026013912982307374
c09_final_150_0014_bd,c09_final_150_0014,9,150,backdate,424242,0.5,150,40,0.266667,5.9374,11.9354,11,16.0,0.374053,v2rl308,308,1,0.0,102.8833,4.159958666666666,0.0,0.025906582013703883
c09_final_150_0014_bd,c09_final_150_0014,9,150,backdate,424242,0.5,150,40,0.266667,5.9374,11.9354,11,16.0,0.374053,v2rl309,309,1,0.0,102.8833,4.161625333333333,0.0,0.02595892595127225
c09_final_150_0014_bd,c09_final_150_0014,9,150,backdate,424242,0.5,150,40,0.266667,5.9374,11.9354,11,16.0,0.374053,v2rl310,310,1,0.0,102.8833,4.1518473333333334,0.0,0.025805036071687937
c09_final_150_0015_bd,c09_final_150_0015,9,150,backdate,424242,0.5,150,46,0.306667,5.8075,11.9392,19,16.0,0.395676,edd,301,1,144.0,66.9305,4.284167333333333,0.006666666666666667,0.0004390769172459841
c09_final_150_0015_bd,c09_final_150_0015,9,150,backdate,424242,0.5,150,46,0.306667,5.8075,11.9392,19,16.0,0.395676,pfifo,301,1,144.0,66.9305,4.284167333333333,0.006666666666666667,0.0004096949705854058
c09_final_150_0015_bd,c09_final_150_0015,9,150,backdate,424242,0.5,150,46,0.306667,5.8075,11.9392,19,16.0,0.395676,wspt,301,1,144.0,66.9305,4.232500666666667,0.006666666666666667,0.0003877319395542145
c09_final_150_0015_bd,c09_final_150_0015,9,150,backdate,424242,0.5,150,46,0.306667,5.8075,11.9392,19,16.0,0.395676,atc,301,1,144.0,66.9305,4.232500666666667,0.006666666666666667,0.0005205479683354497
c09_final_150_0015_bd,c09_final_150_0015,9,150,backdate,424242,0.5,150,46,0.306667,5.8075,11.9392,19,16.0,0.395676,wmdd,301,1,144.0,66.9305,4.284167333333333,0.006666666666666667,0.00041417707689106464
c09_final_150_0015_bd,c09_final_150_0015,9,150,backdate,424242,0.5,150,46,0.306667,5.8075,11.9392,19,16.0,0.395676,lpt,301,1,144.0,66.9305,4.325167333333334,0.006666666666666667,0.0003662459785118699
c09_final_150_0015_bd,c09_final_150_0015,9,150,backdate,424242,0.5,150,46,0.306667,5.8075,11.9392,19,16.0,0.395676,random,301,1,144.0,66.9305,4.230500666666667,0.006666666666666667,0.00033811002504080534
c09_final_150_0015_bd,c09_final_150_0015,9,150,backdate,424242,0.5,150,46,0.306667,5.8075,11.9392,19,16.0,0.395676,v2rl301,301,1,144.0,66.9305,4.330167333333334,0.006666666666666667,0.02618592302314937
c09_final_150_0015_bd,c09_final_150_0015,9,150,backdate,424242,0.5,150,46,0.306667,5.8075,11.9392,19,16.0,0.395676,v2rl302,302,1,144.0,66.9305,4.330167333333334,0.006666666666666667,0.025773291010409594
c09_final_150_0015_bd,c09_final_150_0015,9,150,backdate,424242,0.5,150,46,0.306667,5.8075,11.9392,19,16.0,0.395676,v2rl303,303,1,144.0,66.9305,4.330167333333334,0.006666666666666667,0.025625942973420024
c09_final_150_0015_bd,c09_final_150_0015,9,150,backdate,424242,0.5,150,46,0.306667,5.8075,11.9392,19,16.0,0.395676,v2rl304,304,1,144.0,66.9305,4.330167333333334,0.006666666666666667,0.026072331937029958
c09_final_150_0015_bd,c09_final_150_0015,9,150,backdate,424242,0.5,150,46,0.306667,5.8075,11.9392,19,16.0,0.395676,v2rl305,305,1,144.0,66.9305,4.330167333333334,0.006666666666666667,0.026639066985808313
c09_final_150_0015_bd,c09_final_150_0015,9,150,backdate,424242,0.5,150,46,0.306667,5.8075,11.9392,19,16.0,0.395676,v2rl306,306,1,144.0,66.9305,4.330167333333334,0.006666666666666667,0.02665804501157254
c09_final_150_0015_bd,c09_final_150_0015,9,150,backdate,424242,0.5,150,46,0.306667,5.8075,11.9392,19,16.0,0.395676,v2rl307,307,1,144.0,66.9305,4.260167333333333,0.006666666666666667,0.026186554925516248
c09_final_150_0015_bd,c09_final_150_0015,9,150,backdate,424242,0.5,150,46,0.306667,5.8075,11.9392,19,16.0,0.395676,v2rl308,308,1,144.0,66.9305,4.330167333333334,0.006666666666666667,0.025949318893253803
c09_final_150_0015_bd,c09_final_150_0015,9,150,backdate,424242,0.5,150,46,0.306667,5.8075,11.9392,19,16.0,0.395676,v2rl309,309,1,144.0,66.9305,4.330167333333334,0.006666666666666667,0.025980549049563706
c09_final_150_0015_bd,c09_final_150_0015,9,150,backdate,424242,0.5,150,46,0.306667,5.8075,11.9392,19,16.0,0.395676,v2rl310,310,1,144.0,66.9305,4.330167333333334,0.006666666666666667,0.02586683293338865
c09_final_150_0016_bd,c09_final_150_0016,9,150,backdate,424242,0.5,150,53,0.353333,6.0909,30.6741,23,23.2667,0.408309,edd,301,1,75.0,76.5,6.507022666666667,0.013333333333333334,0.000430824002251029
c09_final_150_0016_bd,c09_final_150_0016,9,150,backdate,424242,0.5,150,53,0.353333,6.0909,30.6741,23,23.2667,0.408309,pfifo,301,1,75.0,76.5,6.507022666666667,0.013333333333333334,0.0004212029743939638
c09_final_150_0016_bd,c09_final_150_0016,9,150,backdate,424242,0.5,150,53,0.353333,6.0909,30.6741,23,23.2667,0.408309,wspt,301,1,75.0,76.5,6.434949333333333,0.013333333333333334,0.0004038499901071191
c09_final_150_0016_bd,c09_final_150_0016,9,150,backdate,424242,0.5,150,53,0.353333,6.0909,30.6741,23,23.2667,0.408309,atc,301,1,75.0,76.5,6.434949333333333,0.013333333333333334,0.000546199968084693
c09_final_150_0016_bd,c09_final_150_0016,9,150,backdate,424242,0.5,150,53,0.353333,6.0909,30.6741,23,23.2667,0.408309,wmdd,301,1,75.0,76.5,6.507022666666667,0.013333333333333334,0.00042860908433794975
c09_final_150_0016_bd,c09_final_150_0016,9,150,backdate,424242,0.5,150,53,0.353333,6.0909,30.6741,23,23.2667,0.408309,lpt,301,1,75.0,76.5,6.582578,0.013333333333333334,0.00038023304659873247
c09_final_150_0016_bd,c09_final_150_0016,9,150,backdate,424242,0.5,150,53,0.353333,6.0909,30.6741,23,23.2667,0.408309,random,301,1,75.0,76.5,6.495356,0.013333333333333334,0.00034136895556002855
c09_final_150_0016_bd,c09_final_150_0016,9,150,backdate,424242,0.5,150,53,0.353333,6.0909,30.6741,23,23.2667,0.408309,v2rl301,301,1,75.0,76.5,6.5525780000000005,0.013333333333333334,0.025761437020264566
c09_final_150_0016_bd,c09_final_150_0016,9,150,backdate,424242,0.5,150,53,0.353333,6.0909,30.6741,23,23.2667,0.408309,v2rl302,302,1,75.0,76.5,6.5525780000000005,0.013333333333333334,0.025546379038132727
c09_final_150_0016_bd,c09_final_150_0016,9,150,backdate,424242,0.5,150,53,0.353333,6.0909,30.6741,23,23.2667,0.408309,v2rl303,303,1,75.0,76.5,6.5525780000000005,0.013333333333333334,0.025546778924763203
c09_final_150_0016_bd,c09_final_150_0016,9,150,backdate,424242,0.5,150,53,0.353333,6.0909,30.6741,23,23.2667,0.408309,v2rl304,304,1,75.0,76.5,6.533689333333333,0.013333333333333334,0.02600235305726528
c09_final_150_0016_bd,c09_final_150_0016,9,150,backdate,424242,0.5,150,53,0.353333,6.0909,30.6741,23,23.2667,0.408309,v2rl305,305,1,75.0,76.5,6.5525780000000005,0.013333333333333334,0.02639003994408995
c09_final_150_0016_bd,c09_final_150_0016,9,150,backdate,424242,0.5,150,53,0.353333,6.0909,30.6741,23,23.2667,0.408309,v2rl306,306,1,75.0,76.5,6.5525780000000005,0.013333333333333334,0.02594737196341157
c09_final_150_0016_bd,c09_final_150_0016,9,150,backdate,424242,0.5,150,53,0.353333,6.0909,30.6741,23,23.2667,0.408309,v2rl307,307,1,75.0,76.5,6.448282666666667,0.013333333333333334,0.02565606194548309
c09_final_150_0016_bd,c09_final_150_0016,9,150,backdate,424242,0.5,150,53,0.353333,6.0909,30.6741,23,23.2667,0.408309,v2rl308,308,1,75.0,76.5,6.532578,0.013333333333333334,0.02569043997209519
c09_final_150_0016_bd,c09_final_150_0016,9,150,backdate,424242,0.5,150,53,0.353333,6.0909,30.6741,23,23.2667,0.408309,v2rl309,309,1,75.0,76.5,6.5525780000000005,0.013333333333333334,0.025530832004733384
c09_final_150_0016_bd,c09_final_150_0016,9,150,backdate,424242,0.5,150,53,0.353333,6.0909,30.6741,23,23.2667,0.408309,v2rl310,310,1,75.0,76.5,6.552022666666667,0.013333333333333334,0.0260139680467546
c09_final_150_0017_bd,c09_final_150_0017,9,150,backdate,424242,0.5,150,31,0.206667,4.8961,11.6935,13,15.85,0.482022,edd,301,1,85.99999999999999,90.8648,5.364476666666667,0.006666666666666667,0.00042954692617058754
c09_final_150_0017_bd,c09_final_150_0017,9,150,backdate,424242,0.5,150,31,0.206667,4.8961,11.6935,13,15.85,0.482022,pfifo,301,1,85.99999999999999,90.8648,5.364476666666667,0.006666666666666667,0.00043105403892695904
c09_final_150_0017_bd,c09_final_150_0017,9,150,backdate,424242,0.5,150,31,0.206667,4.8961,11.6935,13,15.85,0.482022,wspt,301,1,85.99999999999999,90.8648,5.313843333333334,0.006666666666666667,0.00039769208524376154
c09_final_150_0017_bd,c09_final_150_0017,9,150,backdate,424242,0.5,150,31,0.206667,4.8961,11.6935,13,15.85,0.482022,atc,301,1,85.99999999999999,90.8648,5.313843333333334,0.006666666666666667,0.0005735700251534581
c09_final_150_0017_bd,c09_final_150_0017,9,150,backdate,424242,0.5,150,31,0.206667,4.8961,11.6935,13,15.85,0.482022,wmdd,301,1,85.99999999999999,90.8648,5.364476666666667,0.006666666666666667,0.0004451629938557744
c09_final_150_0017_bd,c09_final_150_0017,9,150,backdate,424242,0.5,150,31,0.206667,4.8961,11.6935,13,15.85,0.482022,lpt,301,1,85.99999999999999,90.8648,5.518345333333333,0.006666666666666667,0.0003826039610430598
c09_final_150_0017_bd,c09_final_150_0017,9,150,backdate,424242,0.5,150,31,0.206667,4.8961,11.6935,13,15.85,0.482022,random,301,1,85.99999999999999,90.8648,5.375954,0.006666666666666667,0.00033725693356245756
c09_final_150_0017_bd,c09_final_150_0017,9,150,backdate,424242,0.5,150,31,0.206667,4.8961,11.6935,13,15.85,0.482022,v2rl301,301,1,85.99999999999999,90.8648,5.518345333333333,0.006666666666666667,0.026328010018914938
c09_final_150_0017_bd,c09_final_150_0017,9,150,backdate,424242,0.5,150,31,0.206667,4.8961,11.6935,13,15.85,0.482022,v2rl302,302,1,85.99999999999999,90.8648,5.518345333333333,0.006666666666666667,0.025943148997612298
c09_final_150_0017_bd,c09_final_150_0017,9,150,backdate,424242,0.5,150,31,0.206667,4.8961,11.6935,13,15.85,0.482022,v2rl303,303,1,85.99999999999999,90.8648,5.518345333333333,0.006666666666666667,0.026280855992808938
c09_final_150_0017_bd,c09_final_150_0017,9,150,backdate,424242,0.5,150,31,0.206667,4.8961,11.6935,13,15.85,0.482022,v2rl304,304,1,85.99999999999999,90.8648,5.424723333333333,0.006666666666666667,0.026769669027999043
c09_final_150_0017_bd,c09_final_150_0017,9,150,backdate,424242,0.5,150,31,0.206667,4.8961,11.6935,13,15.85,0.482022,v2rl305,305,1,85.99999999999999,90.8648,5.518345333333333,0.006666666666666667,0.02686261700000614
c09_final_150_0017_bd,c09_final_150_0017,9,150,backdate,424242,0.5,150,31,0.206667,4.8961,11.6935,13,15.85,0.482022,v2rl306,306,1,85.99999999999999,90.8648,5.518345333333333,0.006666666666666667,0.02623054094146937
c09_final_150_0017_bd,c09_final_150_0017,9,150,backdate,424242,0.5,150,31,0.206667,4.8961,11.6935,13,15.85,0.482022,v2rl307,307,1,85.99999999999999,90.8648,5.426278666666667,0.006666666666666667,0.026188233983702958
c09_final_150_0017_bd,c09_final_150_0017,9,150,backdate,424242,0.5,150,31,0.206667,4.8961,11.6935,13,15.85,0.482022,v2rl308,308,1,85.99999999999999,90.8648,5.515012,0.006666666666666667,0.02624077198561281
c09_final_150_0017_bd,c09_final_150_0017,9,150,backdate,424242,0.5,150,31,0.206667,4.8961,11.6935,13,15.85,0.482022,v2rl309,309,1,85.99999999999999,90.8648,5.518345333333333,0.006666666666666667,0.026118135079741478
c09_final_150_0017_bd,c09_final_150_0017,9,150,backdate,424242,0.5,150,31,0.206667,4.8961,11.6935,13,15.85,0.482022,v2rl310,310,1,85.99999999999999,90.8648,5.494678666666667,0.006666666666666667,0.026902418001554906
c09_final_150_0018_bd,c09_final_150_0018,9,150,backdate,424242,0.5,150,5,0.033333,7.702,9.2068,5,1.0,5.270202,edd,301,1,10.0,38.0,7.14,0.006666666666666667,0.0005150260403752327
c09_final_150_0018_bd,c09_final_150_0018,9,150,backdate,424242,0.5,150,5,0.033333,7.702,9.2068,5,1.0,5.270202,pfifo,301,1,10.0,38.0,7.14,0.006666666666666667,0.0005280179902911186
c09_final_150_0018_bd,c09_final_150_0018,9,150,backdate,424242,0.5,150,5,0.033333,7.702,9.2068,5,1.0,5.270202,wspt,301,1,16.0,49.0,4.713333333333333,0.006666666666666667,0.0005332339787855744
c09_final_150_0018_bd,c09_final_150_0018,9,150,backdate,424242,0.5,150,5,0.033333,7.702,9.2068,5,1.0,5.270202,atc,301,1,10.0,49.0,4.716666666666667,0.006666666666666667,0.001005199970677495
c09_final_150_0018_bd,c09_final_150_0018,9,150,backdate,424242,0.5,150,5,0.033333,7.702,9.2068,5,1.0,5.270202,wmdd,301,1,10.0,38.0,7.14,0.006666666666666667,0.0007038259645923972
c09_final_150_0018_bd,c09_final_150_0018,9,150,backdate,424242,0.5,150,5,0.033333,7.702,9.2068,5,1.0,5.270202,lpt,301,1,10.0,34.0,8.336666666666666,0.006666666666666667,0.0004864470101892948
c09_final_150_0018_bd,c09_final_150_0018,9,150,backdate,424242,0.5,150,5,0.033333,7.702,9.2068,5,1.0,5.270202,random,301,1,10.0,34.0,5.96,0.006666666666666667,0.0003151979763060808
c09_final_150_0018_bd,c09_final_150_0018,9,150,backdate,424242,0.5,150,5,0.033333,7.702,9.2068,5,1.0,5.270202,v2rl301,301,1,10.0,34.0,8.336666666666666,0.006666666666666667,0.02820996497757733
c09_final_150_0018_bd,c09_final_150_0018,9,150,backdate,424242,0.5,150,5,0.033333,7.702,9.2068,5,1.0,5.270202,v2rl302,302,1,10.0,34.0,8.336666666666666,0.006666666666666667,0.028079051058739424
c09_final_150_0018_bd,c09_final_150_0018,9,150,backdate,424242,0.5,150,5,0.033333,7.702,9.2068,5,1.0,5.270202,v2rl303,303,1,10.0,34.0,8.28,0.006666666666666667,0.02878685004543513
c09_final_150_0018_bd,c09_final_150_0018,9,150,backdate,424242,0.5,150,5,0.033333,7.702,9.2068,5,1.0,5.270202,v2rl304,304,1,10.0,34.0,7.3933333333333335,0.006666666666666667,0.02899148501455784
c09_final_150_0018_bd,c09_final_150_0018,9,150,backdate,424242,0.5,150,5,0.033333,7.702,9.2068,5,1.0,5.270202,v2rl305,305,1,10.0,34.0,8.336666666666666,0.006666666666666667,0.028383928001858294
c09_final_150_0018_bd,c09_final_150_0018,9,150,backdate,424242,0.5,150,5,0.033333,7.702,9.2068,5,1.0,5.270202,v2rl306,306,1,10.0,34.0,8.336666666666666,0.006666666666666667,0.028185300063341856
c09_final_150_0018_bd,c09_final_150_0018,9,150,backdate,424242,0.5,150,5,0.033333,7.702,9.2068,5,1.0,5.270202,v2rl307,307,1,10.0,34.0,7.638333333333334,0.006666666666666667,0.028199694002978504
c09_final_150_0018_bd,c09_final_150_0018,9,150,backdate,424242,0.5,150,5,0.033333,7.702,9.2068,5,1.0,5.270202,v2rl308,308,1,10.0,34.0,8.21,0.006666666666666667,0.02814960398245603
c09_final_150_0018_bd,c09_final_150_0018,9,150,backdate,424242,0.5,150,5,0.033333,7.702,9.2068,5,1.0,5.270202,v2rl309,309,1,10.0,34.0,8.15,0.006666666666666667,0.0289743070024997
c09_final_150_0018_bd,c09_final_150_0018,9,150,backdate,424242,0.5,150,5,0.033333,7.702,9.2068,5,1.0,5.270202,v2rl310,310,1,10.0,34.0,7.761666666666667,0.006666666666666667,0.028334035072475672
c09_final_150_0019_bd,c09_final_150_0019,9,150,backdate,424242,0.5,150,49,0.326667,5.099,11.1881,14,20.9333,0.280769,edd,301,1,94.00000000000001,105.49810000000001,4.1370993333333335,0.013333333333333334,0.0004403000930324197
c09_final_150_0019_bd,c09_final_150_0019,9,150,backdate,424242,0.5,150,49,0.326667,5.099,11.1881,14,20.9333,0.280769,pfifo,301,1,94.00000000000001,105.49810000000001,4.1370993333333335,0.013333333333333334,0.0004127989523112774
c09_final_150_0019_bd,c09_final_150_0019,9,150,backdate,424242,0.5,150,49,0.326667,5.099,11.1881,14,20.9333,0.280769,wspt,301,1,94.00000000000001,105.49810000000001,4.047876,0.013333333333333334,0.0003970980178564787
c09_final_150_0019_bd,c09_final_150_0019,9,150,backdate,424242,0.5,150,49,0.326667,5.099,11.1881,14,20.9333,0.280769,atc,301,1,94.00000000000001,105.49810000000001,4.047876,0.013333333333333334,0.0005468659801408648
c09_final_150_0019_bd,c09_final_150_0019,9,150,backdate,424242,0.5,150,49,0.326667,5.099,11.1881,14,20.9333,0.280769,wmdd,301,1,94.00000000000001,105.49810000000001,4.1370993333333335,0.013333333333333334,0.0004227859899401665
c09_final_150_0019_bd,c09_final_150_0019,9,150,backdate,424242,0.5,150,49,0.326667,5.099,11.1881,14,20.9333,0.280769,lpt,301,1,94.00000000000001,105.49810000000001,4.160320666666666,0.013333333333333334,0.00037233601324260235
c09_final_150_0019_bd,c09_final_150_0019,9,150,backdate,424242,0.5,150,49,0.326667,5.099,11.1881,14,20.9333,0.280769,random,301,1,94.00000000000001,105.49810000000001,4.053098,0.013333333333333334,0.0003351119812577963
c09_final_150_0019_bd,c09_final_150_0019,9,150,backdate,424242,0.5,150,49,0.326667,5.099,11.1881,14,20.9333,0.280769,v2rl301,301,1,94.00000000000001,105.49810000000001,4.1536539999999995,0.013333333333333334,0.025958379032090306
c09_final_150_0019_bd,c09_final_150_0019,9,150,backdate,424242,0.5,150,49,0.326667,5.099,11.1881,14,20.9333,0.280769,v2rl302,302,1,94.00000000000001,105.49810000000001,4.1536539999999995,0.013333333333333334,0.026644182042218745
c09_final_150_0019_bd,c09_final_150_0019,9,150,backdate,424242,0.5,150,49,0.326667,5.099,11.1881,14,20.9333,0.280769,v2rl303,303,1,94.00000000000001,105.49810000000001,4.1536539999999995,0.013333333333333334,0.02577056596055627
c09_final_150_0019_bd,c09_final_150_0019,9,150,backdate,424242,0.5,150,49,0.326667,5.099,11.1881,14,20.9333,0.280769,v2rl304,304,1,94.00000000000001,105.49810000000001,4.123654,0.013333333333333334,0.02568210498429835
c09_final_150_0019_bd,c09_final_150_0019,9,150,backdate,424242,0.5,150,49,0.326667,5.099,11.1881,14,20.9333,0.280769,v2rl305,305,1,94.00000000000001,105.49810000000001,4.1536539999999995,0.013333333333333334,0.02576305705588311
c09_final_150_0019_bd,c09_final_150_0019,9,150,backdate,424242,0.5,150,49,0.326667,5.099,11.1881,14,20.9333,0.280769,v2rl306,306,1,94.00000000000001,105.49810000000001,4.1536539999999995,0.013333333333333334,0.02577053604181856
c09_final_150_0019_bd,c09_final_150_0019,9,150,backdate,424242,0.5,150,49,0.326667,5.099,11.1881,14,20.9333,0.280769,v2rl307,307,1,94.00000000000001,105.49810000000001,4.111209333333333,0.013333333333333334,0.02678250102326274
c09_final_150_0019_bd,c09_final_150_0019,9,150,backdate,424242,0.5,150,49,0.326667,5.099,11.1881,14,20.9333,0.280769,v2rl308,308,1,94.00000000000001,105.49810000000001,4.133654,0.013333333333333334,0.026602254016324878
c09_final_150_0019_bd,c09_final_150_0019,9,150,backdate,424242,0.5,150,49,0.326667,5.099,11.1881,14,20.9333,0.280769,v2rl309,309,1,94.00000000000001,105.49810000000001,4.1536539999999995,0.013333333333333334,0.026517784921452403
c09_final_150_0019_bd,c09_final_150_0019,9,150,backdate,424242,0.5,150,49,0.326667,5.099,11.1881,14,20.9333,0.280769,v2rl310,310,1,94.00000000000001,105.49810000000001,4.143654,0.013333333333333334,0.026318085961975157
c09_final_150_0020_bd,c09_final_150_0020,9,150,backdate,424242,0.5,150,28,0.186667,5.5262,11.2782,19,8.0,0.67077,edd,301,1,40.0,37.5,4.555,0.006666666666666667,0.0004778479924425483
c09_final_150_0020_bd,c09_final_150_0020,9,150,backdate,424242,0.5,150,28,0.186667,5.5262,11.2782,19,8.0,0.67077,pfifo,301,1,40.0,37.5,4.555,0.006666666666666667,0.0004734719404950738
c09_final_150_0020_bd,c09_final_150_0020,9,150,backdate,424242,0.5,150,28,0.186667,5.5262,11.2782,19,8.0,0.67077,wspt,301,1,40.0,39.0,3.9283333333333332,0.006666666666666667,0.0004598279483616352
c09_final_150_0020_bd,c09_final_150_0020,9,150,backdate,424242,0.5,150,28,0.186667,5.5262,11.2782,19,8.0,0.67077,atc,301,1,40.0,37.5,3.9283333333333332,0.006666666666666667,0.0007346820784732699
c09_final_150_0020_bd,c09_final_150_0020,9,150,backdate,424242,0.5,150,28,0.186667,5.5262,11.2782,19,8.0,0.67077,wmdd,301,1,40.0,37.5,4.555,0.006666666666666667,0.0005430489545688033
c09_final_150_0020_bd,c09_final_150_0020,9,150,backdate,424242,0.5,150,28,0.186667,5.5262,11.2782,19,8.0,0.67077,lpt,301,1,40.0,37.5,4.704810666666666,0.006666666666666667,0.0004116280470043421
c09_final_150_0020_bd,c09_final_150_0020,9,150,backdate,424242,0.5,150,28,0.186667,5.5262,11.2782,19,8.0,0.67077,random,301,1,40.0,37.5,4.1433333333333335,0.006666666666666667,0.00032633403316140175
c09_final_150_0020_bd,c09_final_150_0020,9,150,backdate,424242,0.5,150,28,0.186667,5.5262,11.2782,19,8.0,0.67077,v2rl301,301,1,40.0,37.5,4.698144,0.006666666666666667,0.026958921924233437
c09_final_150_0020_bd,c09_final_150_0020,9,150,backdate,424242,0.5,150,28,0.186667,5.5262,11.2782,19,8.0,0.67077,v2rl302,302,1,40.0,37.5,4.701477333333333,0.006666666666666667,0.02756500500254333
c09_final_150_0020_bd,c09_final_150_0020,9,150,backdate,424242,0.5,150,28,0.186667,5.5262,11.2782,19,8.0,0.67077,v2rl303,303,1,40.0,37.5,4.701477333333333,0.006666666666666667,0.026717712986283004
c09_final_150_0020_bd,c09_final_150_0020,9,150,backdate,424242,0.5,150,28,0.186667,5.5262,11.2782,19,8.0,0.67077,v2rl304,304,1,40.0,37.5,4.552366,0.006666666666666667,0.026883328915573657
c09_final_150_0020_bd,c09_final_150_0020,9,150,backdate,424242,0.5,150,28,0.186667,5.5262,11.2782,19,8.0,0.67077,v2rl305,305,1,40.0,37.5,4.701477333333333,0.006666666666666667,0.026700296089984477
c09_final_150_0020_bd,c09_final_150_0020,9,150,backdate,424242,0.5,150,28,0.186667,5.5262,11.2782,19,8.0,0.67077,v2rl306,306,1,40.0,37.5,4.701477333333333,0.006666666666666667,0.0266992679098621
c09_final_150_0020_bd,c09_final_150_0020,9,150,backdate,424242,0.5,150,28,0.186667,5.5262,11.2782,19,8.0,0.67077,v2rl307,307,1,40.0,37.5,4.5548106666666675,0.006666666666666667,0.028434631996788085
c09_final_150_0020_bd,c09_final_150_0020,9,150,backdate,424242,0.5,150,28,0.186667,5.5262,11.2782,19,8.0,0.67077,v2rl308,308,1,40.0,37.5,4.649810666666666,0.006666666666666667,0.027651270967908204
c09_final_150_0020_bd,c09_final_150_0020,9,150,backdate,424242,0.5,150,28,0.186667,5.5262,11.2782,19,8.0,0.67077,v2rl309,309,1,40.0,37.5,4.701477333333333,0.006666666666666667,0.02778748399578035
c09_final_150_0020_bd,c09_final_150_0020,9,150,backdate,424242,0.5,150,28,0.186667,5.5262,11.2782,19,8.0,0.67077,v2rl310,310,1,40.0,37.5,4.676477333333333,0.006666666666666667,0.026941893971525133
c09_final_150_0021_bd,c09_final_150_0021,9,150,backdate,424242,0.5,150,41,0.273333,5.5991,11.9266,21,16.0,0.304451,edd,301,1,0.0,35.4433,3.353506666666666,0.0,0.0004450699780136347
c09_final_150_0021_bd,c09_final_150_0021,9,150,backdate,424242,0.5,150,41,0.273333,5.5991,11.9266,21,16.0,0.304451,pfifo,301,1,0.0,35.4433,3.353506666666666,0.0,0.00043737306259572506
c09_final_150_0021_bd,c09_final_150_0021,9,150,backdate,424242,0.5,150,41,0.273333,5.5991,11.9266,21,16.0,0.304451,wspt,301,1,0.0,35.4433,3.2966040000000003,0.0,0.0004147429717704654
c09_final_150_0021_bd,c09_final_150_0021,9,150,backdate,424242,0.5,150,41,0.273333,5.5991,11.9266,21,16.0,0.304451,atc,301,1,0.0,35.4433,3.2966040000000003,0.0,0.0006512870313599706
c09_final_150_0021_bd,c09_final_150_0021,9,150,backdate,424242,0.5,150,41,0.273333,5.5991,11.9266,21,16.0,0.304451,wmdd,301,1,0.0,35.4433,3.353506666666666,0.0,0.0004950810689479113
c09_final_150_0021_bd,c09_final_150_0021,9,150,backdate,424242,0.5,150,41,0.273333,5.5991,11.9266,21,16.0,0.304451,lpt,301,1,0.0,35.4433,3.4715066666666665,0.0,0.00040295301005244255
c09_final_150_0021_bd,c09_final_150_0021,9,150,backdate,424242,0.5,150,41,0.273333,5.5991,11.9266,21,16.0,0.304451,random,301,1,0.0,35.4433,3.3144893333333334,0.0,0.00032660504803061485
c09_final_150_0021_bd,c09_final_150_0021,9,150,backdate,424242,0.5,150,41,0.273333,5.5991,11.9266,21,16.0,0.304451,v2rl301,301,1,0.0,35.4433,3.4715066666666674,0.0,0.027054775040596724
c09_final_150_0021_bd,c09_final_150_0021,9,150,backdate,424242,0.5,150,41,0.273333,5.5991,11.9266,21,16.0,0.304451,v2rl302,302,1,0.0,35.4433,3.4715066666666665,0.0,0.026784003945067525
c09_final_150_0021_bd,c09_final_150_0021,9,150,backdate,424242,0.5,150,41,0.273333,5.5991,11.9266,21,16.0,0.304451,v2rl303,303,1,0.0,35.4433,3.4715066666666665,0.0,0.02624627493787557
c09_final_150_0021_bd,c09_final_150_0021,9,150,backdate,424242,0.5,150,41,0.273333,5.5991,11.9266,21,16.0,0.304451,v2rl304,304,1,0.0,35.4433,3.3536040000000003,0.0,0.02625384205020964
c09_final_150_0021_bd,c09_final_150_0021,9,150,backdate,424242,0.5,150,41,0.273333,5.5991,11.9266,21,16.0,0.304451,v2rl305,305,1,0.0,35.4433,3.4715066666666665,0.0,0.026028433931060135
c09_final_150_0021_bd,c09_final_150_0021,9,150,backdate,424242,0.5,150,41,0.273333,5.5991,11.9266,21,16.0,0.304451,v2rl306,306,1,0.0,35.4433,3.4715066666666665,0.0,0.026517140911892056
c09_final_150_0021_bd,c09_final_150_0021,9,150,backdate,424242,0.5,150,41,0.273333,5.5991,11.9266,21,16.0,0.304451,v2rl307,307,1,0.0,35.4433,3.3552706666666667,0.0,0.02747001696843654
c09_final_150_0021_bd,c09_final_150_0021,9,150,backdate,424242,0.5,150,41,0.273333,5.5991,11.9266,21,16.0,0.304451,v2rl308,308,1,0.0,35.4433,3.44484,0.0,0.02725744794588536
c09_final_150_0021_bd,c09_final_150_0021,9,150,backdate,424242,0.5,150,41,0.273333,5.5991,11.9266,21,16.0,0.304451,v2rl309,309,1,0.0,35.4433,3.4715066666666665,0.0,0.02700790297240019
c09_final_150_0021_bd,c09_final_150_0021,9,150,backdate,424242,0.5,150,41,0.273333,5.5991,11.9266,21,16.0,0.304451,v2rl310,310,1,0.0,35.4433,3.395284666666667,0.0,0.026180141954682767
c09_final_150_0022_bd,c09_final_150_0022,9,150,backdate,424242,0.5,150,43,0.286667,5.4559,11.6023,9,23.2,0.23228,edd,301,1,28.0,95.5833,3.665,0.006666666666666667,0.000447714002802968
c09_final_150_0022_bd,c09_final_150_0022,9,150,backdate,424242,0.5,150,43,0.286667,5.4559,11.6023,9,23.2,0.23228,pfifo,301,1,28.0,95.5833,3.665,0.006666666666666667,0.00041767489165067673
c09_final_150_0022_bd,c09_final_150_0022,9,150,backdate,424242,0.5,150,43,0.286667,5.4559,11.6023,9,23.2,0.23228,wspt,301,1,28.0,95.5833,3.6094446666666666,0.006666666666666667,0.00039279903285205364
c09_final_150_0022_bd,c09_final_150_0022,9,150,backdate,424242,0.5,150,43,0.286667,5.4559,11.6023,9,23.2,0.23228,atc,301,1,28.0,95.5833,3.6094446666666666,0.006666666666666667,0.0005051669431850314
c09_final_150_0022_bd,c09_final_150_0022,9,150,backdate,424242,0.5,150,43,0.286667,5.4559,11.6023,9,23.2,0.23228,wmdd,301,1,28.0,95.5833,3.665,0.006666666666666667,0.00040060398168861866
c09_final_150_0022_bd,c09_final_150_0022,9,150,backdate,424242,0.5,150,43,0.286667,5.4559,11.6023,9,23.2,0.23228,lpt,301,1,28.0,95.5833,3.716666666666667,0.006666666666666667,0.0003703199326992035
c09_final_150_0022_bd,c09_final_150_0022,9,150,backdate,424242,0.5,150,43,0.286667,5.4559,11.6023,9,23.2,0.23228,random,301,1,28.0,95.5833,3.6366666666666667,0.006666666666666667,0.0003397080581635237
c09_final_150_0022_bd,c09_final_150_0022,9,150,backdate,424242,0.5,150,43,0.286667,5.4559,11.6023,9,23.2,0.23228,v2rl301,301,1,28.0,95.5833,3.6666666666666665,0.006666666666666667,0.02660829806700349
c09_final_150_0022_bd,c09_final_150_0022,9,150,backdate,424242,0.5,150,43,0.286667,5.4559,11.6023,9,23.2,0.23228,v2rl302,302,1,28.0,95.5833,3.6666666666666665,0.006666666666666667,0.02608086494728923
c09_final_150_0022_bd,c09_final_150_0022,9,150,backdate,424242,0.5,150,43,0.286667,5.4559,11.6023,9,23.2,0.23228,v2rl303,303,1,28.0,95.5833,3.6666666666666665,0.006666666666666667,0.025870680925436318
c09_final_150_0022_bd,c09_final_150_0022,9,150,backdate,424242,0.5,150,43,0.286667,5.4559,11.6023,9,23.2,0.23228,v2rl304,304,1,28.0,95.5833,3.6666666666666665,0.006666666666666667,0.02590313204564154
c09_final_150_0022_bd,c09_final_150_0022,9,150,backdate,424242,0.5,150,43,0.286667,5.4559,11.6023,9,23.2,0.23228,v2rl305,305,1,28.0,95.5833,3.6666666666666665,0.006666666666666667,0.025877462001517415
c09_final_150_0022_bd,c09_final_150_0022,9,150,backdate,424242,0.5,150,43,0.286667,5.4559,11.6023,9,23.2,0.23228,v2rl306,306,1,28.0,95.5833,3.6666666666666665,0.006666666666666667,0.026764753041788936
c09_final_150_0022_bd,c09_final_150_0022,9,150,backdate,424242,0.5,150,43,0.286667,5.4559,11.6023,9,23.2,0.23228,v2rl307,307,1,28.0,95.5833,3.6666666666666665,0.006666666666666667,0.0268871639855206
c09_final_150_0022_bd,c09_final_150_0022,9,150,backdate,424242,0.5,150,43,0.286667,5.4559,11.6023,9,23.2,0.23228,v2rl308,308,1,28.0,95.5833,3.6666666666666665,0.006666666666666667,0.026799293933436275
c09_final_150_0022_bd,c09_final_150_0022,9,150,backdate,424242,0.5,150,43,0.286667,5.4559,11.6023,9,23.2,0.23228,v2rl309,309,1,28.0,95.5833,3.6666666666666665,0.006666666666666667,0.026476122089661658
c09_final_150_0022_bd,c09_final_150_0022,9,150,backdate,424242,0.5,150,43,0.286667,5.4559,11.6023,9,23.2,0.23228,v2rl310,310,1,28.0,95.5833,3.6666666666666665,0.006666666666666667,0.02605609700549394
c09_final_150_0023_bd,c09_final_150_0023,9,150,backdate,424242,0.5,150,47,0.313333,5.5274,26.7036,4,32.0,0.21997,edd,301,1,426.0,105.7148,4.645765333333333,0.04,0.0004425179213285446
c09_final_150_0023_bd,c09_final_150_0023,9,150,backdate,424242,0.5,150,47,0.313333,5.5274,26.7036,4,32.0,0.21997,pfifo,301,1,426.0,105.7148,4.645765333333333,0.04,0.00041653309017419815
c09_final_150_0023_bd,c09_final_150_0023,9,150,backdate,424242,0.5,150,47,0.313333,5.5274,26.7036,4,32.0,0.21997,wspt,301,1,426.0,105.7148,4.645765333333333,0.04,0.0003831480862572789
c09_final_150_0023_bd,c09_final_150_0023,9,150,backdate,424242,0.5,150,47,0.313333,5.5274,26.7036,4,32.0,0.21997,atc,301,1,426.0,105.7148,4.645765333333333,0.04,0.0004886779934167862
c09_final_150_0023_bd,c09_final_150_0023,9,150,backdate,424242,0.5,150,47,0.313333,5.5274,26.7036,4,32.0,0.21997,wmdd,301,1,426.0,105.7148,4.645765333333333,0.04,0.00040299701504409313
c09_final_150_0023_bd,c09_final_150_0023,9,150,backdate,424242,0.5,150,47,0.313333,5.5274,26.7036,4,32.0,0.21997,lpt,301,1,426.0,105.7148,4.645765333333333,0.04,0.00036879198160022497
c09_final_150_0023_bd,c09_final_150_0023,9,150,backdate,424242,0.5,150,47,0.313333,5.5274,26.7036,4,32.0,0.21997,random,301,1,426.0,105.7148,4.645765333333333,0.04,0.0003515870776027441
c09_final_150_0023_bd,c09_final_150_0023,9,150,backdate,424242,0.5,150,47,0.313333,5.5274,26.7036,4,32.0,0.21997,v2rl301,301,1,426.0,105.7148,4.645765333333333,0.04,0.026527128997258842
c09_final_150_0023_bd,c09_final_150_0023,9,150,backdate,424242,0.5,150,47,0.313333,5.5274,26.7036,4,32.0,0.21997,v2rl302,302,1,426.0,105.7148,4.645765333333333,0.04,0.025978864985518157
c09_final_150_0023_bd,c09_final_150_0023,9,150,backdate,424242,0.5,150,47,0.313333,5.5274,26.7036,4,32.0,0.21997,v2rl303,303,1,426.0,105.7148,4.645765333333333,0.04,0.025875583989545703
c09_final_150_0023_bd,c09_final_150_0023,9,150,backdate,424242,0.5,150,47,0.313333,5.5274,26.7036,4,32.0,0.21997,v2rl304,304,1,426.0,105.7148,4.645765333333333,0.04,0.025700718048028648
c09_final_150_0023_bd,c09_final_150_0023,9,150,backdate,424242,0.5,150,47,0.313333,5.5274,26.7036,4,32.0,0.21997,v2rl305,305,1,426.0,105.7148,4.645765333333333,0.04,0.025637798942625523
c09_final_150_0023_bd,c09_final_150_0023,9,150,backdate,424242,0.5,150,47,0.313333,5.5274,26.7036,4,32.0,0.21997,v2rl306,306,1,426.0,105.7148,4.645765333333333,0.04,0.02652189100626856
c09_final_150_0023_bd,c09_final_150_0023,9,150,backdate,424242,0.5,150,47,0.313333,5.5274,26.7036,4,32.0,0.21997,v2rl307,307,1,426.0,105.7148,4.645765333333333,0.04,0.026686097960919142
c09_final_150_0023_bd,c09_final_150_0023,9,150,backdate,424242,0.5,150,47,0.313333,5.5274,26.7036,4,32.0,0.21997,v2rl308,308,1,426.0,105.7148,4.645765333333333,0.04,0.02663669199682772
c09_final_150_0023_bd,c09_final_150_0023,9,150,backdate,424242,0.5,150,47,0.313333,5.5274,26.7036,4,32.0,0.21997,v2rl309,309,1,426.0,105.7148,4.645765333333333,0.04,0.02635298005770892
c09_final_150_0023_bd,c09_final_150_0023,9,150,backdate,424242,0.5,150,47,0.313333,5.5274,26.7036,4,32.0,0.21997,v2rl310,310,1,426.0,105.7148,4.645765333333333,0.04,0.025747483014129102
c09_final_150_0024_bd,c09_final_150_0024,9,150,backdate,424242,0.5,150,33,0.22,4.7462,11.6162,15,22.2667,0.282843,edd,301,1,24.0,50.25,4.333912000000001,0.006666666666666667,0.00043514196295291185
c09_final_150_0024_bd,c09_final_150_0024,9,150,backdate,424242,0.5,150,33,0.22,4.7462,11.6162,15,22.2667,0.282843,pfifo,301,1,24.0,50.25,4.333912000000001,0.006666666666666667,0.00042605597991496325
c09_final_150_0024_bd,c09_final_150_0024,9,150,backdate,424242,0.5,150,33,0.22,4.7462,11.6162,15,22.2667,0.282843,wspt,301,1,24.0,50.25,4.293134,0.006666666666666667,0.0004003599751740694
c09_final_150_0024_bd,c09_final_150_0024,9,150,backdate,424242,0.5,150,33,0.22,4.7462,11.6162,15,22.2667,0.282843,atc,301,1,24.0,50.25,4.293134,0.006666666666666667,0.0005736990133300424
c09_final_150_0024_bd,c09_final_150_0024,9,150,backdate,424242,0.5,150,33,0.22,4.7462,11.6162,15,22.2667,0.282843,wmdd,301,1,24.0,50.25,4.333912000000001,0.006666666666666667,0.0004606759175658226
c09_final_150_0024_bd,c09_final_150_0024,9,150,backdate,424242,0.5,150,33,0.22,4.7462,11.6162,15,22.2667,0.282843,lpt,301,1,24.0,50.25,4.464902666666667,0.006666666666666667,0.00039992702659219503
c09_final_150_0024_bd,c09_final_150_0024,9,150,backdate,424242,0.5,150,33,0.22,4.7462,11.6162,15,22.2667,0.282843,random,301,1,24.0,50.25,4.327158,0.006666666666666667,0.00033065606839954853
c09_final_150_0024_bd,c09_final_150_0024,9,150,backdate,424242,0.5,150,33,0.22,4.7462,11.6162,15,22.2667,0.282843,v2rl301,301,1,24.0,50.25,4.464902666666667,0.006666666666666667,0.027368210023269057
c09_final_150_0024_bd,c09_final_150_0024,9,150,backdate,424242,0.5,150,33,0.22,4.7462,11.6162,15,22.2667,0.282843,v2rl302,302,1,24.0,50.25,4.464902666666667,0.006666666666666667,0.026477262959815562
c09_final_150_0024_bd,c09_final_150_0024,9,150,backdate,424242,0.5,150,33,0.22,4.7462,11.6162,15,22.2667,0.282843,v2rl303,303,1,24.0,50.25,4.464902666666667,0.006666666666666667,0.026350072002969682
c09_final_150_0024_bd,c09_final_150_0024,9,150,backdate,424242,0.5,150,33,0.22,4.7462,11.6162,15,22.2667,0.282843,v2rl304,304,1,24.0,50.25,4.3718786666666665,0.006666666666666667,0.026278731995262206
c09_final_150_0024_bd,c09_final_150_0024,9,150,backdate,424242,0.5,150,33,0.22,4.7462,11.6162,15,22.2667,0.282843,v2rl305,305,1,24.0,50.25,4.464902666666667,0.006666666666666667,0.02629808895289898
c09_final_150_0024_bd,c09_final_150_0024,9,150,backdate,424242,0.5,150,33,0.22,4.7462,11.6162,15,22.2667,0.282843,v2rl306,306,1,24.0,50.25,4.464902666666667,0.006666666666666667,0.027822133037261665
c09_final_150_0024_bd,c09_final_150_0024,9,150,backdate,424242,0.5,150,33,0.22,4.7462,11.6162,15,22.2667,0.282843,v2rl307,307,1,24.0,50.25,4.399481333333333,0.006666666666666667,0.02714410296175629
c09_final_150_0024_bd,c09_final_150_0024,9,150,backdate,424242,0.5,150,33,0.22,4.7462,11.6162,15,22.2667,0.282843,v2rl308,308,1,24.0,50.25,4.458236,0.006666666666666667,0.027065039961598814
c09_final_150_0024_bd,c09_final_150_0024,9,150,backdate,424242,0.5,150,33,0.22,4.7462,11.6162,15,22.2667,0.282843,v2rl309,309,1,24.0,50.25,4.464902666666667,0.006666666666666667,0.026569443987682462
c09_final_150_0024_bd,c09_final_150_0024,9,150,backdate,424242,0.5,150,33,0.22,4.7462,11.6162,15,22.2667,0.282843,v2rl310,310,1,24.0,50.25,4.464902666666667,0.006666666666666667,0.026398002984933555
c09_final_150_0025_bd,c09_final_150_0025,9,150,backdate,424242,0.5,150,70,0.466667,6.5202,38.0378,37,16.0,0.459195,edd,301,1,888.9184,104.5854,4.894098666666667,0.02666666666666667,0.0004439079202711582
c09_final_150_0025_bd,c09_final_150_0025,9,150,backdate,424242,0.5,150,70,0.466667,6.5202,38.0378,37,16.0,0.459195,pfifo,301,1,888.9184,104.5854,4.894098666666667,0.02666666666666667,0.00045010598842054605
c09_final_150_0025_bd,c09_final_150_0025,9,150,backdate,424242,0.5,150,70,0.466667,6.5202,38.0378,37,16.0,0.459195,wspt,301,1,888.9184,104.5854,4.889098666666667,0.02666666666666667,0.00041568803135305643
c09_final_150_0025_bd,c09_final_150_0025,9,150,backdate,424242,0.5,150,70,0.466667,6.5202,38.0378,37,16.0,0.459195,atc,301,1,888.9184,104.5854,4.889098666666667,0.02666666666666667,0.0005874430062249303
c09_final_150_0025_bd,c09_final_150_0025,9,150,backdate,424242,0.5,150,70,0.466667,6.5202,38.0378,37,16.0,0.459195,wmdd,301,1,888.9184,104.5854,4.894098666666667,0.02666666666666667,0.00046197802294045687
c09_final_150_0025_bd,c09_final_150_0025,9,150,backdate,424242,0.5,150,70,0.466667,6.5202,38.0378,37,16.0,0.459195,lpt,301,1,888.9184,104.5854,4.924010666666667,0.02666666666666667,0.0003833459923043847
c09_final_150_0025_bd,c09_final_150_0025,9,150,backdate,424242,0.5,150,70,0.466667,6.5202,38.0378,37,16.0,0.459195,random,301,1,888.9184,104.5854,4.895765333333333,0.02666666666666667,0.0003409009659662843
c09_final_150_0025_bd,c09_final_150_0025,9,150,backdate,424242,0.5,150,70,0.466667,6.5202,38.0378,37,16.0,0.459195,v2rl301,301,1,888.9184,104.5854,4.904098666666667,0.02666666666666667,0.027125023072585464
c09_final_150_0025_bd,c09_final_150_0025,9,150,backdate,424242,0.5,150,70,0.466667,6.5202,38.0378,37,16.0,0.459195,v2rl302,302,1,888.9184,104.5854,4.904098666666667,0.02666666666666667,0.026074422989040613
c09_final_150_0025_bd,c09_final_150_0025,9,150,backdate,424242,0.5,150,70,0.466667,6.5202,38.0378,37,16.0,0.459195,v2rl303,303,1,888.9184,104.5854,4.904098666666667,0.02666666666666667,0.0260769339511171
c09_final_150_0025_bd,c09_final_150_0025,9,150,backdate,424242,0.5,150,70,0.466667,6.5202,38.0378,37,16.0,0.459195,v2rl304,304,1,888.9184,104.5854,4.904098666666667,0.02666666666666667,0.026096644112840295
c09_final_150_0025_bd,c09_final_150_0025,9,150,backdate,424242,0.5,150,70,0.466667,6.5202,38.0378,37,16.0,0.459195,v2rl305,305,1,888.9184,104.5854,4.904098666666667,0.02666666666666667,0.025980437989346683
c09_final_150_0025_bd,c09_final_150_0025,9,150,backdate,424242,0.5,150,70,0.466667,6.5202,38.0378,37,16.0,0.459195,v2rl306,306,1,888.9184,104.5854,4.904098666666667,0.02666666666666667,0.027529449900612235
c09_final_150_0025_bd,c09_final_150_0025,9,150,backdate,424242,0.5,150,70,0.466667,6.5202,38.0378,37,16.0,0.459195,v2rl307,307,1,888.9184,104.5854,4.895765333333333,0.02666666666666667,0.026794528006576
c09_final_150_0025_bd,c09_final_150_0025,9,150,backdate,424242,0.5,150,70,0.466667,6.5202,38.0378,37,16.0,0.459195,v2rl308,308,1,888.9184,104.5854,4.904098666666667,0.02666666666666667,0.026887691929005086
c09_final_150_0025_bd,c09_final_150_0025,9,150,backdate,424242,0.5,150,70,0.466667,6.5202,38.0378,37,16.0,0.459195,v2rl309,309,1,888.9184,104.5854,4.904098666666667,0.02666666666666667,0.026249489979818463
c09_final_150_0025_bd,c09_final_150_0025,9,150,backdate,424242,0.5,150,70,0.466667,6.5202,38.0378,37,16.0,0.459195,v2rl310,310,1,888.9184,104.5854,4.904098666666667,0.02666666666666667,0.026078786933794618
c09_final_150_0026_bd,c09_final_150_0026,9,150,backdate,424242,0.5,150,45,0.3,6.7634,33.8896,19,16.0,0.348485,edd,301,1,217.0,75.75,3.691666666666667,0.013333333333333334,0.0004617689410224557
c09_final_150_0026_bd,c09_final_150_0026,9,150,backdate,424242,0.5,150,45,0.3,6.7634,33.8896,19,16.0,0.348485,pfifo,301,1,217.0,75.75,3.691666666666667,0.013333333333333334,0.0004366789944469929
c09_final_150_0026_bd,c09_final_150_0026,9,150,backdate,424242,0.5,150,45,0.3,6.7634,33.8896,19,16.0,0.348485,wspt,301,1,217.0,75.75,3.691666666666667,0.013333333333333334,0.0004030979471281171
c09_final_150_0026_bd,c09_final_150_0026,9,150,backdate,424242,0.5,150,45,0.3,6.7634,33.8896,19,16.0,0.348485,atc,301,1,217.0,75.75,3.691666666666667,0.013333333333333334,0.0005635140696540475
c09_final_150_0026_bd,c09_final_150_0026,9,150,backdate,424242,0.5,150,45,0.3,6.7634,33.8896,19,16.0,0.348485,wmdd,301,1,217.0,75.75,3.691666666666667,0.013333333333333334,0.000436504022218287
c09_final_150_0026_bd,c09_final_150_0026,9,150,backdate,424242,0.5,150,45,0.3,6.7634,33.8896,19,16.0,0.348485,lpt,301,1,217.0,75.75,3.7,0.013333333333333334,0.0003920140443369746
c09_final_150_0026_bd,c09_final_150_0026,9,150,backdate,424242,0.5,150,45,0.3,6.7634,33.8896,19,16.0,0.348485,random,301,1,217.0,75.75,3.691666666666667,0.013333333333333334,0.00034071493428200483
c09_final_150_0026_bd,c09_final_150_0026,9,150,backdate,424242,0.5,150,45,0.3,6.7634,33.8896,19,16.0,0.348485,v2rl301,301,1,217.0,75.75,3.691666666666667,0.013333333333333334,0.027211975073441863
c09_final_150_0026_bd,c09_final_150_0026,9,150,backdate,424242,0.5,150,45,0.3,6.7634,33.8896,19,16.0,0.348485,v2rl302,302,1,217.0,75.75,3.691666666666667,0.013333333333333334,0.02624540904071182
c09_final_150_0026_bd,c09_final_150_0026,9,150,backdate,424242,0.5,150,45,0.3,6.7634,33.8896,19,16.0,0.348485,v2rl303,303,1,217.0,75.75,3.691666666666667,0.013333333333333334,0.02622484997846186
c09_final_150_0026_bd,c09_final_150_0026,9,150,backdate,424242,0.5,150,45,0.3,6.7634,33.8896,19,16.0,0.348485,v2rl304,304,1,217.0,75.75,3.691666666666667,0.013333333333333334,0.026173496968112886
c09_final_150_0026_bd,c09_final_150_0026,9,150,backdate,424242,0.5,150,45,0.3,6.7634,33.8896,19,16.0,0.348485,v2rl305,305,1,217.0,75.75,3.691666666666667,0.013333333333333334,0.026249089976772666
c09_final_150_0026_bd,c09_final_150_0026,9,150,backdate,424242,0.5,150,45,0.3,6.7634,33.8896,19,16.0,0.348485,v2rl306,306,1,217.0,75.75,3.691666666666667,0.013333333333333334,0.02765996800735593
c09_final_150_0026_bd,c09_final_150_0026,9,150,backdate,424242,0.5,150,45,0.3,6.7634,33.8896,19,16.0,0.348485,v2rl307,307,1,217.0,75.75,3.691666666666667,0.013333333333333334,0.02688793500419706
c09_final_150_0026_bd,c09_final_150_0026,9,150,backdate,424242,0.5,150,45,0.3,6.7634,33.8896,19,16.0,0.348485,v2rl308,308,1,217.0,75.75,3.691666666666667,0.013333333333333334,0.027087713941000402
c09_final_150_0026_bd,c09_final_150_0026,9,150,backdate,424242,0.5,150,45,0.3,6.7634,33.8896,19,16.0,0.348485,v2rl309,309,1,217.0,75.75,3.691666666666667,0.013333333333333334,0.026196146965958178
c09_final_150_0026_bd,c09_final_150_0026,9,150,backdate,424242,0.5,150,45,0.3,6.7634,33.8896,19,16.0,0.348485,v2rl310,310,1,217.0,75.75,3.691666666666667,0.013333333333333334,0.026117498986423016
c09_final_150_0027_bd,c09_final_150_0027,9,150,backdate,424242,0.5,150,31,0.206667,6.597,11.6619,13,24.0,0.238369,edd,301,1,0.0,104.9815,3.788876666666667,0.0,0.0004356889985501766
c09_final_150_0027_bd,c09_final_150_0027,9,150,backdate,424242,0.5,150,31,0.206667,6.597,11.6619,13,24.0,0.238369,pfifo,301,1,0.0,104.9815,3.788876666666667,0.0,0.0004370460519567132
c09_final_150_0027_bd,c09_final_150_0027,9,150,backdate,424242,0.5,150,31,0.206667,6.597,11.6619,13,24.0,0.238369,wspt,301,1,0.0,104.9815,3.78221,0.0,0.0003838749835267663
c09_final_150_0027_bd,c09_final_150_0027,9,150,backdate,424242,0.5,150,31,0.206667,6.597,11.6619,13,24.0,0.238369,atc,301,1,0.0,104.9815,3.78221,0.0,0.0005531110800802708
c09_final_150_0027_bd,c09_final_150_0027,9,150,backdate,424242,0.5,150,31,0.206667,6.597,11.6619,13,24.0,0.238369,wmdd,301,1,0.0,104.9815,3.788876666666667,0.0,0.0004247690085321665
c09_final_150_0027_bd,c09_final_150_0027,9,150,backdate,424242,0.5,150,31,0.206667,6.597,11.6619,13,24.0,0.238369,lpt,301,1,0.0,104.9815,3.788876666666667,0.0,0.0003841610159724951
c09_final_150_0027_bd,c09_final_150_0027,9,150,backdate,424242,0.5,150,31,0.206667,6.597,11.6619,13,24.0,0.238369,random,301,1,0.0,104.9815,3.78221,0.0,0.0003523270133882761
c09_final_150_0027_bd,c09_final_150_0027,9,150,backdate,424242,0.5,150,31,0.206667,6.597,11.6619,13,24.0,0.238369,v2rl301,301,1,0.0,104.9815,3.788876666666667,0.0,0.02622615499421954
c09_final_150_0027_bd,c09_final_150_0027,9,150,backdate,424242,0.5,150,31,0.206667,6.597,11.6619,13,24.0,0.238369,v2rl302,302,1,0.0,104.9815,3.788876666666667,0.0,0.025759616983123124
c09_final_150_0027_bd,c09_final_150_0027,9,150,backdate,424242,0.5,150,31,0.206667,6.597,11.6619,13,24.0,0.238369,v2rl303,303,1,0.0,104.9815,3.788876666666667,0.0,0.025703029008582234
c09_final_150_0027_bd,c09_final_150_0027,9,150,backdate,424242,0.5,150,31,0.206667,6.597,11.6619,13,24.0,0.238369,v2rl304,304,1,0.0,104.9815,3.788876666666667,0.0,0.025422921986319125
c09_final_150_0027_bd,c09_final_150_0027,9,150,backdate,424242,0.5,150,31,0.206667,6.597,11.6619,13,24.0,0.238369,v2rl305,305,1,0.0,104.9815,3.788876666666667,0.0,0.025780342984944582
c09_final_150_0027_bd,c09_final_150_0027,9,150,backdate,424242,0.5,150,31,0.206667,6.597,11.6619,13,24.0,0.238369,v2rl306,306,1,0.0,104.9815,3.788876666666667,0.0,0.02714245393872261
c09_final_150_0027_bd,c09_final_150_0027,9,150,backdate,424242,0.5,150,31,0.206667,6.597,11.6619,13,24.0,0.238369,v2rl307,307,1,0.0,104.9815,3.78221,0.0,0.02642163191922009
c09_final_150_0027_bd,c09_final_150_0027,9,150,backdate,424242,0.5,150,31,0.206667,6.597,11.6619,13,24.0,0.238369,v2rl308,308,1,0.0,104.9815,3.788876666666667,0.0,0.02654262795113027
c09_final_150_0027_bd,c09_final_150_0027,9,150,backdate,424242,0.5,150,31,0.206667,6.597,11.6619,13,24.0,0.238369,v2rl309,309,1,0.0,104.9815,3.788876666666667,0.0,0.02594507101457566
c09_final_150_0027_bd,c09_final_150_0027,9,150,backdate,424242,0.5,150,31,0.206667,6.597,11.6619,13,24.0,0.238369,v2rl310,310,1,0.0,104.9815,3.78221,0.0,0.02577690500766039
c09_final_150_0028_bd,c09_final_150_0028,9,150,backdate,424242,0.5,150,36,0.24,4.636,11.2029,15,14.7167,0.434811,edd,301,1,202.0,51.0,4.645834666666667,0.013333333333333334,0.00047666800674051046
c09_final_150_0028_bd,c09_final_150_0028,9,150,backdate,424242,0.5,150,36,0.24,4.636,11.2029,15,14.7167,0.434811,pfifo,301,1,202.0,51.0,4.645834666666667,0.013333333333333334,0.00045349798165261745
c09_final_150_0028_bd,c09_final_150_0028,9,150,backdate,424242,0.5,150,36,0.24,4.636,11.2029,15,14.7167,0.434811,wspt,301,1,202.0,51.0,4.557098666666667,0.013333333333333334,0.0004428799729794264
c09_final_150_0028_bd,c09_final_150_0028,9,150,backdate,424242,0.5,150,36,0.24,4.636,11.2029,15,14.7167,0.434811,atc,301,1,202.0,51.0,4.557098666666667,0.013333333333333334,0.0006682120729237795
c09_final_150_0028_bd,c09_final_150_0028,9,150,backdate,424242,0.5,150,36,0.24,4.636,11.2029,15,14.7167,0.434811,wmdd,301,1,202.0,51.0,4.645834666666667,0.013333333333333334,0.0005155550315976143
c09_final_150_0028_bd,c09_final_150_0028,9,150,backdate,424242,0.5,150,36,0.24,4.636,11.2029,15,14.7167,0.434811,lpt,301,1,202.0,51.0,4.862723333333333,0.013333333333333334,0.0004220780683681369
c09_final_150_0028_bd,c09_final_150_0028,9,150,backdate,424242,0.5,150,36,0.24,4.636,11.2029,15,14.7167,0.434811,random,301,1,202.0,51.0,4.697501333333333,0.013333333333333334,0.0003639959031715989
c09_final_150_0028_bd,c09_final_150_0028,9,150,backdate,424242,0.5,150,36,0.24,4.636,11.2029,15,14.7167,0.434811,v2rl301,301,1,202.0,51.0,4.862723333333333,0.013333333333333334,0.027000054949894547
c09_final_150_0028_bd,c09_final_150_0028,9,150,backdate,424242,0.5,150,36,0.24,4.636,11.2029,15,14.7167,0.434811,v2rl302,302,1,202.0,51.0,4.862723333333333,0.013333333333333334,0.026573917013593018
c09_final_150_0028_bd,c09_final_150_0028,9,150,backdate,424242,0.5,150,36,0.24,4.636,11.2029,15,14.7167,0.434811,v2rl303,303,1,202.0,51.0,4.862723333333333,0.013333333333333334,0.0263915560208261
c09_final_150_0028_bd,c09_final_150_0028,9,150,backdate,424242,0.5,150,36,0.24,4.636,11.2029,15,14.7167,0.434811,v2rl304,304,1,202.0,51.0,4.614665333333333,0.013333333333333334,0.026362658943980932
c09_final_150_0028_bd,c09_final_150_0028,9,150,backdate,424242,0.5,150,36,0.24,4.636,11.2029,15,14.7167,0.434811,v2rl305,305,1,202.0,51.0,4.862723333333333,0.013333333333333334,0.027358296094462276
c09_final_150_0028_bd,c09_final_150_0028,9,150,backdate,424242,0.5,150,36,0.24,4.636,11.2029,15,14.7167,0.434811,v2rl306,306,1,202.0,51.0,4.862723333333333,0.013333333333333334,0.027356044040061533
c09_final_150_0028_bd,c09_final_150_0028,9,150,backdate,424242,0.5,150,36,0.24,4.636,11.2029,15,14.7167,0.434811,v2rl307,307,1,202.0,51.0,4.607723333333333,0.013333333333333334,0.027256742934696376
c09_final_150_0028_bd,c09_final_150_0028,9,150,backdate,424242,0.5,150,36,0.24,4.636,11.2029,15,14.7167,0.434811,v2rl308,308,1,202.0,51.0,4.746056666666667,0.013333333333333334,0.02700619597453624
c09_final_150_0028_bd,c09_final_150_0028,9,150,backdate,424242,0.5,150,36,0.24,4.636,11.2029,15,14.7167,0.434811,v2rl309,309,1,202.0,51.0,4.862723333333333,0.013333333333333334,0.026574334944598377
c09_final_150_0028_bd,c09_final_150_0028,9,150,backdate,424242,0.5,150,36,0.24,4.636,11.2029,15,14.7167,0.434811,v2rl310,310,1,202.0,51.0,4.740559333333334,0.013333333333333334,0.026731902034953237
c09_final_150_0029_bd,c09_final_150_0029,9,150,backdate,424242,0.5,150,38,0.253333,5.6346,14.1805,6,24.0,0.239162,edd,301,1,85.99999999999999,47.3246,3.8310026666666666,0.006666666666666667,0.00044987897854298353
c09_final_150_0029_bd,c09_final_150_0029,9,150,backdate,424242,0.5,150,38,0.253333,5.6346,14.1805,6,24.0,0.239162,pfifo,301,1,85.99999999999999,47.3246,3.8310026666666666,0.006666666666666667,0.0004416599404066801
c09_final_150_0029_bd,c09_final_150_0029,9,150,backdate,424242,0.5,150,38,0.253333,5.6346,14.1805,6,24.0,0.239162,wspt,301,1,85.99999999999999,47.3246,3.8176693333333334,0.006666666666666667,0.00042996800038963556
c09_final_150_0029_bd,c09_final_150_0029,9,150,backdate,424242,0.5,150,38,0.253333,5.6346,14.1805,6,24.0,0.239162,atc,301,1,85.99999999999999,47.3246,3.8176693333333334,0.006666666666666667,0.0004896169994026423
c09_final_150_0029_bd,c09_final_150_0029,9,150,backdate,424242,0.5,150,38,0.253333,5.6346,14.1805,6,24.0,0.239162,wmdd,301,1,85.99999999999999,47.3246,3.8310026666666666,0.006666666666666667,0.0004038569750264287
c09_final_150_0029_bd,c09_final_150_0029,9,150,backdate,424242,0.5,150,38,0.253333,5.6346,14.1805,6,24.0,0.239162,lpt,301,1,85.99999999999999,47.3246,3.849336,0.006666666666666667,0.0003609160194173455
c09_final_150_0029_bd,c09_final_150_0029,9,150,backdate,424242,0.5,150,38,0.253333,5.6346,14.1805,6,24.0,0.239162,random,301,1,85.99999999999999,47.3246,3.839336,0.006666666666666667,0.0003375610103830695
c09_final_150_0029_bd,c09_final_150_0029,9,150,backdate,424242,0.5,150,38,0.253333,5.6346,14.1805,6,24.0,0.239162,v2rl301,301,1,85.99999999999999,47.3246,3.848116,0.006666666666666667,0.025758504052646458
c09_final_150_0029_bd,c09_final_150_0029,9,150,backdate,424242,0.5,150,38,0.253333,5.6346,14.1805,6,24.0,0.239162,v2rl302,302,1,85.99999999999999,47.3246,3.848116,0.006666666666666667,0.025574245024472475
c09_final_150_0029_bd,c09_final_150_0029,9,150,backdate,424242,0.5,150,38,0.253333,5.6346,14.1805,6,24.0,0.239162,v2rl303,303,1,85.99999999999999,47.3246,3.848116,0.006666666666666667,0.025452219997532666
c09_final_150_0029_bd,c09_final_150_0029,9,150,backdate,424242,0.5,150,38,0.253333,5.6346,14.1805,6,24.0,0.239162,v2rl304,304,1,85.99999999999999,47.3246,3.848116,0.006666666666666667,0.02548444806598127
c09_final_150_0029_bd,c09_final_150_0029,9,150,backdate,424242,0.5,150,38,0.253333,5.6346,14.1805,6,24.0,0.239162,v2rl305,305,1,85.99999999999999,47.3246,3.848116,0.006666666666666667,0.026743623078800738
c09_final_150_0029_bd,c09_final_150_0029,9,150,backdate,424242,0.5,150,38,0.253333,5.6346,14.1805,6,24.0,0.239162,v2rl306,306,1,85.99999999999999,47.3246,3.848116,0.006666666666666667,0.026423970935866237
c09_final_150_0029_bd,c09_final_150_0029,9,150,backdate,424242,0.5,150,38,0.253333,5.6346,14.1805,6,24.0,0.239162,v2rl307,307,1,85.99999999999999,47.3246,3.8210026666666668,0.006666666666666667,0.026367644895799458
c09_final_150_0029_bd,c09_final_150_0029,9,150,backdate,424242,0.5,150,38,0.253333,5.6346,14.1805,6,24.0,0.239162,v2rl308,308,1,85.99999999999999,47.3246,3.838116,0.006666666666666667,0.026011589914560318
c09_final_150_0029_bd,c09_final_150_0029,9,150,backdate,424242,0.5,150,38,0.253333,5.6346,14.1805,6,24.0,0.239162,v2rl309,309,1,85.99999999999999,47.3246,3.848116,0.006666666666666667,0.025644610985182226
c09_final_150_0029_bd,c09_final_150_0029,9,150,backdate,424242,0.5,150,38,0.253333,5.6346,14.1805,6,24.0,0.239162,v2rl310,310,1,85.99999999999999,47.3246,3.848116,0.006666666666666667,0.025956252007745206
c10_final_150_0000_bd,c10_final_150_0000,10,150,backdate,424242,0.5,150,21,0.14,7.8499,21.0465,21,1.0,2.214286,edd,301,1,446.0,50.0,2.7238286666666665,0.013333333333333334,0.0005760380299761891
c10_final_150_0000_bd,c10_final_150_0000,10,150,backdate,424242,0.5,150,21,0.14,7.8499,21.0465,21,1.0,2.214286,pfifo,301,1,446.0,50.0,2.7238286666666665,0.013333333333333334,0.0005531619535759091
c10_final_150_0000_bd,c10_final_150_0000,10,150,backdate,424242,0.5,150,21,0.14,7.8499,21.0465,21,1.0,2.214286,wspt,301,1,450.88,50.77,2.560762,0.013333333333333334,0.000556593993678689
c10_final_150_0000_bd,c10_final_150_0000,10,150,backdate,424242,0.5,150,21,0.14,7.8499,21.0465,21,1.0,2.214286,atc,301,1,446.0,50.0,2.619762,0.013333333333333334,0.0009554720018059015
c10_final_150_0000_bd,c10_final_150_0000,10,150,backdate,424242,0.5,150,21,0.14,7.8499,21.0465,21,1.0,2.214286,wmdd,301,1,446.0,50.0,2.7238286666666665,0.013333333333333334,0.0007128999568521976
c10_final_150_0000_bd,c10_final_150_0000,10,150,backdate,424242,0.5,150,21,0.14,7.8499,21.0465,21,1.0,2.214286,lpt,301,1,446.0,50.0,2.826962,0.013333333333333334,0.0005257349694147706
c10_final_150_0000_bd,c10_final_150_0000,10,150,backdate,424242,0.5,150,21,0.14,7.8499,21.0465,21,1.0,2.214286,random,301,1,446.0,50.0,2.6660286666666666,0.013333333333333334,0.00035231991205364466
c10_final_150_0000_bd,c10_final_150_0000,10,150,backdate,424242,0.5,150,21,0.14,7.8499,21.0465,21,1.0,2.214286,v2rl301,301,1,446.0,50.0,2.826962,0.013333333333333334,0.028430684003978968
c10_final_150_0000_bd,c10_final_150_0000,10,150,backdate,424242,0.5,150,21,0.14,7.8499,21.0465,21,1.0,2.214286,v2rl302,302,1,446.0,50.0,2.826962,0.013333333333333334,0.027981329010799527
c10_final_150_0000_bd,c10_final_150_0000,10,150,backdate,424242,0.5,150,21,0.14,7.8499,21.0465,21,1.0,2.214286,v2rl303,303,1,446.0,50.0,2.826962,0.013333333333333334,0.028882276033982635
c10_final_150_0000_bd,c10_final_150_0000,10,150,backdate,424242,0.5,150,21,0.14,7.8499,21.0465,21,1.0,2.214286,v2rl304,304,1,446.0,50.0,2.614028666666667,0.013333333333333334,0.028882273007184267
c10_final_150_0000_bd,c10_final_150_0000,10,150,backdate,424242,0.5,150,21,0.14,7.8499,21.0465,21,1.0,2.214286,v2rl305,305,1,446.0,50.0,2.826962,0.013333333333333334,0.028957852046005428
c10_final_150_0000_bd,c10_final_150_0000,10,150,backdate,424242,0.5,150,21,0.14,7.8499,21.0465,21,1.0,2.214286,v2rl306,306,1,446.0,50.0,2.826962,0.013333333333333334,0.028475992963649333
c10_final_150_0000_bd,c10_final_150_0000,10,150,backdate,424242,0.5,150,21,0.14,7.8499,21.0465,21,1.0,2.214286,v2rl307,307,1,446.0,50.0,2.614028666666667,0.013333333333333334,0.02790284901857376
c10_final_150_0000_bd,c10_final_150_0000,10,150,backdate,424242,0.5,150,21,0.14,7.8499,21.0465,21,1.0,2.214286,v2rl308,308,1,446.0,50.0,2.7607619999999997,0.013333333333333334,0.028525814064778388
c10_final_150_0000_bd,c10_final_150_0000,10,150,backdate,424242,0.5,150,21,0.14,7.8499,21.0465,21,1.0,2.214286,v2rl309,309,1,446.0,50.0,2.826962,0.013333333333333334,0.02847182098776102
c10_final_150_0000_bd,c10_final_150_0000,10,150,backdate,424242,0.5,150,21,0.14,7.8499,21.0465,21,1.0,2.214286,v2rl310,310,1,446.0,50.0,2.614028666666667,0.013333333333333334,0.028583040926605463
c10_final_150_0001_bd,c10_final_150_0001,10,150,backdate,424242,0.5,150,91,0.606667,15.8046,61.3697,84,8.0,0.32543,edd,301,1,0.0,42.4711,2.8854226666666665,0.0,0.0005454859929159284
c10_final_150_0001_bd,c10_final_150_0001,10,150,backdate,424242,0.5,150,91,0.606667,15.8046,61.3697,84,8.0,0.32543,pfifo,301,1,0.0,42.4711,2.8854226666666665,0.0,0.00049210200086236
c10_final_150_0001_bd,c10_final_150_0001,10,150,backdate,424242,0.5,150,91,0.606667,15.8046,61.3697,84,8.0,0.32543,wspt,301,1,0.0,42.4711,2.819383333333333,0.0,0.0004834019346162677
c10_final_150_0001_bd,c10_final_150_0001,10,150,backdate,424242,0.5,150,91,0.606667,15.8046,61.3697,84,8.0,0.32543,atc,301,1,0.0,42.4711,2.827716666666667,0.0,0.0007470120908692479
c10_final_150_0001_bd,c10_final_150_0001,10,150,backdate,424242,0.5,150,91,0.606667,15.8046,61.3697,84,8.0,0.32543,wmdd,301,1,0.0,42.4711,2.8854226666666665,0.0,0.0005683150375261903
c10_final_150_0001_bd,c10_final_150_0001,10,150,backdate,424242,0.5,150,91,0.606667,15.8046,61.3697,84,8.0,0.32543,lpt,301,1,0.0,42.4711,3.108726,0.0,0.0004573559854179621
c10_final_150_0001_bd,c10_final_150_0001,10,150,backdate,424242,0.5,150,91,0.606667,15.8046,61.3697,84,8.0,0.32543,random,301,1,0.0,42.4711,2.892059333333333,0.0,0.00035832799039781094
c10_final_150_0001_bd,c10_final_150_0001,10,150,backdate,424242,0.5,150,91,0.606667,15.8046,61.3697,84,8.0,0.32543,v2rl301,301,1,0.0,42.4711,3.048726,0.0,0.027112313080579042
c10_final_150_0001_bd,c10_final_150_0001,10,150,backdate,424242,0.5,150,91,0.606667,15.8046,61.3697,84,8.0,0.32543,v2rl302,302,1,0.0,42.4711,3.053726,0.0,0.027439121971838176
c10_final_150_0001_bd,c10_final_150_0001,10,150,backdate,424242,0.5,150,91,0.606667,15.8046,61.3697,84,8.0,0.32543,v2rl303,303,1,0.0,42.4711,3.053726,0.0,0.02739399892743677
c10_final_150_0001_bd,c10_final_150_0001,10,150,backdate,424242,0.5,150,91,0.606667,15.8046,61.3697,84,8.0,0.32543,v2rl304,304,1,0.0,42.4711,2.837089333333333,0.0,0.027453714050352573
c10_final_150_0001_bd,c10_final_150_0001,10,150,backdate,424242,0.5,150,91,0.606667,15.8046,61.3697,84,8.0,0.32543,v2rl305,305,1,0.0,42.4711,3.053726,0.0,0.026849732035771012
c10_final_150_0001_bd,c10_final_150_0001,10,150,backdate,424242,0.5,150,91,0.606667,15.8046,61.3697,84,8.0,0.32543,v2rl306,306,1,0.0,42.4711,3.053726,0.0,0.02695598395075649
c10_final_150_0001_bd,c10_final_150_0001,10,150,backdate,424242,0.5,150,91,0.606667,15.8046,61.3697,84,8.0,0.32543,v2rl307,307,1,0.0,42.4711,2.865422666666667,0.0,0.02701586694456637
c10_final_150_0001_bd,c10_final_150_0001,10,150,backdate,424242,0.5,150,91,0.606667,15.8046,61.3697,84,8.0,0.32543,v2rl308,308,1,0.0,42.4711,2.972059333333333,0.0,0.02677671203855425
c10_final_150_0001_bd,c10_final_150_0001,10,150,backdate,424242,0.5,150,91,0.606667,15.8046,61.3697,84,8.0,0.32543,v2rl309,309,1,0.0,42.4711,3.053726,0.0,0.026898990967310965
c10_final_150_0001_bd,c10_final_150_0001,10,150,backdate,424242,0.5,150,91,0.606667,15.8046,61.3697,84,8.0,0.32543,v2rl310,310,1,0.0,42.4711,2.8820893333333335,0.0,0.02683869400061667
c10_final_150_0002_bd,c10_final_150_0002,10,150,backdate,424242,0.5,150,43,0.286667,7.1573,34.0726,43,1.7794,1.59971,edd,301,1,0.0,91.8284,3.4059,0.0,0.0005422199610620737
c10_final_150_0002_bd,c10_final_150_0002,10,150,backdate,424242,0.5,150,43,0.286667,7.1573,34.0726,43,1.7794,1.59971,pfifo,301,1,0.0,91.8284,3.4059,0.0,0.0005009699380025268
c10_final_150_0002_bd,c10_final_150_0002,10,150,backdate,424242,0.5,150,43,0.286667,7.1573,34.0726,43,1.7794,1.59971,wspt,301,1,0.0,91.8284,3.281578,0.0,0.0005283380160108209
c10_final_150_0002_bd,c10_final_150_0002,10,150,backdate,424242,0.5,150,43,0.286667,7.1573,34.0726,43,1.7794,1.59971,atc,301,1,0.0,91.8284,3.281578,0.0,0.0008550189668312669
c10_final_150_0002_bd,c10_final_150_0002,10,150,backdate,424242,0.5,150,43,0.286667,7.1573,34.0726,43,1.7794,1.59971,wmdd,301,1,0.0,91.8284,3.4059,0.0,0.0006134799914434552
c10_final_150_0002_bd,c10_final_150_0002,10,150,backdate,424242,0.5,150,43,0.286667,7.1573,34.0726,43,1.7794,1.59971,lpt,301,1,0.0,91.8284,3.4973346666666667,0.0,0.00047102896496653557
c10_final_150_0002_bd,c10_final_150_0002,10,150,backdate,424242,0.5,150,43,0.286667,7.1573,34.0726,43,1.7794,1.59971,random,301,1,0.0,91.8284,3.3397006666666664,0.0,0.0003606160171329975
c10_final_150_0002_bd,c10_final_150_0002,10,150,backdate,424242,0.5,150,43,0.286667,7.1573,34.0726,43,1.7794,1.59971,v2rl301,301,1,0.0,91.8284,3.4973346666666667,0.0,0.02823896799236536
c10_final_150_0002_bd,c10_final_150_0002,10,150,backdate,424242,0.5,150,43,0.286667,7.1573,34.0726,43,1.7794,1.59971,v2rl302,302,1,0.0,91.8284,3.4973346666666667,0.0,0.028018774930387735
c10_final_150_0002_bd,c10_final_150_0002,10,150,backdate,424242,0.5,150,43,0.286667,7.1573,34.0726,43,1.7794,1.59971,v2rl303,303,1,0.0,91.8284,3.4973346666666667,0.0,0.02844721300061792
c10_final_150_0002_bd,c10_final_150_0002,10,150,backdate,424242,0.5,150,43,0.286667,7.1573,34.0726,43,1.7794,1.59971,v2rl304,304,1,0.0,91.8284,3.281578,0.0,0.027532028034329414
c10_final_150_0002_bd,c10_final_150_0002,10,150,backdate,424242,0.5,150,43,0.286667,7.1573,34.0726,43,1.7794,1.59971,v2rl305,305,1,0.0,91.8284,3.4973346666666667,0.0,0.027474406990222633
c10_final_150_0002_bd,c10_final_150_0002,10,150,backdate,424242,0.5,150,43,0.286667,7.1573,34.0726,43,1.7794,1.59971,v2rl306,306,1,0.0,91.8284,3.4973346666666667,0.0,0.027663504937663674
c10_final_150_0002_bd,c10_final_150_0002,10,150,backdate,424242,0.5,150,43,0.286667,7.1573,34.0726,43,1.7794,1.59971,v2rl307,307,1,0.0,91.8284,3.281578,0.0,0.027620229055173695
c10_final_150_0002_bd,c10_final_150_0002,10,150,backdate,424242,0.5,150,43,0.286667,7.1573,34.0726,43,1.7794,1.59971,v2rl308,308,1,0.0,91.8284,3.4973346666666667,0.0,0.02750043396372348
c10_final_150_0002_bd,c10_final_150_0002,10,150,backdate,424242,0.5,150,43,0.286667,7.1573,34.0726,43,1.7794,1.59971,v2rl309,309,1,0.0,91.8284,3.4973346666666667,0.0,0.027343404944986105
c10_final_150_0002_bd,c10_final_150_0002,10,150,backdate,424242,0.5,150,43,0.286667,7.1573,34.0726,43,1.7794,1.59971,v2rl310,310,1,0.0,91.8284,3.2836773333333333,0.0,0.027480663964524865
c10_final_150_0003_bd,c10_final_150_0003,10,150,backdate,424242,0.5,150,15,0.1,13.3767,32.7235,15,1.0,2.278538,edd,301,1,0.0,90.8648,3.0004986666666666,0.0,0.0006402409635484219
c10_final_150_0003_bd,c10_final_150_0003,10,150,backdate,424242,0.5,150,15,0.1,13.3767,32.7235,15,1.0,2.278538,pfifo,301,1,0.0,90.8648,3.0004986666666666,0.0,0.0006282409885898232
c10_final_150_0003_bd,c10_final_150_0003,10,150,backdate,424242,0.5,150,15,0.1,13.3767,32.7235,15,1.0,2.278538,wspt,301,1,0.0,90.8648,2.779098666666667,0.0,0.0006549900863319635
c10_final_150_0003_bd,c10_final_150_0003,10,150,backdate,424242,0.5,150,15,0.1,13.3767,32.7235,15,1.0,2.278538,atc,301,1,0.0,90.8648,2.7980319999999996,0.0,0.0012294889893382788
c10_final_150_0003_bd,c10_final_150_0003,10,150,backdate,424242,0.5,150,15,0.1,13.3767,32.7235,15,1.0,2.278538,wmdd,301,1,0.0,90.8648,3.0004986666666666,0.0,0.0008640569867566228
c10_final_150_0003_bd,c10_final_150_0003,10,150,backdate,424242,0.5,150,15,0.1,13.3767,32.7235,15,1.0,2.278538,lpt,301,1,0.0,90.8648,3.0271653333333335,0.0,0.000581001047976315
c10_final_150_0003_bd,c10_final_150_0003,10,150,backdate,424242,0.5,150,15,0.1,13.3767,32.7235,15,1.0,2.278538,random,301,1,0.0,90.8648,2.8856319999999998,0.0,0.0003454439574852586
c10_final_150_0003_bd,c10_final_150_0003,10,150,backdate,424242,0.5,150,15,0.1,13.3767,32.7235,15,1.0,2.278538,v2rl301,301,1,0.0,90.8648,3.020498666666667,0.0,0.02975436404813081
c10_final_150_0003_bd,c10_final_150_0003,10,150,backdate,424242,0.5,150,15,0.1,13.3767,32.7235,15,1.0,2.278538,v2rl302,302,1,0.0,90.8648,3.020498666666667,0.0,0.0294755429495126
c10_final_150_0003_bd,c10_final_150_0003,10,150,backdate,424242,0.5,150,15,0.1,13.3767,32.7235,15,1.0,2.278538,v2rl303,303,1,0.0,90.8648,3.020498666666667,0.0,0.029739295016042888
c10_final_150_0003_bd,c10_final_150_0003,10,150,backdate,424242,0.5,150,15,0.1,13.3767,32.7235,15,1.0,2.278538,v2rl304,304,1,0.0,90.8648,2.798032,0.0,0.02885575103573501
c10_final_150_0003_bd,c10_final_150_0003,10,150,backdate,424242,0.5,150,15,0.1,13.3767,32.7235,15,1.0,2.278538,v2rl305,305,1,0.0,90.8648,3.020498666666667,0.0,0.028817211976274848
c10_final_150_0003_bd,c10_final_150_0003,10,150,backdate,424242,0.5,150,15,0.1,13.3767,32.7235,15,1.0,2.278538,v2rl306,306,1,0.0,90.8648,3.020498666666667,0.0,0.029063477995805442
c10_final_150_0003_bd,c10_final_150_0003,10,150,backdate,424242,0.5,150,15,0.1,13.3767,32.7235,15,1.0,2.278538,v2rl307,307,1,0.0,90.8648,2.798032,0.0,0.028997372020967305
c10_final_150_0003_bd,c10_final_150_0003,10,150,backdate,424242,0.5,150,15,0.1,13.3767,32.7235,15,1.0,2.278538,v2rl308,308,1,0.0,90.8648,3.006098666666667,0.0,0.028870232054032385
c10_final_150_0003_bd,c10_final_150_0003,10,150,backdate,424242,0.5,150,15,0.1,13.3767,32.7235,15,1.0,2.278538,v2rl309,309,1,0.0,90.8648,3.020498666666667,0.0,0.02882711892016232
c10_final_150_0003_bd,c10_final_150_0003,10,150,backdate,424242,0.5,150,15,0.1,13.3767,32.7235,15,1.0,2.278538,v2rl310,310,1,0.0,90.8648,2.7980319999999996,0.0,0.029144142987206578
c10_final_150_0004_bd,c10_final_150_0004,10,150,backdate,424242,0.5,150,39,0.26,14.6728,35.4313,37,2.0239,1.119736,edd,301,1,34.0,32.5,3.4575173333333336,0.006666666666666667,0.0006884490139782429
c10_final_150_0004_bd,c10_final_150_0004,10,150,backdate,424242,0.5,150,39,0.26,14.6728,35.4313,37,2.0239,1.119736,pfifo,301,1,34.0,32.5,3.4575173333333336,0.006666666666666667,0.0004804539494216442
c10_final_150_0004_bd,c10_final_150_0004,10,150,backdate,424242,0.5,150,39,0.26,14.6728,35.4313,37,2.0239,1.119736,wspt,301,1,34.0,32.5,2.976862666666667,0.006666666666666667,0.00047736300621181726
c10_final_150_0004_bd,c10_final_150_0004,10,150,backdate,424242,0.5,150,39,0.26,14.6728,35.4313,37,2.0239,1.119736,atc,301,1,34.0,32.5,2.976862666666667,0.006666666666666667,0.0007368020014837384
c10_final_150_0004_bd,c10_final_150_0004,10,150,backdate,424242,0.5,150,39,0.26,14.6728,35.4313,37,2.0239,1.119736,wmdd,301,1,34.0,32.5,3.4575173333333336,0.006666666666666667,0.0005498949903994799
c10_final_150_0004_bd,c10_final_150_0004,10,150,backdate,424242,0.5,150,39,0.26,14.6728,35.4313,37,2.0239,1.119736,lpt,301,1,34.0,32.5,3.8489780000000002,0.006666666666666667,0.0004587110597640276
c10_final_150_0004_bd,c10_final_150_0004,10,150,backdate,424242,0.5,150,39,0.26,14.6728,35.4313,37,2.0239,1.119736,random,301,1,34.0,32.5,3.3920426666666668,0.006666666666666667,0.00035880098585039377
c10_final_150_0004_bd,c10_final_150_0004,10,150,backdate,424242,0.5,150,39,0.26,14.6728,35.4313,37,2.0239,1.119736,v2rl301,301,1,34.0,32.5,3.8489780000000002,0.006666666666666667,0.028167765005491674
c10_final_150_0004_bd,c10_final_150_0004,10,150,backdate,424242,0.5,150,39,0.26,14.6728,35.4313,37,2.0239,1.119736,v2rl302,302,1,34.0,32.5,3.8489780000000002,0.006666666666666667,0.028013497008942068
c10_final_150_0004_bd,c10_final_150_0004,10,150,backdate,424242,0.5,150,39,0.26,14.6728,35.4313,37,2.0239,1.119736,v2rl303,303,1,34.0,32.5,3.8489780000000002,0.006666666666666667,0.0284044670406729
c10_final_150_0004_bd,c10_final_150_0004,10,150,backdate,424242,0.5,150,39,0.26,14.6728,35.4313,37,2.0239,1.119736,v2rl304,304,1,34.0,32.5,3.06165,0.006666666666666667,0.027369124931283295
c10_final_150_0004_bd,c10_final_150_0004,10,150,backdate,424242,0.5,150,39,0.26,14.6728,35.4313,37,2.0239,1.119736,v2rl305,305,1,34.0,32.5,3.8489780000000002,0.006666666666666667,0.027472537010908127
c10_final_150_0004_bd,c10_final_150_0004,10,150,backdate,424242,0.5,150,39,0.26,14.6728,35.4313,37,2.0239,1.119736,v2rl306,306,1,34.0,32.5,3.8489780000000002,0.006666666666666667,0.027607914060354233
c10_final_150_0004_bd,c10_final_150_0004,10,150,backdate,424242,0.5,150,39,0.26,14.6728,35.4313,37,2.0239,1.119736,v2rl307,307,1,34.0,32.5,3.053368,0.006666666666666667,0.0273355069803074
c10_final_150_0004_bd,c10_final_150_0004,10,150,backdate,424242,0.5,150,39,0.26,14.6728,35.4313,37,2.0239,1.119736,v2rl308,308,1,34.0,32.5,3.805483333333333,0.006666666666666667,0.02751869393978268
c10_final_150_0004_bd,c10_final_150_0004,10,150,backdate,424242,0.5,150,39,0.26,14.6728,35.4313,37,2.0239,1.119736,v2rl309,309,1,34.0,32.5,3.8489780000000002,0.006666666666666667,0.027418641955591738
c10_final_150_0004_bd,c10_final_150_0004,10,150,backdate,424242,0.5,150,39,0.26,14.6728,35.4313,37,2.0239,1.119736,v2rl310,310,1,34.0,32.5,3.0174166666666666,0.006666666666666667,0.027338988962583244
c10_final_150_0005_bd,c10_final_150_0005,10,150,backdate,424242,0.5,150,26,0.173333,16.5054,39.7549,26,1.0,0.816558,edd,301,1,0.0,9.0,1.1182633333333334,0.0,0.0005461210384964943
c10_final_150_0005_bd,c10_final_150_0005,10,150,backdate,424242,0.5,150,26,0.173333,16.5054,39.7549,26,1.0,0.816558,pfifo,301,1,0.0,9.0,1.1182633333333334,0.0,0.0005031320033594966
c10_final_150_0005_bd,c10_final_150_0005,10,150,backdate,424242,0.5,150,26,0.173333,16.5054,39.7549,26,1.0,0.816558,wspt,301,1,0.0,9.0,1.1038880000000002,0.0,0.0005199960432946682
c10_final_150_0005_bd,c10_final_150_0005,10,150,backdate,424242,0.5,150,26,0.173333,16.5054,39.7549,26,1.0,0.816558,atc,301,1,0.0,9.0,1.1038880000000002,0.0,0.0008926759473979473
c10_final_150_0005_bd,c10_final_150_0005,10,150,backdate,424242,0.5,150,26,0.173333,16.5054,39.7549,26,1.0,0.816558,wmdd,301,1,0.0,9.0,1.1182633333333334,0.0,0.0006345789879560471
c10_final_150_0005_bd,c10_final_150_0005,10,150,backdate,424242,0.5,150,26,0.173333,16.5054,39.7549,26,1.0,0.816558,lpt,301,1,0.0,9.0,1.1552486666666668,0.0,0.00048397702630609274
c10_final_150_0005_bd,c10_final_150_0005,10,150,backdate,424242,0.5,150,26,0.173333,16.5054,39.7549,26,1.0,0.816558,random,301,1,0.0,9.0,1.121926,0.0,0.0003465579356998205
c10_final_150_0005_bd,c10_final_150_0005,10,150,backdate,424242,0.5,150,26,0.173333,16.5054,39.7549,26,1.0,0.816558,v2rl301,301,1,0.0,9.0,1.1552486666666666,0.0,0.02888337802141905
c10_final_150_0005_bd,c10_final_150_0005,10,150,backdate,424242,0.5,150,26,0.173333,16.5054,39.7549,26,1.0,0.816558,v2rl302,302,1,0.0,9.0,1.1552486666666666,0.0,0.028871492017060518
c10_final_150_0005_bd,c10_final_150_0005,10,150,backdate,424242,0.5,150,26,0.173333,16.5054,39.7549,26,1.0,0.816558,v2rl303,303,1,0.0,9.0,1.1552486666666668,0.0,0.02921334491111338
c10_final_150_0005_bd,c10_final_150_0005,10,150,backdate,424242,0.5,150,26,0.173333,16.5054,39.7549,26,1.0,0.816558,v2rl304,304,1,0.0,9.0,1.1038879999999998,0.0,0.02834411698859185
c10_final_150_0005_bd,c10_final_150_0005,10,150,backdate,424242,0.5,150,26,0.173333,16.5054,39.7549,26,1.0,0.816558,v2rl305,305,1,0.0,9.0,1.1552486666666668,0.0,0.02837211498990655
c10_final_150_0005_bd,c10_final_150_0005,10,150,backdate,424242,0.5,150,26,0.173333,16.5054,39.7549,26,1.0,0.816558,v2rl306,306,1,0.0,9.0,1.1552486666666666,0.0,0.02844287408515811
c10_final_150_0005_bd,c10_final_150_0005,10,150,backdate,424242,0.5,150,26,0.173333,16.5054,39.7549,26,1.0,0.816558,v2rl307,307,1,0.0,9.0,1.103888,0.0,0.028409544029273093
c10_final_150_0005_bd,c10_final_150_0005,10,150,backdate,424242,0.5,150,26,0.173333,16.5054,39.7549,26,1.0,0.816558,v2rl308,308,1,0.0,9.0,1.1552486666666666,0.0,0.028162027010694146
c10_final_150_0005_bd,c10_final_150_0005,10,150,backdate,424242,0.5,150,26,0.173333,16.5054,39.7549,26,1.0,0.816558,v2rl309,309,1,0.0,9.0,1.1552486666666666,0.0,0.028236765996553004
c10_final_150_0005_bd,c10_final_150_0005,10,150,backdate,424242,0.5,150,26,0.173333,16.5054,39.7549,26,1.0,0.816558,v2rl310,310,1,0.0,9.0,1.1038880000000002,0.0,0.02834139298647642
c10_final_150_0006_bd,c10_final_150_0006,10,150,backdate,424242,0.5,150,76,0.506667,12.8285,57.3347,67,5.9725,0.469685,edd,301,1,80.0,44.0,3.0158446666666667,0.006666666666666667,0.0006952169351279736
c10_final_150_0006_bd,c10_final_150_0006,10,150,backdate,424242,0.5,150,76,0.506667,12.8285,57.3347,67,5.9725,0.469685,pfifo,301,1,80.0,44.0,3.0158446666666667,0.006666666666666667,0.0004867470124736428
c10_final_150_0006_bd,c10_final_150_0006,10,150,backdate,424242,0.5,150,76,0.506667,12.8285,57.3347,67,5.9725,0.469685,wspt,301,1,80.0,44.0,2.9991746666666668,0.006666666666666667,0.0004902130458503962
c10_final_150_0006_bd,c10_final_150_0006,10,150,backdate,424242,0.5,150,76,0.506667,12.8285,57.3347,67,5.9725,0.469685,atc,301,1,80.0,44.0,3.009174666666667,0.006666666666666667,0.0006674829637631774
c10_final_150_0006_bd,c10_final_150_0006,10,150,backdate,424242,0.5,150,76,0.506667,12.8285,57.3347,67,5.9725,0.469685,wmdd,301,1,80.0,44.0,3.0158446666666667,0.006666666666666667,0.0005098959663882852
c10_final_150_0006_bd,c10_final_150_0006,10,150,backdate,424242,0.5,150,76,0.506667,12.8285,57.3347,67,5.9725,0.469685,lpt,301,1,80.0,44.0,3.0375153333333333,0.006666666666666667,0.00042574305552989244
c10_final_150_0006_bd,c10_final_150_0006,10,150,backdate,424242,0.5,150,76,0.506667,12.8285,57.3347,67,5.9725,0.469685,random,301,1,80.0,44.0,3.0225113333333335,0.006666666666666667,0.00035348301753401756
c10_final_150_0006_bd,c10_final_150_0006,10,150,backdate,424242,0.5,150,76,0.506667,12.8285,57.3347,67,5.9725,0.469685,v2rl301,301,1,80.0,44.0,3.0291820000000005,0.006666666666666667,0.027369527029804885
c10_final_150_0006_bd,c10_final_150_0006,10,150,backdate,424242,0.5,150,76,0.506667,12.8285,57.3347,67,5.9725,0.469685,v2rl302,302,1,80.0,44.0,3.0291820000000005,0.006666666666666667,0.027491613989695907
c10_final_150_0006_bd,c10_final_150_0006,10,150,backdate,424242,0.5,150,76,0.506667,12.8285,57.3347,67,5.9725,0.469685,v2rl303,303,1,80.0,44.0,3.029182,0.006666666666666667,0.027037344058044255
c10_final_150_0006_bd,c10_final_150_0006,10,150,backdate,424242,0.5,150,76,0.506667,12.8285,57.3347,67,5.9725,0.469685,v2rl304,304,1,80.0,44.0,3.0091746666666666,0.006666666666666667,0.026567104971036315
c10_final_150_0006_bd,c10_final_150_0006,10,150,backdate,424242,0.5,150,76,0.506667,12.8285,57.3347,67,5.9725,0.469685,v2rl305,305,1,80.0,44.0,3.0291820000000005,0.006666666666666667,0.026485837996006012
c10_final_150_0006_bd,c10_final_150_0006,10,150,backdate,424242,0.5,150,76,0.506667,12.8285,57.3347,67,5.9725,0.469685,v2rl306,306,1,80.0,44.0,3.0291820000000005,0.006666666666666667,0.02686545706819743
c10_final_150_0006_bd,c10_final_150_0006,10,150,backdate,424242,0.5,150,76,0.506667,12.8285,57.3347,67,5.9725,0.469685,v2rl307,307,1,80.0,44.0,3.0091746666666666,0.006666666666666667,0.02666746696922928
c10_final_150_0006_bd,c10_final_150_0006,10,150,backdate,424242,0.5,150,76,0.506667,12.8285,57.3347,67,5.9725,0.469685,v2rl308,308,1,80.0,44.0,3.0291820000000005,0.006666666666666667,0.026531765004619956
c10_final_150_0006_bd,c10_final_150_0006,10,150,backdate,424242,0.5,150,76,0.506667,12.8285,57.3347,67,5.9725,0.469685,v2rl309,309,1,80.0,44.0,3.0291820000000005,0.006666666666666667,0.026624043937772512
c10_final_150_0006_bd,c10_final_150_0006,10,150,backdate,424242,0.5,150,76,0.506667,12.8285,57.3347,67,5.9725,0.469685,v2rl310,310,1,80.0,44.0,3.0091780000000004,0.006666666666666667,0.02664400194771588
c10_final_150_0007_bd,c10_final_150_0007,10,150,backdate,424242,0.5,150,54,0.36,14.4021,39.6847,51,2.7842,0.876817,edd,301,1,0.0,25.5103,2.806628666666666,0.0,0.0005239300662651658
c10_final_150_0007_bd,c10_final_150_0007,10,150,backdate,424242,0.5,150,54,0.36,14.4021,39.6847,51,2.7842,0.876817,pfifo,301,1,0.0,25.5103,2.806628666666666,0.0,0.0005099690752103925
c10_final_150_0007_bd,c10_final_150_0007,10,150,backdate,424242,0.5,150,54,0.36,14.4021,39.6847,51,2.7842,0.876817,wspt,301,1,0.0,25.5103,2.7682973333333334,0.0,0.00046107207890599966
c10_final_150_0007_bd,c10_final_150_0007,10,150,backdate,424242,0.5,150,54,0.36,14.4021,39.6847,51,2.7842,0.876817,atc,301,1,0.0,25.5103,2.7682973333333334,0.0,0.0006688940338790417
c10_final_150_0007_bd,c10_final_150_0007,10,150,backdate,424242,0.5,150,54,0.36,14.4021,39.6847,51,2.7842,0.876817,wmdd,301,1,0.0,25.5103,2.806628666666666,0.0,0.0005032559856772423
c10_final_150_0007_bd,c10_final_150_0007,10,150,backdate,424242,0.5,150,54,0.36,14.4021,39.6847,51,2.7842,0.876817,lpt,301,1,0.0,25.5103,2.8682993333333333,0.0,0.000418868032284081
c10_final_150_0007_bd,c10_final_150_0007,10,150,backdate,424242,0.5,150,54,0.36,14.4021,39.6847,51,2.7842,0.876817,random,301,1,0.0,25.5103,2.819966,0.0,0.0003594420850276947
c10_final_150_0007_bd,c10_final_150_0007,10,150,backdate,424242,0.5,150,54,0.36,14.4021,39.6847,51,2.7842,0.876817,v2rl301,301,1,0.0,25.5103,2.8682993333333333,0.0,0.027445131912827492
c10_final_150_0007_bd,c10_final_150_0007,10,150,backdate,424242,0.5,150,54,0.36,14.4021,39.6847,51,2.7842,0.876817,v2rl302,302,1,0.0,25.5103,2.8682993333333333,0.0,0.027620172942988575
c10_final_150_0007_bd,c10_final_150_0007,10,150,backdate,424242,0.5,150,54,0.36,14.4021,39.6847,51,2.7842,0.876817,v2rl303,303,1,0.0,25.5103,2.8682993333333333,0.0,0.027153725968673825
c10_final_150_0007_bd,c10_final_150_0007,10,150,backdate,424242,0.5,150,54,0.36,14.4021,39.6847,51,2.7842,0.876817,v2rl304,304,1,0.0,25.5103,2.7699639999999994,0.0,0.026849632035009563
c10_final_150_0007_bd,c10_final_150_0007,10,150,backdate,424242,0.5,150,54,0.36,14.4021,39.6847,51,2.7842,0.876817,v2rl305,305,1,0.0,25.5103,2.8682993333333333,0.0,0.026778371073305607
c10_final_150_0007_bd,c10_final_150_0007,10,150,backdate,424242,0.5,150,54,0.36,14.4021,39.6847,51,2.7842,0.876817,v2rl306,306,1,0.0,25.5103,2.8682993333333333,0.0,0.02688452508300543
c10_final_150_0007_bd,c10_final_150_0007,10,150,backdate,424242,0.5,150,54,0.36,14.4021,39.6847,51,2.7842,0.876817,v2rl307,307,1,0.0,25.5103,2.768297333333333,0.0,0.02683043002616614
c10_final_150_0007_bd,c10_final_150_0007,10,150,backdate,424242,0.5,150,54,0.36,14.4021,39.6847,51,2.7842,0.876817,v2rl308,308,1,0.0,25.5103,2.8466326666666664,0.0,0.0266441690037027
c10_final_150_0007_bd,c10_final_150_0007,10,150,backdate,424242,0.5,150,54,0.36,14.4021,39.6847,51,2.7842,0.876817,v2rl309,309,1,0.0,25.5103,2.8682993333333333,0.0,0.026732370955869555
c10_final_150_0007_bd,c10_final_150_0007,10,150,backdate,424242,0.5,150,54,0.36,14.4021,39.6847,51,2.7842,0.876817,v2rl310,310,1,0.0,25.5103,2.7682973333333334,0.0,0.026838955003768206
c10_final_150_0008_bd,c10_final_150_0008,10,150,backdate,424242,0.5,150,40,0.266667,19.361,77.7276,39,2.1494,0.837594,edd,301,1,0.0,30.0,2.398334666666667,0.0,0.0004890720592811704
c10_final_150_0008_bd,c10_final_150_0008,10,150,backdate,424242,0.5,150,40,0.266667,19.361,77.7276,39,2.1494,0.837594,pfifo,301,1,0.0,30.0,2.398334666666667,0.0,0.0004339920124039054
c10_final_150_0008_bd,c10_final_150_0008,10,150,backdate,424242,0.5,150,40,0.266667,19.361,77.7276,39,2.1494,0.837594,wspt,301,1,0.0,30.0,2.3816680000000003,0.0,0.0004602900007739663
c10_final_150_0008_bd,c10_final_150_0008,10,150,backdate,424242,0.5,150,40,0.266667,19.361,77.7276,39,2.1494,0.837594,atc,301,1,0.0,30.0,2.3816680000000003,0.0,0.0006897159619256854
c10_final_150_0008_bd,c10_final_150_0008,10,150,backdate,424242,0.5,150,40,0.266667,19.361,77.7276,39,2.1494,0.837594,wmdd,301,1,0.0,30.0,2.398334666666667,0.0,0.0005177360726520419
c10_final_150_0008_bd,c10_final_150_0008,10,150,backdate,424242,0.5,150,40,0.266667,19.361,77.7276,39,2.1494,0.837594,lpt,301,1,0.0,30.0,2.4766433333333335,0.0,0.000437295064330101
c10_final_150_0008_bd,c10_final_150_0008,10,150,backdate,424242,0.5,150,40,0.266667,19.361,77.7276,39,2.1494,0.837594,random,301,1,0.0,30.0,2.444980666666667,0.0,0.00035012594889849424
c10_final_150_0008_bd,c10_final_150_0008,10,150,backdate,424242,0.5,150,40,0.266667,19.361,77.7276,39,2.1494,0.837594,v2rl301,301,1,0.0,30.0,2.4766433333333335,0.0,0.02729830297175795
c10_final_150_0008_bd,c10_final_150_0008,10,150,backdate,424242,0.5,150,40,0.266667,19.361,77.7276,39,2.1494,0.837594,v2rl302,302,1,0.0,30.0,2.476643333333333,0.0,0.027378295082598925
c10_final_150_0008_bd,c10_final_150_0008,10,150,backdate,424242,0.5,150,40,0.266667,19.361,77.7276,39,2.1494,0.837594,v2rl303,303,1,0.0,30.0,2.4766433333333335,0.0,0.026996637927368283
c10_final_150_0008_bd,c10_final_150_0008,10,150,backdate,424242,0.5,150,40,0.266667,19.361,77.7276,39,2.1494,0.837594,v2rl304,304,1,0.0,30.0,2.3816680000000003,0.0,0.031226578052155674
c10_final_150_0008_bd,c10_final_150_0008,10,150,backdate,424242,0.5,150,40,0.266667,19.361,77.7276,39,2.1494,0.837594,v2rl305,305,1,0.0,30.0,2.476643333333334,0.0,0.026724428054876626
c10_final_150_0008_bd,c10_final_150_0008,10,150,backdate,424242,0.5,150,40,0.266667,19.361,77.7276,39,2.1494,0.837594,v2rl306,306,1,0.0,30.0,2.4766433333333335,0.0,0.026754473918117583
c10_final_150_0008_bd,c10_final_150_0008,10,150,backdate,424242,0.5,150,40,0.266667,19.361,77.7276,39,2.1494,0.837594,v2rl307,307,1,0.0,30.0,2.3816680000000003,0.0,0.026714471983723342
c10_final_150_0008_bd,c10_final_150_0008,10,150,backdate,424242,0.5,150,40,0.266667,19.361,77.7276,39,2.1494,0.837594,v2rl308,308,1,0.0,30.0,2.4316453333333334,0.0,0.02647974097635597
c10_final_150_0008_bd,c10_final_150_0008,10,150,backdate,424242,0.5,150,40,0.266667,19.361,77.7276,39,2.1494,0.837594,v2rl309,309,1,0.0,30.0,2.4766433333333335,0.0,0.026632388937287033
c10_final_150_0008_bd,c10_final_150_0008,10,150,backdate,424242,0.5,150,40,0.266667,19.361,77.7276,39,2.1494,0.837594,v2rl310,310,1,0.0,30.0,2.3816680000000003,0.0,0.026800373918376863
c10_final_150_0009_bd,c10_final_150_0009,10,150,backdate,424242,0.5,150,1,0.006667,29.4147,29.4147,1,1.0,0.23974,edd,301,1,0.0,6.0,0.5025333333333334,0.0,0.0012569800019264221
c10_final_150_0009_bd,c10_final_150_0009,10,150,backdate,424242,0.5,150,1,0.006667,29.4147,29.4147,1,1.0,0.23974,pfifo,301,1,0.0,6.0,0.5025333333333334,0.0,0.0013266099849715829
c10_final_150_0009_bd,c10_final_150_0009,10,150,backdate,424242,0.5,150,1,0.006667,29.4147,29.4147,1,1.0,0.23974,wspt,301,1,0.0,6.0,0.4159333333333333,0.0,0.0013697959948331118
c10_final_150_0009_bd,c10_final_150_0009,10,150,backdate,424242,0.5,150,1,0.006667,29.4147,29.4147,1,1.0,0.23974,atc,301,1,0.0,6.0,0.5016,0.0,0.0032724488992244005
c10_final_150_0009_bd,c10_final_150_0009,10,150,backdate,424242,0.5,150,1,0.006667,29.4147,29.4147,1,1.0,0.23974,wmdd,301,1,0.0,6.0,0.5025333333333334,0.0,0.002122664009220898
c10_final_150_0009_bd,c10_final_150_0009,10,150,backdate,424242,0.5,150,1,0.006667,29.4147,29.4147,1,1.0,0.23974,lpt,301,1,0.0,6.0,0.6132666666666665,0.0,0.0011499531101435423
c10_final_150_0009_bd,c10_final_150_0009,10,150,backdate,424242,0.5,150,1,0.006667,29.4147,29.4147,1,1.0,0.23974,random,301,1,0.0,6.0,0.4802,0.0,0.000448472099378705
c10_final_150_0009_bd,c10_final_150_0009,10,150,backdate,424242,0.5,150,1,0.006667,29.4147,29.4147,1,1.0,0.23974,v2rl301,301,1,0.0,6.0,0.6132666666666665,0.0,0.03692309302277863
c10_final_150_0009_bd,c10_final_150_0009,10,150,backdate,424242,0.5,150,1,0.006667,29.4147,29.4147,1,1.0,0.23974,v2rl302,302,1,0.0,6.0,0.4500000000000001,0.0,0.03643277590163052
c10_final_150_0009_bd,c10_final_150_0009,10,150,backdate,424242,0.5,150,1,0.006667,29.4147,29.4147,1,1.0,0.23974,v2rl303,303,1,0.0,6.0,0.4318666666666667,0.0,0.03584335697814822
c10_final_150_0009_bd,c10_final_150_0009,10,150,backdate,424242,0.5,150,1,0.006667,29.4147,29.4147,1,1.0,0.23974,v2rl304,304,1,0.0,6.0,0.4315333333333334,0.0,0.03591705800499767
c10_final_150_0009_bd,c10_final_150_0009,10,150,backdate,424242,0.5,150,1,0.006667,29.4147,29.4147,1,1.0,0.23974,v2rl305,305,1,0.0,6.0,0.6132666666666665,0.0,0.035920351976528764
c10_final_150_0009_bd,c10_final_150_0009,10,150,backdate,424242,0.5,150,1,0.006667,29.4147,29.4147,1,1.0,0.23974,v2rl306,306,1,0.0,6.0,0.6132666666666665,0.0,0.035625373013317585
c10_final_150_0009_bd,c10_final_150_0009,10,150,backdate,424242,0.5,150,1,0.006667,29.4147,29.4147,1,1.0,0.23974,v2rl307,307,1,0.0,6.0,0.4315333333333334,0.0,0.03574963705614209
c10_final_150_0009_bd,c10_final_150_0009,10,150,backdate,424242,0.5,150,1,0.006667,29.4147,29.4147,1,1.0,0.23974,v2rl308,308,1,0.0,6.0,0.49933333333333335,0.0,0.035695217084139585
c10_final_150_0009_bd,c10_final_150_0009,10,150,backdate,424242,0.5,150,1,0.006667,29.4147,29.4147,1,1.0,0.23974,v2rl309,309,1,0.0,6.0,0.6132666666666665,0.0,0.03586507693398744
c10_final_150_0009_bd,c10_final_150_0009,10,150,backdate,424242,0.5,150,1,0.006667,29.4147,29.4147,1,1.0,0.23974,v2rl310,310,1,0.0,6.0,0.4315333333333334,0.0,0.036162705975584686
c10_final_150_0010_bd,c10_final_150_0010,10,150,backdate,424242,0.5,150,4,0.026667,10.5582,25.1617,4,1.0,0.762468,edd,301,1,0.0,10.0,1.1203333333333334,0.0,0.0008008820004761219
c10_final_150_0010_bd,c10_final_150_0010,10,150,backdate,424242,0.5,150,4,0.026667,10.5582,25.1617,4,1.0,0.762468,pfifo,301,1,0.0,10.0,1.1203333333333334,0.0,0.000777643988840282
c10_final_150_0010_bd,c10_final_150_0010,10,150,backdate,424242,0.5,150,4,0.026667,10.5582,25.1617,4,1.0,0.762468,wspt,301,1,0.0,10.57,1.0203333333333333,0.0,0.0008154470706358552
c10_final_150_0010_bd,c10_final_150_0010,10,150,backdate,424242,0.5,150,4,0.026667,10.5582,25.1617,4,1.0,0.762468,atc,301,1,0.0,10.0,1.0341333333333333,0.0,0.0017172939842566848
c10_final_150_0010_bd,c10_final_150_0010,10,150,backdate,424242,0.5,150,4,0.026667,10.5582,25.1617,4,1.0,0.762468,wmdd,301,1,0.0,10.0,1.1203333333333334,0.0,0.0011943549616262317
c10_final_150_0010_bd,c10_final_150_0010,10,150,backdate,424242,0.5,150,4,0.026667,10.5582,25.1617,4,1.0,0.762468,lpt,301,1,0.0,10.0,1.1894666666666667,0.0,0.0007249499903991818
c10_final_150_0010_bd,c10_final_150_0010,10,150,backdate,424242,0.5,150,4,0.026667,10.5582,25.1617,4,1.0,0.762468,random,301,1,0.0,10.3,1.0647333333333333,0.0,0.0003656740300357342
c10_final_150_0010_bd,c10_final_150_0010,10,150,backdate,424242,0.5,150,4,0.026667,10.5582,25.1617,4,1.0,0.762468,v2rl301,301,1,0.0,10.0,1.1869333333333334,0.0,0.03187535109464079
c10_final_150_0010_bd,c10_final_150_0010,10,150,backdate,424242,0.5,150,4,0.026667,10.5582,25.1617,4,1.0,0.762468,v2rl302,302,1,0.0,10.0,1.1894666666666667,0.0,0.03189779503736645
c10_final_150_0010_bd,c10_final_150_0010,10,150,backdate,424242,0.5,150,4,0.026667,10.5582,25.1617,4,1.0,0.762468,v2rl303,303,1,0.0,10.0,1.1894666666666667,0.0,0.031161190010607243
c10_final_150_0010_bd,c10_final_150_0010,10,150,backdate,424242,0.5,150,4,0.026667,10.5582,25.1617,4,1.0,0.762468,v2rl304,304,1,0.0,10.0,1.0274666666666668,0.0,0.03109509008936584
c10_final_150_0010_bd,c10_final_150_0010,10,150,backdate,424242,0.5,150,4,0.026667,10.5582,25.1617,4,1.0,0.762468,v2rl305,305,1,0.0,10.0,1.1894666666666667,0.0,0.031184428953565657
c10_final_150_0010_bd,c10_final_150_0010,10,150,backdate,424242,0.5,150,4,0.026667,10.5582,25.1617,4,1.0,0.762468,v2rl306,306,1,0.0,10.0,1.1894666666666667,0.0,0.031117049045860767
c10_final_150_0010_bd,c10_final_150_0010,10,150,backdate,424242,0.5,150,4,0.026667,10.5582,25.1617,4,1.0,0.762468,v2rl307,307,1,0.0,10.0,1.0274666666666668,0.0,0.03099069104064256
c10_final_150_0010_bd,c10_final_150_0010,10,150,backdate,424242,0.5,150,4,0.026667,10.5582,25.1617,4,1.0,0.762468,v2rl308,308,1,0.0,10.0,1.1334666666666668,0.0,0.031233308953233063
c10_final_150_0010_bd,c10_final_150_0010,10,150,backdate,424242,0.5,150,4,0.026667,10.5582,25.1617,4,1.0,0.762468,v2rl309,309,1,0.0,10.0,1.1894666666666667,0.0,0.031339364941231906
c10_final_150_0010_bd,c10_final_150_0010,10,150,backdate,424242,0.5,150,4,0.026667,10.5582,25.1617,4,1.0,0.762468,v2rl310,310,1,0.0,10.0,1.0274666666666668,0.0,0.03130139294080436
c10_final_150_0011_bd,c10_final_150_0011,10,150,backdate,424242,0.5,150,21,0.14,9.7299,37.0317,21,1.0,1.405714,edd,301,1,84.0,18.0,1.8627999999999998,0.013333333333333334,0.000786570948548615
c10_final_150_0011_bd,c10_final_150_0011,10,150,backdate,424242,0.5,150,21,0.14,9.7299,37.0317,21,1.0,1.405714,pfifo,301,1,84.0,18.0,1.8627999999999998,0.013333333333333334,0.0007962839445099235
c10_final_150_0011_bd,c10_final_150_0011,10,150,backdate,424242,0.5,150,21,0.14,9.7299,37.0317,21,1.0,1.405714,wspt,301,1,92.0,18.5,1.6675333333333335,0.013333333333333334,0.0008285659132525325
c10_final_150_0011_bd,c10_final_150_0011,10,150,backdate,424242,0.5,150,21,0.14,9.7299,37.0317,21,1.0,1.405714,atc,301,1,84.0,18.0,1.6993333333333334,0.013333333333333334,0.0017608769703656435
c10_final_150_0011_bd,c10_final_150_0011,10,150,backdate,424242,0.5,150,21,0.14,9.7299,37.0317,21,1.0,1.405714,wmdd,301,1,84.0,18.0,1.8627999999999998,0.013333333333333334,0.0011957840761169791
c10_final_150_0011_bd,c10_final_150_0011,10,150,backdate,424242,0.5,150,21,0.14,9.7299,37.0317,21,1.0,1.405714,lpt,301,1,84.0,18.0,1.9747333333333337,0.013333333333333334,0.0007457829779013991
c10_final_150_0011_bd,c10_final_150_0011,10,150,backdate,424242,0.5,150,21,0.14,9.7299,37.0317,21,1.0,1.405714,random,301,1,84.0,18.0,1.7601999999999998,0.013333333333333334,0.0003748699091374874
c10_final_150_0011_bd,c10_final_150_0011,10,150,backdate,424242,0.5,150,21,0.14,9.7299,37.0317,21,1.0,1.405714,v2rl301,301,1,84.0,18.0,1.9747333333333337,0.013333333333333334,0.03223042900208384
c10_final_150_0011_bd,c10_final_150_0011,10,150,backdate,424242,0.5,150,21,0.14,9.7299,37.0317,21,1.0,1.405714,v2rl302,302,1,84.0,18.0,1.9747333333333337,0.013333333333333334,0.031812979956157506
c10_final_150_0011_bd,c10_final_150_0011,10,150,backdate,424242,0.5,150,21,0.14,9.7299,37.0317,21,1.0,1.405714,v2rl303,303,1,84.0,18.0,1.9747333333333337,0.013333333333333334,0.031271185958758
c10_final_150_0011_bd,c10_final_150_0011,10,150,backdate,424242,0.5,150,21,0.14,9.7299,37.0317,21,1.0,1.405714,v2rl304,304,1,84.0,18.0,1.686,0.013333333333333334,0.03124701709020883
c10_final_150_0011_bd,c10_final_150_0011,10,150,backdate,424242,0.5,150,21,0.14,9.7299,37.0317,21,1.0,1.405714,v2rl305,305,1,84.0,18.0,1.9747333333333337,0.013333333333333334,0.03125970205292106
c10_final_150_0011_bd,c10_final_150_0011,10,150,backdate,424242,0.5,150,21,0.14,9.7299,37.0317,21,1.0,1.405714,v2rl306,306,1,84.0,18.0,1.9747333333333337,0.013333333333333334,0.031234425958245993
c10_final_150_0011_bd,c10_final_150_0011,10,150,backdate,424242,0.5,150,21,0.14,9.7299,37.0317,21,1.0,1.405714,v2rl307,307,1,84.0,18.0,1.6826666666666668,0.013333333333333334,0.03109081892762333
c10_final_150_0011_bd,c10_final_150_0011,10,150,backdate,424242,0.5,150,21,0.14,9.7299,37.0317,21,1.0,1.405714,v2rl308,308,1,84.0,18.0,1.8356000000000001,0.013333333333333334,0.03129818895831704
c10_final_150_0011_bd,c10_final_150_0011,10,150,backdate,424242,0.5,150,21,0.14,9.7299,37.0317,21,1.0,1.405714,v2rl309,309,1,84.0,18.0,1.9747333333333337,0.013333333333333334,0.031211638008244336
c10_final_150_0011_bd,c10_final_150_0011,10,150,backdate,424242,0.5,150,21,0.14,9.7299,37.0317,21,1.0,1.405714,v2rl310,310,1,84.0,18.0,1.6993333333333334,0.013333333333333334,0.031198332086205482
c10_final_150_0012_bd,c10_final_150_0012,10,150,backdate,424242,0.5,150,21,0.14,18.0801,39.2123,21,6.59,0.399922,edd,301,1,0.0,96.9192,4.793422666666667,0.0,0.0006686729611828923
c10_final_150_0012_bd,c10_final_150_0012,10,150,backdate,424242,0.5,150,21,0.14,18.0801,39.2123,21,6.59,0.399922,pfifo,301,1,0.0,96.9192,4.793422666666667,0.0,0.0006401939317584038
c10_final_150_0012_bd,c10_final_150_0012,10,150,backdate,424242,0.5,150,21,0.14,18.0801,39.2123,21,6.59,0.399922,wspt,301,1,0.0,96.9192,3.7543800000000003,0.0,0.0006373010110110044
c10_final_150_0012_bd,c10_final_150_0012,10,150,backdate,424242,0.5,150,21,0.14,18.0801,39.2123,21,6.59,0.399922,atc,301,1,0.0,96.9192,4.127713333333333,0.0,0.0012047739000990987
c10_final_150_0012_bd,c10_final_150_0012,10,150,backdate,424242,0.5,150,21,0.14,18.0801,39.2123,21,6.59,0.399922,wmdd,301,1,0.0,96.9192,4.793422666666667,0.0,0.0008650569943711162
c10_final_150_0012_bd,c10_final_150_0012,10,150,backdate,424242,0.5,150,21,0.14,18.0801,39.2123,21,6.59,0.399922,lpt,301,1,0.0,96.9192,5.2077506666666675,0.0,0.0005683409981429577
c10_final_150_0012_bd,c10_final_150_0012,10,150,backdate,424242,0.5,150,21,0.14,18.0801,39.2123,21,6.59,0.399922,random,301,1,0.0,96.9192,4.383422666666667,0.0,0.00036062300205230713
c10_final_150_0012_bd,c10_final_150_0012,10,150,backdate,424242,0.5,150,21,0.14,18.0801,39.2123,21,6.59,0.399922,v2rl301,301,1,0.0,96.9192,5.2077506666666675,0.0,0.029506774968467653
c10_final_150_0012_bd,c10_final_150_0012,10,150,backdate,424242,0.5,150,21,0.14,18.0801,39.2123,21,6.59,0.399922,v2rl302,302,1,0.0,96.9192,5.2077506666666675,0.0,0.029128152993507683
c10_final_150_0012_bd,c10_final_150_0012,10,150,backdate,424242,0.5,150,21,0.14,18.0801,39.2123,21,6.59,0.399922,v2rl303,303,1,0.0,96.9192,5.2077506666666675,0.0,0.029076159931719303
c10_final_150_0012_bd,c10_final_150_0012,10,150,backdate,424242,0.5,150,21,0.14,18.0801,39.2123,21,6.59,0.399922,v2rl304,304,1,0.0,96.9192,3.90438,0.0,0.029201227007433772
c10_final_150_0012_bd,c10_final_150_0012,10,150,backdate,424242,0.5,150,21,0.14,18.0801,39.2123,21,6.59,0.399922,v2rl305,305,1,0.0,96.9192,5.2077506666666675,0.0,0.028825041954405606
c10_final_150_0012_bd,c10_final_150_0012,10,150,backdate,424242,0.5,150,21,0.14,18.0801,39.2123,21,6.59,0.399922,v2rl306,306,1,0.0,96.9192,5.2077506666666675,0.0,0.029040590045042336
c10_final_150_0012_bd,c10_final_150_0012,10,150,backdate,424242,0.5,150,21,0.14,18.0801,39.2123,21,6.59,0.399922,v2rl307,307,1,0.0,96.9192,3.90438,0.0,0.0290446289582178
c10_final_150_0012_bd,c10_final_150_0012,10,150,backdate,424242,0.5,150,21,0.14,18.0801,39.2123,21,6.59,0.399922,v2rl308,308,1,0.0,96.9192,5.2077506666666675,0.0,0.02917111909482628
c10_final_150_0012_bd,c10_final_150_0012,10,150,backdate,424242,0.5,150,21,0.14,18.0801,39.2123,21,6.59,0.399922,v2rl309,309,1,0.0,96.9192,5.2077506666666675,0.0,0.02898803900461644
c10_final_150_0012_bd,c10_final_150_0012,10,150,backdate,424242,0.5,150,21,0.14,18.0801,39.2123,21,6.59,0.399922,v2rl310,310,1,0.0,96.9192,3.90438,0.0,0.0296108660986647
c10_final_150_0013_bd,c10_final_150_0013,10,150,backdate,424242,0.5,150,76,0.506667,15.0925,39.467,74,4.9642,1.658018,edd,301,1,1055.9184,94.6634,8.596426,0.02,0.000644504907540977
c10_final_150_0013_bd,c10_final_150_0013,10,150,backdate,424242,0.5,150,76,0.506667,15.0925,39.467,74,4.9642,1.658018,pfifo,301,1,1055.9184,94.6634,8.596426,0.02,0.0004536330234259367
c10_final_150_0013_bd,c10_final_150_0013,10,150,backdate,424242,0.5,150,76,0.506667,15.0925,39.467,74,4.9642,1.658018,wspt,301,1,1055.9184,94.6634,8.576426,0.02,0.00044422398786991835
c10_final_150_0013_bd,c10_final_150_0013,10,150,backdate,424242,0.5,150,76,0.506667,15.0925,39.467,74,4.9642,1.658018,atc,301,1,1055.9184,94.6634,8.583092666666666,0.02,0.0006614550948143005
c10_final_150_0013_bd,c10_final_150_0013,10,150,backdate,424242,0.5,150,76,0.506667,15.0925,39.467,74,4.9642,1.658018,wmdd,301,1,1055.9184,94.6634,8.596426,0.02,0.0005086900200694799
c10_final_150_0013_bd,c10_final_150_0013,10,150,backdate,424242,0.5,150,76,0.506667,15.0925,39.467,74,4.9642,1.658018,lpt,301,1,1055.9184,94.6634,8.754759333333334,0.02,0.00042207399383187294
c10_final_150_0013_bd,c10_final_150_0013,10,150,backdate,424242,0.5,150,76,0.506667,15.0925,39.467,74,4.9642,1.658018,random,301,1,1055.9184,94.6634,8.669759333333333,0.02,0.0003473750548437238
c10_final_150_0013_bd,c10_final_150_0013,10,150,backdate,424242,0.5,150,76,0.506667,15.0925,39.467,74,4.9642,1.658018,v2rl301,301,1,1055.9184,94.6634,8.716426,0.02,0.02697566500864923
c10_final_150_0013_bd,c10_final_150_0013,10,150,backdate,424242,0.5,150,76,0.506667,15.0925,39.467,74,4.9642,1.658018,v2rl302,302,1,1055.9184,94.6634,8.713092666666666,0.02,0.026635524001903832
c10_final_150_0013_bd,c10_final_150_0013,10,150,backdate,424242,0.5,150,76,0.506667,15.0925,39.467,74,4.9642,1.658018,v2rl303,303,1,1055.9184,94.6634,8.713092666666666,0.02,0.026790547999553382
c10_final_150_0013_bd,c10_final_150_0013,10,150,backdate,424242,0.5,150,76,0.506667,15.0925,39.467,74,4.9642,1.658018,v2rl304,304,1,1055.9184,94.6634,8.609759333333333,0.02,0.026553566101938486
c10_final_150_0013_bd,c10_final_150_0013,10,150,backdate,424242,0.5,150,76,0.506667,15.0925,39.467,74,4.9642,1.658018,v2rl305,305,1,1055.9184,94.6634,8.713092666666666,0.02,0.027074651094153523
c10_final_150_0013_bd,c10_final_150_0013,10,150,backdate,424242,0.5,150,76,0.506667,15.0925,39.467,74,4.9642,1.658018,v2rl306,306,1,1055.9184,94.6634,8.713092666666666,0.02,0.027031750068999827
c10_final_150_0013_bd,c10_final_150_0013,10,150,backdate,424242,0.5,150,76,0.506667,15.0925,39.467,74,4.9642,1.658018,v2rl307,307,1,1055.9184,94.6634,8.619759333333333,0.02,0.027409275993704796
c10_final_150_0013_bd,c10_final_150_0013,10,150,backdate,424242,0.5,150,76,0.506667,15.0925,39.467,74,4.9642,1.658018,v2rl308,308,1,1055.9184,94.6634,8.688092666666666,0.02,0.026994567015208304
c10_final_150_0013_bd,c10_final_150_0013,10,150,backdate,424242,0.5,150,76,0.506667,15.0925,39.467,74,4.9642,1.658018,v2rl309,309,1,1055.9184,94.6634,8.713092666666666,0.02,0.026442237896844745
c10_final_150_0013_bd,c10_final_150_0013,10,150,backdate,424242,0.5,150,76,0.506667,15.0925,39.467,74,4.9642,1.658018,v2rl310,310,1,1055.9184,94.6634,8.643092666666666,0.02,0.026330659980885684
c10_final_150_0014_bd,c10_final_150_0014,10,150,backdate,424242,0.5,150,1,0.006667,7.9544,7.9544,1,1.0,0.831429,edd,301,1,0.0,5.5,1.4637333333333333,0.0,0.0009302770486101508
c10_final_150_0014_bd,c10_final_150_0014,10,150,backdate,424242,0.5,150,1,0.006667,7.9544,7.9544,1,1.0,0.831429,pfifo,301,1,0.0,5.5,1.4637333333333333,0.0,0.0007349099032580853
c10_final_150_0014_bd,c10_final_150_0014,10,150,backdate,424242,0.5,150,1,0.006667,7.9544,7.9544,1,1.0,0.831429,wspt,301,1,0.0,6.75,1.2622,0.0,0.000807663076557219
c10_final_150_0014_bd,c10_final_150_0014,10,150,backdate,424242,0.5,150,1,0.006667,7.9544,7.9544,1,1.0,0.831429,atc,301,1,0.0,6.75,1.2622,0.0,0.0015455259708687663
c10_final_150_0014_bd,c10_final_150_0014,10,150,backdate,424242,0.5,150,1,0.006667,7.9544,7.9544,1,1.0,0.831429,wmdd,301,1,0.0,5.5,1.4637333333333333,0.0,0.0011147670447826385
c10_final_150_0014_bd,c10_final_150_0014,10,150,backdate,424242,0.5,150,1,0.006667,7.9544,7.9544,1,1.0,0.831429,lpt,301,1,0.0,5.5,1.6236,0.0,0.0006621029460802674
c10_final_150_0014_bd,c10_final_150_0014,10,150,backdate,424242,0.5,150,1,0.006667,7.9544,7.9544,1,1.0,0.831429,random,301,1,0.0,6.25,1.4255333333333333,0.0,0.00035017402842640877
c10_final_150_0014_bd,c10_final_150_0014,10,150,backdate,424242,0.5,150,1,0.006667,7.9544,7.9544,1,1.0,0.831429,v2rl301,301,1,0.0,5.5,1.6236,0.0,0.03088396997191012
c10_final_150_0014_bd,c10_final_150_0014,10,150,backdate,424242,0.5,150,1,0.006667,7.9544,7.9544,1,1.0,0.831429,v2rl302,302,1,0.0,5.5,1.6236,0.0,0.030585670960135758
c10_final_150_0014_bd,c10_final_150_0014,10,150,backdate,424242,0.5,150,1,0.006667,7.9544,7.9544,1,1.0,0.831429,v2rl303,303,1,0.0,5.5,1.6236,0.0,0.03058438398875296
c10_final_150_0014_bd,c10_final_150_0014,10,150,backdate,424242,0.5,150,1,0.006667,7.9544,7.9544,1,1.0,0.831429,v2rl304,304,1,0.0,6.0,1.2622,0.0,0.031109469011425972
c10_final_150_0014_bd,c10_final_150_0014,10,150,backdate,424242,0.5,150,1,0.006667,7.9544,7.9544,1,1.0,0.831429,v2rl305,305,1,0.0,5.5,1.6236,0.0,0.030950941029004753
c10_final_150_0014_bd,c10_final_150_0014,10,150,backdate,424242,0.5,150,1,0.006667,7.9544,7.9544,1,1.0,0.831429,v2rl306,306,1,0.0,5.5,1.6236,0.0,0.03134982998017222
c10_final_150_0014_bd,c10_final_150_0014,10,150,backdate,424242,0.5,150,1,0.006667,7.9544,7.9544,1,1.0,0.831429,v2rl307,307,1,0.0,6.75,1.2622,0.0,0.030456934007816017
c10_final_150_0014_bd,c10_final_150_0014,10,150,backdate,424242,0.5,150,1,0.006667,7.9544,7.9544,1,1.0,0.831429,v2rl308,308,1,0.0,5.5,1.6152666666666666,0.0,0.030224055983126163
c10_final_150_0014_bd,c10_final_150_0014,10,150,backdate,424242,0.5,150,1,0.006667,7.9544,7.9544,1,1.0,0.831429,v2rl309,309,1,0.0,5.5,1.6236,0.0,0.030419819988310337
c10_final_150_0014_bd,c10_final_150_0014,10,150,backdate,424242,0.5,150,1,0.006667,7.9544,7.9544,1,1.0,0.831429,v2rl310,310,1,0.0,5.5,1.2655333333333332,0.0,0.030378808034583926
c10_final_150_0015_bd,c10_final_150_0015,10,150,backdate,424242,0.5,150,6,0.04,5.6494,9.2902,6,1.0,0.927338,edd,301,1,6.0,25.5,1.137,0.006666666666666667,0.0008611220400780439
c10_final_150_0015_bd,c10_final_150_0015,10,150,backdate,424242,0.5,150,6,0.04,5.6494,9.2902,6,1.0,0.927338,pfifo,301,1,6.0,25.5,1.137,0.006666666666666667,0.0008725629886612296
c10_final_150_0015_bd,c10_final_150_0015,10,150,backdate,424242,0.5,150,6,0.04,5.6494,9.2902,6,1.0,0.927338,wspt,301,1,7.319999999999993,25.83,1.0493333333333332,0.006666666666666667,0.000877370941452682
c10_final_150_0015_bd,c10_final_150_0015,10,150,backdate,424242,0.5,150,6,0.04,5.6494,9.2902,6,1.0,0.927338,atc,301,1,6.0,25.5,1.1353333333333333,0.006666666666666667,0.001948978053405881
c10_final_150_0015_bd,c10_final_150_0015,10,150,backdate,424242,0.5,150,6,0.04,5.6494,9.2902,6,1.0,0.927338,wmdd,301,1,6.0,25.5,1.137,0.006666666666666667,0.0013071139110252261
c10_final_150_0015_bd,c10_final_150_0015,10,150,backdate,424242,0.5,150,6,0.04,5.6494,9.2902,6,1.0,0.927338,lpt,301,1,6.0,25.5,1.1490666666666667,0.006666666666666667,0.0007970130536705256
c10_final_150_0015_bd,c10_final_150_0015,10,150,backdate,424242,0.5,150,6,0.04,5.6494,9.2902,6,1.0,0.927338,random,301,1,6.319999999999993,25.58,1.0784666666666667,0.006666666666666667,0.0003867188934236765
c10_final_150_0015_bd,c10_final_150_0015,10,150,backdate,424242,0.5,150,6,0.04,5.6494,9.2902,6,1.0,0.927338,v2rl301,301,1,6.0,25.5,1.1490666666666667,0.006666666666666667,0.03225762501824647
c10_final_150_0015_bd,c10_final_150_0015,10,150,backdate,424242,0.5,150,6,0.04,5.6494,9.2902,6,1.0,0.927338,v2rl302,302,1,6.0,25.5,1.1023333333333332,0.006666666666666667,0.03211385593749583
c10_final_150_0015_bd,c10_final_150_0015,10,150,backdate,424242,0.5,150,6,0.04,5.6494,9.2902,6,1.0,0.927338,v2rl303,303,1,6.0,25.5,1.1490666666666667,0.006666666666666667,0.03254482604097575
c10_final_150_0015_bd,c10_final_150_0015,10,150,backdate,424242,0.5,150,6,0.04,5.6494,9.2902,6,1.0,0.927338,v2rl304,304,1,6.0,25.5,1.0605333333333333,0.006666666666666667,0.03270335600245744
c10_final_150_0015_bd,c10_final_150_0015,10,150,backdate,424242,0.5,150,6,0.04,5.6494,9.2902,6,1.0,0.927338,v2rl305,305,1,6.0,25.5,1.1490666666666667,0.006666666666666667,0.03314676904119551
c10_final_150_0015_bd,c10_final_150_0015,10,150,backdate,424242,0.5,150,6,0.04,5.6494,9.2902,6,1.0,0.927338,v2rl306,306,1,6.0,25.5,1.1490666666666667,0.006666666666666667,0.03267387207597494
c10_final_150_0015_bd,c10_final_150_0015,10,150,backdate,424242,0.5,150,6,0.04,5.6494,9.2902,6,1.0,0.927338,v2rl307,307,1,6.0,25.5,1.0605333333333333,0.006666666666666667,0.031825038022361696
c10_final_150_0015_bd,c10_final_150_0015,10,150,backdate,424242,0.5,150,6,0.04,5.6494,9.2902,6,1.0,0.927338,v2rl308,308,1,6.0,25.5,1.1289333333333333,0.006666666666666667,0.03192140196915716
c10_final_150_0015_bd,c10_final_150_0015,10,150,backdate,424242,0.5,150,6,0.04,5.6494,9.2902,6,1.0,0.927338,v2rl309,309,1,6.0,25.5,1.1490666666666667,0.006666666666666667,0.03204469010233879
c10_final_150_0015_bd,c10_final_150_0015,10,150,backdate,424242,0.5,150,6,0.04,5.6494,9.2902,6,1.0,0.927338,v2rl310,310,1,6.0,25.5,1.0605333333333333,0.006666666666666667,0.031847128993831575
c10_final_150_0016_bd,c10_final_150_0016,10,150,backdate,424242,0.5,150,79,0.526667,12.7841,39.2836,71,5.4497,0.398616,edd,301,1,52.0,32.5,2.2869686666666666,0.013333333333333334,0.0005415070336312056
c10_final_150_0016_bd,c10_final_150_0016,10,150,backdate,424242,0.5,150,79,0.526667,12.7841,39.2836,71,5.4497,0.398616,pfifo,301,1,52.0,32.5,2.2869686666666666,0.013333333333333334,0.00047860504128038883
c10_final_150_0016_bd,c10_final_150_0016,10,150,backdate,424242,0.5,150,79,0.526667,12.7841,39.2836,71,5.4497,0.398616,wspt,301,1,52.0,32.5,2.280968666666667,0.013333333333333334,0.0004801469622179866
c10_final_150_0016_bd,c10_final_150_0016,10,150,backdate,424242,0.5,150,79,0.526667,12.7841,39.2836,71,5.4497,0.398616,atc,301,1,52.0,32.5,2.2852913333333333,0.013333333333333334,0.0007842830382287502
c10_final_150_0016_bd,c10_final_150_0016,10,150,backdate,424242,0.5,150,79,0.526667,12.7841,39.2836,71,5.4497,0.398616,wmdd,301,1,52.0,32.5,2.2869686666666666,0.013333333333333334,0.0005799619248136878
c10_final_150_0016_bd,c10_final_150_0016,10,150,backdate,424242,0.5,150,79,0.526667,12.7841,39.2836,71,5.4497,0.398616,lpt,301,1,52.0,32.5,2.3243966666666664,0.013333333333333334,0.0004521120572462678
c10_final_150_0016_bd,c10_final_150_0016,10,150,backdate,424242,0.5,150,79,0.526667,12.7841,39.2836,71,5.4497,0.398616,random,301,1,56.0,32.5,2.291155333333333,0.013333333333333334,0.00035585404839366674
c10_final_150_0016_bd,c10_final_150_0016,10,150,backdate,424242,0.5,150,79,0.526667,12.7841,39.2836,71,5.4497,0.398616,v2rl301,301,1,52.0,32.5,2.3070893333333333,0.013333333333333334,0.027584515046328306
c10_final_150_0016_bd,c10_final_150_0016,10,150,backdate,424242,0.5,150,79,0.526667,12.7841,39.2836,71,5.4497,0.398616,v2rl302,302,1,52.0,32.5,2.306292,0.013333333333333334,0.02723150805104524
c10_final_150_0016_bd,c10_final_150_0016,10,150,backdate,424242,0.5,150,79,0.526667,12.7841,39.2836,71,5.4497,0.398616,v2rl303,303,1,52.0,32.5,2.3070893333333333,0.013333333333333334,0.027375831035897136
c10_final_150_0016_bd,c10_final_150_0016,10,150,backdate,424242,0.5,150,79,0.526667,12.7841,39.2836,71,5.4497,0.398616,v2rl304,304,1,52.0,32.5,2.284302,0.013333333333333334,0.02758299803826958
c10_final_150_0016_bd,c10_final_150_0016,10,150,backdate,424242,0.5,150,79,0.526667,12.7841,39.2836,71,5.4497,0.398616,v2rl305,305,1,52.0,32.5,2.3070893333333333,0.013333333333333334,0.027722324011847377
c10_final_150_0016_bd,c10_final_150_0016,10,150,backdate,424242,0.5,150,79,0.526667,12.7841,39.2836,71,5.4497,0.398616,v2rl306,306,1,52.0,32.5,2.3070893333333333,0.013333333333333334,0.027969435905106366
c10_final_150_0016_bd,c10_final_150_0016,10,150,backdate,424242,0.5,150,79,0.526667,12.7841,39.2836,71,5.4497,0.398616,v2rl307,307,1,52.0,32.5,2.284302,0.013333333333333334,0.0274350109975785
c10_final_150_0016_bd,c10_final_150_0016,10,150,backdate,424242,0.5,150,79,0.526667,12.7841,39.2836,71,5.4497,0.398616,v2rl308,308,1,52.0,32.5,2.294366,0.013333333333333334,0.026875160983763635
c10_final_150_0016_bd,c10_final_150_0016,10,150,backdate,424242,0.5,150,79,0.526667,12.7841,39.2836,71,5.4497,0.398616,v2rl309,309,1,52.0,32.5,2.3070893333333333,0.013333333333333334,0.02696391090285033
c10_final_150_0016_bd,c10_final_150_0016,10,150,backdate,424242,0.5,150,79,0.526667,12.7841,39.2836,71,5.4497,0.398616,v2rl310,310,1,52.0,32.5,2.284302,0.013333333333333334,0.027114939992316067
c10_final_150_0017_bd,c10_final_150_0017,10,150,backdate,424242,0.5,150,124,0.826667,15.0727,75.4219,93,16.0,0.22139,edd,301,1,0.0,92.8648,3.846553333333333,0.0,0.0005752050783485174
c10_final_150_0017_bd,c10_final_150_0017,10,150,backdate,424242,0.5,150,124,0.826667,15.0727,75.4219,93,16.0,0.22139,pfifo,301,1,0.0,92.8648,3.846553333333333,0.0,0.0004891629796475172
c10_final_150_0017_bd,c10_final_150_0017,10,150,backdate,424242,0.5,150,124,0.826667,15.0727,75.4219,93,16.0,0.22139,wspt,301,1,0.0,92.5095,3.7805253333333333,0.0,0.0004889080300927162
c10_final_150_0017_bd,c10_final_150_0017,10,150,backdate,424242,0.5,150,124,0.826667,15.0727,75.4219,93,16.0,0.22139,atc,301,1,0.0,92.8648,3.7828939999999998,0.0,0.0007502130465582013
c10_final_150_0017_bd,c10_final_150_0017,10,150,backdate,424242,0.5,150,124,0.826667,15.0727,75.4219,93,16.0,0.22139,wmdd,301,1,0.0,92.8648,3.846553333333333,0.0,0.0005778969498351216
c10_final_150_0017_bd,c10_final_150_0017,10,150,backdate,424242,0.5,150,124,0.826667,15.0727,75.4219,93,16.0,0.22139,lpt,301,1,0.0,92.8648,4.039637333333333,0.0,0.0004587690345942974
c10_final_150_0017_bd,c10_final_150_0017,10,150,backdate,424242,0.5,150,124,0.826667,15.0727,75.4219,93,16.0,0.22139,random,301,1,0.0,92.8648,3.8298866666666664,0.0,0.0003699029330164194
c10_final_150_0017_bd,c10_final_150_0017,10,150,backdate,424242,0.5,150,124,0.826667,15.0727,75.4219,93,16.0,0.22139,v2rl301,301,1,0.0,92.6148,3.972970666666667,0.0,0.027894139057025313
c10_final_150_0017_bd,c10_final_150_0017,10,150,backdate,424242,0.5,150,124,0.826667,15.0727,75.4219,93,16.0,0.22139,v2rl302,302,1,0.0,92.8648,3.9197506666666673,0.0,0.02720332599710673
c10_final_150_0017_bd,c10_final_150_0017,10,150,backdate,424242,0.5,150,124,0.826667,15.0727,75.4219,93,16.0,0.22139,v2rl303,303,1,0.0,92.8648,3.931417333333334,0.0,0.027726602973416448
c10_final_150_0017_bd,c10_final_150_0017,10,150,backdate,424242,0.5,150,124,0.826667,15.0727,75.4219,93,16.0,0.22139,v2rl304,304,1,0.0,92.8648,3.791227333333333,0.0,0.027896882966160774
c10_final_150_0017_bd,c10_final_150_0017,10,150,backdate,424242,0.5,150,124,0.826667,15.0727,75.4219,93,16.0,0.22139,v2rl305,305,1,0.0,92.8648,3.9694666666666674,0.0,0.028045268962159753
c10_final_150_0017_bd,c10_final_150_0017,10,150,backdate,424242,0.5,150,124,0.826667,15.0727,75.4219,93,16.0,0.22139,v2rl306,306,1,0.0,92.6148,3.934750666666667,0.0,0.028407447040081024
c10_final_150_0017_bd,c10_final_150_0017,10,150,backdate,424242,0.5,150,124,0.826667,15.0727,75.4219,93,16.0,0.22139,v2rl307,307,1,0.0,92.8648,3.7878939999999997,0.0,0.027548269950784743
c10_final_150_0017_bd,c10_final_150_0017,10,150,backdate,424242,0.5,150,124,0.826667,15.0727,75.4219,93,16.0,0.22139,v2rl308,308,1,0.0,92.6148,3.9197506666666673,0.0,0.027188953012228012
c10_final_150_0017_bd,c10_final_150_0017,10,150,backdate,424242,0.5,150,124,0.826667,15.0727,75.4219,93,16.0,0.22139,v2rl309,309,1,0.0,92.8648,3.9197506666666673,0.0,0.027348531992174685
c10_final_150_0017_bd,c10_final_150_0017,10,150,backdate,424242,0.5,150,124,0.826667,15.0727,75.4219,93,16.0,0.22139,v2rl310,310,1,0.0,92.8648,3.794424666666667,0.0,0.027295069070532918
c10_final_150_0018_bd,c10_final_150_0018,10,150,backdate,424242,0.5,150,20,0.133333,13.5199,39.8792,19,2.0367,0.644983,edd,301,1,0.0,18.2808,4.406842666666666,0.0,0.0005372880259528756
c10_final_150_0018_bd,c10_final_150_0018,10,150,backdate,424242,0.5,150,20,0.133333,13.5199,39.8792,19,2.0367,0.644983,pfifo,301,1,0.0,18.2808,4.406842666666666,0.0,0.0005012369947507977
c10_final_150_0018_bd,c10_final_150_0018,10,150,backdate,424242,0.5,150,20,0.133333,13.5199,39.8792,19,2.0367,0.644983,wspt,301,1,0.0,19.2808,3.371846666666666,0.0,0.0005300830816850066
c10_final_150_0018_bd,c10_final_150_0018,10,150,backdate,424242,0.5,150,20,0.133333,13.5199,39.8792,19,2.0367,0.644983,atc,301,1,0.0,19.2808,3.371846666666666,0.0,0.0008799839997664094
c10_final_150_0018_bd,c10_final_150_0018,10,150,backdate,424242,0.5,150,20,0.133333,13.5199,39.8792,19,2.0367,0.644983,wmdd,301,1,0.0,18.2808,4.406842666666666,0.0,0.0006424760213121772
c10_final_150_0018_bd,c10_final_150_0018,10,150,backdate,424242,0.5,150,20,0.133333,13.5199,39.8792,19,2.0367,0.644983,lpt,301,1,0.0,18.2808,4.621846666666666,0.0,0.00047367007937282324
c10_final_150_0018_bd,c10_final_150_0018,10,150,backdate,424242,0.5,150,20,0.133333,13.5199,39.8792,19,2.0367,0.644983,random,301,1,0.0,18.781100000000002,3.8418486666666665,0.0,0.0003524899948388338
c10_final_150_0018_bd,c10_final_150_0018,10,150,backdate,424242,0.5,150,20,0.133333,13.5199,39.8792,19,2.0367,0.644983,v2rl301,301,1,0.0,18.2808,4.593513333333333,0.0,0.0287047210149467
c10_final_150_0018_bd,c10_final_150_0018,10,150,backdate,424242,0.5,150,20,0.133333,13.5199,39.8792,19,2.0367,0.644983,v2rl302,302,1,0.0,18.2808,4.593513333333334,0.0,0.028024488943628967
c10_final_150_0018_bd,c10_final_150_0018,10,150,backdate,424242,0.5,150,20,0.133333,13.5199,39.8792,19,2.0367,0.644983,v2rl303,303,1,0.0,18.2808,4.593513333333332,0.0,0.028616384021006525
c10_final_150_0018_bd,c10_final_150_0018,10,150,backdate,424242,0.5,150,20,0.133333,13.5199,39.8792,19,2.0367,0.644983,v2rl304,304,1,0.0,18.781100000000002,3.425178,0.0,0.028853188967332244
c10_final_150_0018_bd,c10_final_150_0018,10,150,backdate,424242,0.5,150,20,0.133333,13.5199,39.8792,19,2.0367,0.644983,v2rl305,305,1,0.0,18.2808,4.593513333333333,0.0,0.0289110760204494
c10_final_150_0018_bd,c10_final_150_0018,10,150,backdate,424242,0.5,150,20,0.133333,13.5199,39.8792,19,2.0367,0.644983,v2rl306,306,1,0.0,18.2808,4.593513333333333,0.0,0.029187063919380307
c10_final_150_0018_bd,c10_final_150_0018,10,150,backdate,424242,0.5,150,20,0.133333,13.5199,39.8792,19,2.0367,0.644983,v2rl307,307,1,0.0,18.781100000000002,3.4285113333333332,0.0,0.028437801986001432
c10_final_150_0018_bd,c10_final_150_0018,10,150,backdate,424242,0.5,150,20,0.133333,13.5199,39.8792,19,2.0367,0.644983,v2rl308,308,1,0.0,18.281100000000002,4.465179999999999,0.0,0.02803306095302105
c10_final_150_0018_bd,c10_final_150_0018,10,150,backdate,424242,0.5,150,20,0.133333,13.5199,39.8792,19,2.0367,0.644983,v2rl309,309,1,0.0,18.2808,4.593513333333333,0.0,0.028133729938417673
c10_final_150_0018_bd,c10_final_150_0018,10,150,backdate,424242,0.5,150,20,0.133333,13.5199,39.8792,19,2.0367,0.644983,v2rl310,310,1,0.0,18.031100000000002,3.5485113333333325,0.0,0.02833083493169397
c10_final_150_0019_bd,c10_final_150_0019,10,150,backdate,424242,0.5,150,3,0.02,5.2747,6.6116,3,1.0,0.874416,edd,301,1,0.0,11.0,1.3004,0.0,0.0008338410407304764
c10_final_150_0019_bd,c10_final_150_0019,10,150,backdate,424242,0.5,150,3,0.02,5.2747,6.6116,3,1.0,0.874416,pfifo,301,1,0.0,11.0,1.3004,0.0,0.0007056979229673743
c10_final_150_0019_bd,c10_final_150_0019,10,150,backdate,424242,0.5,150,3,0.02,5.2747,6.6116,3,1.0,0.874416,wspt,301,1,0.0,11.0,1.2346666666666668,0.0,0.0007273739902302623
c10_final_150_0019_bd,c10_final_150_0019,10,150,backdate,424242,0.5,150,3,0.02,5.2747,6.6116,3,1.0,0.874416,atc,301,1,0.0,11.0,1.2357333333333334,0.0,0.0014567680191248655
c10_final_150_0019_bd,c10_final_150_0019,10,150,backdate,424242,0.5,150,3,0.02,5.2747,6.6116,3,1.0,0.874416,wmdd,301,1,0.0,11.0,1.3004,0.0,0.0010054369922727346
c10_final_150_0019_bd,c10_final_150_0019,10,150,backdate,424242,0.5,150,3,0.02,5.2747,6.6116,3,1.0,0.874416,lpt,301,1,0.0,11.0,1.4284,0.0,0.00063502904959023
c10_final_150_0019_bd,c10_final_150_0019,10,150,backdate,424242,0.5,150,3,0.02,5.2747,6.6116,3,1.0,0.874416,random,301,1,0.0,11.0,1.2931333333333332,0.0,0.00034718296956270933
c10_final_150_0019_bd,c10_final_150_0019,10,150,backdate,424242,0.5,150,3,0.02,5.2747,6.6116,3,1.0,0.874416,v2rl301,301,1,0.0,11.0,1.4284,0.0,0.03070393903180957
c10_final_150_0019_bd,c10_final_150_0019,10,150,backdate,424242,0.5,150,3,0.02,5.2747,6.6116,3,1.0,0.874416,v2rl302,302,1,0.0,11.0,1.4284,0.0,0.030151911894790828
c10_final_150_0019_bd,c10_final_150_0019,10,150,backdate,424242,0.5,150,3,0.02,5.2747,6.6116,3,1.0,0.874416,v2rl303,303,1,0.0,11.0,1.4284,0.0,0.03079093701671809
c10_final_150_0019_bd,c10_final_150_0019,10,150,backdate,424242,0.5,150,3,0.02,5.2747,6.6116,3,1.0,0.874416,v2rl304,304,1,0.0,11.0,1.2351999999999999,0.0,0.03066307306289673
c10_final_150_0019_bd,c10_final_150_0019,10,150,backdate,424242,0.5,150,3,0.02,5.2747,6.6116,3,1.0,0.874416,v2rl305,305,1,0.0,11.0,1.4284,0.0,0.031117209000512958
c10_final_150_0019_bd,c10_final_150_0019,10,150,backdate,424242,0.5,150,3,0.02,5.2747,6.6116,3,1.0,0.874416,v2rl306,306,1,0.0,11.0,1.4284,0.0,0.030683755059726536
c10_final_150_0019_bd,c10_final_150_0019,10,150,backdate,424242,0.5,150,3,0.02,5.2747,6.6116,3,1.0,0.874416,v2rl307,307,1,0.0,11.0,1.2351999999999999,0.0,0.029848592006601393
c10_final_150_0019_bd,c10_final_150_0019,10,150,backdate,424242,0.5,150,3,0.02,5.2747,6.6116,3,1.0,0.874416,v2rl308,308,1,0.0,11.0,1.4166666666666667,0.0,0.030210299068130553
c10_final_150_0019_bd,c10_final_150_0019,10,150,backdate,424242,0.5,150,3,0.02,5.2747,6.6116,3,1.0,0.874416,v2rl309,309,1,0.0,11.0,1.4284,0.0,0.030260115046985447
c10_final_150_0019_bd,c10_final_150_0019,10,150,backdate,424242,0.5,150,3,0.02,5.2747,6.6116,3,1.0,0.874416,v2rl310,310,1,0.0,11.0,1.2351999999999999,0.0,0.03006041096523404
c10_final_150_0020_bd,c10_final_150_0020,10,150,backdate,424242,0.5,150,28,0.186667,17.3124,38.8909,28,1.0,1.744252,edd,301,1,307.4592,90.8648,2.0766233333333335,0.013333333333333334,0.000588512048125267
c10_final_150_0020_bd,c10_final_150_0020,10,150,backdate,424242,0.5,150,28,0.186667,17.3124,38.8909,28,1.0,1.744252,pfifo,301,1,307.4592,90.8648,2.0766233333333335,0.013333333333333334,0.00042798102367669344
c10_final_150_0020_bd,c10_final_150_0020,10,150,backdate,424242,0.5,150,28,0.186667,17.3124,38.8909,28,1.0,1.744252,wspt,301,1,307.4592,90.8648,2.0666233333333337,0.013333333333333334,0.00043575093150138855
c10_final_150_0020_bd,c10_final_150_0020,10,150,backdate,424242,0.5,150,28,0.186667,17.3124,38.8909,28,1.0,1.744252,atc,301,1,307.4592,90.8648,2.0666233333333337,0.013333333333333334,0.0006633689627051353
c10_final_150_0020_bd,c10_final_150_0020,10,150,backdate,424242,0.5,150,28,0.186667,17.3124,38.8909,28,1.0,1.744252,wmdd,301,1,307.4592,90.8648,2.0766233333333335,0.013333333333333334,0.0004939750069752336
c10_final_150_0020_bd,c10_final_150_0020,10,150,backdate,424242,0.5,150,28,0.186667,17.3124,38.8909,28,1.0,1.744252,lpt,301,1,307.4592,90.8648,2.096262,0.013333333333333334,0.0004129899898543954
c10_final_150_0020_bd,c10_final_150_0020,10,150,backdate,424242,0.5,150,28,0.186667,17.3124,38.8909,28,1.0,1.744252,random,301,1,307.4592,90.8648,2.076255333333333,0.013333333333333334,0.00032844196539372206
c10_final_150_0020_bd,c10_final_150_0020,10,150,backdate,424242,0.5,150,28,0.186667,17.3124,38.8909,28,1.0,1.744252,v2rl301,301,1,307.4592,90.8648,2.096262,0.013333333333333334,0.02711497899144888
c10_final_150_0020_bd,c10_final_150_0020,10,150,backdate,424242,0.5,150,28,0.186667,17.3124,38.8909,28,1.0,1.744252,v2rl302,302,1,307.4592,90.8648,2.096262,0.013333333333333334,0.02652504702564329
c10_final_150_0020_bd,c10_final_150_0020,10,150,backdate,424242,0.5,150,28,0.186667,17.3124,38.8909,28,1.0,1.744252,v2rl303,303,1,307.4592,90.8648,2.096262,0.013333333333333334,0.027018717024475336
c10_final_150_0020_bd,c10_final_150_0020,10,150,backdate,424242,0.5,150,28,0.186667,17.3124,38.8909,28,1.0,1.744252,v2rl304,304,1,307.4592,90.8648,2.0666233333333333,0.013333333333333334,0.027192528010345995
c10_final_150_0020_bd,c10_final_150_0020,10,150,backdate,424242,0.5,150,28,0.186667,17.3124,38.8909,28,1.0,1.744252,v2rl305,305,1,307.4592,90.8648,2.096262,0.013333333333333334,0.02726888796314597
c10_final_150_0020_bd,c10_final_150_0020,10,150,backdate,424242,0.5,150,28,0.186667,17.3124,38.8909,28,1.0,1.744252,v2rl306,306,1,307.4592,90.8648,2.096262,0.013333333333333334,0.027588636032305658
c10_final_150_0020_bd,c10_final_150_0020,10,150,backdate,424242,0.5,150,28,0.186667,17.3124,38.8909,28,1.0,1.744252,v2rl307,307,1,307.4592,90.8648,2.0666233333333333,0.013333333333333334,0.027031442965380847
c10_final_150_0020_bd,c10_final_150_0020,10,150,backdate,424242,0.5,150,28,0.186667,17.3124,38.8909,28,1.0,1.744252,v2rl308,308,1,307.4592,90.8648,2.096262,0.013333333333333334,0.02651623508427292
c10_final_150_0020_bd,c10_final_150_0020,10,150,backdate,424242,0.5,150,28,0.186667,17.3124,38.8909,28,1.0,1.744252,v2rl309,309,1,307.4592,90.8648,2.096262,0.013333333333333334,0.026587037951685488
c10_final_150_0020_bd,c10_final_150_0020,10,150,backdate,424242,0.5,150,28,0.186667,17.3124,38.8909,28,1.0,1.744252,v2rl310,310,1,307.4592,90.8648,2.0666233333333337,0.013333333333333334,0.026699979905970395
c10_final_150_0021_bd,c10_final_150_0021,10,150,backdate,424242,0.5,150,97,0.646667,13.0359,58.7856,84,6.2275,0.479127,edd,301,1,151.0,59.75,3.224297333333333,0.013333333333333334,0.000506639014929533
c10_final_150_0021_bd,c10_final_150_0021,10,150,backdate,424242,0.5,150,97,0.646667,13.0359,58.7856,84,6.2275,0.479127,pfifo,301,1,151.0,59.75,3.224297333333333,0.013333333333333334,0.00045158504508435726
c10_final_150_0021_bd,c10_final_150_0021,10,150,backdate,424242,0.5,150,97,0.646667,13.0359,58.7856,84,6.2275,0.479127,wspt,301,1,155.0,59.75,3.165804666666667,0.013333333333333334,0.0004529260331764817
c10_final_150_0021_bd,c10_final_150_0021,10,150,backdate,424242,0.5,150,97,0.646667,13.0359,58.7856,84,6.2275,0.479127,atc,301,1,151.0,59.75,3.1908046666666667,0.013333333333333334,0.0006706480635330081
c10_final_150_0021_bd,c10_final_150_0021,10,150,backdate,424242,0.5,150,97,0.646667,13.0359,58.7856,84,6.2275,0.479127,wmdd,301,1,151.0,59.75,3.224297333333333,0.013333333333333334,0.0005253669805824757
c10_final_150_0021_bd,c10_final_150_0021,10,150,backdate,424242,0.5,150,97,0.646667,13.0359,58.7856,84,6.2275,0.479127,lpt,301,1,151.0,59.75,3.3346959999999997,0.013333333333333334,0.00043278199154883623
c10_final_150_0021_bd,c10_final_150_0021,10,150,backdate,424242,0.5,150,97,0.646667,13.0359,58.7856,84,6.2275,0.479127,random,301,1,151.0,59.75,3.199138,0.013333333333333334,0.0003577560419216752
c10_final_150_0021_bd,c10_final_150_0021,10,150,backdate,424242,0.5,150,97,0.646667,13.0359,58.7856,84,6.2275,0.479127,v2rl301,301,1,151.0,59.75,3.2963626666666666,0.013333333333333334,0.027252508094534278
c10_final_150_0021_bd,c10_final_150_0021,10,150,backdate,424242,0.5,150,97,0.646667,13.0359,58.7856,84,6.2275,0.479127,v2rl302,302,1,151.0,59.75,3.294696,0.013333333333333334,0.02723105507902801
c10_final_150_0021_bd,c10_final_150_0021,10,150,backdate,424242,0.5,150,97,0.646667,13.0359,58.7856,84,6.2275,0.479127,v2rl303,303,1,151.0,59.75,3.2946959999999996,0.013333333333333334,0.02699467691127211
c10_final_150_0021_bd,c10_final_150_0021,10,150,backdate,424242,0.5,150,97,0.646667,13.0359,58.7856,84,6.2275,0.479127,v2rl304,304,1,151.0,59.75,3.1926306666666666,0.013333333333333334,0.02740187000017613
c10_final_150_0021_bd,c10_final_150_0021,10,150,backdate,424242,0.5,150,97,0.646667,13.0359,58.7856,84,6.2275,0.479127,v2rl305,305,1,151.0,59.75,3.298029333333334,0.013333333333333334,0.026775625068694353
c10_final_150_0021_bd,c10_final_150_0021,10,150,backdate,424242,0.5,150,97,0.646667,13.0359,58.7856,84,6.2275,0.479127,v2rl306,306,1,151.0,59.75,3.294696,0.013333333333333334,0.02639545500278473
c10_final_150_0021_bd,c10_final_150_0021,10,150,backdate,424242,0.5,150,97,0.646667,13.0359,58.7856,84,6.2275,0.479127,v2rl307,307,1,151.0,59.75,3.2026306666666664,0.013333333333333334,0.02647342998534441
c10_final_150_0021_bd,c10_final_150_0021,10,150,backdate,424242,0.5,150,97,0.646667,13.0359,58.7856,84,6.2275,0.479127,v2rl308,308,1,151.0,59.75,3.274696,0.013333333333333334,0.026651292922906578
c10_final_150_0021_bd,c10_final_150_0021,10,150,backdate,424242,0.5,150,97,0.646667,13.0359,58.7856,84,6.2275,0.479127,v2rl309,309,1,151.0,59.75,3.2946959999999996,0.013333333333333334,0.02653656608890742
c10_final_150_0021_bd,c10_final_150_0021,10,150,backdate,424242,0.5,150,97,0.646667,13.0359,58.7856,84,6.2275,0.479127,v2rl310,310,1,151.0,59.75,3.2092973333333337,0.013333333333333334,0.026462646084837615
c10_final_150_0022_bd,c10_final_150_0022,10,150,backdate,424242,0.5,150,28,0.186667,12.0164,37.7571,21,6.2939,0.298377,edd,301,1,8.0,91.4892,2.170244,0.006666666666666667,0.0007164510898292065
c10_final_150_0022_bd,c10_final_150_0022,10,150,backdate,424242,0.5,150,28,0.186667,12.0164,37.7571,21,6.2939,0.298377,pfifo,301,1,8.0,91.4892,2.170244,0.006666666666666667,0.0005715820007026196
c10_final_150_0022_bd,c10_final_150_0022,10,150,backdate,424242,0.5,150,28,0.186667,12.0164,37.7571,21,6.2939,0.298377,wspt,301,1,8.0,91.4892,2.148554,0.006666666666666667,0.0005930550396442413
c10_final_150_0022_bd,c10_final_150_0022,10,150,backdate,424242,0.5,150,28,0.186667,12.0164,37.7571,21,6.2939,0.298377,atc,301,1,8.0,91.4892,2.170244,0.006666666666666667,0.0010077259503304958
c10_final_150_0022_bd,c10_final_150_0022,10,150,backdate,424242,0.5,150,28,0.186667,12.0164,37.7571,21,6.2939,0.298377,wmdd,301,1,8.0,91.4892,2.170244,0.006666666666666667,0.0007011189591139555
c10_final_150_0022_bd,c10_final_150_0022,10,150,backdate,424242,0.5,150,28,0.186667,12.0164,37.7571,21,6.2939,0.298377,lpt,301,1,8.0,91.4892,2.1794966666666666,0.006666666666666667,0.0005232499679550529
c10_final_150_0022_bd,c10_final_150_0022,10,150,backdate,424242,0.5,150,28,0.186667,12.0164,37.7571,21,6.2939,0.298377,random,301,1,8.0,91.4892,2.1562926666666664,0.006666666666666667,0.0003802439896389842
c10_final_150_0022_bd,c10_final_150_0022,10,150,backdate,424242,0.5,150,28,0.186667,12.0164,37.7571,21,6.2939,0.298377,v2rl301,301,1,8.0,91.4892,2.1794966666666666,0.006666666666666667,0.02876415499486029
c10_final_150_0022_bd,c10_final_150_0022,10,150,backdate,424242,0.5,150,28,0.186667,12.0164,37.7571,21,6.2939,0.298377,v2rl302,302,1,8.0,91.4892,2.1693006666666665,0.006666666666666667,0.02862439793534577
c10_final_150_0022_bd,c10_final_150_0022,10,150,backdate,424242,0.5,150,28,0.186667,12.0164,37.7571,21,6.2939,0.298377,v2rl303,303,1,8.0,91.4892,2.1794966666666666,0.006666666666666667,0.028774259029887617
c10_final_150_0022_bd,c10_final_150_0022,10,150,backdate,424242,0.5,150,28,0.186667,12.0164,37.7571,21,6.2939,0.298377,v2rl304,304,1,8.0,91.4892,2.148554,0.006666666666666667,0.02867031702771783
c10_final_150_0022_bd,c10_final_150_0022,10,150,backdate,424242,0.5,150,28,0.186667,12.0164,37.7571,21,6.2939,0.298377,v2rl305,305,1,8.0,91.4892,2.1794966666666666,0.006666666666666667,0.02791581896599382
c10_final_150_0022_bd,c10_final_150_0022,10,150,backdate,424242,0.5,150,28,0.186667,12.0164,37.7571,21,6.2939,0.298377,v2rl306,306,1,8.0,91.4892,2.1794966666666666,0.006666666666666667,0.02786436292808503
c10_final_150_0022_bd,c10_final_150_0022,10,150,backdate,424242,0.5,150,28,0.186667,12.0164,37.7571,21,6.2939,0.298377,v2rl307,307,1,8.0,91.4892,2.148554,0.006666666666666667,0.027986807050183415
c10_final_150_0022_bd,c10_final_150_0022,10,150,backdate,424242,0.5,150,28,0.186667,12.0164,37.7571,21,6.2939,0.298377,v2rl308,308,1,8.0,91.4892,2.168834,0.006666666666666667,0.0281369190197438
c10_final_150_0022_bd,c10_final_150_0022,10,150,backdate,424242,0.5,150,28,0.186667,12.0164,37.7571,21,6.2939,0.298377,v2rl309,309,1,8.0,91.4892,2.1794966666666666,0.006666666666666667,0.02781417698133737
c10_final_150_0022_bd,c10_final_150_0022,10,150,backdate,424242,0.5,150,28,0.186667,12.0164,37.7571,21,6.2939,0.298377,v2rl310,310,1,8.0,91.4892,2.148554,0.006666666666666667,0.02796527894679457
c10_final_150_0023_bd,c10_final_150_0023,10,150,backdate,424242,0.5,150,30,0.2,13.407,39.8013,30,1.3283,1.101154,edd,301,1,0.0,10.825,1.9673673333333332,0.0,0.0005956909153610468
c10_final_150_0023_bd,c10_final_150_0023,10,150,backdate,424242,0.5,150,30,0.2,13.407,39.8013,30,1.3283,1.101154,pfifo,301,1,0.0,10.825,1.9673673333333332,0.0,0.0005412689642980695
c10_final_150_0023_bd,c10_final_150_0023,10,150,backdate,424242,0.5,150,30,0.2,13.407,39.8013,30,1.3283,1.101154,wspt,301,1,0.0,10.8247,1.962839333333333,0.0,0.0005642939358949661
c10_final_150_0023_bd,c10_final_150_0023,10,150,backdate,424242,0.5,150,30,0.2,13.407,39.8013,30,1.3283,1.101154,atc,301,1,0.0,10.8247,1.962839333333333,0.0,0.0009538891026750207
c10_final_150_0023_bd,c10_final_150_0023,10,150,backdate,424242,0.5,150,30,0.2,13.407,39.8013,30,1.3283,1.101154,wmdd,301,1,0.0,10.825,1.9673673333333332,0.0,0.0006851600483059883
c10_final_150_0023_bd,c10_final_150_0023,10,150,backdate,424242,0.5,150,30,0.2,13.407,39.8013,30,1.3283,1.101154,lpt,301,1,0.0,10.0,2.141261333333333,0.0,0.000524114933796227
c10_final_150_0023_bd,c10_final_150_0023,10,150,backdate,424242,0.5,150,30,0.2,13.407,39.8013,30,1.3283,1.101154,random,301,1,0.0,10.0,2.011839333333333,0.0,0.0003787080058827996
c10_final_150_0023_bd,c10_final_150_0023,10,150,backdate,424242,0.5,150,30,0.2,13.407,39.8013,30,1.3283,1.101154,v2rl301,301,1,0.0,10.0,2.1412613333333335,0.0,0.029345695045776665
c10_final_150_0023_bd,c10_final_150_0023,10,150,backdate,424242,0.5,150,30,0.2,13.407,39.8013,30,1.3283,1.101154,v2rl302,302,1,0.0,10.0,2.1412613333333335,0.0,0.029488692991435528
c10_final_150_0023_bd,c10_final_150_0023,10,150,backdate,424242,0.5,150,30,0.2,13.407,39.8013,30,1.3283,1.101154,v2rl303,303,1,0.0,10.0,2.141261333333333,0.0,0.029141261940822005
c10_final_150_0023_bd,c10_final_150_0023,10,150,backdate,424242,0.5,150,30,0.2,13.407,39.8013,30,1.3283,1.101154,v2rl304,304,1,0.0,10.0,1.964508,0.0,0.028502675937488675
c10_final_150_0023_bd,c10_final_150_0023,10,150,backdate,424242,0.5,150,30,0.2,13.407,39.8013,30,1.3283,1.101154,v2rl305,305,1,0.0,10.0,2.141261333333333,0.0,0.028370836982503533
c10_final_150_0023_bd,c10_final_150_0023,10,150,backdate,424242,0.5,150,30,0.2,13.407,39.8013,30,1.3283,1.101154,v2rl306,306,1,0.0,10.0,2.1412613333333335,0.0,0.028552062925882638
c10_final_150_0023_bd,c10_final_150_0023,10,150,backdate,424242,0.5,150,30,0.2,13.407,39.8013,30,1.3283,1.101154,v2rl307,307,1,0.0,10.8233,1.962839333333333,0.0,0.02842043398413807
c10_final_150_0023_bd,c10_final_150_0023,10,150,backdate,424242,0.5,150,30,0.2,13.407,39.8013,30,1.3283,1.101154,v2rl308,308,1,0.0,10.0,2.1412613333333335,0.0,0.028421280905604362
c10_final_150_0023_bd,c10_final_150_0023,10,150,backdate,424242,0.5,150,30,0.2,13.407,39.8013,30,1.3283,1.101154,v2rl309,309,1,0.0,10.0,2.1412613333333335,0.0,0.02810975699685514
c10_final_150_0023_bd,c10_final_150_0023,10,150,backdate,424242,0.5,150,30,0.2,13.407,39.8013,30,1.3283,1.101154,v2rl310,310,1,0.0,10.0,2.0103,0.0,0.02847860602196306
c10_final_150_0024_bd,c10_final_150_0024,10,150,backdate,424242,0.5,150,9,0.06,16.6469,33.5158,9,1.0,0.905844,edd,301,1,0.0,11.5,1.5216666666666667,0.0,0.001040467992424965
c10_final_150_0024_bd,c10_final_150_0024,10,150,backdate,424242,0.5,150,9,0.06,16.6469,33.5158,9,1.0,0.905844,pfifo,301,1,0.0,11.5,1.5216666666666667,0.0,0.0009108590893447399
c10_final_150_0024_bd,c10_final_150_0024,10,150,backdate,424242,0.5,150,9,0.06,16.6469,33.5158,9,1.0,0.905844,wspt,301,1,0.0,11.75,1.3216666666666668,0.0,0.0009438929846510291
c10_final_150_0024_bd,c10_final_150_0024,10,150,backdate,424242,0.5,150,9,0.06,16.6469,33.5158,9,1.0,0.905844,atc,301,1,0.0,11.5,1.3216666666666668,0.0,0.002014289959333837
c10_final_150_0024_bd,c10_final_150_0024,10,150,backdate,424242,0.5,150,9,0.06,16.6469,33.5158,9,1.0,0.905844,wmdd,301,1,0.0,11.5,1.5216666666666667,0.0,0.001385051989927888
c10_final_150_0024_bd,c10_final_150_0024,10,150,backdate,424242,0.5,150,9,0.06,16.6469,33.5158,9,1.0,0.905844,lpt,301,1,0.0,11.5,1.6383333333333334,0.0,0.0008300610352307558
c10_final_150_0024_bd,c10_final_150_0024,10,150,backdate,424242,0.5,150,9,0.06,16.6469,33.5158,9,1.0,0.905844,random,301,1,0.0,11.5,1.43,0.0,0.00037519691977649927
c10_final_150_0024_bd,c10_final_150_0024,10,150,backdate,424242,0.5,150,9,0.06,16.6469,33.5158,9,1.0,0.905844,v2rl301,301,1,0.0,11.5,1.6383333333333334,0.0,0.03299441293347627
c10_final_150_0024_bd,c10_final_150_0024,10,150,backdate,424242,0.5,150,9,0.06,16.6469,33.5158,9,1.0,0.905844,v2rl302,302,1,0.0,11.5,1.6383333333333334,0.0,0.03311538300476968
c10_final_150_0024_bd,c10_final_150_0024,10,150,backdate,424242,0.5,150,9,0.06,16.6469,33.5158,9,1.0,0.905844,v2rl303,303,1,0.0,11.5,1.6383333333333334,0.0,0.03218061593361199
c10_final_150_0024_bd,c10_final_150_0024,10,150,backdate,424242,0.5,150,9,0.06,16.6469,33.5158,9,1.0,0.905844,v2rl304,304,1,0.0,11.5,1.325,0.0,0.031860760995186865
c10_final_150_0024_bd,c10_final_150_0024,10,150,backdate,424242,0.5,150,9,0.06,16.6469,33.5158,9,1.0,0.905844,v2rl305,305,1,0.0,11.5,1.6383333333333334,0.0,0.03195389092434198
c10_final_150_0024_bd,c10_final_150_0024,10,150,backdate,424242,0.5,150,9,0.06,16.6469,33.5158,9,1.0,0.905844,v2rl306,306,1,0.0,11.5,1.6383333333333334,0.0,0.03198476298712194
c10_final_150_0024_bd,c10_final_150_0024,10,150,backdate,424242,0.5,150,9,0.06,16.6469,33.5158,9,1.0,0.905844,v2rl307,307,1,0.0,11.5,1.325,0.0,0.03183569002430886
c10_final_150_0024_bd,c10_final_150_0024,10,150,backdate,424242,0.5,150,9,0.06,16.6469,33.5158,9,1.0,0.905844,v2rl308,308,1,0.0,11.5,1.6383333333333334,0.0,0.032022455940023065
c10_final_150_0024_bd,c10_final_150_0024,10,150,backdate,424242,0.5,150,9,0.06,16.6469,33.5158,9,1.0,0.905844,v2rl309,309,1,0.0,11.5,1.6383333333333334,0.0,0.032003551023080945
c10_final_150_0024_bd,c10_final_150_0024,10,150,backdate,424242,0.5,150,9,0.06,16.6469,33.5158,9,1.0,0.905844,v2rl310,310,1,0.0,11.5,1.34,0.0,0.032380494056269526
c10_final_150_0025_bd,c10_final_150_0025,10,150,backdate,424242,0.5,150,51,0.34,9.6692,39.1942,42,8.0,1.166448,edd,301,1,0.0,96.069,9.594952666666668,0.0,0.0005119380075484514
c10_final_150_0025_bd,c10_final_150_0025,10,150,backdate,424242,0.5,150,51,0.34,9.6692,39.1942,42,8.0,1.166448,pfifo,301,1,0.0,96.069,9.594952666666668,0.0,0.0004589449381455779
c10_final_150_0025_bd,c10_final_150_0025,10,150,backdate,424242,0.5,150,51,0.34,9.6692,39.1942,42,8.0,1.166448,wspt,301,1,0.0,96.069,9.594952666666668,0.0,0.0004399220924824476
c10_final_150_0025_bd,c10_final_150_0025,10,150,backdate,424242,0.5,150,51,0.34,9.6692,39.1942,42,8.0,1.166448,atc,301,1,0.0,96.069,9.594952666666668,0.0,0.000623813015408814
c10_final_150_0025_bd,c10_final_150_0025,10,150,backdate,424242,0.5,150,51,0.34,9.6692,39.1942,42,8.0,1.166448,wmdd,301,1,0.0,96.069,9.594952666666668,0.0,0.0004875680897384882
c10_final_150_0025_bd,c10_final_150_0025,10,150,backdate,424242,0.5,150,51,0.34,9.6692,39.1942,42,8.0,1.166448,lpt,301,1,0.0,96.069,9.598486000000001,0.0,0.000413557980209589
c10_final_150_0025_bd,c10_final_150_0025,10,150,backdate,424242,0.5,150,51,0.34,9.6692,39.1942,42,8.0,1.166448,random,301,1,0.0,96.069,9.594952666666668,0.0,0.000365133979357779
c10_final_150_0025_bd,c10_final_150_0025,10,150,backdate,424242,0.5,150,51,0.34,9.6692,39.1942,42,8.0,1.166448,v2rl301,301,1,0.0,96.069,9.595152666666667,0.0,0.026307879015803337
c10_final_150_0025_bd,c10_final_150_0025,10,150,backdate,424242,0.5,150,51,0.34,9.6692,39.1942,42,8.0,1.166448,v2rl302,302,1,0.0,96.069,9.595152666666667,0.0,0.026245782966725528
c10_final_150_0025_bd,c10_final_150_0025,10,150,backdate,424242,0.5,150,51,0.34,9.6692,39.1942,42,8.0,1.166448,v2rl303,303,1,0.0,96.069,9.595152666666667,0.0,0.02598920010495931
c10_final_150_0025_bd,c10_final_150_0025,10,150,backdate,424242,0.5,150,51,0.34,9.6692,39.1942,42,8.0,1.166448,v2rl304,304,1,0.0,96.069,9.594952666666668,0.0,0.02592107595410198
c10_final_150_0025_bd,c10_final_150_0025,10,150,backdate,424242,0.5,150,51,0.34,9.6692,39.1942,42,8.0,1.166448,v2rl305,305,1,0.0,96.069,9.595152666666667,0.0,0.026068449951708317
c10_final_150_0025_bd,c10_final_150_0025,10,150,backdate,424242,0.5,150,51,0.34,9.6692,39.1942,42,8.0,1.166448,v2rl306,306,1,0.0,96.069,9.595152666666667,0.0,0.02620634902268648
c10_final_150_0025_bd,c10_final_150_0025,10,150,backdate,424242,0.5,150,51,0.34,9.6692,39.1942,42,8.0,1.166448,v2rl307,307,1,0.0,96.069,9.594952666666668,0.0,0.026419612928293645
c10_final_150_0025_bd,c10_final_150_0025,10,150,backdate,424242,0.5,150,51,0.34,9.6692,39.1942,42,8.0,1.166448,v2rl308,308,1,0.0,96.069,9.595152666666667,0.0,0.026837066980078816
c10_final_150_0025_bd,c10_final_150_0025,10,150,backdate,424242,0.5,150,51,0.34,9.6692,39.1942,42,8.0,1.166448,v2rl309,309,1,0.0,96.069,9.595152666666667,0.0,0.026687336969189346
c10_final_150_0025_bd,c10_final_150_0025,10,150,backdate,424242,0.5,150,51,0.34,9.6692,39.1942,42,8.0,1.166448,v2rl310,310,1,0.0,96.069,9.594952666666668,0.0,0.026732602040283382
c10_final_150_0026_bd,c10_final_150_0026,10,150,backdate,424242,0.5,150,98,0.653333,13.5596,39.6138,81,8.0,0.800475,edd,301,1,103.99999999999999,98.6087,6.811199333333333,0.006666666666666667,0.0005098099354654551
c10_final_150_0026_bd,c10_final_150_0026,10,150,backdate,424242,0.5,150,98,0.653333,13.5596,39.6138,81,8.0,0.800475,pfifo,301,1,103.99999999999999,98.6087,6.811199333333333,0.006666666666666667,0.00044833600986748934
c10_final_150_0026_bd,c10_final_150_0026,10,150,backdate,424242,0.5,150,98,0.653333,13.5596,39.6138,81,8.0,0.800475,wspt,301,1,103.99999999999999,98.6087,6.6626373333333335,0.006666666666666667,0.00044055806938558817
c10_final_150_0026_bd,c10_final_150_0026,10,150,backdate,424242,0.5,150,98,0.653333,13.5596,39.6138,81,8.0,0.800475,atc,301,1,103.99999999999999,98.6087,6.733590666666665,0.006666666666666667,0.0006378439720720053
c10_final_150_0026_bd,c10_final_150_0026,10,150,backdate,424242,0.5,150,98,0.653333,13.5596,39.6138,81,8.0,0.800475,wmdd,301,1,103.99999999999999,98.6087,6.811199333333333,0.006666666666666667,0.000498797046020627
c10_final_150_0026_bd,c10_final_150_0026,10,150,backdate,424242,0.5,150,98,0.653333,13.5596,39.6138,81,8.0,0.800475,lpt,301,1,103.99999999999999,98.6087,6.917460666666666,0.006666666666666667,0.0004283459857106209
c10_final_150_0026_bd,c10_final_150_0026,10,150,backdate,424242,0.5,150,98,0.653333,13.5596,39.6138,81,8.0,0.800475,random,301,1,103.99999999999999,98.6087,6.736924000000001,0.006666666666666667,0.00036663294304162264
c10_final_150_0026_bd,c10_final_150_0026,10,150,backdate,424242,0.5,150,98,0.653333,13.5596,39.6138,81,8.0,0.800475,v2rl301,301,1,103.99999999999999,98.6087,6.886199333333332,0.006666666666666667,0.026861746911890805
c10_final_150_0026_bd,c10_final_150_0026,10,150,backdate,424242,0.5,150,98,0.653333,13.5596,39.6138,81,8.0,0.800475,v2rl302,302,1,103.99999999999999,98.6087,6.874532666666666,0.006666666666666667,0.026631626999005675
c10_final_150_0026_bd,c10_final_150_0026,10,150,backdate,424242,0.5,150,98,0.653333,13.5596,39.6138,81,8.0,0.800475,v2rl303,303,1,103.99999999999999,98.6087,6.874532666666666,0.006666666666666667,0.026446804055012763
c10_final_150_0026_bd,c10_final_150_0026,10,150,backdate,424242,0.5,150,98,0.653333,13.5596,39.6138,81,8.0,0.800475,v2rl304,304,1,103.99999999999999,98.6087,6.736923999999999,0.006666666666666667,0.02648729004431516
c10_final_150_0026_bd,c10_final_150_0026,10,150,backdate,424242,0.5,150,98,0.653333,13.5596,39.6138,81,8.0,0.800475,v2rl305,305,1,103.99999999999999,98.6087,6.874532666666666,0.006666666666666667,0.02677219605538994
c10_final_150_0026_bd,c10_final_150_0026,10,150,backdate,424242,0.5,150,98,0.653333,13.5596,39.6138,81,8.0,0.800475,v2rl306,306,1,103.99999999999999,98.6087,6.874532666666666,0.006666666666666667,0.02747367089614272
c10_final_150_0026_bd,c10_final_150_0026,10,150,backdate,424242,0.5,150,98,0.653333,13.5596,39.6138,81,8.0,0.800475,v2rl307,307,1,103.99999999999999,98.6087,6.733449333333333,0.006666666666666667,0.027248000958934426
c10_final_150_0026_bd,c10_final_150_0026,10,150,backdate,424242,0.5,150,98,0.653333,13.5596,39.6138,81,8.0,0.800475,v2rl308,308,1,103.99999999999999,98.6087,6.866199333333332,0.006666666666666667,0.02730541699565947
c10_final_150_0026_bd,c10_final_150_0026,10,150,backdate,424242,0.5,150,98,0.653333,13.5596,39.6138,81,8.0,0.800475,v2rl309,309,1,103.99999999999999,98.6087,6.846199333333334,0.006666666666666667,0.02818115404807031
c10_final_150_0026_bd,c10_final_150_0026,10,150,backdate,424242,0.5,150,98,0.653333,13.5596,39.6138,81,8.0,0.800475,v2rl310,310,1,103.99999999999999,98.6087,6.750257333333332,0.006666666666666667,0.026826411951333284
c10_final_150_0027_bd,c10_final_150_0027,10,150,backdate,424242,0.5,150,0,0.0,0.0,0.0,0,1.0,1.035714,edd,301,1,0.0,11.0,1.3983333333333334,0.0,0.0008591769728809595
c10_final_150_0027_bd,c10_final_150_0027,10,150,backdate,424242,0.5,150,0,0.0,0.0,0.0,0,1.0,1.035714,pfifo,301,1,0.0,11.0,1.3983333333333334,0.0,0.0008719899924471974
c10_final_150_0027_bd,c10_final_150_0027,10,150,backdate,424242,0.5,150,0,0.0,0.0,0.0,0,1.0,1.035714,wspt,301,1,0.0,11.5,1.3916666666666666,0.0,0.0009314239723607898
c10_final_150_0027_bd,c10_final_150_0027,10,150,backdate,424242,0.5,150,0,0.0,0.0,0.0,0,1.0,1.035714,atc,301,1,0.0,10.0,1.4016666666666666,0.0,0.001979467924684286
c10_final_150_0027_bd,c10_final_150_0027,10,150,backdate,424242,0.5,150,0,0.0,0.0,0.0,0,1.0,1.035714,wmdd,301,1,0.0,11.0,1.3983333333333334,0.0,0.0013339309953153133
c10_final_150_0027_bd,c10_final_150_0027,10,150,backdate,424242,0.5,150,0,0.0,0.0,0.0,0,1.0,1.035714,lpt,301,1,0.0,10.0,1.7666666666666666,0.0,0.0007660789415240288
c10_final_150_0027_bd,c10_final_150_0027,10,150,backdate,424242,0.5,150,0,0.0,0.0,0.0,0,1.0,1.035714,random,301,1,0.0,10.0,1.5,0.0,0.00036167690996080637
c10_final_150_0027_bd,c10_final_150_0027,10,150,backdate,424242,0.5,150,0,0.0,0.0,0.0,0,1.0,1.035714,v2rl301,301,1,0.0,10.0,1.7666666666666666,0.0,0.03175000404007733
c10_final_150_0027_bd,c10_final_150_0027,10,150,backdate,424242,0.5,150,0,0.0,0.0,0.0,0,1.0,1.035714,v2rl302,302,1,0.0,10.0,1.7666666666666666,0.0,0.031696303049102426
c10_final_150_0027_bd,c10_final_150_0027,10,150,backdate,424242,0.5,150,0,0.0,0.0,0.0,0,1.0,1.035714,v2rl303,303,1,0.0,10.0,1.7666666666666666,0.0,0.031482642982155085
c10_final_150_0027_bd,c10_final_150_0027,10,150,backdate,424242,0.5,150,0,0.0,0.0,0.0,0,1.0,1.035714,v2rl304,304,1,0.0,10.5,1.3916666666666666,0.0,0.03164916799869388
c10_final_150_0027_bd,c10_final_150_0027,10,150,backdate,424242,0.5,150,0,0.0,0.0,0.0,0,1.0,1.035714,v2rl305,305,1,0.0,10.0,1.7666666666666666,0.0,0.03245091391727328
c10_final_150_0027_bd,c10_final_150_0027,10,150,backdate,424242,0.5,150,0,0.0,0.0,0.0,0,1.0,1.035714,v2rl306,306,1,0.0,10.0,1.7666666666666666,0.0,0.0323616178939119
c10_final_150_0027_bd,c10_final_150_0027,10,150,backdate,424242,0.5,150,0,0.0,0.0,0.0,0,1.0,1.035714,v2rl307,307,1,0.0,11.0,1.3916666666666666,0.0,0.032610439928248525
c10_final_150_0027_bd,c10_final_150_0027,10,150,backdate,424242,0.5,150,0,0.0,0.0,0.0,0,1.0,1.035714,v2rl308,308,1,0.0,10.0,1.7666666666666666,0.0,0.032957529998384416
c10_final_150_0027_bd,c10_final_150_0027,10,150,backdate,424242,0.5,150,0,0.0,0.0,0.0,0,1.0,1.035714,v2rl309,309,1,0.0,10.0,1.7666666666666666,0.0,0.03166134294588119
c10_final_150_0027_bd,c10_final_150_0027,10,150,backdate,424242,0.5,150,0,0.0,0.0,0.0,0,1.0,1.035714,v2rl310,310,1,0.0,10.0,1.4383333333333332,0.0,0.03166722599416971
c10_final_150_0028_bd,c10_final_150_0028,10,150,backdate,424242,0.5,150,13,0.086667,15.4647,39.1748,13,1.0,2.445779,edd,301,1,0.0,17.5106,4.906592666666667,0.0,0.0007023629732429981
c10_final_150_0028_bd,c10_final_150_0028,10,150,backdate,424242,0.5,150,13,0.086667,15.4647,39.1748,13,1.0,2.445779,pfifo,301,1,0.0,17.5106,4.906592666666667,0.0,0.0005102049326524138
c10_final_150_0028_bd,c10_final_150_0028,10,150,backdate,424242,0.5,150,13,0.086667,15.4647,39.1748,13,1.0,2.445779,wspt,301,1,0.0,17.5106,3.8769519999999997,0.0,0.0005304700462147593
c10_final_150_0028_bd,c10_final_150_0028,10,150,backdate,424242,0.5,150,13,0.086667,15.4647,39.1748,13,1.0,2.445779,atc,301,1,0.0,17.5106,3.8769519999999997,0.0,0.0008571910439059138
c10_final_150_0028_bd,c10_final_150_0028,10,150,backdate,424242,0.5,150,13,0.086667,15.4647,39.1748,13,1.0,2.445779,wmdd,301,1,0.0,17.5106,4.906592666666667,0.0,0.0006171639543026686
c10_final_150_0028_bd,c10_final_150_0028,10,150,backdate,424242,0.5,150,13,0.086667,15.4647,39.1748,13,1.0,2.445779,lpt,301,1,0.0,17.5106,5.054554666666666,0.0,0.00047426100354641676
c10_final_150_0028_bd,c10_final_150_0028,10,150,backdate,424242,0.5,150,13,0.086667,15.4647,39.1748,13,1.0,2.445779,random,301,1,0.0,17.5106,4.34226,0.0,0.00036428298335522413
c10_final_150_0028_bd,c10_final_150_0028,10,150,backdate,424242,0.5,150,13,0.086667,15.4647,39.1748,13,1.0,2.445779,v2rl301,301,1,0.0,17.5106,5.054554666666666,0.0,0.028614477952942252
c10_final_150_0028_bd,c10_final_150_0028,10,150,backdate,424242,0.5,150,13,0.086667,15.4647,39.1748,13,1.0,2.445779,v2rl302,302,1,0.0,17.5106,5.054554666666666,0.0,0.028231036965735257
c10_final_150_0028_bd,c10_final_150_0028,10,150,backdate,424242,0.5,150,13,0.086667,15.4647,39.1748,13,1.0,2.445779,v2rl303,303,1,0.0,17.5106,5.041221333333333,0.0,0.02833228895906359
c10_final_150_0028_bd,c10_final_150_0028,10,150,backdate,424242,0.5,150,13,0.086667,15.4647,39.1748,13,1.0,2.445779,v2rl304,304,1,0.0,17.5106,3.9826200000000003,0.0,0.02846060402225703
c10_final_150_0028_bd,c10_final_150_0028,10,150,backdate,424242,0.5,150,13,0.086667,15.4647,39.1748,13,1.0,2.445779,v2rl305,305,1,0.0,17.5106,5.054554666666666,0.0,0.02889088890515268
c10_final_150_0028_bd,c10_final_150_0028,10,150,backdate,424242,0.5,150,13,0.086667,15.4647,39.1748,13,1.0,2.445779,v2rl306,306,1,0.0,17.5106,5.054554666666666,0.0,0.029174401075579226
c10_final_150_0028_bd,c10_final_150_0028,10,150,backdate,424242,0.5,150,13,0.086667,15.4647,39.1748,13,1.0,2.445779,v2rl307,307,1,0.0,17.5106,3.9826186666666663,0.0,0.029088797979056835
c10_final_150_0028_bd,c10_final_150_0028,10,150,backdate,424242,0.5,150,13,0.086667,15.4647,39.1748,13,1.0,2.445779,v2rl308,308,1,0.0,17.5106,5.009550666666667,0.0,0.029707876034080982
c10_final_150_0028_bd,c10_final_150_0028,10,150,backdate,424242,0.5,150,13,0.086667,15.4647,39.1748,13,1.0,2.445779,v2rl309,309,1,0.0,17.5106,5.054554666666666,0.0,0.029160594916902483
c10_final_150_0028_bd,c10_final_150_0028,10,150,backdate,424242,0.5,150,13,0.086667,15.4647,39.1748,13,1.0,2.445779,v2rl310,310,1,0.0,17.5106,3.979287333333333,0.0,0.02840493095573038
c10_final_150_0029_bd,c10_final_150_0029,10,150,backdate,424242,0.5,150,39,0.26,13.1716,61.7029,37,3.235,1.191502,edd,301,1,0.0,92.4481,4.022786666666667,0.0,0.000701682991348207
c10_final_150_0029_bd,c10_final_150_0029,10,150,backdate,424242,0.5,150,39,0.26,13.1716,61.7029,37,3.235,1.191502,pfifo,301,1,0.0,92.4481,4.022786666666667,0.0,0.0004970359150320292
c10_final_150_0029_bd,c10_final_150_0029,10,150,backdate,424242,0.5,150,39,0.26,13.1716,61.7029,37,3.235,1.191502,wspt,301,1,0.0,92.4481,4.012786666666666,0.0,0.0004973280010744929
c10_final_150_0029_bd,c10_final_150_0029,10,150,backdate,424242,0.5,150,39,0.26,13.1716,61.7029,37,3.235,1.191502,atc,301,1,0.0,92.4481,4.012786666666666,0.0,0.0008041079854592681
c10_final_150_0029_bd,c10_final_150_0029,10,150,backdate,424242,0.5,150,39,0.26,13.1716,61.7029,37,3.235,1.191502,wmdd,301,1,0.0,92.4481,4.022786666666667,0.0,0.0006032929522916675
c10_final_150_0029_bd,c10_final_150_0029,10,150,backdate,424242,0.5,150,39,0.26,13.1716,61.7029,37,3.235,1.191502,lpt,301,1,0.0,92.4481,4.03612,0.0,0.00045759801287204027
c10_final_150_0029_bd,c10_final_150_0029,10,150,backdate,424242,0.5,150,39,0.26,13.1716,61.7029,37,3.235,1.191502,random,301,1,0.0,92.4481,4.016119999999999,0.0,0.0003475809935480356
c10_final_150_0029_bd,c10_final_150_0029,10,150,backdate,424242,0.5,150,39,0.26,13.1716,61.7029,37,3.235,1.191502,v2rl301,301,1,0.0,92.4481,4.03612,0.0,0.027637484949082136
c10_final_150_0029_bd,c10_final_150_0029,10,150,backdate,424242,0.5,150,39,0.26,13.1716,61.7029,37,3.235,1.191502,v2rl302,302,1,0.0,92.4481,4.03612,0.0,0.027236261987127364
c10_final_150_0029_bd,c10_final_150_0029,10,150,backdate,424242,0.5,150,39,0.26,13.1716,61.7029,37,3.235,1.191502,v2rl303,303,1,0.0,92.4481,4.03612,0.0,0.027243337011896074
c10_final_150_0029_bd,c10_final_150_0029,10,150,backdate,424242,0.5,150,39,0.26,13.1716,61.7029,37,3.235,1.191502,v2rl304,304,1,0.0,92.4481,4.012786666666667,0.0,0.02738541306462139
c10_final_150_0029_bd,c10_final_150_0029,10,150,backdate,424242,0.5,150,39,0.26,13.1716,61.7029,37,3.235,1.191502,v2rl305,305,1,0.0,92.4481,4.03612,0.0,0.027915675891563296
c10_final_150_0029_bd,c10_final_150_0029,10,150,backdate,424242,0.5,150,39,0.26,13.1716,61.7029,37,3.235,1.191502,v2rl306,306,1,0.0,92.4481,4.03612,0.0,0.02822007902432233
c10_final_150_0029_bd,c10_final_150_0029,10,150,backdate,424242,0.5,150,39,0.26,13.1716,61.7029,37,3.235,1.191502,v2rl307,307,1,0.0,92.4481,4.012786666666667,0.0,0.028089703992009163
c10_final_150_0029_bd,c10_final_150_0029,10,150,backdate,424242,0.5,150,39,0.26,13.1716,61.7029,37,3.235,1.191502,v2rl308,308,1,0.0,92.4481,4.03612,0.0,0.028603932005353272
c10_final_150_0029_bd,c10_final_150_0029,10,150,backdate,424242,0.5,150,39,0.26,13.1716,61.7029,37,3.235,1.191502,v2rl309,309,1,0.0,92.4481,4.03612,0.0,0.028165704919956625
c10_final_150_0029_bd,c10_final_150_0029,10,150,backdate,424242,0.5,150,39,0.26,13.1716,61.7029,37,3.235,1.191502,v2rl310,310,1,0.0,92.4481,4.012786666666667,0.0,0.02739591500721872
c10_final_400_0000_bd,c10_final_400_0000,10,400,backdate,424242,0.5,400,22,0.055,9.5771,35.9237,22,1.0,2.911558,edd,301,1,446.0,50.0,2.04958375,0.005,0.0023959389654919505
c10_final_400_0000_bd,c10_final_400_0000,10,400,backdate,424242,0.5,400,22,0.055,9.5771,35.9237,22,1.0,2.911558,pfifo,301,1,446.0,50.0,2.04958375,0.005,0.002553213038481772
c10_final_400_0000_bd,c10_final_400_0000,10,400,backdate,424242,0.5,400,22,0.055,9.5771,35.9237,22,1.0,2.911558,wspt,301,1,452.64,51.09,1.8747832500000001,0.005,0.003025270998477936
c10_final_400_0000_bd,c10_final_400_0000,10,400,backdate,424242,0.5,400,22,0.055,9.5771,35.9237,22,1.0,2.911558,atc,301,1,446.0,50.0,1.9698852500000001,0.005,0.006949641974642873
c10_final_400_0000_bd,c10_final_400_0000,10,400,backdate,424242,0.5,400,22,0.055,9.5771,35.9237,22,1.0,2.911558,wmdd,301,1,446.0,50.0,2.04958375,0.005,0.0042886880692094564
c10_final_400_0000_bd,c10_final_400_0000,10,400,backdate,424242,0.5,400,22,0.055,9.5771,35.9237,22,1.0,2.911558,lpt,301,1,446.0,50.0,2.24201125,0.005,0.0025992579758167267
c10_final_400_0000_bd,c10_final_400_0000,10,400,backdate,424242,0.5,400,22,0.055,9.5771,35.9237,22,1.0,2.911558,random,301,1,446.0,50.0,2.02669825,0.005,0.0010120520601049066
c10_final_400_0000_bd,c10_final_400_0000,10,400,backdate,424242,0.5,400,22,0.055,9.5771,35.9237,22,1.0,2.911558,v2rl301,301,1,446.0,50.0,2.23379525,0.005,0.09494951809756458
c10_final_400_0000_bd,c10_final_400_0000,10,400,backdate,424242,0.5,400,22,0.055,9.5771,35.9237,22,1.0,2.911558,v2rl302,302,1,446.0,50.0,2.1376765,0.005,0.09829520003404468
c10_final_400_0000_bd,c10_final_400_0000,10,400,backdate,424242,0.5,400,22,0.055,9.5771,35.9237,22,1.0,2.911558,v2rl303,303,1,446.0,50.0,2.1376765,0.005,0.09583421109709889
c10_final_400_0000_bd,c10_final_400_0000,10,400,backdate,424242,0.5,400,22,0.055,9.5771,35.9237,22,1.0,2.911558,v2rl304,304,1,446.0,50.0,1.9318412500000002,0.005,0.09509677300229669
c10_final_400_0000_bd,c10_final_400_0000,10,400,backdate,424242,0.5,400,22,0.055,9.5771,35.9237,22,1.0,2.911558,v2rl305,305,1,446.0,50.0,2.24201125,0.005,0.09631329297553748
c10_final_400_0000_bd,c10_final_400_0000,10,400,backdate,424242,0.5,400,22,0.055,9.5771,35.9237,22,1.0,2.911558,v2rl306,306,1,446.0,50.0,2.24201125,0.005,0.09757468209136277
c10_final_400_0000_bd,c10_final_400_0000,10,400,backdate,424242,0.5,400,22,0.055,9.5771,35.9237,22,1.0,2.911558,v2rl307,307,1,446.0,50.0,1.9253505000000002,0.005,0.09469964494928718
c10_final_400_0000_bd,c10_final_400_0000,10,400,backdate,424242,0.5,400,22,0.055,9.5771,35.9237,22,1.0,2.911558,v2rl308,308,1,446.0,50.0,2.1091195,0.005,0.09574074402917176
c10_final_400_0000_bd,c10_final_400_0000,10,400,backdate,424242,0.5,400,22,0.055,9.5771,35.9237,22,1.0,2.911558,v2rl309,309,1,446.0,50.0,2.24201125,0.005,0.09625506296288222
c10_final_400_0000_bd,c10_final_400_0000,10,400,backdate,424242,0.5,400,22,0.055,9.5771,35.9237,22,1.0,2.911558,v2rl310,310,1,446.0,50.0,1.9360515000000005,0.005,0.09771470702253282
c10_final_400_0001_bd,c10_final_400_0001,10,400,backdate,424242,0.5,400,154,0.385,15.1387,71.1239,110,13.4756,0.465182,edd,301,1,0.0,103.5554,3.1244557499999996,0.0,0.0017227580538019538
c10_final_400_0001_bd,c10_final_400_0001,10,400,backdate,424242,0.5,400,154,0.385,15.1387,71.1239,110,13.4756,0.465182,pfifo,301,1,0.0,103.5554,3.1244557499999996,0.0,0.0017915359931066632
c10_final_400_0001_bd,c10_final_400_0001,10,400,backdate,424242,0.5,400,154,0.385,15.1387,71.1239,110,13.4756,0.465182,wspt,301,1,0.0,103.5554,2.9930352499999997,0.0,0.0018070020014420152
c10_final_400_0001_bd,c10_final_400_0001,10,400,backdate,424242,0.5,400,154,0.385,15.1387,71.1239,110,13.4756,0.465182,atc,301,1,0.0,103.5554,3.0295777499999996,0.0,0.0035365510266274214
c10_final_400_0001_bd,c10_final_400_0001,10,400,backdate,424242,0.5,400,154,0.385,15.1387,71.1239,110,13.4756,0.465182,wmdd,301,1,0.0,103.5554,3.1244557499999996,0.0,0.0024767100112512708
c10_final_400_0001_bd,c10_final_400_0001,10,400,backdate,424242,0.5,400,154,0.385,15.1387,71.1239,110,13.4756,0.465182,lpt,301,1,0.0,103.5554,3.7283482500000003,0.0,0.0016530249267816544
c10_final_400_0001_bd,c10_final_400_0001,10,400,backdate,424242,0.5,400,154,0.385,15.1387,71.1239,110,13.4756,0.465182,random,301,1,0.0,103.5554,3.178304,0.0,0.0009110610699281096
c10_final_400_0001_bd,c10_final_400_0001,10,400,backdate,424242,0.5,400,154,0.385,15.1387,71.1239,110,13.4756,0.465182,v2rl301,301,1,0.0,103.5554,3.6852232500000004,0.0,0.08030405500903726
c10_final_400_0001_bd,c10_final_400_0001,10,400,backdate,424242,0.5,400,154,0.385,15.1387,71.1239,110,13.4756,0.465182,v2rl302,302,1,0.0,103.5554,3.68397325,0.0,0.08213889400940388
c10_final_400_0001_bd,c10_final_400_0001,10,400,backdate,424242,0.5,400,154,0.385,15.1387,71.1239,110,13.4756,0.465182,v2rl303,303,1,0.0,103.5554,3.377759,0.0,0.08183261100202799
c10_final_400_0001_bd,c10_final_400_0001,10,400,backdate,424242,0.5,400,154,0.385,15.1387,71.1239,110,13.4756,0.465182,v2rl304,304,1,0.0,103.5554,3.0581065,0.0,0.07987003191374242
c10_final_400_0001_bd,c10_final_400_0001,10,400,backdate,424242,0.5,400,154,0.385,15.1387,71.1239,110,13.4756,0.465182,v2rl305,305,1,0.0,103.5554,3.67959825,0.0,0.08007537492085248
c10_final_400_0001_bd,c10_final_400_0001,10,400,backdate,424242,0.5,400,154,0.385,15.1387,71.1239,110,13.4756,0.465182,v2rl306,306,1,0.0,103.5554,3.68209825,0.0,0.0820492790080607
c10_final_400_0001_bd,c10_final_400_0001,10,400,backdate,424242,0.5,400,154,0.385,15.1387,71.1239,110,13.4756,0.465182,v2rl307,307,1,0.0,103.5554,3.06534575,0.0,0.0815389750059694
c10_final_400_0001_bd,c10_final_400_0001,10,400,backdate,424242,0.5,400,154,0.385,15.1387,71.1239,110,13.4756,0.465182,v2rl308,308,1,0.0,103.5554,3.6099732499999995,0.0,0.08040673600044101
c10_final_400_0001_bd,c10_final_400_0001,10,400,backdate,424242,0.5,400,154,0.385,15.1387,71.1239,110,13.4756,0.465182,v2rl309,309,1,0.0,103.5554,3.68209825,0.0,0.08025439002085477
c10_final_400_0001_bd,c10_final_400_0001,10,400,backdate,424242,0.5,400,154,0.385,15.1387,71.1239,110,13.4756,0.465182,v2rl310,310,1,0.0,103.5554,3.3094115,0.0,0.08034602901898324
c10_final_400_0002_bd,c10_final_400_0002,10,400,backdate,424242,0.5,400,43,0.1075,7.3082,36.6734,43,1.7894,2.356717,edd,301,1,0.0,91.8284,4.9879454999999995,0.0,0.0018531010719016194
c10_final_400_0002_bd,c10_final_400_0002,10,400,backdate,424242,0.5,400,43,0.1075,7.3082,36.6734,43,1.7894,2.356717,pfifo,301,1,0.0,91.8284,4.9879454999999995,0.0,0.001929278951138258
c10_final_400_0002_bd,c10_final_400_0002,10,400,backdate,424242,0.5,400,43,0.1075,7.3082,36.6734,43,1.7894,2.356717,wspt,301,1,0.0,91.8284,4.4535675,0.0,0.0022053560242056847
c10_final_400_0002_bd,c10_final_400_0002,10,400,backdate,424242,0.5,400,43,0.1075,7.3082,36.6734,43,1.7894,2.356717,atc,301,1,0.0,91.8284,4.45364325,0.0,0.0045403470285236835
c10_final_400_0002_bd,c10_final_400_0002,10,400,backdate,424242,0.5,400,43,0.1075,7.3082,36.6734,43,1.7894,2.356717,wmdd,301,1,0.0,91.8284,4.9879454999999995,0.0,0.002902350970543921
c10_final_400_0002_bd,c10_final_400_0002,10,400,backdate,424242,0.5,400,43,0.1075,7.3082,36.6734,43,1.7894,2.356717,lpt,301,1,0.0,91.8284,5.711359249999999,0.0,0.001932646962814033
c10_final_400_0002_bd,c10_final_400_0002,10,400,backdate,424242,0.5,400,43,0.1075,7.3082,36.6734,43,1.7894,2.356717,random,301,1,0.0,91.8284,4.963018999999999,0.0,0.0009321649558842182
c10_final_400_0002_bd,c10_final_400_0002,10,400,backdate,424242,0.5,400,43,0.1075,7.3082,36.6734,43,1.7894,2.356717,v2rl301,301,1,0.0,91.8284,5.710658499999999,0.0,0.090995350969024
c10_final_400_0002_bd,c10_final_400_0002,10,400,backdate,424242,0.5,400,43,0.1075,7.3082,36.6734,43,1.7894,2.356717,v2rl302,302,1,0.0,91.8284,5.71135925,0.0,0.09328048303723335
c10_final_400_0002_bd,c10_final_400_0002,10,400,backdate,424242,0.5,400,43,0.1075,7.3082,36.6734,43,1.7894,2.356717,v2rl303,303,1,0.0,91.8284,5.5552477499999995,0.0,0.09083718003239483
c10_final_400_0002_bd,c10_final_400_0002,10,400,backdate,424242,0.5,400,43,0.1075,7.3082,36.6734,43,1.7894,2.356717,v2rl304,304,1,0.0,91.8284,4.54700575,0.0,0.09065220796037465
c10_final_400_0002_bd,c10_final_400_0002,10,400,backdate,424242,0.5,400,43,0.1075,7.3082,36.6734,43,1.7894,2.356717,v2rl305,305,1,0.0,91.8284,5.71135925,0.0,0.0921831470914185
c10_final_400_0002_bd,c10_final_400_0002,10,400,backdate,424242,0.5,400,43,0.1075,7.3082,36.6734,43,1.7894,2.356717,v2rl306,306,1,0.0,91.8284,5.71135925,0.0,0.0931067579658702
c10_final_400_0002_bd,c10_final_400_0002,10,400,backdate,424242,0.5,400,43,0.1075,7.3082,36.6734,43,1.7894,2.356717,v2rl307,307,1,0.0,91.8284,4.563317999999999,0.0,0.09081853099633008
c10_final_400_0002_bd,c10_final_400_0002,10,400,backdate,424242,0.5,400,43,0.1075,7.3082,36.6734,43,1.7894,2.356717,v2rl308,308,1,0.0,91.8284,5.626407749999999,0.0,0.09048203995916992
c10_final_400_0002_bd,c10_final_400_0002,10,400,backdate,424242,0.5,400,43,0.1075,7.3082,36.6734,43,1.7894,2.356717,v2rl309,309,1,0.0,91.8284,5.71135925,0.0,0.09139412303920835
c10_final_400_0002_bd,c10_final_400_0002,10,400,backdate,424242,0.5,400,43,0.1075,7.3082,36.6734,43,1.7894,2.356717,v2rl310,310,1,0.0,91.8284,4.9234072499999995,0.0,0.09319313406012952
c10_final_400_0003_bd,c10_final_400_0003,10,400,backdate,424242,0.5,400,42,0.105,12.6584,39.7155,41,1.3256,3.289933,edd,301,1,0.0,90.8648,3.4694214999999997,0.0,0.0021321590756997466
c10_final_400_0003_bd,c10_final_400_0003,10,400,backdate,424242,0.5,400,42,0.105,12.6584,39.7155,41,1.3256,3.289933,pfifo,301,1,0.0,90.8648,3.4694214999999997,0.0,0.0022305670427158475
c10_final_400_0003_bd,c10_final_400_0003,10,400,backdate,424242,0.5,400,42,0.105,12.6584,39.7155,41,1.3256,3.289933,wspt,301,1,0.0,91.3648,2.8155505000000005,0.0,0.002312833908945322
c10_final_400_0003_bd,c10_final_400_0003,10,400,backdate,424242,0.5,400,42,0.105,12.6584,39.7155,41,1.3256,3.289933,atc,301,1,0.0,90.8648,3.0174782500000004,0.0,0.005029454012401402
c10_final_400_0003_bd,c10_final_400_0003,10,400,backdate,424242,0.5,400,42,0.105,12.6584,39.7155,41,1.3256,3.289933,wmdd,301,1,0.0,90.8648,3.4694214999999997,0.0,0.0033781660022214055
c10_final_400_0003_bd,c10_final_400_0003,10,400,backdate,424242,0.5,400,42,0.105,12.6584,39.7155,41,1.3256,3.289933,lpt,301,1,0.0,90.8648,3.75409175,0.0,0.002049422007985413
c10_final_400_0003_bd,c10_final_400_0003,10,400,backdate,424242,0.5,400,42,0.105,12.6584,39.7155,41,1.3256,3.289933,random,301,1,0.0,91.1148,3.229948,0.0,0.0009196419268846512
c10_final_400_0003_bd,c10_final_400_0003,10,400,backdate,424242,0.5,400,42,0.105,12.6584,39.7155,41,1.3256,3.289933,v2rl301,301,1,0.0,90.8648,3.7361667499999998,0.0,0.08759277604985982
c10_final_400_0003_bd,c10_final_400_0003,10,400,backdate,424242,0.5,400,42,0.105,12.6584,39.7155,41,1.3256,3.289933,v2rl302,302,1,0.0,90.8648,3.7361667499999998,0.0,0.08964847505558282
c10_final_400_0003_bd,c10_final_400_0003,10,400,backdate,424242,0.5,400,42,0.105,12.6584,39.7155,41,1.3256,3.289933,v2rl303,303,1,0.0,90.8648,3.72349175,0.0,0.08675458002835512
c10_final_400_0003_bd,c10_final_400_0003,10,400,backdate,424242,0.5,400,42,0.105,12.6584,39.7155,41,1.3256,3.289933,v2rl304,304,1,0.0,90.8648,3.0450512499999998,0.0,0.08735462801996619
c10_final_400_0003_bd,c10_final_400_0003,10,400,backdate,424242,0.5,400,42,0.105,12.6584,39.7155,41,1.3256,3.289933,v2rl305,305,1,0.0,90.8648,3.7361667499999998,0.0,0.0879560400499031
c10_final_400_0003_bd,c10_final_400_0003,10,400,backdate,424242,0.5,400,42,0.105,12.6584,39.7155,41,1.3256,3.289933,v2rl306,306,1,0.0,90.8648,3.7361667499999998,0.0,0.08934099692851305
c10_final_400_0003_bd,c10_final_400_0003,10,400,backdate,424242,0.5,400,42,0.105,12.6584,39.7155,41,1.3256,3.289933,v2rl307,307,1,0.0,90.8648,3.0132782500000004,0.0,0.08756185800302774
c10_final_400_0003_bd,c10_final_400_0003,10,400,backdate,424242,0.5,400,42,0.105,12.6584,39.7155,41,1.3256,3.289933,v2rl308,308,1,0.0,90.8648,3.7233167500000004,0.0,0.08730076102074236
c10_final_400_0003_bd,c10_final_400_0003,10,400,backdate,424242,0.5,400,42,0.105,12.6584,39.7155,41,1.3256,3.289933,v2rl309,309,1,0.0,90.8648,3.7361667499999998,0.0,0.08727379201445729
c10_final_400_0003_bd,c10_final_400_0003,10,400,backdate,424242,0.5,400,42,0.105,12.6584,39.7155,41,1.3256,3.289933,v2rl310,310,1,0.0,90.8648,3.1625282500000003,0.0,0.0892986060352996
c10_final_400_0004_bd,c10_final_400_0004,10,400,backdate,424242,0.5,400,159,0.3975,13.5629,39.7819,105,12.9522,0.518505,edd,301,1,85.902,100.0829,3.80261525,0.01,0.0013096450129523873
c10_final_400_0004_bd,c10_final_400_0004,10,400,backdate,424242,0.5,400,159,0.3975,13.5629,39.7819,105,12.9522,0.518505,pfifo,301,1,85.902,100.0829,3.80261525,0.01,0.0012871010694652796
c10_final_400_0004_bd,c10_final_400_0004,10,400,backdate,424242,0.5,400,159,0.3975,13.5629,39.7819,105,12.9522,0.518505,wspt,301,1,110.4652,100.0829,3.1403734999999995,0.0125,0.0013100759824737906
c10_final_400_0004_bd,c10_final_400_0004,10,400,backdate,424242,0.5,400,159,0.3975,13.5629,39.7819,105,12.9522,0.518505,atc,301,1,86.902,100.0829,3.41991625,0.01,0.0022798399440944195
c10_final_400_0004_bd,c10_final_400_0004,10,400,backdate,424242,0.5,400,159,0.3975,13.5629,39.7819,105,12.9522,0.518505,wmdd,301,1,88.902,100.0829,3.79202975,0.01,0.001618805923499167
c10_final_400_0004_bd,c10_final_400_0004,10,400,backdate,424242,0.5,400,159,0.3975,13.5629,39.7819,105,12.9522,0.518505,lpt,301,1,84.902,100.0829,4.41688625,0.01,0.0012924460461363196
c10_final_400_0004_bd,c10_final_400_0004,10,400,backdate,424242,0.5,400,159,0.3975,13.5629,39.7819,105,12.9522,0.518505,random,301,1,112.902,100.0829,3.6262065000000003,0.0125,0.0008748559048399329
c10_final_400_0004_bd,c10_final_400_0004,10,400,backdate,424242,0.5,400,159,0.3975,13.5629,39.7819,105,12.9522,0.518505,v2rl301,301,1,84.902,100.0829,4.27382225,0.01,0.0785688339965418
c10_final_400_0004_bd,c10_final_400_0004,10,400,backdate,424242,0.5,400,159,0.3975,13.5629,39.7819,105,12.9522,0.518505,v2rl302,302,1,84.902,100.0829,4.22007225,0.01,0.07981407595798373
c10_final_400_0004_bd,c10_final_400_0004,10,400,backdate,424242,0.5,400,159,0.3975,13.5629,39.7819,105,12.9522,0.518505,v2rl303,303,1,84.902,100.0829,4.18694725,0.01,0.0776020169723779
c10_final_400_0004_bd,c10_final_400_0004,10,400,backdate,424242,0.5,400,159,0.3975,13.5629,39.7819,105,12.9522,0.518505,v2rl304,304,1,91.902,100.0829,3.4619372499999996,0.01,0.07586446998175234
c10_final_400_0004_bd,c10_final_400_0004,10,400,backdate,424242,0.5,400,159,0.3975,13.5629,39.7819,105,12.9522,0.518505,v2rl305,305,1,84.902,100.0829,4.20882225,0.01,0.07747456699144095
c10_final_400_0004_bd,c10_final_400_0004,10,400,backdate,424242,0.5,400,159,0.3975,13.5629,39.7819,105,12.9522,0.518505,v2rl306,306,1,83.902,100.0829,4.23194725,0.01,0.07949608110357076
c10_final_400_0004_bd,c10_final_400_0004,10,400,backdate,424242,0.5,400,159,0.3975,13.5629,39.7819,105,12.9522,0.518505,v2rl307,307,1,92.902,100.0829,3.4725370000000004,0.01,0.0778390149353072
c10_final_400_0004_bd,c10_final_400_0004,10,400,backdate,424242,0.5,400,159,0.3975,13.5629,39.7819,105,12.9522,0.518505,v2rl308,308,1,84.902,100.0829,4.1769472500000004,0.01,0.0770136610371992
c10_final_400_0004_bd,c10_final_400_0004,10,400,backdate,424242,0.5,400,159,0.3975,13.5629,39.7819,105,12.9522,0.518505,v2rl309,309,1,83.902,100.0829,4.2256972500000005,0.01,0.07735195604618639
c10_final_400_0004_bd,c10_final_400_0004,10,400,backdate,424242,0.5,400,159,0.3975,13.5629,39.7819,105,12.9522,0.518505,v2rl310,310,1,83.902,100.0829,3.52282375,0.01,0.07651734608225524
c10_final_400_0005_bd,c10_final_400_0005,10,400,backdate,424242,0.5,400,76,0.19,12.6368,57.7008,61,5.9825,0.590684,edd,301,1,80.0,44.0,2.4160932499999994,0.0025,0.001817038981243968
c10_final_400_0005_bd,c10_final_400_0005,10,400,backdate,424242,0.5,400,76,0.19,12.6368,57.7008,61,5.9825,0.590684,pfifo,301,1,80.0,44.0,2.4160932499999994,0.0025,0.001839635893702507
c10_final_400_0005_bd,c10_final_400_0005,10,400,backdate,424242,0.5,400,76,0.19,12.6368,57.7008,61,5.9825,0.590684,wspt,301,1,80.0,44.0,2.0493675,0.0025,0.0021397570380941033
c10_final_400_0005_bd,c10_final_400_0005,10,400,backdate,424242,0.5,400,76,0.19,12.6368,57.7008,61,5.9825,0.590684,atc,301,1,80.0,44.0,2.1122894999999993,0.0025,0.004577675019390881
c10_final_400_0005_bd,c10_final_400_0005,10,400,backdate,424242,0.5,400,76,0.19,12.6368,57.7008,61,5.9825,0.590684,wmdd,301,1,80.0,44.0,2.4160932499999994,0.0025,0.0028381540905684233
c10_final_400_0005_bd,c10_final_400_0005,10,400,backdate,424242,0.5,400,76,0.19,12.6368,57.7008,61,5.9825,0.590684,lpt,301,1,80.0,44.0,2.738894,0.0025,0.001838158001191914
c10_final_400_0005_bd,c10_final_400_0005,10,400,backdate,424242,0.5,400,76,0.19,12.6368,57.7008,61,5.9825,0.590684,random,301,1,80.0,44.0,2.3135027499999996,0.0025,0.0009528440423309803
c10_final_400_0005_bd,c10_final_400_0005,10,400,backdate,424242,0.5,400,76,0.19,12.6368,57.7008,61,5.9825,0.590684,v2rl301,301,1,80.0,44.0,2.7332690000000004,0.0025,0.09058220195583999
c10_final_400_0005_bd,c10_final_400_0005,10,400,backdate,424242,0.5,400,76,0.19,12.6368,57.7008,61,5.9825,0.590684,v2rl302,302,1,80.0,44.0,2.6704644999999996,0.0025,0.08926182601135224
c10_final_400_0005_bd,c10_final_400_0005,10,400,backdate,424242,0.5,400,76,0.19,12.6368,57.7008,61,5.9825,0.590684,v2rl303,303,1,80.0,44.0,2.4357554999999995,0.0025,0.0875001959502697
c10_final_400_0005_bd,c10_final_400_0005,10,400,backdate,424242,0.5,400,76,0.19,12.6368,57.7008,61,5.9825,0.590684,v2rl304,304,1,80.0,44.0,2.0608954999999995,0.0025,0.0886224169516936
c10_final_400_0005_bd,c10_final_400_0005,10,400,backdate,424242,0.5,400,76,0.19,12.6368,57.7008,61,5.9825,0.590684,v2rl305,305,1,80.0,44.0,2.7332690000000004,0.0025,0.0906365989940241
c10_final_400_0005_bd,c10_final_400_0005,10,400,backdate,424242,0.5,400,76,0.19,12.6368,57.7008,61,5.9825,0.590684,v2rl306,306,1,80.0,44.0,2.7332690000000004,0.0025,0.08937819104176015
c10_final_400_0005_bd,c10_final_400_0005,10,400,backdate,424242,0.5,400,76,0.19,12.6368,57.7008,61,5.9825,0.590684,v2rl307,307,1,80.0,44.0,2.0571424999999994,0.0025,0.0883095629978925
c10_final_400_0005_bd,c10_final_400_0005,10,400,backdate,424242,0.5,400,76,0.19,12.6368,57.7008,61,5.9825,0.590684,v2rl308,308,1,80.0,44.0,2.5595394999999996,0.0025,0.08754512597806752
c10_final_400_0005_bd,c10_final_400_0005,10,400,backdate,424242,0.5,400,76,0.19,12.6368,57.7008,61,5.9825,0.590684,v2rl309,309,1,80.0,44.0,2.7332690000000004,0.0025,0.09026288194581866
c10_final_400_0005_bd,c10_final_400_0005,10,400,backdate,424242,0.5,400,76,0.19,12.6368,57.7008,61,5.9825,0.590684,v2rl310,310,1,80.0,44.0,2.2202717499999993,0.0025,0.09048077301122248
c10_final_400_0006_bd,c10_final_400_0006,10,400,backdate,424242,0.5,400,163,0.4075,16.1861,79.6534,124,15.1039,0.446287,edd,301,1,199.0,104.83200000000001,3.57359375,0.0075,0.0014966739108785987
c10_final_400_0006_bd,c10_final_400_0006,10,400,backdate,424242,0.5,400,163,0.4075,16.1861,79.6534,124,15.1039,0.446287,pfifo,301,1,199.0,104.83200000000001,3.57359375,0.0075,0.0014612150844186544
c10_final_400_0006_bd,c10_final_400_0006,10,400,backdate,424242,0.5,400,163,0.4075,16.1861,79.6534,124,15.1039,0.446287,wspt,301,1,199.0,104.83200000000001,3.30027675,0.0075,0.0015325068961828947
c10_final_400_0006_bd,c10_final_400_0006,10,400,backdate,424242,0.5,400,163,0.4075,16.1861,79.6534,124,15.1039,0.446287,atc,301,1,199.0,104.83200000000001,3.31353875,0.0075,0.0028504079673439264
c10_final_400_0006_bd,c10_final_400_0006,10,400,backdate,424242,0.5,400,163,0.4075,16.1861,79.6534,124,15.1039,0.446287,wmdd,301,1,199.0,104.83200000000001,3.57359375,0.0075,0.001973882084712386
c10_final_400_0006_bd,c10_final_400_0006,10,400,backdate,424242,0.5,400,163,0.4075,16.1861,79.6534,124,15.1039,0.446287,lpt,301,1,199.0,104.83200000000001,4.1349925,0.0075,0.0014050520258024335
c10_final_400_0006_bd,c10_final_400_0006,10,400,backdate,424242,0.5,400,163,0.4075,16.1861,79.6534,124,15.1039,0.446287,random,301,1,199.0,104.83200000000001,3.617404,0.0075,0.0009004200110211968
c10_final_400_0006_bd,c10_final_400_0006,10,400,backdate,424242,0.5,400,163,0.4075,16.1861,79.6534,124,15.1039,0.446287,v2rl301,301,1,199.0,104.83200000000001,4.0949925,0.0075,0.08143714198376983
c10_final_400_0006_bd,c10_final_400_0006,10,400,backdate,424242,0.5,400,163,0.4075,16.1861,79.6534,124,15.1039,0.446287,v2rl302,302,1,199.0,104.83200000000001,4.035650749999999,0.0075,0.07819410494994372
c10_final_400_0006_bd,c10_final_400_0006,10,400,backdate,424242,0.5,400,163,0.4075,16.1861,79.6534,124,15.1039,0.446287,v2rl303,303,1,199.0,104.83200000000001,4.05885225,0.0075,0.0784060830483213
c10_final_400_0006_bd,c10_final_400_0006,10,400,backdate,424242,0.5,400,163,0.4075,16.1861,79.6534,124,15.1039,0.446287,v2rl304,304,1,199.0,104.83200000000001,3.3461102499999997,0.0075,0.07878067798446864
c10_final_400_0006_bd,c10_final_400_0006,10,400,backdate,424242,0.5,400,163,0.4075,16.1861,79.6534,124,15.1039,0.446287,v2rl305,305,1,199.0,104.83200000000001,4.06353775,0.0075,0.0803789870114997
c10_final_400_0006_bd,c10_final_400_0006,10,400,backdate,424242,0.5,400,163,0.4075,16.1861,79.6534,124,15.1039,0.446287,v2rl306,306,1,199.0,104.83200000000001,4.05885225,0.0075,0.07965603400953114
c10_final_400_0006_bd,c10_final_400_0006,10,400,backdate,424242,0.5,400,163,0.4075,16.1861,79.6534,124,15.1039,0.446287,v2rl307,307,1,199.0,104.83200000000001,3.331006,0.0075,0.07814721192698926
c10_final_400_0006_bd,c10_final_400_0006,10,400,backdate,424242,0.5,400,163,0.4075,16.1861,79.6534,124,15.1039,0.446287,v2rl308,308,1,199.0,104.83200000000001,3.9675272500000007,0.0075,0.0781482879538089
c10_final_400_0006_bd,c10_final_400_0006,10,400,backdate,424242,0.5,400,163,0.4075,16.1861,79.6534,124,15.1039,0.446287,v2rl309,309,1,199.0,104.83200000000001,4.05885225,0.0075,0.07908173894975334
c10_final_400_0006_bd,c10_final_400_0006,10,400,backdate,424242,0.5,400,163,0.4075,16.1861,79.6534,124,15.1039,0.446287,v2rl310,310,1,199.0,104.83200000000001,3.3680657499999995,0.0075,0.08057746302802116
c10_final_400_0007_bd,c10_final_400_0007,10,400,backdate,424242,0.5,400,164,0.41,15.3689,84.065,112,14.5336,0.305606,edd,301,1,0.0,42.2094,2.39954375,0.0,0.0014521949924528599
c10_final_400_0007_bd,c10_final_400_0007,10,400,backdate,424242,0.5,400,164,0.41,15.3689,84.065,112,14.5336,0.305606,pfifo,301,1,0.0,42.2094,2.39954375,0.0,0.0014649869408458471
c10_final_400_0007_bd,c10_final_400_0007,10,400,backdate,424242,0.5,400,164,0.41,15.3689,84.065,112,14.5336,0.305606,wspt,301,1,0.0,42.2094,2.2342584999999997,0.0,0.001486990018747747
c10_final_400_0007_bd,c10_final_400_0007,10,400,backdate,424242,0.5,400,164,0.41,15.3689,84.065,112,14.5336,0.305606,atc,301,1,0.0,42.2094,2.3498284999999997,0.0,0.0025231660110875964
c10_final_400_0007_bd,c10_final_400_0007,10,400,backdate,424242,0.5,400,164,0.41,15.3689,84.065,112,14.5336,0.305606,wmdd,301,1,0.0,42.2094,2.39954375,0.0,0.0018525120103731751
c10_final_400_0007_bd,c10_final_400_0007,10,400,backdate,424242,0.5,400,164,0.41,15.3689,84.065,112,14.5336,0.305606,lpt,301,1,0.0,42.2094,2.57201525,0.0,0.001469025039114058
c10_final_400_0007_bd,c10_final_400_0007,10,400,backdate,424242,0.5,400,164,0.41,15.3689,84.065,112,14.5336,0.305606,random,301,1,0.0,42.2094,2.32228725,0.0,0.0009330799803137779
c10_final_400_0007_bd,c10_final_400_0007,10,400,backdate,424242,0.5,400,164,0.41,15.3689,84.065,112,14.5336,0.305606,v2rl301,301,1,0.0,42.2094,2.5418402500000004,0.0,0.0774977559922263
c10_final_400_0007_bd,c10_final_400_0007,10,400,backdate,424242,0.5,400,164,0.41,15.3689,84.065,112,14.5336,0.305606,v2rl302,302,1,0.0,42.2094,2.46623625,0.0,0.07731090299785137
c10_final_400_0007_bd,c10_final_400_0007,10,400,backdate,424242,0.5,400,164,0.41,15.3689,84.065,112,14.5336,0.305606,v2rl303,303,1,0.0,42.2094,2.53239025,0.0,0.07725526089780033
c10_final_400_0007_bd,c10_final_400_0007,10,400,backdate,424242,0.5,400,164,0.41,15.3689,84.065,112,14.5336,0.305606,v2rl304,304,1,0.0,42.2094,2.26241725,0.0,0.07798746798653156
c10_final_400_0007_bd,c10_final_400_0007,10,400,backdate,424242,0.5,400,164,0.41,15.3689,84.065,112,14.5336,0.305606,v2rl305,305,1,0.0,42.2094,2.53434025,0.0,0.07907304598484188
c10_final_400_0007_bd,c10_final_400_0007,10,400,backdate,424242,0.5,400,164,0.41,15.3689,84.065,112,14.5336,0.305606,v2rl306,306,1,0.0,42.2094,2.53684025,0.0,0.07692096289247274
c10_final_400_0007_bd,c10_final_400_0007,10,400,backdate,424242,0.5,400,164,0.41,15.3689,84.065,112,14.5336,0.305606,v2rl307,307,1,0.0,42.2094,2.2546952499999997,0.0,0.07585366594139487
c10_final_400_0007_bd,c10_final_400_0007,10,400,backdate,424242,0.5,400,164,0.41,15.3689,84.065,112,14.5336,0.305606,v2rl308,308,1,0.0,42.2094,2.3739647500000003,0.0,0.07706140005029738
c10_final_400_0007_bd,c10_final_400_0007,10,400,backdate,424242,0.5,400,164,0.41,15.3689,84.065,112,14.5336,0.305606,v2rl309,309,1,0.0,42.2094,2.53684025,0.0,0.07870290195569396
c10_final_400_0007_bd,c10_final_400_0007,10,400,backdate,424242,0.5,400,164,0.41,15.3689,84.065,112,14.5336,0.305606,v2rl310,310,1,0.0,42.2094,2.31071825,0.0,0.07849851693026721
c10_final_400_0008_bd,c10_final_400_0008,10,400,backdate,424242,0.5,400,10,0.025,11.4125,37.2842,10,1.0,0.652078,edd,301,1,0.0,8.5,1.0916750000000002,0.0,0.0067218010080978274
c10_final_400_0008_bd,c10_final_400_0008,10,400,backdate,424242,0.5,400,10,0.025,11.4125,37.2842,10,1.0,0.652078,pfifo,301,1,0.0,8.5,1.0916750000000002,0.0,0.00745748495683074
c10_final_400_0008_bd,c10_final_400_0008,10,400,backdate,424242,0.5,400,10,0.025,11.4125,37.2842,10,1.0,0.652078,wspt,301,1,0.0,9.49,0.7670999999999999,0.0,0.007663034019060433
c10_final_400_0008_bd,c10_final_400_0008,10,400,backdate,424242,0.5,400,10,0.025,11.4125,37.2842,10,1.0,0.652078,atc,301,1,0.0,8.5,1.08905,0.0,0.020232425071299076
c10_final_400_0008_bd,c10_final_400_0008,10,400,backdate,424242,0.5,400,10,0.025,11.4125,37.2842,10,1.0,0.652078,wmdd,301,1,0.0,8.5,1.0916750000000002,0.0,0.01242112705949694
c10_final_400_0008_bd,c10_final_400_0008,10,400,backdate,424242,0.5,400,10,0.025,11.4125,37.2842,10,1.0,0.652078,lpt,301,1,0.0,8.5,1.3906999999999998,0.0,0.006452865083701909
c10_final_400_0008_bd,c10_final_400_0008,10,400,backdate,424242,0.5,400,10,0.025,11.4125,37.2842,10,1.0,0.652078,random,301,1,0.0,8.5,1.00575,0.0,0.0015240960055962205
c10_final_400_0008_bd,c10_final_400_0008,10,400,backdate,424242,0.5,400,10,0.025,11.4125,37.2842,10,1.0,0.652078,v2rl301,301,1,0.0,8.5,1.3903000000000003,0.0,0.12282066699117422
c10_final_400_0008_bd,c10_final_400_0008,10,400,backdate,424242,0.5,400,10,0.025,11.4125,37.2842,10,1.0,0.652078,v2rl302,302,1,0.0,8.5,0.9721000000000001,0.0,0.12489709304645658
c10_final_400_0008_bd,c10_final_400_0008,10,400,backdate,424242,0.5,400,10,0.025,11.4125,37.2842,10,1.0,0.652078,v2rl303,303,1,0.0,8.5,0.971825,0.0,0.12223937595263124
c10_final_400_0008_bd,c10_final_400_0008,10,400,backdate,424242,0.5,400,10,0.025,11.4125,37.2842,10,1.0,0.652078,v2rl304,304,1,0.0,8.5,0.971025,0.0,0.1213775830110535
c10_final_400_0008_bd,c10_final_400_0008,10,400,backdate,424242,0.5,400,10,0.025,11.4125,37.2842,10,1.0,0.652078,v2rl305,305,1,0.0,8.5,1.187675,0.0,0.12461045803502202
c10_final_400_0008_bd,c10_final_400_0008,10,400,backdate,424242,0.5,400,10,0.025,11.4125,37.2842,10,1.0,0.652078,v2rl306,306,1,0.0,8.5,1.348025,0.0,0.1251086959382519
c10_final_400_0008_bd,c10_final_400_0008,10,400,backdate,424242,0.5,400,10,0.025,11.4125,37.2842,10,1.0,0.652078,v2rl307,307,1,0.0,8.5,1.3899000000000001,0.0,0.12291742500383407
c10_final_400_0008_bd,c10_final_400_0008,10,400,backdate,424242,0.5,400,10,0.025,11.4125,37.2842,10,1.0,0.652078,v2rl308,308,1,0.0,8.5,0.971025,0.0,0.12488192110322416
c10_final_400_0008_bd,c10_final_400_0008,10,400,backdate,424242,0.5,400,10,0.025,11.4125,37.2842,10,1.0,0.652078,v2rl309,309,1,0.0,9.78,1.1591500000000001,0.0,0.12691550399176776
c10_final_400_0008_bd,c10_final_400_0008,10,400,backdate,424242,0.5,400,10,0.025,11.4125,37.2842,10,1.0,0.652078,v2rl310,310,1,0.0,8.5,0.971025,0.0,0.12361604999750853
c10_final_400_0009_bd,c10_final_400_0009,10,400,backdate,424242,0.5,400,26,0.065,11.9449,37.6183,26,1.0,2.467727,edd,301,1,0.0,26.0,2.39605,0.0,0.0031804899917915463
c10_final_400_0009_bd,c10_final_400_0009,10,400,backdate,424242,0.5,400,26,0.065,11.9449,37.6183,26,1.0,2.467727,pfifo,301,1,0.0,26.0,2.39605,0.0,0.0034065970685333014
c10_final_400_0009_bd,c10_final_400_0009,10,400,backdate,424242,0.5,400,26,0.065,11.9449,37.6183,26,1.0,2.467727,wspt,301,1,0.0,26.0,1.669575,0.0,0.00357575505040586
c10_final_400_0009_bd,c10_final_400_0009,10,400,backdate,424242,0.5,400,26,0.065,11.9449,37.6183,26,1.0,2.467727,atc,301,1,0.0,26.0,1.803075,0.0,0.008363330038264394
c10_final_400_0009_bd,c10_final_400_0009,10,400,backdate,424242,0.5,400,26,0.065,11.9449,37.6183,26,1.0,2.467727,wmdd,301,1,0.0,26.0,2.39605,0.0,0.0055639599449932575
c10_final_400_0009_bd,c10_final_400_0009,10,400,backdate,424242,0.5,400,26,0.065,11.9449,37.6183,26,1.0,2.467727,lpt,301,1,0.0,26.0,2.9409500000000004,0.0,0.003059288952499628
c10_final_400_0009_bd,c10_final_400_0009,10,400,backdate,424242,0.5,400,26,0.065,11.9449,37.6183,26,1.0,2.467727,random,301,1,0.0,26.0,2.08285,0.0,0.0010682690190151334
c10_final_400_0009_bd,c10_final_400_0009,10,400,backdate,424242,0.5,400,26,0.065,11.9449,37.6183,26,1.0,2.467727,v2rl301,301,1,0.0,26.0,2.9314250000000004,0.0,0.09954845102038234
c10_final_400_0009_bd,c10_final_400_0009,10,400,backdate,424242,0.5,400,26,0.065,11.9449,37.6183,26,1.0,2.467727,v2rl302,302,1,0.0,26.0,2.64695,0.0,0.10170057893265039
c10_final_400_0009_bd,c10_final_400_0009,10,400,backdate,424242,0.5,400,26,0.065,11.9449,37.6183,26,1.0,2.467727,v2rl303,303,1,0.0,26.0,2.289025,0.0,0.1018309670034796
c10_final_400_0009_bd,c10_final_400_0009,10,400,backdate,424242,0.5,400,26,0.065,11.9449,37.6183,26,1.0,2.467727,v2rl304,304,1,0.0,26.0,1.763425,0.0,0.09851292299572378
c10_final_400_0009_bd,c10_final_400_0009,10,400,backdate,424242,0.5,400,26,0.065,11.9449,37.6183,26,1.0,2.467727,v2rl305,305,1,0.0,26.0,2.9314250000000004,0.0,0.09886898496188223
c10_final_400_0009_bd,c10_final_400_0009,10,400,backdate,424242,0.5,400,26,0.065,11.9449,37.6183,26,1.0,2.467727,v2rl306,306,1,0.0,26.0,2.9314250000000004,0.0,0.10101375705562532
c10_final_400_0009_bd,c10_final_400_0009,10,400,backdate,424242,0.5,400,26,0.065,11.9449,37.6183,26,1.0,2.467727,v2rl307,307,1,0.0,26.0,1.74905,0.0,0.10161647503264248
c10_final_400_0009_bd,c10_final_400_0009,10,400,backdate,424242,0.5,400,26,0.065,11.9449,37.6183,26,1.0,2.467727,v2rl308,308,1,0.0,26.0,2.709725,0.0,0.10253221797756851
c10_final_400_0009_bd,c10_final_400_0009,10,400,backdate,424242,0.5,400,26,0.065,11.9449,37.6183,26,1.0,2.467727,v2rl309,309,1,0.0,26.0,2.9314250000000004,0.0,0.09955129702575505
c10_final_400_0009_bd,c10_final_400_0009,10,400,backdate,424242,0.5,400,26,0.065,11.9449,37.6183,26,1.0,2.467727,v2rl310,310,1,0.0,26.0,1.9034,0.0,0.10175927204545587
c10_final_400_0010_bd,c10_final_400_0010,10,400,backdate,424242,0.5,400,54,0.135,11.9486,62.439,52,2.2789,3.427774,edd,301,1,84.0,91.949,4.1637905,0.005,0.0020229570800438523
c10_final_400_0010_bd,c10_final_400_0010,10,400,backdate,424242,0.5,400,54,0.135,11.9486,62.439,52,2.2789,3.427774,pfifo,301,1,84.0,91.949,4.1637905,0.005,0.0021652269642800093
c10_final_400_0010_bd,c10_final_400_0010,10,400,backdate,424242,0.5,400,54,0.135,11.9486,62.439,52,2.2789,3.427774,wspt,301,1,96.0,91.949,3.722842,0.005,0.002346554072573781
c10_final_400_0010_bd,c10_final_400_0010,10,400,backdate,424242,0.5,400,54,0.135,11.9486,62.439,52,2.2789,3.427774,atc,301,1,84.0,91.949,3.84032875,0.005,0.005099172005429864
c10_final_400_0010_bd,c10_final_400_0010,10,400,backdate,424242,0.5,400,54,0.135,11.9486,62.439,52,2.2789,3.427774,wmdd,301,1,84.0,91.949,4.1637905,0.005,0.003356207045726478
c10_final_400_0010_bd,c10_final_400_0010,10,400,backdate,424242,0.5,400,54,0.135,11.9486,62.439,52,2.2789,3.427774,lpt,301,1,84.0,91.949,4.661327249999999,0.005,0.002451973967254162
c10_final_400_0010_bd,c10_final_400_0010,10,400,backdate,424242,0.5,400,54,0.135,11.9486,62.439,52,2.2789,3.427774,random,301,1,102.0,91.949,3.9226935,0.005,0.0009403410367667675
c10_final_400_0010_bd,c10_final_400_0010,10,400,backdate,424242,0.5,400,54,0.135,11.9486,62.439,52,2.2789,3.427774,v2rl301,301,1,84.0,91.949,4.658477250000001,0.005,0.09420486190356314
c10_final_400_0010_bd,c10_final_400_0010,10,400,backdate,424242,0.5,400,54,0.135,11.9486,62.439,52,2.2789,3.427774,v2rl302,302,1,84.0,91.949,4.352852250000001,0.005,0.09487854002509266
c10_final_400_0010_bd,c10_final_400_0010,10,400,backdate,424242,0.5,400,54,0.135,11.9486,62.439,52,2.2789,3.427774,v2rl303,303,1,84.0,91.949,4.30235225,0.005,0.09615262201987207
c10_final_400_0010_bd,c10_final_400_0010,10,400,backdate,424242,0.5,400,54,0.135,11.9486,62.439,52,2.2789,3.427774,v2rl304,304,1,84.0,91.949,3.8675822500000003,0.005,0.08942182699684054
c10_final_400_0010_bd,c10_final_400_0010,10,400,backdate,424242,0.5,400,54,0.135,11.9486,62.439,52,2.2789,3.427774,v2rl305,305,1,84.0,91.949,4.62237725,0.005,0.09346956899389625
c10_final_400_0010_bd,c10_final_400_0010,10,400,backdate,424242,0.5,400,54,0.135,11.9486,62.439,52,2.2789,3.427774,v2rl306,306,1,84.0,91.949,4.658477250000001,0.005,0.09422464098315686
c10_final_400_0010_bd,c10_final_400_0010,10,400,backdate,424242,0.5,400,54,0.135,11.9486,62.439,52,2.2789,3.427774,v2rl307,307,1,84.0,91.949,3.84398025,0.005,0.09129799797665328
c10_final_400_0010_bd,c10_final_400_0010,10,400,backdate,424242,0.5,400,54,0.135,11.9486,62.439,52,2.2789,3.427774,v2rl308,308,1,84.0,91.949,4.555377249999999,0.005,0.09633493598084897
c10_final_400_0010_bd,c10_final_400_0010,10,400,backdate,424242,0.5,400,54,0.135,11.9486,62.439,52,2.2789,3.427774,v2rl309,309,1,84.0,91.949,4.6600772500000005,0.005,0.09388866589870304
c10_final_400_0010_bd,c10_final_400_0010,10,400,backdate,424242,0.5,400,54,0.135,11.9486,62.439,52,2.2789,3.427774,v2rl310,310,1,84.0,91.949,3.9600545,0.005,0.08992163208313286
c10_final_400_0011_bd,c10_final_400_0011,10,400,backdate,424242,0.5,400,80,0.2,9.7686,35.7252,40,9.2864,0.535691,edd,301,1,0.0,96.9192,3.31227375,0.0,0.0013478889595717192
c10_final_400_0011_bd,c10_final_400_0011,10,400,backdate,424242,0.5,400,80,0.2,9.7686,35.7252,40,9.2864,0.535691,pfifo,301,1,0.0,96.9192,3.31227375,0.0,0.001330762985162437
c10_final_400_0011_bd,c10_final_400_0011,10,400,backdate,424242,0.5,400,80,0.2,9.7686,35.7252,40,9.2864,0.535691,wspt,301,1,0.0,96.9192,2.6372857499999998,0.0,0.0013332630041986704
c10_final_400_0011_bd,c10_final_400_0011,10,400,backdate,424242,0.5,400,80,0.2,9.7686,35.7252,40,9.2864,0.535691,atc,301,1,0.0,96.9192,2.9794287499999994,0.0,0.002314832992851734
c10_final_400_0011_bd,c10_final_400_0011,10,400,backdate,424242,0.5,400,80,0.2,9.7686,35.7252,40,9.2864,0.535691,wmdd,301,1,0.0,96.9192,3.31227375,0.0,0.0017100769327953458
c10_final_400_0011_bd,c10_final_400_0011,10,400,backdate,424242,0.5,400,80,0.2,9.7686,35.7252,40,9.2864,0.535691,lpt,301,1,0.0,96.9192,3.7988232500000003,0.0,0.0012867479817941785
c10_final_400_0011_bd,c10_final_400_0011,10,400,backdate,424242,0.5,400,80,0.2,9.7686,35.7252,40,9.2864,0.535691,random,301,1,0.0,96.9192,3.046628,0.0,0.0008584490278735757
c10_final_400_0011_bd,c10_final_400_0011,10,400,backdate,424242,0.5,400,80,0.2,9.7686,35.7252,40,9.2864,0.535691,v2rl301,301,1,0.0,96.9192,3.7327212499999995,0.0,0.07791209302376956
c10_final_400_0011_bd,c10_final_400_0011,10,400,backdate,424242,0.5,400,80,0.2,9.7686,35.7252,40,9.2864,0.535691,v2rl302,302,1,0.0,96.9192,3.78907125,0.0,0.07755000004544854
c10_final_400_0011_bd,c10_final_400_0011,10,400,backdate,424242,0.5,400,80,0.2,9.7686,35.7252,40,9.2864,0.535691,v2rl303,303,1,0.0,96.9192,3.6732327499999995,0.0,0.0791404820047319
c10_final_400_0011_bd,c10_final_400_0011,10,400,backdate,424242,0.5,400,80,0.2,9.7686,35.7252,40,9.2864,0.535691,v2rl304,304,1,0.0,96.9192,2.80547525,0.0,0.07630091800820082
c10_final_400_0011_bd,c10_final_400_0011,10,400,backdate,424242,0.5,400,80,0.2,9.7686,35.7252,40,9.2864,0.535691,v2rl305,305,1,0.0,96.9192,3.787627,0.0,0.07721878495067358
c10_final_400_0011_bd,c10_final_400_0011,10,400,backdate,424242,0.5,400,80,0.2,9.7686,35.7252,40,9.2864,0.535691,v2rl306,306,1,0.0,96.9192,3.7890712499999997,0.0,0.07699259603396058
c10_final_400_0011_bd,c10_final_400_0011,10,400,backdate,424242,0.5,400,80,0.2,9.7686,35.7252,40,9.2864,0.535691,v2rl307,307,1,0.0,96.9192,2.8049782500000005,0.0,0.07645058596972376
c10_final_400_0011_bd,c10_final_400_0011,10,400,backdate,424242,0.5,400,80,0.2,9.7686,35.7252,40,9.2864,0.535691,v2rl308,308,1,0.0,96.9192,3.7351935,0.0,0.07901979994494468
c10_final_400_0011_bd,c10_final_400_0011,10,400,backdate,424242,0.5,400,80,0.2,9.7686,35.7252,40,9.2864,0.535691,v2rl309,309,1,0.0,96.9192,3.7888435,0.0,0.07955552299972624
c10_final_400_0011_bd,c10_final_400_0011,10,400,backdate,424242,0.5,400,80,0.2,9.7686,35.7252,40,9.2864,0.535691,v2rl310,310,1,0.0,96.9192,2.9411122499999998,0.0,0.07675793895032257
c10_final_400_0012_bd,c10_final_400_0012,10,400,backdate,424242,0.5,400,77,0.1925,17.0421,59.6343,74,4.9789,2.281424,edd,301,1,1055.9184,94.6634,7.138385,0.0075,0.0018820399418473244
c10_final_400_0012_bd,c10_final_400_0012,10,400,backdate,424242,0.5,400,77,0.1925,17.0421,59.6343,74,4.9789,2.281424,pfifo,301,1,1055.9184,94.6634,7.138385,0.0075,0.0019650550093501806
c10_final_400_0012_bd,c10_final_400_0012,10,400,backdate,424242,0.5,400,77,0.1925,17.0421,59.6343,74,4.9789,2.281424,wspt,301,1,1055.9184,94.6634,6.3547245,0.0075,0.0023235289845615625
c10_final_400_0012_bd,c10_final_400_0012,10,400,backdate,424242,0.5,400,77,0.1925,17.0421,59.6343,74,4.9789,2.281424,atc,301,1,1055.9184,94.6634,6.522038,0.0075,0.004863301990553737
c10_final_400_0012_bd,c10_final_400_0012,10,400,backdate,424242,0.5,400,77,0.1925,17.0421,59.6343,74,4.9789,2.281424,wmdd,301,1,1055.9184,94.6634,7.138385,0.0075,0.0030153930420055985
c10_final_400_0012_bd,c10_final_400_0012,10,400,backdate,424242,0.5,400,77,0.1925,17.0421,59.6343,74,4.9789,2.281424,lpt,301,1,1055.9184,94.6634,8.561967749999999,0.0075,0.0020061529939994216
c10_final_400_0012_bd,c10_final_400_0012,10,400,backdate,424242,0.5,400,77,0.1925,17.0421,59.6343,74,4.9789,2.281424,random,301,1,1055.9184,94.6634,7.2589147500000015,0.0075,0.0009726079879328609
c10_final_400_0012_bd,c10_final_400_0012,10,400,backdate,424242,0.5,400,77,0.1925,17.0421,59.6343,74,4.9789,2.281424,v2rl301,301,1,1055.9184,94.6634,8.54759275,0.0075,0.09035660896915942
c10_final_400_0012_bd,c10_final_400_0012,10,400,backdate,424242,0.5,400,77,0.1925,17.0421,59.6343,74,4.9789,2.281424,v2rl302,302,1,1055.9184,94.6634,8.546342749999999,0.0075,0.08995000005234033
c10_final_400_0012_bd,c10_final_400_0012,10,400,backdate,424242,0.5,400,77,0.1925,17.0421,59.6343,74,4.9789,2.281424,v2rl303,303,1,1055.9184,94.6634,8.174031,0.0075,0.08830457006115466
c10_final_400_0012_bd,c10_final_400_0012,10,400,backdate,424242,0.5,400,77,0.1925,17.0421,59.6343,74,4.9789,2.281424,v2rl304,304,1,1055.9184,94.6634,7.316971499999999,0.0075,0.08719555893912911
c10_final_400_0012_bd,c10_final_400_0012,10,400,backdate,424242,0.5,400,77,0.1925,17.0421,59.6343,74,4.9789,2.281424,v2rl305,305,1,1055.9184,94.6634,8.546342749999999,0.0075,0.09043735393788666
c10_final_400_0012_bd,c10_final_400_0012,10,400,backdate,424242,0.5,400,77,0.1925,17.0421,59.6343,74,4.9789,2.281424,v2rl306,306,1,1055.9184,94.6634,8.546342749999999,0.0075,0.09052059799432755
c10_final_400_0012_bd,c10_final_400_0012,10,400,backdate,424242,0.5,400,77,0.1925,17.0421,59.6343,74,4.9789,2.281424,v2rl307,307,1,1055.9184,94.6634,8.029734999999999,0.0075,0.0889682580018416
c10_final_400_0012_bd,c10_final_400_0012,10,400,backdate,424242,0.5,400,77,0.1925,17.0421,59.6343,74,4.9789,2.281424,v2rl308,308,1,1055.9184,94.6634,8.536967749999999,0.0075,0.08861073898151517
c10_final_400_0012_bd,c10_final_400_0012,10,400,backdate,424242,0.5,400,77,0.1925,17.0421,59.6343,74,4.9789,2.281424,v2rl309,309,1,1055.9184,94.6634,8.5463045,0.0075,0.08871639403514564
c10_final_400_0012_bd,c10_final_400_0012,10,400,backdate,424242,0.5,400,77,0.1925,17.0421,59.6343,74,4.9789,2.281424,v2rl310,310,1,1055.9184,94.6634,8.26443175,0.0075,0.08852948900312185
c10_final_400_0013_bd,c10_final_400_0013,10,400,backdate,424242,0.5,400,9,0.0225,17.9317,39.0792,9,1.0,2.402078,edd,301,1,0.0,13.0,3.306925,0.0,0.003438989049755037
c10_final_400_0013_bd,c10_final_400_0013,10,400,backdate,424242,0.5,400,9,0.0225,17.9317,39.0792,9,1.0,2.402078,pfifo,301,1,0.0,13.0,3.306925,0.0,0.003694946994073689
c10_final_400_0013_bd,c10_final_400_0013,10,400,backdate,424242,0.5,400,9,0.0225,17.9317,39.0792,9,1.0,2.402078,wspt,301,1,0.0,13.0,2.4102250000000005,0.0,0.0038689440116286278
c10_final_400_0013_bd,c10_final_400_0013,10,400,backdate,424242,0.5,400,9,0.0225,17.9317,39.0792,9,1.0,2.402078,atc,301,1,0.0,11.25,2.61205,0.0,0.00939639494754374
c10_final_400_0013_bd,c10_final_400_0013,10,400,backdate,424242,0.5,400,9,0.0225,17.9317,39.0792,9,1.0,2.402078,wmdd,301,1,0.0,13.0,3.306925,0.0,0.0060300290351733565
c10_final_400_0013_bd,c10_final_400_0013,10,400,backdate,424242,0.5,400,9,0.0225,17.9317,39.0792,9,1.0,2.402078,lpt,301,1,0.0,9.75,4.17875,0.0,0.003348794998601079
c10_final_400_0013_bd,c10_final_400_0013,10,400,backdate,424242,0.5,400,9,0.0225,17.9317,39.0792,9,1.0,2.402078,random,301,1,0.0,13.25,3.025,0.0,0.0010932820150628686
c10_final_400_0013_bd,c10_final_400_0013,10,400,backdate,424242,0.5,400,9,0.0225,17.9317,39.0792,9,1.0,2.402078,v2rl301,301,1,0.0,9.75,4.175,0.0,0.10046148800756782
c10_final_400_0013_bd,c10_final_400_0013,10,400,backdate,424242,0.5,400,9,0.0225,17.9317,39.0792,9,1.0,2.402078,v2rl302,302,1,0.0,9.75,4.16875,0.0,0.0998173039406538
c10_final_400_0013_bd,c10_final_400_0013,10,400,backdate,424242,0.5,400,9,0.0225,17.9317,39.0792,9,1.0,2.402078,v2rl303,303,1,0.0,10.0,3.37125,0.0,0.09726610605139285
c10_final_400_0013_bd,c10_final_400_0013,10,400,backdate,424242,0.5,400,9,0.0225,17.9317,39.0792,9,1.0,2.402078,v2rl304,304,1,0.0,11.25,2.607675,0.0,0.09950413508340716
c10_final_400_0013_bd,c10_final_400_0013,10,400,backdate,424242,0.5,400,9,0.0225,17.9317,39.0792,9,1.0,2.402078,v2rl305,305,1,0.0,9.75,4.175,0.0,0.10071375197730958
c10_final_400_0013_bd,c10_final_400_0013,10,400,backdate,424242,0.5,400,9,0.0225,17.9317,39.0792,9,1.0,2.402078,v2rl306,306,1,0.0,9.75,4.175,0.0,0.10078236903063953
c10_final_400_0013_bd,c10_final_400_0013,10,400,backdate,424242,0.5,400,9,0.0225,17.9317,39.0792,9,1.0,2.402078,v2rl307,307,1,0.0,11.25,3.1833,0.0,0.09842190507333726
c10_final_400_0013_bd,c10_final_400_0013,10,400,backdate,424242,0.5,400,9,0.0225,17.9317,39.0792,9,1.0,2.402078,v2rl308,308,1,0.0,9.75,4.145425,0.0,0.09925446205306798
c10_final_400_0013_bd,c10_final_400_0013,10,400,backdate,424242,0.5,400,9,0.0225,17.9317,39.0792,9,1.0,2.402078,v2rl309,309,1,0.0,12.25,3.58,0.0,0.09928810794372112
c10_final_400_0013_bd,c10_final_400_0013,10,400,backdate,424242,0.5,400,9,0.0225,17.9317,39.0792,9,1.0,2.402078,v2rl310,310,1,0.0,10.75,3.3189249999999997,0.0,0.09992941003292799
c10_final_400_0014_bd,c10_final_400_0014,10,400,backdate,424242,0.5,400,23,0.0575,11.973,39.9103,23,1.0,1.866558,edd,301,1,6.0,25.5,1.84079025,0.0025,0.0048171550733968616
c10_final_400_0014_bd,c10_final_400_0014,10,400,backdate,424242,0.5,400,23,0.0575,11.973,39.9103,23,1.0,1.866558,pfifo,301,1,6.0,25.5,1.84079025,0.0025,0.005501741077750921
c10_final_400_0014_bd,c10_final_400_0014,10,400,backdate,424242,0.5,400,23,0.0575,11.973,39.9103,23,1.0,1.866558,wspt,301,1,11.319999999999993,26.83,1.1390902499999997,0.0025,0.00542744598351419
c10_final_400_0014_bd,c10_final_400_0014,10,400,backdate,424242,0.5,400,23,0.0575,11.973,39.9103,23,1.0,1.866558,atc,301,1,6.0,25.5,1.8157902500000003,0.0025,0.01369837997481227
c10_final_400_0014_bd,c10_final_400_0014,10,400,backdate,424242,0.5,400,23,0.0575,11.973,39.9103,23,1.0,1.866558,wmdd,301,1,6.0,25.5,1.8407902500000004,0.0025,0.008700983948074281
c10_final_400_0014_bd,c10_final_400_0014,10,400,backdate,424242,0.5,400,23,0.0575,11.973,39.9103,23,1.0,1.866558,lpt,301,1,6.0,25.5,2.0131152500000002,0.0025,0.004722387995570898
c10_final_400_0014_bd,c10_final_400_0014,10,400,backdate,424242,0.5,400,23,0.0575,11.973,39.9103,23,1.0,1.866558,random,301,1,9.840000000000003,26.46,1.32891525,0.0025,0.0013399859890341759
c10_final_400_0014_bd,c10_final_400_0014,10,400,backdate,424242,0.5,400,23,0.0575,11.973,39.9103,23,1.0,1.866558,v2rl301,301,1,6.0,25.5,1.9273652500000003,0.0025,0.10943540092557669
c10_final_400_0014_bd,c10_final_400_0014,10,400,backdate,424242,0.5,400,23,0.0575,11.973,39.9103,23,1.0,1.866558,v2rl302,302,1,6.0,25.5,1.6250902500000002,0.0025,0.10685325996018946
c10_final_400_0014_bd,c10_final_400_0014,10,400,backdate,424242,0.5,400,23,0.0575,11.973,39.9103,23,1.0,1.866558,v2rl303,303,1,6.0,25.5,1.6250902500000002,0.0025,0.11024392605759203
c10_final_400_0014_bd,c10_final_400_0014,10,400,backdate,424242,0.5,400,23,0.0575,11.973,39.9103,23,1.0,1.866558,v2rl304,304,1,6.0,25.5,1.5413402500000002,0.0025,0.10976520401891321
c10_final_400_0014_bd,c10_final_400_0014,10,400,backdate,424242,0.5,400,23,0.0575,11.973,39.9103,23,1.0,1.866558,v2rl305,305,1,6.0,25.5,1.7090402500000001,0.0025,0.10850949096493423
c10_final_400_0014_bd,c10_final_400_0014,10,400,backdate,424242,0.5,400,23,0.0575,11.973,39.9103,23,1.0,1.866558,v2rl306,306,1,6.0,25.5,2.0131152500000002,0.0025,0.10899589105974883
c10_final_400_0014_bd,c10_final_400_0014,10,400,backdate,424242,0.5,400,23,0.0575,11.973,39.9103,23,1.0,1.866558,v2rl307,307,1,6.0,25.5,1.5542902500000002,0.0025,0.10837530507706106
c10_final_400_0014_bd,c10_final_400_0014,10,400,backdate,424242,0.5,400,23,0.0575,11.973,39.9103,23,1.0,1.866558,v2rl308,308,1,6.0,25.5,1.6474402500000003,0.0025,0.10888974904082716
c10_final_400_0014_bd,c10_final_400_0014,10,400,backdate,424242,0.5,400,23,0.0575,11.973,39.9103,23,1.0,1.866558,v2rl309,309,1,9.319999999999993,26.33,1.4770652499999999,0.0025,0.10993687796872109
c10_final_400_0014_bd,c10_final_400_0014,10,400,backdate,424242,0.5,400,23,0.0575,11.973,39.9103,23,1.0,1.866558,v2rl310,310,1,6.0,25.5,1.54321525,0.0025,0.10521583503577858
c10_final_400_0015_bd,c10_final_400_0015,10,400,backdate,424242,0.5,400,79,0.1975,13.464,38.1798,71,5.4594,0.424111,edd,301,1,52.0,32.5,1.3898827499999995,0.005,0.003948375931940973
c10_final_400_0015_bd,c10_final_400_0015,10,400,backdate,424242,0.5,400,79,0.1975,13.464,38.1798,71,5.4594,0.424111,pfifo,301,1,52.0,32.5,1.3898827499999995,0.005,0.0041112329345196486
c10_final_400_0015_bd,c10_final_400_0015,10,400,backdate,424242,0.5,400,79,0.1975,13.464,38.1798,71,5.4594,0.424111,wspt,301,1,56.0,32.5,1.3513572499999995,0.005,0.004859436070546508
c10_final_400_0015_bd,c10_final_400_0015,10,400,backdate,424242,0.5,400,79,0.1975,13.464,38.1798,71,5.4594,0.424111,atc,301,1,52.0,32.5,1.3776114999999995,0.005,0.01254178094677627
c10_final_400_0015_bd,c10_final_400_0015,10,400,backdate,424242,0.5,400,79,0.1975,13.464,38.1798,71,5.4594,0.424111,wmdd,301,1,52.0,32.5,1.3898827499999995,0.005,0.007538766949437559
c10_final_400_0015_bd,c10_final_400_0015,10,400,backdate,424242,0.5,400,79,0.1975,13.464,38.1798,71,5.4594,0.424111,lpt,301,1,52.0,32.5,1.60238,0.005,0.004628743976354599
c10_final_400_0015_bd,c10_final_400_0015,10,400,backdate,424242,0.5,400,79,0.1975,13.464,38.1798,71,5.4594,0.424111,random,301,1,52.0,32.5,1.4694544999999997,0.005,0.0013198290253058076
c10_final_400_0015_bd,c10_final_400_0015,10,400,backdate,424242,0.5,400,79,0.1975,13.464,38.1798,71,5.4594,0.424111,v2rl301,301,1,52.0,32.5,1.5916092500000003,0.005,0.10657673596870154
c10_final_400_0015_bd,c10_final_400_0015,10,400,backdate,424242,0.5,400,79,0.1975,13.464,38.1798,71,5.4594,0.424111,v2rl302,302,1,52.0,32.5,1.4287225000000001,0.005,0.1041503440355882
c10_final_400_0015_bd,c10_final_400_0015,10,400,backdate,424242,0.5,400,79,0.1975,13.464,38.1798,71,5.4594,0.424111,v2rl303,303,1,52.0,32.5,1.4287225000000001,0.005,0.10714479396119714
c10_final_400_0015_bd,c10_final_400_0015,10,400,backdate,424242,0.5,400,79,0.1975,13.464,38.1798,71,5.4594,0.424111,v2rl304,304,1,52.0,32.5,1.4187225,0.005,0.10734899598173797
c10_final_400_0015_bd,c10_final_400_0015,10,400,backdate,424242,0.5,400,79,0.1975,13.464,38.1798,71,5.4594,0.424111,v2rl305,305,1,52.0,32.5,1.4288725,0.005,0.10613421793095767
c10_final_400_0015_bd,c10_final_400_0015,10,400,backdate,424242,0.5,400,79,0.1975,13.464,38.1798,71,5.4594,0.424111,v2rl306,306,1,52.0,32.5,1.5347162500000002,0.005,0.10538303793873638
c10_final_400_0015_bd,c10_final_400_0015,10,400,backdate,424242,0.5,400,79,0.1975,13.464,38.1798,71,5.4594,0.424111,v2rl307,307,1,52.0,32.5,1.4187225,0.005,0.10702244704589248
c10_final_400_0015_bd,c10_final_400_0015,10,400,backdate,424242,0.5,400,79,0.1975,13.464,38.1798,71,5.4594,0.424111,v2rl308,308,1,52.0,32.5,1.4280975,0.005,0.1063142119674012
c10_final_400_0015_bd,c10_final_400_0015,10,400,backdate,424242,0.5,400,79,0.1975,13.464,38.1798,71,5.4594,0.424111,v2rl309,309,1,52.0,32.5,1.59535925,0.005,0.10632248595356941
c10_final_400_0015_bd,c10_final_400_0015,10,400,backdate,424242,0.5,400,79,0.1975,13.464,38.1798,71,5.4594,0.424111,v2rl310,310,1,52.0,32.5,1.4187225,0.005,0.10372812894638628
c10_final_400_0016_bd,c10_final_400_0016,10,400,backdate,424242,0.5,400,129,0.3225,14.7182,79.8529,96,16.0,0.264527,edd,301,1,0.0,93.1148,2.1504909999999997,0.0,0.00240702205337584
c10_final_400_0016_bd,c10_final_400_0016,10,400,backdate,424242,0.5,400,129,0.3225,14.7182,79.8529,96,16.0,0.264527,pfifo,301,1,0.0,93.1148,2.1504909999999997,0.0,0.0024963710457086563
c10_final_400_0016_bd,c10_final_400_0016,10,400,backdate,424242,0.5,400,129,0.3225,14.7182,79.8529,96,16.0,0.264527,wspt,301,1,0.0,92.8648,1.9456437499999992,0.0,0.002545331954024732
c10_final_400_0016_bd,c10_final_400_0016,10,400,backdate,424242,0.5,400,129,0.3225,14.7182,79.8529,96,16.0,0.264527,atc,301,1,0.0,92.8648,2.0098764999999985,0.0,0.0054355289321392775
c10_final_400_0016_bd,c10_final_400_0016,10,400,backdate,424242,0.5,400,129,0.3225,14.7182,79.8529,96,16.0,0.264527,wmdd,301,1,0.0,93.1148,2.1504909999999997,0.0,0.0037822219310328364
c10_final_400_0016_bd,c10_final_400_0016,10,400,backdate,424242,0.5,400,129,0.3225,14.7182,79.8529,96,16.0,0.264527,lpt,301,1,0.0,92.8648,2.3543402500000004,0.0,0.0022809950169175863
c10_final_400_0016_bd,c10_final_400_0016,10,400,backdate,424242,0.5,400,129,0.3225,14.7182,79.8529,96,16.0,0.264527,random,301,1,0.0,92.6148,2.0991409999999995,0.0,0.0010517101036384702
c10_final_400_0016_bd,c10_final_400_0016,10,400,backdate,424242,0.5,400,129,0.3225,14.7182,79.8529,96,16.0,0.264527,v2rl301,301,1,0.0,92.8648,2.3287152500000006,0.0,0.08891296095680445
c10_final_400_0016_bd,c10_final_400_0016,10,400,backdate,424242,0.5,400,129,0.3225,14.7182,79.8529,96,16.0,0.264527,v2rl302,302,1,0.0,92.8648,2.1569262499999993,0.0,0.08705827803350985
c10_final_400_0016_bd,c10_final_400_0016,10,400,backdate,424242,0.5,400,129,0.3225,14.7182,79.8529,96,16.0,0.264527,v2rl303,303,1,0.0,92.8648,2.0936262499999994,0.0,0.08778890001121908
c10_final_400_0016_bd,c10_final_400_0016,10,400,backdate,424242,0.5,400,129,0.3225,14.7182,79.8529,96,16.0,0.264527,v2rl304,304,1,0.0,92.8648,1.9591014999999996,0.0,0.08931038598529994
c10_final_400_0016_bd,c10_final_400_0016,10,400,backdate,424242,0.5,400,129,0.3225,14.7182,79.8529,96,16.0,0.264527,v2rl305,305,1,0.0,92.8648,2.32865125,0.0,0.08973388106096536
c10_final_400_0016_bd,c10_final_400_0016,10,400,backdate,424242,0.5,400,129,0.3225,14.7182,79.8529,96,16.0,0.264527,v2rl306,306,1,0.0,92.8648,2.36807625,0.0,0.08831927599385381
c10_final_400_0016_bd,c10_final_400_0016,10,400,backdate,424242,0.5,400,129,0.3225,14.7182,79.8529,96,16.0,0.264527,v2rl307,307,1,0.0,92.8648,1.9591014999999994,0.0,0.08755089505575597
c10_final_400_0016_bd,c10_final_400_0016,10,400,backdate,424242,0.5,400,129,0.3225,14.7182,79.8529,96,16.0,0.264527,v2rl308,308,1,0.0,92.8648,2.050326249999999,0.0,0.08913320396095514
c10_final_400_0016_bd,c10_final_400_0016,10,400,backdate,424242,0.5,400,129,0.3225,14.7182,79.8529,96,16.0,0.264527,v2rl309,309,1,0.0,92.8648,2.36807625,0.0,0.08877519005909562
c10_final_400_0016_bd,c10_final_400_0016,10,400,backdate,424242,0.5,400,129,0.3225,14.7182,79.8529,96,16.0,0.264527,v2rl310,310,1,0.0,92.8648,1.964376499999999,0.0,0.08866547408979386
c10_final_400_0017_bd,c10_final_400_0017,10,400,backdate,424242,0.5,400,41,0.1025,12.7538,36.4111,37,5.0403,0.523379,edd,301,1,0.0,59.04,2.97901425,0.0,0.002433082088828087
c10_final_400_0017_bd,c10_final_400_0017,10,400,backdate,424242,0.5,400,41,0.1025,12.7538,36.4111,37,5.0403,0.523379,pfifo,301,1,0.0,59.04,2.97901425,0.0,0.0027586949290707707
c10_final_400_0017_bd,c10_final_400_0017,10,400,backdate,424242,0.5,400,41,0.1025,12.7538,36.4111,37,5.0403,0.523379,wspt,301,1,0.0,59.04,2.43823275,0.0,0.002978399978019297
c10_final_400_0017_bd,c10_final_400_0017,10,400,backdate,424242,0.5,400,41,0.1025,12.7538,36.4111,37,5.0403,0.523379,atc,301,1,0.0,59.04,2.43823275,0.0,0.007046302082017064
c10_final_400_0017_bd,c10_final_400_0017,10,400,backdate,424242,0.5,400,41,0.1025,12.7538,36.4111,37,5.0403,0.523379,wmdd,301,1,0.0,59.04,2.97901425,0.0,0.004284900962375104
c10_final_400_0017_bd,c10_final_400_0017,10,400,backdate,424242,0.5,400,41,0.1025,12.7538,36.4111,37,5.0403,0.523379,lpt,301,1,0.0,59.04,3.1734862500000003,0.0,0.0027484570164233446
c10_final_400_0017_bd,c10_final_400_0017,10,400,backdate,424242,0.5,400,41,0.1025,12.7538,36.4111,37,5.0403,0.523379,random,301,1,0.0,59.04,2.7004292500000004,0.0,0.0010864509968087077
c10_final_400_0017_bd,c10_final_400_0017,10,400,backdate,424242,0.5,400,41,0.1025,12.7538,36.4111,37,5.0403,0.523379,v2rl301,301,1,0.0,59.04,3.1534370000000003,0.0,0.09587155294138938
c10_final_400_0017_bd,c10_final_400_0017,10,400,backdate,424242,0.5,400,41,0.1025,12.7538,36.4111,37,5.0403,0.523379,v2rl302,302,1,0.0,59.04,3.0401245,0.0,0.093831259990111
c10_final_400_0017_bd,c10_final_400_0017,10,400,backdate,424242,0.5,400,41,0.1025,12.7538,36.4111,37,5.0403,0.523379,v2rl303,303,1,0.0,59.04,3.0401245,0.0,0.09698802302591503
c10_final_400_0017_bd,c10_final_400_0017,10,400,backdate,424242,0.5,400,41,0.1025,12.7538,36.4111,37,5.0403,0.523379,v2rl304,304,1,0.0,59.04,2.4758995000000006,0.0,0.09704797493759543
c10_final_400_0017_bd,c10_final_400_0017,10,400,backdate,424242,0.5,400,41,0.1025,12.7538,36.4111,37,5.0403,0.523379,v2rl305,305,1,0.0,59.04,3.1553612500000003,0.0,0.09627460699994117
c10_final_400_0017_bd,c10_final_400_0017,10,400,backdate,424242,0.5,400,41,0.1025,12.7538,36.4111,37,5.0403,0.523379,v2rl306,306,1,0.0,59.04,3.1553612500000003,0.0,0.09481570799835026
c10_final_400_0017_bd,c10_final_400_0017,10,400,backdate,424242,0.5,400,41,0.1025,12.7538,36.4111,37,5.0403,0.523379,v2rl307,307,1,0.0,59.04,2.4758994999999997,0.0,0.09533036698121578
c10_final_400_0017_bd,c10_final_400_0017,10,400,backdate,424242,0.5,400,41,0.1025,12.7538,36.4111,37,5.0403,0.523379,v2rl308,308,1,0.0,59.04,3.001003,0.0,0.09545327397063375
c10_final_400_0017_bd,c10_final_400_0017,10,400,backdate,424242,0.5,400,41,0.1025,12.7538,36.4111,37,5.0403,0.523379,v2rl309,309,1,0.0,59.04,3.1553612500000003,0.0,0.09603182098362595
c10_final_400_0017_bd,c10_final_400_0017,10,400,backdate,424242,0.5,400,41,0.1025,12.7538,36.4111,37,5.0403,0.523379,v2rl310,310,1,0.0,59.04,2.5433995,0.0,0.0952440140536055
c10_final_400_0018_bd,c10_final_400_0018,10,400,backdate,424242,0.5,400,20,0.05,12.3776,33.7504,20,1.0,2.107468,edd,301,1,209.0,76.25,2.1894,0.0025,0.00457957002799958
c10_final_400_0018_bd,c10_final_400_0018,10,400,backdate,424242,0.5,400,20,0.05,12.3776,33.7504,20,1.0,2.107468,pfifo,301,1,209.0,76.25,2.1894,0.0025,0.004921465064398944
c10_final_400_0018_bd,c10_final_400_0018,10,400,backdate,424242,0.5,400,20,0.05,12.3776,33.7504,20,1.0,2.107468,wspt,301,1,209.0,76.25,1.3501250000000002,0.0025,0.005307771963998675
c10_final_400_0018_bd,c10_final_400_0018,10,400,backdate,424242,0.5,400,20,0.05,12.3776,33.7504,20,1.0,2.107468,atc,301,1,209.0,76.25,1.8948500000000001,0.0025,0.013046442996710539
c10_final_400_0018_bd,c10_final_400_0018,10,400,backdate,424242,0.5,400,20,0.05,12.3776,33.7504,20,1.0,2.107468,wmdd,301,1,209.0,76.25,2.1894,0.0025,0.008273330982774496
c10_final_400_0018_bd,c10_final_400_0018,10,400,backdate,424242,0.5,400,20,0.05,12.3776,33.7504,20,1.0,2.107468,lpt,301,1,209.0,76.25,2.5852749999999998,0.0025,0.00436926307156682
c10_final_400_0018_bd,c10_final_400_0018,10,400,backdate,424242,0.5,400,20,0.05,12.3776,33.7504,20,1.0,2.107468,random,301,1,209.0,76.25,1.6928,0.0025,0.0013038709294050932
c10_final_400_0018_bd,c10_final_400_0018,10,400,backdate,424242,0.5,400,20,0.05,12.3776,33.7504,20,1.0,2.107468,v2rl301,301,1,209.0,76.25,2.50985,0.0025,0.10777670599054545
c10_final_400_0018_bd,c10_final_400_0018,10,400,backdate,424242,0.5,400,20,0.05,12.3776,33.7504,20,1.0,2.107468,v2rl302,302,1,209.0,76.25,1.8143,0.0025,0.10920576204080135
c10_final_400_0018_bd,c10_final_400_0018,10,400,backdate,424242,0.5,400,20,0.05,12.3776,33.7504,20,1.0,2.107468,v2rl303,303,1,209.0,76.25,1.7619249999999997,0.0025,0.11045408993959427
c10_final_400_0018_bd,c10_final_400_0018,10,400,backdate,424242,0.5,400,20,0.05,12.3776,33.7504,20,1.0,2.107468,v2rl304,304,1,209.0,76.25,1.580675,0.0025,0.11016747902613133
c10_final_400_0018_bd,c10_final_400_0018,10,400,backdate,424242,0.5,400,20,0.05,12.3776,33.7504,20,1.0,2.107468,v2rl305,305,1,209.0,76.25,2.1873,0.0025,0.10866240202449262
c10_final_400_0018_bd,c10_final_400_0018,10,400,backdate,424242,0.5,400,20,0.05,12.3776,33.7504,20,1.0,2.107468,v2rl306,306,1,209.0,76.25,2.5821500000000004,0.0025,0.10946497600525618
c10_final_400_0018_bd,c10_final_400_0018,10,400,backdate,424242,0.5,400,20,0.05,12.3776,33.7504,20,1.0,2.107468,v2rl307,307,1,209.0,76.25,1.6709749999999999,0.0025,0.10923782002646476
c10_final_400_0018_bd,c10_final_400_0018,10,400,backdate,424242,0.5,400,20,0.05,12.3776,33.7504,20,1.0,2.107468,v2rl308,308,1,209.0,76.25,1.92635,0.0025,0.10977603704668581
c10_final_400_0018_bd,c10_final_400_0018,10,400,backdate,424242,0.5,400,20,0.05,12.3776,33.7504,20,1.0,2.107468,v2rl309,309,1,209.0,76.25,1.9334250000000004,0.0025,0.10890078102238476
c10_final_400_0018_bd,c10_final_400_0018,10,400,backdate,424242,0.5,400,20,0.05,12.3776,33.7504,20,1.0,2.107468,v2rl310,310,1,209.0,76.25,1.6277249999999999,0.0025,0.10783140501007438
c10_final_400_0019_bd,c10_final_400_0019,10,400,backdate,424242,0.5,400,51,0.1275,13.872,75.8323,47,3.2467,1.753488,edd,301,1,307.4592,92.0626,9.346298749999999,0.005,0.002302595996297896
c10_final_400_0019_bd,c10_final_400_0019,10,400,backdate,424242,0.5,400,51,0.1275,13.872,75.8323,47,3.2467,1.753488,pfifo,301,1,307.4592,92.0626,9.346298749999999,0.005,0.0023894039914011955
c10_final_400_0019_bd,c10_final_400_0019,10,400,backdate,424242,0.5,400,51,0.1275,13.872,75.8323,47,3.2467,1.753488,wspt,301,1,307.4592,92.0626,8.24790575,0.005,0.0028314340161159635
c10_final_400_0019_bd,c10_final_400_0019,10,400,backdate,424242,0.5,400,51,0.1275,13.872,75.8323,47,3.2467,1.753488,atc,301,1,307.4592,92.0626,8.2494905,0.005,0.006265852018259466
c10_final_400_0019_bd,c10_final_400_0019,10,400,backdate,424242,0.5,400,51,0.1275,13.872,75.8323,47,3.2467,1.753488,wmdd,301,1,307.4592,92.0626,9.346298749999999,0.005,0.003997483989223838
c10_final_400_0019_bd,c10_final_400_0019,10,400,backdate,424242,0.5,400,51,0.1275,13.872,75.8323,47,3.2467,1.753488,lpt,301,1,307.4592,92.0626,10.30252875,0.005,0.0024854509392753243
c10_final_400_0019_bd,c10_final_400_0019,10,400,backdate,424242,0.5,400,51,0.1275,13.872,75.8323,47,3.2467,1.753488,random,301,1,307.4592,92.0626,9.250163,0.005,0.0010336119448766112
c10_final_400_0019_bd,c10_final_400_0019,10,400,backdate,424242,0.5,400,51,0.1275,13.872,75.8323,47,3.2467,1.753488,v2rl301,301,1,307.4592,92.0626,10.30175575,0.005,0.0889373590471223
c10_final_400_0019_bd,c10_final_400_0019,10,400,backdate,424242,0.5,400,51,0.1275,13.872,75.8323,47,3.2467,1.753488,v2rl302,302,1,307.4592,92.0626,9.868602249999999,0.005,0.0877936159959063
c10_final_400_0019_bd,c10_final_400_0019,10,400,backdate,424242,0.5,400,51,0.1275,13.872,75.8323,47,3.2467,1.753488,v2rl303,303,1,307.4592,92.0626,8.83098825,0.005,0.09043750201817602
c10_final_400_0019_bd,c10_final_400_0019,10,400,backdate,424242,0.5,400,51,0.1275,13.872,75.8323,47,3.2467,1.753488,v2rl304,304,1,307.4592,92.0626,8.567674,0.005,0.09069379593711346
c10_final_400_0019_bd,c10_final_400_0019,10,400,backdate,424242,0.5,400,51,0.1275,13.872,75.8323,47,3.2467,1.753488,v2rl305,305,1,307.4592,92.0626,10.30175575,0.005,0.09042292297817767
c10_final_400_0019_bd,c10_final_400_0019,10,400,backdate,424242,0.5,400,51,0.1275,13.872,75.8323,47,3.2467,1.753488,v2rl306,306,1,307.4592,92.0626,10.30175575,0.005,0.08898480201605707
c10_final_400_0019_bd,c10_final_400_0019,10,400,backdate,424242,0.5,400,51,0.1275,13.872,75.8323,47,3.2467,1.753488,v2rl307,307,1,307.4592,92.0626,8.56642175,0.005,0.08898250001948327
c10_final_400_0019_bd,c10_final_400_0019,10,400,backdate,424242,0.5,400,51,0.1275,13.872,75.8323,47,3.2467,1.753488,v2rl308,308,1,307.4592,92.0626,10.13428425,0.005,0.08995244500692934
c10_final_400_0019_bd,c10_final_400_0019,10,400,backdate,424242,0.5,400,51,0.1275,13.872,75.8323,47,3.2467,1.753488,v2rl309,309,1,307.4592,92.0626,10.30175575,0.005,0.09005110897123814
c10_final_400_0019_bd,c10_final_400_0019,10,400,backdate,424242,0.5,400,51,0.1275,13.872,75.8323,47,3.2467,1.753488,v2rl310,310,1,307.4592,92.0626,8.582047499999998,0.005,0.08945025992579758
c10_final_400_0020_bd,c10_final_400_0020,10,400,backdate,424242,0.5,400,129,0.3225,12.6342,39.7277,102,8.0,0.716112,edd,301,1,161.0,59.75,2.706846,0.0075,0.0015136150177568197
c10_final_400_0020_bd,c10_final_400_0020,10,400,backdate,424242,0.5,400,129,0.3225,12.6342,39.7277,102,8.0,0.716112,pfifo,301,1,161.0,59.75,2.706846,0.0075,0.0014483480481430888
c10_final_400_0020_bd,c10_final_400_0020,10,400,backdate,424242,0.5,400,129,0.3225,12.6342,39.7277,102,8.0,0.716112,wspt,301,1,169.0,59.75,2.5741677500000004,0.0075,0.0015488899080082774
c10_final_400_0020_bd,c10_final_400_0020,10,400,backdate,424242,0.5,400,129,0.3225,12.6342,39.7277,102,8.0,0.716112,atc,301,1,161.0,59.75,2.58872775,0.0075,0.0027532350504770875
c10_final_400_0020_bd,c10_final_400_0020,10,400,backdate,424242,0.5,400,129,0.3225,12.6342,39.7277,102,8.0,0.716112,wmdd,301,1,161.0,59.75,2.706846,0.0075,0.0020306309452280402
c10_final_400_0020_bd,c10_final_400_0020,10,400,backdate,424242,0.5,400,129,0.3225,12.6342,39.7277,102,8.0,0.716112,lpt,301,1,161.0,59.75,2.94841175,0.0075,0.0014215289847925305
c10_final_400_0020_bd,c10_final_400_0020,10,400,backdate,424242,0.5,400,129,0.3225,12.6342,39.7277,102,8.0,0.716112,random,301,1,173.0,59.75,2.7031065,0.0075,0.0008507739985361695
c10_final_400_0020_bd,c10_final_400_0020,10,400,backdate,424242,0.5,400,129,0.3225,12.6342,39.7277,102,8.0,0.716112,v2rl301,301,1,161.0,59.75,2.93466175,0.0075,0.07704957900568843
c10_final_400_0020_bd,c10_final_400_0020,10,400,backdate,424242,0.5,400,129,0.3225,12.6342,39.7277,102,8.0,0.716112,v2rl302,302,1,161.0,59.75,2.9240367500000004,0.0075,0.07894037303049117
c10_final_400_0020_bd,c10_final_400_0020,10,400,backdate,424242,0.5,400,129,0.3225,12.6342,39.7277,102,8.0,0.716112,v2rl303,303,1,161.0,59.75,2.9240367500000004,0.0075,0.0793262260267511
c10_final_400_0020_bd,c10_final_400_0020,10,400,backdate,424242,0.5,400,129,0.3225,12.6342,39.7277,102,8.0,0.716112,v2rl304,304,1,161.0,59.75,2.598729,0.0075,0.07894118002150208
c10_final_400_0020_bd,c10_final_400_0020,10,400,backdate,424242,0.5,400,129,0.3225,12.6342,39.7277,102,8.0,0.716112,v2rl305,305,1,161.0,59.75,2.92591175,0.0075,0.07785237405914813
c10_final_400_0020_bd,c10_final_400_0020,10,400,backdate,424242,0.5,400,129,0.3225,12.6342,39.7277,102,8.0,0.716112,v2rl306,306,1,161.0,59.75,2.9246617500000003,0.0075,0.07760316005442291
c10_final_400_0020_bd,c10_final_400_0020,10,400,backdate,424242,0.5,400,129,0.3225,12.6342,39.7277,102,8.0,0.716112,v2rl307,307,1,161.0,59.75,2.5868539999999998,0.0075,0.07768828806001693
c10_final_400_0020_bd,c10_final_400_0020,10,400,backdate,424242,0.5,400,129,0.3225,12.6342,39.7277,102,8.0,0.716112,v2rl308,308,1,161.0,59.75,2.87077525,0.0075,0.07837054901756346
c10_final_400_0020_bd,c10_final_400_0020,10,400,backdate,424242,0.5,400,129,0.3225,12.6342,39.7277,102,8.0,0.716112,v2rl309,309,1,161.0,59.75,2.9240367500000004,0.0075,0.07866536302026361
c10_final_400_0020_bd,c10_final_400_0020,10,400,backdate,424242,0.5,400,129,0.3225,12.6342,39.7277,102,8.0,0.716112,v2rl310,310,1,161.0,59.75,2.66125925,0.0075,0.07833993702661246
c10_final_400_0021_bd,c10_final_400_0021,10,400,backdate,424242,0.5,400,67,0.1675,15.3397,39.4445,58,6.7522,1.216736,edd,301,1,0.0,92.3806,3.8166807500000006,0.0,0.002359703998081386
c10_final_400_0021_bd,c10_final_400_0021,10,400,backdate,424242,0.5,400,67,0.1675,15.3397,39.4445,58,6.7522,1.216736,pfifo,301,1,0.0,92.3806,3.8166807500000006,0.0,0.002512488979846239
c10_final_400_0021_bd,c10_final_400_0021,10,400,backdate,424242,0.5,400,67,0.1675,15.3397,39.4445,58,6.7522,1.216736,wspt,301,1,0.0,92.3806,3.7003845,0.0,0.0031846120255067945
c10_final_400_0021_bd,c10_final_400_0021,10,400,backdate,424242,0.5,400,67,0.1675,15.3397,39.4445,58,6.7522,1.216736,atc,301,1,0.0,92.3806,3.9034932499999995,0.0,0.006711470079608262
c10_final_400_0021_bd,c10_final_400_0021,10,400,backdate,424242,0.5,400,67,0.1675,15.3397,39.4445,58,6.7522,1.216736,wmdd,301,1,0.0,92.3806,3.8166807500000006,0.0,0.00420052302069962
c10_final_400_0021_bd,c10_final_400_0021,10,400,backdate,424242,0.5,400,67,0.1675,15.3397,39.4445,58,6.7522,1.216736,lpt,301,1,0.0,92.3806,4.09002075,0.0,0.002511506900191307
c10_final_400_0021_bd,c10_final_400_0021,10,400,backdate,424242,0.5,400,67,0.1675,15.3397,39.4445,58,6.7522,1.216736,random,301,1,0.0,92.3806,3.8039489999999994,0.0,0.0011035549687221646
c10_final_400_0021_bd,c10_final_400_0021,10,400,backdate,424242,0.5,400,67,0.1675,15.3397,39.4445,58,6.7522,1.216736,v2rl301,301,1,0.0,92.3806,4.082921249999999,0.0,0.09759167500305921
c10_final_400_0021_bd,c10_final_400_0021,10,400,backdate,424242,0.5,400,67,0.1675,15.3397,39.4445,58,6.7522,1.216736,v2rl302,302,1,0.0,92.3806,3.9816005000000003,0.0,0.09774398198351264
c10_final_400_0021_bd,c10_final_400_0021,10,400,backdate,424242,0.5,400,67,0.1675,15.3397,39.4445,58,6.7522,1.216736,v2rl303,303,1,0.0,92.3806,3.8938862499999995,0.0,0.09527664294000715
c10_final_400_0021_bd,c10_final_400_0021,10,400,backdate,424242,0.5,400,67,0.1675,15.3397,39.4445,58,6.7522,1.216736,v2rl304,304,1,0.0,92.3806,3.7803929999999997,0.0,0.09552905592136085
c10_final_400_0021_bd,c10_final_400_0021,10,400,backdate,424242,0.5,400,67,0.1675,15.3397,39.4445,58,6.7522,1.216736,v2rl305,305,1,0.0,92.3806,4.09002075,0.0,0.09752288903109729
c10_final_400_0021_bd,c10_final_400_0021,10,400,backdate,424242,0.5,400,67,0.1675,15.3397,39.4445,58,6.7522,1.216736,v2rl306,306,1,0.0,92.3806,4.09002075,0.0,0.09725320606958121
c10_final_400_0021_bd,c10_final_400_0021,10,400,backdate,424242,0.5,400,67,0.1675,15.3397,39.4445,58,6.7522,1.216736,v2rl307,307,1,0.0,92.3806,3.8039872499999996,0.0,0.09598357090726495
c10_final_400_0021_bd,c10_final_400_0021,10,400,backdate,424242,0.5,400,67,0.1675,15.3397,39.4445,58,6.7522,1.216736,v2rl308,308,1,0.0,92.3806,3.9999632499999995,0.0,0.09496508305892348
c10_final_400_0021_bd,c10_final_400_0021,10,400,backdate,424242,0.5,400,67,0.1675,15.3397,39.4445,58,6.7522,1.216736,v2rl309,309,1,0.0,92.3806,4.09002075,0.0,0.09538563899695873
c10_final_400_0021_bd,c10_final_400_0021,10,400,backdate,424242,0.5,400,67,0.1675,15.3397,39.4445,58,6.7522,1.216736,v2rl310,310,1,0.0,92.3806,3.8401319999999997,0.0,0.09584712504874915
c10_final_400_0022_bd,c10_final_400_0022,10,400,backdate,424242,0.5,400,78,0.195,9.1783,37.5292,53,12.35,0.876662,edd,301,1,0.0,96.069,4.568681999999999,0.0,0.0030112559907138348
c10_final_400_0022_bd,c10_final_400_0022,10,400,backdate,424242,0.5,400,78,0.195,9.1783,37.5292,53,12.35,0.876662,pfifo,301,1,0.0,96.069,4.568681999999999,0.0,0.003124103997834027
c10_final_400_0022_bd,c10_final_400_0022,10,400,backdate,424242,0.5,400,78,0.195,9.1783,37.5292,53,12.35,0.876662,wspt,301,1,0.0,96.069,4.371924,0.0,0.003195763914845884
c10_final_400_0022_bd,c10_final_400_0022,10,400,backdate,424242,0.5,400,78,0.195,9.1783,37.5292,53,12.35,0.876662,atc,301,1,0.0,96.069,4.371924,0.0,0.007364506018348038
c10_final_400_0022_bd,c10_final_400_0022,10,400,backdate,424242,0.5,400,78,0.195,9.1783,37.5292,53,12.35,0.876662,wmdd,301,1,0.0,96.069,4.568681999999999,0.0,0.004956871038302779
c10_final_400_0022_bd,c10_final_400_0022,10,400,backdate,424242,0.5,400,78,0.195,9.1783,37.5292,53,12.35,0.876662,lpt,301,1,0.0,96.069,4.591295,0.0,0.002764976001344621
c10_final_400_0022_bd,c10_final_400_0022,10,400,backdate,424242,0.5,400,78,0.195,9.1783,37.5292,53,12.35,0.876662,random,301,1,0.0,96.069,4.477622,0.0,0.0011547609465196729
c10_final_400_0022_bd,c10_final_400_0022,10,400,backdate,424242,0.5,400,78,0.195,9.1783,37.5292,53,12.35,0.876662,v2rl301,301,1,0.0,96.069,4.58923,0.0,0.09347632294520736
c10_final_400_0022_bd,c10_final_400_0022,10,400,backdate,424242,0.5,400,78,0.195,9.1783,37.5292,53,12.35,0.876662,v2rl302,302,1,0.0,96.069,4.3873240000000004,0.0,0.09058548498433083
c10_final_400_0022_bd,c10_final_400_0022,10,400,backdate,424242,0.5,400,78,0.195,9.1783,37.5292,53,12.35,0.876662,v2rl303,303,1,0.0,96.069,4.3873240000000004,0.0,0.09068411798216403
c10_final_400_0022_bd,c10_final_400_0022,10,400,backdate,424242,0.5,400,78,0.195,9.1783,37.5292,53,12.35,0.876662,v2rl304,304,1,0.0,96.069,4.3873240000000004,0.0,0.09214091894682497
c10_final_400_0022_bd,c10_final_400_0022,10,400,backdate,424242,0.5,400,78,0.195,9.1783,37.5292,53,12.35,0.876662,v2rl305,305,1,0.0,96.069,4.58923,0.0,0.0920974180335179
c10_final_400_0022_bd,c10_final_400_0022,10,400,backdate,424242,0.5,400,78,0.195,9.1783,37.5292,53,12.35,0.876662,v2rl306,306,1,0.0,96.069,4.58923,0.0,0.09192881896160543
c10_final_400_0022_bd,c10_final_400_0022,10,400,backdate,424242,0.5,400,78,0.195,9.1783,37.5292,53,12.35,0.876662,v2rl307,307,1,0.0,96.069,4.3873240000000004,0.0,0.09083503892179579
c10_final_400_0022_bd,c10_final_400_0022,10,400,backdate,424242,0.5,400,78,0.195,9.1783,37.5292,53,12.35,0.876662,v2rl308,308,1,0.0,96.069,4.409555,0.0,0.08915974898263812
c10_final_400_0022_bd,c10_final_400_0022,10,400,backdate,424242,0.5,400,78,0.195,9.1783,37.5292,53,12.35,0.876662,v2rl309,309,1,0.0,96.069,4.58923,0.0,0.09156024397816509
c10_final_400_0022_bd,c10_final_400_0022,10,400,backdate,424242,0.5,400,78,0.195,9.1783,37.5292,53,12.35,0.876662,v2rl310,310,1,0.0,96.069,4.3873240000000004,0.0,0.09181445394642651
c10_final_400_0023_bd,c10_final_400_0023,10,400,backdate,424242,0.5,400,228,0.57,13.2421,39.9416,129,20.7806,0.644862,edd,301,1,123.99999999999997,98.6087,5.5793235,0.005,0.0012133290292695165
c10_final_400_0023_bd,c10_final_400_0023,10,400,backdate,424242,0.5,400,228,0.57,13.2421,39.9416,129,20.7806,0.644862,pfifo,301,1,123.99999999999997,98.6087,5.5793235,0.005,0.001159077975898981
c10_final_400_0023_bd,c10_final_400_0023,10,400,backdate,424242,0.5,400,228,0.57,13.2421,39.9416,129,20.7806,0.644862,wspt,301,1,123.99999999999997,98.6087,5.3615509999999995,0.005,0.0011368740815669298
c10_final_400_0023_bd,c10_final_400_0023,10,400,backdate,424242,0.5,400,228,0.57,13.2421,39.9416,129,20.7806,0.644862,atc,301,1,123.99999999999997,98.6087,5.4934062500000005,0.005,0.0017431519227102399
c10_final_400_0023_bd,c10_final_400_0023,10,400,backdate,424242,0.5,400,228,0.57,13.2421,39.9416,129,20.7806,0.644862,wmdd,301,1,123.99999999999997,98.6087,5.5793235,0.005,0.0013253239449113607
c10_final_400_0023_bd,c10_final_400_0023,10,400,backdate,424242,0.5,400,228,0.57,13.2421,39.9416,129,20.7806,0.644862,lpt,301,1,123.99999999999997,98.6087,5.892210250000001,0.005,0.001118317013606429
c10_final_400_0023_bd,c10_final_400_0023,10,400,backdate,424242,0.5,400,228,0.57,13.2421,39.9416,129,20.7806,0.644862,random,301,1,123.99999999999997,98.6087,5.53292725,0.005,0.0009172080317512155
c10_final_400_0023_bd,c10_final_400_0023,10,400,backdate,424242,0.5,400,228,0.57,13.2421,39.9416,129,20.7806,0.644862,v2rl301,301,1,123.99999999999997,98.6087,5.769147749999999,0.005,0.07440855505410582
c10_final_400_0023_bd,c10_final_400_0023,10,400,backdate,424242,0.5,400,228,0.57,13.2421,39.9416,129,20.7806,0.644862,v2rl302,302,1,123.99999999999997,98.6087,5.735602,0.005,0.07480177795514464
c10_final_400_0023_bd,c10_final_400_0023,10,400,backdate,424242,0.5,400,228,0.57,13.2421,39.9416,129,20.7806,0.644862,v2rl303,303,1,123.99999999999997,98.6087,5.753726999999999,0.005,0.07476778095588088
c10_final_400_0023_bd,c10_final_400_0023,10,400,backdate,424242,0.5,400,228,0.57,13.2421,39.9416,129,20.7806,0.644862,v2rl304,304,1,123.99999999999997,98.6087,5.5215084999999995,0.005,0.07399771094787866
c10_final_400_0023_bd,c10_final_400_0023,10,400,backdate,424242,0.5,400,228,0.57,13.2421,39.9416,129,20.7806,0.644862,v2rl305,305,1,123.99999999999997,98.6087,5.767477,0.005,0.07460907602217048
c10_final_400_0023_bd,c10_final_400_0023,10,400,backdate,424242,0.5,400,228,0.57,13.2421,39.9416,129,20.7806,0.644862,v2rl306,306,1,123.99999999999997,98.6087,5.749352,0.005,0.072805140982382
c10_final_400_0023_bd,c10_final_400_0023,10,400,backdate,424242,0.5,400,228,0.57,13.2421,39.9416,129,20.7806,0.644862,v2rl307,307,1,123.99999999999997,98.6087,5.5310422500000005,0.005,0.0722091889474541
c10_final_400_0023_bd,c10_final_400_0023,10,400,backdate,424242,0.5,400,228,0.57,13.2421,39.9416,129,20.7806,0.644862,v2rl308,308,1,123.99999999999997,98.6087,5.672272749999999,0.005,0.07443544501438737
c10_final_400_0023_bd,c10_final_400_0023,10,400,backdate,424242,0.5,400,228,0.57,13.2421,39.9416,129,20.7806,0.644862,v2rl309,309,1,123.99999999999997,98.6087,5.751852,0.005,0.07435888808686286
c10_final_400_0023_bd,c10_final_400_0023,10,400,backdate,424242,0.5,400,228,0.57,13.2421,39.9416,129,20.7806,0.644862,v2rl310,310,1,123.99999999999997,98.6087,5.547033249999999,0.005,0.07420400099363178
c10_final_400_0024_bd,c10_final_400_0024,10,400,backdate,424242,0.5,400,0,0.0,0.0,0.0,0,1.0,2.50487,edd,301,1,0.0,13.0,2.443125,0.0,0.00435949710663408
c10_final_400_0024_bd,c10_final_400_0024,10,400,backdate,424242,0.5,400,0,0.0,0.0,0.0,0,1.0,2.50487,pfifo,301,1,0.0,13.0,2.443125,0.0,0.0046659690560773015
c10_final_400_0024_bd,c10_final_400_0024,10,400,backdate,424242,0.5,400,0,0.0,0.0,0.0,0,1.0,2.50487,wspt,301,1,0.0,15.25,2.2725,0.0,0.005086396005935967
c10_final_400_0024_bd,c10_final_400_0024,10,400,backdate,424242,0.5,400,0,0.0,0.0,0.0,0,1.0,2.50487,atc,301,1,0.0,10.0,2.596875,0.0,0.012190317967906594
c10_final_400_0024_bd,c10_final_400_0024,10,400,backdate,424242,0.5,400,0,0.0,0.0,0.0,0,1.0,2.50487,wmdd,301,1,0.0,13.0,2.443125,0.0,0.00796523003373295
c10_final_400_0024_bd,c10_final_400_0024,10,400,backdate,424242,0.5,400,0,0.0,0.0,0.0,0,1.0,2.50487,lpt,301,1,0.0,10.0,3.975,0.0,0.00419780402444303
c10_final_400_0024_bd,c10_final_400_0024,10,400,backdate,424242,0.5,400,0,0.0,0.0,0.0,0,1.0,2.50487,random,301,1,0.0,15.25,2.86625,0.0,0.0011560679413378239
c10_final_400_0024_bd,c10_final_400_0024,10,400,backdate,424242,0.5,400,0,0.0,0.0,0.0,0,1.0,2.50487,v2rl301,301,1,0.0,10.0,3.975,0.0,0.10475866601336747
c10_final_400_0024_bd,c10_final_400_0024,10,400,backdate,424242,0.5,400,0,0.0,0.0,0.0,0,1.0,2.50487,v2rl302,302,1,0.0,10.0,3.894375,0.0,0.10300529899541289
c10_final_400_0024_bd,c10_final_400_0024,10,400,backdate,424242,0.5,400,0,0.0,0.0,0.0,0,1.0,2.50487,v2rl303,303,1,0.0,15.0,2.49875,0.0,0.10173846909310669
c10_final_400_0024_bd,c10_final_400_0024,10,400,backdate,424242,0.5,400,0,0.0,0.0,0.0,0,1.0,2.50487,v2rl304,304,1,0.0,10.0,2.509375,0.0,0.10419507801998407
c10_final_400_0024_bd,c10_final_400_0024,10,400,backdate,424242,0.5,400,0,0.0,0.0,0.0,0,1.0,2.50487,v2rl305,305,1,0.0,10.0,3.975,0.0,0.10509976907633245
c10_final_400_0024_bd,c10_final_400_0024,10,400,backdate,424242,0.5,400,0,0.0,0.0,0.0,0,1.0,2.50487,v2rl306,306,1,0.0,10.0,3.975,0.0,0.10163288901094347
c10_final_400_0024_bd,c10_final_400_0024,10,400,backdate,424242,0.5,400,0,0.0,0.0,0.0,0,1.0,2.50487,v2rl307,307,1,0.0,10.0,3.641875,0.0,0.10349171492271125
c10_final_400_0024_bd,c10_final_400_0024,10,400,backdate,424242,0.5,400,0,0.0,0.0,0.0,0,1.0,2.50487,v2rl308,308,1,0.0,10.0,3.948125,0.0,0.10423692699987441
c10_final_400_0024_bd,c10_final_400_0024,10,400,backdate,424242,0.5,400,0,0.0,0.0,0.0,0,1.0,2.50487,v2rl309,309,1,0.0,14.0,2.61625,0.0,0.10270012496039271
c10_final_400_0024_bd,c10_final_400_0024,10,400,backdate,424242,0.5,400,0,0.0,0.0,0.0,0,1.0,2.50487,v2rl310,310,1,0.0,10.0,3.5925,0.0,0.10141592496074736
c10_final_400_0025_bd,c10_final_400_0025,10,400,backdate,424242,0.5,400,16,0.04,12.9391,36.9119,15,3.445,1.139427,edd,301,1,0.0,25.049699999999998,8.583798,0.0,0.002411138964816928
c10_final_400_0025_bd,c10_final_400_0025,10,400,backdate,424242,0.5,400,16,0.04,12.9391,36.9119,15,3.445,1.139427,pfifo,301,1,0.0,25.049699999999998,8.583798,0.0,0.0025377669371664524
c10_final_400_0025_bd,c10_final_400_0025,10,400,backdate,424242,0.5,400,16,0.04,12.9391,36.9119,15,3.445,1.139427,wspt,301,1,0.0,25.3,5.996192,0.0,0.0030283519299700856
c10_final_400_0025_bd,c10_final_400_0025,10,400,backdate,424242,0.5,400,16,0.04,12.9391,36.9119,15,3.445,1.139427,atc,301,1,0.0,24.799999999999997,7.425063249999999,0.0,0.006612599012441933
c10_final_400_0025_bd,c10_final_400_0025,10,400,backdate,424242,0.5,400,16,0.04,12.9391,36.9119,15,3.445,1.139427,wmdd,301,1,0.0,25.049699999999998,8.583798,0.0,0.00422930798958987
c10_final_400_0025_bd,c10_final_400_0025,10,400,backdate,424242,0.5,400,16,0.04,12.9391,36.9119,15,3.445,1.139427,lpt,301,1,0.0,24.0997,9.6678115,0.0,0.0026304760249331594
c10_final_400_0025_bd,c10_final_400_0025,10,400,backdate,424242,0.5,400,16,0.04,12.9391,36.9119,15,3.445,1.139427,random,301,1,0.0,24.0494,7.644419499999999,0.0,0.0010959870414808393
c10_final_400_0025_bd,c10_final_400_0025,10,400,backdate,424242,0.5,400,16,0.04,12.9391,36.9119,15,3.445,1.139427,v2rl301,301,1,0.0,24.049999999999997,9.374346,0.0,0.09855607897043228
c10_final_400_0025_bd,c10_final_400_0025,10,400,backdate,424242,0.5,400,16,0.04,12.9391,36.9119,15,3.445,1.139427,v2rl302,302,1,0.0,24.199699999999996,9.08543725,0.0,0.096479631960392
c10_final_400_0025_bd,c10_final_400_0025,10,400,backdate,424242,0.5,400,16,0.04,12.9391,36.9119,15,3.445,1.139427,v2rl303,303,1,0.0,24.5997,8.22907875,0.0,0.09951655298937112
c10_final_400_0025_bd,c10_final_400_0025,10,400,backdate,424242,0.5,400,16,0.04,12.9391,36.9119,15,3.445,1.139427,v2rl304,304,1,0.0,24.8497,6.697860499999999,0.0,0.09798622492235154
c10_final_400_0025_bd,c10_final_400_0025,10,400,backdate,424242,0.5,400,16,0.04,12.9391,36.9119,15,3.445,1.139427,v2rl305,305,1,0.0,24.049999999999997,9.36404475,0.0,0.09757755696773529
c10_final_400_0025_bd,c10_final_400_0025,10,400,backdate,424242,0.5,400,16,0.04,12.9391,36.9119,15,3.445,1.139427,v2rl306,306,1,0.0,24.0994,9.383433499999999,0.0,0.09695786808151752
c10_final_400_0025_bd,c10_final_400_0025,10,400,backdate,424242,0.5,400,16,0.04,12.9391,36.9119,15,3.445,1.139427,v2rl307,307,1,0.0,25.799999999999997,6.790229749999998,0.0,0.09684832498896867
c10_final_400_0025_bd,c10_final_400_0025,10,400,backdate,424242,0.5,400,16,0.04,12.9391,36.9119,15,3.445,1.139427,v2rl308,308,1,0.0,24.2994,8.994194,0.0,0.09874569997191429
c10_final_400_0025_bd,c10_final_400_0025,10,400,backdate,424242,0.5,400,16,0.04,12.9391,36.9119,15,3.445,1.139427,v2rl309,309,1,0.0,24.0994,9.372999499999999,0.0,0.09589483996387571
c10_final_400_0025_bd,c10_final_400_0025,10,400,backdate,424242,0.5,400,16,0.04,12.9391,36.9119,15,3.445,1.139427,v2rl310,310,1,0.0,25.049999999999997,6.87301675,0.0,0.09580594196449965
c10_final_400_0026_bd,c10_final_400_0026,10,400,backdate,424242,0.5,400,85,0.2125,14.4065,73.5688,65,8.0,0.792102,edd,301,1,117.0,96.3623,2.7353064999999996,0.0025,0.0025823679752647877
c10_final_400_0026_bd,c10_final_400_0026,10,400,backdate,424242,0.5,400,85,0.2125,14.4065,73.5688,65,8.0,0.792102,pfifo,301,1,117.0,96.3623,2.7353064999999996,0.0025,0.0027399170212447643
c10_final_400_0026_bd,c10_final_400_0026,10,400,backdate,424242,0.5,400,85,0.2125,14.4065,73.5688,65,8.0,0.792102,wspt,301,1,117.0,96.3623,2.6685815,0.0025,0.002840450033545494
c10_final_400_0026_bd,c10_final_400_0026,10,400,backdate,424242,0.5,400,85,0.2125,14.4065,73.5688,65,8.0,0.792102,atc,301,1,117.0,96.3623,2.7172565000000004,0.0025,0.006446245010010898
c10_final_400_0026_bd,c10_final_400_0026,10,400,backdate,424242,0.5,400,85,0.2125,14.4065,73.5688,65,8.0,0.792102,wmdd,301,1,117.0,96.3623,2.7353064999999996,0.0025,0.004204713040962815
c10_final_400_0026_bd,c10_final_400_0026,10,400,backdate,424242,0.5,400,85,0.2125,14.4065,73.5688,65,8.0,0.792102,lpt,301,1,117.0,96.3623,2.8220315,0.0025,0.0024417609674856067
c10_final_400_0026_bd,c10_final_400_0026,10,400,backdate,424242,0.5,400,85,0.2125,14.4065,73.5688,65,8.0,0.792102,random,301,1,117.0,96.3623,2.7253315,0.0025,0.0010323029709979892
c10_final_400_0026_bd,c10_final_400_0026,10,400,backdate,424242,0.5,400,85,0.2125,14.4065,73.5688,65,8.0,0.792102,v2rl301,301,1,117.0,96.3623,2.8220315,0.0025,0.08777447801548988
c10_final_400_0026_bd,c10_final_400_0026,10,400,backdate,424242,0.5,400,85,0.2125,14.4065,73.5688,65,8.0,0.792102,v2rl302,302,1,117.0,96.3623,2.7652815,0.0025,0.08573223394341767
c10_final_400_0026_bd,c10_final_400_0026,10,400,backdate,424242,0.5,400,85,0.2125,14.4065,73.5688,65,8.0,0.792102,v2rl303,303,1,117.0,96.3623,2.7557565,0.0025,0.08765368303284049
c10_final_400_0026_bd,c10_final_400_0026,10,400,backdate,424242,0.5,400,85,0.2125,14.4065,73.5688,65,8.0,0.792102,v2rl304,304,1,117.0,96.3623,2.6895065,0.0025,0.0877729409839958
c10_final_400_0026_bd,c10_final_400_0026,10,400,backdate,424242,0.5,400,85,0.2125,14.4065,73.5688,65,8.0,0.792102,v2rl305,305,1,117.0,96.3623,2.8220315,0.0025,0.08789005305152386
c10_final_400_0026_bd,c10_final_400_0026,10,400,backdate,424242,0.5,400,85,0.2125,14.4065,73.5688,65,8.0,0.792102,v2rl306,306,1,117.0,96.3623,2.8220315,0.0025,0.08589719503652304
c10_final_400_0026_bd,c10_final_400_0026,10,400,backdate,424242,0.5,400,85,0.2125,14.4065,73.5688,65,8.0,0.792102,v2rl307,307,1,117.0,96.3623,2.6938815,0.0025,0.08722605102229863
c10_final_400_0026_bd,c10_final_400_0026,10,400,backdate,424242,0.5,400,85,0.2125,14.4065,73.5688,65,8.0,0.792102,v2rl308,308,1,117.0,96.3623,2.7654065,0.0025,0.08772556704934686
c10_final_400_0026_bd,c10_final_400_0026,10,400,backdate,424242,0.5,400,85,0.2125,14.4065,73.5688,65,8.0,0.792102,v2rl309,309,1,117.0,96.3623,2.8220315,0.0025,0.08784518798347563
c10_final_400_0026_bd,c10_final_400_0026,10,400,backdate,424242,0.5,400,85,0.2125,14.4065,73.5688,65,8.0,0.792102,v2rl310,310,1,117.0,96.3623,2.6963814999999998,0.0025,0.08530698402319103
c10_final_400_0027_bd,c10_final_400_0027,10,400,backdate,424242,0.5,400,54,0.135,13.2533,59.0528,51,2.9261,0.782001,edd,301,1,0.0,93.6326,1.2857032499999996,0.0,0.0024314819602295756
c10_final_400_0027_bd,c10_final_400_0027,10,400,backdate,424242,0.5,400,54,0.135,13.2533,59.0528,51,2.9261,0.782001,pfifo,301,1,0.0,93.6326,1.2857032499999996,0.0,0.002635937067680061
c10_final_400_0027_bd,c10_final_400_0027,10,400,backdate,424242,0.5,400,54,0.135,13.2533,59.0528,51,2.9261,0.782001,wspt,301,1,0.0,93.6326,1.2455559999999997,0.0,0.0031333810184150934
c10_final_400_0027_bd,c10_final_400_0027,10,400,backdate,424242,0.5,400,54,0.135,13.2533,59.0528,51,2.9261,0.782001,atc,301,1,0.0,93.6326,1.2697535,0.0,0.0078026410192251205
c10_final_400_0027_bd,c10_final_400_0027,10,400,backdate,424242,0.5,400,54,0.135,13.2533,59.0528,51,2.9261,0.782001,wmdd,301,1,0.0,93.6326,1.2857032499999996,0.0,0.0044022329384461045
c10_final_400_0027_bd,c10_final_400_0027,10,400,backdate,424242,0.5,400,54,0.135,13.2533,59.0528,51,2.9261,0.782001,lpt,301,1,0.0,93.6326,1.32459,0.0,0.0026624129386618733
c10_final_400_0027_bd,c10_final_400_0027,10,400,backdate,424242,0.5,400,54,0.135,13.2533,59.0528,51,2.9261,0.782001,random,301,1,0.0,93.6326,1.2812394999999999,0.0,0.0010649890173226595
c10_final_400_0027_bd,c10_final_400_0027,10,400,backdate,424242,0.5,400,54,0.135,13.2533,59.0528,51,2.9261,0.782001,v2rl301,301,1,0.0,93.6326,1.32136575,0.0,0.09252731804735959
c10_final_400_0027_bd,c10_final_400_0027,10,400,backdate,424242,0.5,400,54,0.135,13.2533,59.0528,51,2.9261,0.782001,v2rl302,302,1,0.0,93.6326,1.29774575,0.0,0.0919008320197463
c10_final_400_0027_bd,c10_final_400_0027,10,400,backdate,424242,0.5,400,54,0.135,13.2533,59.0528,51,2.9261,0.782001,v2rl303,303,1,0.0,93.6326,1.29712075,0.0,0.09353749395813793
c10_final_400_0027_bd,c10_final_400_0027,10,400,backdate,424242,0.5,400,54,0.135,13.2533,59.0528,51,2.9261,0.782001,v2rl304,304,1,0.0,93.6326,1.2612074999999998,0.0,0.09431542293168604
c10_final_400_0027_bd,c10_final_400_0027,10,400,backdate,424242,0.5,400,54,0.135,13.2533,59.0528,51,2.9261,0.782001,v2rl305,305,1,0.0,93.6326,1.3224164999999999,0.0,0.09223499603103846
c10_final_400_0027_bd,c10_final_400_0027,10,400,backdate,424242,0.5,400,54,0.135,13.2533,59.0528,51,2.9261,0.782001,v2rl306,306,1,0.0,93.6326,1.322715,0.0,0.0924505339935422
c10_final_400_0027_bd,c10_final_400_0027,10,400,backdate,424242,0.5,400,54,0.135,13.2533,59.0528,51,2.9261,0.782001,v2rl307,307,1,0.0,93.6326,1.2605825,0.0,0.09369984897784889
c10_final_400_0027_bd,c10_final_400_0027,10,400,backdate,424242,0.5,400,54,0.135,13.2533,59.0528,51,2.9261,0.782001,v2rl308,308,1,0.0,93.6326,1.29777075,0.0,0.0935220189858228
c10_final_400_0027_bd,c10_final_400_0027,10,400,backdate,424242,0.5,400,54,0.135,13.2533,59.0528,51,2.9261,0.782001,v2rl309,309,1,0.0,93.6326,1.322715,0.0,0.09113548509776592
c10_final_400_0027_bd,c10_final_400_0027,10,400,backdate,424242,0.5,400,54,0.135,13.2533,59.0528,51,2.9261,0.782001,v2rl310,310,1,0.0,93.6326,1.2605825,0.0,0.09164902090560645
c10_final_400_0028_bd,c10_final_400_0028,10,400,backdate,424242,0.5,400,124,0.31,17.1629,80.4451,95,11.0214,0.46846,edd,301,1,0.0,90.8648,3.2161067500000002,0.0,0.0017679519951343536
c10_final_400_0028_bd,c10_final_400_0028,10,400,backdate,424242,0.5,400,124,0.31,17.1629,80.4451,95,11.0214,0.46846,pfifo,301,1,0.0,90.8648,3.2161067500000002,0.0,0.0017858990468084812
c10_final_400_0028_bd,c10_final_400_0028,10,400,backdate,424242,0.5,400,124,0.31,17.1629,80.4451,95,11.0214,0.46846,wspt,301,1,0.0,90.8648,2.85638625,0.0,0.0019698060350492597
c10_final_400_0028_bd,c10_final_400_0028,10,400,backdate,424242,0.5,400,124,0.31,17.1629,80.4451,95,11.0214,0.46846,atc,301,1,0.0,90.8648,3.01692975,0.0,0.00399688899051398
c10_final_400_0028_bd,c10_final_400_0028,10,400,backdate,424242,0.5,400,124,0.31,17.1629,80.4451,95,11.0214,0.46846,wmdd,301,1,0.0,90.8648,3.2161067500000002,0.0,0.0027651599375531077
c10_final_400_0028_bd,c10_final_400_0028,10,400,backdate,424242,0.5,400,124,0.31,17.1629,80.4451,95,11.0214,0.46846,lpt,301,1,0.0,90.8648,3.8206617499999997,0.0,0.0018752029864117503
c10_final_400_0028_bd,c10_final_400_0028,10,400,backdate,424242,0.5,400,124,0.31,17.1629,80.4451,95,11.0214,0.46846,random,301,1,0.0,90.8648,3.15867725,0.0,0.0009876900585368276
c10_final_400_0028_bd,c10_final_400_0028,10,400,backdate,424242,0.5,400,124,0.31,17.1629,80.4451,95,11.0214,0.46846,v2rl301,301,1,0.0,90.8648,3.7997782500000006,0.0,0.08633936592377722
c10_final_400_0028_bd,c10_final_400_0028,10,400,backdate,424242,0.5,400,124,0.31,17.1629,80.4451,95,11.0214,0.46846,v2rl302,302,1,0.0,90.8648,3.7835532499999998,0.0,0.0867771350312978
c10_final_400_0028_bd,c10_final_400_0028,10,400,backdate,424242,0.5,400,124,0.31,17.1629,80.4451,95,11.0214,0.46846,v2rl303,303,1,0.0,90.8648,3.7041612500000003,0.0,0.08779932500328869
c10_final_400_0028_bd,c10_final_400_0028,10,400,backdate,424242,0.5,400,124,0.31,17.1629,80.4451,95,11.0214,0.46846,v2rl304,304,1,0.0,90.8648,3.0874537500000003,0.0,0.08651246898807585
c10_final_400_0028_bd,c10_final_400_0028,10,400,backdate,424242,0.5,400,124,0.31,17.1629,80.4451,95,11.0214,0.46846,v2rl305,305,1,0.0,90.8648,3.7930044999999994,0.0,0.08613862295169383
c10_final_400_0028_bd,c10_final_400_0028,10,400,backdate,424242,0.5,400,124,0.31,17.1629,80.4451,95,11.0214,0.46846,v2rl306,306,1,0.0,90.8648,3.7997782499999992,0.0,0.0857848710147664
c10_final_400_0028_bd,c10_final_400_0028,10,400,backdate,424242,0.5,400,124,0.31,17.1629,80.4451,95,11.0214,0.46846,v2rl307,307,1,0.0,90.8648,3.02436075,0.0,0.08578569605015218
c10_final_400_0028_bd,c10_final_400_0028,10,400,backdate,424242,0.5,400,124,0.31,17.1629,80.4451,95,11.0214,0.46846,v2rl308,308,1,0.0,90.8648,3.7614507500000003,0.0,0.08732102101203054
c10_final_400_0028_bd,c10_final_400_0028,10,400,backdate,424242,0.5,400,124,0.31,17.1629,80.4451,95,11.0214,0.46846,v2rl309,309,1,0.0,90.8648,3.7997782499999992,0.0,0.08624249196145684
c10_final_400_0028_bd,c10_final_400_0028,10,400,backdate,424242,0.5,400,124,0.31,17.1629,80.4451,95,11.0214,0.46846,v2rl310,310,1,0.0,90.8648,3.394815500000001,0.0,0.08406772697344422
c10_final_400_0029_bd,c10_final_400_0029,10,400,backdate,424242,0.5,400,83,0.2075,11.9033,38.7492,51,9.6061,0.505526,edd,301,1,0.0,98.9004,2.6072182500000003,0.0,0.0019894069992005825
c10_final_400_0029_bd,c10_final_400_0029,10,400,backdate,424242,0.5,400,83,0.2075,11.9033,38.7492,51,9.6061,0.505526,pfifo,301,1,0.0,98.9004,2.6072182500000003,0.0,0.0020832339068874717
c10_final_400_0029_bd,c10_final_400_0029,10,400,backdate,424242,0.5,400,83,0.2075,11.9033,38.7492,51,9.6061,0.505526,wspt,301,1,0.0,98.9004,2.4315040000000003,0.0,0.002398779965005815
c10_final_400_0029_bd,c10_final_400_0029,10,400,backdate,424242,0.5,400,83,0.2075,11.9033,38.7492,51,9.6061,0.505526,atc,301,1,0.0,98.9004,2.4375480000000005,0.0,0.0052243859972804785
c10_final_400_0029_bd,c10_final_400_0029,10,400,backdate,424242,0.5,400,83,0.2075,11.9033,38.7492,51,9.6061,0.505526,wmdd,301,1,0.0,98.9004,2.6072182500000003,0.0,0.003301313961856067
c10_final_400_0029_bd,c10_final_400_0029,10,400,backdate,424242,0.5,400,83,0.2075,11.9033,38.7492,51,9.6061,0.505526,lpt,301,1,0.0,98.9004,2.9155885,0.0,0.0022147679701447487
c10_final_400_0029_bd,c10_final_400_0029,10,400,backdate,424242,0.5,400,83,0.2075,11.9033,38.7492,51,9.6061,0.505526,random,301,1,0.0,98.9004,2.6104295000000004,0.0,0.0010156030766665936
c10_final_400_0029_bd,c10_final_400_0029,10,400,backdate,424242,0.5,400,83,0.2075,11.9033,38.7492,51,9.6061,0.505526,v2rl301,301,1,0.0,98.9004,2.9155885000000006,0.0,0.08950715197715908
c10_final_400_0029_bd,c10_final_400_0029,10,400,backdate,424242,0.5,400,83,0.2075,11.9033,38.7492,51,9.6061,0.505526,v2rl302,302,1,0.0,98.9004,2.71712225,0.0,0.09124358999542892
c10_final_400_0029_bd,c10_final_400_0029,10,400,backdate,424242,0.5,400,83,0.2075,11.9033,38.7492,51,9.6061,0.505526,v2rl303,303,1,0.0,98.9004,2.5010615000000005,0.0,0.09196142898872495
c10_final_400_0029_bd,c10_final_400_0029,10,400,backdate,424242,0.5,400,83,0.2075,11.9033,38.7492,51,9.6061,0.505526,v2rl304,304,1,0.0,98.9004,2.4766217500000005,0.0,0.09106021199841052
c10_final_400_0029_bd,c10_final_400_0029,10,400,backdate,424242,0.5,400,83,0.2075,11.9033,38.7492,51,9.6061,0.505526,v2rl305,305,1,0.0,98.9004,2.9141120000000007,0.0,0.08916696498636156
c10_final_400_0029_bd,c10_final_400_0029,10,400,backdate,424242,0.5,400,83,0.2075,11.9033,38.7492,51,9.6061,0.505526,v2rl306,306,1,0.0,98.9004,2.9155885,0.0,0.09141828294377774
c10_final_400_0029_bd,c10_final_400_0029,10,400,backdate,424242,0.5,400,83,0.2075,11.9033,38.7492,51,9.6061,0.505526,v2rl307,307,1,0.0,98.9004,2.4772717500000003,0.0,0.09163505304604769
c10_final_400_0029_bd,c10_final_400_0029,10,400,backdate,424242,0.5,400,83,0.2075,11.9033,38.7492,51,9.6061,0.505526,v2rl308,308,1,0.0,98.9004,2.7036925000000003,0.0,0.09049376496113837
c10_final_400_0029_bd,c10_final_400_0029,10,400,backdate,424242,0.5,400,83,0.2075,11.9033,38.7492,51,9.6061,0.505526,v2rl309,309,1,0.0,98.9004,2.9155885,0.0,0.08878232899587601
c10_final_400_0029_bd,c10_final_400_0029,10,400,backdate,424242,0.5,400,83,0.2075,11.9033,38.7492,51,9.6061,0.505526,v2rl310,310,1,0.0,98.9004,2.5045335000000004,0.0,0.09082739299628884
c12_final_150_0000_bd,c12_final_150_0000,12,150,backdate,424242,0.5,150,133,0.886667,21.3823,84.8326,122,6.4425,0.858708,edd,301,1,354.0,91.8648,6.972328666666667,0.02666666666666667,0.0005672950064763427
c12_final_150_0000_bd,c12_final_150_0000,12,150,backdate,424242,0.5,150,133,0.886667,21.3823,84.8326,122,6.4425,0.858708,pfifo,301,1,354.0,91.8648,6.972328666666667,0.02666666666666667,0.0005182600580155849
c12_final_150_0000_bd,c12_final_150_0000,12,150,backdate,424242,0.5,150,133,0.886667,21.3823,84.8326,122,6.4425,0.858708,wspt,301,1,358.0,91.8648,6.965662000000001,0.02666666666666667,0.0005070909392088652
c12_final_150_0000_bd,c12_final_150_0000,12,150,backdate,424242,0.5,150,133,0.886667,21.3823,84.8326,122,6.4425,0.858708,atc,301,1,354.0,91.8648,6.965662000000001,0.02666666666666667,0.0008280780166387558
c12_final_150_0000_bd,c12_final_150_0000,12,150,backdate,424242,0.5,150,133,0.886667,21.3823,84.8326,122,6.4425,0.858708,wmdd,301,1,354.0,91.8648,6.972328666666667,0.02666666666666667,0.0006098529556766152
c12_final_150_0000_bd,c12_final_150_0000,12,150,backdate,424242,0.5,150,133,0.886667,21.3823,84.8326,122,6.4425,0.858708,lpt,301,1,354.852,90.8648,7.0358186666666676,0.02666666666666667,0.00048128305934369564
c12_final_150_0000_bd,c12_final_150_0000,12,150,backdate,424242,0.5,150,133,0.886667,21.3823,84.8326,122,6.4425,0.858708,random,301,1,354.0,90.8648,6.965662000000001,0.02666666666666667,0.0003655219916254282
c12_final_150_0000_bd,c12_final_150_0000,12,150,backdate,424242,0.5,150,133,0.886667,21.3823,84.8326,122,6.4425,0.858708,v2rl301,301,1,354.852,90.8648,6.987440666666666,0.02666666666666667,0.027599871973507106
c12_final_150_0000_bd,c12_final_150_0000,12,150,backdate,424242,0.5,150,133,0.886667,21.3823,84.8326,122,6.4425,0.858708,v2rl302,302,1,354.852,90.8648,7.007126666666666,0.02666666666666667,0.027780086966231465
c12_final_150_0000_bd,c12_final_150_0000,12,150,backdate,424242,0.5,150,133,0.886667,21.3823,84.8326,122,6.4425,0.858708,v2rl303,303,1,354.0,90.8648,6.99404,0.02666666666666667,0.028038442018441856
c12_final_150_0000_bd,c12_final_150_0000,12,150,backdate,424242,0.5,150,133,0.886667,21.3823,84.8326,122,6.4425,0.858708,v2rl304,304,1,354.852,90.8648,6.982222666666667,0.02666666666666667,0.02799546893220395
c12_final_150_0000_bd,c12_final_150_0000,12,150,backdate,424242,0.5,150,133,0.886667,21.3823,84.8326,122,6.4425,0.858708,v2rl305,305,1,354.852,90.8648,7.007126666666666,0.02666666666666667,0.02786202693823725
c12_final_150_0000_bd,c12_final_150_0000,12,150,backdate,424242,0.5,150,133,0.886667,21.3823,84.8326,122,6.4425,0.858708,v2rl306,306,1,354.852,90.8648,7.007126666666666,0.02666666666666667,0.028087749029509723
c12_final_150_0000_bd,c12_final_150_0000,12,150,backdate,424242,0.5,150,133,0.886667,21.3823,84.8326,122,6.4425,0.858708,v2rl307,307,1,354.0,90.8648,6.968995333333334,0.02666666666666667,0.028035766910761595
c12_final_150_0000_bd,c12_final_150_0000,12,150,backdate,424242,0.5,150,133,0.886667,21.3823,84.8326,122,6.4425,0.858708,v2rl308,308,1,354.852,90.8648,6.980556,0.02666666666666667,0.02833915303926915
c12_final_150_0000_bd,c12_final_150_0000,12,150,backdate,424242,0.5,150,133,0.886667,21.3823,84.8326,122,6.4425,0.858708,v2rl309,309,1,354.852,90.8648,7.007126666666666,0.02666666666666667,0.028011820977553725
c12_final_150_0000_bd,c12_final_150_0000,12,150,backdate,424242,0.5,150,133,0.886667,21.3823,84.8326,122,6.4425,0.858708,v2rl310,310,1,354.852,90.8648,6.978889333333333,0.02666666666666667,0.027428072993643582
c12_final_150_0001_bd,c12_final_150_0001,12,150,backdate,424242,0.5,150,137,0.913333,8.233,80.5774,32,16.0,0.159817,edd,301,1,1058.9184,95.2317,3.170765333333333,0.04666666666666667,0.0005060420371592045
c12_final_150_0001_bd,c12_final_150_0001,12,150,backdate,424242,0.5,150,137,0.913333,8.233,80.5774,32,16.0,0.159817,pfifo,301,1,1058.9184,95.2317,3.170765333333333,0.04666666666666667,0.0004311739467084408
c12_final_150_0001_bd,c12_final_150_0001,12,150,backdate,424242,0.5,150,137,0.913333,8.233,80.5774,32,16.0,0.159817,wspt,301,1,1058.9184,95.2317,3.170765333333333,0.04666666666666667,0.000428464962169528
c12_final_150_0001_bd,c12_final_150_0001,12,150,backdate,424242,0.5,150,137,0.913333,8.233,80.5774,32,16.0,0.159817,atc,301,1,1058.9184,95.2317,3.170765333333333,0.04666666666666667,0.0005304740043357015
c12_final_150_0001_bd,c12_final_150_0001,12,150,backdate,424242,0.5,150,137,0.913333,8.233,80.5774,32,16.0,0.159817,wmdd,301,1,1058.9184,95.2317,3.170765333333333,0.04666666666666667,0.00044224492739886045
c12_final_150_0001_bd,c12_final_150_0001,12,150,backdate,424242,0.5,150,137,0.913333,8.233,80.5774,32,16.0,0.159817,lpt,301,1,1058.9184,95.2317,3.170765333333333,0.04666666666666667,0.000413366942666471
c12_final_150_0001_bd,c12_final_150_0001,12,150,backdate,424242,0.5,150,137,0.913333,8.233,80.5774,32,16.0,0.159817,random,301,1,1058.9184,95.2317,3.170765333333333,0.04666666666666667,0.0003919759765267372
c12_final_150_0001_bd,c12_final_150_0001,12,150,backdate,424242,0.5,150,137,0.913333,8.233,80.5774,32,16.0,0.159817,v2rl301,301,1,1058.9184,95.2317,3.170765333333333,0.04666666666666667,0.02607935294508934
c12_final_150_0001_bd,c12_final_150_0001,12,150,backdate,424242,0.5,150,137,0.913333,8.233,80.5774,32,16.0,0.159817,v2rl302,302,1,1058.9184,95.2317,3.170765333333333,0.04666666666666667,0.026282576960511506
c12_final_150_0001_bd,c12_final_150_0001,12,150,backdate,424242,0.5,150,137,0.913333,8.233,80.5774,32,16.0,0.159817,v2rl303,303,1,1058.9184,95.2317,3.170765333333333,0.04666666666666667,0.026218106038868427
c12_final_150_0001_bd,c12_final_150_0001,12,150,backdate,424242,0.5,150,137,0.913333,8.233,80.5774,32,16.0,0.159817,v2rl304,304,1,1058.9184,95.2317,3.170765333333333,0.04666666666666667,0.026202291017398238
c12_final_150_0001_bd,c12_final_150_0001,12,150,backdate,424242,0.5,150,137,0.913333,8.233,80.5774,32,16.0,0.159817,v2rl305,305,1,1058.9184,95.2317,3.170765333333333,0.04666666666666667,0.026182896923273802
c12_final_150_0001_bd,c12_final_150_0001,12,150,backdate,424242,0.5,150,137,0.913333,8.233,80.5774,32,16.0,0.159817,v2rl306,306,1,1058.9184,95.2317,3.170765333333333,0.04666666666666667,0.026200792053714395
c12_final_150_0001_bd,c12_final_150_0001,12,150,backdate,424242,0.5,150,137,0.913333,8.233,80.5774,32,16.0,0.159817,v2rl307,307,1,1058.9184,95.2317,3.170765333333333,0.04666666666666667,0.026651686988770962
c12_final_150_0001_bd,c12_final_150_0001,12,150,backdate,424242,0.5,150,137,0.913333,8.233,80.5774,32,16.0,0.159817,v2rl308,308,1,1058.9184,95.2317,3.170765333333333,0.04666666666666667,0.026261319988407195
c12_final_150_0001_bd,c12_final_150_0001,12,150,backdate,424242,0.5,150,137,0.913333,8.233,80.5774,32,16.0,0.159817,v2rl309,309,1,1058.9184,95.2317,3.170765333333333,0.04666666666666667,0.02649125491734594
c12_final_150_0001_bd,c12_final_150_0001,12,150,backdate,424242,0.5,150,137,0.913333,8.233,80.5774,32,16.0,0.159817,v2rl310,310,1,1058.9184,95.2317,3.170765333333333,0.04666666666666667,0.025420838966965675
c12_final_150_0002_bd,c12_final_150_0002,12,150,backdate,424242,0.5,150,129,0.86,23.065,84.1703,107,12.2778,0.58208,edd,301,1,2393.8368,90.8648,8.901860666666666,0.04666666666666667,0.0005827499553561211
c12_final_150_0002_bd,c12_final_150_0002,12,150,backdate,424242,0.5,150,129,0.86,23.065,84.1703,107,12.2778,0.58208,pfifo,301,1,2393.8368,90.8648,8.901860666666666,0.04666666666666667,0.0005118020344525576
c12_final_150_0002_bd,c12_final_150_0002,12,150,backdate,424242,0.5,150,129,0.86,23.065,84.1703,107,12.2778,0.58208,wspt,301,1,2393.8368,90.8648,8.896860666666667,0.04666666666666667,0.0005142070585861802
c12_final_150_0002_bd,c12_final_150_0002,12,150,backdate,424242,0.5,150,129,0.86,23.065,84.1703,107,12.2778,0.58208,atc,301,1,2393.8368,90.8648,8.898527333333334,0.04666666666666667,0.0007927250117063522
c12_final_150_0002_bd,c12_final_150_0002,12,150,backdate,424242,0.5,150,129,0.86,23.065,84.1703,107,12.2778,0.58208,wmdd,301,1,2393.8368,90.8648,8.901860666666666,0.04666666666666667,0.0006059339502826333
c12_final_150_0002_bd,c12_final_150_0002,12,150,backdate,424242,0.5,150,129,0.86,23.065,84.1703,107,12.2778,0.58208,lpt,301,1,2393.8368,90.8648,8.916860666666667,0.04666666666666667,0.00048278202302753925
c12_final_150_0002_bd,c12_final_150_0002,12,150,backdate,424242,0.5,150,129,0.86,23.065,84.1703,107,12.2778,0.58208,random,301,1,2393.8368,90.8648,8.905194,0.04666666666666667,0.00039029307663440704
c12_final_150_0002_bd,c12_final_150_0002,12,150,backdate,424242,0.5,150,129,0.86,23.065,84.1703,107,12.2778,0.58208,v2rl301,301,1,2393.8368,90.8648,8.901860666666666,0.04666666666666667,0.028218612889759243
c12_final_150_0002_bd,c12_final_150_0002,12,150,backdate,424242,0.5,150,129,0.86,23.065,84.1703,107,12.2778,0.58208,v2rl302,302,1,2393.8368,90.8648,8.913527333333333,0.04666666666666667,0.02785313595086336
c12_final_150_0002_bd,c12_final_150_0002,12,150,backdate,424242,0.5,150,129,0.86,23.065,84.1703,107,12.2778,0.58208,v2rl303,303,1,2393.8368,90.8648,8.913527333333333,0.04666666666666667,0.027993778930976987
c12_final_150_0002_bd,c12_final_150_0002,12,150,backdate,424242,0.5,150,129,0.86,23.065,84.1703,107,12.2778,0.58208,v2rl304,304,1,2393.8368,90.8648,8.898527333333334,0.04666666666666667,0.028194542974233627
c12_final_150_0002_bd,c12_final_150_0002,12,150,backdate,424242,0.5,150,129,0.86,23.065,84.1703,107,12.2778,0.58208,v2rl305,305,1,2393.8368,90.8648,8.913527333333333,0.04666666666666667,0.02776176400948316
c12_final_150_0002_bd,c12_final_150_0002,12,150,backdate,424242,0.5,150,129,0.86,23.065,84.1703,107,12.2778,0.58208,v2rl306,306,1,2393.8368,90.8648,8.913527333333333,0.04666666666666667,0.02796290791593492
c12_final_150_0002_bd,c12_final_150_0002,12,150,backdate,424242,0.5,150,129,0.86,23.065,84.1703,107,12.2778,0.58208,v2rl307,307,1,2393.8368,90.8648,8.898527333333334,0.04666666666666667,0.027048522024415433
c12_final_150_0002_bd,c12_final_150_0002,12,150,backdate,424242,0.5,150,129,0.86,23.065,84.1703,107,12.2778,0.58208,v2rl308,308,1,2393.8368,90.8648,8.901860666666666,0.04666666666666667,0.026947706006467342
c12_final_150_0002_bd,c12_final_150_0002,12,150,backdate,424242,0.5,150,129,0.86,23.065,84.1703,107,12.2778,0.58208,v2rl309,309,1,2393.8368,90.8648,8.913527333333333,0.04666666666666667,0.02732251095585525
c12_final_150_0002_bd,c12_final_150_0002,12,150,backdate,424242,0.5,150,129,0.86,23.065,84.1703,107,12.2778,0.58208,v2rl310,310,1,2393.8368,90.8648,8.911860666666666,0.04666666666666667,0.02696931699756533
c12_final_150_0003_bd,c12_final_150_0003,12,150,backdate,424242,0.5,150,126,0.84,18.4863,85.2934,84,10.5492,0.567087,edd,301,1,1020.0,92.1765,7.418073333333333,0.03333333333333333,0.0005460020620375872
c12_final_150_0003_bd,c12_final_150_0003,12,150,backdate,424242,0.5,150,126,0.84,18.4863,85.2934,84,10.5492,0.567087,pfifo,301,1,1020.0,92.1765,7.418073333333333,0.03333333333333333,0.0004803580231964588
c12_final_150_0003_bd,c12_final_150_0003,12,150,backdate,424242,0.5,150,126,0.84,18.4863,85.2934,84,10.5492,0.567087,wspt,301,1,1020.0,92.1765,7.418073333333333,0.03333333333333333,0.0004634390352293849
c12_final_150_0003_bd,c12_final_150_0003,12,150,backdate,424242,0.5,150,126,0.84,18.4863,85.2934,84,10.5492,0.567087,atc,301,1,1020.0,92.1765,7.418073333333333,0.03333333333333333,0.0006422149017453194
c12_final_150_0003_bd,c12_final_150_0003,12,150,backdate,424242,0.5,150,126,0.84,18.4863,85.2934,84,10.5492,0.567087,wmdd,301,1,1020.0,92.1765,7.418073333333333,0.03333333333333333,0.0005170899676159024
c12_final_150_0003_bd,c12_final_150_0003,12,150,backdate,424242,0.5,150,126,0.84,18.4863,85.2934,84,10.5492,0.567087,lpt,301,1,1020.0,92.1765,7.418073333333333,0.03333333333333333,0.00044517393689602613
c12_final_150_0003_bd,c12_final_150_0003,12,150,backdate,424242,0.5,150,126,0.84,18.4863,85.2934,84,10.5492,0.567087,random,301,1,1020.0,92.1765,7.418073333333333,0.03333333333333333,0.00039021798875182867
c12_final_150_0003_bd,c12_final_150_0003,12,150,backdate,424242,0.5,150,126,0.84,18.4863,85.2934,84,10.5492,0.567087,v2rl301,301,1,1020.0,92.1765,7.418073333333333,0.03333333333333333,0.027760682976804674
c12_final_150_0003_bd,c12_final_150_0003,12,150,backdate,424242,0.5,150,126,0.84,18.4863,85.2934,84,10.5492,0.567087,v2rl302,302,1,1020.0,92.1765,7.418073333333333,0.03333333333333333,0.02709437592420727
c12_final_150_0003_bd,c12_final_150_0003,12,150,backdate,424242,0.5,150,126,0.84,18.4863,85.2934,84,10.5492,0.567087,v2rl303,303,1,1020.0,92.1765,7.418073333333333,0.03333333333333333,0.02730518509633839
c12_final_150_0003_bd,c12_final_150_0003,12,150,backdate,424242,0.5,150,126,0.84,18.4863,85.2934,84,10.5492,0.567087,v2rl304,304,1,1020.0,92.1765,7.418073333333333,0.03333333333333333,0.026306070969440043
c12_final_150_0003_bd,c12_final_150_0003,12,150,backdate,424242,0.5,150,126,0.84,18.4863,85.2934,84,10.5492,0.567087,v2rl305,305,1,1020.0,92.1765,7.418073333333333,0.03333333333333333,0.026257042889483273
c12_final_150_0003_bd,c12_final_150_0003,12,150,backdate,424242,0.5,150,126,0.84,18.4863,85.2934,84,10.5492,0.567087,v2rl306,306,1,1020.0,92.1765,7.418073333333333,0.03333333333333333,0.02651986200362444
c12_final_150_0003_bd,c12_final_150_0003,12,150,backdate,424242,0.5,150,126,0.84,18.4863,85.2934,84,10.5492,0.567087,v2rl307,307,1,1020.0,92.1765,7.418073333333333,0.03333333333333333,0.026298068929463625
c12_final_150_0003_bd,c12_final_150_0003,12,150,backdate,424242,0.5,150,126,0.84,18.4863,85.2934,84,10.5492,0.567087,v2rl308,308,1,1020.0,92.1765,7.418073333333333,0.03333333333333333,0.02657388395164162
c12_final_150_0003_bd,c12_final_150_0003,12,150,backdate,424242,0.5,150,126,0.84,18.4863,85.2934,84,10.5492,0.567087,v2rl309,309,1,1020.0,92.1765,7.418073333333333,0.03333333333333333,0.027022348949685693
c12_final_150_0003_bd,c12_final_150_0003,12,150,backdate,424242,0.5,150,126,0.84,18.4863,85.2934,84,10.5492,0.567087,v2rl310,310,1,1020.0,92.1765,7.418073333333333,0.03333333333333333,0.02720148500520736
c12_final_150_0004_bd,c12_final_150_0004,12,150,backdate,424242,0.5,150,119,0.793333,21.9317,82.4868,110,5.5939,0.564603,edd,301,1,345.0,53.25,3.975944666666667,0.02666666666666667,0.0006066570058465004
c12_final_150_0004_bd,c12_final_150_0004,12,150,backdate,424242,0.5,150,119,0.793333,21.9317,82.4868,110,5.5939,0.564603,pfifo,301,1,345.0,53.25,3.975944666666667,0.02666666666666667,0.0005320119671523571
c12_final_150_0004_bd,c12_final_150_0004,12,150,backdate,424242,0.5,150,119,0.793333,21.9317,82.4868,110,5.5939,0.564603,wspt,301,1,346.0,53.5,3.9616113333333334,0.02666666666666667,0.0005284060025587678
c12_final_150_0004_bd,c12_final_150_0004,12,150,backdate,424242,0.5,150,119,0.793333,21.9317,82.4868,110,5.5939,0.564603,atc,301,1,345.0,53.0,3.9632780000000003,0.02666666666666667,0.0008749400731176138
c12_final_150_0004_bd,c12_final_150_0004,12,150,backdate,424242,0.5,150,119,0.793333,21.9317,82.4868,110,5.5939,0.564603,wmdd,301,1,345.0,53.25,3.975944666666667,0.02666666666666667,0.0006427069893106818
c12_final_150_0004_bd,c12_final_150_0004,12,150,backdate,424242,0.5,150,119,0.793333,21.9317,82.4868,110,5.5939,0.564603,lpt,301,1,345.0,53.0,4.000944666666666,0.02666666666666667,0.0005110269412398338
c12_final_150_0004_bd,c12_final_150_0004,12,150,backdate,424242,0.5,150,119,0.793333,21.9317,82.4868,110,5.5939,0.564603,random,301,1,345.0,53.0,3.968278,0.02666666666666667,0.0003845180617645383
c12_final_150_0004_bd,c12_final_150_0004,12,150,backdate,424242,0.5,150,119,0.793333,21.9317,82.4868,110,5.5939,0.564603,v2rl301,301,1,345.0,53.0,3.989278,0.02666666666666667,0.028851061942987144
c12_final_150_0004_bd,c12_final_150_0004,12,150,backdate,424242,0.5,150,119,0.793333,21.9317,82.4868,110,5.5939,0.564603,v2rl302,302,1,345.0,53.0,3.9976113333333334,0.02666666666666667,0.028208132018335164
c12_final_150_0004_bd,c12_final_150_0004,12,150,backdate,424242,0.5,150,119,0.793333,21.9317,82.4868,110,5.5939,0.564603,v2rl303,303,1,345.0,53.0,3.9716113333333336,0.02666666666666667,0.027630719006992877
c12_final_150_0004_bd,c12_final_150_0004,12,150,backdate,424242,0.5,150,119,0.793333,21.9317,82.4868,110,5.5939,0.564603,v2rl304,304,1,345.0,53.0,3.9726113333333335,0.02666666666666667,0.027854281943291426
c12_final_150_0004_bd,c12_final_150_0004,12,150,backdate,424242,0.5,150,119,0.793333,21.9317,82.4868,110,5.5939,0.564603,v2rl305,305,1,345.0,53.0,3.9976113333333334,0.02666666666666667,0.027352622942999005
c12_final_150_0004_bd,c12_final_150_0004,12,150,backdate,424242,0.5,150,119,0.793333,21.9317,82.4868,110,5.5939,0.564603,v2rl306,306,1,345.0,53.0,3.9976113333333334,0.02666666666666667,0.027412088005803525
c12_final_150_0004_bd,c12_final_150_0004,12,150,backdate,424242,0.5,150,119,0.793333,21.9317,82.4868,110,5.5939,0.564603,v2rl307,307,1,345.0,53.0,3.9666113333333337,0.02666666666666667,0.028196368948556483
c12_final_150_0004_bd,c12_final_150_0004,12,150,backdate,424242,0.5,150,119,0.793333,21.9317,82.4868,110,5.5939,0.564603,v2rl308,308,1,345.0,53.0,3.989278,0.02666666666666667,0.028384236036799848
c12_final_150_0004_bd,c12_final_150_0004,12,150,backdate,424242,0.5,150,119,0.793333,21.9317,82.4868,110,5.5939,0.564603,v2rl309,309,1,345.0,53.0,3.9976113333333334,0.02666666666666667,0.02814239403232932
c12_final_150_0004_bd,c12_final_150_0004,12,150,backdate,424242,0.5,150,119,0.793333,21.9317,82.4868,110,5.5939,0.564603,v2rl310,310,1,345.0,53.0,3.969944666666667,0.02666666666666667,0.028197484090924263
c12_final_150_0005_bd,c12_final_150_0005,12,150,backdate,424242,0.5,150,133,0.886667,17.1674,85.0398,83,8.7239,0.352665,edd,301,1,192.0,76.0,3.854711333333333,0.02666666666666667,0.0005443510599434376
c12_final_150_0005_bd,c12_final_150_0005,12,150,backdate,424242,0.5,150,133,0.886667,17.1674,85.0398,83,8.7239,0.352665,pfifo,301,1,192.0,76.0,3.854711333333333,0.02666666666666667,0.0004605069989338517
c12_final_150_0005_bd,c12_final_150_0005,12,150,backdate,424242,0.5,150,133,0.886667,17.1674,85.0398,83,8.7239,0.352665,wspt,301,1,192.0,76.0,3.84323,0.02666666666666667,0.00045149691868573427
c12_final_150_0005_bd,c12_final_150_0005,12,150,backdate,424242,0.5,150,133,0.886667,17.1674,85.0398,83,8.7239,0.352665,atc,301,1,192.0,76.0,3.84323,0.02666666666666667,0.0006562559865415096
c12_final_150_0005_bd,c12_final_150_0005,12,150,backdate,424242,0.5,150,133,0.886667,17.1674,85.0398,83,8.7239,0.352665,wmdd,301,1,192.0,76.0,3.854711333333333,0.02666666666666667,0.0005027409642934799
c12_final_150_0005_bd,c12_final_150_0005,12,150,backdate,424242,0.5,150,133,0.886667,17.1674,85.0398,83,8.7239,0.352665,lpt,301,1,192.0,76.0,3.8713779999999995,0.02666666666666667,0.00043470796663314104
c12_final_150_0005_bd,c12_final_150_0005,12,150,backdate,424242,0.5,150,133,0.886667,17.1674,85.0398,83,8.7239,0.352665,random,301,1,192.0,76.0,3.8480446666666666,0.02666666666666667,0.00037417805287986994
c12_final_150_0005_bd,c12_final_150_0005,12,150,backdate,424242,0.5,150,133,0.886667,17.1674,85.0398,83,8.7239,0.352665,v2rl301,301,1,192.0,76.0,3.8480446666666666,0.02666666666666667,0.026501026935875416
c12_final_150_0005_bd,c12_final_150_0005,12,150,backdate,424242,0.5,150,133,0.886667,17.1674,85.0398,83,8.7239,0.352665,v2rl302,302,1,192.0,76.0,3.8680446666666666,0.02666666666666667,0.02649988408666104
c12_final_150_0005_bd,c12_final_150_0005,12,150,backdate,424242,0.5,150,133,0.886667,17.1674,85.0398,83,8.7239,0.352665,v2rl303,303,1,192.0,76.0,3.8680446666666666,0.02666666666666667,0.02624117594677955
c12_final_150_0005_bd,c12_final_150_0005,12,150,backdate,424242,0.5,150,133,0.886667,17.1674,85.0398,83,8.7239,0.352665,v2rl304,304,1,192.0,76.0,3.854711333333333,0.02666666666666667,0.02612199797295034
c12_final_150_0005_bd,c12_final_150_0005,12,150,backdate,424242,0.5,150,133,0.886667,17.1674,85.0398,83,8.7239,0.352665,v2rl305,305,1,192.0,76.0,3.8680446666666666,0.02666666666666667,0.02660089696291834
c12_final_150_0005_bd,c12_final_150_0005,12,150,backdate,424242,0.5,150,133,0.886667,17.1674,85.0398,83,8.7239,0.352665,v2rl306,306,1,192.0,76.0,3.8680446666666666,0.02666666666666667,0.026793494005687535
c12_final_150_0005_bd,c12_final_150_0005,12,150,backdate,424242,0.5,150,133,0.886667,17.1674,85.0398,83,8.7239,0.352665,v2rl307,307,1,192.0,76.0,3.8450819999999997,0.02666666666666667,0.026868241955526173
c12_final_150_0005_bd,c12_final_150_0005,12,150,backdate,424242,0.5,150,133,0.886667,17.1674,85.0398,83,8.7239,0.352665,v2rl308,308,1,192.0,76.0,3.8480446666666666,0.02666666666666667,0.02670327201485634
c12_final_150_0005_bd,c12_final_150_0005,12,150,backdate,424242,0.5,150,133,0.886667,17.1674,85.0398,83,8.7239,0.352665,v2rl309,309,1,192.0,76.0,3.8680446666666666,0.02666666666666667,0.026799982064403594
c12_final_150_0005_bd,c12_final_150_0005,12,150,backdate,424242,0.5,150,133,0.886667,17.1674,85.0398,83,8.7239,0.352665,v2rl310,310,1,192.0,76.0,3.8680446666666666,0.02666666666666667,0.026823666994459927
c12_final_150_0006_bd,c12_final_150_0006,12,150,backdate,424242,0.5,150,140,0.933333,17.9938,82.0296,95,16.5456,0.322904,edd,301,1,1098.9184,105.9517,6.6265306666666675,0.03333333333333333,0.0005590260261669755
c12_final_150_0006_bd,c12_final_150_0006,12,150,backdate,424242,0.5,150,140,0.933333,17.9938,82.0296,95,16.5456,0.322904,pfifo,301,1,1098.9184,105.9517,6.6265306666666675,0.03333333333333333,0.00048572407104074955
c12_final_150_0006_bd,c12_final_150_0006,12,150,backdate,424242,0.5,150,140,0.933333,17.9938,82.0296,95,16.5456,0.322904,wspt,301,1,1098.9184,105.9517,6.6265306666666675,0.03333333333333333,0.000473974971100688
c12_final_150_0006_bd,c12_final_150_0006,12,150,backdate,424242,0.5,150,140,0.933333,17.9938,82.0296,95,16.5456,0.322904,atc,301,1,1098.9184,105.9517,6.6265306666666675,0.03333333333333333,0.0007070300634950399
c12_final_150_0006_bd,c12_final_150_0006,12,150,backdate,424242,0.5,150,140,0.933333,17.9938,82.0296,95,16.5456,0.322904,wmdd,301,1,1098.9184,105.9517,6.6265306666666675,0.03333333333333333,0.0005616550333797932
c12_final_150_0006_bd,c12_final_150_0006,12,150,backdate,424242,0.5,150,140,0.933333,17.9938,82.0296,95,16.5456,0.322904,lpt,301,1,1098.9184,105.9517,6.6265306666666675,0.03333333333333333,0.00045597704593092203
c12_final_150_0006_bd,c12_final_150_0006,12,150,backdate,424242,0.5,150,140,0.933333,17.9938,82.0296,95,16.5456,0.322904,random,301,1,1098.9184,105.9517,6.6265306666666675,0.03333333333333333,0.0003844010643661022
c12_final_150_0006_bd,c12_final_150_0006,12,150,backdate,424242,0.5,150,140,0.933333,17.9938,82.0296,95,16.5456,0.322904,v2rl301,301,1,1098.9184,105.9517,6.6265306666666675,0.03333333333333333,0.02670742094051093
c12_final_150_0006_bd,c12_final_150_0006,12,150,backdate,424242,0.5,150,140,0.933333,17.9938,82.0296,95,16.5456,0.322904,v2rl302,302,1,1098.9184,105.9517,6.6265306666666675,0.03333333333333333,0.02674760902300477
c12_final_150_0006_bd,c12_final_150_0006,12,150,backdate,424242,0.5,150,140,0.933333,17.9938,82.0296,95,16.5456,0.322904,v2rl303,303,1,1098.9184,105.9517,6.6265306666666675,0.03333333333333333,0.02633076801430434
c12_final_150_0006_bd,c12_final_150_0006,12,150,backdate,424242,0.5,150,140,0.933333,17.9938,82.0296,95,16.5456,0.322904,v2rl304,304,1,1098.9184,105.9517,6.6265306666666675,0.03333333333333333,0.02660625008866191
c12_final_150_0006_bd,c12_final_150_0006,12,150,backdate,424242,0.5,150,140,0.933333,17.9938,82.0296,95,16.5456,0.322904,v2rl305,305,1,1098.9184,105.9517,6.6265306666666675,0.03333333333333333,0.027137464028783143
c12_final_150_0006_bd,c12_final_150_0006,12,150,backdate,424242,0.5,150,140,0.933333,17.9938,82.0296,95,16.5456,0.322904,v2rl306,306,1,1098.9184,105.9517,6.6265306666666675,0.03333333333333333,0.027223480981774628
c12_final_150_0006_bd,c12_final_150_0006,12,150,backdate,424242,0.5,150,140,0.933333,17.9938,82.0296,95,16.5456,0.322904,v2rl307,307,1,1098.9184,105.9517,6.6265306666666675,0.03333333333333333,0.02711212309077382
c12_final_150_0006_bd,c12_final_150_0006,12,150,backdate,424242,0.5,150,140,0.933333,17.9938,82.0296,95,16.5456,0.322904,v2rl308,308,1,1098.9184,105.9517,6.6265306666666675,0.03333333333333333,0.02709093305747956
c12_final_150_0006_bd,c12_final_150_0006,12,150,backdate,424242,0.5,150,140,0.933333,17.9938,82.0296,95,16.5456,0.322904,v2rl309,309,1,1098.9184,105.9517,6.6265306666666675,0.03333333333333333,0.02717185497749597
c12_final_150_0006_bd,c12_final_150_0006,12,150,backdate,424242,0.5,150,140,0.933333,17.9938,82.0296,95,16.5456,0.322904,v2rl310,310,1,1098.9184,105.9517,6.6265306666666675,0.03333333333333333,0.02741241897456348
c12_final_150_0007_bd,c12_final_150_0007,12,150,backdate,424242,0.5,150,125,0.833333,23.6961,81.816,109,7.5394,0.444832,edd,301,1,60.0,38.5,4.264527333333334,0.02,0.0005450419848784804
c12_final_150_0007_bd,c12_final_150_0007,12,150,backdate,424242,0.5,150,125,0.833333,23.6961,81.816,109,7.5394,0.444832,pfifo,301,1,60.0,38.5,4.264527333333334,0.02,0.0004742109449580312
c12_final_150_0007_bd,c12_final_150_0007,12,150,backdate,424242,0.5,150,125,0.833333,23.6961,81.816,109,7.5394,0.444832,wspt,301,1,60.0,38.5,4.197860666666667,0.02,0.0004814770072698593
c12_final_150_0007_bd,c12_final_150_0007,12,150,backdate,424242,0.5,150,125,0.833333,23.6961,81.816,109,7.5394,0.444832,atc,301,1,60.0,38.5,4.201194,0.02,0.0007138090441003442
c12_final_150_0007_bd,c12_final_150_0007,12,150,backdate,424242,0.5,150,125,0.833333,23.6961,81.816,109,7.5394,0.444832,wmdd,301,1,60.0,38.5,4.264527333333334,0.02,0.0005599249852821231
c12_final_150_0007_bd,c12_final_150_0007,12,150,backdate,424242,0.5,150,125,0.833333,23.6961,81.816,109,7.5394,0.444832,lpt,301,1,60.0,38.5,4.277860666666666,0.02,0.0004511720035225153
c12_final_150_0007_bd,c12_final_150_0007,12,150,backdate,424242,0.5,150,125,0.833333,23.6961,81.816,109,7.5394,0.444832,random,301,1,60.0,38.5,4.214527333333334,0.02,0.00037652498576790094
c12_final_150_0007_bd,c12_final_150_0007,12,150,backdate,424242,0.5,150,125,0.833333,23.6961,81.816,109,7.5394,0.444832,v2rl301,301,1,60.0,38.5,4.216194,0.02,0.0269811520120129
c12_final_150_0007_bd,c12_final_150_0007,12,150,backdate,424242,0.5,150,125,0.833333,23.6961,81.816,109,7.5394,0.444832,v2rl302,302,1,60.0,38.5,4.274527333333333,0.02,0.02662408701144159
c12_final_150_0007_bd,c12_final_150_0007,12,150,backdate,424242,0.5,150,125,0.833333,23.6961,81.816,109,7.5394,0.444832,v2rl303,303,1,60.0,38.5,4.274527333333333,0.02,0.026521850028075278
c12_final_150_0007_bd,c12_final_150_0007,12,150,backdate,424242,0.5,150,125,0.833333,23.6961,81.816,109,7.5394,0.444832,v2rl304,304,1,60.0,38.5,4.204527333333334,0.02,0.02692845102865249
c12_final_150_0007_bd,c12_final_150_0007,12,150,backdate,424242,0.5,150,125,0.833333,23.6961,81.816,109,7.5394,0.444832,v2rl305,305,1,60.0,38.5,4.274527333333333,0.02,0.027218244969844818
c12_final_150_0007_bd,c12_final_150_0007,12,150,backdate,424242,0.5,150,125,0.833333,23.6961,81.816,109,7.5394,0.444832,v2rl306,306,1,60.0,38.5,4.274527333333333,0.02,0.027441408019512892
c12_final_150_0007_bd,c12_final_150_0007,12,150,backdate,424242,0.5,150,125,0.833333,23.6961,81.816,109,7.5394,0.444832,v2rl307,307,1,60.0,38.5,4.202860666666667,0.02,0.027110639959573746
c12_final_150_0007_bd,c12_final_150_0007,12,150,backdate,424242,0.5,150,125,0.833333,23.6961,81.816,109,7.5394,0.444832,v2rl308,308,1,60.0,38.5,4.209527333333334,0.02,0.027221419964917004
c12_final_150_0007_bd,c12_final_150_0007,12,150,backdate,424242,0.5,150,125,0.833333,23.6961,81.816,109,7.5394,0.444832,v2rl309,309,1,60.0,38.5,4.274527333333333,0.02,0.027400290011428297
c12_final_150_0007_bd,c12_final_150_0007,12,150,backdate,424242,0.5,150,125,0.833333,23.6961,81.816,109,7.5394,0.444832,v2rl310,310,1,60.0,38.5,4.234527333333333,0.02,0.027490703971125185
c12_final_150_0008_bd,c12_final_150_0008,12,150,backdate,424242,0.5,150,136,0.906667,23.4178,83.7216,90,10.6686,0.464717,edd,301,1,926.0,90.8648,6.174224666666667,0.05333333333333334,0.0005305280210450292
c12_final_150_0008_bd,c12_final_150_0008,12,150,backdate,424242,0.5,150,136,0.906667,23.4178,83.7216,90,10.6686,0.464717,pfifo,301,1,926.0,90.8648,6.174224666666667,0.05333333333333334,0.00045922398567199707
c12_final_150_0008_bd,c12_final_150_0008,12,150,backdate,424242,0.5,150,136,0.906667,23.4178,83.7216,90,10.6686,0.464717,wspt,301,1,926.0,90.8648,6.1742246666666665,0.05333333333333334,0.00046232796739786863
c12_final_150_0008_bd,c12_final_150_0008,12,150,backdate,424242,0.5,150,136,0.906667,23.4178,83.7216,90,10.6686,0.464717,atc,301,1,926.0,90.8648,6.1742246666666665,0.05333333333333334,0.0006481859600171447
c12_final_150_0008_bd,c12_final_150_0008,12,150,backdate,424242,0.5,150,136,0.906667,23.4178,83.7216,90,10.6686,0.464717,wmdd,301,1,926.0,90.8648,6.174224666666667,0.05333333333333334,0.0005125849274918437
c12_final_150_0008_bd,c12_final_150_0008,12,150,backdate,424242,0.5,150,136,0.906667,23.4178,83.7216,90,10.6686,0.464717,lpt,301,1,926.0,90.8648,6.177558,0.05333333333333334,0.0004296980332583189
c12_final_150_0008_bd,c12_final_150_0008,12,150,backdate,424242,0.5,150,136,0.906667,23.4178,83.7216,90,10.6686,0.464717,random,301,1,926.0,90.8648,6.174224666666667,0.05333333333333334,0.00038519001100212336
c12_final_150_0008_bd,c12_final_150_0008,12,150,backdate,424242,0.5,150,136,0.906667,23.4178,83.7216,90,10.6686,0.464717,v2rl301,301,1,926.0,90.8648,6.177558,0.05333333333333334,0.027137940982356668
c12_final_150_0008_bd,c12_final_150_0008,12,150,backdate,424242,0.5,150,136,0.906667,23.4178,83.7216,90,10.6686,0.464717,v2rl302,302,1,926.0,90.8648,6.174224666666667,0.05333333333333334,0.02703059697523713
c12_final_150_0008_bd,c12_final_150_0008,12,150,backdate,424242,0.5,150,136,0.906667,23.4178,83.7216,90,10.6686,0.464717,v2rl303,303,1,926.0,90.8648,6.174224666666667,0.05333333333333334,0.02714203391224146
c12_final_150_0008_bd,c12_final_150_0008,12,150,backdate,424242,0.5,150,136,0.906667,23.4178,83.7216,90,10.6686,0.464717,v2rl304,304,1,926.0,90.8648,6.174224666666667,0.05333333333333334,0.027063639950938523
c12_final_150_0008_bd,c12_final_150_0008,12,150,backdate,424242,0.5,150,136,0.906667,23.4178,83.7216,90,10.6686,0.464717,v2rl305,305,1,926.0,90.8648,6.174224666666667,0.05333333333333334,0.02703257300890982
c12_final_150_0008_bd,c12_final_150_0008,12,150,backdate,424242,0.5,150,136,0.906667,23.4178,83.7216,90,10.6686,0.464717,v2rl306,306,1,926.0,90.8648,6.174224666666667,0.05333333333333334,0.02713545795995742
c12_final_150_0008_bd,c12_final_150_0008,12,150,backdate,424242,0.5,150,136,0.906667,23.4178,83.7216,90,10.6686,0.464717,v2rl307,307,1,926.0,90.8648,6.174224666666667,0.05333333333333334,0.02725492895115167
c12_final_150_0008_bd,c12_final_150_0008,12,150,backdate,424242,0.5,150,136,0.906667,23.4178,83.7216,90,10.6686,0.464717,v2rl308,308,1,926.0,90.8648,6.177558,0.05333333333333334,0.02696092799305916
c12_final_150_0008_bd,c12_final_150_0008,12,150,backdate,424242,0.5,150,136,0.906667,23.4178,83.7216,90,10.6686,0.464717,v2rl309,309,1,926.0,90.8648,6.174224666666667,0.05333333333333334,0.026931192027404904
c12_final_150_0008_bd,c12_final_150_0008,12,150,backdate,424242,0.5,150,136,0.906667,23.4178,83.7216,90,10.6686,0.464717,v2rl310,310,1,926.0,90.8648,6.174224666666667,0.05333333333333334,0.026206561946310103
c12_final_150_0009_bd,c12_final_150_0009,12,150,backdate,424242,0.5,150,132,0.88,22.7951,85.5933,83,16.0,0.257157,edd,301,1,276.79999999999995,51.25,5.112,0.03333333333333333,0.0005570249632000923
c12_final_150_0009_bd,c12_final_150_0009,12,150,backdate,424242,0.5,150,132,0.88,22.7951,85.5933,83,16.0,0.257157,pfifo,301,1,276.79999999999995,51.25,5.112,0.03333333333333333,0.0004893039586022496
c12_final_150_0009_bd,c12_final_150_0009,12,150,backdate,424242,0.5,150,132,0.88,22.7951,85.5933,83,16.0,0.257157,wspt,301,1,276.79999999999995,52.25,5.112,0.03333333333333333,0.0004847280215471983
c12_final_150_0009_bd,c12_final_150_0009,12,150,backdate,424242,0.5,150,132,0.88,22.7951,85.5933,83,16.0,0.257157,atc,301,1,276.79999999999995,52.25,5.112,0.03333333333333333,0.0006719729863107204
c12_final_150_0009_bd,c12_final_150_0009,12,150,backdate,424242,0.5,150,132,0.88,22.7951,85.5933,83,16.0,0.257157,wmdd,301,1,276.79999999999995,51.25,5.112,0.03333333333333333,0.000536791980266571
c12_final_150_0009_bd,c12_final_150_0009,12,150,backdate,424242,0.5,150,132,0.88,22.7951,85.5933,83,16.0,0.257157,lpt,301,1,276.79999999999995,51.25,5.119576666666667,0.03333333333333333,0.00046226498670876026
c12_final_150_0009_bd,c12_final_150_0009,12,150,backdate,424242,0.5,150,132,0.88,22.7951,85.5933,83,16.0,0.257157,random,301,1,276.79999999999995,51.25,5.112,0.03333333333333333,0.00040454010013490915
c12_final_150_0009_bd,c12_final_150_0009,12,150,backdate,424242,0.5,150,132,0.88,22.7951,85.5933,83,16.0,0.257157,v2rl301,301,1,276.79999999999995,51.25,5.116243333333333,0.03333333333333333,0.027327646035701036
c12_final_150_0009_bd,c12_final_150_0009,12,150,backdate,424242,0.5,150,132,0.88,22.7951,85.5933,83,16.0,0.257157,v2rl302,302,1,276.79999999999995,51.25,5.116243333333333,0.03333333333333333,0.02715812693350017
c12_final_150_0009_bd,c12_final_150_0009,12,150,backdate,424242,0.5,150,132,0.88,22.7951,85.5933,83,16.0,0.257157,v2rl303,303,1,276.79999999999995,51.25,5.116243333333333,0.03333333333333333,0.027118528028950095
c12_final_150_0009_bd,c12_final_150_0009,12,150,backdate,424242,0.5,150,132,0.88,22.7951,85.5933,83,16.0,0.257157,v2rl304,304,1,276.79999999999995,51.25,5.112,0.03333333333333333,0.02720770996529609
c12_final_150_0009_bd,c12_final_150_0009,12,150,backdate,424242,0.5,150,132,0.88,22.7951,85.5933,83,16.0,0.257157,v2rl305,305,1,276.79999999999995,51.25,5.116243333333333,0.03333333333333333,0.026994069921784103
c12_final_150_0009_bd,c12_final_150_0009,12,150,backdate,424242,0.5,150,132,0.88,22.7951,85.5933,83,16.0,0.257157,v2rl306,306,1,276.79999999999995,51.25,5.116243333333333,0.03333333333333333,0.027034697006456554
c12_final_150_0009_bd,c12_final_150_0009,12,150,backdate,424242,0.5,150,132,0.88,22.7951,85.5933,83,16.0,0.257157,v2rl307,307,1,276.79999999999995,51.25,5.112,0.03333333333333333,0.02640746405813843
c12_final_150_0009_bd,c12_final_150_0009,12,150,backdate,424242,0.5,150,132,0.88,22.7951,85.5933,83,16.0,0.257157,v2rl308,308,1,276.79999999999995,51.25,5.116243333333333,0.03333333333333333,0.026392512023448944
c12_final_150_0009_bd,c12_final_150_0009,12,150,backdate,424242,0.5,150,132,0.88,22.7951,85.5933,83,16.0,0.257157,v2rl309,309,1,276.79999999999995,51.25,5.116243333333333,0.03333333333333333,0.026331681990996003
c12_final_150_0009_bd,c12_final_150_0009,12,150,backdate,424242,0.5,150,132,0.88,22.7951,85.5933,83,16.0,0.257157,v2rl310,310,1,276.79999999999995,51.25,5.116243333333333,0.03333333333333333,0.026224093977361917
c12_final_150_0010_bd,c12_final_150_0010,12,150,backdate,424242,0.5,150,120,0.8,20.8782,84.8047,84,9.02,0.650356,edd,301,1,1026.4,90.8648,7.360164,0.06,0.0005557429976761341
c12_final_150_0010_bd,c12_final_150_0010,12,150,backdate,424242,0.5,150,120,0.8,20.8782,84.8047,84,9.02,0.650356,pfifo,301,1,1026.4,90.8648,7.360164,0.06,0.0004957070341333747
c12_final_150_0010_bd,c12_final_150_0010,12,150,backdate,424242,0.5,150,120,0.8,20.8782,84.8047,84,9.02,0.650356,wspt,301,1,1026.4,90.8648,7.356830666666666,0.06,0.0004949340363964438
c12_final_150_0010_bd,c12_final_150_0010,12,150,backdate,424242,0.5,150,120,0.8,20.8782,84.8047,84,9.02,0.650356,atc,301,1,1026.4,90.8648,7.360164,0.06,0.000735493958927691
c12_final_150_0010_bd,c12_final_150_0010,12,150,backdate,424242,0.5,150,120,0.8,20.8782,84.8047,84,9.02,0.650356,wmdd,301,1,1026.4,90.8648,7.360164,0.06,0.0005579559365287423
c12_final_150_0010_bd,c12_final_150_0010,12,150,backdate,424242,0.5,150,120,0.8,20.8782,84.8047,84,9.02,0.650356,lpt,301,1,1026.4,90.8648,7.396830666666666,0.06,0.0004605189897119999
c12_final_150_0010_bd,c12_final_150_0010,12,150,backdate,424242,0.5,150,120,0.8,20.8782,84.8047,84,9.02,0.650356,random,301,1,1026.4,90.8648,7.365164,0.06,0.0003876209957525134
c12_final_150_0010_bd,c12_final_150_0010,12,150,backdate,424242,0.5,150,120,0.8,20.8782,84.8047,84,9.02,0.650356,v2rl301,301,1,1026.4,90.8648,7.393497333333333,0.06,0.027920327032916248
c12_final_150_0010_bd,c12_final_150_0010,12,150,backdate,424242,0.5,150,120,0.8,20.8782,84.8047,84,9.02,0.650356,v2rl302,302,1,1026.4,90.8648,7.383497333333333,0.06,0.027720662066712976
c12_final_150_0010_bd,c12_final_150_0010,12,150,backdate,424242,0.5,150,120,0.8,20.8782,84.8047,84,9.02,0.650356,v2rl303,303,1,1026.4,90.8648,7.381830666666667,0.06,0.02750152302905917
c12_final_150_0010_bd,c12_final_150_0010,12,150,backdate,424242,0.5,150,120,0.8,20.8782,84.8047,84,9.02,0.650356,v2rl304,304,1,1026.4,90.8648,7.360164,0.06,0.027438772027380764
c12_final_150_0010_bd,c12_final_150_0010,12,150,backdate,424242,0.5,150,120,0.8,20.8782,84.8047,84,9.02,0.650356,v2rl305,305,1,1026.4,90.8648,7.383497333333333,0.06,0.026845209067687392
c12_final_150_0010_bd,c12_final_150_0010,12,150,backdate,424242,0.5,150,120,0.8,20.8782,84.8047,84,9.02,0.650356,v2rl306,306,1,1026.4,90.8648,7.383497333333333,0.06,0.02682369400281459
c12_final_150_0010_bd,c12_final_150_0010,12,150,backdate,424242,0.5,150,120,0.8,20.8782,84.8047,84,9.02,0.650356,v2rl307,307,1,1026.4,90.8648,7.365164,0.06,0.026745693990960717
c12_final_150_0010_bd,c12_final_150_0010,12,150,backdate,424242,0.5,150,120,0.8,20.8782,84.8047,84,9.02,0.650356,v2rl308,308,1,1026.4,90.8648,7.393497333333333,0.06,0.0267835829872638
c12_final_150_0010_bd,c12_final_150_0010,12,150,backdate,424242,0.5,150,120,0.8,20.8782,84.8047,84,9.02,0.650356,v2rl309,309,1,1026.4,90.8648,7.383497333333333,0.06,0.026599643984809518
c12_final_150_0010_bd,c12_final_150_0010,12,150,backdate,424242,0.5,150,120,0.8,20.8782,84.8047,84,9.02,0.650356,v2rl310,310,1,1026.4,90.8648,7.366830666666666,0.06,0.027055144077166915
c12_final_150_0011_bd,c12_final_150_0011,12,150,backdate,424242,0.5,150,117,0.78,15.0343,85.3483,73,9.5369,0.539209,edd,301,1,614.0,81.5219,6.448279333333333,0.03333333333333333,0.0005378660280257463
c12_final_150_0011_bd,c12_final_150_0011,12,150,backdate,424242,0.5,150,117,0.78,15.0343,85.3483,73,9.5369,0.539209,pfifo,301,1,614.0,81.5219,6.448279333333333,0.03333333333333333,0.00047507695853710175
c12_final_150_0011_bd,c12_final_150_0011,12,150,backdate,424242,0.5,150,117,0.78,15.0343,85.3483,73,9.5369,0.539209,wspt,301,1,614.0,81.5219,6.437336666666667,0.03333333333333333,0.0004744500620290637
c12_final_150_0011_bd,c12_final_150_0011,12,150,backdate,424242,0.5,150,117,0.78,15.0343,85.3483,73,9.5369,0.539209,atc,301,1,614.0,81.5219,6.447336666666667,0.03333333333333333,0.0006671759765595198
c12_final_150_0011_bd,c12_final_150_0011,12,150,backdate,424242,0.5,150,117,0.78,15.0343,85.3483,73,9.5369,0.539209,wmdd,301,1,614.0,81.5219,6.448279333333333,0.03333333333333333,0.0005209340015426278
c12_final_150_0011_bd,c12_final_150_0011,12,150,backdate,424242,0.5,150,117,0.78,15.0343,85.3483,73,9.5369,0.539209,lpt,301,1,614.0,81.5219,6.488279333333333,0.03333333333333333,0.0004394371062517166
c12_final_150_0011_bd,c12_final_150_0011,12,150,backdate,424242,0.5,150,117,0.78,15.0343,85.3483,73,9.5369,0.539209,random,301,1,614.0,81.5219,6.447648,0.03333333333333333,0.0003938269801437855
c12_final_150_0011_bd,c12_final_150_0011,12,150,backdate,424242,0.5,150,117,0.78,15.0343,85.3483,73,9.5369,0.539209,v2rl301,301,1,614.0,81.5219,6.464946,0.03333333333333333,0.027366861002519727
c12_final_150_0011_bd,c12_final_150_0011,12,150,backdate,424242,0.5,150,117,0.78,15.0343,85.3483,73,9.5369,0.539209,v2rl302,302,1,614.0,81.5219,6.4582793333333335,0.03333333333333333,0.026723733986727893
c12_final_150_0011_bd,c12_final_150_0011,12,150,backdate,424242,0.5,150,117,0.78,15.0343,85.3483,73,9.5369,0.539209,v2rl303,303,1,614.0,81.5219,6.448279333333333,0.03333333333333333,0.026779195992276073
c12_final_150_0011_bd,c12_final_150_0011,12,150,backdate,424242,0.5,150,117,0.78,15.0343,85.3483,73,9.5369,0.539209,v2rl304,304,1,614.0,81.5219,6.448279333333333,0.03333333333333333,0.026164368959143758
c12_final_150_0011_bd,c12_final_150_0011,12,150,backdate,424242,0.5,150,117,0.78,15.0343,85.3483,73,9.5369,0.539209,v2rl305,305,1,614.0,81.5219,6.4582793333333335,0.03333333333333333,0.026317439042031765
c12_final_150_0011_bd,c12_final_150_0011,12,150,backdate,424242,0.5,150,117,0.78,15.0343,85.3483,73,9.5369,0.539209,v2rl306,306,1,614.0,81.5219,6.4582793333333335,0.03333333333333333,0.026193801080808043
c12_final_150_0011_bd,c12_final_150_0011,12,150,backdate,424242,0.5,150,117,0.78,15.0343,85.3483,73,9.5369,0.539209,v2rl307,307,1,614.0,81.5219,6.447336666666667,0.03333333333333333,0.026055139023810625
c12_final_150_0011_bd,c12_final_150_0011,12,150,backdate,424242,0.5,150,117,0.78,15.0343,85.3483,73,9.5369,0.539209,v2rl308,308,1,614.0,81.5219,6.454946,0.03333333333333333,0.026131622027605772
c12_final_150_0011_bd,c12_final_150_0011,12,150,backdate,424242,0.5,150,117,0.78,15.0343,85.3483,73,9.5369,0.539209,v2rl309,309,1,614.0,81.5219,6.4582793333333335,0.03333333333333333,0.026535449898801744
c12_final_150_0011_bd,c12_final_150_0011,12,150,backdate,424242,0.5,150,117,0.78,15.0343,85.3483,73,9.5369,0.539209,v2rl310,310,1,614.0,81.5219,6.4582793333333335,0.03333333333333333,0.027003688970580697
c12_final_150_0012_bd,c12_final_150_0012,12,150,backdate,424242,0.5,150,125,0.833333,18.6779,79.6331,118,5.6297,0.654521,edd,301,1,579.4592,90.8648,4.731628,0.04,0.0005603729514405131
c12_final_150_0012_bd,c12_final_150_0012,12,150,backdate,424242,0.5,150,125,0.833333,18.6779,79.6331,118,5.6297,0.654521,pfifo,301,1,579.4592,90.8648,4.731628,0.04,0.0005095480009913445
c12_final_150_0012_bd,c12_final_150_0012,12,150,backdate,424242,0.5,150,125,0.833333,18.6779,79.6331,118,5.6297,0.654521,wspt,301,1,579.4592,90.8648,4.686628,0.04,0.0005120120476931334
c12_final_150_0012_bd,c12_final_150_0012,12,150,backdate,424242,0.5,150,125,0.833333,18.6779,79.6331,118,5.6297,0.654521,atc,301,1,579.4592,90.8648,4.724961333333333,0.04,0.0007944039534777403
c12_final_150_0012_bd,c12_final_150_0012,12,150,backdate,424242,0.5,150,125,0.833333,18.6779,79.6331,118,5.6297,0.654521,wmdd,301,1,579.4592,90.8648,4.731628,0.04,0.0006071829702705145
c12_final_150_0012_bd,c12_final_150_0012,12,150,backdate,424242,0.5,150,125,0.833333,18.6779,79.6331,118,5.6297,0.654521,lpt,301,1,579.4592,90.8648,4.784961333333333,0.04,0.0004795260028913617
c12_final_150_0012_bd,c12_final_150_0012,12,150,backdate,424242,0.5,150,125,0.833333,18.6779,79.6331,118,5.6297,0.654521,random,301,1,579.4592,90.8648,4.676628,0.04,0.0003750480245798826
c12_final_150_0012_bd,c12_final_150_0012,12,150,backdate,424242,0.5,150,125,0.833333,18.6779,79.6331,118,5.6297,0.654521,v2rl301,301,1,579.4592,90.8648,4.7399613333333335,0.04,0.027809725026600063
c12_final_150_0012_bd,c12_final_150_0012,12,150,backdate,424242,0.5,150,125,0.833333,18.6779,79.6331,118,5.6297,0.654521,v2rl302,302,1,579.4592,90.8648,4.763294666666667,0.04,0.02757792896591127
c12_final_150_0012_bd,c12_final_150_0012,12,150,backdate,424242,0.5,150,125,0.833333,18.6779,79.6331,118,5.6297,0.654521,v2rl303,303,1,579.4592,90.8648,4.7382946666666665,0.04,0.0269028979819268
c12_final_150_0012_bd,c12_final_150_0012,12,150,backdate,424242,0.5,150,125,0.833333,18.6779,79.6331,118,5.6297,0.654521,v2rl304,304,1,579.4592,90.8648,4.736628,0.04,0.02692413900513202
c12_final_150_0012_bd,c12_final_150_0012,12,150,backdate,424242,0.5,150,125,0.833333,18.6779,79.6331,118,5.6297,0.654521,v2rl305,305,1,579.4592,90.8648,4.759961333333333,0.04,0.026825707987882197
c12_final_150_0012_bd,c12_final_150_0012,12,150,backdate,424242,0.5,150,125,0.833333,18.6779,79.6331,118,5.6297,0.654521,v2rl306,306,1,579.4592,90.8648,4.763294666666667,0.04,0.026827681926079094
c12_final_150_0012_bd,c12_final_150_0012,12,150,backdate,424242,0.5,150,125,0.833333,18.6779,79.6331,118,5.6297,0.654521,v2rl307,307,1,579.4592,90.8648,4.716628,0.04,0.026811588904820383
c12_final_150_0012_bd,c12_final_150_0012,12,150,backdate,424242,0.5,150,125,0.833333,18.6779,79.6331,118,5.6297,0.654521,v2rl308,308,1,579.4592,90.8648,4.7399613333333335,0.04,0.027517196023836732
c12_final_150_0012_bd,c12_final_150_0012,12,150,backdate,424242,0.5,150,125,0.833333,18.6779,79.6331,118,5.6297,0.654521,v2rl309,309,1,579.4592,90.8648,4.748294666666666,0.04,0.02769161795731634
c12_final_150_0012_bd,c12_final_150_0012,12,150,backdate,424242,0.5,150,125,0.833333,18.6779,79.6331,118,5.6297,0.654521,v2rl310,310,1,579.4592,90.8648,4.716628,0.04,0.027403087937273085
c12_final_150_0013_bd,c12_final_150_0013,12,150,backdate,424242,0.5,150,136,0.906667,18.9663,85.105,127,5.5775,0.800114,edd,301,1,1196.8,79.5,5.8462993333333335,0.06,0.0006125669460743666
c12_final_150_0013_bd,c12_final_150_0013,12,150,backdate,424242,0.5,150,136,0.906667,18.9663,85.105,127,5.5775,0.800114,pfifo,301,1,1196.8,79.5,5.8462993333333335,0.06,0.0005358880152925849
c12_final_150_0013_bd,c12_final_150_0013,12,150,backdate,424242,0.5,150,136,0.906667,18.9663,85.105,127,5.5775,0.800114,wspt,301,1,1244.8,84.5,5.686299333333333,0.06,0.0005450909957289696
c12_final_150_0013_bd,c12_final_150_0013,12,150,backdate,424242,0.5,150,136,0.906667,18.9663,85.105,127,5.5775,0.800114,atc,301,1,1238.8,84.0,5.772965999999999,0.06,0.0008719699690118432
c12_final_150_0013_bd,c12_final_150_0013,12,150,backdate,424242,0.5,150,136,0.906667,18.9663,85.105,127,5.5775,0.800114,wmdd,301,1,1206.8,82.0,5.832966,0.06,0.0006615309976041317
c12_final_150_0013_bd,c12_final_150_0013,12,150,backdate,424242,0.5,150,136,0.906667,18.9663,85.105,127,5.5775,0.800114,lpt,301,1,1292.8,76.5,6.079632666666667,0.07333333333333333,0.0004973860923200846
c12_final_150_0013_bd,c12_final_150_0013,12,150,backdate,424242,0.5,150,136,0.906667,18.9663,85.105,127,5.5775,0.800114,random,301,1,1184.8,76.5,5.749632666666667,0.06,0.00037374196108430624
c12_final_150_0013_bd,c12_final_150_0013,12,150,backdate,424242,0.5,150,136,0.906667,18.9663,85.105,127,5.5775,0.800114,v2rl301,301,1,1184.8,76.5,5.959632666666667,0.06,0.028226334019564092
c12_final_150_0013_bd,c12_final_150_0013,12,150,backdate,424242,0.5,150,136,0.906667,18.9663,85.105,127,5.5775,0.800114,v2rl302,302,1,1184.8,76.5,5.896299333333333,0.06,0.027906112954951823
c12_final_150_0013_bd,c12_final_150_0013,12,150,backdate,424242,0.5,150,136,0.906667,18.9663,85.105,127,5.5775,0.800114,v2rl303,303,1,1184.8,76.5,5.896299333333334,0.06,0.027433073963038623
c12_final_150_0013_bd,c12_final_150_0013,12,150,backdate,424242,0.5,150,136,0.906667,18.9663,85.105,127,5.5775,0.800114,v2rl304,304,1,1184.8,76.5,5.896299333333333,0.06,0.027296902961097658
c12_final_150_0013_bd,c12_final_150_0013,12,150,backdate,424242,0.5,150,136,0.906667,18.9663,85.105,127,5.5775,0.800114,v2rl305,305,1,1184.8,76.5,5.8929659999999995,0.06,0.02728662092704326
c12_final_150_0013_bd,c12_final_150_0013,12,150,backdate,424242,0.5,150,136,0.906667,18.9663,85.105,127,5.5775,0.800114,v2rl306,306,1,1184.8,76.5,5.896299333333333,0.06,0.027282744995318353
c12_final_150_0013_bd,c12_final_150_0013,12,150,backdate,424242,0.5,150,136,0.906667,18.9663,85.105,127,5.5775,0.800114,v2rl307,307,1,1184.8,76.5,5.856299333333333,0.06,0.02749501494690776
c12_final_150_0013_bd,c12_final_150_0013,12,150,backdate,424242,0.5,150,136,0.906667,18.9663,85.105,127,5.5775,0.800114,v2rl308,308,1,1184.8,76.5,5.896299333333333,0.06,0.028207473922520876
c12_final_150_0013_bd,c12_final_150_0013,12,150,backdate,424242,0.5,150,136,0.906667,18.9663,85.105,127,5.5775,0.800114,v2rl309,309,1,1184.8,76.5,5.832966000000001,0.06,0.028112479951232672
c12_final_150_0013_bd,c12_final_150_0013,12,150,backdate,424242,0.5,150,136,0.906667,18.9663,85.105,127,5.5775,0.800114,v2rl310,310,1,1184.8,76.5,5.879632666666667,0.06,0.028054045047610998
c12_final_150_0014_bd,c12_final_150_0014,12,150,backdate,424242,0.5,150,124,0.826667,20.6335,84.9977,82,8.0,0.642133,edd,301,1,407.0,90.8648,6.3866293333333335,0.04666666666666667,0.0005324629601091146
c12_final_150_0014_bd,c12_final_150_0014,12,150,backdate,424242,0.5,150,124,0.826667,20.6335,84.9977,82,8.0,0.642133,pfifo,301,1,407.0,90.8648,6.3866293333333335,0.04666666666666667,0.0004699650453403592
c12_final_150_0014_bd,c12_final_150_0014,12,150,backdate,424242,0.5,150,124,0.826667,20.6335,84.9977,82,8.0,0.642133,wspt,301,1,407.0,90.8648,6.3866293333333335,0.04666666666666667,0.0004494349705055356
c12_final_150_0014_bd,c12_final_150_0014,12,150,backdate,424242,0.5,150,124,0.826667,20.6335,84.9977,82,8.0,0.642133,atc,301,1,407.0,90.8648,6.3866293333333335,0.04666666666666667,0.0006912199314683676
c12_final_150_0014_bd,c12_final_150_0014,12,150,backdate,424242,0.5,150,124,0.826667,20.6335,84.9977,82,8.0,0.642133,wmdd,301,1,407.0,90.8648,6.3866293333333335,0.04666666666666667,0.0005232489202171564
c12_final_150_0014_bd,c12_final_150_0014,12,150,backdate,424242,0.5,150,124,0.826667,20.6335,84.9977,82,8.0,0.642133,lpt,301,1,407.0,90.8648,6.403296,0.04666666666666667,0.0004410309484228492
c12_final_150_0014_bd,c12_final_150_0014,12,150,backdate,424242,0.5,150,124,0.826667,20.6335,84.9977,82,8.0,0.642133,random,301,1,407.0,90.8648,6.396629333333333,0.04666666666666667,0.00037362799048423767
c12_final_150_0014_bd,c12_final_150_0014,12,150,backdate,424242,0.5,150,124,0.826667,20.6335,84.9977,82,8.0,0.642133,v2rl301,301,1,407.0,90.8648,6.396629333333333,0.04666666666666667,0.02680873207282275
c12_final_150_0014_bd,c12_final_150_0014,12,150,backdate,424242,0.5,150,124,0.826667,20.6335,84.9977,82,8.0,0.642133,v2rl302,302,1,407.0,90.8648,6.393296,0.04666666666666667,0.02632850594818592
c12_final_150_0014_bd,c12_final_150_0014,12,150,backdate,424242,0.5,150,124,0.826667,20.6335,84.9977,82,8.0,0.642133,v2rl303,303,1,407.0,90.8648,6.389962666666667,0.04666666666666667,0.026408139034174383
c12_final_150_0014_bd,c12_final_150_0014,12,150,backdate,424242,0.5,150,124,0.826667,20.6335,84.9977,82,8.0,0.642133,v2rl304,304,1,407.0,90.8648,6.389962666666667,0.04666666666666667,0.0264105680398643
c12_final_150_0014_bd,c12_final_150_0014,12,150,backdate,424242,0.5,150,124,0.826667,20.6335,84.9977,82,8.0,0.642133,v2rl305,305,1,407.0,90.8648,6.393296,0.04666666666666667,0.027152123977430165
c12_final_150_0014_bd,c12_final_150_0014,12,150,backdate,424242,0.5,150,124,0.826667,20.6335,84.9977,82,8.0,0.642133,v2rl306,306,1,407.0,90.8648,6.393296,0.04666666666666667,0.02695475402288139
c12_final_150_0014_bd,c12_final_150_0014,12,150,backdate,424242,0.5,150,124,0.826667,20.6335,84.9977,82,8.0,0.642133,v2rl307,307,1,407.0,90.8648,6.3866293333333335,0.04666666666666667,0.026966808014549315
c12_final_150_0014_bd,c12_final_150_0014,12,150,backdate,424242,0.5,150,124,0.826667,20.6335,84.9977,82,8.0,0.642133,v2rl308,308,1,407.0,90.8648,6.396629333333333,0.04666666666666667,0.027243184973485768
c12_final_150_0014_bd,c12_final_150_0014,12,150,backdate,424242,0.5,150,124,0.826667,20.6335,84.9977,82,8.0,0.642133,v2rl309,309,1,407.0,90.8648,6.393296,0.04666666666666667,0.027091800002381206
c12_final_150_0014_bd,c12_final_150_0014,12,150,backdate,424242,0.5,150,124,0.826667,20.6335,84.9977,82,8.0,0.642133,v2rl310,310,1,407.0,90.8648,6.389962666666667,0.04666666666666667,0.027310625999234617
c12_final_150_0015_bd,c12_final_150_0015,12,150,backdate,424242,0.5,150,122,0.813333,23.232,81.7857,73,24.0,0.282553,edd,301,1,520.0,90.8648,8.416312666666666,0.04,0.0005249659297987819
c12_final_150_0015_bd,c12_final_150_0015,12,150,backdate,424242,0.5,150,122,0.813333,23.232,81.7857,73,24.0,0.282553,pfifo,301,1,520.0,90.8648,8.416312666666666,0.04,0.0004547269782051444
c12_final_150_0015_bd,c12_final_150_0015,12,150,backdate,424242,0.5,150,122,0.813333,23.232,81.7857,73,24.0,0.282553,wspt,301,1,520.0,90.8648,8.416312666666666,0.04,0.00045351695735007524
c12_final_150_0015_bd,c12_final_150_0015,12,150,backdate,424242,0.5,150,122,0.813333,23.232,81.7857,73,24.0,0.282553,atc,301,1,520.0,90.8648,8.416312666666666,0.04,0.0006310680182650685
c12_final_150_0015_bd,c12_final_150_0015,12,150,backdate,424242,0.5,150,122,0.813333,23.232,81.7857,73,24.0,0.282553,wmdd,301,1,520.0,90.8648,8.416312666666666,0.04,0.0004957299679517746
c12_final_150_0015_bd,c12_final_150_0015,12,150,backdate,424242,0.5,150,122,0.813333,23.232,81.7857,73,24.0,0.282553,lpt,301,1,520.0,90.8648,8.422979333333332,0.04,0.00043724896386265755
c12_final_150_0015_bd,c12_final_150_0015,12,150,backdate,424242,0.5,150,122,0.813333,23.232,81.7857,73,24.0,0.282553,random,301,1,520.0,90.8648,8.416312666666666,0.04,0.0003885969053953886
c12_final_150_0015_bd,c12_final_150_0015,12,150,backdate,424242,0.5,150,122,0.813333,23.232,81.7857,73,24.0,0.282553,v2rl301,301,1,520.0,90.8648,8.422979333333332,0.04,0.026043995982035995
c12_final_150_0015_bd,c12_final_150_0015,12,150,backdate,424242,0.5,150,122,0.813333,23.232,81.7857,73,24.0,0.282553,v2rl302,302,1,520.0,90.8648,8.422979333333332,0.04,0.026300407014787197
c12_final_150_0015_bd,c12_final_150_0015,12,150,backdate,424242,0.5,150,122,0.813333,23.232,81.7857,73,24.0,0.282553,v2rl303,303,1,520.0,90.8648,8.422979333333332,0.04,0.026722148060798645
c12_final_150_0015_bd,c12_final_150_0015,12,150,backdate,424242,0.5,150,122,0.813333,23.232,81.7857,73,24.0,0.282553,v2rl304,304,1,520.0,90.8648,8.416312666666666,0.04,0.026481201057322323
c12_final_150_0015_bd,c12_final_150_0015,12,150,backdate,424242,0.5,150,122,0.813333,23.232,81.7857,73,24.0,0.282553,v2rl305,305,1,520.0,90.8648,8.422979333333332,0.04,0.02652151498477906
c12_final_150_0015_bd,c12_final_150_0015,12,150,backdate,424242,0.5,150,122,0.813333,23.232,81.7857,73,24.0,0.282553,v2rl306,306,1,520.0,90.8648,8.422979333333332,0.04,0.026660586008802056
c12_final_150_0015_bd,c12_final_150_0015,12,150,backdate,424242,0.5,150,122,0.813333,23.232,81.7857,73,24.0,0.282553,v2rl307,307,1,520.0,90.8648,8.416312666666666,0.04,0.026551146060228348
c12_final_150_0015_bd,c12_final_150_0015,12,150,backdate,424242,0.5,150,122,0.813333,23.232,81.7857,73,24.0,0.282553,v2rl308,308,1,520.0,90.8648,8.422979333333332,0.04,0.026695295004174113
c12_final_150_0015_bd,c12_final_150_0015,12,150,backdate,424242,0.5,150,122,0.813333,23.232,81.7857,73,24.0,0.282553,v2rl309,309,1,520.0,90.8648,8.422979333333332,0.04,0.026094399974681437
c12_final_150_0015_bd,c12_final_150_0015,12,150,backdate,424242,0.5,150,122,0.813333,23.232,81.7857,73,24.0,0.282553,v2rl310,310,1,520.0,90.8648,8.422979333333332,0.04,0.025879123015329242
c12_final_150_0016_bd,c12_final_150_0016,12,150,backdate,424242,0.5,150,131,0.873333,20.5329,84.4781,83,11.0431,0.372344,edd,301,1,293.2,58.8,5.143522,0.02666666666666667,0.0005237750010564923
c12_final_150_0016_bd,c12_final_150_0016,12,150,backdate,424242,0.5,150,131,0.873333,20.5329,84.4781,83,11.0431,0.372344,pfifo,301,1,293.2,58.8,5.143522,0.02666666666666667,0.0004633690696209669
c12_final_150_0016_bd,c12_final_150_0016,12,150,backdate,424242,0.5,150,131,0.873333,20.5329,84.4781,83,11.0431,0.372344,wspt,301,1,293.2,58.8,5.136855333333333,0.02666666666666667,0.00046660390216857195
c12_final_150_0016_bd,c12_final_150_0016,12,150,backdate,424242,0.5,150,131,0.873333,20.5329,84.4781,83,11.0431,0.372344,atc,301,1,293.2,58.8,5.136855333333333,0.02666666666666667,0.0006389369955286384
c12_final_150_0016_bd,c12_final_150_0016,12,150,backdate,424242,0.5,150,131,0.873333,20.5329,84.4781,83,11.0431,0.372344,wmdd,301,1,293.2,58.8,5.143522,0.02666666666666667,0.0005128489574417472
c12_final_150_0016_bd,c12_final_150_0016,12,150,backdate,424242,0.5,150,131,0.873333,20.5329,84.4781,83,11.0431,0.372344,lpt,301,1,293.2,58.8,5.1916780000000005,0.02666666666666667,0.0004457300528883934
c12_final_150_0016_bd,c12_final_150_0016,12,150,backdate,424242,0.5,150,131,0.873333,20.5329,84.4781,83,11.0431,0.372344,random,301,1,293.2,58.8,5.151309333333334,0.02666666666666667,0.00039122404996305704
c12_final_150_0016_bd,c12_final_150_0016,12,150,backdate,424242,0.5,150,131,0.873333,20.5329,84.4781,83,11.0431,0.372344,v2rl301,301,1,293.2,58.8,5.163344666666667,0.02666666666666667,0.026607046951539814
c12_final_150_0016_bd,c12_final_150_0016,12,150,backdate,424242,0.5,150,131,0.873333,20.5329,84.4781,83,11.0431,0.372344,v2rl302,302,1,293.2,58.8,5.1613093333333335,0.02666666666666667,0.027161204954609275
c12_final_150_0016_bd,c12_final_150_0016,12,150,backdate,424242,0.5,150,131,0.873333,20.5329,84.4781,83,11.0431,0.372344,v2rl303,303,1,293.2,58.8,5.1613093333333335,0.02666666666666667,0.02697930799331516
c12_final_150_0016_bd,c12_final_150_0016,12,150,backdate,424242,0.5,150,131,0.873333,20.5329,84.4781,83,11.0431,0.372344,v2rl304,304,1,293.2,58.8,5.139642666666667,0.02666666666666667,0.026929436018690467
c12_final_150_0016_bd,c12_final_150_0016,12,150,backdate,424242,0.5,150,131,0.873333,20.5329,84.4781,83,11.0431,0.372344,v2rl305,305,1,293.2,58.8,5.1613093333333335,0.02666666666666667,0.027013073093257844
c12_final_150_0016_bd,c12_final_150_0016,12,150,backdate,424242,0.5,150,131,0.873333,20.5329,84.4781,83,11.0431,0.372344,v2rl306,306,1,293.2,58.8,5.1613093333333335,0.02666666666666667,0.026921360986307263
c12_final_150_0016_bd,c12_final_150_0016,12,150,backdate,424242,0.5,150,131,0.873333,20.5329,84.4781,83,11.0431,0.372344,v2rl307,307,1,293.2,58.8,5.139642666666667,0.02666666666666667,0.02717339899390936
c12_final_150_0016_bd,c12_final_150_0016,12,150,backdate,424242,0.5,150,131,0.873333,20.5329,84.4781,83,11.0431,0.372344,v2rl308,308,1,293.2,58.8,5.161678,0.02666666666666667,0.02701842598617077
c12_final_150_0016_bd,c12_final_150_0016,12,150,backdate,424242,0.5,150,131,0.873333,20.5329,84.4781,83,11.0431,0.372344,v2rl309,309,1,293.2,58.8,5.1613093333333335,0.02666666666666667,0.02641374198719859
c12_final_150_0016_bd,c12_final_150_0016,12,150,backdate,424242,0.5,150,131,0.873333,20.5329,84.4781,83,11.0431,0.372344,v2rl310,310,1,293.2,58.8,5.146309333333334,0.02666666666666667,0.026460467954166234
c12_final_150_0017_bd,c12_final_150_0017,12,150,backdate,424242,0.5,150,134,0.893333,24.5186,85.2137,101,16.0,0.264987,edd,301,1,434.0,72.45,5.2989999999999995,0.04,0.0005370780127122998
c12_final_150_0017_bd,c12_final_150_0017,12,150,backdate,424242,0.5,150,134,0.893333,24.5186,85.2137,101,16.0,0.264987,pfifo,301,1,434.0,72.45,5.2989999999999995,0.04,0.0004701699363067746
c12_final_150_0017_bd,c12_final_150_0017,12,150,backdate,424242,0.5,150,134,0.893333,24.5186,85.2137,101,16.0,0.264987,wspt,301,1,434.0,72.45,5.2989999999999995,0.04,0.000470769009552896
c12_final_150_0017_bd,c12_final_150_0017,12,150,backdate,424242,0.5,150,134,0.893333,24.5186,85.2137,101,16.0,0.264987,atc,301,1,434.0,72.45,5.2989999999999995,0.04,0.0006992050912231207
c12_final_150_0017_bd,c12_final_150_0017,12,150,backdate,424242,0.5,150,134,0.893333,24.5186,85.2137,101,16.0,0.264987,wmdd,301,1,434.0,72.45,5.2989999999999995,0.04,0.0005446610739454627
c12_final_150_0017_bd,c12_final_150_0017,12,150,backdate,424242,0.5,150,134,0.893333,24.5186,85.2137,101,16.0,0.264987,lpt,301,1,434.0,72.45,5.357333333333333,0.04,0.0004507330013439059
c12_final_150_0017_bd,c12_final_150_0017,12,150,backdate,424242,0.5,150,134,0.893333,24.5186,85.2137,101,16.0,0.264987,random,301,1,434.0,72.45,5.299,0.04,0.0003889310173690319
c12_final_150_0017_bd,c12_final_150_0017,12,150,backdate,424242,0.5,150,134,0.893333,24.5186,85.2137,101,16.0,0.264987,v2rl301,301,1,434.0,72.45,5.334,0.04,0.027363128028810024
c12_final_150_0017_bd,c12_final_150_0017,12,150,backdate,424242,0.5,150,134,0.893333,24.5186,85.2137,101,16.0,0.264987,v2rl302,302,1,434.0,72.45,5.305666666666666,0.04,0.02692049101460725
c12_final_150_0017_bd,c12_final_150_0017,12,150,backdate,424242,0.5,150,134,0.893333,24.5186,85.2137,101,16.0,0.264987,v2rl303,303,1,434.0,72.45,5.305666666666666,0.04,0.026949075050652027
c12_final_150_0017_bd,c12_final_150_0017,12,150,backdate,424242,0.5,150,134,0.893333,24.5186,85.2137,101,16.0,0.264987,v2rl304,304,1,434.0,72.45,5.305666666666666,0.04,0.027049951953813434
c12_final_150_0017_bd,c12_final_150_0017,12,150,backdate,424242,0.5,150,134,0.893333,24.5186,85.2137,101,16.0,0.264987,v2rl305,305,1,434.0,72.45,5.305666666666666,0.04,0.026931494008749723
c12_final_150_0017_bd,c12_final_150_0017,12,150,backdate,424242,0.5,150,134,0.893333,24.5186,85.2137,101,16.0,0.264987,v2rl306,306,1,434.0,72.45,5.305666666666666,0.04,0.02729257696773857
c12_final_150_0017_bd,c12_final_150_0017,12,150,backdate,424242,0.5,150,134,0.893333,24.5186,85.2137,101,16.0,0.264987,v2rl307,307,1,434.0,72.45,5.305666666666666,0.04,0.02695027901791036
c12_final_150_0017_bd,c12_final_150_0017,12,150,backdate,424242,0.5,150,134,0.893333,24.5186,85.2137,101,16.0,0.264987,v2rl308,308,1,434.0,72.45,5.322333333333334,0.04,0.026417813962325454
c12_final_150_0017_bd,c12_final_150_0017,12,150,backdate,424242,0.5,150,134,0.893333,24.5186,85.2137,101,16.0,0.264987,v2rl309,309,1,434.0,72.45,5.305666666666666,0.04,0.02642923907842487
c12_final_150_0017_bd,c12_final_150_0017,12,150,backdate,424242,0.5,150,134,0.893333,24.5186,85.2137,101,16.0,0.264987,v2rl310,310,1,434.0,72.45,5.305666666666666,0.04,0.026803856948390603
c12_final_150_0018_bd,c12_final_150_0018,12,150,backdate,424242,0.5,150,134,0.893333,20.7421,81.4235,103,8.6172,0.484817,edd,301,1,193.7296,90.8648,5.268247333333334,0.03333333333333333,0.0005495019722729921
c12_final_150_0018_bd,c12_final_150_0018,12,150,backdate,424242,0.5,150,134,0.893333,20.7421,81.4235,103,8.6172,0.484817,pfifo,301,1,193.7296,90.8648,5.268247333333334,0.03333333333333333,0.0004898050101473927
c12_final_150_0018_bd,c12_final_150_0018,12,150,backdate,424242,0.5,150,134,0.893333,20.7421,81.4235,103,8.6172,0.484817,wspt,301,1,193.7296,90.8648,5.254914,0.03333333333333333,0.0005030480679124594
c12_final_150_0018_bd,c12_final_150_0018,12,150,backdate,424242,0.5,150,134,0.893333,20.7421,81.4235,103,8.6172,0.484817,atc,301,1,193.7296,90.8648,5.254914,0.03333333333333333,0.0007847769884392619
c12_final_150_0018_bd,c12_final_150_0018,12,150,backdate,424242,0.5,150,134,0.893333,20.7421,81.4235,103,8.6172,0.484817,wmdd,301,1,193.7296,90.8648,5.268247333333334,0.03333333333333333,0.0005916550289839506
c12_final_150_0018_bd,c12_final_150_0018,12,150,backdate,424242,0.5,150,134,0.893333,20.7421,81.4235,103,8.6172,0.484817,lpt,301,1,193.7296,90.8648,5.273247333333334,0.03333333333333333,0.0004710049834102392
c12_final_150_0018_bd,c12_final_150_0018,12,150,backdate,424242,0.5,150,134,0.893333,20.7421,81.4235,103,8.6172,0.484817,random,301,1,193.7296,90.8648,5.256580666666667,0.03333333333333333,0.00038166099693626165
c12_final_150_0018_bd,c12_final_150_0018,12,150,backdate,424242,0.5,150,134,0.893333,20.7421,81.4235,103,8.6172,0.484817,v2rl301,301,1,193.7296,90.8648,5.261580666666667,0.03333333333333333,0.0278145510237664
c12_final_150_0018_bd,c12_final_150_0018,12,150,backdate,424242,0.5,150,134,0.893333,20.7421,81.4235,103,8.6172,0.484817,v2rl302,302,1,193.7296,90.8648,5.269914,0.03333333333333333,0.027312409016303718
c12_final_150_0018_bd,c12_final_150_0018,12,150,backdate,424242,0.5,150,134,0.893333,20.7421,81.4235,103,8.6172,0.484817,v2rl303,303,1,193.7296,90.8648,5.266580666666667,0.03333333333333333,0.027524428092874587
c12_final_150_0018_bd,c12_final_150_0018,12,150,backdate,424242,0.5,150,134,0.893333,20.7421,81.4235,103,8.6172,0.484817,v2rl304,304,1,193.7296,90.8648,5.258247333333333,0.03333333333333333,0.027186669991351664
c12_final_150_0018_bd,c12_final_150_0018,12,150,backdate,424242,0.5,150,134,0.893333,20.7421,81.4235,103,8.6172,0.484817,v2rl305,305,1,193.7296,90.8648,5.269914,0.03333333333333333,0.027532531996257603
c12_final_150_0018_bd,c12_final_150_0018,12,150,backdate,424242,0.5,150,134,0.893333,20.7421,81.4235,103,8.6172,0.484817,v2rl306,306,1,193.7296,90.8648,5.269914,0.03333333333333333,0.02733664494007826
c12_final_150_0018_bd,c12_final_150_0018,12,150,backdate,424242,0.5,150,134,0.893333,20.7421,81.4235,103,8.6172,0.484817,v2rl307,307,1,193.7296,90.8648,5.254914,0.03333333333333333,0.026652781991288066
c12_final_150_0018_bd,c12_final_150_0018,12,150,backdate,424242,0.5,150,134,0.893333,20.7421,81.4235,103,8.6172,0.484817,v2rl308,308,1,193.7296,90.8648,5.261580666666667,0.03333333333333333,0.02679032098967582
c12_final_150_0018_bd,c12_final_150_0018,12,150,backdate,424242,0.5,150,134,0.893333,20.7421,81.4235,103,8.6172,0.484817,v2rl309,309,1,193.7296,90.8648,5.269914,0.03333333333333333,0.02651889098342508
c12_final_150_0018_bd,c12_final_150_0018,12,150,backdate,424242,0.5,150,134,0.893333,20.7421,81.4235,103,8.6172,0.484817,v2rl310,310,1,193.7296,90.8648,5.261580666666667,0.03333333333333333,0.027019867906346917
c12_final_150_0019_bd,c12_final_150_0019,12,150,backdate,424242,0.5,150,127,0.846667,17.4644,82.2824,116,7.6922,0.550701,edd,301,1,56.0,90.8648,5.266042666666666,0.02,0.0005920400144532323
c12_final_150_0019_bd,c12_final_150_0019,12,150,backdate,424242,0.5,150,127,0.846667,17.4644,82.2824,116,7.6922,0.550701,pfifo,301,1,56.0,90.8648,5.266042666666666,0.02,0.0005194769473746419
c12_final_150_0019_bd,c12_final_150_0019,12,150,backdate,424242,0.5,150,127,0.846667,17.4644,82.2824,116,7.6922,0.550701,wspt,301,1,56.0,90.8648,5.266042666666667,0.02,0.0005226959474384785
c12_final_150_0019_bd,c12_final_150_0019,12,150,backdate,424242,0.5,150,127,0.846667,17.4644,82.2824,116,7.6922,0.550701,atc,301,1,56.0,90.8648,5.266042666666667,0.02,0.0008391899755224586
c12_final_150_0019_bd,c12_final_150_0019,12,150,backdate,424242,0.5,150,127,0.846667,17.4644,82.2824,116,7.6922,0.550701,wmdd,301,1,56.0,90.8648,5.266042666666666,0.02,0.0006339469691738486
c12_final_150_0019_bd,c12_final_150_0019,12,150,backdate,424242,0.5,150,127,0.846667,17.4644,82.2824,116,7.6922,0.550701,lpt,301,1,56.0,90.8648,5.274376,0.02,0.00048666109796613455
c12_final_150_0019_bd,c12_final_150_0019,12,150,backdate,424242,0.5,150,127,0.846667,17.4644,82.2824,116,7.6922,0.550701,random,301,1,56.0,90.8648,5.267709333333333,0.02,0.00038486404810100794
c12_final_150_0019_bd,c12_final_150_0019,12,150,backdate,424242,0.5,150,127,0.846667,17.4644,82.2824,116,7.6922,0.550701,v2rl301,301,1,56.0,90.8648,5.272709333333333,0.02,0.028350305976346135
c12_final_150_0019_bd,c12_final_150_0019,12,150,backdate,424242,0.5,150,127,0.846667,17.4644,82.2824,116,7.6922,0.550701,v2rl302,302,1,56.0,90.8648,5.274376,0.02,0.027896834071725607
c12_final_150_0019_bd,c12_final_150_0019,12,150,backdate,424242,0.5,150,127,0.846667,17.4644,82.2824,116,7.6922,0.550701,v2rl303,303,1,56.0,90.8648,5.267709333333334,0.02,0.027988423011265695
c12_final_150_0019_bd,c12_final_150_0019,12,150,backdate,424242,0.5,150,127,0.846667,17.4644,82.2824,116,7.6922,0.550701,v2rl304,304,1,56.0,90.8648,5.272709333333334,0.02,0.02791316097136587
c12_final_150_0019_bd,c12_final_150_0019,12,150,backdate,424242,0.5,150,127,0.846667,17.4644,82.2824,116,7.6922,0.550701,v2rl305,305,1,56.0,90.8648,5.274376,0.02,0.02832703897729516
c12_final_150_0019_bd,c12_final_150_0019,12,150,backdate,424242,0.5,150,127,0.846667,17.4644,82.2824,116,7.6922,0.550701,v2rl306,306,1,56.0,90.8648,5.274376,0.02,0.02785867894999683
c12_final_150_0019_bd,c12_final_150_0019,12,150,backdate,424242,0.5,150,127,0.846667,17.4644,82.2824,116,7.6922,0.550701,v2rl307,307,1,56.0,90.8648,5.266042666666666,0.02,0.0272813830524683
c12_final_150_0019_bd,c12_final_150_0019,12,150,backdate,424242,0.5,150,127,0.846667,17.4644,82.2824,116,7.6922,0.550701,v2rl308,308,1,56.0,90.8648,5.272709333333334,0.02,0.027413830044679344
c12_final_150_0019_bd,c12_final_150_0019,12,150,backdate,424242,0.5,150,127,0.846667,17.4644,82.2824,116,7.6922,0.550701,v2rl309,309,1,56.0,90.8648,5.272709333333334,0.02,0.027822404983453453
c12_final_150_0019_bd,c12_final_150_0019,12,150,backdate,424242,0.5,150,127,0.846667,17.4644,82.2824,116,7.6922,0.550701,v2rl310,310,1,56.0,90.8648,5.269375999999999,0.02,0.027401027036830783
c12_final_150_0020_bd,c12_final_150_0020,12,150,backdate,424242,0.5,150,131,0.873333,20.8194,84.8059,92,8.0,0.771488,edd,301,1,835.648,93.9765,7.686493333333335,0.05333333333333334,0.0005326980026438832
c12_final_150_0020_bd,c12_final_150_0020,12,150,backdate,424242,0.5,150,131,0.873333,20.8194,84.8059,92,8.0,0.771488,pfifo,301,1,835.648,93.9765,7.686493333333335,0.05333333333333334,0.0004810960963368416
c12_final_150_0020_bd,c12_final_150_0020,12,150,backdate,424242,0.5,150,131,0.873333,20.8194,84.8059,92,8.0,0.771488,wspt,301,1,835.648,93.9765,7.681493333333335,0.05333333333333334,0.00046786502934992313
c12_final_150_0020_bd,c12_final_150_0020,12,150,backdate,424242,0.5,150,131,0.873333,20.8194,84.8059,92,8.0,0.771488,atc,301,1,835.648,93.9765,7.686493333333335,0.05333333333333334,0.0006894870894029737
c12_final_150_0020_bd,c12_final_150_0020,12,150,backdate,424242,0.5,150,131,0.873333,20.8194,84.8059,92,8.0,0.771488,wmdd,301,1,835.648,93.9765,7.686493333333335,0.05333333333333334,0.0005411689635366201
c12_final_150_0020_bd,c12_final_150_0020,12,150,backdate,424242,0.5,150,131,0.873333,20.8194,84.8059,92,8.0,0.771488,lpt,301,1,835.648,93.9765,7.696493333333333,0.05333333333333334,0.0004555491032078862
c12_final_150_0020_bd,c12_final_150_0020,12,150,backdate,424242,0.5,150,131,0.873333,20.8194,84.8059,92,8.0,0.771488,random,301,1,835.648,93.9765,7.684826666666668,0.05333333333333334,0.0003873551031574607
c12_final_150_0020_bd,c12_final_150_0020,12,150,backdate,424242,0.5,150,131,0.873333,20.8194,84.8059,92,8.0,0.771488,v2rl301,301,1,835.648,93.9765,7.689826666666666,0.05333333333333334,0.027010200079530478
c12_final_150_0020_bd,c12_final_150_0020,12,150,backdate,424242,0.5,150,131,0.873333,20.8194,84.8059,92,8.0,0.771488,v2rl302,302,1,835.648,93.9765,7.686493333333335,0.05333333333333334,0.02695669699460268
c12_final_150_0020_bd,c12_final_150_0020,12,150,backdate,424242,0.5,150,131,0.873333,20.8194,84.8059,92,8.0,0.771488,v2rl303,303,1,835.648,93.9765,7.686493333333335,0.05333333333333334,0.026769727002829313
c12_final_150_0020_bd,c12_final_150_0020,12,150,backdate,424242,0.5,150,131,0.873333,20.8194,84.8059,92,8.0,0.771488,v2rl304,304,1,835.648,93.9765,7.686493333333335,0.05333333333333334,0.026952855056151748
c12_final_150_0020_bd,c12_final_150_0020,12,150,backdate,424242,0.5,150,131,0.873333,20.8194,84.8059,92,8.0,0.771488,v2rl305,305,1,835.648,93.9765,7.686493333333335,0.05333333333333334,0.026851575006730855
c12_final_150_0020_bd,c12_final_150_0020,12,150,backdate,424242,0.5,150,131,0.873333,20.8194,84.8059,92,8.0,0.771488,v2rl306,306,1,835.648,93.9765,7.686493333333333,0.05333333333333334,0.026210512965917587
c12_final_150_0020_bd,c12_final_150_0020,12,150,backdate,424242,0.5,150,131,0.873333,20.8194,84.8059,92,8.0,0.771488,v2rl307,307,1,835.648,93.9765,7.686493333333335,0.05333333333333334,0.02605225599836558
c12_final_150_0020_bd,c12_final_150_0020,12,150,backdate,424242,0.5,150,131,0.873333,20.8194,84.8059,92,8.0,0.771488,v2rl308,308,1,835.648,93.9765,7.689826666666668,0.05333333333333334,0.025885742041282356
c12_final_150_0020_bd,c12_final_150_0020,12,150,backdate,424242,0.5,150,131,0.873333,20.8194,84.8059,92,8.0,0.771488,v2rl309,309,1,835.648,93.9765,7.686493333333335,0.05333333333333334,0.02661220100708306
c12_final_150_0020_bd,c12_final_150_0020,12,150,backdate,424242,0.5,150,131,0.873333,20.8194,84.8059,92,8.0,0.771488,v2rl310,310,1,835.648,93.9765,7.686493333333335,0.05333333333333334,0.026314785005524755
c12_final_150_0021_bd,c12_final_150_0021,12,150,backdate,424242,0.5,150,148,0.986667,22.1257,78.7905,130,8.0,0.210417,edd,301,1,166.0,71.8,3.880895333333333,0.013333333333333334,0.0009575519943609834
c12_final_150_0021_bd,c12_final_150_0021,12,150,backdate,424242,0.5,150,148,0.986667,22.1257,78.7905,130,8.0,0.210417,pfifo,301,1,166.0,71.8,3.880895333333333,0.013333333333333334,0.0009532719850540161
c12_final_150_0021_bd,c12_final_150_0021,12,150,backdate,424242,0.5,150,148,0.986667,22.1257,78.7905,130,8.0,0.210417,wspt,301,1,166.0,71.8,3.5075619999999996,0.013333333333333334,0.000969003071077168
c12_final_150_0021_bd,c12_final_150_0021,12,150,backdate,424242,0.5,150,148,0.986667,22.1257,78.7905,130,8.0,0.210417,atc,301,1,166.0,71.8,3.600895333333333,0.013333333333333334,0.002005790011025965
c12_final_150_0021_bd,c12_final_150_0021,12,150,backdate,424242,0.5,150,148,0.986667,22.1257,78.7905,130,8.0,0.210417,wmdd,301,1,166.0,71.8,3.880895333333333,0.013333333333333334,0.0014066159492358565
c12_final_150_0021_bd,c12_final_150_0021,12,150,backdate,424242,0.5,150,148,0.986667,22.1257,78.7905,130,8.0,0.210417,lpt,301,1,166.0,71.8,4.129228666666667,0.013333333333333334,0.0008878739317879081
c12_final_150_0021_bd,c12_final_150_0021,12,150,backdate,424242,0.5,150,148,0.986667,22.1257,78.7905,130,8.0,0.210417,random,301,1,166.0,71.8,3.8275619999999995,0.013333333333333334,0.0004139019874855876
c12_final_150_0021_bd,c12_final_150_0021,12,150,backdate,424242,0.5,150,148,0.986667,22.1257,78.7905,130,8.0,0.210417,v2rl301,301,1,166.0,71.8,4.040895333333333,0.013333333333333334,0.033180281054228544
c12_final_150_0021_bd,c12_final_150_0021,12,150,backdate,424242,0.5,150,148,0.986667,22.1257,78.7905,130,8.0,0.210417,v2rl302,302,1,166.0,71.8,3.819228666666666,0.013333333333333334,0.032886888016946614
c12_final_150_0021_bd,c12_final_150_0021,12,150,backdate,424242,0.5,150,148,0.986667,22.1257,78.7905,130,8.0,0.210417,v2rl303,303,1,166.0,71.8,3.605895333333333,0.013333333333333334,0.033087444957345724
c12_final_150_0021_bd,c12_final_150_0021,12,150,backdate,424242,0.5,150,148,0.986667,22.1257,78.7905,130,8.0,0.210417,v2rl304,304,1,166.0,71.8,3.555895333333333,0.013333333333333334,0.03263770299963653
c12_final_150_0021_bd,c12_final_150_0021,12,150,backdate,424242,0.5,150,148,0.986667,22.1257,78.7905,130,8.0,0.210417,v2rl305,305,1,166.0,71.8,3.957562,0.013333333333333334,0.03232747397851199
c12_final_150_0021_bd,c12_final_150_0021,12,150,backdate,424242,0.5,150,148,0.986667,22.1257,78.7905,130,8.0,0.210417,v2rl306,306,1,166.0,71.8,3.957562,0.013333333333333334,0.032143182936124504
c12_final_150_0021_bd,c12_final_150_0021,12,150,backdate,424242,0.5,150,148,0.986667,22.1257,78.7905,130,8.0,0.210417,v2rl307,307,1,166.0,71.8,3.555895333333333,0.013333333333333334,0.03249372495338321
c12_final_150_0021_bd,c12_final_150_0021,12,150,backdate,424242,0.5,150,148,0.986667,22.1257,78.7905,130,8.0,0.210417,v2rl308,308,1,166.0,71.8,3.609228666666666,0.013333333333333334,0.0319301369599998
c12_final_150_0021_bd,c12_final_150_0021,12,150,backdate,424242,0.5,150,148,0.986667,22.1257,78.7905,130,8.0,0.210417,v2rl309,309,1,166.0,71.8,3.957562,0.013333333333333334,0.03204372699838132
c12_final_150_0021_bd,c12_final_150_0021,12,150,backdate,424242,0.5,150,148,0.986667,22.1257,78.7905,130,8.0,0.210417,v2rl310,310,1,166.0,71.8,3.5775619999999995,0.013333333333333334,0.031900589005090296
c12_final_150_0022_bd,c12_final_150_0022,12,150,backdate,424242,0.5,150,126,0.84,23.5218,81.9462,95,8.0,0.514324,edd,301,1,176.0,96.7054,5.113765333333334,0.02,0.0005627688951790333
c12_final_150_0022_bd,c12_final_150_0022,12,150,backdate,424242,0.5,150,126,0.84,23.5218,81.9462,95,8.0,0.514324,pfifo,301,1,176.0,96.7054,5.113765333333334,0.02,0.0005184999899938703
c12_final_150_0022_bd,c12_final_150_0022,12,150,backdate,424242,0.5,150,126,0.84,23.5218,81.9462,95,8.0,0.514324,wspt,301,1,176.0,96.7054,5.112098666666667,0.02,0.0004992319736629725
c12_final_150_0022_bd,c12_final_150_0022,12,150,backdate,424242,0.5,150,126,0.84,23.5218,81.9462,95,8.0,0.514324,atc,301,1,176.0,96.7054,5.112098666666666,0.02,0.0007655969820916653
c12_final_150_0022_bd,c12_final_150_0022,12,150,backdate,424242,0.5,150,126,0.84,23.5218,81.9462,95,8.0,0.514324,wmdd,301,1,176.0,96.7054,5.113765333333334,0.02,0.0005868279840797186
c12_final_150_0022_bd,c12_final_150_0022,12,150,backdate,424242,0.5,150,126,0.84,23.5218,81.9462,95,8.0,0.514324,lpt,301,1,176.0,96.7054,5.126518,0.02,0.0004808839876204729
c12_final_150_0022_bd,c12_final_150_0022,12,150,backdate,424242,0.5,150,126,0.84,23.5218,81.9462,95,8.0,0.514324,random,301,1,176.0,96.7054,5.112098666666666,0.02,0.00039122800808399916
c12_final_150_0022_bd,c12_final_150_0022,12,150,backdate,424242,0.5,150,126,0.84,23.5218,81.9462,95,8.0,0.514324,v2rl301,301,1,176.0,96.7054,5.123184666666666,0.02,0.027982390020042658
c12_final_150_0022_bd,c12_final_150_0022,12,150,backdate,424242,0.5,150,126,0.84,23.5218,81.9462,95,8.0,0.514324,v2rl302,302,1,176.0,96.7054,5.123184666666667,0.02,0.02775007509626448
c12_final_150_0022_bd,c12_final_150_0022,12,150,backdate,424242,0.5,150,126,0.84,23.5218,81.9462,95,8.0,0.514324,v2rl303,303,1,176.0,96.7054,5.113184666666667,0.02,0.027549297898076475
c12_final_150_0022_bd,c12_final_150_0022,12,150,backdate,424242,0.5,150,126,0.84,23.5218,81.9462,95,8.0,0.514324,v2rl304,304,1,176.0,96.7054,5.118184666666667,0.02,0.027870764955878258
c12_final_150_0022_bd,c12_final_150_0022,12,150,backdate,424242,0.5,150,126,0.84,23.5218,81.9462,95,8.0,0.514324,v2rl305,305,1,176.0,96.7054,5.123184666666667,0.02,0.027279578032903373
c12_final_150_0022_bd,c12_final_150_0022,12,150,backdate,424242,0.5,150,126,0.84,23.5218,81.9462,95,8.0,0.514324,v2rl306,306,1,176.0,96.7054,5.123184666666667,0.02,0.026990207959897816
c12_final_150_0022_bd,c12_final_150_0022,12,150,backdate,424242,0.5,150,126,0.84,23.5218,81.9462,95,8.0,0.514324,v2rl307,307,1,176.0,96.7054,5.112098666666666,0.02,0.026941279997117817
c12_final_150_0022_bd,c12_final_150_0022,12,150,backdate,424242,0.5,150,126,0.84,23.5218,81.9462,95,8.0,0.514324,v2rl308,308,1,176.0,96.7054,5.123184666666666,0.02,0.027399576967582107
c12_final_150_0022_bd,c12_final_150_0022,12,150,backdate,424242,0.5,150,126,0.84,23.5218,81.9462,95,8.0,0.514324,v2rl309,309,1,176.0,96.7054,5.123184666666667,0.02,0.027084107976406813
c12_final_150_0022_bd,c12_final_150_0022,12,150,backdate,424242,0.5,150,126,0.84,23.5218,81.9462,95,8.0,0.514324,v2rl310,310,1,176.0,96.7054,5.112098666666667,0.02,0.026889906032010913
c12_final_150_0023_bd,c12_final_150_0023,12,150,backdate,424242,0.5,150,129,0.86,21.7134,84.1529,89,16.4519,0.30696,edd,301,1,322.0,95.3706,6.455432,0.04,0.0005455060163512826
c12_final_150_0023_bd,c12_final_150_0023,12,150,backdate,424242,0.5,150,129,0.86,21.7134,84.1529,89,16.4519,0.30696,pfifo,301,1,322.0,95.3706,6.455432,0.04,0.000481492024846375
c12_final_150_0023_bd,c12_final_150_0023,12,150,backdate,424242,0.5,150,129,0.86,21.7134,84.1529,89,16.4519,0.30696,wspt,301,1,322.0,95.3706,6.420432,0.04,0.0004713860107585788
c12_final_150_0023_bd,c12_final_150_0023,12,150,backdate,424242,0.5,150,129,0.86,21.7134,84.1529,89,16.4519,0.30696,atc,301,1,322.0,95.3706,6.440432,0.04,0.0006900760345160961
c12_final_150_0023_bd,c12_final_150_0023,12,150,backdate,424242,0.5,150,129,0.86,21.7134,84.1529,89,16.4519,0.30696,wmdd,301,1,322.0,95.3706,6.455432,0.04,0.0005450700409710407
c12_final_150_0023_bd,c12_final_150_0023,12,150,backdate,424242,0.5,150,129,0.86,21.7134,84.1529,89,16.4519,0.30696,lpt,301,1,322.0,95.3706,6.708765333333333,0.04,0.00044643296860158443
c12_final_150_0023_bd,c12_final_150_0023,12,150,backdate,424242,0.5,150,129,0.86,21.7134,84.1529,89,16.4519,0.30696,random,301,1,322.0,95.3706,6.463765333333333,0.04,0.0004018390318378806
c12_final_150_0023_bd,c12_final_150_0023,12,150,backdate,424242,0.5,150,129,0.86,21.7134,84.1529,89,16.4519,0.30696,v2rl301,301,1,322.0,95.3706,6.632098666666667,0.04,0.02763811801560223
c12_final_150_0023_bd,c12_final_150_0023,12,150,backdate,424242,0.5,150,129,0.86,21.7134,84.1529,89,16.4519,0.30696,v2rl302,302,1,322.0,95.3706,6.588765333333333,0.04,0.026925456942990422
c12_final_150_0023_bd,c12_final_150_0023,12,150,backdate,424242,0.5,150,129,0.86,21.7134,84.1529,89,16.4519,0.30696,v2rl303,303,1,322.0,95.3706,6.588765333333333,0.04,0.02735839004162699
c12_final_150_0023_bd,c12_final_150_0023,12,150,backdate,424242,0.5,150,129,0.86,21.7134,84.1529,89,16.4519,0.30696,v2rl304,304,1,322.0,95.3706,6.560432,0.04,0.02677401597611606
c12_final_150_0023_bd,c12_final_150_0023,12,150,backdate,424242,0.5,150,129,0.86,21.7134,84.1529,89,16.4519,0.30696,v2rl305,305,1,322.0,95.3706,6.588765333333334,0.04,0.026385708013549447
c12_final_150_0023_bd,c12_final_150_0023,12,150,backdate,424242,0.5,150,129,0.86,21.7134,84.1529,89,16.4519,0.30696,v2rl306,306,1,322.0,95.3706,6.588765333333333,0.04,0.026454452075995505
c12_final_150_0023_bd,c12_final_150_0023,12,150,backdate,424242,0.5,150,129,0.86,21.7134,84.1529,89,16.4519,0.30696,v2rl307,307,1,322.0,95.3706,6.560432,0.04,0.026841199956834316
c12_final_150_0023_bd,c12_final_150_0023,12,150,backdate,424242,0.5,150,129,0.86,21.7134,84.1529,89,16.4519,0.30696,v2rl308,308,1,322.0,95.3706,6.548765333333333,0.04,0.026452783029526472
c12_final_150_0023_bd,c12_final_150_0023,12,150,backdate,424242,0.5,150,129,0.86,21.7134,84.1529,89,16.4519,0.30696,v2rl309,309,1,322.0,95.3706,6.588765333333334,0.04,0.026412937906570733
c12_final_150_0023_bd,c12_final_150_0023,12,150,backdate,424242,0.5,150,129,0.86,21.7134,84.1529,89,16.4519,0.30696,v2rl310,310,1,322.0,95.3706,6.573765333333333,0.04,0.0262564099393785
c12_final_150_0024_bd,c12_final_150_0024,12,150,backdate,424242,0.5,150,123,0.82,25.4162,85.6939,99,8.0,0.649381,edd,301,1,114.73120000000002,97.1159,6.533522666666667,0.02,0.0005472640041261911
c12_final_150_0024_bd,c12_final_150_0024,12,150,backdate,424242,0.5,150,123,0.82,25.4162,85.6939,99,8.0,0.649381,pfifo,301,1,114.73120000000002,97.1159,6.533522666666667,0.02,0.0004791429964825511
c12_final_150_0024_bd,c12_final_150_0024,12,150,backdate,424242,0.5,150,123,0.82,25.4162,85.6939,99,8.0,0.649381,wspt,301,1,114.73120000000002,97.1159,6.482302,0.02,0.00047192908823490143
c12_final_150_0024_bd,c12_final_150_0024,12,150,backdate,424242,0.5,150,123,0.82,25.4162,85.6939,99,8.0,0.649381,atc,301,1,114.73120000000002,97.1159,6.495189333333332,0.02,0.0006813809741288424
c12_final_150_0024_bd,c12_final_150_0024,12,150,backdate,424242,0.5,150,123,0.82,25.4162,85.6939,99,8.0,0.649381,wmdd,301,1,114.73120000000002,97.1159,6.533522666666667,0.02,0.0005329929990693927
c12_final_150_0024_bd,c12_final_150_0024,12,150,backdate,424242,0.5,150,123,0.82,25.4162,85.6939,99,8.0,0.649381,lpt,301,1,114.73120000000002,97.1159,6.584073333333334,0.02,0.00045628403313457966
c12_final_150_0024_bd,c12_final_150_0024,12,150,backdate,424242,0.5,150,123,0.82,25.4162,85.6939,99,8.0,0.649381,random,301,1,114.73120000000002,97.1159,6.506855999999999,0.02,0.0004012460121884942
c12_final_150_0024_bd,c12_final_150_0024,12,150,backdate,424242,0.5,150,123,0.82,25.4162,85.6939,99,8.0,0.649381,v2rl301,301,1,114.73120000000002,97.1159,6.530740000000001,0.02,0.027381489984691143
c12_final_150_0024_bd,c12_final_150_0024,12,150,backdate,424242,0.5,150,123,0.82,25.4162,85.6939,99,8.0,0.649381,v2rl302,302,1,114.73120000000002,97.1159,6.550740000000001,0.02,0.02686949202325195
c12_final_150_0024_bd,c12_final_150_0024,12,150,backdate,424242,0.5,150,123,0.82,25.4162,85.6939,99,8.0,0.649381,v2rl303,303,1,114.73120000000002,97.1159,6.554073333333334,0.02,0.02717572101391852
c12_final_150_0024_bd,c12_final_150_0024,12,150,backdate,424242,0.5,150,123,0.82,25.4162,85.6939,99,8.0,0.649381,v2rl304,304,1,114.73120000000002,97.1159,6.498522666666668,0.02,0.026684676064178348
c12_final_150_0024_bd,c12_final_150_0024,12,150,backdate,424242,0.5,150,123,0.82,25.4162,85.6939,99,8.0,0.649381,v2rl305,305,1,114.73120000000002,97.1159,6.550740000000001,0.02,0.026390784070827067
c12_final_150_0024_bd,c12_final_150_0024,12,150,backdate,424242,0.5,150,123,0.82,25.4162,85.6939,99,8.0,0.649381,v2rl306,306,1,114.73120000000002,97.1159,6.550740000000001,0.02,0.02632901002652943
c12_final_150_0024_bd,c12_final_150_0024,12,150,backdate,424242,0.5,150,123,0.82,25.4162,85.6939,99,8.0,0.649381,v2rl307,307,1,114.73120000000002,97.1159,6.498522666666668,0.02,0.02664224593900144
c12_final_150_0024_bd,c12_final_150_0024,12,150,backdate,424242,0.5,150,123,0.82,25.4162,85.6939,99,8.0,0.649381,v2rl308,308,1,114.73120000000002,97.1159,6.530740000000001,0.02,0.026389761944301426
c12_final_150_0024_bd,c12_final_150_0024,12,150,backdate,424242,0.5,150,123,0.82,25.4162,85.6939,99,8.0,0.649381,v2rl309,309,1,114.73120000000002,97.1159,6.549073333333334,0.02,0.026238432968966663
c12_final_150_0024_bd,c12_final_150_0024,12,150,backdate,424242,0.5,150,123,0.82,25.4162,85.6939,99,8.0,0.649381,v2rl310,310,1,114.73120000000002,97.1159,6.527406666666668,0.02,0.026206232025288045
c12_final_150_0025_bd,c12_final_150_0025,12,150,backdate,424242,0.5,150,125,0.833333,19.5554,81.5354,101,8.4475,0.623054,edd,301,1,1769.9184,93.3937,6.549213333333333,0.06,0.0005820890655741096
c12_final_150_0025_bd,c12_final_150_0025,12,150,backdate,424242,0.5,150,125,0.833333,19.5554,81.5354,101,8.4475,0.623054,pfifo,301,1,1769.9184,93.3937,6.549213333333333,0.06,0.0005011380417272449
c12_final_150_0025_bd,c12_final_150_0025,12,150,backdate,424242,0.5,150,125,0.833333,19.5554,81.5354,101,8.4475,0.623054,wspt,301,1,1769.9184,93.3937,6.536165333333333,0.06,0.0005005529383197427
c12_final_150_0025_bd,c12_final_150_0025,12,150,backdate,424242,0.5,150,125,0.833333,19.5554,81.5354,101,8.4475,0.623054,atc,301,1,1769.9184,93.3937,6.536165333333333,0.06,0.0007507289992645383
c12_final_150_0025_bd,c12_final_150_0025,12,150,backdate,424242,0.5,150,125,0.833333,19.5554,81.5354,101,8.4475,0.623054,wmdd,301,1,1769.9184,93.3937,6.549213333333333,0.06,0.0005848360015079379
c12_final_150_0025_bd,c12_final_150_0025,12,150,backdate,424242,0.5,150,125,0.833333,19.5554,81.5354,101,8.4475,0.623054,lpt,301,1,1769.9184,93.3937,6.552546666666666,0.06,0.0004657829413190484
c12_final_150_0025_bd,c12_final_150_0025,12,150,backdate,424242,0.5,150,125,0.833333,19.5554,81.5354,101,8.4475,0.623054,random,301,1,1769.9184,93.3937,6.536165333333333,0.06,0.00039015791844576597
c12_final_150_0025_bd,c12_final_150_0025,12,150,backdate,424242,0.5,150,125,0.833333,19.5554,81.5354,101,8.4475,0.623054,v2rl301,301,1,1769.9184,93.3937,6.537546666666667,0.06,0.027545574004761875
c12_final_150_0025_bd,c12_final_150_0025,12,150,backdate,424242,0.5,150,125,0.833333,19.5554,81.5354,101,8.4475,0.623054,v2rl302,302,1,1769.9184,93.3937,6.552546666666666,0.06,0.027475339942611754
c12_final_150_0025_bd,c12_final_150_0025,12,150,backdate,424242,0.5,150,125,0.833333,19.5554,81.5354,101,8.4475,0.623054,v2rl303,303,1,1769.9184,93.3937,6.552546666666666,0.06,0.02724949095863849
c12_final_150_0025_bd,c12_final_150_0025,12,150,backdate,424242,0.5,150,125,0.833333,19.5554,81.5354,101,8.4475,0.623054,v2rl304,304,1,1769.9184,93.3937,6.536165333333333,0.06,0.026654465007595718
c12_final_150_0025_bd,c12_final_150_0025,12,150,backdate,424242,0.5,150,125,0.833333,19.5554,81.5354,101,8.4475,0.623054,v2rl305,305,1,1769.9184,93.3937,6.552546666666666,0.06,0.02674092596862465
c12_final_150_0025_bd,c12_final_150_0025,12,150,backdate,424242,0.5,150,125,0.833333,19.5554,81.5354,101,8.4475,0.623054,v2rl306,306,1,1769.9184,93.3937,6.552546666666666,0.06,0.026583945960737765
c12_final_150_0025_bd,c12_final_150_0025,12,150,backdate,424242,0.5,150,125,0.833333,19.5554,81.5354,101,8.4475,0.623054,v2rl307,307,1,1769.9184,93.3937,6.536165333333333,0.06,0.026902638957835734
c12_final_150_0025_bd,c12_final_150_0025,12,150,backdate,424242,0.5,150,125,0.833333,19.5554,81.5354,101,8.4475,0.623054,v2rl308,308,1,1769.9184,93.3937,6.537546666666667,0.06,0.02667165908496827
c12_final_150_0025_bd,c12_final_150_0025,12,150,backdate,424242,0.5,150,125,0.833333,19.5554,81.5354,101,8.4475,0.623054,v2rl309,309,1,1769.9184,93.3937,6.552546666666666,0.06,0.026524454937316477
c12_final_150_0025_bd,c12_final_150_0025,12,150,backdate,424242,0.5,150,125,0.833333,19.5554,81.5354,101,8.4475,0.623054,v2rl310,310,1,1769.9184,93.3937,6.54088,0.06,0.026398221030831337
c12_final_150_0026_bd,c12_final_150_0026,12,150,backdate,424242,0.5,150,108,0.72,27.574,84.3248,100,3.4117,1.326703,edd,301,1,1550.3776,93.3884,5.84272,0.02,0.0005965889431536198
c12_final_150_0026_bd,c12_final_150_0026,12,150,backdate,424242,0.5,150,108,0.72,27.574,84.3248,100,3.4117,1.326703,pfifo,301,1,1550.3776,93.3884,5.84272,0.02,0.0005130339413881302
c12_final_150_0026_bd,c12_final_150_0026,12,150,backdate,424242,0.5,150,108,0.72,27.574,84.3248,100,3.4117,1.326703,wspt,301,1,1554.3776,93.3884,5.759386666666666,0.02,0.0004976679338142276
c12_final_150_0026_bd,c12_final_150_0026,12,150,backdate,424242,0.5,150,108,0.72,27.574,84.3248,100,3.4117,1.326703,atc,301,1,1550.3776,93.3884,5.812524,0.02,0.0007901539793238044
c12_final_150_0026_bd,c12_final_150_0026,12,150,backdate,424242,0.5,150,108,0.72,27.574,84.3248,100,3.4117,1.326703,wmdd,301,1,1550.3776,93.3884,5.84272,0.02,0.0006063530454412103
c12_final_150_0026_bd,c12_final_150_0026,12,150,backdate,424242,0.5,150,108,0.72,27.574,84.3248,100,3.4117,1.326703,lpt,301,1,1550.3776,93.3884,5.973502,0.02,0.0004726110491901636
c12_final_150_0026_bd,c12_final_150_0026,12,150,backdate,424242,0.5,150,108,0.72,27.574,84.3248,100,3.4117,1.326703,random,301,1,1550.3776,93.3884,5.79772,0.02,0.00038841902278363705
c12_final_150_0026_bd,c12_final_150_0026,12,150,backdate,424242,0.5,150,108,0.72,27.574,84.3248,100,3.4117,1.326703,v2rl301,301,1,1550.3776,93.3884,5.871502,0.02,0.027557300054468215
c12_final_150_0026_bd,c12_final_150_0026,12,150,backdate,424242,0.5,150,108,0.72,27.574,84.3248,100,3.4117,1.326703,v2rl302,302,1,1550.3776,93.3884,5.948502,0.02,0.027270823949947953
c12_final_150_0026_bd,c12_final_150_0026,12,150,backdate,424242,0.5,150,108,0.72,27.574,84.3248,100,3.4117,1.326703,v2rl303,303,1,1550.3776,93.3884,5.931190666666667,0.02,0.027088334900327027
c12_final_150_0026_bd,c12_final_150_0026,12,150,backdate,424242,0.5,150,108,0.72,27.574,84.3248,100,3.4117,1.326703,v2rl304,304,1,1550.3776,93.3884,5.809190666666667,0.02,0.027553049032576382
c12_final_150_0026_bd,c12_final_150_0026,12,150,backdate,424242,0.5,150,108,0.72,27.574,84.3248,100,3.4117,1.326703,v2rl305,305,1,1550.3776,93.3884,5.948502,0.02,0.027105377055704594
c12_final_150_0026_bd,c12_final_150_0026,12,150,backdate,424242,0.5,150,108,0.72,27.574,84.3248,100,3.4117,1.326703,v2rl306,306,1,1550.3776,93.3884,5.948502,0.02,0.02699590101838112
c12_final_150_0026_bd,c12_final_150_0026,12,150,backdate,424242,0.5,150,108,0.72,27.574,84.3248,100,3.4117,1.326703,v2rl307,307,1,1550.3776,93.3884,5.80272,0.02,0.02679641905706376
c12_final_150_0026_bd,c12_final_150_0026,12,150,backdate,424242,0.5,150,108,0.72,27.574,84.3248,100,3.4117,1.326703,v2rl308,308,1,1550.3776,93.3884,5.831502,0.02,0.02713065897114575
c12_final_150_0026_bd,c12_final_150_0026,12,150,backdate,424242,0.5,150,108,0.72,27.574,84.3248,100,3.4117,1.326703,v2rl309,309,1,1550.3776,93.3884,5.942116666666666,0.02,0.026839106110855937
c12_final_150_0026_bd,c12_final_150_0026,12,150,backdate,424242,0.5,150,108,0.72,27.574,84.3248,100,3.4117,1.326703,v2rl310,310,1,1550.3776,93.3884,5.8210533333333325,0.02,0.02691492799203843
c12_final_150_0027_bd,c12_final_150_0027,12,150,backdate,424242,0.5,150,145,0.966667,14.4658,70.5642,76,16.4028,0.119964,edd,301,1,100.00000000000004,24.4753,2.4433333333333334,0.02666666666666667,0.0005268509266898036
c12_final_150_0027_bd,c12_final_150_0027,12,150,backdate,424242,0.5,150,145,0.966667,14.4658,70.5642,76,16.4028,0.119964,pfifo,301,1,100.00000000000004,24.4753,2.4433333333333334,0.02666666666666667,0.0004576219944283366
c12_final_150_0027_bd,c12_final_150_0027,12,150,backdate,424242,0.5,150,145,0.966667,14.4658,70.5642,76,16.4028,0.119964,wspt,301,1,100.00000000000004,24.4753,2.4433333333333334,0.02666666666666667,0.0004471810534596443
c12_final_150_0027_bd,c12_final_150_0027,12,150,backdate,424242,0.5,150,145,0.966667,14.4658,70.5642,76,16.4028,0.119964,atc,301,1,100.00000000000004,24.4753,2.4433333333333334,0.02666666666666667,0.0006173700094223022
c12_final_150_0027_bd,c12_final_150_0027,12,150,backdate,424242,0.5,150,145,0.966667,14.4658,70.5642,76,16.4028,0.119964,wmdd,301,1,100.00000000000004,24.4753,2.4433333333333334,0.02666666666666667,0.0004892779979854822
c12_final_150_0027_bd,c12_final_150_0027,12,150,backdate,424242,0.5,150,145,0.966667,14.4658,70.5642,76,16.4028,0.119964,lpt,301,1,100.00000000000004,24.4753,2.4483333333333333,0.02666666666666667,0.00042565492913126945
c12_final_150_0027_bd,c12_final_150_0027,12,150,backdate,424242,0.5,150,145,0.966667,14.4658,70.5642,76,16.4028,0.119964,random,301,1,100.00000000000004,24.4753,2.445,0.02666666666666667,0.0003825689200311899
c12_final_150_0027_bd,c12_final_150_0027,12,150,backdate,424242,0.5,150,145,0.966667,14.4658,70.5642,76,16.4028,0.119964,v2rl301,301,1,100.00000000000004,24.4753,2.4433333333333334,0.02666666666666667,0.026114174048416317
c12_final_150_0027_bd,c12_final_150_0027,12,150,backdate,424242,0.5,150,145,0.966667,14.4658,70.5642,76,16.4028,0.119964,v2rl302,302,1,100.00000000000004,24.4753,2.4483333333333333,0.02666666666666667,0.02632648590952158
c12_final_150_0027_bd,c12_final_150_0027,12,150,backdate,424242,0.5,150,145,0.966667,14.4658,70.5642,76,16.4028,0.119964,v2rl303,303,1,100.00000000000004,24.4753,2.4483333333333333,0.02666666666666667,0.025896735955029726
c12_final_150_0027_bd,c12_final_150_0027,12,150,backdate,424242,0.5,150,145,0.966667,14.4658,70.5642,76,16.4028,0.119964,v2rl304,304,1,100.00000000000004,24.4753,2.4433333333333334,0.02666666666666667,0.02581361006014049
c12_final_150_0027_bd,c12_final_150_0027,12,150,backdate,424242,0.5,150,145,0.966667,14.4658,70.5642,76,16.4028,0.119964,v2rl305,305,1,100.00000000000004,24.4753,2.4483333333333333,0.02666666666666667,0.02558330399915576
c12_final_150_0027_bd,c12_final_150_0027,12,150,backdate,424242,0.5,150,145,0.966667,14.4658,70.5642,76,16.4028,0.119964,v2rl306,306,1,100.00000000000004,24.4753,2.4483333333333333,0.02666666666666667,0.026078380993567407
c12_final_150_0027_bd,c12_final_150_0027,12,150,backdate,424242,0.5,150,145,0.966667,14.4658,70.5642,76,16.4028,0.119964,v2rl307,307,1,100.00000000000004,24.4753,2.4433333333333334,0.02666666666666667,0.025648889015428722
c12_final_150_0027_bd,c12_final_150_0027,12,150,backdate,424242,0.5,150,145,0.966667,14.4658,70.5642,76,16.4028,0.119964,v2rl308,308,1,100.00000000000004,24.4753,2.4433333333333334,0.02666666666666667,0.025637581944465637
c12_final_150_0027_bd,c12_final_150_0027,12,150,backdate,424242,0.5,150,145,0.966667,14.4658,70.5642,76,16.4028,0.119964,v2rl309,309,1,100.00000000000004,24.4753,2.4483333333333333,0.02666666666666667,0.025835696957074106
c12_final_150_0027_bd,c12_final_150_0027,12,150,backdate,424242,0.5,150,145,0.966667,14.4658,70.5642,76,16.4028,0.119964,v2rl310,310,1,100.00000000000004,24.4753,2.4433333333333334,0.02666666666666667,0.026359135983511806
c12_final_150_0028_bd,c12_final_150_0028,12,150,backdate,424242,0.5,150,115,0.766667,21.8269,82.7511,87,8.0,0.537926,edd,301,1,8.0,69.6364,5.4994819999999995,0.006666666666666667,0.0005485540023073554
c12_final_150_0028_bd,c12_final_150_0028,12,150,backdate,424242,0.5,150,115,0.766667,21.8269,82.7511,87,8.0,0.537926,pfifo,301,1,8.0,69.6364,5.4994819999999995,0.006666666666666667,0.00048729300033301115
c12_final_150_0028_bd,c12_final_150_0028,12,150,backdate,424242,0.5,150,115,0.766667,21.8269,82.7511,87,8.0,0.537926,wspt,301,1,8.0,69.6364,5.425032666666666,0.006666666666666667,0.0004800109891220927
c12_final_150_0028_bd,c12_final_150_0028,12,150,backdate,424242,0.5,150,115,0.766667,21.8269,82.7511,87,8.0,0.537926,atc,301,1,8.0,69.6364,5.441032666666667,0.006666666666666667,0.000696494011208415
c12_final_150_0028_bd,c12_final_150_0028,12,150,backdate,424242,0.5,150,115,0.766667,21.8269,82.7511,87,8.0,0.537926,wmdd,301,1,8.0,69.6364,5.4994819999999995,0.006666666666666667,0.0005508080357685685
c12_final_150_0028_bd,c12_final_150_0028,12,150,backdate,424242,0.5,150,115,0.766667,21.8269,82.7511,87,8.0,0.537926,lpt,301,1,8.0,69.6364,5.622616,0.006666666666666667,0.0004732270026579499
c12_final_150_0028_bd,c12_final_150_0028,12,150,backdate,424242,0.5,150,115,0.766667,21.8269,82.7511,87,8.0,0.537926,random,301,1,8.0,69.6364,5.4868153333333325,0.006666666666666667,0.00038664997555315495
c12_final_150_0028_bd,c12_final_150_0028,12,150,backdate,424242,0.5,150,115,0.766667,21.8269,82.7511,87,8.0,0.537926,v2rl301,301,1,8.0,69.6364,5.536616,0.006666666666666667,0.02766025997698307
c12_final_150_0028_bd,c12_final_150_0028,12,150,backdate,424242,0.5,150,115,0.766667,21.8269,82.7511,87,8.0,0.537926,v2rl302,302,1,8.0,69.6364,5.564949333333334,0.006666666666666667,0.02714420494157821
c12_final_150_0028_bd,c12_final_150_0028,12,150,backdate,424242,0.5,150,115,0.766667,21.8269,82.7511,87,8.0,0.537926,v2rl303,303,1,8.0,69.6364,5.550282666666667,0.006666666666666667,0.026891291956417263
c12_final_150_0028_bd,c12_final_150_0028,12,150,backdate,424242,0.5,150,115,0.766667,21.8269,82.7511,87,8.0,0.537926,v2rl304,304,1,8.0,69.6364,5.485815333333333,0.006666666666666667,0.0266799449454993
c12_final_150_0028_bd,c12_final_150_0028,12,150,backdate,424242,0.5,150,115,0.766667,21.8269,82.7511,87,8.0,0.537926,v2rl305,305,1,8.0,69.6364,5.564949333333334,0.006666666666666667,0.02680159593001008
c12_final_150_0028_bd,c12_final_150_0028,12,150,backdate,424242,0.5,150,115,0.766667,21.8269,82.7511,87,8.0,0.537926,v2rl306,306,1,8.0,69.6364,5.581949333333333,0.006666666666666667,0.027030671946704388
c12_final_150_0028_bd,c12_final_150_0028,12,150,backdate,424242,0.5,150,115,0.766667,21.8269,82.7511,87,8.0,0.537926,v2rl307,307,1,8.0,69.6364,5.488148666666666,0.006666666666666667,0.026662845979444683
c12_final_150_0028_bd,c12_final_150_0028,12,150,backdate,424242,0.5,150,115,0.766667,21.8269,82.7511,87,8.0,0.537926,v2rl308,308,1,8.0,69.6364,5.526815333333334,0.006666666666666667,0.026724310009740293
c12_final_150_0028_bd,c12_final_150_0028,12,150,backdate,424242,0.5,150,115,0.766667,21.8269,82.7511,87,8.0,0.537926,v2rl309,309,1,8.0,69.6364,5.537482,0.006666666666666667,0.027416682103648782
c12_final_150_0028_bd,c12_final_150_0028,12,150,backdate,424242,0.5,150,115,0.766667,21.8269,82.7511,87,8.0,0.537926,v2rl310,310,1,8.0,69.6364,5.542815333333333,0.006666666666666667,0.027692393981851637
c12_final_150_0029_bd,c12_final_150_0029,12,150,backdate,424242,0.5,150,125,0.833333,19.3442,83.0567,105,8.0,0.684382,edd,301,1,21.729600000000005,95.61540000000001,6.790238666666666,0.006666666666666667,0.0005415510386228561
c12_final_150_0029_bd,c12_final_150_0029,12,150,backdate,424242,0.5,150,125,0.833333,19.3442,83.0567,105,8.0,0.684382,pfifo,301,1,21.729600000000005,95.61540000000001,6.790238666666666,0.006666666666666667,0.0004920549690723419
c12_final_150_0029_bd,c12_final_150_0029,12,150,backdate,424242,0.5,150,125,0.833333,19.3442,83.0567,105,8.0,0.684382,wspt,301,1,21.729600000000005,95.61540000000001,6.790238666666666,0.006666666666666667,0.0004902459913864732
c12_final_150_0029_bd,c12_final_150_0029,12,150,backdate,424242,0.5,150,125,0.833333,19.3442,83.0567,105,8.0,0.684382,atc,301,1,21.729600000000005,95.61540000000001,6.790238666666666,0.006666666666666667,0.0007596450159326196
c12_final_150_0029_bd,c12_final_150_0029,12,150,backdate,424242,0.5,150,125,0.833333,19.3442,83.0567,105,8.0,0.684382,wmdd,301,1,21.729600000000005,95.61540000000001,6.790238666666666,0.006666666666666667,0.000583954039029777
c12_final_150_0029_bd,c12_final_150_0029,12,150,backdate,424242,0.5,150,125,0.833333,19.3442,83.0567,105,8.0,0.684382,lpt,301,1,21.729600000000005,95.61540000000001,6.790238666666666,0.006666666666666667,0.00046328199096024036
c12_final_150_0029_bd,c12_final_150_0029,12,150,backdate,424242,0.5,150,125,0.833333,19.3442,83.0567,105,8.0,0.684382,random,301,1,21.729600000000005,95.61540000000001,6.790238666666666,0.006666666666666667,0.00037275301292538643
c12_final_150_0029_bd,c12_final_150_0029,12,150,backdate,424242,0.5,150,125,0.833333,19.3442,83.0567,105,8.0,0.684382,v2rl301,301,1,21.729600000000005,95.61540000000001,6.790238666666666,0.006666666666666667,0.02706574706826359
c12_final_150_0029_bd,c12_final_150_0029,12,150,backdate,424242,0.5,150,125,0.833333,19.3442,83.0567,105,8.0,0.684382,v2rl302,302,1,21.729600000000005,95.61540000000001,6.790238666666667,0.006666666666666667,0.026665167999453843
c12_final_150_0029_bd,c12_final_150_0029,12,150,backdate,424242,0.5,150,125,0.833333,19.3442,83.0567,105,8.0,0.684382,v2rl303,303,1,21.729600000000005,95.61540000000001,6.790238666666666,0.006666666666666667,0.026489928015507758
c12_final_150_0029_bd,c12_final_150_0029,12,150,backdate,424242,0.5,150,125,0.833333,19.3442,83.0567,105,8.0,0.684382,v2rl304,304,1,21.729600000000005,95.61540000000001,6.790238666666667,0.006666666666666667,0.026562799932435155
c12_final_150_0029_bd,c12_final_150_0029,12,150,backdate,424242,0.5,150,125,0.833333,19.3442,83.0567,105,8.0,0.684382,v2rl305,305,1,21.729600000000005,95.61540000000001,6.790238666666666,0.006666666666666667,0.026709554949775338
c12_final_150_0029_bd,c12_final_150_0029,12,150,backdate,424242,0.5,150,125,0.833333,19.3442,83.0567,105,8.0,0.684382,v2rl306,306,1,21.729600000000005,95.61540000000001,6.790238666666667,0.006666666666666667,0.026555221062153578
c12_final_150_0029_bd,c12_final_150_0029,12,150,backdate,424242,0.5,150,125,0.833333,19.3442,83.0567,105,8.0,0.684382,v2rl307,307,1,21.729600000000005,95.61540000000001,6.790238666666666,0.006666666666666667,0.02649977896362543
c12_final_150_0029_bd,c12_final_150_0029,12,150,backdate,424242,0.5,150,125,0.833333,19.3442,83.0567,105,8.0,0.684382,v2rl308,308,1,21.729600000000005,95.61540000000001,6.790238666666667,0.006666666666666667,0.027183794998563826
c12_final_150_0029_bd,c12_final_150_0029,12,150,backdate,424242,0.5,150,125,0.833333,19.3442,83.0567,105,8.0,0.684382,v2rl309,309,1,21.729600000000005,95.61540000000001,6.790238666666666,0.006666666666666667,0.027606848045252264
c12_final_150_0029_bd,c12_final_150_0029,12,150,backdate,424242,0.5,150,125,0.833333,19.3442,83.0567,105,8.0,0.684382,v2rl310,310,1,21.729600000000005,95.61540000000001,6.790238666666667,0.006666666666666667,0.027313023922033608
c12_final_400_0000_bd,c12_final_400_0000,12,400,backdate,424242,0.5,400,339,0.8475,20.1431,85.6579,170,25.3814,0.579198,edd,301,1,1961.1776,114.3867,7.429532249999999,0.0275,0.0012097229482606053
c12_final_400_0000_bd,c12_final_400_0000,12,400,backdate,424242,0.5,400,339,0.8475,20.1431,85.6579,170,25.3814,0.579198,pfifo,301,1,1961.1776,114.3867,7.429532249999999,0.0275,0.001161770080216229
c12_final_400_0000_bd,c12_final_400_0000,12,400,backdate,424242,0.5,400,339,0.8475,20.1431,85.6579,170,25.3814,0.579198,wspt,301,1,1961.1776,114.3867,7.2152822500000005,0.0275,0.0011506379814818501
c12_final_400_0000_bd,c12_final_400_0000,12,400,backdate,424242,0.5,400,339,0.8475,20.1431,85.6579,170,25.3814,0.579198,atc,301,1,1961.1776,114.3867,7.242032249999999,0.0275,0.0017468329751864076
c12_final_400_0000_bd,c12_final_400_0000,12,400,backdate,424242,0.5,400,339,0.8475,20.1431,85.6579,170,25.3814,0.579198,wmdd,301,1,1961.1776,114.3867,7.429532249999999,0.0275,0.0013507410185411572
c12_final_400_0000_bd,c12_final_400_0000,12,400,backdate,424242,0.5,400,339,0.8475,20.1431,85.6579,170,25.3814,0.579198,lpt,301,1,2024.064,114.3867,8.205620750000001,0.03,0.0011152609949931502
c12_final_400_0000_bd,c12_final_400_0000,12,400,backdate,424242,0.5,400,339,0.8475,20.1431,85.6579,170,25.3814,0.579198,random,301,1,1967.1776,114.3867,7.53828225,0.0275,0.0009250789880752563
c12_final_400_0000_bd,c12_final_400_0000,12,400,backdate,424242,0.5,400,339,0.8475,20.1431,85.6579,170,25.3814,0.579198,v2rl301,301,1,1961.1776,114.3867,7.86163125,0.0275,0.07249824702739716
c12_final_400_0000_bd,c12_final_400_0000,12,400,backdate,424242,0.5,400,339,0.8475,20.1431,85.6579,170,25.3814,0.579198,v2rl302,302,1,1961.1776,114.3867,7.70527975,0.0275,0.07190582994371653
c12_final_400_0000_bd,c12_final_400_0000,12,400,backdate,424242,0.5,400,339,0.8475,20.1431,85.6579,170,25.3814,0.579198,v2rl303,303,1,1961.1776,114.3867,7.71852975,0.0275,0.0736681210109964
c12_final_400_0000_bd,c12_final_400_0000,12,400,backdate,424242,0.5,400,339,0.8475,20.1431,85.6579,170,25.3814,0.579198,v2rl304,304,1,1961.1776,114.3867,7.45590725,0.0275,0.0734265869250521
c12_final_400_0000_bd,c12_final_400_0000,12,400,backdate,424242,0.5,400,339,0.8475,20.1431,85.6579,170,25.3814,0.579198,v2rl305,305,1,1961.1776,114.3867,7.600779749999999,0.0275,0.07243655598722398
c12_final_400_0000_bd,c12_final_400_0000,12,400,backdate,424242,0.5,400,339,0.8475,20.1431,85.6579,170,25.3814,0.579198,v2rl306,306,1,1961.1776,114.3867,7.707779749999999,0.0275,0.07216993207111955
c12_final_400_0000_bd,c12_final_400_0000,12,400,backdate,424242,0.5,400,339,0.8475,20.1431,85.6579,170,25.3814,0.579198,v2rl307,307,1,1961.1776,114.3867,7.59678225,0.0275,0.07151953992433846
c12_final_400_0000_bd,c12_final_400_0000,12,400,backdate,424242,0.5,400,339,0.8475,20.1431,85.6579,170,25.3814,0.579198,v2rl308,308,1,1961.1776,114.3867,7.47664125,0.0275,0.07426992699038237
c12_final_400_0000_bd,c12_final_400_0000,12,400,backdate,424242,0.5,400,339,0.8475,20.1431,85.6579,170,25.3814,0.579198,v2rl309,309,1,1961.1776,114.3867,7.5804047500000005,0.0275,0.07369901204947382
c12_final_400_0000_bd,c12_final_400_0000,12,400,backdate,424242,0.5,400,339,0.8475,20.1431,85.6579,170,25.3814,0.579198,v2rl310,310,1,1961.1776,114.3867,7.60865475,0.0275,0.0724303990136832
c12_final_400_0001_bd,c12_final_400_0001,12,400,backdate,424242,0.5,400,343,0.8575,21.9589,85.431,209,23.4031,0.674949,edd,301,1,1951.8919999999998,101.8274,7.71618875,0.0475,0.0013625499559566379
c12_final_400_0001_bd,c12_final_400_0001,12,400,backdate,424242,0.5,400,343,0.8575,21.9589,85.431,209,23.4031,0.674949,pfifo,301,1,1951.8919999999998,101.8274,7.71618875,0.0475,0.0012924059992656112
c12_final_400_0001_bd,c12_final_400_0001,12,400,backdate,424242,0.5,400,343,0.8575,21.9589,85.431,209,23.4031,0.674949,wspt,301,1,1959.6504,101.8274,7.5977084999999995,0.0475,0.00131122802849859
c12_final_400_0001_bd,c12_final_400_0001,12,400,backdate,424242,0.5,400,343,0.8575,21.9589,85.431,209,23.4031,0.674949,atc,301,1,1951.8919999999998,101.8274,7.679812500000001,0.0475,0.0021977750584483147
c12_final_400_0001_bd,c12_final_400_0001,12,400,backdate,424242,0.5,400,343,0.8575,21.9589,85.431,209,23.4031,0.674949,wmdd,301,1,1951.8919999999998,101.8274,7.71618875,0.0475,0.0016250370535999537
c12_final_400_0001_bd,c12_final_400_0001,12,400,backdate,424242,0.5,400,343,0.8575,21.9589,85.431,209,23.4031,0.674949,lpt,301,1,1952.4832,101.8274,8.274985000000001,0.0475,0.0012522040633484721
c12_final_400_0001_bd,c12_final_400_0001,12,400,backdate,424242,0.5,400,343,0.8575,21.9589,85.431,209,23.4031,0.674949,random,301,1,1958.4832,101.8274,7.7501705,0.0475,0.0009170029079541564
c12_final_400_0001_bd,c12_final_400_0001,12,400,backdate,424242,0.5,400,343,0.8575,21.9589,85.431,209,23.4031,0.674949,v2rl301,301,1,1952.4832,101.8274,8.04744525,0.0475,0.07522790599614382
c12_final_400_0001_bd,c12_final_400_0001,12,400,backdate,424242,0.5,400,343,0.8575,21.9589,85.431,209,23.4031,0.674949,v2rl302,302,1,1952.4832,101.8274,7.90972325,0.0475,0.0741779200034216
c12_final_400_0001_bd,c12_final_400_0001,12,400,backdate,424242,0.5,400,343,0.8575,21.9589,85.431,209,23.4031,0.674949,v2rl303,303,1,1952.4832,101.8274,7.87159825,0.0475,0.07622131099924445
c12_final_400_0001_bd,c12_final_400_0001,12,400,backdate,424242,0.5,400,343,0.8575,21.9589,85.431,209,23.4031,0.674949,v2rl304,304,1,1952.4832,101.8274,7.81602525,0.0475,0.07605650706682354
c12_final_400_0001_bd,c12_final_400_0001,12,400,backdate,424242,0.5,400,343,0.8575,21.9589,85.431,209,23.4031,0.674949,v2rl305,305,1,1952.4832,101.8274,7.962223250000001,0.0475,0.07433454401325434
c12_final_400_0001_bd,c12_final_400_0001,12,400,backdate,424242,0.5,400,343,0.8575,21.9589,85.431,209,23.4031,0.674949,v2rl306,306,1,1952.4832,101.8274,7.92722325,0.0475,0.07465183199383318
c12_final_400_0001_bd,c12_final_400_0001,12,400,backdate,424242,0.5,400,343,0.8575,21.9589,85.431,209,23.4031,0.674949,v2rl307,307,1,1952.4832,101.8274,7.718871250000001,0.0475,0.07459669699892402
c12_final_400_0001_bd,c12_final_400_0001,12,400,backdate,424242,0.5,400,343,0.8575,21.9589,85.431,209,23.4031,0.674949,v2rl308,308,1,1952.4832,101.8274,7.814378,0.0475,0.07676379894837737
c12_final_400_0001_bd,c12_final_400_0001,12,400,backdate,424242,0.5,400,343,0.8575,21.9589,85.431,209,23.4031,0.674949,v2rl309,309,1,1952.4832,101.8274,7.90597325,0.0475,0.07541477889753878
c12_final_400_0001_bd,c12_final_400_0001,12,400,backdate,424242,0.5,400,343,0.8575,21.9589,85.431,209,23.4031,0.674949,v2rl310,310,1,1952.4832,101.8274,7.852848249999999,0.0475,0.07479535089805722
c12_final_400_0002_bd,c12_final_400_0002,12,400,backdate,424242,0.5,400,368,0.92,19.5809,85.4147,166,32.0,0.459151,edd,301,1,1813.4312,117.9645,6.895581,0.04,0.0011818389175459743
c12_final_400_0002_bd,c12_final_400_0002,12,400,backdate,424242,0.5,400,368,0.92,19.5809,85.4147,166,32.0,0.459151,pfifo,301,1,1813.4312,117.9645,6.895581,0.04,0.0011423409450799227
c12_final_400_0002_bd,c12_final_400_0002,12,400,backdate,424242,0.5,400,368,0.92,19.5809,85.4147,166,32.0,0.459151,wspt,301,1,1813.4312,117.9645,6.881206,0.04,0.0011425690026953816
c12_final_400_0002_bd,c12_final_400_0002,12,400,backdate,424242,0.5,400,368,0.92,19.5809,85.4147,166,32.0,0.459151,atc,301,1,1813.4312,117.9645,6.8824559999999995,0.04,0.0017307630041614175
c12_final_400_0002_bd,c12_final_400_0002,12,400,backdate,424242,0.5,400,368,0.92,19.5809,85.4147,166,32.0,0.459151,wmdd,301,1,1813.4312,117.9645,6.895581,0.04,0.0013931550784036517
c12_final_400_0002_bd,c12_final_400_0002,12,400,backdate,424242,0.5,400,368,0.92,19.5809,85.4147,166,32.0,0.459151,lpt,301,1,1813.3727999999999,117.9645,6.92423125,0.04,0.001099890097975731
c12_final_400_0002_bd,c12_final_400_0002,12,400,backdate,424242,0.5,400,368,0.92,19.5809,85.4147,166,32.0,0.459151,random,301,1,1813.3727999999999,117.9645,6.891831,0.04,0.0009067830396816134
c12_final_400_0002_bd,c12_final_400_0002,12,400,backdate,424242,0.5,400,368,0.92,19.5809,85.4147,166,32.0,0.459151,v2rl301,301,1,1813.3727999999999,117.9645,6.906106250000001,0.04,0.07074519200250506
c12_final_400_0002_bd,c12_final_400_0002,12,400,backdate,424242,0.5,400,368,0.92,19.5809,85.4147,166,32.0,0.459151,v2rl302,302,1,1813.3727999999999,117.9645,6.91360625,0.04,0.07024028396699578
c12_final_400_0002_bd,c12_final_400_0002,12,400,backdate,424242,0.5,400,368,0.92,19.5809,85.4147,166,32.0,0.459151,v2rl303,303,1,1813.3727999999999,117.9645,6.91360625,0.04,0.07248338707722723
c12_final_400_0002_bd,c12_final_400_0002,12,400,backdate,424242,0.5,400,368,0.92,19.5809,85.4147,166,32.0,0.459151,v2rl304,304,1,1813.3727999999999,117.9645,6.8824559999999995,0.04,0.07197678892407566
c12_final_400_0002_bd,c12_final_400_0002,12,400,backdate,424242,0.5,400,368,0.92,19.5809,85.4147,166,32.0,0.459151,v2rl305,305,1,1813.3727999999999,117.9645,6.91360625,0.04,0.07032372802495956
c12_final_400_0002_bd,c12_final_400_0002,12,400,backdate,424242,0.5,400,368,0.92,19.5809,85.4147,166,32.0,0.459151,v2rl306,306,1,1813.3727999999999,117.9645,6.91360625,0.04,0.07017120101954788
c12_final_400_0002_bd,c12_final_400_0002,12,400,backdate,424242,0.5,400,368,0.92,19.5809,85.4147,166,32.0,0.459151,v2rl307,307,1,1813.3727999999999,117.9645,6.8824559999999995,0.04,0.07016746303997934
c12_final_400_0002_bd,c12_final_400_0002,12,400,backdate,424242,0.5,400,368,0.92,19.5809,85.4147,166,32.0,0.459151,v2rl308,308,1,1813.3727999999999,117.9645,6.8973562500000005,0.04,0.07249544304795563
c12_final_400_0002_bd,c12_final_400_0002,12,400,backdate,424242,0.5,400,368,0.92,19.5809,85.4147,166,32.0,0.459151,v2rl309,309,1,1813.3727999999999,117.9645,6.91360625,0.04,0.07185474003199488
c12_final_400_0002_bd,c12_final_400_0002,12,400,backdate,424242,0.5,400,368,0.92,19.5809,85.4147,166,32.0,0.459151,v2rl310,310,1,1813.3727999999999,117.9645,6.8843309999999995,0.04,0.07091981696430594
c12_final_400_0003_bd,c12_final_400_0003,12,400,backdate,424242,0.5,400,344,0.86,23.0946,85.3494,177,30.9725,0.47219,edd,301,1,2889.9184,113.4957,6.943358000000001,0.0425,0.0012672190787270665
c12_final_400_0003_bd,c12_final_400_0003,12,400,backdate,424242,0.5,400,344,0.86,23.0946,85.3494,177,30.9725,0.47219,pfifo,301,1,2889.9184,113.4957,6.943358000000001,0.0425,0.0011750069679692388
c12_final_400_0003_bd,c12_final_400_0003,12,400,backdate,424242,0.5,400,344,0.86,23.0946,85.3494,177,30.9725,0.47219,wspt,301,1,2889.9184,113.4957,6.89752275,0.0425,0.001183955930173397
c12_final_400_0003_bd,c12_final_400_0003,12,400,backdate,424242,0.5,400,344,0.86,23.0946,85.3494,177,30.9725,0.47219,atc,301,1,2889.9184,113.4957,6.912667,0.0425,0.0017970559420064092
c12_final_400_0003_bd,c12_final_400_0003,12,400,backdate,424242,0.5,400,344,0.86,23.0946,85.3494,177,30.9725,0.47219,wmdd,301,1,2889.9184,113.4957,6.943358000000001,0.0425,0.0013736539985984564
c12_final_400_0003_bd,c12_final_400_0003,12,400,backdate,424242,0.5,400,344,0.86,23.0946,85.3494,177,30.9725,0.47219,lpt,301,1,2889.9184,113.4957,7.0638274999999995,0.0425,0.0011330499546602368
c12_final_400_0003_bd,c12_final_400_0003,12,400,backdate,424242,0.5,400,344,0.86,23.0946,85.3494,177,30.9725,0.47219,random,301,1,2889.9184,113.4957,6.943358000000001,0.0425,0.0009385659359395504
c12_final_400_0003_bd,c12_final_400_0003,12,400,backdate,424242,0.5,400,344,0.86,23.0946,85.3494,177,30.9725,0.47219,v2rl301,301,1,2889.9184,113.4957,6.957548750000001,0.0425,0.0719397229840979
c12_final_400_0003_bd,c12_final_400_0003,12,400,backdate,424242,0.5,400,344,0.86,23.0946,85.3494,177,30.9725,0.47219,v2rl302,302,1,2889.9184,113.4957,7.0194849999999995,0.0425,0.07228083000518382
c12_final_400_0003_bd,c12_final_400_0003,12,400,backdate,424242,0.5,400,344,0.86,23.0946,85.3494,177,30.9725,0.47219,v2rl303,303,1,2889.9184,113.4957,7.02011,0.0425,0.07382797403261065
c12_final_400_0003_bd,c12_final_400_0003,12,400,backdate,424242,0.5,400,344,0.86,23.0946,85.3494,177,30.9725,0.47219,v2rl304,304,1,2889.9184,113.4957,6.9468190000000005,0.0425,0.07300489104818553
c12_final_400_0003_bd,c12_final_400_0003,12,400,backdate,424242,0.5,400,344,0.86,23.0946,85.3494,177,30.9725,0.47219,v2rl305,305,1,2889.9184,113.4957,7.0194849999999995,0.0425,0.07163080689497292
c12_final_400_0003_bd,c12_final_400_0003,12,400,backdate,424242,0.5,400,344,0.86,23.0946,85.3494,177,30.9725,0.47219,v2rl306,306,1,2889.9184,113.4957,7.0194849999999995,0.0425,0.07174614199902862
c12_final_400_0003_bd,c12_final_400_0003,12,400,backdate,424242,0.5,400,344,0.86,23.0946,85.3494,177,30.9725,0.47219,v2rl307,307,1,2889.9184,113.4957,6.923292,0.0425,0.07275948498863727
c12_final_400_0003_bd,c12_final_400_0003,12,400,backdate,424242,0.5,400,344,0.86,23.0946,85.3494,177,30.9725,0.47219,v2rl308,308,1,2889.9184,113.4957,6.947548750000001,0.0425,0.07401044410653412
c12_final_400_0003_bd,c12_final_400_0003,12,400,backdate,424242,0.5,400,344,0.86,23.0946,85.3494,177,30.9725,0.47219,v2rl309,309,1,2889.9184,113.4957,7.0194849999999995,0.0425,0.0726672769524157
c12_final_400_0003_bd,c12_final_400_0003,12,400,backdate,424242,0.5,400,344,0.86,23.0946,85.3494,177,30.9725,0.47219,v2rl310,310,1,2889.9184,113.4957,6.9930215,0.0425,0.072145965998061
c12_final_400_0004_bd,c12_final_400_0004,12,400,backdate,424242,0.5,400,339,0.8475,17.5054,85.5544,153,25.0431,0.600504,edd,301,1,2856.1272,103.4991,7.16262375,0.05,0.0011993229854851961
c12_final_400_0004_bd,c12_final_400_0004,12,400,backdate,424242,0.5,400,339,0.8475,17.5054,85.5544,153,25.0431,0.600504,pfifo,301,1,2856.1272,103.4991,7.16262375,0.05,0.0011178379645571113
c12_final_400_0004_bd,c12_final_400_0004,12,400,backdate,424242,0.5,400,339,0.8475,17.5054,85.5544,153,25.0431,0.600504,wspt,301,1,2877.2912,103.4991,7.11573075,0.05,0.0011583759915083647
c12_final_400_0004_bd,c12_final_400_0004,12,400,backdate,424242,0.5,400,339,0.8475,17.5054,85.5544,153,25.0431,0.600504,atc,301,1,2877.2912,103.4991,7.132885,0.05,0.0017270450480282307
c12_final_400_0004_bd,c12_final_400_0004,12,400,backdate,424242,0.5,400,339,0.8475,17.5054,85.5544,153,25.0431,0.600504,wmdd,301,1,2856.1272,103.4991,7.16262375,0.05,0.0013729569036513567
c12_final_400_0004_bd,c12_final_400_0004,12,400,backdate,424242,0.5,400,339,0.8475,17.5054,85.5544,153,25.0431,0.600504,lpt,301,1,2876.1272,103.4991,7.199135,0.05,0.0011221669847145677
c12_final_400_0004_bd,c12_final_400_0004,12,400,backdate,424242,0.5,400,339,0.8475,17.5054,85.5544,153,25.0431,0.600504,random,301,1,2856.1272,103.4991,7.14101,0.05,0.0009091909741982818
c12_final_400_0004_bd,c12_final_400_0004,12,400,backdate,424242,0.5,400,339,0.8475,17.5054,85.5544,153,25.0431,0.600504,v2rl301,301,1,2856.1272,103.4991,7.1813737500000006,0.05,0.07095580105669796
c12_final_400_0004_bd,c12_final_400_0004,12,400,backdate,424242,0.5,400,339,0.8475,17.5054,85.5544,153,25.0431,0.600504,v2rl302,302,1,2856.1272,103.4991,7.17512375,0.05,0.07222684298176318
c12_final_400_0004_bd,c12_final_400_0004,12,400,backdate,424242,0.5,400,339,0.8475,17.5054,85.5544,153,25.0431,0.600504,v2rl303,303,1,2856.1272,103.4991,7.148708500000001,0.05,0.07226452697068453
c12_final_400_0004_bd,c12_final_400_0004,12,400,backdate,424242,0.5,400,339,0.8475,17.5054,85.5544,153,25.0431,0.600504,v2rl304,304,1,2856.1272,103.4991,7.166010000000001,0.05,0.07151210296433419
c12_final_400_0004_bd,c12_final_400_0004,12,400,backdate,424242,0.5,400,339,0.8475,17.5054,85.5544,153,25.0431,0.600504,v2rl305,305,1,2856.1272,103.4991,7.179760000000001,0.05,0.07059042993932962
c12_final_400_0004_bd,c12_final_400_0004,12,400,backdate,424242,0.5,400,339,0.8475,17.5054,85.5544,153,25.0431,0.600504,v2rl306,306,1,2856.1272,103.4991,7.17512375,0.05,0.07073857099749148
c12_final_400_0004_bd,c12_final_400_0004,12,400,backdate,424242,0.5,400,339,0.8475,17.5054,85.5544,153,25.0431,0.600504,v2rl307,307,1,2856.1272,103.4991,7.138509999999999,0.05,0.07235751999542117
c12_final_400_0004_bd,c12_final_400_0004,12,400,backdate,424242,0.5,400,339,0.8475,17.5054,85.5544,153,25.0431,0.600504,v2rl308,308,1,2856.1272,103.4991,7.177885,0.05,0.07259681902360171
c12_final_400_0004_bd,c12_final_400_0004,12,400,backdate,424242,0.5,400,339,0.8475,17.5054,85.5544,153,25.0431,0.600504,v2rl309,309,1,2856.1272,103.4991,7.17226,0.05,0.07142060890328139
c12_final_400_0004_bd,c12_final_400_0004,12,400,backdate,424242,0.5,400,339,0.8475,17.5054,85.5544,153,25.0431,0.600504,v2rl310,310,1,2856.1272,103.4991,7.14584475,0.05,0.07123253005556762
c12_final_400_0005_bd,c12_final_400_0005,12,400,backdate,424242,0.5,400,341,0.8525,22.8424,83.2972,246,24.0,0.621896,edd,301,1,1721.4343999999999,103.9304,7.471919000000001,0.04,0.001365418080240488
c12_final_400_0005_bd,c12_final_400_0005,12,400,backdate,424242,0.5,400,341,0.8525,22.8424,83.2972,246,24.0,0.621896,pfifo,301,1,1721.4343999999999,103.9304,7.471919000000001,0.04,0.0013582919491454959
c12_final_400_0005_bd,c12_final_400_0005,12,400,backdate,424242,0.5,400,341,0.8525,22.8424,83.2972,246,24.0,0.621896,wspt,301,1,1727.9343999999999,103.9304,7.2770712500000005,0.04,0.0013613440096378326
c12_final_400_0005_bd,c12_final_400_0005,12,400,backdate,424242,0.5,400,341,0.8525,22.8424,83.2972,246,24.0,0.621896,atc,301,1,1721.9343999999999,103.9304,7.344926499999999,0.04,0.0024126439820975065
c12_final_400_0005_bd,c12_final_400_0005,12,400,backdate,424242,0.5,400,341,0.8525,22.8424,83.2972,246,24.0,0.621896,wmdd,301,1,1721.4343999999999,103.9304,7.471919000000001,0.04,0.0017391779692843556
c12_final_400_0005_bd,c12_final_400_0005,12,400,backdate,424242,0.5,400,341,0.8525,22.8424,83.2972,246,24.0,0.621896,lpt,301,1,1719.4343999999999,103.9304,8.261896,0.04,0.0012875399552285671
c12_final_400_0005_bd,c12_final_400_0005,12,400,backdate,424242,0.5,400,341,0.8525,22.8424,83.2972,246,24.0,0.621896,random,301,1,1723.4343999999999,103.9304,7.424044,0.04,0.0009110689861699939
c12_final_400_0005_bd,c12_final_400_0005,12,400,backdate,424242,0.5,400,341,0.8525,22.8424,83.2972,246,24.0,0.621896,v2rl301,301,1,1719.4343999999999,103.9304,7.97751475,0.04,0.0755143309943378
c12_final_400_0005_bd,c12_final_400_0005,12,400,backdate,424242,0.5,400,341,0.8525,22.8424,83.2972,246,24.0,0.621896,v2rl302,302,1,1721.4343999999999,103.9304,7.715087,0.04,0.0763384239980951
c12_final_400_0005_bd,c12_final_400_0005,12,400,backdate,424242,0.5,400,341,0.8525,22.8424,83.2972,246,24.0,0.621896,v2rl303,303,1,1721.4343999999999,103.9304,7.653962,0.04,0.07635228207800537
c12_final_400_0005_bd,c12_final_400_0005,12,400,backdate,424242,0.5,400,341,0.8525,22.8424,83.2972,246,24.0,0.621896,v2rl304,304,1,1721.4343999999999,103.9304,7.616337,0.04,0.07515967194922268
c12_final_400_0005_bd,c12_final_400_0005,12,400,backdate,424242,0.5,400,341,0.8525,22.8424,83.2972,246,24.0,0.621896,v2rl305,305,1,1721.4343999999999,103.9304,7.729462,0.04,0.07501076604239643
c12_final_400_0005_bd,c12_final_400_0005,12,400,backdate,424242,0.5,400,341,0.8525,22.8424,83.2972,246,24.0,0.621896,v2rl306,306,1,1721.4343999999999,103.9304,7.715712,0.04,0.07493106496986002
c12_final_400_0005_bd,c12_final_400_0005,12,400,backdate,424242,0.5,400,341,0.8525,22.8424,83.2972,246,24.0,0.621896,v2rl307,307,1,1721.4343999999999,103.9304,7.56266175,0.04,0.07688544795382768
c12_final_400_0005_bd,c12_final_400_0005,12,400,backdate,424242,0.5,400,341,0.8525,22.8424,83.2972,246,24.0,0.621896,v2rl308,308,1,1719.4343999999999,103.9304,7.80338975,0.04,0.07659097795840353
c12_final_400_0005_bd,c12_final_400_0005,12,400,backdate,424242,0.5,400,341,0.8525,22.8424,83.2972,246,24.0,0.621896,v2rl309,309,1,1721.4343999999999,103.9304,7.706962,0.04,0.07516100502107292
c12_final_400_0005_bd,c12_final_400_0005,12,400,backdate,424242,0.5,400,341,0.8525,22.8424,83.2972,246,24.0,0.621896,v2rl310,310,1,1721.4343999999999,103.9304,7.635712,0.04,0.0751081199850887
c12_final_400_0006_bd,c12_final_400_0006,12,400,backdate,424242,0.5,400,357,0.8925,20.6781,85.2102,171,26.1925,0.399167,edd,301,1,970.5296000000001,90.8648,5.28458125,0.0275,0.0012677069753408432
c12_final_400_0006_bd,c12_final_400_0006,12,400,backdate,424242,0.5,400,357,0.8925,20.6781,85.2102,171,26.1925,0.399167,pfifo,301,1,970.5296000000001,90.8648,5.28458125,0.0275,0.0012025870382785797
c12_final_400_0006_bd,c12_final_400_0006,12,400,backdate,424242,0.5,400,357,0.8925,20.6781,85.2102,171,26.1925,0.399167,wspt,301,1,970.5296000000001,90.8648,5.08394225,0.0275,0.0012017410481348634
c12_final_400_0006_bd,c12_final_400_0006,12,400,backdate,424242,0.5,400,357,0.8925,20.6781,85.2102,171,26.1925,0.399167,atc,301,1,970.5296000000001,90.8648,5.114937,0.0275,0.001933688996359706
c12_final_400_0006_bd,c12_final_400_0006,12,400,backdate,424242,0.5,400,357,0.8925,20.6781,85.2102,171,26.1925,0.399167,wmdd,301,1,970.5296000000001,90.8648,5.28458125,0.0275,0.0016078590415418148
c12_final_400_0006_bd,c12_final_400_0006,12,400,backdate,424242,0.5,400,357,0.8925,20.6781,85.2102,171,26.1925,0.399167,lpt,301,1,978.5296000000001,90.8648,5.56958125,0.03,0.0011617959244176745
c12_final_400_0006_bd,c12_final_400_0006,12,400,backdate,424242,0.5,400,357,0.8925,20.6781,85.2102,171,26.1925,0.399167,random,301,1,970.5296000000001,90.8648,5.195397250000001,0.0275,0.0009161989437416196
c12_final_400_0006_bd,c12_final_400_0006,12,400,backdate,424242,0.5,400,357,0.8925,20.6781,85.2102,171,26.1925,0.399167,v2rl301,301,1,970.5296000000001,90.8648,5.38233125,0.0275,0.07203451101668179
c12_final_400_0006_bd,c12_final_400_0006,12,400,backdate,424242,0.5,400,357,0.8925,20.6781,85.2102,171,26.1925,0.399167,v2rl302,302,1,970.5296000000001,90.8648,5.38770625,0.0275,0.073938705958426
c12_final_400_0006_bd,c12_final_400_0006,12,400,backdate,424242,0.5,400,357,0.8925,20.6781,85.2102,171,26.1925,0.399167,v2rl303,303,1,970.5296000000001,90.8648,5.398581249999999,0.0275,0.0736177759245038
c12_final_400_0006_bd,c12_final_400_0006,12,400,backdate,424242,0.5,400,357,0.8925,20.6781,85.2102,171,26.1925,0.399167,v2rl304,304,1,970.5296000000001,90.8648,5.22795625,0.0275,0.07180936797522008
c12_final_400_0006_bd,c12_final_400_0006,12,400,backdate,424242,0.5,400,357,0.8925,20.6781,85.2102,171,26.1925,0.399167,v2rl305,305,1,970.5296000000001,90.8648,5.41208125,0.0275,0.07187571795657277
c12_final_400_0006_bd,c12_final_400_0006,12,400,backdate,424242,0.5,400,357,0.8925,20.6781,85.2102,171,26.1925,0.399167,v2rl306,306,1,970.5296000000001,90.8648,5.39895625,0.0275,0.07172760693356395
c12_final_400_0006_bd,c12_final_400_0006,12,400,backdate,424242,0.5,400,357,0.8925,20.6781,85.2102,171,26.1925,0.399167,v2rl307,307,1,970.5296000000001,90.8648,5.23708125,0.0275,0.0734832719899714
c12_final_400_0006_bd,c12_final_400_0006,12,400,backdate,424242,0.5,400,357,0.8925,20.6781,85.2102,171,26.1925,0.399167,v2rl308,308,1,970.5296000000001,90.8648,5.28520625,0.0275,0.07320745999459177
c12_final_400_0006_bd,c12_final_400_0006,12,400,backdate,424242,0.5,400,357,0.8925,20.6781,85.2102,171,26.1925,0.399167,v2rl309,309,1,970.5296000000001,90.8648,5.38770625,0.0275,0.07238644501194358
c12_final_400_0006_bd,c12_final_400_0006,12,400,backdate,424242,0.5,400,357,0.8925,20.6781,85.2102,171,26.1925,0.399167,v2rl310,310,1,970.5296000000001,90.8648,5.335831250000001,0.0275,0.07229774200823158
c12_final_400_0007_bd,c12_final_400_0007,12,400,backdate,424242,0.5,400,351,0.8775,19.9744,85.1671,146,43.3444,0.262141,edd,301,1,748.0,75.0,5.37292275,0.035,0.0012313370825722814
c12_final_400_0007_bd,c12_final_400_0007,12,400,backdate,424242,0.5,400,351,0.8775,19.9744,85.1671,146,43.3444,0.262141,pfifo,301,1,748.0,75.0,5.37292275,0.035,0.0011456210631877184
c12_final_400_0007_bd,c12_final_400_0007,12,400,backdate,424242,0.5,400,351,0.8775,19.9744,85.1671,146,43.3444,0.262141,wspt,301,1,762.0,75.0,5.36229775,0.035,0.0011690439423546195
c12_final_400_0007_bd,c12_final_400_0007,12,400,backdate,424242,0.5,400,351,0.8775,19.9744,85.1671,146,43.3444,0.262141,atc,301,1,748.0,75.0,5.36354775,0.035,0.0017683160258457065
c12_final_400_0007_bd,c12_final_400_0007,12,400,backdate,424242,0.5,400,351,0.8775,19.9744,85.1671,146,43.3444,0.262141,wmdd,301,1,748.0,75.0,5.37292275,0.035,0.001341218943707645
c12_final_400_0007_bd,c12_final_400_0007,12,400,backdate,424242,0.5,400,351,0.8775,19.9744,85.1671,146,43.3444,0.262141,lpt,301,1,748.0,75.0,5.4772289999999995,0.035,0.0011205360060557723
c12_final_400_0007_bd,c12_final_400_0007,12,400,backdate,424242,0.5,400,351,0.8775,19.9744,85.1671,146,43.3444,0.262141,random,301,1,748.0,75.0,5.385497,0.035,0.0009230519644916058
c12_final_400_0007_bd,c12_final_400_0007,12,400,backdate,424242,0.5,400,351,0.8775,19.9744,85.1671,146,43.3444,0.262141,v2rl301,301,1,748.0,75.0,5.41204075,0.035,0.07118375005666167
c12_final_400_0007_bd,c12_final_400_0007,12,400,backdate,424242,0.5,400,351,0.8775,19.9744,85.1671,146,43.3444,0.262141,v2rl302,302,1,748.0,75.0,5.425354,0.035,0.07274453900754452
c12_final_400_0007_bd,c12_final_400_0007,12,400,backdate,424242,0.5,400,351,0.8775,19.9744,85.1671,146,43.3444,0.262141,v2rl303,303,1,748.0,75.0,5.425354,0.035,0.07254601304885
c12_final_400_0007_bd,c12_final_400_0007,12,400,backdate,424242,0.5,400,351,0.8775,19.9744,85.1671,146,43.3444,0.262141,v2rl304,304,1,748.0,75.0,5.383165750000001,0.035,0.07087196805514395
c12_final_400_0007_bd,c12_final_400_0007,12,400,backdate,424242,0.5,400,351,0.8775,19.9744,85.1671,146,43.3444,0.262141,v2rl305,305,1,748.0,75.0,5.428478999999999,0.035,0.07089371106121689
c12_final_400_0007_bd,c12_final_400_0007,12,400,backdate,424242,0.5,400,351,0.8775,19.9744,85.1671,146,43.3444,0.262141,v2rl306,306,1,748.0,75.0,5.425354,0.035,0.07113825296983123
c12_final_400_0007_bd,c12_final_400_0007,12,400,backdate,424242,0.5,400,351,0.8775,19.9744,85.1671,146,43.3444,0.262141,v2rl307,307,1,748.0,75.0,5.3756854999999995,0.035,0.07299175905063748
c12_final_400_0007_bd,c12_final_400_0007,12,400,backdate,424242,0.5,400,351,0.8775,19.9744,85.1671,146,43.3444,0.262141,v2rl308,308,1,748.0,75.0,5.40335225,0.035,0.07235856901388615
c12_final_400_0007_bd,c12_final_400_0007,12,400,backdate,424242,0.5,400,351,0.8775,19.9744,85.1671,146,43.3444,0.262141,v2rl309,309,1,748.0,75.0,5.425354,0.035,0.07122299598995596
c12_final_400_0007_bd,c12_final_400_0007,12,400,backdate,424242,0.5,400,351,0.8775,19.9744,85.1671,146,43.3444,0.262141,v2rl310,310,1,748.0,75.0,5.4138540000000015,0.035,0.07148142298683524
c12_final_400_0008_bd,c12_final_400_0008,12,400,backdate,424242,0.5,400,347,0.8675,20.8133,85.6573,200,24.0,0.399895,edd,301,1,1202.6480000000001,101.96170000000001,4.845064,0.0275,0.001390781020745635
c12_final_400_0008_bd,c12_final_400_0008,12,400,backdate,424242,0.5,400,347,0.8675,20.8133,85.6573,200,24.0,0.399895,pfifo,301,1,1202.6480000000001,101.96170000000001,4.845064,0.0275,0.0012987200170755386
c12_final_400_0008_bd,c12_final_400_0008,12,400,backdate,424242,0.5,400,347,0.8675,20.8133,85.6573,200,24.0,0.399895,wspt,301,1,1202.6480000000001,101.96170000000001,4.7232925,0.0275,0.0013408510712906718
c12_final_400_0008_bd,c12_final_400_0008,12,400,backdate,424242,0.5,400,347,0.8675,20.8133,85.6573,200,24.0,0.399895,atc,301,1,1202.6480000000001,101.96170000000001,4.77120325,0.0275,0.0022782019805163145
c12_final_400_0008_bd,c12_final_400_0008,12,400,backdate,424242,0.5,400,347,0.8675,20.8133,85.6573,200,24.0,0.399895,wmdd,301,1,1202.6480000000001,101.96170000000001,4.845064,0.0275,0.0017036020290106535
c12_final_400_0008_bd,c12_final_400_0008,12,400,backdate,424242,0.5,400,347,0.8675,20.8133,85.6573,200,24.0,0.399895,lpt,301,1,1204.412,101.96170000000001,5.2194865,0.0275,0.0013365910854190588
c12_final_400_0008_bd,c12_final_400_0008,12,400,backdate,424242,0.5,400,347,0.8675,20.8133,85.6573,200,24.0,0.399895,random,301,1,1202.6480000000001,101.96170000000001,4.840689,0.0275,0.0009419879643246531
c12_final_400_0008_bd,c12_final_400_0008,12,400,backdate,424242,0.5,400,347,0.8675,20.8133,85.6573,200,24.0,0.399895,v2rl301,301,1,1206.412,101.96170000000001,5.0838615,0.0275,0.07732136896811426
c12_final_400_0008_bd,c12_final_400_0008,12,400,backdate,424242,0.5,400,347,0.8675,20.8133,85.6573,200,24.0,0.399895,v2rl302,302,1,1204.412,101.96170000000001,4.977513750000001,0.0275,0.07622122403699905
c12_final_400_0008_bd,c12_final_400_0008,12,400,backdate,424242,0.5,400,347,0.8675,20.8133,85.6573,200,24.0,0.399895,v2rl303,303,1,1204.412,101.96170000000001,4.964332,0.0275,0.07422793295700103
c12_final_400_0008_bd,c12_final_400_0008,12,400,backdate,424242,0.5,400,347,0.8675,20.8133,85.6573,200,24.0,0.399895,v2rl304,304,1,1204.412,101.96170000000001,4.822284,0.0275,0.07407783705275506
c12_final_400_0008_bd,c12_final_400_0008,12,400,backdate,424242,0.5,400,347,0.8675,20.8133,85.6573,200,24.0,0.399895,v2rl305,305,1,1206.412,101.96170000000001,4.978763750000001,0.0275,0.07499530701898038
c12_final_400_0008_bd,c12_final_400_0008,12,400,backdate,424242,0.5,400,347,0.8675,20.8133,85.6573,200,24.0,0.399895,v2rl306,306,1,1206.412,101.96170000000001,4.98313875,0.0275,0.07681757991667837
c12_final_400_0008_bd,c12_final_400_0008,12,400,backdate,424242,0.5,400,347,0.8675,20.8133,85.6573,200,24.0,0.399895,v2rl307,307,1,1202.6480000000001,101.96170000000001,4.78567725,0.0275,0.07525320304557681
c12_final_400_0008_bd,c12_final_400_0008,12,400,backdate,424242,0.5,400,347,0.8675,20.8133,85.6573,200,24.0,0.399895,v2rl308,308,1,1204.412,101.96170000000001,4.9074595,0.0275,0.07510545803233981
c12_final_400_0008_bd,c12_final_400_0008,12,400,backdate,424242,0.5,400,347,0.8675,20.8133,85.6573,200,24.0,0.399895,v2rl309,309,1,1204.412,101.96170000000001,4.9768887500000005,0.0275,0.07482793100643903
c12_final_400_0008_bd,c12_final_400_0008,12,400,backdate,424242,0.5,400,347,0.8675,20.8133,85.6573,200,24.0,0.399895,v2rl310,310,1,1204.412,101.96170000000001,4.897513750000001,0.0275,0.07552721397951245
c12_final_400_0009_bd,c12_final_400_0009,12,400,backdate,424242,0.5,400,339,0.8475,20.8265,85.1122,225,23.5156,0.60487,edd,301,1,246.0,104.8645,7.07846225,0.025,0.0014622220769524574
c12_final_400_0009_bd,c12_final_400_0009,12,400,backdate,424242,0.5,400,339,0.8475,20.8265,85.1122,225,23.5156,0.60487,pfifo,301,1,246.0,104.8645,7.07846225,0.025,0.0014896730426698923
c12_final_400_0009_bd,c12_final_400_0009,12,400,backdate,424242,0.5,400,339,0.8475,20.8265,85.1122,225,23.5156,0.60487,wspt,301,1,246.0,104.8645,6.898983,0.025,0.0014102390268817544
c12_final_400_0009_bd,c12_final_400_0009,12,400,backdate,424242,0.5,400,339,0.8475,20.8265,85.1122,225,23.5156,0.60487,atc,301,1,246.0,104.8645,6.980858,0.025,0.0025196600472554564
c12_final_400_0009_bd,c12_final_400_0009,12,400,backdate,424242,0.5,400,339,0.8475,20.8265,85.1122,225,23.5156,0.60487,wmdd,301,1,246.0,104.8645,7.07846225,0.025,0.0018225620733574033
c12_final_400_0009_bd,c12_final_400_0009,12,400,backdate,424242,0.5,400,339,0.8475,20.8265,85.1122,225,23.5156,0.60487,lpt,301,1,246.08319999999998,104.8645,7.4633655,0.025,0.0013521750224754214
c12_final_400_0009_bd,c12_final_400_0009,12,400,backdate,424242,0.5,400,339,0.8475,20.8265,85.1122,225,23.5156,0.60487,random,301,1,246.0,104.8645,7.07108975,0.025,0.0009260190417990088
c12_final_400_0009_bd,c12_final_400_0009,12,400,backdate,424242,0.5,400,339,0.8475,20.8265,85.1122,225,23.5156,0.60487,v2rl301,301,1,246.0,104.8645,7.29236725,0.025,0.07677129795774817
c12_final_400_0009_bd,c12_final_400_0009,12,400,backdate,424242,0.5,400,339,0.8475,20.8265,85.1122,225,23.5156,0.60487,v2rl302,302,1,246.0,104.8645,7.18867375,0.025,0.07502359990030527
c12_final_400_0009_bd,c12_final_400_0009,12,400,backdate,424242,0.5,400,339,0.8475,20.8265,85.1122,225,23.5156,0.60487,v2rl303,303,1,246.0,104.8645,7.14719725,0.025,0.0741284160176292
c12_final_400_0009_bd,c12_final_400_0009,12,400,backdate,424242,0.5,400,339,0.8475,20.8265,85.1122,225,23.5156,0.60487,v2rl304,304,1,246.0,104.8645,7.036572249999999,0.025,0.07363381504546851
c12_final_400_0009_bd,c12_final_400_0009,12,400,backdate,424242,0.5,400,339,0.8475,20.8265,85.1122,225,23.5156,0.60487,v2rl305,305,1,246.0,104.8645,7.19554875,0.025,0.07655652705579996
c12_final_400_0009_bd,c12_final_400_0009,12,400,backdate,424242,0.5,400,339,0.8475,20.8265,85.1122,225,23.5156,0.60487,v2rl306,306,1,246.0,104.8645,7.1905487500000005,0.025,0.07608270191121846
c12_final_400_0009_bd,c12_final_400_0009,12,400,backdate,424242,0.5,400,339,0.8475,20.8265,85.1122,225,23.5156,0.60487,v2rl307,307,1,246.0,104.8645,7.00096225,0.025,0.07461221003904939
c12_final_400_0009_bd,c12_final_400_0009,12,400,backdate,424242,0.5,400,339,0.8475,20.8265,85.1122,225,23.5156,0.60487,v2rl308,308,1,246.0,104.8645,7.09319125,0.025,0.0747498000273481
c12_final_400_0009_bd,c12_final_400_0009,12,400,backdate,424242,0.5,400,339,0.8475,20.8265,85.1122,225,23.5156,0.60487,v2rl309,309,1,246.0,104.8645,7.18492375,0.025,0.07461556093767285
c12_final_400_0009_bd,c12_final_400_0009,12,400,backdate,424242,0.5,400,339,0.8475,20.8265,85.1122,225,23.5156,0.60487,v2rl310,310,1,246.0,104.8645,7.081132749999999,0.025,0.07616824598517269
c12_final_400_0010_bd,c12_final_400_0010,12,400,backdate,424242,0.5,400,337,0.8425,23.7161,85.5726,200,25.4,0.694616,edd,301,1,1471.9072,116.012,8.509525250000001,0.0425,0.0014234869740903378
c12_final_400_0010_bd,c12_final_400_0010,12,400,backdate,424242,0.5,400,337,0.8425,23.7161,85.5726,200,25.4,0.694616,pfifo,301,1,1471.9072,116.012,8.509525250000001,0.0425,0.0012987169902771711
c12_final_400_0010_bd,c12_final_400_0010,12,400,backdate,424242,0.5,400,337,0.8425,23.7161,85.5726,200,25.4,0.694616,wspt,301,1,1471.9072,116.012,8.33348475,0.0425,0.001323999953456223
c12_final_400_0010_bd,c12_final_400_0010,12,400,backdate,424242,0.5,400,337,0.8425,23.7161,85.5726,200,25.4,0.694616,atc,301,1,1471.9072,116.012,8.459525249999999,0.0425,0.00214959098957479
c12_final_400_0010_bd,c12_final_400_0010,12,400,backdate,424242,0.5,400,337,0.8425,23.7161,85.5726,200,25.4,0.694616,wmdd,301,1,1471.9072,116.012,8.509525250000001,0.0425,0.0016429979586973786
c12_final_400_0010_bd,c12_final_400_0010,12,400,backdate,424242,0.5,400,337,0.8425,23.7161,85.5726,200,25.4,0.694616,lpt,301,1,1471.9072,116.012,8.70142775,0.0425,0.0012568089878186584
c12_final_400_0010_bd,c12_final_400_0010,12,400,backdate,424242,0.5,400,337,0.8425,23.7161,85.5726,200,25.4,0.694616,random,301,1,1471.9072,116.012,8.4091065,0.0425,0.00094557402189821
c12_final_400_0010_bd,c12_final_400_0010,12,400,backdate,424242,0.5,400,337,0.8425,23.7161,85.5726,200,25.4,0.694616,v2rl301,301,1,1471.9072,116.012,8.4611105,0.0425,0.07525951799470931
c12_final_400_0010_bd,c12_final_400_0010,12,400,backdate,424242,0.5,400,337,0.8425,23.7161,85.5726,200,25.4,0.694616,v2rl302,302,1,1471.9072,116.012,8.57629875,0.0425,0.07374129397794604
c12_final_400_0010_bd,c12_final_400_0010,12,400,backdate,424242,0.5,400,337,0.8425,23.7161,85.5726,200,25.4,0.694616,v2rl303,303,1,1471.9072,116.012,8.57817375,0.0425,0.07315704307984561
c12_final_400_0010_bd,c12_final_400_0010,12,400,backdate,424242,0.5,400,337,0.8425,23.7161,85.5726,200,25.4,0.694616,v2rl304,304,1,1471.9072,116.012,8.42171325,0.0425,0.07351092796307057
c12_final_400_0010_bd,c12_final_400_0010,12,400,backdate,424242,0.5,400,337,0.8425,23.7161,85.5726,200,25.4,0.694616,v2rl305,305,1,1471.9072,116.012,8.57567375,0.0425,0.0757539919577539
c12_final_400_0010_bd,c12_final_400_0010,12,400,backdate,424242,0.5,400,337,0.8425,23.7161,85.5726,200,25.4,0.694616,v2rl306,306,1,1471.9072,116.012,8.576298750000001,0.0425,0.07471137400716543
c12_final_400_0010_bd,c12_final_400_0010,12,400,backdate,424242,0.5,400,337,0.8425,23.7161,85.5726,200,25.4,0.694616,v2rl307,307,1,1471.9072,116.012,8.41952525,0.0425,0.07354233192745596
c12_final_400_0010_bd,c12_final_400_0010,12,400,backdate,424242,0.5,400,337,0.8425,23.7161,85.5726,200,25.4,0.694616,v2rl308,308,1,1471.9072,116.012,8.3872315,0.0425,0.07341634097974747
c12_final_400_0010_bd,c12_final_400_0010,12,400,backdate,424242,0.5,400,337,0.8425,23.7161,85.5726,200,25.4,0.694616,v2rl309,309,1,1471.9072,116.012,8.56004875,0.0425,0.07386421191040426
c12_final_400_0010_bd,c12_final_400_0010,12,400,backdate,424242,0.5,400,337,0.8425,23.7161,85.5726,200,25.4,0.694616,v2rl310,310,1,1471.9072,116.012,8.49379875,0.0425,0.07486139796674252
c12_final_400_0011_bd,c12_final_400_0011,12,400,backdate,424242,0.5,400,341,0.8525,21.4006,83.4983,199,24.0,0.494037,edd,301,1,572.1752,97.1159,5.964713,0.0225,0.0013335859403014183
c12_final_400_0011_bd,c12_final_400_0011,12,400,backdate,424242,0.5,400,341,0.8525,21.4006,83.4983,199,24.0,0.494037,pfifo,301,1,572.1752,97.1159,5.964713,0.0225,0.0012401570565998554
c12_final_400_0011_bd,c12_final_400_0011,12,400,backdate,424242,0.5,400,341,0.8525,21.4006,83.4983,199,24.0,0.494037,wspt,301,1,572.1752,97.1159,5.73354225,0.0225,0.0012520640157163143
c12_final_400_0011_bd,c12_final_400_0011,12,400,backdate,424242,0.5,400,341,0.8525,21.4006,83.4983,199,24.0,0.494037,atc,301,1,572.1752,97.1159,5.85541725,0.0225,0.002015123958699405
c12_final_400_0011_bd,c12_final_400_0011,12,400,backdate,424242,0.5,400,341,0.8525,21.4006,83.4983,199,24.0,0.494037,wmdd,301,1,572.1752,97.1159,5.964713,0.0225,0.0015280169900506735
c12_final_400_0011_bd,c12_final_400_0011,12,400,backdate,424242,0.5,400,341,0.8525,21.4006,83.4983,199,24.0,0.494037,lpt,301,1,572.1752,97.1159,6.286565,0.0225,0.0012248449493199587
c12_final_400_0011_bd,c12_final_400_0011,12,400,backdate,424242,0.5,400,341,0.8525,21.4006,83.4983,199,24.0,0.494037,random,301,1,580.5360000000001,97.1159,5.8614935,0.0225,0.0009444180177524686
c12_final_400_0011_bd,c12_final_400_0011,12,400,backdate,424242,0.5,400,341,0.8525,21.4006,83.4983,199,24.0,0.494037,v2rl301,301,1,572.1752,97.1159,6.011565000000001,0.0225,0.07404102094005793
c12_final_400_0011_bd,c12_final_400_0011,12,400,backdate,424242,0.5,400,341,0.8525,21.4006,83.4983,199,24.0,0.494037,v2rl302,302,1,572.1752,97.1159,6.09948775,0.0225,0.0723549840040505
c12_final_400_0011_bd,c12_final_400_0011,12,400,backdate,424242,0.5,400,341,0.8525,21.4006,83.4983,199,24.0,0.494037,v2rl303,303,1,572.1752,97.1159,6.097612750000001,0.0225,0.07247801800258458
c12_final_400_0011_bd,c12_final_400_0011,12,400,backdate,424242,0.5,400,341,0.8525,21.4006,83.4983,199,24.0,0.494037,v2rl304,304,1,572.1752,97.1159,5.89587075,0.0225,0.07313837192486972
c12_final_400_0011_bd,c12_final_400_0011,12,400,backdate,424242,0.5,400,341,0.8525,21.4006,83.4983,199,24.0,0.494037,v2rl305,305,1,572.1752,97.1159,6.09886275,0.0225,0.07453239406459033
c12_final_400_0011_bd,c12_final_400_0011,12,400,backdate,424242,0.5,400,341,0.8525,21.4006,83.4983,199,24.0,0.494037,v2rl306,306,1,572.1752,97.1159,6.09886275,0.0225,0.07350279006641358
c12_final_400_0011_bd,c12_final_400_0011,12,400,backdate,424242,0.5,400,341,0.8525,21.4006,83.4983,199,24.0,0.494037,v2rl307,307,1,572.1752,97.1159,5.87144925,0.0225,0.07239078590646386
c12_final_400_0011_bd,c12_final_400_0011,12,400,backdate,424242,0.5,400,341,0.8525,21.4006,83.4983,199,24.0,0.494037,v2rl308,308,1,572.1752,97.1159,5.968613499999999,0.0225,0.07265862100757658
c12_final_400_0011_bd,c12_final_400_0011,12,400,backdate,424242,0.5,400,341,0.8525,21.4006,83.4983,199,24.0,0.494037,v2rl309,309,1,572.1752,97.1159,6.09636275,0.0225,0.07359342707786709
c12_final_400_0011_bd,c12_final_400_0011,12,400,backdate,424242,0.5,400,341,0.8525,21.4006,83.4983,199,24.0,0.494037,v2rl310,310,1,572.1752,97.1159,5.946799250000001,0.0225,0.07396557193715125
c12_final_400_0012_bd,c12_final_400_0012,12,400,backdate,424242,0.5,400,281,0.7025,23.6439,85.0258,220,10.8297,0.787365,edd,301,1,1670.3776,93.3884,5.325475249999999,0.0175,0.0015428080223500729
c12_final_400_0012_bd,c12_final_400_0012,12,400,backdate,424242,0.5,400,281,0.7025,23.6439,85.0258,220,10.8297,0.787365,pfifo,301,1,1670.3776,93.3884,5.325475249999999,0.0175,0.0015311320312321186
c12_final_400_0012_bd,c12_final_400_0012,12,400,backdate,424242,0.5,400,281,0.7025,23.6439,85.0258,220,10.8297,0.787365,wspt,301,1,1697.9856,94.6148,4.6516605,0.02,0.0014515579678118229
c12_final_400_0012_bd,c12_final_400_0012,12,400,backdate,424242,0.5,400,281,0.7025,23.6439,85.0258,220,10.8297,0.787365,atc,301,1,1670.3776,93.3884,5.147703750000001,0.0175,0.002749537001363933
c12_final_400_0012_bd,c12_final_400_0012,12,400,backdate,424242,0.5,400,281,0.7025,23.6439,85.0258,220,10.8297,0.787365,wmdd,301,1,1670.3776,93.3884,5.325475249999999,0.0175,0.0019833490950986743
c12_final_400_0012_bd,c12_final_400_0012,12,400,backdate,424242,0.5,400,281,0.7025,23.6439,85.0258,220,10.8297,0.787365,lpt,301,1,1670.3776,93.3884,6.34907475,0.0175,0.0014727589441463351
c12_final_400_0012_bd,c12_final_400_0012,12,400,backdate,424242,0.5,400,281,0.7025,23.6439,85.0258,220,10.8297,0.787365,random,301,1,1674.9856,93.3884,5.1141545,0.02,0.0009144420037046075
c12_final_400_0012_bd,c12_final_400_0012,12,400,backdate,424242,0.5,400,281,0.7025,23.6439,85.0258,220,10.8297,0.787365,v2rl301,301,1,1670.3776,93.3884,5.79563025,0.0175,0.07923805201426148
c12_final_400_0012_bd,c12_final_400_0012,12,400,backdate,424242,0.5,400,281,0.7025,23.6439,85.0258,220,10.8297,0.787365,v2rl302,302,1,1670.3776,93.3884,5.8138525,0.0175,0.07860379107296467
c12_final_400_0012_bd,c12_final_400_0012,12,400,backdate,424242,0.5,400,281,0.7025,23.6439,85.0258,220,10.8297,0.787365,v2rl303,303,1,1670.3776,93.3884,5.706785,0.0175,0.07959769200533628
c12_final_400_0012_bd,c12_final_400_0012,12,400,backdate,424242,0.5,400,281,0.7025,23.6439,85.0258,220,10.8297,0.787365,v2rl304,304,1,1670.3776,93.3884,5.24143925,0.0175,0.07822469400707632
c12_final_400_0012_bd,c12_final_400_0012,12,400,backdate,424242,0.5,400,281,0.7025,23.6439,85.0258,220,10.8297,0.787365,v2rl305,305,1,1670.3776,93.3884,5.8569775,0.0175,0.07759013096801937
c12_final_400_0012_bd,c12_final_400_0012,12,400,backdate,424242,0.5,400,281,0.7025,23.6439,85.0258,220,10.8297,0.787365,v2rl306,306,1,1670.3776,93.3884,5.862699749999999,0.0175,0.07856454397551715
c12_final_400_0012_bd,c12_final_400_0012,12,400,backdate,424242,0.5,400,281,0.7025,23.6439,85.0258,220,10.8297,0.787365,v2rl307,307,1,1670.3776,93.3884,5.13089675,0.0175,0.07717447797767818
c12_final_400_0012_bd,c12_final_400_0012,12,400,backdate,424242,0.5,400,281,0.7025,23.6439,85.0258,220,10.8297,0.787365,v2rl308,308,1,1676.9856,93.3884,5.25131425,0.02,0.07691018097102642
c12_final_400_0012_bd,c12_final_400_0012,12,400,backdate,424242,0.5,400,281,0.7025,23.6439,85.0258,220,10.8297,0.787365,v2rl309,309,1,1670.3776,93.3884,5.7966025000000005,0.0175,0.07995402999222279
c12_final_400_0012_bd,c12_final_400_0012,12,400,backdate,424242,0.5,400,281,0.7025,23.6439,85.0258,220,10.8297,0.787365,v2rl310,310,1,1670.3776,93.3884,5.52927825,0.0175,0.0802864539436996
c12_final_400_0013_bd,c12_final_400_0013,12,400,backdate,424242,0.5,400,352,0.88,20.6425,84.6068,267,15.7369,0.695878,edd,301,1,1026.8000000000002,96.827,8.43506225,0.03,0.0017553750658407807
c12_final_400_0013_bd,c12_final_400_0013,12,400,backdate,424242,0.5,400,352,0.88,20.6425,84.6068,267,15.7369,0.695878,pfifo,301,1,1026.8000000000002,96.827,8.43506225,0.03,0.0017907739384099841
c12_final_400_0013_bd,c12_final_400_0013,12,400,backdate,424242,0.5,400,352,0.88,20.6425,84.6068,267,15.7369,0.695878,wspt,301,1,1026.8000000000002,96.827,7.010962999999999,0.03,0.0018221320351585746
c12_final_400_0013_bd,c12_final_400_0013,12,400,backdate,424242,0.5,400,352,0.88,20.6425,84.6068,267,15.7369,0.695878,atc,301,1,1026.8000000000002,96.827,7.546088,0.03,0.0037612790474668145
c12_final_400_0013_bd,c12_final_400_0013,12,400,backdate,424242,0.5,400,352,0.88,20.6425,84.6068,267,15.7369,0.695878,wmdd,301,1,1026.8000000000002,96.827,8.43506225,0.03,0.0026304019847884774
c12_final_400_0013_bd,c12_final_400_0013,12,400,backdate,424242,0.5,400,352,0.88,20.6425,84.6068,267,15.7369,0.695878,lpt,301,1,1026.8000000000002,96.827,10.899687250000001,0.03,0.0017313450807705522
c12_final_400_0013_bd,c12_final_400_0013,12,400,backdate,424242,0.5,400,352,0.88,20.6425,84.6068,267,15.7369,0.695878,random,301,1,1026.8000000000002,96.827,8.62506225,0.03,0.0009388939943164587
c12_final_400_0013_bd,c12_final_400_0013,12,400,backdate,424242,0.5,400,352,0.88,20.6425,84.6068,267,15.7369,0.695878,v2rl301,301,1,1026.8000000000002,96.827,9.72968725,0.03,0.08377406804356724
c12_final_400_0013_bd,c12_final_400_0013,12,400,backdate,424242,0.5,400,352,0.88,20.6425,84.6068,267,15.7369,0.695878,v2rl302,302,1,1026.8000000000002,96.827,9.73856225,0.03,0.08393705892376602
c12_final_400_0013_bd,c12_final_400_0013,12,400,backdate,424242,0.5,400,352,0.88,20.6425,84.6068,267,15.7369,0.695878,v2rl303,303,1,1026.8000000000002,96.827,9.96218725,0.03,0.0843700940022245
c12_final_400_0013_bd,c12_final_400_0013,12,400,backdate,424242,0.5,400,352,0.88,20.6425,84.6068,267,15.7369,0.695878,v2rl304,304,1,1026.8000000000002,96.827,9.014187249999999,0.03,0.08296796900685877
c12_final_400_0013_bd,c12_final_400_0013,12,400,backdate,424242,0.5,400,352,0.88,20.6425,84.6068,267,15.7369,0.695878,v2rl305,305,1,1026.8000000000002,96.827,9.858437250000001,0.03,0.08275970991235226
c12_final_400_0013_bd,c12_final_400_0013,12,400,backdate,424242,0.5,400,352,0.88,20.6425,84.6068,267,15.7369,0.695878,v2rl306,306,1,1026.8000000000002,96.827,10.09443725,0.03,0.0831948530394584
c12_final_400_0013_bd,c12_final_400_0013,12,400,backdate,424242,0.5,400,352,0.88,20.6425,84.6068,267,15.7369,0.695878,v2rl307,307,1,1026.8000000000002,96.827,9.706187250000001,0.03,0.08234713191632181
c12_final_400_0013_bd,c12_final_400_0013,12,400,backdate,424242,0.5,400,352,0.88,20.6425,84.6068,267,15.7369,0.695878,v2rl308,308,1,1026.8000000000002,96.827,9.16418725,0.03,0.08335811703000218
c12_final_400_0013_bd,c12_final_400_0013,12,400,backdate,424242,0.5,400,352,0.88,20.6425,84.6068,267,15.7369,0.695878,v2rl309,309,1,1026.8000000000002,96.827,9.818437249999999,0.03,0.0847340109758079
c12_final_400_0013_bd,c12_final_400_0013,12,400,backdate,424242,0.5,400,352,0.88,20.6425,84.6068,267,15.7369,0.695878,v2rl310,310,1,1026.8000000000002,96.827,9.37531225,0.03,0.08347599604167044
c12_final_400_0014_bd,c12_final_400_0014,12,400,backdate,424242,0.5,400,326,0.815,16.8718,85.4532,149,24.0,0.544104,edd,301,1,1454.0,110.3604,6.13401525,0.0425,0.0012411850038915873
c12_final_400_0014_bd,c12_final_400_0014,12,400,backdate,424242,0.5,400,326,0.815,16.8718,85.4532,149,24.0,0.544104,pfifo,301,1,1454.0,110.3604,6.13401525,0.0425,0.0011503830319270492
c12_final_400_0014_bd,c12_final_400_0014,12,400,backdate,424242,0.5,400,326,0.815,16.8718,85.4532,149,24.0,0.544104,wspt,301,1,1454.0,110.3604,6.1216852500000005,0.0425,0.0011810219148173928
c12_final_400_0014_bd,c12_final_400_0014,12,400,backdate,424242,0.5,400,326,0.815,16.8718,85.4532,149,24.0,0.544104,atc,301,1,1454.0,110.3604,6.128300750000001,0.0425,0.0017706719227135181
c12_final_400_0014_bd,c12_final_400_0014,12,400,backdate,424242,0.5,400,326,0.815,16.8718,85.4532,149,24.0,0.544104,wmdd,301,1,1454.0,110.3604,6.13401525,0.0425,0.001366041018627584
c12_final_400_0014_bd,c12_final_400_0014,12,400,backdate,424242,0.5,400,326,0.815,16.8718,85.4532,149,24.0,0.544104,lpt,301,1,1454.0,110.3604,6.19151525,0.0425,0.0011140870628878474
c12_final_400_0014_bd,c12_final_400_0014,12,400,backdate,424242,0.5,400,326,0.815,16.8718,85.4532,149,24.0,0.544104,random,301,1,1454.0,110.3604,6.13464025,0.0425,0.0009372410131618381
c12_final_400_0014_bd,c12_final_400_0014,12,400,backdate,424242,0.5,400,326,0.815,16.8718,85.4532,149,24.0,0.544104,v2rl301,301,1,1454.0,110.3604,6.17901525,0.0425,0.07207211095374078
c12_final_400_0014_bd,c12_final_400_0014,12,400,backdate,424242,0.5,400,326,0.815,16.8718,85.4532,149,24.0,0.544104,v2rl302,302,1,1454.0,110.3604,6.16901525,0.0425,0.07294167194049805
c12_final_400_0014_bd,c12_final_400_0014,12,400,backdate,424242,0.5,400,326,0.815,16.8718,85.4532,149,24.0,0.544104,v2rl303,303,1,1454.0,110.3604,6.14401525,0.0425,0.072837391984649
c12_final_400_0014_bd,c12_final_400_0014,12,400,backdate,424242,0.5,400,326,0.815,16.8718,85.4532,149,24.0,0.544104,v2rl304,304,1,1454.0,110.3604,6.1590152499999995,0.0425,0.0724815339781344
c12_final_400_0014_bd,c12_final_400_0014,12,400,backdate,424242,0.5,400,326,0.815,16.8718,85.4532,149,24.0,0.544104,v2rl305,305,1,1454.0,110.3604,6.17214025,0.0425,0.07145483000203967
c12_final_400_0014_bd,c12_final_400_0014,12,400,backdate,424242,0.5,400,326,0.815,16.8718,85.4532,149,24.0,0.544104,v2rl306,306,1,1454.0,110.3604,6.16901525,0.0425,0.07203234999906272
c12_final_400_0014_bd,c12_final_400_0014,12,400,backdate,424242,0.5,400,326,0.815,16.8718,85.4532,149,24.0,0.544104,v2rl307,307,1,1454.0,110.3604,6.13151525,0.0425,0.07181325403507799
c12_final_400_0014_bd,c12_final_400_0014,12,400,backdate,424242,0.5,400,326,0.815,16.8718,85.4532,149,24.0,0.544104,v2rl308,308,1,1454.0,110.3604,6.17589025,0.0425,0.07136926602106541
c12_final_400_0014_bd,c12_final_400_0014,12,400,backdate,424242,0.5,400,326,0.815,16.8718,85.4532,149,24.0,0.544104,v2rl309,309,1,1454.0,110.3604,6.16901525,0.0425,0.07318102195858955
c12_final_400_0014_bd,c12_final_400_0014,12,400,backdate,424242,0.5,400,326,0.815,16.8718,85.4532,149,24.0,0.544104,v2rl310,310,1,1454.0,110.3604,6.14401525,0.0425,0.07382514397613704
c12_final_400_0015_bd,c12_final_400_0015,12,400,backdate,424242,0.5,400,336,0.84,20.0183,84.6789,237,24.88,0.756502,edd,301,1,6190.4192,115.7448,9.574658750000001,0.0725,0.0015993020497262478
c12_final_400_0015_bd,c12_final_400_0015,12,400,backdate,424242,0.5,400,336,0.84,20.0183,84.6789,237,24.88,0.756502,pfifo,301,1,6190.4192,115.7448,9.574658750000001,0.0725,0.0015501889865845442
c12_final_400_0015_bd,c12_final_400_0015,12,400,backdate,424242,0.5,400,336,0.84,20.0183,84.6789,237,24.88,0.756502,wspt,301,1,6404.276,115.7448,9.22688675,0.0725,0.0015719239600002766
c12_final_400_0015_bd,c12_final_400_0015,12,400,backdate,424242,0.5,400,336,0.84,20.0183,84.6789,237,24.88,0.756502,atc,301,1,6217.4496,115.7448,9.384483249999999,0.0725,0.003009069012477994
c12_final_400_0015_bd,c12_final_400_0015,12,400,backdate,424242,0.5,400,336,0.84,20.0183,84.6789,237,24.88,0.756502,wmdd,301,1,6208.4192,115.7448,9.56465875,0.0725,0.002177483052946627
c12_final_400_0015_bd,c12_final_400_0015,12,400,backdate,424242,0.5,400,336,0.84,20.0183,84.6789,237,24.88,0.756502,lpt,301,1,6599.090400000002,115.7448,10.790019500000001,0.12,0.0015945810591802
c12_final_400_0015_bd,c12_final_400_0015,12,400,backdate,424242,0.5,400,336,0.84,20.0183,84.6789,237,24.88,0.756502,random,301,1,6394.4192,115.7448,9.547490499999999,0.08,0.000987701932899654
c12_final_400_0015_bd,c12_final_400_0015,12,400,backdate,424242,0.5,400,336,0.84,20.0183,84.6789,237,24.88,0.756502,v2rl301,301,1,6189.711200000002,115.7448,10.17261875,0.0725,0.08152608794625849
c12_final_400_0015_bd,c12_final_400_0015,12,400,backdate,424242,0.5,400,336,0.84,20.0183,84.6789,237,24.88,0.756502,v2rl302,302,1,6191.711200000002,115.7448,9.83176525,0.0725,0.08189182996284217
c12_final_400_0015_bd,c12_final_400_0015,12,400,backdate,424242,0.5,400,336,0.84,20.0183,84.6789,237,24.88,0.756502,v2rl303,303,1,6203.711200000002,115.7448,9.81939025,0.0725,0.0820974709931761
c12_final_400_0015_bd,c12_final_400_0015,12,400,backdate,424242,0.5,400,336,0.84,20.0183,84.6789,237,24.88,0.756502,v2rl304,304,1,6187.711200000002,115.7448,9.6315355,0.0725,0.07936722494196147
c12_final_400_0015_bd,c12_final_400_0015,12,400,backdate,424242,0.5,400,336,0.84,20.0183,84.6789,237,24.88,0.756502,v2rl305,305,1,6191.711200000002,115.7448,9.850515249999999,0.0725,0.0809062640182674
c12_final_400_0015_bd,c12_final_400_0015,12,400,backdate,424242,0.5,400,336,0.84,20.0183,84.6789,237,24.88,0.756502,v2rl306,306,1,6191.711200000002,115.7448,9.8815775,0.0725,0.08139136503450572
c12_final_400_0015_bd,c12_final_400_0015,12,400,backdate,424242,0.5,400,336,0.84,20.0183,84.6789,237,24.88,0.756502,v2rl307,307,1,6193.711200000002,115.7448,9.55399875,0.0725,0.07888283801730722
c12_final_400_0015_bd,c12_final_400_0015,12,400,backdate,424242,0.5,400,336,0.84,20.0183,84.6789,237,24.88,0.756502,v2rl308,308,1,6197.711200000002,115.7448,9.5937855,0.0725,0.08129707199987024
c12_final_400_0015_bd,c12_final_400_0015,12,400,backdate,424242,0.5,400,336,0.84,20.0183,84.6789,237,24.88,0.756502,v2rl309,309,1,6189.711200000002,115.7448,9.77989025,0.0725,0.08272378100082278
c12_final_400_0015_bd,c12_final_400_0015,12,400,backdate,424242,0.5,400,336,0.84,20.0183,84.6789,237,24.88,0.756502,v2rl310,310,1,6189.711200000002,115.7448,9.81776525,0.0725,0.08039868401829153
c12_final_400_0016_bd,c12_final_400_0016,12,400,backdate,424242,0.5,400,377,0.9425,26.5857,85.6547,222,32.0,0.37972,edd,301,1,1456.0,105.34870000000001,6.358656999999999,0.035,0.0013378940057009459
c12_final_400_0016_bd,c12_final_400_0016,12,400,backdate,424242,0.5,400,377,0.9425,26.5857,85.6547,222,32.0,0.37972,pfifo,301,1,1456.0,105.34870000000001,6.358656999999999,0.035,0.0012724129483103752
c12_final_400_0016_bd,c12_final_400_0016,12,400,backdate,424242,0.5,400,377,0.9425,26.5857,85.6547,222,32.0,0.37972,wspt,301,1,1456.0,105.34870000000001,6.15850825,0.035,0.001404187991283834
c12_final_400_0016_bd,c12_final_400_0016,12,400,backdate,424242,0.5,400,377,0.9425,26.5857,85.6547,222,32.0,0.37972,atc,301,1,1456.0,105.34870000000001,6.267672,0.035,0.0022465200163424015
c12_final_400_0016_bd,c12_final_400_0016,12,400,backdate,424242,0.5,400,377,0.9425,26.5857,85.6547,222,32.0,0.37972,wmdd,301,1,1456.0,105.34870000000001,6.358656999999999,0.035,0.0016126029659062624
c12_final_400_0016_bd,c12_final_400_0016,12,400,backdate,424242,0.5,400,377,0.9425,26.5857,85.6547,222,32.0,0.37972,lpt,301,1,1456.0,105.34870000000001,6.747310250000001,0.035,0.0012167039094492793
c12_final_400_0016_bd,c12_final_400_0016,12,400,backdate,424242,0.5,400,377,0.9425,26.5857,85.6547,222,32.0,0.37972,random,301,1,1456.0,105.34870000000001,6.363172,0.035,0.0009000379359349608
c12_final_400_0016_bd,c12_final_400_0016,12,400,backdate,424242,0.5,400,377,0.9425,26.5857,85.6547,222,32.0,0.37972,v2rl301,301,1,1456.0,105.34870000000001,6.663648,0.035,0.07347282103728503
c12_final_400_0016_bd,c12_final_400_0016,12,400,backdate,424242,0.5,400,377,0.9425,26.5857,85.6547,222,32.0,0.37972,v2rl302,302,1,1456.0,105.34870000000001,6.696855,0.035,0.07503059098962694
c12_final_400_0016_bd,c12_final_400_0016,12,400,backdate,424242,0.5,400,377,0.9425,26.5857,85.6547,222,32.0,0.37972,v2rl303,303,1,1456.0,105.34870000000001,6.69673,0.035,0.07506544503849
c12_final_400_0016_bd,c12_final_400_0016,12,400,backdate,424242,0.5,400,377,0.9425,26.5857,85.6547,222,32.0,0.37972,v2rl304,304,1,1456.0,105.34870000000001,6.32393425,0.035,0.07317407208029181
c12_final_400_0016_bd,c12_final_400_0016,12,400,backdate,424242,0.5,400,377,0.9425,26.5857,85.6547,222,32.0,0.37972,v2rl305,305,1,1456.0,105.34870000000001,6.679855,0.035,0.07310278597287834
c12_final_400_0016_bd,c12_final_400_0016,12,400,backdate,424242,0.5,400,377,0.9425,26.5857,85.6547,222,32.0,0.37972,v2rl306,306,1,1456.0,105.34870000000001,6.696855,0.035,0.07367519603576511
c12_final_400_0016_bd,c12_final_400_0016,12,400,backdate,424242,0.5,400,377,0.9425,26.5857,85.6547,222,32.0,0.37972,v2rl307,307,1,1456.0,105.34870000000001,6.26239,0.035,0.07307768508326262
c12_final_400_0016_bd,c12_final_400_0016,12,400,backdate,424242,0.5,400,377,0.9425,26.5857,85.6547,222,32.0,0.37972,v2rl308,308,1,1456.0,105.34870000000001,6.454338,0.035,0.07379604096058756
c12_final_400_0016_bd,c12_final_400_0016,12,400,backdate,424242,0.5,400,377,0.9425,26.5857,85.6547,222,32.0,0.37972,v2rl309,309,1,1456.0,105.34870000000001,6.67423,0.035,0.07499739492777735
c12_final_400_0016_bd,c12_final_400_0016,12,400,backdate,424242,0.5,400,377,0.9425,26.5857,85.6547,222,32.0,0.37972,v2rl310,310,1,1456.0,105.34870000000001,6.4768550000000005,0.035,0.0752815060550347
c12_final_400_0017_bd,c12_final_400_0017,12,400,backdate,424242,0.5,400,344,0.86,19.1929,85.1383,153,26.13,0.541206,edd,301,1,1880.5128,102.5997,6.6062545,0.04,0.0012111139949411154
c12_final_400_0017_bd,c12_final_400_0017,12,400,backdate,424242,0.5,400,344,0.86,19.1929,85.1383,153,26.13,0.541206,pfifo,301,1,1880.5128,102.5997,6.6062545,0.04,0.0011105649173259735
c12_final_400_0017_bd,c12_final_400_0017,12,400,backdate,424242,0.5,400,344,0.86,19.1929,85.1383,153,26.13,0.541206,wspt,301,1,1880.5128,102.5997,6.5987545,0.04,0.0011254670098423958
c12_final_400_0017_bd,c12_final_400_0017,12,400,backdate,424242,0.5,400,344,0.86,19.1929,85.1383,153,26.13,0.541206,atc,301,1,1880.5128,102.5997,6.5987545,0.04,0.0016750360373407602
c12_final_400_0017_bd,c12_final_400_0017,12,400,backdate,424242,0.5,400,344,0.86,19.1929,85.1383,153,26.13,0.541206,wmdd,301,1,1880.5128,102.5997,6.6062545,0.04,0.0013051970163360238
c12_final_400_0017_bd,c12_final_400_0017,12,400,backdate,424242,0.5,400,344,0.86,19.1929,85.1383,153,26.13,0.541206,lpt,301,1,1880.5128,102.5997,6.633429,0.04,0.0010913320584222674
c12_final_400_0017_bd,c12_final_400_0017,12,400,backdate,424242,0.5,400,344,0.86,19.1929,85.1383,153,26.13,0.541206,random,301,1,1881.4216000000001,102.5997,6.6031295,0.04,0.0009098689770326018
c12_final_400_0017_bd,c12_final_400_0017,12,400,backdate,424242,0.5,400,344,0.86,19.1929,85.1383,153,26.13,0.541206,v2rl301,301,1,1880.5128,102.5997,6.613429,0.04,0.07070136093534529
c12_final_400_0017_bd,c12_final_400_0017,12,400,backdate,424242,0.5,400,344,0.86,19.1929,85.1383,153,26.13,0.541206,v2rl302,302,1,1880.5128,102.5997,6.623429,0.04,0.07172340305987746
c12_final_400_0017_bd,c12_final_400_0017,12,400,backdate,424242,0.5,400,344,0.86,19.1929,85.1383,153,26.13,0.541206,v2rl303,303,1,1880.5128,102.5997,6.621554,0.04,0.07173587393481284
c12_final_400_0017_bd,c12_final_400_0017,12,400,backdate,424242,0.5,400,344,0.86,19.1929,85.1383,153,26.13,0.541206,v2rl304,304,1,1880.5128,102.5997,6.6000045,0.04,0.06987723801285028
c12_final_400_0017_bd,c12_final_400_0017,12,400,backdate,424242,0.5,400,344,0.86,19.1929,85.1383,153,26.13,0.541206,v2rl305,305,1,1880.5128,102.5997,6.623429,0.04,0.07013526395894587
c12_final_400_0017_bd,c12_final_400_0017,12,400,backdate,424242,0.5,400,344,0.86,19.1929,85.1383,153,26.13,0.541206,v2rl306,306,1,1880.5128,102.5997,6.623429,0.04,0.07034287403803319
c12_final_400_0017_bd,c12_final_400_0017,12,400,backdate,424242,0.5,400,344,0.86,19.1929,85.1383,153,26.13,0.541206,v2rl307,307,1,1880.5128,102.5997,6.5987545,0.04,0.07040732598397881
c12_final_400_0017_bd,c12_final_400_0017,12,400,backdate,424242,0.5,400,344,0.86,19.1929,85.1383,153,26.13,0.541206,v2rl308,308,1,1880.5128,102.5997,6.6075045,0.04,0.0705119629856199
c12_final_400_0017_bd,c12_final_400_0017,12,400,backdate,424242,0.5,400,344,0.86,19.1929,85.1383,153,26.13,0.541206,v2rl309,309,1,1880.5128,102.5997,6.623429,0.04,0.0716298259794712
c12_final_400_0017_bd,c12_final_400_0017,12,400,backdate,424242,0.5,400,344,0.86,19.1929,85.1383,153,26.13,0.541206,v2rl310,310,1,1880.5128,102.5997,6.6075045,0.04,0.07194209797307849
c12_final_400_0018_bd,c12_final_400_0018,12,400,backdate,424242,0.5,400,334,0.835,21.279,85.1969,251,17.4172,0.939569,edd,301,1,736.3312000000001,99.9115,9.752065,0.0225,0.0014558129478245974
c12_final_400_0018_bd,c12_final_400_0018,12,400,backdate,424242,0.5,400,334,0.835,21.279,85.1969,251,17.4172,0.939569,pfifo,301,1,736.3312000000001,99.9115,9.752065,0.0225,0.0014098230749368668
c12_final_400_0018_bd,c12_final_400_0018,12,400,backdate,424242,0.5,400,334,0.835,21.279,85.1969,251,17.4172,0.939569,wspt,301,1,750.3312000000001,99.9115,8.87257425,0.0225,0.0014482180122286081
c12_final_400_0018_bd,c12_final_400_0018,12,400,backdate,424242,0.5,400,334,0.835,21.279,85.1969,251,17.4172,0.939569,atc,301,1,736.3312000000001,99.9115,9.0549435,0.0225,0.002607148955576122
c12_final_400_0018_bd,c12_final_400_0018,12,400,backdate,424242,0.5,400,334,0.835,21.279,85.1969,251,17.4172,0.939569,wmdd,301,1,736.3312000000001,99.9115,9.752065,0.0225,0.0018912130035459995
c12_final_400_0018_bd,c12_final_400_0018,12,400,backdate,424242,0.5,400,334,0.835,21.279,85.1969,251,17.4172,0.939569,lpt,301,1,736.3312000000001,99.9115,12.88003125,0.0225,0.001374661922454834
c12_final_400_0018_bd,c12_final_400_0018,12,400,backdate,424242,0.5,400,334,0.835,21.279,85.1969,251,17.4172,0.939569,random,301,1,790.3312000000001,99.9115,9.84180975,0.0275,0.0009085729252547026
c12_final_400_0018_bd,c12_final_400_0018,12,400,backdate,424242,0.5,400,334,0.835,21.279,85.1969,251,17.4172,0.939569,v2rl301,301,1,736.3312000000001,99.9115,12.314082249999998,0.0225,0.07946963899303228
c12_final_400_0018_bd,c12_final_400_0018,12,400,backdate,424242,0.5,400,334,0.835,21.279,85.1969,251,17.4172,0.939569,v2rl302,302,1,736.3312000000001,99.9115,10.977174,0.0225,0.07981215405743569
c12_final_400_0018_bd,c12_final_400_0018,12,400,backdate,424242,0.5,400,334,0.835,21.279,85.1969,251,17.4172,0.939569,v2rl303,303,1,738.3312000000001,99.9115,10.931434249999997,0.0225,0.0789375010645017
c12_final_400_0018_bd,c12_final_400_0018,12,400,backdate,424242,0.5,400,334,0.835,21.279,85.1969,251,17.4172,0.939569,v2rl304,304,1,737.3312000000001,99.9115,10.095434249999998,0.0225,0.07747674803249538
c12_final_400_0018_bd,c12_final_400_0018,12,400,backdate,424242,0.5,400,334,0.835,21.279,85.1969,251,17.4172,0.939569,v2rl305,305,1,736.3312000000001,99.9115,11.023549000000003,0.0225,0.07853137294296175
c12_final_400_0018_bd,c12_final_400_0018,12,400,backdate,424242,0.5,400,334,0.835,21.279,85.1969,251,17.4172,0.939569,v2rl306,306,1,736.3312000000001,99.9115,10.995923999999997,0.0225,0.07820756000000983
c12_final_400_0018_bd,c12_final_400_0018,12,400,backdate,424242,0.5,400,334,0.835,21.279,85.1969,251,17.4172,0.939569,v2rl307,307,1,736.3312000000001,99.9115,10.120192999999999,0.0225,0.07741730299312621
c12_final_400_0018_bd,c12_final_400_0018,12,400,backdate,424242,0.5,400,334,0.835,21.279,85.1969,251,17.4172,0.939569,v2rl308,308,1,736.3312000000001,99.9115,12.07280925,0.0225,0.08006268099416047
c12_final_400_0018_bd,c12_final_400_0018,12,400,backdate,424242,0.5,400,334,0.835,21.279,85.1969,251,17.4172,0.939569,v2rl309,309,1,736.3312000000001,99.9115,10.656424,0.0225,0.08026185096241534
c12_final_400_0018_bd,c12_final_400_0018,12,400,backdate,424242,0.5,400,334,0.835,21.279,85.1969,251,17.4172,0.939569,v2rl310,310,1,737.3312000000001,99.9115,10.628692999999998,0.0225,0.07785198604688048
c12_final_400_0019_bd,c12_final_400_0019,12,400,backdate,424242,0.5,400,351,0.8775,21.7001,84.6526,229,20.1333,0.576963,edd,301,1,2760.344,108.2775,6.655877,0.0425,0.0013867969391867518
c12_final_400_0019_bd,c12_final_400_0019,12,400,backdate,424242,0.5,400,351,0.8775,21.7001,84.6526,229,20.1333,0.576963,pfifo,301,1,2760.344,108.2775,6.655877,0.0425,0.001335801905952394
c12_final_400_0019_bd,c12_final_400_0019,12,400,backdate,424242,0.5,400,351,0.8775,21.7001,84.6526,229,20.1333,0.576963,wspt,301,1,2760.344,108.2775,6.1021399999999995,0.0425,0.0013602370163425803
c12_final_400_0019_bd,c12_final_400_0019,12,400,backdate,424242,0.5,400,351,0.8775,21.7001,84.6526,229,20.1333,0.576963,atc,301,1,2760.344,108.2775,6.14589,0.0425,0.0023689509835094213
c12_final_400_0019_bd,c12_final_400_0019,12,400,backdate,424242,0.5,400,351,0.8775,21.7001,84.6526,229,20.1333,0.576963,wmdd,301,1,2760.344,108.2775,6.655877,0.0425,0.0017238210421055555
c12_final_400_0019_bd,c12_final_400_0019,12,400,backdate,424242,0.5,400,351,0.8775,21.7001,84.6526,229,20.1333,0.576963,lpt,301,1,2764.344,108.2775,7.45087225,0.0425,0.0012647169642150402
c12_final_400_0019_bd,c12_final_400_0019,12,400,backdate,424242,0.5,400,351,0.8775,21.7001,84.6526,229,20.1333,0.576963,random,301,1,2768.344,108.2775,6.608515,0.0425,0.0009309499291703105
c12_final_400_0019_bd,c12_final_400_0019,12,400,backdate,424242,0.5,400,351,0.8775,21.7001,84.6526,229,20.1333,0.576963,v2rl301,301,1,2760.344,108.2775,7.296446500000001,0.0425,0.07753125007729977
c12_final_400_0019_bd,c12_final_400_0019,12,400,backdate,424242,0.5,400,351,0.8775,21.7001,84.6526,229,20.1333,0.576963,v2rl302,302,1,2764.344,108.2775,7.3290715,0.0425,0.07749124406836927
c12_final_400_0019_bd,c12_final_400_0019,12,400,backdate,424242,0.5,400,351,0.8775,21.7001,84.6526,229,20.1333,0.576963,v2rl303,303,1,2764.344,108.2775,7.36137225,0.0425,0.07662011706270278
c12_final_400_0019_bd,c12_final_400_0019,12,400,backdate,424242,0.5,400,351,0.8775,21.7001,84.6526,229,20.1333,0.576963,v2rl304,304,1,2760.344,108.2775,6.8309465,0.0425,0.07517280499450862
c12_final_400_0019_bd,c12_final_400_0019,12,400,backdate,424242,0.5,400,351,0.8775,21.7001,84.6526,229,20.1333,0.576963,v2rl305,305,1,2764.344,108.2775,7.3358215,0.0425,0.07610074302647263
c12_final_400_0019_bd,c12_final_400_0019,12,400,backdate,424242,0.5,400,351,0.8775,21.7001,84.6526,229,20.1333,0.576963,v2rl306,306,1,2764.344,108.2775,7.36149725,0.0425,0.07625256001483649
c12_final_400_0019_bd,c12_final_400_0019,12,400,backdate,424242,0.5,400,351,0.8775,21.7001,84.6526,229,20.1333,0.576963,v2rl307,307,1,2760.344,108.2775,6.2720150000000015,0.0425,0.07446136500220746
c12_final_400_0019_bd,c12_final_400_0019,12,400,backdate,424242,0.5,400,351,0.8775,21.7001,84.6526,229,20.1333,0.576963,v2rl308,308,1,2760.344,108.2775,7.194752000000001,0.0425,0.0775001150323078
c12_final_400_0019_bd,c12_final_400_0019,12,400,backdate,424242,0.5,400,351,0.8775,21.7001,84.6526,229,20.1333,0.576963,v2rl309,309,1,2764.344,108.2775,7.306446500000001,0.0425,0.07803432096261531
c12_final_400_0019_bd,c12_final_400_0019,12,400,backdate,424242,0.5,400,351,0.8775,21.7001,84.6526,229,20.1333,0.576963,v2rl310,310,1,2764.344,108.2775,7.1814465,0.0425,0.07545633404515684
c12_final_400_0020_bd,c12_final_400_0020,12,400,backdate,424242,0.5,400,324,0.81,19.6369,85.5488,192,24.0,0.54083,edd,301,1,181.99999999999997,106.8648,6.25510575,0.0175,0.0013647520681843162
c12_final_400_0020_bd,c12_final_400_0020,12,400,backdate,424242,0.5,400,324,0.81,19.6369,85.5488,192,24.0,0.54083,pfifo,301,1,181.99999999999997,106.8648,6.25510575,0.0175,0.0012894989922642708
c12_final_400_0020_bd,c12_final_400_0020,12,400,backdate,424242,0.5,400,324,0.81,19.6369,85.5488,192,24.0,0.54083,wspt,301,1,181.99999999999997,106.8648,6.2017152499999995,0.0175,0.0012818890390917659
c12_final_400_0020_bd,c12_final_400_0020,12,400,backdate,424242,0.5,400,324,0.81,19.6369,85.5488,192,24.0,0.54083,atc,301,1,181.99999999999997,106.8648,6.2331829999999995,0.0175,0.0020500730024650693
c12_final_400_0020_bd,c12_final_400_0020,12,400,backdate,424242,0.5,400,324,0.81,19.6369,85.5488,192,24.0,0.54083,wmdd,301,1,181.99999999999997,106.8648,6.25510575,0.0175,0.0015556049766018987
c12_final_400_0020_bd,c12_final_400_0020,12,400,backdate,424242,0.5,400,324,0.81,19.6369,85.5488,192,24.0,0.54083,lpt,301,1,181.99999999999997,106.8648,6.50915425,0.0175,0.0012420039856806397
c12_final_400_0020_bd,c12_final_400_0020,12,400,backdate,424242,0.5,400,324,0.81,19.6369,85.5488,192,24.0,0.54083,random,301,1,181.99999999999997,106.8648,6.238624,0.0175,0.0009600500343367457
c12_final_400_0020_bd,c12_final_400_0020,12,400,backdate,424242,0.5,400,324,0.81,19.6369,85.5488,192,24.0,0.54083,v2rl301,301,1,181.99999999999997,106.8648,6.405707250000001,0.0175,0.07525945303495973
c12_final_400_0020_bd,c12_final_400_0020,12,400,backdate,424242,0.5,400,324,0.81,19.6369,85.5488,192,24.0,0.54083,v2rl302,302,1,181.99999999999997,106.8648,6.3377595,0.0175,0.07349750597495586
c12_final_400_0020_bd,c12_final_400_0020,12,400,backdate,424242,0.5,400,324,0.81,19.6369,85.5488,192,24.0,0.54083,v2rl303,303,1,181.99999999999997,106.8648,6.3173095,0.0175,0.07273961394093931
c12_final_400_0020_bd,c12_final_400_0020,12,400,backdate,424242,0.5,400,324,0.81,19.6369,85.5488,192,24.0,0.54083,v2rl304,304,1,181.99999999999997,106.8648,6.2876345,0.0175,0.0733343530446291
c12_final_400_0020_bd,c12_final_400_0020,12,400,backdate,424242,0.5,400,324,0.81,19.6369,85.5488,192,24.0,0.54083,v2rl305,305,1,181.99999999999997,106.8648,6.3747595,0.0175,0.07350878696888685
c12_final_400_0020_bd,c12_final_400_0020,12,400,backdate,424242,0.5,400,324,0.81,19.6369,85.5488,192,24.0,0.54083,v2rl306,306,1,181.99999999999997,106.8648,6.3431475,0.0175,0.07283614098560065
c12_final_400_0020_bd,c12_final_400_0020,12,400,backdate,424242,0.5,400,324,0.81,19.6369,85.5488,192,24.0,0.54083,v2rl307,307,1,181.99999999999997,106.8648,6.27100575,0.0175,0.07457386795431376
c12_final_400_0020_bd,c12_final_400_0020,12,400,backdate,424242,0.5,400,324,0.81,19.6369,85.5488,192,24.0,0.54083,v2rl308,308,1,181.99999999999997,106.8648,6.34791,0.0175,0.07559099490754306
c12_final_400_0020_bd,c12_final_400_0020,12,400,backdate,424242,0.5,400,324,0.81,19.6369,85.5488,192,24.0,0.54083,v2rl309,309,1,181.99999999999997,106.8648,6.3365095,0.0175,0.07283166202250868
c12_final_400_0020_bd,c12_final_400_0020,12,400,backdate,424242,0.5,400,324,0.81,19.6369,85.5488,192,24.0,0.54083,v2rl310,310,1,181.99999999999997,106.8648,6.3165094999999996,0.0175,0.07228735403623432
c12_final_400_0021_bd,c12_final_400_0021,12,400,backdate,424242,0.5,400,331,0.8275,22.0276,84.7321,218,16.375,0.577941,edd,301,1,192.1048,90.8648,4.793637250000001,0.0125,0.0013797259889543056
c12_final_400_0021_bd,c12_final_400_0021,12,400,backdate,424242,0.5,400,331,0.8275,22.0276,84.7321,218,16.375,0.577941,pfifo,301,1,192.1048,90.8648,4.793637250000001,0.0125,0.0013327480992302299
c12_final_400_0021_bd,c12_final_400_0021,12,400,backdate,424242,0.5,400,331,0.8275,22.0276,84.7321,218,16.375,0.577941,wspt,301,1,190.2,90.8648,4.61372875,0.0125,0.001347245997749269
c12_final_400_0021_bd,c12_final_400_0021,12,400,backdate,424242,0.5,400,331,0.8275,22.0276,84.7321,218,16.375,0.577941,atc,301,1,190.2,90.8648,4.6891282499999996,0.0125,0.0022080859635025263
c12_final_400_0021_bd,c12_final_400_0021,12,400,backdate,424242,0.5,400,331,0.8275,22.0276,84.7321,218,16.375,0.577941,wmdd,301,1,192.1048,90.8648,4.793637250000001,0.0125,0.0016154879704117775
c12_final_400_0021_bd,c12_final_400_0021,12,400,backdate,424242,0.5,400,331,0.8275,22.0276,84.7321,218,16.375,0.577941,lpt,301,1,192.1048,90.8648,5.1682295,0.0125,0.0012793369824066758
c12_final_400_0021_bd,c12_final_400_0021,12,400,backdate,424242,0.5,400,331,0.8275,22.0276,84.7321,218,16.375,0.577941,random,301,1,190.2,90.8648,4.772196750000001,0.0125,0.0009330939501523972
c12_final_400_0021_bd,c12_final_400_0021,12,400,backdate,424242,0.5,400,331,0.8275,22.0276,84.7321,218,16.375,0.577941,v2rl301,301,1,192.1048,90.8648,4.93406275,0.0125,0.07518135895952582
c12_final_400_0021_bd,c12_final_400_0021,12,400,backdate,424242,0.5,400,331,0.8275,22.0276,84.7321,218,16.375,0.577941,v2rl302,302,1,192.1048,90.8648,4.889096,0.0125,0.07308011606801301
c12_final_400_0021_bd,c12_final_400_0021,12,400,backdate,424242,0.5,400,331,0.8275,22.0276,84.7321,218,16.375,0.577941,v2rl303,303,1,192.1048,90.8648,4.9192599999999995,0.0125,0.07397076592314988
c12_final_400_0021_bd,c12_final_400_0021,12,400,backdate,424242,0.5,400,331,0.8275,22.0276,84.7321,218,16.375,0.577941,v2rl304,304,1,192.1048,90.8648,4.7219285,0.0125,0.07377835898660123
c12_final_400_0021_bd,c12_final_400_0021,12,400,backdate,424242,0.5,400,331,0.8275,22.0276,84.7321,218,16.375,0.577941,v2rl305,305,1,192.1048,90.8648,4.90069375,0.0125,0.07297886302694678
c12_final_400_0021_bd,c12_final_400_0021,12,400,backdate,424242,0.5,400,331,0.8275,22.0276,84.7321,218,16.375,0.577941,v2rl306,306,1,192.1048,90.8648,4.9280100000000004,0.0125,0.07466693001333624
c12_final_400_0021_bd,c12_final_400_0021,12,400,backdate,424242,0.5,400,331,0.8275,22.0276,84.7321,218,16.375,0.577941,v2rl307,307,1,190.2,90.8648,4.71410275,0.0125,0.07486737193539739
c12_final_400_0021_bd,c12_final_400_0021,12,400,backdate,424242,0.5,400,331,0.8275,22.0276,84.7321,218,16.375,0.577941,v2rl308,308,1,190.2,90.8648,4.78287575,0.0125,0.07445158099289984
c12_final_400_0021_bd,c12_final_400_0021,12,400,backdate,424242,0.5,400,331,0.8275,22.0276,84.7321,218,16.375,0.577941,v2rl309,309,1,192.1048,90.8648,4.863285250000001,0.0125,0.07287667307537049
c12_final_400_0021_bd,c12_final_400_0021,12,400,backdate,424242,0.5,400,331,0.8275,22.0276,84.7321,218,16.375,0.577941,v2rl310,310,1,192.1048,90.8648,4.75176225,0.0125,0.0723405439639464
c12_final_400_0022_bd,c12_final_400_0022,12,400,backdate,424242,0.5,400,321,0.8025,21.5457,83.5084,208,22.0997,0.570028,edd,301,1,283.7296,110.6876,6.22032375,0.02,0.0014957679668441415
c12_final_400_0022_bd,c12_final_400_0022,12,400,backdate,424242,0.5,400,321,0.8025,21.5457,83.5084,208,22.0997,0.570028,pfifo,301,1,283.7296,110.6876,6.22032375,0.02,0.0013909459812566638
c12_final_400_0022_bd,c12_final_400_0022,12,400,backdate,424242,0.5,400,321,0.8025,21.5457,83.5084,208,22.0997,0.570028,wspt,301,1,283.7296,110.6876,6.108907749999999,0.02,0.0014197870623320341
c12_final_400_0022_bd,c12_final_400_0022,12,400,backdate,424242,0.5,400,321,0.8025,21.5457,83.5084,208,22.0997,0.570028,atc,301,1,283.7296,110.6876,6.13641975,0.02,0.002367305918596685
c12_final_400_0022_bd,c12_final_400_0022,12,400,backdate,424242,0.5,400,321,0.8025,21.5457,83.5084,208,22.0997,0.570028,wmdd,301,1,283.7296,110.6876,6.22032375,0.02,0.0017597390105947852
c12_final_400_0022_bd,c12_final_400_0022,12,400,backdate,424242,0.5,400,321,0.8025,21.5457,83.5084,208,22.0997,0.570028,lpt,301,1,283.7296,110.6876,6.76732525,0.02,0.0013663939898833632
c12_final_400_0022_bd,c12_final_400_0022,12,400,backdate,424242,0.5,400,321,0.8025,21.5457,83.5084,208,22.0997,0.570028,random,301,1,295.65840000000003,110.6876,6.22986625,0.0225,0.0009821560233831406
c12_final_400_0022_bd,c12_final_400_0022,12,400,backdate,424242,0.5,400,321,0.8025,21.5457,83.5084,208,22.0997,0.570028,v2rl301,301,1,283.7296,110.6876,6.60795025,0.02,0.07708489906508476
c12_final_400_0022_bd,c12_final_400_0022,12,400,backdate,424242,0.5,400,321,0.8025,21.5457,83.5084,208,22.0997,0.570028,v2rl302,302,1,283.7296,110.6876,6.33905775,0.02,0.07500475307460874
c12_final_400_0022_bd,c12_final_400_0022,12,400,backdate,424242,0.5,400,321,0.8025,21.5457,83.5084,208,22.0997,0.570028,v2rl303,303,1,283.7296,110.6876,6.32484125,0.02,0.07578141603153199
c12_final_400_0022_bd,c12_final_400_0022,12,400,backdate,424242,0.5,400,321,0.8025,21.5457,83.5084,208,22.0997,0.570028,v2rl304,304,1,283.7296,110.6876,6.18107525,0.02,0.07541019096970558
c12_final_400_0022_bd,c12_final_400_0022,12,400,backdate,424242,0.5,400,321,0.8025,21.5457,83.5084,208,22.0997,0.570028,v2rl305,305,1,283.7296,110.6876,6.354057749999999,0.02,0.07519739796407521
c12_final_400_0022_bd,c12_final_400_0022,12,400,backdate,424242,0.5,400,321,0.8025,21.5457,83.5084,208,22.0997,0.570028,v2rl306,306,1,283.7296,110.6876,6.34482525,0.02,0.07717487111221999
c12_final_400_0022_bd,c12_final_400_0022,12,400,backdate,424242,0.5,400,321,0.8025,21.5457,83.5084,208,22.0997,0.570028,v2rl307,307,1,283.7296,110.6876,6.162175250000001,0.02,0.07762441202066839
c12_final_400_0022_bd,c12_final_400_0022,12,400,backdate,424242,0.5,400,321,0.8025,21.5457,83.5084,208,22.0997,0.570028,v2rl308,308,1,283.7296,110.6876,6.4317002500000005,0.02,0.07573938299901783
c12_final_400_0022_bd,c12_final_400_0022,12,400,backdate,424242,0.5,400,321,0.8025,21.5457,83.5084,208,22.0997,0.570028,v2rl309,309,1,283.7296,110.6876,6.337182749999999,0.02,0.07479765405878425
c12_final_400_0022_bd,c12_final_400_0022,12,400,backdate,424242,0.5,400,321,0.8025,21.5457,83.5084,208,22.0997,0.570028,v2rl310,310,1,283.7296,110.6876,6.226075250000001,0.02,0.07528809504583478
c12_final_400_0023_bd,c12_final_400_0023,12,400,backdate,424242,0.5,400,322,0.805,22.8176,85.6847,197,24.0,0.655038,edd,301,1,2151.5776,111.8212,7.715118,0.0425,0.0013652310008183122
c12_final_400_0023_bd,c12_final_400_0023,12,400,backdate,424242,0.5,400,322,0.805,22.8176,85.6847,197,24.0,0.655038,pfifo,301,1,2151.5776,111.8212,7.715118,0.0425,0.0012455970281735063
c12_final_400_0023_bd,c12_final_400_0023,12,400,backdate,424242,0.5,400,322,0.805,22.8176,85.6847,197,24.0,0.655038,wspt,301,1,2157.5776,111.8212,7.59109775,0.045,0.0012748800218105316
c12_final_400_0023_bd,c12_final_400_0023,12,400,backdate,424242,0.5,400,322,0.805,22.8176,85.6847,197,24.0,0.655038,atc,301,1,2153.5776,111.8212,7.6053007500000005,0.0425,0.0019718569237738848
c12_final_400_0023_bd,c12_final_400_0023,12,400,backdate,424242,0.5,400,322,0.805,22.8176,85.6847,197,24.0,0.655038,wmdd,301,1,2151.5776,111.8212,7.715118,0.0425,0.0015237419866025448
c12_final_400_0023_bd,c12_final_400_0023,12,400,backdate,424242,0.5,400,322,0.805,22.8176,85.6847,197,24.0,0.655038,lpt,301,1,2151.5776,111.8212,8.11311375,0.0425,0.0012306850403547287
c12_final_400_0023_bd,c12_final_400_0023,12,400,backdate,424242,0.5,400,322,0.805,22.8176,85.6847,197,24.0,0.655038,random,301,1,2151.5776,111.8212,7.708561499999999,0.0425,0.0009348910534754395
c12_final_400_0023_bd,c12_final_400_0023,12,400,backdate,424242,0.5,400,322,0.805,22.8176,85.6847,197,24.0,0.655038,v2rl301,301,1,2151.5776,111.8212,7.925392749999999,0.0425,0.07384732598438859
c12_final_400_0023_bd,c12_final_400_0023,12,400,backdate,424242,0.5,400,322,0.805,22.8176,85.6847,197,24.0,0.655038,v2rl302,302,1,2151.5776,111.8212,8.029302,0.0425,0.07280401396565139
c12_final_400_0023_bd,c12_final_400_0023,12,400,backdate,424242,0.5,400,322,0.805,22.8176,85.6847,197,24.0,0.655038,v2rl303,303,1,2151.5776,111.8212,8.015512,0.0425,0.07330920302774757
c12_final_400_0023_bd,c12_final_400_0023,12,400,backdate,424242,0.5,400,322,0.805,22.8176,85.6847,197,24.0,0.655038,v2rl304,304,1,2151.5776,111.8212,7.8201244999999995,0.0425,0.07283493201248348
c12_final_400_0023_bd,c12_final_400_0023,12,400,backdate,424242,0.5,400,322,0.805,22.8176,85.6847,197,24.0,0.655038,v2rl305,305,1,2151.5776,111.8212,7.93792875,0.0425,0.07246707996819168
c12_final_400_0023_bd,c12_final_400_0023,12,400,backdate,424242,0.5,400,322,0.805,22.8176,85.6847,197,24.0,0.655038,v2rl306,306,1,2151.5776,111.8212,8.036802,0.0425,0.07465133897494525
c12_final_400_0023_bd,c12_final_400_0023,12,400,backdate,424242,0.5,400,322,0.805,22.8176,85.6847,197,24.0,0.655038,v2rl307,307,1,2151.5776,111.8212,7.913604750000001,0.0425,0.0751922728959471
c12_final_400_0023_bd,c12_final_400_0023,12,400,backdate,424242,0.5,400,322,0.805,22.8176,85.6847,197,24.0,0.655038,v2rl308,308,1,2151.5776,111.8212,7.836752250000001,0.0425,0.072447738959454
c12_final_400_0023_bd,c12_final_400_0023,12,400,backdate,424242,0.5,400,322,0.805,22.8176,85.6847,197,24.0,0.655038,v2rl309,309,1,2151.5776,111.8212,7.92917875,0.0425,0.07202606403734535
c12_final_400_0023_bd,c12_final_400_0023,12,400,backdate,424242,0.5,400,322,0.805,22.8176,85.6847,197,24.0,0.655038,v2rl310,310,1,2151.5776,111.8212,7.9173884999999995,0.0425,0.07260456297080964
c12_final_400_0024_bd,c12_final_400_0024,12,400,backdate,424242,0.5,400,268,0.67,19.8536,84.018,183,16.0,0.388905,edd,301,1,1208.9184,90.8648,3.3913907500000007,0.0175,0.0014728270471096039
c12_final_400_0024_bd,c12_final_400_0024,12,400,backdate,424242,0.5,400,268,0.67,19.8536,84.018,183,16.0,0.388905,pfifo,301,1,1208.9184,90.8648,3.3913907500000007,0.0175,0.0014667080249637365
c12_final_400_0024_bd,c12_final_400_0024,12,400,backdate,424242,0.5,400,268,0.67,19.8536,84.018,183,16.0,0.388905,wspt,301,1,1208.9184,90.8648,3.23788275,0.0175,0.0014414710458368063
c12_final_400_0024_bd,c12_final_400_0024,12,400,backdate,424242,0.5,400,268,0.67,19.8536,84.018,183,16.0,0.388905,atc,301,1,1208.9184,90.8648,3.27887475,0.0175,0.0023506690049543977
c12_final_400_0024_bd,c12_final_400_0024,12,400,backdate,424242,0.5,400,268,0.67,19.8536,84.018,183,16.0,0.388905,wmdd,301,1,1208.9184,90.8648,3.3913907500000007,0.0175,0.001770106959156692
c12_final_400_0024_bd,c12_final_400_0024,12,400,backdate,424242,0.5,400,268,0.67,19.8536,84.018,183,16.0,0.388905,lpt,301,1,1208.9184,90.8648,3.8665590000000005,0.0175,0.0013085890095680952
c12_final_400_0024_bd,c12_final_400_0024,12,400,backdate,424242,0.5,400,268,0.67,19.8536,84.018,183,16.0,0.388905,random,301,1,1208.9184,90.8648,3.4462875000000004,0.0175,0.0009263270767405629
c12_final_400_0024_bd,c12_final_400_0024,12,400,backdate,424242,0.5,400,268,0.67,19.8536,84.018,183,16.0,0.388905,v2rl301,301,1,1208.9184,90.8648,3.6157555,0.0175,0.07558288192376494
c12_final_400_0024_bd,c12_final_400_0024,12,400,backdate,424242,0.5,400,268,0.67,19.8536,84.018,183,16.0,0.388905,v2rl302,302,1,1208.9184,90.8648,3.6213937499999997,0.0175,0.07521848403848708
c12_final_400_0024_bd,c12_final_400_0024,12,400,backdate,424242,0.5,400,268,0.67,19.8536,84.018,183,16.0,0.388905,v2rl303,303,1,1208.9184,90.8648,3.6646205,0.0175,0.07518406608141959
c12_final_400_0024_bd,c12_final_400_0024,12,400,backdate,424242,0.5,400,268,0.67,19.8536,84.018,183,16.0,0.388905,v2rl304,304,1,1208.9184,90.8648,3.31489125,0.0175,0.07334677595645189
c12_final_400_0024_bd,c12_final_400_0024,12,400,backdate,424242,0.5,400,268,0.67,19.8536,84.018,183,16.0,0.388905,v2rl305,305,1,1208.9184,90.8648,3.60326875,0.0175,0.07041186699643731
c12_final_400_0024_bd,c12_final_400_0024,12,400,backdate,424242,0.5,400,268,0.67,19.8536,84.018,183,16.0,0.388905,v2rl306,306,1,1208.9184,90.8648,3.6582687499999995,0.0175,0.06937332509551197
c12_final_400_0024_bd,c12_final_400_0024,12,400,backdate,424242,0.5,400,268,0.67,19.8536,84.018,183,16.0,0.388905,v2rl307,307,1,1208.9184,90.8648,3.3023287500000005,0.0175,0.06861122697591782
c12_final_400_0024_bd,c12_final_400_0024,12,400,backdate,424242,0.5,400,268,0.67,19.8536,84.018,183,16.0,0.388905,v2rl308,308,1,1208.9184,90.8648,3.452976,0.0175,0.06893007596954703
c12_final_400_0024_bd,c12_final_400_0024,12,400,backdate,424242,0.5,400,268,0.67,19.8536,84.018,183,16.0,0.388905,v2rl309,309,1,1208.9184,90.8648,3.5713227499999993,0.0175,0.069034538930282
c12_final_400_0024_bd,c12_final_400_0024,12,400,backdate,424242,0.5,400,268,0.67,19.8536,84.018,183,16.0,0.388905,v2rl310,310,1,1208.9184,90.8648,3.4284769999999996,0.0175,0.06902802491094917
c12_final_400_0025_bd,c12_final_400_0025,12,400,backdate,424242,0.5,400,367,0.9175,23.7759,84.1909,195,33.6069,0.430346,edd,301,1,1753.4592,90.93050000000001,7.065293250000001,0.0425,0.001343772979453206
c12_final_400_0025_bd,c12_final_400_0025,12,400,backdate,424242,0.5,400,367,0.9175,23.7759,84.1909,195,33.6069,0.430346,pfifo,301,1,1753.4592,90.93050000000001,7.065293250000001,0.0425,0.001261004013940692
c12_final_400_0025_bd,c12_final_400_0025,12,400,backdate,424242,0.5,400,367,0.9175,23.7759,84.1909,195,33.6069,0.430346,wspt,301,1,1753.4592,90.93050000000001,6.9760575000000005,0.0425,0.0012892179656773806
c12_final_400_0025_bd,c12_final_400_0025,12,400,backdate,424242,0.5,400,367,0.9175,23.7759,84.1909,195,33.6069,0.430346,atc,301,1,1753.4592,90.93050000000001,7.0515545,0.0425,0.0021941259037703276
c12_final_400_0025_bd,c12_final_400_0025,12,400,backdate,424242,0.5,400,367,0.9175,23.7759,84.1909,195,33.6069,0.430346,wmdd,301,1,1753.4592,90.93050000000001,7.065293250000001,0.0425,0.0016192940529435873
c12_final_400_0025_bd,c12_final_400_0025,12,400,backdate,424242,0.5,400,367,0.9175,23.7759,84.1909,195,33.6069,0.430346,lpt,301,1,1753.4592,90.93050000000001,7.386838,0.0425,0.0012600850313901901
c12_final_400_0025_bd,c12_final_400_0025,12,400,backdate,424242,0.5,400,367,0.9175,23.7759,84.1909,195,33.6069,0.430346,random,301,1,1753.4592,90.93050000000001,7.055872000000001,0.0425,0.0009021189762279391
c12_final_400_0025_bd,c12_final_400_0025,12,400,backdate,424242,0.5,400,367,0.9175,23.7759,84.1909,195,33.6069,0.430346,v2rl301,301,1,1753.4592,90.93050000000001,7.226213,0.0425,0.07321628299541771
c12_final_400_0025_bd,c12_final_400_0025,12,400,backdate,424242,0.5,400,367,0.9175,23.7759,84.1909,195,33.6069,0.430346,v2rl302,302,1,1753.4592,90.93050000000001,7.176213000000001,0.0425,0.07226635899860412
c12_final_400_0025_bd,c12_final_400_0025,12,400,backdate,424242,0.5,400,367,0.9175,23.7759,84.1909,195,33.6069,0.430346,v2rl303,303,1,1753.4592,90.93050000000001,7.218088,0.0425,0.07431029493454844
c12_final_400_0025_bd,c12_final_400_0025,12,400,backdate,424242,0.5,400,367,0.9175,23.7759,84.1909,195,33.6069,0.430346,v2rl304,304,1,1753.4592,90.93050000000001,7.027655500000001,0.0425,0.07271992799360305
c12_final_400_0025_bd,c12_final_400_0025,12,400,backdate,424242,0.5,400,367,0.9175,23.7759,84.1909,195,33.6069,0.430346,v2rl305,305,1,1753.4592,90.93050000000001,7.213713,0.0425,0.06939912808593363
c12_final_400_0025_bd,c12_final_400_0025,12,400,backdate,424242,0.5,400,367,0.9175,23.7759,84.1909,195,33.6069,0.430346,v2rl306,306,1,1753.4592,90.93050000000001,7.218088,0.0425,0.06904716603457928
c12_final_400_0025_bd,c12_final_400_0025,12,400,backdate,424242,0.5,400,367,0.9175,23.7759,84.1909,195,33.6069,0.430346,v2rl307,307,1,1753.4592,90.93050000000001,7.005780499999999,0.0425,0.0688742269994691
c12_final_400_0025_bd,c12_final_400_0025,12,400,backdate,424242,0.5,400,367,0.9175,23.7759,84.1909,195,33.6069,0.430346,v2rl308,308,1,1753.4592,90.93050000000001,7.151213,0.0425,0.06939105200581253
c12_final_400_0025_bd,c12_final_400_0025,12,400,backdate,424242,0.5,400,367,0.9175,23.7759,84.1909,195,33.6069,0.430346,v2rl309,309,1,1753.4592,90.93050000000001,7.218088,0.0425,0.06908164406195283
c12_final_400_0025_bd,c12_final_400_0025,12,400,backdate,424242,0.5,400,367,0.9175,23.7759,84.1909,195,33.6069,0.430346,v2rl310,310,1,1753.4592,90.93050000000001,7.0762262499999995,0.0425,0.06933413189835846
c12_final_400_0026_bd,c12_final_400_0026,12,400,backdate,424242,0.5,400,354,0.885,19.7884,84.994,156,29.9678,0.627269,edd,301,1,5878.2736,116.3587,8.75518575,0.0725,0.0012619560584425926
c12_final_400_0026_bd,c12_final_400_0026,12,400,backdate,424242,0.5,400,354,0.885,19.7884,84.994,156,29.9678,0.627269,pfifo,301,1,5878.2736,116.3587,8.75518575,0.0725,0.0011244779452681541
c12_final_400_0026_bd,c12_final_400_0026,12,400,backdate,424242,0.5,400,354,0.885,19.7884,84.994,156,29.9678,0.627269,wspt,301,1,5878.2736,116.3587,8.75518575,0.0725,0.0011382480151951313
c12_final_400_0026_bd,c12_final_400_0026,12,400,backdate,424242,0.5,400,354,0.885,19.7884,84.994,156,29.9678,0.627269,atc,301,1,5878.2736,116.3587,8.75518575,0.0725,0.0017250729724764824
c12_final_400_0026_bd,c12_final_400_0026,12,400,backdate,424242,0.5,400,354,0.885,19.7884,84.994,156,29.9678,0.627269,wmdd,301,1,5878.2736,116.3587,8.75518575,0.0725,0.0013634919887408614
c12_final_400_0026_bd,c12_final_400_0026,12,400,backdate,424242,0.5,400,354,0.885,19.7884,84.994,156,29.9678,0.627269,lpt,301,1,5878.2736,116.3587,8.76454025,0.0725,0.0011024699779227376
c12_final_400_0026_bd,c12_final_400_0026,12,400,backdate,424242,0.5,400,354,0.885,19.7884,84.994,156,29.9678,0.627269,random,301,1,5878.2736,116.3587,8.75518575,0.0725,0.0009201379725709558
c12_final_400_0026_bd,c12_final_400_0026,12,400,backdate,424242,0.5,400,354,0.885,19.7884,84.994,156,29.9678,0.627269,v2rl301,301,1,5878.2736,116.3587,8.75831075,0.0725,0.07051779003813863
c12_final_400_0026_bd,c12_final_400_0026,12,400,backdate,424242,0.5,400,354,0.885,19.7884,84.994,156,29.9678,0.627269,v2rl302,302,1,5878.2736,116.3587,8.762283250000001,0.0725,0.06954643002245575
c12_final_400_0026_bd,c12_final_400_0026,12,400,backdate,424242,0.5,400,354,0.885,19.7884,84.994,156,29.9678,0.627269,v2rl303,303,1,5878.2736,116.3587,8.762283250000001,0.0725,0.07129246997646987
c12_final_400_0026_bd,c12_final_400_0026,12,400,backdate,424242,0.5,400,354,0.885,19.7884,84.994,156,29.9678,0.627269,v2rl304,304,1,5878.2736,116.3587,8.75518575,0.0725,0.06986978102941066
c12_final_400_0026_bd,c12_final_400_0026,12,400,backdate,424242,0.5,400,354,0.885,19.7884,84.994,156,29.9678,0.627269,v2rl305,305,1,5878.2736,116.3587,8.762283250000001,0.0725,0.06628000002820045
c12_final_400_0026_bd,c12_final_400_0026,12,400,backdate,424242,0.5,400,354,0.885,19.7884,84.994,156,29.9678,0.627269,v2rl306,306,1,5878.2736,116.3587,8.762283250000001,0.0725,0.06542463705409318
c12_final_400_0026_bd,c12_final_400_0026,12,400,backdate,424242,0.5,400,354,0.885,19.7884,84.994,156,29.9678,0.627269,v2rl307,307,1,5878.2736,116.3587,8.75518575,0.0725,0.06523110601119697
c12_final_400_0026_bd,c12_final_400_0026,12,400,backdate,424242,0.5,400,354,0.885,19.7884,84.994,156,29.9678,0.627269,v2rl308,308,1,5878.2736,116.3587,8.756435750000001,0.0725,0.06543424108531326
c12_final_400_0026_bd,c12_final_400_0026,12,400,backdate,424242,0.5,400,354,0.885,19.7884,84.994,156,29.9678,0.627269,v2rl309,309,1,5878.2736,116.3587,8.762283250000001,0.0725,0.06553406198509037
c12_final_400_0026_bd,c12_final_400_0026,12,400,backdate,424242,0.5,400,354,0.885,19.7884,84.994,156,29.9678,0.627269,v2rl310,310,1,5878.2736,116.3587,8.75728325,0.0725,0.06543311197310686
c12_final_400_0027_bd,c12_final_400_0027,12,400,backdate,424242,0.5,400,324,0.81,19.4449,83.8484,267,15.2428,0.919581,edd,301,1,1236.4984,97.8634,7.59702725,0.0325,0.0014856189955025911
c12_final_400_0027_bd,c12_final_400_0027,12,400,backdate,424242,0.5,400,324,0.81,19.4449,83.8484,267,15.2428,0.919581,pfifo,301,1,1236.4984,97.8634,7.59702725,0.0325,0.0014117970131337643
c12_final_400_0027_bd,c12_final_400_0027,12,400,backdate,424242,0.5,400,324,0.81,19.4449,83.8484,267,15.2428,0.919581,wspt,301,1,1349.8591999999999,106.5648,7.130882250000001,0.0325,0.0014602839946746826
c12_final_400_0027_bd,c12_final_400_0027,12,400,backdate,424242,0.5,400,324,0.81,19.4449,83.8484,267,15.2428,0.919581,atc,301,1,1287.0592000000001,103.8648,7.418748000000001,0.03,0.0026602830039337277
c12_final_400_0027_bd,c12_final_400_0027,12,400,backdate,424242,0.5,400,324,0.81,19.4449,83.8484,267,15.2428,0.919581,wmdd,301,1,1272.4984000000002,99.8648,7.55477725,0.0325,0.0019196869106963277
c12_final_400_0027_bd,c12_final_400_0027,12,400,backdate,424242,0.5,400,324,0.81,19.4449,83.8484,267,15.2428,0.919581,lpt,301,1,1364.8719999999998,97.8648,8.3288445,0.035,0.001346723991446197
c12_final_400_0027_bd,c12_final_400_0027,12,400,backdate,424242,0.5,400,324,0.81,19.4449,83.8484,267,15.2428,0.919581,random,301,1,1403.6719999999998,101.8648,7.480601500000001,0.0375,0.0008737170137465
c12_final_400_0027_bd,c12_final_400_0027,12,400,backdate,424242,0.5,400,324,0.81,19.4449,83.8484,267,15.2428,0.919581,v2rl301,301,1,1260.472,97.8648,8.1003775,0.035,0.07806502201128751
c12_final_400_0027_bd,c12_final_400_0027,12,400,backdate,424242,0.5,400,324,0.81,19.4449,83.8484,267,15.2428,0.919581,v2rl302,302,1,1242.4984,98.1148,7.8572524999999995,0.0325,0.07655960705596954
c12_final_400_0027_bd,c12_final_400_0027,12,400,backdate,424242,0.5,400,324,0.81,19.4449,83.8484,267,15.2428,0.919581,v2rl303,303,1,1276.4984,100.8648,7.7222265,0.0325,0.07782802102155983
c12_final_400_0027_bd,c12_final_400_0027,12,400,backdate,424242,0.5,400,324,0.81,19.4449,83.8484,267,15.2428,0.919581,v2rl304,304,1,1250.4984,98.1148,7.6437265000000005,0.0325,0.07464701193384826
c12_final_400_0027_bd,c12_final_400_0027,12,400,backdate,424242,0.5,400,324,0.81,19.4449,83.8484,267,15.2428,0.919581,v2rl305,305,1,1250.4984,98.1148,7.8960025,0.0325,0.0716974149690941
c12_final_400_0027_bd,c12_final_400_0027,12,400,backdate,424242,0.5,400,324,0.81,19.4449,83.8484,267,15.2428,0.919581,v2rl306,306,1,1262.472,98.1148,7.8711275,0.035,0.07150627800729126
c12_final_400_0027_bd,c12_final_400_0027,12,400,backdate,424242,0.5,400,324,0.81,19.4449,83.8484,267,15.2428,0.919581,v2rl307,307,1,1244.4984,98.1148,7.585226500000001,0.0325,0.07086420594714582
c12_final_400_0027_bd,c12_final_400_0027,12,400,backdate,424242,0.5,400,324,0.81,19.4449,83.8484,267,15.2428,0.919581,v2rl308,308,1,1242.4984,97.8648,7.8462525,0.0325,0.07146636699326336
c12_final_400_0027_bd,c12_final_400_0027,12,400,backdate,424242,0.5,400,324,0.81,19.4449,83.8484,267,15.2428,0.919581,v2rl309,309,1,1278.4984,98.1148,7.772002500000001,0.035,0.07115279394201934
c12_final_400_0027_bd,c12_final_400_0027,12,400,backdate,424242,0.5,400,324,0.81,19.4449,83.8484,267,15.2428,0.919581,v2rl310,310,1,1244.4984,97.8648,7.6704764999999995,0.0325,0.07262349093798548
c12_final_400_0028_bd,c12_final_400_0028,12,400,backdate,424242,0.5,400,348,0.87,12.7524,83.916,89,32.0,0.359806,edd,301,1,3251.9184,113.0996,5.353912,0.0625,0.001095465966500342
c12_final_400_0028_bd,c12_final_400_0028,12,400,backdate,424242,0.5,400,348,0.87,12.7524,83.916,89,32.0,0.359806,pfifo,301,1,3251.9184,113.0996,5.353912,0.0625,0.0010076339822262526
c12_final_400_0028_bd,c12_final_400_0028,12,400,backdate,424242,0.5,400,348,0.87,12.7524,83.916,89,32.0,0.359806,wspt,301,1,3251.9184,113.0996,5.353912,0.0625,0.0010325589682906866
c12_final_400_0028_bd,c12_final_400_0028,12,400,backdate,424242,0.5,400,348,0.87,12.7524,83.916,89,32.0,0.359806,atc,301,1,3251.9184,113.0996,5.353912,0.0625,0.001341940020211041
c12_final_400_0028_bd,c12_final_400_0028,12,400,backdate,424242,0.5,400,348,0.87,12.7524,83.916,89,32.0,0.359806,wmdd,301,1,3251.9184,113.0996,5.353912,0.0625,0.0010991590097546577
c12_final_400_0028_bd,c12_final_400_0028,12,400,backdate,424242,0.5,400,348,0.87,12.7524,83.916,89,32.0,0.359806,lpt,301,1,3251.9184,113.0996,5.353912,0.0625,0.000993313966318965
c12_final_400_0028_bd,c12_final_400_0028,12,400,backdate,424242,0.5,400,348,0.87,12.7524,83.916,89,32.0,0.359806,random,301,1,3251.9184,113.0996,5.353912,0.0625,0.0009175159502774477
c12_final_400_0028_bd,c12_final_400_0028,12,400,backdate,424242,0.5,400,348,0.87,12.7524,83.916,89,32.0,0.359806,v2rl301,301,1,3251.9184,113.0996,5.353912,0.0625,0.06830692198127508
c12_final_400_0028_bd,c12_final_400_0028,12,400,backdate,424242,0.5,400,348,0.87,12.7524,83.916,89,32.0,0.359806,v2rl302,302,1,3251.9184,113.0996,5.353912,0.0625,0.06894979393109679
c12_final_400_0028_bd,c12_final_400_0028,12,400,backdate,424242,0.5,400,348,0.87,12.7524,83.916,89,32.0,0.359806,v2rl303,303,1,3251.9184,113.0996,5.353912,0.0625,0.07023961399681866
c12_final_400_0028_bd,c12_final_400_0028,12,400,backdate,424242,0.5,400,348,0.87,12.7524,83.916,89,32.0,0.359806,v2rl304,304,1,3251.9184,113.0996,5.353912,0.0625,0.06646030198317021
c12_final_400_0028_bd,c12_final_400_0028,12,400,backdate,424242,0.5,400,348,0.87,12.7524,83.916,89,32.0,0.359806,v2rl305,305,1,3251.9184,113.0996,5.353912,0.0625,0.06487635802477598
c12_final_400_0028_bd,c12_final_400_0028,12,400,backdate,424242,0.5,400,348,0.87,12.7524,83.916,89,32.0,0.359806,v2rl306,306,1,3251.9184,113.0996,5.353912,0.0625,0.06497601501177996
c12_final_400_0028_bd,c12_final_400_0028,12,400,backdate,424242,0.5,400,348,0.87,12.7524,83.916,89,32.0,0.359806,v2rl307,307,1,3251.9184,113.0996,5.353912,0.0625,0.06476443691644818
c12_final_400_0028_bd,c12_final_400_0028,12,400,backdate,424242,0.5,400,348,0.87,12.7524,83.916,89,32.0,0.359806,v2rl308,308,1,3251.9184,113.0996,5.353912,0.0625,0.064963125041686
c12_final_400_0028_bd,c12_final_400_0028,12,400,backdate,424242,0.5,400,348,0.87,12.7524,83.916,89,32.0,0.359806,v2rl309,309,1,3251.9184,113.0996,5.353912,0.0625,0.06464936304837465
c12_final_400_0028_bd,c12_final_400_0028,12,400,backdate,424242,0.5,400,348,0.87,12.7524,83.916,89,32.0,0.359806,v2rl310,310,1,3251.9184,113.0996,5.353912,0.0625,0.06542281294241548
c12_final_400_0029_bd,c12_final_400_0029,12,400,backdate,424242,0.5,400,354,0.885,22.0713,85.1383,202,32.2964,0.500625,edd,301,1,858.6472,105.2531,7.89597075,0.03,0.0013553060125559568
c12_final_400_0029_bd,c12_final_400_0029,12,400,backdate,424242,0.5,400,354,0.885,22.0713,85.1383,202,32.2964,0.500625,pfifo,301,1,858.6472,105.2531,7.89597075,0.03,0.0012057189596816897
c12_final_400_0029_bd,c12_final_400_0029,12,400,backdate,424242,0.5,400,354,0.885,22.0713,85.1383,202,32.2964,0.500625,wspt,301,1,862.6472,105.2531,7.742978000000001,0.0325,0.0011966530000790954
c12_final_400_0029_bd,c12_final_400_0029,12,400,backdate,424242,0.5,400,354,0.885,22.0713,85.1383,202,32.2964,0.500625,atc,301,1,860.6472,105.2531,7.76674625,0.03,0.0018575969152152538
c12_final_400_0029_bd,c12_final_400_0029,12,400,backdate,424242,0.5,400,354,0.885,22.0713,85.1383,202,32.2964,0.500625,wmdd,301,1,858.6472,105.2531,7.89597075,0.03,0.0014276040019467473
c12_final_400_0029_bd,c12_final_400_0029,12,400,backdate,424242,0.5,400,354,0.885,22.0713,85.1383,202,32.2964,0.500625,lpt,301,1,858.6472,105.2531,8.213542,0.03,0.0011511510238051414
c12_final_400_0029_bd,c12_final_400_0029,12,400,backdate,424242,0.5,400,354,0.885,22.0713,85.1383,202,32.2964,0.500625,random,301,1,862.6472,105.2531,7.893959749999999,0.03,0.0009229059796780348
c12_final_400_0029_bd,c12_final_400_0029,12,400,backdate,424242,0.5,400,354,0.885,22.0713,85.1383,202,32.2964,0.500625,v2rl301,301,1,857.6472,105.2531,8.031578,0.03,0.07326171500608325
c12_final_400_0029_bd,c12_final_400_0029,12,400,backdate,424242,0.5,400,354,0.885,22.0713,85.1383,202,32.2964,0.500625,v2rl302,302,1,858.6472,105.2531,8.0401225,0.03,0.0736775150289759
c12_final_400_0029_bd,c12_final_400_0029,12,400,backdate,424242,0.5,400,354,0.885,22.0713,85.1383,202,32.2964,0.500625,v2rl303,303,1,858.6472,105.2531,8.0076225,0.03,0.07169349596370012
c12_final_400_0029_bd,c12_final_400_0029,12,400,backdate,424242,0.5,400,354,0.885,22.0713,85.1383,202,32.2964,0.500625,v2rl304,304,1,858.6472,105.2531,7.935443499999999,0.03,0.06763913796748966
c12_final_400_0029_bd,c12_final_400_0029,12,400,backdate,424242,0.5,400,354,0.885,22.0713,85.1383,202,32.2964,0.500625,v2rl305,305,1,858.6472,105.2531,8.0301225,0.03,0.06721726106479764
c12_final_400_0029_bd,c12_final_400_0029,12,400,backdate,424242,0.5,400,354,0.885,22.0713,85.1383,202,32.2964,0.500625,v2rl306,306,1,858.6472,105.2531,8.0401225,0.03,0.06710471608676016
c12_final_400_0029_bd,c12_final_400_0029,12,400,backdate,424242,0.5,400,354,0.885,22.0713,85.1383,202,32.2964,0.500625,v2rl307,307,1,858.6472,105.2531,7.93080975,0.03,0.06693479197565466
c12_final_400_0029_bd,c12_final_400_0029,12,400,backdate,424242,0.5,400,354,0.885,22.0713,85.1383,202,32.2964,0.500625,v2rl308,308,1,854.6472,105.2531,7.951119,0.03,0.06705241301096976
c12_final_400_0029_bd,c12_final_400_0029,12,400,backdate,424242,0.5,400,354,0.885,22.0713,85.1383,202,32.2964,0.500625,v2rl309,309,1,858.6472,105.2531,8.0288725,0.03,0.0673881999682635
c12_final_400_0029_bd,c12_final_400_0029,12,400,backdate,424242,0.5,400,354,0.885,22.0713,85.1383,202,32.2964,0.500625,v2rl310,310,1,858.6472,105.2531,8.0152485,0.03,0.06805959297344089
